GEO_ID,NAME,DP04_0001E,DP04_0002E,DP04_0003E,DP04_0003PE,DP04_0051E,DP04_0052E,DP04_0089E,DP04_0134E
0500000US01001,"Autauga County, Alabama",24731,22523,2208,8.9,1499,4859,197900,1200
0500000US01003,"Baldwin County, Alabama",128518,94642,33876,26.4,10888,24267,287000,1211
0500000US01005,"Barbour County, Alabama",11702,9080,2622,22.4,619,1674,109900,644
0500000US01007,"Bibb County, Alabama",9090,7571,1519,16.7,531,1215,132600,802
0500000US01009,"Blount County, Alabama",24793,21977,2816,11.4,1519,3351,169700,743
0500000US01011,"Bullock County, Alabama",4554,3453,1101,24.2,163,652,79400,635
0500000US01013,"Butler County, Alabama",9841,7262,2579,26.2,309,1324,99700,722
0500000US01015,"Calhoun County, Alabama",53271,45125,8146,15.3,3883,9130,149500,804
0500000US01017,"Chambers County, Alabama",16427,13419,3008,18.3,860,3021,129700,850
0500000US01019,"Cherokee County, Alabama",14663,10477,4186,28.5,587,1935,165900,750
0500000US01021,"Chilton County, Alabama",19702,17554,2148,10.9,1126,3118,142300,855
0500000US01023,"Choctaw County, Alabama",7164,5174,1990,27.8,301,612,111800,653
0500000US01025,"Clarke County, Alabama",11727,8452,3275,27.9,415,1395,126400,785
0500000US01027,"Clay County, Alabama",7072,5765,1307,18.5,310,1216,144700,624
0500000US01029,"Cleburne County, Alabama",6853,5849,1004,14.7,329,854,144200,792
0500000US01031,"Coffee County, Alabama",24399,20860,3539,14.5,2115,5350,180300,970
0500000US01033,"Colbert County, Alabama",27887,24217,3670,13.2,2022,4785,161600,838
0500000US01035,"Conecuh County, Alabama",6444,4528,1916,29.7,316,643,101300,781
0500000US01037,"Coosa County, Alabama",6042,4201,1841,30.5,339,582,111800,682
0500000US01039,"Covington County, Alabama",18676,14495,4181,22.4,799,2181,142500,736
0500000US01041,"Crenshaw County, Alabama",6562,5075,1487,22.7,275,918,108400,664
0500000US01043,"Cullman County, Alabama",39538,34543,4995,12.6,3364,7238,180500,883
0500000US01045,"Dale County, Alabama",22910,19769,3141,13.7,2230,4560,129100,863
0500000US01047,"Dallas County, Alabama",18949,15416,3533,18.6,1350,2017,97400,749
0500000US01049,"DeKalb County, Alabama",30853,25946,4907,15.9,1629,4517,135500,683
0500000US01051,"Elmore County, Alabama",37085,32529,4556,12.3,3316,7185,213600,1014
0500000US01053,"Escambia County, Alabama",16759,12781,3978,23.7,594,2283,122700,709
0500000US01055,"Etowah County, Alabama",47487,39160,8327,17.5,3228,7288,160600,807
0500000US01057,"Fayette County, Alabama",7798,6051,1747,22.4,338,740,121200,622
0500000US01059,"Franklin County, Alabama",13965,11593,2372,17.0,587,1926,128000,667
0500000US01061,"Geneva County, Alabama",12555,10550,2005,16.0,513,1976,120200,757
0500000US01063,"Greene County, Alabama",4258,3037,1221,28.7,162,318,86400,429
0500000US01065,"Hale County, Alabama",7514,5541,1973,26.3,465,883,126300,723
0500000US01067,"Henry County, Alabama",9151,6684,2467,27.0,361,1321,147800,770
0500000US01069,"Houston County, Alabama",49774,42581,7193,14.5,4546,9918,178000,905
0500000US01071,"Jackson County, Alabama",24797,21186,3611,14.6,1463,4071,145800,762
0500000US01073,"Jefferson County, Alabama",309542,268911,40631,13.1,30254,65422,224900,1132
0500000US01075,"Lamar County, Alabama",7107,4987,2120,29.8,214,760,112700,548
0500000US01077,"Lauderdale County, Alabama",44801,38777,6024,13.4,3581,8728,185800,799
0500000US01079,"Lawrence County, Alabama",15317,13145,2172,14.2,559,2204,150700,708
0500000US01081,"Lee County, Alabama",77509,67944,9565,12.3,9545,17698,238700,999
0500000US01083,"Limestone County, Alabama",43487,40021,3466,8.0,4048,8824,255100,908
0500000US01085,"Lowndes County, Alabama",4827,4161,666,13.8,142,470,80600,663
0500000US01087,"Macon County, Alabama",9664,7151,2513,26.0,471,1020,95700,709
0500000US01089,"Madison County, Alabama",174709,162469,12240,7.0,17760,42282,267800,1116
0500000US01091,"Marengo County, Alabama",9837,7615,2222,22.6,611,1245,103400,722
0500000US01093,"Marion County, Alabama",14156,10874,3282,23.2,966,1869,104300,583
0500000US01095,"Marshall County, Alabama",41531,35963,5568,13.4,2886,7464,183400,765
0500000US01097,"Mobile County, Alabama",185413,160507,24906,13.4,15073,35635,176600,1021
0500000US01099,"Monroe County, Alabama",10193,7396,2797,27.4,352,1408,114900,721
0500000US01101,"Montgomery County, Alabama",105799,90785,15014,14.2,9969,23423,160100,1061
0500000US01103,"Morgan County, Alabama",53569,48752,4817,9.0,3643,10627,193000,835
0500000US01105,"Perry County, Alabama",3961,3195,766,19.3,224,602,87700,610
0500000US01107,"Pickens County, Alabama",8726,6946,1780,20.4,367,917,123300,600
0500000US01109,"Pike County, Alabama",16124,12605,3519,21.8,1122,3079,149000,855
0500000US01111,"Randolph County, Alabama",12461,9127,3334,26.8,679,1849,184000,646
0500000US01113,"Russell County, Alabama",27531,23784,3747,13.6,2148,6170,152300,898
0500000US01115,"St. Clair County, Alabama",38667,34477,4190,10.8,3003,7450,218500,1077
0500000US01117,"Shelby County, Alabama",90805,85414,5391,5.9,8365,20311,298700,1348
0500000US01119,"Sumter County, Alabama",6329,4765,1564,24.7,222,735,84100,841
0500000US01121,"Talladega County, Alabama",38285,32889,5396,14.1,2371,5769,137900,772
0500000US01123,"Tallapoosa County, Alabama",22967,16548,6419,27.9,959,3359,144800,734
0500000US01125,"Tuscaloosa County, Alabama",102935,87289,15646,15.2,10164,21421,233700,997
0500000US01127,"Walker County, Alabama",30230,24843,5387,17.8,1614,4516,131100,743
0500000US01129,"Washington County, Alabama",7774,5678,2096,27.0,309,732,152800,628
0500000US01131,"Wilcox County, Alabama",5314,3693,1621,30.5,84,379,84200,699
0500000US01133,"Winston County, Alabama",13111,9328,3783,28.9,676,1916,110500,744
0500000US02013,"Aleutians East Borough, Alaska",1174,998,176,15.0,63,159,144300,1040
0500000US02016,"Aleutians West Census Area, Alaska",1391,977,414,29.8,93,281,419100,1886
0500000US02020,"Anchorage Municipality, Alaska",119717,107868,11849,9.9,13684,28924,375900,1453
0500000US02050,"Bethel Census Area, Alaska",6009,4661,1348,22.4,397,1065,120600,1454
0500000US02060,"Bristol Bay Borough, Alaska",831,283,548,65.9,34,51,269800,1318
0500000US02063,"Chugach Census Area, Alaska",3745,2679,1066,28.5,241,667,330900,1397
0500000US02066,"Copper River Census Area, Alaska",2597,1146,1451,55.9,153,252,246700,973
0500000US02068,"Denali Borough, Alaska",1306,533,773,59.2,83,51,262000,938
0500000US02070,"Dillingham Census Area, Alaska",2416,1383,1033,42.8,106,247,163800,1085
0500000US02090,"Fairbanks North Star Borough, Alaska",42695,36176,6519,15.3,5454,9590,282500,1424
0500000US02100,"Haines Borough, Alaska",1401,899,502,35.8,70,180,318900,914
0500000US02105,"Hoonah-Angoon Census Area, Alaska",1741,922,819,47.0,72,101,278300,986
0500000US02110,"Juneau City and Borough, Alaska",14170,13138,1032,7.3,1149,3451,432500,1462
0500000US02122,"Kenai Peninsula Borough, Alaska",32707,23902,8805,26.9,2132,5047,297500,1163
0500000US02130,"Ketchikan Gateway Borough, Alaska",6659,5621,1038,15.6,405,1231,379000,1388
0500000US02150,"Kodiak Island Borough, Alaska",5840,4608,1232,21.1,696,1318,382700,1669
0500000US02158,"Kusilvak Census Area, Alaska",2341,1891,450,19.2,162,209,72700,832
0500000US02164,"Lake and Peninsula Borough, Alaska",1355,322,1033,76.2,19,57,166100,933
0500000US02170,"Matanuska-Susitna Borough, Alaska",50922,39682,11240,22.1,4018,9722,319200,1258
0500000US02180,"Nome Census Area, Alaska",4109,2786,1323,32.2,230,566,201000,1328
0500000US02185,"North Slope Borough, Alaska",2640,2205,435,16.5,201,448,219600,1167
0500000US02188,"Northwest Arctic Borough, Alaska",2744,1817,927,33.8,163,353,162500,1336
0500000US02195,"Petersburg Borough, Alaska",1871,1319,552,29.5,57,282,301300,1208
0500000US02198,"Prince of Wales-Hyder Census Area, Alaska",3237,2348,889,27.5,171,313,221800,915
0500000US02220,"Sitka City and Borough, Alaska",4167,3503,664,15.9,393,829,442100,1350
0500000US02230,"Skagway Municipality, Alaska",656,451,205,31.3,40,81,430000,1228
0500000US02240,"Southeast Fairbanks Census Area, Alaska",3520,2311,1209,34.3,160,503,262800,1304
0500000US02275,"Wrangell City and Borough, Alaska",1300,912,388,29.8,70,183,289700,1047
0500000US02282,"Yakutat City and Borough, Alaska",391,207,184,47.1,13,44,185000,1276
0500000US02290,"Yukon-Koyukuk Census Area, Alaska",3958,2317,1641,41.5,147,433,87800,893
0500000US04001,"Apache County, Arizona",29001,20439,8562,29.5,1029,2115,68500,647
0500000US04003,"Cochise County, Arizona",59312,50476,8836,14.9,5051,12795,207400,939
0500000US04005,"Coconino County, Arizona",69907,53642,16265,23.3,7298,13768,413200,1406
0500000US04007,"Gila County, Arizona",32614,23253,9361,28.7,2360,4935,247000,1001
0500000US04009,"Graham County, Arizona",13941,12460,1481,10.6,1032,2895,202700,890
0500000US04011,"Greenlee County, Arizona",4422,3444,978,22.1,284,535,136300,570
0500000US04012,"La Paz County, Arizona",13653,8887,4766,34.9,814,1914,117600,735
0500000US04013,"Maricopa County, Arizona",1850862,1697342,153520,8.3,203496,482637,414700,1587
0500000US04015,"Mohave County, Arizona",119593,96899,22694,19.0,9484,23310,253200,1047
0500000US04017,"Navajo County, Arizona",56946,39171,17775,31.2,3070,7755,186100,832
0500000US04019,"Pima County, Arizona",475378,430965,44413,9.3,50962,114707,286900,1154
0500000US04021,"Pinal County, Arizona",179861,157193,22668,12.6,17513,45275,312100,1417
0500000US04023,"Santa Cruz County, Arizona",18997,16816,2181,11.5,1374,3740,216100,781
0500000US04025,"Yavapai County, Arizona",124032,108900,15132,12.2,11537,26990,392900,1258
0500000US04027,"Yuma County, Arizona",93924,76903,17021,18.1,8952,21064,195700,983
0500000US05001,"Arkansas County, Arkansas",8697,6587,2110,24.3,661,1385,129400,799
0500000US05003,"Ashley County, Arkansas",9401,7199,2202,23.4,747,1039,88800,640
0500000US05005,"Baxter County, Arkansas",22836,19289,3547,15.5,2235,3971,165400,866
0500000US05007,"Benton County, Arkansas",118496,107667,10829,9.1,13578,29645,285100,1193
0500000US05009,"Boone County, Arkansas",17395,15232,2163,12.4,1338,3435,169300,715
0500000US05011,"Bradley County, Arkansas",5082,3600,1482,29.2,236,644,97000,638
0500000US05013,"Calhoun County, Arkansas",2468,1584,884,35.8,56,212,97300,822
0500000US05015,"Carroll County, Arkansas",13916,11106,2810,20.2,653,2152,186300,818
0500000US05017,"Chicot County, Arkansas",5114,3919,1195,23.4,299,637,90500,661
0500000US05019,"Clark County, Arkansas",10012,8147,1865,18.6,1100,2272,147100,734
0500000US05021,"Clay County, Arkansas",7499,6116,1383,18.4,637,1006,88100,696
0500000US05023,"Cleburne County, Arkansas",15641,10458,5183,33.1,820,1934,174600,853
0500000US05025,"Cleveland County, Arkansas",3598,2793,805,22.4,187,298,123400,635
0500000US05027,"Columbia County, Arkansas",11032,8361,2671,24.2,992,1619,141700,631
0500000US05029,"Conway County, Arkansas",9681,8303,1378,14.2,647,1841,137000,721
0500000US05031,"Craighead County, Arkansas",47983,43357,4626,9.6,5902,11631,198700,930
0500000US05033,"Crawford County, Arkansas",25509,22994,2515,9.9,1876,4968,170000,828
0500000US05035,"Crittenden County, Arkansas",21367,18338,3029,14.2,1505,4730,155100,883
0500000US05037,"Cross County, Arkansas",7581,6524,1057,13.9,540,1603,104000,797
0500000US05039,"Dallas County, Arkansas",3490,2425,1065,30.5,136,454,98200,626
0500000US05041,"Desha County, Arkansas",5812,4750,1062,18.3,441,986,89100,689
0500000US05043,"Drew County, Arkansas",8292,7004,1288,15.5,779,1829,127800,712
0500000US05045,"Faulkner County, Arkansas",52862,48866,3996,7.6,6793,13967,211300,980
0500000US05047,"Franklin County, Arkansas",7751,6878,873,11.3,559,1426,118800,717
0500000US05049,"Fulton County, Arkansas",6218,4808,1410,22.7,372,851,107200,596
0500000US05051,"Garland County, Arkansas",52570,43762,8808,16.8,4688,10042,176400,942
0500000US05053,"Grant County, Arkansas",7907,6955,952,12.0,592,1193,154500,779
0500000US05055,"Greene County, Arkansas",19420,17926,1494,7.7,2086,4734,162200,852
0500000US05057,"Hempstead County, Arkansas",9638,7454,2184,22.7,621,1342,100200,781
0500000US05059,"Hot Spring County, Arkansas",14259,12101,2158,15.1,889,2413,127900,763
0500000US05061,"Howard County, Arkansas",6162,5169,993,16.1,238,959,135400,702
0500000US05063,"Independence County, Arkansas",16740,14515,2225,13.3,1439,3159,120500,814
0500000US05065,"Izard County, Arkansas",6749,5027,1722,25.5,339,1145,122100,626
0500000US05067,"Jackson County, Arkansas",7106,6094,1012,14.2,649,1252,87300,662
0500000US05069,"Jefferson County, Arkansas",30710,24334,6376,20.8,2318,5202,106000,849
0500000US05071,"Johnson County, Arkansas",11523,10047,1476,12.8,946,1922,124800,714
0500000US05073,"Lafayette County, Arkansas",3940,2564,1376,34.9,121,434,74600,711
0500000US05075,"Lawrence County, Arkansas",7585,6437,1148,15.1,385,1519,91100,715
0500000US05077,"Lee County, Arkansas",3707,2641,1066,28.8,115,631,77900,638
0500000US05079,"Lincoln County, Arkansas",4398,3518,880,20.0,359,371,106100,672
0500000US05081,"Little River County, Arkansas",6071,4790,1281,21.1,386,988,113400,812
0500000US05083,"Logan County, Arkansas",9762,8484,1278,13.1,626,1547,126900,721
0500000US05085,"Lonoke County, Arkansas",30566,27817,2749,9.0,2800,6371,184100,961
0500000US05087,"Madison County, Arkansas",7699,6381,1318,17.1,345,1330,157800,727
0500000US05089,"Marion County, Arkansas",9623,7296,2327,24.2,363,1505,158400,792
0500000US05091,"Miller County, Arkansas",19810,16311,3499,17.7,1544,3570,148200,882
0500000US05093,"Mississippi County, Arkansas",19126,15381,3745,19.6,1726,3174,115800,797
0500000US05095,"Monroe County, Arkansas",3843,2819,1024,26.6,224,631,82200,603
0500000US05097,"Montgomery County, Arkansas",5469,3752,1717,31.4,390,598,136000,734
0500000US05099,"Nevada County, Arkansas",4318,3402,916,21.2,312,716,85700,841
0500000US05101,"Newton County, Arkansas",4107,3049,1058,25.8,185,510,178800,629
0500000US05103,"Ouachita County, Arkansas",11870,8590,3280,27.6,696,1573,99600,714
0500000US05105,"Perry County, Arkansas",4952,3840,1112,22.5,259,626,129300,734
0500000US05107,"Phillips County, Arkansas",8386,6179,2207,26.3,604,983,76200,756
0500000US05109,"Pike County, Arkansas",5319,4120,1199,22.5,300,747,115400,671
0500000US05111,"Poinsett County, Arkansas",10418,9031,1387,13.3,870,2051,101200,647
0500000US05113,"Polk County, Arkansas",9647,7884,1763,18.3,577,1569,122600,699
0500000US05115,"Pope County, Arkansas",27033,24073,2960,10.9,2799,5594,161700,855
0500000US05117,"Prairie County, Arkansas",4093,3261,832,20.3,161,453,87500,637
0500000US05119,"Pulaski County, Arkansas",192085,169453,22632,11.8,20762,45728,199600,1036
0500000US05121,"Randolph County, Arkansas",8620,7071,1549,18.0,605,1438,118100,671
0500000US05123,"St. Francis County, Arkansas",9583,7881,1702,17.8,631,1970,87700,791
0500000US05125,"Saline County, Arkansas",52468,49589,2879,5.5,5016,11336,211700,980
0500000US05127,"Scott County, Arkansas",4873,3927,946,19.4,264,737,110900,736
0500000US05129,"Searcy County, Arkansas",4721,3052,1669,35.4,178,473,108100,596
0500000US05131,"Sebastian County, Arkansas",57197,51951,5246,9.2,7066,13394,166000,854
0500000US05133,"Sevier County, Arkansas",6768,5697,1071,15.8,341,1035,111700,725
0500000US05135,"Sharp County, Arkansas",9515,6810,2705,28.4,553,1491,94600,648
0500000US05137,"Stone County, Arkansas",6820,4962,1858,27.2,571,750,149400,717
0500000US05139,"Union County, Arkansas",18663,15125,3538,19.0,1123,2550,114700,825
0500000US05141,"Van Buren County, Arkansas",9724,7115,2609,26.8,540,1127,122300,727
0500000US05143,"Washington County, Arkansas",103174,95467,7707,7.5,13186,27946,266000,1005
0500000US05145,"White County, Arkansas",33622,28945,4677,13.9,2977,6824,159600,806
0500000US05147,"Woodruff County, Arkansas",3272,2753,519,15.9,216,578,96800,595
0500000US05149,"Yell County, Arkansas",9300,8053,1247,13.4,672,1608,131300,653
0500000US06001,"Alameda County, California",630726,593117,37609,6.0,64075,122963,1057400,2318
0500000US06003,"Alpine County, California",1587,473,1114,70.2,32,54,466100,-
0500000US06005,"Amador County, California",18919,16066,2853,15.1,1424,3432,422800,1380
0500000US06007,"Butte County, California",91176,82345,8831,9.7,10734,22192,408700,1369
0500000US06009,"Calaveras County, California",27579,17897,9682,35.1,1400,3089,441800,1615
0500000US06011,"Colusa County, California",8157,7466,691,8.5,382,1464,375100,1139
0500000US06013,"Contra Costa County, California",426585,411662,14923,3.5,35824,78730,830800,2322
0500000US06015,"Del Norte County, California",11156,9621,1535,13.8,745,1737,319600,1182
0500000US06017,"El Dorado County, California",94258,75719,18539,19.7,5579,16401,640500,1626
0500000US06019,"Fresno County, California",342003,322163,19840,5.8,27269,75473,362600,1300
0500000US06021,"Glenn County, California",10973,9763,1210,11.0,737,2050,338400,1103
0500000US06023,"Humboldt County, California",62625,54878,7747,12.4,5665,12260,418800,1249
0500000US06025,"Imperial County, California",57511,48844,8667,15.1,3364,10279,279500,1012
0500000US06027,"Inyo County, California",9500,7923,1577,16.6,655,1726,338400,1140
0500000US06029,"Kern County, California",304481,281416,23065,7.6,24594,68808,310600,1220
0500000US06031,"Kings County, California",46695,43736,2959,6.3,4283,10657,305700,1228
0500000US06033,"Lake County, California",34271,26364,7907,23.1,2273,5351,316800,1292
0500000US06035,"Lassen County, California",12232,9060,3172,25.9,818,2025,259500,1043
0500000US06037,"Los Angeles County, California",3624084,3390254,233830,6.5,301548,672187,783300,1893
0500000US06039,"Madera County, California",50368,44513,5855,11.6,3434,8334,367700,1307
0500000US06041,"Marin County, California",111860,103201,8659,7.7,8898,17984,1390000,2584
0500000US06043,"Mariposa County, California",9796,7515,2281,23.3,495,1535,358000,1268
0500000US06045,"Mendocino County, California",41495,34570,6925,16.7,2608,6417,486000,1325
0500000US06047,"Merced County, California",89610,84605,5005,5.6,5982,19990,368400,1284
0500000US06049,"Modoc County, California",4774,3264,1510,31.6,228,783,212000,818
0500000US06051,"Mono County, California",13632,5521,8111,59.5,329,1066,514300,1593
0500000US06053,"Monterey County, California",144659,132046,12613,8.7,11758,26941,723100,1995
0500000US06055,"Napa County, California",55601,49663,5938,10.7,4487,8920,838800,2141
0500000US06057,"Nevada County, California",53981,41873,12108,22.4,3544,8018,602800,1635
0500000US06059,"Orange County, California",1138473,1074654,63819,5.6,104357,240593,915500,2352
0500000US06061,"Placer County, California",176233,155422,20811,11.8,15370,33630,658800,1991
0500000US06063,"Plumas County, California",15037,8055,6982,46.4,329,1408,327400,1034
0500000US06065,"Riverside County, California",860042,762234,97808,11.4,65701,173692,510300,1814
0500000US06067,"Sacramento County, California",593616,568223,25393,4.3,52018,140047,498900,1702
0500000US06069,"San Benito County, California",20937,20188,749,3.6,1804,3823,751500,1922
0500000US06071,"San Bernardino County, California",738535,668004,70531,9.6,57390,149209,475000,1706
0500000US06073,"San Diego County, California",1240607,1159822,80785,6.5,125362,287144,791600,2154
0500000US06075,"San Francisco County, California",411542,362650,48892,11.9,51944,73697,1380500,2419
0500000US06077,"San Joaquin County, California",256826,241373,15453,6.0,19971,52598,494500,1633
0500000US06079,"San Luis Obispo County, California",124871,108897,15974,12.8,11724,24601,777200,1899
0500000US06081,"San Mateo County, California",285558,264424,21134,7.4,26697,51385,1494500,2893
0500000US06083,"Santa Barbara County, California",159766,148960,10806,6.8,14138,33886,735700,2050
0500000US06085,"Santa Clara County, California",694209,654467,39742,5.7,81505,141435,1382800,2814
0500000US06087,"Santa Cruz County, California",106635,96873,9762,9.2,9476,17985,1015200,2172
0500000US06089,"Shasta County, California",79748,71473,8275,10.4,6362,16997,347200,1267
0500000US06091,"Sierra County, California",2099,1206,893,42.5,18,146,334100,1181
0500000US06093,"Siskiyou County, California",23066,18907,4159,18.0,1394,3864,284500,1043
0500000US06095,"Solano County, California",163455,155800,7655,4.7,13385,34783,589600,2088
0500000US06097,"Sonoma County, California",206319,190498,15821,7.7,17015,37450,779000,2093
0500000US06099,"Stanislaus County, California",184240,176457,7783,4.2,13648,36663,426600,1528
0500000US06101,"Sutter County, California",34681,33240,1441,4.2,2566,7911,399400,1364
0500000US06103,"Tehama County, California",27456,24526,2930,10.7,1849,5674,315600,1159
0500000US06105,"Trinity County, California",8122,5373,2749,33.8,386,1137,329000,922
0500000US06107,"Tulare County, California",152542,142026,10516,6.9,11391,33239,303000,1206
0500000US06109,"Tuolumne County, California",31491,22809,8682,27.6,1561,4315,406200,1247
0500000US06111,"Ventura County, California",294651,278045,16606,5.6,21868,53918,768400,2248
0500000US06113,"Yolo County, California",81543,76640,4903,6.0,8748,19280,593800,1757
0500000US06115,"Yuba County, California",30089,28063,2026,6.7,2552,7134,380000,1209
0500000US08001,"Adams County, Colorado",191765,184964,6801,3.5,21234,47862,458400,1713
0500000US08003,"Alamosa County, Colorado",7148,6570,578,8.1,989,1584,218800,904
0500000US08005,"Arapahoe County, Colorado",265980,253890,12090,4.5,32489,65609,526000,1812
0500000US08007,"Archuleta County, Colorado",9710,5904,3806,39.2,679,1380,451400,1409
0500000US08009,"Baca County, Colorado",1986,1593,393,19.8,94,287,122000,490
0500000US08011,"Bent County, Colorado",2163,1875,288,13.3,150,444,137900,854
0500000US08013,"Boulder County, Colorado",142809,135230,7579,5.3,18598,36372,713900,1893
0500000US08014,"Broomfield County, Colorado",32261,30921,1340,4.2,4549,8212,631600,2074
0500000US08015,"Chaffee County, Colorado",11315,9195,2120,18.7,937,2365,598500,1514
0500000US08017,"Cheyenne County, Colorado",965,751,214,22.2,69,106,187100,862
0500000US08019,"Clear Creek County, Colorado",5768,4512,1256,21.8,271,891,572800,1230
0500000US08021,"Conejos County, Colorado",4058,3112,946,23.3,154,445,162100,724
0500000US08023,"Costilla County, Colorado",2418,1574,844,34.9,140,291,171300,857
0500000US08025,"Crowley County, Colorado",1535,1333,202,13.2,63,199,106700,976
0500000US08027,"Custer County, Colorado",4349,2448,1901,43.7,294,575,358800,1021
0500000US08029,"Delta County, Colorado",14931,12648,2283,15.3,1049,2792,318000,1080
0500000US08031,"Denver County, Colorado",352593,329578,23015,6.5,59262,102991,586700,1770
0500000US08033,"Dolores County, Colorado",1640,1238,402,24.5,61,199,231900,1688
0500000US08035,"Douglas County, Colorado",140542,136130,4412,3.1,16904,36658,674000,2095
0500000US08037,"Eagle County, Colorado",33455,20911,12544,37.5,1704,4718,814700,2032
0500000US08039,"Elbert County, Colorado",10193,9657,536,5.3,780,1663,664600,1436
0500000US08041,"El Paso County, Colorado",296753,283174,13579,4.6,38700,81983,431000,1609
0500000US08043,"Fremont County, Colorado",20449,17695,2754,13.5,1899,3855,282100,1036
0500000US08045,"Garfield County, Colorado",24640,23071,1569,6.4,2898,5620,490600,1515
0500000US08047,"Gilpin County, Colorado",3706,3076,630,17.0,209,553,512600,1340
0500000US08049,"Grand County, Colorado",17037,6460,10577,62.1,567,1244,507200,1451
0500000US08051,"Gunnison County, Colorado",12348,7903,4445,36.0,778,2204,597200,1191
0500000US08053,"Hinsdale County, Colorado",1384,473,911,65.8,45,141,438800,1099
0500000US08055,"Huerfano County, Colorado",4750,2836,1914,40.3,193,593,256700,739
0500000US08057,"Jackson County, Colorado",1155,634,521,45.1,12,189,250000,1484
0500000US08059,"Jefferson County, Colorado",251183,240031,11152,4.4,26161,55456,604400,1792
0500000US08061,"Kiowa County, Colorado",704,574,130,18.5,37,89,148600,869
0500000US08063,"Kit Carson County, Colorado",3426,2914,512,14.9,252,619,221400,916
0500000US08065,"Lake County, Colorado",4033,2959,1074,26.6,442,480,401300,1599
0500000US08067,"La Plata County, Colorado",28613,23200,5413,18.9,2073,6171,549100,1409
0500000US08069,"Larimer County, Colorado",161882,151571,10311,6.4,22950,41369,532200,1677
0500000US08071,"Las Animas County, Colorado",8134,6701,1433,17.6,728,1404,214500,875
0500000US08073,"Lincoln County, Colorado",2385,1970,415,17.4,213,375,232100,854
0500000US08075,"Logan County, Colorado",8709,8148,561,6.4,936,2067,228100,1027
0500000US08077,"Mesa County, Colorado",68861,64559,4302,6.2,7317,16986,349400,1154
0500000US08079,"Mineral County, Colorado",1251,434,817,65.3,11,166,413000,903
0500000US08081,"Moffat County, Colorado",6114,5303,811,13.3,508,1513,262500,1051
0500000US08083,"Montezuma County, Colorado",12314,10915,1399,11.4,1216,2182,308100,974
0500000US08085,"Montrose County, Colorado",19429,17529,1900,9.8,1730,3558,357900,1120
0500000US08087,"Morgan County, Colorado",11670,11033,637,5.5,853,2702,299300,1092
0500000US08089,"Otero County, Colorado",8725,7643,1082,12.4,589,1462,160700,796
0500000US08091,"Ouray County, Colorado",3466,2514,952,27.5,210,599,670100,1398
0500000US08093,"Park County, Colorado",14362,8447,5915,41.2,811,1670,489300,1942
0500000US08095,"Phillips County, Colorado",2085,1859,226,10.8,79,395,255300,947
0500000US08097,"Pitkin County, Colorado",13350,9031,4319,32.4,857,2520,1131200,1880
0500000US08099,"Prowers County, Colorado",5466,4564,902,16.5,453,881,150900,741
0500000US08101,"Pueblo County, Colorado",73031,67816,5215,7.1,5448,16218,271800,1059
0500000US08103,"Rio Blanco County, Colorado",3288,2587,701,21.3,224,663,243400,924
0500000US08105,"Rio Grande County, Colorado",6574,5032,1542,23.5,419,1146,215400,782
0500000US08107,"Routt County, Colorado",16913,10619,6294,37.2,836,2676,756200,1845
0500000US08109,"Saguache County, Colorado",3838,3261,577,15.0,135,738,200000,746
0500000US08111,"San Juan County, Colorado",720,362,358,49.7,61,137,406900,1076
0500000US08113,"San Miguel County, Colorado",6606,3998,2608,39.5,242,1254,613100,1173
0500000US08115,"Sedgwick County, Colorado",1184,1000,184,15.5,82,151,142700,728
0500000US08117,"Summit County, Colorado",31849,12347,19502,61.2,1063,3407,850700,1851
0500000US08119,"Teller County, Colorado",13516,11253,2263,16.7,1172,2583,445000,1746
0500000US08121,"Washington County, Colorado",2280,2070,210,9.2,126,475,218300,991
0500000US08123,"Weld County, Colorado",125033,120019,5014,4.0,12129,32645,444500,1469
0500000US08125,"Yuma County, Colorado",4324,3957,367,8.5,164,1021,215600,897
0500000US09110,"Capitol Planning Region, Connecticut",415269,389086,26183,6.3,34254,80297,298200,1351
0500000US09120,"Greater Bridgeport Planning Region, Connecticut",125678,118335,7343,5.8,9699,22331,397000,1482
0500000US09130,"Lower Connecticut River Valley Planning Region, Connecticut",82771,73624,9147,11.1,5762,14481,359000,1399
0500000US09140,"Naugatuck Valley Planning Region, Connecticut",191984,178340,13644,7.1,13393,36259,290800,1288
0500000US09150,"Northeastern Connecticut Planning Region, Connecticut",41629,39155,2474,5.9,2919,7235,281300,1153
0500000US09160,"Northwest Hills Planning Region, Connecticut",55665,47035,8630,15.5,3338,8591,311700,1169
0500000US09170,"South Central Connecticut Planning Region, Connecticut",247217,227739,19478,7.9,20603,49878,328300,1463
0500000US09180,"Southeastern Connecticut Planning Region, Connecticut",125728,114577,11151,8.9,10314,24473,293900,1316
0500000US09190,"Western Connecticut Planning Region, Connecticut",250108,232279,17829,7.1,21006,49721,625400,2060
0500000US10001,"Kent County, Delaware",74997,70053,4944,6.6,6306,15849,290600,1285
0500000US10003,"New Castle County, Delaware",235057,222943,12114,5.2,18446,48460,329800,1379
0500000US10005,"Sussex County, Delaware",147904,103213,44691,30.2,9381,22918,353300,1221
0500000US11001,"District of Columbia, District of Columbia",356101,321556,34545,9.7,51639,88376,724600,1900
0500000US12001,"Alachua County, Florida",125702,112776,12926,10.3,18508,35619,266800,1255
0500000US12003,"Baker County, Florida",10013,9012,1001,10.0,810,1762,225000,1011
0500000US12005,"Bay County, Florida",106209,76118,30091,28.3,11470,21720,276900,1424
0500000US12007,"Bradford County, Florida",10826,9104,1722,15.9,494,2078,180300,838
0500000US12009,"Brevard County, Florida",294461,251889,42572,14.5,24178,58850,304400,1456
0500000US12011,"Broward County, Florida",863128,749372,113756,13.2,86261,193586,380400,1804
0500000US12013,"Calhoun County, Florida",5663,4625,1038,18.3,521,939,134000,680
0500000US12015,"Charlotte County, Florida",114821,87376,27445,23.9,8825,21020,291000,1289
0500000US12017,"Citrus County, Florida",83417,69701,13716,16.4,6503,14939,223200,1069
0500000US12019,"Clay County, Florida",87165,81757,5408,6.2,8990,18112,281500,1464
0500000US12021,"Collier County, Florida",234732,160867,73865,31.5,17187,40807,486800,1752
0500000US12023,"Columbia County, Florida",30066,26720,3346,11.1,2222,6156,186400,915
0500000US12027,"DeSoto County, Florida",15713,12656,3057,19.5,1002,3018,151500,910
0500000US12029,"Dixie County, Florida",9365,6130,3235,34.5,574,1016,96900,792
0500000US12031,"Duval County, Florida",445946,405139,40807,9.2,51809,118991,274900,1385
0500000US12033,"Escambia County, Florida",147678,128292,19386,13.1,14641,35803,234200,1234
0500000US12035,"Flagler County, Florida",58520,50296,8224,14.1,5471,12308,333400,1687
0500000US12037,"Franklin County, Florida",8476,4918,3558,42.0,401,797,254300,1044
0500000US12039,"Gadsden County, Florida",19100,16485,2615,13.7,1362,2432,154700,792
0500000US12041,"Gilchrist County, Florida",7697,6913,784,10.2,715,1653,191000,855
0500000US12043,"Glades County, Florida",6612,4560,2052,31.0,206,858,114800,927
0500000US12045,"Gulf County, Florida",9142,5800,3342,36.6,428,1596,235700,1161
0500000US12047,"Hamilton County, Florida",5638,4360,1278,22.7,121,1017,110400,819
0500000US12049,"Hardee County, Florida",9884,8148,1736,17.6,679,1499,129400,954
0500000US12051,"Hendry County, Florida",15639,13944,1695,10.8,1504,3729,189700,958
0500000US12053,"Hernando County, Florida",90991,80544,10447,11.5,6781,18923,240700,1209
0500000US12055,"Highlands County, Florida",58086,45943,12143,20.9,5019,10439,177900,980
0500000US12057,"Hillsborough County, Florida",618220,569998,48222,7.8,73574,169371,333300,1543
0500000US12059,"Holmes County, Florida",8642,7087,1555,18.0,247,1169,101400,823
0500000US12061,"Indian River County, Florida",85093,68696,16397,19.3,6386,16645,314700,1284
0500000US12063,"Jackson County, Florida",20061,17038,3023,15.1,1075,3412,113900,846
0500000US12065,"Jefferson County, Florida",6815,5675,1140,16.7,429,1424,198800,790
0500000US12067,"Lafayette County, Florida",3334,2619,715,21.4,104,440,131600,880
0500000US12069,"Lake County, Florida",182666,159474,23192,12.7,17739,40334,287900,1468
0500000US12071,"Lee County, Florida",430243,319588,110655,25.7,37107,87522,326300,1597
0500000US12073,"Leon County, Florida",135906,120673,15233,11.2,18792,35986,279800,1230
0500000US12075,"Levy County, Florida",21197,17976,3221,15.2,1563,3145,171400,826
0500000US12077,"Liberty County, Florida",3209,2554,655,20.4,180,410,117600,968
0500000US12079,"Madison County, Florida",8392,6980,1412,16.8,421,1795,105900,819
0500000US12081,"Manatee County, Florida",214510,168504,46006,21.4,20268,43412,359800,1549
0500000US12083,"Marion County, Florida",183453,159796,23657,12.9,15320,38923,220800,1174
0500000US12085,"Martin County, Florida",82297,67820,14477,17.6,5650,16047,386500,1499
0500000US12086,"Miami-Dade County, Florida",1085414,964805,120609,11.1,112208,235253,425400,1731
0500000US12087,"Monroe County, Florida",54418,34630,19788,36.4,3523,8936,723800,1959
0500000US12089,"Nassau County, Florida",43565,38112,5453,12.5,4040,10081,351100,1335
0500000US12091,"Okaloosa County, Florida",102475,84123,18352,17.9,10919,24218,324800,1475
0500000US12093,"Okeechobee County, Florida",18532,15187,3345,18.0,1706,3607,179000,974
0500000US12095,"Orange County, Florida",576450,508907,67543,11.7,69369,148294,358300,1675
0500000US12097,"Osceola County, Florida",164195,131365,32830,20.0,18318,38895,317600,1651
0500000US12099,"Palm Beach County, Florida",713855,597053,116802,16.4,63558,145551,407300,1818
0500000US12101,"Pasco County, Florida",265118,229860,35258,13.3,23934,61471,265800,1372
0500000US12103,"Pinellas County, Florida",518180,423242,94938,18.3,47499,106260,319000,1525
0500000US12105,"Polk County, Florida",329750,276643,53107,16.1,31738,74264,240000,1272
0500000US12107,"Putnam County, Florida",36614,30650,5964,16.3,2675,6484,147300,902
0500000US12109,"St. Johns County, Florida",127144,108827,18317,14.4,13617,30049,457600,1775
0500000US12111,"St. Lucie County, Florida",154930,131640,23290,15.0,15009,32004,305800,1489
0500000US12113,"Santa Rosa County, Florida",78275,71250,7025,9.0,8385,18275,302100,1445
0500000US12115,"Sarasota County, Florida",260272,205503,54769,21.0,23509,51661,373100,1715
0500000US12117,"Seminole County, Florida",197167,185396,11771,6.0,21580,48164,357300,1686
0500000US12119,"Sumter County, Florida",80371,66941,13430,16.7,7163,14032,356000,1225
0500000US12121,"Suwannee County, Florida",19063,15567,3496,18.3,1130,3072,160900,849
0500000US12123,"Taylor County, Florida",11177,7571,3606,32.3,669,1331,100200,878
0500000US12125,"Union County, Florida",4772,4192,580,12.2,435,837,160400,846
0500000US12127,"Volusia County, Florida",277851,237396,40455,14.6,24712,56922,278000,1368
0500000US12129,"Wakulla County, Florida",14184,12187,1997,14.1,1217,2421,216300,1155
0500000US12131,"Walton County, Florida",58894,32659,26235,44.5,4048,9438,376400,1674
0500000US12133,"Washington County, Florida",10962,9282,1680,15.3,773,1856,156000,884
0500000US13001,"Appling County, Georgia",8526,7037,1489,17.5,796,1055,81400,711
0500000US13003,"Atkinson County, Georgia",3509,3189,320,9.1,186,746,76300,620
0500000US13005,"Bacon County, Georgia",4830,4013,817,16.9,333,277,104100,789
0500000US13007,"Baker County, Georgia",1419,1114,305,21.5,28,159,120100,643
0500000US13009,"Baldwin County, Georgia",20180,16075,4105,20.3,1880,3106,164700,865
0500000US13011,"Banks County, Georgia",7373,6787,586,7.9,380,1297,251700,788
0500000US13013,"Barrow County, Georgia",31298,29770,1528,4.9,2708,7378,255200,1197
0500000US13015,"Bartow County, Georgia",43877,39664,4213,9.6,3868,9289,262200,1202
0500000US13017,"Ben Hill County, Georgia",8135,7162,973,12.0,583,1734,114600,692
0500000US13019,"Berrien County, Georgia",8065,6881,1184,14.7,504,1256,115200,771
0500000US13021,"Bibb County, Georgia",71869,59681,12188,17.0,7340,14694,165800,1026
0500000US13023,"Bleckley County, Georgia",5235,4283,952,18.2,419,811,132900,765
0500000US13025,"Brantley County, Georgia",8237,6828,1409,17.1,337,786,91800,714
0500000US13027,"Brooks County, Georgia",7342,5994,1348,18.4,408,1118,118100,752
0500000US13029,"Bryan County, Georgia",17325,15821,1504,8.7,2628,4413,317100,1584
0500000US13031,"Bulloch County, Georgia",33607,30276,3331,9.9,4573,8771,191600,968
0500000US13033,"Burke County, Georgia",11201,9097,2104,18.8,483,1756,107800,763
0500000US13035,"Butts County, Georgia",9640,8751,889,9.2,867,1962,227800,952
0500000US13037,"Calhoun County, Georgia",2033,1508,525,25.8,99,289,82200,638
0500000US13039,"Camden County, Georgia",23192,21024,2168,9.3,2438,5884,233900,1167
0500000US13043,"Candler County, Georgia",4653,4183,470,10.1,447,845,135600,706
0500000US13045,"Carroll County, Georgia",47170,43598,3572,7.6,4937,9573,227500,1124
0500000US13047,"Catoosa County, Georgia",28275,26139,2136,7.6,2446,5215,214200,953
0500000US13049,"Charlton County, Georgia",4708,4086,622,13.2,274,885,119000,895
0500000US13051,"Chatham County, Georgia",135983,119241,16742,12.3,17591,34917,273300,1382
0500000US13053,"Chattahoochee County, Georgia",2902,1897,1005,34.6,407,642,99800,1235
0500000US13055,"Chattooga County, Georgia",10883,9142,1741,16.0,654,1429,98700,789
0500000US13057,"Cherokee County, Georgia",103923,99132,4791,4.6,8972,26107,389800,1703
0500000US13059,"Clarke County, Georgia",56913,54161,2752,4.8,10146,16866,271900,1162
0500000US13061,"Clay County, Georgia",1936,1179,757,39.1,132,196,92500,578
0500000US13063,"Clayton County, Georgia",114818,105626,9192,8.0,11232,27406,194500,1307
0500000US13065,"Clinch County, Georgia",3031,2470,561,18.5,223,458,86300,505
0500000US13067,"Cobb County, Georgia",311556,293410,18146,5.8,35157,75869,373700,1640
0500000US13069,"Coffee County, Georgia",17426,15318,2108,12.1,953,3420,125700,713
0500000US13071,"Colquitt County, Georgia",19288,16807,2481,12.9,1701,3897,121400,779
0500000US13073,"Columbia County, Georgia",60412,52083,8329,13.8,5592,13510,287400,1330
0500000US13075,"Cook County, Georgia",7399,6323,1076,14.5,477,1208,123000,901
0500000US13077,"Coweta County, Georgia",58186,55290,2896,5.0,5028,12776,321900,1397
0500000US13079,"Crawford County, Georgia",5215,4390,825,15.8,142,721,144800,751
0500000US13081,"Crisp County, Georgia",9902,7966,1936,19.6,724,1824,120800,743
0500000US13083,"Dade County, Georgia",7413,6178,1235,16.7,461,1335,166600,843
0500000US13085,"Dawson County, Georgia",12531,10844,1687,13.5,1034,2719,351900,1425
0500000US13087,"Decatur County, Georgia",13106,10474,2632,20.1,705,2008,146200,860
0500000US13089,"DeKalb County, Georgia",328614,284681,43933,13.4,28002,77010,331400,1591
0500000US13091,"Dodge County, Georgia",8584,6657,1927,22.4,550,1057,108700,688
0500000US13093,"Dooly County, Georgia",4796,3919,877,18.3,380,680,96400,761
0500000US13095,"Dougherty County, Georgia",40631,34280,6351,15.6,3789,9027,129200,905
0500000US13097,"Douglas County, Georgia",55208,51339,3869,7.0,5094,12469,262200,1447
0500000US13099,"Early County, Georgia",4933,4043,890,18.0,135,606,130100,774
0500000US13101,"Echols County, Georgia",1474,1209,265,18.0,140,130,112600,833
0500000US13103,"Effingham County, Georgia",25256,23555,1701,6.7,2354,5484,245300,1116
0500000US13105,"Elbert County, Georgia",9370,8245,1125,12.0,875,1611,114600,849
0500000US13107,"Emanuel County, Georgia",9990,8267,1723,17.2,878,1660,88200,742
0500000US13109,"Evans County, Georgia",4676,3876,800,17.1,133,1137,139700,720
0500000US13111,"Fannin County, Georgia",18128,11361,6767,37.3,883,2397,274600,876
0500000US13113,"Fayette County, Georgia",45896,43669,2227,4.9,3974,9706,405600,1787
0500000US13115,"Floyd County, Georgia",40763,36688,4075,10.0,3860,8241,194100,971
0500000US13117,"Forsyth County, Georgia",90537,86688,3849,4.3,7957,20206,493800,1937
0500000US13119,"Franklin County, Georgia",10767,8774,1993,18.5,732,1695,160600,778
0500000US13121,"Fulton County, Georgia",500404,457791,42613,8.5,64397,136213,431200,1635
0500000US13123,"Gilmer County, Georgia",18159,12612,5547,30.5,1061,2872,278900,955
0500000US13125,"Glascock County, Georgia",1412,1042,370,26.2,56,131,122800,813
0500000US13127,"Glynn County, Georgia",42928,34625,8303,19.3,3567,8632,268300,1060
0500000US13129,"Gordon County, Georgia",23210,20841,2369,10.2,1993,4193,205600,872
0500000US13131,"Grady County, Georgia",11601,10073,1528,13.2,697,2128,136500,789
0500000US13133,"Greene County, Georgia",10503,7846,2657,25.3,661,2150,342200,936
0500000US13135,"Gwinnett County, Georgia",336078,322852,13226,3.9,34051,85973,345700,1713
0500000US13137,"Habersham County, Georgia",18774,16048,2726,14.5,1690,3083,212000,939
0500000US13139,"Hall County, Georgia",79233,71263,7970,10.1,7519,18166,313600,1247
0500000US13141,"Hancock County, Georgia",4945,2852,2093,42.3,65,377,87400,671
0500000US13143,"Haralson County, Georgia",12573,11510,1063,8.5,773,1908,210400,884
0500000US13145,"Harris County, Georgia",14506,12637,1869,12.9,1032,2122,278700,941
0500000US13147,"Hart County, Georgia",13019,10543,2476,19.0,923,2106,206500,814
0500000US13149,"Heard County, Georgia",4797,4342,455,9.5,257,701,161000,855
0500000US13151,"Henry County, Georgia",89281,84498,4783,5.4,7633,20795,277400,1538
0500000US13153,"Houston County, Georgia",68336,62158,6178,9.0,6963,15580,205600,1143
0500000US13155,"Irwin County, Georgia",4185,3725,460,11.0,255,697,105300,824
0500000US13157,"Jackson County, Georgia",29389,26976,2413,8.2,2958,6426,312700,1048
0500000US13159,"Jasper County, Georgia",6452,5812,640,9.9,510,869,219700,983
0500000US13161,"Jeff Davis County, Georgia",6379,5368,1011,15.8,413,1048,109300,674
0500000US13163,"Jefferson County, Georgia",7165,5838,1327,18.5,486,883,93100,723
0500000US13165,"Jenkins County, Georgia",4427,3067,1360,30.7,160,616,81100,544
0500000US13167,"Johnson County, Georgia",3571,3235,336,9.4,152,531,91200,661
0500000US13169,"Jones County, Georgia",11759,10771,988,8.4,674,1742,174600,917
0500000US13171,"Lamar County, Georgia",7738,7000,738,9.5,297,1188,201400,913
0500000US13173,"Lanier County, Georgia",4134,3442,692,16.7,217,728,161100,878
0500000US13175,"Laurens County, Georgia",22008,18133,3875,17.6,1321,3503,137400,769
0500000US13177,"Lee County, Georgia",12862,11960,902,7.0,1712,2723,226900,1147
0500000US13179,"Liberty County, Georgia",27228,23406,3822,14.0,4006,6977,180200,1203
0500000US13181,"Lincoln County, Georgia",4487,2976,1511,33.7,145,374,163600,732
0500000US13183,"Long County, Georgia",6605,5836,769,11.6,881,1758,196500,931
0500000US13185,"Lowndes County, Georgia",50323,44928,5395,10.7,6242,13847,197900,1002
0500000US13187,"Lumpkin County, Georgia",13325,11374,1951,14.6,1063,2250,277200,1090
0500000US13189,"McDuffie County, Georgia",9466,8298,1168,12.3,592,1621,155100,813
0500000US13191,"McIntosh County, Georgia",6796,4784,2012,29.6,433,698,173900,781
0500000US13193,"Macon County, Georgia",5148,3970,1178,22.9,223,611,87000,624
0500000US13195,"Madison County, Georgia",12371,10895,1476,11.9,812,1856,198800,951
0500000US13197,"Marion County, Georgia",3541,2950,591,16.7,88,452,122100,717
0500000US13199,"Meriwether County, Georgia",9642,8170,1472,15.3,455,1515,154600,899
0500000US13201,"Miller County, Georgia",2851,2482,369,12.9,127,478,118300,699
0500000US13205,"Mitchell County, Georgia",9042,7995,1047,11.6,507,1328,105500,776
0500000US13207,"Monroe County, Georgia",11354,10423,931,8.2,642,2277,243200,881
0500000US13209,"Montgomery County, Georgia",3776,3021,755,20.0,177,494,118200,732
0500000US13211,"Morgan County, Georgia",8699,7793,906,10.4,745,1084,323100,1090
0500000US13213,"Murray County, Georgia",16163,15258,905,5.6,1117,2733,173300,828
0500000US13215,"Muscogee County, Georgia",91288,80600,10688,11.7,10427,23013,182300,1072
0500000US13217,"Newton County, Georgia",42836,40531,2305,5.4,4006,9243,233300,1331
0500000US13219,"Oconee County, Georgia",15384,14721,663,4.3,1402,3168,425100,1347
0500000US13221,"Oglethorpe County, Georgia",6450,5242,1208,18.7,272,811,198700,832
0500000US13223,"Paulding County, Georgia",61504,58608,2896,4.7,6406,14897,289000,1622
0500000US13225,"Peach County, Georgia",12114,10284,1830,15.1,973,2156,186100,901
0500000US13227,"Pickens County, Georgia",15245,13054,2191,14.4,1470,2367,289600,1079
0500000US13229,"Pierce County, Georgia",8459,7496,963,11.4,558,1363,132100,794
0500000US13231,"Pike County, Georgia",7262,6505,757,10.4,628,1050,265700,1056
0500000US13233,"Polk County, Georgia",17301,15588,1713,9.9,837,3827,163500,870
0500000US13235,"Pulaski County, Georgia",4240,3284,956,22.5,234,750,144300,789
0500000US13237,"Putnam County, Georgia",13341,10134,3207,24.0,915,2306,222000,1063
0500000US13239,"Quitman County, Georgia",1715,935,780,45.5,36,78,103000,734
0500000US13241,"Rabun County, Georgia",12142,7113,5029,41.4,535,1507,272600,1016
0500000US13243,"Randolph County, Georgia",3573,2644,929,26.0,259,506,90900,554
0500000US13245,"Richmond County, Georgia",92652,75023,17629,19.0,9751,19215,163300,1087
0500000US13247,"Rockdale County, Georgia",35822,33959,1863,5.2,2974,7916,256600,1341
0500000US13249,"Schley County, Georgia",1985,1627,358,18.0,93,240,152900,746
0500000US13251,"Screven County, Georgia",6545,4763,1782,27.2,378,619,122300,629
0500000US13253,"Seminole County, Georgia",5061,3672,1389,27.4,326,412,111600,819
0500000US13255,"Spalding County, Georgia",28338,26535,1803,6.4,3184,6099,196600,1053
0500000US13257,"Stephens County, Georgia",12344,10276,2068,16.8,973,2196,168200,817
0500000US13259,"Stewart County, Georgia",2113,1756,357,16.9,117,589,53000,588
0500000US13261,"Sumter County, Georgia",13499,10848,2651,19.6,1256,2416,122300,847
0500000US13263,"Talbot County, Georgia",3069,2532,537,17.5,98,384,127200,950
0500000US13265,"Taliaferro County, Georgia",984,644,340,34.6,17,50,73100,715
0500000US13267,"Tattnall County, Georgia",9378,7551,1827,19.5,560,1182,122400,660
0500000US13269,"Taylor County, Georgia",3932,3061,871,22.2,170,537,82900,665
0500000US13271,"Telfair County, Georgia",4756,3123,1633,34.3,166,380,108200,614
0500000US13273,"Terrell County, Georgia",4241,3355,886,20.9,222,425,111500,727
0500000US13275,"Thomas County, Georgia",20957,18369,2588,12.3,1877,4182,185300,996
0500000US13277,"Tift County, Georgia",17564,15541,2023,11.5,1483,3632,143100,799
0500000US13279,"Toombs County, Georgia",12081,10127,1954,16.2,1048,1876,127100,714
0500000US13281,"Towns County, Georgia",8719,5819,2900,33.3,452,1245,311900,822
0500000US13283,"Treutlen County, Georgia",2652,2307,345,13.0,84,408,98400,668
0500000US13285,"Troup County, Georgia",29255,26222,3033,10.4,2540,6103,187800,1044
0500000US13287,"Turner County, Georgia",3921,3298,623,15.9,203,694,95200,655
0500000US13289,"Twiggs County, Georgia",4053,2849,1204,29.7,114,221,104500,618
0500000US13291,"Union County, Georgia",14952,11012,3940,26.4,730,2731,272600,842
0500000US13293,"Upson County, Georgia",12373,10377,1996,16.1,784,1953,149500,779
0500000US13295,"Walker County, Georgia",29452,26181,3271,11.1,2166,4910,173900,867
0500000US13297,"Walton County, Georgia",36613,34951,1662,4.5,3072,8030,300500,1231
0500000US13299,"Ware County, Georgia",15926,12866,3060,19.2,906,2913,106500,786
0500000US13301,"Warren County, Georgia",2572,1999,573,22.3,93,182,78000,676
0500000US13303,"Washington County, Georgia",8696,7272,1424,16.4,317,1477,115600,836
0500000US13305,"Wayne County, Georgia",12590,11045,1545,12.3,919,2568,149800,839
0500000US13307,"Webster County, Georgia",1163,849,314,27.0,84,113,92200,663
0500000US13309,"Wheeler County, Georgia",2434,1545,889,36.5,67,114,74600,551
0500000US13311,"White County, Georgia",13822,10422,3400,24.6,784,2203,262200,1015
0500000US13313,"Whitfield County, Georgia",39454,36101,3353,8.5,3153,6798,198900,907
0500000US13315,"Wilcox County, Georgia",3457,2504,953,27.6,106,273,71200,612
0500000US13317,"Wilkes County, Georgia",5210,4108,1102,21.2,161,804,105000,759
0500000US13319,"Wilkinson County, Georgia",4298,3347,951,22.1,159,409,90800,766
0500000US13321,"Worth County, Georgia",9296,7876,1420,15.3,470,1264,112400,855
0500000US15001,"Hawaii County, Hawaii",89786,72958,16828,18.7,6014,14327,486400,1411
0500000US15003,"Honolulu County, Hawaii",372329,337061,35268,9.5,38021,73929,873000,2054
0500000US15005,"Kalawao County, Hawaii",95,22,73,76.8,0,3,-,1300
0500000US15007,"Kauai County, Hawaii",30392,23465,6927,22.8,1565,4428,817900,1810
0500000US15009,"Maui County, Hawaii",72303,55485,16818,23.3,4308,11542,858600,1863
0500000US16001,"Ada County, Idaho",205068,196700,8368,4.1,24779,52674,476000,1465
0500000US16003,"Adams County, Idaho",2666,1752,914,34.3,105,276,327300,823
0500000US16005,"Bannock County, Idaho",35683,33340,2343,6.6,3913,8439,267200,879
0500000US16007,"Bear Lake County, Idaho",3943,2308,1635,41.5,190,335,234200,687
0500000US16009,"Benewah County, Idaho",4706,3978,728,15.5,263,822,255800,853
0500000US16011,"Bingham County, Idaho",17268,16009,1259,7.3,1065,3556,258000,845
0500000US16013,"Blaine County, Idaho",15769,9822,5947,37.7,754,2438,663800,1217
0500000US16015,"Boise County, Idaho",5592,3524,2068,37.0,209,828,424100,854
0500000US16017,"Bonner County, Idaho",26623,19599,7024,26.4,1777,3687,433400,1059
0500000US16019,"Bonneville County, Idaho",46425,43378,3047,6.6,4493,11723,327000,1054
0500000US16021,"Boundary County, Idaho",5535,4835,700,12.6,400,1335,344100,867
0500000US16023,"Butte County, Idaho",1275,1017,258,20.2,54,232,195800,525
0500000US16025,"Camas County, Idaho",694,339,355,51.2,42,85,248900,992
0500000US16027,"Canyon County, Idaho",85583,82864,2719,3.2,9364,21814,350300,1259
0500000US16029,"Caribou County, Idaho",3137,2430,707,22.5,172,377,220200,800
0500000US16031,"Cassia County, Idaho",8992,8238,754,8.4,786,1794,257300,920
0500000US16033,"Clark County, Idaho",442,252,190,43.0,27,34,203000,771
0500000US16035,"Clearwater County, Idaho",4603,3561,1042,22.6,271,533,240800,847
0500000US16037,"Custer County, Idaho",3164,1933,1231,38.9,59,306,295600,744
0500000US16039,"Elmore County, Idaho",12168,10848,1320,10.8,1326,3495,278300,1111
0500000US16041,"Franklin County, Idaho",5122,4870,252,4.9,460,1139,304000,831
0500000US16043,"Fremont County, Idaho",8669,4506,4163,48.0,196,828,281800,803
0500000US16045,"Gem County, Idaho",7788,7406,382,4.9,668,1262,367300,887
0500000US16047,"Gooding County, Idaho",6100,5512,588,9.6,470,1306,231800,859
0500000US16049,"Idaho County, Idaho",8881,6567,2314,26.1,679,1261,284600,797
0500000US16051,"Jefferson County, Idaho",10499,9899,600,5.7,816,1983,335000,1098
0500000US16053,"Jerome County, Idaho",8725,8198,527,6.0,915,1667,254000,862
0500000US16055,"Kootenai County, Idaho",78013,69104,8909,11.4,6957,19368,467400,1330
0500000US16057,"Latah County, Idaho",17429,16058,1371,7.9,2049,5062,342500,905
0500000US16059,"Lemhi County, Idaho",4636,3350,1286,27.7,189,724,282100,721
0500000US16061,"Lewis County, Idaho",1823,1546,277,15.2,129,366,202400,708
0500000US16063,"Lincoln County, Idaho",1973,1836,137,6.9,162,377,206700,860
0500000US16065,"Madison County, Idaho",14769,12778,1991,13.5,3531,4481,365000,965
0500000US16067,"Minidoka County, Idaho",8478,7814,664,7.8,686,1603,235300,909
0500000US16069,"Nez Perce County, Idaho",18496,17250,1246,6.7,1700,3771,291300,936
0500000US16071,"Oneida County, Idaho",2062,1932,130,6.3,176,338,228100,1009
0500000US16073,"Owyhee County, Idaho",4803,4248,555,11.6,321,908,281600,771
0500000US16075,"Payette County, Idaho",9950,9481,469,4.7,759,2294,310700,874
0500000US16077,"Power County, Idaho",2960,2708,252,8.5,313,447,191200,729
0500000US16079,"Shoshone County, Idaho",7036,5679,1357,19.3,380,1182,222700,880
0500000US16081,"Teton County, Idaho",6199,4573,1626,26.2,353,1263,595900,1196
0500000US16083,"Twin Falls County, Idaho",35749,33912,1837,5.1,3129,9193,292700,1011
0500000US16085,"Valley County, Idaho",12601,3778,8823,70.0,150,859,599500,1011
0500000US16087,"Washington County, Idaho",4586,4089,497,10.8,299,1039,250300,919
0500000US17001,"Adams County, Illinois",30283,27770,2513,8.3,2476,5285,155900,826
0500000US17003,"Alexander County, Illinois",2964,1826,1138,38.4,104,205,58700,540
0500000US17005,"Bond County, Illinois",6892,6256,636,9.2,373,1156,133100,735
0500000US17007,"Boone County, Illinois",20238,19155,1083,5.4,1342,3511,198600,1011
0500000US17009,"Brown County, Illinois",2321,2021,300,12.9,187,396,142200,724
0500000US17011,"Bureau County, Illinois",15646,14011,1635,10.4,1032,2037,121900,838
0500000US17013,"Calhoun County, Illinois",2298,1222,1076,46.8,40,117,174000,479
0500000US17015,"Carroll County, Illinois",8190,6478,1712,20.9,505,1233,113500,784
0500000US17017,"Cass County, Illinois",5665,5135,530,9.4,487,916,95500,723
0500000US17019,"Champaign County, Illinois",94351,83777,10574,11.2,13466,25524,205100,1018
0500000US17021,"Christian County, Illinois",15190,13534,1656,10.9,967,2302,112100,729
0500000US17023,"Clark County, Illinois",7333,6597,736,10.0,573,1065,123100,828
0500000US17025,"Clay County, Illinois",6147,5431,716,11.6,487,752,94300,709
0500000US17027,"Clinton County, Illinois",15677,14463,1214,7.7,928,2490,180500,934
0500000US17029,"Coles County, Illinois",22717,20335,2382,10.5,2213,5364,121900,793
0500000US17031,"Cook County, Illinois",2270349,2084578,185771,8.2,223695,472261,305200,1381
0500000US17033,"Crawford County, Illinois",8461,7411,1050,12.4,500,1376,113700,761
0500000US17035,"Cumberland County, Illinois",4720,4180,540,11.4,196,679,117700,756
0500000US17037,"DeKalb County, Illinois",41499,39314,2185,5.3,5018,9787,231900,1041
0500000US17039,"De Witt County, Illinois",7312,6642,670,9.2,459,1141,124200,857
0500000US17041,"Douglas County, Illinois",8492,7821,671,7.9,577,1590,142600,818
0500000US17043,"DuPage County, Illinois",366099,349497,16602,4.5,32172,72232,374100,1628
0500000US17045,"Edgar County, Illinois",8236,7612,624,7.6,607,1478,95700,757
0500000US17047,"Edwards County, Illinois",3045,2653,392,12.9,209,514,97500,746
0500000US17049,"Effingham County, Illinois",15336,14030,1306,8.5,924,2637,179800,734
0500000US17051,"Fayette County, Illinois",8849,7832,1017,11.5,411,1204,114700,740
0500000US17053,"Ford County, Illinois",6263,5728,535,8.5,492,1160,118100,836
0500000US17055,"Franklin County, Illinois",18468,16130,2338,12.7,1168,2863,87700,771
0500000US17057,"Fulton County, Illinois",15883,13902,1981,12.5,800,2732,102500,808
0500000US17059,"Gallatin County, Illinois",2506,2096,410,16.4,83,371,84700,500
0500000US17061,"Greene County, Illinois",5801,4514,1287,22.2,222,822,94400,800
0500000US17063,"Grundy County, Illinois",21324,20518,806,3.8,1684,5142,259200,1137
0500000US17065,"Hamilton County, Illinois",3809,3350,459,12.1,261,607,108800,566
0500000US17067,"Hancock County, Illinois",8959,7515,1444,16.1,486,1043,108400,755
0500000US17069,"Hardin County, Illinois",2285,1484,801,35.1,80,151,91700,342
0500000US17071,"Henderson County, Illinois",3374,2662,712,21.1,201,213,101600,834
0500000US17073,"Henry County, Illinois",22208,20261,1947,8.8,1384,3416,145300,837
0500000US17075,"Iroquois County, Illinois",12818,11333,1485,11.6,785,1639,125400,793
0500000US17077,"Jackson County, Illinois",27750,23088,4662,16.8,3309,6668,125000,746
0500000US17079,"Jasper County, Illinois",4227,3766,461,10.9,107,588,122900,766
0500000US17081,"Jefferson County, Illinois",16650,14805,1845,11.1,1202,2847,118400,862
0500000US17083,"Jersey County, Illinois",9884,7984,1900,19.2,363,1572,168800,794
0500000US17085,"Jo Daviess County, Illinois",13425,10385,3040,22.6,1044,1943,193900,795
0500000US17087,"Johnson County, Illinois",5538,4133,1405,25.4,179,582,148200,634
0500000US17089,"Kane County, Illinois",189918,183196,6722,3.5,15641,41206,303000,1404
0500000US17091,"Kankakee County, Illinois",45396,40895,4501,9.9,3485,7561,185700,1075
0500000US17093,"Kendall County, Illinois",45775,44526,1249,2.7,4459,10142,298900,1763
0500000US17095,"Knox County, Illinois",23788,20765,3023,12.7,1418,3544,104900,725
0500000US17097,"Lake County, Illinois",270083,256660,13423,5.0,22250,54052,326600,1434
0500000US17099,"LaSalle County, Illinois",49838,45092,4746,9.5,3224,7384,154900,906
0500000US17101,"Lawrence County, Illinois",6358,5414,944,14.8,631,870,95500,810
0500000US17103,"Lee County, Illinois",14993,13382,1611,10.7,881,2516,155100,853
0500000US17105,"Livingston County, Illinois",15930,14614,1316,8.3,1399,2778,131500,855
0500000US17107,"Logan County, Illinois",11984,11122,862,7.2,1023,2059,125900,804
0500000US17109,"McDonough County, Illinois",13598,11760,1838,13.5,1707,2983,103500,730
0500000US17111,"McHenry County, Illinois",120605,116329,4276,3.5,8351,22734,286900,1358
0500000US17113,"McLean County, Illinois",75120,69072,6048,8.1,9072,17506,198300,992
0500000US17115,"Macon County, Illinois",49699,43334,6365,12.8,4212,8798,121800,797
0500000US17117,"Macoupin County, Illinois",21108,17431,3677,17.4,1117,2932,126100,789
0500000US17119,"Madison County, Illinois",118942,109385,9557,8.0,8560,22607,167900,969
0500000US17121,"Marion County, Illinois",17379,15465,1914,11.0,1100,2991,100100,771
0500000US17123,"Marshall County, Illinois",5824,4964,860,14.8,397,716,137800,767
0500000US17125,"Mason County, Illinois",6615,5714,901,13.6,315,1031,106100,760
0500000US17127,"Massac County, Illinois",6824,5482,1342,19.7,292,713,118000,793
0500000US17129,"Menard County, Illinois",5602,5195,407,7.3,377,877,179300,780
0500000US17131,"Mercer County, Illinois",7279,6413,866,11.9,374,892,139300,757
0500000US17133,"Monroe County, Illinois",14665,13830,835,5.7,739,2325,265600,996
0500000US17135,"Montgomery County, Illinois",12528,11265,1263,10.1,932,2189,102200,715
0500000US17137,"Morgan County, Illinois",15033,13125,1908,12.7,812,2553,128700,710
0500000US17139,"Moultrie County, Illinois",6205,5822,383,6.2,446,1066,121500,773
0500000US17141,"Ogle County, Illinois",22625,20695,1930,8.5,1161,4013,184100,901
0500000US17143,"Peoria County, Illinois",84992,77074,7918,9.3,7968,16993,152600,946
0500000US17145,"Perry County, Illinois",9166,7994,1172,12.8,410,1492,105200,714
0500000US17147,"Piatt County, Illinois",7380,6851,529,7.2,484,1179,173200,950
0500000US17149,"Pike County, Illinois",7296,5815,1481,20.3,358,927,100100,659
0500000US17151,"Pope County, Illinois",2273,1364,909,40.0,84,119,165300,438
0500000US17153,"Pulaski County, Illinois",2845,1862,983,34.6,64,413,81000,625
0500000US17155,"Putnam County, Illinois",3069,2473,596,19.4,185,333,167800,804
0500000US17157,"Randolph County, Illinois",13400,11671,1729,12.9,868,2055,134100,760
0500000US17159,"Richland County, Illinois",7366,6401,965,13.1,541,1270,106600,754
0500000US17161,"Rock Island County, Illinois",66742,61192,5550,8.3,5088,12838,144700,863
0500000US17163,"St. Clair County, Illinois",115348,101273,14075,12.2,9233,20825,168800,1032
0500000US17165,"Saline County, Illinois",11578,10032,1546,13.4,658,1706,92900,711
0500000US17167,"Sangamon County, Illinois",93151,84290,8861,9.5,7280,18674,170300,954
0500000US17169,"Schuyler County, Illinois",3317,2732,585,17.6,237,469,106200,836
0500000US17171,"Scott County, Illinois",2393,2032,361,15.1,80,272,101700,669
0500000US17173,"Shelby County, Illinois",10054,8795,1259,12.5,575,1215,130400,762
0500000US17175,"Stark County, Illinois",2584,2289,295,11.4,253,378,103500,765
0500000US17177,"Stephenson County, Illinois",21375,19469,1906,8.9,1190,3713,127500,764
0500000US17179,"Tazewell County, Illinois",58664,53812,4852,8.3,4303,10714,164500,898
0500000US17181,"Union County, Illinois",7861,6914,947,12.0,548,1137,131700,658
0500000US17183,"Vermilion County, Illinois",34390,30185,4205,12.2,2250,6118,92900,802
0500000US17185,"Wabash County, Illinois",5416,4784,632,11.7,413,947,103900,774
0500000US17187,"Warren County, Illinois",7598,6722,876,11.5,580,1267,101300,694
0500000US17189,"Washington County, Illinois",6402,5722,680,10.6,288,857,149800,776
0500000US17191,"Wayne County, Illinois",7699,6853,846,11.0,494,902,109400,632
0500000US17193,"White County, Illinois",6751,5669,1082,16.0,418,817,100100,706
0500000US17195,"Whiteside County, Illinois",25850,23215,2635,10.2,1493,4048,125800,808
0500000US17197,"Will County, Illinois",252684,241310,11374,4.5,17295,44848,298000,1413
0500000US17199,"Williamson County, Illinois",31957,28774,3183,10.0,3079,5947,145600,897
0500000US17201,"Winnebago County, Illinois",124959,115449,9510,7.6,10230,25487,155100,986
0500000US17203,"Woodford County, Illinois",15745,14704,1041,6.6,950,2629,193800,907
0500000US18001,"Adams County, Indiana",13250,12345,905,6.8,806,2154,173100,799
0500000US18003,"Allen County, Indiana",164456,154183,10273,6.2,16448,37667,194300,976
0500000US18005,"Bartholomew County, Indiana",35517,32984,2533,7.1,3712,7253,221100,1110
0500000US18007,"Benton County, Indiana",3778,3469,309,8.2,246,716,135400,834
0500000US18009,"Blackford County, Indiana",5863,5060,803,13.7,362,968,96700,635
0500000US18011,"Boone County, Indiana",29019,27948,1071,3.7,2704,6430,341800,1283
0500000US18013,"Brown County, Indiana",8540,6695,1845,21.6,407,1028,242500,960
0500000US18015,"Carroll County, Indiana",9539,8024,1515,15.9,539,1347,167700,874
0500000US18017,"Cass County, Indiana",16389,14924,1465,8.9,1165,3016,118700,778
0500000US18019,"Clark County, Indiana",53854,49184,4670,8.7,4605,11340,212400,1058
0500000US18021,"Clay County, Indiana",11648,10541,1107,9.5,783,1855,128900,837
0500000US18023,"Clinton County, Indiana",13496,12396,1100,8.2,746,2523,157300,915
0500000US18025,"Crawford County, Indiana",5890,4573,1317,22.4,373,791,115400,629
0500000US18027,"Daviess County, Indiana",12781,11568,1213,9.5,963,2098,187500,837
0500000US18029,"Dearborn County, Indiana",20965,20148,817,3.9,1267,3200,227100,848
0500000US18031,"Decatur County, Indiana",11619,10518,1101,9.5,856,1928,189900,828
0500000US18033,"DeKalb County, Indiana",18280,17008,1272,7.0,1346,2968,177900,828
0500000US18035,"Delaware County, Indiana",51611,46146,5465,10.6,5640,10696,127600,874
0500000US18037,"Dubois County, Indiana",18715,17588,1127,6.0,1494,3383,212500,801
0500000US18039,"Elkhart County, Indiana",80102,71760,8342,10.4,5426,15462,194400,1023
0500000US18041,"Fayette County, Indiana",10900,9479,1421,13.0,600,1963,114800,779
0500000US18043,"Floyd County, Indiana",34603,31173,3430,9.9,2943,6188,235100,990
0500000US18045,"Fountain County, Indiana",7823,6854,969,12.4,335,1401,133200,837
0500000US18047,"Franklin County, Indiana",9749,9131,618,6.3,520,1276,236700,803
0500000US18049,"Fulton County, Indiana",9564,7927,1637,17.1,531,1234,144700,861
0500000US18051,"Gibson County, Indiana",14762,13156,1606,10.9,1022,2814,170500,914
0500000US18053,"Grant County, Indiana",29878,26757,3121,10.4,2219,5786,116000,799
0500000US18055,"Greene County, Indiana",14366,12781,1585,11.0,907,2615,129900,788
0500000US18057,"Hamilton County, Indiana",140389,133171,7218,5.1,14401,35802,379100,1468
0500000US18059,"Hancock County, Indiana",33398,32246,1152,3.4,2739,7495,258100,1121
0500000US18061,"Harrison County, Indiana",16842,15154,1688,10.0,826,2816,219200,861
0500000US18063,"Hendricks County, Indiana",68433,65839,2594,3.8,6354,15985,281500,1364
0500000US18065,"Henry County, Indiana",20968,18460,2508,12.0,1406,3606,140200,807
0500000US18067,"Howard County, Indiana",39795,35129,4666,11.7,3665,7461,151500,915
0500000US18069,"Huntington County, Indiana",16275,15227,1048,6.4,1279,2942,146400,866
0500000US18071,"Jackson County, Indiana",19231,17745,1486,7.7,1595,3807,174500,946
0500000US18073,"Jasper County, Indiana",13708,12586,1122,8.2,668,1997,204400,926
0500000US18075,"Jay County, Indiana",8908,7959,949,10.7,571,1252,110100,766
0500000US18077,"Jefferson County, Indiana",14446,12699,1747,12.1,810,2297,180600,865
0500000US18079,"Jennings County, Indiana",11691,10760,931,8.0,725,1763,154600,906
0500000US18081,"Johnson County, Indiana",64800,61513,3287,5.1,6570,14899,260400,1208
0500000US18083,"Knox County, Indiana",16965,15110,1855,10.9,1204,3102,123500,782
0500000US18085,"Kosciusko County, Indiana",38587,31747,6840,17.7,2557,7036,200300,995
0500000US18087,"LaGrange County, Indiana",15023,12804,2219,14.8,789,2344,249500,816
0500000US18089,"Lake County, Indiana",216330,193474,22856,10.6,13923,39236,214700,1094
0500000US18091,"LaPorte County, Indiana",49878,43681,6197,12.4,3342,8728,180700,926
0500000US18093,"Lawrence County, Indiana",20530,19156,1374,6.7,1446,3551,164500,800
0500000US18095,"Madison County, Indiana",59075,52843,6232,10.5,4989,11656,147700,926
0500000US18097,"Marion County, Indiana",439034,396662,42372,9.7,44451,114729,207000,1107
0500000US18099,"Marshall County, Indiana",19959,17377,2582,12.9,1549,3001,184500,936
0500000US18101,"Martin County, Indiana",4583,3928,655,14.3,251,539,150400,643
0500000US18103,"Miami County, Indiana",14927,13270,1657,11.1,959,2539,118000,794
0500000US18105,"Monroe County, Indiana",64850,58264,6586,10.2,8841,17965,261700,1151
0500000US18107,"Montgomery County, Indiana",16534,15524,1010,6.1,1231,3349,166300,827
0500000US18109,"Morgan County, Indiana",29749,27713,2036,6.8,1872,5892,220100,988
0500000US18111,"Newton County, Indiana",6059,5591,468,7.7,404,1070,159300,927
0500000US18113,"Noble County, Indiana",20212,17971,2241,11.1,1575,3979,183400,776
0500000US18115,"Ohio County, Indiana",2755,2567,188,6.8,171,518,193500,852
0500000US18117,"Orange County, Indiana",9083,7994,1089,12.0,519,1447,143900,838
0500000US18119,"Owen County, Indiana",9868,8598,1270,12.9,511,1653,162400,912
0500000US18121,"Parke County, Indiana",7625,5985,1640,21.5,348,1002,139300,731
0500000US18123,"Perry County, Indiana",8544,7751,793,9.3,439,1491,146000,676
0500000US18125,"Pike County, Indiana",5592,4994,598,10.7,390,752,128400,676
0500000US18127,"Porter County, Indiana",72102,68049,4053,5.6,5529,14258,261900,1146
0500000US18129,"Posey County, Indiana",11081,10270,811,7.3,685,1867,218000,744
0500000US18131,"Pulaski County, Indiana",5830,4894,936,16.1,399,711,134600,715
0500000US18133,"Putnam County, Indiana",15148,13980,1168,7.7,1149,2808,205800,883
0500000US18135,"Randolph County, Indiana",11407,10182,1225,10.7,899,1916,106000,741
0500000US18137,"Ripley County, Indiana",12398,11356,1042,8.4,696,2307,205300,799
0500000US18139,"Rush County, Indiana",7364,6650,714,9.7,560,1008,155900,831
0500000US18141,"St. Joseph County, Indiana",118329,107005,11324,9.6,11390,22382,179800,1030
0500000US18143,"Scott County, Indiana",10774,9637,1137,10.6,896,1622,145400,790
0500000US18145,"Shelby County, Indiana",19576,18145,1431,7.3,1460,3706,188300,956
0500000US18147,"Spencer County, Indiana",8685,7979,706,8.1,455,1338,180200,697
0500000US18149,"Starke County, Indiana",11214,8758,2456,21.9,573,1247,148400,690
0500000US18151,"Steuben County, Indiana",19055,13765,5290,27.8,1070,2868,204300,921
0500000US18153,"Sullivan County, Indiana",8798,7697,1101,12.5,516,1475,122200,813
0500000US18155,"Switzerland County, Indiana",4399,3897,502,11.4,246,619,183200,720
0500000US18157,"Tippecanoe County, Indiana",79327,74415,4912,6.2,12372,22152,217600,1088
0500000US18159,"Tipton County, Indiana",6836,6265,571,8.4,455,1127,166000,854
0500000US18161,"Union County, Indiana",3250,2852,398,12.2,303,445,162200,792
0500000US18163,"Vanderburgh County, Indiana",84809,77198,7611,9.0,8330,18538,172300,964
0500000US18165,"Vermillion County, Indiana",7326,6560,766,10.5,429,1115,109500,785
0500000US18167,"Vigo County, Indiana",46937,42595,4342,9.3,4353,10525,140400,879
0500000US18169,"Wabash County, Indiana",14053,12554,1499,10.7,830,2002,143600,752
0500000US18171,"Warren County, Indiana",3687,3359,328,8.9,195,442,160000,815
0500000US18173,"Warrick County, Indiana",26567,24697,1870,7.0,1863,5190,228900,1008
0500000US18175,"Washington County, Indiana",12162,10994,1168,9.6,779,2047,162400,760
0500000US18177,"Wayne County, Indiana",30758,26818,3940,12.8,2415,6074,126100,813
0500000US18179,"Wells County, Indiana",12003,11360,643,5.4,1089,1961,180000,837
0500000US18181,"White County, Indiana",12926,9865,3061,23.7,825,2010,163000,853
0500000US18183,"Whitley County, Indiana",14940,13929,1011,6.8,979,2687,205200,867
0500000US19001,"Adair County, Iowa",3595,3260,335,9.3,199,572,140600,730
0500000US19003,"Adams County, Iowa",1892,1530,362,19.1,78,209,116900,909
0500000US19005,"Allamakee County, Iowa",7730,6024,1706,22.1,466,1140,171900,717
0500000US19007,"Appanoose County, Iowa",6314,5006,1308,20.7,377,836,119800,779
0500000US19009,"Audubon County, Iowa",2786,2525,261,9.4,219,418,110400,707
0500000US19011,"Benton County, Iowa",11095,10111,984,8.9,465,1650,198400,815
0500000US19013,"Black Hawk County, Iowa",58748,53740,5008,8.5,6591,13678,182400,962
0500000US19015,"Boone County, Iowa",12005,10935,1070,8.9,713,2063,191200,826
0500000US19017,"Bremer County, Iowa",10542,9693,849,8.1,917,1618,207200,844
0500000US19019,"Buchanan County, Iowa",8946,8150,796,8.9,591,1480,171400,802
0500000US19021,"Buena Vista County, Iowa",8241,7543,698,8.5,633,1876,146900,835
0500000US19023,"Butler County, Iowa",6569,5887,682,10.4,357,1083,156500,780
0500000US19025,"Calhoun County, Iowa",4794,3886,908,18.9,256,636,114400,690
0500000US19027,"Carroll County, Iowa",9508,8750,758,8.0,549,1850,175700,722
0500000US19029,"Cass County, Iowa",6397,5789,608,9.5,532,1018,133300,769
0500000US19031,"Cedar County, Iowa",8238,7539,699,8.5,513,1452,199700,860
0500000US19033,"Cerro Gordo County, Iowa",22730,19421,3309,14.6,1285,4042,154100,840
0500000US19035,"Cherokee County, Iowa",5555,5082,473,8.5,398,933,145100,711
0500000US19037,"Chickasaw County, Iowa",5545,4985,560,10.1,351,713,164400,779
0500000US19039,"Clarke County, Iowa",4401,4001,400,9.1,543,820,160200,836
0500000US19041,"Clay County, Iowa",8141,7249,892,11.0,656,1710,171500,798
0500000US19043,"Clayton County, Iowa",8791,7406,1385,15.8,543,1318,155700,764
0500000US19045,"Clinton County, Iowa",21590,19434,2156,10.0,1654,3903,153800,825
0500000US19047,"Crawford County, Iowa",6852,6229,623,9.1,438,1266,136300,727
0500000US19049,"Dallas County, Iowa",43195,40868,2327,5.4,5748,11718,333400,1239
0500000US19051,"Davis County, Iowa",3602,3169,433,12.0,244,473,146000,878
0500000US19053,"Decatur County, Iowa",3651,3049,602,16.5,318,703,109500,663
0500000US19055,"Delaware County, Iowa",8142,7176,966,11.9,395,1107,168700,743
0500000US19057,"Des Moines County, Iowa",18778,17188,1590,8.5,1692,3496,137000,908
0500000US19059,"Dickinson County, Iowa",14060,8650,5410,38.5,628,1958,251600,930
0500000US19061,"Dubuque County, Iowa",43003,40585,2418,5.6,3353,8595,226100,944
0500000US19063,"Emmet County, Iowa",4517,3922,595,13.2,243,528,106200,731
0500000US19065,"Fayette County, Iowa",9324,8203,1121,12.0,603,1536,130800,813
0500000US19067,"Floyd County, Iowa",7308,6620,688,9.4,445,1207,133300,672
0500000US19069,"Franklin County, Iowa",4657,4084,573,12.3,281,680,118500,649
0500000US19071,"Fremont County, Iowa",3130,2760,370,11.8,189,500,147500,753
0500000US19073,"Greene County, Iowa",4316,3928,388,9.0,322,631,140500,774
0500000US19075,"Grundy County, Iowa",5489,5085,404,7.4,289,905,180500,777
0500000US19077,"Guthrie County, Iowa",5782,4587,1195,20.7,338,755,163900,823
0500000US19079,"Hamilton County, Iowa",7056,6317,739,10.5,436,1126,132300,853
0500000US19081,"Hancock County, Iowa",5120,4614,506,9.9,354,928,129300,784
0500000US19083,"Hardin County, Iowa",8028,7010,1018,12.7,414,1364,113000,814
0500000US19085,"Harrison County, Iowa",6679,6004,675,10.1,395,1165,165300,854
0500000US19087,"Henry County, Iowa",8442,7617,825,9.8,684,1351,148600,770
0500000US19089,"Howard County, Iowa",4314,3672,642,14.9,254,733,133900,699
0500000US19091,"Humboldt County, Iowa",4600,4236,364,7.9,406,748,146900,731
0500000US19093,"Ida County, Iowa",3365,2994,371,11.0,169,603,108800,669
0500000US19095,"Iowa County, Iowa",7355,6849,506,6.9,555,1210,189800,722
0500000US19097,"Jackson County, Iowa",9272,8303,969,10.5,645,1444,170000,800
0500000US19099,"Jasper County, Iowa",16208,14748,1460,9.0,1255,2741,176800,822
0500000US19101,"Jefferson County, Iowa",7707,6878,829,10.8,693,1553,161200,881
0500000US19103,"Johnson County, Iowa",67211,62214,4997,7.4,9562,18574,293100,1104
0500000US19105,"Jones County, Iowa",8882,8109,773,8.7,531,1691,183400,759
0500000US19107,"Keokuk County, Iowa",4650,4065,585,12.6,231,674,112200,822
0500000US19109,"Kossuth County, Iowa",7220,6502,718,9.9,582,965,135100,859
0500000US19111,"Lee County, Iowa",15808,14305,1503,9.5,1339,2086,123600,814
0500000US19113,"Linn County, Iowa",101989,95051,6938,6.8,9670,22626,204400,915
0500000US19115,"Louisa County, Iowa",4736,4143,593,12.5,269,546,137600,797
0500000US19117,"Lucas County, Iowa",4077,3672,405,9.9,204,650,117000,738
0500000US19119,"Lyon County, Iowa",4857,4444,413,8.5,288,668,215600,802
0500000US19121,"Madison County, Iowa",7031,6625,406,5.8,445,1342,236900,938
0500000US19123,"Mahaska County, Iowa",9708,8891,817,8.4,655,1708,140900,821
0500000US19125,"Marion County, Iowa",14268,13409,859,6.0,1137,2847,211100,880
0500000US19127,"Marshall County, Iowa",16860,15546,1314,7.8,1403,3368,134100,860
0500000US19129,"Mills County, Iowa",6119,5349,770,12.6,622,899,228700,888
0500000US19131,"Mitchell County, Iowa",4902,4477,425,8.7,406,838,164100,739
0500000US19133,"Monona County, Iowa",4390,3891,499,11.4,255,625,122600,795
0500000US19135,"Monroe County, Iowa",3648,2991,657,18.0,216,390,135900,787
0500000US19137,"Montgomery County, Iowa",5011,4609,402,8.0,449,697,109900,782
0500000US19139,"Muscatine County, Iowa",18429,17170,1259,6.8,1226,3589,172400,966
0500000US19141,"O'Brien County, Iowa",6544,5791,753,11.5,442,1084,158900,770
0500000US19143,"Osceola County, Iowa",2867,2606,261,9.1,128,353,123800,796
0500000US19145,"Page County, Iowa",6996,6161,835,11.9,577,1275,120000,731
0500000US19147,"Palo Alto County, Iowa",4517,3739,778,17.2,293,648,119300,599
0500000US19149,"Plymouth County, Iowa",10863,10297,566,5.2,792,2081,218600,865
0500000US19151,"Pocahontas County, Iowa",3658,3084,574,15.7,213,638,93300,743
0500000US19153,"Polk County, Iowa",215016,202404,12612,5.9,24717,51132,248400,1113
0500000US19155,"Pottawattamie County, Iowa",40022,37531,2491,6.2,3338,7615,183600,970
0500000US19157,"Poweshiek County, Iowa",8946,7791,1155,12.9,758,1736,184200,864
0500000US19159,"Ringgold County, Iowa",2676,1869,807,30.2,166,369,150300,745
0500000US19161,"Sac County, Iowa",5122,4251,871,17.0,301,774,138400,643
0500000US19163,"Scott County, Iowa",78130,72675,5455,7.0,7501,16531,212500,958
0500000US19165,"Shelby County, Iowa",5429,4983,446,8.2,321,822,156200,810
0500000US19167,"Sioux County, Iowa",13175,12576,599,4.5,890,2503,235600,888
0500000US19169,"Story County, Iowa",41642,38708,2934,7.0,6343,11700,243600,1019
0500000US19171,"Tama County, Iowa",7595,6731,864,11.4,367,1114,139900,865
0500000US19173,"Taylor County, Iowa",2890,2471,419,14.5,113,413,109700,707
0500000US19175,"Union County, Iowa",5790,5055,735,12.7,381,907,117800,683
0500000US19177,"Van Buren County, Iowa",3506,2898,608,17.3,193,398,118800,686
0500000US19179,"Wapello County, Iowa",15740,14088,1652,10.5,1233,2758,112900,950
0500000US19181,"Warren County, Iowa",21473,20219,1254,5.8,1333,4659,252800,975
0500000US19183,"Washington County, Iowa",9638,9048,590,6.1,761,1712,199600,862
0500000US19185,"Wayne County, Iowa",3021,2554,467,15.5,154,443,102300,660
0500000US19187,"Webster County, Iowa",17053,15641,1412,8.3,1482,3193,138500,762
0500000US19189,"Winnebago County, Iowa",5080,4591,489,9.6,277,846,132300,712
0500000US19191,"Winneshiek County, Iowa",9011,8197,814,9.0,519,1403,239000,800
0500000US19193,"Woodbury County, Iowa",43121,40503,2618,6.1,3709,8650,172000,946
0500000US19195,"Worth County, Iowa",3487,3195,292,8.4,282,354,142300,703
0500000US19197,"Wright County, Iowa",6266,5352,914,14.6,417,916,109800,788
0500000US20001,"Allen County, Kansas",6077,5014,1063,17.5,488,889,100400,685
0500000US20003,"Anderson County, Kansas",3569,3287,282,7.9,95,810,147900,792
0500000US20005,"Atchison County, Kansas",6811,5876,935,13.7,398,1419,147900,756
0500000US20007,"Barber County, Kansas",2461,1806,655,26.6,173,212,92700,743
0500000US20009,"Barton County, Kansas",12373,10219,2154,17.4,988,2396,117200,742
0500000US20011,"Bourbon County, Kansas",6768,5770,998,14.7,431,1514,107600,784
0500000US20013,"Brown County, Kansas",4489,3719,770,17.2,301,507,111100,675
0500000US20015,"Butler County, Kansas",27175,25025,2150,7.9,2183,5238,199600,984
0500000US20017,"Chase County, Kansas",1397,1145,252,18.0,122,217,106200,758
0500000US20019,"Chautauqua County, Kansas",1971,1315,656,33.3,119,216,63300,713
0500000US20021,"Cherokee County, Kansas",9140,7727,1413,15.5,468,1426,99400,801
0500000US20023,"Cheyenne County, Kansas",1465,1186,279,19.0,81,195,119300,703
0500000US20025,"Clark County, Kansas",1066,813,253,23.7,48,126,78400,771
0500000US20027,"Clay County, Kansas",3940,3629,311,7.9,342,778,149600,911
0500000US20029,"Cloud County, Kansas",4490,3670,820,18.3,410,546,96300,689
0500000US20031,"Coffey County, Kansas",3985,3547,438,11.0,309,823,139500,842
0500000US20033,"Comanche County, Kansas",1050,821,229,21.8,42,138,59900,672
0500000US20035,"Cowley County, Kansas",15647,13339,2308,14.8,1115,3182,111600,779
0500000US20037,"Crawford County, Kansas",18088,15897,2191,12.1,1913,4326,122400,837
0500000US20039,"Decatur County, Kansas",1643,1373,270,16.4,125,224,78500,695
0500000US20041,"Dickinson County, Kansas",8793,7958,835,9.5,552,1609,148500,809
0500000US20043,"Doniphan County, Kansas",3375,2670,705,20.9,161,374,121200,801
0500000US20045,"Douglas County, Kansas",53308,49939,3369,6.3,8419,16457,281600,1066
0500000US20047,"Edwards County, Kansas",1551,1187,364,23.5,111,115,70500,732
0500000US20049,"Elk County, Kansas",1502,1076,426,28.4,90,178,60900,534
0500000US20051,"Ellis County, Kansas",13247,12186,1061,8.0,1866,2962,211100,899
0500000US20053,"Ellsworth County, Kansas",3110,2329,781,25.1,160,527,116300,705
0500000US20055,"Finney County, Kansas",14279,13198,1081,7.6,1893,2777,191100,991
0500000US20057,"Ford County, Kansas",12638,11768,870,6.9,1152,2449,132700,960
0500000US20059,"Franklin County, Kansas",11239,10289,950,8.5,1095,2330,187400,949
0500000US20061,"Geary County, Kansas",15917,13787,2130,13.4,3004,4519,165000,1119
0500000US20063,"Gove County, Kansas",1332,1171,161,12.1,66,258,119000,730
0500000US20065,"Graham County, Kansas",1428,1181,247,17.3,87,207,88800,726
0500000US20067,"Grant County, Kansas",2932,2377,555,18.9,117,314,146200,696
0500000US20069,"Gray County, Kansas",2339,2078,261,11.2,153,359,174700,833
0500000US20071,"Greeley County, Kansas",622,524,98,15.8,50,77,108900,915
0500000US20073,"Greenwood County, Kansas",3682,2604,1078,29.3,130,391,82600,710
0500000US20075,"Hamilton County, Kansas",1030,770,260,25.2,37,111,119700,778
0500000US20077,"Harper County, Kansas",3026,2205,821,27.1,143,345,77300,693
0500000US20079,"Harvey County, Kansas",14621,13478,1143,7.8,1347,3067,173300,891
0500000US20081,"Haskell County, Kansas",1545,1384,161,10.4,105,265,154800,776
0500000US20083,"Hodgeman County, Kansas",814,666,148,18.2,32,60,92700,900
0500000US20085,"Jackson County, Kansas",5615,5100,515,9.2,360,836,193600,856
0500000US20087,"Jefferson County, Kansas",8004,7390,614,7.7,327,1333,200800,844
0500000US20089,"Jewell County, Kansas",1760,1268,492,28.0,98,140,62100,591
0500000US20091,"Johnson County, Kansas",255320,244777,10543,4.1,27233,60405,366000,1385
0500000US20093,"Kearny County, Kansas",1579,1365,214,13.6,94,228,152500,1137
0500000US20095,"Kingman County, Kansas",3673,3088,585,15.9,316,597,107400,807
0500000US20097,"Kiowa County, Kansas",1150,948,202,17.6,81,138,152400,728
0500000US20099,"Labette County, Kansas",9508,8057,1451,15.3,871,1641,92100,729
0500000US20101,"Lane County, Kansas",885,725,160,18.1,43,142,119000,497
0500000US20103,"Leavenworth County, Kansas",31589,29754,1835,5.8,3316,7596,260600,1138
0500000US20105,"Lincoln County, Kansas",1667,1221,446,26.8,79,189,92600,604
0500000US20107,"Linn County, Kansas",5180,4299,881,17.0,390,889,164500,682
0500000US20109,"Logan County, Kansas",1372,1238,134,9.8,143,288,116600,796
0500000US20111,"Lyon County, Kansas",14998,13322,1676,11.2,1878,4055,142200,796
0500000US20113,"McPherson County, Kansas",13128,12151,977,7.4,1138,2413,198400,889
0500000US20115,"Marion County, Kansas",5673,4692,981,17.3,337,980,114400,727
0500000US20117,"Marshall County, Kansas",4758,4101,657,13.8,291,706,119500,670
0500000US20119,"Meade County, Kansas",1869,1496,373,20.0,72,401,122000,799
0500000US20121,"Miami County, Kansas",14090,13532,558,4.0,1272,2890,277700,1101
0500000US20123,"Mitchell County, Kansas",3124,2567,557,17.8,334,406,109600,653
0500000US20125,"Montgomery County, Kansas",15566,12871,2695,17.3,1255,2866,92100,759
0500000US20127,"Morris County, Kansas",2991,2499,492,16.4,132,512,120900,711
0500000US20129,"Morton County, Kansas",1316,950,366,27.8,62,181,95600,637
0500000US20131,"Nemaha County, Kansas",4501,4047,454,10.1,326,632,196100,726
0500000US20133,"Neosho County, Kansas",7227,6322,905,12.5,524,1277,101200,650
0500000US20135,"Ness County, Kansas",1475,1163,312,21.2,101,206,85400,653
0500000US20137,"Norton County, Kansas",2454,1917,537,21.9,179,301,106300,642
0500000US20139,"Osage County, Kansas",7293,6362,931,12.8,412,1278,142800,810
0500000US20141,"Osborne County, Kansas",2027,1609,418,20.6,76,354,84700,591
0500000US20143,"Ottawa County, Kansas",2684,2377,307,11.4,190,426,164100,738
0500000US20145,"Pawnee County, Kansas",3045,2415,630,20.7,299,337,102400,806
0500000US20147,"Phillips County, Kansas",2797,2182,615,22.0,87,474,94700,621
0500000US20149,"Pottawatomie County, Kansas",10077,9084,993,9.9,718,1954,223000,1011
0500000US20151,"Pratt County, Kansas",4375,3521,854,19.5,447,659,114500,810
0500000US20153,"Rawlins County, Kansas",1363,1166,197,14.5,89,234,99400,823
0500000US20155,"Reno County, Kansas",28309,25344,2965,10.5,2492,5089,125000,857
0500000US20157,"Republic County, Kansas",2672,1994,678,25.4,124,300,76000,638
0500000US20159,"Rice County, Kansas",4384,3694,690,15.7,284,760,105500,717
0500000US20161,"Riley County, Kansas",30674,27137,3537,11.5,5367,10019,231200,1065
0500000US20163,"Rooks County, Kansas",2643,2142,501,19.0,152,396,90000,679
0500000US20165,"Rush County, Kansas",1701,1382,319,18.8,81,300,79300,700
0500000US20167,"Russell County, Kansas",3687,3099,588,15.9,186,714,106400,722
0500000US20169,"Saline County, Kansas",24146,22299,1847,7.6,1893,5176,171900,915
0500000US20171,"Scott County, Kansas",2271,2190,81,3.6,249,526,170100,861
0500000US20173,"Sedgwick County, Kansas",225795,205024,20771,9.2,23295,53902,190700,977
0500000US20175,"Seward County, Kansas",8299,7208,1091,13.1,721,1938,134000,924
0500000US20177,"Shawnee County, Kansas",80884,74528,6356,7.9,7986,16081,170400,970
0500000US20179,"Sheridan County, Kansas",1156,1022,134,11.6,134,149,152000,663
0500000US20181,"Sherman County, Kansas",2938,2358,580,19.7,272,403,126300,852
0500000US20183,"Smith County, Kansas",2023,1578,445,22.0,90,290,91000,601
0500000US20185,"Stafford County, Kansas",2104,1598,506,24.0,129,352,96700,613
0500000US20187,"Stanton County, Kansas",1014,822,192,18.9,54,62,64200,691
0500000US20189,"Stevens County, Kansas",2244,1789,455,20.3,79,492,124500,930
0500000US20191,"Sumner County, Kansas",10395,8974,1421,13.7,611,1842,118700,829
0500000US20193,"Thomas County, Kansas",3580,3101,479,13.4,171,758,165900,753
0500000US20195,"Trego County, Kansas",1673,1346,327,19.5,91,218,115400,694
0500000US20197,"Wabaunsee County, Kansas",3135,2616,519,16.6,183,387,178200,771
0500000US20199,"Wallace County, Kansas",757,660,97,12.8,54,140,94200,578
0500000US20201,"Washington County, Kansas",2731,2371,360,13.2,118,366,106100,547
0500000US20203,"Wichita County, Kansas",990,878,112,11.3,28,192,98700,738
0500000US20205,"Wilson County, Kansas",4492,3515,977,21.7,327,689,93900,727
0500000US20207,"Woodson County, Kansas",1842,1226,616,33.4,80,252,77100,597
0500000US20209,"Wyandotte County, Kansas",68614,61241,7373,10.7,6013,14863,152700,1070
0500000US21001,"Adair County, Kentucky",8632,6986,1646,19.1,456,1482,134800,775
0500000US21003,"Allen County, Kentucky",9261,7852,1409,15.2,611,1503,176300,750
0500000US21005,"Anderson County, Kentucky",10196,9496,700,6.9,715,1989,213200,870
0500000US21007,"Ballard County, Kentucky",3707,3121,586,15.8,319,466,132900,826
0500000US21009,"Barren County, Kentucky",20107,17972,2135,10.6,1612,4550,166900,784
0500000US21011,"Bath County, Kentucky",5479,4743,736,13.4,516,778,111800,600
0500000US21013,"Bell County, Kentucky",11608,9526,2082,17.9,607,1744,83000,617
0500000US21015,"Boone County, Kentucky",52476,50341,2135,4.1,5119,11619,253200,1253
0500000US21017,"Bourbon County, Kentucky",9148,8128,1020,11.1,455,1617,211600,745
0500000US21019,"Boyd County, Kentucky",21731,19016,2715,12.5,1988,3752,126300,839
0500000US21021,"Boyle County, Kentucky",12969,11806,1163,9.0,1137,2972,200700,770
0500000US21023,"Bracken County, Kentucky",3847,3263,584,15.2,102,587,116400,748
0500000US21025,"Breathitt County, Kentucky",6559,5532,1027,15.7,297,765,61800,543
0500000US21027,"Breckinridge County, Kentucky",10760,7647,3113,28.9,393,1325,141400,730
0500000US21029,"Bullitt County, Kentucky",33222,31425,1797,5.4,1855,6020,233700,973
0500000US21031,"Butler County, Kentucky",5453,4561,892,16.4,303,906,105500,688
0500000US21033,"Caldwell County, Kentucky",6085,5187,898,14.8,379,1048,113500,724
0500000US21035,"Calloway County, Kentucky",18034,15086,2948,16.3,1603,3791,181200,828
0500000US21037,"Campbell County, Kentucky",41784,39232,2552,6.1,4167,8854,234500,1079
0500000US21039,"Carlisle County, Kentucky",2315,1876,439,19.0,188,375,104700,792
0500000US21041,"Carroll County, Kentucky",4682,4087,595,12.7,313,962,129800,853
0500000US21043,"Carter County, Kentucky",12283,10371,1912,15.6,629,1746,126100,701
0500000US21045,"Casey County, Kentucky",7401,6217,1184,16.0,522,1000,135700,645
0500000US21047,"Christian County, Kentucky",29307,25676,3631,12.4,3493,7783,149200,999
0500000US21049,"Clark County, Kentucky",16279,14934,1345,8.3,1165,3801,197900,883
0500000US21051,"Clay County, Kentucky",8642,7178,1464,16.9,439,1101,87300,698
0500000US21053,"Clinton County, Kentucky",4864,3762,1102,22.7,121,781,114000,629
0500000US21055,"Crittenden County, Kentucky",4351,3553,798,18.3,206,528,115700,618
0500000US21057,"Cumberland County, Kentucky",3399,2430,969,28.5,201,487,128600,553
0500000US21059,"Daviess County, Kentucky",44199,41157,3042,6.9,4082,10078,185800,906
0500000US21061,"Edmonson County, Kentucky",6418,4955,1463,22.8,394,815,136600,739
0500000US21063,"Elliott County, Kentucky",3065,2289,776,25.3,90,292,97400,427
0500000US21065,"Estill County, Kentucky",6847,5900,947,13.8,324,1205,111900,689
0500000US21067,"Fayette County, Kentucky",147720,137803,9917,6.7,20895,40025,272100,1101
0500000US21069,"Fleming County, Kentucky",6776,5779,997,14.7,386,1115,115200,677
0500000US21071,"Floyd County, Kentucky",17475,14460,3015,17.3,777,2477,93300,713
0500000US21073,"Franklin County, Kentucky",24082,22548,1534,6.4,2415,5036,198700,946
0500000US21075,"Fulton County, Kentucky",3174,2494,680,21.4,220,361,78100,542
0500000US21077,"Gallatin County, Kentucky",3763,3250,513,13.6,293,661,169400,858
0500000US21079,"Garrard County, Kentucky",7272,6625,647,8.9,490,1199,186800,793
0500000US21081,"Grant County, Kentucky",10182,9235,947,9.3,723,1771,185500,855
0500000US21083,"Graves County, Kentucky",16437,14152,2285,13.9,962,2769,139000,713
0500000US21085,"Grayson County, Kentucky",13336,9772,3564,26.7,672,1707,160100,653
0500000US21087,"Green County, Kentucky",5292,4394,898,17.0,210,1031,118900,612
0500000US21089,"Greenup County, Kentucky",16247,14600,1647,10.1,1087,2397,135300,836
0500000US21091,"Hancock County, Kentucky",3911,3537,374,9.6,256,633,137600,752
0500000US21093,"Hardin County, Kentucky",47370,43485,3885,8.2,4283,11623,205900,947
0500000US21095,"Harlan County, Kentucky",13012,10500,2512,19.3,730,1645,73100,651
0500000US21097,"Harrison County, Kentucky",8136,7239,897,11.0,597,1217,188900,755
0500000US21099,"Hart County, Kentucky",8888,7222,1666,18.7,566,1448,124600,692
0500000US21101,"Henderson County, Kentucky",20109,18458,1651,8.2,1482,3857,165700,794
0500000US21103,"Henry County, Kentucky",6678,6147,531,8.0,474,863,181300,871
0500000US21105,"Hickman County, Kentucky",2160,1640,520,24.1,84,210,92300,717
0500000US21107,"Hopkins County, Kentucky",20965,18169,2796,13.3,1498,3766,128800,841
0500000US21109,"Jackson County, Kentucky",5999,5015,984,16.4,477,952,107000,758
0500000US21111,"Jefferson County, Kentucky",357923,329392,28531,8.0,36368,80595,237200,1097
0500000US21113,"Jessamine County, Kentucky",20936,19645,1291,6.2,2107,4034,245100,994
0500000US21115,"Johnson County, Kentucky",10530,8843,1687,16.0,712,1746,125300,698
0500000US21117,"Kenton County, Kentucky",72896,67593,5303,7.3,6770,14876,227500,1018
0500000US21119,"Knott County, Kentucky",6695,5448,1247,18.6,226,646,74600,731
0500000US21121,"Knox County, Kentucky",13824,11326,2498,18.1,734,2257,109200,631
0500000US21123,"Larue County, Kentucky",6542,5966,576,8.8,653,900,177500,816
0500000US21125,"Laurel County, Kentucky",26705,23835,2870,10.7,1854,4978,143400,789
0500000US21127,"Lawrence County, Kentucky",7575,6150,1425,18.8,295,812,108100,729
0500000US21129,"Lee County, Kentucky",3227,2606,621,19.2,224,295,82100,593
0500000US21131,"Leslie County, Kentucky",4913,3909,1004,20.4,116,459,74100,520
0500000US21133,"Letcher County, Kentucky",10594,8367,2227,21.0,418,918,70500,651
0500000US21135,"Lewis County, Kentucky",6072,4905,1167,19.2,395,671,86100,757
0500000US21137,"Lincoln County, Kentucky",10869,9684,1185,10.9,693,1884,139300,730
0500000US21139,"Livingston County, Kentucky",4617,3502,1115,24.1,233,509,116300,912
0500000US21141,"Logan County, Kentucky",12459,10922,1537,12.3,1053,1823,151500,719
0500000US21143,"Lyon County, Kentucky",4806,3315,1491,31.0,230,673,183600,809
0500000US21145,"McCracken County, Kentucky",32155,27287,4868,15.1,2604,6588,182900,861
0500000US21147,"McCreary County, Kentucky",6919,5595,1324,19.1,426,687,77000,588
0500000US21149,"McLean County, Kentucky",4171,3608,563,13.5,189,592,145600,602
0500000US21151,"Madison County, Kentucky",39920,36722,3198,8.0,4478,10423,220700,851
0500000US21153,"Magoffin County, Kentucky",5466,4564,902,16.5,248,542,88300,633
0500000US21155,"Marion County, Kentucky",8427,7590,837,9.9,436,1614,158700,731
0500000US21157,"Marshall County, Kentucky",16461,13150,3311,20.1,954,2770,173700,773
0500000US21159,"Martin County, Kentucky",4847,3935,912,18.8,152,291,84900,441
0500000US21161,"Mason County, Kentucky",8186,6927,1259,15.4,575,1477,157500,724
0500000US21163,"Meade County, Kentucky",12111,10798,1313,10.8,787,2483,195000,976
0500000US21165,"Menifee County, Kentucky",3387,2387,1000,29.5,104,451,111500,634
0500000US21167,"Mercer County, Kentucky",10410,9137,1273,12.2,565,2043,189700,802
0500000US21169,"Metcalfe County, Kentucky",4719,4245,474,10.0,480,802,103100,549
0500000US21171,"Monroe County, Kentucky",5240,4586,654,12.5,384,992,116300,629
0500000US21173,"Montgomery County, Kentucky",12204,10950,1254,10.3,951,2454,163800,796
0500000US21175,"Morgan County, Kentucky",5650,4747,903,16.0,305,647,106000,670
0500000US21177,"Muhlenberg County, Kentucky",13533,11937,1596,11.8,726,2335,121300,712
0500000US21179,"Nelson County, Kentucky",20062,18787,1275,6.4,1426,4102,224100,932
0500000US21181,"Nicholas County, Kentucky",3333,2745,588,17.6,217,607,119600,654
0500000US21183,"Ohio County, Kentucky",10199,9155,1044,10.2,779,1551,113400,774
0500000US21185,"Oldham County, Kentucky",23512,22457,1055,4.5,1486,4431,375000,1142
0500000US21187,"Owen County, Kentucky",5378,4261,1117,20.8,283,765,165000,775
0500000US21189,"Owsley County, Kentucky",2024,1506,518,25.6,176,157,79900,551
0500000US21191,"Pendleton County, Kentucky",6285,5333,952,15.1,277,904,160800,800
0500000US21193,"Perry County, Kentucky",13256,11293,1963,14.8,1118,1857,90700,795
0500000US21195,"Pike County, Kentucky",28955,24449,4506,15.6,1552,4049,104200,837
0500000US21197,"Powell County, Kentucky",5619,4629,990,17.6,388,807,142400,743
0500000US21199,"Pulaski County, Kentucky",31673,25920,5753,18.2,2454,4939,156300,835
0500000US21201,"Robertson County, Kentucky",996,791,205,20.6,59,174,123400,543
0500000US21203,"Rockcastle County, Kentucky",7377,6428,949,12.9,455,1046,119300,678
0500000US21205,"Rowan County, Kentucky",10577,9345,1232,11.6,826,2480,155900,815
0500000US21207,"Russell County, Kentucky",10146,7210,2936,28.9,383,1399,148200,660
0500000US21209,"Scott County, Kentucky",23335,22119,1216,5.2,2571,5417,264200,1181
0500000US21211,"Shelby County, Kentucky",19216,17850,1366,7.1,1488,3508,277500,998
0500000US21213,"Simpson County, Kentucky",8456,7689,767,9.1,766,1552,195700,1011
0500000US21215,"Spencer County, Kentucky",7599,7062,537,7.1,443,1232,297600,954
0500000US21217,"Taylor County, Kentucky",11206,10045,1161,10.4,709,2067,163700,691
0500000US21219,"Todd County, Kentucky",5160,4434,726,14.1,237,744,157400,841
0500000US21221,"Trigg County, Kentucky",7625,6012,1613,21.2,494,1139,192000,802
0500000US21223,"Trimble County, Kentucky",3870,3277,593,15.3,184,586,172700,935
0500000US21225,"Union County, Kentucky",5868,5128,740,12.6,470,676,109000,787
0500000US21227,"Warren County, Kentucky",58563,54208,4355,7.4,7481,15257,242600,963
0500000US21229,"Washington County, Kentucky",5222,4650,572,11.0,347,694,168300,696
0500000US21231,"Wayne County, Kentucky",10144,8028,2116,20.9,567,1597,121700,666
0500000US21233,"Webster County, Kentucky",5728,4920,808,14.1,326,785,97600,774
0500000US21235,"Whitley County, Kentucky",15558,13570,1988,12.8,1108,2964,120600,720
0500000US21237,"Wolfe County, Kentucky",3043,2545,498,16.4,229,376,66400,507
0500000US21239,"Woodford County, Kentucky",11587,10743,844,7.3,935,2145,270400,1000
0500000US22001,"Acadia Parish, Louisiana",25036,21529,3507,14.0,1753,3453,146900,725
0500000US22003,"Allen Parish, Louisiana",9543,7659,1884,19.7,543,1344,110800,739
0500000US22005,"Ascension Parish, Louisiana",50971,46773,4198,8.2,3490,11182,265300,1283
0500000US22007,"Assumption Parish, Louisiana",10039,8420,1619,16.1,299,1528,141200,801
0500000US22009,"Avoyelles Parish, Louisiana",18323,14540,3783,20.6,1288,2412,120200,739
0500000US22011,"Beauregard Parish, Louisiana",15968,13691,2277,14.3,1086,2545,164500,882
0500000US22013,"Bienville Parish, Louisiana",6874,5425,1449,21.1,370,1208,93600,600
0500000US22015,"Bossier Parish, Louisiana",56122,49661,6461,11.5,5617,13406,215100,1168
0500000US22017,"Caddo Parish, Louisiana",112568,94917,17651,15.7,9344,21603,175900,962
0500000US22019,"Calcasieu Parish, Louisiana",94462,76995,17467,18.5,8515,14219,208500,1096
0500000US22021,"Caldwell Parish, Louisiana",4644,3686,958,20.6,254,1163,106000,756
0500000US22023,"Cameron Parish, Louisiana",3447,2034,1413,41.0,322,189,183300,-
0500000US22025,"Catahoula Parish, Louisiana",4447,3076,1371,30.8,208,370,88000,724
0500000US22027,"Claiborne Parish, Louisiana",6821,5019,1802,26.4,241,700,82400,619
0500000US22029,"Concordia Parish, Louisiana",9026,6575,2451,27.2,442,1115,102400,774
0500000US22031,"De Soto Parish, Louisiana",12560,10293,2267,18.0,750,1922,150700,719
0500000US22033,"East Baton Rouge Parish, Louisiana",205518,175408,30110,14.7,22069,44828,241800,1121
0500000US22035,"East Carroll Parish, Louisiana",3408,2508,900,26.4,285,497,87400,767
0500000US22037,"East Feliciana Parish, Louisiana",8171,6536,1635,20.0,307,1011,213700,745
0500000US22039,"Evangeline Parish, Louisiana",14523,12240,2283,15.7,1100,2110,118500,663
0500000US22041,"Franklin Parish, Louisiana",8937,7351,1586,17.7,758,744,117200,719
0500000US22043,"Grant Parish, Louisiana",9054,7195,1859,20.5,632,1177,135900,806
0500000US22045,"Iberia Parish, Louisiana",31215,26869,4346,13.9,2191,4747,156000,891
0500000US22047,"Iberville Parish, Louisiana",13419,11032,2387,17.8,681,1945,177100,817
0500000US22049,"Jackson Parish, Louisiana",7223,5602,1621,22.4,352,1120,107400,719
0500000US22051,"Jefferson Parish, Louisiana",194109,176986,17123,8.8,15497,37216,243500,1162
0500000US22053,"Jefferson Davis Parish, Louisiana",14107,11704,2403,17.0,744,2158,145000,847
0500000US22055,"Lafayette Parish, Louisiana",110400,99357,11043,10.0,10379,25564,234200,1022
0500000US22057,"Lafourche Parish, Louisiana",41164,37397,3767,9.2,2331,6383,190800,933
0500000US22059,"LaSalle Parish, Louisiana",6203,4883,1320,21.3,247,736,137200,576
0500000US22061,"Lincoln Parish, Louisiana",20650,18341,2309,11.2,1989,4846,195500,821
0500000US22063,"Livingston Parish, Louisiana",58899,51362,7537,12.8,4996,11487,218900,1102
0500000US22065,"Madison Parish, Louisiana",4388,3020,1368,31.2,144,568,90600,625
0500000US22067,"Morehouse Parish, Louisiana",11895,9779,2116,17.8,723,1820,108700,795
0500000US22069,"Natchitoches Parish, Louisiana",18663,14108,4555,24.4,1937,3431,163000,767
0500000US22071,"Orleans Parish, Louisiana",194758,155060,39698,20.4,14170,37930,296400,1211
0500000US22073,"Ouachita Parish, Louisiana",70667,60804,9863,14.0,6347,14308,183000,923
0500000US22075,"Plaquemines Parish, Louisiana",9625,8200,1425,14.8,349,1713,275800,1611
0500000US22077,"Pointe Coupee Parish, Louisiana",11044,8202,2842,25.7,592,1598,174500,794
0500000US22079,"Rapides Parish, Louisiana",58321,48660,9661,16.6,5210,10347,179100,942
0500000US22081,"Red River Parish, Louisiana",3599,3002,597,16.6,242,387,103200,731
0500000US22083,"Richland Parish, Louisiana",8698,7251,1447,16.6,554,1285,124500,836
0500000US22085,"Sabine Parish, Louisiana",13618,8485,5133,37.7,728,1577,129400,664
0500000US22087,"St. Bernard Parish, Louisiana",18004,15803,2201,12.2,973,2758,192100,1083
0500000US22089,"St. Charles Parish, Louisiana",20595,18622,1973,9.6,1035,2961,256800,1144
0500000US22091,"St. Helena Parish, Louisiana",5310,4101,1209,22.8,250,568,106400,802
0500000US22093,"St. James Parish, Louisiana",8651,7436,1215,14.0,122,1076,197800,821
0500000US22095,"St. John the Baptist Parish, Louisiana",17790,14922,2868,16.1,762,2363,184000,1118
0500000US22097,"St. Landry Parish, Louisiana",37001,31638,5363,14.5,2303,6117,142900,742
0500000US22099,"St. Martin Parish, Louisiana",23704,19963,3741,15.8,1401,3137,151000,865
0500000US22101,"St. Mary Parish, Louisiana",22510,18705,3805,16.9,1544,3276,128000,839
0500000US22103,"St. Tammany Parish, Louisiana",112414,103286,9128,8.1,9669,21682,272200,1305
0500000US22105,"Tangipahoa Parish, Louisiana",58663,50191,8472,14.4,5153,9883,204600,974
0500000US22107,"Tensas Parish, Louisiana",2804,1629,1175,41.9,88,203,80300,613
0500000US22109,"Terrebonne Parish, Louisiana",47236,41841,5395,11.4,3178,8584,189100,1010
0500000US22111,"Union Parish, Louisiana",10416,8247,2169,20.8,469,1133,115400,758
0500000US22113,"Vermilion Parish, Louisiana",25924,21914,4010,15.5,1783,4057,159700,802
0500000US22115,"Vernon Parish, Louisiana",22073,17754,4319,19.6,2508,5360,143500,1038
0500000US22117,"Washington Parish, Louisiana",21422,17651,3771,17.6,1212,3484,139400,772
0500000US22119,"Webster Parish, Louisiana",18341,14761,3580,19.5,818,2239,105600,777
0500000US22121,"West Baton Rouge Parish, Louisiana",11827,10400,1427,12.1,1078,1651,225900,1021
0500000US22123,"West Carroll Parish, Louisiana",4691,3875,816,17.4,159,512,97600,692
0500000US22125,"West Feliciana Parish, Louisiana",5127,3911,1216,23.7,309,855,263200,998
0500000US22127,"Winn Parish, Louisiana",6372,4883,1489,23.4,380,801,102600,640
0500000US23001,"Androscoggin County, Maine",50202,46632,3570,7.1,3584,10201,232000,966
0500000US23003,"Aroostook County, Maine",38444,29684,8760,22.8,2143,5203,131700,736
0500000US23005,"Cumberland County, Maine",151519,130003,21516,14.2,12152,27751,411400,1492
0500000US23007,"Franklin County, Maine",21089,12457,8632,40.9,807,2273,176700,759
0500000US23009,"Hancock County, Maine",40514,24992,15522,38.3,1634,4685,278400,1000
0500000US23011,"Kennebec County, Maine",63140,53936,9204,14.6,4160,10862,219900,952
0500000US23013,"Knox County, Maine",24428,17979,6449,26.4,962,3437,290800,1079
0500000US23015,"Lincoln County, Maine",23810,16201,7609,32.0,1047,2961,306200,1003
0500000US23017,"Oxford County, Maine",36558,23694,12864,35.2,1327,3927,192300,807
0500000US23019,"Penobscot County, Maine",75405,64769,10636,14.1,5675,13826,193800,997
0500000US23021,"Piscataquis County, Maine",14651,8111,6540,44.6,520,1904,153300,807
0500000US23023,"Sagadahoc County, Maine",19109,16175,2934,15.4,1112,3145,300200,1050
0500000US23025,"Somerset County, Maine",30009,22737,7272,24.2,1829,4239,155200,887
0500000US23027,"Waldo County, Maine",22118,17476,4642,21.0,1153,3124,239100,969
0500000US23029,"Washington County, Maine",21703,13989,7714,35.5,987,2661,147100,768
0500000US23031,"York County, Maine",113853,90250,23603,20.7,6397,17176,357200,1239
0500000US24001,"Allegany County, Maryland",32810,27436,5374,16.4,2150,4930,149200,786
0500000US24003,"Anne Arundel County, Maryland",234843,223602,11241,4.8,21818,51462,450300,1990
0500000US24005,"Baltimore County, Maryland",350296,330151,20145,5.8,28322,71363,330000,1566
0500000US24009,"Calvert County, Maryland",35960,33485,2475,6.9,2612,6030,440200,1701
0500000US24011,"Caroline County, Maryland",13516,12181,1335,9.9,976,1973,272400,1070
0500000US24013,"Carroll County, Maryland",66167,63487,2680,4.1,4024,10436,406400,1370
0500000US24015,"Cecil County, Maryland",44159,40172,3987,9.0,2572,7958,311800,1367
0500000US24017,"Charles County, Maryland",63053,60199,2854,4.5,4668,12168,402300,1897
0500000US24019,"Dorchester County, Maryland",16416,13324,3092,18.8,731,2510,252300,959
0500000US24021,"Frederick County, Maryland",106480,101807,4673,4.4,9995,22937,437700,1706
0500000US24023,"Garrett County, Maryland",18567,12565,6002,32.3,818,2131,217000,710
0500000US24025,"Harford County, Maryland",104409,100271,4138,4.0,8257,19746,367300,1557
0500000US24027,"Howard County, Maryland",124489,120066,4423,3.6,11779,25982,576700,2038
0500000US24029,"Kent County, Maryland",10326,8530,1796,17.4,904,1627,307100,1144
0500000US24031,"Montgomery County, Maryland",405127,387881,17246,4.3,40514,87212,615200,2030
0500000US24033,"Prince George's County, Maryland",362440,344586,17854,4.9,30989,77821,404300,1761
0500000US24035,"Queen Anne's County, Maryland",21703,19637,2066,9.5,1327,4043,441800,1611
0500000US24037,"St. Mary's County, Maryland",46078,41743,4335,9.4,3701,9551,390900,1692
0500000US24039,"Somerset County, Maryland",10916,8296,2620,24.0,244,2431,164300,938
0500000US24041,"Talbot County, Maryland",19671,16211,3460,17.6,1387,3271,398300,1248
0500000US24043,"Washington County, Maryland",63965,59411,4554,7.1,5243,13910,275900,1100
0500000US24045,"Wicomico County, Maryland",43925,40034,3891,8.9,4327,9814,238900,1238
0500000US24047,"Worcester County, Maryland",56585,23827,32758,57.9,1764,4980,348100,1180
0500000US24510,"Baltimore city, Maryland",293631,250608,43023,14.7,29507,68121,219300,1290
0500000US25001,"Barnstable County, Massachusetts",165661,102981,62680,37.8,6596,17780,575900,1596
0500000US25003,"Berkshire County, Massachusetts",69861,56517,13344,19.1,4233,10029,283800,1042
0500000US25005,"Bristol County, Massachusetts",244166,232202,11964,4.9,17224,43169,421800,1181
0500000US25007,"Dukes County, Massachusetts",17713,7362,10351,58.4,220,1186,1104100,1371
0500000US25009,"Essex County, Massachusetts",328460,311676,16784,5.1,27265,62715,584000,1673
0500000US25011,"Franklin County, Massachusetts",34424,31498,2926,8.5,1970,5694,303400,1169
0500000US25013,"Hampden County, Massachusetts",197210,184217,12993,6.6,13372,35476,276300,1105
0500000US25015,"Hampshire County, Massachusetts",66490,61770,4720,7.1,5759,12111,363400,1332
0500000US25017,"Middlesex County, Massachusetts",660814,630939,29875,4.5,68845,134398,687200,2126
0500000US25019,"Nantucket County, Massachusetts",12449,5048,7401,59.5,500,572,1387000,2070
0500000US25021,"Norfolk County, Massachusetts",293420,281408,12012,4.1,26811,56503,649400,2072
0500000US25023,"Plymouth County, Massachusetts",216654,200995,15659,7.2,14369,36639,513000,1655
0500000US25025,"Suffolk County, Massachusetts",353930,322184,31746,9.0,50550,84217,680700,2069
0500000US25027,"Worcester County, Massachusetts",353405,333273,20132,5.7,28427,65707,390700,1347
0500000US26001,"Alcona County, Michigan",10353,5116,5237,50.6,340,796,157500,790
0500000US26003,"Alger County, Michigan",6205,3490,2715,43.8,141,564,165700,712
0500000US26005,"Allegan County, Michigan",52262,44984,7278,13.9,2631,8294,247000,1065
0500000US26007,"Alpena County, Michigan",15674,12734,2940,18.8,736,2327,137800,660
0500000US26009,"Antrim County, Michigan",17613,11034,6579,37.4,819,1984,222500,920
0500000US26011,"Arenac County, Michigan",9536,6421,3115,32.7,340,1094,129000,741
0500000US26013,"Baraga County, Michigan",5071,3337,1734,34.2,222,585,124400,557
0500000US26015,"Barry County, Michigan",27617,24409,3208,11.6,1459,4707,243700,955
0500000US26017,"Bay County, Michigan",48620,44917,3703,7.6,2901,8061,135100,809
0500000US26019,"Benzie County, Michigan",12231,7466,4765,39.0,397,1043,254400,974
0500000US26021,"Berrien County, Michigan",77127,63651,13476,17.5,5409,12922,211400,923
0500000US26023,"Branch County, Michigan",20879,16922,3957,19.0,1412,3028,147500,900
0500000US26025,"Calhoun County, Michigan",59626,53431,6195,10.4,4467,11218,151500,937
0500000US26027,"Cass County, Michigan",25543,21089,4454,17.4,1306,4013,205200,870
0500000US26029,"Charlevoix County, Michigan",17578,12247,5331,30.3,839,2246,242800,929
0500000US26031,"Cheboygan County, Michigan",17742,10757,6985,39.4,666,1580,175200,822
0500000US26033,"Chippewa County, Michigan",20340,13867,6473,31.8,1223,2687,153100,793
0500000US26035,"Clare County, Michigan",21953,12150,9803,44.7,960,2260,117400,743
0500000US26037,"Clinton County, Michigan",33123,31314,1809,5.5,2691,5629,243700,1039
0500000US26039,"Crawford County, Michigan",10268,6009,4259,41.5,504,1178,149900,825
0500000US26041,"Delta County, Michigan",19841,15900,3941,19.9,1097,2736,146800,698
0500000US26043,"Dickinson County, Michigan",13941,11837,2104,15.1,1152,1922,130300,744
0500000US26045,"Eaton County, Michigan",47650,45115,2535,5.3,3947,9162,206700,1042
0500000US26047,"Emmet County, Michigan",21886,14604,7282,33.3,1091,3029,275300,1033
0500000US26049,"Genesee County, Michigan",183729,166375,17354,9.4,13144,34550,172900,936
0500000US26051,"Gladwin County, Michigan",17003,11060,5943,35.0,919,1953,153200,689
0500000US26053,"Gogebic County, Michigan",10400,7038,3362,32.3,389,1122,99700,577
0500000US26055,"Grand Traverse County, Michigan",46435,39596,6839,14.7,2860,8495,296200,1215
0500000US26057,"Gratiot County, Michigan",16051,14511,1540,9.6,965,2965,136800,808
0500000US26059,"Hillsdale County, Michigan",21490,17858,3632,16.9,1054,3425,170500,801
0500000US26061,"Houghton County, Michigan",18781,14251,4530,24.1,1751,3013,140300,767
0500000US26063,"Huron County, Michigan",20372,13836,6536,32.1,713,2082,141300,743
0500000US26065,"Ingham County, Michigan",125812,116566,9246,7.3,14553,32585,187500,1058
0500000US26067,"Ionia County, Michigan",24746,22994,1752,7.1,1823,4616,189400,840
0500000US26069,"Iosco County, Michigan",19978,11449,8529,42.7,834,1988,122900,659
0500000US26071,"Iron County, Michigan",9046,5354,3692,40.8,288,789,101500,510
0500000US26073,"Isabella County, Michigan",28600,24942,3658,12.8,3749,6419,165100,863
0500000US26075,"Jackson County, Michigan",69188,62034,7154,10.3,4565,13404,182900,958
0500000US26077,"Kalamazoo County, Michigan",114463,106251,8212,7.2,12318,27232,227500,1049
0500000US26079,"Kalkaska County, Michigan",11655,7716,3939,33.8,477,1301,174300,767
0500000US26081,"Kent County, Michigan",267071,254860,12211,4.6,24495,60416,265700,1176
0500000US26083,"Keweenaw County, Michigan",2292,1090,1202,52.4,29,240,181400,679
0500000US26085,"Lake County, Michigan",13432,4931,8501,63.3,515,819,122900,863
0500000US26087,"Lapeer County, Michigan",36980,34479,2501,6.8,1901,5522,229100,959
0500000US26089,"Leelanau County, Michigan",15630,9439,6191,39.6,414,1519,406900,1223
0500000US26091,"Lenawee County, Michigan",43747,38807,4940,11.3,2472,7177,181100,965
0500000US26093,"Livingston County, Michigan",79520,75722,3798,4.8,4863,13592,331100,1236
0500000US26095,"Luce County, Michigan",4081,2404,1677,41.1,163,530,110400,799
0500000US26097,"Mackinac County, Michigan",10575,5128,5447,51.5,506,920,165600,761
0500000US26099,"Macomb County, Michigan",371723,356426,15297,4.1,26243,70100,231400,1175
0500000US26101,"Manistee County, Michigan",15631,10324,5307,34.0,610,1674,166600,820
0500000US26103,"Marquette County, Michigan",33553,27887,5666,16.9,2651,6183,202000,923
0500000US26105,"Mason County, Michigan",17499,12426,5073,29.0,1000,2443,199300,840
0500000US26107,"Mecosta County, Michigan",21045,16312,4733,22.5,1589,3714,169900,867
0500000US26109,"Menominee County, Michigan",13261,10011,3250,24.5,638,1537,142700,675
0500000US26111,"Midland County, Michigan",37048,34608,2440,6.6,3077,7142,184300,974
0500000US26113,"Missaukee County, Michigan",8676,5750,2926,33.7,412,1099,163700,838
0500000US26115,"Monroe County, Michigan",66300,62509,3791,5.7,4752,10893,215700,1017
0500000US26117,"Montcalm County, Michigan",28046,24153,3893,13.9,1878,4613,172100,867
0500000US26119,"Montmorency County, Michigan",8926,4769,4157,46.6,359,1034,142000,811
0500000US26121,"Muskegon County, Michigan",74969,67112,7857,10.5,4757,13392,180900,960
0500000US26123,"Newaygo County, Michigan",24781,19428,5353,21.6,1389,2868,178300,882
0500000US26125,"Oakland County, Michigan",557978,528681,29297,5.3,45617,112189,320400,1319
0500000US26127,"Oceana County, Michigan",15645,10247,5398,34.5,542,1743,167600,768
0500000US26129,"Ogemaw County, Michigan",15326,9122,6204,40.5,623,1517,138600,828
0500000US26131,"Ontonagon County, Michigan",5256,2978,2278,43.3,172,371,101000,571
0500000US26133,"Osceola County, Michigan",12634,9072,3562,28.2,595,1476,139600,764
0500000US26135,"Oscoda County, Michigan",7705,3648,4057,52.7,284,620,126000,675
0500000US26137,"Otsego County, Michigan",14893,10996,3897,26.2,1050,2374,196500,880
0500000US26139,"Ottawa County, Michigan",116173,110019,6154,5.3,9424,23813,291200,1148
0500000US26141,"Presque Isle County, Michigan",9856,6316,3540,35.9,324,1090,135200,625
0500000US26143,"Roscommon County, Michigan",23170,11475,11695,50.5,855,2352,148000,789
0500000US26145,"Saginaw County, Michigan",86134,77586,8548,9.9,5536,13996,139400,921
0500000US26147,"St. Clair County, Michigan",72467,66618,5849,8.1,5357,12139,213900,999
0500000US26149,"St. Joseph County, Michigan",27248,23610,3638,13.4,1493,4687,167600,825
0500000US26151,"Sanilac County, Michigan",21751,17451,4300,19.8,1003,3010,162200,814
0500000US26153,"Schoolcraft County, Michigan",5947,3821,2126,35.7,353,571,123500,654
0500000US26155,"Shiawassee County, Michigan",30272,27618,2654,8.8,1874,4584,164600,876
0500000US26157,"Tuscola County, Michigan",24005,21472,2533,10.6,1211,3206,136900,796
0500000US26159,"Van Buren County, Michigan",37243,30101,7142,19.2,1950,5545,189900,845
0500000US26161,"Washtenaw County, Michigan",158115,149256,8859,5.6,20678,36271,353000,1400
0500000US26163,"Wayne County, Michigan",796119,693446,102673,12.9,53590,140967,170200,1087
0500000US26165,"Wexford County, Michigan",16532,13428,3104,18.8,873,2853,160300,877
0500000US27001,"Aitkin County, Minnesota",14203,6935,7268,51.2,583,1150,235100,912
0500000US27003,"Anoka County, Minnesota",140246,136171,4075,2.9,10163,26217,325800,1396
0500000US27005,"Becker County, Minnesota",19869,14404,5465,27.5,1056,2721,266900,899
0500000US27007,"Beltrami County, Minnesota",21583,17908,3675,17.0,2096,3630,222300,991
0500000US27009,"Benton County, Minnesota",17484,16494,990,5.7,1776,3748,247100,917
0500000US27011,"Big Stone County, Minnesota",2984,2179,805,27.0,138,325,135700,718
0500000US27013,"Blue Earth County, Minnesota",29544,27183,2361,8.0,3728,7449,252800,1076
0500000US27015,"Brown County, Minnesota",11802,10946,856,7.3,855,1990,181700,931
0500000US27017,"Carlton County, Minnesota",15830,13972,1858,11.7,999,2729,232000,967
0500000US27019,"Carver County, Minnesota",41395,40231,1164,2.8,3177,8742,426900,1444
0500000US27021,"Cass County, Minnesota",24294,12768,11526,47.4,821,2148,262300,889
0500000US27023,"Chippewa County, Minnesota",5649,5196,453,8.0,447,1039,149000,846
0500000US27025,"Chisago County, Minnesota",22711,21252,1459,6.4,1370,3899,326600,1112
0500000US27027,"Clay County, Minnesota",27241,25939,1302,4.8,3564,5805,256000,1000
0500000US27029,"Clearwater County, Minnesota",4449,3245,1204,27.1,192,454,177100,740
0500000US27031,"Cook County, Minnesota",6024,2700,3324,55.2,238,502,294000,886
0500000US27033,"Cottonwood County, Minnesota",5163,4659,504,9.8,342,890,154000,765
0500000US27035,"Crow Wing County, Minnesota",42191,28778,13413,31.8,2165,6319,274400,962
0500000US27037,"Dakota County, Minnesota",176447,171630,4817,2.7,16776,35133,362100,1497
0500000US27039,"Dodge County, Minnesota",8399,8018,381,4.5,534,1567,267500,1007
0500000US27041,"Douglas County, Minnesota",22087,17416,4671,21.1,1517,3720,291700,896
0500000US27043,"Faribault County, Minnesota",6921,6170,751,10.9,396,953,120200,837
0500000US27045,"Fillmore County, Minnesota",9669,8626,1043,10.8,539,1522,204000,763
0500000US27047,"Freeborn County, Minnesota",14116,12885,1231,8.7,1098,2346,164900,837
0500000US27049,"Goodhue County, Minnesota",21071,19631,1440,6.8,1348,3911,269400,939
0500000US27051,"Grant County, Minnesota",3146,2521,625,19.9,150,487,178600,779
0500000US27053,"Hennepin County, Minnesota",564441,534573,29868,5.3,63916,130080,376500,1439
0500000US27055,"Houston County, Minnesota",8755,8074,681,7.8,530,1224,226300,881
0500000US27057,"Hubbard County, Minnesota",14760,8885,5875,39.8,660,1700,255900,923
0500000US27059,"Isanti County, Minnesota",16976,15875,1101,6.5,1167,3531,283200,1241
0500000US27061,"Itasca County, Minnesota",25589,18510,7079,27.7,1257,3104,212000,944
0500000US27063,"Jackson County, Minnesota",4914,4421,493,10.0,256,720,145400,736
0500000US27065,"Kanabec County, Minnesota",7793,6475,1318,16.9,371,1102,221100,1003
0500000US27067,"Kandiyohi County, Minnesota",20212,17450,2762,13.7,1695,3502,230500,843
0500000US27069,"Kittson County, Minnesota",2279,1758,521,22.9,151,232,134400,728
0500000US27071,"Koochiching County, Minnesota",7418,5710,1708,23.0,434,842,143700,774
0500000US27073,"Lac qui Parle County, Minnesota",3474,2881,593,17.1,154,376,143400,809
0500000US27075,"Lake County, Minnesota",7405,5030,2375,32.1,275,957,222900,1026
0500000US27077,"Lake of the Woods County, Minnesota",3457,1665,1792,51.8,42,269,215000,867
0500000US27079,"Le Sueur County, Minnesota",12978,11499,1479,11.4,973,1881,287700,885
0500000US27081,"Lincoln County, Minnesota",3061,2435,626,20.5,175,469,152200,688
0500000US27083,"Lyon County, Minnesota",11252,10003,1249,11.1,827,1963,193100,742
0500000US27085,"McLeod County, Minnesota",15936,14971,965,6.1,1083,2948,233400,906
0500000US27087,"Mahnomen County, Minnesota",2552,1871,681,26.7,102,272,146500,685
0500000US27089,"Marshall County, Minnesota",4416,3740,676,15.3,174,489,153300,737
0500000US27091,"Martin County, Minnesota",9715,8840,875,9.0,771,1551,158800,735
0500000US27093,"Meeker County, Minnesota",10671,9141,1530,14.3,631,1558,228900,894
0500000US27095,"Mille Lacs County, Minnesota",12958,10739,2219,17.1,694,2305,237500,909
0500000US27097,"Morrison County, Minnesota",16204,13860,2344,14.5,931,2510,237000,782
0500000US27099,"Mower County, Minnesota",16963,15570,1393,8.2,1326,3316,172000,848
0500000US27101,"Murray County, Minnesota",4401,3601,800,18.2,218,563,179400,768
0500000US27103,"Nicollet County, Minnesota",13530,12984,546,4.0,826,2687,258500,931
0500000US27105,"Nobles County, Minnesota",8398,7689,709,8.4,533,1406,179200,863
0500000US27107,"Norman County, Minnesota",3228,2676,552,17.1,226,428,135700,752
0500000US27109,"Olmsted County, Minnesota",70255,66629,3626,5.2,7382,16287,304500,1283
0500000US27111,"Otter Tail County, Minnesota",36669,25181,11488,31.3,1797,5051,252500,805
0500000US27113,"Pennington County, Minnesota",6755,6170,585,8.7,507,1401,188900,900
0500000US27115,"Pine County, Minnesota",17148,11913,5235,30.5,815,1863,225600,873
0500000US27117,"Pipestone County, Minnesota",4316,3971,345,8.0,235,917,126700,731
0500000US27119,"Polk County, Minnesota",14670,12448,2222,15.1,1032,2471,211100,843
0500000US27121,"Pope County, Minnesota",6411,4987,1424,22.2,356,797,242800,851
0500000US27123,"Ramsey County, Minnesota",231606,219075,12531,5.4,25726,50888,304900,1298
0500000US27125,"Red Lake County, Minnesota",1884,1650,234,12.4,89,190,157200,628
0500000US27127,"Redwood County, Minnesota",7103,6156,947,13.3,386,1056,150400,767
0500000US27129,"Renville County, Minnesota",6911,5965,946,13.7,430,986,151900,760
0500000US27131,"Rice County, Minnesota",25173,23345,1828,7.3,2128,5003,298500,1046
0500000US27133,"Rock County, Minnesota",4236,3956,280,6.6,318,694,201600,745
0500000US27135,"Roseau County, Minnesota",7188,6058,1130,15.7,462,932,177100,886
0500000US27137,"St. Louis County, Minnesota",103924,86264,17660,17.0,8187,17599,208500,970
0500000US27139,"Scott County, Minnesota",55687,54238,1449,2.6,3794,11985,393500,1485
0500000US27141,"Sherburne County, Minnesota",36581,34951,1630,4.5,2558,7132,332700,1151
0500000US27143,"Sibley County, Minnesota",6482,5884,598,9.2,387,911,215000,858
0500000US27145,"Stearns County, Minnesota",66211,60937,5274,8.0,6945,14113,256500,1057
0500000US27147,"Steele County, Minnesota",15878,15001,877,5.5,1288,2606,234200,1006
0500000US27149,"Stevens County, Minnesota",4201,3835,366,8.7,351,1013,180800,833
0500000US27151,"Swift County, Minnesota",4697,4134,563,12.0,293,858,147100,900
0500000US27153,"Todd County, Minnesota",12929,10049,2880,22.3,524,1661,188400,850
0500000US27155,"Traverse County, Minnesota",1896,1410,486,25.6,97,204,110100,617
0500000US27157,"Wabasha County, Minnesota",10229,9129,1100,10.8,581,1559,245800,798
0500000US27159,"Wadena County, Minnesota",6990,5889,1101,15.8,514,1348,170500,706
0500000US27161,"Waseca County, Minnesota",7910,7505,405,5.1,439,1343,213200,819
0500000US27163,"Washington County, Minnesota",107035,103411,3624,3.4,9204,22921,400900,1637
0500000US27165,"Watonwan County, Minnesota",4904,4314,590,12.0,229,657,151600,807
0500000US27167,"Wilkin County, Minnesota",2977,2691,286,9.6,244,408,172300,561
0500000US27169,"Winona County, Minnesota",21763,20288,1475,6.8,2544,4406,222900,866
0500000US27171,"Wright County, Minnesota",56153,52757,3396,6.0,4322,10828,332800,1246
0500000US27173,"Yellow Medicine County, Minnesota",4512,3993,519,11.5,236,532,148200,688
0500000US28001,"Adams County, Mississippi",14920,11573,3347,22.4,687,1855,106300,720
0500000US28003,"Alcorn County, Mississippi",16242,14281,1961,12.1,1024,2948,132300,728
0500000US28005,"Amite County, Mississippi",7289,5862,1427,19.6,264,1301,89800,689
0500000US28007,"Attala County, Mississippi",8341,6467,1874,22.5,298,810,107600,774
0500000US28009,"Benton County, Mississippi",4100,3027,1073,26.2,194,610,109300,729
0500000US28011,"Bolivar County, Mississippi",13679,11907,1772,13.0,743,2626,123600,671
0500000US28013,"Calhoun County, Mississippi",6744,5696,1048,15.5,353,881,82900,674
0500000US28015,"Carroll County, Mississippi",4950,4205,745,15.1,197,554,105500,621
0500000US28017,"Chickasaw County, Mississippi",7817,6681,1136,14.5,605,1011,100400,702
0500000US28019,"Choctaw County, Mississippi",4363,3450,913,20.9,161,462,104500,661
0500000US28021,"Claiborne County, Mississippi",3949,2836,1113,28.2,198,262,80800,651
0500000US28023,"Clarke County, Mississippi",7635,6246,1389,18.2,331,785,114300,803
0500000US28025,"Clay County, Mississippi",9035,7728,1307,14.5,367,1478,115600,718
0500000US28027,"Coahoma County, Mississippi",10188,8463,1725,16.9,870,1776,86400,719
0500000US28029,"Copiah County, Mississippi",12457,9906,2551,20.5,732,1338,105600,682
0500000US28031,"Covington County, Mississippi",8360,7079,1281,15.3,302,887,98500,639
0500000US28033,"DeSoto County, Mississippi",74066,69327,4739,6.4,4881,17877,248700,1341
0500000US28035,"Forrest County, Mississippi",33672,29722,3950,11.7,3167,8048,152900,960
0500000US28037,"Franklin County, Mississippi",4303,2949,1354,31.5,55,511,95100,706
0500000US28039,"George County, Mississippi",10316,9195,1121,10.9,868,1853,168100,868
0500000US28041,"Greene County, Mississippi",5137,3818,1319,25.7,225,809,94200,811
0500000US28043,"Grenada County, Mississippi",10418,8535,1883,18.1,622,1992,123400,823
0500000US28045,"Hancock County, Mississippi",23277,19911,3366,14.5,2258,4046,206600,999
0500000US28047,"Harrison County, Mississippi",93505,81214,12291,13.1,9691,20968,199300,1074
0500000US28049,"Hinds County, Mississippi",106225,89720,16505,15.5,8713,20765,151200,1032
0500000US28051,"Holmes County, Mississippi",7573,6003,1570,20.7,312,1201,76500,589
0500000US28053,"Humphreys County, Mississippi",3529,3003,526,14.9,146,357,88800,643
0500000US28055,"Issaquena County, Mississippi",438,376,62,14.2,3,63,90700,253
0500000US28057,"Itawamba County, Mississippi",10515,9224,1291,12.3,468,1812,122400,832
0500000US28059,"Jackson County, Mississippi",62994,57027,5967,9.5,5886,12249,181700,1087
0500000US28061,"Jasper County, Mississippi",8097,6390,1707,21.1,316,924,118600,809
0500000US28063,"Jefferson County, Mississippi",3383,2372,1011,29.9,101,237,81400,444
0500000US28065,"Jefferson Davis County, Mississippi",5665,4383,1282,22.6,443,389,87100,695
0500000US28067,"Jones County, Mississippi",28710,24600,4110,14.3,1559,4262,126800,810
0500000US28069,"Kemper County, Mississippi",3937,3209,728,18.5,176,357,90200,470
0500000US28071,"Lafayette County, Mississippi",28418,18510,9908,34.9,2104,4859,260500,1091
0500000US28073,"Lamar County, Mississippi",27523,25053,2470,9.0,2897,6415,218700,1061
0500000US28075,"Lauderdale County, Mississippi",33558,28553,5005,14.9,1888,5813,124500,897
0500000US28077,"Lawrence County, Mississippi",5766,4323,1443,25.0,262,638,104600,835
0500000US28079,"Leake County, Mississippi",9054,7384,1670,18.4,287,1226,114600,757
0500000US28081,"Lee County, Mississippi",37507,31823,5684,15.2,2278,7520,187800,929
0500000US28083,"Leflore County, Mississippi",12643,9973,2670,21.1,446,2056,98200,701
0500000US28085,"Lincoln County, Mississippi",15885,13026,2859,18.0,852,2148,131800,754
0500000US28087,"Lowndes County, Mississippi",27044,22829,4215,15.6,2219,5320,157400,909
0500000US28089,"Madison County, Mississippi",46798,43097,3701,7.9,4659,10101,286300,1097
0500000US28091,"Marion County, Mississippi",11165,9199,1966,17.6,366,1381,117000,700
0500000US28093,"Marshall County, Mississippi",15308,12798,2510,16.4,658,2567,172200,926
0500000US28095,"Monroe County, Mississippi",16790,13673,3117,18.6,880,2284,115200,721
0500000US28097,"Montgomery County, Mississippi",5349,3787,1562,29.2,284,618,110700,682
0500000US28099,"Neshoba County, Mississippi",12086,10285,1801,14.9,709,2134,96600,759
0500000US28101,"Newton County, Mississippi",9145,7697,1448,15.8,328,1252,102700,722
0500000US28103,"Noxubee County, Mississippi",4728,3786,942,19.9,185,861,85200,590
0500000US28105,"Oktibbeha County, Mississippi",25426,21300,4126,16.2,3736,6688,219500,873
0500000US28107,"Panola County, Mississippi",14691,12382,2309,15.7,801,2252,121500,859
0500000US28109,"Pearl River County, Mississippi",25137,21489,3648,14.5,1422,3601,174500,887
0500000US28111,"Perry County, Mississippi",5463,4552,911,16.7,363,599,126000,650
0500000US28113,"Pike County, Mississippi",19109,15226,3883,20.3,1137,2887,110500,879
0500000US28115,"Pontotoc County, Mississippi",14076,11682,2394,17.0,902,2481,141700,848
0500000US28117,"Prentiss County, Mississippi",11029,9363,1666,15.1,576,1521,116500,620
0500000US28119,"Quitman County, Mississippi",3045,2653,392,12.9,229,536,68600,650
0500000US28121,"Rankin County, Mississippi",64076,59624,4452,6.9,5022,13143,223400,1210
0500000US28123,"Scott County, Mississippi",11423,9668,1755,15.4,537,1533,89900,888
0500000US28125,"Sharkey County, Mississippi",1673,1400,273,16.3,84,195,108000,622
0500000US28127,"Simpson County, Mississippi",11661,9573,2088,17.9,440,1464,111600,819
0500000US28129,"Smith County, Mississippi",6684,5397,1287,19.3,221,994,114000,664
0500000US28131,"Stone County, Mississippi",7595,6616,979,12.9,534,1142,163300,839
0500000US28133,"Sunflower County, Mississippi",9415,8058,1357,14.4,457,1429,103400,670
0500000US28135,"Tallahatchie County, Mississippi",5488,4322,1166,21.2,360,529,82200,695
0500000US28137,"Tate County, Mississippi",11532,10720,812,7.0,607,2052,173000,897
0500000US28139,"Tippah County, Mississippi",9942,7896,2046,20.6,338,1341,128400,720
0500000US28141,"Tishomingo County, Mississippi",10549,8633,1916,18.2,568,1779,132500,703
0500000US28143,"Tunica County, Mississippi",4712,3600,1112,23.6,226,1060,154500,938
0500000US28145,"Union County, Mississippi",12195,10000,2195,18.0,611,1656,159100,910
0500000US28147,"Walthall County, Mississippi",6883,5400,1483,21.5,417,891,120600,718
0500000US28149,"Warren County, Mississippi",21542,16816,4726,21.9,1186,3012,144400,889
0500000US28151,"Washington County, Mississippi",20894,17227,3667,17.6,1089,3441,99300,786
0500000US28153,"Wayne County, Mississippi",9101,7446,1655,18.2,179,1026,88000,786
0500000US28155,"Webster County, Mississippi",5094,4101,993,19.5,314,573,109500,618
0500000US28157,"Wilkinson County, Mississippi",4600,3436,1164,25.3,255,412,80200,674
0500000US28159,"Winston County, Mississippi",8231,7070,1161,14.1,585,1120,121200,654
0500000US28161,"Yalobusha County, Mississippi",6476,5037,1439,22.2,266,1227,97200,810
0500000US28163,"Yazoo County, Mississippi",10473,8892,1581,15.1,765,1775,129200,804
0500000US29001,"Adair County, Missouri",11380,8911,2469,21.7,1191,2291,159500,782
0500000US29003,"Andrew County, Missouri",7551,6975,576,7.6,421,1129,196200,944
0500000US29005,"Atchison County, Missouri",2726,2295,431,15.8,156,368,100600,595
0500000US29007,"Audrain County, Missouri",10566,8991,1575,14.9,801,1509,121600,698
0500000US29009,"Barry County, Missouri",17028,13360,3668,21.5,971,2432,172900,750
0500000US29011,"Barton County, Missouri",5295,4425,870,16.4,330,967,136000,777
0500000US29013,"Bates County, Missouri",7192,5975,1217,16.9,594,989,154800,760
0500000US29015,"Benton County, Missouri",13579,8166,5413,39.9,533,1882,164700,823
0500000US29017,"Bollinger County, Missouri",5047,3887,1160,23.0,264,553,142400,677
0500000US29019,"Boone County, Missouri",80912,75084,5828,7.2,11472,21812,254100,1060
0500000US29021,"Buchanan County, Missouri",38415,33398,5017,13.1,3519,8447,156600,889
0500000US29023,"Butler County, Missouri",19296,16490,2806,14.5,1580,3596,138800,768
0500000US29025,"Caldwell County, Missouri",4269,3591,678,15.9,340,650,156700,628
0500000US29027,"Callaway County, Missouri",18596,16203,2393,12.9,1634,3360,196200,850
0500000US29029,"Camden County, Missouri",39839,17170,22669,56.9,1325,3870,270700,838
0500000US29031,"Cape Girardeau County, Missouri",35892,32544,3348,9.3,3840,7951,208300,881
0500000US29033,"Carroll County, Missouri",4380,3443,937,21.4,295,671,110500,785
0500000US29035,"Carter County, Missouri",2692,1965,727,27.0,230,285,147600,661
0500000US29037,"Cass County, Missouri",44928,42311,2617,5.8,4187,9164,269000,1147
0500000US29039,"Cedar County, Missouri",6964,5636,1328,19.1,528,873,162500,783
0500000US29041,"Chariton County, Missouri",3797,2655,1142,30.1,155,335,118900,540
0500000US29043,"Christian County, Missouri",35972,34256,1716,4.8,3446,8514,249700,979
0500000US29045,"Clark County, Missouri",3233,2265,968,29.9,86,365,117600,589
0500000US29047,"Clay County, Missouri",106689,101008,5681,5.3,11208,26175,256400,1220
0500000US29049,"Clinton County, Missouri",9019,8238,781,8.7,768,1783,204300,985
0500000US29051,"Cole County, Missouri",33385,30746,2639,7.9,2904,7325,214400,804
0500000US29053,"Cooper County, Missouri",7276,6169,1107,15.2,552,1061,197100,763
0500000US29055,"Crawford County, Missouri",11423,9468,1955,17.1,987,1891,166000,807
0500000US29057,"Dade County, Missouri",3790,3038,752,19.8,240,558,157200,650
0500000US29059,"Dallas County, Missouri",7610,6621,989,13.0,361,993,151200,685
0500000US29061,"Daviess County, Missouri",4140,3071,1069,25.8,251,438,149200,731
0500000US29063,"DeKalb County, Missouri",4277,3775,502,11.7,332,744,167500,796
0500000US29065,"Dent County, Missouri",6834,5675,1159,17.0,437,1048,149700,615
0500000US29067,"Douglas County, Missouri",5397,4688,709,13.1,272,808,164400,687
0500000US29069,"Dunklin County, Missouri",13451,11165,2286,17.0,1003,2244,93800,632
0500000US29071,"Franklin County, Missouri",45843,42267,3576,7.8,3565,7819,214900,874
0500000US29073,"Gasconade County, Missouri",7597,6037,1560,20.5,515,868,168900,671
0500000US29075,"Gentry County, Missouri",2928,2402,526,18.0,117,493,123000,620
0500000US29077,"Greene County, Missouri",137930,131708,6222,4.5,17019,36217,203500,940
0500000US29079,"Grundy County, Missouri",4851,3828,1023,21.1,298,816,107000,679
0500000US29081,"Harrison County, Missouri",4023,3064,959,23.8,253,482,107400,666
0500000US29083,"Henry County, Missouri",10708,9248,1460,13.6,962,2123,153500,740
0500000US29085,"Hickory County, Missouri",5502,3457,2045,37.2,167,799,123200,699
0500000US29087,"Holt County, Missouri",2420,1722,698,28.8,94,299,122300,702
0500000US29089,"Howard County, Missouri",4381,3469,912,20.8,231,584,145300,807
0500000US29091,"Howell County, Missouri",18104,15997,2107,11.6,1344,3404,161000,722
0500000US29093,"Iron County, Missouri",4704,3803,901,19.2,256,717,113000,671
0500000US29095,"Jackson County, Missouri",333385,302726,30659,9.2,34852,79312,213300,1151
0500000US29097,"Jasper County, Missouri",53749,48367,5382,10.0,5471,12213,158500,904
0500000US29099,"Jefferson County, Missouri",93276,87025,6251,6.7,7070,16999,218800,972
0500000US29101,"Johnson County, Missouri",22663,20680,1983,8.7,3168,5602,221400,905
0500000US29103,"Knox County, Missouri",1940,1214,726,37.4,66,163,97200,661
0500000US29105,"Laclede County, Missouri",15951,14453,1498,9.4,1171,3050,158000,796
0500000US29107,"Lafayette County, Missouri",14183,12438,1745,12.3,1059,2793,200300,848
0500000US29109,"Lawrence County, Missouri",16280,14694,1586,9.7,1469,2913,159800,785
0500000US29111,"Lewis County, Missouri",4315,3216,1099,25.5,177,502,118900,627
0500000US29113,"Lincoln County, Missouri",23600,22420,1180,5.0,1436,5183,224800,972
0500000US29115,"Linn County, Missouri",6007,4804,1203,20.0,334,1069,117300,612
0500000US29117,"Livingston County, Missouri",6376,5523,853,13.4,448,1054,138300,747
0500000US29119,"McDonald County, Missouri",9807,8512,1295,13.2,774,1752,134100,764
0500000US29121,"Macon County, Missouri",7425,5947,1478,19.9,455,1136,127000,719
0500000US29123,"Madison County, Missouri",5853,4604,1249,21.3,355,862,155900,817
0500000US29125,"Maries County, Missouri",4269,3536,733,17.2,269,549,193100,594
0500000US29127,"Marion County, Missouri",12886,11253,1633,12.7,687,2520,158100,813
0500000US29129,"Mercer County, Missouri",1908,1288,620,32.5,94,274,95300,548
0500000US29131,"Miller County, Missouri",12508,10034,2474,19.8,925,1873,169800,724
0500000US29133,"Mississippi County, Missouri",5282,4559,723,13.7,324,1174,100300,782
0500000US29135,"Moniteau County, Missouri",6177,5774,403,6.5,346,993,168300,766
0500000US29137,"Monroe County, Missouri",4476,3461,1015,22.7,164,489,147400,667
0500000US29139,"Montgomery County, Missouri",5797,4589,1208,20.8,322,975,171300,767
0500000US29141,"Morgan County, Missouri",15161,8198,6963,45.9,632,1417,180400,692
0500000US29143,"New Madrid County, Missouri",7886,6796,1090,13.8,693,1361,105500,734
0500000US29145,"Newton County, Missouri",24762,22084,2678,10.8,2244,3978,175300,777
0500000US29147,"Nodaway County, Missouri",9478,8389,1089,11.5,1060,2121,165100,754
0500000US29149,"Oregon County, Missouri",4332,3360,972,22.4,273,684,117700,735
0500000US29151,"Osage County, Missouri",6490,5173,1317,20.3,492,582,205700,644
0500000US29153,"Ozark County, Missouri",5046,3583,1463,29.0,283,441,156400,626
0500000US29155,"Pemiscot County, Missouri",7509,6231,1278,17.0,600,1415,95900,708
0500000US29157,"Perry County, Missouri",8507,7323,1184,13.9,404,1534,189400,923
0500000US29159,"Pettis County, Missouri",18608,16937,1671,9.0,1730,3493,161500,863
0500000US29161,"Phelps County, Missouri",20246,17644,2602,12.9,2377,4118,194900,801
0500000US29163,"Pike County, Missouri",7629,6451,1178,15.4,403,1542,129400,742
0500000US29165,"Platte County, Missouri",46045,43316,2729,5.9,5012,11987,317600,1247
0500000US29167,"Polk County, Missouri",13434,11957,1477,11.0,1163,2706,189600,792
0500000US29169,"Pulaski County, Missouri",19374,16434,2940,15.2,2307,5121,189700,1072
0500000US29171,"Putnam County, Missouri",2845,1874,971,34.1,145,248,111600,575
0500000US29173,"Ralls County, Missouri",5036,3959,1077,21.4,93,794,153400,765
0500000US29175,"Randolph County, Missouri",10811,9252,1559,14.4,812,1887,141900,742
0500000US29177,"Ray County, Missouri",9901,9046,855,8.6,770,1682,187400,808
0500000US29179,"Reynolds County, Missouri",3468,2312,1156,33.3,137,384,119900,627
0500000US29181,"Ripley County, Missouri",5191,4030,1161,22.4,441,692,110800,666
0500000US29183,"St. Charles County, Missouri",164594,158682,5912,3.6,13610,35486,296800,1312
0500000US29185,"St. Clair County, Missouri",5295,4090,1205,22.8,278,672,142500,607
0500000US29186,"Ste. Genevieve County, Missouri",8323,7113,1210,14.5,523,1359,215600,774
0500000US29187,"St. Francois County, Missouri",28815,24113,4702,16.3,2545,6142,155100,786
0500000US29189,"St. Louis County, Missouri",445472,414739,30733,6.9,38105,87857,260700,1164
0500000US29195,"Saline County, Missouri",9833,8008,1825,18.6,866,1686,139600,733
0500000US29197,"Schuyler County, Missouri",1906,1251,655,34.4,87,149,118200,382
0500000US29199,"Scotland County, Missouri",2215,1543,672,30.3,47,336,141100,516
0500000US29201,"Scott County, Missouri",16833,15163,1670,9.9,1176,3458,143700,809
0500000US29203,"Shannon County, Missouri",3522,2802,720,20.4,199,589,151000,509
0500000US29205,"Shelby County, Missouri",2952,2374,578,19.6,177,572,86200,570
0500000US29207,"Stoddard County, Missouri",13398,11393,2005,15.0,931,2331,135400,737
0500000US29209,"Stone County, Missouri",20267,13161,7106,35.1,1177,2582,236500,892
0500000US29211,"Sullivan County, Missouri",3032,2040,992,32.7,102,424,103300,692
0500000US29213,"Taney County, Missouri",29875,22145,7730,25.9,2625,6040,203800,925
0500000US29215,"Texas County, Missouri",11034,9532,1502,13.6,790,1922,123300,647
0500000US29217,"Vernon County, Missouri",8949,7815,1134,12.7,725,1364,136700,722
0500000US29219,"Warren County, Missouri",15834,13414,2420,15.3,1136,3269,241200,913
0500000US29221,"Washington County, Missouri",10736,8864,1872,17.4,663,1765,118400,680
0500000US29223,"Wayne County, Missouri",6148,4503,1645,26.8,347,553,113100,632
0500000US29225,"Webster County, Missouri",15360,13751,1609,10.5,1366,3220,219100,777
0500000US29227,"Worth County, Missouri",1115,798,317,28.4,35,80,94600,353
0500000US29229,"Wright County, Missouri",8370,6964,1406,16.8,394,1353,152300,558
0500000US29510,"St. Louis city, Missouri",173920,144450,29470,16.9,16725,40148,185100,978
0500000US30001,"Beaverhead County, Montana",4973,4121,852,17.1,427,920,282000,800
0500000US30003,"Big Horn County, Montana",4533,3691,842,18.6,397,511,148200,686
0500000US30005,"Blaine County, Montana",2824,2297,527,18.7,171,421,124900,689
0500000US30007,"Broadwater County, Montana",3164,2888,276,8.7,227,815,364800,978
0500000US30009,"Carbon County, Montana",6431,4716,1715,26.7,366,887,379300,882
0500000US30011,"Carter County, Montana",799,599,200,25.0,19,87,176600,731
0500000US30013,"Cascade County, Montana",39248,34909,4339,11.1,3342,8621,243300,902
0500000US30015,"Chouteau County, Montana",2868,2212,656,22.9,83,367,185100,485
0500000US30017,"Custer County, Montana",5770,5044,726,12.6,571,1050,204200,918
0500000US30019,"Daniels County, Montana",1130,716,414,36.6,57,84,177800,588
0500000US30021,"Dawson County, Montana",4377,3710,667,15.2,485,623,187400,823
0500000US30023,"Deer Lodge County, Montana",5506,4560,946,17.2,531,908,209700,661
0500000US30025,"Fallon County, Montana",1451,1145,306,21.1,172,117,237000,772
0500000US30027,"Fergus County, Montana",6008,5200,808,13.4,524,1086,202700,868
0500000US30029,"Flathead County, Montana",50948,43568,7380,14.5,4142,11167,467700,1094
0500000US30031,"Gallatin County, Montana",55589,50031,5558,10.0,6941,14964,604900,1574
0500000US30033,"Garfield County, Montana",746,407,339,45.4,10,58,178300,802
0500000US30035,"Glacier County, Montana",5346,4174,1172,21.9,443,752,153400,553
0500000US30037,"Golden Valley County, Montana",473,362,111,23.5,21,51,203900,769
0500000US30039,"Granite County, Montana",2605,1375,1230,47.2,96,160,339500,734
0500000US30041,"Hill County, Montana",7232,6226,1006,13.9,509,1131,187600,752
0500000US30043,"Jefferson County, Montana",5388,4890,498,9.2,311,1032,408000,886
0500000US30045,"Judith Basin County, Montana",1233,907,326,26.4,45,131,214200,502
0500000US30047,"Lake County, Montana",16457,12175,4282,26.0,868,2450,369200,884
0500000US30049,"Lewis and Clark County, Montana",33837,30655,3182,9.4,3067,7432,358200,1062
0500000US30051,"Liberty County, Montana",832,685,147,17.7,59,101,116800,668
0500000US30053,"Lincoln County, Montana",10991,8858,2133,19.4,674,1424,258700,810
0500000US30055,"McCone County, Montana",1082,818,264,24.4,42,106,197400,543
0500000US30057,"Madison County, Montana",6405,3703,2702,42.2,211,737,440500,1159
0500000US30059,"Meagher County, Montana",1460,897,563,38.6,59,139,244400,871
0500000US30061,"Mineral County, Montana",2569,2132,437,17.0,138,467,313600,746
0500000US30063,"Missoula County, Montana",56008,51642,4366,7.8,6581,14585,423100,1125
0500000US30065,"Musselshell County, Montana",2677,2131,546,20.4,207,343,221200,865
0500000US30067,"Park County, Montana",9597,8257,1340,14.0,955,1840,429700,927
0500000US30069,"Petroleum County, Montana",295,200,95,32.2,18,29,173700,769
0500000US30071,"Phillips County, Montana",2235,1769,466,20.9,86,250,175000,623
0500000US30073,"Pondera County, Montana",2753,2240,513,18.6,170,408,179200,806
0500000US30075,"Powder River County, Montana",997,713,284,28.5,63,32,149400,609
0500000US30077,"Powell County, Montana",2969,2348,621,20.9,330,388,255700,770
0500000US30079,"Prairie County, Montana",667,520,147,22.0,23,77,167100,827
0500000US30081,"Ravalli County, Montana",21098,18779,2319,11.0,1336,3818,435000,1054
0500000US30083,"Richland County, Montana",5590,4500,1090,19.5,316,830,259000,866
0500000US30085,"Roosevelt County, Montana",4058,2988,1070,26.4,109,514,119400,707
0500000US30087,"Rosebud County, Montana",3785,3069,716,18.9,177,700,188900,644
0500000US30089,"Sanders County, Montana",6789,5453,1336,19.7,513,1069,323800,774
0500000US30091,"Sheridan County, Montana",2049,1470,579,28.3,101,209,111600,749
0500000US30093,"Silver Bow County, Montana",17396,15347,2049,11.8,1531,3159,223500,810
0500000US30095,"Stillwater County, Montana",4657,3869,788,16.9,243,756,355600,968
0500000US30097,"Sweet Grass County, Montana",1929,1497,432,22.4,175,331,295500,1073
0500000US30099,"Teton County, Montana",2942,2452,490,16.7,216,459,235500,750
0500000US30101,"Toole County, Montana",2323,1823,500,21.5,301,369,187400,753
0500000US30103,"Treasure County, Montana",479,382,97,20.3,39,74,215300,992
0500000US30105,"Valley County, Montana",4253,2958,1295,30.4,165,497,198600,769
0500000US30107,"Wheatland County, Montana",1159,865,294,25.4,49,79,172700,741
0500000US30109,"Wibaux County, Montana",596,468,128,21.5,36,66,92300,964
0500000US30111,"Yellowstone County, Montana",73363,69272,4091,5.6,7591,17251,317600,1084
0500000US31001,"Adams County, Nebraska",13856,12900,956,6.9,1386,2539,185800,853
0500000US31003,"Antelope County, Nebraska",3144,2687,457,14.5,133,442,116900,746
0500000US31005,"Arthur County, Nebraska",230,184,46,20.0,4,14,188800,850
0500000US31007,"Banner County, Nebraska",351,258,93,26.5,6,55,166300,975
0500000US31009,"Blaine County, Nebraska",295,192,103,34.9,12,23,102100,786
0500000US31011,"Boone County, Nebraska",2545,2202,343,13.5,114,380,164700,734
0500000US31013,"Box Butte County, Nebraska",5222,4537,685,13.1,596,944,161100,771
0500000US31015,"Boyd County, Nebraska",1199,784,415,34.6,55,91,104000,650
0500000US31017,"Brown County, Nebraska",1645,1208,437,26.6,82,256,100200,932
0500000US31019,"Buffalo County, Nebraska",21181,19662,1519,7.2,2234,4534,236800,911
0500000US31021,"Burt County, Nebraska",3338,2867,471,14.1,165,541,125400,688
0500000US31023,"Butler County, Nebraska",4031,3538,493,12.2,311,555,165700,753
0500000US31025,"Cass County, Nebraska",11780,10561,1219,10.3,788,2183,247200,987
0500000US31027,"Cedar County, Nebraska",3904,3419,485,12.4,248,502,175500,683
0500000US31029,"Chase County, Nebraska",1870,1437,433,23.2,105,154,178700,749
0500000US31031,"Cherry County, Nebraska",3004,2229,775,25.8,126,460,136000,873
0500000US31033,"Cheyenne County, Nebraska",4886,4351,535,10.9,452,1143,129100,912
0500000US31035,"Clay County, Nebraska",2816,2475,341,12.1,143,414,146300,701
0500000US31037,"Colfax County, Nebraska",3996,3639,357,8.9,104,776,128800,902
0500000US31039,"Cuming County, Nebraska",4150,3782,368,8.9,176,955,174900,800
0500000US31041,"Custer County, Nebraska",5331,4456,875,16.4,338,809,160500,794
0500000US31043,"Dakota County, Nebraska",7795,7299,496,6.4,762,1317,168100,1053
0500000US31045,"Dawes County, Nebraska",4013,3381,632,15.7,332,699,146500,1014
0500000US31047,"Dawson County, Nebraska",9905,8982,923,9.3,786,1991,157800,861
0500000US31049,"Deuel County, Nebraska",1000,825,175,17.5,56,150,97200,827
0500000US31051,"Dixon County, Nebraska",2528,2237,291,11.5,133,335,141400,661
0500000US31053,"Dodge County, Nebraska",16553,14863,1690,10.2,1394,3346,188100,985
0500000US31055,"Douglas County, Nebraska",248692,235080,13612,5.5,28637,60390,245800,1162
0500000US31057,"Dundy County, Nebraska",1002,804,198,19.8,46,116,118200,588
0500000US31059,"Fillmore County, Nebraska",2733,2382,351,12.8,230,350,131200,667
0500000US31061,"Franklin County, Nebraska",1543,1290,253,16.4,92,171,99100,613
0500000US31063,"Frontier County, Nebraska",1372,1053,319,23.3,93,131,138800,605
0500000US31065,"Furnas County, Nebraska",2514,2006,508,20.2,195,356,91800,805
0500000US31067,"Gage County, Nebraska",10390,9162,1228,11.8,757,1705,167100,770
0500000US31069,"Garden County, Nebraska",1163,827,336,28.9,74,185,95500,675
0500000US31071,"Garfield County, Nebraska",977,750,227,23.2,27,131,144900,519
0500000US31073,"Gosper County, Nebraska",1209,777,432,35.7,34,124,202700,797
0500000US31075,"Grant County, Nebraska",418,295,123,29.4,33,34,113900,883
0500000US31077,"Greeley County, Nebraska",1202,941,261,21.7,57,141,87800,643
0500000US31079,"Hall County, Nebraska",25377,24406,971,3.8,2484,6582,207900,911
0500000US31081,"Hamilton County, Nebraska",4122,3499,623,15.1,166,666,238700,776
0500000US31083,"Harlan County, Nebraska",1890,1200,690,36.5,73,168,147200,708
0500000US31085,"Hayes County, Nebraska",479,357,122,25.5,17,36,112800,419
0500000US31087,"Hitchcock County, Nebraska",1566,1125,441,28.2,56,135,88800,715
0500000US31089,"Holt County, Nebraska",4905,4064,841,17.1,245,711,152000,724
0500000US31091,"Hooker County, Nebraska",415,314,101,24.3,30,86,85400,581
0500000US31093,"Howard County, Nebraska",2893,2494,399,13.8,141,411,205200,811
0500000US31095,"Jefferson County, Nebraska",3664,3114,550,15.0,293,511,117600,659
0500000US31097,"Johnson County, Nebraska",2090,1750,340,16.3,139,297,131500,777
0500000US31099,"Kearney County, Nebraska",2985,2730,255,8.5,194,510,218300,787
0500000US31101,"Keith County, Nebraska",5395,3946,1449,26.9,354,775,157000,772
0500000US31103,"Keya Paha County, Nebraska",495,327,168,33.9,8,42,108800,867
0500000US31105,"Kimball County, Nebraska",1812,1531,281,15.5,100,285,109900,853
0500000US31107,"Knox County, Nebraska",4527,3235,1292,28.5,174,518,116900,692
0500000US31109,"Lancaster County, Nebraska",138232,132162,6070,4.4,16679,35274,258900,1045
0500000US31111,"Lincoln County, Nebraska",16581,14585,1996,12.0,1319,3368,183100,867
0500000US31113,"Logan County, Nebraska",356,311,45,12.6,15,53,160000,725
0500000US31115,"Loup County, Nebraska",429,249,180,42.0,13,55,120700,650
0500000US31117,"McPherson County, Nebraska",259,196,63,24.3,23,24,124200,653
0500000US31119,"Madison County, Nebraska",15371,14152,1219,7.9,1478,3115,196000,851
0500000US31121,"Merrick County, Nebraska",3584,3210,374,10.4,232,678,168000,772
0500000US31123,"Morrill County, Nebraska",2276,1890,386,17.0,131,268,112000,744
0500000US31125,"Nance County, Nebraska",1622,1346,276,17.0,93,250,122800,776
0500000US31127,"Nemaha County, Nebraska",3317,2812,505,15.2,235,532,125100,727
0500000US31129,"Nuckolls County, Nebraska",2218,1819,399,18.0,50,254,90900,616
0500000US31131,"Otoe County, Nebraska",6987,6423,564,8.1,470,1089,185000,905
0500000US31133,"Pawnee County, Nebraska",1410,1077,333,23.6,45,136,74800,616
0500000US31135,"Perkins County, Nebraska",1353,1162,191,14.1,89,167,149200,783
0500000US31137,"Phelps County, Nebraska",4154,3819,335,8.1,408,681,173300,724
0500000US31139,"Pierce County, Nebraska",3137,2859,278,8.9,154,449,182700,850
0500000US31141,"Platte County, Nebraska",14210,13398,812,5.7,1065,2549,207800,867
0500000US31143,"Polk County, Nebraska",2524,2058,466,18.5,110,333,177800,692
0500000US31145,"Red Willow County, Nebraska",5164,4442,722,14.0,441,893,143500,778
0500000US31147,"Richardson County, Nebraska",4084,3563,521,12.8,258,624,96500,692
0500000US31149,"Rock County, Nebraska",829,582,247,29.8,42,97,124400,608
0500000US31151,"Saline County, Nebraska",5774,5166,608,10.5,499,763,180700,833
0500000US31153,"Sarpy County, Nebraska",75293,72661,2632,3.5,8044,18165,287600,1284
0500000US31155,"Saunders County, Nebraska",10154,8820,1334,13.1,733,1716,241100,930
0500000US31157,"Scotts Bluff County, Nebraska",16474,15093,1381,8.4,1540,3117,161400,889
0500000US31159,"Seward County, Nebraska",7138,6645,493,6.9,502,1297,232400,969
0500000US31161,"Sheridan County, Nebraska",2704,2122,582,21.5,104,386,102900,771
0500000US31163,"Sherman County, Nebraska",1797,1294,503,28.0,77,263,135000,866
0500000US31165,"Sioux County, Nebraska",682,457,225,33.0,19,111,141700,743
0500000US31167,"Stanton County, Nebraska",2475,2289,186,7.5,80,438,184300,817
0500000US31169,"Thayer County, Nebraska",2518,2082,436,17.3,165,379,106200,738
0500000US31171,"Thomas County, Nebraska",367,318,49,13.4,14,74,113000,685
0500000US31173,"Thurston County, Nebraska",2290,1983,307,13.4,130,259,105100,698
0500000US31175,"Valley County, Nebraska",2116,1822,294,13.9,129,321,122200,616
0500000US31177,"Washington County, Nebraska",8665,8391,274,3.2,608,1420,278300,958
0500000US31179,"Wayne County, Nebraska",3973,3762,211,5.3,533,755,203700,732
0500000US31181,"Webster County, Nebraska",1767,1503,264,14.9,105,253,102000,673
0500000US31183,"Wheeler County, Nebraska",603,359,244,40.5,10,43,135900,525
0500000US31185,"York County, Nebraska",6346,5589,757,11.9,607,1212,175900,885
0500000US32001,"Churchill County, Nevada",10924,9728,1196,10.9,884,2241,298000,1203
0500000US32003,"Clark County, Nevada",935960,847378,88582,9.5,104745,251442,400800,1518
0500000US32005,"Douglas County, Nevada",24599,21096,3503,14.2,1495,4093,587400,1545
0500000US32007,"Elko County, Nevada",22033,19546,2487,11.3,1985,4710,282400,1126
0500000US32009,"Esmeralda County, Nevada",727,493,234,32.2,27,62,102500,1319
0500000US32011,"Eureka County, Nevada",1020,630,390,38.2,34,108,-,940
0500000US32013,"Humboldt County, Nevada",7714,6997,717,9.3,530,1650,256800,998
0500000US32015,"Lander County, Nevada",2797,2296,501,17.9,213,403,210500,1066
0500000US32017,"Lincoln County, Nevada",2322,1626,696,30.0,51,297,208900,754
0500000US32019,"Lyon County, Nevada",24998,23423,1575,6.3,1805,5682,342600,1259
0500000US32021,"Mineral County, Nevada",2202,1732,470,21.3,176,421,175000,1130
0500000US32023,"Nye County, Nevada",25186,21943,3243,12.9,2194,4874,266000,1013
0500000US32027,"Pershing County, Nevada",2293,1847,446,19.5,76,455,166200,667
0500000US32029,"Storey County, Nevada",2112,1874,238,11.3,145,506,393100,1007
0500000US32031,"Washoe County, Nevada",213392,195725,17667,8.3,23356,53830,496600,1507
0500000US32033,"White Pine County, Nevada",4157,3407,750,18.0,361,743,196700,933
0500000US32510,"Carson City, Nevada",24902,23652,1250,5.0,2387,5527,426700,1172
0500000US33001,"Belknap County, New Hampshire",38718,26118,12600,32.5,2207,4906,340000,1184
0500000US33003,"Carroll County, New Hampshire",40110,22096,18014,44.9,1287,4090,348900,1179
0500000US33005,"Cheshire County, New Hampshire",35777,30519,5258,14.7,2424,6956,257200,1220
0500000US33007,"Coos County, New Hampshire",20589,13818,6771,32.9,956,2664,169600,843
0500000US33009,"Grafton County, New Hampshire",51478,36107,15371,29.9,3299,8076,298500,1292
0500000US33011,"Hillsborough County, New Hampshire",176753,167732,9021,5.1,12665,38900,385500,1532
0500000US33013,"Merrimack County, New Hampshire",66080,60445,5635,8.5,4641,12412,330600,1293
0500000US33015,"Rockingham County, New Hampshire",136681,126588,10093,7.4,9659,24331,461400,1619
0500000US33017,"Strafford County, New Hampshire",56162,51684,4478,8.0,4751,12334,332400,1413
0500000US33019,"Sullivan County, New Hampshire",21905,16079,5826,26.6,1047,2890,236300,1159
0500000US34001,"Atlantic County, New Jersey",132102,108712,23390,17.7,6654,23540,272700,1325
0500000US34003,"Bergen County, New Jersey",368535,353307,15228,4.1,27042,64108,593200,1863
0500000US34005,"Burlington County, New Jersey",185617,176046,9571,5.2,13052,36370,326700,1669
0500000US34007,"Camden County, New Jersey",213188,200569,12619,5.9,15955,43214,262200,1346
0500000US34009,"Cape May County, New Jersey",99625,44369,55256,55.5,3472,8884,395000,1345
0500000US34011,"Cumberland County, New Jersey",57203,53341,3862,6.8,2801,10119,205600,1254
0500000US34013,"Essex County, New Jersey",335550,317473,18077,5.4,28371,71208,494400,1459
0500000US34015,"Gloucester County, New Jersey",117530,111796,5734,4.9,7946,21872,283500,1480
0500000US34017,"Hudson County, New Jersey",317032,295552,21480,6.8,41507,80411,508600,1811
0500000US34019,"Hunterdon County, New Jersey",51908,50322,1586,3.1,3295,8153,498800,1707
0500000US34021,"Mercer County, New Jersey",150600,141464,9136,6.1,12867,29597,351000,1515
0500000US34023,"Middlesex County, New Jersey",316633,305610,11023,3.5,25778,63287,439300,1810
0500000US34025,"Monmouth County, New Jersey",269728,250195,19533,7.2,17064,47127,566500,1771
0500000US34027,"Morris County, New Jersey",198611,191840,6771,3.4,15440,36373,557000,1860
0500000US34029,"Ocean County, New Jersey",295201,241521,53680,18.2,16396,47810,366600,1702
0500000US34031,"Passaic County, New Jersey",185439,177964,7475,4.0,13257,33470,439400,1553
0500000US34033,"Salem County, New Jersey",27740,24881,2859,10.3,1303,4250,223000,1185
0500000US34035,"Somerset County, New Jersey",132831,129459,3372,2.5,10461,25433,523900,1921
0500000US34037,"Sussex County, New Jersey",62825,57328,5497,8.7,4189,10252,342800,1503
0500000US34039,"Union County, New Jersey",211269,201663,9606,4.5,18281,41968,488800,1664
0500000US34041,"Warren County, New Jersey",46675,44943,1732,3.7,2584,8109,323100,1368
0500000US35001,"Bernalillo County, New Mexico",301278,283609,17669,5.9,30495,69640,268500,1087
0500000US35003,"Catron County, New Mexico",3333,1645,1688,50.6,19,166,171800,740
0500000US35005,"Chaves County, New Mexico",26794,23605,3189,11.9,2227,4355,141900,838
0500000US35006,"Cibola County, New Mexico",11171,8353,2818,25.2,675,1575,120000,724
0500000US35007,"Colfax County, New Mexico",9578,5413,4165,43.5,545,1021,161000,704
0500000US35009,"Curry County, New Mexico",21266,18471,2795,13.1,2400,4263,160800,987
0500000US35011,"De Baca County, New Mexico",1165,727,438,37.6,17,288,158000,727
0500000US35013,"Doña Ana County, New Mexico",91402,83530,7872,8.6,9687,19938,205400,903
0500000US35015,"Eddy County, New Mexico",26633,23245,3388,12.7,2824,4363,199400,1183
0500000US35017,"Grant County, New Mexico",14664,11069,3595,24.5,852,2302,164400,810
0500000US35019,"Guadalupe County, New Mexico",2156,1451,705,32.7,86,187,107200,515
0500000US35021,"Harding County, New Mexico",489,282,207,42.3,6,51,86500,700
0500000US35023,"Hidalgo County, New Mexico",2219,1501,718,32.4,146,253,114000,803
0500000US35025,"Lea County, New Mexico",28125,24568,3557,12.6,2734,4734,176000,1119
0500000US35027,"Lincoln County, New Mexico",17768,9376,8392,47.2,959,1599,212200,883
0500000US35028,"Los Alamos County, New Mexico",8660,8211,449,5.2,1103,1800,452500,1308
0500000US35029,"Luna County, New Mexico",11567,9082,2485,21.5,1050,1739,112500,685
0500000US35031,"McKinley County, New Mexico",25213,21088,4125,16.4,1271,3200,72100,810
0500000US35033,"Mora County, New Mexico",2938,1991,947,32.2,73,230,119900,785
0500000US35035,"Otero County, New Mexico",32400,24285,8115,25.0,2555,6296,149500,926
0500000US35037,"Quay County, New Mexico",5513,4102,1411,25.6,209,906,82200,752
0500000US35039,"Rio Arriba County, New Mexico",19703,14980,4723,24.0,625,1809,230900,760
0500000US35041,"Roosevelt County, New Mexico",8525,7211,1314,15.4,776,1803,136000,863
0500000US35043,"Sandoval County, New Mexico",59759,55741,4018,6.7,4323,11566,282300,1408
0500000US35045,"San Juan County, New Mexico",48085,41053,7032,14.6,3692,7484,185100,917
0500000US35047,"San Miguel County, New Mexico",14837,11924,2913,19.6,581,2070,177600,774
0500000US35049,"Santa Fe County, New Mexico",77686,69348,8338,10.7,6620,14539,416900,1318
0500000US35051,"Sierra County, New Mexico",8139,5419,2720,33.4,343,1153,144800,695
0500000US35053,"Socorro County, New Mexico",7642,5222,2420,31.7,387,611,143200,653
0500000US35055,"Taos County, New Mexico",21091,14459,6632,31.4,695,2169,354000,1069
0500000US35057,"Torrance County, New Mexico",7238,5774,1464,20.2,474,939,145100,845
0500000US35059,"Union County, New Mexico",2091,1504,587,28.1,31,257,135900,650
0500000US35061,"Valencia County, New Mexico",30396,26782,3614,11.9,2290,4308,206800,970
0500000US36001,"Albany County, New York",146959,132728,14231,9.7,14692,29696,277400,1252
0500000US36003,"Allegany County, New York",23538,17057,6481,27.5,1190,2761,97900,754
0500000US36005,"Bronx County, New York",553231,530067,23164,4.2,31822,89963,517000,1436
0500000US36007,"Broome County, New York",92889,81781,11108,12.0,7532,16594,145100,914
0500000US36009,"Cattaraugus County, New York",40279,31822,8457,21.0,1990,5106,109400,759
0500000US36011,"Cayuga County, New York",36768,31334,5434,14.8,2372,5388,164200,895
0500000US36013,"Chautauqua County, New York",66328,53602,12726,19.2,4181,9600,119300,797
0500000US36015,"Chemung County, New York",39143,34916,4227,10.8,2819,6503,132100,1020
0500000US36017,"Chenango County, New York",24460,19800,4660,19.1,1428,3264,128100,819
0500000US36019,"Clinton County, New York",37461,33276,4185,11.2,3025,6316,175100,956
0500000US36021,"Columbia County, New York",33331,26098,7233,21.7,1671,4318,309800,1199
0500000US36023,"Cortland County, New York",20842,18768,2074,10.0,2087,3676,158100,911
0500000US36025,"Delaware County, New York",30038,18947,11091,36.9,1236,3041,176200,848
0500000US36027,"Dutchess County, New York",122636,115184,7452,6.1,9902,21801,368100,1522
0500000US36029,"Erie County, New York",439987,408711,31276,7.1,32462,81259,217400,1037
0500000US36031,"Essex County, New York",25318,16039,9279,36.6,1032,2740,200000,890
0500000US36033,"Franklin County, New York",25442,19234,6208,24.4,1300,3128,128600,819
0500000US36035,"Fulton County, New York",28169,22607,5562,19.7,1433,4578,156100,883
0500000US36037,"Genesee County, New York",26090,24769,1321,5.1,1743,3893,157800,909
0500000US36039,"Greene County, New York",29037,18188,10849,37.4,1082,2954,248300,993
0500000US36041,"Hamilton County, New York",7893,2111,5782,73.3,168,283,242000,860
0500000US36043,"Herkimer County, New York",32449,25426,7023,21.6,1852,4003,135000,811
0500000US36045,"Jefferson County, New York",61721,46701,15020,24.3,6809,12074,181000,1214
0500000US36047,"Kings County, New York",1090187,1009596,80591,7.4,100125,192914,889700,1784
0500000US36049,"Lewis County, New York",15572,10958,4614,29.6,683,1857,158000,821
0500000US36051,"Livingston County, New York",27198,24329,2869,10.5,1537,4413,169600,912
0500000US36053,"Madison County, New York",30676,25563,5113,16.7,1300,4024,176800,891
0500000US36055,"Monroe County, New York",337688,316506,21182,6.3,28781,69290,197100,1126
0500000US36057,"Montgomery County, New York",22944,19234,3710,16.2,1157,3180,141600,921
0500000US36059,"Nassau County, New York",477860,456076,21784,4.6,25153,60944,658700,2195
0500000US36061,"New York County, New York",918806,775376,143430,15.6,103065,169404,1108900,2132
0500000US36063,"Niagara County, New York",100335,91493,8842,8.8,6165,15158,177400,870
0500000US36065,"Oneida County, New York",105285,94361,10924,10.4,7209,18662,171100,917
0500000US36067,"Onondaga County, New York",211683,194963,16720,7.9,16177,39539,185300,1067
0500000US36069,"Ontario County, New York",53001,47684,5317,10.0,4082,9834,202900,1126
0500000US36071,"Orange County, New York",148460,137311,11149,7.5,11212,25964,361100,1602
0500000US36073,"Orleans County, New York",18275,16208,2067,11.3,802,2408,126200,877
0500000US36075,"Oswego County, New York",54697,47132,7565,13.8,3828,8009,139600,943
0500000US36077,"Otsego County, New York",30011,22608,7403,24.7,1796,3701,175900,942
0500000US36079,"Putnam County, New York",38369,35054,3315,8.6,2565,5398,448000,1824
0500000US36081,"Queens County, New York",903598,828230,75368,8.3,66180,143447,699200,1915
0500000US36083,"Rensselaer County, New York",74388,66233,8155,11.0,5483,13895,244300,1182
0500000US36085,"Richmond County, New York",184074,170047,14027,7.6,10144,24319,658500,1689
0500000US36087,"Rockland County, New York",108576,103284,5292,4.9,6720,17293,564200,1826
0500000US36089,"St. Lawrence County, New York",51884,41732,10152,19.6,3307,6325,119800,799
0500000US36091,"Saratoga County, New York",111127,99835,11292,10.2,8857,20659,324800,1347
0500000US36093,"Schenectady County, New York",71051,66324,4727,6.7,5924,14975,223100,1159
0500000US36095,"Schoharie County, New York",16544,12439,4105,24.8,896,2091,182000,916
0500000US36097,"Schuyler County, New York",9691,7405,2286,23.6,524,1025,163300,858
0500000US36099,"Seneca County, New York",16148,13679,2469,15.3,944,2626,142700,925
0500000US36101,"Steuben County, New York",47565,38916,8649,18.2,3040,6788,128600,878
0500000US36103,"Suffolk County, New York",579790,512280,67510,11.6,30441,78362,539500,2190
0500000US36105,"Sullivan County, New York",49667,30215,19452,39.2,2486,5951,234800,999
0500000US36107,"Tioga County, New York",21966,20214,1752,8.0,1415,3271,153200,914
0500000US36109,"Tompkins County, New York",47362,43269,4093,8.6,5839,11653,271500,1374
0500000US36111,"Ulster County, New York",86178,73105,13073,15.2,5225,12646,315100,1335
0500000US36113,"Warren County, New York",40177,30041,10136,25.2,1911,6042,247600,1089
0500000US36115,"Washington County, New York",29111,24254,4857,16.7,1270,4018,185000,1000
0500000US36117,"Wayne County, New York",42375,38222,4153,9.8,2376,6593,163400,929
0500000US36119,"Westchester County, New York",391861,370256,21605,5.5,28795,66354,638400,1876
0500000US36121,"Wyoming County, New York",18204,16263,1941,10.7,1090,2583,154700,782
0500000US36123,"Yates County, New York",13143,9095,4048,30.8,584,1275,178000,802
0500000US37001,"Alamance County, North Carolina",75456,68441,7015,9.3,6229,16835,221200,1007
0500000US37003,"Alexander County, North Carolina",16126,13895,2231,13.8,686,2014,190000,745
0500000US37005,"Alleghany County, North Carolina",7752,5049,2703,34.9,348,833,199000,755
0500000US37007,"Anson County, North Carolina",9932,8314,1618,16.3,571,1064,119300,849
0500000US37009,"Ashe County, North Carolina",17111,11999,5112,29.9,711,2062,221900,774
0500000US37011,"Avery County, North Carolina",14051,6559,7492,53.3,346,1401,233200,791
0500000US37013,"Beaufort County, North Carolina",24385,19103,5282,21.7,1213,3889,181200,859
0500000US37015,"Bertie County, North Carolina",8988,7024,1964,21.9,549,840,95800,824
0500000US37017,"Bladen County, North Carolina",15272,11635,3637,23.8,825,1643,125800,752
0500000US37019,"Brunswick County, North Carolina",93977,64436,29541,31.4,6915,15501,314700,1267
0500000US37021,"Buncombe County, North Carolina",132191,102672,29519,22.3,9617,23550,360000,1281
0500000US37023,"Burke County, North Carolina",40058,35873,4185,10.4,2267,6634,170500,805
0500000US37025,"Cabarrus County, North Carolina",91339,80370,10969,12.0,8592,20464,318600,1303
0500000US37027,"Caldwell County, North Carolina",37231,32766,4465,12.0,1989,5388,174000,735
0500000US37029,"Camden County, North Carolina",4226,3948,278,6.6,374,1001,289800,1220
0500000US37031,"Carteret County, North Carolina",51615,31198,20417,39.6,3128,7380,304200,1062
0500000US37033,"Caswell County, North Carolina",10490,8677,1813,17.3,395,1620,151200,699
0500000US37035,"Catawba County, North Carolina",72028,65201,6827,9.5,6214,12895,218100,891
0500000US37037,"Chatham County, North Carolina",35013,32253,2760,7.9,2546,7363,397800,1066
0500000US37039,"Cherokee County, North Carolina",18182,13042,5140,28.3,1023,2749,208700,800
0500000US37041,"Chowan County, North Carolina",7169,5989,1180,16.5,264,1360,204400,766
0500000US37043,"Clay County, North Carolina",7410,5041,2369,32.0,419,1024,263300,791
0500000US37045,"Cleveland County, North Carolina",43999,37218,6781,15.4,2945,6389,180200,835
0500000US37047,"Columbus County, North Carolina",23560,19227,4333,18.4,1423,2536,128300,775
0500000US37049,"Craven County, North Carolina",47404,41472,5932,12.5,4762,10650,206200,1100
0500000US37051,"Cumberland County, North Carolina",143184,128118,15066,10.5,17561,38728,183700,1156
0500000US37053,"Currituck County, North Carolina",16636,11497,5139,30.9,1062,2499,351200,1126
0500000US37055,"Dare County, North Carolina",34839,16483,18356,52.7,1751,3316,425400,1307
0500000US37057,"Davidson County, North Carolina",75615,68512,7103,9.4,5451,13168,200100,863
0500000US37059,"Davie County, North Carolina",19079,16873,2206,11.6,1271,2795,235300,889
0500000US37061,"Duplin County, North Carolina",23823,20096,3727,15.6,1749,3730,123200,815
0500000US37063,"Durham County, North Carolina",149150,138502,10648,7.1,19755,42815,351700,1415
0500000US37065,"Edgecombe County, North Carolina",23258,19533,3725,16.0,1764,3741,116800,818
0500000US37067,"Forsyth County, North Carolina",173220,155743,17477,10.1,16705,37911,227800,1046
0500000US37069,"Franklin County, North Carolina",30790,27442,3348,10.9,2210,6330,240900,988
0500000US37071,"Gaston County, North Carolina",100109,92287,7822,7.8,8658,21172,235000,1085
0500000US37073,"Gates County, North Carolina",4809,4219,590,12.3,195,627,163900,940
0500000US37075,"Graham County, North Carolina",5244,3312,1932,36.8,327,508,155800,581
0500000US37077,"Granville County, North Carolina",24582,22176,2406,9.8,1481,4765,235700,1008
0500000US37079,"Greene County, North Carolina",7909,6831,1078,13.6,470,1414,114000,845
0500000US37081,"Guilford County, North Carolina",235833,215807,20026,8.5,24879,53571,234900,1108
0500000US37083,"Halifax County, North Carolina",24849,20269,4580,18.4,1456,3020,102500,776
0500000US37085,"Harnett County, North Carolina",54051,48639,5412,10.0,4645,11249,220700,1080
0500000US37087,"Haywood County, North Carolina",35307,26772,8535,24.2,1942,5872,254900,1052
0500000US37089,"Henderson County, North Carolina",57338,50423,6915,12.1,4452,11777,317800,1120
0500000US37091,"Hertford County, North Carolina",9831,8329,1502,15.3,543,1409,111100,806
0500000US37093,"Hoke County, North Carolina",20583,18763,1820,8.8,2146,4233,196000,1047
0500000US37095,"Hyde County, North Carolina",3168,2115,1053,33.2,201,375,119600,1237
0500000US37097,"Iredell County, North Carolina",81785,73913,7872,9.6,6779,17642,292300,1183
0500000US37099,"Jackson County, North Carolina",27385,18164,9221,33.7,2132,4283,253900,855
0500000US37101,"Johnston County, North Carolina",88314,82293,6021,6.8,7162,19220,267600,1007
0500000US37103,"Jones County, North Carolina",4675,3915,760,16.3,189,785,122600,725
0500000US37105,"Lee County, North Carolina",26854,24659,2195,8.2,2337,4883,213800,962
0500000US37107,"Lenoir County, North Carolina",26767,22930,3837,14.3,1996,4326,111400,814
0500000US37109,"Lincoln County, North Carolina",38589,35681,2908,7.5,2779,6886,279500,977
0500000US37111,"McDowell County, North Carolina",21475,18445,3030,14.1,1591,3438,168300,741
0500000US37113,"Macon County, North Carolina",27070,18090,8980,33.2,1355,4227,229000,791
0500000US37115,"Madison County, North Carolina",11201,8399,2802,25.0,646,1314,263500,764
0500000US37117,"Martin County, North Carolina",11100,9361,1739,15.7,577,1358,109900,729
0500000US37119,"Mecklenburg County, North Carolina",491721,455494,36227,7.4,65404,137426,371200,1521
0500000US37121,"Mitchell County, North Carolina",8673,6411,2262,26.1,548,898,202100,744
0500000US37123,"Montgomery County, North Carolina",14930,10075,4855,32.5,849,1804,150300,753
0500000US37125,"Moore County, North Carolina",49419,42814,6605,13.4,4180,10702,315300,1181
0500000US37127,"Nash County, North Carolina",43537,38123,5414,12.4,3147,7368,171100,924
0500000US37129,"New Hanover County, North Carolina",117236,102376,14860,12.7,13586,28785,353700,1343
0500000US37131,"Northampton County, North Carolina",10620,7597,3023,28.5,399,1056,102200,749
0500000US37133,"Onslow County, North Carolina",85917,72516,13401,15.6,12999,25921,219500,1198
0500000US37135,"Orange County, North Carolina",62127,56456,5671,9.1,7256,14703,428500,1387
0500000US37137,"Pamlico County, North Carolina",7239,5228,2011,27.8,320,977,209800,909
0500000US37139,"Pasquotank County, North Carolina",17565,15394,2171,12.4,1486,3460,223300,1146
0500000US37141,"Pender County, North Carolina",31007,24152,6855,22.1,2458,5303,267100,1072
0500000US37143,"Perquimans County, North Carolina",6918,5580,1338,19.3,533,1015,211600,1061
0500000US37145,"Person County, North Carolina",18482,16211,2271,12.3,1389,2434,192800,796
0500000US37147,"Pitt County, North Carolina",81656,73404,8252,10.1,10461,20323,194300,971
0500000US37149,"Polk County, North Carolina",10949,8727,2222,20.3,699,1501,281100,1089
0500000US37151,"Randolph County, North Carolina",62544,56970,5574,8.9,3840,10296,171600,857
0500000US37153,"Richmond County, North Carolina",19840,16863,2977,15.0,738,3865,120800,744
0500000US37155,"Robeson County, North Carolina",48874,42744,6130,12.5,2731,7899,88600,784
0500000US37157,"Rockingham County, North Carolina",43685,39018,4667,10.7,2644,7559,156000,789
0500000US37159,"Rowan County, North Carolina",64263,57762,6501,10.1,5218,12085,216100,990
0500000US37161,"Rutherford County, North Carolina",32682,26589,6093,18.6,2206,5150,180800,748
0500000US37163,"Sampson County, North Carolina",25739,21321,4418,17.2,1228,3187,128400,811
0500000US37165,"Scotland County, North Carolina",14421,12376,2045,14.2,976,2448,109900,766
0500000US37167,"Stanly County, North Carolina",28292,24436,3856,13.6,1944,4946,214300,830
0500000US37169,"Stokes County, North Carolina",21353,19374,1979,9.3,1042,2930,186800,766
0500000US37171,"Surry County, North Carolina",33609,29366,4243,12.6,1946,5432,166400,741
0500000US37173,"Swain County, North Carolina",8529,5837,2692,31.6,440,1213,209800,715
0500000US37175,"Transylvania County, North Carolina",19147,14590,4557,23.8,1060,2866,336100,909
0500000US37177,"Tyrrell County, North Carolina",2004,1426,578,28.8,116,255,138400,612
0500000US37179,"Union County, North Carolina",86730,82231,4499,5.2,7272,17955,374400,1390
0500000US37181,"Vance County, North Carolina",19423,16081,3342,17.2,1151,3003,146300,860
0500000US37183,"Wake County, North Carolina",481999,445636,36363,7.5,52506,125031,422800,1508
0500000US37185,"Warren County, North Carolina",11543,7930,3613,31.3,615,1237,124700,771
0500000US37187,"Washington County, North Carolina",6045,4832,1213,20.1,288,863,107000,829
0500000US37189,"Watauga County, North Carolina",33028,21187,11841,35.9,2655,5653,321500,1066
0500000US37191,"Wayne County, North Carolina",53134,46888,6246,11.8,4229,10333,162700,932
0500000US37193,"Wilkes County, North Carolina",31744,26975,4769,15.0,1726,4750,161400,715
0500000US37195,"Wilson County, North Carolina",36702,32860,3842,10.5,3297,6852,171800,915
0500000US37197,"Yadkin County, North Carolina",17165,14893,2272,13.2,960,2304,176400,734
0500000US37199,"Yancey County, North Carolina",11317,8188,3129,27.6,483,1683,222300,807
0500000US38001,"Adams County, North Dakota",1336,1019,317,23.7,98,173,108300,545
0500000US38003,"Barnes County, North Dakota",5706,4852,854,15.0,385,1007,168100,779
0500000US38005,"Benson County, North Dakota",2544,1922,622,24.4,81,266,83100,616
0500000US38007,"Billings County, North Dakota",527,372,155,29.4,31,57,322500,630
0500000US38009,"Bottineau County, North Dakota",3972,2695,1277,32.2,199,409,190900,763
0500000US38011,"Bowman County, North Dakota",1637,1237,400,24.4,70,161,176400,869
0500000US38013,"Burke County, North Dakota",1403,931,472,33.6,99,133,141900,725
0500000US38015,"Burleigh County, North Dakota",43387,40361,3026,7.0,3935,8930,314700,996
0500000US38017,"Cass County, North Dakota",87497,81668,5829,6.7,13125,24480,284700,930
0500000US38019,"Cavalier County, North Dakota",2115,1539,576,27.2,96,205,122300,859
0500000US38021,"Dickey County, North Dakota",2386,1953,433,18.1,212,337,167100,749
0500000US38023,"Divide County, North Dakota",1373,935,438,31.9,17,115,173100,1064
0500000US38025,"Dunn County, North Dakota",2116,1513,603,28.5,87,345,244000,941
0500000US38027,"Eddy County, North Dakota",1338,1142,196,14.6,78,162,115500,615
0500000US38029,"Emmons County, North Dakota",2049,1516,533,26.0,98,244,112400,551
0500000US38031,"Foster County, North Dakota",1782,1515,267,15.0,111,286,162800,756
0500000US38033,"Golden Valley County, North Dakota",906,663,243,26.8,18,104,119200,856
0500000US38035,"Grand Forks County, North Dakota",33736,31045,2691,8.0,5234,9029,244200,971
0500000US38037,"Grant County, North Dakota",1642,1072,570,34.7,69,122,85800,650
0500000US38039,"Griggs County, North Dakota",1353,946,407,30.1,26,119,128200,606
0500000US38041,"Hettinger County, North Dakota",1438,1107,331,23.0,115,132,110900,830
0500000US38043,"Kidder County, North Dakota",1651,1129,522,31.6,79,213,138500,847
0500000US38045,"LaMoure County, North Dakota",2074,1712,362,17.5,69,163,118000,607
0500000US38047,"Logan County, North Dakota",1068,773,295,27.6,66,90,101800,847
0500000US38049,"McHenry County, North Dakota",2832,2265,567,20.0,121,364,143200,737
0500000US38051,"McIntosh County, North Dakota",1701,1191,510,30.0,42,158,80300,600
0500000US38053,"McKenzie County, North Dakota",7691,5910,1781,23.2,1053,1832,357300,1153
0500000US38055,"McLean County, North Dakota",5794,4261,1533,26.5,269,572,233100,768
0500000US38057,"Mercer County, North Dakota",4657,3594,1063,22.8,361,693,196200,1043
0500000US38059,"Morton County, North Dakota",15334,13529,1805,11.8,1283,2505,249600,1036
0500000US38061,"Mountrail County, North Dakota",5073,3839,1234,24.3,271,916,222200,864
0500000US38063,"Nelson County, North Dakota",1798,1295,503,28.0,58,184,114500,593
0500000US38065,"Oliver County, North Dakota",912,727,185,20.3,3,38,217000,725
0500000US38067,"Pembina County, North Dakota",3517,2959,558,15.9,177,605,116600,692
0500000US38069,"Pierce County, North Dakota",2077,1840,237,11.4,130,381,143400,807
0500000US38071,"Ramsey County, North Dakota",5875,5185,690,11.7,391,1090,197400,687
0500000US38073,"Ransom County, North Dakota",2538,2305,233,9.2,194,331,174800,710
0500000US38075,"Renville County, North Dakota",1312,922,390,29.7,67,172,163400,846
0500000US38077,"Richland County, North Dakota",7552,6764,788,10.4,498,1382,177600,751
0500000US38079,"Rolette County, North Dakota",4601,3686,915,19.9,221,593,93000,479
0500000US38081,"Sargent County, North Dakota",1997,1734,263,13.2,100,339,149600,835
0500000US38083,"Sheridan County, North Dakota",824,676,148,18.0,12,120,107700,373
0500000US38085,"Sioux County, North Dakota",1276,1067,209,16.4,87,176,87400,466
0500000US38087,"Slope County, North Dakota",458,340,118,25.8,23,25,121300,719
0500000US38089,"Stark County, North Dakota",15455,13217,2238,14.5,1252,4139,260400,966
0500000US38091,"Steele County, North Dakota",1120,731,389,34.7,32,93,120400,630
0500000US38093,"Stutsman County, North Dakota",10397,9295,1102,10.6,881,1698,200300,742
0500000US38095,"Towner County, North Dakota",1263,958,305,24.1,42,125,122800,719
0500000US38097,"Traill County, North Dakota",3656,3316,340,9.3,307,629,193200,758
0500000US38099,"Walsh County, North Dakota",5207,4450,757,14.5,206,877,125700,766
0500000US38101,"Ward County, North Dakota",32372,28290,4082,12.6,3864,7719,259100,1000
0500000US38103,"Wells County, North Dakota",2250,1808,442,19.6,208,216,106400,630
0500000US38105,"Williams County, North Dakota",20291,15308,4983,24.6,2136,3933,267800,1108
0500000US39001,"Adams County, Ohio",12737,10230,2507,19.7,757,2160,157500,700
0500000US39003,"Allen County, Ohio",44697,40928,3769,8.4,3649,8455,158400,898
0500000US39005,"Ashland County, Ohio",22517,20654,1863,8.3,1229,3563,175900,841
0500000US39007,"Ashtabula County, Ohio",46362,38959,7403,16.0,2816,7273,149600,816
0500000US39009,"Athens County, Ohio",26466,22722,3744,14.1,2800,5728,173800,903
0500000US39011,"Auglaize County, Ohio",20034,18951,1083,5.4,1220,3531,182000,853
0500000US39013,"Belmont County, Ohio",31599,26450,5149,16.3,1559,3961,143000,769
0500000US39015,"Brown County, Ohio",19460,17145,2315,11.9,1130,2643,181100,822
0500000US39017,"Butler County, Ohio",154777,145232,9545,6.2,13684,31528,243000,1098
0500000US39019,"Carroll County, Ohio",13391,11476,1915,14.3,849,2012,174500,780
0500000US39021,"Champaign County, Ohio",16904,15512,1392,8.2,1155,2834,186300,884
0500000US39023,"Clark County, Ohio",61092,55325,5767,9.4,4082,10874,155900,840
0500000US39025,"Clermont County, Ohio",87534,84334,3200,3.7,7060,18163,245600,1040
0500000US39027,"Clinton County, Ohio",17966,16534,1432,8.0,1259,3823,192800,893
0500000US39029,"Columbiana County, Ohio",46133,41375,4758,10.3,2091,7550,139100,736
0500000US39031,"Coshocton County, Ohio",16321,14860,1461,9.0,1204,2900,142300,723
0500000US39033,"Crawford County, Ohio",19844,18120,1724,8.7,1573,3555,123600,761
0500000US39035,"Cuyahoga County, Ohio",615513,554173,61340,10.0,54132,123866,183200,1005
0500000US39037,"Darke County, Ohio",22643,21332,1311,5.8,1556,3939,169100,747
0500000US39039,"Defiance County, Ohio",16570,15376,1194,7.2,840,2750,150900,826
0500000US39041,"Delaware County, Ohio",84215,80455,3760,4.5,7933,18008,419500,1433
0500000US39043,"Erie County, Ohio",38400,32122,6278,16.3,2132,5917,183900,882
0500000US39045,"Fairfield County, Ohio",63397,59979,3418,5.4,5176,12248,272200,1114
0500000US39047,"Fayette County, Ohio",12694,11635,1059,8.3,943,2881,162200,807
0500000US39049,"Franklin County, Ohio",588892,547922,40970,7.0,75088,151528,265700,1233
0500000US39051,"Fulton County, Ohio",17708,16881,827,4.7,991,2803,176000,832
0500000US39053,"Gallia County, Ohio",13454,11305,2149,16.0,706,2029,135000,798
0500000US39055,"Geauga County, Ohio",37617,35587,2030,5.4,1927,5030,305100,1018
0500000US39057,"Greene County, Ohio",71925,67478,4447,6.2,6880,16002,238000,1089
0500000US39059,"Guernsey County, Ohio",19024,16247,2777,14.6,1221,3196,154100,803
0500000US39061,"Hamilton County, Ohio",380414,352181,28233,7.4,36996,84657,225700,1005
0500000US39063,"Hancock County, Ohio",33871,31618,2253,6.7,2805,6733,196500,926
0500000US39065,"Hardin County, Ohio",12921,11711,1210,9.4,1061,2236,134800,733
0500000US39067,"Harrison County, Ohio",7397,5921,1476,20.0,340,688,118000,753
0500000US39069,"Henry County, Ohio",12053,11226,827,6.9,774,1875,166000,866
0500000US39071,"Highland County, Ohio",19005,16814,2191,11.5,1247,3117,157000,757
0500000US39073,"Hocking County, Ohio",13014,11565,1449,11.1,868,2177,172300,806
0500000US39075,"Holmes County, Ohio",14560,13326,1234,8.5,848,1848,251800,773
0500000US39077,"Huron County, Ohio",25575,23432,2143,8.4,1537,4625,158900,824
0500000US39079,"Jackson County, Ohio",14490,12672,1818,12.5,897,2187,140400,773
0500000US39081,"Jefferson County, Ohio",31118,27127,3991,12.8,1579,4534,120600,792
0500000US39083,"Knox County, Ohio",26038,23435,2603,10.0,1945,4089,218300,925
0500000US39085,"Lake County, Ohio",105877,100319,5558,5.2,7150,19902,199900,1073
0500000US39087,"Lawrence County, Ohio",26538,22501,4037,15.2,1573,3571,135600,830
0500000US39089,"Licking County, Ohio",73021,68305,4716,6.5,5343,15186,250700,999
0500000US39091,"Logan County, Ohio",23797,19558,4239,17.8,1200,4219,186200,832
0500000US39093,"Lorain County, Ohio",135584,125856,9728,7.2,9162,25209,207200,916
0500000US39095,"Lucas County, Ohio",200764,182146,18618,9.3,16620,42924,155200,911
0500000US39097,"Madison County, Ohio",16361,15361,1000,6.1,1112,3135,231400,944
0500000US39099,"Mahoning County, Ohio",108077,98190,9887,9.1,7117,17968,141100,775
0500000US39101,"Marion County, Ohio",27381,24524,2857,10.4,1893,4920,146200,850
0500000US39103,"Medina County, Ohio",75705,72500,3205,4.2,4592,13366,268000,1090
0500000US39105,"Meigs County, Ohio",10669,8875,1794,16.8,515,1709,113400,704
0500000US39107,"Mercer County, Ohio",18023,16278,1745,9.7,1246,2688,208600,812
0500000US39109,"Miami County, Ohio",47028,44562,2466,5.2,3436,9365,209200,942
0500000US39111,"Monroe County, Ohio",7147,5510,1637,22.9,286,765,132000,626
0500000US39113,"Montgomery County, Ohio",252475,230149,22326,8.8,21811,55778,167400,968
0500000US39115,"Morgan County, Ohio",7311,5633,1678,23.0,319,815,134200,713
0500000US39117,"Morrow County, Ohio",14615,13449,1166,8.0,699,2282,200800,942
0500000US39119,"Muskingum County, Ohio",38343,34243,4100,10.7,2888,7201,170100,811
0500000US39121,"Noble County, Ohio",5797,4587,1210,20.9,200,500,149300,730
0500000US39123,"Ottawa County, Ohio",28762,18091,10671,37.1,1156,3036,200700,909
0500000US39125,"Paulding County, Ohio",8533,7543,990,11.6,532,1415,126800,750
0500000US39127,"Perry County, Ohio",15021,13349,1672,11.1,989,2359,178300,727
0500000US39129,"Pickaway County, Ohio",22591,21412,1179,5.2,1995,4162,235700,965
0500000US39131,"Pike County, Ohio",12071,10816,1255,10.4,629,2181,148500,833
0500000US39133,"Portage County, Ohio",71040,64560,6480,9.1,6196,13490,210500,1036
0500000US39135,"Preble County, Ohio",18106,16742,1364,7.5,855,2848,171100,803
0500000US39137,"Putnam County, Ohio",13870,13173,697,5.0,545,1873,191600,857
0500000US39139,"Richland County, Ohio",54616,50068,4548,8.3,4023,9723,154000,791
0500000US39141,"Ross County, Ohio",32042,29429,2613,8.2,2380,5849,158500,858
0500000US39143,"Sandusky County, Ohio",26475,24452,2023,7.6,1405,4531,152500,786
0500000US39145,"Scioto County, Ohio",33153,28637,4516,13.6,2440,5083,132300,749
0500000US39147,"Seneca County, Ohio",23968,22099,1869,7.8,1688,3805,136200,814
0500000US39149,"Shelby County, Ohio",20113,18786,1327,6.6,1389,3076,190300,904
0500000US39151,"Stark County, Ohio",167525,155366,12159,7.3,11399,30931,177700,877
0500000US39153,"Summit County, Ohio",247239,229503,17736,7.2,18933,48692,195700,998
0500000US39155,"Trumbull County, Ohio",94510,86135,8375,8.9,6182,15566,128100,783
0500000US39157,"Tuscarawas County, Ohio",40840,38127,2713,6.6,2727,7785,176800,876
0500000US39159,"Union County, Ohio",24298,23495,803,3.3,2626,5221,306600,1188
0500000US39161,"Van Wert County, Ohio",12574,11651,923,7.3,742,1724,137300,792
0500000US39163,"Vinton County, Ohio",5937,5222,715,12.0,284,734,131700,663
0500000US39165,"Warren County, Ohio",94910,90288,4622,4.9,7996,21804,319700,1293
0500000US39167,"Washington County, Ohio",27979,24887,3092,11.1,1829,4342,174100,828
0500000US39169,"Wayne County, Ohio",46804,44192,2612,5.6,2908,9096,204600,849
0500000US39171,"Williams County, Ohio",16574,15455,1119,6.8,1178,3125,140000,805
0500000US39173,"Wood County, Ohio",57282,54156,3126,5.5,5962,13873,214400,950
0500000US39175,"Wyandot County, Ohio",9885,9064,821,8.3,564,1382,159500,785
0500000US40001,"Adair County, Oklahoma",8123,6926,1197,14.7,477,1380,111500,650
0500000US40003,"Alfalfa County, Oklahoma",2480,1890,590,23.8,150,314,103000,614
0500000US40005,"Atoka County, Oklahoma",6015,4867,1148,19.1,291,1086,138000,708
0500000US40007,"Beaver County, Oklahoma",2467,1695,772,31.3,95,261,117900,782
0500000US40009,"Beckham County, Oklahoma",10120,8192,1928,19.1,902,1824,153400,821
0500000US40011,"Blaine County, Oklahoma",4590,3393,1197,26.1,239,562,126200,842
0500000US40013,"Bryan County, Oklahoma",20605,18234,2371,11.5,1834,5142,163700,914
0500000US40015,"Caddo County, Oklahoma",11577,9108,2469,21.3,701,1834,109900,715
0500000US40017,"Canadian County, Oklahoma",60990,57464,3526,5.8,7168,14138,230300,1208
0500000US40019,"Carter County, Oklahoma",21619,18887,2732,12.6,1777,4140,153500,945
0500000US40021,"Cherokee County, Oklahoma",22273,18403,3870,17.4,1992,4544,160300,803
0500000US40023,"Choctaw County, Oklahoma",7115,5858,1257,17.7,406,1289,119700,676
0500000US40025,"Cimarron County, Oklahoma",1368,702,666,48.7,18,49,94500,682
0500000US40027,"Cleveland County, Oklahoma",123193,115293,7900,6.4,15171,30724,222800,1128
0500000US40029,"Coal County, Oklahoma",2581,2070,511,19.8,172,353,92500,679
0500000US40031,"Comanche County, Oklahoma",52647,44718,7929,15.1,6276,13283,154300,940
0500000US40033,"Cotton County, Oklahoma",2707,2051,656,24.2,80,382,113200,742
0500000US40035,"Craig County, Oklahoma",6382,5248,1134,17.8,500,1141,132900,826
0500000US40037,"Creek County, Oklahoma",31387,27830,3557,11.3,2169,5819,170900,910
0500000US40039,"Custer County, Oklahoma",12946,10784,2162,16.7,1886,2739,177000,779
0500000US40041,"Delaware County, Oklahoma",24282,16930,7352,30.3,1484,3431,164900,868
0500000US40043,"Dewey County, Oklahoma",2195,1595,600,27.3,143,308,118200,900
0500000US40045,"Ellis County, Oklahoma",2125,1447,678,31.9,102,220,122500,728
0500000US40047,"Garfield County, Oklahoma",27782,23910,3872,13.9,3065,5107,149800,915
0500000US40049,"Garvin County, Oklahoma",12073,10000,2073,17.2,885,2151,132600,828
0500000US40051,"Grady County, Oklahoma",23332,20540,2792,12.0,2023,4100,187900,874
0500000US40053,"Grant County, Oklahoma",2175,1555,620,28.5,110,242,79500,856
0500000US40055,"Greer County, Oklahoma",2614,2030,584,22.3,254,325,103600,624
0500000US40057,"Harmon County, Oklahoma",1358,950,408,30.0,106,142,75700,663
0500000US40059,"Harper County, Oklahoma",1714,1255,459,26.8,137,182,99300,791
0500000US40061,"Haskell County, Oklahoma",5675,4568,1107,19.5,324,860,122300,757
0500000US40063,"Hughes County, Oklahoma",5782,4003,1779,30.8,226,727,94900,615
0500000US40065,"Jackson County, Oklahoma",12046,9778,2268,18.8,1439,2612,145000,865
0500000US40067,"Jefferson County, Oklahoma",2742,2160,582,21.2,187,382,77500,588
0500000US40069,"Johnston County, Oklahoma",4710,3915,795,16.9,252,671,110700,732
0500000US40071,"Kay County, Oklahoma",20923,16716,4207,20.1,1403,3906,116800,830
0500000US40073,"Kingfisher County, Oklahoma",6426,5639,787,12.2,424,1236,206400,915
0500000US40075,"Kiowa County, Oklahoma",4684,3345,1339,28.6,338,600,90300,675
0500000US40077,"Latimer County, Oklahoma",4682,3852,830,17.7,286,750,103300,720
0500000US40079,"Le Flore County, Oklahoma",21168,17740,3428,16.2,1327,3948,121600,773
0500000US40081,"Lincoln County, Oklahoma",14516,12972,1544,10.6,985,2530,152000,760
0500000US40083,"Logan County, Oklahoma",19362,17536,1826,9.4,1156,3336,234300,895
0500000US40085,"Love County, Oklahoma",4724,3767,957,20.3,269,862,167500,903
0500000US40087,"McClain County, Oklahoma",17125,16025,1100,6.4,1629,3375,233900,964
0500000US40089,"McCurtain County, Oklahoma",14019,11304,2715,19.4,649,2267,126100,705
0500000US40091,"McIntosh County, Oklahoma",11877,7618,4259,35.9,587,1334,135800,763
0500000US40093,"Major County, Oklahoma",3713,3201,512,13.8,175,578,134700,619
0500000US40095,"Marshall County, Oklahoma",8817,5747,3070,34.8,445,950,139700,819
0500000US40097,"Mayes County, Oklahoma",18365,15267,3098,16.9,1129,3238,171900,846
0500000US40099,"Murray County, Oklahoma",6546,4974,1572,24.0,380,1001,154900,859
0500000US40101,"Muskogee County, Oklahoma",29363,25792,3571,12.2,2482,6248,138800,824
0500000US40103,"Noble County, Oklahoma",5067,4203,864,17.1,288,585,142600,758
0500000US40105,"Nowata County, Oklahoma",4383,3715,668,15.2,281,677,121900,776
0500000US40107,"Okfuskee County, Oklahoma",4779,3908,871,18.2,460,696,110800,689
0500000US40109,"Oklahoma County, Oklahoma",356997,323102,33895,9.5,40248,92241,207800,1073
0500000US40111,"Okmulgee County, Oklahoma",16708,14177,2531,15.1,1176,3261,114600,811
0500000US40113,"Osage County, Oklahoma",19801,17074,2727,13.8,1187,2982,172300,786
0500000US40115,"Ottawa County, Oklahoma",13695,11755,1940,14.2,1061,2621,114300,764
0500000US40117,"Pawnee County, Oklahoma",7337,6002,1335,18.2,448,1027,125700,872
0500000US40119,"Payne County, Oklahoma",36900,32341,4559,12.4,5056,11081,217700,922
0500000US40121,"Pittsburg County, Oklahoma",22204,17649,4555,20.5,1668,3779,146300,857
0500000US40123,"Pontotoc County, Oklahoma",17483,14974,2509,14.4,1490,3760,170500,880
0500000US40125,"Pottawatomie County, Oklahoma",30163,26581,3582,11.9,2368,5951,155700,869
0500000US40127,"Pushmataha County, Oklahoma",5694,4376,1318,23.1,387,734,116800,620
0500000US40129,"Roger Mills County, Oklahoma",1850,1423,427,23.1,88,249,152600,708
0500000US40131,"Rogers County, Oklahoma",38706,35722,2984,7.7,3278,7960,222200,1018
0500000US40133,"Seminole County, Oklahoma",10789,8701,2088,19.4,835,1675,91200,730
0500000US40135,"Sequoyah County, Oklahoma",18254,15184,3070,16.8,1549,3094,127500,796
0500000US40137,"Stephens County, Oklahoma",20311,17228,3083,15.2,1608,3576,135100,865
0500000US40139,"Texas County, Oklahoma",8462,6870,1592,18.8,282,1948,155600,939
0500000US40141,"Tillman County, Oklahoma",3776,2655,1121,29.7,140,608,71900,704
0500000US40143,"Tulsa County, Oklahoma",295318,268530,26788,9.1,32683,74630,213500,1060
0500000US40145,"Wagoner County, Oklahoma",33531,30565,2966,8.8,2749,6735,216000,1050
0500000US40147,"Washington County, Oklahoma",23745,20596,3149,13.3,2058,4685,160900,903
0500000US40149,"Washita County, Oklahoma",5131,4101,1030,20.1,284,713,113300,775
0500000US40151,"Woods County, Oklahoma",4463,3488,975,21.8,515,662,141900,806
0500000US40153,"Woodward County, Oklahoma",9389,8116,1273,13.6,753,1769,178000,847
0500000US41001,"Baker County, Oregon",8687,7263,1424,16.4,550,1644,247700,814
0500000US41003,"Benton County, Oregon",40565,38286,2279,5.6,5601,10380,481700,1359
0500000US41005,"Clackamas County, Oregon",172599,162762,9837,5.7,16132,36667,577900,1693
0500000US41007,"Clatsop County, Oregon",23251,18095,5156,22.2,1714,4530,437800,1130
0500000US41009,"Columbia County, Oregon",21980,20710,1270,5.8,1660,3947,390600,1221
0500000US41011,"Coos County, Oregon",31698,28417,3281,10.4,2325,6959,302800,992
0500000US41013,"Crook County, Oregon",11524,10647,877,7.6,1118,2484,423300,1224
0500000US41015,"Curry County, Oregon",13123,11280,1843,14.0,949,2611,366700,1156
0500000US41017,"Deschutes County, Oregon",97064,83197,13867,14.3,10022,23022,596000,1674
0500000US41019,"Douglas County, Oregon",50257,46677,3580,7.1,4058,10795,283200,995
0500000US41021,"Gilliam County, Oregon",1111,869,242,21.8,27,170,158400,1084
0500000US41023,"Grant County, Oregon",4147,3352,795,19.2,258,582,225100,840
0500000US41025,"Harney County, Oregon",3718,3141,577,15.5,183,709,190600,675
0500000US41027,"Hood River County, Oregon",10210,9021,1189,11.6,924,1865,571200,1381
0500000US41029,"Jackson County, Oregon",97083,90679,6404,6.6,9149,23353,400200,1310
0500000US41031,"Jefferson County, Oregon",10455,8659,1796,17.2,675,1901,339200,957
0500000US41033,"Josephine County, Oregon",39217,36336,2881,7.3,3166,7591,383100,1157
0500000US41035,"Klamath County, Oregon",33004,28840,4164,12.6,2713,7375,255700,973
0500000US41037,"Lake County, Oregon",4223,3422,801,19.0,270,810,219400,861
0500000US41039,"Lane County, Oregon",168316,159509,8807,5.2,17672,40894,395800,1287
0500000US41041,"Lincoln County, Oregon",32373,22829,9544,29.5,2156,5546,387700,1150
0500000US41043,"Linn County, Oregon",52740,50534,2206,4.2,4500,12483,344600,1273
0500000US41045,"Malheur County, Oregon",11678,10039,1639,14.0,875,2298,221300,819
0500000US41047,"Marion County, Oregon",130600,125413,5187,4.0,12241,30560,383300,1333
0500000US41049,"Morrow County, Oregon",4813,4322,491,10.2,349,875,229800,910
0500000US41051,"Multnomah County, Oregon",367704,347392,20312,5.5,47883,91279,528000,1582
0500000US41053,"Polk County, Oregon",34446,32574,1872,5.4,3424,8456,419500,1270
0500000US41055,"Sherman County, Oregon",979,784,195,19.9,39,131,206700,945
0500000US41057,"Tillamook County, Oregon",19093,11817,7276,38.1,1002,3012,408600,1169
0500000US41059,"Umatilla County, Oregon",31693,28194,3499,11.0,2417,7405,256100,962
0500000US41061,"Union County, Oregon",11786,10856,930,7.9,792,2704,260500,982
0500000US41063,"Wallowa County, Oregon",4334,3356,978,22.6,143,792,371900,858
0500000US41065,"Wasco County, Oregon",12102,10411,1691,14.0,677,2172,332500,978
0500000US41067,"Washington County, Oregon",240409,232366,8043,3.3,26422,62625,558500,1773
0500000US41069,"Wheeler County, Oregon",905,663,242,26.7,51,147,259000,782
0500000US41071,"Yamhill County, Oregon",40744,38836,1908,4.7,3284,9500,442700,1377
0500000US42001,"Adams County, Pennsylvania",43377,40411,2966,6.8,2287,6610,256100,1084
0500000US42003,"Allegheny County, Pennsylvania",604558,546507,58051,9.6,51586,112887,216700,1111
0500000US42005,"Armstrong County, Pennsylvania",32164,28007,4157,12.9,1568,4114,146300,802
0500000US42007,"Beaver County, Pennsylvania",79159,71975,7184,9.1,5061,10798,185500,867
0500000US42009,"Bedford County, Pennsylvania",23568,19763,3805,16.1,1086,2599,172900,771
0500000US42011,"Berks County, Pennsylvania",171147,161701,9446,5.5,11302,32320,239700,1143
0500000US42013,"Blair County, Pennsylvania",55788,50548,5240,9.4,3702,7994,156700,854
0500000US42015,"Bradford County, Pennsylvania",29421,24487,4934,16.8,1482,4036,182300,868
0500000US42017,"Bucks County, Pennsylvania",256416,247674,8742,3.4,16185,39528,421700,1537
0500000US42019,"Butler County, Pennsylvania",86399,80245,6154,7.1,6581,14332,275600,1018
0500000US42021,"Cambria County, Pennsylvania",64494,55692,8802,13.6,3141,8457,115900,733
0500000US42023,"Cameron County, Pennsylvania",3933,2229,1704,43.3,99,368,88200,699
0500000US42025,"Carbon County, Pennsylvania",34299,27093,7206,21.0,1574,4249,193700,975
0500000US42027,"Centre County, Pennsylvania",66023,59006,7017,10.6,7158,13896,308100,1181
0500000US42029,"Chester County, Pennsylvania",210730,202405,8325,4.0,17750,38343,461800,1691
0500000US42031,"Clarion County, Pennsylvania",18878,14982,3896,20.6,977,2636,152100,785
0500000US42033,"Clearfield County, Pennsylvania",38160,32089,6071,15.9,1565,4753,125000,788
0500000US42035,"Clinton County, Pennsylvania",18640,15258,3382,18.1,1181,2804,179100,815
0500000US42037,"Columbia County, Pennsylvania",29775,25874,3901,13.1,2064,4322,199200,904
0500000US42039,"Crawford County, Pennsylvania",42188,33616,8572,20.3,1963,5409,143400,800
0500000US42041,"Cumberland County, Pennsylvania",110265,105187,5078,4.6,8565,21631,261900,1184
0500000US42043,"Dauphin County, Pennsylvania",127259,119763,7496,5.9,11270,28258,222300,1153
0500000US42045,"Delaware County, Pennsylvania",229390,216660,12730,5.5,15464,42369,302400,1315
0500000US42047,"Elk County, Pennsylvania",16876,13481,3395,20.1,880,1696,128600,720
0500000US42049,"Erie County, Pennsylvania",120019,110106,9913,8.3,8905,21698,169500,876
0500000US42051,"Fayette County, Pennsylvania",62060,54962,7098,11.4,2957,8493,126900,771
0500000US42053,"Forest County, Pennsylvania",6969,1944,5025,72.1,125,277,111900,808
0500000US42055,"Franklin County, Pennsylvania",66787,63028,3759,5.6,4516,11409,236300,1071
0500000US42057,"Fulton County, Pennsylvania",7129,6156,973,13.6,308,942,206000,781
0500000US42059,"Greene County, Pennsylvania",16182,14126,2056,12.7,876,2386,146200,754
0500000US42061,"Huntingdon County, Pennsylvania",20932,16038,4894,23.4,919,1982,180300,795
0500000US42063,"Indiana County, Pennsylvania",37672,32291,5381,14.3,2329,6718,145400,786
0500000US42065,"Jefferson County, Pennsylvania",22053,18207,3846,17.4,1208,2481,126700,746
0500000US42067,"Juniata County, Pennsylvania",10502,8928,1574,15.0,510,1208,206300,730
0500000US42069,"Lackawanna County, Pennsylvania",100013,88266,11747,11.7,7222,15114,189900,973
0500000US42071,"Lancaster County, Pennsylvania",217863,210536,7327,3.4,18451,42636,279400,1289
0500000US42073,"Lawrence County, Pennsylvania",39597,36005,3592,9.1,2224,6243,136700,778
0500000US42075,"Lebanon County, Pennsylvania",59582,55846,3736,6.3,4406,11067,227300,1087
0500000US42077,"Lehigh County, Pennsylvania",150547,143445,7102,4.7,13248,30426,276100,1326
0500000US42079,"Luzerne County, Pennsylvania",151012,133434,17578,11.6,9973,24416,163800,958
0500000US42081,"Lycoming County, Pennsylvania",52692,46201,6491,12.3,3595,9148,195600,887
0500000US42083,"McKean County, Pennsylvania",19493,16204,3289,16.9,1088,2257,98700,769
0500000US42085,"Mercer County, Pennsylvania",50884,46123,4761,9.4,3078,8399,153600,808
0500000US42087,"Mifflin County, Pennsylvania",21425,18502,2923,13.6,976,3327,142900,792
0500000US42089,"Monroe County, Pennsylvania",79458,60562,18896,23.8,3974,10670,241200,1347
0500000US42091,"Montgomery County, Pennsylvania",348696,333514,15182,4.4,28739,66256,409900,1612
0500000US42093,"Montour County, Pennsylvania",8117,7689,428,5.3,703,1487,240300,1057
0500000US42095,"Northampton County, Pennsylvania",128612,121496,7116,5.5,10017,23318,285000,1335
0500000US42097,"Northumberland County, Pennsylvania",43395,37581,5814,13.4,2311,5929,151600,777
0500000US42099,"Perry County, Pennsylvania",20010,18232,1778,8.9,1153,2688,222800,838
0500000US42101,"Philadelphia County, Pennsylvania",739725,669222,70503,9.5,73505,159956,232400,1323
0500000US42103,"Pike County, Pennsylvania",39948,24009,15939,39.9,1795,4265,250900,1383
0500000US42105,"Potter County, Pennsylvania",12375,6757,5618,45.4,468,814,146200,767
0500000US42107,"Schuylkill County, Pennsylvania",67292,57465,9827,14.6,4037,9066,140400,842
0500000US42109,"Snyder County, Pennsylvania",16033,14549,1484,9.3,1147,1757,205500,890
0500000US42111,"Somerset County, Pennsylvania",37800,29071,8729,23.1,1490,3807,130600,749
0500000US42113,"Sullivan County, Pennsylvania",5601,2536,3065,54.7,85,297,186400,781
0500000US42115,"Susquehanna County, Pennsylvania",21335,15639,5696,26.7,874,2298,206700,913
0500000US42117,"Tioga County, Pennsylvania",21542,16639,4903,22.8,1282,2753,176000,850
0500000US42119,"Union County, Pennsylvania",16158,14301,1857,11.5,991,2154,222900,944
0500000US42121,"Venango County, Pennsylvania",26203,21342,4861,18.6,1405,3061,114500,774
0500000US42123,"Warren County, Pennsylvania",21641,16271,5370,24.8,1066,2316,121800,756
0500000US42125,"Washington County, Pennsylvania",97476,87665,9811,10.1,5665,16067,220600,922
0500000US42127,"Wayne County, Pennsylvania",32054,20314,11740,36.6,1066,3334,228200,979
0500000US42129,"Westmoreland County, Pennsylvania",168406,154385,14021,8.3,9776,23530,193100,843
0500000US42131,"Wyoming County, Pennsylvania",12858,10892,1966,15.3,652,1697,205600,897
0500000US42133,"York County, Pennsylvania",188608,180207,8401,4.5,12353,34330,235000,1150
0500000US44001,"Bristol County, Rhode Island",21557,19420,2137,9.9,1272,3800,468000,1348
0500000US44003,"Kent County, Rhode Island",76319,72743,3576,4.7,5481,14492,333900,1264
0500000US44005,"Newport County, Rhode Island",43554,36186,7368,16.9,3512,7797,559700,1652
0500000US44007,"Providence County, Rhode Island",277117,256505,20612,7.4,24372,58311,339100,1242
0500000US44009,"Washington County, Rhode Island",66068,52048,14020,21.2,3046,10393,469800,1303
0500000US45001,"Abbeville County, South Carolina",11718,9536,2182,18.6,546,1520,147200,634
0500000US45003,"Aiken County, South Carolina",78715,68606,10109,12.8,5807,13981,199500,1031
0500000US45005,"Allendale County, South Carolina",4055,3163,892,22.0,193,371,61600,691
0500000US45007,"Anderson County, South Carolina",91008,82134,8874,9.8,7112,17330,212500,952
0500000US45009,"Bamberg County, South Carolina",6598,4592,2006,30.4,290,580,96000,794
0500000US45011,"Barnwell County, South Carolina",9901,8107,1794,18.1,552,1390,97200,695
0500000US45013,"Beaufort County, South Carolina",101177,78794,22383,22.1,9934,20215,407600,1484
0500000US45015,"Berkeley County, South Carolina",97512,90348,7164,7.3,11454,24046,280300,1518
0500000US45017,"Calhoun County, South Carolina",7061,6124,937,13.3,486,696,148800,994
0500000US45019,"Charleston County, South Carolina",206299,175499,30800,14.9,23204,49022,450800,1506
0500000US45021,"Cherokee County, South Carolina",24945,21864,3081,12.4,2175,3536,135200,813
0500000US45023,"Chester County, South Carolina",14717,12926,1791,12.2,797,2115,143800,918
0500000US45025,"Chesterfield County, South Carolina",20655,17381,3274,15.9,1115,2753,101400,776
0500000US45027,"Clarendon County, South Carolina",16009,11949,4060,25.4,719,1744,147300,728
0500000US45029,"Colleton County, South Carolina",19994,15968,4026,20.1,964,2843,145900,905
0500000US45031,"Darlington County, South Carolina",29645,25074,4571,15.4,1704,4664,141400,876
0500000US45033,"Dillon County, South Carolina",12879,10587,2292,17.8,806,2138,84400,692
0500000US45035,"Dorchester County, South Carolina",66435,61573,4862,7.3,8075,15110,294400,1381
0500000US45037,"Edgefield County, South Carolina",11317,9508,1809,16.0,917,1712,194300,854
0500000US45039,"Fairfield County, South Carolina",10957,8773,2184,19.9,702,981,129100,910
0500000US45041,"Florence County, South Carolina",61418,52522,8896,14.5,4626,11371,165500,908
0500000US45043,"Georgetown County, South Carolina",36704,26593,10111,27.5,1875,4712,262300,1166
0500000US45045,"Greenville County, South Carolina",233254,215774,17480,7.5,24508,56644,273900,1198
0500000US45047,"Greenwood County, South Carolina",31549,27770,3779,12.0,1424,5718,166400,880
0500000US45049,"Hampton County, South Carolina",8622,7104,1518,17.6,531,1157,102400,815
0500000US45051,"Horry County, South Carolina",211686,150342,61344,29.0,15962,40149,260500,1181
0500000US45053,"Jasper County, South Carolina",13868,12420,1448,10.4,1578,2796,269400,1307
0500000US45055,"Kershaw County, South Carolina",29623,25877,3746,12.6,1719,4364,191900,872
0500000US45057,"Lancaster County, South Carolina",42696,39204,3492,8.2,3659,9229,298100,892
0500000US45059,"Laurens County, South Carolina",31695,26291,5404,17.1,1951,5501,153500,847
0500000US45061,"Lee County, South Carolina",7587,6294,1293,17.0,418,938,101900,806
0500000US45063,"Lexington County, South Carolina",130874,120789,10085,7.7,10472,27368,217700,1115
0500000US45065,"McCormick County, South Carolina",5563,4107,1456,26.2,260,626,159000,666
0500000US45067,"Marion County, South Carolina",14418,11788,2630,18.2,642,1934,86800,663
0500000US45069,"Marlboro County, South Carolina",12059,9729,2330,19.3,502,1796,74500,686
0500000US45071,"Newberry County, South Carolina",18398,15220,3178,17.3,1302,2425,158200,854
0500000US45073,"Oconee County, South Carolina",41514,33653,7861,18.9,2803,6849,217200,876
0500000US45075,"Orangeburg County, South Carolina",41420,32880,8540,20.6,2262,5533,109700,804
0500000US45077,"Pickens County, South Carolina",57695,51404,6291,10.9,6021,11906,216000,936
0500000US45079,"Richland County, South Carolina",185196,165308,19888,10.7,20481,46580,224200,1185
0500000US45081,"Saluda County, South Carolina",9420,7507,1913,20.3,576,1161,123200,814
0500000US45083,"Spartanburg County, South Carolina",141086,128606,12480,8.8,13360,29265,216000,1019
0500000US45085,"Sumter County, South Carolina",47288,41181,6107,12.9,4546,8371,159500,1006
0500000US45087,"Union County, South Carolina",13508,11738,1770,13.1,794,1940,100000,770
0500000US45089,"Williamsburg County, South Carolina",14837,12160,2677,18.0,573,1804,95100,769
0500000US45091,"York County, South Carolina",118063,111623,6440,5.5,10721,27658,322700,1304
0500000US46003,"Aurora County, South Dakota",1227,1042,185,15.1,90,168,129000,739
0500000US46005,"Beadle County, South Dakota",8453,7485,968,11.5,755,1687,178400,834
0500000US46007,"Bennett County, South Dakota",1232,1024,208,16.9,25,152,138600,616
0500000US46009,"Bon Homme County, South Dakota",2823,2426,397,14.1,145,437,120300,620
0500000US46011,"Brookings County, South Dakota",15025,13490,1535,10.2,2288,3389,246300,874
0500000US46013,"Brown County, South Dakota",18009,16364,1645,9.1,1644,3751,212900,794
0500000US46015,"Brule County, South Dakota",2371,1932,439,18.5,54,355,205500,700
0500000US46017,"Buffalo County, South Dakota",577,496,81,14.0,26,54,108000,535
0500000US46019,"Butte County, South Dakota",4737,4230,507,10.7,366,678,207700,940
0500000US46021,"Campbell County, South Dakota",921,704,217,23.6,22,128,87900,635
0500000US46023,"Charles Mix County, South Dakota",3664,3006,658,18.0,187,405,169200,727
0500000US46025,"Clark County, South Dakota",1609,1322,287,17.8,97,164,141900,709
0500000US46027,"Clay County, South Dakota",6243,5561,682,10.9,815,1795,221800,736
0500000US46029,"Codington County, South Dakota",13388,12361,1027,7.7,1253,2636,218000,901
0500000US46031,"Corson County, South Dakota",1360,1112,248,18.2,16,134,73800,473
0500000US46033,"Custer County, South Dakota",5126,4033,1093,21.3,420,743,327200,1117
0500000US46035,"Davison County, South Dakota",9550,8714,836,8.8,893,2104,190000,750
0500000US46037,"Day County, South Dakota",3434,2343,1091,31.8,171,373,155100,623
0500000US46039,"Deuel County, South Dakota",2147,1800,347,16.2,134,341,180100,668
0500000US46041,"Dewey County, South Dakota",1927,1681,246,12.8,62,296,75400,714
0500000US46043,"Douglas County, South Dakota",1354,1117,237,17.5,70,221,125000,864
0500000US46045,"Edmunds County, South Dakota",1892,1589,303,16.0,113,279,163600,881
0500000US46047,"Fall River County, South Dakota",4101,3443,658,16.0,443,796,176300,866
0500000US46049,"Faulk County, South Dakota",1080,836,244,22.6,22,71,124100,692
0500000US46051,"Grant County, South Dakota",3441,2989,452,13.1,255,464,179400,668
0500000US46053,"Gregory County, South Dakota",2199,1635,564,25.6,60,238,129000,614
0500000US46055,"Haakon County, South Dakota",872,674,198,22.7,22,47,153200,688
0500000US46057,"Hamlin County, South Dakota",2831,2181,650,23.0,194,384,207700,769
0500000US46059,"Hand County, South Dakota",1698,1373,325,19.1,137,190,152100,553
0500000US46061,"Hanson County, South Dakota",1289,1134,155,12.0,33,167,192400,733
0500000US46063,"Harding County, South Dakota",702,493,209,29.8,35,57,156400,478
0500000US46065,"Hughes County, South Dakota",7957,7316,641,8.1,578,1719,221100,930
0500000US46067,"Hutchinson County, South Dakota",3227,2944,283,8.8,209,478,160500,714
0500000US46069,"Hyde County, South Dakota",632,535,97,15.3,24,66,134500,921
0500000US46071,"Jackson County, South Dakota",1018,740,278,27.3,24,126,111500,460
0500000US46073,"Jerauld County, South Dakota",1001,827,174,17.4,19,138,127000,565
0500000US46075,"Jones County, South Dakota",478,355,123,25.7,43,58,117100,544
0500000US46077,"Kingsbury County, South Dakota",2647,2031,616,23.3,106,401,159600,725
0500000US46079,"Lake County, South Dakota",5747,4632,1115,19.4,445,861,231000,868
0500000US46081,"Lawrence County, South Dakota",14545,11812,2733,18.8,1189,2772,310800,923
0500000US46083,"Lincoln County, South Dakota",27552,26645,907,3.3,3056,7136,323500,1237
0500000US46085,"Lyman County, South Dakota",1561,1185,376,24.1,56,133,156500,603
0500000US46087,"McCook County, South Dakota",2467,2218,249,10.1,164,420,217300,750
0500000US46089,"McPherson County, South Dakota",1247,896,351,28.1,54,158,78400,580
0500000US46091,"Marshall County, South Dakota",2430,1646,784,32.3,101,239,147200,743
0500000US46093,"Meade County, South Dakota",12648,11801,847,6.7,1205,3083,274800,1150
0500000US46095,"Mellette County, South Dakota",779,616,163,20.9,28,84,63000,737
0500000US46097,"Miner County, South Dakota",1210,916,294,24.3,36,84,114100,563
0500000US46099,"Minnehaha County, South Dakota",87043,82394,4649,5.3,9600,21745,266600,954
0500000US46101,"Moody County, South Dakota",2752,2504,248,9.0,176,333,206300,723
0500000US46102,"Oglala Lakota County, South Dakota",3461,2731,730,21.1,167,377,45600,563
0500000US46103,"Pennington County, South Dakota",50655,45698,4957,9.8,4863,11300,270400,1066
0500000US46105,"Perkins County, South Dakota",1729,1254,475,27.5,81,140,105900,703
0500000US46107,"Potter County, South Dakota",1569,1021,548,34.9,48,115,121300,869
0500000US46109,"Roberts County, South Dakota",4823,3657,1166,24.2,235,678,139100,656
0500000US46111,"Sanborn County, South Dakota",1134,929,205,18.1,55,102,138500,717
0500000US46115,"Spink County, South Dakota",2989,2453,536,17.9,172,294,117400,691
0500000US46117,"Stanley County, South Dakota",1541,1272,269,17.5,53,346,169900,896
0500000US46119,"Sully County, South Dakota",908,624,284,31.3,47,95,198700,913
0500000US46121,"Todd County, South Dakota",2885,2474,411,14.2,124,366,45200,537
0500000US46123,"Tripp County, South Dakota",2777,2265,512,18.4,177,311,137100,809
0500000US46125,"Turner County, South Dakota",3899,3535,364,9.3,282,597,199000,745
0500000US46127,"Union County, South Dakota",7438,7124,314,4.2,693,1673,269500,1055
0500000US46129,"Walworth County, South Dakota",2941,2396,545,18.5,318,603,130000,962
0500000US46135,"Yankton County, South Dakota",10497,9792,705,6.7,1115,2060,208200,777
0500000US46137,"Ziebach County, South Dakota",895,724,171,19.1,11,100,101700,715
0500000US47001,"Anderson County, Tennessee",35570,32069,3501,9.8,3051,7098,215800,960
0500000US47003,"Bedford County, Tennessee",20129,18953,1176,5.8,2209,4066,255300,917
0500000US47005,"Benton County, Tennessee",8544,6928,1616,18.9,462,1301,123400,788
0500000US47007,"Bledsoe County, Tennessee",5895,4812,1083,18.4,243,891,165400,779
0500000US47009,"Blount County, Tennessee",60912,54449,6463,10.6,3840,12384,275700,1042
0500000US47011,"Bradley County, Tennessee",45411,41909,3502,7.7,4136,10015,230800,959
0500000US47013,"Campbell County, Tennessee",20370,16709,3661,18.0,1457,3828,169500,715
0500000US47015,"Cannon County, Tennessee",6384,5686,698,10.9,325,1152,227600,781
0500000US47017,"Carroll County, Tennessee",13107,11258,1849,14.1,963,1785,122100,757
0500000US47019,"Carter County, Tennessee",27982,24188,3794,13.6,1605,4500,157200,738
0500000US47021,"Cheatham County, Tennessee",17171,15908,1263,7.4,1283,3105,291400,1274
0500000US47023,"Chester County, Tennessee",7251,6333,918,12.7,285,1388,155200,714
0500000US47025,"Claiborne County, Tennessee",15437,13456,1981,12.8,1110,2730,148000,736
0500000US47027,"Clay County, Tennessee",3987,3201,786,19.7,108,543,136900,546
0500000US47029,"Cocke County, Tennessee",17883,15123,2760,15.4,920,2844,141800,787
0500000US47031,"Coffee County, Tennessee",25187,22794,2393,9.5,1696,5487,227300,885
0500000US47033,"Crockett County, Tennessee",6114,5494,620,10.1,316,1164,134100,854
0500000US47035,"Cumberland County, Tennessee",31037,27447,3590,11.6,2552,5804,228000,829
0500000US47037,"Davidson County, Tennessee",345026,314578,30448,8.8,46036,92940,386600,1485
0500000US47039,"Decatur County, Tennessee",6588,4439,2149,32.6,378,696,133900,716
0500000US47041,"DeKalb County, Tennessee",10033,8495,1538,15.3,748,1732,206600,773
0500000US47043,"Dickson County, Tennessee",23198,21092,2106,9.1,1855,4025,272700,972
0500000US47045,"Dyer County, Tennessee",16296,14884,1412,8.7,1090,3645,159500,760
0500000US47047,"Fayette County, Tennessee",18087,16730,1357,7.5,1194,3311,316000,883
0500000US47049,"Fentress County, Tennessee",9228,7706,1522,16.5,641,1506,151800,614
0500000US47051,"Franklin County, Tennessee",19815,17097,2718,13.7,1307,3930,215700,863
0500000US47053,"Gibson County, Tennessee",22500,20098,2402,10.7,1459,4736,149700,797
0500000US47055,"Giles County, Tennessee",14104,11710,2394,17.0,1086,2194,204100,836
0500000US47057,"Grainger County, Tennessee",11746,9566,2180,18.6,582,1522,172000,726
0500000US47059,"Greene County, Tennessee",32470,28093,4377,13.5,1814,4412,186400,713
0500000US47061,"Grundy County, Tennessee",6213,5106,1107,17.8,187,754,133400,723
0500000US47063,"Hamblen County, Tennessee",27805,25758,2047,7.4,1980,5357,188800,838
0500000US47065,"Hamilton County, Tennessee",165605,151316,14289,8.6,18294,38359,282100,1163
0500000US47067,"Hancock County, Tennessee",3667,2773,894,24.4,177,472,118000,592
0500000US47069,"Hardeman County, Tennessee",10708,9049,1659,15.5,663,1500,116800,818
0500000US47071,"Hardin County, Tennessee",15096,10833,4263,28.2,590,2183,154000,770
0500000US47073,"Hawkins County, Tennessee",27299,23090,4209,15.4,1468,4187,166900,744
0500000US47075,"Haywood County, Tennessee",8247,7166,1081,13.1,339,1617,119600,725
0500000US47077,"Henderson County, Tennessee",12944,10928,2016,15.6,707,1780,156000,812
0500000US47079,"Henry County, Tennessee",17044,13205,3839,22.5,1261,2183,145200,741
0500000US47081,"Hickman County, Tennessee",10588,9180,1408,13.3,627,2062,192000,877
0500000US47083,"Houston County, Tennessee",3960,3190,770,19.4,212,471,150100,685
0500000US47085,"Humphreys County, Tennessee",8868,6864,2004,22.6,395,988,186900,830
0500000US47087,"Jackson County, Tennessee",5832,4695,1137,19.5,228,740,135200,804
0500000US47089,"Jefferson County, Tennessee",25223,21351,3872,15.4,1628,4893,210000,880
0500000US47091,"Johnson County, Tennessee",8755,7172,1583,18.1,626,1414,175500,639
0500000US47093,"Knox County, Tennessee",214606,197298,17308,8.1,22768,53199,279700,1180
0500000US47095,"Lake County, Tennessee",2497,2022,475,19.0,195,329,107000,472
0500000US47097,"Lauderdale County, Tennessee",10697,9214,1483,13.9,573,1858,122100,729
0500000US47099,"Lawrence County, Tennessee",18699,16704,1995,10.7,1234,3381,176700,736
0500000US47101,"Lewis County, Tennessee",5746,5153,593,10.3,447,1165,157800,735
0500000US47103,"Lincoln County, Tennessee",16124,14589,1535,9.5,1054,3465,209100,782
0500000US47105,"Loudon County, Tennessee",25415,23438,1977,7.8,1921,4955,292600,995
0500000US47107,"McMinn County, Tennessee",24027,21471,2556,10.6,1567,4891,190400,792
0500000US47109,"McNairy County, Tennessee",12278,9806,2472,20.1,643,1761,151100,706
0500000US47111,"Macon County, Tennessee",10845,9200,1645,15.2,809,2190,211200,805
0500000US47113,"Madison County, Tennessee",43919,39534,4385,10.0,4272,9336,189700,1076
0500000US47115,"Marion County, Tennessee",13837,11529,2308,16.7,655,2346,173600,840
0500000US47117,"Marshall County, Tennessee",14521,13268,1253,8.6,989,2326,246100,924
0500000US47119,"Maury County, Tennessee",44841,41260,3581,8.0,5060,10824,307500,1206
0500000US47121,"Meigs County, Tennessee",6164,5279,885,14.4,477,1293,185500,845
0500000US47123,"Monroe County, Tennessee",21555,19283,2272,10.5,1397,4130,199700,699
0500000US47125,"Montgomery County, Tennessee",90226,84321,5905,6.5,12498,24986,248300,1219
0500000US47127,"Moore County, Tennessee",2996,2638,358,11.9,177,464,259300,746
0500000US47129,"Morgan County, Tennessee",8550,7188,1362,15.9,266,1324,144000,742
0500000US47131,"Obion County, Tennessee",14343,12516,1827,12.7,937,2565,122700,770
0500000US47133,"Overton County, Tennessee",10368,8992,1376,13.3,734,1702,171700,833
0500000US47135,"Perry County, Tennessee",4830,3040,1790,37.1,199,390,113800,747
0500000US47137,"Pickett County, Tennessee",3362,2106,1256,37.4,72,347,162200,755
0500000US47139,"Polk County, Tennessee",8856,7144,1712,19.3,390,1402,136400,668
0500000US47141,"Putnam County, Tennessee",35991,33057,2934,8.2,3560,9376,246800,881
0500000US47143,"Rhea County, Tennessee",15311,13243,2068,13.5,1527,2770,178500,796
0500000US47145,"Roane County, Tennessee",25560,22539,3021,11.8,1601,4600,212300,767
0500000US47147,"Robertson County, Tennessee",29263,27755,1508,5.2,2880,5303,296700,1176
0500000US47149,"Rutherford County, Tennessee",135336,125861,9475,7.0,16265,34962,346400,1405
0500000US47151,"Scott County, Tennessee",9851,8638,1213,12.3,642,1235,116800,691
0500000US47153,"Sequatchie County, Tennessee",6951,6121,830,11.9,544,1096,217800,842
0500000US47155,"Sevier County, Tennessee",57809,39221,18588,32.2,2958,8770,259500,1013
0500000US47157,"Shelby County, Tennessee",403144,360590,42554,10.6,37479,97004,229700,1170
0500000US47159,"Smith County, Tennessee",8649,7619,1030,11.9,524,1553,224500,877
0500000US47161,"Stewart County, Tennessee",6698,5173,1525,22.8,372,738,182700,837
0500000US47163,"Sullivan County, Tennessee",75917,68408,7509,9.9,5272,14914,190800,850
0500000US47165,"Sumner County, Tennessee",81376,76706,4670,5.7,7808,19431,364000,1339
0500000US47167,"Tipton County, Tennessee",24204,22544,1660,6.9,1867,4623,220100,1007
0500000US47169,"Trousdale County, Tennessee",3866,3658,208,5.4,498,579,284100,805
0500000US47171,"Unicoi County, Tennessee",8740,7803,937,10.7,784,1210,168200,665
0500000US47173,"Union County, Tennessee",9719,7771,1948,20.0,418,1125,186300,849
0500000US47175,"Van Buren County, Tennessee",2915,2462,453,15.5,109,329,149200,705
0500000US47177,"Warren County, Tennessee",18343,16132,2211,12.1,920,3565,173900,775
0500000US47179,"Washington County, Tennessee",61426,56234,5192,8.5,6721,13291,231700,951
0500000US47181,"Wayne County, Tennessee",7205,5734,1471,20.4,262,937,126600,619
0500000US47183,"Weakley County, Tennessee",15028,13274,1754,11.7,1308,3021,136300,760
0500000US47185,"White County, Tennessee",12158,11001,1157,9.5,897,2044,190200,838
0500000US47187,"Williamson County, Tennessee",94418,90716,3702,3.9,10037,22399,673700,1895
0500000US47189,"Wilson County, Tennessee",60976,56609,4367,7.2,5841,13689,397000,1370
0500000US48001,"Anderson County, Texas",20474,17142,3332,16.3,2020,3912,173400,1006
0500000US48003,"Andrews County, Texas",7063,6780,283,4.0,685,1294,188200,1364
0500000US48005,"Angelina County, Texas",36798,32183,4615,12.5,3708,8535,149800,1056
0500000US48007,"Aransas County, Texas",15795,11738,4057,25.7,1214,3409,236800,1052
0500000US48009,"Archer County, Texas",3920,3439,481,12.3,129,575,175300,766
0500000US48011,"Armstrong County, Texas",888,754,134,15.1,65,78,185700,1010
0500000US48013,"Atascosa County, Texas",19005,16635,2370,12.5,823,3451,157400,997
0500000US48015,"Austin County, Texas",14086,12174,1912,13.6,1395,2157,270900,1111
0500000US48017,"Bailey County, Texas",2786,2250,536,19.2,86,325,104400,744
0500000US48019,"Bandera County, Texas",11507,8943,2564,22.3,496,1259,249800,998
0500000US48021,"Bastrop County, Texas",38269,35164,3105,8.1,3663,7407,269500,1342
0500000US48023,"Baylor County, Texas",2170,1548,622,28.7,212,332,93300,685
0500000US48025,"Bee County, Texas",10607,8581,2026,19.1,647,1860,102800,1028
0500000US48027,"Bell County, Texas",151858,138557,13301,8.8,21928,45819,221100,1168
0500000US48029,"Bexar County, Texas",807160,740402,66758,8.3,98103,205492,244100,1290
0500000US48031,"Blanco County, Texas",6099,5001,1098,18.0,522,1069,396200,920
0500000US48033,"Borden County, Texas",352,239,113,32.1,68,17,105400,-
0500000US48035,"Bosque County, Texas",9344,7467,1877,20.1,646,1373,184500,926
0500000US48037,"Bowie County, Texas",39791,34801,4990,12.5,3029,8867,161300,966
0500000US48039,"Brazoria County, Texas",146587,131184,15403,10.5,15009,30756,276800,1410
0500000US48041,"Brazos County, Texas",99118,88415,10703,10.8,18216,30030,279700,1160
0500000US48043,"Brewster County, Texas",5955,4929,1026,17.2,849,1284,216000,768
0500000US48045,"Briscoe County, Texas",901,555,346,38.4,23,92,82900,692
0500000US48047,"Brooks County, Texas",3856,2884,972,25.2,211,421,82700,487
0500000US48049,"Brown County, Texas",19087,14979,4108,21.5,1675,3843,149900,887
0500000US48051,"Burleson County, Texas",9485,7749,1736,18.3,434,1158,174000,909
0500000US48053,"Burnet County, Texas",24577,19597,4980,20.3,2403,4189,310500,1324
0500000US48055,"Caldwell County, Texas",17013,15741,1272,7.5,1314,2857,215600,1145
0500000US48057,"Calhoun County, Texas",10743,8398,2345,21.8,291,1825,150000,1121
0500000US48059,"Callahan County, Texas",6523,5237,1286,19.7,423,766,144800,881
0500000US48061,"Cameron County, Texas",157565,135435,22130,14.0,11860,28193,120000,899
0500000US48063,"Camp County, Texas",5795,4677,1118,19.3,355,944,159900,774
0500000US48065,"Carson County, Texas",2792,2302,490,17.6,226,438,140600,933
0500000US48067,"Cass County, Texas",13963,11775,2188,15.7,826,2431,133500,821
0500000US48069,"Castro County, Texas",3026,2427,599,19.8,95,583,94900,910
0500000US48071,"Chambers County, Texas",18144,16558,1586,8.7,2537,2980,289900,1548
0500000US48073,"Cherokee County, Texas",20964,18085,2879,13.7,1592,3093,160300,880
0500000US48075,"Childress County, Texas",2935,2174,761,25.9,316,444,115100,934
0500000US48077,"Clay County, Texas",5154,4227,927,18.0,272,838,161300,825
0500000US48079,"Cochran County, Texas",1260,949,311,24.7,72,162,57700,738
0500000US48081,"Coke County, Texas",2147,1489,658,30.6,186,261,112900,687
0500000US48083,"Coleman County, Texas",4902,3230,1672,34.1,353,767,91200,714
0500000US48085,"Collin County, Texas",421938,400182,21756,5.2,58139,120840,447600,1792
0500000US48087,"Collingsworth County, Texas",1471,947,524,35.6,96,169,108400,619
0500000US48089,"Colorado County, Texas",10066,7577,2489,24.7,518,952,194000,1002
0500000US48091,"Comal County, Texas",74484,67651,6833,9.2,7882,19135,398800,1460
0500000US48093,"Comanche County, Texas",6940,5395,1545,22.3,547,803,137800,823
0500000US48095,"Concho County, Texas",1420,849,571,40.2,39,177,105800,919
0500000US48097,"Cooke County, Texas",17841,16252,1589,8.9,1611,3450,224600,1088
0500000US48099,"Coryell County, Texas",29180,26099,3081,10.6,3908,7499,177400,1120
0500000US48101,"Cottle County, Texas",972,571,401,41.3,30,67,54100,323
0500000US48103,"Crane County, Texas",1829,1665,164,9.0,191,139,119900,883
0500000US48105,"Crockett County, Texas",1739,1176,563,32.4,44,372,140000,585
0500000US48107,"Crosby County, Texas",2668,1974,694,26.0,143,435,75500,637
0500000US48109,"Culberson County, Texas",959,702,257,26.8,91,31,84500,971
0500000US48111,"Dallam County, Texas",3053,2373,680,22.3,286,496,140500,1074
0500000US48113,"Dallas County, Texas",1053471,971690,81781,7.8,131275,272622,277900,1469
0500000US48115,"Dawson County, Texas",4892,4154,738,15.1,557,956,90800,873
0500000US48117,"Deaf Smith County, Texas",6993,5973,1020,14.6,609,1022,116000,919
0500000US48119,"Delta County, Texas",2441,2095,346,14.2,161,519,149400,857
0500000US48121,"Denton County, Texas",364120,346809,17311,4.8,48655,104278,403400,1642
0500000US48123,"DeWitt County, Texas",9222,6683,2539,27.5,699,1029,167200,955
0500000US48125,"Dickens County, Texas",1107,684,423,38.2,59,88,65000,753
0500000US48127,"Dimmit County, Texas",4012,3010,1002,25.0,405,578,80300,753
0500000US48129,"Donley County, Texas",1950,1203,747,38.3,143,175,90500,686
0500000US48131,"Duval County, Texas",4430,2992,1438,32.5,240,426,86400,737
0500000US48133,"Eastland County, Texas",9391,7168,2223,23.7,774,1511,121700,803
0500000US48135,"Ector County, Texas",67542,62422,5120,7.6,7453,16731,190500,1284
0500000US48137,"Edwards County, Texas",903,474,429,47.5,27,30,78300,714
0500000US48139,"Ellis County, Texas",72541,68852,3689,5.1,7786,17778,306400,1449
0500000US48141,"El Paso County, Texas",320812,296341,24471,7.6,31680,73094,167300,1045
0500000US48143,"Erath County, Texas",18515,16379,2136,11.5,2772,4043,251900,1134
0500000US48145,"Falls County, Texas",7449,6009,1440,19.3,427,835,97300,747
0500000US48147,"Fannin County, Texas",14743,12793,1950,13.2,924,3249,213500,994
0500000US48149,"Fayette County, Texas",13210,9855,3355,25.4,704,1400,271100,909
0500000US48151,"Fisher County, Texas",2041,1590,451,22.1,130,178,77600,629
0500000US48153,"Floyd County, Texas",2601,1939,662,25.5,94,298,101000,587
0500000US48155,"Foard County, Texas",602,421,181,30.1,30,95,71400,577
0500000US48157,"Fort Bend County, Texas",293694,281259,12435,4.2,30168,71102,350300,1770
0500000US48159,"Franklin County, Texas",5121,3942,1179,23.0,333,933,213200,948
0500000US48161,"Freestone County, Texas",9101,6867,2234,24.5,638,1426,164400,844
0500000US48163,"Frio County, Texas",6378,5144,1234,19.3,708,815,110100,1006
0500000US48165,"Gaines County, Texas",7661,7057,604,7.9,1019,1314,185300,788
0500000US48167,"Galveston County, Texas",159379,138666,20713,13.0,16597,34361,284900,1360
0500000US48169,"Garza County, Texas",2094,1433,661,31.6,101,352,79300,797
0500000US48171,"Gillespie County, Texas",14255,11272,2983,20.9,995,2433,432300,1331
0500000US48173,"Glasscock County, Texas",463,441,22,4.8,47,53,248600,-
0500000US48175,"Goliad County, Texas",3541,2800,741,20.9,173,259,182800,724
0500000US48177,"Gonzales County, Texas",8976,7656,1320,14.7,412,1428,158900,837
0500000US48179,"Gray County, Texas",9975,7926,2049,20.5,976,1852,100400,898
0500000US48181,"Grayson County, Texas",60366,53325,7041,11.7,6674,13904,228300,1178
0500000US48183,"Gregg County, Texas",53590,47330,6260,11.7,5555,11904,185800,1072
0500000US48185,"Grimes County, Texas",12188,10289,1899,15.6,1090,1875,226600,985
0500000US48187,"Guadalupe County, Texas",67366,62953,4413,6.6,6525,15820,285900,1439
0500000US48189,"Hale County, Texas",13399,11034,2365,17.7,1269,2449,106100,798
0500000US48191,"Hall County, Texas",1748,1158,590,33.8,106,220,80200,610
0500000US48193,"Hamilton County, Texas",4356,3134,1222,28.1,243,730,124800,847
0500000US48195,"Hansford County, Texas",2284,1827,457,20.0,119,355,132100,770
0500000US48197,"Hardeman County, Texas",1866,1298,568,30.4,70,281,76500,688
0500000US48199,"Hardin County, Texas",24686,21750,2936,11.9,1620,4645,188200,1011
0500000US48201,"Harris County, Texas",1884607,1728103,156504,8.3,236052,470282,255000,1349
0500000US48203,"Harrison County, Texas",29530,25599,3931,13.3,1753,5517,178200,977
0500000US48205,"Hartley County, Texas",1808,1635,173,9.6,116,507,213200,1023
0500000US48207,"Haskell County, Texas",3084,2108,976,31.6,126,529,92000,824
0500000US48209,"Hays County, Texas",99775,94499,5276,5.3,15087,26947,371400,1417
0500000US48211,"Hemphill County, Texas",1694,1368,326,19.2,24,234,214900,946
0500000US48213,"Henderson County, Texas",41352,32597,8755,21.2,3707,6889,189600,978
0500000US48215,"Hidalgo County, Texas",302173,264128,38045,12.6,26830,55402,124000,925
0500000US48217,"Hill County, Texas",16314,13457,2857,17.5,942,2979,163100,929
0500000US48219,"Hockley County, Texas",9209,8058,1151,12.5,533,1470,112700,813
0500000US48221,"Hood County, Texas",28796,24988,3808,13.2,2577,6130,281300,1414
0500000US48223,"Hopkins County, Texas",15793,13878,1915,12.1,1360,3114,193200,1038
0500000US48225,"Houston County, Texas",10833,7795,3038,28.0,793,1533,155100,873
0500000US48227,"Howard County, Texas",13999,11927,2072,14.8,1355,2755,150300,993
0500000US48229,"Hudspeth County, Texas",1130,847,283,25.0,73,190,57400,664
0500000US48231,"Hunt County, Texas",41973,37549,4424,10.5,4027,9149,210900,1184
0500000US48233,"Hutchinson County, Texas",10175,6944,3231,31.8,582,1205,102200,852
0500000US48235,"Irion County, Texas",795,606,189,23.8,3,102,152600,1028
0500000US48237,"Jack County, Texas",3799,2915,884,23.3,208,774,174800,968
0500000US48239,"Jackson County, Texas",7021,5424,1597,22.7,346,843,175500,1011
0500000US48241,"Jasper County, Texas",16558,13667,2891,17.5,994,2247,125900,790
0500000US48243,"Jeff Davis County, Texas",1483,847,636,42.9,24,195,234400,1314
0500000US48245,"Jefferson County, Texas",109351,93646,15705,14.4,9894,22067,159600,1079
0500000US48247,"Jim Hogg County, Texas",1931,1221,710,36.8,154,160,125600,820
0500000US48249,"Jim Wells County, Texas",16207,13298,2909,17.9,1357,2508,104800,885
0500000US48251,"Johnson County, Texas",68594,63477,5117,7.5,6809,16545,254600,1343
0500000US48253,"Jones County, Texas",7060,6028,1032,14.6,514,1384,92700,938
0500000US48255,"Karnes County, Texas",5892,4643,1249,21.2,432,1341,136900,872
0500000US48257,"Kaufman County, Texas",52744,49703,3041,5.8,6940,13574,290800,1408
0500000US48259,"Kendall County, Texas",18797,17249,1548,8.2,1717,4284,489800,1576
0500000US48261,"Kenedy County, Texas",69,17,52,75.4,0,0,-,-
0500000US48263,"Kent County, Texas",484,274,210,43.4,15,52,108900,856
0500000US48265,"Kerr County, Texas",25439,22267,3172,12.5,2242,5046,285100,1079
0500000US48267,"Kimble County, Texas",2825,1858,967,34.2,113,340,173100,795
0500000US48269,"King County, Texas",148,90,58,39.2,0,18,-,-
0500000US48271,"Kinney County, Texas",1548,1180,368,23.8,23,193,88500,771
0500000US48273,"Kleberg County, Texas",13984,11794,2190,15.7,1817,3145,152200,1022
0500000US48275,"Knox County, Texas",1802,1256,546,30.3,119,174,66800,661
0500000US48277,"Lamar County, Texas",22744,20056,2688,11.8,1964,4753,175500,897
0500000US48279,"Lamb County, Texas",5893,4644,1249,21.2,194,782,76600,900
0500000US48281,"Lampasas County, Texas",9802,8147,1655,16.9,744,1730,236000,961
0500000US48283,"La Salle County, Texas",2307,1683,624,27.0,50,161,101000,-
0500000US48285,"Lavaca County, Texas",10499,8370,2129,20.3,588,1622,220900,879
0500000US48287,"Lee County, Texas",7924,6720,1204,15.2,424,1311,247500,1050
0500000US48289,"Leon County, Texas",9018,6546,2472,27.4,572,1307,177400,798
0500000US48291,"Liberty County, Texas",34765,30009,4756,13.7,2832,6952,167100,1038
0500000US48293,"Limestone County, Texas",10430,8318,2112,20.2,695,1413,154400,835
0500000US48295,"Lipscomb County, Texas",1505,1101,404,26.8,70,193,128400,807
0500000US48297,"Live Oak County, Texas",5971,4210,1761,29.5,435,853,142300,949
0500000US48299,"Llano County, Texas",15583,10218,5365,34.4,838,2157,322300,995
0500000US48301,"Loving County, Texas",47,36,11,23.4,0,0,-,-
0500000US48303,"Lubbock County, Texas",136468,124045,12423,9.1,19918,36135,199600,1134
0500000US48305,"Lynn County, Texas",2527,2066,461,18.2,165,442,130800,933
0500000US48307,"McCulloch County, Texas",4216,3072,1144,27.1,290,563,104400,838
0500000US48309,"McLennan County, Texas",107194,95966,11228,10.5,12363,23790,219200,1106
0500000US48311,"McMullen County, Texas",326,168,158,48.5,24,23,108800,-
0500000US48313,"Madison County, Texas",5095,4140,955,18.7,295,674,149100,832
0500000US48315,"Marion County, Texas",5609,4201,1408,25.1,192,803,110500,854
0500000US48317,"Martin County, Texas",2207,2033,174,7.9,206,499,162200,1175
0500000US48319,"Mason County, Texas",2411,1550,861,35.7,86,192,274600,751
0500000US48321,"Matagorda County, Texas",18871,14824,4047,21.4,1444,3598,162200,998
0500000US48323,"Maverick County, Texas",20258,18320,1938,9.6,1959,3877,151500,789
0500000US48325,"Medina County, Texas",19758,17479,2279,11.5,1795,3085,220000,1091
0500000US48327,"Menard County, Texas",1309,833,476,36.4,45,163,105300,810
0500000US48329,"Midland County, Texas",71565,67057,4508,6.3,9831,20975,293000,1383
0500000US48331,"Milam County, Texas",11581,10049,1532,13.2,938,1468,168900,948
0500000US48333,"Mills County, Texas",2614,1845,769,29.4,72,280,200200,713
0500000US48335,"Mitchell County, Texas",3697,2561,1136,30.7,276,355,85700,481
0500000US48337,"Montague County, Texas",10313,8142,2171,21.1,751,1894,189400,957
0500000US48339,"Montgomery County, Texas",253801,235474,18327,7.2,29324,62074,317500,1471
0500000US48341,"Moore County, Texas",8221,7275,946,11.5,837,1660,135400,894
0500000US48343,"Morris County, Texas",5812,5038,774,13.3,311,1091,110200,824
0500000US48345,"Motley County, Texas",746,476,270,36.2,54,81,81100,725
0500000US48347,"Nacogdoches County, Texas",28995,25114,3881,13.4,3513,6134,158200,923
0500000US48349,"Navarro County, Texas",21790,18484,3306,15.2,1837,4039,159900,1039
0500000US48351,"Newton County, Texas",6460,4898,1562,24.2,449,742,83100,877
0500000US48353,"Nolan County, Texas",7129,5834,1295,18.2,612,1312,98300,866
0500000US48355,"Nueces County, Texas",153109,130770,22339,14.6,14807,33345,194700,1224
0500000US48357,"Ochiltree County, Texas",4340,3758,582,13.4,386,888,137200,905
0500000US48359,"Oldham County, Texas",791,631,160,20.2,36,136,144800,1125
0500000US48361,"Orange County, Texas",37681,31847,5834,15.5,2803,7370,163400,1018
0500000US48363,"Palo Pinto County, Texas",15147,10951,4196,27.7,1225,2234,167300,1024
0500000US48365,"Panola County, Texas",10818,8486,2332,21.6,517,1584,146000,810
0500000US48367,"Parker County, Texas",58786,54237,4549,7.7,6759,12709,343600,1440
0500000US48369,"Parmer County, Texas",3753,3183,570,15.2,244,907,127300,1015
0500000US48371,"Pecos County, Texas",5853,5108,745,12.7,441,910,142900,973
0500000US48373,"Polk County, Texas",25677,18575,7102,27.7,1860,4277,154000,1009
0500000US48375,"Potter County, Texas",49133,42363,6770,13.8,4753,10605,134900,989
0500000US48377,"Presidio County, Texas",3380,2340,1040,30.8,138,189,123100,445
0500000US48379,"Rains County, Texas",5858,4723,1135,19.4,616,925,214900,895
0500000US48381,"Randall County, Texas",61137,55758,5379,8.8,5920,15957,227500,1119
0500000US48383,"Reagan County, Texas",1379,1046,333,24.1,65,193,163700,806
0500000US48385,"Real County, Texas",1829,1021,808,44.2,46,224,-,877
0500000US48387,"Red River County, Texas",6186,4993,1193,19.3,385,939,133800,902
0500000US48389,"Reeves County, Texas",5118,4145,973,19.0,229,532,113700,988
0500000US48391,"Refugio County, Texas",3328,2372,956,28.7,188,348,94400,842
0500000US48393,"Roberts County, Texas",392,303,89,22.7,33,26,176800,769
0500000US48395,"Robertson County, Texas",8559,6480,2079,24.3,434,1396,172700,773
0500000US48397,"Rockwall County, Texas",41426,39513,1913,4.6,4770,11735,386000,1899
0500000US48399,"Runnels County, Texas",4989,3800,1189,23.8,332,682,103700,894
0500000US48401,"Rusk County, Texas",21258,17963,3295,15.5,1330,3062,166900,997
0500000US48403,"Sabine County, Texas",7665,4469,3196,41.7,301,1081,131900,738
0500000US48405,"San Augustine County, Texas",4799,3017,1782,37.1,225,520,83500,741
0500000US48407,"San Jacinto County, Texas",14487,10480,4007,27.7,897,2704,183100,1018
0500000US48409,"San Patricio County, Texas",29954,24496,5458,18.2,2288,6157,180400,1239
0500000US48411,"San Saba County, Texas",2848,2095,753,26.4,268,300,161800,894
0500000US48413,"Schleicher County, Texas",1290,919,371,28.8,27,172,113400,627
0500000US48415,"Scurry County, Texas",6896,5931,965,14.0,430,1475,110800,913
0500000US48417,"Shackelford County, Texas",1572,1329,243,15.5,36,375,176900,485
0500000US48419,"Shelby County, Texas",11530,9177,2353,20.4,764,1667,111700,832
0500000US48421,"Sherman County, Texas",1117,842,275,24.6,56,69,125500,881
0500000US48423,"Smith County, Texas",98672,81690,16982,17.2,8601,19125,220800,1197
0500000US48425,"Somervell County, Texas",3967,3562,405,10.2,351,769,253600,927
0500000US48427,"Starr County, Texas",23008,18692,4316,18.8,1062,2680,93300,715
0500000US48429,"Stephens County, Texas",4669,3560,1109,23.8,337,712,105700,802
0500000US48431,"Sterling County, Texas",508,402,106,20.9,31,48,143200,968
0500000US48433,"Stonewall County, Texas",733,476,257,35.1,42,89,54700,620
0500000US48435,"Sutton County, Texas",1740,1236,504,29.0,69,220,140600,770
0500000US48437,"Swisher County, Texas",3038,2453,585,19.3,255,586,89200,729
0500000US48439,"Tarrant County, Texas",827874,769285,58589,7.1,95146,212066,294100,1447
0500000US48441,"Taylor County, Texas",61581,54390,7191,11.7,7592,14992,190300,1111
0500000US48443,"Terrell County, Texas",663,453,210,31.7,19,75,152200,-
0500000US48445,"Terry County, Texas",4796,4271,525,10.9,322,1212,111200,813
0500000US48447,"Throckmorton County, Texas",960,686,274,28.5,55,70,84200,548
0500000US48449,"Titus County, Texas",12110,11011,1099,9.1,997,2214,157900,817
0500000US48451,"Tom Green County, Texas",51949,46094,5855,11.3,6461,10525,186700,1125
0500000US48453,"Travis County, Texas",594638,561491,33147,5.6,88656,176977,487600,1669
0500000US48455,"Trinity County, Texas",8261,6033,2228,27.0,642,1324,110100,823
0500000US48457,"Tyler County, Texas",9499,7073,2426,25.5,654,1523,138400,951
0500000US48459,"Upshur County, Texas",17444,15372,2072,11.9,1260,3232,171200,1015
0500000US48461,"Upton County, Texas",1629,1325,304,18.7,125,216,106300,689
0500000US48463,"Uvalde County, Texas",10092,8422,1670,16.5,736,2117,144400,966
0500000US48465,"Val Verde County, Texas",18631,16706,1925,10.3,1627,4157,151500,956
0500000US48467,"Van Zandt County, Texas",25708,22555,3153,12.3,2198,4532,199500,1010
0500000US48469,"Victoria County, Texas",39238,34142,5096,13.0,3771,7589,197600,1151
0500000US48471,"Walker County, Texas",29626,25180,4446,15.0,2980,7431,207900,986
0500000US48473,"Waller County, Texas",19946,17981,1965,9.9,1745,4915,292000,1210
0500000US48475,"Ward County, Texas",5137,4345,792,15.4,224,905,138800,939
0500000US48477,"Washington County, Texas",17371,15277,2094,12.1,1862,2575,270100,1091
0500000US48479,"Webb County, Texas",86727,79572,7155,8.3,7267,17161,178900,997
0500000US48481,"Wharton County, Texas",17546,15422,2124,12.1,1091,2790,182700,986
0500000US48483,"Wheeler County, Texas",2595,1849,746,28.7,114,299,97600,995
0500000US48485,"Wichita County, Texas",55664,48935,6729,12.1,7268,12383,141600,972
0500000US48487,"Wilbarger County, Texas",5848,4737,1111,19.0,278,1083,98800,862
0500000US48489,"Willacy County, Texas",6854,5671,1183,17.3,314,704,60800,868
0500000US48491,"Williamson County, Texas",251600,241754,9846,3.9,36895,70447,414600,1720
0500000US48493,"Wilson County, Texas",19259,17785,1474,7.7,1489,2937,286300,1069
0500000US48495,"Winkler County, Texas",3209,2781,428,13.3,232,459,121200,900
0500000US48497,"Wise County, Texas",27196,24581,2615,9.6,2637,4665,277200,1239
0500000US48499,"Wood County, Texas",22267,18221,4046,18.2,1390,3417,195100,851
0500000US48501,"Yoakum County, Texas",3015,2616,399,13.2,60,599,183000,931
0500000US48503,"Young County, Texas",8550,7763,787,9.2,984,1693,165300,849
0500000US48505,"Zapata County, Texas",6218,4612,1606,25.8,286,923,88800,569
0500000US48507,"Zavala County, Texas",3951,3411,540,13.7,237,639,88100,544
0500000US49001,"Beaver County, Utah",2928,2386,542,18.5,141,549,287600,1034
0500000US49003,"Box Elder County, Utah",20280,19150,1130,5.6,1647,4190,357400,1028
0500000US49005,"Cache County, Utah",45454,43118,2336,5.1,6210,11897,392800,1137
0500000US49007,"Carbon County, Utah",9629,8023,1606,16.7,774,1976,200700,828
0500000US49009,"Daggett County, Utah",1155,262,893,77.3,20,49,242100,775
0500000US49011,"Davis County, Utah",118581,114674,3907,3.3,10409,27960,470500,1516
0500000US49013,"Duchesne County, Utah",8943,6714,2229,24.9,726,1320,253600,934
0500000US49015,"Emery County, Utah",4099,3428,671,16.4,305,501,197100,696
0500000US49017,"Garfield County, Utah",3589,2027,1562,43.5,124,401,285800,781
0500000US49019,"Grand County, Utah",5333,4466,867,16.3,486,833,480900,1021
0500000US49021,"Iron County, Utah",22824,19658,3166,13.9,2846,5507,342900,1008
0500000US49023,"Juab County, Utah",3972,3756,216,5.4,298,680,369800,917
0500000US49025,"Kane County, Utah",6264,3192,3072,49.0,261,612,350900,1120
0500000US49027,"Millard County, Utah",4990,4267,723,14.5,330,876,246400,897
0500000US49029,"Morgan County, Utah",3833,3605,228,5.9,274,586,600900,1493
0500000US49031,"Piute County, Utah",892,567,325,36.4,35,50,235400,792
0500000US49033,"Rich County, Utah",3217,817,2400,74.6,11,117,291200,743
0500000US49035,"Salt Lake County, Utah",440166,416589,23577,5.4,51055,107265,484500,1493
0500000US49037,"San Juan County, Utah",5612,4650,962,17.1,364,628,189900,805
0500000US49039,"Sanpete County, Utah",10442,8748,1694,16.2,673,1975,300400,911
0500000US49041,"Sevier County, Utah",8705,7393,1312,15.1,560,1687,274100,878
0500000US49043,"Summit County, Utah",26206,14477,11729,44.8,1100,3145,1000400,1969
0500000US49045,"Tooele County, Utah",24138,23050,1088,4.5,2402,6111,391300,1134
0500000US49047,"Uintah County, Utah",13775,11940,1835,13.3,1807,2956,270200,914
0500000US49049,"Utah County, Utah",203308,195602,7706,3.8,28051,57885,489200,1441
0500000US49051,"Wasatch County, Utah",15446,11985,3461,22.4,1365,3308,724400,1905
0500000US49053,"Washington County, Utah",78993,66914,12079,15.3,8317,19287,465600,1464
0500000US49055,"Wayne County, Utah",1713,1085,628,36.7,99,209,364800,1018
0500000US49057,"Weber County, Utah",98595,92353,6242,6.3,9284,23687,389200,1269
0500000US50001,"Addison County, Vermont",17521,14638,2883,16.5,859,2539,333700,1201
0500000US50003,"Bennington County, Vermont",20877,14636,6241,29.9,825,2564,257400,1063
0500000US50005,"Caledonia County, Vermont",16084,12877,3207,19.9,980,2011,215900,904
0500000US50007,"Chittenden County, Vermont",74025,70443,3582,4.8,7749,18321,404500,1590
0500000US50009,"Essex County, Vermont",4914,2729,2185,44.5,113,513,167500,915
0500000US50011,"Franklin County, Vermont",22850,19605,3245,14.2,1315,3839,285500,1164
0500000US50013,"Grand Isle County, Vermont",5301,3078,2223,41.9,211,705,363500,1436
0500000US50015,"Lamoille County, Vermont",14138,11424,2714,19.2,1153,1897,285200,1123
0500000US50017,"Orange County, Vermont",15021,12790,2231,14.9,931,2169,251000,1145
0500000US50019,"Orleans County, Vermont",16630,11791,4839,29.1,811,2150,213300,897
0500000US50021,"Rutland County, Vermont",33974,25448,8526,25.1,1670,4289,218400,965
0500000US50023,"Washington County, Vermont",30860,25474,5386,17.5,2008,4573,293900,1094
0500000US50025,"Windham County, Vermont",30104,19660,10444,34.7,1476,3701,265100,1056
0500000US50027,"Windsor County, Vermont",34773,24873,9900,28.5,2016,5008,267400,1089
0500000US51001,"Accomack County, Virginia",21897,14302,7595,34.7,1274,2931,193100,973
0500000US51003,"Albemarle County, Virginia",48360,45064,3296,6.8,5138,11018,471000,1623
0500000US51005,"Alleghany County, Virginia",7916,6292,1624,20.5,230,909,122300,774
0500000US51007,"Amelia County, Virginia",5770,5285,485,8.4,220,1041,239700,972
0500000US51009,"Amherst County, Virginia",14301,12702,1599,11.2,908,1912,197200,842
0500000US51011,"Appomattox County, Virginia",7380,6563,817,11.1,360,789,189200,883
0500000US51013,"Arlington County, Virginia",120746,111530,9216,7.6,22370,32550,864800,2275
0500000US51015,"Augusta County, Virginia",32890,30644,2246,6.8,2237,4968,281400,1057
0500000US51017,"Bath County, Virginia",3336,1781,1555,46.6,26,332,206000,825
0500000US51019,"Bedford County, Virginia",37383,32698,4685,12.5,2512,6268,276600,955
0500000US51021,"Bland County, Virginia",3205,2345,860,26.8,100,231,157100,683
0500000US51023,"Botetourt County, Virginia",15010,13105,1905,12.7,715,2204,268900,951
0500000US51025,"Brunswick County, Virginia",7935,6390,1545,19.5,442,1096,132700,864
0500000US51027,"Buchanan County, Virginia",10340,7351,2989,28.9,324,1015,91400,712
0500000US51029,"Buckingham County, Virginia",7233,6062,1171,16.2,400,969,167800,874
0500000US51031,"Campbell County, Virginia",25363,22080,3283,12.9,1631,3904,199200,853
0500000US51033,"Caroline County, Virginia",12693,11680,1013,8.0,928,2180,283100,1201
0500000US51035,"Carroll County, Virginia",16645,12493,4152,24.9,1283,1916,144200,687
0500000US51036,"Charles City County, Virginia",3269,2947,322,9.9,130,361,224100,1076
0500000US51037,"Charlotte County, Virginia",5973,4621,1352,22.6,270,687,144000,682
0500000US51041,"Chesterfield County, Virginia",142572,136996,5576,3.9,12658,30177,336700,1542
0500000US51043,"Clarke County, Virginia",6478,5651,827,12.8,392,964,538900,1360
0500000US51045,"Craig County, Virginia",2397,1752,645,26.9,25,306,210500,728
0500000US51047,"Culpeper County, Virginia",19529,18584,945,4.8,1469,4154,386400,1417
0500000US51049,"Cumberland County, Virginia",4695,4175,520,11.1,237,661,220100,847
0500000US51051,"Dickenson County, Virginia",7352,5717,1635,22.2,303,790,101100,733
0500000US51053,"Dinwiddie County, Virginia",11896,10427,1469,12.3,780,1684,246100,1242
0500000US51057,"Essex County, Virginia",5785,4396,1389,24.0,278,1014,228600,967
0500000US51059,"Fairfax County, Virginia",428352,412663,15689,3.7,46390,95627,699700,2230
0500000US51061,"Fauquier County, Virginia",28454,26266,2188,7.7,1541,4855,543700,1561
0500000US51063,"Floyd County, Virginia",7946,6649,1297,16.3,390,1060,215500,826
0500000US51065,"Fluvanna County, Virginia",11329,10251,1078,9.5,683,1905,281700,1173
0500000US51067,"Franklin County, Virginia",28344,22484,5860,20.7,1670,3183,222800,797
0500000US51069,"Frederick County, Virginia",36617,34338,2279,6.2,2493,7589,355000,1402
0500000US51071,"Giles County, Virginia",8316,6769,1547,18.6,448,893,143500,780
0500000US51073,"Gloucester County, Virginia",17204,15111,2093,12.2,1035,2722,289200,1144
0500000US51075,"Goochland County, Virginia",10913,10013,900,8.2,816,2072,483700,1567
0500000US51077,"Grayson County, Virginia",8961,6202,2759,30.8,373,968,132300,712
0500000US51079,"Greene County, Virginia",8687,7912,775,8.9,499,1791,315300,1502
0500000US51081,"Greensville County, Virginia",4012,3092,920,22.9,76,383,159200,960
0500000US51083,"Halifax County, Virginia",17382,13673,3709,21.3,733,1769,148900,769
0500000US51085,"Hanover County, Virginia",43983,42012,1971,4.5,2711,8431,372700,1496
0500000US51087,"Henrico County, Virginia",142964,135599,7365,5.2,14852,32798,333600,1474
0500000US51089,"Henry County, Virginia",25445,20503,4942,19.4,1272,3368,120300,705
0500000US51091,"Highland County, Virginia",1839,1003,836,45.5,27,76,195700,859
0500000US51093,"Isle of Wight County, Virginia",16827,15426,1401,8.3,1302,2812,333600,1313
0500000US51095,"James City County, Virginia",34400,31351,3049,8.9,3618,7239,419200,1491
0500000US51097,"King and Queen County, Virginia",3485,2814,671,19.3,144,636,240900,982
0500000US51099,"King George County, Virginia",10540,9877,663,6.3,858,2230,395900,1426
0500000US51101,"King William County, Virginia",7605,7115,490,6.4,359,1008,276500,1246
0500000US51103,"Lancaster County, Virginia",7483,5468,2015,26.9,581,1113,307600,978
0500000US51105,"Lee County, Virginia",10857,8446,2411,22.2,518,1198,98700,725
0500000US51107,"Loudoun County, Virginia",144804,140823,3981,2.7,13361,33797,701000,2317
0500000US51109,"Louisa County, Virginia",18047,15211,2836,15.7,1324,2738,275600,1208
0500000US51111,"Lunenburg County, Virginia",5903,4669,1234,20.9,232,611,145500,780
0500000US51113,"Madison County, Virginia",6110,5392,718,11.8,332,726,331400,1048
0500000US51115,"Mathews County, Virginia",5486,3767,1719,31.3,283,481,348800,1108
0500000US51117,"Mecklenburg County, Virginia",19184,13395,5789,30.2,852,2352,169400,804
0500000US51119,"Middlesex County, Virginia",7140,4733,2407,33.7,350,636,299800,1071
0500000US51121,"Montgomery County, Virginia",42229,36731,5498,13.0,5153,10166,283600,1206
0500000US51125,"Nelson County, Virginia",9947,6470,3477,35.0,318,1384,283000,950
0500000US51127,"New Kent County, Virginia",9495,9034,461,4.9,718,1926,371500,1653
0500000US51131,"Northampton County, Virginia",7456,5338,2118,28.4,359,874,279100,780
0500000US51133,"Northumberland County, Virginia",9009,5436,3573,39.7,210,861,333100,1053
0500000US51135,"Nottoway County, Virginia",6683,5492,1191,17.8,496,720,179800,1009
0500000US51137,"Orange County, Virginia",15895,14667,1228,7.7,1147,3283,337300,1145
0500000US51139,"Page County, Virginia",11878,9509,2369,19.9,475,1875,221800,851
0500000US51141,"Patrick County, Virginia",10006,7797,2209,22.1,633,923,146500,721
0500000US51143,"Pittsylvania County, Virginia",29468,24633,4835,16.4,1408,3279,153000,856
0500000US51145,"Powhatan County, Virginia",11841,11151,690,5.8,877,1576,381300,1107
0500000US51147,"Prince Edward County, Virginia",9171,7560,1611,17.6,852,1721,203700,898
0500000US51149,"Prince George County, Virginia",13444,12718,726,5.4,1161,2991,268300,1563
0500000US51153,"Prince William County, Virginia",160256,154609,5647,3.5,15604,36626,500600,2002
0500000US51155,"Pulaski County, Virginia",17039,14386,2653,15.6,854,2475,182500,815
0500000US51157,"Rappahannock County, Virginia",3848,2861,987,25.6,130,344,490200,1384
0500000US51159,"Richmond County, Virginia",3959,2931,1028,26.0,188,426,214200,1011
0500000US51161,"Roanoke County, Virginia",42251,39231,3020,7.1,3032,8123,267300,1148
0500000US51163,"Rockbridge County, Virginia",11315,9552,1763,15.6,695,1486,238700,956
0500000US51165,"Rockingham County, Virginia",36095,32048,4047,11.2,2719,5856,287900,1125
0500000US51167,"Russell County, Virginia",12772,10470,2302,18.0,674,1559,119600,682
0500000US51169,"Scott County, Virginia",11776,8951,2825,24.0,368,1143,122300,665
0500000US51171,"Shenandoah County, Virginia",21319,17782,3537,16.6,1224,3842,265800,968
0500000US51173,"Smyth County, Virginia",15080,12530,2550,16.9,898,2333,125800,692
0500000US51175,"Southampton County, Virginia",7774,6887,887,11.4,222,1119,208800,930
0500000US51177,"Spotsylvania County, Virginia",54020,51289,2731,5.1,5061,11862,375000,1733
0500000US51179,"Stafford County, Virginia",53864,51309,2555,4.7,5343,12154,458800,1925
0500000US51181,"Surry County, Virginia",3438,2755,683,19.9,168,317,235200,858
0500000US51183,"Sussex County, Virginia",4672,3705,967,20.7,319,549,178500,952
0500000US51185,"Tazewell County, Virginia",19804,15951,3853,19.5,1136,2761,116100,738
0500000US51187,"Warren County, Virginia",16936,15357,1579,9.3,1557,3295,315800,1199
0500000US51191,"Washington County, Virginia",25505,22118,3387,13.3,1435,3961,201800,832
0500000US51193,"Westmoreland County, Virginia",11300,8029,3271,28.9,619,1895,244000,991
0500000US51195,"Wise County, Virginia",16659,14055,2604,15.6,1052,2213,116500,770
0500000US51197,"Wythe County, Virginia",14016,12396,1620,11.6,874,2261,172100,718
0500000US51199,"York County, Virginia",28211,26445,1766,6.3,2977,6132,411200,1777
0500000US51510,"Alexandria city, Virginia",80570,75349,5221,6.5,13188,22797,696800,2031
0500000US51520,"Bristol city, Virginia",8654,7327,1327,15.3,791,1740,168700,775
0500000US51530,"Buena Vista city, Virginia",2944,2611,333,11.3,181,707,153500,1067
0500000US51540,"Charlottesville city, Virginia",21559,19699,1860,8.6,3336,5801,448400,1453
0500000US51550,"Chesapeake city, Virginia",95997,92361,3636,3.8,9577,21147,359100,1523
0500000US51570,"Colonial Heights city, Virginia",8126,7545,581,7.1,743,1940,231700,1162
0500000US51580,"Covington city, Virginia",3038,2493,545,17.9,201,495,80200,822
0500000US51590,"Danville city, Virginia",22309,18632,3677,16.5,2134,4544,110200,808
0500000US51595,"Emporia city, Virginia",2824,2219,605,21.4,265,426,131100,1060
0500000US51600,"Fairfax city, Virginia",9317,9158,159,1.7,1281,1982,677400,2122
0500000US51610,"Falls Church city, Virginia",6360,6053,307,4.8,981,1530,1005400,2205
0500000US51620,"Franklin city, Virginia",3897,3388,509,13.1,350,891,227200,995
0500000US51630,"Fredericksburg city, Virginia",12308,11443,865,7.0,2297,4069,461500,1521
0500000US51640,"Galax city, Virginia",3213,2729,484,15.1,187,864,126800,692
0500000US51650,"Hampton city, Virginia",62503,57740,4763,7.6,6757,14664,234100,1346
0500000US51660,"Harrisonburg city, Virginia",18654,17331,1323,7.1,2474,5800,278200,1120
0500000US51670,"Hopewell city, Virginia",10434,9418,1016,9.7,927,2286,165100,1085
0500000US51678,"Lexington city, Virginia",2644,2061,583,22.0,274,486,275300,985
0500000US51680,"Lynchburg city, Virginia",34009,28687,5322,15.6,3820,8242,211800,1043
0500000US51683,"Manassas city, Virginia",14426,14041,385,2.7,1749,3770,434700,1835
0500000US51685,"Manassas Park city, Virginia",5525,5165,360,6.5,482,1342,381200,2175
0500000US51690,"Martinsville city, Virginia",7031,5619,1412,20.1,360,1486,92500,784
0500000US51700,"Newport News city, Virginia",81850,75798,6052,7.4,10316,22261,243300,1285
0500000US51710,"Norfolk city, Virginia",102542,94457,8085,7.9,14203,29314,271900,1246
0500000US51720,"Norton city, Virginia",1748,1553,195,11.2,206,297,100700,670
0500000US51730,"Petersburg city, Virginia",18026,14854,3172,17.6,2486,4122,157900,1132
0500000US51735,"Poquoson city, Virginia",4945,4657,288,5.8,363,688,403000,1634
0500000US51740,"Portsmouth city, Virginia",43233,39678,3555,8.2,4643,9998,229400,1266
0500000US51750,"Radford city, Virginia",6457,5500,957,14.8,1214,1409,211700,966
0500000US51760,"Richmond city, Virginia",112848,102145,10703,9.5,14000,32317,328100,1314
0500000US51770,"Roanoke city, Virginia",48931,43429,5502,11.2,4904,11124,180500,964
0500000US51775,"Salem city, Virginia",11096,10140,956,8.6,1140,2259,244800,1046
0500000US51790,"Staunton city, Virginia",12352,11356,996,8.1,1466,2808,239300,993
0500000US51800,"Suffolk city, Virginia",39651,37133,2518,6.4,3740,9275,329600,1484
0500000US51810,"Virginia Beach city, Virginia",190734,179800,10934,5.7,21526,47240,366300,1649
0500000US51820,"Waynesboro city, Virginia",10395,9620,775,7.5,1095,2279,236600,972
0500000US51830,"Williamsburg city, Virginia",5767,4973,794,13.8,798,1509,393200,1361
0500000US51840,"Winchester city, Virginia",12468,11255,1213,9.7,1416,2895,325900,1298
0500000US53001,"Adams County, Washington",6844,6301,543,7.9,267,1319,251300,901
0500000US53003,"Asotin County, Washington",10165,9438,727,7.2,731,2190,286200,994
0500000US53005,"Benton County, Washington",81792,76696,5096,6.2,7231,19327,369400,1256
0500000US53007,"Chelan County, Washington",38129,30825,7304,19.2,2546,8060,454900,1182
0500000US53009,"Clallam County, Washington",38295,34377,3918,10.2,3132,7704,385600,1110
0500000US53011,"Clark County, Washington",201114,193387,7727,3.8,22129,49332,487900,1668
0500000US53013,"Columbia County, Washington",2218,1892,326,14.7,222,304,256100,944
0500000US53015,"Cowlitz County, Washington",45884,43409,2475,5.4,4288,10989,367400,1169
0500000US53017,"Douglas County, Washington",17721,15708,2013,11.4,1090,4006,402900,1234
0500000US53019,"Ferry County, Washington",4105,3138,967,23.6,231,487,274500,703
0500000US53021,"Franklin County, Washington",30488,29118,1370,4.5,2814,7987,345700,1171
0500000US53023,"Garfield County, Washington",1223,1052,171,14.0,58,223,214200,768
0500000US53025,"Grant County, Washington",39496,34502,4994,12.6,3232,8885,275700,1059
0500000US53027,"Grays Harbor County, Washington",36568,29982,6586,18.0,2148,6849,279500,1018
0500000US53029,"Island County, Washington",42398,35529,6869,16.2,3524,8574,535300,1631
0500000US53031,"Jefferson County, Washington",19359,16156,3203,16.5,1336,2938,495100,1291
0500000US53033,"King County, Washington",988330,927817,60513,6.1,132359,245542,811200,2035
0500000US53035,"Kitsap County, Washington",115329,107264,8065,7.0,10858,26509,505700,1741
0500000US53037,"Kittitas County, Washington",24326,19601,4725,19.4,2306,5835,459900,1253
0500000US53039,"Klickitat County, Washington",10722,9774,948,8.8,780,2017,388700,1119
0500000US53041,"Lewis County, Washington",36037,32314,3723,10.3,2293,7332,341500,1044
0500000US53043,"Lincoln County, Washington",5840,4659,1181,20.2,269,1019,272300,872
0500000US53045,"Mason County, Washington",33751,25373,8378,24.8,1972,5352,377400,1205
0500000US53047,"Okanogan County, Washington",22015,17208,4807,21.8,1050,4145,284200,868
0500000US53049,"Pacific County, Washington",16220,10757,5463,33.7,639,2100,274000,962
0500000US53051,"Pend Oreille County, Washington",8036,5829,2207,27.5,349,1218,307800,786
0500000US53053,"Pierce County, Washington",365748,346708,19040,5.2,42191,88566,484400,1722
0500000US53055,"San Juan County, Washington",13951,8934,5017,36.0,626,1903,726500,1413
0500000US53057,"Skagit County, Washington",56472,51518,4954,8.8,4517,12531,486200,1439
0500000US53059,"Skamania County, Washington",5899,4965,934,15.8,286,850,472600,1024
0500000US53061,"Snohomish County, Washington",327893,311825,16068,4.9,34602,75561,644600,1866
0500000US53063,"Spokane County, Washington",228156,215879,12277,5.4,22269,58893,370500,1200
0500000US53065,"Stevens County, Washington",22577,18983,3594,15.9,1489,4275,308000,864
0500000US53067,"Thurston County, Washington",123333,117172,6161,5.0,13435,30529,451500,1634
0500000US53069,"Wahkiakum County, Washington",2207,2026,181,8.2,154,604,344500,1086
0500000US53071,"Walla Walla County, Washington",25219,23390,1829,7.3,2043,5864,375600,1113
0500000US53073,"Whatcom County, Washington",101928,92411,9517,9.3,11128,23738,536100,1465
0500000US53075,"Whitman County, Washington",21232,17952,3280,15.4,3226,5737,323300,1002
0500000US53077,"Yakima County, Washington",91647,86689,4958,5.4,7404,20044,281100,1068
0500000US54001,"Barbour County, West Virginia",7131,5871,1260,17.7,385,557,126000,803
0500000US54003,"Berkeley County, West Virginia",52511,49384,3127,6.0,4488,13448,248000,1238
0500000US54005,"Boone County, West Virginia",10167,7894,2273,22.4,363,1222,90300,823
0500000US54007,"Braxton County, West Virginia",6278,4733,1545,24.6,251,656,106400,578
0500000US54009,"Brooke County, West Virginia",10700,9437,1263,11.8,576,1562,127700,603
0500000US54011,"Cabell County, West Virginia",46084,39138,6946,15.1,4267,8681,156100,877
0500000US54013,"Calhoun County, West Virginia",3199,2391,808,25.3,151,271,111200,483
0500000US54015,"Clay County, West Virginia",3945,2960,985,25.0,250,447,107100,589
0500000US54017,"Doddridge County, West Virginia",3248,2415,833,25.6,133,253,160000,827
0500000US54019,"Fayette County, West Virginia",19134,16109,3025,15.8,816,2613,104200,777
0500000US54021,"Gilmer County, West Virginia",3118,2228,890,28.5,131,396,83300,764
0500000US54023,"Grant County, West Virginia",5660,4284,1376,24.3,148,833,167500,612
0500000US54025,"Greenbrier County, West Virginia",17883,14710,3173,17.7,979,2690,136300,834
0500000US54027,"Hampshire County, West Virginia",12581,8354,4227,33.6,614,916,204600,732
0500000US54029,"Hancock County, West Virginia",14218,12891,1327,9.3,720,2108,119600,766
0500000US54031,"Hardy County, West Virginia",8217,5909,2308,28.1,378,834,159700,820
0500000US54033,"Harrison County, West Virginia",30537,26020,4517,14.8,1671,3898,158500,848
0500000US54035,"Jackson County, West Virginia",12882,11317,1565,12.1,587,1970,154600,720
0500000US54037,"Jefferson County, West Virginia",24276,21978,2298,9.5,1683,3961,324500,1103
0500000US54039,"Kanawha County, West Virginia",90388,76806,13582,15.0,6394,14504,135000,879
0500000US54041,"Lewis County, West Virginia",8188,6940,1248,15.2,390,1258,135800,737
0500000US54043,"Lincoln County, West Virginia",9581,7811,1770,18.5,337,1271,103400,727
0500000US54045,"Logan County, West Virginia",14806,12396,2410,16.3,670,1676,101500,704
0500000US54047,"McDowell County, West Virginia",9380,6484,2896,30.9,271,843,49200,686
0500000US54049,"Marion County, West Virginia",26283,22965,3318,12.6,1749,4407,164300,901
0500000US54051,"Marshall County, West Virginia",14736,12489,2247,15.2,589,2029,139800,823
0500000US54053,"Mason County, West Virginia",12192,10281,1911,15.7,708,1100,127400,654
0500000US54055,"Mercer County, West Virginia",29358,24413,4945,16.8,1840,4344,118600,813
0500000US54057,"Mineral County, West Virginia",12526,10698,1828,14.6,650,1400,180400,684
0500000US54059,"Mingo County, West Virginia",11554,9013,2541,22.0,556,1006,85600,604
0500000US54061,"Monongalia County, West Virginia",49795,44361,5434,10.9,6672,12739,254200,943
0500000US54063,"Monroe County, West Virginia",6263,4736,1527,24.4,83,586,146100,677
0500000US54065,"Morgan County, West Virginia",9182,7211,1971,21.5,550,1247,223100,832
0500000US54067,"Nicholas County, West Virginia",12540,9595,2945,23.5,479,1197,114200,669
0500000US54069,"Ohio County, West Virginia",21179,18132,3047,14.4,1708,3444,165300,823
0500000US54071,"Pendleton County, West Virginia",3708,2299,1409,38.0,92,225,178600,754
0500000US54073,"Pleasants County, West Virginia",3218,2779,439,13.6,246,521,129300,700
0500000US54075,"Pocahontas County, West Virginia",6846,3092,3754,54.8,186,391,139400,688
0500000US54077,"Preston County, West Virginia",15215,12797,2418,15.9,749,1853,157700,753
0500000US54079,"Putnam County, West Virginia",24891,22765,2126,8.5,1643,4444,214200,975
0500000US54081,"Raleigh County, West Virginia",34637,29062,5575,16.1,2060,4534,142600,847
0500000US54083,"Randolph County, West Virginia",13090,10385,2705,20.7,604,1466,137800,807
0500000US54085,"Ritchie County, West Virginia",4187,3327,860,20.5,154,425,107800,583
0500000US54087,"Roane County, West Virginia",7157,5533,1624,22.7,408,796,121100,590
0500000US54089,"Summers County, West Virginia",6556,4813,1743,26.6,227,827,126100,922
0500000US54091,"Taylor County, West Virginia",7440,6632,808,10.9,472,894,144000,672
0500000US54093,"Tucker County, West Virginia",4665,2855,1810,38.8,101,398,144700,689
0500000US54095,"Tyler County, West Virginia",4144,3151,993,24.0,182,311,112100,707
0500000US54097,"Upshur County, West Virginia",11237,9588,1649,14.7,506,1570,160700,799
0500000US54099,"Wayne County, West Virginia",18238,15550,2688,14.7,825,2729,124900,883
0500000US54101,"Webster County, West Virginia",4408,2838,1570,35.6,55,375,78000,687
0500000US54103,"Wetzel County, West Virginia",7302,5925,1377,18.9,425,880,102800,703
0500000US54105,"Wirt County, West Virginia",2723,2071,652,23.9,150,181,112800,575
0500000US54107,"Wood County, West Virginia",40296,35706,4590,11.4,2933,6018,153700,789
0500000US54109,"Wyoming County, West Virginia",9975,7926,2049,20.5,312,1315,78400,737
0500000US55001,"Adams County, Wisconsin",16873,9351,7522,44.6,779,1543,184500,789
0500000US55003,"Ashland County, Wisconsin",9402,6847,2555,27.2,504,1163,160500,665
0500000US55005,"Barron County, Wisconsin",23966,19613,4353,18.2,1349,3443,198300,859
0500000US55007,"Bayfield County, Wisconsin",13285,7462,5823,43.8,515,1102,228100,789
0500000US55009,"Brown County, Wisconsin",114123,110248,3875,3.4,10793,25131,245900,973
0500000US55011,"Buffalo County, Wisconsin",6546,5692,854,13.0,376,919,197600,822
0500000US55013,"Burnett County, Wisconsin",15328,7087,8241,53.8,438,1167,215500,758
0500000US55015,"Calumet County, Wisconsin",22163,20975,1188,5.4,1351,4035,252100,1002
0500000US55017,"Chippewa County, Wisconsin",29017,26567,2450,8.4,1635,5264,237700,963
0500000US55019,"Clark County, Wisconsin",14842,12692,2150,14.5,838,2092,163800,786
0500000US55021,"Columbia County, Wisconsin",26826,24231,2595,9.7,1786,4248,258700,926
0500000US55023,"Crawford County, Wisconsin",8705,6665,2040,23.4,468,1271,175100,809
0500000US55025,"Dane County, Wisconsin",254880,245736,9144,3.6,35185,64976,366100,1345
0500000US55027,"Dodge County, Wisconsin",38290,35723,2567,6.7,2421,6929,218400,963
0500000US55029,"Door County, Wisconsin",23996,14377,9619,40.1,1114,2760,305800,995
0500000US55031,"Douglas County, Wisconsin",22997,18947,4050,17.6,1386,4106,190400,903
0500000US55033,"Dunn County, Wisconsin",18812,17369,1443,7.7,1665,3989,226200,942
0500000US55035,"Eau Claire County, Wisconsin",45818,43261,2557,5.6,5401,10552,242400,977
0500000US55037,"Florence County, Wisconsin",4659,2110,2549,54.7,89,244,170000,871
0500000US55039,"Fond du Lac County, Wisconsin",45908,43016,2892,6.3,4333,8089,209800,926
0500000US55041,"Forest County, Wisconsin",8696,3952,4744,54.6,231,719,170000,585
0500000US55043,"Grant County, Wisconsin",22192,19913,2279,10.3,1721,4050,186300,812
0500000US55045,"Green County, Wisconsin",16382,15609,773,4.7,1214,2551,236900,851
0500000US55047,"Green Lake County, Wisconsin",10731,8143,2588,24.1,618,1357,206300,806
0500000US55049,"Iowa County, Wisconsin",11007,9951,1056,9.6,681,1762,248100,941
0500000US55051,"Iron County, Wisconsin",5572,2949,2623,47.1,181,449,155200,640
0500000US55053,"Jackson County, Wisconsin",9693,8198,1495,15.4,567,1532,186900,789
0500000US55055,"Jefferson County, Wisconsin",36649,34455,2194,6.0,2392,6645,253800,1012
0500000US55057,"Juneau County, Wisconsin",14639,10793,3846,26.3,816,2033,165200,847
0500000US55059,"Kenosha County, Wisconsin",72897,67631,5266,7.2,5939,15248,247800,1175
0500000US55061,"Kewaunee County, Wisconsin",9325,8299,1026,11.0,433,1035,208900,839
0500000US55063,"La Crosse County, Wisconsin",53234,50543,2691,5.1,5219,12975,243200,1023
0500000US55065,"Lafayette County, Wisconsin",7193,6684,509,7.1,472,969,182100,835
0500000US55067,"Langlade County, Wisconsin",12202,8606,3596,29.5,702,1199,145800,737
0500000US55069,"Lincoln County, Wisconsin",16233,12578,3655,22.5,804,2061,177700,768
0500000US55071,"Manitowoc County, Wisconsin",37960,35033,2927,7.7,2639,6633,172900,777
0500000US55073,"Marathon County, Wisconsin",60296,56873,3423,5.7,4646,10820,205500,950
0500000US55075,"Marinette County, Wisconsin",29372,18640,10732,36.5,1026,3376,154600,749
0500000US55077,"Marquette County, Wisconsin",9841,6881,2960,30.1,406,1169,201100,800
0500000US55078,"Menominee County, Wisconsin",2148,1336,812,37.8,36,163,97000,624
0500000US55079,"Milwaukee County, Wisconsin",423838,389046,34792,8.2,43609,102688,216500,1069
0500000US55081,"Monroe County, Wisconsin",19918,18279,1639,8.2,1592,3600,197200,920
0500000US55083,"Oconto County, Wisconsin",23998,16618,7380,30.8,1014,2742,212000,796
0500000US55085,"Oneida County, Wisconsin",30746,16772,13974,45.4,1307,2819,227500,868
0500000US55087,"Outagamie County, Wisconsin",79900,77239,2661,3.3,7060,15307,244100,998
0500000US55089,"Ozaukee County, Wisconsin",39415,37766,1649,4.2,3424,7030,368900,1112
0500000US55091,"Pepin County, Wisconsin",3603,3050,553,15.3,244,437,196100,860
0500000US55093,"Pierce County, Wisconsin",17052,15765,1287,7.5,1237,3265,308600,1025
0500000US55095,"Polk County, Wisconsin",24377,18829,5548,22.8,1360,3009,241200,958
0500000US55097,"Portage County, Wisconsin",31496,29636,1860,5.9,3236,6408,230400,903
0500000US55099,"Price County, Wisconsin",10799,6567,4232,39.2,437,974,146000,801
0500000US55101,"Racine County, Wisconsin",84558,79109,5449,6.4,6315,16152,239400,1017
0500000US55103,"Richland County, Wisconsin",8542,7119,1423,16.7,430,1085,182800,786
0500000US55105,"Rock County, Wisconsin",70694,66652,4042,5.7,4946,13245,215900,1019
0500000US55107,"Rusk County, Wisconsin",8679,6259,2420,27.9,435,1014,152000,816
0500000US55109,"St. Croix County, Wisconsin",38185,36729,1456,3.8,2567,7827,349700,1238
0500000US55111,"Sauk County, Wisconsin",31091,27425,3666,11.8,2257,5930,242400,970
0500000US55113,"Sawyer County, Wisconsin",16114,8522,7592,47.1,674,1664,223300,683
0500000US55115,"Shawano County, Wisconsin",20430,16881,3549,17.4,1171,2942,179100,777
0500000US55117,"Sheboygan County, Wisconsin",52549,49426,3123,5.9,4267,9882,218400,889
0500000US55119,"Taylor County, Wisconsin",9453,7943,1510,16.0,443,1222,186500,786
0500000US55121,"Trempealeau County, Wisconsin",13373,12448,925,6.9,850,2249,203300,887
0500000US55123,"Vernon County, Wisconsin",13939,12186,1753,12.6,734,2151,210600,826
0500000US55125,"Vilas County, Wisconsin",24783,10873,13910,56.1,877,1721,270700,810
0500000US55127,"Walworth County, Wisconsin",53508,42425,11083,20.7,4040,9419,275900,1090
0500000US55129,"Washburn County, Wisconsin",12823,7529,5294,41.3,537,1296,207900,815
0500000US55131,"Washington County, Wisconsin",58766,56482,2284,3.9,4020,10493,316200,1126
0500000US55133,"Waukesha County, Wisconsin",173567,166790,6777,3.9,14507,31341,373600,1300
0500000US55135,"Waupaca County, Wisconsin",25620,22394,3226,12.6,1515,4390,192800,834
0500000US55137,"Waushara County, Wisconsin",14804,10333,4471,30.2,606,1556,186000,789
0500000US55139,"Winnebago County, Wisconsin",76770,71958,4812,6.3,6680,16934,208600,924
0500000US55141,"Wood County, Wisconsin",34662,31942,2720,7.8,2890,5953,168100,831
0500000US56001,"Albany County, Wyoming",18735,16609,2126,11.3,2864,6525,322100,936
0500000US56003,"Big Horn County, Wyoming",5370,4357,1013,18.9,409,756,198200,876
0500000US56005,"Campbell County, Wyoming",19952,17879,2073,10.4,1880,4630,266400,952
0500000US56007,"Carbon County, Wyoming",8220,5885,2335,28.4,528,1264,214500,894
0500000US56009,"Converse County, Wyoming",6643,5707,936,14.1,563,1139,269700,930
0500000US56011,"Crook County, Wyoming",3673,2891,782,21.3,167,641,276800,881
0500000US56013,"Fremont County, Wyoming",17471,14810,2661,15.2,1377,3484,252700,858
0500000US56015,"Goshen County, Wyoming",5860,5053,807,13.8,472,1264,234600,759
0500000US56017,"Hot Springs County, Wyoming",2490,2079,411,16.5,253,565,214400,976
0500000US56019,"Johnson County, Wyoming",4635,3919,716,15.4,555,626,296000,1081
0500000US56021,"Laramie County, Wyoming",45032,42503,2529,5.6,5127,11267,324900,1080
0500000US56023,"Lincoln County, Wyoming",9763,7872,1891,19.4,653,1562,334500,868
0500000US56025,"Natrona County, Wyoming",37101,33285,3816,10.3,3716,8354,260400,973
0500000US56027,"Niobrara County, Wyoming",1378,1141,237,17.2,156,176,194200,775
0500000US56029,"Park County, Wyoming",14813,13179,1634,11.0,1066,2602,374200,933
0500000US56031,"Platte County, Wyoming",4656,3877,779,16.7,379,843,248900,745
0500000US56033,"Sheridan County, Wyoming",15236,13515,1721,11.3,1503,3092,352200,950
0500000US56035,"Sublette County, Wyoming",5239,3719,1520,29.0,171,852,350100,1116
0500000US56037,"Sweetwater County, Wyoming",19226,16863,2363,12.3,1858,4513,242900,913
0500000US56039,"Teton County, Wyoming",13503,9383,4120,30.5,925,2271,1371900,1758
0500000US56041,"Uinta County, Wyoming",8868,7479,1389,15.7,569,1611,255400,882
0500000US56043,"Washakie County, Wyoming",3850,3417,433,11.2,380,599,188600,725
0500000US56045,"Weston County, Wyoming",3417,2754,663,19.4,226,390,214000,694
0500000US72001,"Adjuntas Municipio, Puerto Rico",7699,5912,1787,23.2,298,388,88800,413
0500000US72003,"Aguada Municipio, Puerto Rico",17417,12652,4765,27.4,219,985,108500,465
0500000US72005,"Aguadilla Municipio, Puerto Rico",27766,21639,6127,22.1,1364,2837,141800,479
0500000US72007,"Aguas Buenas Municipio, Puerto Rico",10641,8804,1837,17.3,547,1022,135200,457
0500000US72009,"Aibonito Municipio, Puerto Rico",10417,9415,1002,9.6,527,864,120400,505
0500000US72011,"Añasco Municipio, Puerto Rico",12273,8835,3438,28.0,452,1030,112700,548
0500000US72013,"Arecibo Municipio, Puerto Rico",41415,32053,9362,22.6,1770,4353,110800,518
0500000US72015,"Arroyo Municipio, Puerto Rico",8087,6364,1723,21.3,370,796,95200,466
0500000US72017,"Barceloneta Municipio, Puerto Rico",10216,8547,1669,16.3,593,877,121200,625
0500000US72019,"Barranquitas Municipio, Puerto Rico",11378,9521,1857,16.3,416,1306,120900,502
0500000US72021,"Bayamón Municipio, Puerto Rico",84738,71416,13322,15.7,4098,9965,143400,669
0500000US72023,"Cabo Rojo Municipio, Puerto Rico",28094,18172,9922,35.3,683,1937,117800,581
0500000US72025,"Caguas Municipio, Puerto Rico",58929,50488,8441,14.3,2532,7934,143300,632
0500000US72027,"Camuy Municipio, Puerto Rico",14213,11814,2399,16.9,504,1255,105500,574
0500000US72029,"Canóvanas Municipio, Puerto Rico",17915,15235,2680,15.0,617,2187,116200,578
0500000US72031,"Carolina Municipio, Puerto Rico",77274,62428,14846,19.2,3886,8593,152300,678
0500000US72033,"Cataño Municipio, Puerto Rico",11011,8998,2013,18.3,598,1142,134700,561
0500000US72035,"Cayey Municipio, Puerto Rico",19885,16534,3351,16.9,1184,2387,141600,533
0500000US72037,"Ceiba Municipio, Puerto Rico",7257,4100,3157,43.5,250,651,110900,522
0500000US72039,"Ciales Municipio, Puerto Rico",7276,5631,1645,22.6,290,580,95400,407
0500000US72041,"Cidra Municipio, Puerto Rico",16678,14556,2122,12.7,857,1986,137800,561
0500000US72043,"Coamo Municipio, Puerto Rico",16061,13006,3055,19.0,312,2147,104000,521
0500000US72045,"Comerío Municipio, Puerto Rico",7586,5612,1974,26.0,223,360,103500,536
0500000US72047,"Corozal Municipio, Puerto Rico",13371,10902,2469,18.5,343,1173,117800,515
0500000US72049,"Culebra Municipio, Puerto Rico",1449,428,1021,70.5,24,27,168200,548
0500000US72051,"Dorado Municipio, Puerto Rico",15894,12074,3820,24.0,398,1202,157800,692
0500000US72053,"Fajardo Municipio, Puerto Rico",18649,12863,5786,31.0,816,1650,118400,610
0500000US72054,"Florida Municipio, Puerto Rico",5031,4515,516,10.3,303,512,104500,671
0500000US72055,"Guánica Municipio, Puerto Rico",9017,5583,3434,38.1,276,372,82800,330
0500000US72057,"Guayama Municipio, Puerto Rico",18227,14965,3262,17.9,994,2061,103500,443
0500000US72059,"Guayanilla Municipio, Puerto Rico",8265,6342,1923,23.3,234,555,84800,435
0500000US72061,"Guaynabo Municipio, Puerto Rico",41194,34856,6338,15.4,2090,4265,214500,850
0500000US72063,"Gurabo Municipio, Puerto Rico",17343,15177,2166,12.5,438,2095,160100,674
0500000US72065,"Hatillo Municipio, Puerto Rico",17001,13283,3718,21.9,658,1179,128500,602
0500000US72067,"Hormigueros Municipio, Puerto Rico",7570,6044,1526,20.2,255,631,115600,556
0500000US72069,"Humacao Municipio, Puerto Rico",26715,18813,7902,29.6,1038,2052,117900,531
0500000US72071,"Isabela Municipio, Puerto Rico",20638,14640,5998,29.1,522,1765,121800,552
0500000US72073,"Jayuya Municipio, Puerto Rico",6276,4876,1400,22.3,227,626,105000,463
0500000US72075,"Juana Díaz Municipio, Puerto Rico",19046,15712,3334,17.5,588,1594,102900,539
0500000US72077,"Juncos Municipio, Puerto Rico",16164,13422,2742,17.0,993,1477,116700,589
0500000US72079,"Lajas Municipio, Puerto Rico",12129,8236,3893,32.1,132,872,102400,502
0500000US72081,"Lares Municipio, Puerto Rico",12448,10517,1931,15.5,705,1630,102200,493
0500000US72083,"Las Marías Municipio, Puerto Rico",3992,2822,1170,29.3,194,243,89700,358
0500000US72085,"Las Piedras Municipio, Puerto Rico",15124,12519,2605,17.2,415,1614,121300,496
0500000US72087,"Loíza Municipio, Puerto Rico",11324,8730,2594,22.9,355,1075,111000,467
0500000US72089,"Luquillo Municipio, Puerto Rico",10417,6738,3679,35.3,281,799,125200,532
0500000US72091,"Manatí Municipio, Puerto Rico",18740,14813,3927,21.0,717,1972,116000,551
0500000US72093,"Maricao Municipio, Puerto Rico",2576,1809,767,29.8,8,145,103800,405
0500000US72095,"Maunabo Municipio, Puerto Rico",5019,3985,1034,20.6,100,356,106000,498
0500000US72097,"Mayagüez Municipio, Puerto Rico",41057,29407,11650,28.4,2469,5609,107900,456
0500000US72099,"Moca Municipio, Puerto Rico",16542,13250,3292,19.9,619,1483,116400,504
0500000US72101,"Morovis Municipio, Puerto Rico",12266,10026,2240,18.3,544,1172,113800,572
0500000US72103,"Naguabo Municipio, Puerto Rico",11220,8217,3003,26.8,412,1147,105500,525
0500000US72105,"Naranjito Municipio, Puerto Rico",10862,8866,1996,18.4,298,842,106800,490
0500000US72107,"Orocovis Municipio, Puerto Rico",9040,6839,2201,24.3,307,586,94700,480
0500000US72109,"Patillas Municipio, Puerto Rico",8067,6012,2055,25.5,314,761,89200,515
0500000US72111,"Peñuelas Municipio, Puerto Rico",8616,6904,1712,19.9,239,689,88000,519
0500000US72113,"Ponce Municipio, Puerto Rico",66944,53587,13357,20.0,3117,7307,108200,504
0500000US72115,"Quebradillas Municipio, Puerto Rico",10619,8167,2452,23.1,254,1294,109700,527
0500000US72117,"Rincón Municipio, Puerto Rico",9163,5585,3578,39.0,156,452,154900,626
0500000US72119,"Río Grande Municipio, Puerto Rico",22782,16396,6386,28.0,840,1854,128900,580
0500000US72121,"Sabana Grande Municipio, Puerto Rico",10949,7414,3535,32.3,211,552,100300,438
0500000US72123,"Salinas Municipio, Puerto Rico",13152,10030,3122,23.7,471,1326,91700,509
0500000US72125,"San Germán Municipio, Puerto Rico",15808,11549,4259,26.9,635,1463,100100,464
0500000US72127,"San Juan Municipio, Puerto Rico",193011,147795,45216,23.4,10514,24837,171400,596
0500000US72129,"San Lorenzo Municipio, Puerto Rico",16346,13940,2406,14.7,726,1387,114500,552
0500000US72131,"San Sebastián Municipio, Puerto Rico",18533,14238,4295,23.2,917,1564,110500,481
0500000US72133,"Santa Isabel Municipio, Puerto Rico",9178,7430,1748,19.0,380,1154,106100,486
0500000US72135,"Toa Alta Municipio, Puerto Rico",26786,23111,3675,13.7,1078,2298,152000,723
0500000US72137,"Toa Baja Municipio, Puerto Rico",35263,28988,6275,17.8,1581,3995,137800,708
0500000US72139,"Trujillo Alto Municipio, Puerto Rico",29887,26133,3754,12.6,1148,2771,163000,628
0500000US72141,"Utuado Municipio, Puerto Rico",13285,10541,2744,20.7,451,1096,103600,466
0500000US72143,"Vega Alta Municipio, Puerto Rico",16323,13365,2958,18.1,722,2088,134500,648
0500000US72145,"Vega Baja Municipio, Puerto Rico",25767,20482,5285,20.5,1020,2699,117700,599
0500000US72147,"Vieques Municipio, Puerto Rico",5242,2663,2579,49.2,57,365,113100,424
0500000US72149,"Villalba Municipio, Puerto Rico",9188,7587,1601,17.4,276,619,103300,519
0500000US72151,"Yabucoa Municipio, Puerto Rico",14165,11760,2405,17.0,558,1389,95600,500
0500000US72153,"Yauco Municipio, Puerto Rico",17199,12565,4634,26.9,500,956,98800,521
