zip_code,metro,lat,lng,units_under_construction,units_delivering_12mo,pct_affordable,data_source,as_of_date,source_url
10001,New York,40.564,-74.0031,2923,2126,12.46,CoStar/CBRE,2025-Q4,https://www.costar.com/multifamily
10002,New York,40.7872,-73.9938,2932,1783,13.89,CoStar/CBRE,2025-Q4,https://www.costar.com/multifamily
10003,New York,40.8358,-74.1131,3131,1896,13.52,CoStar/CBRE,2025-Q4,https://www.costar.com/multifamily
10004,New York,40.5966,-73.9574,2745,2346,13.58,CoStar/CBRE,2025-Q4,https://www.costar.com/multifamily
10005,New York,40.6223,-73.9097,3262,2390,13.58,CoStar/CBRE,2025-Q4,https://www.costar.com/multifamily
10006,New York,40.7455,-74.1688,2602,2219,11.68,CoStar/CBRE,2025-Q4,https://www.costar.com/multifamily
10007,New York,40.753,-74.0236,2852,1860,12.09,CoStar/CBRE,2025-Q4,https://www.costar.com/multifamily
10008,New York,40.8409,-73.8729,3411,2087,13.15,CoStar/CBRE,2025-Q4,https://www.costar.com/multifamily
10009,New York,40.6863,-73.8916,2488,2017,10.76,CoStar/CBRE,2025-Q4,https://www.costar.com/multifamily
10010,New York,40.6582,-74.1744,3281,2023,14.24,CoStar/CBRE,2025-Q4,https://www.costar.com/multifamily
10011,New York,40.6164,-74.0364,2518,2354,14.47,CoStar/CBRE,2025-Q4,https://www.costar.com/multifamily
10012,New York,40.7651,-74.0813,3427,2101,13.04,CoStar/CBRE,2025-Q4,https://www.costar.com/multifamily
10013,New York,40.5718,-73.9069,3325,2340,12.92,CoStar/CBRE,2025-Q4,https://www.costar.com/multifamily
10014,New York,40.8483,-73.9022,2642,1740,13.39,CoStar/CBRE,2025-Q4,https://www.costar.com/multifamily
10015,New York,40.7876,-73.9791,3355,2342,13.41,CoStar/CBRE,2025-Q4,https://www.costar.com/multifamily
10016,New York,40.8492,-73.9492,2860,1846,14.34,CoStar/CBRE,2025-Q4,https://www.costar.com/multifamily
10017,New York,40.7315,-74.0492,3178,1771,13.84,CoStar/CBRE,2025-Q4,https://www.costar.com/multifamily
10018,New York,40.7465,-74.0062,3162,2288,11.65,CoStar/CBRE,2025-Q4,https://www.costar.com/multifamily
10019,New York,40.8496,-73.9842,3256,1754,11.01,CoStar/CBRE,2025-Q4,https://www.costar.com/multifamily
10020,New York,40.7937,-74.0435,3396,1987,11.21,CoStar/CBRE,2025-Q4,https://www.costar.com/multifamily
10021,New York,40.8501,-73.9875,3378,2406,13.79,CoStar/CBRE,2025-Q4,https://www.costar.com/multifamily
10022,New York,40.61,-74.0677,2645,1989,10.29,CoStar/CBRE,2025-Q4,https://www.costar.com/multifamily
10023,New York,40.6564,-74.081,3153,1783,11.39,CoStar/CBRE,2025-Q4,https://www.costar.com/multifamily
10024,New York,40.8034,-74.1215,2753,1863,14.65,CoStar/CBRE,2025-Q4,https://www.costar.com/multifamily
10025,New York,40.8144,-73.9565,3360,2407,14.39,CoStar/CBRE,2025-Q4,https://www.costar.com/multifamily
10026,New York,40.8152,-74.1239,2874,1867,11.51,CoStar/CBRE,2025-Q4,https://www.costar.com/multifamily
10027,New York,40.7701,-73.9228,3188,2013,11.96,CoStar/CBRE,2025-Q4,https://www.costar.com/multifamily
10028,New York,40.8363,-73.9296,3350,1821,13.83,CoStar/CBRE,2025-Q4,https://www.costar.com/multifamily
10029,New York,40.6248,-74.0618,3370,1892,13.33,CoStar/CBRE,2025-Q4,https://www.costar.com/multifamily
10030,New York,40.8296,-74.1136,2670,1720,11.66,CoStar/CBRE,2025-Q4,https://www.costar.com/multifamily
10031,New York,40.7547,-73.8801,3094,1974,13.13,CoStar/CBRE,2025-Q4,https://www.costar.com/multifamily
10032,New York,40.7883,-74.1199,3430,2372,10.52,CoStar/CBRE,2025-Q4,https://www.costar.com/multifamily
10033,New York,40.6653,-73.844,3270,1858,13.1,CoStar/CBRE,2025-Q4,https://www.costar.com/multifamily
10034,New York,40.819,-74.1257,3151,2396,10.46,CoStar/CBRE,2025-Q4,https://www.costar.com/multifamily
10035,New York,40.841,-73.8655,3424,2018,10.87,CoStar/CBRE,2025-Q4,https://www.costar.com/multifamily
10036,New York,40.8428,-74.1198,2812,1849,13.63,CoStar/CBRE,2025-Q4,https://www.costar.com/multifamily
10037,New York,40.7695,-73.8682,3279,2299,12.71,CoStar/CBRE,2025-Q4,https://www.costar.com/multifamily
10038,New York,40.6597,-74.0256,3333,1980,13.84,CoStar/CBRE,2025-Q4,https://www.costar.com/multifamily
10039,New York,40.8624,-74.1386,2712,1797,11.05,CoStar/CBRE,2025-Q4,https://www.costar.com/multifamily
10040,New York,40.8485,-74.0837,2870,2125,10.37,CoStar/CBRE,2025-Q4,https://www.costar.com/multifamily
10041,New York,40.7061,-73.8581,2488,2184,13.3,CoStar/CBRE,2025-Q4,https://www.costar.com/multifamily
10042,New York,40.592,-74.102,2863,2034,14.31,CoStar/CBRE,2025-Q4,https://www.costar.com/multifamily
10043,New York,40.854,-74.0088,2649,2304,14.57,CoStar/CBRE,2025-Q4,https://www.costar.com/multifamily
10044,New York,40.6682,-74.0982,2573,2307,10.34,CoStar/CBRE,2025-Q4,https://www.costar.com/multifamily
10045,New York,40.8559,-74.1667,3339,1950,11.09,CoStar/CBRE,2025-Q4,https://www.costar.com/multifamily
10046,New York,40.7917,-73.9853,2510,1702,11.34,CoStar/CBRE,2025-Q4,https://www.costar.com/multifamily
10047,New York,40.7567,-73.9596,2751,2196,12.13,CoStar/CBRE,2025-Q4,https://www.costar.com/multifamily
10048,New York,40.7048,-73.9293,3121,1843,13.96,CoStar/CBRE,2025-Q4,https://www.costar.com/multifamily
10049,New York,40.8035,-74.1252,2497,2394,10.36,CoStar/CBRE,2025-Q4,https://www.costar.com/multifamily
10050,New York,40.6196,-73.9172,2687,1758,11.72,CoStar/CBRE,2025-Q4,https://www.costar.com/multifamily
10051,New York,40.643,-73.924,3450,1847,12.67,CoStar/CBRE,2025-Q4,https://www.costar.com/multifamily
10052,New York,40.6472,-73.9063,2991,1964,11.3,CoStar/CBRE,2025-Q4,https://www.costar.com/multifamily
10053,New York,40.851,-74.0213,3023,2348,14.18,CoStar/CBRE,2025-Q4,https://www.costar.com/multifamily
10054,New York,40.6703,-74.059,3284,2135,10.66,CoStar/CBRE,2025-Q4,https://www.costar.com/multifamily
10055,New York,40.7919,-73.9193,2535,2266,13.93,CoStar/CBRE,2025-Q4,https://www.costar.com/multifamily
10056,New York,40.7687,-74.0027,3028,2376,10.56,CoStar/CBRE,2025-Q4,https://www.costar.com/multifamily
10057,New York,40.7865,-73.9435,2579,2273,13.0,CoStar/CBRE,2025-Q4,https://www.costar.com/multifamily
10058,New York,40.762,-74.0912,2462,1955,12.51,CoStar/CBRE,2025-Q4,https://www.costar.com/multifamily
10059,New York,40.8554,-73.9114,2561,2194,11.63,CoStar/CBRE,2025-Q4,https://www.costar.com/multifamily
10060,New York,40.7568,-73.9228,3498,1861,10.94,CoStar/CBRE,2025-Q4,https://www.costar.com/multifamily
10061,New York,40.6937,-74.1749,2973,2291,13.59,CoStar/CBRE,2025-Q4,https://www.costar.com/multifamily
10062,New York,40.6367,-73.8556,3034,1780,12.31,CoStar/CBRE,2025-Q4,https://www.costar.com/multifamily
10063,New York,40.7167,-73.9992,3266,1981,14.45,CoStar/CBRE,2025-Q4,https://www.costar.com/multifamily
10064,New York,40.6219,-74.1213,3331,2088,14.37,CoStar/CBRE,2025-Q4,https://www.costar.com/multifamily
10065,New York,40.6587,-73.9155,3106,1905,13.89,CoStar/CBRE,2025-Q4,https://www.costar.com/multifamily
10066,New York,40.8151,-73.837,3368,2044,13.39,CoStar/CBRE,2025-Q4,https://www.costar.com/multifamily
10067,New York,40.8289,-73.9201,3358,2119,10.81,CoStar/CBRE,2025-Q4,https://www.costar.com/multifamily
10068,New York,40.6768,-73.9826,3500,2163,11.85,CoStar/CBRE,2025-Q4,https://www.costar.com/multifamily
10069,New York,40.5917,-73.9744,2476,1933,12.82,CoStar/CBRE,2025-Q4,https://www.costar.com/multifamily
10070,New York,40.5835,-73.9129,2696,2144,13.6,CoStar/CBRE,2025-Q4,https://www.costar.com/multifamily
10071,New York,40.5696,-73.881,3514,1687,12.85,CoStar/CBRE,2025-Q4,https://www.costar.com/multifamily
10072,New York,40.6973,-73.8572,3426,2205,11.29,CoStar/CBRE,2025-Q4,https://www.costar.com/multifamily
10073,New York,40.6683,-73.8412,3084,1771,14.23,CoStar/CBRE,2025-Q4,https://www.costar.com/multifamily
10074,New York,40.6544,-73.9861,3444,2261,14.09,CoStar/CBRE,2025-Q4,https://www.costar.com/multifamily
10075,New York,40.8282,-73.9756,3021,2119,13.98,CoStar/CBRE,2025-Q4,https://www.costar.com/multifamily
10076,New York,40.5789,-73.8746,2572,1927,11.42,CoStar/CBRE,2025-Q4,https://www.costar.com/multifamily
10077,New York,40.8013,-73.9942,3247,2003,13.61,CoStar/CBRE,2025-Q4,https://www.costar.com/multifamily
10078,New York,40.7908,-74.0033,3134,1978,10.91,CoStar/CBRE,2025-Q4,https://www.costar.com/multifamily
10079,New York,40.5863,-74.0558,3357,1945,13.39,CoStar/CBRE,2025-Q4,https://www.costar.com/multifamily
10080,New York,40.6942,-74.0887,3338,2046,13.5,CoStar/CBRE,2025-Q4,https://www.costar.com/multifamily
90001,Los Angeles,34.1214,-118.2314,1844,1365,10.86,CoStar/CBRE,2025-Q4,https://www.costar.com/multifamily
90002,Los Angeles,34.0392,-118.3354,2290,1304,13.1,CoStar/CBRE,2025-Q4,https://www.costar.com/multifamily
90003,Los Angeles,33.9029,-118.243,1958,1409,12.21,CoStar/CBRE,2025-Q4,https://www.costar.com/multifamily
90004,Los Angeles,34.1509,-118.1387,2471,1415,13.58,CoStar/CBRE,2025-Q4,https://www.costar.com/multifamily
90005,Los Angeles,33.9751,-118.415,1845,1444,11.91,CoStar/CBRE,2025-Q4,https://www.costar.com/multifamily
90006,Los Angeles,33.999,-118.3099,1907,1296,14.11,CoStar/CBRE,2025-Q4,https://www.costar.com/multifamily
90007,Los Angeles,34.0868,-118.1844,2091,1423,13.34,CoStar/CBRE,2025-Q4,https://www.costar.com/multifamily
90008,Los Angeles,34.0856,-118.2297,2004,1598,13.47,CoStar/CBRE,2025-Q4,https://www.costar.com/multifamily
90009,Los Angeles,34.1576,-118.2875,1779,1635,14.49,CoStar/CBRE,2025-Q4,https://www.costar.com/multifamily
90010,Los Angeles,33.948,-118.2617,1833,1324,14.06,CoStar/CBRE,2025-Q4,https://www.costar.com/multifamily
90011,Los Angeles,34.161,-118.072,2295,1391,13.8,CoStar/CBRE,2025-Q4,https://www.costar.com/multifamily
90012,Los Angeles,34.0257,-118.3151,2116,1612,10.82,CoStar/CBRE,2025-Q4,https://www.costar.com/multifamily
90013,Los Angeles,34.0993,-118.269,1796,1579,14.24,CoStar/CBRE,2025-Q4,https://www.costar.com/multifamily
90014,Los Angeles,33.9242,-118.2933,2227,1368,11.92,CoStar/CBRE,2025-Q4,https://www.costar.com/multifamily
90015,Los Angeles,34.1921,-118.1397,2285,1378,14.68,CoStar/CBRE,2025-Q4,https://www.costar.com/multifamily
90016,Los Angeles,34.1713,-118.2349,2377,1533,13.38,CoStar/CBRE,2025-Q4,https://www.costar.com/multifamily
90017,Los Angeles,34.1716,-118.1116,2220,1709,13.42,CoStar/CBRE,2025-Q4,https://www.costar.com/multifamily
90018,Los Angeles,33.9229,-118.1455,2133,1357,12.29,CoStar/CBRE,2025-Q4,https://www.costar.com/multifamily
90019,Los Angeles,33.9689,-118.1972,2195,1598,10.57,CoStar/CBRE,2025-Q4,https://www.costar.com/multifamily
90020,Los Angeles,33.9238,-118.0834,2505,1487,12.45,CoStar/CBRE,2025-Q4,https://www.costar.com/multifamily
90021,Los Angeles,34.1068,-118.1598,2452,1613,12.05,CoStar/CBRE,2025-Q4,https://www.costar.com/multifamily
90022,Los Angeles,34.0847,-118.1458,2181,1560,12.73,CoStar/CBRE,2025-Q4,https://www.costar.com/multifamily
90023,Los Angeles,34.1212,-118.3214,2122,1491,11.88,CoStar/CBRE,2025-Q4,https://www.costar.com/multifamily
90024,Los Angeles,33.9381,-118.3817,1841,1523,10.84,CoStar/CBRE,2025-Q4,https://www.costar.com/multifamily
90025,Los Angeles,34.1683,-118.421,2499,1352,13.32,CoStar/CBRE,2025-Q4,https://www.costar.com/multifamily
90026,Los Angeles,34.018,-118.0865,1832,1311,13.46,CoStar/CBRE,2025-Q4,https://www.costar.com/multifamily
90027,Los Angeles,34.0829,-118.2324,2364,1228,12.98,CoStar/CBRE,2025-Q4,https://www.costar.com/multifamily
90028,Los Angeles,34.0628,-118.3854,2169,1545,14.09,CoStar/CBRE,2025-Q4,https://www.costar.com/multifamily
90029,Los Angeles,33.9948,-118.3634,1933,1352,13.97,CoStar/CBRE,2025-Q4,https://www.costar.com/multifamily
90030,Los Angeles,33.9549,-118.1002,2049,1373,10.87,CoStar/CBRE,2025-Q4,https://www.costar.com/multifamily
90031,Los Angeles,34.0853,-118.1248,2059,1634,11.05,CoStar/CBRE,2025-Q4,https://www.costar.com/multifamily
90032,Los Angeles,34.0964,-118.3443,1982,1537,14.68,CoStar/CBRE,2025-Q4,https://www.costar.com/multifamily
90033,Los Angeles,34.0182,-118.3844,2225,1244,11.87,CoStar/CBRE,2025-Q4,https://www.costar.com/multifamily
90034,Los Angeles,33.9229,-118.1975,2038,1484,12.94,CoStar/CBRE,2025-Q4,https://www.costar.com/multifamily
90035,Los Angeles,34.1844,-118.1729,2408,1302,12.5,CoStar/CBRE,2025-Q4,https://www.costar.com/multifamily
90036,Los Angeles,34.0083,-118.1578,2112,1291,14.52,CoStar/CBRE,2025-Q4,https://www.costar.com/multifamily
90037,Los Angeles,33.9468,-118.3693,2089,1634,10.37,CoStar/CBRE,2025-Q4,https://www.costar.com/multifamily
90038,Los Angeles,34.0832,-118.4076,1925,1630,14.64,CoStar/CBRE,2025-Q4,https://www.costar.com/multifamily
90039,Los Angeles,33.9634,-118.0968,1812,1691,14.55,CoStar/CBRE,2025-Q4,https://www.costar.com/multifamily
90040,Los Angeles,34.1224,-118.2212,2255,1403,13.44,CoStar/CBRE,2025-Q4,https://www.costar.com/multifamily
90041,Los Angeles,34.1348,-118.2771,1873,1457,10.8,CoStar/CBRE,2025-Q4,https://www.costar.com/multifamily
90042,Los Angeles,34.0297,-118.2394,1782,1622,10.45,CoStar/CBRE,2025-Q4,https://www.costar.com/multifamily
90043,Los Angeles,34.1872,-118.1309,1788,1249,12.14,CoStar/CBRE,2025-Q4,https://www.costar.com/multifamily
90044,Los Angeles,34.0132,-118.1634,1820,1507,13.36,CoStar/CBRE,2025-Q4,https://www.costar.com/multifamily
90045,Los Angeles,34.1026,-118.1199,2231,1415,14.43,CoStar/CBRE,2025-Q4,https://www.costar.com/multifamily
90046,Los Angeles,33.9073,-118.1468,1889,1354,14.73,CoStar/CBRE,2025-Q4,https://www.costar.com/multifamily
90047,Los Angeles,34.1758,-118.0821,2209,1236,14.45,CoStar/CBRE,2025-Q4,https://www.costar.com/multifamily
90048,Los Angeles,34.1469,-118.2681,2008,1610,13.59,CoStar/CBRE,2025-Q4,https://www.costar.com/multifamily
90049,Los Angeles,34.0295,-118.4192,2404,1379,10.8,CoStar/CBRE,2025-Q4,https://www.costar.com/multifamily
90050,Los Angeles,34.0881,-118.0957,2465,1704,14.25,CoStar/CBRE,2025-Q4,https://www.costar.com/multifamily
90051,Los Angeles,34.0655,-118.4031,2132,1508,13.07,CoStar/CBRE,2025-Q4,https://www.costar.com/multifamily
90052,Los Angeles,34.0743,-118.1046,2037,1567,14.08,CoStar/CBRE,2025-Q4,https://www.costar.com/multifamily
90053,Los Angeles,33.9527,-118.2702,2374,1484,14.51,CoStar/CBRE,2025-Q4,https://www.costar.com/multifamily
90054,Los Angeles,34.0598,-118.2157,2282,1418,11.15,CoStar/CBRE,2025-Q4,https://www.costar.com/multifamily
90055,Los Angeles,34.0001,-118.2148,2275,1570,13.91,CoStar/CBRE,2025-Q4,https://www.costar.com/multifamily
90056,Los Angeles,34.0884,-118.3838,2448,1589,11.71,CoStar/CBRE,2025-Q4,https://www.costar.com/multifamily
90057,Los Angeles,34.1417,-118.4208,2449,1399,12.84,CoStar/CBRE,2025-Q4,https://www.costar.com/multifamily
90058,Los Angeles,33.9248,-118.1827,2096,1331,13.73,CoStar/CBRE,2025-Q4,https://www.costar.com/multifamily
90059,Los Angeles,34.0479,-118.173,2097,1327,12.82,CoStar/CBRE,2025-Q4,https://www.costar.com/multifamily
90060,Los Angeles,34.1424,-118.228,2166,1523,13.74,CoStar/CBRE,2025-Q4,https://www.costar.com/multifamily
90061,Los Angeles,34.0107,-118.2141,1950,1227,10.74,CoStar/CBRE,2025-Q4,https://www.costar.com/multifamily
90062,Los Angeles,33.9245,-118.0951,1953,1204,14.41,CoStar/CBRE,2025-Q4,https://www.costar.com/multifamily
90063,Los Angeles,33.9377,-118.2025,1797,1586,13.64,CoStar/CBRE,2025-Q4,https://www.costar.com/multifamily
90064,Los Angeles,34.0515,-118.3478,2184,1458,14.75,CoStar/CBRE,2025-Q4,https://www.costar.com/multifamily
90065,Los Angeles,34.0036,-118.3985,1926,1200,11.86,CoStar/CBRE,2025-Q4,https://www.costar.com/multifamily
90066,Los Angeles,33.9078,-118.0645,2003,1664,10.64,CoStar/CBRE,2025-Q4,https://www.costar.com/multifamily
90067,Los Angeles,34.0193,-118.2298,1783,1266,12.14,CoStar/CBRE,2025-Q4,https://www.costar.com/multifamily
90068,Los Angeles,34.1604,-118.0666,1976,1682,12.17,CoStar/CBRE,2025-Q4,https://www.costar.com/multifamily
90069,Los Angeles,34.1507,-118.2329,2252,1269,13.14,CoStar/CBRE,2025-Q4,https://www.costar.com/multifamily
90070,Los Angeles,34.1998,-118.1668,1853,1296,14.13,CoStar/CBRE,2025-Q4,https://www.costar.com/multifamily
90071,Los Angeles,33.9779,-118.1879,1894,1617,10.62,CoStar/CBRE,2025-Q4,https://www.costar.com/multifamily
90072,Los Angeles,33.9839,-118.106,2426,1707,12.62,CoStar/CBRE,2025-Q4,https://www.costar.com/multifamily
90073,Los Angeles,33.9542,-118.391,1985,1255,12.71,CoStar/CBRE,2025-Q4,https://www.costar.com/multifamily
90074,Los Angeles,34.0595,-118.3353,1906,1555,11.7,CoStar/CBRE,2025-Q4,https://www.costar.com/multifamily
90075,Los Angeles,34.0552,-118.1555,1861,1635,11.18,CoStar/CBRE,2025-Q4,https://www.costar.com/multifamily
90076,Los Angeles,34.1445,-118.2757,2437,1319,11.84,CoStar/CBRE,2025-Q4,https://www.costar.com/multifamily
90077,Los Angeles,34.1051,-118.3696,2465,1522,10.31,CoStar/CBRE,2025-Q4,https://www.costar.com/multifamily
90078,Los Angeles,34.1916,-118.2034,2445,1253,14.24,CoStar/CBRE,2025-Q4,https://www.costar.com/multifamily
90079,Los Angeles,33.9753,-118.3549,2098,1664,14.2,CoStar/CBRE,2025-Q4,https://www.costar.com/multifamily
90080,Los Angeles,33.9908,-118.0727,2326,1421,11.55,CoStar/CBRE,2025-Q4,https://www.costar.com/multifamily
60601,Chicago,41.8072,-87.7025,865,591,12.39,CoStar/CBRE,2025-Q4,https://www.costar.com/multifamily
60602,Chicago,41.7627,-87.717,772,498,13.14,CoStar/CBRE,2025-Q4,https://www.costar.com/multifamily
60603,Chicago,41.8959,-87.4839,728,491,11.35,CoStar/CBRE,2025-Q4,https://www.costar.com/multifamily
60604,Chicago,41.9676,-87.6706,885,459,12.02,CoStar/CBRE,2025-Q4,https://www.costar.com/multifamily
60605,Chicago,41.8354,-87.5089,691,481,10.62,CoStar/CBRE,2025-Q4,https://www.costar.com/multifamily
60606,Chicago,41.9104,-87.512,734,635,14.46,CoStar/CBRE,2025-Q4,https://www.costar.com/multifamily
60607,Chicago,41.7836,-87.7617,774,455,14.61,CoStar/CBRE,2025-Q4,https://www.costar.com/multifamily
60608,Chicago,41.9675,-87.5971,882,555,14.26,CoStar/CBRE,2025-Q4,https://www.costar.com/multifamily
60609,Chicago,41.9584,-87.4849,720,615,13.65,CoStar/CBRE,2025-Q4,https://www.costar.com/multifamily
60610,Chicago,41.9527,-87.7464,894,552,10.63,CoStar/CBRE,2025-Q4,https://www.costar.com/multifamily
60611,Chicago,41.9986,-87.533,881,486,12.93,CoStar/CBRE,2025-Q4,https://www.costar.com/multifamily
60612,Chicago,41.8096,-87.6634,681,460,14.64,CoStar/CBRE,2025-Q4,https://www.costar.com/multifamily
60613,Chicago,42.0224,-87.483,870,486,12.51,CoStar/CBRE,2025-Q4,https://www.costar.com/multifamily
60614,Chicago,41.8415,-87.5368,751,518,11.7,CoStar/CBRE,2025-Q4,https://www.costar.com/multifamily
60615,Chicago,41.8751,-87.7045,681,461,10.42,CoStar/CBRE,2025-Q4,https://www.costar.com/multifamily
60616,Chicago,41.8192,-87.6943,787,619,14.57,CoStar/CBRE,2025-Q4,https://www.costar.com/multifamily
60617,Chicago,41.7678,-87.4937,779,452,10.7,CoStar/CBRE,2025-Q4,https://www.costar.com/multifamily
60618,Chicago,41.823,-87.5055,713,461,14.25,CoStar/CBRE,2025-Q4,https://www.costar.com/multifamily
60619,Chicago,41.9999,-87.8035,713,542,11.25,CoStar/CBRE,2025-Q4,https://www.costar.com/multifamily
60620,Chicago,41.7287,-87.5826,718,617,11.71,CoStar/CBRE,2025-Q4,https://www.costar.com/multifamily
60621,Chicago,41.8316,-87.6411,812,503,13.18,CoStar/CBRE,2025-Q4,https://www.costar.com/multifamily
60622,Chicago,41.8746,-87.6585,721,475,12.29,CoStar/CBRE,2025-Q4,https://www.costar.com/multifamily
60623,Chicago,41.7497,-87.4588,678,530,12.42,CoStar/CBRE,2025-Q4,https://www.costar.com/multifamily
60624,Chicago,41.8158,-87.6753,862,613,12.56,CoStar/CBRE,2025-Q4,https://www.costar.com/multifamily
60625,Chicago,41.7448,-87.6703,775,633,10.71,CoStar/CBRE,2025-Q4,https://www.costar.com/multifamily
60626,Chicago,41.893,-87.7586,736,582,10.65,CoStar/CBRE,2025-Q4,https://www.costar.com/multifamily
60627,Chicago,41.994,-87.7613,758,528,13.31,CoStar/CBRE,2025-Q4,https://www.costar.com/multifamily
60628,Chicago,41.9111,-87.4579,921,606,11.06,CoStar/CBRE,2025-Q4,https://www.costar.com/multifamily
60629,Chicago,41.7587,-87.7174,849,563,10.75,CoStar/CBRE,2025-Q4,https://www.costar.com/multifamily
60630,Chicago,41.9099,-87.7597,892,533,13.9,CoStar/CBRE,2025-Q4,https://www.costar.com/multifamily
60631,Chicago,41.7453,-87.7891,842,625,10.87,CoStar/CBRE,2025-Q4,https://www.costar.com/multifamily
60632,Chicago,41.7612,-87.4761,858,505,13.92,CoStar/CBRE,2025-Q4,https://www.costar.com/multifamily
60633,Chicago,41.7567,-87.7062,695,558,14.33,CoStar/CBRE,2025-Q4,https://www.costar.com/multifamily
60634,Chicago,41.7451,-87.692,769,548,12.22,CoStar/CBRE,2025-Q4,https://www.costar.com/multifamily
60635,Chicago,41.7298,-87.641,710,558,10.86,CoStar/CBRE,2025-Q4,https://www.costar.com/multifamily
60636,Chicago,41.8036,-87.5102,842,596,14.69,CoStar/CBRE,2025-Q4,https://www.costar.com/multifamily
60637,Chicago,41.8807,-87.4958,942,516,14.6,CoStar/CBRE,2025-Q4,https://www.costar.com/multifamily
60638,Chicago,41.9056,-87.6452,757,509,11.42,CoStar/CBRE,2025-Q4,https://www.costar.com/multifamily
60639,Chicago,42.0167,-87.7278,746,578,10.53,CoStar/CBRE,2025-Q4,https://www.costar.com/multifamily
60640,Chicago,41.7747,-87.5077,668,633,10.45,CoStar/CBRE,2025-Q4,https://www.costar.com/multifamily
60641,Chicago,41.8668,-87.4603,737,471,10.51,CoStar/CBRE,2025-Q4,https://www.costar.com/multifamily
60642,Chicago,41.8879,-87.7336,882,541,14.29,CoStar/CBRE,2025-Q4,https://www.costar.com/multifamily
60643,Chicago,41.8464,-87.6119,893,634,10.38,CoStar/CBRE,2025-Q4,https://www.costar.com/multifamily
60644,Chicago,42.0268,-87.5098,740,542,12.97,CoStar/CBRE,2025-Q4,https://www.costar.com/multifamily
60645,Chicago,41.9197,-87.5425,730,632,14.07,CoStar/CBRE,2025-Q4,https://www.costar.com/multifamily
60646,Chicago,41.8791,-87.4616,758,469,10.79,CoStar/CBRE,2025-Q4,https://www.costar.com/multifamily
60647,Chicago,41.8829,-87.7851,840,564,13.17,CoStar/CBRE,2025-Q4,https://www.costar.com/multifamily
60648,Chicago,41.9674,-87.5685,797,566,14.18,CoStar/CBRE,2025-Q4,https://www.costar.com/multifamily
60649,Chicago,42.02,-87.6902,844,571,12.13,CoStar/CBRE,2025-Q4,https://www.costar.com/multifamily
60650,Chicago,41.8255,-87.751,813,519,10.75,CoStar/CBRE,2025-Q4,https://www.costar.com/multifamily
60651,Chicago,41.969,-87.4976,765,570,13.94,CoStar/CBRE,2025-Q4,https://www.costar.com/multifamily
60652,Chicago,41.9804,-87.6468,794,490,13.19,CoStar/CBRE,2025-Q4,https://www.costar.com/multifamily
60653,Chicago,41.7616,-87.5119,833,610,12.54,CoStar/CBRE,2025-Q4,https://www.costar.com/multifamily
60654,Chicago,41.9076,-87.7347,789,479,12.77,CoStar/CBRE,2025-Q4,https://www.costar.com/multifamily
60655,Chicago,41.9484,-87.7766,747,579,11.41,CoStar/CBRE,2025-Q4,https://www.costar.com/multifamily
60656,Chicago,41.991,-87.714,788,591,12.18,CoStar/CBRE,2025-Q4,https://www.costar.com/multifamily
60657,Chicago,41.868,-87.6822,856,504,11.85,CoStar/CBRE,2025-Q4,https://www.costar.com/multifamily
60658,Chicago,41.9236,-87.6054,843,458,12.05,CoStar/CBRE,2025-Q4,https://www.costar.com/multifamily
60659,Chicago,41.9055,-87.4745,860,454,11.63,CoStar/CBRE,2025-Q4,https://www.costar.com/multifamily
60660,Chicago,41.8173,-87.7665,934,629,13.98,CoStar/CBRE,2025-Q4,https://www.costar.com/multifamily
77001,Houston,29.6917,-95.326,1317,1099,14.48,CoStar/CBRE,2025-Q4,https://www.costar.com/multifamily
77002,Houston,29.6157,-95.3071,1656,920,12.92,CoStar/CBRE,2025-Q4,https://www.costar.com/multifamily
77003,Houston,29.8466,-95.4814,1666,1138,11.95,CoStar/CBRE,2025-Q4,https://www.costar.com/multifamily
77004,Houston,29.8623,-95.3853,1681,1037,12.37,CoStar/CBRE,2025-Q4,https://www.costar.com/multifamily
77005,Houston,29.7669,-95.3295,1354,1062,10.89,CoStar/CBRE,2025-Q4,https://www.costar.com/multifamily
77006,Houston,29.8467,-95.3418,1696,859,14.02,CoStar/CBRE,2025-Q4,https://www.costar.com/multifamily
77007,Houston,29.6131,-95.3485,1582,869,11.82,CoStar/CBRE,2025-Q4,https://www.costar.com/multifamily
77008,Houston,29.6244,-95.4477,1205,885,12.35,CoStar/CBRE,2025-Q4,https://www.costar.com/multifamily
77009,Houston,29.9088,-95.3015,1314,1031,12.92,CoStar/CBRE,2025-Q4,https://www.costar.com/multifamily
77010,Houston,29.7477,-95.3275,1637,969,10.33,CoStar/CBRE,2025-Q4,https://www.costar.com/multifamily
77011,Houston,29.8815,-95.2784,1274,1080,13.43,CoStar/CBRE,2025-Q4,https://www.costar.com/multifamily
77012,Houston,29.6888,-95.3084,1282,1093,13.15,CoStar/CBRE,2025-Q4,https://www.costar.com/multifamily
77013,Houston,29.6306,-95.3437,1366,951,12.32,CoStar/CBRE,2025-Q4,https://www.costar.com/multifamily
77014,Houston,29.8647,-95.4386,1369,992,11.87,CoStar/CBRE,2025-Q4,https://www.costar.com/multifamily
77015,Houston,29.7156,-95.5347,1583,901,12.13,CoStar/CBRE,2025-Q4,https://www.costar.com/multifamily
77016,Houston,29.8395,-95.4703,1690,870,13.15,CoStar/CBRE,2025-Q4,https://www.costar.com/multifamily
77017,Houston,29.7942,-95.5358,1599,1048,13.29,CoStar/CBRE,2025-Q4,https://www.costar.com/multifamily
77018,Houston,29.614,-95.3916,1546,1075,11.03,CoStar/CBRE,2025-Q4,https://www.costar.com/multifamily
77019,Houston,29.7373,-95.4333,1325,931,11.79,CoStar/CBRE,2025-Q4,https://www.costar.com/multifamily
77020,Houston,29.6881,-95.2791,1210,1014,13.14,CoStar/CBRE,2025-Q4,https://www.costar.com/multifamily
77021,Houston,29.8884,-95.316,1645,833,12.17,CoStar/CBRE,2025-Q4,https://www.costar.com/multifamily
77022,Houston,29.7545,-95.3964,1490,1077,11.29,CoStar/CBRE,2025-Q4,https://www.costar.com/multifamily
77023,Houston,29.7969,-95.297,1234,967,13.02,CoStar/CBRE,2025-Q4,https://www.costar.com/multifamily
77024,Houston,29.8002,-95.1947,1717,1111,13.35,CoStar/CBRE,2025-Q4,https://www.costar.com/multifamily
77025,Houston,29.776,-95.3977,1500,991,11.44,CoStar/CBRE,2025-Q4,https://www.costar.com/multifamily
77026,Houston,29.6192,-95.2907,1587,1116,11.55,CoStar/CBRE,2025-Q4,https://www.costar.com/multifamily
77027,Houston,29.8782,-95.3682,1401,934,10.98,CoStar/CBRE,2025-Q4,https://www.costar.com/multifamily
77028,Houston,29.7631,-95.3391,1307,1141,13.9,CoStar/CBRE,2025-Q4,https://www.costar.com/multifamily
77029,Houston,29.8845,-95.5273,1327,1023,12.4,CoStar/CBRE,2025-Q4,https://www.costar.com/multifamily
77030,Houston,29.825,-95.4896,1511,892,10.34,CoStar/CBRE,2025-Q4,https://www.costar.com/multifamily
77031,Houston,29.6834,-95.4352,1248,1068,10.83,CoStar/CBRE,2025-Q4,https://www.costar.com/multifamily
77032,Houston,29.7184,-95.1915,1557,1155,11.49,CoStar/CBRE,2025-Q4,https://www.costar.com/multifamily
77033,Houston,29.6612,-95.3171,1447,880,12.99,CoStar/CBRE,2025-Q4,https://www.costar.com/multifamily
77034,Houston,29.7844,-95.394,1671,966,13.15,CoStar/CBRE,2025-Q4,https://www.costar.com/multifamily
77035,Houston,29.7679,-95.3761,1482,1126,12.12,CoStar/CBRE,2025-Q4,https://www.costar.com/multifamily
77036,Houston,29.84,-95.2991,1670,1178,11.39,CoStar/CBRE,2025-Q4,https://www.costar.com/multifamily
77037,Houston,29.6624,-95.2271,1464,1018,14.18,CoStar/CBRE,2025-Q4,https://www.costar.com/multifamily
77038,Houston,29.7191,-95.3538,1474,1060,14.05,CoStar/CBRE,2025-Q4,https://www.costar.com/multifamily
77039,Houston,29.8859,-95.3262,1297,845,12.08,CoStar/CBRE,2025-Q4,https://www.costar.com/multifamily
77040,Houston,29.8035,-95.265,1543,828,12.73,CoStar/CBRE,2025-Q4,https://www.costar.com/multifamily
77041,Houston,29.6945,-95.3577,1257,850,10.8,CoStar/CBRE,2025-Q4,https://www.costar.com/multifamily
77042,Houston,29.7941,-95.3364,1375,991,13.37,CoStar/CBRE,2025-Q4,https://www.costar.com/multifamily
77043,Houston,29.8216,-95.2114,1666,1014,11.52,CoStar/CBRE,2025-Q4,https://www.costar.com/multifamily
77044,Houston,29.6706,-95.2427,1407,1057,12.69,CoStar/CBRE,2025-Q4,https://www.costar.com/multifamily
77045,Houston,29.6475,-95.4786,1530,908,13.04,CoStar/CBRE,2025-Q4,https://www.costar.com/multifamily
77046,Houston,29.7142,-95.2791,1376,1021,13.0,CoStar/CBRE,2025-Q4,https://www.costar.com/multifamily
77047,Houston,29.6122,-95.2381,1430,1067,11.47,CoStar/CBRE,2025-Q4,https://www.costar.com/multifamily
77048,Houston,29.6742,-95.43,1586,836,14.19,CoStar/CBRE,2025-Q4,https://www.costar.com/multifamily
77049,Houston,29.7632,-95.4358,1437,933,11.72,CoStar/CBRE,2025-Q4,https://www.costar.com/multifamily
77050,Houston,29.7323,-95.3053,1710,899,10.94,CoStar/CBRE,2025-Q4,https://www.costar.com/multifamily
77051,Houston,29.6459,-95.3738,1289,1055,12.29,CoStar/CBRE,2025-Q4,https://www.costar.com/multifamily
77052,Houston,29.6681,-95.342,1705,1037,14.71,CoStar/CBRE,2025-Q4,https://www.costar.com/multifamily
77053,Houston,29.7597,-95.3379,1302,957,12.77,CoStar/CBRE,2025-Q4,https://www.costar.com/multifamily
77054,Houston,29.6752,-95.3449,1251,912,11.76,CoStar/CBRE,2025-Q4,https://www.costar.com/multifamily
77055,Houston,29.8998,-95.1999,1389,1066,10.44,CoStar/CBRE,2025-Q4,https://www.costar.com/multifamily
85001,Phoenix,33.4865,-112.0511,2491,1705,12.91,CoStar/CBRE,2025-Q4,https://www.costar.com/multifamily
85002,Phoenix,33.5169,-112.2465,2094,1443,13.1,CoStar/CBRE,2025-Q4,https://www.costar.com/multifamily
85003,Phoenix,33.4488,-112.2494,2205,1651,13.74,CoStar/CBRE,2025-Q4,https://www.costar.com/multifamily
85004,Phoenix,33.4699,-112.0968,2098,1596,12.67,CoStar/CBRE,2025-Q4,https://www.costar.com/multifamily
85005,Phoenix,33.5034,-112.1015,1952,1670,14.03,CoStar/CBRE,2025-Q4,https://www.costar.com/multifamily
85006,Phoenix,33.5588,-112.155,2502,1402,11.61,CoStar/CBRE,2025-Q4,https://www.costar.com/multifamily
85007,Phoenix,33.5321,-112.1235,1832,1618,13.99,CoStar/CBRE,2025-Q4,https://www.costar.com/multifamily
85008,Phoenix,33.4675,-112.1974,2172,1466,10.7,CoStar/CBRE,2025-Q4,https://www.costar.com/multifamily
85009,Phoenix,33.4386,-111.9574,2435,1646,10.39,CoStar/CBRE,2025-Q4,https://www.costar.com/multifamily
85010,Phoenix,33.381,-112.1999,2416,1315,13.0,CoStar/CBRE,2025-Q4,https://www.costar.com/multifamily
85011,Phoenix,33.4355,-111.9244,2199,1656,14.4,CoStar/CBRE,2025-Q4,https://www.costar.com/multifamily
85012,Phoenix,33.4386,-111.9931,1806,1692,13.46,CoStar/CBRE,2025-Q4,https://www.costar.com/multifamily
85013,Phoenix,33.413,-111.9158,2395,1474,14.44,CoStar/CBRE,2025-Q4,https://www.costar.com/multifamily
85014,Phoenix,33.5665,-111.9465,1959,1325,14.51,CoStar/CBRE,2025-Q4,https://www.costar.com/multifamily
85015,Phoenix,33.4024,-112.0304,2423,1243,14.05,CoStar/CBRE,2025-Q4,https://www.costar.com/multifamily
85016,Phoenix,33.5189,-112.219,1770,1301,13.65,CoStar/CBRE,2025-Q4,https://www.costar.com/multifamily
85017,Phoenix,33.4008,-111.92,2246,1685,10.28,CoStar/CBRE,2025-Q4,https://www.costar.com/multifamily
85018,Phoenix,33.5556,-111.9186,1822,1407,10.4,CoStar/CBRE,2025-Q4,https://www.costar.com/multifamily
85019,Phoenix,33.3321,-112.1524,1763,1378,14.68,CoStar/CBRE,2025-Q4,https://www.costar.com/multifamily
85020,Phoenix,33.3843,-111.9076,2332,1501,12.06,CoStar/CBRE,2025-Q4,https://www.costar.com/multifamily
85021,Phoenix,33.3923,-112.1722,2245,1424,10.31,CoStar/CBRE,2025-Q4,https://www.costar.com/multifamily
85022,Phoenix,33.4011,-112.0145,2511,1434,11.7,CoStar/CBRE,2025-Q4,https://www.costar.com/multifamily
85023,Phoenix,33.4635,-112.1937,2511,1460,10.89,CoStar/CBRE,2025-Q4,https://www.costar.com/multifamily
85024,Phoenix,33.4883,-112.0223,2109,1640,13.13,CoStar/CBRE,2025-Q4,https://www.costar.com/multifamily
85025,Phoenix,33.3415,-112.0734,2318,1392,12.67,CoStar/CBRE,2025-Q4,https://www.costar.com/multifamily
85026,Phoenix,33.3279,-111.9911,2015,1258,12.54,CoStar/CBRE,2025-Q4,https://www.costar.com/multifamily
85027,Phoenix,33.548,-112.0338,2094,1389,13.47,CoStar/CBRE,2025-Q4,https://www.costar.com/multifamily
85028,Phoenix,33.5073,-112.2141,1822,1617,12.21,CoStar/CBRE,2025-Q4,https://www.costar.com/multifamily
85029,Phoenix,33.5468,-112.0347,2502,1678,11.64,CoStar/CBRE,2025-Q4,https://www.costar.com/multifamily
85030,Phoenix,33.5547,-111.9059,1913,1638,14.41,CoStar/CBRE,2025-Q4,https://www.costar.com/multifamily
85031,Phoenix,33.437,-112.1104,1984,1317,12.92,CoStar/CBRE,2025-Q4,https://www.costar.com/multifamily
85032,Phoenix,33.3372,-112.0916,1834,1346,14.14,CoStar/CBRE,2025-Q4,https://www.costar.com/multifamily
85033,Phoenix,33.5085,-112.0523,2004,1341,11.97,CoStar/CBRE,2025-Q4,https://www.costar.com/multifamily
85034,Phoenix,33.301,-111.9067,2235,1686,14.64,CoStar/CBRE,2025-Q4,https://www.costar.com/multifamily
85035,Phoenix,33.5032,-112.2324,1869,1217,11.43,CoStar/CBRE,2025-Q4,https://www.costar.com/multifamily
85036,Phoenix,33.3428,-112.177,2151,1462,10.45,CoStar/CBRE,2025-Q4,https://www.costar.com/multifamily
85037,Phoenix,33.5605,-111.8997,2010,1624,12.53,CoStar/CBRE,2025-Q4,https://www.costar.com/multifamily
85038,Phoenix,33.3082,-111.9943,2321,1434,12.68,CoStar/CBRE,2025-Q4,https://www.costar.com/multifamily
85039,Phoenix,33.3587,-111.969,2458,1390,10.74,CoStar/CBRE,2025-Q4,https://www.costar.com/multifamily
85040,Phoenix,33.3804,-112.1907,2419,1571,13.9,CoStar/CBRE,2025-Q4,https://www.costar.com/multifamily
85041,Phoenix,33.4573,-112.0658,2077,1570,11.31,CoStar/CBRE,2025-Q4,https://www.costar.com/multifamily
85042,Phoenix,33.5363,-111.953,2220,1455,13.67,CoStar/CBRE,2025-Q4,https://www.costar.com/multifamily
85043,Phoenix,33.5637,-112.2114,1874,1204,13.74,CoStar/CBRE,2025-Q4,https://www.costar.com/multifamily
85044,Phoenix,33.4144,-112.1238,2153,1297,11.77,CoStar/CBRE,2025-Q4,https://www.costar.com/multifamily
85045,Phoenix,33.4403,-112.0393,1846,1642,13.14,CoStar/CBRE,2025-Q4,https://www.costar.com/multifamily
85046,Phoenix,33.4218,-111.9065,2404,1484,12.79,CoStar/CBRE,2025-Q4,https://www.costar.com/multifamily
85047,Phoenix,33.4008,-112.0124,2368,1607,13.87,CoStar/CBRE,2025-Q4,https://www.costar.com/multifamily
85048,Phoenix,33.5396,-112.1846,1818,1531,14.44,CoStar/CBRE,2025-Q4,https://www.costar.com/multifamily
85049,Phoenix,33.4835,-112.1098,2187,1658,12.6,CoStar/CBRE,2025-Q4,https://www.costar.com/multifamily
85050,Phoenix,33.4428,-112.0894,2249,1400,14.23,CoStar/CBRE,2025-Q4,https://www.costar.com/multifamily
19101,Philadelphia,39.8792,-75.0913,578,318,10.52,CoStar/CBRE,2025-Q4,https://www.costar.com/multifamily
19102,Philadelphia,39.927,-75.1616,529,329,11.02,CoStar/CBRE,2025-Q4,https://www.costar.com/multifamily
19103,Philadelphia,39.8196,-75.153,552,436,11.59,CoStar/CBRE,2025-Q4,https://www.costar.com/multifamily
19104,Philadelphia,39.8758,-75.243,498,402,14.62,CoStar/CBRE,2025-Q4,https://www.costar.com/multifamily
19105,Philadelphia,39.8214,-75.0158,552,361,10.26,CoStar/CBRE,2025-Q4,https://www.costar.com/multifamily
19106,Philadelphia,39.8061,-75.3242,646,366,12.69,CoStar/CBRE,2025-Q4,https://www.costar.com/multifamily
19107,Philadelphia,40.0779,-75.2803,649,451,10.43,CoStar/CBRE,2025-Q4,https://www.costar.com/multifamily
19108,Philadelphia,39.9972,-75.1212,629,345,11.88,CoStar/CBRE,2025-Q4,https://www.costar.com/multifamily
19109,Philadelphia,39.8484,-75.134,657,322,12.08,CoStar/CBRE,2025-Q4,https://www.costar.com/multifamily
19110,Philadelphia,39.8465,-75.0615,532,325,12.09,CoStar/CBRE,2025-Q4,https://www.costar.com/multifamily
19111,Philadelphia,39.9695,-75.3042,545,358,12.26,CoStar/CBRE,2025-Q4,https://www.costar.com/multifamily
19112,Philadelphia,40.0979,-75.2801,467,455,13.18,CoStar/CBRE,2025-Q4,https://www.costar.com/multifamily
19113,Philadelphia,39.8642,-75.2511,499,412,13.82,CoStar/CBRE,2025-Q4,https://www.costar.com/multifamily
19114,Philadelphia,39.8635,-75.1479,502,365,13.4,CoStar/CBRE,2025-Q4,https://www.costar.com/multifamily
19115,Philadelphia,39.8048,-75.3225,624,319,13.37,CoStar/CBRE,2025-Q4,https://www.costar.com/multifamily
19116,Philadelphia,40.0089,-75.1997,470,427,12.64,CoStar/CBRE,2025-Q4,https://www.costar.com/multifamily
19117,Philadelphia,40.1013,-75.2389,656,349,13.54,CoStar/CBRE,2025-Q4,https://www.costar.com/multifamily
19118,Philadelphia,39.9734,-75.09,478,356,12.44,CoStar/CBRE,2025-Q4,https://www.costar.com/multifamily
19119,Philadelphia,40.0905,-75.1551,515,423,11.53,CoStar/CBRE,2025-Q4,https://www.costar.com/multifamily
19120,Philadelphia,39.9656,-75.2609,488,325,11.54,CoStar/CBRE,2025-Q4,https://www.costar.com/multifamily
19121,Philadelphia,40.0142,-75.0333,563,432,12.76,CoStar/CBRE,2025-Q4,https://www.costar.com/multifamily
19122,Philadelphia,39.9997,-75.0995,615,430,11.06,CoStar/CBRE,2025-Q4,https://www.costar.com/multifamily
19123,Philadelphia,39.8636,-75.1083,497,428,14.24,CoStar/CBRE,2025-Q4,https://www.costar.com/multifamily
19124,Philadelphia,39.9235,-75.0317,491,417,12.39,CoStar/CBRE,2025-Q4,https://www.costar.com/multifamily
19125,Philadelphia,39.8893,-75.0872,520,382,12.21,CoStar/CBRE,2025-Q4,https://www.costar.com/multifamily
19126,Philadelphia,39.9703,-75.2612,534,325,14.1,CoStar/CBRE,2025-Q4,https://www.costar.com/multifamily
19127,Philadelphia,39.9679,-75.2242,501,394,10.84,CoStar/CBRE,2025-Q4,https://www.costar.com/multifamily
19128,Philadelphia,39.8531,-75.2571,610,450,14.74,CoStar/CBRE,2025-Q4,https://www.costar.com/multifamily
19129,Philadelphia,40.0078,-75.2049,539,441,11.96,CoStar/CBRE,2025-Q4,https://www.costar.com/multifamily
19130,Philadelphia,39.8327,-75.2063,620,346,14.41,CoStar/CBRE,2025-Q4,https://www.costar.com/multifamily
19131,Philadelphia,40.1021,-75.3217,520,387,12.8,CoStar/CBRE,2025-Q4,https://www.costar.com/multifamily
19132,Philadelphia,39.9518,-75.1575,556,407,14.7,CoStar/CBRE,2025-Q4,https://www.costar.com/multifamily
19133,Philadelphia,40.0339,-75.2069,470,392,11.13,CoStar/CBRE,2025-Q4,https://www.costar.com/multifamily
19134,Philadelphia,40.058,-75.0822,596,320,11.07,CoStar/CBRE,2025-Q4,https://www.costar.com/multifamily
19135,Philadelphia,40.0793,-75.0038,473,445,12.87,CoStar/CBRE,2025-Q4,https://www.costar.com/multifamily
19136,Philadelphia,39.8735,-75.1314,587,337,10.41,CoStar/CBRE,2025-Q4,https://www.costar.com/multifamily
19137,Philadelphia,40.0784,-75.2554,641,348,13.17,CoStar/CBRE,2025-Q4,https://www.costar.com/multifamily
19138,Philadelphia,39.8696,-74.9942,649,441,10.48,CoStar/CBRE,2025-Q4,https://www.costar.com/multifamily
19139,Philadelphia,39.8326,-75.0222,503,416,14.7,CoStar/CBRE,2025-Q4,https://www.costar.com/multifamily
19140,Philadelphia,40.0859,-75.1862,580,351,13.12,CoStar/CBRE,2025-Q4,https://www.costar.com/multifamily
78201,San Antonio,29.4447,-98.5316,548,356,13.24,CoStar/CBRE,2025-Q4,https://www.costar.com/multifamily
78202,San Antonio,29.5591,-98.3901,638,468,10.36,CoStar/CBRE,2025-Q4,https://www.costar.com/multifamily
78203,San Antonio,29.5163,-98.4993,588,403,14.55,CoStar/CBRE,2025-Q4,https://www.costar.com/multifamily
78204,San Antonio,29.2804,-98.3577,575,496,10.44,CoStar/CBRE,2025-Q4,https://www.costar.com/multifamily
78205,San Antonio,29.4426,-98.6017,705,417,13.73,CoStar/CBRE,2025-Q4,https://www.costar.com/multifamily
78206,San Antonio,29.3904,-98.3681,673,491,13.45,CoStar/CBRE,2025-Q4,https://www.costar.com/multifamily
78207,San Antonio,29.3108,-98.6035,608,460,13.11,CoStar/CBRE,2025-Q4,https://www.costar.com/multifamily
78208,San Antonio,29.4352,-98.3235,703,421,10.56,CoStar/CBRE,2025-Q4,https://www.costar.com/multifamily
78209,San Antonio,29.3834,-98.5436,593,443,10.51,CoStar/CBRE,2025-Q4,https://www.costar.com/multifamily
78210,San Antonio,29.3718,-98.4104,713,498,10.69,CoStar/CBRE,2025-Q4,https://www.costar.com/multifamily
78211,San Antonio,29.3689,-98.3522,690,433,12.29,CoStar/CBRE,2025-Q4,https://www.costar.com/multifamily
78212,San Antonio,29.5738,-98.6424,557,483,11.97,CoStar/CBRE,2025-Q4,https://www.costar.com/multifamily
78213,San Antonio,29.2918,-98.6292,537,486,13.53,CoStar/CBRE,2025-Q4,https://www.costar.com/multifamily
78214,San Antonio,29.4378,-98.6218,654,410,12.82,CoStar/CBRE,2025-Q4,https://www.costar.com/multifamily
78215,San Antonio,29.2976,-98.5184,595,423,11.2,CoStar/CBRE,2025-Q4,https://www.costar.com/multifamily
78216,San Antonio,29.5066,-98.6628,672,396,13.28,CoStar/CBRE,2025-Q4,https://www.costar.com/multifamily
78217,San Antonio,29.3566,-98.3664,698,415,11.14,CoStar/CBRE,2025-Q4,https://www.costar.com/multifamily
78218,San Antonio,29.2941,-98.5619,677,410,11.12,CoStar/CBRE,2025-Q4,https://www.costar.com/multifamily
78219,San Antonio,29.3721,-98.5588,563,369,12.24,CoStar/CBRE,2025-Q4,https://www.costar.com/multifamily
78220,San Antonio,29.3702,-98.454,562,385,10.82,CoStar/CBRE,2025-Q4,https://www.costar.com/multifamily
78221,San Antonio,29.2869,-98.4564,557,476,14.08,CoStar/CBRE,2025-Q4,https://www.costar.com/multifamily
78222,San Antonio,29.4667,-98.4389,660,374,14.18,CoStar/CBRE,2025-Q4,https://www.costar.com/multifamily
78223,San Antonio,29.4135,-98.5022,703,362,11.11,CoStar/CBRE,2025-Q4,https://www.costar.com/multifamily
78224,San Antonio,29.3906,-98.3178,735,364,14.16,CoStar/CBRE,2025-Q4,https://www.costar.com/multifamily
78225,San Antonio,29.3897,-98.4844,593,486,11.47,CoStar/CBRE,2025-Q4,https://www.costar.com/multifamily
78226,San Antonio,29.5126,-98.5438,625,360,12.31,CoStar/CBRE,2025-Q4,https://www.costar.com/multifamily
78227,San Antonio,29.4179,-98.6684,580,380,14.12,CoStar/CBRE,2025-Q4,https://www.costar.com/multifamily
78228,San Antonio,29.5319,-98.6123,586,357,11.6,CoStar/CBRE,2025-Q4,https://www.costar.com/multifamily
78229,San Antonio,29.4116,-98.6139,663,358,10.73,CoStar/CBRE,2025-Q4,https://www.costar.com/multifamily
78230,San Antonio,29.3031,-98.3137,678,375,11.83,CoStar/CBRE,2025-Q4,https://www.costar.com/multifamily
78231,San Antonio,29.3987,-98.586,608,406,14.66,CoStar/CBRE,2025-Q4,https://www.costar.com/multifamily
78232,San Antonio,29.392,-98.534,674,409,14.44,CoStar/CBRE,2025-Q4,https://www.costar.com/multifamily
78233,San Antonio,29.2824,-98.4801,588,443,13.58,CoStar/CBRE,2025-Q4,https://www.costar.com/multifamily
78234,San Antonio,29.3202,-98.3714,720,403,11.58,CoStar/CBRE,2025-Q4,https://www.costar.com/multifamily
78235,San Antonio,29.4036,-98.3195,565,381,10.83,CoStar/CBRE,2025-Q4,https://www.costar.com/multifamily
92101,San Diego,32.838,-117.1017,563,340,13.58,CoStar/CBRE,2025-Q4,https://www.costar.com/multifamily
92102,San Diego,32.6727,-117.0503,612,372,10.44,CoStar/CBRE,2025-Q4,https://www.costar.com/multifamily
92103,San Diego,32.6323,-117.2339,626,346,14.24,CoStar/CBRE,2025-Q4,https://www.costar.com/multifamily
92104,San Diego,32.7964,-117.3284,515,337,10.51,CoStar/CBRE,2025-Q4,https://www.costar.com/multifamily
92105,San Diego,32.6873,-117.2359,610,339,10.79,CoStar/CBRE,2025-Q4,https://www.costar.com/multifamily
92106,San Diego,32.7967,-117.1025,522,367,10.67,CoStar/CBRE,2025-Q4,https://www.costar.com/multifamily
92107,San Diego,32.703,-117.2576,533,350,12.99,CoStar/CBRE,2025-Q4,https://www.costar.com/multifamily
92108,San Diego,32.6499,-117.3276,648,452,11.38,CoStar/CBRE,2025-Q4,https://www.costar.com/multifamily
92109,San Diego,32.7874,-117.1324,487,444,10.71,CoStar/CBRE,2025-Q4,https://www.costar.com/multifamily
92110,San Diego,32.7249,-117.156,599,349,12.09,CoStar/CBRE,2025-Q4,https://www.costar.com/multifamily
92111,San Diego,32.8274,-117.04,658,452,10.6,CoStar/CBRE,2025-Q4,https://www.costar.com/multifamily
92112,San Diego,32.7285,-117.2274,539,353,12.68,CoStar/CBRE,2025-Q4,https://www.costar.com/multifamily
92113,San Diego,32.5832,-117.0971,538,355,14.5,CoStar/CBRE,2025-Q4,https://www.costar.com/multifamily
92114,San Diego,32.8411,-117.2208,547,451,12.68,CoStar/CBRE,2025-Q4,https://www.costar.com/multifamily
92115,San Diego,32.6924,-117.3261,576,450,11.16,CoStar/CBRE,2025-Q4,https://www.costar.com/multifamily
92116,San Diego,32.7443,-117.0421,572,355,13.09,CoStar/CBRE,2025-Q4,https://www.costar.com/multifamily
92117,San Diego,32.6166,-117.2652,532,406,12.79,CoStar/CBRE,2025-Q4,https://www.costar.com/multifamily
92118,San Diego,32.6171,-117.3145,571,446,12.75,CoStar/CBRE,2025-Q4,https://www.costar.com/multifamily
92119,San Diego,32.8424,-117.2903,599,388,12.28,CoStar/CBRE,2025-Q4,https://www.costar.com/multifamily
92120,San Diego,32.7477,-117.2998,551,357,13.54,CoStar/CBRE,2025-Q4,https://www.costar.com/multifamily
92121,San Diego,32.6178,-117.0959,636,390,10.65,CoStar/CBRE,2025-Q4,https://www.costar.com/multifamily
92122,San Diego,32.6564,-117.0229,502,376,11.31,CoStar/CBRE,2025-Q4,https://www.costar.com/multifamily
92123,San Diego,32.8428,-116.9898,510,353,13.85,CoStar/CBRE,2025-Q4,https://www.costar.com/multifamily
92124,San Diego,32.7553,-117.2175,618,317,14.42,CoStar/CBRE,2025-Q4,https://www.costar.com/multifamily
92125,San Diego,32.8545,-117.0553,526,415,12.89,CoStar/CBRE,2025-Q4,https://www.costar.com/multifamily
92126,San Diego,32.827,-117.2302,524,446,14.72,CoStar/CBRE,2025-Q4,https://www.costar.com/multifamily
92127,San Diego,32.6442,-117.3115,468,345,11.35,CoStar/CBRE,2025-Q4,https://www.costar.com/multifamily
92128,San Diego,32.6958,-117.2376,547,443,11.19,CoStar/CBRE,2025-Q4,https://www.costar.com/multifamily
92129,San Diego,32.7666,-117.1934,468,370,13.14,CoStar/CBRE,2025-Q4,https://www.costar.com/multifamily
92130,San Diego,32.7361,-117.1071,471,386,13.22,CoStar/CBRE,2025-Q4,https://www.costar.com/multifamily
92131,San Diego,32.7603,-117.2212,593,379,10.88,CoStar/CBRE,2025-Q4,https://www.costar.com/multifamily
92132,San Diego,32.6926,-117.2,477,331,13.54,CoStar/CBRE,2025-Q4,https://www.costar.com/multifamily
92133,San Diego,32.6658,-117.0085,650,361,12.95,CoStar/CBRE,2025-Q4,https://www.costar.com/multifamily
92134,San Diego,32.8061,-117.1781,637,408,11.48,CoStar/CBRE,2025-Q4,https://www.costar.com/multifamily
92135,San Diego,32.7679,-117.1386,502,370,10.6,CoStar/CBRE,2025-Q4,https://www.costar.com/multifamily
75201,DFW,32.7342,-96.9509,1850,1195,10.65,CoStar/CBRE,2025-Q4,https://www.costar.com/multifamily
75202,DFW,32.7228,-96.6538,2132,1182,10.93,CoStar/CBRE,2025-Q4,https://www.costar.com/multifamily
75203,DFW,32.7113,-96.8618,1647,1219,12.68,CoStar/CBRE,2025-Q4,https://www.costar.com/multifamily
75204,DFW,32.6426,-96.6474,1592,1200,10.28,CoStar/CBRE,2025-Q4,https://www.costar.com/multifamily
75205,DFW,32.8517,-96.9384,1953,1204,14.51,CoStar/CBRE,2025-Q4,https://www.costar.com/multifamily
75206,DFW,32.8244,-96.6387,1604,1160,11.24,CoStar/CBRE,2025-Q4,https://www.costar.com/multifamily
75207,DFW,32.8319,-96.6469,1718,1518,10.67,CoStar/CBRE,2025-Q4,https://www.costar.com/multifamily
75208,DFW,32.6385,-96.8405,1932,1308,11.14,CoStar/CBRE,2025-Q4,https://www.costar.com/multifamily
75209,DFW,32.6556,-96.769,1587,1297,12.63,CoStar/CBRE,2025-Q4,https://www.costar.com/multifamily
75210,DFW,32.8515,-96.6655,2139,1234,13.62,CoStar/CBRE,2025-Q4,https://www.costar.com/multifamily
75211,DFW,32.8823,-96.9748,2108,1174,11.78,CoStar/CBRE,2025-Q4,https://www.costar.com/multifamily
75212,DFW,32.878,-96.8355,1981,1263,12.72,CoStar/CBRE,2025-Q4,https://www.costar.com/multifamily
75213,DFW,32.6743,-96.9401,2158,1258,12.44,CoStar/CBRE,2025-Q4,https://www.costar.com/multifamily
75214,DFW,32.7418,-96.8486,1609,1111,12.73,CoStar/CBRE,2025-Q4,https://www.costar.com/multifamily
75215,DFW,32.6684,-96.8536,1948,1326,11.45,CoStar/CBRE,2025-Q4,https://www.costar.com/multifamily
75216,DFW,32.7749,-96.7409,1570,1363,13.99,CoStar/CBRE,2025-Q4,https://www.costar.com/multifamily
75217,DFW,32.8897,-96.7461,1914,1407,10.49,CoStar/CBRE,2025-Q4,https://www.costar.com/multifamily
75218,DFW,32.7841,-96.7456,1847,1321,11.57,CoStar/CBRE,2025-Q4,https://www.costar.com/multifamily
75219,DFW,32.9191,-96.7928,2154,1426,13.99,CoStar/CBRE,2025-Q4,https://www.costar.com/multifamily
75220,DFW,32.7431,-96.7517,1819,1151,12.44,CoStar/CBRE,2025-Q4,https://www.costar.com/multifamily
75221,DFW,32.698,-96.787,1562,1329,12.87,CoStar/CBRE,2025-Q4,https://www.costar.com/multifamily
75222,DFW,32.712,-96.6542,1703,1177,13.69,CoStar/CBRE,2025-Q4,https://www.costar.com/multifamily
75223,DFW,32.8769,-96.7737,1957,1435,10.81,CoStar/CBRE,2025-Q4,https://www.costar.com/multifamily
75224,DFW,32.8075,-96.904,2133,1501,14.1,CoStar/CBRE,2025-Q4,https://www.costar.com/multifamily
75225,DFW,32.7787,-96.6348,1975,1091,12.17,CoStar/CBRE,2025-Q4,https://www.costar.com/multifamily
75226,DFW,32.8696,-96.8318,1721,1230,13.8,CoStar/CBRE,2025-Q4,https://www.costar.com/multifamily
75227,DFW,32.8092,-96.8088,2046,1514,10.55,CoStar/CBRE,2025-Q4,https://www.costar.com/multifamily
75228,DFW,32.8704,-96.8465,1758,1315,12.11,CoStar/CBRE,2025-Q4,https://www.costar.com/multifamily
75229,DFW,32.7759,-96.7458,1875,1168,12.46,CoStar/CBRE,2025-Q4,https://www.costar.com/multifamily
75230,DFW,32.7575,-96.6588,1650,1526,11.41,CoStar/CBRE,2025-Q4,https://www.costar.com/multifamily
75231,DFW,32.6405,-96.9338,1854,1489,13.45,CoStar/CBRE,2025-Q4,https://www.costar.com/multifamily
75232,DFW,32.7193,-96.832,2057,1278,11.91,CoStar/CBRE,2025-Q4,https://www.costar.com/multifamily
75233,DFW,32.7264,-96.7029,1856,1319,12.44,CoStar/CBRE,2025-Q4,https://www.costar.com/multifamily
75234,DFW,32.6871,-96.6614,1977,1224,12.12,CoStar/CBRE,2025-Q4,https://www.costar.com/multifamily
75235,DFW,32.9075,-96.662,2168,1312,14.66,CoStar/CBRE,2025-Q4,https://www.costar.com/multifamily
75236,DFW,32.9219,-96.8311,2164,1171,13.31,CoStar/CBRE,2025-Q4,https://www.costar.com/multifamily
75237,DFW,32.8763,-96.791,1714,1183,13.88,CoStar/CBRE,2025-Q4,https://www.costar.com/multifamily
75238,DFW,32.7993,-96.8522,1771,1080,14.21,CoStar/CBRE,2025-Q4,https://www.costar.com/multifamily
75239,DFW,32.8972,-96.8751,1920,1216,13.59,CoStar/CBRE,2025-Q4,https://www.costar.com/multifamily
75240,DFW,32.7867,-96.7431,2135,1384,11.48,CoStar/CBRE,2025-Q4,https://www.costar.com/multifamily
75241,DFW,32.8638,-96.6183,1732,1212,11.09,CoStar/CBRE,2025-Q4,https://www.costar.com/multifamily
75242,DFW,32.7765,-96.6734,1863,1339,13.96,CoStar/CBRE,2025-Q4,https://www.costar.com/multifamily
75243,DFW,32.7133,-96.9391,2025,1175,14.71,CoStar/CBRE,2025-Q4,https://www.costar.com/multifamily
75244,DFW,32.8923,-96.645,2066,1465,13.77,CoStar/CBRE,2025-Q4,https://www.costar.com/multifamily
75245,DFW,32.8574,-96.843,1687,1089,12.2,CoStar/CBRE,2025-Q4,https://www.costar.com/multifamily
75246,DFW,32.7071,-96.6332,1863,1241,12.73,CoStar/CBRE,2025-Q4,https://www.costar.com/multifamily
75247,DFW,32.7716,-96.8914,1608,1400,12.46,CoStar/CBRE,2025-Q4,https://www.costar.com/multifamily
75248,DFW,32.7708,-96.9387,1838,1340,14.45,CoStar/CBRE,2025-Q4,https://www.costar.com/multifamily
75249,DFW,32.9013,-96.8161,1661,1068,13.53,CoStar/CBRE,2025-Q4,https://www.costar.com/multifamily
75250,DFW,32.8254,-96.7217,2185,1195,11.19,CoStar/CBRE,2025-Q4,https://www.costar.com/multifamily
75251,DFW,32.6285,-96.9364,1669,1415,11.97,CoStar/CBRE,2025-Q4,https://www.costar.com/multifamily
75252,DFW,32.9069,-96.7817,1724,1479,13.9,CoStar/CBRE,2025-Q4,https://www.costar.com/multifamily
75253,DFW,32.9211,-96.9045,2057,1075,13.98,CoStar/CBRE,2025-Q4,https://www.costar.com/multifamily
75254,DFW,32.6326,-96.6595,1839,1111,10.31,CoStar/CBRE,2025-Q4,https://www.costar.com/multifamily
75255,DFW,32.6419,-96.6349,2121,1096,12.93,CoStar/CBRE,2025-Q4,https://www.costar.com/multifamily
94101,Bay Area,37.7686,-122.3285,609,412,11.86,CoStar/CBRE,2025-Q4,https://www.costar.com/multifamily
94102,Bay Area,37.7378,-122.4342,505,411,13.04,CoStar/CBRE,2025-Q4,https://www.costar.com/multifamily
94103,Bay Area,37.7941,-122.5482,652,370,13.38,CoStar/CBRE,2025-Q4,https://www.costar.com/multifamily
94104,Bay Area,37.6351,-122.3395,469,436,10.43,CoStar/CBRE,2025-Q4,https://www.costar.com/multifamily
94105,Bay Area,37.7817,-122.5534,656,339,13.28,CoStar/CBRE,2025-Q4,https://www.costar.com/multifamily
94106,Bay Area,37.8431,-122.2828,607,427,11.69,CoStar/CBRE,2025-Q4,https://www.costar.com/multifamily
94107,Bay Area,37.6341,-122.5768,581,393,14.58,CoStar/CBRE,2025-Q4,https://www.costar.com/multifamily
94108,Bay Area,37.6948,-122.5603,610,426,11.84,CoStar/CBRE,2025-Q4,https://www.costar.com/multifamily
94109,Bay Area,37.7355,-122.3109,645,353,11.39,CoStar/CBRE,2025-Q4,https://www.costar.com/multifamily
94110,Bay Area,37.6377,-122.2649,646,453,12.39,CoStar/CBRE,2025-Q4,https://www.costar.com/multifamily
94111,Bay Area,37.7117,-122.2613,626,381,11.85,CoStar/CBRE,2025-Q4,https://www.costar.com/multifamily
94112,Bay Area,37.8873,-122.3034,549,385,12.0,CoStar/CBRE,2025-Q4,https://www.costar.com/multifamily
94113,Bay Area,37.8948,-122.5314,581,393,10.8,CoStar/CBRE,2025-Q4,https://www.costar.com/multifamily
94114,Bay Area,37.7382,-122.3844,546,414,13.82,CoStar/CBRE,2025-Q4,https://www.costar.com/multifamily
94115,Bay Area,37.6319,-122.3526,466,419,11.31,CoStar/CBRE,2025-Q4,https://www.costar.com/multifamily
94116,Bay Area,37.7022,-122.4266,655,321,10.36,CoStar/CBRE,2025-Q4,https://www.costar.com/multifamily
94117,Bay Area,37.645,-122.3776,489,322,10.44,CoStar/CBRE,2025-Q4,https://www.costar.com/multifamily
94118,Bay Area,37.7614,-122.3274,478,339,11.7,CoStar/CBRE,2025-Q4,https://www.costar.com/multifamily
94119,Bay Area,37.864,-122.4847,562,322,13.05,CoStar/CBRE,2025-Q4,https://www.costar.com/multifamily
94120,Bay Area,37.8643,-122.4794,646,453,11.07,CoStar/CBRE,2025-Q4,https://www.costar.com/multifamily
94121,Bay Area,37.7922,-122.4425,513,376,12.41,CoStar/CBRE,2025-Q4,https://www.costar.com/multifamily
94122,Bay Area,37.7784,-122.5458,655,414,11.53,CoStar/CBRE,2025-Q4,https://www.costar.com/multifamily
94123,Bay Area,37.8375,-122.478,524,434,14.68,CoStar/CBRE,2025-Q4,https://www.costar.com/multifamily
94124,Bay Area,37.8922,-122.2964,596,340,14.6,CoStar/CBRE,2025-Q4,https://www.costar.com/multifamily
94125,Bay Area,37.7645,-122.2409,527,437,14.47,CoStar/CBRE,2025-Q4,https://www.costar.com/multifamily
94126,Bay Area,37.7961,-122.354,654,355,10.64,CoStar/CBRE,2025-Q4,https://www.costar.com/multifamily
94127,Bay Area,37.902,-122.5564,620,357,11.81,CoStar/CBRE,2025-Q4,https://www.costar.com/multifamily
94128,Bay Area,37.7055,-122.481,609,352,12.93,CoStar/CBRE,2025-Q4,https://www.costar.com/multifamily
94129,Bay Area,37.8004,-122.5673,620,445,12.19,CoStar/CBRE,2025-Q4,https://www.costar.com/multifamily
94130,Bay Area,37.63,-122.2554,662,327,13.17,CoStar/CBRE,2025-Q4,https://www.costar.com/multifamily
94131,Bay Area,37.7703,-122.4485,517,439,13.92,CoStar/CBRE,2025-Q4,https://www.costar.com/multifamily
94132,Bay Area,37.7415,-122.4854,476,344,14.25,CoStar/CBRE,2025-Q4,https://www.costar.com/multifamily
94133,Bay Area,37.675,-122.257,489,406,10.73,CoStar/CBRE,2025-Q4,https://www.costar.com/multifamily
94134,Bay Area,37.8135,-122.358,641,325,10.76,CoStar/CBRE,2025-Q4,https://www.costar.com/multifamily
94135,Bay Area,37.6511,-122.5827,557,418,12.35,CoStar/CBRE,2025-Q4,https://www.costar.com/multifamily
94136,Bay Area,37.7382,-122.2633,593,359,13.03,CoStar/CBRE,2025-Q4,https://www.costar.com/multifamily
94137,Bay Area,37.6763,-122.4566,559,452,11.52,CoStar/CBRE,2025-Q4,https://www.costar.com/multifamily
94138,Bay Area,37.8736,-122.5811,583,317,14.5,CoStar/CBRE,2025-Q4,https://www.costar.com/multifamily
94139,Bay Area,37.7895,-122.586,502,317,12.21,CoStar/CBRE,2025-Q4,https://www.costar.com/multifamily
94140,Bay Area,37.9139,-122.486,502,341,10.87,CoStar/CBRE,2025-Q4,https://www.costar.com/multifamily
94141,Bay Area,37.8758,-122.3879,498,368,14.6,CoStar/CBRE,2025-Q4,https://www.costar.com/multifamily
94142,Bay Area,37.6422,-122.3426,588,417,12.98,CoStar/CBRE,2025-Q4,https://www.costar.com/multifamily
94143,Bay Area,37.8082,-122.5795,641,329,12.66,CoStar/CBRE,2025-Q4,https://www.costar.com/multifamily
94144,Bay Area,37.8858,-122.281,609,438,11.88,CoStar/CBRE,2025-Q4,https://www.costar.com/multifamily
94145,Bay Area,37.6432,-122.5209,561,323,11.31,CoStar/CBRE,2025-Q4,https://www.costar.com/multifamily
78701,Austin,30.3382,-97.6172,1310,731,13.17,CoStar/CBRE,2025-Q4,https://www.costar.com/multifamily
78702,Austin,30.3313,-97.9187,1362,781,12.68,CoStar/CBRE,2025-Q4,https://www.costar.com/multifamily
78703,Austin,30.3588,-97.7992,1103,734,13.04,CoStar/CBRE,2025-Q4,https://www.costar.com/multifamily
78704,Austin,30.3485,-97.5735,1113,974,11.28,CoStar/CBRE,2025-Q4,https://www.costar.com/multifamily
78705,Austin,30.192,-97.6333,1236,836,13.06,CoStar/CBRE,2025-Q4,https://www.costar.com/multifamily
78706,Austin,30.2236,-97.5862,1450,805,12.49,CoStar/CBRE,2025-Q4,https://www.costar.com/multifamily
78707,Austin,30.1727,-97.7459,1414,719,14.02,CoStar/CBRE,2025-Q4,https://www.costar.com/multifamily
78708,Austin,30.3636,-97.907,1056,728,11.65,CoStar/CBRE,2025-Q4,https://www.costar.com/multifamily
78709,Austin,30.2667,-97.9021,1352,927,10.31,CoStar/CBRE,2025-Q4,https://www.costar.com/multifamily
78710,Austin,30.2586,-97.6572,1030,885,14.14,CoStar/CBRE,2025-Q4,https://www.costar.com/multifamily
78711,Austin,30.253,-97.78,1399,853,11.82,CoStar/CBRE,2025-Q4,https://www.costar.com/multifamily
78712,Austin,30.1884,-97.7832,1144,785,14.26,CoStar/CBRE,2025-Q4,https://www.costar.com/multifamily
78713,Austin,30.2819,-97.9136,1226,988,13.83,CoStar/CBRE,2025-Q4,https://www.costar.com/multifamily
78714,Austin,30.3681,-97.8602,1260,851,10.94,CoStar/CBRE,2025-Q4,https://www.costar.com/multifamily
78715,Austin,30.1509,-97.7203,1078,964,11.14,CoStar/CBRE,2025-Q4,https://www.costar.com/multifamily
78716,Austin,30.1242,-97.8795,1027,848,12.37,CoStar/CBRE,2025-Q4,https://www.costar.com/multifamily
78717,Austin,30.2849,-97.85,1371,746,14.39,CoStar/CBRE,2025-Q4,https://www.costar.com/multifamily
78718,Austin,30.3486,-97.9174,1086,811,13.52,CoStar/CBRE,2025-Q4,https://www.costar.com/multifamily
78719,Austin,30.1984,-97.6438,1396,707,10.42,CoStar/CBRE,2025-Q4,https://www.costar.com/multifamily
78720,Austin,30.3247,-97.909,1255,865,13.36,CoStar/CBRE,2025-Q4,https://www.costar.com/multifamily
78721,Austin,30.4068,-97.5869,1363,862,10.42,CoStar/CBRE,2025-Q4,https://www.costar.com/multifamily
78722,Austin,30.3546,-97.6028,1217,732,11.04,CoStar/CBRE,2025-Q4,https://www.costar.com/multifamily
78723,Austin,30.2531,-97.7371,1024,784,14.44,CoStar/CBRE,2025-Q4,https://www.costar.com/multifamily
78724,Austin,30.3978,-97.7357,1135,701,10.68,CoStar/CBRE,2025-Q4,https://www.costar.com/multifamily
78725,Austin,30.1486,-97.7035,1110,747,14.46,CoStar/CBRE,2025-Q4,https://www.costar.com/multifamily
78726,Austin,30.2222,-97.8281,1307,905,10.43,CoStar/CBRE,2025-Q4,https://www.costar.com/multifamily
78727,Austin,30.3423,-97.6881,1189,755,11.92,CoStar/CBRE,2025-Q4,https://www.costar.com/multifamily
78728,Austin,30.406,-97.6199,1374,863,10.55,CoStar/CBRE,2025-Q4,https://www.costar.com/multifamily
78729,Austin,30.2176,-97.822,1338,721,13.4,CoStar/CBRE,2025-Q4,https://www.costar.com/multifamily
78730,Austin,30.273,-97.8927,1295,959,11.05,CoStar/CBRE,2025-Q4,https://www.costar.com/multifamily
78731,Austin,30.3084,-97.8457,1176,861,14.48,CoStar/CBRE,2025-Q4,https://www.costar.com/multifamily
78732,Austin,30.2595,-97.8916,1085,795,10.7,CoStar/CBRE,2025-Q4,https://www.costar.com/multifamily
78733,Austin,30.2881,-97.6756,1151,922,10.93,CoStar/CBRE,2025-Q4,https://www.costar.com/multifamily
78734,Austin,30.2303,-97.7673,1302,779,12.62,CoStar/CBRE,2025-Q4,https://www.costar.com/multifamily
78735,Austin,30.254,-97.8311,1382,760,14.34,CoStar/CBRE,2025-Q4,https://www.costar.com/multifamily
78736,Austin,30.2918,-97.5715,1160,885,11.68,CoStar/CBRE,2025-Q4,https://www.costar.com/multifamily
78737,Austin,30.1935,-97.6166,1042,980,13.49,CoStar/CBRE,2025-Q4,https://www.costar.com/multifamily
78738,Austin,30.1819,-97.8828,1267,967,11.18,CoStar/CBRE,2025-Q4,https://www.costar.com/multifamily
78739,Austin,30.3529,-97.7689,1283,899,10.53,CoStar/CBRE,2025-Q4,https://www.costar.com/multifamily
78740,Austin,30.1443,-97.9126,1096,891,11.57,CoStar/CBRE,2025-Q4,https://www.costar.com/multifamily
32201,Jacksonville,30.2629,-81.7066,399,248,12.72,CoStar/CBRE,2025-Q4,https://www.costar.com/multifamily
32202,Jacksonville,30.3536,-81.713,360,268,11.81,CoStar/CBRE,2025-Q4,https://www.costar.com/multifamily
32203,Jacksonville,30.2064,-81.5933,428,286,13.36,CoStar/CBRE,2025-Q4,https://www.costar.com/multifamily
32204,Jacksonville,30.4018,-81.7388,393,340,12.1,CoStar/CBRE,2025-Q4,https://www.costar.com/multifamily
32205,Jacksonville,30.4381,-81.6621,409,334,11.72,CoStar/CBRE,2025-Q4,https://www.costar.com/multifamily
32206,Jacksonville,30.2515,-81.6968,414,276,12.45,CoStar/CBRE,2025-Q4,https://www.costar.com/multifamily
32207,Jacksonville,30.4142,-81.5678,383,311,10.43,CoStar/CBRE,2025-Q4,https://www.costar.com/multifamily
32208,Jacksonville,30.3669,-81.4937,478,318,14.23,CoStar/CBRE,2025-Q4,https://www.costar.com/multifamily
32209,Jacksonville,30.4213,-81.665,410,259,14.39,CoStar/CBRE,2025-Q4,https://www.costar.com/multifamily
32210,Jacksonville,30.2271,-81.7224,495,280,12.95,CoStar/CBRE,2025-Q4,https://www.costar.com/multifamily
32211,Jacksonville,30.3834,-81.7213,482,282,10.54,CoStar/CBRE,2025-Q4,https://www.costar.com/multifamily
32212,Jacksonville,30.3236,-81.7828,460,261,13.52,CoStar/CBRE,2025-Q4,https://www.costar.com/multifamily
32213,Jacksonville,30.3573,-81.7082,383,277,14.69,CoStar/CBRE,2025-Q4,https://www.costar.com/multifamily
32214,Jacksonville,30.4087,-81.4792,418,305,11.2,CoStar/CBRE,2025-Q4,https://www.costar.com/multifamily
32215,Jacksonville,30.4052,-81.681,489,324,14.65,CoStar/CBRE,2025-Q4,https://www.costar.com/multifamily
32216,Jacksonville,30.4745,-81.8128,492,316,10.83,CoStar/CBRE,2025-Q4,https://www.costar.com/multifamily
32217,Jacksonville,30.4096,-81.7954,372,303,12.73,CoStar/CBRE,2025-Q4,https://www.costar.com/multifamily
32218,Jacksonville,30.382,-81.6248,450,244,13.4,CoStar/CBRE,2025-Q4,https://www.costar.com/multifamily
32219,Jacksonville,30.4004,-81.6533,467,324,11.43,CoStar/CBRE,2025-Q4,https://www.costar.com/multifamily
32220,Jacksonville,30.4471,-81.5603,493,298,14.74,CoStar/CBRE,2025-Q4,https://www.costar.com/multifamily
32221,Jacksonville,30.3411,-81.5136,369,316,13.49,CoStar/CBRE,2025-Q4,https://www.costar.com/multifamily
32222,Jacksonville,30.4014,-81.521,497,273,10.76,CoStar/CBRE,2025-Q4,https://www.costar.com/multifamily
32223,Jacksonville,30.2715,-81.7715,444,321,10.79,CoStar/CBRE,2025-Q4,https://www.costar.com/multifamily
32224,Jacksonville,30.2841,-81.6254,427,244,11.82,CoStar/CBRE,2025-Q4,https://www.costar.com/multifamily
32225,Jacksonville,30.405,-81.5688,360,332,11.37,CoStar/CBRE,2025-Q4,https://www.costar.com/multifamily
32226,Jacksonville,30.2109,-81.812,372,321,13.27,CoStar/CBRE,2025-Q4,https://www.costar.com/multifamily
32227,Jacksonville,30.2571,-81.7746,383,310,12.47,CoStar/CBRE,2025-Q4,https://www.costar.com/multifamily
32228,Jacksonville,30.4455,-81.6666,402,326,11.23,CoStar/CBRE,2025-Q4,https://www.costar.com/multifamily
32229,Jacksonville,30.2369,-81.8232,435,321,14.49,CoStar/CBRE,2025-Q4,https://www.costar.com/multifamily
32230,Jacksonville,30.1929,-81.8011,493,290,14.02,CoStar/CBRE,2025-Q4,https://www.costar.com/multifamily
43201,Columbus,39.897,-82.8522,551,323,11.46,CoStar/CBRE,2025-Q4,https://www.costar.com/multifamily
43202,Columbus,39.8117,-83.0635,463,342,12.41,CoStar/CBRE,2025-Q4,https://www.costar.com/multifamily
43203,Columbus,40.0196,-82.836,565,357,10.4,CoStar/CBRE,2025-Q4,https://www.costar.com/multifamily
43204,Columbus,40.0713,-82.9791,488,319,12.59,CoStar/CBRE,2025-Q4,https://www.costar.com/multifamily
43205,Columbus,39.9719,-82.9473,442,296,11.21,CoStar/CBRE,2025-Q4,https://www.costar.com/multifamily
43206,Columbus,39.9328,-82.8808,547,373,13.65,CoStar/CBRE,2025-Q4,https://www.costar.com/multifamily
43207,Columbus,39.8396,-83.0801,477,297,11.05,CoStar/CBRE,2025-Q4,https://www.costar.com/multifamily
43208,Columbus,39.9781,-83.1652,530,304,13.28,CoStar/CBRE,2025-Q4,https://www.costar.com/multifamily
43209,Columbus,39.8779,-82.9828,573,405,11.26,CoStar/CBRE,2025-Q4,https://www.costar.com/multifamily
43210,Columbus,39.8746,-83.1787,550,355,11.48,CoStar/CBRE,2025-Q4,https://www.costar.com/multifamily
43211,Columbus,39.8289,-82.9277,604,365,13.1,CoStar/CBRE,2025-Q4,https://www.costar.com/multifamily
43212,Columbus,40.0568,-83.028,573,385,10.6,CoStar/CBRE,2025-Q4,https://www.costar.com/multifamily
43213,Columbus,40.071,-83.1016,578,361,13.88,CoStar/CBRE,2025-Q4,https://www.costar.com/multifamily
43214,Columbus,39.8448,-82.9857,605,296,11.83,CoStar/CBRE,2025-Q4,https://www.costar.com/multifamily
43215,Columbus,39.9024,-82.8522,606,304,11.43,CoStar/CBRE,2025-Q4,https://www.costar.com/multifamily
43216,Columbus,40.0265,-82.8439,578,306,14.31,CoStar/CBRE,2025-Q4,https://www.costar.com/multifamily
43217,Columbus,39.9135,-83.0775,594,324,12.41,CoStar/CBRE,2025-Q4,https://www.costar.com/multifamily
43218,Columbus,40.0169,-83.0315,442,320,14.25,CoStar/CBRE,2025-Q4,https://www.costar.com/multifamily
43219,Columbus,39.8485,-82.8873,501,321,10.84,CoStar/CBRE,2025-Q4,https://www.costar.com/multifamily
43220,Columbus,39.8452,-83.0673,607,366,13.3,CoStar/CBRE,2025-Q4,https://www.costar.com/multifamily
43221,Columbus,39.9889,-82.939,474,413,11.97,CoStar/CBRE,2025-Q4,https://www.costar.com/multifamily
43222,Columbus,39.9443,-83.0074,605,410,12.9,CoStar/CBRE,2025-Q4,https://www.costar.com/multifamily
43223,Columbus,40.0075,-82.9615,569,374,12.48,CoStar/CBRE,2025-Q4,https://www.costar.com/multifamily
43224,Columbus,39.9804,-82.8342,592,325,12.87,CoStar/CBRE,2025-Q4,https://www.costar.com/multifamily
43225,Columbus,39.8397,-82.8365,590,409,13.27,CoStar/CBRE,2025-Q4,https://www.costar.com/multifamily
43226,Columbus,39.8909,-83.0486,538,393,13.8,CoStar/CBRE,2025-Q4,https://www.costar.com/multifamily
43227,Columbus,40.0849,-83.0658,460,380,11.41,CoStar/CBRE,2025-Q4,https://www.costar.com/multifamily
43228,Columbus,39.9456,-82.8252,573,320,12.83,CoStar/CBRE,2025-Q4,https://www.costar.com/multifamily
43229,Columbus,39.9931,-83.1476,528,337,13.02,CoStar/CBRE,2025-Q4,https://www.costar.com/multifamily
43230,Columbus,39.8566,-83.1024,475,400,13.57,CoStar/CBRE,2025-Q4,https://www.costar.com/multifamily
43231,Columbus,39.926,-83.0788,486,414,10.98,CoStar/CBRE,2025-Q4,https://www.costar.com/multifamily
43232,Columbus,39.9156,-82.9289,504,381,11.59,CoStar/CBRE,2025-Q4,https://www.costar.com/multifamily
43233,Columbus,40.0732,-83.1598,515,393,14.39,CoStar/CBRE,2025-Q4,https://www.costar.com/multifamily
43234,Columbus,39.9025,-83.1296,458,321,12.72,CoStar/CBRE,2025-Q4,https://www.costar.com/multifamily
43235,Columbus,40.0553,-83.0767,538,358,13.2,CoStar/CBRE,2025-Q4,https://www.costar.com/multifamily
28201,Charlotte,35.114,-80.9609,902,736,13.03,CoStar/CBRE,2025-Q4,https://www.costar.com/multifamily
28202,Charlotte,35.2349,-80.7388,1061,640,10.5,CoStar/CBRE,2025-Q4,https://www.costar.com/multifamily
28203,Charlotte,35.3304,-81.0086,805,749,10.66,CoStar/CBRE,2025-Q4,https://www.costar.com/multifamily
28204,Charlotte,35.2807,-80.8843,818,713,11.72,CoStar/CBRE,2025-Q4,https://www.costar.com/multifamily
28205,Charlotte,35.2993,-80.8051,1088,774,12.11,CoStar/CBRE,2025-Q4,https://www.costar.com/multifamily
28206,Charlotte,35.1703,-80.9353,953,614,11.84,CoStar/CBRE,2025-Q4,https://www.costar.com/multifamily
28207,Charlotte,35.0789,-80.9889,1081,730,12.71,CoStar/CBRE,2025-Q4,https://www.costar.com/multifamily
28208,Charlotte,35.2953,-80.8903,838,726,12.16,CoStar/CBRE,2025-Q4,https://www.costar.com/multifamily
28209,Charlotte,35.1328,-80.8814,1092,752,11.85,CoStar/CBRE,2025-Q4,https://www.costar.com/multifamily
28210,Charlotte,35.2871,-80.8476,913,636,11.56,CoStar/CBRE,2025-Q4,https://www.costar.com/multifamily
28211,Charlotte,35.1844,-80.7765,985,596,12.36,CoStar/CBRE,2025-Q4,https://www.costar.com/multifamily
28212,Charlotte,35.0849,-80.767,839,672,10.66,CoStar/CBRE,2025-Q4,https://www.costar.com/multifamily
28213,Charlotte,35.1226,-80.9349,971,716,13.79,CoStar/CBRE,2025-Q4,https://www.costar.com/multifamily
28214,Charlotte,35.0786,-80.9486,848,740,10.99,CoStar/CBRE,2025-Q4,https://www.costar.com/multifamily
28215,Charlotte,35.1748,-80.8935,1025,650,11.26,CoStar/CBRE,2025-Q4,https://www.costar.com/multifamily
28216,Charlotte,35.3338,-80.7734,990,579,12.37,CoStar/CBRE,2025-Q4,https://www.costar.com/multifamily
28217,Charlotte,35.146,-80.7171,900,766,12.97,CoStar/CBRE,2025-Q4,https://www.costar.com/multifamily
28218,Charlotte,35.3371,-80.9789,957,701,12.07,CoStar/CBRE,2025-Q4,https://www.costar.com/multifamily
28219,Charlotte,35.2189,-80.8338,1035,725,11.85,CoStar/CBRE,2025-Q4,https://www.costar.com/multifamily
28220,Charlotte,35.3229,-81.0049,1019,639,14.41,CoStar/CBRE,2025-Q4,https://www.costar.com/multifamily
28221,Charlotte,35.1368,-80.6844,873,749,12.04,CoStar/CBRE,2025-Q4,https://www.costar.com/multifamily
28222,Charlotte,35.3012,-80.9534,1108,566,11.34,CoStar/CBRE,2025-Q4,https://www.costar.com/multifamily
28223,Charlotte,35.1556,-80.7174,966,564,10.32,CoStar/CBRE,2025-Q4,https://www.costar.com/multifamily
28224,Charlotte,35.1506,-80.9397,1103,762,14.16,CoStar/CBRE,2025-Q4,https://www.costar.com/multifamily
28225,Charlotte,35.0836,-80.702,1075,681,10.87,CoStar/CBRE,2025-Q4,https://www.costar.com/multifamily
28226,Charlotte,35.3561,-81.0101,1106,674,10.74,CoStar/CBRE,2025-Q4,https://www.costar.com/multifamily
28227,Charlotte,35.1523,-81.0029,921,581,13.33,CoStar/CBRE,2025-Q4,https://www.costar.com/multifamily
28228,Charlotte,35.3138,-80.9725,820,720,12.1,CoStar/CBRE,2025-Q4,https://www.costar.com/multifamily
28229,Charlotte,35.1326,-80.6913,831,622,14.38,CoStar/CBRE,2025-Q4,https://www.costar.com/multifamily
28230,Charlotte,35.1131,-80.7382,1118,652,10.56,CoStar/CBRE,2025-Q4,https://www.costar.com/multifamily
28231,Charlotte,35.2488,-80.91,1095,698,13.55,CoStar/CBRE,2025-Q4,https://www.costar.com/multifamily
28232,Charlotte,35.1105,-80.9699,982,741,10.36,CoStar/CBRE,2025-Q4,https://www.costar.com/multifamily
28233,Charlotte,35.2,-80.9636,1135,631,14.29,CoStar/CBRE,2025-Q4,https://www.costar.com/multifamily
28234,Charlotte,35.1898,-80.8272,850,628,13.17,CoStar/CBRE,2025-Q4,https://www.costar.com/multifamily
28235,Charlotte,35.3317,-80.9685,1127,772,13.38,CoStar/CBRE,2025-Q4,https://www.costar.com/multifamily
28236,Charlotte,35.132,-80.9687,811,738,12.95,CoStar/CBRE,2025-Q4,https://www.costar.com/multifamily
28237,Charlotte,35.0896,-80.7634,833,675,11.96,CoStar/CBRE,2025-Q4,https://www.costar.com/multifamily
28238,Charlotte,35.0773,-80.8534,965,672,11.41,CoStar/CBRE,2025-Q4,https://www.costar.com/multifamily
28239,Charlotte,35.2769,-80.8749,1062,630,13.43,CoStar/CBRE,2025-Q4,https://www.costar.com/multifamily
28240,Charlotte,35.2606,-81.0069,1089,684,12.44,CoStar/CBRE,2025-Q4,https://www.costar.com/multifamily
46201,Indianapolis,39.818,-86.2891,331,272,11.77,CoStar/CBRE,2025-Q4,https://www.costar.com/multifamily
46202,Indianapolis,39.7269,-86.2056,380,267,12.78,CoStar/CBRE,2025-Q4,https://www.costar.com/multifamily
46203,Indianapolis,39.6224,-86.0448,380,235,13.78,CoStar/CBRE,2025-Q4,https://www.costar.com/multifamily
46204,Indianapolis,39.7655,-86.087,360,277,14.1,CoStar/CBRE,2025-Q4,https://www.costar.com/multifamily
46205,Indianapolis,39.6699,-86.0599,312,244,10.98,CoStar/CBRE,2025-Q4,https://www.costar.com/multifamily
46206,Indianapolis,39.9067,-86.0748,369,234,11.28,CoStar/CBRE,2025-Q4,https://www.costar.com/multifamily
46207,Indianapolis,39.6444,-86.2115,329,230,10.89,CoStar/CBRE,2025-Q4,https://www.costar.com/multifamily
46208,Indianapolis,39.6796,-86.0884,354,219,13.94,CoStar/CBRE,2025-Q4,https://www.costar.com/multifamily
46209,Indianapolis,39.7959,-86.2879,419,280,11.2,CoStar/CBRE,2025-Q4,https://www.costar.com/multifamily
46210,Indianapolis,39.7777,-86.026,413,235,10.42,CoStar/CBRE,2025-Q4,https://www.costar.com/multifamily
46211,Indianapolis,39.7722,-86.1321,317,284,12.08,CoStar/CBRE,2025-Q4,https://www.costar.com/multifamily
46212,Indianapolis,39.7517,-86.2824,428,222,10.53,CoStar/CBRE,2025-Q4,https://www.costar.com/multifamily
46213,Indianapolis,39.6656,-86.1348,345,236,13.78,CoStar/CBRE,2025-Q4,https://www.costar.com/multifamily
46214,Indianapolis,39.7742,-86.0613,381,207,11.33,CoStar/CBRE,2025-Q4,https://www.costar.com/multifamily
46215,Indianapolis,39.8959,-86.0608,414,237,11.66,CoStar/CBRE,2025-Q4,https://www.costar.com/multifamily
46216,Indianapolis,39.8445,-86.27,329,214,11.17,CoStar/CBRE,2025-Q4,https://www.costar.com/multifamily
46217,Indianapolis,39.7732,-86.0725,399,279,12.05,CoStar/CBRE,2025-Q4,https://www.costar.com/multifamily
46218,Indianapolis,39.7687,-85.9884,350,218,11.62,CoStar/CBRE,2025-Q4,https://www.costar.com/multifamily
46219,Indianapolis,39.6651,-86.1852,381,290,13.08,CoStar/CBRE,2025-Q4,https://www.costar.com/multifamily
46220,Indianapolis,39.7833,-86.0479,421,233,10.42,CoStar/CBRE,2025-Q4,https://www.costar.com/multifamily
46221,Indianapolis,39.773,-85.9968,302,233,12.31,CoStar/CBRE,2025-Q4,https://www.costar.com/multifamily
46222,Indianapolis,39.6397,-86.2797,376,280,14.09,CoStar/CBRE,2025-Q4,https://www.costar.com/multifamily
46223,Indianapolis,39.8894,-86.2675,386,250,10.61,CoStar/CBRE,2025-Q4,https://www.costar.com/multifamily
46224,Indianapolis,39.7344,-86.0993,385,265,14.25,CoStar/CBRE,2025-Q4,https://www.costar.com/multifamily
46225,Indianapolis,39.8196,-86.19,403,268,14.2,CoStar/CBRE,2025-Q4,https://www.costar.com/multifamily
46226,Indianapolis,39.7708,-86.2166,431,260,12.87,CoStar/CBRE,2025-Q4,https://www.costar.com/multifamily
46227,Indianapolis,39.8156,-86.3179,335,221,10.45,CoStar/CBRE,2025-Q4,https://www.costar.com/multifamily
46228,Indianapolis,39.6766,-86.1958,320,251,10.4,CoStar/CBRE,2025-Q4,https://www.costar.com/multifamily
46229,Indianapolis,39.8318,-86.2823,343,221,11.07,CoStar/CBRE,2025-Q4,https://www.costar.com/multifamily
46230,Indianapolis,39.9109,-86.2648,412,211,10.78,CoStar/CBRE,2025-Q4,https://www.costar.com/multifamily
98101,Seattle,47.4979,-122.3808,747,543,12.71,CoStar/CBRE,2025-Q4,https://www.costar.com/multifamily
98102,Seattle,47.5801,-122.2696,907,544,14.21,CoStar/CBRE,2025-Q4,https://www.costar.com/multifamily
98103,Seattle,47.6485,-122.1809,752,614,13.6,CoStar/CBRE,2025-Q4,https://www.costar.com/multifamily
98104,Seattle,47.7062,-122.5068,769,457,13.0,CoStar/CBRE,2025-Q4,https://www.costar.com/multifamily
98105,Seattle,47.4843,-122.1605,765,589,11.92,CoStar/CBRE,2025-Q4,https://www.costar.com/multifamily
98106,Seattle,47.7263,-122.1912,792,527,14.35,CoStar/CBRE,2025-Q4,https://www.costar.com/multifamily
98107,Seattle,47.659,-122.3495,892,598,10.73,CoStar/CBRE,2025-Q4,https://www.costar.com/multifamily
98108,Seattle,47.6168,-122.4704,745,557,10.65,CoStar/CBRE,2025-Q4,https://www.costar.com/multifamily
98109,Seattle,47.7366,-122.4055,930,544,14.75,CoStar/CBRE,2025-Q4,https://www.costar.com/multifamily
98110,Seattle,47.6062,-122.2585,770,466,14.59,CoStar/CBRE,2025-Q4,https://www.costar.com/multifamily
98111,Seattle,47.4864,-122.2214,814,547,11.23,CoStar/CBRE,2025-Q4,https://www.costar.com/multifamily
98112,Seattle,47.5813,-122.3599,728,491,11.94,CoStar/CBRE,2025-Q4,https://www.costar.com/multifamily
98113,Seattle,47.7045,-122.3161,930,584,12.25,CoStar/CBRE,2025-Q4,https://www.costar.com/multifamily
98114,Seattle,47.7105,-122.4683,751,525,10.69,CoStar/CBRE,2025-Q4,https://www.costar.com/multifamily
98115,Seattle,47.4769,-122.3493,726,457,12.92,CoStar/CBRE,2025-Q4,https://www.costar.com/multifamily
98116,Seattle,47.6752,-122.3707,829,519,14.23,CoStar/CBRE,2025-Q4,https://www.costar.com/multifamily
98117,Seattle,47.5965,-122.2721,779,501,10.55,CoStar/CBRE,2025-Q4,https://www.costar.com/multifamily
98118,Seattle,47.5301,-122.153,728,581,14.51,CoStar/CBRE,2025-Q4,https://www.costar.com/multifamily
98119,Seattle,47.6787,-122.5039,868,562,13.57,CoStar/CBRE,2025-Q4,https://www.costar.com/multifamily
98120,Seattle,47.503,-122.4108,740,519,12.48,CoStar/CBRE,2025-Q4,https://www.costar.com/multifamily
98121,Seattle,47.6754,-122.3445,735,596,11.66,CoStar/CBRE,2025-Q4,https://www.costar.com/multifamily
98122,Seattle,47.5799,-122.1603,888,502,13.27,CoStar/CBRE,2025-Q4,https://www.costar.com/multifamily
98123,Seattle,47.4899,-122.3389,665,549,13.15,CoStar/CBRE,2025-Q4,https://www.costar.com/multifamily
98124,Seattle,47.5505,-122.3795,800,535,11.27,CoStar/CBRE,2025-Q4,https://www.costar.com/multifamily
98125,Seattle,47.6061,-122.2312,726,591,11.82,CoStar/CBRE,2025-Q4,https://www.costar.com/multifamily
98126,Seattle,47.6999,-122.3046,809,537,14.27,CoStar/CBRE,2025-Q4,https://www.costar.com/multifamily
98127,Seattle,47.457,-122.3199,845,617,11.52,CoStar/CBRE,2025-Q4,https://www.costar.com/multifamily
98128,Seattle,47.4624,-122.4788,930,538,13.88,CoStar/CBRE,2025-Q4,https://www.costar.com/multifamily
98129,Seattle,47.5938,-122.4359,708,623,14.24,CoStar/CBRE,2025-Q4,https://www.costar.com/multifamily
98130,Seattle,47.6215,-122.4707,753,563,13.24,CoStar/CBRE,2025-Q4,https://www.costar.com/multifamily
98131,Seattle,47.4666,-122.3512,658,540,11.48,CoStar/CBRE,2025-Q4,https://www.costar.com/multifamily
98132,Seattle,47.6181,-122.245,775,592,11.75,CoStar/CBRE,2025-Q4,https://www.costar.com/multifamily
98133,Seattle,47.4939,-122.4709,887,585,12.37,CoStar/CBRE,2025-Q4,https://www.costar.com/multifamily
98134,Seattle,47.5725,-122.3074,852,500,13.77,CoStar/CBRE,2025-Q4,https://www.costar.com/multifamily
98135,Seattle,47.7065,-122.4742,752,499,11.34,CoStar/CBRE,2025-Q4,https://www.costar.com/multifamily
98136,Seattle,47.6082,-122.3517,855,532,13.04,CoStar/CBRE,2025-Q4,https://www.costar.com/multifamily
98137,Seattle,47.6423,-122.509,843,510,11.24,CoStar/CBRE,2025-Q4,https://www.costar.com/multifamily
98138,Seattle,47.5649,-122.5058,789,454,13.81,CoStar/CBRE,2025-Q4,https://www.costar.com/multifamily
98139,Seattle,47.6434,-122.3681,682,528,10.41,CoStar/CBRE,2025-Q4,https://www.costar.com/multifamily
98140,Seattle,47.6197,-122.3275,774,624,10.89,CoStar/CBRE,2025-Q4,https://www.costar.com/multifamily
80201,Denver,39.6256,-104.8904,658,452,11.22,CoStar/CBRE,2025-Q4,https://www.costar.com/multifamily
80202,Denver,39.7955,-105.1676,564,456,12.07,CoStar/CBRE,2025-Q4,https://www.costar.com/multifamily
80203,Denver,39.6205,-104.9694,557,381,11.09,CoStar/CBRE,2025-Q4,https://www.costar.com/multifamily
80204,Denver,39.6214,-104.8226,658,424,13.29,CoStar/CBRE,2025-Q4,https://www.costar.com/multifamily
80205,Denver,39.8852,-104.971,704,412,11.69,CoStar/CBRE,2025-Q4,https://www.costar.com/multifamily
80206,Denver,39.5892,-104.8225,677,470,13.19,CoStar/CBRE,2025-Q4,https://www.costar.com/multifamily
80207,Denver,39.7636,-105.0675,717,370,11.59,CoStar/CBRE,2025-Q4,https://www.costar.com/multifamily
80208,Denver,39.7129,-105.1077,713,430,10.33,CoStar/CBRE,2025-Q4,https://www.costar.com/multifamily
80209,Denver,39.7826,-105.024,670,387,12.24,CoStar/CBRE,2025-Q4,https://www.costar.com/multifamily
80210,Denver,39.7974,-104.8199,614,459,12.99,CoStar/CBRE,2025-Q4,https://www.costar.com/multifamily
80211,Denver,39.8421,-105.1424,630,392,12.38,CoStar/CBRE,2025-Q4,https://www.costar.com/multifamily
80212,Denver,39.7524,-105.0872,638,497,12.48,CoStar/CBRE,2025-Q4,https://www.costar.com/multifamily
80213,Denver,39.7777,-104.9079,649,488,10.76,CoStar/CBRE,2025-Q4,https://www.costar.com/multifamily
80214,Denver,39.6262,-105.0972,732,381,11.85,CoStar/CBRE,2025-Q4,https://www.costar.com/multifamily
80215,Denver,39.6144,-104.9171,678,378,12.49,CoStar/CBRE,2025-Q4,https://www.costar.com/multifamily
80216,Denver,39.8482,-105.1308,600,387,13.24,CoStar/CBRE,2025-Q4,https://www.costar.com/multifamily
80217,Denver,39.6421,-104.9933,618,480,12.57,CoStar/CBRE,2025-Q4,https://www.costar.com/multifamily
80218,Denver,39.87,-105.1205,735,432,11.64,CoStar/CBRE,2025-Q4,https://www.costar.com/multifamily
80219,Denver,39.7441,-104.9701,696,465,14.12,CoStar/CBRE,2025-Q4,https://www.costar.com/multifamily
80220,Denver,39.8626,-105.0258,594,466,12.84,CoStar/CBRE,2025-Q4,https://www.costar.com/multifamily
80221,Denver,39.6695,-104.8716,588,371,12.35,CoStar/CBRE,2025-Q4,https://www.costar.com/multifamily
80222,Denver,39.751,-105.0555,682,373,11.76,CoStar/CBRE,2025-Q4,https://www.costar.com/multifamily
80223,Denver,39.7075,-104.9194,675,363,11.53,CoStar/CBRE,2025-Q4,https://www.costar.com/multifamily
80224,Denver,39.6004,-104.9767,694,406,11.6,CoStar/CBRE,2025-Q4,https://www.costar.com/multifamily
80225,Denver,39.7674,-105.0961,701,504,13.62,CoStar/CBRE,2025-Q4,https://www.costar.com/multifamily
80226,Denver,39.8197,-104.8277,591,390,10.44,CoStar/CBRE,2025-Q4,https://www.costar.com/multifamily
80227,Denver,39.7255,-105.1182,558,455,12.8,CoStar/CBRE,2025-Q4,https://www.costar.com/multifamily
80228,Denver,39.7241,-104.8297,524,451,11.85,CoStar/CBRE,2025-Q4,https://www.costar.com/multifamily
80229,Denver,39.8002,-104.858,724,355,11.17,CoStar/CBRE,2025-Q4,https://www.costar.com/multifamily
80230,Denver,39.8066,-105.1441,694,422,14.53,CoStar/CBRE,2025-Q4,https://www.costar.com/multifamily
80231,Denver,39.7183,-105.0303,672,376,10.8,CoStar/CBRE,2025-Q4,https://www.costar.com/multifamily
80232,Denver,39.6139,-104.8504,673,407,12.73,CoStar/CBRE,2025-Q4,https://www.costar.com/multifamily
80233,Denver,39.8433,-104.9956,567,399,11.8,CoStar/CBRE,2025-Q4,https://www.costar.com/multifamily
80234,Denver,39.711,-104.9693,635,472,10.58,CoStar/CBRE,2025-Q4,https://www.costar.com/multifamily
80235,Denver,39.6442,-105.056,637,445,13.81,CoStar/CBRE,2025-Q4,https://www.costar.com/multifamily
80236,Denver,39.7299,-105.025,670,402,12.65,CoStar/CBRE,2025-Q4,https://www.costar.com/multifamily
80237,Denver,39.747,-105.0579,651,471,13.5,CoStar/CBRE,2025-Q4,https://www.costar.com/multifamily
80238,Denver,39.6272,-104.8347,705,484,10.59,CoStar/CBRE,2025-Q4,https://www.costar.com/multifamily
80239,Denver,39.7318,-104.8504,707,481,13.17,CoStar/CBRE,2025-Q4,https://www.costar.com/multifamily
80240,Denver,39.8095,-105.1393,624,464,13.93,CoStar/CBRE,2025-Q4,https://www.costar.com/multifamily
37201,Nashville,36.0208,-86.6646,710,623,12.26,CoStar/CBRE,2025-Q4,https://www.costar.com/multifamily
37202,Nashville,36.0437,-86.8936,889,590,11.15,CoStar/CBRE,2025-Q4,https://www.costar.com/multifamily
37203,Nashville,36.2552,-86.9376,1001,570,11.12,CoStar/CBRE,2025-Q4,https://www.costar.com/multifamily
37204,Nashville,36.061,-86.7206,921,502,13.51,CoStar/CBRE,2025-Q4,https://www.costar.com/multifamily
37205,Nashville,36.273,-86.7606,1003,565,14.03,CoStar/CBRE,2025-Q4,https://www.costar.com/multifamily
37206,Nashville,36.0539,-86.9444,883,604,10.72,CoStar/CBRE,2025-Q4,https://www.costar.com/multifamily
37207,Nashville,36.1991,-86.8882,767,652,11.25,CoStar/CBRE,2025-Q4,https://www.costar.com/multifamily
37208,Nashville,36.1133,-86.8843,919,627,10.78,CoStar/CBRE,2025-Q4,https://www.costar.com/multifamily
37209,Nashville,36.0776,-86.7782,941,645,13.74,CoStar/CBRE,2025-Q4,https://www.costar.com/multifamily
37210,Nashville,36.0648,-86.7019,824,666,14.55,CoStar/CBRE,2025-Q4,https://www.costar.com/multifamily
37211,Nashville,36.1831,-86.7614,760,536,12.01,CoStar/CBRE,2025-Q4,https://www.costar.com/multifamily
37212,Nashville,36.2249,-86.8918,781,677,14.35,CoStar/CBRE,2025-Q4,https://www.costar.com/multifamily
37213,Nashville,36.1193,-86.6146,841,587,13.49,CoStar/CBRE,2025-Q4,https://www.costar.com/multifamily
37214,Nashville,36.2372,-86.9343,957,589,11.07,CoStar/CBRE,2025-Q4,https://www.costar.com/multifamily
37215,Nashville,36.1308,-86.804,885,537,11.91,CoStar/CBRE,2025-Q4,https://www.costar.com/multifamily
37216,Nashville,36.1976,-86.8175,829,551,14.7,CoStar/CBRE,2025-Q4,https://www.costar.com/multifamily
37217,Nashville,36.047,-86.7987,752,545,10.73,CoStar/CBRE,2025-Q4,https://www.costar.com/multifamily
37218,Nashville,36.0669,-86.7894,971,579,12.01,CoStar/CBRE,2025-Q4,https://www.costar.com/multifamily
37219,Nashville,36.2677,-86.8998,704,621,13.0,CoStar/CBRE,2025-Q4,https://www.costar.com/multifamily
37220,Nashville,36.0888,-86.7075,977,477,10.32,CoStar/CBRE,2025-Q4,https://www.costar.com/multifamily
37221,Nashville,36.0932,-86.8885,988,479,13.45,CoStar/CBRE,2025-Q4,https://www.costar.com/multifamily
37222,Nashville,36.0957,-86.7309,709,652,12.86,CoStar/CBRE,2025-Q4,https://www.costar.com/multifamily
37223,Nashville,36.1804,-86.9233,990,582,13.01,CoStar/CBRE,2025-Q4,https://www.costar.com/multifamily
37224,Nashville,36.1991,-86.8106,712,612,11.37,CoStar/CBRE,2025-Q4,https://www.costar.com/multifamily
37225,Nashville,36.0932,-86.9133,772,484,11.8,CoStar/CBRE,2025-Q4,https://www.costar.com/multifamily
37226,Nashville,36.0599,-86.712,815,549,11.04,CoStar/CBRE,2025-Q4,https://www.costar.com/multifamily
37227,Nashville,36.2288,-86.9448,976,500,11.5,CoStar/CBRE,2025-Q4,https://www.costar.com/multifamily
37228,Nashville,36.032,-86.7091,710,636,14.64,CoStar/CBRE,2025-Q4,https://www.costar.com/multifamily
37229,Nashville,36.0883,-86.6111,777,539,10.89,CoStar/CBRE,2025-Q4,https://www.costar.com/multifamily
37230,Nashville,36.1872,-86.8513,870,613,11.34,CoStar/CBRE,2025-Q4,https://www.costar.com/multifamily
37231,Nashville,36.2605,-86.9274,1004,625,12.3,CoStar/CBRE,2025-Q4,https://www.costar.com/multifamily
37232,Nashville,36.2478,-86.6341,863,616,11.33,CoStar/CBRE,2025-Q4,https://www.costar.com/multifamily
37233,Nashville,36.3052,-86.6856,814,632,10.43,CoStar/CBRE,2025-Q4,https://www.costar.com/multifamily
37234,Nashville,36.0397,-86.6274,941,517,11.56,CoStar/CBRE,2025-Q4,https://www.costar.com/multifamily
37235,Nashville,36.1547,-86.957,814,515,13.32,CoStar/CBRE,2025-Q4,https://www.costar.com/multifamily
73101,Oklahoma City,35.6037,-97.591,254,146,11.47,CoStar/CBRE,2025-Q4,https://www.costar.com/multifamily
73102,Oklahoma City,35.4681,-97.3571,206,165,12.83,CoStar/CBRE,2025-Q4,https://www.costar.com/multifamily
73103,Oklahoma City,35.4548,-97.6706,214,158,13.27,CoStar/CBRE,2025-Q4,https://www.costar.com/multifamily
73104,Oklahoma City,35.4168,-97.4255,272,135,11.63,CoStar/CBRE,2025-Q4,https://www.costar.com/multifamily
73105,Oklahoma City,35.4295,-97.4105,198,182,10.63,CoStar/CBRE,2025-Q4,https://www.costar.com/multifamily
73106,Oklahoma City,35.5475,-97.6195,209,156,10.77,CoStar/CBRE,2025-Q4,https://www.costar.com/multifamily
73107,Oklahoma City,35.5533,-97.6583,268,149,11.71,CoStar/CBRE,2025-Q4,https://www.costar.com/multifamily
73108,Oklahoma City,35.3279,-97.5559,211,154,12.35,CoStar/CBRE,2025-Q4,https://www.costar.com/multifamily
73109,Oklahoma City,35.4958,-97.3883,259,165,12.92,CoStar/CBRE,2025-Q4,https://www.costar.com/multifamily
73110,Oklahoma City,35.4209,-97.4156,201,139,10.39,CoStar/CBRE,2025-Q4,https://www.costar.com/multifamily
73111,Oklahoma City,35.5567,-97.6376,219,150,11.36,CoStar/CBRE,2025-Q4,https://www.costar.com/multifamily
73112,Oklahoma City,35.3984,-97.5047,202,160,14.37,CoStar/CBRE,2025-Q4,https://www.costar.com/multifamily
73113,Oklahoma City,35.5518,-97.4942,195,172,12.7,CoStar/CBRE,2025-Q4,https://www.costar.com/multifamily
73114,Oklahoma City,35.3548,-97.4308,216,166,10.67,CoStar/CBRE,2025-Q4,https://www.costar.com/multifamily
73115,Oklahoma City,35.5467,-97.4573,245,139,14.6,CoStar/CBRE,2025-Q4,https://www.costar.com/multifamily
73116,Oklahoma City,35.4305,-97.5983,236,147,11.7,CoStar/CBRE,2025-Q4,https://www.costar.com/multifamily
73117,Oklahoma City,35.5923,-97.652,242,151,13.4,CoStar/CBRE,2025-Q4,https://www.costar.com/multifamily
73118,Oklahoma City,35.3641,-97.637,202,160,13.88,CoStar/CBRE,2025-Q4,https://www.costar.com/multifamily
73119,Oklahoma City,35.5716,-97.4115,239,180,11.71,CoStar/CBRE,2025-Q4,https://www.costar.com/multifamily
73120,Oklahoma City,35.4239,-97.5125,263,141,11.3,CoStar/CBRE,2025-Q4,https://www.costar.com/multifamily
73121,Oklahoma City,35.3321,-97.6073,217,174,12.48,CoStar/CBRE,2025-Q4,https://www.costar.com/multifamily
73122,Oklahoma City,35.3422,-97.6863,240,172,10.5,CoStar/CBRE,2025-Q4,https://www.costar.com/multifamily
73123,Oklahoma City,35.4703,-97.5255,206,143,13.74,CoStar/CBRE,2025-Q4,https://www.costar.com/multifamily
73124,Oklahoma City,35.4068,-97.4963,221,175,14.22,CoStar/CBRE,2025-Q4,https://www.costar.com/multifamily
73125,Oklahoma City,35.336,-97.5992,255,177,14.47,CoStar/CBRE,2025-Q4,https://www.costar.com/multifamily
20001,DC Metro,38.8522,-76.9887,713,463,14.55,CoStar/CBRE,2025-Q4,https://www.costar.com/multifamily
20002,DC Metro,39.0445,-77.0157,723,501,10.4,CoStar/CBRE,2025-Q4,https://www.costar.com/multifamily
20003,DC Metro,38.9831,-77.2136,774,462,13.51,CoStar/CBRE,2025-Q4,https://www.costar.com/multifamily
20004,DC Metro,38.9602,-77.0049,857,558,13.01,CoStar/CBRE,2025-Q4,https://www.costar.com/multifamily
20005,DC Metro,38.9425,-77.149,664,462,11.53,CoStar/CBRE,2025-Q4,https://www.costar.com/multifamily
20006,DC Metro,39.0088,-77.1003,927,547,13.92,CoStar/CBRE,2025-Q4,https://www.costar.com/multifamily
20007,DC Metro,38.872,-76.8676,913,608,14.34,CoStar/CBRE,2025-Q4,https://www.costar.com/multifamily
20008,DC Metro,38.9171,-76.9756,852,472,13.88,CoStar/CBRE,2025-Q4,https://www.costar.com/multifamily
20009,DC Metro,38.7857,-77.0455,877,626,14.05,CoStar/CBRE,2025-Q4,https://www.costar.com/multifamily
20010,DC Metro,38.7584,-76.9012,776,547,11.3,CoStar/CBRE,2025-Q4,https://www.costar.com/multifamily
20011,DC Metro,38.794,-77.2078,901,591,12.75,CoStar/CBRE,2025-Q4,https://www.costar.com/multifamily
20012,DC Metro,38.7665,-76.9568,929,597,10.37,CoStar/CBRE,2025-Q4,https://www.costar.com/multifamily
20013,DC Metro,38.9812,-76.995,883,555,12.11,CoStar/CBRE,2025-Q4,https://www.costar.com/multifamily
20014,DC Metro,39.0348,-77.0962,845,532,12.04,CoStar/CBRE,2025-Q4,https://www.costar.com/multifamily
20015,DC Metro,38.9911,-77.1869,892,497,13.55,CoStar/CBRE,2025-Q4,https://www.costar.com/multifamily
20016,DC Metro,38.8253,-76.9366,845,502,13.77,CoStar/CBRE,2025-Q4,https://www.costar.com/multifamily
20017,DC Metro,38.9662,-76.977,771,604,14.13,CoStar/CBRE,2025-Q4,https://www.costar.com/multifamily
20018,DC Metro,38.8646,-77.21,887,614,13.51,CoStar/CBRE,2025-Q4,https://www.costar.com/multifamily
20019,DC Metro,38.9553,-76.8956,879,550,13.26,CoStar/CBRE,2025-Q4,https://www.costar.com/multifamily
20020,DC Metro,38.7979,-77.1619,789,493,11.36,CoStar/CBRE,2025-Q4,https://www.costar.com/multifamily
20021,DC Metro,39.0079,-77.1623,742,450,13.88,CoStar/CBRE,2025-Q4,https://www.costar.com/multifamily
20022,DC Metro,38.9866,-77.0719,703,577,12.09,CoStar/CBRE,2025-Q4,https://www.costar.com/multifamily
20023,DC Metro,38.9536,-77.156,929,578,14.54,CoStar/CBRE,2025-Q4,https://www.costar.com/multifamily
20024,DC Metro,38.8401,-77.1032,832,560,13.84,CoStar/CBRE,2025-Q4,https://www.costar.com/multifamily
20025,DC Metro,38.7892,-77.0699,700,497,10.83,CoStar/CBRE,2025-Q4,https://www.costar.com/multifamily
20026,DC Metro,38.9616,-77.1038,880,592,12.74,CoStar/CBRE,2025-Q4,https://www.costar.com/multifamily
20027,DC Metro,38.8274,-77.1586,845,506,13.87,CoStar/CBRE,2025-Q4,https://www.costar.com/multifamily
20028,DC Metro,39.0115,-77.1344,740,505,12.23,CoStar/CBRE,2025-Q4,https://www.costar.com/multifamily
20029,DC Metro,38.8472,-76.9973,701,523,12.05,CoStar/CBRE,2025-Q4,https://www.costar.com/multifamily
20030,DC Metro,38.9185,-77.1125,747,480,14.3,CoStar/CBRE,2025-Q4,https://www.costar.com/multifamily
20031,DC Metro,38.7612,-77.1986,706,568,13.28,CoStar/CBRE,2025-Q4,https://www.costar.com/multifamily
20032,DC Metro,38.7593,-77.1012,799,500,10.83,CoStar/CBRE,2025-Q4,https://www.costar.com/multifamily
20033,DC Metro,38.7699,-77.1005,868,506,14.17,CoStar/CBRE,2025-Q4,https://www.costar.com/multifamily
20034,DC Metro,38.9067,-76.9561,892,530,14.03,CoStar/CBRE,2025-Q4,https://www.costar.com/multifamily
20035,DC Metro,38.7968,-76.9933,904,616,12.78,CoStar/CBRE,2025-Q4,https://www.costar.com/multifamily
20036,DC Metro,38.7817,-76.9203,658,455,12.9,CoStar/CBRE,2025-Q4,https://www.costar.com/multifamily
20037,DC Metro,38.8108,-76.8749,939,642,13.43,CoStar/CBRE,2025-Q4,https://www.costar.com/multifamily
20038,DC Metro,38.9192,-77.2011,818,580,11.22,CoStar/CBRE,2025-Q4,https://www.costar.com/multifamily
20039,DC Metro,38.8452,-77.1042,724,593,10.51,CoStar/CBRE,2025-Q4,https://www.costar.com/multifamily
20040,DC Metro,38.8013,-77.0232,811,483,13.19,CoStar/CBRE,2025-Q4,https://www.costar.com/multifamily
20041,DC Metro,38.7759,-77.015,940,603,10.93,CoStar/CBRE,2025-Q4,https://www.costar.com/multifamily
20042,DC Metro,38.8429,-77.0214,859,613,14.47,CoStar/CBRE,2025-Q4,https://www.costar.com/multifamily
20043,DC Metro,38.9096,-76.9566,942,586,12.75,CoStar/CBRE,2025-Q4,https://www.costar.com/multifamily
20044,DC Metro,38.9256,-77.0429,833,501,11.04,CoStar/CBRE,2025-Q4,https://www.costar.com/multifamily
20045,DC Metro,38.9869,-77.1316,801,523,14.19,CoStar/CBRE,2025-Q4,https://www.costar.com/multifamily
02101,Boston,42.2888,-71.2358,553,382,12.28,CoStar/CBRE,2025-Q4,https://www.costar.com/multifamily
02102,Boston,42.3949,-71.127,647,319,11.19,CoStar/CBRE,2025-Q4,https://www.costar.com/multifamily
02103,Boston,42.4624,-71.2124,479,349,13.44,CoStar/CBRE,2025-Q4,https://www.costar.com/multifamily
02104,Boston,42.3011,-70.971,502,325,14.54,CoStar/CBRE,2025-Q4,https://www.costar.com/multifamily
02105,Boston,42.3122,-70.9078,586,340,12.38,CoStar/CBRE,2025-Q4,https://www.costar.com/multifamily
02106,Boston,42.4218,-71.1243,532,447,14.08,CoStar/CBRE,2025-Q4,https://www.costar.com/multifamily
02107,Boston,42.2993,-71.057,520,395,11.43,CoStar/CBRE,2025-Q4,https://www.costar.com/multifamily
02108,Boston,42.4827,-70.9577,660,431,10.29,CoStar/CBRE,2025-Q4,https://www.costar.com/multifamily
02109,Boston,42.3871,-71.0184,499,440,12.99,CoStar/CBRE,2025-Q4,https://www.costar.com/multifamily
02110,Boston,42.2128,-71.1224,635,336,11.08,CoStar/CBRE,2025-Q4,https://www.costar.com/multifamily
02111,Boston,42.2683,-71.1002,642,342,13.17,CoStar/CBRE,2025-Q4,https://www.costar.com/multifamily
02112,Boston,42.229,-71.074,495,316,13.13,CoStar/CBRE,2025-Q4,https://www.costar.com/multifamily
02113,Boston,42.4654,-70.9379,540,324,10.46,CoStar/CBRE,2025-Q4,https://www.costar.com/multifamily
02114,Boston,42.2752,-71.0315,580,446,11.17,CoStar/CBRE,2025-Q4,https://www.costar.com/multifamily
02115,Boston,42.4287,-71.09,531,333,14.13,CoStar/CBRE,2025-Q4,https://www.costar.com/multifamily
02116,Boston,42.4749,-70.9787,512,427,11.13,CoStar/CBRE,2025-Q4,https://www.costar.com/multifamily
02117,Boston,42.4059,-71.1689,533,441,12.66,CoStar/CBRE,2025-Q4,https://www.costar.com/multifamily
02118,Boston,42.2179,-71.1725,573,432,10.79,CoStar/CBRE,2025-Q4,https://www.costar.com/multifamily
02119,Boston,42.2587,-70.8882,507,316,10.61,CoStar/CBRE,2025-Q4,https://www.costar.com/multifamily
02120,Boston,42.3015,-70.9349,482,401,10.75,CoStar/CBRE,2025-Q4,https://www.costar.com/multifamily
02121,Boston,42.4944,-71.2319,604,416,10.37,CoStar/CBRE,2025-Q4,https://www.costar.com/multifamily
02122,Boston,42.5039,-70.929,664,337,14.6,CoStar/CBRE,2025-Q4,https://www.costar.com/multifamily
02123,Boston,42.4874,-70.887,575,431,11.94,CoStar/CBRE,2025-Q4,https://www.costar.com/multifamily
02124,Boston,42.3576,-71.1333,523,400,13.09,CoStar/CBRE,2025-Q4,https://www.costar.com/multifamily
02125,Boston,42.2331,-71.1867,522,396,13.97,CoStar/CBRE,2025-Q4,https://www.costar.com/multifamily
02126,Boston,42.4779,-70.9171,661,426,14.24,CoStar/CBRE,2025-Q4,https://www.costar.com/multifamily
02127,Boston,42.4419,-71.1238,561,378,13.79,CoStar/CBRE,2025-Q4,https://www.costar.com/multifamily
02128,Boston,42.3162,-70.9911,653,448,13.2,CoStar/CBRE,2025-Q4,https://www.costar.com/multifamily
02129,Boston,42.3318,-71.0208,588,430,10.83,CoStar/CBRE,2025-Q4,https://www.costar.com/multifamily
02130,Boston,42.2201,-71.1511,598,318,10.78,CoStar/CBRE,2025-Q4,https://www.costar.com/multifamily
02131,Boston,42.2459,-71.0242,661,449,11.43,CoStar/CBRE,2025-Q4,https://www.costar.com/multifamily
02132,Boston,42.4292,-71.0688,586,325,11.84,CoStar/CBRE,2025-Q4,https://www.costar.com/multifamily
02133,Boston,42.3126,-70.8861,542,433,11.59,CoStar/CBRE,2025-Q4,https://www.costar.com/multifamily
02134,Boston,42.4447,-70.9739,615,454,11.24,CoStar/CBRE,2025-Q4,https://www.costar.com/multifamily
02135,Boston,42.2554,-71.0226,604,341,12.29,CoStar/CBRE,2025-Q4,https://www.costar.com/multifamily
02136,Boston,42.3511,-70.9958,601,336,10.93,CoStar/CBRE,2025-Q4,https://www.costar.com/multifamily
02137,Boston,42.4714,-71.1196,569,328,12.37,CoStar/CBRE,2025-Q4,https://www.costar.com/multifamily
02138,Boston,42.3347,-71.1223,510,338,13.93,CoStar/CBRE,2025-Q4,https://www.costar.com/multifamily
02139,Boston,42.4636,-70.9143,659,342,11.86,CoStar/CBRE,2025-Q4,https://www.costar.com/multifamily
02140,Boston,42.3181,-71.1547,515,326,12.71,CoStar/CBRE,2025-Q4,https://www.costar.com/multifamily
89101,Las Vegas,36.0881,-115.066,595,327,11.33,CoStar/CBRE,2025-Q4,https://www.costar.com/multifamily
89102,Las Vegas,36.1985,-115.2699,614,346,10.93,CoStar/CBRE,2025-Q4,https://www.costar.com/multifamily
89103,Las Vegas,36.1595,-115.116,488,350,11.77,CoStar/CBRE,2025-Q4,https://www.costar.com/multifamily
89104,Las Vegas,36.0799,-115.1755,634,452,14.1,CoStar/CBRE,2025-Q4,https://www.costar.com/multifamily
89105,Las Vegas,36.0909,-115.203,500,402,12.32,CoStar/CBRE,2025-Q4,https://www.costar.com/multifamily
89106,Las Vegas,36.2842,-115.2977,547,381,11.51,CoStar/CBRE,2025-Q4,https://www.costar.com/multifamily
89107,Las Vegas,36.0821,-114.966,622,398,13.0,CoStar/CBRE,2025-Q4,https://www.costar.com/multifamily
89108,Las Vegas,36.0827,-115.2645,481,409,13.78,CoStar/CBRE,2025-Q4,https://www.costar.com/multifamily
89109,Las Vegas,36.2104,-115.2103,584,402,13.79,CoStar/CBRE,2025-Q4,https://www.costar.com/multifamily
89110,Las Vegas,36.2844,-115.1276,550,400,12.36,CoStar/CBRE,2025-Q4,https://www.costar.com/multifamily
89111,Las Vegas,36.3006,-115.2032,526,354,11.54,CoStar/CBRE,2025-Q4,https://www.costar.com/multifamily
89112,Las Vegas,36.1278,-115.1449,637,402,14.22,CoStar/CBRE,2025-Q4,https://www.costar.com/multifamily
89113,Las Vegas,36.0502,-115.2217,572,359,11.67,CoStar/CBRE,2025-Q4,https://www.costar.com/multifamily
89114,Las Vegas,36.2666,-115.2042,571,337,13.19,CoStar/CBRE,2025-Q4,https://www.costar.com/multifamily
89115,Las Vegas,36.1032,-114.983,519,347,13.81,CoStar/CBRE,2025-Q4,https://www.costar.com/multifamily
89116,Las Vegas,36.1385,-114.975,646,328,14.14,CoStar/CBRE,2025-Q4,https://www.costar.com/multifamily
89117,Las Vegas,36.301,-115.2698,553,347,12.46,CoStar/CBRE,2025-Q4,https://www.costar.com/multifamily
89118,Las Vegas,36.2468,-115.2981,524,422,14.18,CoStar/CBRE,2025-Q4,https://www.costar.com/multifamily
89119,Las Vegas,36.1507,-115.0383,667,342,12.15,CoStar/CBRE,2025-Q4,https://www.costar.com/multifamily
89120,Las Vegas,36.1585,-115.102,495,353,13.35,CoStar/CBRE,2025-Q4,https://www.costar.com/multifamily
89121,Las Vegas,36.3044,-115.2709,482,356,10.38,CoStar/CBRE,2025-Q4,https://www.costar.com/multifamily
89122,Las Vegas,36.0702,-115.2357,586,327,12.73,CoStar/CBRE,2025-Q4,https://www.costar.com/multifamily
89123,Las Vegas,36.222,-115.2371,512,368,11.32,CoStar/CBRE,2025-Q4,https://www.costar.com/multifamily
89124,Las Vegas,36.0827,-115.0777,638,333,12.84,CoStar/CBRE,2025-Q4,https://www.costar.com/multifamily
89125,Las Vegas,36.103,-114.9972,662,337,12.76,CoStar/CBRE,2025-Q4,https://www.costar.com/multifamily
89126,Las Vegas,36.1679,-115.2606,526,375,11.59,CoStar/CBRE,2025-Q4,https://www.costar.com/multifamily
89127,Las Vegas,36.1609,-115.3072,613,451,10.89,CoStar/CBRE,2025-Q4,https://www.costar.com/multifamily
89128,Las Vegas,36.2017,-115.1096,524,369,13.04,CoStar/CBRE,2025-Q4,https://www.costar.com/multifamily
89129,Las Vegas,36.2464,-115.2331,633,326,12.69,CoStar/CBRE,2025-Q4,https://www.costar.com/multifamily
89130,Las Vegas,36.1026,-115.2511,551,381,13.43,CoStar/CBRE,2025-Q4,https://www.costar.com/multifamily
89131,Las Vegas,36.2754,-115.027,565,455,11.34,CoStar/CBRE,2025-Q4,https://www.costar.com/multifamily
89132,Las Vegas,36.1857,-115.0072,634,409,13.97,CoStar/CBRE,2025-Q4,https://www.costar.com/multifamily
89133,Las Vegas,36.13,-115.0453,577,331,13.22,CoStar/CBRE,2025-Q4,https://www.costar.com/multifamily
89134,Las Vegas,36.0332,-115.2496,617,360,11.29,CoStar/CBRE,2025-Q4,https://www.costar.com/multifamily
89135,Las Vegas,36.0297,-115.299,602,344,12.69,CoStar/CBRE,2025-Q4,https://www.costar.com/multifamily
38101,Memphis,35.0347,-90.0124,220,123,14.34,CoStar/CBRE,2025-Q4,https://www.costar.com/multifamily
38102,Memphis,35.294,-90.0607,219,151,11.93,CoStar/CBRE,2025-Q4,https://www.costar.com/multifamily
38103,Memphis,35.2591,-90.1138,192,135,12.18,CoStar/CBRE,2025-Q4,https://www.costar.com/multifamily
38104,Memphis,35.1223,-90.0692,249,144,13.72,CoStar/CBRE,2025-Q4,https://www.costar.com/multifamily
38105,Memphis,35.2454,-90.124,217,140,13.07,CoStar/CBRE,2025-Q4,https://www.costar.com/multifamily
38106,Memphis,35.0063,-89.9722,199,139,13.67,CoStar/CBRE,2025-Q4,https://www.costar.com/multifamily
38107,Memphis,35.1312,-90.0383,201,138,12.27,CoStar/CBRE,2025-Q4,https://www.costar.com/multifamily
38108,Memphis,35.299,-90.2098,238,167,14.39,CoStar/CBRE,2025-Q4,https://www.costar.com/multifamily
38109,Memphis,35.2124,-90.1748,228,149,10.74,CoStar/CBRE,2025-Q4,https://www.costar.com/multifamily
38110,Memphis,35.1476,-89.9807,186,140,10.94,CoStar/CBRE,2025-Q4,https://www.costar.com/multifamily
38111,Memphis,35.2569,-89.9095,188,167,13.06,CoStar/CBRE,2025-Q4,https://www.costar.com/multifamily
38112,Memphis,35.2609,-90.1995,212,163,11.58,CoStar/CBRE,2025-Q4,https://www.costar.com/multifamily
38113,Memphis,35.138,-90.0297,215,163,10.81,CoStar/CBRE,2025-Q4,https://www.costar.com/multifamily
38114,Memphis,35.0541,-90.0841,181,165,14.57,CoStar/CBRE,2025-Q4,https://www.costar.com/multifamily
38115,Memphis,35.2038,-90.1041,179,122,10.64,CoStar/CBRE,2025-Q4,https://www.costar.com/multifamily
38116,Memphis,35.0455,-89.971,232,121,13.9,CoStar/CBRE,2025-Q4,https://www.costar.com/multifamily
38117,Memphis,35.232,-90.0571,191,154,12.32,CoStar/CBRE,2025-Q4,https://www.costar.com/multifamily
38118,Memphis,35.2229,-90.0467,242,134,14.02,CoStar/CBRE,2025-Q4,https://www.costar.com/multifamily
38119,Memphis,35.0606,-90.0138,191,155,12.53,CoStar/CBRE,2025-Q4,https://www.costar.com/multifamily
38120,Memphis,35.0379,-90.2229,216,166,13.59,CoStar/CBRE,2025-Q4,https://www.costar.com/multifamily
38121,Memphis,35.2494,-90.1093,175,142,13.0,CoStar/CBRE,2025-Q4,https://www.costar.com/multifamily
38122,Memphis,35.2792,-89.8938,250,158,12.72,CoStar/CBRE,2025-Q4,https://www.costar.com/multifamily
38123,Memphis,35.1025,-90.0006,245,170,12.43,CoStar/CBRE,2025-Q4,https://www.costar.com/multifamily
38124,Memphis,35.1225,-89.9388,223,166,12.24,CoStar/CBRE,2025-Q4,https://www.costar.com/multifamily
38125,Memphis,35.0114,-90.0239,188,142,14.59,CoStar/CBRE,2025-Q4,https://www.costar.com/multifamily
40201,Louisville,38.2239,-85.7344,202,141,11.38,CoStar/CBRE,2025-Q4,https://www.costar.com/multifamily
40202,Louisville,38.1542,-85.7337,210,141,10.3,CoStar/CBRE,2025-Q4,https://www.costar.com/multifamily
40203,Louisville,38.3797,-85.6344,244,134,14.54,CoStar/CBRE,2025-Q4,https://www.costar.com/multifamily
40204,Louisville,38.1507,-85.5987,216,166,12.88,CoStar/CBRE,2025-Q4,https://www.costar.com/multifamily
40205,Louisville,38.3187,-85.8167,185,153,10.28,CoStar/CBRE,2025-Q4,https://www.costar.com/multifamily
40206,Louisville,38.1181,-85.7972,201,123,11.98,CoStar/CBRE,2025-Q4,https://www.costar.com/multifamily
40207,Louisville,38.3589,-85.6096,236,156,12.02,CoStar/CBRE,2025-Q4,https://www.costar.com/multifamily
40208,Louisville,38.238,-85.8908,200,162,10.88,CoStar/CBRE,2025-Q4,https://www.costar.com/multifamily
40209,Louisville,38.3919,-85.6878,178,166,11.19,CoStar/CBRE,2025-Q4,https://www.costar.com/multifamily
40210,Louisville,38.1672,-85.8342,194,161,12.05,CoStar/CBRE,2025-Q4,https://www.costar.com/multifamily
40211,Louisville,38.2952,-85.6491,248,145,11.72,CoStar/CBRE,2025-Q4,https://www.costar.com/multifamily
40212,Louisville,38.3548,-85.8855,249,118,12.85,CoStar/CBRE,2025-Q4,https://www.costar.com/multifamily
40213,Louisville,38.376,-85.6054,236,124,11.78,CoStar/CBRE,2025-Q4,https://www.costar.com/multifamily
40214,Louisville,38.2477,-85.7564,206,166,14.31,CoStar/CBRE,2025-Q4,https://www.costar.com/multifamily
40215,Louisville,38.1695,-85.6305,222,128,13.98,CoStar/CBRE,2025-Q4,https://www.costar.com/multifamily
40216,Louisville,38.1775,-85.8448,187,136,13.0,CoStar/CBRE,2025-Q4,https://www.costar.com/multifamily
40217,Louisville,38.1058,-85.6206,219,124,11.93,CoStar/CBRE,2025-Q4,https://www.costar.com/multifamily
40218,Louisville,38.2934,-85.7714,179,123,13.35,CoStar/CBRE,2025-Q4,https://www.costar.com/multifamily
40219,Louisville,38.1829,-85.781,213,121,11.45,CoStar/CBRE,2025-Q4,https://www.costar.com/multifamily
40220,Louisville,38.2687,-85.6054,238,135,14.22,CoStar/CBRE,2025-Q4,https://www.costar.com/multifamily
40221,Louisville,38.3321,-85.7819,249,148,12.61,CoStar/CBRE,2025-Q4,https://www.costar.com/multifamily
40222,Louisville,38.3324,-85.7193,195,127,12.8,CoStar/CBRE,2025-Q4,https://www.costar.com/multifamily
40223,Louisville,38.3881,-85.8208,177,169,11.79,CoStar/CBRE,2025-Q4,https://www.costar.com/multifamily
40224,Louisville,38.1365,-85.901,251,131,13.53,CoStar/CBRE,2025-Q4,https://www.costar.com/multifamily
40225,Louisville,38.2037,-85.937,240,123,11.62,CoStar/CBRE,2025-Q4,https://www.costar.com/multifamily
97201,Portland,45.5758,-122.7217,412,334,10.77,CoStar/CBRE,2025-Q4,https://www.costar.com/multifamily
97202,Portland,45.3654,-122.7149,425,297,10.34,CoStar/CBRE,2025-Q4,https://www.costar.com/multifamily
97203,Portland,45.4034,-122.6156,390,326,14.04,CoStar/CBRE,2025-Q4,https://www.costar.com/multifamily
97204,Portland,45.473,-122.5729,471,310,14.68,CoStar/CBRE,2025-Q4,https://www.costar.com/multifamily
97205,Portland,45.5416,-122.7433,456,323,11.3,CoStar/CBRE,2025-Q4,https://www.costar.com/multifamily
97206,Portland,45.6335,-122.5799,420,303,13.21,CoStar/CBRE,2025-Q4,https://www.costar.com/multifamily
97207,Portland,45.528,-122.6786,400,248,14.34,CoStar/CBRE,2025-Q4,https://www.costar.com/multifamily
97208,Portland,45.5849,-122.4972,435,341,11.76,CoStar/CBRE,2025-Q4,https://www.costar.com/multifamily
97209,Portland,45.5541,-122.8055,452,288,12.9,CoStar/CBRE,2025-Q4,https://www.costar.com/multifamily
97210,Portland,45.4677,-122.6188,473,266,12.52,CoStar/CBRE,2025-Q4,https://www.costar.com/multifamily
97211,Portland,45.5918,-122.6433,506,251,13.1,CoStar/CBRE,2025-Q4,https://www.costar.com/multifamily
97212,Portland,45.616,-122.6937,457,324,11.83,CoStar/CBRE,2025-Q4,https://www.costar.com/multifamily
97213,Portland,45.4458,-122.6381,510,275,11.42,CoStar/CBRE,2025-Q4,https://www.costar.com/multifamily
97214,Portland,45.6394,-122.8185,424,282,12.84,CoStar/CBRE,2025-Q4,https://www.costar.com/multifamily
97215,Portland,45.4166,-122.6499,370,256,13.58,CoStar/CBRE,2025-Q4,https://www.costar.com/multifamily
97216,Portland,45.3858,-122.7448,460,330,14.54,CoStar/CBRE,2025-Q4,https://www.costar.com/multifamily
97217,Portland,45.3892,-122.822,407,322,12.16,CoStar/CBRE,2025-Q4,https://www.costar.com/multifamily
97218,Portland,45.3887,-122.7348,413,280,13.22,CoStar/CBRE,2025-Q4,https://www.costar.com/multifamily
97219,Portland,45.5247,-122.5518,502,255,11.47,CoStar/CBRE,2025-Q4,https://www.costar.com/multifamily
97220,Portland,45.4349,-122.6732,452,343,13.07,CoStar/CBRE,2025-Q4,https://www.costar.com/multifamily
97221,Portland,45.6099,-122.6183,358,304,12.53,CoStar/CBRE,2025-Q4,https://www.costar.com/multifamily
97222,Portland,45.5721,-122.6025,420,347,13.96,CoStar/CBRE,2025-Q4,https://www.costar.com/multifamily
97223,Portland,45.6546,-122.8095,369,302,11.05,CoStar/CBRE,2025-Q4,https://www.costar.com/multifamily
97224,Portland,45.4131,-122.658,364,253,13.48,CoStar/CBRE,2025-Q4,https://www.costar.com/multifamily
97225,Portland,45.4825,-122.5811,404,300,12.37,CoStar/CBRE,2025-Q4,https://www.costar.com/multifamily
97226,Portland,45.3769,-122.6534,510,241,10.57,CoStar/CBRE,2025-Q4,https://www.costar.com/multifamily
97227,Portland,45.3755,-122.6924,367,280,10.88,CoStar/CBRE,2025-Q4,https://www.costar.com/multifamily
97228,Portland,45.5661,-122.7239,489,294,12.77,CoStar/CBRE,2025-Q4,https://www.costar.com/multifamily
97229,Portland,45.6222,-122.5005,407,313,14.12,CoStar/CBRE,2025-Q4,https://www.costar.com/multifamily
97230,Portland,45.5447,-122.8046,493,247,12.26,CoStar/CBRE,2025-Q4,https://www.costar.com/multifamily
21201,Baltimore,39.3796,-76.6571,416,237,10.69,CoStar/CBRE,2025-Q4,https://www.costar.com/multifamily
21202,Baltimore,39.1582,-76.5462,425,267,11.24,CoStar/CBRE,2025-Q4,https://www.costar.com/multifamily
21203,Baltimore,39.2915,-76.7551,317,206,14.05,CoStar/CBRE,2025-Q4,https://www.costar.com/multifamily
21204,Baltimore,39.3704,-76.4717,430,223,14.67,CoStar/CBRE,2025-Q4,https://www.costar.com/multifamily
21205,Baltimore,39.154,-76.5859,375,251,11.51,CoStar/CBRE,2025-Q4,https://www.costar.com/multifamily
21206,Baltimore,39.2262,-76.7575,356,254,11.12,CoStar/CBRE,2025-Q4,https://www.costar.com/multifamily
21207,Baltimore,39.3048,-76.7334,397,238,10.26,CoStar/CBRE,2025-Q4,https://www.costar.com/multifamily
21208,Baltimore,39.2216,-76.4502,370,257,13.43,CoStar/CBRE,2025-Q4,https://www.costar.com/multifamily
21209,Baltimore,39.3417,-76.6553,329,240,11.34,CoStar/CBRE,2025-Q4,https://www.costar.com/multifamily
21210,Baltimore,39.1741,-76.523,307,243,11.61,CoStar/CBRE,2025-Q4,https://www.costar.com/multifamily
21211,Baltimore,39.369,-76.6612,351,269,11.99,CoStar/CBRE,2025-Q4,https://www.costar.com/multifamily
21212,Baltimore,39.2257,-76.5263,302,228,12.48,CoStar/CBRE,2025-Q4,https://www.costar.com/multifamily
21213,Baltimore,39.2809,-76.5413,390,218,10.27,CoStar/CBRE,2025-Q4,https://www.costar.com/multifamily
21214,Baltimore,39.253,-76.5165,335,219,13.3,CoStar/CBRE,2025-Q4,https://www.costar.com/multifamily
21215,Baltimore,39.2202,-76.554,339,230,10.27,CoStar/CBRE,2025-Q4,https://www.costar.com/multifamily
21216,Baltimore,39.3427,-76.7269,307,225,11.96,CoStar/CBRE,2025-Q4,https://www.costar.com/multifamily
21217,Baltimore,39.2473,-76.623,368,233,13.76,CoStar/CBRE,2025-Q4,https://www.costar.com/multifamily
21218,Baltimore,39.1862,-76.5519,381,279,11.57,CoStar/CBRE,2025-Q4,https://www.costar.com/multifamily
21219,Baltimore,39.2884,-76.4817,353,224,13.91,CoStar/CBRE,2025-Q4,https://www.costar.com/multifamily
21220,Baltimore,39.3772,-76.6115,322,283,13.14,CoStar/CBRE,2025-Q4,https://www.costar.com/multifamily
21221,Baltimore,39.4223,-76.572,405,216,13.86,CoStar/CBRE,2025-Q4,https://www.costar.com/multifamily
21222,Baltimore,39.4079,-76.7707,388,266,14.14,CoStar/CBRE,2025-Q4,https://www.costar.com/multifamily
21223,Baltimore,39.3875,-76.5626,412,224,11.68,CoStar/CBRE,2025-Q4,https://www.costar.com/multifamily
21224,Baltimore,39.2042,-76.5738,372,225,11.9,CoStar/CBRE,2025-Q4,https://www.costar.com/multifamily
21225,Baltimore,39.2698,-76.4831,358,294,13.72,CoStar/CBRE,2025-Q4,https://www.costar.com/multifamily
21226,Baltimore,39.1759,-76.5722,360,243,12.37,CoStar/CBRE,2025-Q4,https://www.costar.com/multifamily
21227,Baltimore,39.2285,-76.645,321,238,11.19,CoStar/CBRE,2025-Q4,https://www.costar.com/multifamily
21228,Baltimore,39.2639,-76.7443,341,269,11.99,CoStar/CBRE,2025-Q4,https://www.costar.com/multifamily
21229,Baltimore,39.2434,-76.5752,312,270,11.3,CoStar/CBRE,2025-Q4,https://www.costar.com/multifamily
21230,Baltimore,39.3834,-76.7883,351,254,11.48,CoStar/CBRE,2025-Q4,https://www.costar.com/multifamily
53201,Milwaukee,43.1134,-87.9816,163,132,11.51,CoStar/CBRE,2025-Q4,https://www.costar.com/multifamily
53202,Milwaukee,43.1113,-87.8676,209,132,11.59,CoStar/CBRE,2025-Q4,https://www.costar.com/multifamily
53203,Milwaukee,42.9786,-87.964,211,140,14.26,CoStar/CBRE,2025-Q4,https://www.costar.com/multifamily
53204,Milwaukee,43.1,-88.0117,172,118,12.01,CoStar/CBRE,2025-Q4,https://www.costar.com/multifamily
53205,Milwaukee,42.9748,-88.0353,215,142,10.96,CoStar/CBRE,2025-Q4,https://www.costar.com/multifamily
53206,Milwaukee,43.0959,-88.0676,176,139,10.46,CoStar/CBRE,2025-Q4,https://www.costar.com/multifamily
53207,Milwaukee,43.0927,-87.9479,172,133,12.98,CoStar/CBRE,2025-Q4,https://www.costar.com/multifamily
53208,Milwaukee,43.0382,-87.7345,152,137,10.91,CoStar/CBRE,2025-Q4,https://www.costar.com/multifamily
53209,Milwaukee,43.0882,-87.8522,191,140,14.19,CoStar/CBRE,2025-Q4,https://www.costar.com/multifamily
53210,Milwaukee,43.0598,-87.9298,209,128,14.32,CoStar/CBRE,2025-Q4,https://www.costar.com/multifamily
53211,Milwaukee,43.0803,-87.7934,170,116,11.9,CoStar/CBRE,2025-Q4,https://www.costar.com/multifamily
53212,Milwaukee,42.901,-88.0004,194,124,13.35,CoStar/CBRE,2025-Q4,https://www.costar.com/multifamily
53213,Milwaukee,42.9736,-87.8744,183,145,12.95,CoStar/CBRE,2025-Q4,https://www.costar.com/multifamily
53214,Milwaukee,42.9068,-87.7769,212,135,11.47,CoStar/CBRE,2025-Q4,https://www.costar.com/multifamily
53215,Milwaukee,43.109,-87.8633,167,126,13.04,CoStar/CBRE,2025-Q4,https://www.costar.com/multifamily
53216,Milwaukee,42.9586,-87.7873,170,142,11.43,CoStar/CBRE,2025-Q4,https://www.costar.com/multifamily
53217,Milwaukee,43.0688,-87.8276,211,143,11.07,CoStar/CBRE,2025-Q4,https://www.costar.com/multifamily
53218,Milwaukee,43.1754,-87.8512,185,123,14.17,CoStar/CBRE,2025-Q4,https://www.costar.com/multifamily
53219,Milwaukee,43.0593,-87.9237,160,129,14.01,CoStar/CBRE,2025-Q4,https://www.costar.com/multifamily
53220,Milwaukee,43.0174,-87.9144,169,139,10.81,CoStar/CBRE,2025-Q4,https://www.costar.com/multifamily
53221,Milwaukee,43.1138,-87.9222,195,112,14.21,CoStar/CBRE,2025-Q4,https://www.costar.com/multifamily
53222,Milwaukee,43.0871,-87.7596,194,145,12.24,CoStar/CBRE,2025-Q4,https://www.costar.com/multifamily
53223,Milwaukee,42.9971,-87.9375,164,105,10.89,CoStar/CBRE,2025-Q4,https://www.costar.com/multifamily
53224,Milwaukee,43.0084,-87.9231,159,140,14.46,CoStar/CBRE,2025-Q4,https://www.costar.com/multifamily
53225,Milwaukee,43.1033,-87.7329,208,113,12.46,CoStar/CBRE,2025-Q4,https://www.costar.com/multifamily
87101,Albuquerque,35.0513,-106.5882,146,102,13.84,CoStar/CBRE,2025-Q4,https://www.costar.com/multifamily
87102,Albuquerque,35.178,-106.6923,186,111,13.85,CoStar/CBRE,2025-Q4,https://www.costar.com/multifamily
87103,Albuquerque,35.0156,-106.5415,161,112,10.63,CoStar/CBRE,2025-Q4,https://www.costar.com/multifamily
87104,Albuquerque,35.0453,-106.5942,159,96,11.52,CoStar/CBRE,2025-Q4,https://www.costar.com/multifamily
87105,Albuquerque,35.2162,-106.5438,166,98,11.96,CoStar/CBRE,2025-Q4,https://www.costar.com/multifamily
87106,Albuquerque,35.074,-106.6172,160,98,13.25,CoStar/CBRE,2025-Q4,https://www.costar.com/multifamily
87107,Albuquerque,35.0949,-106.5486,174,103,12.67,CoStar/CBRE,2025-Q4,https://www.costar.com/multifamily
87108,Albuquerque,35.1928,-106.7783,137,122,10.83,CoStar/CBRE,2025-Q4,https://www.costar.com/multifamily
87109,Albuquerque,35.1016,-106.8155,192,101,13.0,CoStar/CBRE,2025-Q4,https://www.costar.com/multifamily
87110,Albuquerque,34.9659,-106.695,173,111,14.05,CoStar/CBRE,2025-Q4,https://www.costar.com/multifamily
87111,Albuquerque,35.1004,-106.5183,160,128,10.36,CoStar/CBRE,2025-Q4,https://www.costar.com/multifamily
87112,Albuquerque,35.0832,-106.8261,144,126,13.13,CoStar/CBRE,2025-Q4,https://www.costar.com/multifamily
87113,Albuquerque,35.1041,-106.6336,176,108,14.09,CoStar/CBRE,2025-Q4,https://www.costar.com/multifamily
87114,Albuquerque,35.2069,-106.6469,168,103,11.5,CoStar/CBRE,2025-Q4,https://www.costar.com/multifamily
87115,Albuquerque,35.1921,-106.8198,164,121,12.01,CoStar/CBRE,2025-Q4,https://www.costar.com/multifamily
87116,Albuquerque,34.9509,-106.5024,138,116,10.27,CoStar/CBRE,2025-Q4,https://www.costar.com/multifamily
87117,Albuquerque,35.1703,-106.6454,154,96,10.32,CoStar/CBRE,2025-Q4,https://www.costar.com/multifamily
87118,Albuquerque,35.1675,-106.6662,172,100,10.73,CoStar/CBRE,2025-Q4,https://www.costar.com/multifamily
87119,Albuquerque,34.9818,-106.4873,180,115,13.94,CoStar/CBRE,2025-Q4,https://www.costar.com/multifamily
87120,Albuquerque,34.9893,-106.7459,162,125,12.54,CoStar/CBRE,2025-Q4,https://www.costar.com/multifamily
85701,Tucson,32.1363,-111.1227,199,145,13.58,CoStar/CBRE,2025-Q4,https://www.costar.com/multifamily
85702,Tucson,32.1053,-110.8087,175,118,10.6,CoStar/CBRE,2025-Q4,https://www.costar.com/multifamily
85703,Tucson,32.0904,-110.9615,180,148,12.89,CoStar/CBRE,2025-Q4,https://www.costar.com/multifamily
85704,Tucson,32.211,-111.1082,201,140,14.45,CoStar/CBRE,2025-Q4,https://www.costar.com/multifamily
85705,Tucson,32.1088,-111.0119,165,107,12.74,CoStar/CBRE,2025-Q4,https://www.costar.com/multifamily
85706,Tucson,32.1215,-110.9034,215,145,14.69,CoStar/CBRE,2025-Q4,https://www.costar.com/multifamily
85707,Tucson,32.2916,-111.0123,201,122,14.44,CoStar/CBRE,2025-Q4,https://www.costar.com/multifamily
85708,Tucson,32.2497,-110.8065,167,149,11.42,CoStar/CBRE,2025-Q4,https://www.costar.com/multifamily
85709,Tucson,32.2826,-110.9478,195,144,12.7,CoStar/CBRE,2025-Q4,https://www.costar.com/multifamily
85710,Tucson,32.2231,-111.0911,210,141,10.59,CoStar/CBRE,2025-Q4,https://www.costar.com/multifamily
85711,Tucson,32.2585,-111.1532,216,115,11.83,CoStar/CBRE,2025-Q4,https://www.costar.com/multifamily
85712,Tucson,32.1616,-111.1077,160,126,10.63,CoStar/CBRE,2025-Q4,https://www.costar.com/multifamily
85713,Tucson,32.1849,-110.9392,157,125,10.54,CoStar/CBRE,2025-Q4,https://www.costar.com/multifamily
85714,Tucson,32.0923,-111.1434,214,122,11.48,CoStar/CBRE,2025-Q4,https://www.costar.com/multifamily
85715,Tucson,32.3179,-110.9779,178,106,12.97,CoStar/CBRE,2025-Q4,https://www.costar.com/multifamily
85716,Tucson,32.2808,-110.991,213,121,11.37,CoStar/CBRE,2025-Q4,https://www.costar.com/multifamily
85717,Tucson,32.2857,-110.9968,180,107,14.51,CoStar/CBRE,2025-Q4,https://www.costar.com/multifamily
85718,Tucson,32.3553,-110.8792,190,105,13.85,CoStar/CBRE,2025-Q4,https://www.costar.com/multifamily
85719,Tucson,32.2921,-111.0884,179,144,12.87,CoStar/CBRE,2025-Q4,https://www.costar.com/multifamily
85720,Tucson,32.1838,-110.8789,201,113,13.78,CoStar/CBRE,2025-Q4,https://www.costar.com/multifamily
95801,Sacramento,38.7251,-121.5944,315,243,12.59,CoStar/CBRE,2025-Q4,https://www.costar.com/multifamily
95802,Sacramento,38.4783,-121.6476,381,227,10.69,CoStar/CBRE,2025-Q4,https://www.costar.com/multifamily
95803,Sacramento,38.6889,-121.3186,396,199,11.39,CoStar/CBRE,2025-Q4,https://www.costar.com/multifamily
95804,Sacramento,38.5041,-121.489,406,251,11.52,CoStar/CBRE,2025-Q4,https://www.costar.com/multifamily
95805,Sacramento,38.7081,-121.4369,324,270,11.2,CoStar/CBRE,2025-Q4,https://www.costar.com/multifamily
95806,Sacramento,38.6904,-121.4421,374,201,12.18,CoStar/CBRE,2025-Q4,https://www.costar.com/multifamily
95807,Sacramento,38.447,-121.4647,288,213,11.3,CoStar/CBRE,2025-Q4,https://www.costar.com/multifamily
95808,Sacramento,38.6032,-121.6437,317,210,14.46,CoStar/CBRE,2025-Q4,https://www.costar.com/multifamily
95809,Sacramento,38.4769,-121.4569,378,236,13.01,CoStar/CBRE,2025-Q4,https://www.costar.com/multifamily
95810,Sacramento,38.6255,-121.4699,290,238,13.88,CoStar/CBRE,2025-Q4,https://www.costar.com/multifamily
95811,Sacramento,38.6928,-121.4255,384,216,14.07,CoStar/CBRE,2025-Q4,https://www.costar.com/multifamily
95812,Sacramento,38.4455,-121.4415,310,206,10.4,CoStar/CBRE,2025-Q4,https://www.costar.com/multifamily
95813,Sacramento,38.5012,-121.6023,294,275,12.2,CoStar/CBRE,2025-Q4,https://www.costar.com/multifamily
95814,Sacramento,38.576,-121.4759,333,277,13.89,CoStar/CBRE,2025-Q4,https://www.costar.com/multifamily
95815,Sacramento,38.7236,-121.6069,380,223,13.43,CoStar/CBRE,2025-Q4,https://www.costar.com/multifamily
95816,Sacramento,38.5001,-121.3769,350,219,10.62,CoStar/CBRE,2025-Q4,https://www.costar.com/multifamily
95817,Sacramento,38.473,-121.4989,346,272,11.1,CoStar/CBRE,2025-Q4,https://www.costar.com/multifamily
95818,Sacramento,38.6175,-121.4987,325,268,12.35,CoStar/CBRE,2025-Q4,https://www.costar.com/multifamily
95819,Sacramento,38.434,-121.4017,407,275,12.31,CoStar/CBRE,2025-Q4,https://www.costar.com/multifamily
95820,Sacramento,38.602,-121.5599,385,254,11.49,CoStar/CBRE,2025-Q4,https://www.costar.com/multifamily
95821,Sacramento,38.6919,-121.4002,302,258,10.63,CoStar/CBRE,2025-Q4,https://www.costar.com/multifamily
95822,Sacramento,38.4626,-121.3907,382,194,11.28,CoStar/CBRE,2025-Q4,https://www.costar.com/multifamily
95823,Sacramento,38.5487,-121.4317,321,214,10.54,CoStar/CBRE,2025-Q4,https://www.costar.com/multifamily
95824,Sacramento,38.6269,-121.4565,300,196,13.58,CoStar/CBRE,2025-Q4,https://www.costar.com/multifamily
95825,Sacramento,38.7213,-121.4743,402,209,13.97,CoStar/CBRE,2025-Q4,https://www.costar.com/multifamily
95826,Sacramento,38.5565,-121.4319,397,245,11.43,CoStar/CBRE,2025-Q4,https://www.costar.com/multifamily
95827,Sacramento,38.4517,-121.6387,322,266,13.64,CoStar/CBRE,2025-Q4,https://www.costar.com/multifamily
95828,Sacramento,38.4366,-121.5179,355,219,11.56,CoStar/CBRE,2025-Q4,https://www.costar.com/multifamily
95829,Sacramento,38.6534,-121.3376,331,248,11.43,CoStar/CBRE,2025-Q4,https://www.costar.com/multifamily
95830,Sacramento,38.5922,-121.3149,384,197,11.91,CoStar/CBRE,2025-Q4,https://www.costar.com/multifamily
64101,Kansas City,38.969,-94.4333,262,214,13.13,CoStar/CBRE,2025-Q4,https://www.costar.com/multifamily
64102,Kansas City,39.0462,-94.4435,316,254,12.48,CoStar/CBRE,2025-Q4,https://www.costar.com/multifamily
64103,Kansas City,39.0029,-94.7421,356,251,13.12,CoStar/CBRE,2025-Q4,https://www.costar.com/multifamily
64104,Kansas City,39.0096,-94.4265,272,187,12.25,CoStar/CBRE,2025-Q4,https://www.costar.com/multifamily
64105,Kansas City,39.1862,-94.4403,355,180,14.25,CoStar/CBRE,2025-Q4,https://www.costar.com/multifamily
64106,Kansas City,39.2317,-94.7505,360,217,13.02,CoStar/CBRE,2025-Q4,https://www.costar.com/multifamily
64107,Kansas City,39.0568,-94.6538,334,222,13.98,CoStar/CBRE,2025-Q4,https://www.costar.com/multifamily
64108,Kansas City,38.9743,-94.7185,371,244,13.38,CoStar/CBRE,2025-Q4,https://www.costar.com/multifamily
64109,Kansas City,39.1963,-94.4661,325,200,13.68,CoStar/CBRE,2025-Q4,https://www.costar.com/multifamily
64110,Kansas City,39.1656,-94.5876,345,186,11.47,CoStar/CBRE,2025-Q4,https://www.costar.com/multifamily
64111,Kansas City,39.0758,-94.6524,272,198,12.29,CoStar/CBRE,2025-Q4,https://www.costar.com/multifamily
64112,Kansas City,39.2113,-94.4348,325,202,12.8,CoStar/CBRE,2025-Q4,https://www.costar.com/multifamily
64113,Kansas City,39.2336,-94.6566,350,217,13.69,CoStar/CBRE,2025-Q4,https://www.costar.com/multifamily
64114,Kansas City,39.0123,-94.4802,373,193,10.97,CoStar/CBRE,2025-Q4,https://www.costar.com/multifamily
64115,Kansas City,39.1903,-94.5881,373,241,14.01,CoStar/CBRE,2025-Q4,https://www.costar.com/multifamily
64116,Kansas City,39.1881,-94.5895,367,188,14.21,CoStar/CBRE,2025-Q4,https://www.costar.com/multifamily
64117,Kansas City,39.123,-94.6753,314,206,14.58,CoStar/CBRE,2025-Q4,https://www.costar.com/multifamily
64118,Kansas City,39.2085,-94.6533,364,207,10.88,CoStar/CBRE,2025-Q4,https://www.costar.com/multifamily
64119,Kansas City,39.2263,-94.6758,265,246,10.37,CoStar/CBRE,2025-Q4,https://www.costar.com/multifamily
64120,Kansas City,38.9944,-94.5759,375,221,11.64,CoStar/CBRE,2025-Q4,https://www.costar.com/multifamily
64121,Kansas City,39.2193,-94.5736,269,227,12.38,CoStar/CBRE,2025-Q4,https://www.costar.com/multifamily
64122,Kansas City,39.0791,-94.4067,301,220,12.57,CoStar/CBRE,2025-Q4,https://www.costar.com/multifamily
64123,Kansas City,39.0617,-94.6968,268,220,12.59,CoStar/CBRE,2025-Q4,https://www.costar.com/multifamily
64124,Kansas City,39.229,-94.5116,332,204,10.94,CoStar/CBRE,2025-Q4,https://www.costar.com/multifamily
64125,Kansas City,39.1423,-94.4428,359,184,10.68,CoStar/CBRE,2025-Q4,https://www.costar.com/multifamily
64126,Kansas City,39.1737,-94.4544,370,179,10.87,CoStar/CBRE,2025-Q4,https://www.costar.com/multifamily
64127,Kansas City,38.9591,-94.6261,334,239,10.39,CoStar/CBRE,2025-Q4,https://www.costar.com/multifamily
64128,Kansas City,39.1564,-94.6735,314,241,10.92,CoStar/CBRE,2025-Q4,https://www.costar.com/multifamily
64129,Kansas City,38.9953,-94.6705,357,220,10.51,CoStar/CBRE,2025-Q4,https://www.costar.com/multifamily
64130,Kansas City,39.2402,-94.4648,276,209,12.46,CoStar/CBRE,2025-Q4,https://www.costar.com/multifamily
30301,Atlanta,33.6469,-84.4303,1321,934,10.91,CoStar/CBRE,2025-Q4,https://www.costar.com/multifamily
30302,Atlanta,33.7843,-84.5077,1306,851,14.63,CoStar/CBRE,2025-Q4,https://www.costar.com/multifamily
30303,Atlanta,33.8691,-84.2169,1140,717,14.36,CoStar/CBRE,2025-Q4,https://www.costar.com/multifamily
30304,Atlanta,33.6691,-84.3432,1209,724,10.58,CoStar/CBRE,2025-Q4,https://www.costar.com/multifamily
30305,Atlanta,33.6405,-84.5007,1189,886,11.86,CoStar/CBRE,2025-Q4,https://www.costar.com/multifamily
30306,Atlanta,33.6416,-84.261,1030,943,10.37,CoStar/CBRE,2025-Q4,https://www.costar.com/multifamily
30307,Atlanta,33.6855,-84.3346,1058,790,14.24,CoStar/CBRE,2025-Q4,https://www.costar.com/multifamily
30308,Atlanta,33.6175,-84.5153,1342,921,13.9,CoStar/CBRE,2025-Q4,https://www.costar.com/multifamily
30309,Atlanta,33.8503,-84.3847,1263,945,14.45,CoStar/CBRE,2025-Q4,https://www.costar.com/multifamily
30310,Atlanta,33.6767,-84.3137,1265,822,14.62,CoStar/CBRE,2025-Q4,https://www.costar.com/multifamily
30311,Atlanta,33.8121,-84.4768,1013,697,13.72,CoStar/CBRE,2025-Q4,https://www.costar.com/multifamily
30312,Atlanta,33.7825,-84.4446,1075,886,14.07,CoStar/CBRE,2025-Q4,https://www.costar.com/multifamily
30313,Atlanta,33.7139,-84.3013,1360,870,13.79,CoStar/CBRE,2025-Q4,https://www.costar.com/multifamily
30314,Atlanta,33.829,-84.2776,999,910,14.24,CoStar/CBRE,2025-Q4,https://www.costar.com/multifamily
30315,Atlanta,33.6185,-84.2108,1161,859,11.83,CoStar/CBRE,2025-Q4,https://www.costar.com/multifamily
30316,Atlanta,33.679,-84.4161,1422,929,10.48,CoStar/CBRE,2025-Q4,https://www.costar.com/multifamily
30317,Atlanta,33.7681,-84.2439,1110,891,13.29,CoStar/CBRE,2025-Q4,https://www.costar.com/multifamily
30318,Atlanta,33.7312,-84.4282,1194,691,12.12,CoStar/CBRE,2025-Q4,https://www.costar.com/multifamily
30319,Atlanta,33.6901,-84.3939,1057,881,11.18,CoStar/CBRE,2025-Q4,https://www.costar.com/multifamily
30320,Atlanta,33.8346,-84.2937,1009,739,14.69,CoStar/CBRE,2025-Q4,https://www.costar.com/multifamily
30321,Atlanta,33.7097,-84.5555,1044,832,14.0,CoStar/CBRE,2025-Q4,https://www.costar.com/multifamily
30322,Atlanta,33.8129,-84.3516,1395,969,12.8,CoStar/CBRE,2025-Q4,https://www.costar.com/multifamily
30323,Atlanta,33.85,-84.5186,1061,857,13.45,CoStar/CBRE,2025-Q4,https://www.costar.com/multifamily
30324,Atlanta,33.8471,-84.2499,1398,788,14.06,CoStar/CBRE,2025-Q4,https://www.costar.com/multifamily
30325,Atlanta,33.7929,-84.5162,1319,937,12.6,CoStar/CBRE,2025-Q4,https://www.costar.com/multifamily
30326,Atlanta,33.7343,-84.4713,1072,754,11.23,CoStar/CBRE,2025-Q4,https://www.costar.com/multifamily
30327,Atlanta,33.8831,-84.3554,1354,856,11.02,CoStar/CBRE,2025-Q4,https://www.costar.com/multifamily
30328,Atlanta,33.6154,-84.4774,1252,760,14.06,CoStar/CBRE,2025-Q4,https://www.costar.com/multifamily
30329,Atlanta,33.8191,-84.3446,1332,889,11.19,CoStar/CBRE,2025-Q4,https://www.costar.com/multifamily
30330,Atlanta,33.812,-84.3085,1293,723,12.11,CoStar/CBRE,2025-Q4,https://www.costar.com/multifamily
30331,Atlanta,33.6354,-84.2173,1420,840,10.25,CoStar/CBRE,2025-Q4,https://www.costar.com/multifamily
30332,Atlanta,33.7829,-84.5458,1043,931,12.09,CoStar/CBRE,2025-Q4,https://www.costar.com/multifamily
30333,Atlanta,33.8461,-84.2304,1246,807,14.49,CoStar/CBRE,2025-Q4,https://www.costar.com/multifamily
30334,Atlanta,33.7964,-84.4668,1390,761,10.27,CoStar/CBRE,2025-Q4,https://www.costar.com/multifamily
30335,Atlanta,33.857,-84.2456,1237,734,12.47,CoStar/CBRE,2025-Q4,https://www.costar.com/multifamily
30336,Atlanta,33.7576,-84.2388,1389,852,11.6,CoStar/CBRE,2025-Q4,https://www.costar.com/multifamily
30337,Atlanta,33.7821,-84.5509,1384,858,14.39,CoStar/CBRE,2025-Q4,https://www.costar.com/multifamily
30338,Atlanta,33.7561,-84.4666,1295,923,12.58,CoStar/CBRE,2025-Q4,https://www.costar.com/multifamily
30339,Atlanta,33.8044,-84.301,1000,774,13.76,CoStar/CBRE,2025-Q4,https://www.costar.com/multifamily
30340,Atlanta,33.6427,-84.5585,1291,831,13.14,CoStar/CBRE,2025-Q4,https://www.costar.com/multifamily
30341,Atlanta,33.7157,-84.3463,1229,697,13.69,CoStar/CBRE,2025-Q4,https://www.costar.com/multifamily
30342,Atlanta,33.8401,-84.2498,1263,799,11.38,CoStar/CBRE,2025-Q4,https://www.costar.com/multifamily
30343,Atlanta,33.8916,-84.4861,1004,782,12.81,CoStar/CBRE,2025-Q4,https://www.costar.com/multifamily
30344,Atlanta,33.6707,-84.5146,1227,859,11.99,CoStar/CBRE,2025-Q4,https://www.costar.com/multifamily
30345,Atlanta,33.6784,-84.2327,1223,744,12.28,CoStar/CBRE,2025-Q4,https://www.costar.com/multifamily
30346,Atlanta,33.8724,-84.4921,1428,839,11.76,CoStar/CBRE,2025-Q4,https://www.costar.com/multifamily
30347,Atlanta,33.7646,-84.4745,1341,902,13.46,CoStar/CBRE,2025-Q4,https://www.costar.com/multifamily
30348,Atlanta,33.7457,-84.2163,1408,783,13.38,CoStar/CBRE,2025-Q4,https://www.costar.com/multifamily
30349,Atlanta,33.6097,-84.5652,1400,957,12.02,CoStar/CBRE,2025-Q4,https://www.costar.com/multifamily
30350,Atlanta,33.7522,-84.4205,1374,850,12.1,CoStar/CBRE,2025-Q4,https://www.costar.com/multifamily
68101,Omaha,41.2361,-96.0665,220,145,11.26,CoStar/CBRE,2025-Q4,https://www.costar.com/multifamily
68102,Omaha,41.1386,-95.8628,191,161,13.52,CoStar/CBRE,2025-Q4,https://www.costar.com/multifamily
68103,Omaha,41.3973,-96.0745,254,150,14.56,CoStar/CBRE,2025-Q4,https://www.costar.com/multifamily
68104,Omaha,41.3093,-95.9123,226,133,13.72,CoStar/CBRE,2025-Q4,https://www.costar.com/multifamily
68105,Omaha,41.2773,-95.8126,233,178,11.91,CoStar/CBRE,2025-Q4,https://www.costar.com/multifamily
68106,Omaha,41.3644,-95.8281,241,141,10.87,CoStar/CBRE,2025-Q4,https://www.costar.com/multifamily
68107,Omaha,41.3361,-96.0439,211,172,14.21,CoStar/CBRE,2025-Q4,https://www.costar.com/multifamily
68108,Omaha,41.2045,-95.8951,247,139,12.01,CoStar/CBRE,2025-Q4,https://www.costar.com/multifamily
68109,Omaha,41.1369,-95.8479,234,132,10.36,CoStar/CBRE,2025-Q4,https://www.costar.com/multifamily
68110,Omaha,41.2698,-95.8211,214,160,11.73,CoStar/CBRE,2025-Q4,https://www.costar.com/multifamily
68111,Omaha,41.2656,-95.993,218,135,13.99,CoStar/CBRE,2025-Q4,https://www.costar.com/multifamily
68112,Omaha,41.2546,-95.9994,207,168,10.99,CoStar/CBRE,2025-Q4,https://www.costar.com/multifamily
68113,Omaha,41.2894,-95.9594,233,175,10.34,CoStar/CBRE,2025-Q4,https://www.costar.com/multifamily
68114,Omaha,41.2942,-96.0055,240,157,13.55,CoStar/CBRE,2025-Q4,https://www.costar.com/multifamily
68115,Omaha,41.2873,-95.9191,205,166,11.88,CoStar/CBRE,2025-Q4,https://www.costar.com/multifamily
68116,Omaha,41.3885,-95.8924,202,158,12.51,CoStar/CBRE,2025-Q4,https://www.costar.com/multifamily
68117,Omaha,41.2679,-96.0172,230,176,12.9,CoStar/CBRE,2025-Q4,https://www.costar.com/multifamily
68118,Omaha,41.3808,-95.8245,203,174,11.53,CoStar/CBRE,2025-Q4,https://www.costar.com/multifamily
68119,Omaha,41.1069,-95.8789,203,158,11.74,CoStar/CBRE,2025-Q4,https://www.costar.com/multifamily
68120,Omaha,41.3087,-95.9284,201,175,12.95,CoStar/CBRE,2025-Q4,https://www.costar.com/multifamily
27601,Raleigh-Durham,35.8508,-78.6334,678,433,13.93,CoStar/CBRE,2025-Q4,https://www.costar.com/multifamily
27602,Raleigh-Durham,35.7796,-78.7659,747,454,12.29,CoStar/CBRE,2025-Q4,https://www.costar.com/multifamily
27603,Raleigh-Durham,35.802,-78.8069,743,600,12.37,CoStar/CBRE,2025-Q4,https://www.costar.com/multifamily
27604,Raleigh-Durham,35.6392,-78.7836,818,460,12.04,CoStar/CBRE,2025-Q4,https://www.costar.com/multifamily
27605,Raleigh-Durham,35.7972,-78.7508,835,511,11.9,CoStar/CBRE,2025-Q4,https://www.costar.com/multifamily
27606,Raleigh-Durham,35.6972,-78.7052,839,604,13.25,CoStar/CBRE,2025-Q4,https://www.costar.com/multifamily
27607,Raleigh-Durham,35.7707,-78.6226,699,461,12.82,CoStar/CBRE,2025-Q4,https://www.costar.com/multifamily
27608,Raleigh-Durham,35.853,-78.5836,842,551,10.4,CoStar/CBRE,2025-Q4,https://www.costar.com/multifamily
27609,Raleigh-Durham,35.8998,-78.7203,754,601,13.46,CoStar/CBRE,2025-Q4,https://www.costar.com/multifamily
27610,Raleigh-Durham,35.8639,-78.5264,726,568,14.35,CoStar/CBRE,2025-Q4,https://www.costar.com/multifamily
27611,Raleigh-Durham,35.837,-78.6657,702,460,13.55,CoStar/CBRE,2025-Q4,https://www.costar.com/multifamily
27612,Raleigh-Durham,35.8887,-78.7934,852,429,12.08,CoStar/CBRE,2025-Q4,https://www.costar.com/multifamily
27613,Raleigh-Durham,35.7799,-78.6616,707,461,11.22,CoStar/CBRE,2025-Q4,https://www.costar.com/multifamily
27614,Raleigh-Durham,35.6692,-78.7297,687,486,12.61,CoStar/CBRE,2025-Q4,https://www.costar.com/multifamily
27615,Raleigh-Durham,35.8889,-78.7542,662,580,11.59,CoStar/CBRE,2025-Q4,https://www.costar.com/multifamily
27616,Raleigh-Durham,35.8911,-78.467,834,470,10.97,CoStar/CBRE,2025-Q4,https://www.costar.com/multifamily
27617,Raleigh-Durham,35.717,-78.4878,712,475,13.54,CoStar/CBRE,2025-Q4,https://www.costar.com/multifamily
27618,Raleigh-Durham,35.7076,-78.5006,774,438,10.91,CoStar/CBRE,2025-Q4,https://www.costar.com/multifamily
27619,Raleigh-Durham,35.8838,-78.6927,784,596,11.61,CoStar/CBRE,2025-Q4,https://www.costar.com/multifamily
27620,Raleigh-Durham,35.9064,-78.5947,787,610,10.62,CoStar/CBRE,2025-Q4,https://www.costar.com/multifamily
27621,Raleigh-Durham,35.6376,-78.4659,628,443,11.94,CoStar/CBRE,2025-Q4,https://www.costar.com/multifamily
27622,Raleigh-Durham,35.6989,-78.7593,754,429,12.61,CoStar/CBRE,2025-Q4,https://www.costar.com/multifamily
27623,Raleigh-Durham,35.9188,-78.7907,650,440,11.3,CoStar/CBRE,2025-Q4,https://www.costar.com/multifamily
27624,Raleigh-Durham,35.6915,-78.6916,893,602,10.43,CoStar/CBRE,2025-Q4,https://www.costar.com/multifamily
27625,Raleigh-Durham,35.84,-78.7867,896,499,12.78,CoStar/CBRE,2025-Q4,https://www.costar.com/multifamily
27626,Raleigh-Durham,35.9111,-78.6602,675,521,14.18,CoStar/CBRE,2025-Q4,https://www.costar.com/multifamily
27627,Raleigh-Durham,35.7371,-78.5578,677,478,10.68,CoStar/CBRE,2025-Q4,https://www.costar.com/multifamily
27628,Raleigh-Durham,35.9139,-78.4949,739,434,11.27,CoStar/CBRE,2025-Q4,https://www.costar.com/multifamily
27629,Raleigh-Durham,35.7701,-78.6401,687,431,10.41,CoStar/CBRE,2025-Q4,https://www.costar.com/multifamily
27630,Raleigh-Durham,35.6633,-78.5875,760,467,11.29,CoStar/CBRE,2025-Q4,https://www.costar.com/multifamily
27631,Raleigh-Durham,35.9181,-78.5901,697,599,10.42,CoStar/CBRE,2025-Q4,https://www.costar.com/multifamily
27632,Raleigh-Durham,35.7884,-78.5421,654,531,13.06,CoStar/CBRE,2025-Q4,https://www.costar.com/multifamily
27633,Raleigh-Durham,35.9076,-78.4736,739,434,12.01,CoStar/CBRE,2025-Q4,https://www.costar.com/multifamily
27634,Raleigh-Durham,35.8847,-78.7091,900,508,10.6,CoStar/CBRE,2025-Q4,https://www.costar.com/multifamily
27635,Raleigh-Durham,35.7174,-78.4605,699,481,11.56,CoStar/CBRE,2025-Q4,https://www.costar.com/multifamily
55401,Minneapolis,45.0901,-93.4362,366,287,14.63,CoStar/CBRE,2025-Q4,https://www.costar.com/multifamily
55402,Minneapolis,44.9461,-93.3549,449,330,12.37,CoStar/CBRE,2025-Q4,https://www.costar.com/multifamily
55403,Minneapolis,44.9389,-93.2056,397,257,14.31,CoStar/CBRE,2025-Q4,https://www.costar.com/multifamily
55404,Minneapolis,44.9838,-93.1439,374,319,11.49,CoStar/CBRE,2025-Q4,https://www.costar.com/multifamily
55405,Minneapolis,45.0293,-93.1425,362,264,14.74,CoStar/CBRE,2025-Q4,https://www.costar.com/multifamily
55406,Minneapolis,44.8357,-93.1993,473,319,11.98,CoStar/CBRE,2025-Q4,https://www.costar.com/multifamily
55407,Minneapolis,45.0536,-93.2202,398,337,10.6,CoStar/CBRE,2025-Q4,https://www.costar.com/multifamily
55408,Minneapolis,44.8572,-93.3421,371,280,12.25,CoStar/CBRE,2025-Q4,https://www.costar.com/multifamily
55409,Minneapolis,44.8772,-93.3331,420,290,14.57,CoStar/CBRE,2025-Q4,https://www.costar.com/multifamily
55410,Minneapolis,45.1116,-93.382,389,345,12.45,CoStar/CBRE,2025-Q4,https://www.costar.com/multifamily
55411,Minneapolis,44.9096,-93.239,441,317,11.29,CoStar/CBRE,2025-Q4,https://www.costar.com/multifamily
55412,Minneapolis,44.8889,-93.323,365,242,10.45,CoStar/CBRE,2025-Q4,https://www.costar.com/multifamily
55413,Minneapolis,44.8421,-93.3285,474,319,14.6,CoStar/CBRE,2025-Q4,https://www.costar.com/multifamily
55414,Minneapolis,44.8698,-93.3194,397,251,10.29,CoStar/CBRE,2025-Q4,https://www.costar.com/multifamily
55415,Minneapolis,44.9872,-93.3829,486,308,13.01,CoStar/CBRE,2025-Q4,https://www.costar.com/multifamily
55416,Minneapolis,44.8801,-93.0865,477,253,13.67,CoStar/CBRE,2025-Q4,https://www.costar.com/multifamily
55417,Minneapolis,44.9709,-93.2924,416,333,10.84,CoStar/CBRE,2025-Q4,https://www.costar.com/multifamily
55418,Minneapolis,45.1121,-93.1039,364,327,12.72,CoStar/CBRE,2025-Q4,https://www.costar.com/multifamily
55419,Minneapolis,44.87,-93.3642,422,295,12.63,CoStar/CBRE,2025-Q4,https://www.costar.com/multifamily
55420,Minneapolis,44.9393,-93.1102,435,313,11.44,CoStar/CBRE,2025-Q4,https://www.costar.com/multifamily
55421,Minneapolis,45.0844,-93.1116,465,317,11.0,CoStar/CBRE,2025-Q4,https://www.costar.com/multifamily
55422,Minneapolis,44.912,-93.3073,425,248,10.35,CoStar/CBRE,2025-Q4,https://www.costar.com/multifamily
55423,Minneapolis,44.9847,-93.1845,461,273,11.58,CoStar/CBRE,2025-Q4,https://www.costar.com/multifamily
55424,Minneapolis,44.96,-93.2417,432,313,13.89,CoStar/CBRE,2025-Q4,https://www.costar.com/multifamily
55425,Minneapolis,44.8654,-93.1232,442,246,11.92,CoStar/CBRE,2025-Q4,https://www.costar.com/multifamily
55426,Minneapolis,45.0066,-93.4325,387,321,13.87,CoStar/CBRE,2025-Q4,https://www.costar.com/multifamily
55427,Minneapolis,44.9101,-93.3012,366,268,13.27,CoStar/CBRE,2025-Q4,https://www.costar.com/multifamily
55428,Minneapolis,45.0968,-93.4219,356,301,14.48,CoStar/CBRE,2025-Q4,https://www.costar.com/multifamily
55429,Minneapolis,45.12,-93.2742,485,275,12.12,CoStar/CBRE,2025-Q4,https://www.costar.com/multifamily
55430,Minneapolis,45.038,-93.1797,454,288,11.65,CoStar/CBRE,2025-Q4,https://www.costar.com/multifamily
33601,Tampa Bay,27.9986,-82.5116,794,582,12.68,CoStar/CBRE,2025-Q4,https://www.costar.com/multifamily
33602,Tampa Bay,27.9669,-82.4874,962,576,11.61,CoStar/CBRE,2025-Q4,https://www.costar.com/multifamily
33603,Tampa Bay,27.9849,-82.3721,779,558,13.01,CoStar/CBRE,2025-Q4,https://www.costar.com/multifamily
33604,Tampa Bay,27.8212,-82.284,825,569,13.61,CoStar/CBRE,2025-Q4,https://www.costar.com/multifamily
33605,Tampa Bay,27.8902,-82.5817,919,567,12.71,CoStar/CBRE,2025-Q4,https://www.costar.com/multifamily
33606,Tampa Bay,27.9975,-82.5008,856,539,12.17,CoStar/CBRE,2025-Q4,https://www.costar.com/multifamily
33607,Tampa Bay,27.8167,-82.4116,971,669,12.88,CoStar/CBRE,2025-Q4,https://www.costar.com/multifamily
33608,Tampa Bay,28.0567,-82.4245,710,535,12.88,CoStar/CBRE,2025-Q4,https://www.costar.com/multifamily
33609,Tampa Bay,28.0279,-82.4925,916,600,10.51,CoStar/CBRE,2025-Q4,https://www.costar.com/multifamily
33610,Tampa Bay,27.9879,-82.6369,813,560,11.35,CoStar/CBRE,2025-Q4,https://www.costar.com/multifamily
33611,Tampa Bay,27.9889,-82.4287,778,595,12.18,CoStar/CBRE,2025-Q4,https://www.costar.com/multifamily
33612,Tampa Bay,28.0964,-82.5693,895,506,13.01,CoStar/CBRE,2025-Q4,https://www.costar.com/multifamily
33613,Tampa Bay,28.075,-82.6132,826,470,14.13,CoStar/CBRE,2025-Q4,https://www.costar.com/multifamily
33614,Tampa Bay,28.0243,-82.5429,807,470,13.28,CoStar/CBRE,2025-Q4,https://www.costar.com/multifamily
33615,Tampa Bay,27.8632,-82.5799,902,641,12.69,CoStar/CBRE,2025-Q4,https://www.costar.com/multifamily
33616,Tampa Bay,27.8793,-82.5428,852,478,12.3,CoStar/CBRE,2025-Q4,https://www.costar.com/multifamily
33617,Tampa Bay,27.8741,-82.3869,844,637,11.17,CoStar/CBRE,2025-Q4,https://www.costar.com/multifamily
33618,Tampa Bay,27.9153,-82.3565,744,553,12.12,CoStar/CBRE,2025-Q4,https://www.costar.com/multifamily
33619,Tampa Bay,27.8973,-82.377,830,498,12.64,CoStar/CBRE,2025-Q4,https://www.costar.com/multifamily
33620,Tampa Bay,28.0208,-82.4247,744,663,13.91,CoStar/CBRE,2025-Q4,https://www.costar.com/multifamily
33621,Tampa Bay,27.9501,-82.3987,852,515,12.19,CoStar/CBRE,2025-Q4,https://www.costar.com/multifamily
33622,Tampa Bay,27.9814,-82.6047,765,665,12.51,CoStar/CBRE,2025-Q4,https://www.costar.com/multifamily
33623,Tampa Bay,27.9174,-82.5239,824,608,11.6,CoStar/CBRE,2025-Q4,https://www.costar.com/multifamily
33624,Tampa Bay,27.9226,-82.369,733,577,13.33,CoStar/CBRE,2025-Q4,https://www.costar.com/multifamily
33625,Tampa Bay,27.9608,-82.6035,895,655,11.76,CoStar/CBRE,2025-Q4,https://www.costar.com/multifamily
33626,Tampa Bay,27.8313,-82.5546,773,644,10.88,CoStar/CBRE,2025-Q4,https://www.costar.com/multifamily
33627,Tampa Bay,27.8189,-82.5018,844,617,12.51,CoStar/CBRE,2025-Q4,https://www.costar.com/multifamily
33628,Tampa Bay,27.9677,-82.3873,903,505,10.69,CoStar/CBRE,2025-Q4,https://www.costar.com/multifamily
33629,Tampa Bay,27.8192,-82.4463,779,611,13.06,CoStar/CBRE,2025-Q4,https://www.costar.com/multifamily
33630,Tampa Bay,28.0678,-82.4595,956,584,14.23,CoStar/CBRE,2025-Q4,https://www.costar.com/multifamily
33631,Tampa Bay,27.8376,-82.6007,816,589,13.84,CoStar/CBRE,2025-Q4,https://www.costar.com/multifamily
33632,Tampa Bay,27.8238,-82.5809,770,613,12.64,CoStar/CBRE,2025-Q4,https://www.costar.com/multifamily
33633,Tampa Bay,27.9445,-82.5952,881,500,12.0,CoStar/CBRE,2025-Q4,https://www.costar.com/multifamily
33634,Tampa Bay,27.8879,-82.389,730,620,10.59,CoStar/CBRE,2025-Q4,https://www.costar.com/multifamily
33635,Tampa Bay,27.9175,-82.3407,795,595,14.39,CoStar/CBRE,2025-Q4,https://www.costar.com/multifamily
33636,Tampa Bay,27.867,-82.5172,978,477,14.52,CoStar/CBRE,2025-Q4,https://www.costar.com/multifamily
33637,Tampa Bay,27.8428,-82.4047,706,489,12.19,CoStar/CBRE,2025-Q4,https://www.costar.com/multifamily
33638,Tampa Bay,27.8969,-82.5837,765,497,12.67,CoStar/CBRE,2025-Q4,https://www.costar.com/multifamily
33639,Tampa Bay,27.8519,-82.4583,938,567,12.52,CoStar/CBRE,2025-Q4,https://www.costar.com/multifamily
33640,Tampa Bay,27.819,-82.3059,748,647,11.35,CoStar/CBRE,2025-Q4,https://www.costar.com/multifamily
70112,New Orleans,30.0007,-90.0178,205,159,11.09,CoStar/CBRE,2025-Q4,https://www.costar.com/multifamily
70113,New Orleans,29.9955,-90.2026,212,156,10.91,CoStar/CBRE,2025-Q4,https://www.costar.com/multifamily
70114,New Orleans,30.0978,-90.036,214,165,13.6,CoStar/CBRE,2025-Q4,https://www.costar.com/multifamily
70115,New Orleans,30.0186,-89.901,186,150,11.31,CoStar/CBRE,2025-Q4,https://www.costar.com/multifamily
70116,New Orleans,30.0939,-90.0688,211,125,10.78,CoStar/CBRE,2025-Q4,https://www.costar.com/multifamily
70117,New Orleans,30.0938,-89.9313,175,161,14.26,CoStar/CBRE,2025-Q4,https://www.costar.com/multifamily
70118,New Orleans,29.8235,-90.0269,249,169,11.01,CoStar/CBRE,2025-Q4,https://www.costar.com/multifamily
70119,New Orleans,29.9,-90.1187,205,120,12.79,CoStar/CBRE,2025-Q4,https://www.costar.com/multifamily
70120,New Orleans,30.0111,-89.9881,221,170,11.52,CoStar/CBRE,2025-Q4,https://www.costar.com/multifamily
70121,New Orleans,29.8391,-89.9342,222,147,13.23,CoStar/CBRE,2025-Q4,https://www.costar.com/multifamily
70122,New Orleans,29.962,-90.212,188,129,13.82,CoStar/CBRE,2025-Q4,https://www.costar.com/multifamily
70123,New Orleans,29.8127,-90.0026,176,160,13.4,CoStar/CBRE,2025-Q4,https://www.costar.com/multifamily
70124,New Orleans,29.9329,-90.072,205,130,12.1,CoStar/CBRE,2025-Q4,https://www.costar.com/multifamily
70125,New Orleans,29.8626,-90.0181,205,131,13.83,CoStar/CBRE,2025-Q4,https://www.costar.com/multifamily
70126,New Orleans,29.9915,-90.0393,236,159,12.07,CoStar/CBRE,2025-Q4,https://www.costar.com/multifamily
70127,New Orleans,29.8438,-90.215,246,167,11.86,CoStar/CBRE,2025-Q4,https://www.costar.com/multifamily
70128,New Orleans,29.8668,-90.1334,194,154,10.67,CoStar/CBRE,2025-Q4,https://www.costar.com/multifamily
70129,New Orleans,29.8485,-89.896,184,137,11.43,CoStar/CBRE,2025-Q4,https://www.costar.com/multifamily
70130,New Orleans,29.8377,-89.9451,242,133,11.09,CoStar/CBRE,2025-Q4,https://www.costar.com/multifamily
70131,New Orleans,30.0326,-90.1951,247,144,13.34,CoStar/CBRE,2025-Q4,https://www.costar.com/multifamily
70132,New Orleans,30.0371,-90.2343,250,148,13.55,CoStar/CBRE,2025-Q4,https://www.costar.com/multifamily
70133,New Orleans,29.968,-89.9595,216,160,12.86,CoStar/CBRE,2025-Q4,https://www.costar.com/multifamily
70134,New Orleans,29.8787,-89.9503,211,147,13.9,CoStar/CBRE,2025-Q4,https://www.costar.com/multifamily
70135,New Orleans,30.016,-90.1856,182,156,10.94,CoStar/CBRE,2025-Q4,https://www.costar.com/multifamily
70136,New Orleans,29.9351,-89.9513,237,148,11.55,CoStar/CBRE,2025-Q4,https://www.costar.com/multifamily
23220,Richmond,37.4159,-77.5995,246,168,12.99,CoStar/CBRE,2025-Q4,https://www.costar.com/multifamily
23221,Richmond,37.6849,-77.4639,290,161,12.83,CoStar/CBRE,2025-Q4,https://www.costar.com/multifamily
23222,Richmond,37.4054,-77.4226,325,184,13.35,CoStar/CBRE,2025-Q4,https://www.costar.com/multifamily
23223,Richmond,37.4967,-77.585,252,199,11.17,CoStar/CBRE,2025-Q4,https://www.costar.com/multifamily
23224,Richmond,37.5448,-77.5774,262,163,14.1,CoStar/CBRE,2025-Q4,https://www.costar.com/multifamily
23225,Richmond,37.4723,-77.4837,261,185,13.77,CoStar/CBRE,2025-Q4,https://www.costar.com/multifamily
23226,Richmond,37.6595,-77.4309,328,203,14.12,CoStar/CBRE,2025-Q4,https://www.costar.com/multifamily
23227,Richmond,37.4189,-77.5338,231,177,13.01,CoStar/CBRE,2025-Q4,https://www.costar.com/multifamily
23228,Richmond,37.5328,-77.4454,314,169,12.96,CoStar/CBRE,2025-Q4,https://www.costar.com/multifamily
23229,Richmond,37.526,-77.5971,294,167,13.36,CoStar/CBRE,2025-Q4,https://www.costar.com/multifamily
23230,Richmond,37.5885,-77.5539,272,209,10.3,CoStar/CBRE,2025-Q4,https://www.costar.com/multifamily
23231,Richmond,37.5199,-77.5093,277,179,13.86,CoStar/CBRE,2025-Q4,https://www.costar.com/multifamily
23232,Richmond,37.4466,-77.5103,260,166,14.36,CoStar/CBRE,2025-Q4,https://www.costar.com/multifamily
23233,Richmond,37.4853,-77.4535,326,159,12.82,CoStar/CBRE,2025-Q4,https://www.costar.com/multifamily
23234,Richmond,37.6252,-77.5046,327,208,11.04,CoStar/CBRE,2025-Q4,https://www.costar.com/multifamily
23235,Richmond,37.4086,-77.3644,250,168,11.72,CoStar/CBRE,2025-Q4,https://www.costar.com/multifamily
23236,Richmond,37.4421,-77.4001,288,197,12.04,CoStar/CBRE,2025-Q4,https://www.costar.com/multifamily
23237,Richmond,37.6444,-77.5962,246,173,13.73,CoStar/CBRE,2025-Q4,https://www.costar.com/multifamily
23238,Richmond,37.5241,-77.3425,300,219,11.6,CoStar/CBRE,2025-Q4,https://www.costar.com/multifamily
23239,Richmond,37.6458,-77.611,251,176,12.38,CoStar/CBRE,2025-Q4,https://www.costar.com/multifamily
23240,Richmond,37.5877,-77.2828,282,211,14.54,CoStar/CBRE,2025-Q4,https://www.costar.com/multifamily
23241,Richmond,37.5335,-77.3148,294,178,14.74,CoStar/CBRE,2025-Q4,https://www.costar.com/multifamily
23242,Richmond,37.618,-77.5881,309,196,13.67,CoStar/CBRE,2025-Q4,https://www.costar.com/multifamily
23243,Richmond,37.6746,-77.4299,255,210,13.78,CoStar/CBRE,2025-Q4,https://www.costar.com/multifamily
23244,Richmond,37.4129,-77.5491,244,165,10.29,CoStar/CBRE,2025-Q4,https://www.costar.com/multifamily
35201,Birmingham,33.4901,-86.7203,151,114,14.45,CoStar/CBRE,2025-Q4,https://www.costar.com/multifamily
35202,Birmingham,33.3741,-86.8958,171,108,13.98,CoStar/CBRE,2025-Q4,https://www.costar.com/multifamily
35203,Birmingham,33.456,-86.7176,173,119,10.81,CoStar/CBRE,2025-Q4,https://www.costar.com/multifamily
35204,Birmingham,33.4961,-86.9773,173,96,14.43,CoStar/CBRE,2025-Q4,https://www.costar.com/multifamily
35205,Birmingham,33.6097,-86.9059,174,106,12.1,CoStar/CBRE,2025-Q4,https://www.costar.com/multifamily
35206,Birmingham,33.5145,-86.707,187,120,14.07,CoStar/CBRE,2025-Q4,https://www.costar.com/multifamily
35207,Birmingham,33.6256,-86.8317,184,124,14.26,CoStar/CBRE,2025-Q4,https://www.costar.com/multifamily
35208,Birmingham,33.5024,-86.9896,181,100,12.33,CoStar/CBRE,2025-Q4,https://www.costar.com/multifamily
35209,Birmingham,33.5363,-86.6368,170,130,12.97,CoStar/CBRE,2025-Q4,https://www.costar.com/multifamily
35210,Birmingham,33.5389,-86.7826,178,127,12.08,CoStar/CBRE,2025-Q4,https://www.costar.com/multifamily
35211,Birmingham,33.3983,-86.887,185,113,14.02,CoStar/CBRE,2025-Q4,https://www.costar.com/multifamily
35212,Birmingham,33.4121,-86.9251,192,125,14.39,CoStar/CBRE,2025-Q4,https://www.costar.com/multifamily
35213,Birmingham,33.5525,-86.756,164,129,13.19,CoStar/CBRE,2025-Q4,https://www.costar.com/multifamily
35214,Birmingham,33.6606,-86.8263,144,119,11.51,CoStar/CBRE,2025-Q4,https://www.costar.com/multifamily
35215,Birmingham,33.4282,-86.7244,165,119,12.5,CoStar/CBRE,2025-Q4,https://www.costar.com/multifamily
35216,Birmingham,33.4336,-86.7062,160,97,10.8,CoStar/CBRE,2025-Q4,https://www.costar.com/multifamily
35217,Birmingham,33.6403,-86.6336,157,108,12.93,CoStar/CBRE,2025-Q4,https://www.costar.com/multifamily
35218,Birmingham,33.3932,-86.7566,142,125,13.78,CoStar/CBRE,2025-Q4,https://www.costar.com/multifamily
35219,Birmingham,33.5263,-86.9559,136,103,14.06,CoStar/CBRE,2025-Q4,https://www.costar.com/multifamily
35220,Birmingham,33.4906,-86.97,156,96,14.74,CoStar/CBRE,2025-Q4,https://www.costar.com/multifamily
35221,Birmingham,33.5274,-86.9599,181,110,11.1,CoStar/CBRE,2025-Q4,https://www.costar.com/multifamily
35222,Birmingham,33.3758,-86.956,181,130,13.62,CoStar/CBRE,2025-Q4,https://www.costar.com/multifamily
35223,Birmingham,33.5678,-86.8921,189,121,11.9,CoStar/CBRE,2025-Q4,https://www.costar.com/multifamily
35224,Birmingham,33.6499,-86.6487,187,101,13.39,CoStar/CBRE,2025-Q4,https://www.costar.com/multifamily
35225,Birmingham,33.4204,-86.957,171,120,12.35,CoStar/CBRE,2025-Q4,https://www.costar.com/multifamily
39201,Jackson,32.2271,-90.2321,90,73,11.6,CoStar/CBRE,2025-Q4,https://www.costar.com/multifamily
39202,Jackson,32.1528,-90.3527,115,64,12.44,CoStar/CBRE,2025-Q4,https://www.costar.com/multifamily
39203,Jackson,32.1656,-90.2184,87,76,12.12,CoStar/CBRE,2025-Q4,https://www.costar.com/multifamily
39204,Jackson,32.2514,-90.3531,116,67,12.33,CoStar/CBRE,2025-Q4,https://www.costar.com/multifamily
39205,Jackson,32.1709,-90.3045,97,71,11.19,CoStar/CBRE,2025-Q4,https://www.costar.com/multifamily
39206,Jackson,32.2849,-90.3222,89,70,11.11,CoStar/CBRE,2025-Q4,https://www.costar.com/multifamily
39207,Jackson,32.2956,-90.2128,84,64,10.85,CoStar/CBRE,2025-Q4,https://www.costar.com/multifamily
39208,Jackson,32.2655,-90.2881,97,74,11.83,CoStar/CBRE,2025-Q4,https://www.costar.com/multifamily
39209,Jackson,32.1819,-90.1096,113,57,11.56,CoStar/CBRE,2025-Q4,https://www.costar.com/multifamily
39210,Jackson,32.1713,-90.305,87,65,12.56,CoStar/CBRE,2025-Q4,https://www.costar.com/multifamily
39211,Jackson,32.4482,-90.2347,104,79,11.28,CoStar/CBRE,2025-Q4,https://www.costar.com/multifamily
39212,Jackson,32.296,-90.2763,82,65,11.9,CoStar/CBRE,2025-Q4,https://www.costar.com/multifamily
39213,Jackson,32.1967,-90.2215,85,78,11.47,CoStar/CBRE,2025-Q4,https://www.costar.com/multifamily
39214,Jackson,32.3854,-90.3628,117,71,10.54,CoStar/CBRE,2025-Q4,https://www.costar.com/multifamily
39215,Jackson,32.3652,-90.304,92,67,12.51,CoStar/CBRE,2025-Q4,https://www.costar.com/multifamily
72201,Little Rock,34.7682,-92.3894,127,91,11.83,CoStar/CBRE,2025-Q4,https://www.costar.com/multifamily
72202,Little Rock,34.7976,-92.1628,166,115,13.13,CoStar/CBRE,2025-Q4,https://www.costar.com/multifamily
72203,Little Rock,34.6219,-92.3923,126,94,12.32,CoStar/CBRE,2025-Q4,https://www.costar.com/multifamily
72204,Little Rock,34.7488,-92.4652,141,111,14.21,CoStar/CBRE,2025-Q4,https://www.costar.com/multifamily
72205,Little Rock,34.7948,-92.249,124,95,13.38,CoStar/CBRE,2025-Q4,https://www.costar.com/multifamily
72206,Little Rock,34.6569,-92.1649,138,113,10.31,CoStar/CBRE,2025-Q4,https://www.costar.com/multifamily
72207,Little Rock,34.7913,-92.2076,166,87,13.18,CoStar/CBRE,2025-Q4,https://www.costar.com/multifamily
72208,Little Rock,34.7869,-92.3467,164,98,13.02,CoStar/CBRE,2025-Q4,https://www.costar.com/multifamily
72209,Little Rock,34.8213,-92.4585,143,83,13.47,CoStar/CBRE,2025-Q4,https://www.costar.com/multifamily
72210,Little Rock,34.8875,-92.1108,147,97,14.33,CoStar/CBRE,2025-Q4,https://www.costar.com/multifamily
72211,Little Rock,34.6962,-92.2345,169,85,14.48,CoStar/CBRE,2025-Q4,https://www.costar.com/multifamily
72212,Little Rock,34.6491,-92.124,149,96,12.6,CoStar/CBRE,2025-Q4,https://www.costar.com/multifamily
72213,Little Rock,34.8331,-92.4152,136,112,12.4,CoStar/CBRE,2025-Q4,https://www.costar.com/multifamily
72214,Little Rock,34.6539,-92.422,165,95,13.19,CoStar/CBRE,2025-Q4,https://www.costar.com/multifamily
72215,Little Rock,34.5972,-92.1171,167,85,10.55,CoStar/CBRE,2025-Q4,https://www.costar.com/multifamily
72216,Little Rock,34.8815,-92.2356,162,105,10.49,CoStar/CBRE,2025-Q4,https://www.costar.com/multifamily
72217,Little Rock,34.6064,-92.3915,119,115,13.77,CoStar/CBRE,2025-Q4,https://www.costar.com/multifamily
72218,Little Rock,34.8266,-92.1155,165,90,11.68,CoStar/CBRE,2025-Q4,https://www.costar.com/multifamily
72219,Little Rock,34.6087,-92.1653,140,101,12.88,CoStar/CBRE,2025-Q4,https://www.costar.com/multifamily
72220,Little Rock,34.7655,-92.4348,143,111,12.56,CoStar/CBRE,2025-Q4,https://www.costar.com/multifamily
37401,Chattanooga,35.1461,-85.4534,189,133,14.46,CoStar/CBRE,2025-Q4,https://www.costar.com/multifamily
37402,Chattanooga,34.9016,-85.1394,178,143,11.33,CoStar/CBRE,2025-Q4,https://www.costar.com/multifamily
37403,Chattanooga,34.9809,-85.4578,203,148,13.78,CoStar/CBRE,2025-Q4,https://www.costar.com/multifamily
37404,Chattanooga,34.9264,-85.3973,158,112,13.09,CoStar/CBRE,2025-Q4,https://www.costar.com/multifamily
37405,Chattanooga,34.953,-85.1991,212,123,11.41,CoStar/CBRE,2025-Q4,https://www.costar.com/multifamily
37406,Chattanooga,34.9671,-85.1632,178,132,11.45,CoStar/CBRE,2025-Q4,https://www.costar.com/multifamily
37407,Chattanooga,35.0358,-85.4468,162,128,10.48,CoStar/CBRE,2025-Q4,https://www.costar.com/multifamily
37408,Chattanooga,35.1555,-85.4106,167,140,12.61,CoStar/CBRE,2025-Q4,https://www.costar.com/multifamily
37409,Chattanooga,34.8976,-85.3465,173,136,13.24,CoStar/CBRE,2025-Q4,https://www.costar.com/multifamily
37410,Chattanooga,35.0951,-85.3763,175,122,12.41,CoStar/CBRE,2025-Q4,https://www.costar.com/multifamily
37411,Chattanooga,34.9414,-85.4732,194,126,12.41,CoStar/CBRE,2025-Q4,https://www.costar.com/multifamily
37412,Chattanooga,35.0932,-85.1884,152,107,12.17,CoStar/CBRE,2025-Q4,https://www.costar.com/multifamily
37413,Chattanooga,35.0907,-85.371,153,106,12.21,CoStar/CBRE,2025-Q4,https://www.costar.com/multifamily
37414,Chattanooga,35.0638,-85.1962,158,113,12.86,CoStar/CBRE,2025-Q4,https://www.costar.com/multifamily
37415,Chattanooga,35.1133,-85.1357,206,122,11.29,CoStar/CBRE,2025-Q4,https://www.costar.com/multifamily
37416,Chattanooga,35.1223,-85.2977,189,139,11.22,CoStar/CBRE,2025-Q4,https://www.costar.com/multifamily
37417,Chattanooga,35.0357,-85.4008,179,115,14.56,CoStar/CBRE,2025-Q4,https://www.costar.com/multifamily
37418,Chattanooga,35.053,-85.3714,202,110,10.34,CoStar/CBRE,2025-Q4,https://www.costar.com/multifamily
37419,Chattanooga,35.1174,-85.1895,196,110,14.07,CoStar/CBRE,2025-Q4,https://www.costar.com/multifamily
37420,Chattanooga,35.0582,-85.3824,169,119,12.33,CoStar/CBRE,2025-Q4,https://www.costar.com/multifamily
37901,Knoxville,35.9806,-83.8556,205,124,13.84,CoStar/CBRE,2025-Q4,https://www.costar.com/multifamily
37902,Knoxville,36.1059,-83.8437,184,143,11.27,CoStar/CBRE,2025-Q4,https://www.costar.com/multifamily
37903,Knoxville,35.9361,-83.8778,177,142,12.76,CoStar/CBRE,2025-Q4,https://www.costar.com/multifamily
37904,Knoxville,35.9969,-84.0337,178,126,10.29,CoStar/CBRE,2025-Q4,https://www.costar.com/multifamily
37905,Knoxville,35.8953,-84.0148,235,162,10.48,CoStar/CBRE,2025-Q4,https://www.costar.com/multifamily
37906,Knoxville,35.8615,-83.9467,235,165,13.5,CoStar/CBRE,2025-Q4,https://www.costar.com/multifamily
37907,Knoxville,35.9189,-83.7765,197,143,12.91,CoStar/CBRE,2025-Q4,https://www.costar.com/multifamily
37908,Knoxville,35.8884,-83.8143,215,168,12.76,CoStar/CBRE,2025-Q4,https://www.costar.com/multifamily
37909,Knoxville,36.0959,-83.7466,182,162,14.12,CoStar/CBRE,2025-Q4,https://www.costar.com/multifamily
37910,Knoxville,35.9395,-83.7964,181,146,11.42,CoStar/CBRE,2025-Q4,https://www.costar.com/multifamily
37911,Knoxville,35.9424,-83.9064,187,160,11.82,CoStar/CBRE,2025-Q4,https://www.costar.com/multifamily
37912,Knoxville,35.8986,-84.0266,247,169,13.98,CoStar/CBRE,2025-Q4,https://www.costar.com/multifamily
37913,Knoxville,35.826,-83.9278,199,122,11.78,CoStar/CBRE,2025-Q4,https://www.costar.com/multifamily
37914,Knoxville,35.9466,-83.8265,226,127,11.26,CoStar/CBRE,2025-Q4,https://www.costar.com/multifamily
37915,Knoxville,35.9807,-84.0089,202,164,10.42,CoStar/CBRE,2025-Q4,https://www.costar.com/multifamily
37916,Knoxville,35.8224,-83.9231,174,165,12.31,CoStar/CBRE,2025-Q4,https://www.costar.com/multifamily
37917,Knoxville,35.8801,-83.8696,210,149,14.31,CoStar/CBRE,2025-Q4,https://www.costar.com/multifamily
37918,Knoxville,35.9267,-83.9212,185,119,14.36,CoStar/CBRE,2025-Q4,https://www.costar.com/multifamily
37919,Knoxville,35.9123,-84.0963,236,134,11.6,CoStar/CBRE,2025-Q4,https://www.costar.com/multifamily
37920,Knoxville,36.0378,-83.7642,212,127,11.29,CoStar/CBRE,2025-Q4,https://www.costar.com/multifamily
35801,Huntsville,34.7079,-86.7432,242,134,14.26,CoStar/CBRE,2025-Q4,https://www.costar.com/multifamily
35802,Huntsville,34.7481,-86.4382,194,166,12.0,CoStar/CBRE,2025-Q4,https://www.costar.com/multifamily
35803,Huntsville,34.7966,-86.6401,192,164,10.96,CoStar/CBRE,2025-Q4,https://www.costar.com/multifamily
35804,Huntsville,34.7559,-86.582,211,171,14.13,CoStar/CBRE,2025-Q4,https://www.costar.com/multifamily
35805,Huntsville,34.8125,-86.4995,220,135,13.65,CoStar/CBRE,2025-Q4,https://www.costar.com/multifamily
35806,Huntsville,34.7077,-86.736,194,164,10.71,CoStar/CBRE,2025-Q4,https://www.costar.com/multifamily
35807,Huntsville,34.8121,-86.7147,230,149,13.3,CoStar/CBRE,2025-Q4,https://www.costar.com/multifamily
35808,Huntsville,34.7777,-86.4916,220,173,12.1,CoStar/CBRE,2025-Q4,https://www.costar.com/multifamily
35809,Huntsville,34.8185,-86.5026,234,168,14.32,CoStar/CBRE,2025-Q4,https://www.costar.com/multifamily
35810,Huntsville,34.6263,-86.621,233,152,12.5,CoStar/CBRE,2025-Q4,https://www.costar.com/multifamily
35811,Huntsville,34.8674,-86.6693,250,161,10.87,CoStar/CBRE,2025-Q4,https://www.costar.com/multifamily
35812,Huntsville,34.8036,-86.6961,259,147,13.84,CoStar/CBRE,2025-Q4,https://www.costar.com/multifamily
35813,Huntsville,34.727,-86.7408,227,175,12.94,CoStar/CBRE,2025-Q4,https://www.costar.com/multifamily
35814,Huntsville,34.7605,-86.5112,250,135,14.37,CoStar/CBRE,2025-Q4,https://www.costar.com/multifamily
35815,Huntsville,34.6437,-86.6057,255,186,10.99,CoStar/CBRE,2025-Q4,https://www.costar.com/multifamily
35816,Huntsville,34.5926,-86.656,197,131,13.52,CoStar/CBRE,2025-Q4,https://www.costar.com/multifamily
35817,Huntsville,34.7372,-86.4676,233,159,14.58,CoStar/CBRE,2025-Q4,https://www.costar.com/multifamily
35818,Huntsville,34.8734,-86.6638,232,168,11.73,CoStar/CBRE,2025-Q4,https://www.costar.com/multifamily
35819,Huntsville,34.7794,-86.5838,226,178,10.78,CoStar/CBRE,2025-Q4,https://www.costar.com/multifamily
35820,Huntsville,34.604,-86.6983,220,173,11.18,CoStar/CBRE,2025-Q4,https://www.costar.com/multifamily
80901,Colorado Springs,38.6889,-104.726,210,148,12.58,CoStar/CBRE,2025-Q4,https://www.costar.com/multifamily
80902,Colorado Springs,38.6976,-104.8922,214,151,11.15,CoStar/CBRE,2025-Q4,https://www.costar.com/multifamily
80903,Colorado Springs,38.7572,-104.7671,206,127,14.14,CoStar/CBRE,2025-Q4,https://www.costar.com/multifamily
80904,Colorado Springs,38.7692,-104.9203,230,163,12.24,CoStar/CBRE,2025-Q4,https://www.costar.com/multifamily
80905,Colorado Springs,38.897,-104.7245,247,119,14.01,CoStar/CBRE,2025-Q4,https://www.costar.com/multifamily
80906,Colorado Springs,38.9338,-104.7896,207,141,11.38,CoStar/CBRE,2025-Q4,https://www.costar.com/multifamily
80907,Colorado Springs,38.7351,-104.7152,218,137,13.91,CoStar/CBRE,2025-Q4,https://www.costar.com/multifamily
80908,Colorado Springs,38.7261,-104.9324,194,161,10.71,CoStar/CBRE,2025-Q4,https://www.costar.com/multifamily
80909,Colorado Springs,38.7516,-104.6453,223,138,11.19,CoStar/CBRE,2025-Q4,https://www.costar.com/multifamily
80910,Colorado Springs,38.7266,-104.8132,186,156,11.56,CoStar/CBRE,2025-Q4,https://www.costar.com/multifamily
80911,Colorado Springs,38.745,-104.9654,203,166,11.95,CoStar/CBRE,2025-Q4,https://www.costar.com/multifamily
80912,Colorado Springs,38.8741,-104.9725,211,165,12.76,CoStar/CBRE,2025-Q4,https://www.costar.com/multifamily
80913,Colorado Springs,38.6908,-104.9241,246,126,12.94,CoStar/CBRE,2025-Q4,https://www.costar.com/multifamily
80914,Colorado Springs,38.7963,-104.7415,202,165,11.7,CoStar/CBRE,2025-Q4,https://www.costar.com/multifamily
80915,Colorado Springs,38.9103,-104.9924,199,165,11.94,CoStar/CBRE,2025-Q4,https://www.costar.com/multifamily
80916,Colorado Springs,38.8286,-104.7344,246,163,11.6,CoStar/CBRE,2025-Q4,https://www.costar.com/multifamily
80917,Colorado Springs,38.7612,-104.9417,183,160,12.57,CoStar/CBRE,2025-Q4,https://www.costar.com/multifamily
80918,Colorado Springs,38.8939,-104.8331,251,149,10.83,CoStar/CBRE,2025-Q4,https://www.costar.com/multifamily
80919,Colorado Springs,38.8516,-104.8742,206,162,11.73,CoStar/CBRE,2025-Q4,https://www.costar.com/multifamily
80920,Colorado Springs,38.8249,-104.9132,196,169,12.71,CoStar/CBRE,2025-Q4,https://www.costar.com/multifamily
80521,Fort Collins,40.6156,-105.0487,205,136,12.53,CoStar/CBRE,2025-Q4,https://www.costar.com/multifamily
80522,Fort Collins,40.5813,-105.0875,167,147,14.26,CoStar/CBRE,2025-Q4,https://www.costar.com/multifamily
80523,Fort Collins,40.7337,-105.2207,156,114,14.17,CoStar/CBRE,2025-Q4,https://www.costar.com/multifamily
80524,Fort Collins,40.5595,-105.1563,164,146,13.04,CoStar/CBRE,2025-Q4,https://www.costar.com/multifamily
80525,Fort Collins,40.5862,-104.9995,193,108,13.82,CoStar/CBRE,2025-Q4,https://www.costar.com/multifamily
80526,Fort Collins,40.4926,-105.1942,171,109,12.67,CoStar/CBRE,2025-Q4,https://www.costar.com/multifamily
80527,Fort Collins,40.6055,-104.9815,216,110,10.59,CoStar/CBRE,2025-Q4,https://www.costar.com/multifamily
80528,Fort Collins,40.5814,-105.0669,213,130,13.55,CoStar/CBRE,2025-Q4,https://www.costar.com/multifamily
80529,Fort Collins,40.4537,-104.9633,186,118,13.81,CoStar/CBRE,2025-Q4,https://www.costar.com/multifamily
80530,Fort Collins,40.6692,-104.9353,204,139,12.88,CoStar/CBRE,2025-Q4,https://www.costar.com/multifamily
80531,Fort Collins,40.7276,-104.9174,209,137,10.99,CoStar/CBRE,2025-Q4,https://www.costar.com/multifamily
80532,Fort Collins,40.5228,-105.1228,171,131,14.57,CoStar/CBRE,2025-Q4,https://www.costar.com/multifamily
80533,Fort Collins,40.7307,-105.1286,212,111,13.75,CoStar/CBRE,2025-Q4,https://www.costar.com/multifamily
80534,Fort Collins,40.6703,-105.1334,187,108,11.04,CoStar/CBRE,2025-Q4,https://www.costar.com/multifamily
80535,Fort Collins,40.5431,-105.0584,164,109,13.47,CoStar/CBRE,2025-Q4,https://www.costar.com/multifamily
83701,Boise,43.7247,-116.0441,173,116,10.35,CoStar/CBRE,2025-Q4,https://www.costar.com/multifamily
83702,Boise,43.6019,-116.2558,206,132,14.55,CoStar/CBRE,2025-Q4,https://www.costar.com/multifamily
83703,Boise,43.6464,-116.2294,206,117,11.86,CoStar/CBRE,2025-Q4,https://www.costar.com/multifamily
83704,Boise,43.6846,-116.3613,188,130,13.75,CoStar/CBRE,2025-Q4,https://www.costar.com/multifamily
83705,Boise,43.7173,-116.1541,186,109,11.62,CoStar/CBRE,2025-Q4,https://www.costar.com/multifamily
83706,Boise,43.5021,-116.1499,162,116,12.4,CoStar/CBRE,2025-Q4,https://www.costar.com/multifamily
83707,Boise,43.5185,-116.0558,187,117,11.98,CoStar/CBRE,2025-Q4,https://www.costar.com/multifamily
83708,Boise,43.7088,-116.1862,172,142,12.84,CoStar/CBRE,2025-Q4,https://www.costar.com/multifamily
83709,Boise,43.718,-116.3356,165,113,10.65,CoStar/CBRE,2025-Q4,https://www.costar.com/multifamily
83710,Boise,43.5694,-116.3151,199,118,14.38,CoStar/CBRE,2025-Q4,https://www.costar.com/multifamily
83711,Boise,43.514,-116.3647,168,124,12.97,CoStar/CBRE,2025-Q4,https://www.costar.com/multifamily
83712,Boise,43.5914,-116.2544,161,112,12.62,CoStar/CBRE,2025-Q4,https://www.costar.com/multifamily
83713,Boise,43.677,-116.2647,176,141,10.39,CoStar/CBRE,2025-Q4,https://www.costar.com/multifamily
83714,Boise,43.5255,-116.2124,176,142,10.63,CoStar/CBRE,2025-Q4,https://www.costar.com/multifamily
83715,Boise,43.6774,-116.1641,163,128,10.74,CoStar/CBRE,2025-Q4,https://www.costar.com/multifamily
83716,Boise,43.5902,-116.2899,155,138,13.64,CoStar/CBRE,2025-Q4,https://www.costar.com/multifamily
83717,Boise,43.7008,-116.3328,216,112,13.92,CoStar/CBRE,2025-Q4,https://www.costar.com/multifamily
83718,Boise,43.5903,-116.2651,153,142,11.67,CoStar/CBRE,2025-Q4,https://www.costar.com/multifamily
83719,Boise,43.4972,-116.3332,218,142,14.33,CoStar/CBRE,2025-Q4,https://www.costar.com/multifamily
83720,Boise,43.699,-116.2283,212,105,10.56,CoStar/CBRE,2025-Q4,https://www.costar.com/multifamily
84101,Salt Lake City,40.8773,-111.9314,394,225,11.27,CoStar/CBRE,2025-Q4,https://www.costar.com/multifamily
84102,Salt Lake City,40.6363,-112.0239,432,303,14.44,CoStar/CBRE,2025-Q4,https://www.costar.com/multifamily
84103,Salt Lake City,40.7514,-111.8461,405,288,11.37,CoStar/CBRE,2025-Q4,https://www.costar.com/multifamily
84104,Salt Lake City,40.823,-111.9307,424,288,12.73,CoStar/CBRE,2025-Q4,https://www.costar.com/multifamily
84105,Salt Lake City,40.6169,-111.754,352,266,14.45,CoStar/CBRE,2025-Q4,https://www.costar.com/multifamily
84106,Salt Lake City,40.825,-111.9304,370,271,12.73,CoStar/CBRE,2025-Q4,https://www.costar.com/multifamily
84107,Salt Lake City,40.7135,-111.8584,407,253,14.06,CoStar/CBRE,2025-Q4,https://www.costar.com/multifamily
84108,Salt Lake City,40.6178,-112.023,401,237,12.59,CoStar/CBRE,2025-Q4,https://www.costar.com/multifamily
84109,Salt Lake City,40.6842,-111.832,375,250,11.05,CoStar/CBRE,2025-Q4,https://www.costar.com/multifamily
84110,Salt Lake City,40.6812,-111.8502,444,236,13.32,CoStar/CBRE,2025-Q4,https://www.costar.com/multifamily
84111,Salt Lake City,40.7174,-111.7903,444,248,13.52,CoStar/CBRE,2025-Q4,https://www.costar.com/multifamily
84112,Salt Lake City,40.8392,-111.8342,403,242,12.49,CoStar/CBRE,2025-Q4,https://www.costar.com/multifamily
84113,Salt Lake City,40.8892,-111.8919,422,280,14.12,CoStar/CBRE,2025-Q4,https://www.costar.com/multifamily
84114,Salt Lake City,40.8178,-111.7551,392,271,11.45,CoStar/CBRE,2025-Q4,https://www.costar.com/multifamily
84115,Salt Lake City,40.8422,-111.9471,403,241,14.34,CoStar/CBRE,2025-Q4,https://www.costar.com/multifamily
84116,Salt Lake City,40.8637,-111.9126,412,250,11.99,CoStar/CBRE,2025-Q4,https://www.costar.com/multifamily
84117,Salt Lake City,40.7678,-111.8173,382,275,10.54,CoStar/CBRE,2025-Q4,https://www.costar.com/multifamily
84118,Salt Lake City,40.7497,-111.8455,372,270,13.96,CoStar/CBRE,2025-Q4,https://www.costar.com/multifamily
84119,Salt Lake City,40.8466,-111.8149,437,286,13.29,CoStar/CBRE,2025-Q4,https://www.costar.com/multifamily
84120,Salt Lake City,40.8174,-111.8833,393,250,11.71,CoStar/CBRE,2025-Q4,https://www.costar.com/multifamily
84121,Salt Lake City,40.7933,-111.7582,407,241,12.59,CoStar/CBRE,2025-Q4,https://www.costar.com/multifamily
84122,Salt Lake City,40.6815,-111.9512,446,278,13.38,CoStar/CBRE,2025-Q4,https://www.costar.com/multifamily
84123,Salt Lake City,40.7958,-111.9414,379,257,13.62,CoStar/CBRE,2025-Q4,https://www.costar.com/multifamily
84124,Salt Lake City,40.7031,-111.7985,454,230,11.42,CoStar/CBRE,2025-Q4,https://www.costar.com/multifamily
84125,Salt Lake City,40.8587,-111.7259,407,292,10.41,CoStar/CBRE,2025-Q4,https://www.costar.com/multifamily
84126,Salt Lake City,40.6944,-112.0675,427,239,12.46,CoStar/CBRE,2025-Q4,https://www.costar.com/multifamily
84127,Salt Lake City,40.7442,-112.0667,337,267,11.75,CoStar/CBRE,2025-Q4,https://www.costar.com/multifamily
84128,Salt Lake City,40.8542,-111.9549,432,306,11.98,CoStar/CBRE,2025-Q4,https://www.costar.com/multifamily
84129,Salt Lake City,40.7484,-111.8172,387,258,10.99,CoStar/CBRE,2025-Q4,https://www.costar.com/multifamily
84130,Salt Lake City,40.7792,-111.7822,420,227,12.1,CoStar/CBRE,2025-Q4,https://www.costar.com/multifamily
89501,Reno,39.4008,-119.9316,264,133,12.03,CoStar/CBRE,2025-Q4,https://www.costar.com/multifamily
89502,Reno,39.3829,-119.8015,240,132,12.77,CoStar/CBRE,2025-Q4,https://www.costar.com/multifamily
89503,Reno,39.6474,-119.9435,220,135,10.82,CoStar/CBRE,2025-Q4,https://www.costar.com/multifamily
89504,Reno,39.5015,-119.7962,202,130,12.87,CoStar/CBRE,2025-Q4,https://www.costar.com/multifamily
89505,Reno,39.6072,-119.9909,206,133,11.47,CoStar/CBRE,2025-Q4,https://www.costar.com/multifamily
89506,Reno,39.539,-119.9151,273,181,11.99,CoStar/CBRE,2025-Q4,https://www.costar.com/multifamily
89507,Reno,39.613,-119.7196,246,139,13.97,CoStar/CBRE,2025-Q4,https://www.costar.com/multifamily
89508,Reno,39.4903,-119.9834,203,183,11.79,CoStar/CBRE,2025-Q4,https://www.costar.com/multifamily
89509,Reno,39.4744,-119.7708,226,131,14.21,CoStar/CBRE,2025-Q4,https://www.costar.com/multifamily
89510,Reno,39.4756,-119.6483,266,145,14.11,CoStar/CBRE,2025-Q4,https://www.costar.com/multifamily
89511,Reno,39.6468,-119.9826,230,145,11.14,CoStar/CBRE,2025-Q4,https://www.costar.com/multifamily
89512,Reno,39.6637,-119.9181,258,187,12.1,CoStar/CBRE,2025-Q4,https://www.costar.com/multifamily
89513,Reno,39.6736,-119.6495,254,153,13.34,CoStar/CBRE,2025-Q4,https://www.costar.com/multifamily
89514,Reno,39.589,-119.9675,235,130,10.66,CoStar/CBRE,2025-Q4,https://www.costar.com/multifamily
89515,Reno,39.6568,-119.839,197,155,11.58,CoStar/CBRE,2025-Q4,https://www.costar.com/multifamily
32301,Tallahassee,30.5905,-84.2476,121,107,14.39,CoStar/CBRE,2025-Q4,https://www.costar.com/multifamily
32302,Tallahassee,30.5402,-84.2703,146,101,12.09,CoStar/CBRE,2025-Q4,https://www.costar.com/multifamily
32303,Tallahassee,30.3944,-84.1612,130,102,13.86,CoStar/CBRE,2025-Q4,https://www.costar.com/multifamily
32304,Tallahassee,30.3974,-84.269,156,95,12.38,CoStar/CBRE,2025-Q4,https://www.costar.com/multifamily
32305,Tallahassee,30.3641,-84.1975,164,116,11.1,CoStar/CBRE,2025-Q4,https://www.costar.com/multifamily
32306,Tallahassee,30.3177,-84.4342,151,85,13.01,CoStar/CBRE,2025-Q4,https://www.costar.com/multifamily
32307,Tallahassee,30.3535,-84.1511,123,113,13.87,CoStar/CBRE,2025-Q4,https://www.costar.com/multifamily
32308,Tallahassee,30.3849,-84.2306,134,88,10.41,CoStar/CBRE,2025-Q4,https://www.costar.com/multifamily
32309,Tallahassee,30.4286,-84.2102,131,87,13.73,CoStar/CBRE,2025-Q4,https://www.costar.com/multifamily
32310,Tallahassee,30.5122,-84.4036,165,97,14.58,CoStar/CBRE,2025-Q4,https://www.costar.com/multifamily
32311,Tallahassee,30.3031,-84.3612,145,111,13.93,CoStar/CBRE,2025-Q4,https://www.costar.com/multifamily
32312,Tallahassee,30.3315,-84.1262,147,90,12.22,CoStar/CBRE,2025-Q4,https://www.costar.com/multifamily
32313,Tallahassee,30.4697,-84.3331,140,88,13.65,CoStar/CBRE,2025-Q4,https://www.costar.com/multifamily
32314,Tallahassee,30.5859,-84.2822,151,108,13.23,CoStar/CBRE,2025-Q4,https://www.costar.com/multifamily
32315,Tallahassee,30.4252,-84.1236,120,82,11.21,CoStar/CBRE,2025-Q4,https://www.costar.com/multifamily
32601,Gainesville,29.5759,-82.3427,151,85,10.86,CoStar/CBRE,2025-Q4,https://www.costar.com/multifamily
32602,Gainesville,29.7319,-82.1685,156,107,11.94,CoStar/CBRE,2025-Q4,https://www.costar.com/multifamily
32603,Gainesville,29.5254,-82.2665,122,91,14.4,CoStar/CBRE,2025-Q4,https://www.costar.com/multifamily
32604,Gainesville,29.5349,-82.1629,144,100,11.78,CoStar/CBRE,2025-Q4,https://www.costar.com/multifamily
32605,Gainesville,29.7162,-82.2602,130,114,11.55,CoStar/CBRE,2025-Q4,https://www.costar.com/multifamily
32606,Gainesville,29.5085,-82.4095,154,97,14.48,CoStar/CBRE,2025-Q4,https://www.costar.com/multifamily
32607,Gainesville,29.7182,-82.455,142,88,14.33,CoStar/CBRE,2025-Q4,https://www.costar.com/multifamily
32608,Gainesville,29.5656,-82.3986,140,99,10.76,CoStar/CBRE,2025-Q4,https://www.costar.com/multifamily
32609,Gainesville,29.6681,-82.1764,148,84,11.32,CoStar/CBRE,2025-Q4,https://www.costar.com/multifamily
32610,Gainesville,29.7204,-82.4582,141,88,14.18,CoStar/CBRE,2025-Q4,https://www.costar.com/multifamily
32611,Gainesville,29.7424,-82.4406,171,93,12.37,CoStar/CBRE,2025-Q4,https://www.costar.com/multifamily
32612,Gainesville,29.6499,-82.2905,135,105,13.59,CoStar/CBRE,2025-Q4,https://www.costar.com/multifamily
32613,Gainesville,29.7811,-82.2597,154,92,10.98,CoStar/CBRE,2025-Q4,https://www.costar.com/multifamily
32614,Gainesville,29.5171,-82.286,152,111,14.53,CoStar/CBRE,2025-Q4,https://www.costar.com/multifamily
32615,Gainesville,29.5239,-82.2676,158,114,12.37,CoStar/CBRE,2025-Q4,https://www.costar.com/multifamily
34201,Bradenton,27.5224,-82.5544,147,80,11.51,CoStar/CBRE,2025-Q4,https://www.costar.com/multifamily
34202,Bradenton,27.5379,-82.6255,110,98,10.51,CoStar/CBRE,2025-Q4,https://www.costar.com/multifamily
34203,Bradenton,27.3712,-82.6118,117,74,13.8,CoStar/CBRE,2025-Q4,https://www.costar.com/multifamily
34204,Bradenton,27.6075,-82.486,151,97,10.74,CoStar/CBRE,2025-Q4,https://www.costar.com/multifamily
34205,Bradenton,27.6163,-82.5212,112,98,10.81,CoStar/CBRE,2025-Q4,https://www.costar.com/multifamily
34206,Bradenton,27.5039,-82.5677,149,98,11.22,CoStar/CBRE,2025-Q4,https://www.costar.com/multifamily
34207,Bradenton,27.4793,-82.4632,119,98,12.44,CoStar/CBRE,2025-Q4,https://www.costar.com/multifamily
34208,Bradenton,27.4071,-82.6673,117,102,10.56,CoStar/CBRE,2025-Q4,https://www.costar.com/multifamily
34209,Bradenton,27.5284,-82.4593,150,91,12.14,CoStar/CBRE,2025-Q4,https://www.costar.com/multifamily
34210,Bradenton,27.5195,-82.7443,117,96,14.16,CoStar/CBRE,2025-Q4,https://www.costar.com/multifamily
34211,Bradenton,27.5849,-82.4356,138,91,13.75,CoStar/CBRE,2025-Q4,https://www.costar.com/multifamily
34212,Bradenton,27.5312,-82.7127,124,90,13.6,CoStar/CBRE,2025-Q4,https://www.costar.com/multifamily
34213,Bradenton,27.4925,-82.5154,139,98,13.91,CoStar/CBRE,2025-Q4,https://www.costar.com/multifamily
34214,Bradenton,27.5645,-82.7151,133,91,13.64,CoStar/CBRE,2025-Q4,https://www.costar.com/multifamily
34215,Bradenton,27.4423,-82.4399,140,84,11.05,CoStar/CBRE,2025-Q4,https://www.costar.com/multifamily
34101,Naples,26.0832,-81.9686,156,116,12.63,CoStar/CBRE,2025-Q4,https://www.costar.com/multifamily
34102,Naples,26.1254,-81.9501,171,130,11.25,CoStar/CBRE,2025-Q4,https://www.costar.com/multifamily
34103,Naples,26.272,-81.9541,172,117,10.35,CoStar/CBRE,2025-Q4,https://www.costar.com/multifamily
34104,Naples,26.2264,-81.898,174,93,14.34,CoStar/CBRE,2025-Q4,https://www.costar.com/multifamily
34105,Naples,26.1227,-81.8102,158,131,10.45,CoStar/CBRE,2025-Q4,https://www.costar.com/multifamily
34106,Naples,26.0522,-81.8199,161,99,11.22,CoStar/CBRE,2025-Q4,https://www.costar.com/multifamily
34107,Naples,26.2024,-81.6868,144,123,13.4,CoStar/CBRE,2025-Q4,https://www.costar.com/multifamily
34108,Naples,26.1194,-81.6176,139,102,12.51,CoStar/CBRE,2025-Q4,https://www.costar.com/multifamily
34109,Naples,26.2919,-81.7136,175,115,12.65,CoStar/CBRE,2025-Q4,https://www.costar.com/multifamily
34110,Naples,26.2087,-81.9122,161,101,10.57,CoStar/CBRE,2025-Q4,https://www.costar.com/multifamily
34111,Naples,26.1317,-81.655,167,100,11.18,CoStar/CBRE,2025-Q4,https://www.costar.com/multifamily
34112,Naples,26.2823,-81.7252,143,92,10.9,CoStar/CBRE,2025-Q4,https://www.costar.com/multifamily
34113,Naples,26.2828,-81.9213,183,103,10.87,CoStar/CBRE,2025-Q4,https://www.costar.com/multifamily
34114,Naples,26.1011,-81.9585,176,128,11.9,CoStar/CBRE,2025-Q4,https://www.costar.com/multifamily
34115,Naples,26.1366,-81.9444,176,112,12.09,CoStar/CBRE,2025-Q4,https://www.costar.com/multifamily
33901,Fort Myers,26.5658,-81.8248,208,181,10.99,CoStar/CBRE,2025-Q4,https://www.costar.com/multifamily
33902,Fort Myers,26.7253,-81.6952,223,130,13.16,CoStar/CBRE,2025-Q4,https://www.costar.com/multifamily
33903,Fort Myers,26.5693,-81.8814,203,167,13.0,CoStar/CBRE,2025-Q4,https://www.costar.com/multifamily
33904,Fort Myers,26.7609,-81.8204,257,180,11.87,CoStar/CBRE,2025-Q4,https://www.costar.com/multifamily
33905,Fort Myers,26.6128,-81.9642,240,169,13.29,CoStar/CBRE,2025-Q4,https://www.costar.com/multifamily
33906,Fort Myers,26.6223,-81.7403,197,166,11.8,CoStar/CBRE,2025-Q4,https://www.costar.com/multifamily
33907,Fort Myers,26.7652,-82.0271,252,161,14.04,CoStar/CBRE,2025-Q4,https://www.costar.com/multifamily
33908,Fort Myers,26.6913,-82.009,251,187,14.0,CoStar/CBRE,2025-Q4,https://www.costar.com/multifamily
33909,Fort Myers,26.5124,-81.8548,202,162,10.4,CoStar/CBRE,2025-Q4,https://www.costar.com/multifamily
33910,Fort Myers,26.6152,-81.8194,197,184,11.91,CoStar/CBRE,2025-Q4,https://www.costar.com/multifamily
33911,Fort Myers,26.6955,-82.0171,253,136,10.29,CoStar/CBRE,2025-Q4,https://www.costar.com/multifamily
33912,Fort Myers,26.7652,-81.9255,264,147,13.18,CoStar/CBRE,2025-Q4,https://www.costar.com/multifamily
33913,Fort Myers,26.6781,-81.9457,200,160,11.08,CoStar/CBRE,2025-Q4,https://www.costar.com/multifamily
33914,Fort Myers,26.7557,-81.9375,202,131,13.27,CoStar/CBRE,2025-Q4,https://www.costar.com/multifamily
33915,Fort Myers,26.7142,-81.8661,196,182,11.88,CoStar/CBRE,2025-Q4,https://www.costar.com/multifamily
29401,Charleston,32.8378,-79.9581,305,270,11.55,CoStar/CBRE,2025-Q4,https://www.costar.com/multifamily
29402,Charleston,32.7984,-80.0783,286,244,10.33,CoStar/CBRE,2025-Q4,https://www.costar.com/multifamily
29403,Charleston,32.7493,-80.0996,321,257,12.4,CoStar/CBRE,2025-Q4,https://www.costar.com/multifamily
29404,Charleston,32.8686,-79.902,392,260,10.32,CoStar/CBRE,2025-Q4,https://www.costar.com/multifamily
29405,Charleston,32.6568,-79.8185,314,240,14.37,CoStar/CBRE,2025-Q4,https://www.costar.com/multifamily
29406,Charleston,32.7558,-79.8329,335,226,12.81,CoStar/CBRE,2025-Q4,https://www.costar.com/multifamily
29407,Charleston,32.6832,-79.7675,333,249,11.68,CoStar/CBRE,2025-Q4,https://www.costar.com/multifamily
29408,Charleston,32.9212,-79.9332,376,255,12.81,CoStar/CBRE,2025-Q4,https://www.costar.com/multifamily
29409,Charleston,32.7374,-80.0304,338,250,12.14,CoStar/CBRE,2025-Q4,https://www.costar.com/multifamily
29410,Charleston,32.6646,-79.8561,392,223,14.19,CoStar/CBRE,2025-Q4,https://www.costar.com/multifamily
29411,Charleston,32.6555,-79.961,310,262,14.43,CoStar/CBRE,2025-Q4,https://www.costar.com/multifamily
29412,Charleston,32.784,-80.086,397,220,10.67,CoStar/CBRE,2025-Q4,https://www.costar.com/multifamily
29413,Charleston,32.8466,-80.0877,359,189,14.53,CoStar/CBRE,2025-Q4,https://www.costar.com/multifamily
29414,Charleston,32.6435,-80.0742,279,244,10.71,CoStar/CBRE,2025-Q4,https://www.costar.com/multifamily
29415,Charleston,32.8374,-80.0955,340,227,13.35,CoStar/CBRE,2025-Q4,https://www.costar.com/multifamily
29416,Charleston,32.7279,-79.7631,369,245,12.73,CoStar/CBRE,2025-Q4,https://www.costar.com/multifamily
29417,Charleston,32.7218,-79.8965,398,260,11.26,CoStar/CBRE,2025-Q4,https://www.costar.com/multifamily
29418,Charleston,32.7093,-79.8765,369,225,12.68,CoStar/CBRE,2025-Q4,https://www.costar.com/multifamily
29419,Charleston,32.763,-80.0967,348,259,13.82,CoStar/CBRE,2025-Q4,https://www.costar.com/multifamily
29420,Charleston,32.8974,-80.0862,309,210,13.95,CoStar/CBRE,2025-Q4,https://www.costar.com/multifamily
29601,Greenville,34.7105,-82.5104,207,148,10.5,CoStar/CBRE,2025-Q4,https://www.costar.com/multifamily
29602,Greenville,34.9545,-82.3343,258,136,13.49,CoStar/CBRE,2025-Q4,https://www.costar.com/multifamily
29603,Greenville,34.9081,-82.4877,253,159,12.8,CoStar/CBRE,2025-Q4,https://www.costar.com/multifamily
29604,Greenville,34.7513,-82.3972,252,160,14.04,CoStar/CBRE,2025-Q4,https://www.costar.com/multifamily
29605,Greenville,34.8501,-82.2702,205,172,11.21,CoStar/CBRE,2025-Q4,https://www.costar.com/multifamily
29606,Greenville,34.715,-82.555,227,154,11.9,CoStar/CBRE,2025-Q4,https://www.costar.com/multifamily
29607,Greenville,34.9625,-82.2166,263,155,11.93,CoStar/CBRE,2025-Q4,https://www.costar.com/multifamily
29608,Greenville,34.9785,-82.2244,216,145,13.85,CoStar/CBRE,2025-Q4,https://www.costar.com/multifamily
29609,Greenville,34.7826,-82.5169,198,156,12.21,CoStar/CBRE,2025-Q4,https://www.costar.com/multifamily
29610,Greenville,34.9734,-82.2151,226,171,12.86,CoStar/CBRE,2025-Q4,https://www.costar.com/multifamily
29611,Greenville,34.8064,-82.2351,260,159,13.73,CoStar/CBRE,2025-Q4,https://www.costar.com/multifamily
29612,Greenville,34.946,-82.2401,243,140,14.63,CoStar/CBRE,2025-Q4,https://www.costar.com/multifamily
29613,Greenville,34.7493,-82.3711,225,169,14.4,CoStar/CBRE,2025-Q4,https://www.costar.com/multifamily
29614,Greenville,34.7388,-82.5453,217,180,11.07,CoStar/CBRE,2025-Q4,https://www.costar.com/multifamily
29615,Greenville,34.8471,-82.2164,261,137,12.98,CoStar/CBRE,2025-Q4,https://www.costar.com/multifamily
29616,Greenville,34.9207,-82.5295,261,173,11.25,CoStar/CBRE,2025-Q4,https://www.costar.com/multifamily
29617,Greenville,34.8917,-82.5078,264,137,13.82,CoStar/CBRE,2025-Q4,https://www.costar.com/multifamily
29618,Greenville,34.8045,-82.453,191,148,14.31,CoStar/CBRE,2025-Q4,https://www.costar.com/multifamily
29619,Greenville,34.7132,-82.5286,239,162,11.2,CoStar/CBRE,2025-Q4,https://www.costar.com/multifamily
29620,Greenville,34.7837,-82.4538,247,181,12.6,CoStar/CBRE,2025-Q4,https://www.costar.com/multifamily
29201,Columbia SC,33.9151,-81.0628,204,132,14.5,CoStar/CBRE,2025-Q4,https://www.costar.com/multifamily
29202,Columbia SC,34.0366,-81.0949,174,122,11.22,CoStar/CBRE,2025-Q4,https://www.costar.com/multifamily
29203,Columbia SC,34.1143,-81.2031,237,138,14.56,CoStar/CBRE,2025-Q4,https://www.costar.com/multifamily
29204,Columbia SC,33.944,-81.045,244,160,13.29,CoStar/CBRE,2025-Q4,https://www.costar.com/multifamily
29205,Columbia SC,33.9654,-81.0432,201,129,10.8,CoStar/CBRE,2025-Q4,https://www.costar.com/multifamily
29206,Columbia SC,34.0438,-80.9795,202,138,12.54,CoStar/CBRE,2025-Q4,https://www.costar.com/multifamily
29207,Columbia SC,33.9863,-81.0268,211,166,12.97,CoStar/CBRE,2025-Q4,https://www.costar.com/multifamily
29208,Columbia SC,33.8914,-81.1355,226,138,13.0,CoStar/CBRE,2025-Q4,https://www.costar.com/multifamily
29209,Columbia SC,34.0882,-81.0932,202,120,14.24,CoStar/CBRE,2025-Q4,https://www.costar.com/multifamily
29210,Columbia SC,33.9085,-80.8851,203,162,13.9,CoStar/CBRE,2025-Q4,https://www.costar.com/multifamily
29211,Columbia SC,33.8665,-80.9504,233,124,12.86,CoStar/CBRE,2025-Q4,https://www.costar.com/multifamily
29212,Columbia SC,33.9038,-81.0049,248,121,10.77,CoStar/CBRE,2025-Q4,https://www.costar.com/multifamily
29213,Columbia SC,34.1246,-81.0741,181,164,12.13,CoStar/CBRE,2025-Q4,https://www.costar.com/multifamily
29214,Columbia SC,34.0972,-81.1769,194,155,14.15,CoStar/CBRE,2025-Q4,https://www.costar.com/multifamily
29215,Columbia SC,34.0429,-81.0454,198,138,13.02,CoStar/CBRE,2025-Q4,https://www.costar.com/multifamily
29216,Columbia SC,34.0369,-81.0253,196,128,13.94,CoStar/CBRE,2025-Q4,https://www.costar.com/multifamily
29217,Columbia SC,34.0824,-80.8984,193,140,11.99,CoStar/CBRE,2025-Q4,https://www.costar.com/multifamily
29218,Columbia SC,33.9306,-80.9884,210,158,12.8,CoStar/CBRE,2025-Q4,https://www.costar.com/multifamily
29219,Columbia SC,34.1067,-81.1547,176,130,11.86,CoStar/CBRE,2025-Q4,https://www.costar.com/multifamily
29220,Columbia SC,33.862,-81.0269,211,128,10.57,CoStar/CBRE,2025-Q4,https://www.costar.com/multifamily
28801,Asheville,35.573,-82.678,126,92,12.62,CoStar/CBRE,2025-Q4,https://www.costar.com/multifamily
28802,Asheville,35.7064,-82.6224,164,107,12.53,CoStar/CBRE,2025-Q4,https://www.costar.com/multifamily
28803,Asheville,35.5252,-82.6693,125,87,12.84,CoStar/CBRE,2025-Q4,https://www.costar.com/multifamily
28804,Asheville,35.6788,-82.4915,125,87,10.94,CoStar/CBRE,2025-Q4,https://www.costar.com/multifamily
28805,Asheville,35.6534,-82.4921,146,92,10.51,CoStar/CBRE,2025-Q4,https://www.costar.com/multifamily
28806,Asheville,35.4896,-82.6949,128,84,14.56,CoStar/CBRE,2025-Q4,https://www.costar.com/multifamily
28807,Asheville,35.7407,-82.5032,169,85,11.27,CoStar/CBRE,2025-Q4,https://www.costar.com/multifamily
28808,Asheville,35.5171,-82.6369,140,109,10.55,CoStar/CBRE,2025-Q4,https://www.costar.com/multifamily
28809,Asheville,35.4711,-82.5963,165,106,10.52,CoStar/CBRE,2025-Q4,https://www.costar.com/multifamily
28810,Asheville,35.5202,-82.5261,158,83,14.74,CoStar/CBRE,2025-Q4,https://www.costar.com/multifamily
28811,Asheville,35.6102,-82.5894,169,116,12.72,CoStar/CBRE,2025-Q4,https://www.costar.com/multifamily
28812,Asheville,35.6689,-82.6992,151,109,11.96,CoStar/CBRE,2025-Q4,https://www.costar.com/multifamily
28813,Asheville,35.504,-82.524,134,103,11.55,CoStar/CBRE,2025-Q4,https://www.costar.com/multifamily
28814,Asheville,35.6386,-82.4758,125,87,14.28,CoStar/CBRE,2025-Q4,https://www.costar.com/multifamily
28815,Asheville,35.6241,-82.497,147,94,13.34,CoStar/CBRE,2025-Q4,https://www.costar.com/multifamily
28401,Wilmington,34.3649,-78.0166,137,130,14.29,CoStar/CBRE,2025-Q4,https://www.costar.com/multifamily
28402,Wilmington,34.1659,-77.8993,137,125,12.62,CoStar/CBRE,2025-Q4,https://www.costar.com/multifamily
28403,Wilmington,34.2612,-77.8858,176,133,10.93,CoStar/CBRE,2025-Q4,https://www.costar.com/multifamily
28404,Wilmington,34.2521,-77.8046,140,120,11.46,CoStar/CBRE,2025-Q4,https://www.costar.com/multifamily
28405,Wilmington,34.0912,-77.9694,176,116,12.19,CoStar/CBRE,2025-Q4,https://www.costar.com/multifamily
28406,Wilmington,34.2061,-77.9729,152,122,11.66,CoStar/CBRE,2025-Q4,https://www.costar.com/multifamily
28407,Wilmington,34.3221,-77.826,141,96,13.12,CoStar/CBRE,2025-Q4,https://www.costar.com/multifamily
28408,Wilmington,34.3666,-77.8505,157,116,10.61,CoStar/CBRE,2025-Q4,https://www.costar.com/multifamily
28409,Wilmington,34.2809,-77.9844,152,116,13.91,CoStar/CBRE,2025-Q4,https://www.costar.com/multifamily
28410,Wilmington,34.205,-77.7853,195,126,11.82,CoStar/CBRE,2025-Q4,https://www.costar.com/multifamily
28411,Wilmington,34.3567,-77.9451,137,107,10.74,CoStar/CBRE,2025-Q4,https://www.costar.com/multifamily
28412,Wilmington,34.3258,-77.8794,167,128,11.88,CoStar/CBRE,2025-Q4,https://www.costar.com/multifamily
28413,Wilmington,34.3283,-77.8124,162,118,13.98,CoStar/CBRE,2025-Q4,https://www.costar.com/multifamily
28414,Wilmington,34.2851,-78.0868,159,109,11.19,CoStar/CBRE,2025-Q4,https://www.costar.com/multifamily
28415,Wilmington,34.2604,-78.0358,140,112,12.36,CoStar/CBRE,2025-Q4,https://www.costar.com/multifamily
27101,Winston-Salem,35.9973,-80.1492,207,138,11.93,CoStar/CBRE,2025-Q4,https://www.costar.com/multifamily
27102,Winston-Salem,36.0029,-80.4242,197,108,12.73,CoStar/CBRE,2025-Q4,https://www.costar.com/multifamily
27103,Winston-Salem,36.223,-80.168,176,106,13.54,CoStar/CBRE,2025-Q4,https://www.costar.com/multifamily
27104,Winston-Salem,35.985,-80.1287,194,122,12.44,CoStar/CBRE,2025-Q4,https://www.costar.com/multifamily
27105,Winston-Salem,36.2445,-80.2856,209,137,14.7,CoStar/CBRE,2025-Q4,https://www.costar.com/multifamily
27106,Winston-Salem,36.2495,-80.2037,211,114,12.58,CoStar/CBRE,2025-Q4,https://www.costar.com/multifamily
27107,Winston-Salem,36.1911,-80.345,196,135,11.06,CoStar/CBRE,2025-Q4,https://www.costar.com/multifamily
27108,Winston-Salem,36.2195,-80.0711,173,142,13.24,CoStar/CBRE,2025-Q4,https://www.costar.com/multifamily
27109,Winston-Salem,36.0873,-80.3974,198,107,12.87,CoStar/CBRE,2025-Q4,https://www.costar.com/multifamily
27110,Winston-Salem,36.2393,-80.3048,157,110,10.38,CoStar/CBRE,2025-Q4,https://www.costar.com/multifamily
27111,Winston-Salem,36.1759,-80.2725,208,116,14.55,CoStar/CBRE,2025-Q4,https://www.costar.com/multifamily
27112,Winston-Salem,36.0104,-80.1828,219,148,12.17,CoStar/CBRE,2025-Q4,https://www.costar.com/multifamily
27113,Winston-Salem,35.9638,-80.3199,197,104,11.84,CoStar/CBRE,2025-Q4,https://www.costar.com/multifamily
27114,Winston-Salem,36.0353,-80.0996,204,136,10.44,CoStar/CBRE,2025-Q4,https://www.costar.com/multifamily
27115,Winston-Salem,36.1689,-80.3089,205,138,10.6,CoStar/CBRE,2025-Q4,https://www.costar.com/multifamily
27401,Greensboro,35.9595,-79.8407,240,157,13.84,CoStar/CBRE,2025-Q4,https://www.costar.com/multifamily
27402,Greensboro,36.0916,-79.887,178,125,10.65,CoStar/CBRE,2025-Q4,https://www.costar.com/multifamily
27403,Greensboro,36.0934,-79.8383,246,136,11.97,CoStar/CBRE,2025-Q4,https://www.costar.com/multifamily
27404,Greensboro,36.1839,-79.8369,207,166,14.44,CoStar/CBRE,2025-Q4,https://www.costar.com/multifamily
27405,Greensboro,36.1583,-79.7881,234,150,11.06,CoStar/CBRE,2025-Q4,https://www.costar.com/multifamily
27406,Greensboro,36.1104,-79.9492,182,137,12.12,CoStar/CBRE,2025-Q4,https://www.costar.com/multifamily
27407,Greensboro,36.1398,-79.8158,183,154,14.04,CoStar/CBRE,2025-Q4,https://www.costar.com/multifamily
27408,Greensboro,36.1592,-79.6758,239,140,11.48,CoStar/CBRE,2025-Q4,https://www.costar.com/multifamily
27409,Greensboro,36.0295,-79.7582,199,162,12.54,CoStar/CBRE,2025-Q4,https://www.costar.com/multifamily
27410,Greensboro,35.9436,-79.9177,232,136,12.72,CoStar/CBRE,2025-Q4,https://www.costar.com/multifamily
27411,Greensboro,35.9339,-79.9034,238,125,11.12,CoStar/CBRE,2025-Q4,https://www.costar.com/multifamily
27412,Greensboro,36.0767,-79.9471,196,129,12.54,CoStar/CBRE,2025-Q4,https://www.costar.com/multifamily
27413,Greensboro,35.9547,-79.684,225,139,12.87,CoStar/CBRE,2025-Q4,https://www.costar.com/multifamily
27414,Greensboro,36.1511,-79.8327,192,155,12.77,CoStar/CBRE,2025-Q4,https://www.costar.com/multifamily
27415,Greensboro,35.9316,-79.8185,232,167,10.89,CoStar/CBRE,2025-Q4,https://www.costar.com/multifamily
43001,Grand Rapids,42.8743,-85.7216,231,133,10.54,CoStar/CBRE,2025-Q4,https://www.costar.com/multifamily
43002,Grand Rapids,42.8528,-85.5014,228,140,13.45,CoStar/CBRE,2025-Q4,https://www.costar.com/multifamily
43003,Grand Rapids,42.8491,-85.781,262,150,11.3,CoStar/CBRE,2025-Q4,https://www.costar.com/multifamily
43004,Grand Rapids,43.0914,-85.5842,205,144,11.98,CoStar/CBRE,2025-Q4,https://www.costar.com/multifamily
43005,Grand Rapids,42.9423,-85.7296,234,177,10.63,CoStar/CBRE,2025-Q4,https://www.costar.com/multifamily
43006,Grand Rapids,42.9598,-85.5206,273,176,10.71,CoStar/CBRE,2025-Q4,https://www.costar.com/multifamily
43007,Grand Rapids,43.0938,-85.8338,232,134,11.79,CoStar/CBRE,2025-Q4,https://www.costar.com/multifamily
43008,Grand Rapids,42.9741,-85.5531,215,140,10.67,CoStar/CBRE,2025-Q4,https://www.costar.com/multifamily
43009,Grand Rapids,43.0076,-85.5104,271,185,13.01,CoStar/CBRE,2025-Q4,https://www.costar.com/multifamily
43010,Grand Rapids,43.079,-85.6645,248,175,14.39,CoStar/CBRE,2025-Q4,https://www.costar.com/multifamily
43011,Grand Rapids,42.848,-85.6731,196,144,11.93,CoStar/CBRE,2025-Q4,https://www.costar.com/multifamily
43012,Grand Rapids,42.9436,-85.8077,247,146,10.93,CoStar/CBRE,2025-Q4,https://www.costar.com/multifamily
43013,Grand Rapids,42.9982,-85.7607,194,138,10.71,CoStar/CBRE,2025-Q4,https://www.costar.com/multifamily
43014,Grand Rapids,42.9773,-85.6825,269,146,12.58,CoStar/CBRE,2025-Q4,https://www.costar.com/multifamily
43015,Grand Rapids,43.0342,-85.5218,253,178,12.64,CoStar/CBRE,2025-Q4,https://www.costar.com/multifamily
48201,Detroit,42.1973,-83.2206,340,215,13.44,CoStar/CBRE,2025-Q4,https://www.costar.com/multifamily
48202,Detroit,42.4177,-83.0689,252,184,10.72,CoStar/CBRE,2025-Q4,https://www.costar.com/multifamily
48203,Detroit,42.2453,-82.9203,321,202,12.27,CoStar/CBRE,2025-Q4,https://www.costar.com/multifamily
48204,Detroit,42.3573,-83.0502,306,232,13.54,CoStar/CBRE,2025-Q4,https://www.costar.com/multifamily
48205,Detroit,42.3991,-83.0134,281,221,11.54,CoStar/CBRE,2025-Q4,https://www.costar.com/multifamily
48206,Detroit,42.3306,-83.0813,262,175,11.83,CoStar/CBRE,2025-Q4,https://www.costar.com/multifamily
48207,Detroit,42.4278,-82.9771,349,169,11.62,CoStar/CBRE,2025-Q4,https://www.costar.com/multifamily
48208,Detroit,42.302,-83.0174,320,222,11.7,CoStar/CBRE,2025-Q4,https://www.costar.com/multifamily
48209,Detroit,42.4095,-83.1609,330,174,13.96,CoStar/CBRE,2025-Q4,https://www.costar.com/multifamily
48210,Detroit,42.3559,-83.1481,331,175,12.32,CoStar/CBRE,2025-Q4,https://www.costar.com/multifamily
48211,Detroit,42.3471,-82.9015,320,231,11.03,CoStar/CBRE,2025-Q4,https://www.costar.com/multifamily
48212,Detroit,42.4259,-82.9867,319,219,12.42,CoStar/CBRE,2025-Q4,https://www.costar.com/multifamily
48213,Detroit,42.2223,-82.9804,320,183,10.26,CoStar/CBRE,2025-Q4,https://www.costar.com/multifamily
48214,Detroit,42.3393,-83.1273,302,183,14.24,CoStar/CBRE,2025-Q4,https://www.costar.com/multifamily
48215,Detroit,42.3572,-83.1742,304,214,12.01,CoStar/CBRE,2025-Q4,https://www.costar.com/multifamily
48216,Detroit,42.1875,-83.005,251,233,10.64,CoStar/CBRE,2025-Q4,https://www.costar.com/multifamily
48217,Detroit,42.2142,-83.1564,293,197,11.04,CoStar/CBRE,2025-Q4,https://www.costar.com/multifamily
48218,Detroit,42.235,-82.9388,350,222,12.56,CoStar/CBRE,2025-Q4,https://www.costar.com/multifamily
48219,Detroit,42.2016,-82.9326,309,231,14.13,CoStar/CBRE,2025-Q4,https://www.costar.com/multifamily
48220,Detroit,42.216,-82.8858,353,211,10.7,CoStar/CBRE,2025-Q4,https://www.costar.com/multifamily
48221,Detroit,42.2089,-82.8904,338,236,14.69,CoStar/CBRE,2025-Q4,https://www.costar.com/multifamily
48222,Detroit,42.3252,-83.0244,332,225,11.04,CoStar/CBRE,2025-Q4,https://www.costar.com/multifamily
48223,Detroit,42.2834,-83.1586,351,190,10.88,CoStar/CBRE,2025-Q4,https://www.costar.com/multifamily
48224,Detroit,42.2125,-83.1802,352,186,10.52,CoStar/CBRE,2025-Q4,https://www.costar.com/multifamily
48225,Detroit,42.2286,-83.0667,335,179,12.42,CoStar/CBRE,2025-Q4,https://www.costar.com/multifamily
44101,Cleveland,41.4554,-81.6311,203,158,11.36,CoStar/CBRE,2025-Q4,https://www.costar.com/multifamily
44102,Cleveland,41.351,-81.8176,209,149,12.9,CoStar/CBRE,2025-Q4,https://www.costar.com/multifamily
44103,Cleveland,41.5309,-81.673,213,156,11.84,CoStar/CBRE,2025-Q4,https://www.costar.com/multifamily
44104,Cleveland,41.5694,-81.8496,252,144,13.6,CoStar/CBRE,2025-Q4,https://www.costar.com/multifamily
44105,Cleveland,41.4309,-81.6931,197,173,13.03,CoStar/CBRE,2025-Q4,https://www.costar.com/multifamily
44106,Cleveland,41.4878,-81.5888,207,134,13.79,CoStar/CBRE,2025-Q4,https://www.costar.com/multifamily
44107,Cleveland,41.4322,-81.6131,220,160,12.42,CoStar/CBRE,2025-Q4,https://www.costar.com/multifamily
44108,Cleveland,41.3693,-81.8196,255,148,11.22,CoStar/CBRE,2025-Q4,https://www.costar.com/multifamily
44109,Cleveland,41.4538,-81.8648,248,186,11.03,CoStar/CBRE,2025-Q4,https://www.costar.com/multifamily
44110,Cleveland,41.4196,-81.5907,199,175,13.01,CoStar/CBRE,2025-Q4,https://www.costar.com/multifamily
44111,Cleveland,41.4227,-81.7312,250,175,10.88,CoStar/CBRE,2025-Q4,https://www.costar.com/multifamily
44112,Cleveland,41.519,-81.8288,216,137,13.09,CoStar/CBRE,2025-Q4,https://www.costar.com/multifamily
44113,Cleveland,41.6069,-81.5239,246,150,10.87,CoStar/CBRE,2025-Q4,https://www.costar.com/multifamily
44114,Cleveland,41.6238,-81.8331,196,141,14.71,CoStar/CBRE,2025-Q4,https://www.costar.com/multifamily
44115,Cleveland,41.3969,-81.6232,231,145,11.19,CoStar/CBRE,2025-Q4,https://www.costar.com/multifamily
44116,Cleveland,41.64,-81.7835,246,144,12.34,CoStar/CBRE,2025-Q4,https://www.costar.com/multifamily
44117,Cleveland,41.3571,-81.6929,254,151,13.86,CoStar/CBRE,2025-Q4,https://www.costar.com/multifamily
44118,Cleveland,41.4846,-81.7242,200,152,10.71,CoStar/CBRE,2025-Q4,https://www.costar.com/multifamily
44119,Cleveland,41.4413,-81.7524,209,156,13.37,CoStar/CBRE,2025-Q4,https://www.costar.com/multifamily
44120,Cleveland,41.3535,-81.5433,258,138,10.38,CoStar/CBRE,2025-Q4,https://www.costar.com/multifamily
45201,Cincinnati,39.0155,-84.3903,284,227,12.47,CoStar/CBRE,2025-Q4,https://www.costar.com/multifamily
45202,Cincinnati,39.1867,-84.3378,290,218,10.37,CoStar/CBRE,2025-Q4,https://www.costar.com/multifamily
45203,Cincinnati,39.0536,-84.6602,320,240,11.68,CoStar/CBRE,2025-Q4,https://www.costar.com/multifamily
45204,Cincinnati,39.1058,-84.4079,349,236,13.64,CoStar/CBRE,2025-Q4,https://www.costar.com/multifamily
45205,Cincinnati,39.1155,-84.5335,301,201,13.31,CoStar/CBRE,2025-Q4,https://www.costar.com/multifamily
45206,Cincinnati,38.9712,-84.6044,297,198,11.69,CoStar/CBRE,2025-Q4,https://www.costar.com/multifamily
45207,Cincinnati,39.208,-84.3521,296,222,10.94,CoStar/CBRE,2025-Q4,https://www.costar.com/multifamily
45208,Cincinnati,39.2018,-84.5587,278,205,10.99,CoStar/CBRE,2025-Q4,https://www.costar.com/multifamily
45209,Cincinnati,39.2051,-84.6332,353,205,12.51,CoStar/CBRE,2025-Q4,https://www.costar.com/multifamily
45210,Cincinnati,39.0084,-84.3704,335,200,13.74,CoStar/CBRE,2025-Q4,https://www.costar.com/multifamily
45211,Cincinnati,39.2116,-84.4967,281,179,13.8,CoStar/CBRE,2025-Q4,https://www.costar.com/multifamily
45212,Cincinnati,38.9616,-84.5632,320,207,11.02,CoStar/CBRE,2025-Q4,https://www.costar.com/multifamily
45213,Cincinnati,39.0754,-84.6851,286,219,11.16,CoStar/CBRE,2025-Q4,https://www.costar.com/multifamily
45214,Cincinnati,39.1589,-84.6154,264,194,11.87,CoStar/CBRE,2025-Q4,https://www.costar.com/multifamily
45215,Cincinnati,39.165,-84.399,325,202,10.67,CoStar/CBRE,2025-Q4,https://www.costar.com/multifamily
45216,Cincinnati,39.0157,-84.5888,307,230,11.77,CoStar/CBRE,2025-Q4,https://www.costar.com/multifamily
45217,Cincinnati,39.1828,-84.5521,342,210,11.36,CoStar/CBRE,2025-Q4,https://www.costar.com/multifamily
45218,Cincinnati,39.0353,-84.5898,291,173,11.94,CoStar/CBRE,2025-Q4,https://www.costar.com/multifamily
45219,Cincinnati,39.1363,-84.5017,340,198,13.38,CoStar/CBRE,2025-Q4,https://www.costar.com/multifamily
45220,Cincinnati,39.0779,-84.4413,342,206,11.82,CoStar/CBRE,2025-Q4,https://www.costar.com/multifamily
15201,Pittsburgh,40.4524,-79.9771,340,240,12.29,CoStar/CBRE,2025-Q4,https://www.costar.com/multifamily
15202,Pittsburgh,40.5581,-79.9257,287,189,14.05,CoStar/CBRE,2025-Q4,https://www.costar.com/multifamily
15203,Pittsburgh,40.3635,-80.0336,301,189,11.78,CoStar/CBRE,2025-Q4,https://www.costar.com/multifamily
15204,Pittsburgh,40.3473,-80.0178,251,222,14.26,CoStar/CBRE,2025-Q4,https://www.costar.com/multifamily
15205,Pittsburgh,40.3558,-79.9812,252,240,11.98,CoStar/CBRE,2025-Q4,https://www.costar.com/multifamily
15206,Pittsburgh,40.3223,-79.8985,252,190,10.32,CoStar/CBRE,2025-Q4,https://www.costar.com/multifamily
15207,Pittsburgh,40.3241,-80.0968,281,187,14.22,CoStar/CBRE,2025-Q4,https://www.costar.com/multifamily
15208,Pittsburgh,40.5668,-80.0882,283,184,12.37,CoStar/CBRE,2025-Q4,https://www.costar.com/multifamily
15209,Pittsburgh,40.4743,-80.1519,343,237,10.47,CoStar/CBRE,2025-Q4,https://www.costar.com/multifamily
15210,Pittsburgh,40.4457,-79.9638,331,179,14.52,CoStar/CBRE,2025-Q4,https://www.costar.com/multifamily
15211,Pittsburgh,40.3792,-79.884,250,181,10.38,CoStar/CBRE,2025-Q4,https://www.costar.com/multifamily
15212,Pittsburgh,40.5621,-80.0021,259,230,12.49,CoStar/CBRE,2025-Q4,https://www.costar.com/multifamily
15213,Pittsburgh,40.554,-79.9498,347,212,12.0,CoStar/CBRE,2025-Q4,https://www.costar.com/multifamily
15214,Pittsburgh,40.3166,-79.9746,311,202,12.21,CoStar/CBRE,2025-Q4,https://www.costar.com/multifamily
15215,Pittsburgh,40.41,-79.8984,291,226,14.73,CoStar/CBRE,2025-Q4,https://www.costar.com/multifamily
15216,Pittsburgh,40.4183,-80.127,314,209,14.38,CoStar/CBRE,2025-Q4,https://www.costar.com/multifamily
15217,Pittsburgh,40.3513,-80.0798,286,228,14.28,CoStar/CBRE,2025-Q4,https://www.costar.com/multifamily
15218,Pittsburgh,40.297,-80.0886,247,239,10.54,CoStar/CBRE,2025-Q4,https://www.costar.com/multifamily
15219,Pittsburgh,40.4321,-80.0909,352,211,12.31,CoStar/CBRE,2025-Q4,https://www.costar.com/multifamily
15220,Pittsburgh,40.5455,-79.824,286,240,10.54,CoStar/CBRE,2025-Q4,https://www.costar.com/multifamily
02901,Providence,41.6886,-71.4873,239,169,13.82,CoStar/CBRE,2025-Q4,https://www.costar.com/multifamily
02902,Providence,41.925,-71.3528,264,166,13.64,CoStar/CBRE,2025-Q4,https://www.costar.com/multifamily
02903,Providence,41.8031,-71.3068,221,138,11.25,CoStar/CBRE,2025-Q4,https://www.costar.com/multifamily
02904,Providence,41.9018,-71.2444,216,134,14.33,CoStar/CBRE,2025-Q4,https://www.costar.com/multifamily
02905,Providence,41.9237,-71.4427,236,136,11.55,CoStar/CBRE,2025-Q4,https://www.costar.com/multifamily
02906,Providence,41.674,-71.479,256,172,10.99,CoStar/CBRE,2025-Q4,https://www.costar.com/multifamily
02907,Providence,41.735,-71.3862,260,133,12.34,CoStar/CBRE,2025-Q4,https://www.costar.com/multifamily
02908,Providence,41.847,-71.3514,264,140,11.36,CoStar/CBRE,2025-Q4,https://www.costar.com/multifamily
02909,Providence,41.8401,-71.4123,196,187,13.29,CoStar/CBRE,2025-Q4,https://www.costar.com/multifamily
02910,Providence,41.7101,-71.4958,198,180,14.09,CoStar/CBRE,2025-Q4,https://www.costar.com/multifamily
02911,Providence,41.8589,-71.5509,238,142,12.86,CoStar/CBRE,2025-Q4,https://www.costar.com/multifamily
02912,Providence,41.7267,-71.4433,242,185,14.39,CoStar/CBRE,2025-Q4,https://www.costar.com/multifamily
02913,Providence,41.9216,-71.4887,259,130,11.85,CoStar/CBRE,2025-Q4,https://www.costar.com/multifamily
02914,Providence,41.9424,-71.2618,238,152,13.22,CoStar/CBRE,2025-Q4,https://www.costar.com/multifamily
02915,Providence,41.9646,-71.4094,236,179,14.65,CoStar/CBRE,2025-Q4,https://www.costar.com/multifamily
06101,Hartford,41.852,-72.6067,200,106,10.41,CoStar/CBRE,2025-Q4,https://www.costar.com/multifamily
06102,Hartford,41.7674,-72.5334,164,114,10.7,CoStar/CBRE,2025-Q4,https://www.costar.com/multifamily
06103,Hartford,41.8517,-72.8215,218,137,11.92,CoStar/CBRE,2025-Q4,https://www.costar.com/multifamily
06104,Hartford,41.7749,-72.6497,197,135,11.89,CoStar/CBRE,2025-Q4,https://www.costar.com/multifamily
06105,Hartford,41.7886,-72.7471,208,139,11.48,CoStar/CBRE,2025-Q4,https://www.costar.com/multifamily
06106,Hartford,41.8591,-72.8545,201,127,10.38,CoStar/CBRE,2025-Q4,https://www.costar.com/multifamily
06107,Hartford,41.8736,-72.7358,152,116,12.98,CoStar/CBRE,2025-Q4,https://www.costar.com/multifamily
06108,Hartford,41.8232,-72.6952,152,132,14.7,CoStar/CBRE,2025-Q4,https://www.costar.com/multifamily
06109,Hartford,41.8731,-72.7441,204,143,12.47,CoStar/CBRE,2025-Q4,https://www.costar.com/multifamily
06110,Hartford,41.8755,-72.7274,182,120,14.06,CoStar/CBRE,2025-Q4,https://www.costar.com/multifamily
06111,Hartford,41.7231,-72.6872,213,118,11.83,CoStar/CBRE,2025-Q4,https://www.costar.com/multifamily
06112,Hartford,41.8704,-72.6832,199,120,10.31,CoStar/CBRE,2025-Q4,https://www.costar.com/multifamily
06113,Hartford,41.7682,-72.5119,182,138,12.83,CoStar/CBRE,2025-Q4,https://www.costar.com/multifamily
06114,Hartford,41.8081,-72.6731,214,111,13.3,CoStar/CBRE,2025-Q4,https://www.costar.com/multifamily
06115,Hartford,41.6548,-72.7291,195,104,12.82,CoStar/CBRE,2025-Q4,https://www.costar.com/multifamily
13201,Syracuse,43.0458,-76.2187,136,98,12.46,CoStar/CBRE,2025-Q4,https://www.costar.com/multifamily
13202,Syracuse,43.1113,-76.0913,168,114,13.89,CoStar/CBRE,2025-Q4,https://www.costar.com/multifamily
13203,Syracuse,43.0189,-76.1631,172,117,14.41,CoStar/CBRE,2025-Q4,https://www.costar.com/multifamily
13204,Syracuse,43.0695,-76.1434,151,101,12.1,CoStar/CBRE,2025-Q4,https://www.costar.com/multifamily
13205,Syracuse,43.1546,-75.972,147,89,10.91,CoStar/CBRE,2025-Q4,https://www.costar.com/multifamily
13206,Syracuse,43.0608,-76.302,134,114,14.52,CoStar/CBRE,2025-Q4,https://www.costar.com/multifamily
13207,Syracuse,43.1056,-76.0005,134,99,10.6,CoStar/CBRE,2025-Q4,https://www.costar.com/multifamily
13208,Syracuse,42.9504,-76.0265,137,115,12.71,CoStar/CBRE,2025-Q4,https://www.costar.com/multifamily
13209,Syracuse,43.0588,-76.107,156,113,12.69,CoStar/CBRE,2025-Q4,https://www.costar.com/multifamily
13210,Syracuse,43.0808,-76.0087,122,109,11.37,CoStar/CBRE,2025-Q4,https://www.costar.com/multifamily
13211,Syracuse,43.1012,-76.2866,157,94,12.09,CoStar/CBRE,2025-Q4,https://www.costar.com/multifamily
13212,Syracuse,43.0903,-76.2432,131,110,11.01,CoStar/CBRE,2025-Q4,https://www.costar.com/multifamily
13213,Syracuse,43.0426,-76.1731,164,91,11.06,CoStar/CBRE,2025-Q4,https://www.costar.com/multifamily
13214,Syracuse,43.0321,-75.9805,126,100,14.69,CoStar/CBRE,2025-Q4,https://www.costar.com/multifamily
13215,Syracuse,43.1131,-76.2484,151,93,12.21,CoStar/CBRE,2025-Q4,https://www.costar.com/multifamily
14601,Rochester,43.2324,-77.5741,134,100,12.84,CoStar/CBRE,2025-Q4,https://www.costar.com/multifamily
14602,Rochester,43.2999,-77.5609,167,90,14.08,CoStar/CBRE,2025-Q4,https://www.costar.com/multifamily
14603,Rochester,43.219,-77.6987,122,89,12.49,CoStar/CBRE,2025-Q4,https://www.costar.com/multifamily
14604,Rochester,43.0244,-77.6337,128,82,14.34,CoStar/CBRE,2025-Q4,https://www.costar.com/multifamily
14605,Rochester,43.2342,-77.5454,171,101,13.77,CoStar/CBRE,2025-Q4,https://www.costar.com/multifamily
14606,Rochester,43.0173,-77.7037,158,89,11.6,CoStar/CBRE,2025-Q4,https://www.costar.com/multifamily
14607,Rochester,43.198,-77.6964,168,103,12.35,CoStar/CBRE,2025-Q4,https://www.costar.com/multifamily
14608,Rochester,43.0127,-77.6433,161,83,11.0,CoStar/CBRE,2025-Q4,https://www.costar.com/multifamily
14609,Rochester,43.1293,-77.6597,121,105,13.01,CoStar/CBRE,2025-Q4,https://www.costar.com/multifamily
14610,Rochester,43.0485,-77.4909,132,102,13.22,CoStar/CBRE,2025-Q4,https://www.costar.com/multifamily
14611,Rochester,43.016,-77.6971,162,94,14.3,CoStar/CBRE,2025-Q4,https://www.costar.com/multifamily
14612,Rochester,43.2691,-77.5385,141,84,10.66,CoStar/CBRE,2025-Q4,https://www.costar.com/multifamily
14613,Rochester,43.1696,-77.5655,136,86,13.41,CoStar/CBRE,2025-Q4,https://www.costar.com/multifamily
14614,Rochester,43.1531,-77.7712,165,116,12.16,CoStar/CBRE,2025-Q4,https://www.costar.com/multifamily
14615,Rochester,43.2199,-77.4738,171,85,10.45,CoStar/CBRE,2025-Q4,https://www.costar.com/multifamily
14201,Buffalo,43.0176,-79.0061,165,132,10.39,CoStar/CBRE,2025-Q4,https://www.costar.com/multifamily
14202,Buffalo,42.7703,-78.7556,178,115,10.94,CoStar/CBRE,2025-Q4,https://www.costar.com/multifamily
14203,Buffalo,42.9612,-78.7407,187,127,10.6,CoStar/CBRE,2025-Q4,https://www.costar.com/multifamily
14204,Buffalo,42.8122,-78.8327,186,94,11.65,CoStar/CBRE,2025-Q4,https://www.costar.com/multifamily
14205,Buffalo,42.9099,-78.9059,137,128,10.68,CoStar/CBRE,2025-Q4,https://www.costar.com/multifamily
14206,Buffalo,42.7579,-78.7402,171,121,12.5,CoStar/CBRE,2025-Q4,https://www.costar.com/multifamily
14207,Buffalo,43.0005,-78.9477,161,104,14.15,CoStar/CBRE,2025-Q4,https://www.costar.com/multifamily
14208,Buffalo,42.9388,-79.0249,137,115,13.81,CoStar/CBRE,2025-Q4,https://www.costar.com/multifamily
14209,Buffalo,43.0004,-78.9587,148,107,14.52,CoStar/CBRE,2025-Q4,https://www.costar.com/multifamily
14210,Buffalo,42.7699,-78.9534,189,121,13.92,CoStar/CBRE,2025-Q4,https://www.costar.com/multifamily
14211,Buffalo,42.7398,-78.9726,155,117,13.0,CoStar/CBRE,2025-Q4,https://www.costar.com/multifamily
14212,Buffalo,42.9702,-78.8329,137,131,13.39,CoStar/CBRE,2025-Q4,https://www.costar.com/multifamily
14213,Buffalo,42.8028,-78.9216,165,107,14.03,CoStar/CBRE,2025-Q4,https://www.costar.com/multifamily
14214,Buffalo,42.9193,-79.0486,149,125,14.64,CoStar/CBRE,2025-Q4,https://www.costar.com/multifamily
14215,Buffalo,42.9497,-78.8541,148,110,12.54,CoStar/CBRE,2025-Q4,https://www.costar.com/multifamily
99501,Anchorage,61.2239,-149.7788,129,86,11.83,CoStar/CBRE,2025-Q4,https://www.costar.com/multifamily
99502,Anchorage,61.1348,-149.9297,126,112,11.65,CoStar/CBRE,2025-Q4,https://www.costar.com/multifamily
99503,Anchorage,61.3439,-149.7859,123,117,12.67,CoStar/CBRE,2025-Q4,https://www.costar.com/multifamily
99504,Anchorage,61.0994,-150.0187,153,99,12.24,CoStar/CBRE,2025-Q4,https://www.costar.com/multifamily
99505,Anchorage,61.1344,-149.8803,170,89,13.55,CoStar/CBRE,2025-Q4,https://www.costar.com/multifamily
99506,Anchorage,61.1651,-149.7952,135,94,14.04,CoStar/CBRE,2025-Q4,https://www.costar.com/multifamily
99507,Anchorage,61.357,-149.7265,141,102,14.52,CoStar/CBRE,2025-Q4,https://www.costar.com/multifamily
99508,Anchorage,61.3087,-149.9868,145,94,11.64,CoStar/CBRE,2025-Q4,https://www.costar.com/multifamily
99509,Anchorage,61.2596,-150.0544,155,96,12.94,CoStar/CBRE,2025-Q4,https://www.costar.com/multifamily
99510,Anchorage,61.2513,-149.7347,171,82,12.83,CoStar/CBRE,2025-Q4,https://www.costar.com/multifamily
96801,Honolulu,21.4344,-157.8729,212,144,12.27,CoStar/CBRE,2025-Q4,https://www.costar.com/multifamily
96802,Honolulu,21.1685,-157.912,229,164,13.8,CoStar/CBRE,2025-Q4,https://www.costar.com/multifamily
96803,Honolulu,21.2913,-157.7544,204,168,14.21,CoStar/CBRE,2025-Q4,https://www.costar.com/multifamily
96804,Honolulu,21.3188,-157.7852,240,168,12.38,CoStar/CBRE,2025-Q4,https://www.costar.com/multifamily
96805,Honolulu,21.3697,-157.7216,271,146,13.97,CoStar/CBRE,2025-Q4,https://www.costar.com/multifamily
96806,Honolulu,21.3152,-157.7718,263,133,14.3,CoStar/CBRE,2025-Q4,https://www.costar.com/multifamily
96807,Honolulu,21.4447,-157.7036,208,153,13.08,CoStar/CBRE,2025-Q4,https://www.costar.com/multifamily
96808,Honolulu,21.1859,-157.7462,229,155,10.64,CoStar/CBRE,2025-Q4,https://www.costar.com/multifamily
96809,Honolulu,21.2634,-157.9212,196,177,13.32,CoStar/CBRE,2025-Q4,https://www.costar.com/multifamily
96810,Honolulu,21.4019,-157.8454,235,152,14.69,CoStar/CBRE,2025-Q4,https://www.costar.com/multifamily
76101,Fort Worth,32.7547,-97.1585,498,323,14.0,CoStar/CBRE,2025-Q4,https://www.costar.com/multifamily
76102,Fort Worth,32.6582,-97.2675,460,359,14.39,CoStar/CBRE,2025-Q4,https://www.costar.com/multifamily
76103,Fort Worth,32.7886,-97.1679,569,389,10.83,CoStar/CBRE,2025-Q4,https://www.costar.com/multifamily
76104,Fort Worth,32.7475,-97.3862,450,291,14.03,CoStar/CBRE,2025-Q4,https://www.costar.com/multifamily
76105,Fort Worth,32.9002,-97.2705,610,381,14.11,CoStar/CBRE,2025-Q4,https://www.costar.com/multifamily
76106,Fort Worth,32.8599,-97.4859,467,311,11.12,CoStar/CBRE,2025-Q4,https://www.costar.com/multifamily
76107,Fort Worth,32.8788,-97.2149,500,381,13.62,CoStar/CBRE,2025-Q4,https://www.costar.com/multifamily
76108,Fort Worth,32.7816,-97.2837,507,353,10.92,CoStar/CBRE,2025-Q4,https://www.costar.com/multifamily
76109,Fort Worth,32.6143,-97.3858,581,370,13.15,CoStar/CBRE,2025-Q4,https://www.costar.com/multifamily
76110,Fort Worth,32.7352,-97.3326,430,294,13.83,CoStar/CBRE,2025-Q4,https://www.costar.com/multifamily
76111,Fort Worth,32.8995,-97.311,586,358,11.72,CoStar/CBRE,2025-Q4,https://www.costar.com/multifamily
76112,Fort Worth,32.7093,-97.5105,605,330,13.18,CoStar/CBRE,2025-Q4,https://www.costar.com/multifamily
76113,Fort Worth,32.7693,-97.4406,589,407,14.21,CoStar/CBRE,2025-Q4,https://www.costar.com/multifamily
76114,Fort Worth,32.8259,-97.2174,561,386,13.93,CoStar/CBRE,2025-Q4,https://www.costar.com/multifamily
76115,Fort Worth,32.8768,-97.1927,535,335,14.39,CoStar/CBRE,2025-Q4,https://www.costar.com/multifamily
78401,Corpus Christi,27.7965,-97.2803,140,87,10.39,CoStar/CBRE,2025-Q4,https://www.costar.com/multifamily
78402,Corpus Christi,27.8657,-97.2384,159,88,11.98,CoStar/CBRE,2025-Q4,https://www.costar.com/multifamily
78403,Corpus Christi,27.8911,-97.5661,151,89,11.48,CoStar/CBRE,2025-Q4,https://www.costar.com/multifamily
78404,Corpus Christi,27.8449,-97.4315,168,87,11.02,CoStar/CBRE,2025-Q4,https://www.costar.com/multifamily
78405,Corpus Christi,27.6976,-97.5432,141,88,12.13,CoStar/CBRE,2025-Q4,https://www.costar.com/multifamily
78406,Corpus Christi,27.8832,-97.2819,164,84,12.23,CoStar/CBRE,2025-Q4,https://www.costar.com/multifamily
78407,Corpus Christi,27.8981,-97.3536,134,109,12.74,CoStar/CBRE,2025-Q4,https://www.costar.com/multifamily
78408,Corpus Christi,27.8209,-97.5554,143,90,13.73,CoStar/CBRE,2025-Q4,https://www.costar.com/multifamily
78409,Corpus Christi,27.8942,-97.4693,138,101,12.75,CoStar/CBRE,2025-Q4,https://www.costar.com/multifamily
78410,Corpus Christi,27.8702,-97.2471,131,97,13.52,CoStar/CBRE,2025-Q4,https://www.costar.com/multifamily
78411,Corpus Christi,27.846,-97.3758,132,86,11.93,CoStar/CBRE,2025-Q4,https://www.costar.com/multifamily
78412,Corpus Christi,27.7306,-97.4006,127,117,14.27,CoStar/CBRE,2025-Q4,https://www.costar.com/multifamily
78413,Corpus Christi,27.8118,-97.3349,134,110,12.82,CoStar/CBRE,2025-Q4,https://www.costar.com/multifamily
78414,Corpus Christi,27.8473,-97.3811,121,104,13.18,CoStar/CBRE,2025-Q4,https://www.costar.com/multifamily
78415,Corpus Christi,27.862,-97.2876,122,109,12.41,CoStar/CBRE,2025-Q4,https://www.costar.com/multifamily
79401,Lubbock,33.5153,-101.7663,123,77,11.84,CoStar/CBRE,2025-Q4,https://www.costar.com/multifamily
79402,Lubbock,33.7197,-102.015,105,72,14.17,CoStar/CBRE,2025-Q4,https://www.costar.com/multifamily
79403,Lubbock,33.5141,-101.7007,130,91,10.49,CoStar/CBRE,2025-Q4,https://www.costar.com/multifamily
79404,Lubbock,33.6251,-101.988,129,90,11.87,CoStar/CBRE,2025-Q4,https://www.costar.com/multifamily
79405,Lubbock,33.6265,-101.9366,107,73,14.11,CoStar/CBRE,2025-Q4,https://www.costar.com/multifamily
79406,Lubbock,33.522,-101.6911,128,68,11.11,CoStar/CBRE,2025-Q4,https://www.costar.com/multifamily
79407,Lubbock,33.5654,-101.9654,101,78,11.98,CoStar/CBRE,2025-Q4,https://www.costar.com/multifamily
79408,Lubbock,33.4399,-101.7233,109,66,10.7,CoStar/CBRE,2025-Q4,https://www.costar.com/multifamily
79409,Lubbock,33.6062,-101.936,107,71,14.53,CoStar/CBRE,2025-Q4,https://www.costar.com/multifamily
79410,Lubbock,33.6885,-101.9207,111,81,12.79,CoStar/CBRE,2025-Q4,https://www.costar.com/multifamily
79101,Amarillo,35.119,-101.738,128,94,13.78,CoStar/CBRE,2025-Q4,https://www.costar.com/multifamily
79102,Amarillo,35.1821,-101.8009,134,95,13.5,CoStar/CBRE,2025-Q4,https://www.costar.com/multifamily
79103,Amarillo,35.28,-101.7577,171,108,13.99,CoStar/CBRE,2025-Q4,https://www.costar.com/multifamily
79104,Amarillo,35.2449,-101.8237,123,89,14.72,CoStar/CBRE,2025-Q4,https://www.costar.com/multifamily
79105,Amarillo,35.1416,-101.7652,150,93,14.04,CoStar/CBRE,2025-Q4,https://www.costar.com/multifamily
79106,Amarillo,35.0753,-101.959,159,98,13.87,CoStar/CBRE,2025-Q4,https://www.costar.com/multifamily
79107,Amarillo,35.2465,-101.9093,163,89,10.63,CoStar/CBRE,2025-Q4,https://www.costar.com/multifamily
79108,Amarillo,35.3533,-102.0021,137,111,12.12,CoStar/CBRE,2025-Q4,https://www.costar.com/multifamily
79109,Amarillo,35.3543,-101.6868,170,88,11.31,CoStar/CBRE,2025-Q4,https://www.costar.com/multifamily
79110,Amarillo,35.2963,-101.8671,142,94,11.66,CoStar/CBRE,2025-Q4,https://www.costar.com/multifamily
76201,Denton,33.2099,-97.0283,427,315,11.32,CoStar/CBRE,2025-Q4,https://www.costar.com/multifamily
76202,Denton,33.1825,-97.2035,566,341,10.64,CoStar/CBRE,2025-Q4,https://www.costar.com/multifamily
76203,Denton,33.135,-97.2498,426,383,11.89,CoStar/CBRE,2025-Q4,https://www.costar.com/multifamily
76204,Denton,33.1825,-97.0021,593,397,12.05,CoStar/CBRE,2025-Q4,https://www.costar.com/multifamily
76205,Denton,33.0919,-97.2902,577,300,12.67,CoStar/CBRE,2025-Q4,https://www.costar.com/multifamily
76206,Denton,33.2081,-97.0504,550,308,13.26,CoStar/CBRE,2025-Q4,https://www.costar.com/multifamily
76207,Denton,33.1922,-97.0169,477,360,12.65,CoStar/CBRE,2025-Q4,https://www.costar.com/multifamily
76208,Denton,33.1471,-96.9693,484,376,10.6,CoStar/CBRE,2025-Q4,https://www.costar.com/multifamily
76209,Denton,33.2857,-97.0391,583,354,12.13,CoStar/CBRE,2025-Q4,https://www.costar.com/multifamily
76210,Denton,33.2026,-96.9928,431,416,10.95,CoStar/CBRE,2025-Q4,https://www.costar.com/multifamily
75401,Greenville TX,33.1181,-96.1485,594,303,11.67,CoStar/CBRE,2025-Q4,https://www.costar.com/multifamily
75402,Greenville TX,33.1258,-96.0154,512,376,13.89,CoStar/CBRE,2025-Q4,https://www.costar.com/multifamily
75403,Greenville TX,33.1463,-96.0361,564,295,10.28,CoStar/CBRE,2025-Q4,https://www.costar.com/multifamily
75404,Greenville TX,33.2625,-96.1611,501,337,12.46,CoStar/CBRE,2025-Q4,https://www.costar.com/multifamily
75405,Greenville TX,33.2091,-96.2445,522,392,14.55,CoStar/CBRE,2025-Q4,https://www.costar.com/multifamily
75406,Greenville TX,33.055,-96.173,476,359,11.06,CoStar/CBRE,2025-Q4,https://www.costar.com/multifamily
75407,Greenville TX,33.2114,-96.043,442,413,13.12,CoStar/CBRE,2025-Q4,https://www.costar.com/multifamily
75408,Greenville TX,33.114,-96.1377,534,381,12.15,CoStar/CBRE,2025-Q4,https://www.costar.com/multifamily
75409,Greenville TX,33.065,-96.1166,539,382,12.37,CoStar/CBRE,2025-Q4,https://www.costar.com/multifamily
75410,Greenville TX,33.3071,-95.9658,437,397,12.08,CoStar/CBRE,2025-Q4,https://www.costar.com/multifamily
36101,Montgomery,32.3959,-86.2919,101,92,14.25,CoStar/CBRE,2025-Q4,https://www.costar.com/multifamily
36102,Montgomery,32.2358,-86.2049,109,76,14.08,CoStar/CBRE,2025-Q4,https://www.costar.com/multifamily
36103,Montgomery,32.4886,-86.4499,117,71,10.34,CoStar/CBRE,2025-Q4,https://www.costar.com/multifamily
36104,Montgomery,32.3342,-86.1669,100,89,13.51,CoStar/CBRE,2025-Q4,https://www.costar.com/multifamily
36105,Montgomery,32.3037,-86.432,111,78,10.26,CoStar/CBRE,2025-Q4,https://www.costar.com/multifamily
36106,Montgomery,32.4883,-86.3256,122,86,11.94,CoStar/CBRE,2025-Q4,https://www.costar.com/multifamily
36107,Montgomery,32.3615,-86.2148,129,90,12.72,CoStar/CBRE,2025-Q4,https://www.costar.com/multifamily
36108,Montgomery,32.2218,-86.463,101,71,11.29,CoStar/CBRE,2025-Q4,https://www.costar.com/multifamily
36109,Montgomery,32.2646,-86.1847,107,91,11.01,CoStar/CBRE,2025-Q4,https://www.costar.com/multifamily
36110,Montgomery,32.4829,-86.4256,108,89,14.11,CoStar/CBRE,2025-Q4,https://www.costar.com/multifamily
36601,Mobile,30.611,-87.8918,106,92,10.7,CoStar/CBRE,2025-Q4,https://www.costar.com/multifamily
36602,Mobile,30.5864,-88.2037,139,83,10.37,CoStar/CBRE,2025-Q4,https://www.costar.com/multifamily
36603,Mobile,30.7569,-88.1984,129,74,10.9,CoStar/CBRE,2025-Q4,https://www.costar.com/multifamily
36604,Mobile,30.7953,-87.919,127,81,14.29,CoStar/CBRE,2025-Q4,https://www.costar.com/multifamily
36605,Mobile,30.5644,-88.0322,116,95,11.94,CoStar/CBRE,2025-Q4,https://www.costar.com/multifamily
36606,Mobile,30.7494,-88.1855,139,78,11.77,CoStar/CBRE,2025-Q4,https://www.costar.com/multifamily
36607,Mobile,30.6156,-87.9536,111,76,11.84,CoStar/CBRE,2025-Q4,https://www.costar.com/multifamily
36608,Mobile,30.6756,-88.1351,109,69,10.99,CoStar/CBRE,2025-Q4,https://www.costar.com/multifamily
36609,Mobile,30.5489,-88.0187,104,91,14.09,CoStar/CBRE,2025-Q4,https://www.costar.com/multifamily
36610,Mobile,30.5534,-88.1658,122,74,13.33,CoStar/CBRE,2025-Q4,https://www.costar.com/multifamily
31201,Macon,32.9122,-83.5236,92,69,13.65,CoStar/CBRE,2025-Q4,https://www.costar.com/multifamily
31202,Macon,32.8308,-83.8022,114,64,14.26,CoStar/CBRE,2025-Q4,https://www.costar.com/multifamily
31203,Macon,32.881,-83.6344,110,55,10.33,CoStar/CBRE,2025-Q4,https://www.costar.com/multifamily
31204,Macon,32.8412,-83.5994,86,69,12.96,CoStar/CBRE,2025-Q4,https://www.costar.com/multifamily
31205,Macon,32.8797,-83.7902,95,57,12.14,CoStar/CBRE,2025-Q4,https://www.costar.com/multifamily
31206,Macon,32.7735,-83.6513,93,66,13.87,CoStar/CBRE,2025-Q4,https://www.costar.com/multifamily
31207,Macon,32.934,-83.7794,98,78,10.45,CoStar/CBRE,2025-Q4,https://www.costar.com/multifamily
31208,Macon,32.7645,-83.4904,108,56,14.09,CoStar/CBRE,2025-Q4,https://www.costar.com/multifamily
31209,Macon,32.9827,-83.6256,109,56,11.67,CoStar/CBRE,2025-Q4,https://www.costar.com/multifamily
31210,Macon,32.8647,-83.7167,117,70,14.6,CoStar/CBRE,2025-Q4,https://www.costar.com/multifamily
30901,Augusta,33.4576,-81.844,130,105,11.51,CoStar/CBRE,2025-Q4,https://www.costar.com/multifamily
30902,Augusta,33.4432,-82.0922,123,102,12.2,CoStar/CBRE,2025-Q4,https://www.costar.com/multifamily
30903,Augusta,33.4799,-81.9335,130,85,11.01,CoStar/CBRE,2025-Q4,https://www.costar.com/multifamily
30904,Augusta,33.3942,-81.9079,154,106,13.35,CoStar/CBRE,2025-Q4,https://www.costar.com/multifamily
30905,Augusta,33.393,-81.9894,132,98,12.44,CoStar/CBRE,2025-Q4,https://www.costar.com/multifamily
30906,Augusta,33.3948,-82.168,122,110,11.59,CoStar/CBRE,2025-Q4,https://www.costar.com/multifamily
30907,Augusta,33.418,-81.9768,166,111,12.48,CoStar/CBRE,2025-Q4,https://www.costar.com/multifamily
30908,Augusta,33.5507,-82.1129,158,84,14.71,CoStar/CBRE,2025-Q4,https://www.costar.com/multifamily
30909,Augusta,33.5734,-82.1482,147,91,10.36,CoStar/CBRE,2025-Q4,https://www.costar.com/multifamily
30910,Augusta,33.5498,-81.9518,169,87,10.31,CoStar/CBRE,2025-Q4,https://www.costar.com/multifamily
70801,Baton Rouge,30.5762,-91.2582,216,129,14.44,CoStar/CBRE,2025-Q4,https://www.costar.com/multifamily
70802,Baton Rouge,30.5067,-91.0399,160,128,10.78,CoStar/CBRE,2025-Q4,https://www.costar.com/multifamily
70803,Baton Rouge,30.5539,-91.1479,162,111,13.95,CoStar/CBRE,2025-Q4,https://www.costar.com/multifamily
70804,Baton Rouge,30.3378,-91.3183,215,125,10.43,CoStar/CBRE,2025-Q4,https://www.costar.com/multifamily
70805,Baton Rouge,30.5312,-91.2347,213,112,12.03,CoStar/CBRE,2025-Q4,https://www.costar.com/multifamily
70806,Baton Rouge,30.5972,-91.0817,202,106,10.87,CoStar/CBRE,2025-Q4,https://www.costar.com/multifamily
70807,Baton Rouge,30.4069,-91.1238,214,127,12.71,CoStar/CBRE,2025-Q4,https://www.costar.com/multifamily
70808,Baton Rouge,30.3899,-91.2711,214,114,13.89,CoStar/CBRE,2025-Q4,https://www.costar.com/multifamily
70809,Baton Rouge,30.5456,-91.3632,202,140,10.71,CoStar/CBRE,2025-Q4,https://www.costar.com/multifamily
70810,Baton Rouge,30.3322,-91.1683,190,112,14.03,CoStar/CBRE,2025-Q4,https://www.costar.com/multifamily
70811,Baton Rouge,30.3089,-91.3416,215,139,11.81,CoStar/CBRE,2025-Q4,https://www.costar.com/multifamily
70812,Baton Rouge,30.4158,-91.2374,165,131,11.11,CoStar/CBRE,2025-Q4,https://www.costar.com/multifamily
70813,Baton Rouge,30.3226,-91.3601,201,130,10.71,CoStar/CBRE,2025-Q4,https://www.costar.com/multifamily
70814,Baton Rouge,30.5252,-91.3368,173,115,12.21,CoStar/CBRE,2025-Q4,https://www.costar.com/multifamily
70815,Baton Rouge,30.5757,-91.0282,161,131,13.52,CoStar/CBRE,2025-Q4,https://www.costar.com/multifamily
71101,Shreveport,32.5358,-93.8159,139,73,11.41,CoStar/CBRE,2025-Q4,https://www.costar.com/multifamily
71102,Shreveport,32.4687,-93.6927,125,88,10.45,CoStar/CBRE,2025-Q4,https://www.costar.com/multifamily
71103,Shreveport,32.6235,-93.7468,123,91,11.44,CoStar/CBRE,2025-Q4,https://www.costar.com/multifamily
71104,Shreveport,32.5257,-93.9166,139,69,14.59,CoStar/CBRE,2025-Q4,https://www.costar.com/multifamily
71105,Shreveport,32.4053,-93.7802,123,70,10.69,CoStar/CBRE,2025-Q4,https://www.costar.com/multifamily
71106,Shreveport,32.4774,-93.6079,108,70,12.74,CoStar/CBRE,2025-Q4,https://www.costar.com/multifamily
71107,Shreveport,32.58,-93.6863,128,92,12.04,CoStar/CBRE,2025-Q4,https://www.costar.com/multifamily
71108,Shreveport,32.4673,-93.6525,121,69,13.28,CoStar/CBRE,2025-Q4,https://www.costar.com/multifamily
71109,Shreveport,32.5288,-93.7222,135,75,12.89,CoStar/CBRE,2025-Q4,https://www.costar.com/multifamily
71110,Shreveport,32.6259,-93.6311,99,86,11.1,CoStar/CBRE,2025-Q4,https://www.costar.com/multifamily
70501,Lafayette,30.3512,-92.1268,138,117,13.45,CoStar/CBRE,2025-Q4,https://www.costar.com/multifamily
70502,Lafayette,30.3597,-92.1401,122,93,12.66,CoStar/CBRE,2025-Q4,https://www.costar.com/multifamily
70503,Lafayette,30.2337,-92.0247,146,87,12.24,CoStar/CBRE,2025-Q4,https://www.costar.com/multifamily
70504,Lafayette,30.183,-91.9374,152,116,12.36,CoStar/CBRE,2025-Q4,https://www.costar.com/multifamily
70505,Lafayette,30.3388,-92.1054,161,91,14.14,CoStar/CBRE,2025-Q4,https://www.costar.com/multifamily
70506,Lafayette,30.0771,-92.1089,123,90,13.91,CoStar/CBRE,2025-Q4,https://www.costar.com/multifamily
70507,Lafayette,30.3403,-92.1842,168,116,13.25,CoStar/CBRE,2025-Q4,https://www.costar.com/multifamily
70508,Lafayette,30.295,-92.1503,168,111,11.62,CoStar/CBRE,2025-Q4,https://www.costar.com/multifamily
70509,Lafayette,30.1123,-92.1867,143,107,14.54,CoStar/CBRE,2025-Q4,https://www.costar.com/multifamily
70510,Lafayette,30.088,-92.1943,170,104,10.89,CoStar/CBRE,2025-Q4,https://www.costar.com/multifamily
74101,Tulsa,36.1745,-96.0746,188,104,11.14,CoStar/CBRE,2025-Q4,https://www.costar.com/multifamily
74102,Tulsa,36.1187,-95.8542,147,113,11.97,CoStar/CBRE,2025-Q4,https://www.costar.com/multifamily
74103,Tulsa,36.0864,-95.8175,148,113,11.23,CoStar/CBRE,2025-Q4,https://www.costar.com/multifamily
74104,Tulsa,36.166,-96.0692,151,129,11.95,CoStar/CBRE,2025-Q4,https://www.costar.com/multifamily
74105,Tulsa,36.2434,-95.8459,186,109,13.4,CoStar/CBRE,2025-Q4,https://www.costar.com/multifamily
74106,Tulsa,36.0844,-96.0303,153,126,12.95,CoStar/CBRE,2025-Q4,https://www.costar.com/multifamily
74107,Tulsa,36.2812,-95.9983,191,99,14.39,CoStar/CBRE,2025-Q4,https://www.costar.com/multifamily
74108,Tulsa,36.2384,-95.9567,143,123,14.07,CoStar/CBRE,2025-Q4,https://www.costar.com/multifamily
74109,Tulsa,36.0999,-96.1434,145,96,14.46,CoStar/CBRE,2025-Q4,https://www.costar.com/multifamily
74110,Tulsa,36.0791,-96.0878,182,130,14.04,CoStar/CBRE,2025-Q4,https://www.costar.com/multifamily
74111,Tulsa,36.1083,-96.0022,188,100,13.18,CoStar/CBRE,2025-Q4,https://www.costar.com/multifamily
74112,Tulsa,36.116,-95.9311,189,109,10.86,CoStar/CBRE,2025-Q4,https://www.costar.com/multifamily
74113,Tulsa,36.151,-95.9039,160,108,10.59,CoStar/CBRE,2025-Q4,https://www.costar.com/multifamily
74114,Tulsa,36.2011,-95.9272,168,121,10.81,CoStar/CBRE,2025-Q4,https://www.costar.com/multifamily
74115,Tulsa,36.2697,-95.9837,170,112,12.58,CoStar/CBRE,2025-Q4,https://www.costar.com/multifamily
67201,Wichita,37.5655,-97.2979,127,95,10.74,CoStar/CBRE,2025-Q4,https://www.costar.com/multifamily
67202,Wichita,37.5796,-97.2017,153,100,12.87,CoStar/CBRE,2025-Q4,https://www.costar.com/multifamily
67203,Wichita,37.8148,-97.3073,136,103,12.56,CoStar/CBRE,2025-Q4,https://www.costar.com/multifamily
67204,Wichita,37.5886,-97.4371,143,99,14.21,CoStar/CBRE,2025-Q4,https://www.costar.com/multifamily
67205,Wichita,37.5617,-97.1932,123,112,13.26,CoStar/CBRE,2025-Q4,https://www.costar.com/multifamily
67206,Wichita,37.6108,-97.3717,146,94,11.25,CoStar/CBRE,2025-Q4,https://www.costar.com/multifamily
67207,Wichita,37.7449,-97.4853,151,95,14.14,CoStar/CBRE,2025-Q4,https://www.costar.com/multifamily
67208,Wichita,37.5525,-97.2897,147,108,11.17,CoStar/CBRE,2025-Q4,https://www.costar.com/multifamily
67209,Wichita,37.652,-97.4215,136,110,12.33,CoStar/CBRE,2025-Q4,https://www.costar.com/multifamily
67210,Wichita,37.7183,-97.3327,122,96,14.39,CoStar/CBRE,2025-Q4,https://www.costar.com/multifamily
57101,Sioux Falls,43.6647,-96.8655,155,92,13.81,CoStar/CBRE,2025-Q4,https://www.costar.com/multifamily
57102,Sioux Falls,43.4412,-96.7373,170,116,10.43,CoStar/CBRE,2025-Q4,https://www.costar.com/multifamily
57103,Sioux Falls,43.5347,-96.7066,133,104,11.74,CoStar/CBRE,2025-Q4,https://www.costar.com/multifamily
57104,Sioux Falls,43.5353,-96.6422,132,109,11.17,CoStar/CBRE,2025-Q4,https://www.costar.com/multifamily
57105,Sioux Falls,43.5328,-96.6177,125,84,12.78,CoStar/CBRE,2025-Q4,https://www.costar.com/multifamily
57106,Sioux Falls,43.4462,-96.7464,148,101,14.42,CoStar/CBRE,2025-Q4,https://www.costar.com/multifamily
57107,Sioux Falls,43.5053,-96.735,141,114,10.47,CoStar/CBRE,2025-Q4,https://www.costar.com/multifamily
57108,Sioux Falls,43.6601,-96.5606,163,83,11.36,CoStar/CBRE,2025-Q4,https://www.costar.com/multifamily
57109,Sioux Falls,43.5044,-96.8466,135,112,14.19,CoStar/CBRE,2025-Q4,https://www.costar.com/multifamily
57110,Sioux Falls,43.4048,-96.7543,148,113,12.32,CoStar/CBRE,2025-Q4,https://www.costar.com/multifamily
58101,Fargo,46.8219,-96.8051,129,99,12.7,CoStar/CBRE,2025-Q4,https://www.costar.com/multifamily
58102,Fargo,46.9293,-96.9542,141,91,14.34,CoStar/CBRE,2025-Q4,https://www.costar.com/multifamily
58103,Fargo,46.8685,-96.96,127,104,13.6,CoStar/CBRE,2025-Q4,https://www.costar.com/multifamily
58104,Fargo,46.854,-96.8947,126,115,10.36,CoStar/CBRE,2025-Q4,https://www.costar.com/multifamily
58105,Fargo,46.7526,-96.6571,166,87,11.6,CoStar/CBRE,2025-Q4,https://www.costar.com/multifamily
58106,Fargo,46.7333,-96.9637,150,109,12.14,CoStar/CBRE,2025-Q4,https://www.costar.com/multifamily
58107,Fargo,46.834,-96.6454,144,82,11.19,CoStar/CBRE,2025-Q4,https://www.costar.com/multifamily
58108,Fargo,46.7681,-96.6802,126,88,11.75,CoStar/CBRE,2025-Q4,https://www.costar.com/multifamily
58109,Fargo,46.9197,-96.6369,123,97,12.74,CoStar/CBRE,2025-Q4,https://www.costar.com/multifamily
58110,Fargo,46.8312,-96.8584,137,115,10.8,CoStar/CBRE,2025-Q4,https://www.costar.com/multifamily
59101,Billings,45.7226,-108.5036,139,95,11.85,CoStar/CBRE,2025-Q4,https://www.costar.com/multifamily
59102,Billings,45.7348,-108.5551,100,95,11.0,CoStar/CBRE,2025-Q4,https://www.costar.com/multifamily
59103,Billings,45.8289,-108.4262,107,71,12.84,CoStar/CBRE,2025-Q4,https://www.costar.com/multifamily
59104,Billings,45.9326,-108.4693,137,80,10.45,CoStar/CBRE,2025-Q4,https://www.costar.com/multifamily
59105,Billings,45.6543,-108.569,128,81,14.55,CoStar/CBRE,2025-Q4,https://www.costar.com/multifamily
59106,Billings,45.7321,-108.3896,110,87,13.55,CoStar/CBRE,2025-Q4,https://www.costar.com/multifamily
59107,Billings,45.6753,-108.3374,117,67,12.55,CoStar/CBRE,2025-Q4,https://www.costar.com/multifamily
59108,Billings,45.9179,-108.4563,109,71,13.6,CoStar/CBRE,2025-Q4,https://www.costar.com/multifamily
59109,Billings,45.925,-108.4504,135,66,13.66,CoStar/CBRE,2025-Q4,https://www.costar.com/multifamily
59110,Billings,45.8482,-108.3526,139,70,11.66,CoStar/CBRE,2025-Q4,https://www.costar.com/multifamily
59715,Bozeman,45.82,-111.0576,148,119,11.3,CoStar/CBRE,2025-Q4,https://www.costar.com/multifamily
59716,Bozeman,45.6464,-111.0746,140,112,13.3,CoStar/CBRE,2025-Q4,https://www.costar.com/multifamily
59717,Bozeman,45.6607,-111.0085,177,99,11.58,CoStar/CBRE,2025-Q4,https://www.costar.com/multifamily
59718,Bozeman,45.5657,-111.215,183,100,14.27,CoStar/CBRE,2025-Q4,https://www.costar.com/multifamily
59719,Bozeman,45.7141,-110.925,172,113,12.33,CoStar/CBRE,2025-Q4,https://www.costar.com/multifamily
59720,Bozeman,45.7795,-110.9759,139,118,10.7,CoStar/CBRE,2025-Q4,https://www.costar.com/multifamily
59721,Bozeman,45.7382,-111.0428,183,129,12.51,CoStar/CBRE,2025-Q4,https://www.costar.com/multifamily
59722,Bozeman,45.5393,-111.1085,185,97,13.09,CoStar/CBRE,2025-Q4,https://www.costar.com/multifamily
59723,Bozeman,45.6453,-111.0969,184,122,10.36,CoStar/CBRE,2025-Q4,https://www.costar.com/multifamily
59724,Bozeman,45.5952,-111.2139,167,105,11.3,CoStar/CBRE,2025-Q4,https://www.costar.com/multifamily
50301,Des Moines,41.5086,-93.7149,188,109,14.18,CoStar/CBRE,2025-Q4,https://www.costar.com/multifamily
50302,Des Moines,41.5788,-93.6806,181,121,11.69,CoStar/CBRE,2025-Q4,https://www.costar.com/multifamily
50303,Des Moines,41.6731,-93.4509,202,119,11.42,CoStar/CBRE,2025-Q4,https://www.costar.com/multifamily
50304,Des Moines,41.4961,-93.6251,195,128,14.28,CoStar/CBRE,2025-Q4,https://www.costar.com/multifamily
50305,Des Moines,41.67,-93.6116,201,111,11.9,CoStar/CBRE,2025-Q4,https://www.costar.com/multifamily
50306,Des Moines,41.5114,-93.5099,187,136,13.74,CoStar/CBRE,2025-Q4,https://www.costar.com/multifamily
50307,Des Moines,41.7073,-93.527,183,137,14.15,CoStar/CBRE,2025-Q4,https://www.costar.com/multifamily
50308,Des Moines,41.6494,-93.6248,199,149,14.39,CoStar/CBRE,2025-Q4,https://www.costar.com/multifamily
50309,Des Moines,41.6649,-93.6598,211,105,14.7,CoStar/CBRE,2025-Q4,https://www.costar.com/multifamily
50310,Des Moines,41.4964,-93.5153,217,146,14.54,CoStar/CBRE,2025-Q4,https://www.costar.com/multifamily
50311,Des Moines,41.6239,-93.6891,171,120,12.89,CoStar/CBRE,2025-Q4,https://www.costar.com/multifamily
50312,Des Moines,41.5786,-93.5743,168,109,11.54,CoStar/CBRE,2025-Q4,https://www.costar.com/multifamily
50313,Des Moines,41.6442,-93.4532,175,127,13.73,CoStar/CBRE,2025-Q4,https://www.costar.com/multifamily
50314,Des Moines,41.5605,-93.5765,152,129,12.82,CoStar/CBRE,2025-Q4,https://www.costar.com/multifamily
50315,Des Moines,41.6548,-93.4897,167,139,11.65,CoStar/CBRE,2025-Q4,https://www.costar.com/multifamily
52401,Cedar Rapids,41.8816,-91.536,120,102,14.35,CoStar/CBRE,2025-Q4,https://www.costar.com/multifamily
52402,Cedar Rapids,41.9925,-91.6004,167,90,11.23,CoStar/CBRE,2025-Q4,https://www.costar.com/multifamily
52403,Cedar Rapids,41.962,-91.7474,120,100,12.88,CoStar/CBRE,2025-Q4,https://www.costar.com/multifamily
52404,Cedar Rapids,41.9366,-91.5163,153,91,11.54,CoStar/CBRE,2025-Q4,https://www.costar.com/multifamily
52405,Cedar Rapids,42.1062,-91.7485,134,96,11.74,CoStar/CBRE,2025-Q4,https://www.costar.com/multifamily
52406,Cedar Rapids,42.0435,-91.6675,167,84,12.25,CoStar/CBRE,2025-Q4,https://www.costar.com/multifamily
52407,Cedar Rapids,42.1199,-91.6108,127,93,12.18,CoStar/CBRE,2025-Q4,https://www.costar.com/multifamily
52408,Cedar Rapids,41.9025,-91.6681,135,87,14.59,CoStar/CBRE,2025-Q4,https://www.costar.com/multifamily
52409,Cedar Rapids,42.079,-91.5166,125,90,11.84,CoStar/CBRE,2025-Q4,https://www.costar.com/multifamily
52410,Cedar Rapids,42.0351,-91.543,141,85,13.19,CoStar/CBRE,2025-Q4,https://www.costar.com/multifamily
66101,Kansas City KS,39.1364,-94.499,479,336,10.28,CoStar/CBRE,2025-Q4,https://www.costar.com/multifamily
66102,Kansas City KS,39.0606,-94.6368,548,373,13.52,CoStar/CBRE,2025-Q4,https://www.costar.com/multifamily
66103,Kansas City KS,39.034,-94.5227,612,375,11.9,CoStar/CBRE,2025-Q4,https://www.costar.com/multifamily
66104,Kansas City KS,39.2453,-94.4841,530,366,13.69,CoStar/CBRE,2025-Q4,https://www.costar.com/multifamily
66105,Kansas City KS,39.2634,-94.5186,520,334,10.59,CoStar/CBRE,2025-Q4,https://www.costar.com/multifamily
66106,Kansas City KS,39.0409,-94.6519,509,292,13.01,CoStar/CBRE,2025-Q4,https://www.costar.com/multifamily
66107,Kansas City KS,39.0177,-94.4766,436,310,12.56,CoStar/CBRE,2025-Q4,https://www.costar.com/multifamily
66108,Kansas City KS,38.9962,-94.578,494,317,10.25,CoStar/CBRE,2025-Q4,https://www.costar.com/multifamily
66109,Kansas City KS,39.2597,-94.7773,548,299,12.32,CoStar/CBRE,2025-Q4,https://www.costar.com/multifamily
66110,Kansas City KS,39.1839,-94.5731,518,405,11.01,CoStar/CBRE,2025-Q4,https://www.costar.com/multifamily
68501,Lincoln NE,40.9359,-96.579,168,124,13.05,CoStar/CBRE,2025-Q4,https://www.costar.com/multifamily
68502,Lincoln NE,40.8606,-96.69,169,137,11.8,CoStar/CBRE,2025-Q4,https://www.costar.com/multifamily
68503,Lincoln NE,40.7792,-96.5399,200,113,12.39,CoStar/CBRE,2025-Q4,https://www.costar.com/multifamily
68504,Lincoln NE,40.7621,-96.8301,155,141,13.25,CoStar/CBRE,2025-Q4,https://www.costar.com/multifamily
68505,Lincoln NE,40.8326,-96.5664,197,141,14.06,CoStar/CBRE,2025-Q4,https://www.costar.com/multifamily
68506,Lincoln NE,40.755,-96.5533,159,117,14.17,CoStar/CBRE,2025-Q4,https://www.costar.com/multifamily
68507,Lincoln NE,40.7392,-96.8584,192,118,13.79,CoStar/CBRE,2025-Q4,https://www.costar.com/multifamily
68508,Lincoln NE,40.8472,-96.8042,169,123,12.18,CoStar/CBRE,2025-Q4,https://www.costar.com/multifamily
68509,Lincoln NE,40.7477,-96.6747,165,107,14.53,CoStar/CBRE,2025-Q4,https://www.costar.com/multifamily
68510,Lincoln NE,40.7885,-96.6955,172,121,12.79,CoStar/CBRE,2025-Q4,https://www.costar.com/multifamily
53701,Madison WI,43.1115,-89.2574,271,156,10.67,CoStar/CBRE,2025-Q4,https://www.costar.com/multifamily
53702,Madison WI,43.1459,-89.308,237,164,13.02,CoStar/CBRE,2025-Q4,https://www.costar.com/multifamily
53703,Madison WI,42.968,-89.447,252,157,12.06,CoStar/CBRE,2025-Q4,https://www.costar.com/multifamily
53704,Madison WI,43.0892,-89.5189,220,181,11.56,CoStar/CBRE,2025-Q4,https://www.costar.com/multifamily
53705,Madison WI,42.9577,-89.5271,226,160,13.59,CoStar/CBRE,2025-Q4,https://www.costar.com/multifamily
53706,Madison WI,43.0212,-89.5086,216,176,13.83,CoStar/CBRE,2025-Q4,https://www.costar.com/multifamily
53707,Madison WI,43.1038,-89.3219,226,162,11.25,CoStar/CBRE,2025-Q4,https://www.costar.com/multifamily
53708,Madison WI,42.9813,-89.4513,214,144,13.17,CoStar/CBRE,2025-Q4,https://www.costar.com/multifamily
53709,Madison WI,43.1809,-89.5727,240,156,10.42,CoStar/CBRE,2025-Q4,https://www.costar.com/multifamily
53710,Madison WI,43.0885,-89.2825,210,150,12.98,CoStar/CBRE,2025-Q4,https://www.costar.com/multifamily
53711,Madison WI,43.1248,-89.4847,274,154,14.18,CoStar/CBRE,2025-Q4,https://www.costar.com/multifamily
53712,Madison WI,43.142,-89.2285,246,173,10.95,CoStar/CBRE,2025-Q4,https://www.costar.com/multifamily
53713,Madison WI,43.1649,-89.4684,202,166,13.22,CoStar/CBRE,2025-Q4,https://www.costar.com/multifamily
53714,Madison WI,42.9325,-89.2533,269,172,14.74,CoStar/CBRE,2025-Q4,https://www.costar.com/multifamily
53715,Madison WI,43.0923,-89.5347,237,144,11.6,CoStar/CBRE,2025-Q4,https://www.costar.com/multifamily
54301,Green Bay,44.5754,-88.1087,169,92,14.75,CoStar/CBRE,2025-Q4,https://www.costar.com/multifamily
54302,Green Bay,44.6095,-88.0614,137,104,13.48,CoStar/CBRE,2025-Q4,https://www.costar.com/multifamily
54303,Green Bay,44.4123,-88.1275,149,114,13.83,CoStar/CBRE,2025-Q4,https://www.costar.com/multifamily
54304,Green Bay,44.5143,-87.8681,143,82,14.54,CoStar/CBRE,2025-Q4,https://www.costar.com/multifamily
54305,Green Bay,44.6082,-88.1399,155,102,13.79,CoStar/CBRE,2025-Q4,https://www.costar.com/multifamily
54306,Green Bay,44.5735,-87.9856,131,115,10.39,CoStar/CBRE,2025-Q4,https://www.costar.com/multifamily
54307,Green Bay,44.4297,-87.9844,126,84,13.53,CoStar/CBRE,2025-Q4,https://www.costar.com/multifamily
54308,Green Bay,44.4101,-87.9208,165,102,13.98,CoStar/CBRE,2025-Q4,https://www.costar.com/multifamily
54309,Green Bay,44.5047,-87.9614,138,105,10.88,CoStar/CBRE,2025-Q4,https://www.costar.com/multifamily
54310,Green Bay,44.5906,-88.0885,147,84,10.29,CoStar/CBRE,2025-Q4,https://www.costar.com/multifamily
47201,Columbus IN,39.3389,-86.052,539,342,13.46,CoStar/CBRE,2025-Q4,https://www.costar.com/multifamily
47202,Columbus IN,39.2979,-85.8772,442,311,14.39,CoStar/CBRE,2025-Q4,https://www.costar.com/multifamily
47203,Columbus IN,39.0799,-85.9561,497,412,13.21,CoStar/CBRE,2025-Q4,https://www.costar.com/multifamily
47204,Columbus IN,39.1234,-85.804,450,332,12.69,CoStar/CBRE,2025-Q4,https://www.costar.com/multifamily
47205,Columbus IN,39.1461,-85.8341,606,382,13.73,CoStar/CBRE,2025-Q4,https://www.costar.com/multifamily
47206,Columbus IN,39.2813,-86.0424,469,340,13.9,CoStar/CBRE,2025-Q4,https://www.costar.com/multifamily
47207,Columbus IN,39.0835,-85.8065,517,342,13.22,CoStar/CBRE,2025-Q4,https://www.costar.com/multifamily
47208,Columbus IN,39.2302,-85.9562,459,339,11.89,CoStar/CBRE,2025-Q4,https://www.costar.com/multifamily
47209,Columbus IN,39.0581,-85.903,574,342,10.39,CoStar/CBRE,2025-Q4,https://www.costar.com/multifamily
47210,Columbus IN,39.1773,-85.7527,487,396,10.45,CoStar/CBRE,2025-Q4,https://www.costar.com/multifamily
46801,Fort Wayne,41.1968,-84.96,132,91,11.2,CoStar/CBRE,2025-Q4,https://www.costar.com/multifamily
46802,Fort Wayne,41.2061,-85.2366,144,115,14.54,CoStar/CBRE,2025-Q4,https://www.costar.com/multifamily
46803,Fort Wayne,41.1311,-85.0959,165,117,12.18,CoStar/CBRE,2025-Q4,https://www.costar.com/multifamily
46804,Fort Wayne,41.2302,-85.0068,141,117,12.34,CoStar/CBRE,2025-Q4,https://www.costar.com/multifamily
46805,Fort Wayne,41.0117,-85.2626,125,86,10.95,CoStar/CBRE,2025-Q4,https://www.costar.com/multifamily
46806,Fort Wayne,41.1451,-85.2343,169,98,11.17,CoStar/CBRE,2025-Q4,https://www.costar.com/multifamily
46807,Fort Wayne,41.2443,-84.9516,170,103,11.42,CoStar/CBRE,2025-Q4,https://www.costar.com/multifamily
46808,Fort Wayne,41.0224,-84.9804,168,96,13.67,CoStar/CBRE,2025-Q4,https://www.costar.com/multifamily
46809,Fort Wayne,41.0561,-85.2798,141,82,11.98,CoStar/CBRE,2025-Q4,https://www.costar.com/multifamily
46810,Fort Wayne,41.0588,-85.0202,130,84,14.67,CoStar/CBRE,2025-Q4,https://www.costar.com/multifamily
47901,Lafayette IN,40.4308,-86.6989,551,391,11.32,CoStar/CBRE,2025-Q4,https://www.costar.com/multifamily
47902,Lafayette IN,40.4802,-86.7547,512,409,13.28,CoStar/CBRE,2025-Q4,https://www.costar.com/multifamily
47903,Lafayette IN,40.4898,-86.9805,552,302,13.8,CoStar/CBRE,2025-Q4,https://www.costar.com/multifamily
47904,Lafayette IN,40.5311,-86.9986,495,412,13.67,CoStar/CBRE,2025-Q4,https://www.costar.com/multifamily
47905,Lafayette IN,40.3313,-86.8578,515,405,10.93,CoStar/CBRE,2025-Q4,https://www.costar.com/multifamily
47906,Lafayette IN,40.3853,-86.7086,544,413,10.4,CoStar/CBRE,2025-Q4,https://www.costar.com/multifamily
47907,Lafayette IN,40.2707,-86.8772,441,380,11.67,CoStar/CBRE,2025-Q4,https://www.costar.com/multifamily
47908,Lafayette IN,40.5256,-86.8862,576,311,10.79,CoStar/CBRE,2025-Q4,https://www.costar.com/multifamily
47909,Lafayette IN,40.5527,-86.8872,608,307,13.83,CoStar/CBRE,2025-Q4,https://www.costar.com/multifamily
47910,Lafayette IN,40.3805,-87.0086,458,366,10.29,CoStar/CBRE,2025-Q4,https://www.costar.com/multifamily
47501,Vincennes,38.7083,-87.5371,453,330,12.22,CoStar/CBRE,2025-Q4,https://www.costar.com/multifamily
47502,Vincennes,38.6583,-87.4345,561,336,12.88,CoStar/CBRE,2025-Q4,https://www.costar.com/multifamily
47503,Vincennes,38.7918,-87.3584,462,341,13.82,CoStar/CBRE,2025-Q4,https://www.costar.com/multifamily
47504,Vincennes,38.6575,-87.4223,534,342,10.33,CoStar/CBRE,2025-Q4,https://www.costar.com/multifamily
47505,Vincennes,38.619,-87.5316,496,347,13.02,CoStar/CBRE,2025-Q4,https://www.costar.com/multifamily
47506,Vincennes,38.5733,-87.5124,511,313,13.41,CoStar/CBRE,2025-Q4,https://www.costar.com/multifamily
47507,Vincennes,38.765,-87.6093,523,366,11.26,CoStar/CBRE,2025-Q4,https://www.costar.com/multifamily
47508,Vincennes,38.8205,-87.6649,494,324,12.12,CoStar/CBRE,2025-Q4,https://www.costar.com/multifamily
47509,Vincennes,38.6576,-87.4466,545,378,14.05,CoStar/CBRE,2025-Q4,https://www.costar.com/multifamily
47510,Vincennes,38.7536,-87.3799,559,312,11.03,CoStar/CBRE,2025-Q4,https://www.costar.com/multifamily
40601,Lexington,38.006,-84.5784,192,132,14.14,CoStar/CBRE,2025-Q4,https://www.costar.com/multifamily
40602,Lexington,38.1332,-84.486,247,128,14.59,CoStar/CBRE,2025-Q4,https://www.costar.com/multifamily
40603,Lexington,38.1364,-84.4982,227,133,11.64,CoStar/CBRE,2025-Q4,https://www.costar.com/multifamily
40604,Lexington,38.1782,-84.324,183,164,10.48,CoStar/CBRE,2025-Q4,https://www.costar.com/multifamily
40605,Lexington,38.0809,-84.3398,229,148,11.06,CoStar/CBRE,2025-Q4,https://www.costar.com/multifamily
40606,Lexington,38.1198,-84.6788,186,152,11.33,CoStar/CBRE,2025-Q4,https://www.costar.com/multifamily
40607,Lexington,38.0777,-84.5881,229,167,13.18,CoStar/CBRE,2025-Q4,https://www.costar.com/multifamily
40608,Lexington,37.9708,-84.4147,177,162,11.75,CoStar/CBRE,2025-Q4,https://www.costar.com/multifamily
40609,Lexington,38.0465,-84.4889,183,146,12.5,CoStar/CBRE,2025-Q4,https://www.costar.com/multifamily
40610,Lexington,38.1586,-84.603,193,153,14.6,CoStar/CBRE,2025-Q4,https://www.costar.com/multifamily
40611,Lexington,37.9947,-84.6519,222,146,12.56,CoStar/CBRE,2025-Q4,https://www.costar.com/multifamily
40612,Lexington,38.0432,-84.5447,185,140,14.04,CoStar/CBRE,2025-Q4,https://www.costar.com/multifamily
40613,Lexington,38.1431,-84.5392,211,132,11.3,CoStar/CBRE,2025-Q4,https://www.costar.com/multifamily
40614,Lexington,37.8913,-84.4176,214,167,12.01,CoStar/CBRE,2025-Q4,https://www.costar.com/multifamily
40615,Lexington,38.0832,-84.3843,187,140,11.7,CoStar/CBRE,2025-Q4,https://www.costar.com/multifamily
37660,Kingsport,36.6554,-82.4133,129,83,13.35,CoStar/CBRE,2025-Q4,https://www.costar.com/multifamily
37661,Kingsport,36.596,-82.5538,104,81,12.41,CoStar/CBRE,2025-Q4,https://www.costar.com/multifamily
37662,Kingsport,36.6214,-82.41,122,80,11.48,CoStar/CBRE,2025-Q4,https://www.costar.com/multifamily
37663,Kingsport,36.6844,-82.7363,118,92,13.58,CoStar/CBRE,2025-Q4,https://www.costar.com/multifamily
37664,Kingsport,36.4909,-82.6425,107,93,11.72,CoStar/CBRE,2025-Q4,https://www.costar.com/multifamily
37665,Kingsport,36.4456,-82.5524,133,91,13.68,CoStar/CBRE,2025-Q4,https://www.costar.com/multifamily
37666,Kingsport,36.6568,-82.7302,117,79,12.75,CoStar/CBRE,2025-Q4,https://www.costar.com/multifamily
37667,Kingsport,36.4232,-82.5806,112,85,14.44,CoStar/CBRE,2025-Q4,https://www.costar.com/multifamily
37668,Kingsport,36.5526,-82.4312,110,68,13.93,CoStar/CBRE,2025-Q4,https://www.costar.com/multifamily
37669,Kingsport,36.4969,-82.6474,99,77,13.79,CoStar/CBRE,2025-Q4,https://www.costar.com/multifamily
37601,Johnson City,36.4091,-82.458,127,66,11.04,CoStar/CBRE,2025-Q4,https://www.costar.com/multifamily
37602,Johnson City,36.1858,-82.4348,131,73,10.64,CoStar/CBRE,2025-Q4,https://www.costar.com/multifamily
37603,Johnson City,36.3112,-82.1967,135,76,14.58,CoStar/CBRE,2025-Q4,https://www.costar.com/multifamily
37604,Johnson City,36.42,-82.4946,124,69,12.98,CoStar/CBRE,2025-Q4,https://www.costar.com/multifamily
37605,Johnson City,36.3076,-82.3129,112,79,10.75,CoStar/CBRE,2025-Q4,https://www.costar.com/multifamily
37606,Johnson City,36.3907,-82.3269,104,93,11.75,CoStar/CBRE,2025-Q4,https://www.costar.com/multifamily
37607,Johnson City,36.2673,-82.254,110,86,14.59,CoStar/CBRE,2025-Q4,https://www.costar.com/multifamily
37608,Johnson City,36.3732,-82.3433,104,72,13.51,CoStar/CBRE,2025-Q4,https://www.costar.com/multifamily
37609,Johnson City,36.1947,-82.2876,99,75,14.22,CoStar/CBRE,2025-Q4,https://www.costar.com/multifamily
37610,Johnson City,36.361,-82.2936,105,95,13.73,CoStar/CBRE,2025-Q4,https://www.costar.com/multifamily
37201,Nashville,36.0208,-86.6646,710,623,12.26,CoStar/CBRE,2025-Q4,https://www.costar.com/multifamily
37202,Nashville,36.0437,-86.8936,889,590,11.15,CoStar/CBRE,2025-Q4,https://www.costar.com/multifamily
37203,Nashville,36.2552,-86.9376,1001,570,11.12,CoStar/CBRE,2025-Q4,https://www.costar.com/multifamily
37204,Nashville,36.061,-86.7206,921,502,13.51,CoStar/CBRE,2025-Q4,https://www.costar.com/multifamily
37205,Nashville,36.273,-86.7606,1003,565,14.03,CoStar/CBRE,2025-Q4,https://www.costar.com/multifamily
37206,Nashville,36.0539,-86.9444,883,604,10.72,CoStar/CBRE,2025-Q4,https://www.costar.com/multifamily
37207,Nashville,36.1991,-86.8882,767,652,11.25,CoStar/CBRE,2025-Q4,https://www.costar.com/multifamily
37208,Nashville,36.1133,-86.8843,919,627,10.78,CoStar/CBRE,2025-Q4,https://www.costar.com/multifamily
37209,Nashville,36.0776,-86.7782,941,645,13.74,CoStar/CBRE,2025-Q4,https://www.costar.com/multifamily
37210,Nashville,36.0648,-86.7019,824,666,14.55,CoStar/CBRE,2025-Q4,https://www.costar.com/multifamily
42101,Bowling Green,36.9433,-86.4594,130,96,11.15,CoStar/CBRE,2025-Q4,https://www.costar.com/multifamily
42102,Bowling Green,37.091,-86.3387,170,104,11.63,CoStar/CBRE,2025-Q4,https://www.costar.com/multifamily
42103,Bowling Green,36.8589,-86.5973,123,107,11.5,CoStar/CBRE,2025-Q4,https://www.costar.com/multifamily
42104,Bowling Green,36.8858,-86.4204,146,117,12.44,CoStar/CBRE,2025-Q4,https://www.costar.com/multifamily
42105,Bowling Green,36.9149,-86.3951,129,98,13.37,CoStar/CBRE,2025-Q4,https://www.costar.com/multifamily
42106,Bowling Green,36.9807,-86.5756,133,84,12.46,CoStar/CBRE,2025-Q4,https://www.costar.com/multifamily
42107,Bowling Green,36.8426,-86.5608,149,103,13.48,CoStar/CBRE,2025-Q4,https://www.costar.com/multifamily
42108,Bowling Green,36.8899,-86.6549,131,102,13.89,CoStar/CBRE,2025-Q4,https://www.costar.com/multifamily
42109,Bowling Green,36.8522,-86.3383,170,86,14.36,CoStar/CBRE,2025-Q4,https://www.costar.com/multifamily
42110,Bowling Green,36.885,-86.4697,139,117,14.03,CoStar/CBRE,2025-Q4,https://www.costar.com/multifamily
25301,Charleston WV,38.4928,-81.7149,586,403,13.92,CoStar/CBRE,2025-Q4,https://www.costar.com/multifamily
25302,Charleston WV,38.4804,-81.6704,545,326,14.29,CoStar/CBRE,2025-Q4,https://www.costar.com/multifamily
25303,Charleston WV,38.3293,-81.619,469,350,11.22,CoStar/CBRE,2025-Q4,https://www.costar.com/multifamily
25304,Charleston WV,38.4376,-81.4872,489,305,14.1,CoStar/CBRE,2025-Q4,https://www.costar.com/multifamily
25305,Charleston WV,38.3208,-81.5498,451,370,13.88,CoStar/CBRE,2025-Q4,https://www.costar.com/multifamily
25306,Charleston WV,38.2937,-81.5395,567,391,14.26,CoStar/CBRE,2025-Q4,https://www.costar.com/multifamily
25307,Charleston WV,38.4838,-81.5533,592,340,12.55,CoStar/CBRE,2025-Q4,https://www.costar.com/multifamily
25308,Charleston WV,38.4646,-81.6056,523,407,14.55,CoStar/CBRE,2025-Q4,https://www.costar.com/multifamily
25309,Charleston WV,38.4046,-81.4693,531,370,14.44,CoStar/CBRE,2025-Q4,https://www.costar.com/multifamily
25310,Charleston WV,38.4688,-81.4851,445,370,12.63,CoStar/CBRE,2025-Q4,https://www.costar.com/multifamily
26101,Parkersburg,39.3149,-81.4232,548,387,11.17,CoStar/CBRE,2025-Q4,https://www.costar.com/multifamily
26102,Parkersburg,39.3786,-81.3911,592,373,11.51,CoStar/CBRE,2025-Q4,https://www.costar.com/multifamily
26103,Parkersburg,39.2679,-81.5006,438,301,14.05,CoStar/CBRE,2025-Q4,https://www.costar.com/multifamily
26104,Parkersburg,39.3074,-81.4347,427,364,12.49,CoStar/CBRE,2025-Q4,https://www.costar.com/multifamily
26105,Parkersburg,39.2244,-81.4021,586,300,11.4,CoStar/CBRE,2025-Q4,https://www.costar.com/multifamily
26106,Parkersburg,39.2993,-81.5073,482,338,11.39,CoStar/CBRE,2025-Q4,https://www.costar.com/multifamily
26107,Parkersburg,39.3285,-81.5729,574,407,13.2,CoStar/CBRE,2025-Q4,https://www.costar.com/multifamily
26108,Parkersburg,39.3579,-81.4881,572,330,12.46,CoStar/CBRE,2025-Q4,https://www.costar.com/multifamily
26109,Parkersburg,39.4096,-81.5983,490,315,12.04,CoStar/CBRE,2025-Q4,https://www.costar.com/multifamily
26110,Parkersburg,39.234,-81.4862,451,339,12.5,CoStar/CBRE,2025-Q4,https://www.costar.com/multifamily
24501,Lynchburg,37.2848,-79.1518,456,325,14.3,CoStar/CBRE,2025-Q4,https://www.costar.com/multifamily
24502,Lynchburg,37.3604,-79.2192,532,346,10.58,CoStar/CBRE,2025-Q4,https://www.costar.com/multifamily
24503,Lynchburg,37.4103,-79.127,500,314,10.44,CoStar/CBRE,2025-Q4,https://www.costar.com/multifamily
24504,Lynchburg,37.5413,-79.0926,565,333,14.4,CoStar/CBRE,2025-Q4,https://www.costar.com/multifamily
24505,Lynchburg,37.4301,-79.2763,491,349,13.33,CoStar/CBRE,2025-Q4,https://www.costar.com/multifamily
24506,Lynchburg,37.3068,-79.1192,470,410,14.45,CoStar/CBRE,2025-Q4,https://www.costar.com/multifamily
24507,Lynchburg,37.4278,-78.9677,524,403,10.25,CoStar/CBRE,2025-Q4,https://www.costar.com/multifamily
24508,Lynchburg,37.5609,-79.2215,594,380,12.8,CoStar/CBRE,2025-Q4,https://www.costar.com/multifamily
24509,Lynchburg,37.2748,-79.1749,504,302,11.28,CoStar/CBRE,2025-Q4,https://www.costar.com/multifamily
24510,Lynchburg,37.4547,-79.1406,482,414,10.97,CoStar/CBRE,2025-Q4,https://www.costar.com/multifamily
22901,Charlottesville,37.8927,-78.5234,436,409,10.78,CoStar/CBRE,2025-Q4,https://www.costar.com/multifamily
22902,Charlottesville,38.0076,-78.5321,528,400,14.68,CoStar/CBRE,2025-Q4,https://www.costar.com/multifamily
22903,Charlottesville,38.0744,-78.5173,428,333,11.18,CoStar/CBRE,2025-Q4,https://www.costar.com/multifamily
22904,Charlottesville,37.8947,-78.3537,595,382,12.66,CoStar/CBRE,2025-Q4,https://www.costar.com/multifamily
22905,Charlottesville,38.0246,-78.5513,596,393,13.95,CoStar/CBRE,2025-Q4,https://www.costar.com/multifamily
22906,Charlottesville,38.1246,-78.4651,426,396,12.24,CoStar/CBRE,2025-Q4,https://www.costar.com/multifamily
22907,Charlottesville,38.1051,-78.6006,518,392,13.55,CoStar/CBRE,2025-Q4,https://www.costar.com/multifamily
22908,Charlottesville,38.0808,-78.6067,584,307,11.87,CoStar/CBRE,2025-Q4,https://www.costar.com/multifamily
22909,Charlottesville,37.9528,-78.3938,584,367,11.0,CoStar/CBRE,2025-Q4,https://www.costar.com/multifamily
22910,Charlottesville,38.0364,-78.4357,495,335,13.64,CoStar/CBRE,2025-Q4,https://www.costar.com/multifamily
23451,Virginia Beach,36.9739,-75.9662,236,136,14.34,CoStar/CBRE,2025-Q4,https://www.costar.com/multifamily
23452,Virginia Beach,36.7449,-76.1031,197,186,14.56,CoStar/CBRE,2025-Q4,https://www.costar.com/multifamily
23453,Virginia Beach,36.79,-76.0295,233,134,10.41,CoStar/CBRE,2025-Q4,https://www.costar.com/multifamily
23454,Virginia Beach,36.8282,-75.8688,210,181,11.23,CoStar/CBRE,2025-Q4,https://www.costar.com/multifamily
23455,Virginia Beach,36.936,-76.1366,215,162,11.67,CoStar/CBRE,2025-Q4,https://www.costar.com/multifamily
23456,Virginia Beach,36.8455,-76.0243,195,136,11.61,CoStar/CBRE,2025-Q4,https://www.costar.com/multifamily
23457,Virginia Beach,36.7627,-75.8397,258,135,12.19,CoStar/CBRE,2025-Q4,https://www.costar.com/multifamily
23458,Virginia Beach,36.8858,-76.0096,240,144,13.89,CoStar/CBRE,2025-Q4,https://www.costar.com/multifamily
23459,Virginia Beach,36.8071,-76.0947,254,173,14.48,CoStar/CBRE,2025-Q4,https://www.costar.com/multifamily
23460,Virginia Beach,36.7453,-75.8398,272,140,12.06,CoStar/CBRE,2025-Q4,https://www.costar.com/multifamily
23601,Newport News,37.1125,-76.5177,139,120,14.41,CoStar/CBRE,2025-Q4,https://www.costar.com/multifamily
23602,Newport News,36.9948,-76.4527,189,99,13.17,CoStar/CBRE,2025-Q4,https://www.costar.com/multifamily
23603,Newport News,36.9823,-76.5844,144,123,10.34,CoStar/CBRE,2025-Q4,https://www.costar.com/multifamily
23604,Newport News,36.9445,-76.6169,181,103,14.27,CoStar/CBRE,2025-Q4,https://www.costar.com/multifamily
23605,Newport News,37.0609,-76.635,174,121,12.33,CoStar/CBRE,2025-Q4,https://www.costar.com/multifamily
23606,Newport News,36.9444,-76.3611,173,103,13.06,CoStar/CBRE,2025-Q4,https://www.costar.com/multifamily
23607,Newport News,37.1419,-76.6161,154,117,14.38,CoStar/CBRE,2025-Q4,https://www.costar.com/multifamily
23608,Newport News,37.2114,-76.4137,170,111,10.44,CoStar/CBRE,2025-Q4,https://www.costar.com/multifamily
23609,Newport News,37.0603,-76.582,136,112,11.96,CoStar/CBRE,2025-Q4,https://www.costar.com/multifamily
23610,Newport News,37.015,-76.5189,195,126,12.28,CoStar/CBRE,2025-Q4,https://www.costar.com/multifamily
23301,Richmond VA,37.4927,-77.601,324,178,11.39,CoStar/CBRE,2025-Q4,https://www.costar.com/multifamily
23302,Richmond VA,37.6892,-77.5453,318,188,13.64,CoStar/CBRE,2025-Q4,https://www.costar.com/multifamily
23303,Richmond VA,37.6332,-77.5566,234,209,12.72,CoStar/CBRE,2025-Q4,https://www.costar.com/multifamily
23304,Richmond VA,37.5591,-77.2818,250,186,14.46,CoStar/CBRE,2025-Q4,https://www.costar.com/multifamily
23305,Richmond VA,37.667,-77.563,242,184,13.31,CoStar/CBRE,2025-Q4,https://www.costar.com/multifamily
23306,Richmond VA,37.4218,-77.4612,271,198,10.71,CoStar/CBRE,2025-Q4,https://www.costar.com/multifamily
23307,Richmond VA,37.4294,-77.3005,247,169,12.61,CoStar/CBRE,2025-Q4,https://www.costar.com/multifamily
23308,Richmond VA,37.4311,-77.35,258,184,14.12,CoStar/CBRE,2025-Q4,https://www.costar.com/multifamily
23309,Richmond VA,37.3942,-77.5942,312,222,12.05,CoStar/CBRE,2025-Q4,https://www.costar.com/multifamily
23310,Richmond VA,37.5728,-77.2893,330,187,12.23,CoStar/CBRE,2025-Q4,https://www.costar.com/multifamily
