zip_code,metro,lat,lng,mf_permits_12mo,permit_growth_yoy_pct,data_source,as_of_date,source_url
10001,New York,40.564,-74.0031,1544,-6.71,US Census Bureau,2025-Q4,https://www.census.gov/construction/bps/
10002,New York,40.7872,-73.9938,1860,-6.68,US Census Bureau,2025-Q4,https://www.census.gov/construction/bps/
10003,New York,40.8358,-74.1131,1926,-6.73,US Census Bureau,2025-Q4,https://www.census.gov/construction/bps/
10004,New York,40.5966,-73.9574,1638,-6.25,US Census Bureau,2025-Q4,https://www.census.gov/construction/bps/
10005,New York,40.6223,-73.9097,1374,-7.34,US Census Bureau,2025-Q4,https://www.census.gov/construction/bps/
10006,New York,40.7455,-74.1688,1914,-6.52,US Census Bureau,2025-Q4,https://www.census.gov/construction/bps/
10007,New York,40.753,-74.0236,1543,-7.55,US Census Bureau,2025-Q4,https://www.census.gov/construction/bps/
10008,New York,40.8409,-73.8729,1880,-6.19,US Census Bureau,2025-Q4,https://www.census.gov/construction/bps/
10009,New York,40.6863,-73.8916,1755,-6.15,US Census Bureau,2025-Q4,https://www.census.gov/construction/bps/
10010,New York,40.6582,-74.1744,1630,-7.37,US Census Bureau,2025-Q4,https://www.census.gov/construction/bps/
10011,New York,40.6164,-74.0364,1700,-5.38,US Census Bureau,2025-Q4,https://www.census.gov/construction/bps/
10012,New York,40.7651,-74.0813,1865,-6.14,US Census Bureau,2025-Q4,https://www.census.gov/construction/bps/
10013,New York,40.5718,-73.9069,1681,-5.46,US Census Bureau,2025-Q4,https://www.census.gov/construction/bps/
10014,New York,40.8483,-73.9022,1546,-7.34,US Census Bureau,2025-Q4,https://www.census.gov/construction/bps/
10015,New York,40.7876,-73.9791,1747,-6.09,US Census Bureau,2025-Q4,https://www.census.gov/construction/bps/
10016,New York,40.8492,-73.9492,1909,-6.78,US Census Bureau,2025-Q4,https://www.census.gov/construction/bps/
10017,New York,40.7315,-74.0492,1675,-6.96,US Census Bureau,2025-Q4,https://www.census.gov/construction/bps/
10018,New York,40.7465,-74.0062,1357,-5.88,US Census Bureau,2025-Q4,https://www.census.gov/construction/bps/
10019,New York,40.8496,-73.9842,1403,-6.15,US Census Bureau,2025-Q4,https://www.census.gov/construction/bps/
10020,New York,40.7937,-74.0435,1516,-6.47,US Census Bureau,2025-Q4,https://www.census.gov/construction/bps/
10021,New York,40.8501,-73.9875,1935,-5.77,US Census Bureau,2025-Q4,https://www.census.gov/construction/bps/
10022,New York,40.61,-74.0677,1886,-6.22,US Census Bureau,2025-Q4,https://www.census.gov/construction/bps/
10023,New York,40.6564,-74.081,1459,-6.41,US Census Bureau,2025-Q4,https://www.census.gov/construction/bps/
10024,New York,40.8034,-74.1215,1648,-6.71,US Census Bureau,2025-Q4,https://www.census.gov/construction/bps/
10025,New York,40.8144,-73.9565,1754,-5.65,US Census Bureau,2025-Q4,https://www.census.gov/construction/bps/
10026,New York,40.8152,-74.1239,1384,-7.6,US Census Bureau,2025-Q4,https://www.census.gov/construction/bps/
10027,New York,40.7701,-73.9228,1917,-7.32,US Census Bureau,2025-Q4,https://www.census.gov/construction/bps/
10028,New York,40.8363,-73.9296,1616,-6.65,US Census Bureau,2025-Q4,https://www.census.gov/construction/bps/
10029,New York,40.6248,-74.0618,1709,-6.56,US Census Bureau,2025-Q4,https://www.census.gov/construction/bps/
10030,New York,40.8296,-74.1136,1745,-5.59,US Census Bureau,2025-Q4,https://www.census.gov/construction/bps/
10031,New York,40.7547,-73.8801,1944,-7.53,US Census Bureau,2025-Q4,https://www.census.gov/construction/bps/
10032,New York,40.7883,-74.1199,1710,-7.59,US Census Bureau,2025-Q4,https://www.census.gov/construction/bps/
10033,New York,40.6653,-73.844,1436,-7.02,US Census Bureau,2025-Q4,https://www.census.gov/construction/bps/
10034,New York,40.819,-74.1257,1544,-6.0,US Census Bureau,2025-Q4,https://www.census.gov/construction/bps/
10035,New York,40.841,-73.8655,1944,-6.16,US Census Bureau,2025-Q4,https://www.census.gov/construction/bps/
10036,New York,40.8428,-74.1198,1833,-7.31,US Census Bureau,2025-Q4,https://www.census.gov/construction/bps/
10037,New York,40.7695,-73.8682,1576,-6.68,US Census Bureau,2025-Q4,https://www.census.gov/construction/bps/
10038,New York,40.6597,-74.0256,1527,-7.54,US Census Bureau,2025-Q4,https://www.census.gov/construction/bps/
10039,New York,40.8624,-74.1386,1647,-6.24,US Census Bureau,2025-Q4,https://www.census.gov/construction/bps/
10040,New York,40.8485,-74.0837,1935,-6.78,US Census Bureau,2025-Q4,https://www.census.gov/construction/bps/
10041,New York,40.7061,-73.8581,1471,-5.37,US Census Bureau,2025-Q4,https://www.census.gov/construction/bps/
10042,New York,40.592,-74.102,1782,-5.79,US Census Bureau,2025-Q4,https://www.census.gov/construction/bps/
10043,New York,40.854,-74.0088,1599,-7.0,US Census Bureau,2025-Q4,https://www.census.gov/construction/bps/
10044,New York,40.6682,-74.0982,1901,-7.32,US Census Bureau,2025-Q4,https://www.census.gov/construction/bps/
10045,New York,40.8559,-74.1667,1448,-6.63,US Census Bureau,2025-Q4,https://www.census.gov/construction/bps/
10046,New York,40.7917,-73.9853,1526,-6.27,US Census Bureau,2025-Q4,https://www.census.gov/construction/bps/
10047,New York,40.7567,-73.9596,1920,-7.33,US Census Bureau,2025-Q4,https://www.census.gov/construction/bps/
10048,New York,40.7048,-73.9293,1391,-6.75,US Census Bureau,2025-Q4,https://www.census.gov/construction/bps/
10049,New York,40.8035,-74.1252,1928,-5.91,US Census Bureau,2025-Q4,https://www.census.gov/construction/bps/
10050,New York,40.6196,-73.9172,1462,-6.23,US Census Bureau,2025-Q4,https://www.census.gov/construction/bps/
10051,New York,40.643,-73.924,1499,-5.93,US Census Bureau,2025-Q4,https://www.census.gov/construction/bps/
10052,New York,40.6472,-73.9063,1853,-6.98,US Census Bureau,2025-Q4,https://www.census.gov/construction/bps/
10053,New York,40.851,-74.0213,1706,-6.21,US Census Bureau,2025-Q4,https://www.census.gov/construction/bps/
10054,New York,40.6703,-74.059,1782,-5.43,US Census Bureau,2025-Q4,https://www.census.gov/construction/bps/
10055,New York,40.7919,-73.9193,1364,-7.01,US Census Bureau,2025-Q4,https://www.census.gov/construction/bps/
10056,New York,40.7687,-74.0027,1510,-7.16,US Census Bureau,2025-Q4,https://www.census.gov/construction/bps/
10057,New York,40.7865,-73.9435,1869,-7.61,US Census Bureau,2025-Q4,https://www.census.gov/construction/bps/
10058,New York,40.762,-74.0912,1870,-5.41,US Census Bureau,2025-Q4,https://www.census.gov/construction/bps/
10059,New York,40.8554,-73.9114,1561,-7.01,US Census Bureau,2025-Q4,https://www.census.gov/construction/bps/
10060,New York,40.7568,-73.9228,1693,-5.81,US Census Bureau,2025-Q4,https://www.census.gov/construction/bps/
10061,New York,40.6937,-74.1749,1931,-6.36,US Census Bureau,2025-Q4,https://www.census.gov/construction/bps/
10062,New York,40.6367,-73.8556,1936,-7.55,US Census Bureau,2025-Q4,https://www.census.gov/construction/bps/
10063,New York,40.7167,-73.9992,1738,-5.46,US Census Bureau,2025-Q4,https://www.census.gov/construction/bps/
10064,New York,40.6219,-74.1213,1594,-5.48,US Census Bureau,2025-Q4,https://www.census.gov/construction/bps/
10065,New York,40.6587,-73.9155,1735,-5.57,US Census Bureau,2025-Q4,https://www.census.gov/construction/bps/
10066,New York,40.8151,-73.837,1496,-7.28,US Census Bureau,2025-Q4,https://www.census.gov/construction/bps/
10067,New York,40.8289,-73.9201,1694,-6.78,US Census Bureau,2025-Q4,https://www.census.gov/construction/bps/
10068,New York,40.6768,-73.9826,1845,-6.5,US Census Bureau,2025-Q4,https://www.census.gov/construction/bps/
10069,New York,40.5917,-73.9744,1727,-6.94,US Census Bureau,2025-Q4,https://www.census.gov/construction/bps/
10070,New York,40.5835,-73.9129,1748,-6.15,US Census Bureau,2025-Q4,https://www.census.gov/construction/bps/
10071,New York,40.5696,-73.881,1459,-6.44,US Census Bureau,2025-Q4,https://www.census.gov/construction/bps/
10072,New York,40.6973,-73.8572,1499,-6.93,US Census Bureau,2025-Q4,https://www.census.gov/construction/bps/
10073,New York,40.6683,-73.8412,1371,-5.93,US Census Bureau,2025-Q4,https://www.census.gov/construction/bps/
10074,New York,40.6544,-73.9861,1579,-7.19,US Census Bureau,2025-Q4,https://www.census.gov/construction/bps/
10075,New York,40.8282,-73.9756,1638,-6.99,US Census Bureau,2025-Q4,https://www.census.gov/construction/bps/
10076,New York,40.5789,-73.8746,1384,-6.98,US Census Bureau,2025-Q4,https://www.census.gov/construction/bps/
10077,New York,40.8013,-73.9942,1391,-7.11,US Census Bureau,2025-Q4,https://www.census.gov/construction/bps/
10078,New York,40.7908,-74.0033,1615,-5.62,US Census Bureau,2025-Q4,https://www.census.gov/construction/bps/
10079,New York,40.5863,-74.0558,1732,-5.44,US Census Bureau,2025-Q4,https://www.census.gov/construction/bps/
10080,New York,40.6942,-74.0887,1858,-5.95,US Census Bureau,2025-Q4,https://www.census.gov/construction/bps/
90001,Los Angeles,34.1214,-118.2314,1056,-6.79,US Census Bureau,2025-Q4,https://www.census.gov/construction/bps/
90002,Los Angeles,34.0392,-118.3354,1202,-7.64,US Census Bureau,2025-Q4,https://www.census.gov/construction/bps/
90003,Los Angeles,33.9029,-118.243,1322,-6.69,US Census Bureau,2025-Q4,https://www.census.gov/construction/bps/
90004,Los Angeles,34.1509,-118.1387,1382,-6.38,US Census Bureau,2025-Q4,https://www.census.gov/construction/bps/
90005,Los Angeles,33.9751,-118.415,962,-6.24,US Census Bureau,2025-Q4,https://www.census.gov/construction/bps/
90006,Los Angeles,33.999,-118.3099,1330,-6.37,US Census Bureau,2025-Q4,https://www.census.gov/construction/bps/
90007,Los Angeles,34.0868,-118.1844,1279,-5.82,US Census Bureau,2025-Q4,https://www.census.gov/construction/bps/
90008,Los Angeles,34.0856,-118.2297,995,-7.29,US Census Bureau,2025-Q4,https://www.census.gov/construction/bps/
90009,Los Angeles,34.1576,-118.2875,1167,-7.3,US Census Bureau,2025-Q4,https://www.census.gov/construction/bps/
90010,Los Angeles,33.948,-118.2617,1232,-5.98,US Census Bureau,2025-Q4,https://www.census.gov/construction/bps/
90011,Los Angeles,34.161,-118.072,1058,-7.26,US Census Bureau,2025-Q4,https://www.census.gov/construction/bps/
90012,Los Angeles,34.0257,-118.3151,1181,-7.03,US Census Bureau,2025-Q4,https://www.census.gov/construction/bps/
90013,Los Angeles,34.0993,-118.269,1327,-6.65,US Census Bureau,2025-Q4,https://www.census.gov/construction/bps/
90014,Los Angeles,33.9242,-118.2933,1180,-6.36,US Census Bureau,2025-Q4,https://www.census.gov/construction/bps/
90015,Los Angeles,34.1921,-118.1397,1161,-5.98,US Census Bureau,2025-Q4,https://www.census.gov/construction/bps/
90016,Los Angeles,34.1713,-118.2349,1360,-5.92,US Census Bureau,2025-Q4,https://www.census.gov/construction/bps/
90017,Los Angeles,34.1716,-118.1116,1056,-6.16,US Census Bureau,2025-Q4,https://www.census.gov/construction/bps/
90018,Los Angeles,33.9229,-118.1455,1082,-7.09,US Census Bureau,2025-Q4,https://www.census.gov/construction/bps/
90019,Los Angeles,33.9689,-118.1972,1080,-5.43,US Census Bureau,2025-Q4,https://www.census.gov/construction/bps/
90020,Los Angeles,33.9238,-118.0834,1057,-5.84,US Census Bureau,2025-Q4,https://www.census.gov/construction/bps/
90021,Los Angeles,34.1068,-118.1598,1118,-7.53,US Census Bureau,2025-Q4,https://www.census.gov/construction/bps/
90022,Los Angeles,34.0847,-118.1458,1135,-6.21,US Census Bureau,2025-Q4,https://www.census.gov/construction/bps/
90023,Los Angeles,34.1212,-118.3214,1129,-6.18,US Census Bureau,2025-Q4,https://www.census.gov/construction/bps/
90024,Los Angeles,33.9381,-118.3817,1235,-7.01,US Census Bureau,2025-Q4,https://www.census.gov/construction/bps/
90025,Los Angeles,34.1683,-118.421,1006,-6.04,US Census Bureau,2025-Q4,https://www.census.gov/construction/bps/
90026,Los Angeles,34.018,-118.0865,1127,-7.64,US Census Bureau,2025-Q4,https://www.census.gov/construction/bps/
90027,Los Angeles,34.0829,-118.2324,1175,-7.34,US Census Bureau,2025-Q4,https://www.census.gov/construction/bps/
90028,Los Angeles,34.0628,-118.3854,1240,-7.09,US Census Bureau,2025-Q4,https://www.census.gov/construction/bps/
90029,Los Angeles,33.9948,-118.3634,1359,-6.66,US Census Bureau,2025-Q4,https://www.census.gov/construction/bps/
90030,Los Angeles,33.9549,-118.1002,1003,-7.16,US Census Bureau,2025-Q4,https://www.census.gov/construction/bps/
90031,Los Angeles,34.0853,-118.1248,1197,-7.1,US Census Bureau,2025-Q4,https://www.census.gov/construction/bps/
90032,Los Angeles,34.0964,-118.3443,1007,-5.62,US Census Bureau,2025-Q4,https://www.census.gov/construction/bps/
90033,Los Angeles,34.0182,-118.3844,1221,-6.68,US Census Bureau,2025-Q4,https://www.census.gov/construction/bps/
90034,Los Angeles,33.9229,-118.1975,974,-5.74,US Census Bureau,2025-Q4,https://www.census.gov/construction/bps/
90035,Los Angeles,34.1844,-118.1729,1062,-6.15,US Census Bureau,2025-Q4,https://www.census.gov/construction/bps/
90036,Los Angeles,34.0083,-118.1578,1049,-5.66,US Census Bureau,2025-Q4,https://www.census.gov/construction/bps/
90037,Los Angeles,33.9468,-118.3693,1150,-5.36,US Census Bureau,2025-Q4,https://www.census.gov/construction/bps/
90038,Los Angeles,34.0832,-118.4076,973,-7.65,US Census Bureau,2025-Q4,https://www.census.gov/construction/bps/
90039,Los Angeles,33.9634,-118.0968,1098,-5.54,US Census Bureau,2025-Q4,https://www.census.gov/construction/bps/
90040,Los Angeles,34.1224,-118.2212,1095,-6.04,US Census Bureau,2025-Q4,https://www.census.gov/construction/bps/
90041,Los Angeles,34.1348,-118.2771,1044,-6.9,US Census Bureau,2025-Q4,https://www.census.gov/construction/bps/
90042,Los Angeles,34.0297,-118.2394,984,-5.6,US Census Bureau,2025-Q4,https://www.census.gov/construction/bps/
90043,Los Angeles,34.1872,-118.1309,1098,-6.74,US Census Bureau,2025-Q4,https://www.census.gov/construction/bps/
90044,Los Angeles,34.0132,-118.1634,1266,-6.45,US Census Bureau,2025-Q4,https://www.census.gov/construction/bps/
90045,Los Angeles,34.1026,-118.1199,1201,-7.01,US Census Bureau,2025-Q4,https://www.census.gov/construction/bps/
90046,Los Angeles,33.9073,-118.1468,1002,-5.88,US Census Bureau,2025-Q4,https://www.census.gov/construction/bps/
90047,Los Angeles,34.1758,-118.0821,1176,-6.33,US Census Bureau,2025-Q4,https://www.census.gov/construction/bps/
90048,Los Angeles,34.1469,-118.2681,1160,-5.77,US Census Bureau,2025-Q4,https://www.census.gov/construction/bps/
90049,Los Angeles,34.0295,-118.4192,1240,-6.75,US Census Bureau,2025-Q4,https://www.census.gov/construction/bps/
90050,Los Angeles,34.0881,-118.0957,1239,-5.49,US Census Bureau,2025-Q4,https://www.census.gov/construction/bps/
90051,Los Angeles,34.0655,-118.4031,972,-5.52,US Census Bureau,2025-Q4,https://www.census.gov/construction/bps/
90052,Los Angeles,34.0743,-118.1046,1238,-5.91,US Census Bureau,2025-Q4,https://www.census.gov/construction/bps/
90053,Los Angeles,33.9527,-118.2702,1145,-6.05,US Census Bureau,2025-Q4,https://www.census.gov/construction/bps/
90054,Los Angeles,34.0598,-118.2157,1290,-5.42,US Census Bureau,2025-Q4,https://www.census.gov/construction/bps/
90055,Los Angeles,34.0001,-118.2148,1161,-7.07,US Census Bureau,2025-Q4,https://www.census.gov/construction/bps/
90056,Los Angeles,34.0884,-118.3838,1348,-5.53,US Census Bureau,2025-Q4,https://www.census.gov/construction/bps/
90057,Los Angeles,34.1417,-118.4208,1301,-6.2,US Census Bureau,2025-Q4,https://www.census.gov/construction/bps/
90058,Los Angeles,33.9248,-118.1827,1164,-5.76,US Census Bureau,2025-Q4,https://www.census.gov/construction/bps/
90059,Los Angeles,34.0479,-118.173,1168,-6.25,US Census Bureau,2025-Q4,https://www.census.gov/construction/bps/
90060,Los Angeles,34.1424,-118.228,1057,-6.51,US Census Bureau,2025-Q4,https://www.census.gov/construction/bps/
90061,Los Angeles,34.0107,-118.2141,1081,-5.77,US Census Bureau,2025-Q4,https://www.census.gov/construction/bps/
90062,Los Angeles,33.9245,-118.0951,1065,-6.34,US Census Bureau,2025-Q4,https://www.census.gov/construction/bps/
90063,Los Angeles,33.9377,-118.2025,1022,-6.23,US Census Bureau,2025-Q4,https://www.census.gov/construction/bps/
90064,Los Angeles,34.0515,-118.3478,1180,-6.75,US Census Bureau,2025-Q4,https://www.census.gov/construction/bps/
90065,Los Angeles,34.0036,-118.3985,1093,-7.13,US Census Bureau,2025-Q4,https://www.census.gov/construction/bps/
90066,Los Angeles,33.9078,-118.0645,1246,-6.16,US Census Bureau,2025-Q4,https://www.census.gov/construction/bps/
90067,Los Angeles,34.0193,-118.2298,1187,-6.15,US Census Bureau,2025-Q4,https://www.census.gov/construction/bps/
90068,Los Angeles,34.1604,-118.0666,1274,-5.46,US Census Bureau,2025-Q4,https://www.census.gov/construction/bps/
90069,Los Angeles,34.1507,-118.2329,1123,-6.53,US Census Bureau,2025-Q4,https://www.census.gov/construction/bps/
90070,Los Angeles,34.1998,-118.1668,1153,-5.77,US Census Bureau,2025-Q4,https://www.census.gov/construction/bps/
90071,Los Angeles,33.9779,-118.1879,1124,-5.96,US Census Bureau,2025-Q4,https://www.census.gov/construction/bps/
90072,Los Angeles,33.9839,-118.106,1259,-5.85,US Census Bureau,2025-Q4,https://www.census.gov/construction/bps/
90073,Los Angeles,33.9542,-118.391,1311,-6.42,US Census Bureau,2025-Q4,https://www.census.gov/construction/bps/
90074,Los Angeles,34.0595,-118.3353,1203,-6.58,US Census Bureau,2025-Q4,https://www.census.gov/construction/bps/
90075,Los Angeles,34.0552,-118.1555,1180,-5.47,US Census Bureau,2025-Q4,https://www.census.gov/construction/bps/
90076,Los Angeles,34.1445,-118.2757,1096,-6.63,US Census Bureau,2025-Q4,https://www.census.gov/construction/bps/
90077,Los Angeles,34.1051,-118.3696,1237,-7.21,US Census Bureau,2025-Q4,https://www.census.gov/construction/bps/
90078,Los Angeles,34.1916,-118.2034,1305,-5.45,US Census Bureau,2025-Q4,https://www.census.gov/construction/bps/
90079,Los Angeles,33.9753,-118.3549,983,-6.06,US Census Bureau,2025-Q4,https://www.census.gov/construction/bps/
90080,Los Angeles,33.9908,-118.0727,1180,-6.91,US Census Bureau,2025-Q4,https://www.census.gov/construction/bps/
60601,Chicago,41.8072,-87.7025,491,-6.86,US Census Bureau,2025-Q4,https://www.census.gov/construction/bps/
60602,Chicago,41.7627,-87.717,485,-7.62,US Census Bureau,2025-Q4,https://www.census.gov/construction/bps/
60603,Chicago,41.8959,-87.4839,482,-5.67,US Census Bureau,2025-Q4,https://www.census.gov/construction/bps/
60604,Chicago,41.9676,-87.6706,461,-6.72,US Census Bureau,2025-Q4,https://www.census.gov/construction/bps/
60605,Chicago,41.8354,-87.5089,449,-6.84,US Census Bureau,2025-Q4,https://www.census.gov/construction/bps/
60606,Chicago,41.9104,-87.512,449,-6.83,US Census Bureau,2025-Q4,https://www.census.gov/construction/bps/
60607,Chicago,41.7836,-87.7617,363,-7.26,US Census Bureau,2025-Q4,https://www.census.gov/construction/bps/
60608,Chicago,41.9675,-87.5971,452,-7.47,US Census Bureau,2025-Q4,https://www.census.gov/construction/bps/
60609,Chicago,41.9584,-87.4849,434,-7.11,US Census Bureau,2025-Q4,https://www.census.gov/construction/bps/
60610,Chicago,41.9527,-87.7464,476,-7.15,US Census Bureau,2025-Q4,https://www.census.gov/construction/bps/
60611,Chicago,41.9986,-87.533,432,-7.12,US Census Bureau,2025-Q4,https://www.census.gov/construction/bps/
60612,Chicago,41.8096,-87.6634,427,-7.37,US Census Bureau,2025-Q4,https://www.census.gov/construction/bps/
60613,Chicago,42.0224,-87.483,377,-7.6,US Census Bureau,2025-Q4,https://www.census.gov/construction/bps/
60614,Chicago,41.8415,-87.5368,381,-6.68,US Census Bureau,2025-Q4,https://www.census.gov/construction/bps/
60615,Chicago,41.8751,-87.7045,513,-5.81,US Census Bureau,2025-Q4,https://www.census.gov/construction/bps/
60616,Chicago,41.8192,-87.6943,412,-7.29,US Census Bureau,2025-Q4,https://www.census.gov/construction/bps/
60617,Chicago,41.7678,-87.4937,391,-6.53,US Census Bureau,2025-Q4,https://www.census.gov/construction/bps/
60618,Chicago,41.823,-87.5055,495,-6.32,US Census Bureau,2025-Q4,https://www.census.gov/construction/bps/
60619,Chicago,41.9999,-87.8035,517,-6.23,US Census Bureau,2025-Q4,https://www.census.gov/construction/bps/
60620,Chicago,41.7287,-87.5826,372,-5.66,US Census Bureau,2025-Q4,https://www.census.gov/construction/bps/
60621,Chicago,41.8316,-87.6411,383,-5.81,US Census Bureau,2025-Q4,https://www.census.gov/construction/bps/
60622,Chicago,41.8746,-87.6585,405,-6.86,US Census Bureau,2025-Q4,https://www.census.gov/construction/bps/
60623,Chicago,41.7497,-87.4588,496,-6.44,US Census Bureau,2025-Q4,https://www.census.gov/construction/bps/
60624,Chicago,41.8158,-87.6753,426,-6.73,US Census Bureau,2025-Q4,https://www.census.gov/construction/bps/
60625,Chicago,41.7448,-87.6703,398,-6.09,US Census Bureau,2025-Q4,https://www.census.gov/construction/bps/
60626,Chicago,41.893,-87.7586,406,-6.21,US Census Bureau,2025-Q4,https://www.census.gov/construction/bps/
60627,Chicago,41.994,-87.7613,367,-7.04,US Census Bureau,2025-Q4,https://www.census.gov/construction/bps/
60628,Chicago,41.9111,-87.4579,475,-6.34,US Census Bureau,2025-Q4,https://www.census.gov/construction/bps/
60629,Chicago,41.7587,-87.7174,423,-6.0,US Census Bureau,2025-Q4,https://www.census.gov/construction/bps/
60630,Chicago,41.9099,-87.7597,482,-7.43,US Census Bureau,2025-Q4,https://www.census.gov/construction/bps/
60631,Chicago,41.7453,-87.7891,366,-6.54,US Census Bureau,2025-Q4,https://www.census.gov/construction/bps/
60632,Chicago,41.7612,-87.4761,411,-5.77,US Census Bureau,2025-Q4,https://www.census.gov/construction/bps/
60633,Chicago,41.7567,-87.7062,374,-6.33,US Census Bureau,2025-Q4,https://www.census.gov/construction/bps/
60634,Chicago,41.7451,-87.692,385,-7.33,US Census Bureau,2025-Q4,https://www.census.gov/construction/bps/
60635,Chicago,41.7298,-87.641,371,-6.39,US Census Bureau,2025-Q4,https://www.census.gov/construction/bps/
60636,Chicago,41.8036,-87.5102,404,-7.07,US Census Bureau,2025-Q4,https://www.census.gov/construction/bps/
60637,Chicago,41.8807,-87.4958,475,-6.31,US Census Bureau,2025-Q4,https://www.census.gov/construction/bps/
60638,Chicago,41.9056,-87.6452,474,-6.82,US Census Bureau,2025-Q4,https://www.census.gov/construction/bps/
60639,Chicago,42.0167,-87.7278,509,-5.97,US Census Bureau,2025-Q4,https://www.census.gov/construction/bps/
60640,Chicago,41.7747,-87.5077,497,-5.55,US Census Bureau,2025-Q4,https://www.census.gov/construction/bps/
60641,Chicago,41.8668,-87.4603,481,-6.49,US Census Bureau,2025-Q4,https://www.census.gov/construction/bps/
60642,Chicago,41.8879,-87.7336,508,-6.05,US Census Bureau,2025-Q4,https://www.census.gov/construction/bps/
60643,Chicago,41.8464,-87.6119,436,-6.08,US Census Bureau,2025-Q4,https://www.census.gov/construction/bps/
60644,Chicago,42.0268,-87.5098,370,-7.4,US Census Bureau,2025-Q4,https://www.census.gov/construction/bps/
60645,Chicago,41.9197,-87.5425,469,-6.25,US Census Bureau,2025-Q4,https://www.census.gov/construction/bps/
60646,Chicago,41.8791,-87.4616,390,-7.58,US Census Bureau,2025-Q4,https://www.census.gov/construction/bps/
60647,Chicago,41.8829,-87.7851,433,-6.16,US Census Bureau,2025-Q4,https://www.census.gov/construction/bps/
60648,Chicago,41.9674,-87.5685,510,-6.78,US Census Bureau,2025-Q4,https://www.census.gov/construction/bps/
60649,Chicago,42.02,-87.6902,476,-6.62,US Census Bureau,2025-Q4,https://www.census.gov/construction/bps/
60650,Chicago,41.8255,-87.751,414,-7.07,US Census Bureau,2025-Q4,https://www.census.gov/construction/bps/
60651,Chicago,41.969,-87.4976,440,-7.17,US Census Bureau,2025-Q4,https://www.census.gov/construction/bps/
60652,Chicago,41.9804,-87.6468,505,-5.76,US Census Bureau,2025-Q4,https://www.census.gov/construction/bps/
60653,Chicago,41.7616,-87.5119,450,-5.99,US Census Bureau,2025-Q4,https://www.census.gov/construction/bps/
60654,Chicago,41.9076,-87.7347,482,-6.52,US Census Bureau,2025-Q4,https://www.census.gov/construction/bps/
60655,Chicago,41.9484,-87.7766,377,-6.96,US Census Bureau,2025-Q4,https://www.census.gov/construction/bps/
60656,Chicago,41.991,-87.714,410,-7.4,US Census Bureau,2025-Q4,https://www.census.gov/construction/bps/
60657,Chicago,41.868,-87.6822,508,-5.52,US Census Bureau,2025-Q4,https://www.census.gov/construction/bps/
60658,Chicago,41.9236,-87.6054,517,-5.39,US Census Bureau,2025-Q4,https://www.census.gov/construction/bps/
60659,Chicago,41.9055,-87.4745,436,-5.53,US Census Bureau,2025-Q4,https://www.census.gov/construction/bps/
60660,Chicago,41.8173,-87.7665,459,-5.52,US Census Bureau,2025-Q4,https://www.census.gov/construction/bps/
77001,Houston,29.6917,-95.326,687,-6.84,US Census Bureau,2025-Q4,https://www.census.gov/construction/bps/
77002,Houston,29.6157,-95.3071,686,-5.75,US Census Bureau,2025-Q4,https://www.census.gov/construction/bps/
77003,Houston,29.8466,-95.4814,705,-6.53,US Census Bureau,2025-Q4,https://www.census.gov/construction/bps/
77004,Houston,29.8623,-95.3853,663,-7.22,US Census Bureau,2025-Q4,https://www.census.gov/construction/bps/
77005,Houston,29.7669,-95.3295,940,-5.82,US Census Bureau,2025-Q4,https://www.census.gov/construction/bps/
77006,Houston,29.8467,-95.3418,742,-7.16,US Census Bureau,2025-Q4,https://www.census.gov/construction/bps/
77007,Houston,29.6131,-95.3485,857,-7.64,US Census Bureau,2025-Q4,https://www.census.gov/construction/bps/
77008,Houston,29.6244,-95.4477,919,-7.09,US Census Bureau,2025-Q4,https://www.census.gov/construction/bps/
77009,Houston,29.9088,-95.3015,731,-6.04,US Census Bureau,2025-Q4,https://www.census.gov/construction/bps/
77010,Houston,29.7477,-95.3275,864,-5.57,US Census Bureau,2025-Q4,https://www.census.gov/construction/bps/
77011,Houston,29.8815,-95.2784,792,-7.63,US Census Bureau,2025-Q4,https://www.census.gov/construction/bps/
77012,Houston,29.6888,-95.3084,743,-7.35,US Census Bureau,2025-Q4,https://www.census.gov/construction/bps/
77013,Houston,29.6306,-95.3437,774,-5.47,US Census Bureau,2025-Q4,https://www.census.gov/construction/bps/
77014,Houston,29.8647,-95.4386,774,-5.49,US Census Bureau,2025-Q4,https://www.census.gov/construction/bps/
77015,Houston,29.7156,-95.5347,836,-5.68,US Census Bureau,2025-Q4,https://www.census.gov/construction/bps/
77016,Houston,29.8395,-95.4703,861,-6.17,US Census Bureau,2025-Q4,https://www.census.gov/construction/bps/
77017,Houston,29.7942,-95.5358,881,-6.83,US Census Bureau,2025-Q4,https://www.census.gov/construction/bps/
77018,Houston,29.614,-95.3916,774,-6.35,US Census Bureau,2025-Q4,https://www.census.gov/construction/bps/
77019,Houston,29.7373,-95.4333,797,-6.26,US Census Bureau,2025-Q4,https://www.census.gov/construction/bps/
77020,Houston,29.6881,-95.2791,855,-7.61,US Census Bureau,2025-Q4,https://www.census.gov/construction/bps/
77021,Houston,29.8884,-95.316,719,-5.55,US Census Bureau,2025-Q4,https://www.census.gov/construction/bps/
77022,Houston,29.7545,-95.3964,870,-7.16,US Census Bureau,2025-Q4,https://www.census.gov/construction/bps/
77023,Houston,29.7969,-95.297,939,-7.66,US Census Bureau,2025-Q4,https://www.census.gov/construction/bps/
77024,Houston,29.8002,-95.1947,860,-7.67,US Census Bureau,2025-Q4,https://www.census.gov/construction/bps/
77025,Houston,29.776,-95.3977,768,-6.42,US Census Bureau,2025-Q4,https://www.census.gov/construction/bps/
77026,Houston,29.6192,-95.2907,871,-5.77,US Census Bureau,2025-Q4,https://www.census.gov/construction/bps/
77027,Houston,29.8782,-95.3682,719,-7.46,US Census Bureau,2025-Q4,https://www.census.gov/construction/bps/
77028,Houston,29.7631,-95.3391,793,-5.78,US Census Bureau,2025-Q4,https://www.census.gov/construction/bps/
77029,Houston,29.8845,-95.5273,818,-7.07,US Census Bureau,2025-Q4,https://www.census.gov/construction/bps/
77030,Houston,29.825,-95.4896,830,-7.65,US Census Bureau,2025-Q4,https://www.census.gov/construction/bps/
77031,Houston,29.6834,-95.4352,723,-6.87,US Census Bureau,2025-Q4,https://www.census.gov/construction/bps/
77032,Houston,29.7184,-95.1915,705,-6.81,US Census Bureau,2025-Q4,https://www.census.gov/construction/bps/
77033,Houston,29.6612,-95.3171,718,-5.42,US Census Bureau,2025-Q4,https://www.census.gov/construction/bps/
77034,Houston,29.7844,-95.394,845,-7.13,US Census Bureau,2025-Q4,https://www.census.gov/construction/bps/
77035,Houston,29.7679,-95.3761,704,-5.4,US Census Bureau,2025-Q4,https://www.census.gov/construction/bps/
77036,Houston,29.84,-95.2991,671,-7.44,US Census Bureau,2025-Q4,https://www.census.gov/construction/bps/
77037,Houston,29.6624,-95.2271,734,-7.22,US Census Bureau,2025-Q4,https://www.census.gov/construction/bps/
77038,Houston,29.7191,-95.3538,939,-6.11,US Census Bureau,2025-Q4,https://www.census.gov/construction/bps/
77039,Houston,29.8859,-95.3262,920,-6.37,US Census Bureau,2025-Q4,https://www.census.gov/construction/bps/
77040,Houston,29.8035,-95.265,900,-6.93,US Census Bureau,2025-Q4,https://www.census.gov/construction/bps/
77041,Houston,29.6945,-95.3577,901,-6.64,US Census Bureau,2025-Q4,https://www.census.gov/construction/bps/
77042,Houston,29.7941,-95.3364,821,-6.65,US Census Bureau,2025-Q4,https://www.census.gov/construction/bps/
77043,Houston,29.8216,-95.2114,660,-7.54,US Census Bureau,2025-Q4,https://www.census.gov/construction/bps/
77044,Houston,29.6706,-95.2427,844,-6.42,US Census Bureau,2025-Q4,https://www.census.gov/construction/bps/
77045,Houston,29.6475,-95.4786,812,-6.07,US Census Bureau,2025-Q4,https://www.census.gov/construction/bps/
77046,Houston,29.7142,-95.2791,674,-6.35,US Census Bureau,2025-Q4,https://www.census.gov/construction/bps/
77047,Houston,29.6122,-95.2381,726,-6.69,US Census Bureau,2025-Q4,https://www.census.gov/construction/bps/
77048,Houston,29.6742,-95.43,789,-6.01,US Census Bureau,2025-Q4,https://www.census.gov/construction/bps/
77049,Houston,29.7632,-95.4358,827,-5.38,US Census Bureau,2025-Q4,https://www.census.gov/construction/bps/
77050,Houston,29.7323,-95.3053,785,-5.42,US Census Bureau,2025-Q4,https://www.census.gov/construction/bps/
77051,Houston,29.6459,-95.3738,843,-5.4,US Census Bureau,2025-Q4,https://www.census.gov/construction/bps/
77052,Houston,29.6681,-95.342,840,-7.26,US Census Bureau,2025-Q4,https://www.census.gov/construction/bps/
77053,Houston,29.7597,-95.3379,850,-7.62,US Census Bureau,2025-Q4,https://www.census.gov/construction/bps/
77054,Houston,29.6752,-95.3449,759,-6.55,US Census Bureau,2025-Q4,https://www.census.gov/construction/bps/
77055,Houston,29.8998,-95.1999,699,-7.13,US Census Bureau,2025-Q4,https://www.census.gov/construction/bps/
85001,Phoenix,33.4865,-112.0511,1251,-5.45,US Census Bureau,2025-Q4,https://www.census.gov/construction/bps/
85002,Phoenix,33.5169,-112.2465,1130,-6.23,US Census Bureau,2025-Q4,https://www.census.gov/construction/bps/
85003,Phoenix,33.4488,-112.2494,1243,-5.84,US Census Bureau,2025-Q4,https://www.census.gov/construction/bps/
85004,Phoenix,33.4699,-112.0968,1175,-5.65,US Census Bureau,2025-Q4,https://www.census.gov/construction/bps/
85005,Phoenix,33.5034,-112.1015,1329,-6.11,US Census Bureau,2025-Q4,https://www.census.gov/construction/bps/
85006,Phoenix,33.5588,-112.155,1014,-5.6,US Census Bureau,2025-Q4,https://www.census.gov/construction/bps/
85007,Phoenix,33.5321,-112.1235,1262,-7.46,US Census Bureau,2025-Q4,https://www.census.gov/construction/bps/
85008,Phoenix,33.4675,-112.1974,1190,-5.81,US Census Bureau,2025-Q4,https://www.census.gov/construction/bps/
85009,Phoenix,33.4386,-111.9574,1248,-6.9,US Census Bureau,2025-Q4,https://www.census.gov/construction/bps/
85010,Phoenix,33.381,-112.1999,1039,-6.21,US Census Bureau,2025-Q4,https://www.census.gov/construction/bps/
85011,Phoenix,33.4355,-111.9244,1084,-7.31,US Census Bureau,2025-Q4,https://www.census.gov/construction/bps/
85012,Phoenix,33.4386,-111.9931,1298,-7.54,US Census Bureau,2025-Q4,https://www.census.gov/construction/bps/
85013,Phoenix,33.413,-111.9158,1091,-7.3,US Census Bureau,2025-Q4,https://www.census.gov/construction/bps/
85014,Phoenix,33.5665,-111.9465,1149,-5.76,US Census Bureau,2025-Q4,https://www.census.gov/construction/bps/
85015,Phoenix,33.4024,-112.0304,1280,-7.48,US Census Bureau,2025-Q4,https://www.census.gov/construction/bps/
85016,Phoenix,33.5189,-112.219,1115,-7.6,US Census Bureau,2025-Q4,https://www.census.gov/construction/bps/
85017,Phoenix,33.4008,-111.92,1381,-5.76,US Census Bureau,2025-Q4,https://www.census.gov/construction/bps/
85018,Phoenix,33.5556,-111.9186,1121,-5.41,US Census Bureau,2025-Q4,https://www.census.gov/construction/bps/
85019,Phoenix,33.3321,-112.1524,1004,-6.29,US Census Bureau,2025-Q4,https://www.census.gov/construction/bps/
85020,Phoenix,33.3843,-111.9076,1061,-6.03,US Census Bureau,2025-Q4,https://www.census.gov/construction/bps/
85021,Phoenix,33.3923,-112.1722,1192,-6.41,US Census Bureau,2025-Q4,https://www.census.gov/construction/bps/
85022,Phoenix,33.4011,-112.0145,968,-6.34,US Census Bureau,2025-Q4,https://www.census.gov/construction/bps/
85023,Phoenix,33.4635,-112.1937,1205,-6.32,US Census Bureau,2025-Q4,https://www.census.gov/construction/bps/
85024,Phoenix,33.4883,-112.0223,1041,-5.41,US Census Bureau,2025-Q4,https://www.census.gov/construction/bps/
85025,Phoenix,33.3415,-112.0734,1296,-6.98,US Census Bureau,2025-Q4,https://www.census.gov/construction/bps/
85026,Phoenix,33.3279,-111.9911,1141,-5.41,US Census Bureau,2025-Q4,https://www.census.gov/construction/bps/
85027,Phoenix,33.548,-112.0338,1038,-5.8,US Census Bureau,2025-Q4,https://www.census.gov/construction/bps/
85028,Phoenix,33.5073,-112.2141,1375,-6.62,US Census Bureau,2025-Q4,https://www.census.gov/construction/bps/
85029,Phoenix,33.5468,-112.0347,986,-7.4,US Census Bureau,2025-Q4,https://www.census.gov/construction/bps/
85030,Phoenix,33.5547,-111.9059,1072,-7.48,US Census Bureau,2025-Q4,https://www.census.gov/construction/bps/
85031,Phoenix,33.437,-112.1104,1308,-5.46,US Census Bureau,2025-Q4,https://www.census.gov/construction/bps/
85032,Phoenix,33.3372,-112.0916,1001,-6.19,US Census Bureau,2025-Q4,https://www.census.gov/construction/bps/
85033,Phoenix,33.5085,-112.0523,1150,-6.7,US Census Bureau,2025-Q4,https://www.census.gov/construction/bps/
85034,Phoenix,33.301,-111.9067,1210,-6.71,US Census Bureau,2025-Q4,https://www.census.gov/construction/bps/
85035,Phoenix,33.5032,-112.2324,1127,-7.4,US Census Bureau,2025-Q4,https://www.census.gov/construction/bps/
85036,Phoenix,33.3428,-112.177,1078,-6.04,US Census Bureau,2025-Q4,https://www.census.gov/construction/bps/
85037,Phoenix,33.5605,-111.8997,1057,-7.34,US Census Bureau,2025-Q4,https://www.census.gov/construction/bps/
85038,Phoenix,33.3082,-111.9943,1101,-7.45,US Census Bureau,2025-Q4,https://www.census.gov/construction/bps/
85039,Phoenix,33.3587,-111.969,1323,-5.55,US Census Bureau,2025-Q4,https://www.census.gov/construction/bps/
85040,Phoenix,33.3804,-112.1907,1086,-6.58,US Census Bureau,2025-Q4,https://www.census.gov/construction/bps/
85041,Phoenix,33.4573,-112.0658,1199,-6.43,US Census Bureau,2025-Q4,https://www.census.gov/construction/bps/
85042,Phoenix,33.5363,-111.953,1263,-6.77,US Census Bureau,2025-Q4,https://www.census.gov/construction/bps/
85043,Phoenix,33.5637,-112.2114,1105,-5.81,US Census Bureau,2025-Q4,https://www.census.gov/construction/bps/
85044,Phoenix,33.4144,-112.1238,1313,-6.42,US Census Bureau,2025-Q4,https://www.census.gov/construction/bps/
85045,Phoenix,33.4403,-112.0393,1120,-6.8,US Census Bureau,2025-Q4,https://www.census.gov/construction/bps/
85046,Phoenix,33.4218,-111.9065,1133,-7.21,US Census Bureau,2025-Q4,https://www.census.gov/construction/bps/
85047,Phoenix,33.4008,-112.0124,1205,-6.3,US Census Bureau,2025-Q4,https://www.census.gov/construction/bps/
85048,Phoenix,33.5396,-112.1846,1167,-7.37,US Census Bureau,2025-Q4,https://www.census.gov/construction/bps/
85049,Phoenix,33.4835,-112.1098,1362,-5.82,US Census Bureau,2025-Q4,https://www.census.gov/construction/bps/
85050,Phoenix,33.4428,-112.0894,1374,-5.63,US Census Bureau,2025-Q4,https://www.census.gov/construction/bps/
19101,Philadelphia,39.8792,-75.0913,323,-6.78,US Census Bureau,2025-Q4,https://www.census.gov/construction/bps/
19102,Philadelphia,39.927,-75.1616,357,-7.16,US Census Bureau,2025-Q4,https://www.census.gov/construction/bps/
19103,Philadelphia,39.8196,-75.153,279,-6.62,US Census Bureau,2025-Q4,https://www.census.gov/construction/bps/
19104,Philadelphia,39.8758,-75.243,269,-6.35,US Census Bureau,2025-Q4,https://www.census.gov/construction/bps/
19105,Philadelphia,39.8214,-75.0158,292,-6.39,US Census Bureau,2025-Q4,https://www.census.gov/construction/bps/
19106,Philadelphia,39.8061,-75.3242,360,-5.61,US Census Bureau,2025-Q4,https://www.census.gov/construction/bps/
19107,Philadelphia,40.0779,-75.2803,365,-5.44,US Census Bureau,2025-Q4,https://www.census.gov/construction/bps/
19108,Philadelphia,39.9972,-75.1212,327,-6.88,US Census Bureau,2025-Q4,https://www.census.gov/construction/bps/
19109,Philadelphia,39.8484,-75.134,325,-7.08,US Census Bureau,2025-Q4,https://www.census.gov/construction/bps/
19110,Philadelphia,39.8465,-75.0615,310,-5.74,US Census Bureau,2025-Q4,https://www.census.gov/construction/bps/
19111,Philadelphia,39.9695,-75.3042,343,-6.76,US Census Bureau,2025-Q4,https://www.census.gov/construction/bps/
19112,Philadelphia,40.0979,-75.2801,331,-5.73,US Census Bureau,2025-Q4,https://www.census.gov/construction/bps/
19113,Philadelphia,39.8642,-75.2511,347,-5.91,US Census Bureau,2025-Q4,https://www.census.gov/construction/bps/
19114,Philadelphia,39.8635,-75.1479,267,-6.82,US Census Bureau,2025-Q4,https://www.census.gov/construction/bps/
19115,Philadelphia,39.8048,-75.3225,333,-5.37,US Census Bureau,2025-Q4,https://www.census.gov/construction/bps/
19116,Philadelphia,40.0089,-75.1997,281,-5.75,US Census Bureau,2025-Q4,https://www.census.gov/construction/bps/
19117,Philadelphia,40.1013,-75.2389,303,-7.55,US Census Bureau,2025-Q4,https://www.census.gov/construction/bps/
19118,Philadelphia,39.9734,-75.09,272,-6.25,US Census Bureau,2025-Q4,https://www.census.gov/construction/bps/
19119,Philadelphia,40.0905,-75.1551,314,-7.24,US Census Bureau,2025-Q4,https://www.census.gov/construction/bps/
19120,Philadelphia,39.9656,-75.2609,298,-6.19,US Census Bureau,2025-Q4,https://www.census.gov/construction/bps/
19121,Philadelphia,40.0142,-75.0333,265,-6.32,US Census Bureau,2025-Q4,https://www.census.gov/construction/bps/
19122,Philadelphia,39.9997,-75.0995,291,-6.71,US Census Bureau,2025-Q4,https://www.census.gov/construction/bps/
19123,Philadelphia,39.8636,-75.1083,270,-7.49,US Census Bureau,2025-Q4,https://www.census.gov/construction/bps/
19124,Philadelphia,39.9235,-75.0317,303,-7.37,US Census Bureau,2025-Q4,https://www.census.gov/construction/bps/
19125,Philadelphia,39.8893,-75.0872,285,-7.65,US Census Bureau,2025-Q4,https://www.census.gov/construction/bps/
19126,Philadelphia,39.9703,-75.2612,287,-7.24,US Census Bureau,2025-Q4,https://www.census.gov/construction/bps/
19127,Philadelphia,39.9679,-75.2242,314,-5.94,US Census Bureau,2025-Q4,https://www.census.gov/construction/bps/
19128,Philadelphia,39.8531,-75.2571,288,-7.48,US Census Bureau,2025-Q4,https://www.census.gov/construction/bps/
19129,Philadelphia,40.0078,-75.2049,265,-5.85,US Census Bureau,2025-Q4,https://www.census.gov/construction/bps/
19130,Philadelphia,39.8327,-75.2063,363,-6.18,US Census Bureau,2025-Q4,https://www.census.gov/construction/bps/
19131,Philadelphia,40.1021,-75.3217,276,-6.92,US Census Bureau,2025-Q4,https://www.census.gov/construction/bps/
19132,Philadelphia,39.9518,-75.1575,342,-7.29,US Census Bureau,2025-Q4,https://www.census.gov/construction/bps/
19133,Philadelphia,40.0339,-75.2069,296,-6.59,US Census Bureau,2025-Q4,https://www.census.gov/construction/bps/
19134,Philadelphia,40.058,-75.0822,266,-6.18,US Census Bureau,2025-Q4,https://www.census.gov/construction/bps/
19135,Philadelphia,40.0793,-75.0038,286,-6.74,US Census Bureau,2025-Q4,https://www.census.gov/construction/bps/
19136,Philadelphia,39.8735,-75.1314,315,-5.64,US Census Bureau,2025-Q4,https://www.census.gov/construction/bps/
19137,Philadelphia,40.0784,-75.2554,350,-6.47,US Census Bureau,2025-Q4,https://www.census.gov/construction/bps/
19138,Philadelphia,39.8696,-74.9942,350,-5.49,US Census Bureau,2025-Q4,https://www.census.gov/construction/bps/
19139,Philadelphia,39.8326,-75.0222,363,-6.87,US Census Bureau,2025-Q4,https://www.census.gov/construction/bps/
19140,Philadelphia,40.0859,-75.1862,360,-6.4,US Census Bureau,2025-Q4,https://www.census.gov/construction/bps/
78201,San Antonio,29.4447,-98.5316,299,-6.38,US Census Bureau,2025-Q4,https://www.census.gov/construction/bps/
78202,San Antonio,29.5591,-98.3901,356,-7.48,US Census Bureau,2025-Q4,https://www.census.gov/construction/bps/
78203,San Antonio,29.5163,-98.4993,363,-5.86,US Census Bureau,2025-Q4,https://www.census.gov/construction/bps/
78204,San Antonio,29.2804,-98.3577,378,-7.25,US Census Bureau,2025-Q4,https://www.census.gov/construction/bps/
78205,San Antonio,29.4426,-98.6017,401,-7.02,US Census Bureau,2025-Q4,https://www.census.gov/construction/bps/
78206,San Antonio,29.3904,-98.3681,349,-5.76,US Census Bureau,2025-Q4,https://www.census.gov/construction/bps/
78207,San Antonio,29.3108,-98.6035,293,-7.03,US Census Bureau,2025-Q4,https://www.census.gov/construction/bps/
78208,San Antonio,29.4352,-98.3235,390,-6.97,US Census Bureau,2025-Q4,https://www.census.gov/construction/bps/
78209,San Antonio,29.3834,-98.5436,373,-5.76,US Census Bureau,2025-Q4,https://www.census.gov/construction/bps/
78210,San Antonio,29.3718,-98.4104,328,-5.97,US Census Bureau,2025-Q4,https://www.census.gov/construction/bps/
78211,San Antonio,29.3689,-98.3522,391,-5.65,US Census Bureau,2025-Q4,https://www.census.gov/construction/bps/
78212,San Antonio,29.5738,-98.6424,352,-5.62,US Census Bureau,2025-Q4,https://www.census.gov/construction/bps/
78213,San Antonio,29.2918,-98.6292,398,-6.87,US Census Bureau,2025-Q4,https://www.census.gov/construction/bps/
78214,San Antonio,29.4378,-98.6218,349,-6.13,US Census Bureau,2025-Q4,https://www.census.gov/construction/bps/
78215,San Antonio,29.2976,-98.5184,322,-6.89,US Census Bureau,2025-Q4,https://www.census.gov/construction/bps/
78216,San Antonio,29.5066,-98.6628,338,-5.63,US Census Bureau,2025-Q4,https://www.census.gov/construction/bps/
78217,San Antonio,29.3566,-98.3664,376,-6.17,US Census Bureau,2025-Q4,https://www.census.gov/construction/bps/
78218,San Antonio,29.2941,-98.5619,361,-5.51,US Census Bureau,2025-Q4,https://www.census.gov/construction/bps/
78219,San Antonio,29.3721,-98.5588,400,-7.55,US Census Bureau,2025-Q4,https://www.census.gov/construction/bps/
78220,San Antonio,29.3702,-98.454,351,-7.3,US Census Bureau,2025-Q4,https://www.census.gov/construction/bps/
78221,San Antonio,29.2869,-98.4564,307,-6.79,US Census Bureau,2025-Q4,https://www.census.gov/construction/bps/
78222,San Antonio,29.4667,-98.4389,342,-6.18,US Census Bureau,2025-Q4,https://www.census.gov/construction/bps/
78223,San Antonio,29.4135,-98.5022,374,-6.11,US Census Bureau,2025-Q4,https://www.census.gov/construction/bps/
78224,San Antonio,29.3906,-98.3178,381,-5.87,US Census Bureau,2025-Q4,https://www.census.gov/construction/bps/
78225,San Antonio,29.3897,-98.4844,312,-7.55,US Census Bureau,2025-Q4,https://www.census.gov/construction/bps/
78226,San Antonio,29.5126,-98.5438,390,-5.69,US Census Bureau,2025-Q4,https://www.census.gov/construction/bps/
78227,San Antonio,29.4179,-98.6684,408,-5.68,US Census Bureau,2025-Q4,https://www.census.gov/construction/bps/
78228,San Antonio,29.5319,-98.6123,381,-7.59,US Census Bureau,2025-Q4,https://www.census.gov/construction/bps/
78229,San Antonio,29.4116,-98.6139,303,-7.09,US Census Bureau,2025-Q4,https://www.census.gov/construction/bps/
78230,San Antonio,29.3031,-98.3137,294,-6.27,US Census Bureau,2025-Q4,https://www.census.gov/construction/bps/
78231,San Antonio,29.3987,-98.586,324,-7.56,US Census Bureau,2025-Q4,https://www.census.gov/construction/bps/
78232,San Antonio,29.392,-98.534,343,-7.38,US Census Bureau,2025-Q4,https://www.census.gov/construction/bps/
78233,San Antonio,29.2824,-98.4801,329,-7.66,US Census Bureau,2025-Q4,https://www.census.gov/construction/bps/
78234,San Antonio,29.3202,-98.3714,328,-7.04,US Census Bureau,2025-Q4,https://www.census.gov/construction/bps/
78235,San Antonio,29.4036,-98.3195,307,-5.41,US Census Bureau,2025-Q4,https://www.census.gov/construction/bps/
92101,San Diego,32.838,-117.1017,277,-6.77,US Census Bureau,2025-Q4,https://www.census.gov/construction/bps/
92102,San Diego,32.6727,-117.0503,319,-5.92,US Census Bureau,2025-Q4,https://www.census.gov/construction/bps/
92103,San Diego,32.6323,-117.2339,325,-5.98,US Census Bureau,2025-Q4,https://www.census.gov/construction/bps/
92104,San Diego,32.7964,-117.3284,336,-6.8,US Census Bureau,2025-Q4,https://www.census.gov/construction/bps/
92105,San Diego,32.6873,-117.2359,256,-7.51,US Census Bureau,2025-Q4,https://www.census.gov/construction/bps/
92106,San Diego,32.7967,-117.1025,295,-5.55,US Census Bureau,2025-Q4,https://www.census.gov/construction/bps/
92107,San Diego,32.703,-117.2576,302,-7.4,US Census Bureau,2025-Q4,https://www.census.gov/construction/bps/
92108,San Diego,32.6499,-117.3276,352,-5.92,US Census Bureau,2025-Q4,https://www.census.gov/construction/bps/
92109,San Diego,32.7874,-117.1324,337,-5.47,US Census Bureau,2025-Q4,https://www.census.gov/construction/bps/
92110,San Diego,32.7249,-117.156,331,-6.09,US Census Bureau,2025-Q4,https://www.census.gov/construction/bps/
92111,San Diego,32.8274,-117.04,320,-6.05,US Census Bureau,2025-Q4,https://www.census.gov/construction/bps/
92112,San Diego,32.7285,-117.2274,301,-5.56,US Census Bureau,2025-Q4,https://www.census.gov/construction/bps/
92113,San Diego,32.5832,-117.0971,330,-6.02,US Census Bureau,2025-Q4,https://www.census.gov/construction/bps/
92114,San Diego,32.8411,-117.2208,309,-5.74,US Census Bureau,2025-Q4,https://www.census.gov/construction/bps/
92115,San Diego,32.6924,-117.3261,345,-7.17,US Census Bureau,2025-Q4,https://www.census.gov/construction/bps/
92116,San Diego,32.7443,-117.0421,323,-6.27,US Census Bureau,2025-Q4,https://www.census.gov/construction/bps/
92117,San Diego,32.6166,-117.2652,327,-6.5,US Census Bureau,2025-Q4,https://www.census.gov/construction/bps/
92118,San Diego,32.6171,-117.3145,351,-6.79,US Census Bureau,2025-Q4,https://www.census.gov/construction/bps/
92119,San Diego,32.8424,-117.2903,365,-5.67,US Census Bureau,2025-Q4,https://www.census.gov/construction/bps/
92120,San Diego,32.7477,-117.2998,288,-6.46,US Census Bureau,2025-Q4,https://www.census.gov/construction/bps/
92121,San Diego,32.6178,-117.0959,313,-7.39,US Census Bureau,2025-Q4,https://www.census.gov/construction/bps/
92122,San Diego,32.6564,-117.0229,271,-6.81,US Census Bureau,2025-Q4,https://www.census.gov/construction/bps/
92123,San Diego,32.8428,-116.9898,336,-7.65,US Census Bureau,2025-Q4,https://www.census.gov/construction/bps/
92124,San Diego,32.7553,-117.2175,335,-6.46,US Census Bureau,2025-Q4,https://www.census.gov/construction/bps/
92125,San Diego,32.8545,-117.0553,275,-7.59,US Census Bureau,2025-Q4,https://www.census.gov/construction/bps/
92126,San Diego,32.827,-117.2302,309,-6.19,US Census Bureau,2025-Q4,https://www.census.gov/construction/bps/
92127,San Diego,32.6442,-117.3115,285,-6.39,US Census Bureau,2025-Q4,https://www.census.gov/construction/bps/
92128,San Diego,32.6958,-117.2376,260,-7.3,US Census Bureau,2025-Q4,https://www.census.gov/construction/bps/
92129,San Diego,32.7666,-117.1934,270,-7.42,US Census Bureau,2025-Q4,https://www.census.gov/construction/bps/
92130,San Diego,32.7361,-117.1071,301,-6.41,US Census Bureau,2025-Q4,https://www.census.gov/construction/bps/
92131,San Diego,32.7603,-117.2212,294,-6.14,US Census Bureau,2025-Q4,https://www.census.gov/construction/bps/
92132,San Diego,32.6926,-117.2,337,-6.27,US Census Bureau,2025-Q4,https://www.census.gov/construction/bps/
92133,San Diego,32.6658,-117.0085,275,-6.11,US Census Bureau,2025-Q4,https://www.census.gov/construction/bps/
92134,San Diego,32.8061,-117.1781,266,-7.31,US Census Bureau,2025-Q4,https://www.census.gov/construction/bps/
92135,San Diego,32.7679,-117.1386,296,-5.94,US Census Bureau,2025-Q4,https://www.census.gov/construction/bps/
75201,DFW,32.7342,-96.9509,1034,-5.71,US Census Bureau,2025-Q4,https://www.census.gov/construction/bps/
75202,DFW,32.7228,-96.6538,1076,-6.88,US Census Bureau,2025-Q4,https://www.census.gov/construction/bps/
75203,DFW,32.7113,-96.8618,862,-6.51,US Census Bureau,2025-Q4,https://www.census.gov/construction/bps/
75204,DFW,32.6426,-96.6474,1099,-7.11,US Census Bureau,2025-Q4,https://www.census.gov/construction/bps/
75205,DFW,32.8517,-96.9384,1053,-5.42,US Census Bureau,2025-Q4,https://www.census.gov/construction/bps/
75206,DFW,32.8244,-96.6387,1066,-6.71,US Census Bureau,2025-Q4,https://www.census.gov/construction/bps/
75207,DFW,32.8319,-96.6469,882,-6.69,US Census Bureau,2025-Q4,https://www.census.gov/construction/bps/
75208,DFW,32.6385,-96.8405,899,-6.61,US Census Bureau,2025-Q4,https://www.census.gov/construction/bps/
75209,DFW,32.6556,-96.769,1126,-6.83,US Census Bureau,2025-Q4,https://www.census.gov/construction/bps/
75210,DFW,32.8515,-96.6655,1168,-7.08,US Census Bureau,2025-Q4,https://www.census.gov/construction/bps/
75211,DFW,32.8823,-96.9748,863,-6.04,US Census Bureau,2025-Q4,https://www.census.gov/construction/bps/
75212,DFW,32.878,-96.8355,926,-6.91,US Census Bureau,2025-Q4,https://www.census.gov/construction/bps/
75213,DFW,32.6743,-96.9401,1031,-6.08,US Census Bureau,2025-Q4,https://www.census.gov/construction/bps/
75214,DFW,32.7418,-96.8486,1064,-6.89,US Census Bureau,2025-Q4,https://www.census.gov/construction/bps/
75215,DFW,32.6684,-96.8536,864,-5.39,US Census Bureau,2025-Q4,https://www.census.gov/construction/bps/
75216,DFW,32.7749,-96.7409,1042,-6.73,US Census Bureau,2025-Q4,https://www.census.gov/construction/bps/
75217,DFW,32.8897,-96.7461,938,-6.69,US Census Bureau,2025-Q4,https://www.census.gov/construction/bps/
75218,DFW,32.7841,-96.7456,1105,-6.21,US Census Bureau,2025-Q4,https://www.census.gov/construction/bps/
75219,DFW,32.9191,-96.7928,1184,-7.2,US Census Bureau,2025-Q4,https://www.census.gov/construction/bps/
75220,DFW,32.7431,-96.7517,1104,-7.35,US Census Bureau,2025-Q4,https://www.census.gov/construction/bps/
75221,DFW,32.698,-96.787,1193,-5.54,US Census Bureau,2025-Q4,https://www.census.gov/construction/bps/
75222,DFW,32.712,-96.6542,1106,-5.67,US Census Bureau,2025-Q4,https://www.census.gov/construction/bps/
75223,DFW,32.8769,-96.7737,1060,-6.36,US Census Bureau,2025-Q4,https://www.census.gov/construction/bps/
75224,DFW,32.8075,-96.904,961,-5.47,US Census Bureau,2025-Q4,https://www.census.gov/construction/bps/
75225,DFW,32.7787,-96.6348,1074,-5.86,US Census Bureau,2025-Q4,https://www.census.gov/construction/bps/
75226,DFW,32.8696,-96.8318,886,-5.54,US Census Bureau,2025-Q4,https://www.census.gov/construction/bps/
75227,DFW,32.8092,-96.8088,1101,-7.5,US Census Bureau,2025-Q4,https://www.census.gov/construction/bps/
75228,DFW,32.8704,-96.8465,994,-7.3,US Census Bureau,2025-Q4,https://www.census.gov/construction/bps/
75229,DFW,32.7759,-96.7458,1046,-7.22,US Census Bureau,2025-Q4,https://www.census.gov/construction/bps/
75230,DFW,32.7575,-96.6588,1087,-5.48,US Census Bureau,2025-Q4,https://www.census.gov/construction/bps/
75231,DFW,32.6405,-96.9338,1083,-7.5,US Census Bureau,2025-Q4,https://www.census.gov/construction/bps/
75232,DFW,32.7193,-96.832,1094,-5.64,US Census Bureau,2025-Q4,https://www.census.gov/construction/bps/
75233,DFW,32.7264,-96.7029,931,-5.78,US Census Bureau,2025-Q4,https://www.census.gov/construction/bps/
75234,DFW,32.6871,-96.6614,1191,-5.9,US Census Bureau,2025-Q4,https://www.census.gov/construction/bps/
75235,DFW,32.9075,-96.662,975,-5.72,US Census Bureau,2025-Q4,https://www.census.gov/construction/bps/
75236,DFW,32.9219,-96.8311,1173,-7.27,US Census Bureau,2025-Q4,https://www.census.gov/construction/bps/
75237,DFW,32.8763,-96.791,1028,-6.26,US Census Bureau,2025-Q4,https://www.census.gov/construction/bps/
75238,DFW,32.7993,-96.8522,1066,-5.66,US Census Bureau,2025-Q4,https://www.census.gov/construction/bps/
75239,DFW,32.8972,-96.8751,1222,-7.2,US Census Bureau,2025-Q4,https://www.census.gov/construction/bps/
75240,DFW,32.7867,-96.7431,1130,-6.24,US Census Bureau,2025-Q4,https://www.census.gov/construction/bps/
75241,DFW,32.8638,-96.6183,948,-6.38,US Census Bureau,2025-Q4,https://www.census.gov/construction/bps/
75242,DFW,32.7765,-96.6734,867,-5.68,US Census Bureau,2025-Q4,https://www.census.gov/construction/bps/
75243,DFW,32.7133,-96.9391,1113,-7.63,US Census Bureau,2025-Q4,https://www.census.gov/construction/bps/
75244,DFW,32.8923,-96.645,928,-5.54,US Census Bureau,2025-Q4,https://www.census.gov/construction/bps/
75245,DFW,32.8574,-96.843,1154,-6.98,US Census Bureau,2025-Q4,https://www.census.gov/construction/bps/
75246,DFW,32.7071,-96.6332,986,-7.62,US Census Bureau,2025-Q4,https://www.census.gov/construction/bps/
75247,DFW,32.7716,-96.8914,1049,-7.6,US Census Bureau,2025-Q4,https://www.census.gov/construction/bps/
75248,DFW,32.7708,-96.9387,944,-7.03,US Census Bureau,2025-Q4,https://www.census.gov/construction/bps/
75249,DFW,32.9013,-96.8161,941,-7.47,US Census Bureau,2025-Q4,https://www.census.gov/construction/bps/
75250,DFW,32.8254,-96.7217,1095,-6.4,US Census Bureau,2025-Q4,https://www.census.gov/construction/bps/
75251,DFW,32.6285,-96.9364,993,-7.35,US Census Bureau,2025-Q4,https://www.census.gov/construction/bps/
75252,DFW,32.9069,-96.7817,984,-6.77,US Census Bureau,2025-Q4,https://www.census.gov/construction/bps/
75253,DFW,32.9211,-96.9045,872,-7.57,US Census Bureau,2025-Q4,https://www.census.gov/construction/bps/
75254,DFW,32.6326,-96.6595,1144,-7.3,US Census Bureau,2025-Q4,https://www.census.gov/construction/bps/
75255,DFW,32.6419,-96.6349,1123,-5.7,US Census Bureau,2025-Q4,https://www.census.gov/construction/bps/
94101,Bay Area,37.7686,-122.3285,352,-6.77,US Census Bureau,2025-Q4,https://www.census.gov/construction/bps/
94102,Bay Area,37.7378,-122.4342,331,-7.6,US Census Bureau,2025-Q4,https://www.census.gov/construction/bps/
94103,Bay Area,37.7941,-122.5482,267,-7.41,US Census Bureau,2025-Q4,https://www.census.gov/construction/bps/
94104,Bay Area,37.6351,-122.3395,302,-5.78,US Census Bureau,2025-Q4,https://www.census.gov/construction/bps/
94105,Bay Area,37.7817,-122.5534,319,-7.47,US Census Bureau,2025-Q4,https://www.census.gov/construction/bps/
94106,Bay Area,37.8431,-122.2828,340,-5.57,US Census Bureau,2025-Q4,https://www.census.gov/construction/bps/
94107,Bay Area,37.6341,-122.5768,299,-5.78,US Census Bureau,2025-Q4,https://www.census.gov/construction/bps/
94108,Bay Area,37.6948,-122.5603,318,-7.17,US Census Bureau,2025-Q4,https://www.census.gov/construction/bps/
94109,Bay Area,37.7355,-122.3109,287,-6.89,US Census Bureau,2025-Q4,https://www.census.gov/construction/bps/
94110,Bay Area,37.6377,-122.2649,352,-6.05,US Census Bureau,2025-Q4,https://www.census.gov/construction/bps/
94111,Bay Area,37.7117,-122.2613,305,-6.37,US Census Bureau,2025-Q4,https://www.census.gov/construction/bps/
94112,Bay Area,37.8873,-122.3034,306,-5.66,US Census Bureau,2025-Q4,https://www.census.gov/construction/bps/
94113,Bay Area,37.8948,-122.5314,355,-6.4,US Census Bureau,2025-Q4,https://www.census.gov/construction/bps/
94114,Bay Area,37.7382,-122.3844,297,-6.93,US Census Bureau,2025-Q4,https://www.census.gov/construction/bps/
94115,Bay Area,37.6319,-122.3526,285,-7.57,US Census Bureau,2025-Q4,https://www.census.gov/construction/bps/
94116,Bay Area,37.7022,-122.4266,320,-5.68,US Census Bureau,2025-Q4,https://www.census.gov/construction/bps/
94117,Bay Area,37.645,-122.3776,304,-6.89,US Census Bureau,2025-Q4,https://www.census.gov/construction/bps/
94118,Bay Area,37.7614,-122.3274,305,-6.93,US Census Bureau,2025-Q4,https://www.census.gov/construction/bps/
94119,Bay Area,37.864,-122.4847,353,-5.83,US Census Bureau,2025-Q4,https://www.census.gov/construction/bps/
94120,Bay Area,37.8643,-122.4794,293,-6.31,US Census Bureau,2025-Q4,https://www.census.gov/construction/bps/
94121,Bay Area,37.7922,-122.4425,273,-6.9,US Census Bureau,2025-Q4,https://www.census.gov/construction/bps/
94122,Bay Area,37.7784,-122.5458,329,-6.47,US Census Bureau,2025-Q4,https://www.census.gov/construction/bps/
94123,Bay Area,37.8375,-122.478,305,-7.55,US Census Bureau,2025-Q4,https://www.census.gov/construction/bps/
94124,Bay Area,37.8922,-122.2964,313,-6.22,US Census Bureau,2025-Q4,https://www.census.gov/construction/bps/
94125,Bay Area,37.7645,-122.2409,316,-6.09,US Census Bureau,2025-Q4,https://www.census.gov/construction/bps/
94126,Bay Area,37.7961,-122.354,284,-6.32,US Census Bureau,2025-Q4,https://www.census.gov/construction/bps/
94127,Bay Area,37.902,-122.5564,265,-6.77,US Census Bureau,2025-Q4,https://www.census.gov/construction/bps/
94128,Bay Area,37.7055,-122.481,305,-6.79,US Census Bureau,2025-Q4,https://www.census.gov/construction/bps/
94129,Bay Area,37.8004,-122.5673,331,-5.47,US Census Bureau,2025-Q4,https://www.census.gov/construction/bps/
94130,Bay Area,37.63,-122.2554,301,-6.56,US Census Bureau,2025-Q4,https://www.census.gov/construction/bps/
94131,Bay Area,37.7703,-122.4485,275,-6.53,US Census Bureau,2025-Q4,https://www.census.gov/construction/bps/
94132,Bay Area,37.7415,-122.4854,344,-5.36,US Census Bureau,2025-Q4,https://www.census.gov/construction/bps/
94133,Bay Area,37.675,-122.257,260,-5.39,US Census Bureau,2025-Q4,https://www.census.gov/construction/bps/
94134,Bay Area,37.8135,-122.358,364,-7.51,US Census Bureau,2025-Q4,https://www.census.gov/construction/bps/
94135,Bay Area,37.6511,-122.5827,316,-6.01,US Census Bureau,2025-Q4,https://www.census.gov/construction/bps/
94136,Bay Area,37.7382,-122.2633,324,-6.66,US Census Bureau,2025-Q4,https://www.census.gov/construction/bps/
94137,Bay Area,37.6763,-122.4566,255,-7.2,US Census Bureau,2025-Q4,https://www.census.gov/construction/bps/
94138,Bay Area,37.8736,-122.5811,275,-6.01,US Census Bureau,2025-Q4,https://www.census.gov/construction/bps/
94139,Bay Area,37.7895,-122.586,334,-5.48,US Census Bureau,2025-Q4,https://www.census.gov/construction/bps/
94140,Bay Area,37.9139,-122.486,304,-5.77,US Census Bureau,2025-Q4,https://www.census.gov/construction/bps/
94141,Bay Area,37.8758,-122.3879,357,-5.93,US Census Bureau,2025-Q4,https://www.census.gov/construction/bps/
94142,Bay Area,37.6422,-122.3426,313,-5.67,US Census Bureau,2025-Q4,https://www.census.gov/construction/bps/
94143,Bay Area,37.8082,-122.5795,327,-6.26,US Census Bureau,2025-Q4,https://www.census.gov/construction/bps/
94144,Bay Area,37.8858,-122.281,325,-6.13,US Census Bureau,2025-Q4,https://www.census.gov/construction/bps/
94145,Bay Area,37.6432,-122.5209,270,-6.3,US Census Bureau,2025-Q4,https://www.census.gov/construction/bps/
78701,Austin,30.3382,-97.6172,726,-5.54,US Census Bureau,2025-Q4,https://www.census.gov/construction/bps/
78702,Austin,30.3313,-97.9187,773,-7.39,US Census Bureau,2025-Q4,https://www.census.gov/construction/bps/
78703,Austin,30.3588,-97.7992,730,-5.34,US Census Bureau,2025-Q4,https://www.census.gov/construction/bps/
78704,Austin,30.3485,-97.5735,668,-5.45,US Census Bureau,2025-Q4,https://www.census.gov/construction/bps/
78705,Austin,30.192,-97.6333,620,-7.02,US Census Bureau,2025-Q4,https://www.census.gov/construction/bps/
78706,Austin,30.2236,-97.5862,584,-6.66,US Census Bureau,2025-Q4,https://www.census.gov/construction/bps/
78707,Austin,30.1727,-97.7459,559,-7.47,US Census Bureau,2025-Q4,https://www.census.gov/construction/bps/
78708,Austin,30.3636,-97.907,772,-6.4,US Census Bureau,2025-Q4,https://www.census.gov/construction/bps/
78709,Austin,30.2667,-97.9021,781,-7.53,US Census Bureau,2025-Q4,https://www.census.gov/construction/bps/
78710,Austin,30.2586,-97.6572,643,-5.85,US Census Bureau,2025-Q4,https://www.census.gov/construction/bps/
78711,Austin,30.253,-97.78,661,-5.92,US Census Bureau,2025-Q4,https://www.census.gov/construction/bps/
78712,Austin,30.1884,-97.7832,595,-7.36,US Census Bureau,2025-Q4,https://www.census.gov/construction/bps/
78713,Austin,30.2819,-97.9136,663,-6.2,US Census Bureau,2025-Q4,https://www.census.gov/construction/bps/
78714,Austin,30.3681,-97.8602,631,-6.3,US Census Bureau,2025-Q4,https://www.census.gov/construction/bps/
78715,Austin,30.1509,-97.7203,761,-6.55,US Census Bureau,2025-Q4,https://www.census.gov/construction/bps/
78716,Austin,30.1242,-97.8795,578,-5.81,US Census Bureau,2025-Q4,https://www.census.gov/construction/bps/
78717,Austin,30.2849,-97.85,799,-6.7,US Census Bureau,2025-Q4,https://www.census.gov/construction/bps/
78718,Austin,30.3486,-97.9174,595,-5.63,US Census Bureau,2025-Q4,https://www.census.gov/construction/bps/
78719,Austin,30.1984,-97.6438,559,-7.29,US Census Bureau,2025-Q4,https://www.census.gov/construction/bps/
78720,Austin,30.3247,-97.909,784,-6.43,US Census Bureau,2025-Q4,https://www.census.gov/construction/bps/
78721,Austin,30.4068,-97.5869,714,-6.65,US Census Bureau,2025-Q4,https://www.census.gov/construction/bps/
78722,Austin,30.3546,-97.6028,720,-6.1,US Census Bureau,2025-Q4,https://www.census.gov/construction/bps/
78723,Austin,30.2531,-97.7371,593,-5.95,US Census Bureau,2025-Q4,https://www.census.gov/construction/bps/
78724,Austin,30.3978,-97.7357,787,-6.78,US Census Bureau,2025-Q4,https://www.census.gov/construction/bps/
78725,Austin,30.1486,-97.7035,635,-5.95,US Census Bureau,2025-Q4,https://www.census.gov/construction/bps/
78726,Austin,30.2222,-97.8281,731,-6.54,US Census Bureau,2025-Q4,https://www.census.gov/construction/bps/
78727,Austin,30.3423,-97.6881,711,-5.63,US Census Bureau,2025-Q4,https://www.census.gov/construction/bps/
78728,Austin,30.406,-97.6199,668,-6.05,US Census Bureau,2025-Q4,https://www.census.gov/construction/bps/
78729,Austin,30.2176,-97.822,717,-5.99,US Census Bureau,2025-Q4,https://www.census.gov/construction/bps/
78730,Austin,30.273,-97.8927,680,-7.32,US Census Bureau,2025-Q4,https://www.census.gov/construction/bps/
78731,Austin,30.3084,-97.8457,698,-7.2,US Census Bureau,2025-Q4,https://www.census.gov/construction/bps/
78732,Austin,30.2595,-97.8916,621,-5.35,US Census Bureau,2025-Q4,https://www.census.gov/construction/bps/
78733,Austin,30.2881,-97.6756,780,-5.79,US Census Bureau,2025-Q4,https://www.census.gov/construction/bps/
78734,Austin,30.2303,-97.7673,782,-6.06,US Census Bureau,2025-Q4,https://www.census.gov/construction/bps/
78735,Austin,30.254,-97.8311,780,-5.68,US Census Bureau,2025-Q4,https://www.census.gov/construction/bps/
78736,Austin,30.2918,-97.5715,787,-7.44,US Census Bureau,2025-Q4,https://www.census.gov/construction/bps/
78737,Austin,30.1935,-97.6166,650,-6.08,US Census Bureau,2025-Q4,https://www.census.gov/construction/bps/
78738,Austin,30.1819,-97.8828,591,-6.68,US Census Bureau,2025-Q4,https://www.census.gov/construction/bps/
78739,Austin,30.3529,-97.7689,586,-7.52,US Census Bureau,2025-Q4,https://www.census.gov/construction/bps/
78740,Austin,30.1443,-97.9126,577,-6.14,US Census Bureau,2025-Q4,https://www.census.gov/construction/bps/
32201,Jacksonville,30.2629,-81.7066,274,-7.67,US Census Bureau,2025-Q4,https://www.census.gov/construction/bps/
32202,Jacksonville,30.3536,-81.713,257,-6.82,US Census Bureau,2025-Q4,https://www.census.gov/construction/bps/
32203,Jacksonville,30.2064,-81.5933,241,-6.91,US Census Bureau,2025-Q4,https://www.census.gov/construction/bps/
32204,Jacksonville,30.4018,-81.7388,264,-5.4,US Census Bureau,2025-Q4,https://www.census.gov/construction/bps/
32205,Jacksonville,30.4381,-81.6621,210,-6.91,US Census Bureau,2025-Q4,https://www.census.gov/construction/bps/
32206,Jacksonville,30.2515,-81.6968,256,-6.43,US Census Bureau,2025-Q4,https://www.census.gov/construction/bps/
32207,Jacksonville,30.4142,-81.5678,249,-6.76,US Census Bureau,2025-Q4,https://www.census.gov/construction/bps/
32208,Jacksonville,30.3669,-81.4937,240,-7.28,US Census Bureau,2025-Q4,https://www.census.gov/construction/bps/
32209,Jacksonville,30.4213,-81.665,265,-5.6,US Census Bureau,2025-Q4,https://www.census.gov/construction/bps/
32210,Jacksonville,30.2271,-81.7224,238,-5.62,US Census Bureau,2025-Q4,https://www.census.gov/construction/bps/
32211,Jacksonville,30.3834,-81.7213,271,-6.19,US Census Bureau,2025-Q4,https://www.census.gov/construction/bps/
32212,Jacksonville,30.3236,-81.7828,279,-5.68,US Census Bureau,2025-Q4,https://www.census.gov/construction/bps/
32213,Jacksonville,30.3573,-81.7082,211,-6.08,US Census Bureau,2025-Q4,https://www.census.gov/construction/bps/
32214,Jacksonville,30.4087,-81.4792,200,-6.6,US Census Bureau,2025-Q4,https://www.census.gov/construction/bps/
32215,Jacksonville,30.4052,-81.681,243,-6.44,US Census Bureau,2025-Q4,https://www.census.gov/construction/bps/
32216,Jacksonville,30.4745,-81.8128,241,-5.66,US Census Bureau,2025-Q4,https://www.census.gov/construction/bps/
32217,Jacksonville,30.4096,-81.7954,219,-6.66,US Census Bureau,2025-Q4,https://www.census.gov/construction/bps/
32218,Jacksonville,30.382,-81.6248,215,-6.05,US Census Bureau,2025-Q4,https://www.census.gov/construction/bps/
32219,Jacksonville,30.4004,-81.6533,215,-6.93,US Census Bureau,2025-Q4,https://www.census.gov/construction/bps/
32220,Jacksonville,30.4471,-81.5603,229,-6.89,US Census Bureau,2025-Q4,https://www.census.gov/construction/bps/
32221,Jacksonville,30.3411,-81.5136,201,-6.56,US Census Bureau,2025-Q4,https://www.census.gov/construction/bps/
32222,Jacksonville,30.4014,-81.521,226,-7.05,US Census Bureau,2025-Q4,https://www.census.gov/construction/bps/
32223,Jacksonville,30.2715,-81.7715,222,-6.1,US Census Bureau,2025-Q4,https://www.census.gov/construction/bps/
32224,Jacksonville,30.2841,-81.6254,200,-7.45,US Census Bureau,2025-Q4,https://www.census.gov/construction/bps/
32225,Jacksonville,30.405,-81.5688,272,-7.3,US Census Bureau,2025-Q4,https://www.census.gov/construction/bps/
32226,Jacksonville,30.2109,-81.812,214,-6.4,US Census Bureau,2025-Q4,https://www.census.gov/construction/bps/
32227,Jacksonville,30.2571,-81.7746,247,-7.04,US Census Bureau,2025-Q4,https://www.census.gov/construction/bps/
32228,Jacksonville,30.4455,-81.6666,271,-5.43,US Census Bureau,2025-Q4,https://www.census.gov/construction/bps/
32229,Jacksonville,30.2369,-81.8232,207,-6.5,US Census Bureau,2025-Q4,https://www.census.gov/construction/bps/
32230,Jacksonville,30.1929,-81.8011,211,-7.38,US Census Bureau,2025-Q4,https://www.census.gov/construction/bps/
43201,Columbus,39.897,-82.8522,258,-5.6,US Census Bureau,2025-Q4,https://www.census.gov/construction/bps/
43202,Columbus,39.8117,-83.0635,327,-5.46,US Census Bureau,2025-Q4,https://www.census.gov/construction/bps/
43203,Columbus,40.0196,-82.836,287,-5.53,US Census Bureau,2025-Q4,https://www.census.gov/construction/bps/
43204,Columbus,40.0713,-82.9791,249,-7.42,US Census Bureau,2025-Q4,https://www.census.gov/construction/bps/
43205,Columbus,39.9719,-82.9473,292,-6.51,US Census Bureau,2025-Q4,https://www.census.gov/construction/bps/
43206,Columbus,39.9328,-82.8808,289,-5.47,US Census Bureau,2025-Q4,https://www.census.gov/construction/bps/
43207,Columbus,39.8396,-83.0801,244,-6.71,US Census Bureau,2025-Q4,https://www.census.gov/construction/bps/
43208,Columbus,39.9781,-83.1652,253,-6.23,US Census Bureau,2025-Q4,https://www.census.gov/construction/bps/
43209,Columbus,39.8779,-82.9828,330,-7.64,US Census Bureau,2025-Q4,https://www.census.gov/construction/bps/
43210,Columbus,39.8746,-83.1787,305,-6.82,US Census Bureau,2025-Q4,https://www.census.gov/construction/bps/
43211,Columbus,39.8289,-82.9277,291,-6.71,US Census Bureau,2025-Q4,https://www.census.gov/construction/bps/
43212,Columbus,40.0568,-83.028,273,-5.7,US Census Bureau,2025-Q4,https://www.census.gov/construction/bps/
43213,Columbus,40.071,-83.1016,322,-6.36,US Census Bureau,2025-Q4,https://www.census.gov/construction/bps/
43214,Columbus,39.8448,-82.9857,291,-6.99,US Census Bureau,2025-Q4,https://www.census.gov/construction/bps/
43215,Columbus,39.9024,-82.8522,272,-5.81,US Census Bureau,2025-Q4,https://www.census.gov/construction/bps/
43216,Columbus,40.0265,-82.8439,252,-6.06,US Census Bureau,2025-Q4,https://www.census.gov/construction/bps/
43217,Columbus,39.9135,-83.0775,270,-5.83,US Census Bureau,2025-Q4,https://www.census.gov/construction/bps/
43218,Columbus,40.0169,-83.0315,279,-5.39,US Census Bureau,2025-Q4,https://www.census.gov/construction/bps/
43219,Columbus,39.8485,-82.8873,324,-6.58,US Census Bureau,2025-Q4,https://www.census.gov/construction/bps/
43220,Columbus,39.8452,-83.0673,280,-6.32,US Census Bureau,2025-Q4,https://www.census.gov/construction/bps/
43221,Columbus,39.9889,-82.939,285,-7.67,US Census Bureau,2025-Q4,https://www.census.gov/construction/bps/
43222,Columbus,39.9443,-83.0074,267,-6.43,US Census Bureau,2025-Q4,https://www.census.gov/construction/bps/
43223,Columbus,40.0075,-82.9615,298,-6.7,US Census Bureau,2025-Q4,https://www.census.gov/construction/bps/
43224,Columbus,39.9804,-82.8342,266,-5.8,US Census Bureau,2025-Q4,https://www.census.gov/construction/bps/
43225,Columbus,39.8397,-82.8365,330,-6.14,US Census Bureau,2025-Q4,https://www.census.gov/construction/bps/
43226,Columbus,39.8909,-83.0486,247,-6.14,US Census Bureau,2025-Q4,https://www.census.gov/construction/bps/
43227,Columbus,40.0849,-83.0658,329,-6.96,US Census Bureau,2025-Q4,https://www.census.gov/construction/bps/
43228,Columbus,39.9456,-82.8252,243,-5.99,US Census Bureau,2025-Q4,https://www.census.gov/construction/bps/
43229,Columbus,39.9931,-83.1476,326,-6.41,US Census Bureau,2025-Q4,https://www.census.gov/construction/bps/
43230,Columbus,39.8566,-83.1024,313,-6.07,US Census Bureau,2025-Q4,https://www.census.gov/construction/bps/
43231,Columbus,39.926,-83.0788,290,-6.95,US Census Bureau,2025-Q4,https://www.census.gov/construction/bps/
43232,Columbus,39.9156,-82.9289,307,-5.92,US Census Bureau,2025-Q4,https://www.census.gov/construction/bps/
43233,Columbus,40.0732,-83.1598,305,-6.48,US Census Bureau,2025-Q4,https://www.census.gov/construction/bps/
43234,Columbus,39.9025,-83.1296,299,-7.39,US Census Bureau,2025-Q4,https://www.census.gov/construction/bps/
43235,Columbus,40.0553,-83.0767,276,-5.8,US Census Bureau,2025-Q4,https://www.census.gov/construction/bps/
28201,Charlotte,35.114,-80.9609,552,-6.71,US Census Bureau,2025-Q4,https://www.census.gov/construction/bps/
28202,Charlotte,35.2349,-80.7388,616,-6.25,US Census Bureau,2025-Q4,https://www.census.gov/construction/bps/
28203,Charlotte,35.3304,-81.0086,555,-6.72,US Census Bureau,2025-Q4,https://www.census.gov/construction/bps/
28204,Charlotte,35.2807,-80.8843,515,-6.72,US Census Bureau,2025-Q4,https://www.census.gov/construction/bps/
28205,Charlotte,35.2993,-80.8051,460,-5.93,US Census Bureau,2025-Q4,https://www.census.gov/construction/bps/
28206,Charlotte,35.1703,-80.9353,506,-6.74,US Census Bureau,2025-Q4,https://www.census.gov/construction/bps/
28207,Charlotte,35.0789,-80.9889,500,-5.86,US Census Bureau,2025-Q4,https://www.census.gov/construction/bps/
28208,Charlotte,35.2953,-80.8903,552,-7.09,US Census Bureau,2025-Q4,https://www.census.gov/construction/bps/
28209,Charlotte,35.1328,-80.8814,479,-7.43,US Census Bureau,2025-Q4,https://www.census.gov/construction/bps/
28210,Charlotte,35.2871,-80.8476,483,-5.49,US Census Bureau,2025-Q4,https://www.census.gov/construction/bps/
28211,Charlotte,35.1844,-80.7765,580,-6.4,US Census Bureau,2025-Q4,https://www.census.gov/construction/bps/
28212,Charlotte,35.0849,-80.767,532,-7.32,US Census Bureau,2025-Q4,https://www.census.gov/construction/bps/
28213,Charlotte,35.1226,-80.9349,521,-7.5,US Census Bureau,2025-Q4,https://www.census.gov/construction/bps/
28214,Charlotte,35.0786,-80.9486,623,-5.34,US Census Bureau,2025-Q4,https://www.census.gov/construction/bps/
28215,Charlotte,35.1748,-80.8935,450,-7.53,US Census Bureau,2025-Q4,https://www.census.gov/construction/bps/
28216,Charlotte,35.3338,-80.7734,599,-5.36,US Census Bureau,2025-Q4,https://www.census.gov/construction/bps/
28217,Charlotte,35.146,-80.7171,542,-5.85,US Census Bureau,2025-Q4,https://www.census.gov/construction/bps/
28218,Charlotte,35.3371,-80.9789,586,-7.04,US Census Bureau,2025-Q4,https://www.census.gov/construction/bps/
28219,Charlotte,35.2189,-80.8338,572,-6.64,US Census Bureau,2025-Q4,https://www.census.gov/construction/bps/
28220,Charlotte,35.3229,-81.0049,559,-7.37,US Census Bureau,2025-Q4,https://www.census.gov/construction/bps/
28221,Charlotte,35.1368,-80.6844,592,-5.63,US Census Bureau,2025-Q4,https://www.census.gov/construction/bps/
28222,Charlotte,35.3012,-80.9534,560,-7.13,US Census Bureau,2025-Q4,https://www.census.gov/construction/bps/
28223,Charlotte,35.1556,-80.7174,456,-5.69,US Census Bureau,2025-Q4,https://www.census.gov/construction/bps/
28224,Charlotte,35.1506,-80.9397,572,-7.32,US Census Bureau,2025-Q4,https://www.census.gov/construction/bps/
28225,Charlotte,35.0836,-80.702,531,-5.9,US Census Bureau,2025-Q4,https://www.census.gov/construction/bps/
28226,Charlotte,35.3561,-81.0101,509,-5.49,US Census Bureau,2025-Q4,https://www.census.gov/construction/bps/
28227,Charlotte,35.1523,-81.0029,579,-7.65,US Census Bureau,2025-Q4,https://www.census.gov/construction/bps/
28228,Charlotte,35.3138,-80.9725,620,-5.83,US Census Bureau,2025-Q4,https://www.census.gov/construction/bps/
28229,Charlotte,35.1326,-80.6913,615,-6.59,US Census Bureau,2025-Q4,https://www.census.gov/construction/bps/
28230,Charlotte,35.1131,-80.7382,497,-5.58,US Census Bureau,2025-Q4,https://www.census.gov/construction/bps/
28231,Charlotte,35.2488,-80.91,465,-6.1,US Census Bureau,2025-Q4,https://www.census.gov/construction/bps/
28232,Charlotte,35.1105,-80.9699,586,-5.97,US Census Bureau,2025-Q4,https://www.census.gov/construction/bps/
28233,Charlotte,35.2,-80.9636,544,-6.93,US Census Bureau,2025-Q4,https://www.census.gov/construction/bps/
28234,Charlotte,35.1898,-80.8272,549,-6.19,US Census Bureau,2025-Q4,https://www.census.gov/construction/bps/
28235,Charlotte,35.3317,-80.9685,531,-7.28,US Census Bureau,2025-Q4,https://www.census.gov/construction/bps/
28236,Charlotte,35.132,-80.9687,555,-6.53,US Census Bureau,2025-Q4,https://www.census.gov/construction/bps/
28237,Charlotte,35.0896,-80.7634,485,-6.04,US Census Bureau,2025-Q4,https://www.census.gov/construction/bps/
28238,Charlotte,35.0773,-80.8534,575,-6.2,US Census Bureau,2025-Q4,https://www.census.gov/construction/bps/
28239,Charlotte,35.2769,-80.8749,486,-6.02,US Census Bureau,2025-Q4,https://www.census.gov/construction/bps/
28240,Charlotte,35.2606,-81.0069,478,-6.88,US Census Bureau,2025-Q4,https://www.census.gov/construction/bps/
46201,Indianapolis,39.818,-86.2891,205,-6.18,US Census Bureau,2025-Q4,https://www.census.gov/construction/bps/
46202,Indianapolis,39.7269,-86.2056,203,-5.62,US Census Bureau,2025-Q4,https://www.census.gov/construction/bps/
46203,Indianapolis,39.6224,-86.0448,179,-6.56,US Census Bureau,2025-Q4,https://www.census.gov/construction/bps/
46204,Indianapolis,39.7655,-86.087,200,-6.79,US Census Bureau,2025-Q4,https://www.census.gov/construction/bps/
46205,Indianapolis,39.6699,-86.0599,175,-7.38,US Census Bureau,2025-Q4,https://www.census.gov/construction/bps/
46206,Indianapolis,39.9067,-86.0748,201,-6.97,US Census Bureau,2025-Q4,https://www.census.gov/construction/bps/
46207,Indianapolis,39.6444,-86.2115,223,-6.26,US Census Bureau,2025-Q4,https://www.census.gov/construction/bps/
46208,Indianapolis,39.6796,-86.0884,183,-7.62,US Census Bureau,2025-Q4,https://www.census.gov/construction/bps/
46209,Indianapolis,39.7959,-86.2879,207,-6.81,US Census Bureau,2025-Q4,https://www.census.gov/construction/bps/
46210,Indianapolis,39.7777,-86.026,167,-6.41,US Census Bureau,2025-Q4,https://www.census.gov/construction/bps/
46211,Indianapolis,39.7722,-86.1321,190,-6.95,US Census Bureau,2025-Q4,https://www.census.gov/construction/bps/
46212,Indianapolis,39.7517,-86.2824,208,-7.23,US Census Bureau,2025-Q4,https://www.census.gov/construction/bps/
46213,Indianapolis,39.6656,-86.1348,184,-6.3,US Census Bureau,2025-Q4,https://www.census.gov/construction/bps/
46214,Indianapolis,39.7742,-86.0613,199,-5.86,US Census Bureau,2025-Q4,https://www.census.gov/construction/bps/
46215,Indianapolis,39.8959,-86.0608,222,-7.47,US Census Bureau,2025-Q4,https://www.census.gov/construction/bps/
46216,Indianapolis,39.8445,-86.27,199,-6.04,US Census Bureau,2025-Q4,https://www.census.gov/construction/bps/
46217,Indianapolis,39.7732,-86.0725,233,-7.22,US Census Bureau,2025-Q4,https://www.census.gov/construction/bps/
46218,Indianapolis,39.7687,-85.9884,194,-6.75,US Census Bureau,2025-Q4,https://www.census.gov/construction/bps/
46219,Indianapolis,39.6651,-86.1852,231,-5.45,US Census Bureau,2025-Q4,https://www.census.gov/construction/bps/
46220,Indianapolis,39.7833,-86.0479,181,-5.37,US Census Bureau,2025-Q4,https://www.census.gov/construction/bps/
46221,Indianapolis,39.773,-85.9968,231,-7.49,US Census Bureau,2025-Q4,https://www.census.gov/construction/bps/
46222,Indianapolis,39.6397,-86.2797,233,-7.26,US Census Bureau,2025-Q4,https://www.census.gov/construction/bps/
46223,Indianapolis,39.8894,-86.2675,178,-6.02,US Census Bureau,2025-Q4,https://www.census.gov/construction/bps/
46224,Indianapolis,39.7344,-86.0993,165,-5.9,US Census Bureau,2025-Q4,https://www.census.gov/construction/bps/
46225,Indianapolis,39.8196,-86.19,217,-7.61,US Census Bureau,2025-Q4,https://www.census.gov/construction/bps/
46226,Indianapolis,39.7708,-86.2166,208,-7.56,US Census Bureau,2025-Q4,https://www.census.gov/construction/bps/
46227,Indianapolis,39.8156,-86.3179,173,-7.05,US Census Bureau,2025-Q4,https://www.census.gov/construction/bps/
46228,Indianapolis,39.6766,-86.1958,171,-6.67,US Census Bureau,2025-Q4,https://www.census.gov/construction/bps/
46229,Indianapolis,39.8318,-86.2823,183,-5.93,US Census Bureau,2025-Q4,https://www.census.gov/construction/bps/
46230,Indianapolis,39.9109,-86.2648,230,-5.79,US Census Bureau,2025-Q4,https://www.census.gov/construction/bps/
98101,Seattle,47.4979,-122.3808,400,-6.68,US Census Bureau,2025-Q4,https://www.census.gov/construction/bps/
98102,Seattle,47.5801,-122.2696,453,-7.42,US Census Bureau,2025-Q4,https://www.census.gov/construction/bps/
98103,Seattle,47.6485,-122.1809,431,-6.27,US Census Bureau,2025-Q4,https://www.census.gov/construction/bps/
98104,Seattle,47.7062,-122.5068,401,-5.69,US Census Bureau,2025-Q4,https://www.census.gov/construction/bps/
98105,Seattle,47.4843,-122.1605,442,-5.61,US Census Bureau,2025-Q4,https://www.census.gov/construction/bps/
98106,Seattle,47.7263,-122.1912,385,-6.3,US Census Bureau,2025-Q4,https://www.census.gov/construction/bps/
98107,Seattle,47.659,-122.3495,490,-6.66,US Census Bureau,2025-Q4,https://www.census.gov/construction/bps/
98108,Seattle,47.6168,-122.4704,479,-5.93,US Census Bureau,2025-Q4,https://www.census.gov/construction/bps/
98109,Seattle,47.7366,-122.4055,487,-6.76,US Census Bureau,2025-Q4,https://www.census.gov/construction/bps/
98110,Seattle,47.6062,-122.2585,374,-5.81,US Census Bureau,2025-Q4,https://www.census.gov/construction/bps/
98111,Seattle,47.4864,-122.2214,375,-7.48,US Census Bureau,2025-Q4,https://www.census.gov/construction/bps/
98112,Seattle,47.5813,-122.3599,475,-7.0,US Census Bureau,2025-Q4,https://www.census.gov/construction/bps/
98113,Seattle,47.7045,-122.3161,364,-7.34,US Census Bureau,2025-Q4,https://www.census.gov/construction/bps/
98114,Seattle,47.7105,-122.4683,364,-7.36,US Census Bureau,2025-Q4,https://www.census.gov/construction/bps/
98115,Seattle,47.4769,-122.3493,477,-7.59,US Census Bureau,2025-Q4,https://www.census.gov/construction/bps/
98116,Seattle,47.6752,-122.3707,443,-6.35,US Census Bureau,2025-Q4,https://www.census.gov/construction/bps/
98117,Seattle,47.5965,-122.2721,382,-6.42,US Census Bureau,2025-Q4,https://www.census.gov/construction/bps/
98118,Seattle,47.5301,-122.153,435,-7.01,US Census Bureau,2025-Q4,https://www.census.gov/construction/bps/
98119,Seattle,47.6787,-122.5039,424,-6.47,US Census Bureau,2025-Q4,https://www.census.gov/construction/bps/
98120,Seattle,47.503,-122.4108,442,-5.86,US Census Bureau,2025-Q4,https://www.census.gov/construction/bps/
98121,Seattle,47.6754,-122.3445,432,-5.81,US Census Bureau,2025-Q4,https://www.census.gov/construction/bps/
98122,Seattle,47.5799,-122.1603,476,-5.95,US Census Bureau,2025-Q4,https://www.census.gov/construction/bps/
98123,Seattle,47.4899,-122.3389,412,-6.73,US Census Bureau,2025-Q4,https://www.census.gov/construction/bps/
98124,Seattle,47.5505,-122.3795,400,-6.39,US Census Bureau,2025-Q4,https://www.census.gov/construction/bps/
98125,Seattle,47.6061,-122.2312,483,-5.9,US Census Bureau,2025-Q4,https://www.census.gov/construction/bps/
98126,Seattle,47.6999,-122.3046,416,-7.22,US Census Bureau,2025-Q4,https://www.census.gov/construction/bps/
98127,Seattle,47.457,-122.3199,510,-6.06,US Census Bureau,2025-Q4,https://www.census.gov/construction/bps/
98128,Seattle,47.4624,-122.4788,417,-7.33,US Census Bureau,2025-Q4,https://www.census.gov/construction/bps/
98129,Seattle,47.5938,-122.4359,484,-5.55,US Census Bureau,2025-Q4,https://www.census.gov/construction/bps/
98130,Seattle,47.6215,-122.4707,451,-7.41,US Census Bureau,2025-Q4,https://www.census.gov/construction/bps/
98131,Seattle,47.4666,-122.3512,476,-6.93,US Census Bureau,2025-Q4,https://www.census.gov/construction/bps/
98132,Seattle,47.6181,-122.245,487,-7.28,US Census Bureau,2025-Q4,https://www.census.gov/construction/bps/
98133,Seattle,47.4939,-122.4709,401,-5.85,US Census Bureau,2025-Q4,https://www.census.gov/construction/bps/
98134,Seattle,47.5725,-122.3074,507,-6.47,US Census Bureau,2025-Q4,https://www.census.gov/construction/bps/
98135,Seattle,47.7065,-122.4742,385,-6.6,US Census Bureau,2025-Q4,https://www.census.gov/construction/bps/
98136,Seattle,47.6082,-122.3517,444,-5.82,US Census Bureau,2025-Q4,https://www.census.gov/construction/bps/
98137,Seattle,47.6423,-122.509,423,-7.18,US Census Bureau,2025-Q4,https://www.census.gov/construction/bps/
98138,Seattle,47.5649,-122.5058,413,-6.56,US Census Bureau,2025-Q4,https://www.census.gov/construction/bps/
98139,Seattle,47.6434,-122.3681,508,-7.14,US Census Bureau,2025-Q4,https://www.census.gov/construction/bps/
98140,Seattle,47.6197,-122.3275,422,-7.62,US Census Bureau,2025-Q4,https://www.census.gov/construction/bps/
80201,Denver,39.6256,-104.8904,315,-5.98,US Census Bureau,2025-Q4,https://www.census.gov/construction/bps/
80202,Denver,39.7955,-105.1676,335,-6.01,US Census Bureau,2025-Q4,https://www.census.gov/construction/bps/
80203,Denver,39.6205,-104.9694,365,-7.41,US Census Bureau,2025-Q4,https://www.census.gov/construction/bps/
80204,Denver,39.6214,-104.8226,409,-6.87,US Census Bureau,2025-Q4,https://www.census.gov/construction/bps/
80205,Denver,39.8852,-104.971,313,-6.27,US Census Bureau,2025-Q4,https://www.census.gov/construction/bps/
80206,Denver,39.5892,-104.8225,329,-5.97,US Census Bureau,2025-Q4,https://www.census.gov/construction/bps/
80207,Denver,39.7636,-105.0675,353,-7.33,US Census Bureau,2025-Q4,https://www.census.gov/construction/bps/
80208,Denver,39.7129,-105.1077,379,-7.27,US Census Bureau,2025-Q4,https://www.census.gov/construction/bps/
80209,Denver,39.7826,-105.024,387,-6.78,US Census Bureau,2025-Q4,https://www.census.gov/construction/bps/
80210,Denver,39.7974,-104.8199,405,-5.33,US Census Bureau,2025-Q4,https://www.census.gov/construction/bps/
80211,Denver,39.8421,-105.1424,300,-6.78,US Census Bureau,2025-Q4,https://www.census.gov/construction/bps/
80212,Denver,39.7524,-105.0872,339,-7.37,US Census Bureau,2025-Q4,https://www.census.gov/construction/bps/
80213,Denver,39.7777,-104.9079,317,-5.84,US Census Bureau,2025-Q4,https://www.census.gov/construction/bps/
80214,Denver,39.6262,-105.0972,392,-5.73,US Census Bureau,2025-Q4,https://www.census.gov/construction/bps/
80215,Denver,39.6144,-104.9171,298,-6.11,US Census Bureau,2025-Q4,https://www.census.gov/construction/bps/
80216,Denver,39.8482,-105.1308,313,-5.59,US Census Bureau,2025-Q4,https://www.census.gov/construction/bps/
80217,Denver,39.6421,-104.9933,361,-5.85,US Census Bureau,2025-Q4,https://www.census.gov/construction/bps/
80218,Denver,39.87,-105.1205,363,-7.32,US Census Bureau,2025-Q4,https://www.census.gov/construction/bps/
80219,Denver,39.7441,-104.9701,312,-7.59,US Census Bureau,2025-Q4,https://www.census.gov/construction/bps/
80220,Denver,39.8626,-105.0258,403,-6.98,US Census Bureau,2025-Q4,https://www.census.gov/construction/bps/
80221,Denver,39.6695,-104.8716,331,-6.99,US Census Bureau,2025-Q4,https://www.census.gov/construction/bps/
80222,Denver,39.751,-105.0555,335,-6.93,US Census Bureau,2025-Q4,https://www.census.gov/construction/bps/
80223,Denver,39.7075,-104.9194,297,-7.33,US Census Bureau,2025-Q4,https://www.census.gov/construction/bps/
80224,Denver,39.6004,-104.9767,376,-5.8,US Census Bureau,2025-Q4,https://www.census.gov/construction/bps/
80225,Denver,39.7674,-105.0961,286,-7.03,US Census Bureau,2025-Q4,https://www.census.gov/construction/bps/
80226,Denver,39.8197,-104.8277,360,-6.63,US Census Bureau,2025-Q4,https://www.census.gov/construction/bps/
80227,Denver,39.7255,-105.1182,408,-6.96,US Census Bureau,2025-Q4,https://www.census.gov/construction/bps/
80228,Denver,39.7241,-104.8297,303,-6.23,US Census Bureau,2025-Q4,https://www.census.gov/construction/bps/
80229,Denver,39.8002,-104.858,320,-7.07,US Census Bureau,2025-Q4,https://www.census.gov/construction/bps/
80230,Denver,39.8066,-105.1441,350,-6.79,US Census Bureau,2025-Q4,https://www.census.gov/construction/bps/
80231,Denver,39.7183,-105.0303,339,-7.47,US Census Bureau,2025-Q4,https://www.census.gov/construction/bps/
80232,Denver,39.6139,-104.8504,339,-6.64,US Census Bureau,2025-Q4,https://www.census.gov/construction/bps/
80233,Denver,39.8433,-104.9956,331,-6.44,US Census Bureau,2025-Q4,https://www.census.gov/construction/bps/
80234,Denver,39.711,-104.9693,299,-7.36,US Census Bureau,2025-Q4,https://www.census.gov/construction/bps/
80235,Denver,39.6442,-105.056,359,-5.35,US Census Bureau,2025-Q4,https://www.census.gov/construction/bps/
80236,Denver,39.7299,-105.025,320,-7.65,US Census Bureau,2025-Q4,https://www.census.gov/construction/bps/
80237,Denver,39.747,-105.0579,407,-6.17,US Census Bureau,2025-Q4,https://www.census.gov/construction/bps/
80238,Denver,39.6272,-104.8347,400,-6.25,US Census Bureau,2025-Q4,https://www.census.gov/construction/bps/
80239,Denver,39.7318,-104.8504,353,-5.49,US Census Bureau,2025-Q4,https://www.census.gov/construction/bps/
80240,Denver,39.8095,-105.1393,359,-5.98,US Census Bureau,2025-Q4,https://www.census.gov/construction/bps/
37201,Nashville,36.0208,-86.6646,505,-7.45,US Census Bureau,2025-Q4,https://www.census.gov/construction/bps/
37202,Nashville,36.0437,-86.8936,415,-7.34,US Census Bureau,2025-Q4,https://www.census.gov/construction/bps/
37203,Nashville,36.2552,-86.9376,536,-6.16,US Census Bureau,2025-Q4,https://www.census.gov/construction/bps/
37204,Nashville,36.061,-86.7206,497,-5.96,US Census Bureau,2025-Q4,https://www.census.gov/construction/bps/
37205,Nashville,36.273,-86.7606,461,-6.25,US Census Bureau,2025-Q4,https://www.census.gov/construction/bps/
37206,Nashville,36.0539,-86.9444,479,-7.34,US Census Bureau,2025-Q4,https://www.census.gov/construction/bps/
37207,Nashville,36.1991,-86.8882,498,-6.77,US Census Bureau,2025-Q4,https://www.census.gov/construction/bps/
37208,Nashville,36.1133,-86.8843,455,-7.06,US Census Bureau,2025-Q4,https://www.census.gov/construction/bps/
37209,Nashville,36.0776,-86.7782,441,-5.55,US Census Bureau,2025-Q4,https://www.census.gov/construction/bps/
37210,Nashville,36.0648,-86.7019,513,-7.52,US Census Bureau,2025-Q4,https://www.census.gov/construction/bps/
37211,Nashville,36.1831,-86.7614,432,-6.66,US Census Bureau,2025-Q4,https://www.census.gov/construction/bps/
37212,Nashville,36.2249,-86.8918,453,-5.56,US Census Bureau,2025-Q4,https://www.census.gov/construction/bps/
37213,Nashville,36.1193,-86.6146,543,-7.59,US Census Bureau,2025-Q4,https://www.census.gov/construction/bps/
37214,Nashville,36.2372,-86.9343,489,-6.9,US Census Bureau,2025-Q4,https://www.census.gov/construction/bps/
37215,Nashville,36.1308,-86.804,490,-6.77,US Census Bureau,2025-Q4,https://www.census.gov/construction/bps/
37216,Nashville,36.1976,-86.8175,460,-6.58,US Census Bureau,2025-Q4,https://www.census.gov/construction/bps/
37217,Nashville,36.047,-86.7987,443,-7.35,US Census Bureau,2025-Q4,https://www.census.gov/construction/bps/
37218,Nashville,36.0669,-86.7894,392,-6.29,US Census Bureau,2025-Q4,https://www.census.gov/construction/bps/
37219,Nashville,36.2677,-86.8998,488,-7.61,US Census Bureau,2025-Q4,https://www.census.gov/construction/bps/
37220,Nashville,36.0888,-86.7075,388,-5.88,US Census Bureau,2025-Q4,https://www.census.gov/construction/bps/
37221,Nashville,36.0932,-86.8885,412,-6.93,US Census Bureau,2025-Q4,https://www.census.gov/construction/bps/
37222,Nashville,36.0957,-86.7309,547,-7.53,US Census Bureau,2025-Q4,https://www.census.gov/construction/bps/
37223,Nashville,36.1804,-86.9233,455,-7.34,US Census Bureau,2025-Q4,https://www.census.gov/construction/bps/
37224,Nashville,36.1991,-86.8106,385,-5.96,US Census Bureau,2025-Q4,https://www.census.gov/construction/bps/
37225,Nashville,36.0932,-86.9133,531,-5.88,US Census Bureau,2025-Q4,https://www.census.gov/construction/bps/
37226,Nashville,36.0599,-86.712,471,-5.67,US Census Bureau,2025-Q4,https://www.census.gov/construction/bps/
37227,Nashville,36.2288,-86.9448,503,-5.45,US Census Bureau,2025-Q4,https://www.census.gov/construction/bps/
37228,Nashville,36.032,-86.7091,551,-5.63,US Census Bureau,2025-Q4,https://www.census.gov/construction/bps/
37229,Nashville,36.0883,-86.6111,503,-6.21,US Census Bureau,2025-Q4,https://www.census.gov/construction/bps/
37230,Nashville,36.1872,-86.8513,396,-7.42,US Census Bureau,2025-Q4,https://www.census.gov/construction/bps/
37231,Nashville,36.2605,-86.9274,447,-5.76,US Census Bureau,2025-Q4,https://www.census.gov/construction/bps/
37232,Nashville,36.2478,-86.6341,437,-7.05,US Census Bureau,2025-Q4,https://www.census.gov/construction/bps/
37233,Nashville,36.3052,-86.6856,551,-5.35,US Census Bureau,2025-Q4,https://www.census.gov/construction/bps/
37234,Nashville,36.0397,-86.6274,515,-6.8,US Census Bureau,2025-Q4,https://www.census.gov/construction/bps/
37235,Nashville,36.1547,-86.957,482,-6.79,US Census Bureau,2025-Q4,https://www.census.gov/construction/bps/
73101,Oklahoma City,35.6037,-97.591,141,-5.53,US Census Bureau,2025-Q4,https://www.census.gov/construction/bps/
73102,Oklahoma City,35.4681,-97.3571,107,-7.06,US Census Bureau,2025-Q4,https://www.census.gov/construction/bps/
73103,Oklahoma City,35.4548,-97.6706,110,-6.02,US Census Bureau,2025-Q4,https://www.census.gov/construction/bps/
73104,Oklahoma City,35.4168,-97.4255,139,-7.19,US Census Bureau,2025-Q4,https://www.census.gov/construction/bps/
73105,Oklahoma City,35.4295,-97.4105,132,-6.52,US Census Bureau,2025-Q4,https://www.census.gov/construction/bps/
73106,Oklahoma City,35.5475,-97.6195,110,-7.23,US Census Bureau,2025-Q4,https://www.census.gov/construction/bps/
73107,Oklahoma City,35.5533,-97.6583,106,-7.15,US Census Bureau,2025-Q4,https://www.census.gov/construction/bps/
73108,Oklahoma City,35.3279,-97.5559,127,-5.74,US Census Bureau,2025-Q4,https://www.census.gov/construction/bps/
73109,Oklahoma City,35.4958,-97.3883,135,-7.29,US Census Bureau,2025-Q4,https://www.census.gov/construction/bps/
73110,Oklahoma City,35.4209,-97.4156,129,-5.87,US Census Bureau,2025-Q4,https://www.census.gov/construction/bps/
73111,Oklahoma City,35.5567,-97.6376,121,-6.27,US Census Bureau,2025-Q4,https://www.census.gov/construction/bps/
73112,Oklahoma City,35.3984,-97.5047,117,-7.02,US Census Bureau,2025-Q4,https://www.census.gov/construction/bps/
73113,Oklahoma City,35.5518,-97.4942,109,-7.56,US Census Bureau,2025-Q4,https://www.census.gov/construction/bps/
73114,Oklahoma City,35.3548,-97.4308,120,-7.61,US Census Bureau,2025-Q4,https://www.census.gov/construction/bps/
73115,Oklahoma City,35.5467,-97.4573,120,-5.79,US Census Bureau,2025-Q4,https://www.census.gov/construction/bps/
73116,Oklahoma City,35.4305,-97.5983,132,-6.69,US Census Bureau,2025-Q4,https://www.census.gov/construction/bps/
73117,Oklahoma City,35.5923,-97.652,117,-7.41,US Census Bureau,2025-Q4,https://www.census.gov/construction/bps/
73118,Oklahoma City,35.3641,-97.637,132,-7.07,US Census Bureau,2025-Q4,https://www.census.gov/construction/bps/
73119,Oklahoma City,35.5716,-97.4115,140,-5.59,US Census Bureau,2025-Q4,https://www.census.gov/construction/bps/
73120,Oklahoma City,35.4239,-97.5125,126,-7.63,US Census Bureau,2025-Q4,https://www.census.gov/construction/bps/
73121,Oklahoma City,35.3321,-97.6073,113,-7.5,US Census Bureau,2025-Q4,https://www.census.gov/construction/bps/
73122,Oklahoma City,35.3422,-97.6863,144,-6.25,US Census Bureau,2025-Q4,https://www.census.gov/construction/bps/
73123,Oklahoma City,35.4703,-97.5255,118,-6.33,US Census Bureau,2025-Q4,https://www.census.gov/construction/bps/
73124,Oklahoma City,35.4068,-97.4963,116,-7.61,US Census Bureau,2025-Q4,https://www.census.gov/construction/bps/
73125,Oklahoma City,35.336,-97.5992,149,-6.51,US Census Bureau,2025-Q4,https://www.census.gov/construction/bps/
20001,DC Metro,38.8522,-76.9887,476,-6.96,US Census Bureau,2025-Q4,https://www.census.gov/construction/bps/
20002,DC Metro,39.0445,-77.0157,382,-6.71,US Census Bureau,2025-Q4,https://www.census.gov/construction/bps/
20003,DC Metro,38.9831,-77.2136,515,-6.4,US Census Bureau,2025-Q4,https://www.census.gov/construction/bps/
20004,DC Metro,38.9602,-77.0049,416,-5.94,US Census Bureau,2025-Q4,https://www.census.gov/construction/bps/
20005,DC Metro,38.9425,-77.149,447,-6.58,US Census Bureau,2025-Q4,https://www.census.gov/construction/bps/
20006,DC Metro,39.0088,-77.1003,513,-7.24,US Census Bureau,2025-Q4,https://www.census.gov/construction/bps/
20007,DC Metro,38.872,-76.8676,513,-5.83,US Census Bureau,2025-Q4,https://www.census.gov/construction/bps/
20008,DC Metro,38.9171,-76.9756,484,-6.14,US Census Bureau,2025-Q4,https://www.census.gov/construction/bps/
20009,DC Metro,38.7857,-77.0455,474,-5.77,US Census Bureau,2025-Q4,https://www.census.gov/construction/bps/
20010,DC Metro,38.7584,-76.9012,432,-7.41,US Census Bureau,2025-Q4,https://www.census.gov/construction/bps/
20011,DC Metro,38.794,-77.2078,407,-5.97,US Census Bureau,2025-Q4,https://www.census.gov/construction/bps/
20012,DC Metro,38.7665,-76.9568,441,-7.31,US Census Bureau,2025-Q4,https://www.census.gov/construction/bps/
20013,DC Metro,38.9812,-76.995,490,-6.47,US Census Bureau,2025-Q4,https://www.census.gov/construction/bps/
20014,DC Metro,39.0348,-77.0962,476,-6.78,US Census Bureau,2025-Q4,https://www.census.gov/construction/bps/
20015,DC Metro,38.9911,-77.1869,400,-5.92,US Census Bureau,2025-Q4,https://www.census.gov/construction/bps/
20016,DC Metro,38.8253,-76.9366,453,-5.41,US Census Bureau,2025-Q4,https://www.census.gov/construction/bps/
20017,DC Metro,38.9662,-76.977,392,-7.35,US Census Bureau,2025-Q4,https://www.census.gov/construction/bps/
20018,DC Metro,38.8646,-77.21,460,-6.52,US Census Bureau,2025-Q4,https://www.census.gov/construction/bps/
20019,DC Metro,38.9553,-76.8956,430,-7.21,US Census Bureau,2025-Q4,https://www.census.gov/construction/bps/
20020,DC Metro,38.7979,-77.1619,452,-7.44,US Census Bureau,2025-Q4,https://www.census.gov/construction/bps/
20021,DC Metro,39.0079,-77.1623,474,-7.44,US Census Bureau,2025-Q4,https://www.census.gov/construction/bps/
20022,DC Metro,38.9866,-77.0719,449,-5.9,US Census Bureau,2025-Q4,https://www.census.gov/construction/bps/
20023,DC Metro,38.9536,-77.156,429,-5.46,US Census Bureau,2025-Q4,https://www.census.gov/construction/bps/
20024,DC Metro,38.8401,-77.1032,460,-7.27,US Census Bureau,2025-Q4,https://www.census.gov/construction/bps/
20025,DC Metro,38.7892,-77.0699,491,-7.5,US Census Bureau,2025-Q4,https://www.census.gov/construction/bps/
20026,DC Metro,38.9616,-77.1038,503,-7.6,US Census Bureau,2025-Q4,https://www.census.gov/construction/bps/
20027,DC Metro,38.8274,-77.1586,467,-7.38,US Census Bureau,2025-Q4,https://www.census.gov/construction/bps/
20028,DC Metro,39.0115,-77.1344,500,-7.14,US Census Bureau,2025-Q4,https://www.census.gov/construction/bps/
20029,DC Metro,38.8472,-76.9973,417,-7.27,US Census Bureau,2025-Q4,https://www.census.gov/construction/bps/
20030,DC Metro,38.9185,-77.1125,518,-5.52,US Census Bureau,2025-Q4,https://www.census.gov/construction/bps/
20031,DC Metro,38.7612,-77.1986,442,-6.4,US Census Bureau,2025-Q4,https://www.census.gov/construction/bps/
20032,DC Metro,38.7593,-77.1012,433,-7.23,US Census Bureau,2025-Q4,https://www.census.gov/construction/bps/
20033,DC Metro,38.7699,-77.1005,464,-6.15,US Census Bureau,2025-Q4,https://www.census.gov/construction/bps/
20034,DC Metro,38.9067,-76.9561,519,-6.36,US Census Bureau,2025-Q4,https://www.census.gov/construction/bps/
20035,DC Metro,38.7968,-76.9933,439,-6.67,US Census Bureau,2025-Q4,https://www.census.gov/construction/bps/
20036,DC Metro,38.7817,-76.9203,493,-5.86,US Census Bureau,2025-Q4,https://www.census.gov/construction/bps/
20037,DC Metro,38.8108,-76.8749,396,-5.67,US Census Bureau,2025-Q4,https://www.census.gov/construction/bps/
20038,DC Metro,38.9192,-77.2011,385,-6.47,US Census Bureau,2025-Q4,https://www.census.gov/construction/bps/
20039,DC Metro,38.8452,-77.1042,490,-6.33,US Census Bureau,2025-Q4,https://www.census.gov/construction/bps/
20040,DC Metro,38.8013,-77.0232,395,-6.84,US Census Bureau,2025-Q4,https://www.census.gov/construction/bps/
20041,DC Metro,38.7759,-77.015,455,-6.97,US Census Bureau,2025-Q4,https://www.census.gov/construction/bps/
20042,DC Metro,38.8429,-77.0214,405,-7.38,US Census Bureau,2025-Q4,https://www.census.gov/construction/bps/
20043,DC Metro,38.9096,-76.9566,388,-5.94,US Census Bureau,2025-Q4,https://www.census.gov/construction/bps/
20044,DC Metro,38.9256,-77.0429,409,-5.83,US Census Bureau,2025-Q4,https://www.census.gov/construction/bps/
20045,DC Metro,38.9869,-77.1316,435,-7.41,US Census Bureau,2025-Q4,https://www.census.gov/construction/bps/
02101,Boston,42.2888,-71.2358,282,-7.51,US Census Bureau,2025-Q4,https://www.census.gov/construction/bps/
02102,Boston,42.3949,-71.127,306,-7.01,US Census Bureau,2025-Q4,https://www.census.gov/construction/bps/
02103,Boston,42.4624,-71.2124,262,-6.77,US Census Bureau,2025-Q4,https://www.census.gov/construction/bps/
02104,Boston,42.3011,-70.971,358,-7.16,US Census Bureau,2025-Q4,https://www.census.gov/construction/bps/
02105,Boston,42.3122,-70.9078,302,-5.75,US Census Bureau,2025-Q4,https://www.census.gov/construction/bps/
02106,Boston,42.4218,-71.1243,273,-5.54,US Census Bureau,2025-Q4,https://www.census.gov/construction/bps/
02107,Boston,42.2993,-71.057,339,-5.82,US Census Bureau,2025-Q4,https://www.census.gov/construction/bps/
02108,Boston,42.4827,-70.9577,339,-6.39,US Census Bureau,2025-Q4,https://www.census.gov/construction/bps/
02109,Boston,42.3871,-71.0184,310,-7.52,US Census Bureau,2025-Q4,https://www.census.gov/construction/bps/
02110,Boston,42.2128,-71.1224,337,-7.09,US Census Bureau,2025-Q4,https://www.census.gov/construction/bps/
02111,Boston,42.2683,-71.1002,300,-6.58,US Census Bureau,2025-Q4,https://www.census.gov/construction/bps/
02112,Boston,42.229,-71.074,331,-5.56,US Census Bureau,2025-Q4,https://www.census.gov/construction/bps/
02113,Boston,42.4654,-70.9379,363,-6.49,US Census Bureau,2025-Q4,https://www.census.gov/construction/bps/
02114,Boston,42.2752,-71.0315,357,-6.9,US Census Bureau,2025-Q4,https://www.census.gov/construction/bps/
02115,Boston,42.4287,-71.09,283,-6.2,US Census Bureau,2025-Q4,https://www.census.gov/construction/bps/
02116,Boston,42.4749,-70.9787,366,-6.17,US Census Bureau,2025-Q4,https://www.census.gov/construction/bps/
02117,Boston,42.4059,-71.1689,309,-6.85,US Census Bureau,2025-Q4,https://www.census.gov/construction/bps/
02118,Boston,42.2179,-71.1725,324,-5.97,US Census Bureau,2025-Q4,https://www.census.gov/construction/bps/
02119,Boston,42.2587,-70.8882,334,-5.54,US Census Bureau,2025-Q4,https://www.census.gov/construction/bps/
02120,Boston,42.3015,-70.9349,270,-6.55,US Census Bureau,2025-Q4,https://www.census.gov/construction/bps/
02121,Boston,42.4944,-71.2319,255,-7.44,US Census Bureau,2025-Q4,https://www.census.gov/construction/bps/
02122,Boston,42.5039,-70.929,352,-6.23,US Census Bureau,2025-Q4,https://www.census.gov/construction/bps/
02123,Boston,42.4874,-70.887,337,-6.58,US Census Bureau,2025-Q4,https://www.census.gov/construction/bps/
02124,Boston,42.3576,-71.1333,366,-6.84,US Census Bureau,2025-Q4,https://www.census.gov/construction/bps/
02125,Boston,42.2331,-71.1867,309,-6.07,US Census Bureau,2025-Q4,https://www.census.gov/construction/bps/
02126,Boston,42.4779,-70.9171,331,-6.16,US Census Bureau,2025-Q4,https://www.census.gov/construction/bps/
02127,Boston,42.4419,-71.1238,281,-6.16,US Census Bureau,2025-Q4,https://www.census.gov/construction/bps/
02128,Boston,42.3162,-70.9911,343,-7.18,US Census Bureau,2025-Q4,https://www.census.gov/construction/bps/
02129,Boston,42.3318,-71.0208,269,-5.96,US Census Bureau,2025-Q4,https://www.census.gov/construction/bps/
02130,Boston,42.2201,-71.1511,329,-6.48,US Census Bureau,2025-Q4,https://www.census.gov/construction/bps/
02131,Boston,42.2459,-71.0242,278,-5.45,US Census Bureau,2025-Q4,https://www.census.gov/construction/bps/
02132,Boston,42.4292,-71.0688,295,-6.85,US Census Bureau,2025-Q4,https://www.census.gov/construction/bps/
02133,Boston,42.3126,-70.8861,313,-6.24,US Census Bureau,2025-Q4,https://www.census.gov/construction/bps/
02134,Boston,42.4447,-70.9739,352,-6.68,US Census Bureau,2025-Q4,https://www.census.gov/construction/bps/
02135,Boston,42.2554,-71.0226,306,-5.78,US Census Bureau,2025-Q4,https://www.census.gov/construction/bps/
02136,Boston,42.3511,-70.9958,311,-5.94,US Census Bureau,2025-Q4,https://www.census.gov/construction/bps/
02137,Boston,42.4714,-71.1196,317,-5.72,US Census Bureau,2025-Q4,https://www.census.gov/construction/bps/
02138,Boston,42.3347,-71.1223,259,-7.15,US Census Bureau,2025-Q4,https://www.census.gov/construction/bps/
02139,Boston,42.4636,-70.9143,289,-7.66,US Census Bureau,2025-Q4,https://www.census.gov/construction/bps/
02140,Boston,42.3181,-71.1547,277,-5.98,US Census Bureau,2025-Q4,https://www.census.gov/construction/bps/
89101,Las Vegas,36.0881,-115.066,285,-5.36,US Census Bureau,2025-Q4,https://www.census.gov/construction/bps/
89102,Las Vegas,36.1985,-115.2699,343,-6.62,US Census Bureau,2025-Q4,https://www.census.gov/construction/bps/
89103,Las Vegas,36.1595,-115.116,359,-5.39,US Census Bureau,2025-Q4,https://www.census.gov/construction/bps/
89104,Las Vegas,36.0799,-115.1755,269,-6.99,US Census Bureau,2025-Q4,https://www.census.gov/construction/bps/
89105,Las Vegas,36.0909,-115.203,276,-7.66,US Census Bureau,2025-Q4,https://www.census.gov/construction/bps/
89106,Las Vegas,36.2842,-115.2977,331,-5.58,US Census Bureau,2025-Q4,https://www.census.gov/construction/bps/
89107,Las Vegas,36.0821,-114.966,255,-7.12,US Census Bureau,2025-Q4,https://www.census.gov/construction/bps/
89108,Las Vegas,36.0827,-115.2645,351,-7.24,US Census Bureau,2025-Q4,https://www.census.gov/construction/bps/
89109,Las Vegas,36.2104,-115.2103,360,-7.11,US Census Bureau,2025-Q4,https://www.census.gov/construction/bps/
89110,Las Vegas,36.2844,-115.1276,290,-7.0,US Census Bureau,2025-Q4,https://www.census.gov/construction/bps/
89111,Las Vegas,36.3006,-115.2032,255,-7.26,US Census Bureau,2025-Q4,https://www.census.gov/construction/bps/
89112,Las Vegas,36.1278,-115.1449,355,-5.43,US Census Bureau,2025-Q4,https://www.census.gov/construction/bps/
89113,Las Vegas,36.0502,-115.2217,325,-5.62,US Census Bureau,2025-Q4,https://www.census.gov/construction/bps/
89114,Las Vegas,36.2666,-115.2042,259,-6.97,US Census Bureau,2025-Q4,https://www.census.gov/construction/bps/
89115,Las Vegas,36.1032,-114.983,339,-5.86,US Census Bureau,2025-Q4,https://www.census.gov/construction/bps/
89116,Las Vegas,36.1385,-114.975,277,-6.18,US Census Bureau,2025-Q4,https://www.census.gov/construction/bps/
89117,Las Vegas,36.301,-115.2698,319,-6.26,US Census Bureau,2025-Q4,https://www.census.gov/construction/bps/
89118,Las Vegas,36.2468,-115.2981,277,-6.56,US Census Bureau,2025-Q4,https://www.census.gov/construction/bps/
89119,Las Vegas,36.1507,-115.0383,307,-6.33,US Census Bureau,2025-Q4,https://www.census.gov/construction/bps/
89120,Las Vegas,36.1585,-115.102,316,-6.79,US Census Bureau,2025-Q4,https://www.census.gov/construction/bps/
89121,Las Vegas,36.3044,-115.2709,347,-6.99,US Census Bureau,2025-Q4,https://www.census.gov/construction/bps/
89122,Las Vegas,36.0702,-115.2357,259,-6.29,US Census Bureau,2025-Q4,https://www.census.gov/construction/bps/
89123,Las Vegas,36.222,-115.2371,359,-6.79,US Census Bureau,2025-Q4,https://www.census.gov/construction/bps/
89124,Las Vegas,36.0827,-115.0777,364,-7.15,US Census Bureau,2025-Q4,https://www.census.gov/construction/bps/
89125,Las Vegas,36.103,-114.9972,312,-5.5,US Census Bureau,2025-Q4,https://www.census.gov/construction/bps/
89126,Las Vegas,36.1679,-115.2606,290,-6.3,US Census Bureau,2025-Q4,https://www.census.gov/construction/bps/
89127,Las Vegas,36.1609,-115.3072,257,-7.24,US Census Bureau,2025-Q4,https://www.census.gov/construction/bps/
89128,Las Vegas,36.2017,-115.1096,258,-6.58,US Census Bureau,2025-Q4,https://www.census.gov/construction/bps/
89129,Las Vegas,36.2464,-115.2331,336,-7.17,US Census Bureau,2025-Q4,https://www.census.gov/construction/bps/
89130,Las Vegas,36.1026,-115.2511,311,-6.68,US Census Bureau,2025-Q4,https://www.census.gov/construction/bps/
89131,Las Vegas,36.2754,-115.027,300,-5.97,US Census Bureau,2025-Q4,https://www.census.gov/construction/bps/
89132,Las Vegas,36.1857,-115.0072,319,-5.41,US Census Bureau,2025-Q4,https://www.census.gov/construction/bps/
89133,Las Vegas,36.13,-115.0453,284,-6.46,US Census Bureau,2025-Q4,https://www.census.gov/construction/bps/
89134,Las Vegas,36.0332,-115.2496,348,-5.39,US Census Bureau,2025-Q4,https://www.census.gov/construction/bps/
89135,Las Vegas,36.0297,-115.299,277,-6.23,US Census Bureau,2025-Q4,https://www.census.gov/construction/bps/
38101,Memphis,35.0347,-90.0124,133,-5.68,US Census Bureau,2025-Q4,https://www.census.gov/construction/bps/
38102,Memphis,35.294,-90.0607,110,-7.58,US Census Bureau,2025-Q4,https://www.census.gov/construction/bps/
38103,Memphis,35.2591,-90.1138,126,-6.97,US Census Bureau,2025-Q4,https://www.census.gov/construction/bps/
38104,Memphis,35.1223,-90.0692,111,-6.35,US Census Bureau,2025-Q4,https://www.census.gov/construction/bps/
38105,Memphis,35.2454,-90.124,96,-7.34,US Census Bureau,2025-Q4,https://www.census.gov/construction/bps/
38106,Memphis,35.0063,-89.9722,115,-7.39,US Census Bureau,2025-Q4,https://www.census.gov/construction/bps/
38107,Memphis,35.1312,-90.0383,109,-7.5,US Census Bureau,2025-Q4,https://www.census.gov/construction/bps/
38108,Memphis,35.299,-90.2098,106,-5.59,US Census Bureau,2025-Q4,https://www.census.gov/construction/bps/
38109,Memphis,35.2124,-90.1748,117,-6.47,US Census Bureau,2025-Q4,https://www.census.gov/construction/bps/
38110,Memphis,35.1476,-89.9807,115,-5.57,US Census Bureau,2025-Q4,https://www.census.gov/construction/bps/
38111,Memphis,35.2569,-89.9095,125,-6.12,US Census Bureau,2025-Q4,https://www.census.gov/construction/bps/
38112,Memphis,35.2609,-90.1995,135,-7.21,US Census Bureau,2025-Q4,https://www.census.gov/construction/bps/
38113,Memphis,35.138,-90.0297,100,-5.63,US Census Bureau,2025-Q4,https://www.census.gov/construction/bps/
38114,Memphis,35.0541,-90.0841,121,-5.34,US Census Bureau,2025-Q4,https://www.census.gov/construction/bps/
38115,Memphis,35.2038,-90.1041,129,-7.62,US Census Bureau,2025-Q4,https://www.census.gov/construction/bps/
38116,Memphis,35.0455,-89.971,112,-7.48,US Census Bureau,2025-Q4,https://www.census.gov/construction/bps/
38117,Memphis,35.232,-90.0571,115,-7.42,US Census Bureau,2025-Q4,https://www.census.gov/construction/bps/
38118,Memphis,35.2229,-90.0467,95,-5.38,US Census Bureau,2025-Q4,https://www.census.gov/construction/bps/
38119,Memphis,35.0606,-90.0138,102,-6.0,US Census Bureau,2025-Q4,https://www.census.gov/construction/bps/
38120,Memphis,35.0379,-90.2229,116,-7.0,US Census Bureau,2025-Q4,https://www.census.gov/construction/bps/
38121,Memphis,35.2494,-90.1093,113,-6.81,US Census Bureau,2025-Q4,https://www.census.gov/construction/bps/
38122,Memphis,35.2792,-89.8938,124,-5.48,US Census Bureau,2025-Q4,https://www.census.gov/construction/bps/
38123,Memphis,35.1025,-90.0006,113,-7.52,US Census Bureau,2025-Q4,https://www.census.gov/construction/bps/
38124,Memphis,35.1225,-89.9388,102,-6.72,US Census Bureau,2025-Q4,https://www.census.gov/construction/bps/
38125,Memphis,35.0114,-90.0239,121,-5.47,US Census Bureau,2025-Q4,https://www.census.gov/construction/bps/
40201,Louisville,38.2239,-85.7344,134,-6.08,US Census Bureau,2025-Q4,https://www.census.gov/construction/bps/
40202,Louisville,38.1542,-85.7337,98,-6.23,US Census Bureau,2025-Q4,https://www.census.gov/construction/bps/
40203,Louisville,38.3797,-85.6344,131,-7.48,US Census Bureau,2025-Q4,https://www.census.gov/construction/bps/
40204,Louisville,38.1507,-85.5987,100,-5.44,US Census Bureau,2025-Q4,https://www.census.gov/construction/bps/
40205,Louisville,38.3187,-85.8167,113,-6.95,US Census Bureau,2025-Q4,https://www.census.gov/construction/bps/
40206,Louisville,38.1181,-85.7972,128,-6.79,US Census Bureau,2025-Q4,https://www.census.gov/construction/bps/
40207,Louisville,38.3589,-85.6096,110,-5.54,US Census Bureau,2025-Q4,https://www.census.gov/construction/bps/
40208,Louisville,38.238,-85.8908,96,-6.58,US Census Bureau,2025-Q4,https://www.census.gov/construction/bps/
40209,Louisville,38.3919,-85.6878,130,-6.93,US Census Bureau,2025-Q4,https://www.census.gov/construction/bps/
40210,Louisville,38.1672,-85.8342,133,-6.1,US Census Bureau,2025-Q4,https://www.census.gov/construction/bps/
40211,Louisville,38.2952,-85.6491,128,-7.64,US Census Bureau,2025-Q4,https://www.census.gov/construction/bps/
40212,Louisville,38.3548,-85.8855,96,-6.98,US Census Bureau,2025-Q4,https://www.census.gov/construction/bps/
40213,Louisville,38.376,-85.6054,126,-7.37,US Census Bureau,2025-Q4,https://www.census.gov/construction/bps/
40214,Louisville,38.2477,-85.7564,99,-6.11,US Census Bureau,2025-Q4,https://www.census.gov/construction/bps/
40215,Louisville,38.1695,-85.6305,113,-6.63,US Census Bureau,2025-Q4,https://www.census.gov/construction/bps/
40216,Louisville,38.1775,-85.8448,137,-6.8,US Census Bureau,2025-Q4,https://www.census.gov/construction/bps/
40217,Louisville,38.1058,-85.6206,125,-6.52,US Census Bureau,2025-Q4,https://www.census.gov/construction/bps/
40218,Louisville,38.2934,-85.7714,98,-5.74,US Census Bureau,2025-Q4,https://www.census.gov/construction/bps/
40219,Louisville,38.1829,-85.781,135,-6.35,US Census Bureau,2025-Q4,https://www.census.gov/construction/bps/
40220,Louisville,38.2687,-85.6054,100,-6.97,US Census Bureau,2025-Q4,https://www.census.gov/construction/bps/
40221,Louisville,38.3321,-85.7819,130,-5.92,US Census Bureau,2025-Q4,https://www.census.gov/construction/bps/
40222,Louisville,38.3324,-85.7193,135,-6.55,US Census Bureau,2025-Q4,https://www.census.gov/construction/bps/
40223,Louisville,38.3881,-85.8208,121,-6.1,US Census Bureau,2025-Q4,https://www.census.gov/construction/bps/
40224,Louisville,38.1365,-85.901,125,-5.98,US Census Bureau,2025-Q4,https://www.census.gov/construction/bps/
40225,Louisville,38.2037,-85.937,115,-6.02,US Census Bureau,2025-Q4,https://www.census.gov/construction/bps/
97201,Portland,45.5758,-122.7217,225,-6.72,US Census Bureau,2025-Q4,https://www.census.gov/construction/bps/
97202,Portland,45.3654,-122.7149,264,-5.97,US Census Bureau,2025-Q4,https://www.census.gov/construction/bps/
97203,Portland,45.4034,-122.6156,260,-6.03,US Census Bureau,2025-Q4,https://www.census.gov/construction/bps/
97204,Portland,45.473,-122.5729,261,-6.98,US Census Bureau,2025-Q4,https://www.census.gov/construction/bps/
97205,Portland,45.5416,-122.7433,220,-5.45,US Census Bureau,2025-Q4,https://www.census.gov/construction/bps/
97206,Portland,45.6335,-122.5799,275,-6.01,US Census Bureau,2025-Q4,https://www.census.gov/construction/bps/
97207,Portland,45.528,-122.6786,235,-7.3,US Census Bureau,2025-Q4,https://www.census.gov/construction/bps/
97208,Portland,45.5849,-122.4972,222,-7.01,US Census Bureau,2025-Q4,https://www.census.gov/construction/bps/
97209,Portland,45.5541,-122.8055,240,-6.4,US Census Bureau,2025-Q4,https://www.census.gov/construction/bps/
97210,Portland,45.4677,-122.6188,251,-7.09,US Census Bureau,2025-Q4,https://www.census.gov/construction/bps/
97211,Portland,45.5918,-122.6433,214,-5.76,US Census Bureau,2025-Q4,https://www.census.gov/construction/bps/
97212,Portland,45.616,-122.6937,241,-7.45,US Census Bureau,2025-Q4,https://www.census.gov/construction/bps/
97213,Portland,45.4458,-122.6381,237,-6.64,US Census Bureau,2025-Q4,https://www.census.gov/construction/bps/
97214,Portland,45.6394,-122.8185,252,-7.03,US Census Bureau,2025-Q4,https://www.census.gov/construction/bps/
97215,Portland,45.4166,-122.6499,197,-6.28,US Census Bureau,2025-Q4,https://www.census.gov/construction/bps/
97216,Portland,45.3858,-122.7448,231,-5.97,US Census Bureau,2025-Q4,https://www.census.gov/construction/bps/
97217,Portland,45.3892,-122.822,203,-7.02,US Census Bureau,2025-Q4,https://www.census.gov/construction/bps/
97218,Portland,45.3887,-122.7348,228,-6.56,US Census Bureau,2025-Q4,https://www.census.gov/construction/bps/
97219,Portland,45.5247,-122.5518,237,-5.47,US Census Bureau,2025-Q4,https://www.census.gov/construction/bps/
97220,Portland,45.4349,-122.6732,250,-6.56,US Census Bureau,2025-Q4,https://www.census.gov/construction/bps/
97221,Portland,45.6099,-122.6183,208,-6.76,US Census Bureau,2025-Q4,https://www.census.gov/construction/bps/
97222,Portland,45.5721,-122.6025,269,-6.21,US Census Bureau,2025-Q4,https://www.census.gov/construction/bps/
97223,Portland,45.6546,-122.8095,226,-5.78,US Census Bureau,2025-Q4,https://www.census.gov/construction/bps/
97224,Portland,45.4131,-122.658,219,-7.07,US Census Bureau,2025-Q4,https://www.census.gov/construction/bps/
97225,Portland,45.4825,-122.5811,233,-6.45,US Census Bureau,2025-Q4,https://www.census.gov/construction/bps/
97226,Portland,45.3769,-122.6534,219,-5.42,US Census Bureau,2025-Q4,https://www.census.gov/construction/bps/
97227,Portland,45.3755,-122.6924,258,-6.73,US Census Bureau,2025-Q4,https://www.census.gov/construction/bps/
97228,Portland,45.5661,-122.7239,235,-6.06,US Census Bureau,2025-Q4,https://www.census.gov/construction/bps/
97229,Portland,45.6222,-122.5005,260,-6.48,US Census Bureau,2025-Q4,https://www.census.gov/construction/bps/
97230,Portland,45.5447,-122.8046,277,-6.57,US Census Bureau,2025-Q4,https://www.census.gov/construction/bps/
21201,Baltimore,39.3796,-76.6571,183,-6.9,US Census Bureau,2025-Q4,https://www.census.gov/construction/bps/
21202,Baltimore,39.1582,-76.5462,182,-6.01,US Census Bureau,2025-Q4,https://www.census.gov/construction/bps/
21203,Baltimore,39.2915,-76.7551,169,-6.05,US Census Bureau,2025-Q4,https://www.census.gov/construction/bps/
21204,Baltimore,39.3704,-76.4717,214,-6.95,US Census Bureau,2025-Q4,https://www.census.gov/construction/bps/
21205,Baltimore,39.154,-76.5859,233,-6.21,US Census Bureau,2025-Q4,https://www.census.gov/construction/bps/
21206,Baltimore,39.2262,-76.7575,193,-6.13,US Census Bureau,2025-Q4,https://www.census.gov/construction/bps/
21207,Baltimore,39.3048,-76.7334,234,-5.9,US Census Bureau,2025-Q4,https://www.census.gov/construction/bps/
21208,Baltimore,39.2216,-76.4502,166,-5.91,US Census Bureau,2025-Q4,https://www.census.gov/construction/bps/
21209,Baltimore,39.3417,-76.6553,214,-5.38,US Census Bureau,2025-Q4,https://www.census.gov/construction/bps/
21210,Baltimore,39.1741,-76.523,212,-6.81,US Census Bureau,2025-Q4,https://www.census.gov/construction/bps/
21211,Baltimore,39.369,-76.6612,217,-6.8,US Census Bureau,2025-Q4,https://www.census.gov/construction/bps/
21212,Baltimore,39.2257,-76.5263,183,-6.18,US Census Bureau,2025-Q4,https://www.census.gov/construction/bps/
21213,Baltimore,39.2809,-76.5413,178,-5.94,US Census Bureau,2025-Q4,https://www.census.gov/construction/bps/
21214,Baltimore,39.253,-76.5165,197,-6.79,US Census Bureau,2025-Q4,https://www.census.gov/construction/bps/
21215,Baltimore,39.2202,-76.554,229,-7.08,US Census Bureau,2025-Q4,https://www.census.gov/construction/bps/
21216,Baltimore,39.3427,-76.7269,170,-6.78,US Census Bureau,2025-Q4,https://www.census.gov/construction/bps/
21217,Baltimore,39.2473,-76.623,222,-7.51,US Census Bureau,2025-Q4,https://www.census.gov/construction/bps/
21218,Baltimore,39.1862,-76.5519,230,-5.37,US Census Bureau,2025-Q4,https://www.census.gov/construction/bps/
21219,Baltimore,39.2884,-76.4817,183,-6.12,US Census Bureau,2025-Q4,https://www.census.gov/construction/bps/
21220,Baltimore,39.3772,-76.6115,168,-6.42,US Census Bureau,2025-Q4,https://www.census.gov/construction/bps/
21221,Baltimore,39.4223,-76.572,236,-5.53,US Census Bureau,2025-Q4,https://www.census.gov/construction/bps/
21222,Baltimore,39.4079,-76.7707,233,-6.02,US Census Bureau,2025-Q4,https://www.census.gov/construction/bps/
21223,Baltimore,39.3875,-76.5626,215,-7.55,US Census Bureau,2025-Q4,https://www.census.gov/construction/bps/
21224,Baltimore,39.2042,-76.5738,227,-5.51,US Census Bureau,2025-Q4,https://www.census.gov/construction/bps/
21225,Baltimore,39.2698,-76.4831,176,-7.41,US Census Bureau,2025-Q4,https://www.census.gov/construction/bps/
21226,Baltimore,39.1759,-76.5722,179,-5.43,US Census Bureau,2025-Q4,https://www.census.gov/construction/bps/
21227,Baltimore,39.2285,-76.645,233,-5.72,US Census Bureau,2025-Q4,https://www.census.gov/construction/bps/
21228,Baltimore,39.2639,-76.7443,230,-7.24,US Census Bureau,2025-Q4,https://www.census.gov/construction/bps/
21229,Baltimore,39.2434,-76.5752,193,-6.55,US Census Bureau,2025-Q4,https://www.census.gov/construction/bps/
21230,Baltimore,39.3834,-76.7883,192,-7.4,US Census Bureau,2025-Q4,https://www.census.gov/construction/bps/
53201,Milwaukee,43.1134,-87.9816,120,-6.66,US Census Bureau,2025-Q4,https://www.census.gov/construction/bps/
53202,Milwaukee,43.1113,-87.8676,117,-5.35,US Census Bureau,2025-Q4,https://www.census.gov/construction/bps/
53203,Milwaukee,42.9786,-87.964,96,-5.97,US Census Bureau,2025-Q4,https://www.census.gov/construction/bps/
53204,Milwaukee,43.1,-88.0117,100,-6.64,US Census Bureau,2025-Q4,https://www.census.gov/construction/bps/
53205,Milwaukee,42.9748,-88.0353,100,-6.51,US Census Bureau,2025-Q4,https://www.census.gov/construction/bps/
53206,Milwaukee,43.0959,-88.0676,106,-5.87,US Census Bureau,2025-Q4,https://www.census.gov/construction/bps/
53207,Milwaukee,43.0927,-87.9479,96,-6.1,US Census Bureau,2025-Q4,https://www.census.gov/construction/bps/
53208,Milwaukee,43.0382,-87.7345,106,-5.37,US Census Bureau,2025-Q4,https://www.census.gov/construction/bps/
53209,Milwaukee,43.0882,-87.8522,93,-6.71,US Census Bureau,2025-Q4,https://www.census.gov/construction/bps/
53210,Milwaukee,43.0598,-87.9298,103,-5.55,US Census Bureau,2025-Q4,https://www.census.gov/construction/bps/
53211,Milwaukee,43.0803,-87.7934,113,-7.56,US Census Bureau,2025-Q4,https://www.census.gov/construction/bps/
53212,Milwaukee,42.901,-88.0004,106,-6.15,US Census Bureau,2025-Q4,https://www.census.gov/construction/bps/
53213,Milwaukee,42.9736,-87.8744,106,-7.09,US Census Bureau,2025-Q4,https://www.census.gov/construction/bps/
53214,Milwaukee,42.9068,-87.7769,105,-5.62,US Census Bureau,2025-Q4,https://www.census.gov/construction/bps/
53215,Milwaukee,43.109,-87.8633,86,-5.6,US Census Bureau,2025-Q4,https://www.census.gov/construction/bps/
53216,Milwaukee,42.9586,-87.7873,117,-5.42,US Census Bureau,2025-Q4,https://www.census.gov/construction/bps/
53217,Milwaukee,43.0688,-87.8276,105,-6.28,US Census Bureau,2025-Q4,https://www.census.gov/construction/bps/
53218,Milwaukee,43.1754,-87.8512,86,-6.01,US Census Bureau,2025-Q4,https://www.census.gov/construction/bps/
53219,Milwaukee,43.0593,-87.9237,95,-7.48,US Census Bureau,2025-Q4,https://www.census.gov/construction/bps/
53220,Milwaukee,43.0174,-87.9144,107,-6.62,US Census Bureau,2025-Q4,https://www.census.gov/construction/bps/
53221,Milwaukee,43.1138,-87.9222,94,-7.44,US Census Bureau,2025-Q4,https://www.census.gov/construction/bps/
53222,Milwaukee,43.0871,-87.7596,110,-6.39,US Census Bureau,2025-Q4,https://www.census.gov/construction/bps/
53223,Milwaukee,42.9971,-87.9375,110,-6.99,US Census Bureau,2025-Q4,https://www.census.gov/construction/bps/
53224,Milwaukee,43.0084,-87.9231,85,-7.3,US Census Bureau,2025-Q4,https://www.census.gov/construction/bps/
53225,Milwaukee,43.1033,-87.7329,99,-6.65,US Census Bureau,2025-Q4,https://www.census.gov/construction/bps/
87101,Albuquerque,35.0513,-106.5882,103,-6.25,US Census Bureau,2025-Q4,https://www.census.gov/construction/bps/
87102,Albuquerque,35.178,-106.6923,106,-6.14,US Census Bureau,2025-Q4,https://www.census.gov/construction/bps/
87103,Albuquerque,35.0156,-106.5415,91,-6.88,US Census Bureau,2025-Q4,https://www.census.gov/construction/bps/
87104,Albuquerque,35.0453,-106.5942,75,-7.51,US Census Bureau,2025-Q4,https://www.census.gov/construction/bps/
87105,Albuquerque,35.2162,-106.5438,106,-6.63,US Census Bureau,2025-Q4,https://www.census.gov/construction/bps/
87106,Albuquerque,35.074,-106.6172,101,-7.09,US Census Bureau,2025-Q4,https://www.census.gov/construction/bps/
87107,Albuquerque,35.0949,-106.5486,82,-6.3,US Census Bureau,2025-Q4,https://www.census.gov/construction/bps/
87108,Albuquerque,35.1928,-106.7783,101,-6.67,US Census Bureau,2025-Q4,https://www.census.gov/construction/bps/
87109,Albuquerque,35.1016,-106.8155,90,-5.86,US Census Bureau,2025-Q4,https://www.census.gov/construction/bps/
87110,Albuquerque,34.9659,-106.695,107,-5.46,US Census Bureau,2025-Q4,https://www.census.gov/construction/bps/
87111,Albuquerque,35.1004,-106.5183,91,-6.25,US Census Bureau,2025-Q4,https://www.census.gov/construction/bps/
87112,Albuquerque,35.0832,-106.8261,96,-6.21,US Census Bureau,2025-Q4,https://www.census.gov/construction/bps/
87113,Albuquerque,35.1041,-106.6336,82,-7.09,US Census Bureau,2025-Q4,https://www.census.gov/construction/bps/
87114,Albuquerque,35.2069,-106.6469,78,-6.49,US Census Bureau,2025-Q4,https://www.census.gov/construction/bps/
87115,Albuquerque,35.1921,-106.8198,85,-5.5,US Census Bureau,2025-Q4,https://www.census.gov/construction/bps/
87116,Albuquerque,34.9509,-106.5024,97,-7.01,US Census Bureau,2025-Q4,https://www.census.gov/construction/bps/
87117,Albuquerque,35.1703,-106.6454,100,-6.38,US Census Bureau,2025-Q4,https://www.census.gov/construction/bps/
87118,Albuquerque,35.1675,-106.6662,76,-7.6,US Census Bureau,2025-Q4,https://www.census.gov/construction/bps/
87119,Albuquerque,34.9818,-106.4873,106,-6.32,US Census Bureau,2025-Q4,https://www.census.gov/construction/bps/
87120,Albuquerque,34.9893,-106.7459,89,-6.79,US Census Bureau,2025-Q4,https://www.census.gov/construction/bps/
85701,Tucson,32.1363,-111.1227,94,-6.51,US Census Bureau,2025-Q4,https://www.census.gov/construction/bps/
85702,Tucson,32.1053,-110.8087,114,-7.44,US Census Bureau,2025-Q4,https://www.census.gov/construction/bps/
85703,Tucson,32.0904,-110.9615,87,-7.27,US Census Bureau,2025-Q4,https://www.census.gov/construction/bps/
85704,Tucson,32.211,-111.1082,99,-6.15,US Census Bureau,2025-Q4,https://www.census.gov/construction/bps/
85705,Tucson,32.1088,-111.0119,84,-5.92,US Census Bureau,2025-Q4,https://www.census.gov/construction/bps/
85706,Tucson,32.1215,-110.9034,98,-5.33,US Census Bureau,2025-Q4,https://www.census.gov/construction/bps/
85707,Tucson,32.2916,-111.0123,105,-5.5,US Census Bureau,2025-Q4,https://www.census.gov/construction/bps/
85708,Tucson,32.2497,-110.8065,87,-5.39,US Census Bureau,2025-Q4,https://www.census.gov/construction/bps/
85709,Tucson,32.2826,-110.9478,91,-6.33,US Census Bureau,2025-Q4,https://www.census.gov/construction/bps/
85710,Tucson,32.2231,-111.0911,91,-7.05,US Census Bureau,2025-Q4,https://www.census.gov/construction/bps/
85711,Tucson,32.2585,-111.1532,111,-6.26,US Census Bureau,2025-Q4,https://www.census.gov/construction/bps/
85712,Tucson,32.1616,-111.1077,108,-7.38,US Census Bureau,2025-Q4,https://www.census.gov/construction/bps/
85713,Tucson,32.1849,-110.9392,107,-7.64,US Census Bureau,2025-Q4,https://www.census.gov/construction/bps/
85714,Tucson,32.0923,-111.1434,119,-6.26,US Census Bureau,2025-Q4,https://www.census.gov/construction/bps/
85715,Tucson,32.3179,-110.9779,89,-5.87,US Census Bureau,2025-Q4,https://www.census.gov/construction/bps/
85716,Tucson,32.2808,-110.991,106,-5.91,US Census Bureau,2025-Q4,https://www.census.gov/construction/bps/
85717,Tucson,32.2857,-110.9968,101,-5.54,US Census Bureau,2025-Q4,https://www.census.gov/construction/bps/
85718,Tucson,32.3553,-110.8792,86,-5.83,US Census Bureau,2025-Q4,https://www.census.gov/construction/bps/
85719,Tucson,32.2921,-111.0884,92,-7.19,US Census Bureau,2025-Q4,https://www.census.gov/construction/bps/
85720,Tucson,32.1838,-110.8789,104,-6.46,US Census Bureau,2025-Q4,https://www.census.gov/construction/bps/
95801,Sacramento,38.7251,-121.5944,175,-7.35,US Census Bureau,2025-Q4,https://www.census.gov/construction/bps/
95802,Sacramento,38.4783,-121.6476,212,-7.63,US Census Bureau,2025-Q4,https://www.census.gov/construction/bps/
95803,Sacramento,38.6889,-121.3186,155,-7.12,US Census Bureau,2025-Q4,https://www.census.gov/construction/bps/
95804,Sacramento,38.5041,-121.489,164,-7.18,US Census Bureau,2025-Q4,https://www.census.gov/construction/bps/
95805,Sacramento,38.7081,-121.4369,195,-7.42,US Census Bureau,2025-Q4,https://www.census.gov/construction/bps/
95806,Sacramento,38.6904,-121.4421,188,-7.31,US Census Bureau,2025-Q4,https://www.census.gov/construction/bps/
95807,Sacramento,38.447,-121.4647,180,-7.62,US Census Bureau,2025-Q4,https://www.census.gov/construction/bps/
95808,Sacramento,38.6032,-121.6437,207,-6.88,US Census Bureau,2025-Q4,https://www.census.gov/construction/bps/
95809,Sacramento,38.4769,-121.4569,220,-6.5,US Census Bureau,2025-Q4,https://www.census.gov/construction/bps/
95810,Sacramento,38.6255,-121.4699,194,-7.16,US Census Bureau,2025-Q4,https://www.census.gov/construction/bps/
95811,Sacramento,38.6928,-121.4255,170,-7.48,US Census Bureau,2025-Q4,https://www.census.gov/construction/bps/
95812,Sacramento,38.4455,-121.4415,165,-6.51,US Census Bureau,2025-Q4,https://www.census.gov/construction/bps/
95813,Sacramento,38.5012,-121.6023,165,-5.35,US Census Bureau,2025-Q4,https://www.census.gov/construction/bps/
95814,Sacramento,38.576,-121.4759,189,-6.61,US Census Bureau,2025-Q4,https://www.census.gov/construction/bps/
95815,Sacramento,38.7236,-121.6069,192,-7.24,US Census Bureau,2025-Q4,https://www.census.gov/construction/bps/
95816,Sacramento,38.5001,-121.3769,199,-5.98,US Census Bureau,2025-Q4,https://www.census.gov/construction/bps/
95817,Sacramento,38.473,-121.4989,200,-5.93,US Census Bureau,2025-Q4,https://www.census.gov/construction/bps/
95818,Sacramento,38.6175,-121.4987,204,-6.0,US Census Bureau,2025-Q4,https://www.census.gov/construction/bps/
95819,Sacramento,38.434,-121.4017,156,-5.73,US Census Bureau,2025-Q4,https://www.census.gov/construction/bps/
95820,Sacramento,38.602,-121.5599,223,-6.98,US Census Bureau,2025-Q4,https://www.census.gov/construction/bps/
95821,Sacramento,38.6919,-121.4002,178,-6.57,US Census Bureau,2025-Q4,https://www.census.gov/construction/bps/
95822,Sacramento,38.4626,-121.3907,163,-6.96,US Census Bureau,2025-Q4,https://www.census.gov/construction/bps/
95823,Sacramento,38.5487,-121.4317,166,-6.08,US Census Bureau,2025-Q4,https://www.census.gov/construction/bps/
95824,Sacramento,38.6269,-121.4565,157,-7.35,US Census Bureau,2025-Q4,https://www.census.gov/construction/bps/
95825,Sacramento,38.7213,-121.4743,199,-5.86,US Census Bureau,2025-Q4,https://www.census.gov/construction/bps/
95826,Sacramento,38.5565,-121.4319,166,-5.57,US Census Bureau,2025-Q4,https://www.census.gov/construction/bps/
95827,Sacramento,38.4517,-121.6387,171,-7.56,US Census Bureau,2025-Q4,https://www.census.gov/construction/bps/
95828,Sacramento,38.4366,-121.5179,220,-6.39,US Census Bureau,2025-Q4,https://www.census.gov/construction/bps/
95829,Sacramento,38.6534,-121.3376,169,-6.66,US Census Bureau,2025-Q4,https://www.census.gov/construction/bps/
95830,Sacramento,38.5922,-121.3149,187,-7.57,US Census Bureau,2025-Q4,https://www.census.gov/construction/bps/
64101,Kansas City,38.969,-94.4333,145,-6.9,US Census Bureau,2025-Q4,https://www.census.gov/construction/bps/
64102,Kansas City,39.0462,-94.4435,167,-7.22,US Census Bureau,2025-Q4,https://www.census.gov/construction/bps/
64103,Kansas City,39.0029,-94.7421,170,-5.53,US Census Bureau,2025-Q4,https://www.census.gov/construction/bps/
64104,Kansas City,39.0096,-94.4265,144,-5.62,US Census Bureau,2025-Q4,https://www.census.gov/construction/bps/
64105,Kansas City,39.1862,-94.4403,191,-7.52,US Census Bureau,2025-Q4,https://www.census.gov/construction/bps/
64106,Kansas City,39.2317,-94.7505,177,-7.15,US Census Bureau,2025-Q4,https://www.census.gov/construction/bps/
64107,Kansas City,39.0568,-94.6538,166,-7.25,US Census Bureau,2025-Q4,https://www.census.gov/construction/bps/
64108,Kansas City,38.9743,-94.7185,148,-7.21,US Census Bureau,2025-Q4,https://www.census.gov/construction/bps/
64109,Kansas City,39.1963,-94.4661,166,-6.47,US Census Bureau,2025-Q4,https://www.census.gov/construction/bps/
64110,Kansas City,39.1656,-94.5876,170,-6.05,US Census Bureau,2025-Q4,https://www.census.gov/construction/bps/
64111,Kansas City,39.0758,-94.6524,190,-6.89,US Census Bureau,2025-Q4,https://www.census.gov/construction/bps/
64112,Kansas City,39.2113,-94.4348,163,-6.06,US Census Bureau,2025-Q4,https://www.census.gov/construction/bps/
64113,Kansas City,39.2336,-94.6566,151,-7.04,US Census Bureau,2025-Q4,https://www.census.gov/construction/bps/
64114,Kansas City,39.0123,-94.4802,192,-7.24,US Census Bureau,2025-Q4,https://www.census.gov/construction/bps/
64115,Kansas City,39.1903,-94.5881,174,-7.48,US Census Bureau,2025-Q4,https://www.census.gov/construction/bps/
64116,Kansas City,39.1881,-94.5895,153,-5.56,US Census Bureau,2025-Q4,https://www.census.gov/construction/bps/
64117,Kansas City,39.123,-94.6753,190,-7.43,US Census Bureau,2025-Q4,https://www.census.gov/construction/bps/
64118,Kansas City,39.2085,-94.6533,155,-5.44,US Census Bureau,2025-Q4,https://www.census.gov/construction/bps/
64119,Kansas City,39.2263,-94.6758,164,-5.7,US Census Bureau,2025-Q4,https://www.census.gov/construction/bps/
64120,Kansas City,38.9944,-94.5759,150,-5.8,US Census Bureau,2025-Q4,https://www.census.gov/construction/bps/
64121,Kansas City,39.2193,-94.5736,194,-6.31,US Census Bureau,2025-Q4,https://www.census.gov/construction/bps/
64122,Kansas City,39.0791,-94.4067,195,-7.32,US Census Bureau,2025-Q4,https://www.census.gov/construction/bps/
64123,Kansas City,39.0617,-94.6968,187,-6.9,US Census Bureau,2025-Q4,https://www.census.gov/construction/bps/
64124,Kansas City,39.229,-94.5116,147,-6.42,US Census Bureau,2025-Q4,https://www.census.gov/construction/bps/
64125,Kansas City,39.1423,-94.4428,166,-6.16,US Census Bureau,2025-Q4,https://www.census.gov/construction/bps/
64126,Kansas City,39.1737,-94.4544,189,-5.96,US Census Bureau,2025-Q4,https://www.census.gov/construction/bps/
64127,Kansas City,38.9591,-94.6261,153,-5.91,US Census Bureau,2025-Q4,https://www.census.gov/construction/bps/
64128,Kansas City,39.1564,-94.6735,154,-5.78,US Census Bureau,2025-Q4,https://www.census.gov/construction/bps/
64129,Kansas City,38.9953,-94.6705,206,-6.38,US Census Bureau,2025-Q4,https://www.census.gov/construction/bps/
64130,Kansas City,39.2402,-94.4648,203,-7.09,US Census Bureau,2025-Q4,https://www.census.gov/construction/bps/
30301,Atlanta,33.6469,-84.4303,687,-6.31,US Census Bureau,2025-Q4,https://www.census.gov/construction/bps/
30302,Atlanta,33.7843,-84.5077,593,-6.91,US Census Bureau,2025-Q4,https://www.census.gov/construction/bps/
30303,Atlanta,33.8691,-84.2169,621,-7.12,US Census Bureau,2025-Q4,https://www.census.gov/construction/bps/
30304,Atlanta,33.6691,-84.3432,720,-7.63,US Census Bureau,2025-Q4,https://www.census.gov/construction/bps/
30305,Atlanta,33.6405,-84.5007,782,-5.61,US Census Bureau,2025-Q4,https://www.census.gov/construction/bps/
30306,Atlanta,33.6416,-84.261,668,-6.73,US Census Bureau,2025-Q4,https://www.census.gov/construction/bps/
30307,Atlanta,33.6855,-84.3346,611,-5.67,US Census Bureau,2025-Q4,https://www.census.gov/construction/bps/
30308,Atlanta,33.6175,-84.5153,629,-7.34,US Census Bureau,2025-Q4,https://www.census.gov/construction/bps/
30309,Atlanta,33.8503,-84.3847,571,-6.74,US Census Bureau,2025-Q4,https://www.census.gov/construction/bps/
30310,Atlanta,33.6767,-84.3137,666,-6.77,US Census Bureau,2025-Q4,https://www.census.gov/construction/bps/
30311,Atlanta,33.8121,-84.4768,743,-7.07,US Census Bureau,2025-Q4,https://www.census.gov/construction/bps/
30312,Atlanta,33.7825,-84.4446,690,-6.79,US Census Bureau,2025-Q4,https://www.census.gov/construction/bps/
30313,Atlanta,33.7139,-84.3013,764,-6.08,US Census Bureau,2025-Q4,https://www.census.gov/construction/bps/
30314,Atlanta,33.829,-84.2776,642,-7.36,US Census Bureau,2025-Q4,https://www.census.gov/construction/bps/
30315,Atlanta,33.6185,-84.2108,588,-7.02,US Census Bureau,2025-Q4,https://www.census.gov/construction/bps/
30316,Atlanta,33.679,-84.4161,633,-7.62,US Census Bureau,2025-Q4,https://www.census.gov/construction/bps/
30317,Atlanta,33.7681,-84.2439,719,-6.85,US Census Bureau,2025-Q4,https://www.census.gov/construction/bps/
30318,Atlanta,33.7312,-84.4282,556,-6.46,US Census Bureau,2025-Q4,https://www.census.gov/construction/bps/
30319,Atlanta,33.6901,-84.3939,679,-5.98,US Census Bureau,2025-Q4,https://www.census.gov/construction/bps/
30320,Atlanta,33.8346,-84.2937,737,-6.29,US Census Bureau,2025-Q4,https://www.census.gov/construction/bps/
30321,Atlanta,33.7097,-84.5555,753,-6.39,US Census Bureau,2025-Q4,https://www.census.gov/construction/bps/
30322,Atlanta,33.8129,-84.3516,683,-7.49,US Census Bureau,2025-Q4,https://www.census.gov/construction/bps/
30323,Atlanta,33.85,-84.5186,771,-6.97,US Census Bureau,2025-Q4,https://www.census.gov/construction/bps/
30324,Atlanta,33.8471,-84.2499,711,-5.7,US Census Bureau,2025-Q4,https://www.census.gov/construction/bps/
30325,Atlanta,33.7929,-84.5162,611,-6.61,US Census Bureau,2025-Q4,https://www.census.gov/construction/bps/
30326,Atlanta,33.7343,-84.4713,639,-6.32,US Census Bureau,2025-Q4,https://www.census.gov/construction/bps/
30327,Atlanta,33.8831,-84.3554,741,-6.3,US Census Bureau,2025-Q4,https://www.census.gov/construction/bps/
30328,Atlanta,33.6154,-84.4774,717,-5.4,US Census Bureau,2025-Q4,https://www.census.gov/construction/bps/
30329,Atlanta,33.8191,-84.3446,639,-6.98,US Census Bureau,2025-Q4,https://www.census.gov/construction/bps/
30330,Atlanta,33.812,-84.3085,757,-6.08,US Census Bureau,2025-Q4,https://www.census.gov/construction/bps/
30331,Atlanta,33.6354,-84.2173,728,-5.81,US Census Bureau,2025-Q4,https://www.census.gov/construction/bps/
30332,Atlanta,33.7829,-84.5458,609,-6.17,US Census Bureau,2025-Q4,https://www.census.gov/construction/bps/
30333,Atlanta,33.8461,-84.2304,743,-5.53,US Census Bureau,2025-Q4,https://www.census.gov/construction/bps/
30334,Atlanta,33.7964,-84.4668,724,-6.63,US Census Bureau,2025-Q4,https://www.census.gov/construction/bps/
30335,Atlanta,33.857,-84.2456,662,-6.22,US Census Bureau,2025-Q4,https://www.census.gov/construction/bps/
30336,Atlanta,33.7576,-84.2388,786,-5.94,US Census Bureau,2025-Q4,https://www.census.gov/construction/bps/
30337,Atlanta,33.7821,-84.5509,698,-6.2,US Census Bureau,2025-Q4,https://www.census.gov/construction/bps/
30338,Atlanta,33.7561,-84.4666,635,-5.8,US Census Bureau,2025-Q4,https://www.census.gov/construction/bps/
30339,Atlanta,33.8044,-84.301,640,-7.04,US Census Bureau,2025-Q4,https://www.census.gov/construction/bps/
30340,Atlanta,33.6427,-84.5585,671,-7.25,US Census Bureau,2025-Q4,https://www.census.gov/construction/bps/
30341,Atlanta,33.7157,-84.3463,658,-5.68,US Census Bureau,2025-Q4,https://www.census.gov/construction/bps/
30342,Atlanta,33.8401,-84.2498,727,-5.78,US Census Bureau,2025-Q4,https://www.census.gov/construction/bps/
30343,Atlanta,33.8916,-84.4861,576,-6.83,US Census Bureau,2025-Q4,https://www.census.gov/construction/bps/
30344,Atlanta,33.6707,-84.5146,771,-6.81,US Census Bureau,2025-Q4,https://www.census.gov/construction/bps/
30345,Atlanta,33.6784,-84.2327,728,-7.11,US Census Bureau,2025-Q4,https://www.census.gov/construction/bps/
30346,Atlanta,33.8724,-84.4921,669,-7.28,US Census Bureau,2025-Q4,https://www.census.gov/construction/bps/
30347,Atlanta,33.7646,-84.4745,549,-6.38,US Census Bureau,2025-Q4,https://www.census.gov/construction/bps/
30348,Atlanta,33.7457,-84.2163,759,-6.5,US Census Bureau,2025-Q4,https://www.census.gov/construction/bps/
30349,Atlanta,33.6097,-84.5652,701,-7.02,US Census Bureau,2025-Q4,https://www.census.gov/construction/bps/
30350,Atlanta,33.7522,-84.4205,749,-7.11,US Census Bureau,2025-Q4,https://www.census.gov/construction/bps/
68101,Omaha,41.2361,-96.0665,125,-6.29,US Census Bureau,2025-Q4,https://www.census.gov/construction/bps/
68102,Omaha,41.1386,-95.8628,110,-6.68,US Census Bureau,2025-Q4,https://www.census.gov/construction/bps/
68103,Omaha,41.3973,-96.0745,131,-5.53,US Census Bureau,2025-Q4,https://www.census.gov/construction/bps/
68104,Omaha,41.3093,-95.9123,132,-7.01,US Census Bureau,2025-Q4,https://www.census.gov/construction/bps/
68105,Omaha,41.2773,-95.8126,149,-6.99,US Census Bureau,2025-Q4,https://www.census.gov/construction/bps/
68106,Omaha,41.3644,-95.8281,129,-5.75,US Census Bureau,2025-Q4,https://www.census.gov/construction/bps/
68107,Omaha,41.3361,-96.0439,114,-5.7,US Census Bureau,2025-Q4,https://www.census.gov/construction/bps/
68108,Omaha,41.2045,-95.8951,144,-7.46,US Census Bureau,2025-Q4,https://www.census.gov/construction/bps/
68109,Omaha,41.1369,-95.8479,147,-5.69,US Census Bureau,2025-Q4,https://www.census.gov/construction/bps/
68110,Omaha,41.2698,-95.8211,149,-7.02,US Census Bureau,2025-Q4,https://www.census.gov/construction/bps/
68111,Omaha,41.2656,-95.993,122,-5.44,US Census Bureau,2025-Q4,https://www.census.gov/construction/bps/
68112,Omaha,41.2546,-95.9994,134,-5.67,US Census Bureau,2025-Q4,https://www.census.gov/construction/bps/
68113,Omaha,41.2894,-95.9594,119,-6.83,US Census Bureau,2025-Q4,https://www.census.gov/construction/bps/
68114,Omaha,41.2942,-96.0055,139,-5.79,US Census Bureau,2025-Q4,https://www.census.gov/construction/bps/
68115,Omaha,41.2873,-95.9191,117,-6.56,US Census Bureau,2025-Q4,https://www.census.gov/construction/bps/
68116,Omaha,41.3885,-95.8924,123,-7.2,US Census Bureau,2025-Q4,https://www.census.gov/construction/bps/
68117,Omaha,41.2679,-96.0172,143,-6.52,US Census Bureau,2025-Q4,https://www.census.gov/construction/bps/
68118,Omaha,41.3808,-95.8245,138,-6.25,US Census Bureau,2025-Q4,https://www.census.gov/construction/bps/
68119,Omaha,41.1069,-95.8789,116,-7.46,US Census Bureau,2025-Q4,https://www.census.gov/construction/bps/
68120,Omaha,41.3087,-95.9284,118,-5.69,US Census Bureau,2025-Q4,https://www.census.gov/construction/bps/
27601,Raleigh-Durham,35.8508,-78.6334,404,-7.38,US Census Bureau,2025-Q4,https://www.census.gov/construction/bps/
27602,Raleigh-Durham,35.7796,-78.7659,412,-7.3,US Census Bureau,2025-Q4,https://www.census.gov/construction/bps/
27603,Raleigh-Durham,35.802,-78.8069,454,-5.34,US Census Bureau,2025-Q4,https://www.census.gov/construction/bps/
27604,Raleigh-Durham,35.6392,-78.7836,456,-6.03,US Census Bureau,2025-Q4,https://www.census.gov/construction/bps/
27605,Raleigh-Durham,35.7972,-78.7508,442,-6.79,US Census Bureau,2025-Q4,https://www.census.gov/construction/bps/
27606,Raleigh-Durham,35.6972,-78.7052,368,-6.24,US Census Bureau,2025-Q4,https://www.census.gov/construction/bps/
27607,Raleigh-Durham,35.7707,-78.6226,421,-6.47,US Census Bureau,2025-Q4,https://www.census.gov/construction/bps/
27608,Raleigh-Durham,35.853,-78.5836,414,-6.21,US Census Bureau,2025-Q4,https://www.census.gov/construction/bps/
27609,Raleigh-Durham,35.8998,-78.7203,460,-7.58,US Census Bureau,2025-Q4,https://www.census.gov/construction/bps/
27610,Raleigh-Durham,35.8639,-78.5264,432,-5.76,US Census Bureau,2025-Q4,https://www.census.gov/construction/bps/
27611,Raleigh-Durham,35.837,-78.6657,492,-7.18,US Census Bureau,2025-Q4,https://www.census.gov/construction/bps/
27612,Raleigh-Durham,35.8887,-78.7934,384,-5.95,US Census Bureau,2025-Q4,https://www.census.gov/construction/bps/
27613,Raleigh-Durham,35.7799,-78.6616,404,-6.09,US Census Bureau,2025-Q4,https://www.census.gov/construction/bps/
27614,Raleigh-Durham,35.6692,-78.7297,436,-7.49,US Census Bureau,2025-Q4,https://www.census.gov/construction/bps/
27615,Raleigh-Durham,35.8889,-78.7542,391,-6.96,US Census Bureau,2025-Q4,https://www.census.gov/construction/bps/
27616,Raleigh-Durham,35.8911,-78.467,413,-5.56,US Census Bureau,2025-Q4,https://www.census.gov/construction/bps/
27617,Raleigh-Durham,35.717,-78.4878,360,-6.44,US Census Bureau,2025-Q4,https://www.census.gov/construction/bps/
27618,Raleigh-Durham,35.7076,-78.5006,423,-6.48,US Census Bureau,2025-Q4,https://www.census.gov/construction/bps/
27619,Raleigh-Durham,35.8838,-78.6927,451,-6.78,US Census Bureau,2025-Q4,https://www.census.gov/construction/bps/
27620,Raleigh-Durham,35.9064,-78.5947,407,-5.39,US Census Bureau,2025-Q4,https://www.census.gov/construction/bps/
27621,Raleigh-Durham,35.6376,-78.4659,465,-6.39,US Census Bureau,2025-Q4,https://www.census.gov/construction/bps/
27622,Raleigh-Durham,35.6989,-78.7593,465,-6.37,US Census Bureau,2025-Q4,https://www.census.gov/construction/bps/
27623,Raleigh-Durham,35.9188,-78.7907,398,-7.59,US Census Bureau,2025-Q4,https://www.census.gov/construction/bps/
27624,Raleigh-Durham,35.6915,-78.6916,411,-6.8,US Census Bureau,2025-Q4,https://www.census.gov/construction/bps/
27625,Raleigh-Durham,35.84,-78.7867,441,-7.32,US Census Bureau,2025-Q4,https://www.census.gov/construction/bps/
27626,Raleigh-Durham,35.9111,-78.6602,495,-6.32,US Census Bureau,2025-Q4,https://www.census.gov/construction/bps/
27627,Raleigh-Durham,35.7371,-78.5578,438,-5.85,US Census Bureau,2025-Q4,https://www.census.gov/construction/bps/
27628,Raleigh-Durham,35.9139,-78.4949,384,-6.96,US Census Bureau,2025-Q4,https://www.census.gov/construction/bps/
27629,Raleigh-Durham,35.7701,-78.6401,483,-6.26,US Census Bureau,2025-Q4,https://www.census.gov/construction/bps/
27630,Raleigh-Durham,35.6633,-78.5875,444,-7.55,US Census Bureau,2025-Q4,https://www.census.gov/construction/bps/
27631,Raleigh-Durham,35.9181,-78.5901,428,-5.58,US Census Bureau,2025-Q4,https://www.census.gov/construction/bps/
27632,Raleigh-Durham,35.7884,-78.5421,462,-5.69,US Census Bureau,2025-Q4,https://www.census.gov/construction/bps/
27633,Raleigh-Durham,35.9076,-78.4736,431,-5.81,US Census Bureau,2025-Q4,https://www.census.gov/construction/bps/
27634,Raleigh-Durham,35.8847,-78.7091,437,-6.59,US Census Bureau,2025-Q4,https://www.census.gov/construction/bps/
27635,Raleigh-Durham,35.7174,-78.4605,376,-7.17,US Census Bureau,2025-Q4,https://www.census.gov/construction/bps/
55401,Minneapolis,45.0901,-93.4362,258,-7.31,US Census Bureau,2025-Q4,https://www.census.gov/construction/bps/
55402,Minneapolis,44.9461,-93.3549,245,-5.81,US Census Bureau,2025-Q4,https://www.census.gov/construction/bps/
55403,Minneapolis,44.9389,-93.2056,238,-7.22,US Census Bureau,2025-Q4,https://www.census.gov/construction/bps/
55404,Minneapolis,44.9838,-93.1439,247,-7.39,US Census Bureau,2025-Q4,https://www.census.gov/construction/bps/
55405,Minneapolis,45.0293,-93.1425,265,-6.89,US Census Bureau,2025-Q4,https://www.census.gov/construction/bps/
55406,Minneapolis,44.8357,-93.1993,250,-6.71,US Census Bureau,2025-Q4,https://www.census.gov/construction/bps/
55407,Minneapolis,45.0536,-93.2202,225,-5.53,US Census Bureau,2025-Q4,https://www.census.gov/construction/bps/
55408,Minneapolis,44.8572,-93.3421,262,-5.55,US Census Bureau,2025-Q4,https://www.census.gov/construction/bps/
55409,Minneapolis,44.8772,-93.3331,251,-6.86,US Census Bureau,2025-Q4,https://www.census.gov/construction/bps/
55410,Minneapolis,45.1116,-93.382,223,-6.75,US Census Bureau,2025-Q4,https://www.census.gov/construction/bps/
55411,Minneapolis,44.9096,-93.239,265,-6.94,US Census Bureau,2025-Q4,https://www.census.gov/construction/bps/
55412,Minneapolis,44.8889,-93.323,211,-7.08,US Census Bureau,2025-Q4,https://www.census.gov/construction/bps/
55413,Minneapolis,44.8421,-93.3285,248,-7.45,US Census Bureau,2025-Q4,https://www.census.gov/construction/bps/
55414,Minneapolis,44.8698,-93.3194,231,-6.3,US Census Bureau,2025-Q4,https://www.census.gov/construction/bps/
55415,Minneapolis,44.9872,-93.3829,197,-7.34,US Census Bureau,2025-Q4,https://www.census.gov/construction/bps/
55416,Minneapolis,44.8801,-93.0865,195,-7.06,US Census Bureau,2025-Q4,https://www.census.gov/construction/bps/
55417,Minneapolis,44.9709,-93.2924,228,-7.5,US Census Bureau,2025-Q4,https://www.census.gov/construction/bps/
55418,Minneapolis,45.1121,-93.1039,205,-5.39,US Census Bureau,2025-Q4,https://www.census.gov/construction/bps/
55419,Minneapolis,44.87,-93.3642,272,-7.66,US Census Bureau,2025-Q4,https://www.census.gov/construction/bps/
55420,Minneapolis,44.9393,-93.1102,253,-6.06,US Census Bureau,2025-Q4,https://www.census.gov/construction/bps/
55421,Minneapolis,45.0844,-93.1116,271,-7.03,US Census Bureau,2025-Q4,https://www.census.gov/construction/bps/
55422,Minneapolis,44.912,-93.3073,226,-6.76,US Census Bureau,2025-Q4,https://www.census.gov/construction/bps/
55423,Minneapolis,44.9847,-93.1845,254,-7.2,US Census Bureau,2025-Q4,https://www.census.gov/construction/bps/
55424,Minneapolis,44.96,-93.2417,203,-5.85,US Census Bureau,2025-Q4,https://www.census.gov/construction/bps/
55425,Minneapolis,44.8654,-93.1232,212,-7.43,US Census Bureau,2025-Q4,https://www.census.gov/construction/bps/
55426,Minneapolis,45.0066,-93.4325,237,-7.1,US Census Bureau,2025-Q4,https://www.census.gov/construction/bps/
55427,Minneapolis,44.9101,-93.3012,259,-5.44,US Census Bureau,2025-Q4,https://www.census.gov/construction/bps/
55428,Minneapolis,45.0968,-93.4219,195,-6.74,US Census Bureau,2025-Q4,https://www.census.gov/construction/bps/
55429,Minneapolis,45.12,-93.2742,233,-5.61,US Census Bureau,2025-Q4,https://www.census.gov/construction/bps/
55430,Minneapolis,45.038,-93.1797,240,-6.73,US Census Bureau,2025-Q4,https://www.census.gov/construction/bps/
33601,Tampa Bay,27.9986,-82.5116,533,-5.65,US Census Bureau,2025-Q4,https://www.census.gov/construction/bps/
33602,Tampa Bay,27.9669,-82.4874,437,-5.77,US Census Bureau,2025-Q4,https://www.census.gov/construction/bps/
33603,Tampa Bay,27.9849,-82.3721,447,-6.91,US Census Bureau,2025-Q4,https://www.census.gov/construction/bps/
33604,Tampa Bay,27.8212,-82.284,396,-6.26,US Census Bureau,2025-Q4,https://www.census.gov/construction/bps/
33605,Tampa Bay,27.8902,-82.5817,476,-5.82,US Census Bureau,2025-Q4,https://www.census.gov/construction/bps/
33606,Tampa Bay,27.9975,-82.5008,493,-6.67,US Census Bureau,2025-Q4,https://www.census.gov/construction/bps/
33607,Tampa Bay,27.8167,-82.4116,506,-7.05,US Census Bureau,2025-Q4,https://www.census.gov/construction/bps/
33608,Tampa Bay,28.0567,-82.4245,494,-5.74,US Census Bureau,2025-Q4,https://www.census.gov/construction/bps/
33609,Tampa Bay,28.0279,-82.4925,410,-6.92,US Census Bureau,2025-Q4,https://www.census.gov/construction/bps/
33610,Tampa Bay,27.9879,-82.6369,419,-6.05,US Census Bureau,2025-Q4,https://www.census.gov/construction/bps/
33611,Tampa Bay,27.9889,-82.4287,458,-6.54,US Census Bureau,2025-Q4,https://www.census.gov/construction/bps/
33612,Tampa Bay,28.0964,-82.5693,534,-7.49,US Census Bureau,2025-Q4,https://www.census.gov/construction/bps/
33613,Tampa Bay,28.075,-82.6132,443,-7.11,US Census Bureau,2025-Q4,https://www.census.gov/construction/bps/
33614,Tampa Bay,28.0243,-82.5429,475,-6.59,US Census Bureau,2025-Q4,https://www.census.gov/construction/bps/
33615,Tampa Bay,27.8632,-82.5799,420,-5.59,US Census Bureau,2025-Q4,https://www.census.gov/construction/bps/
33616,Tampa Bay,27.8793,-82.5428,434,-7.2,US Census Bureau,2025-Q4,https://www.census.gov/construction/bps/
33617,Tampa Bay,27.8741,-82.3869,497,-7.17,US Census Bureau,2025-Q4,https://www.census.gov/construction/bps/
33618,Tampa Bay,27.9153,-82.3565,509,-5.7,US Census Bureau,2025-Q4,https://www.census.gov/construction/bps/
33619,Tampa Bay,27.8973,-82.377,403,-5.79,US Census Bureau,2025-Q4,https://www.census.gov/construction/bps/
33620,Tampa Bay,28.0208,-82.4247,390,-6.16,US Census Bureau,2025-Q4,https://www.census.gov/construction/bps/
33621,Tampa Bay,27.9501,-82.3987,491,-5.91,US Census Bureau,2025-Q4,https://www.census.gov/construction/bps/
33622,Tampa Bay,27.9814,-82.6047,425,-7.51,US Census Bureau,2025-Q4,https://www.census.gov/construction/bps/
33623,Tampa Bay,27.9174,-82.5239,433,-7.1,US Census Bureau,2025-Q4,https://www.census.gov/construction/bps/
33624,Tampa Bay,27.9226,-82.369,384,-6.4,US Census Bureau,2025-Q4,https://www.census.gov/construction/bps/
33625,Tampa Bay,27.9608,-82.6035,531,-5.57,US Census Bureau,2025-Q4,https://www.census.gov/construction/bps/
33626,Tampa Bay,27.8313,-82.5546,479,-6.39,US Census Bureau,2025-Q4,https://www.census.gov/construction/bps/
33627,Tampa Bay,27.8189,-82.5018,436,-6.23,US Census Bureau,2025-Q4,https://www.census.gov/construction/bps/
33628,Tampa Bay,27.9677,-82.3873,522,-5.6,US Census Bureau,2025-Q4,https://www.census.gov/construction/bps/
33629,Tampa Bay,27.8192,-82.4463,449,-6.82,US Census Bureau,2025-Q4,https://www.census.gov/construction/bps/
33630,Tampa Bay,28.0678,-82.4595,398,-6.25,US Census Bureau,2025-Q4,https://www.census.gov/construction/bps/
33631,Tampa Bay,27.8376,-82.6007,381,-6.07,US Census Bureau,2025-Q4,https://www.census.gov/construction/bps/
33632,Tampa Bay,27.8238,-82.5809,516,-6.03,US Census Bureau,2025-Q4,https://www.census.gov/construction/bps/
33633,Tampa Bay,27.9445,-82.5952,411,-7.62,US Census Bureau,2025-Q4,https://www.census.gov/construction/bps/
33634,Tampa Bay,27.8879,-82.389,503,-7.62,US Census Bureau,2025-Q4,https://www.census.gov/construction/bps/
33635,Tampa Bay,27.9175,-82.3407,455,-7.35,US Census Bureau,2025-Q4,https://www.census.gov/construction/bps/
33636,Tampa Bay,27.867,-82.5172,457,-6.54,US Census Bureau,2025-Q4,https://www.census.gov/construction/bps/
33637,Tampa Bay,27.8428,-82.4047,539,-7.23,US Census Bureau,2025-Q4,https://www.census.gov/construction/bps/
33638,Tampa Bay,27.8969,-82.5837,431,-6.19,US Census Bureau,2025-Q4,https://www.census.gov/construction/bps/
33639,Tampa Bay,27.8519,-82.4583,532,-7.6,US Census Bureau,2025-Q4,https://www.census.gov/construction/bps/
33640,Tampa Bay,27.819,-82.3059,474,-7.28,US Census Bureau,2025-Q4,https://www.census.gov/construction/bps/
70112,New Orleans,30.0007,-90.0178,122,-7.58,US Census Bureau,2025-Q4,https://www.census.gov/construction/bps/
70113,New Orleans,29.9955,-90.2026,127,-5.63,US Census Bureau,2025-Q4,https://www.census.gov/construction/bps/
70114,New Orleans,30.0978,-90.036,126,-7.55,US Census Bureau,2025-Q4,https://www.census.gov/construction/bps/
70115,New Orleans,30.0186,-89.901,98,-6.79,US Census Bureau,2025-Q4,https://www.census.gov/construction/bps/
70116,New Orleans,30.0939,-90.0688,100,-5.91,US Census Bureau,2025-Q4,https://www.census.gov/construction/bps/
70117,New Orleans,30.0938,-89.9313,103,-7.5,US Census Bureau,2025-Q4,https://www.census.gov/construction/bps/
70118,New Orleans,29.8235,-90.0269,99,-6.23,US Census Bureau,2025-Q4,https://www.census.gov/construction/bps/
70119,New Orleans,29.9,-90.1187,107,-6.79,US Census Bureau,2025-Q4,https://www.census.gov/construction/bps/
70120,New Orleans,30.0111,-89.9881,107,-7.52,US Census Bureau,2025-Q4,https://www.census.gov/construction/bps/
70121,New Orleans,29.8391,-89.9342,120,-6.32,US Census Bureau,2025-Q4,https://www.census.gov/construction/bps/
70122,New Orleans,29.962,-90.212,130,-7.12,US Census Bureau,2025-Q4,https://www.census.gov/construction/bps/
70123,New Orleans,29.8127,-90.0026,136,-6.74,US Census Bureau,2025-Q4,https://www.census.gov/construction/bps/
70124,New Orleans,29.9329,-90.072,127,-6.45,US Census Bureau,2025-Q4,https://www.census.gov/construction/bps/
70125,New Orleans,29.8626,-90.0181,109,-5.56,US Census Bureau,2025-Q4,https://www.census.gov/construction/bps/
70126,New Orleans,29.9915,-90.0393,129,-5.88,US Census Bureau,2025-Q4,https://www.census.gov/construction/bps/
70127,New Orleans,29.8438,-90.215,129,-5.96,US Census Bureau,2025-Q4,https://www.census.gov/construction/bps/
70128,New Orleans,29.8668,-90.1334,134,-6.77,US Census Bureau,2025-Q4,https://www.census.gov/construction/bps/
70129,New Orleans,29.8485,-89.896,131,-7.32,US Census Bureau,2025-Q4,https://www.census.gov/construction/bps/
70130,New Orleans,29.8377,-89.9451,136,-6.43,US Census Bureau,2025-Q4,https://www.census.gov/construction/bps/
70131,New Orleans,30.0326,-90.1951,131,-6.0,US Census Bureau,2025-Q4,https://www.census.gov/construction/bps/
70132,New Orleans,30.0371,-90.2343,96,-7.1,US Census Bureau,2025-Q4,https://www.census.gov/construction/bps/
70133,New Orleans,29.968,-89.9595,126,-6.62,US Census Bureau,2025-Q4,https://www.census.gov/construction/bps/
70134,New Orleans,29.8787,-89.9503,107,-5.34,US Census Bureau,2025-Q4,https://www.census.gov/construction/bps/
70135,New Orleans,30.016,-90.1856,114,-7.63,US Census Bureau,2025-Q4,https://www.census.gov/construction/bps/
70136,New Orleans,29.9351,-89.9513,106,-5.52,US Census Bureau,2025-Q4,https://www.census.gov/construction/bps/
23220,Richmond,37.4159,-77.5995,150,-7.02,US Census Bureau,2025-Q4,https://www.census.gov/construction/bps/
23221,Richmond,37.6849,-77.4639,171,-7.09,US Census Bureau,2025-Q4,https://www.census.gov/construction/bps/
23222,Richmond,37.4054,-77.4226,177,-6.25,US Census Bureau,2025-Q4,https://www.census.gov/construction/bps/
23223,Richmond,37.4967,-77.585,155,-7.43,US Census Bureau,2025-Q4,https://www.census.gov/construction/bps/
23224,Richmond,37.5448,-77.5774,126,-6.16,US Census Bureau,2025-Q4,https://www.census.gov/construction/bps/
23225,Richmond,37.4723,-77.4837,145,-6.33,US Census Bureau,2025-Q4,https://www.census.gov/construction/bps/
23226,Richmond,37.6595,-77.4309,178,-7.08,US Census Bureau,2025-Q4,https://www.census.gov/construction/bps/
23227,Richmond,37.4189,-77.5338,162,-6.72,US Census Bureau,2025-Q4,https://www.census.gov/construction/bps/
23228,Richmond,37.5328,-77.4454,176,-5.94,US Census Bureau,2025-Q4,https://www.census.gov/construction/bps/
23229,Richmond,37.526,-77.5971,145,-5.74,US Census Bureau,2025-Q4,https://www.census.gov/construction/bps/
23230,Richmond,37.5885,-77.5539,134,-6.09,US Census Bureau,2025-Q4,https://www.census.gov/construction/bps/
23231,Richmond,37.5199,-77.5093,144,-7.32,US Census Bureau,2025-Q4,https://www.census.gov/construction/bps/
23232,Richmond,37.4466,-77.5103,127,-6.35,US Census Bureau,2025-Q4,https://www.census.gov/construction/bps/
23233,Richmond,37.4853,-77.4535,152,-6.14,US Census Bureau,2025-Q4,https://www.census.gov/construction/bps/
23234,Richmond,37.6252,-77.5046,126,-6.14,US Census Bureau,2025-Q4,https://www.census.gov/construction/bps/
23235,Richmond,37.4086,-77.3644,148,-7.52,US Census Bureau,2025-Q4,https://www.census.gov/construction/bps/
23236,Richmond,37.4421,-77.4001,180,-5.5,US Census Bureau,2025-Q4,https://www.census.gov/construction/bps/
23237,Richmond,37.6444,-77.5962,154,-5.52,US Census Bureau,2025-Q4,https://www.census.gov/construction/bps/
23238,Richmond,37.5241,-77.3425,179,-5.96,US Census Bureau,2025-Q4,https://www.census.gov/construction/bps/
23239,Richmond,37.6458,-77.611,177,-5.91,US Census Bureau,2025-Q4,https://www.census.gov/construction/bps/
23240,Richmond,37.5877,-77.2828,168,-5.74,US Census Bureau,2025-Q4,https://www.census.gov/construction/bps/
23241,Richmond,37.5335,-77.3148,138,-7.04,US Census Bureau,2025-Q4,https://www.census.gov/construction/bps/
23242,Richmond,37.618,-77.5881,135,-6.25,US Census Bureau,2025-Q4,https://www.census.gov/construction/bps/
23243,Richmond,37.6746,-77.4299,165,-6.17,US Census Bureau,2025-Q4,https://www.census.gov/construction/bps/
23244,Richmond,37.4129,-77.5491,162,-6.64,US Census Bureau,2025-Q4,https://www.census.gov/construction/bps/
35201,Birmingham,33.4901,-86.7203,90,-6.85,US Census Bureau,2025-Q4,https://www.census.gov/construction/bps/
35202,Birmingham,33.3741,-86.8958,83,-7.18,US Census Bureau,2025-Q4,https://www.census.gov/construction/bps/
35203,Birmingham,33.456,-86.7176,92,-5.65,US Census Bureau,2025-Q4,https://www.census.gov/construction/bps/
35204,Birmingham,33.4961,-86.9773,100,-5.6,US Census Bureau,2025-Q4,https://www.census.gov/construction/bps/
35205,Birmingham,33.6097,-86.9059,84,-5.53,US Census Bureau,2025-Q4,https://www.census.gov/construction/bps/
35206,Birmingham,33.5145,-86.707,99,-6.82,US Census Bureau,2025-Q4,https://www.census.gov/construction/bps/
35207,Birmingham,33.6256,-86.8317,102,-7.23,US Census Bureau,2025-Q4,https://www.census.gov/construction/bps/
35208,Birmingham,33.5024,-86.9896,94,-6.87,US Census Bureau,2025-Q4,https://www.census.gov/construction/bps/
35209,Birmingham,33.5363,-86.6368,105,-5.94,US Census Bureau,2025-Q4,https://www.census.gov/construction/bps/
35210,Birmingham,33.5389,-86.7826,94,-6.94,US Census Bureau,2025-Q4,https://www.census.gov/construction/bps/
35211,Birmingham,33.3983,-86.887,83,-6.68,US Census Bureau,2025-Q4,https://www.census.gov/construction/bps/
35212,Birmingham,33.4121,-86.9251,99,-6.28,US Census Bureau,2025-Q4,https://www.census.gov/construction/bps/
35213,Birmingham,33.5525,-86.756,78,-6.42,US Census Bureau,2025-Q4,https://www.census.gov/construction/bps/
35214,Birmingham,33.6606,-86.8263,97,-6.33,US Census Bureau,2025-Q4,https://www.census.gov/construction/bps/
35215,Birmingham,33.4282,-86.7244,76,-6.8,US Census Bureau,2025-Q4,https://www.census.gov/construction/bps/
35216,Birmingham,33.4336,-86.7062,101,-5.57,US Census Bureau,2025-Q4,https://www.census.gov/construction/bps/
35217,Birmingham,33.6403,-86.6336,75,-6.61,US Census Bureau,2025-Q4,https://www.census.gov/construction/bps/
35218,Birmingham,33.3932,-86.7566,82,-6.24,US Census Bureau,2025-Q4,https://www.census.gov/construction/bps/
35219,Birmingham,33.5263,-86.9559,105,-7.17,US Census Bureau,2025-Q4,https://www.census.gov/construction/bps/
35220,Birmingham,33.4906,-86.97,77,-5.53,US Census Bureau,2025-Q4,https://www.census.gov/construction/bps/
35221,Birmingham,33.5274,-86.9599,82,-7.27,US Census Bureau,2025-Q4,https://www.census.gov/construction/bps/
35222,Birmingham,33.3758,-86.956,90,-7.43,US Census Bureau,2025-Q4,https://www.census.gov/construction/bps/
35223,Birmingham,33.5678,-86.8921,86,-6.27,US Census Bureau,2025-Q4,https://www.census.gov/construction/bps/
35224,Birmingham,33.6499,-86.6487,94,-6.53,US Census Bureau,2025-Q4,https://www.census.gov/construction/bps/
35225,Birmingham,33.4204,-86.957,86,-7.18,US Census Bureau,2025-Q4,https://www.census.gov/construction/bps/
39201,Jackson,32.2271,-90.2321,55,-7.46,US Census Bureau,2025-Q4,https://www.census.gov/construction/bps/
39202,Jackson,32.1528,-90.3527,54,-7.63,US Census Bureau,2025-Q4,https://www.census.gov/construction/bps/
39203,Jackson,32.1656,-90.2184,62,-7.64,US Census Bureau,2025-Q4,https://www.census.gov/construction/bps/
39204,Jackson,32.2514,-90.3531,60,-6.62,US Census Bureau,2025-Q4,https://www.census.gov/construction/bps/
39205,Jackson,32.1709,-90.3045,46,-6.55,US Census Bureau,2025-Q4,https://www.census.gov/construction/bps/
39206,Jackson,32.2849,-90.3222,50,-5.91,US Census Bureau,2025-Q4,https://www.census.gov/construction/bps/
39207,Jackson,32.2956,-90.2128,61,-6.7,US Census Bureau,2025-Q4,https://www.census.gov/construction/bps/
39208,Jackson,32.2655,-90.2881,52,-6.06,US Census Bureau,2025-Q4,https://www.census.gov/construction/bps/
39209,Jackson,32.1819,-90.1096,52,-6.73,US Census Bureau,2025-Q4,https://www.census.gov/construction/bps/
39210,Jackson,32.1713,-90.305,52,-5.83,US Census Bureau,2025-Q4,https://www.census.gov/construction/bps/
39211,Jackson,32.4482,-90.2347,52,-6.2,US Census Bureau,2025-Q4,https://www.census.gov/construction/bps/
39212,Jackson,32.296,-90.2763,59,-5.96,US Census Bureau,2025-Q4,https://www.census.gov/construction/bps/
39213,Jackson,32.1967,-90.2215,51,-6.68,US Census Bureau,2025-Q4,https://www.census.gov/construction/bps/
39214,Jackson,32.3854,-90.3628,58,-6.64,US Census Bureau,2025-Q4,https://www.census.gov/construction/bps/
39215,Jackson,32.3652,-90.304,60,-6.29,US Census Bureau,2025-Q4,https://www.census.gov/construction/bps/
72201,Little Rock,34.7682,-92.3894,66,-6.38,US Census Bureau,2025-Q4,https://www.census.gov/construction/bps/
72202,Little Rock,34.7976,-92.1628,76,-5.7,US Census Bureau,2025-Q4,https://www.census.gov/construction/bps/
72203,Little Rock,34.6219,-92.3923,83,-6.63,US Census Bureau,2025-Q4,https://www.census.gov/construction/bps/
72204,Little Rock,34.7488,-92.4652,76,-7.36,US Census Bureau,2025-Q4,https://www.census.gov/construction/bps/
72205,Little Rock,34.7948,-92.249,87,-7.35,US Census Bureau,2025-Q4,https://www.census.gov/construction/bps/
72206,Little Rock,34.6569,-92.1649,66,-6.43,US Census Bureau,2025-Q4,https://www.census.gov/construction/bps/
72207,Little Rock,34.7913,-92.2076,86,-5.85,US Census Bureau,2025-Q4,https://www.census.gov/construction/bps/
72208,Little Rock,34.7869,-92.3467,70,-6.81,US Census Bureau,2025-Q4,https://www.census.gov/construction/bps/
72209,Little Rock,34.8213,-92.4585,89,-7.56,US Census Bureau,2025-Q4,https://www.census.gov/construction/bps/
72210,Little Rock,34.8875,-92.1108,77,-7.06,US Census Bureau,2025-Q4,https://www.census.gov/construction/bps/
72211,Little Rock,34.6962,-92.2345,80,-7.63,US Census Bureau,2025-Q4,https://www.census.gov/construction/bps/
72212,Little Rock,34.6491,-92.124,90,-6.39,US Census Bureau,2025-Q4,https://www.census.gov/construction/bps/
72213,Little Rock,34.8331,-92.4152,80,-6.96,US Census Bureau,2025-Q4,https://www.census.gov/construction/bps/
72214,Little Rock,34.6539,-92.422,79,-7.07,US Census Bureau,2025-Q4,https://www.census.gov/construction/bps/
72215,Little Rock,34.5972,-92.1171,94,-5.61,US Census Bureau,2025-Q4,https://www.census.gov/construction/bps/
72216,Little Rock,34.8815,-92.2356,81,-6.32,US Census Bureau,2025-Q4,https://www.census.gov/construction/bps/
72217,Little Rock,34.6064,-92.3915,80,-6.81,US Census Bureau,2025-Q4,https://www.census.gov/construction/bps/
72218,Little Rock,34.8266,-92.1155,79,-5.73,US Census Bureau,2025-Q4,https://www.census.gov/construction/bps/
72219,Little Rock,34.6087,-92.1653,75,-5.5,US Census Bureau,2025-Q4,https://www.census.gov/construction/bps/
72220,Little Rock,34.7655,-92.4348,79,-5.4,US Census Bureau,2025-Q4,https://www.census.gov/construction/bps/
37401,Chattanooga,35.1461,-85.4534,115,-6.95,US Census Bureau,2025-Q4,https://www.census.gov/construction/bps/
37402,Chattanooga,34.9016,-85.1394,97,-6.09,US Census Bureau,2025-Q4,https://www.census.gov/construction/bps/
37403,Chattanooga,34.9809,-85.4578,101,-7.22,US Census Bureau,2025-Q4,https://www.census.gov/construction/bps/
37404,Chattanooga,34.9264,-85.3973,120,-5.52,US Census Bureau,2025-Q4,https://www.census.gov/construction/bps/
37405,Chattanooga,34.953,-85.1991,104,-6.1,US Census Bureau,2025-Q4,https://www.census.gov/construction/bps/
37406,Chattanooga,34.9671,-85.1632,116,-6.77,US Census Bureau,2025-Q4,https://www.census.gov/construction/bps/
37407,Chattanooga,35.0358,-85.4468,93,-5.78,US Census Bureau,2025-Q4,https://www.census.gov/construction/bps/
37408,Chattanooga,35.1555,-85.4106,101,-5.78,US Census Bureau,2025-Q4,https://www.census.gov/construction/bps/
37409,Chattanooga,34.8976,-85.3465,114,-6.38,US Census Bureau,2025-Q4,https://www.census.gov/construction/bps/
37410,Chattanooga,35.0951,-85.3763,104,-6.49,US Census Bureau,2025-Q4,https://www.census.gov/construction/bps/
37411,Chattanooga,34.9414,-85.4732,86,-6.29,US Census Bureau,2025-Q4,https://www.census.gov/construction/bps/
37412,Chattanooga,35.0932,-85.1884,119,-6.92,US Census Bureau,2025-Q4,https://www.census.gov/construction/bps/
37413,Chattanooga,35.0907,-85.371,85,-7.5,US Census Bureau,2025-Q4,https://www.census.gov/construction/bps/
37414,Chattanooga,35.0638,-85.1962,115,-7.2,US Census Bureau,2025-Q4,https://www.census.gov/construction/bps/
37415,Chattanooga,35.1133,-85.1357,106,-5.55,US Census Bureau,2025-Q4,https://www.census.gov/construction/bps/
37416,Chattanooga,35.1223,-85.2977,90,-7.5,US Census Bureau,2025-Q4,https://www.census.gov/construction/bps/
37417,Chattanooga,35.0357,-85.4008,117,-7.53,US Census Bureau,2025-Q4,https://www.census.gov/construction/bps/
37418,Chattanooga,35.053,-85.3714,102,-5.76,US Census Bureau,2025-Q4,https://www.census.gov/construction/bps/
37419,Chattanooga,35.1174,-85.1895,96,-5.43,US Census Bureau,2025-Q4,https://www.census.gov/construction/bps/
37420,Chattanooga,35.0582,-85.3824,84,-6.55,US Census Bureau,2025-Q4,https://www.census.gov/construction/bps/
37901,Knoxville,35.9806,-83.8556,118,-5.63,US Census Bureau,2025-Q4,https://www.census.gov/construction/bps/
37902,Knoxville,36.1059,-83.8437,119,-5.92,US Census Bureau,2025-Q4,https://www.census.gov/construction/bps/
37903,Knoxville,35.9361,-83.8778,124,-5.43,US Census Bureau,2025-Q4,https://www.census.gov/construction/bps/
37904,Knoxville,35.9969,-84.0337,131,-5.41,US Census Bureau,2025-Q4,https://www.census.gov/construction/bps/
37905,Knoxville,35.8953,-84.0148,128,-5.53,US Census Bureau,2025-Q4,https://www.census.gov/construction/bps/
37906,Knoxville,35.8615,-83.9467,130,-6.56,US Census Bureau,2025-Q4,https://www.census.gov/construction/bps/
37907,Knoxville,35.9189,-83.7765,125,-6.74,US Census Bureau,2025-Q4,https://www.census.gov/construction/bps/
37908,Knoxville,35.8884,-83.8143,110,-6.0,US Census Bureau,2025-Q4,https://www.census.gov/construction/bps/
37909,Knoxville,36.0959,-83.7466,113,-5.73,US Census Bureau,2025-Q4,https://www.census.gov/construction/bps/
37910,Knoxville,35.9395,-83.7964,125,-5.73,US Census Bureau,2025-Q4,https://www.census.gov/construction/bps/
37911,Knoxville,35.9424,-83.9064,113,-6.0,US Census Bureau,2025-Q4,https://www.census.gov/construction/bps/
37912,Knoxville,35.8986,-84.0266,123,-6.58,US Census Bureau,2025-Q4,https://www.census.gov/construction/bps/
37913,Knoxville,35.826,-83.9278,121,-5.96,US Census Bureau,2025-Q4,https://www.census.gov/construction/bps/
37914,Knoxville,35.9466,-83.8265,105,-6.28,US Census Bureau,2025-Q4,https://www.census.gov/construction/bps/
37915,Knoxville,35.9807,-84.0089,128,-5.85,US Census Bureau,2025-Q4,https://www.census.gov/construction/bps/
37916,Knoxville,35.8224,-83.9231,112,-7.45,US Census Bureau,2025-Q4,https://www.census.gov/construction/bps/
37917,Knoxville,35.8801,-83.8696,103,-6.01,US Census Bureau,2025-Q4,https://www.census.gov/construction/bps/
37918,Knoxville,35.9267,-83.9212,98,-6.18,US Census Bureau,2025-Q4,https://www.census.gov/construction/bps/
37919,Knoxville,35.9123,-84.0963,121,-6.41,US Census Bureau,2025-Q4,https://www.census.gov/construction/bps/
37920,Knoxville,36.0378,-83.7642,134,-6.73,US Census Bureau,2025-Q4,https://www.census.gov/construction/bps/
35801,Huntsville,34.7079,-86.7432,122,-7.03,US Census Bureau,2025-Q4,https://www.census.gov/construction/bps/
35802,Huntsville,34.7481,-86.4382,114,-6.79,US Census Bureau,2025-Q4,https://www.census.gov/construction/bps/
35803,Huntsville,34.7966,-86.6401,123,-7.61,US Census Bureau,2025-Q4,https://www.census.gov/construction/bps/
35804,Huntsville,34.7559,-86.582,140,-7.46,US Census Bureau,2025-Q4,https://www.census.gov/construction/bps/
35805,Huntsville,34.8125,-86.4995,113,-5.75,US Census Bureau,2025-Q4,https://www.census.gov/construction/bps/
35806,Huntsville,34.7077,-86.736,124,-6.09,US Census Bureau,2025-Q4,https://www.census.gov/construction/bps/
35807,Huntsville,34.8121,-86.7147,135,-7.17,US Census Bureau,2025-Q4,https://www.census.gov/construction/bps/
35808,Huntsville,34.7777,-86.4916,117,-5.47,US Census Bureau,2025-Q4,https://www.census.gov/construction/bps/
35809,Huntsville,34.8185,-86.5026,116,-6.88,US Census Bureau,2025-Q4,https://www.census.gov/construction/bps/
35810,Huntsville,34.6263,-86.621,115,-7.52,US Census Bureau,2025-Q4,https://www.census.gov/construction/bps/
35811,Huntsville,34.8674,-86.6693,112,-6.61,US Census Bureau,2025-Q4,https://www.census.gov/construction/bps/
35812,Huntsville,34.8036,-86.6961,113,-6.16,US Census Bureau,2025-Q4,https://www.census.gov/construction/bps/
35813,Huntsville,34.727,-86.7408,139,-7.11,US Census Bureau,2025-Q4,https://www.census.gov/construction/bps/
35814,Huntsville,34.7605,-86.5112,149,-5.9,US Census Bureau,2025-Q4,https://www.census.gov/construction/bps/
35815,Huntsville,34.6437,-86.6057,106,-5.36,US Census Bureau,2025-Q4,https://www.census.gov/construction/bps/
35816,Huntsville,34.5926,-86.656,114,-5.34,US Census Bureau,2025-Q4,https://www.census.gov/construction/bps/
35817,Huntsville,34.7372,-86.4676,132,-5.86,US Census Bureau,2025-Q4,https://www.census.gov/construction/bps/
35818,Huntsville,34.8734,-86.6638,128,-6.94,US Census Bureau,2025-Q4,https://www.census.gov/construction/bps/
35819,Huntsville,34.7794,-86.5838,139,-5.94,US Census Bureau,2025-Q4,https://www.census.gov/construction/bps/
35820,Huntsville,34.604,-86.6983,123,-7.22,US Census Bureau,2025-Q4,https://www.census.gov/construction/bps/
80901,Colorado Springs,38.6889,-104.726,134,-7.21,US Census Bureau,2025-Q4,https://www.census.gov/construction/bps/
80902,Colorado Springs,38.6976,-104.8922,130,-6.43,US Census Bureau,2025-Q4,https://www.census.gov/construction/bps/
80903,Colorado Springs,38.7572,-104.7671,130,-5.75,US Census Bureau,2025-Q4,https://www.census.gov/construction/bps/
80904,Colorado Springs,38.7692,-104.9203,134,-7.62,US Census Bureau,2025-Q4,https://www.census.gov/construction/bps/
80905,Colorado Springs,38.897,-104.7245,113,-5.74,US Census Bureau,2025-Q4,https://www.census.gov/construction/bps/
80906,Colorado Springs,38.9338,-104.7896,120,-5.63,US Census Bureau,2025-Q4,https://www.census.gov/construction/bps/
80907,Colorado Springs,38.7351,-104.7152,98,-6.28,US Census Bureau,2025-Q4,https://www.census.gov/construction/bps/
80908,Colorado Springs,38.7261,-104.9324,130,-7.18,US Census Bureau,2025-Q4,https://www.census.gov/construction/bps/
80909,Colorado Springs,38.7516,-104.6453,131,-6.8,US Census Bureau,2025-Q4,https://www.census.gov/construction/bps/
80910,Colorado Springs,38.7266,-104.8132,121,-5.43,US Census Bureau,2025-Q4,https://www.census.gov/construction/bps/
80911,Colorado Springs,38.745,-104.9654,125,-7.15,US Census Bureau,2025-Q4,https://www.census.gov/construction/bps/
80912,Colorado Springs,38.8741,-104.9725,96,-5.97,US Census Bureau,2025-Q4,https://www.census.gov/construction/bps/
80913,Colorado Springs,38.6908,-104.9241,129,-5.67,US Census Bureau,2025-Q4,https://www.census.gov/construction/bps/
80914,Colorado Springs,38.7963,-104.7415,131,-6.48,US Census Bureau,2025-Q4,https://www.census.gov/construction/bps/
80915,Colorado Springs,38.9103,-104.9924,105,-6.32,US Census Bureau,2025-Q4,https://www.census.gov/construction/bps/
80916,Colorado Springs,38.8286,-104.7344,134,-6.35,US Census Bureau,2025-Q4,https://www.census.gov/construction/bps/
80917,Colorado Springs,38.7612,-104.9417,110,-7.06,US Census Bureau,2025-Q4,https://www.census.gov/construction/bps/
80918,Colorado Springs,38.8939,-104.8331,105,-6.58,US Census Bureau,2025-Q4,https://www.census.gov/construction/bps/
80919,Colorado Springs,38.8516,-104.8742,115,-7.16,US Census Bureau,2025-Q4,https://www.census.gov/construction/bps/
80920,Colorado Springs,38.8249,-104.9132,101,-6.28,US Census Bureau,2025-Q4,https://www.census.gov/construction/bps/
80521,Fort Collins,40.6156,-105.0487,94,-6.5,US Census Bureau,2025-Q4,https://www.census.gov/construction/bps/
80522,Fort Collins,40.5813,-105.0875,85,-7.16,US Census Bureau,2025-Q4,https://www.census.gov/construction/bps/
80523,Fort Collins,40.7337,-105.2207,86,-6.24,US Census Bureau,2025-Q4,https://www.census.gov/construction/bps/
80524,Fort Collins,40.5595,-105.1563,99,-5.74,US Census Bureau,2025-Q4,https://www.census.gov/construction/bps/
80525,Fort Collins,40.5862,-104.9995,88,-6.37,US Census Bureau,2025-Q4,https://www.census.gov/construction/bps/
80526,Fort Collins,40.4926,-105.1942,109,-7.26,US Census Bureau,2025-Q4,https://www.census.gov/construction/bps/
80527,Fort Collins,40.6055,-104.9815,94,-7.65,US Census Bureau,2025-Q4,https://www.census.gov/construction/bps/
80528,Fort Collins,40.5814,-105.0669,113,-7.42,US Census Bureau,2025-Q4,https://www.census.gov/construction/bps/
80529,Fort Collins,40.4537,-104.9633,109,-6.73,US Census Bureau,2025-Q4,https://www.census.gov/construction/bps/
80530,Fort Collins,40.6692,-104.9353,104,-6.38,US Census Bureau,2025-Q4,https://www.census.gov/construction/bps/
80531,Fort Collins,40.7276,-104.9174,104,-5.73,US Census Bureau,2025-Q4,https://www.census.gov/construction/bps/
80532,Fort Collins,40.5228,-105.1228,93,-7.58,US Census Bureau,2025-Q4,https://www.census.gov/construction/bps/
80533,Fort Collins,40.7307,-105.1286,87,-6.76,US Census Bureau,2025-Q4,https://www.census.gov/construction/bps/
80534,Fort Collins,40.6703,-105.1334,116,-6.22,US Census Bureau,2025-Q4,https://www.census.gov/construction/bps/
80535,Fort Collins,40.5431,-105.0584,113,-7.53,US Census Bureau,2025-Q4,https://www.census.gov/construction/bps/
83701,Boise,43.7247,-116.0441,104,-6.83,US Census Bureau,2025-Q4,https://www.census.gov/construction/bps/
83702,Boise,43.6019,-116.2558,100,-5.88,US Census Bureau,2025-Q4,https://www.census.gov/construction/bps/
83703,Boise,43.6464,-116.2294,107,-5.69,US Census Bureau,2025-Q4,https://www.census.gov/construction/bps/
83704,Boise,43.6846,-116.3613,112,-7.56,US Census Bureau,2025-Q4,https://www.census.gov/construction/bps/
83705,Boise,43.7173,-116.1541,106,-5.69,US Census Bureau,2025-Q4,https://www.census.gov/construction/bps/
83706,Boise,43.5021,-116.1499,110,-7.59,US Census Bureau,2025-Q4,https://www.census.gov/construction/bps/
83707,Boise,43.5185,-116.0558,109,-7.15,US Census Bureau,2025-Q4,https://www.census.gov/construction/bps/
83708,Boise,43.7088,-116.1862,108,-5.82,US Census Bureau,2025-Q4,https://www.census.gov/construction/bps/
83709,Boise,43.718,-116.3356,112,-6.51,US Census Bureau,2025-Q4,https://www.census.gov/construction/bps/
83710,Boise,43.5694,-116.3151,119,-6.16,US Census Bureau,2025-Q4,https://www.census.gov/construction/bps/
83711,Boise,43.514,-116.3647,115,-7.52,US Census Bureau,2025-Q4,https://www.census.gov/construction/bps/
83712,Boise,43.5914,-116.2544,96,-6.66,US Census Bureau,2025-Q4,https://www.census.gov/construction/bps/
83713,Boise,43.677,-116.2647,98,-7.37,US Census Bureau,2025-Q4,https://www.census.gov/construction/bps/
83714,Boise,43.5255,-116.2124,89,-6.56,US Census Bureau,2025-Q4,https://www.census.gov/construction/bps/
83715,Boise,43.6774,-116.1641,117,-5.76,US Census Bureau,2025-Q4,https://www.census.gov/construction/bps/
83716,Boise,43.5902,-116.2899,101,-5.7,US Census Bureau,2025-Q4,https://www.census.gov/construction/bps/
83717,Boise,43.7008,-116.3328,95,-6.85,US Census Bureau,2025-Q4,https://www.census.gov/construction/bps/
83718,Boise,43.5903,-116.2651,117,-5.74,US Census Bureau,2025-Q4,https://www.census.gov/construction/bps/
83719,Boise,43.4972,-116.3332,96,-5.55,US Census Bureau,2025-Q4,https://www.census.gov/construction/bps/
83720,Boise,43.699,-116.2283,88,-6.75,US Census Bureau,2025-Q4,https://www.census.gov/construction/bps/
84101,Salt Lake City,40.8773,-111.9314,223,-7.52,US Census Bureau,2025-Q4,https://www.census.gov/construction/bps/
84102,Salt Lake City,40.6363,-112.0239,183,-7.02,US Census Bureau,2025-Q4,https://www.census.gov/construction/bps/
84103,Salt Lake City,40.7514,-111.8461,232,-7.53,US Census Bureau,2025-Q4,https://www.census.gov/construction/bps/
84104,Salt Lake City,40.823,-111.9307,240,-7.15,US Census Bureau,2025-Q4,https://www.census.gov/construction/bps/
84105,Salt Lake City,40.6169,-111.754,190,-5.58,US Census Bureau,2025-Q4,https://www.census.gov/construction/bps/
84106,Salt Lake City,40.825,-111.9304,203,-5.71,US Census Bureau,2025-Q4,https://www.census.gov/construction/bps/
84107,Salt Lake City,40.7135,-111.8584,241,-7.31,US Census Bureau,2025-Q4,https://www.census.gov/construction/bps/
84108,Salt Lake City,40.6178,-112.023,207,-5.76,US Census Bureau,2025-Q4,https://www.census.gov/construction/bps/
84109,Salt Lake City,40.6842,-111.832,223,-7.4,US Census Bureau,2025-Q4,https://www.census.gov/construction/bps/
84110,Salt Lake City,40.6812,-111.8502,234,-5.49,US Census Bureau,2025-Q4,https://www.census.gov/construction/bps/
84111,Salt Lake City,40.7174,-111.7903,219,-5.88,US Census Bureau,2025-Q4,https://www.census.gov/construction/bps/
84112,Salt Lake City,40.8392,-111.8342,241,-5.95,US Census Bureau,2025-Q4,https://www.census.gov/construction/bps/
84113,Salt Lake City,40.8892,-111.8919,207,-7.03,US Census Bureau,2025-Q4,https://www.census.gov/construction/bps/
84114,Salt Lake City,40.8178,-111.7551,187,-7.43,US Census Bureau,2025-Q4,https://www.census.gov/construction/bps/
84115,Salt Lake City,40.8422,-111.9471,196,-7.1,US Census Bureau,2025-Q4,https://www.census.gov/construction/bps/
84116,Salt Lake City,40.8637,-111.9126,201,-6.36,US Census Bureau,2025-Q4,https://www.census.gov/construction/bps/
84117,Salt Lake City,40.7678,-111.8173,239,-6.77,US Census Bureau,2025-Q4,https://www.census.gov/construction/bps/
84118,Salt Lake City,40.7497,-111.8455,196,-5.97,US Census Bureau,2025-Q4,https://www.census.gov/construction/bps/
84119,Salt Lake City,40.8466,-111.8149,240,-7.4,US Census Bureau,2025-Q4,https://www.census.gov/construction/bps/
84120,Salt Lake City,40.8174,-111.8833,224,-6.29,US Census Bureau,2025-Q4,https://www.census.gov/construction/bps/
84121,Salt Lake City,40.7933,-111.7582,218,-6.98,US Census Bureau,2025-Q4,https://www.census.gov/construction/bps/
84122,Salt Lake City,40.6815,-111.9512,211,-6.14,US Census Bureau,2025-Q4,https://www.census.gov/construction/bps/
84123,Salt Lake City,40.7958,-111.9414,193,-7.47,US Census Bureau,2025-Q4,https://www.census.gov/construction/bps/
84124,Salt Lake City,40.7031,-111.7985,235,-7.57,US Census Bureau,2025-Q4,https://www.census.gov/construction/bps/
84125,Salt Lake City,40.8587,-111.7259,233,-6.51,US Census Bureau,2025-Q4,https://www.census.gov/construction/bps/
84126,Salt Lake City,40.6944,-112.0675,180,-5.8,US Census Bureau,2025-Q4,https://www.census.gov/construction/bps/
84127,Salt Lake City,40.7442,-112.0667,195,-6.24,US Census Bureau,2025-Q4,https://www.census.gov/construction/bps/
84128,Salt Lake City,40.8542,-111.9549,245,-7.6,US Census Bureau,2025-Q4,https://www.census.gov/construction/bps/
84129,Salt Lake City,40.7484,-111.8172,200,-7.24,US Census Bureau,2025-Q4,https://www.census.gov/construction/bps/
84130,Salt Lake City,40.7792,-111.7822,203,-6.18,US Census Bureau,2025-Q4,https://www.census.gov/construction/bps/
89501,Reno,39.4008,-119.9316,137,-5.51,US Census Bureau,2025-Q4,https://www.census.gov/construction/bps/
89502,Reno,39.3829,-119.8015,108,-6.94,US Census Bureau,2025-Q4,https://www.census.gov/construction/bps/
89503,Reno,39.6474,-119.9435,116,-6.36,US Census Bureau,2025-Q4,https://www.census.gov/construction/bps/
89504,Reno,39.5015,-119.7962,107,-6.67,US Census Bureau,2025-Q4,https://www.census.gov/construction/bps/
89505,Reno,39.6072,-119.9909,121,-7.59,US Census Bureau,2025-Q4,https://www.census.gov/construction/bps/
89506,Reno,39.539,-119.9151,128,-6.35,US Census Bureau,2025-Q4,https://www.census.gov/construction/bps/
89507,Reno,39.613,-119.7196,131,-5.6,US Census Bureau,2025-Q4,https://www.census.gov/construction/bps/
89508,Reno,39.4903,-119.9834,128,-7.28,US Census Bureau,2025-Q4,https://www.census.gov/construction/bps/
89509,Reno,39.4744,-119.7708,147,-7.38,US Census Bureau,2025-Q4,https://www.census.gov/construction/bps/
89510,Reno,39.4756,-119.6483,133,-7.49,US Census Bureau,2025-Q4,https://www.census.gov/construction/bps/
89511,Reno,39.6468,-119.9826,141,-6.38,US Census Bureau,2025-Q4,https://www.census.gov/construction/bps/
89512,Reno,39.6637,-119.9181,117,-6.0,US Census Bureau,2025-Q4,https://www.census.gov/construction/bps/
89513,Reno,39.6736,-119.6495,112,-7.54,US Census Bureau,2025-Q4,https://www.census.gov/construction/bps/
89514,Reno,39.589,-119.9675,143,-6.22,US Census Bureau,2025-Q4,https://www.census.gov/construction/bps/
89515,Reno,39.6568,-119.839,122,-5.96,US Census Bureau,2025-Q4,https://www.census.gov/construction/bps/
32301,Tallahassee,30.5905,-84.2476,75,-6.04,US Census Bureau,2025-Q4,https://www.census.gov/construction/bps/
32302,Tallahassee,30.5402,-84.2703,68,-7.39,US Census Bureau,2025-Q4,https://www.census.gov/construction/bps/
32303,Tallahassee,30.3944,-84.1612,84,-5.37,US Census Bureau,2025-Q4,https://www.census.gov/construction/bps/
32304,Tallahassee,30.3974,-84.269,65,-6.35,US Census Bureau,2025-Q4,https://www.census.gov/construction/bps/
32305,Tallahassee,30.3641,-84.1975,80,-6.4,US Census Bureau,2025-Q4,https://www.census.gov/construction/bps/
32306,Tallahassee,30.3177,-84.4342,92,-7.34,US Census Bureau,2025-Q4,https://www.census.gov/construction/bps/
32307,Tallahassee,30.3535,-84.1511,75,-6.47,US Census Bureau,2025-Q4,https://www.census.gov/construction/bps/
32308,Tallahassee,30.3849,-84.2306,83,-6.45,US Census Bureau,2025-Q4,https://www.census.gov/construction/bps/
32309,Tallahassee,30.4286,-84.2102,75,-7.61,US Census Bureau,2025-Q4,https://www.census.gov/construction/bps/
32310,Tallahassee,30.5122,-84.4036,85,-5.59,US Census Bureau,2025-Q4,https://www.census.gov/construction/bps/
32311,Tallahassee,30.3031,-84.3612,73,-6.25,US Census Bureau,2025-Q4,https://www.census.gov/construction/bps/
32312,Tallahassee,30.3315,-84.1262,67,-5.85,US Census Bureau,2025-Q4,https://www.census.gov/construction/bps/
32313,Tallahassee,30.4697,-84.3331,88,-6.8,US Census Bureau,2025-Q4,https://www.census.gov/construction/bps/
32314,Tallahassee,30.5859,-84.2822,74,-7.61,US Census Bureau,2025-Q4,https://www.census.gov/construction/bps/
32315,Tallahassee,30.4252,-84.1236,86,-6.13,US Census Bureau,2025-Q4,https://www.census.gov/construction/bps/
32601,Gainesville,29.5759,-82.3427,73,-6.3,US Census Bureau,2025-Q4,https://www.census.gov/construction/bps/
32602,Gainesville,29.7319,-82.1685,67,-6.21,US Census Bureau,2025-Q4,https://www.census.gov/construction/bps/
32603,Gainesville,29.5254,-82.2665,86,-6.03,US Census Bureau,2025-Q4,https://www.census.gov/construction/bps/
32604,Gainesville,29.5349,-82.1629,79,-6.47,US Census Bureau,2025-Q4,https://www.census.gov/construction/bps/
32605,Gainesville,29.7162,-82.2602,70,-5.92,US Census Bureau,2025-Q4,https://www.census.gov/construction/bps/
32606,Gainesville,29.5085,-82.4095,74,-7.46,US Census Bureau,2025-Q4,https://www.census.gov/construction/bps/
32607,Gainesville,29.7182,-82.455,87,-6.07,US Census Bureau,2025-Q4,https://www.census.gov/construction/bps/
32608,Gainesville,29.5656,-82.3986,85,-7.67,US Census Bureau,2025-Q4,https://www.census.gov/construction/bps/
32609,Gainesville,29.6681,-82.1764,79,-6.0,US Census Bureau,2025-Q4,https://www.census.gov/construction/bps/
32610,Gainesville,29.7204,-82.4582,74,-7.19,US Census Bureau,2025-Q4,https://www.census.gov/construction/bps/
32611,Gainesville,29.7424,-82.4406,80,-6.14,US Census Bureau,2025-Q4,https://www.census.gov/construction/bps/
32612,Gainesville,29.6499,-82.2905,82,-5.34,US Census Bureau,2025-Q4,https://www.census.gov/construction/bps/
32613,Gainesville,29.7811,-82.2597,79,-7.64,US Census Bureau,2025-Q4,https://www.census.gov/construction/bps/
32614,Gainesville,29.5171,-82.286,87,-7.45,US Census Bureau,2025-Q4,https://www.census.gov/construction/bps/
32615,Gainesville,29.5239,-82.2676,73,-7.33,US Census Bureau,2025-Q4,https://www.census.gov/construction/bps/
34201,Bradenton,27.5224,-82.5544,74,-7.55,US Census Bureau,2025-Q4,https://www.census.gov/construction/bps/
34202,Bradenton,27.5379,-82.6255,68,-7.57,US Census Bureau,2025-Q4,https://www.census.gov/construction/bps/
34203,Bradenton,27.3712,-82.6118,66,-7.54,US Census Bureau,2025-Q4,https://www.census.gov/construction/bps/
34204,Bradenton,27.6075,-82.486,82,-6.92,US Census Bureau,2025-Q4,https://www.census.gov/construction/bps/
34205,Bradenton,27.6163,-82.5212,82,-7.39,US Census Bureau,2025-Q4,https://www.census.gov/construction/bps/
34206,Bradenton,27.5039,-82.5677,83,-5.5,US Census Bureau,2025-Q4,https://www.census.gov/construction/bps/
34207,Bradenton,27.4793,-82.4632,67,-6.01,US Census Bureau,2025-Q4,https://www.census.gov/construction/bps/
34208,Bradenton,27.4071,-82.6673,66,-7.57,US Census Bureau,2025-Q4,https://www.census.gov/construction/bps/
34209,Bradenton,27.5284,-82.4593,60,-6.75,US Census Bureau,2025-Q4,https://www.census.gov/construction/bps/
34210,Bradenton,27.5195,-82.7443,82,-7.38,US Census Bureau,2025-Q4,https://www.census.gov/construction/bps/
34211,Bradenton,27.5849,-82.4356,74,-7.1,US Census Bureau,2025-Q4,https://www.census.gov/construction/bps/
34212,Bradenton,27.5312,-82.7127,66,-6.66,US Census Bureau,2025-Q4,https://www.census.gov/construction/bps/
34213,Bradenton,27.4925,-82.5154,60,-7.65,US Census Bureau,2025-Q4,https://www.census.gov/construction/bps/
34214,Bradenton,27.5645,-82.7151,82,-7.48,US Census Bureau,2025-Q4,https://www.census.gov/construction/bps/
34215,Bradenton,27.4423,-82.4399,69,-7.01,US Census Bureau,2025-Q4,https://www.census.gov/construction/bps/
34101,Naples,26.0832,-81.9686,90,-6.27,US Census Bureau,2025-Q4,https://www.census.gov/construction/bps/
34102,Naples,26.1254,-81.9501,98,-7.62,US Census Bureau,2025-Q4,https://www.census.gov/construction/bps/
34103,Naples,26.272,-81.9541,100,-5.45,US Census Bureau,2025-Q4,https://www.census.gov/construction/bps/
34104,Naples,26.2264,-81.898,88,-5.9,US Census Bureau,2025-Q4,https://www.census.gov/construction/bps/
34105,Naples,26.1227,-81.8102,104,-6.76,US Census Bureau,2025-Q4,https://www.census.gov/construction/bps/
34106,Naples,26.0522,-81.8199,100,-7.51,US Census Bureau,2025-Q4,https://www.census.gov/construction/bps/
34107,Naples,26.2024,-81.6868,77,-7.28,US Census Bureau,2025-Q4,https://www.census.gov/construction/bps/
34108,Naples,26.1194,-81.6176,104,-5.38,US Census Bureau,2025-Q4,https://www.census.gov/construction/bps/
34109,Naples,26.2919,-81.7136,93,-5.9,US Census Bureau,2025-Q4,https://www.census.gov/construction/bps/
34110,Naples,26.2087,-81.9122,81,-6.26,US Census Bureau,2025-Q4,https://www.census.gov/construction/bps/
34111,Naples,26.1317,-81.655,101,-5.84,US Census Bureau,2025-Q4,https://www.census.gov/construction/bps/
34112,Naples,26.2823,-81.7252,90,-7.19,US Census Bureau,2025-Q4,https://www.census.gov/construction/bps/
34113,Naples,26.2828,-81.9213,81,-5.66,US Census Bureau,2025-Q4,https://www.census.gov/construction/bps/
34114,Naples,26.1011,-81.9585,95,-6.75,US Census Bureau,2025-Q4,https://www.census.gov/construction/bps/
34115,Naples,26.1366,-81.9444,103,-7.58,US Census Bureau,2025-Q4,https://www.census.gov/construction/bps/
33901,Fort Myers,26.5658,-81.8248,115,-6.28,US Census Bureau,2025-Q4,https://www.census.gov/construction/bps/
33902,Fort Myers,26.7253,-81.6952,124,-5.6,US Census Bureau,2025-Q4,https://www.census.gov/construction/bps/
33903,Fort Myers,26.5693,-81.8814,138,-6.15,US Census Bureau,2025-Q4,https://www.census.gov/construction/bps/
33904,Fort Myers,26.7609,-81.8204,117,-7.25,US Census Bureau,2025-Q4,https://www.census.gov/construction/bps/
33905,Fort Myers,26.6128,-81.9642,127,-5.81,US Census Bureau,2025-Q4,https://www.census.gov/construction/bps/
33906,Fort Myers,26.6223,-81.7403,111,-6.2,US Census Bureau,2025-Q4,https://www.census.gov/construction/bps/
33907,Fort Myers,26.7652,-82.0271,130,-5.75,US Census Bureau,2025-Q4,https://www.census.gov/construction/bps/
33908,Fort Myers,26.6913,-82.009,114,-6.34,US Census Bureau,2025-Q4,https://www.census.gov/construction/bps/
33909,Fort Myers,26.5124,-81.8548,139,-6.82,US Census Bureau,2025-Q4,https://www.census.gov/construction/bps/
33910,Fort Myers,26.6152,-81.8194,116,-6.12,US Census Bureau,2025-Q4,https://www.census.gov/construction/bps/
33911,Fort Myers,26.6955,-82.0171,136,-6.27,US Census Bureau,2025-Q4,https://www.census.gov/construction/bps/
33912,Fort Myers,26.7652,-81.9255,146,-7.02,US Census Bureau,2025-Q4,https://www.census.gov/construction/bps/
33913,Fort Myers,26.6781,-81.9457,129,-6.72,US Census Bureau,2025-Q4,https://www.census.gov/construction/bps/
33914,Fort Myers,26.7557,-81.9375,114,-6.09,US Census Bureau,2025-Q4,https://www.census.gov/construction/bps/
33915,Fort Myers,26.7142,-81.8661,147,-6.46,US Census Bureau,2025-Q4,https://www.census.gov/construction/bps/
29401,Charleston,32.8378,-79.9581,157,-6.75,US Census Bureau,2025-Q4,https://www.census.gov/construction/bps/
29402,Charleston,32.7984,-80.0783,173,-5.62,US Census Bureau,2025-Q4,https://www.census.gov/construction/bps/
29403,Charleston,32.7493,-80.0996,187,-6.27,US Census Bureau,2025-Q4,https://www.census.gov/construction/bps/
29404,Charleston,32.8686,-79.902,157,-6.33,US Census Bureau,2025-Q4,https://www.census.gov/construction/bps/
29405,Charleston,32.6568,-79.8185,182,-6.23,US Census Bureau,2025-Q4,https://www.census.gov/construction/bps/
29406,Charleston,32.7558,-79.8329,194,-5.76,US Census Bureau,2025-Q4,https://www.census.gov/construction/bps/
29407,Charleston,32.6832,-79.7675,189,-6.35,US Census Bureau,2025-Q4,https://www.census.gov/construction/bps/
29408,Charleston,32.9212,-79.9332,169,-5.57,US Census Bureau,2025-Q4,https://www.census.gov/construction/bps/
29409,Charleston,32.7374,-80.0304,193,-6.69,US Census Bureau,2025-Q4,https://www.census.gov/construction/bps/
29410,Charleston,32.6646,-79.8561,165,-7.64,US Census Bureau,2025-Q4,https://www.census.gov/construction/bps/
29411,Charleston,32.6555,-79.961,210,-7.51,US Census Bureau,2025-Q4,https://www.census.gov/construction/bps/
29412,Charleston,32.784,-80.086,164,-6.76,US Census Bureau,2025-Q4,https://www.census.gov/construction/bps/
29413,Charleston,32.8466,-80.0877,161,-7.09,US Census Bureau,2025-Q4,https://www.census.gov/construction/bps/
29414,Charleston,32.6435,-80.0742,195,-6.1,US Census Bureau,2025-Q4,https://www.census.gov/construction/bps/
29415,Charleston,32.8374,-80.0955,181,-6.94,US Census Bureau,2025-Q4,https://www.census.gov/construction/bps/
29416,Charleston,32.7279,-79.7631,199,-6.44,US Census Bureau,2025-Q4,https://www.census.gov/construction/bps/
29417,Charleston,32.7218,-79.8965,193,-7.55,US Census Bureau,2025-Q4,https://www.census.gov/construction/bps/
29418,Charleston,32.7093,-79.8765,158,-6.45,US Census Bureau,2025-Q4,https://www.census.gov/construction/bps/
29419,Charleston,32.763,-80.0967,218,-6.95,US Census Bureau,2025-Q4,https://www.census.gov/construction/bps/
29420,Charleston,32.8974,-80.0862,160,-6.99,US Census Bureau,2025-Q4,https://www.census.gov/construction/bps/
29601,Greenville,34.7105,-82.5104,150,-7.47,US Census Bureau,2025-Q4,https://www.census.gov/construction/bps/
29602,Greenville,34.9545,-82.3343,130,-6.18,US Census Bureau,2025-Q4,https://www.census.gov/construction/bps/
29603,Greenville,34.9081,-82.4877,115,-7.04,US Census Bureau,2025-Q4,https://www.census.gov/construction/bps/
29604,Greenville,34.7513,-82.3972,146,-6.37,US Census Bureau,2025-Q4,https://www.census.gov/construction/bps/
29605,Greenville,34.8501,-82.2702,111,-6.73,US Census Bureau,2025-Q4,https://www.census.gov/construction/bps/
29606,Greenville,34.715,-82.555,140,-6.44,US Census Bureau,2025-Q4,https://www.census.gov/construction/bps/
29607,Greenville,34.9625,-82.2166,144,-7.59,US Census Bureau,2025-Q4,https://www.census.gov/construction/bps/
29608,Greenville,34.9785,-82.2244,129,-6.64,US Census Bureau,2025-Q4,https://www.census.gov/construction/bps/
29609,Greenville,34.7826,-82.5169,115,-6.27,US Census Bureau,2025-Q4,https://www.census.gov/construction/bps/
29610,Greenville,34.9734,-82.2151,109,-7.05,US Census Bureau,2025-Q4,https://www.census.gov/construction/bps/
29611,Greenville,34.8064,-82.2351,129,-5.77,US Census Bureau,2025-Q4,https://www.census.gov/construction/bps/
29612,Greenville,34.946,-82.2401,111,-5.9,US Census Bureau,2025-Q4,https://www.census.gov/construction/bps/
29613,Greenville,34.7493,-82.3711,146,-7.05,US Census Bureau,2025-Q4,https://www.census.gov/construction/bps/
29614,Greenville,34.7388,-82.5453,116,-5.45,US Census Bureau,2025-Q4,https://www.census.gov/construction/bps/
29615,Greenville,34.8471,-82.2164,127,-5.92,US Census Bureau,2025-Q4,https://www.census.gov/construction/bps/
29616,Greenville,34.9207,-82.5295,128,-6.54,US Census Bureau,2025-Q4,https://www.census.gov/construction/bps/
29617,Greenville,34.8917,-82.5078,105,-5.99,US Census Bureau,2025-Q4,https://www.census.gov/construction/bps/
29618,Greenville,34.8045,-82.453,136,-7.63,US Census Bureau,2025-Q4,https://www.census.gov/construction/bps/
29619,Greenville,34.7132,-82.5286,121,-5.99,US Census Bureau,2025-Q4,https://www.census.gov/construction/bps/
29620,Greenville,34.7837,-82.4538,131,-7.33,US Census Bureau,2025-Q4,https://www.census.gov/construction/bps/
29201,Columbia SC,33.9151,-81.0628,118,-6.64,US Census Bureau,2025-Q4,https://www.census.gov/construction/bps/
29202,Columbia SC,34.0366,-81.0949,116,-6.44,US Census Bureau,2025-Q4,https://www.census.gov/construction/bps/
29203,Columbia SC,34.1143,-81.2031,128,-7.1,US Census Bureau,2025-Q4,https://www.census.gov/construction/bps/
29204,Columbia SC,33.944,-81.045,118,-6.54,US Census Bureau,2025-Q4,https://www.census.gov/construction/bps/
29205,Columbia SC,33.9654,-81.0432,101,-6.13,US Census Bureau,2025-Q4,https://www.census.gov/construction/bps/
29206,Columbia SC,34.0438,-80.9795,129,-5.85,US Census Bureau,2025-Q4,https://www.census.gov/construction/bps/
29207,Columbia SC,33.9863,-81.0268,100,-6.77,US Census Bureau,2025-Q4,https://www.census.gov/construction/bps/
29208,Columbia SC,33.8914,-81.1355,124,-7.19,US Census Bureau,2025-Q4,https://www.census.gov/construction/bps/
29209,Columbia SC,34.0882,-81.0932,111,-6.79,US Census Bureau,2025-Q4,https://www.census.gov/construction/bps/
29210,Columbia SC,33.9085,-80.8851,122,-5.98,US Census Bureau,2025-Q4,https://www.census.gov/construction/bps/
29211,Columbia SC,33.8665,-80.9504,102,-5.48,US Census Bureau,2025-Q4,https://www.census.gov/construction/bps/
29212,Columbia SC,33.9038,-81.0049,99,-5.56,US Census Bureau,2025-Q4,https://www.census.gov/construction/bps/
29213,Columbia SC,34.1246,-81.0741,129,-7.08,US Census Bureau,2025-Q4,https://www.census.gov/construction/bps/
29214,Columbia SC,34.0972,-81.1769,96,-6.51,US Census Bureau,2025-Q4,https://www.census.gov/construction/bps/
29215,Columbia SC,34.0429,-81.0454,133,-6.45,US Census Bureau,2025-Q4,https://www.census.gov/construction/bps/
29216,Columbia SC,34.0369,-81.0253,121,-6.59,US Census Bureau,2025-Q4,https://www.census.gov/construction/bps/
29217,Columbia SC,34.0824,-80.8984,127,-5.75,US Census Bureau,2025-Q4,https://www.census.gov/construction/bps/
29218,Columbia SC,33.9306,-80.9884,124,-6.06,US Census Bureau,2025-Q4,https://www.census.gov/construction/bps/
29219,Columbia SC,34.1067,-81.1547,103,-5.82,US Census Bureau,2025-Q4,https://www.census.gov/construction/bps/
29220,Columbia SC,33.862,-81.0269,109,-6.6,US Census Bureau,2025-Q4,https://www.census.gov/construction/bps/
28801,Asheville,35.573,-82.678,93,-7.33,US Census Bureau,2025-Q4,https://www.census.gov/construction/bps/
28802,Asheville,35.7064,-82.6224,86,-6.44,US Census Bureau,2025-Q4,https://www.census.gov/construction/bps/
28803,Asheville,35.5252,-82.6693,86,-7.28,US Census Bureau,2025-Q4,https://www.census.gov/construction/bps/
28804,Asheville,35.6788,-82.4915,65,-5.34,US Census Bureau,2025-Q4,https://www.census.gov/construction/bps/
28805,Asheville,35.6534,-82.4921,84,-7.25,US Census Bureau,2025-Q4,https://www.census.gov/construction/bps/
28806,Asheville,35.4896,-82.6949,66,-5.39,US Census Bureau,2025-Q4,https://www.census.gov/construction/bps/
28807,Asheville,35.7407,-82.5032,90,-7.6,US Census Bureau,2025-Q4,https://www.census.gov/construction/bps/
28808,Asheville,35.5171,-82.6369,74,-6.91,US Census Bureau,2025-Q4,https://www.census.gov/construction/bps/
28809,Asheville,35.4711,-82.5963,94,-6.31,US Census Bureau,2025-Q4,https://www.census.gov/construction/bps/
28810,Asheville,35.5202,-82.5261,75,-6.28,US Census Bureau,2025-Q4,https://www.census.gov/construction/bps/
28811,Asheville,35.6102,-82.5894,80,-7.11,US Census Bureau,2025-Q4,https://www.census.gov/construction/bps/
28812,Asheville,35.6689,-82.6992,76,-7.08,US Census Bureau,2025-Q4,https://www.census.gov/construction/bps/
28813,Asheville,35.504,-82.524,67,-5.45,US Census Bureau,2025-Q4,https://www.census.gov/construction/bps/
28814,Asheville,35.6386,-82.4758,93,-7.11,US Census Bureau,2025-Q4,https://www.census.gov/construction/bps/
28815,Asheville,35.6241,-82.497,73,-7.35,US Census Bureau,2025-Q4,https://www.census.gov/construction/bps/
28401,Wilmington,34.3649,-78.0166,76,-6.51,US Census Bureau,2025-Q4,https://www.census.gov/construction/bps/
28402,Wilmington,34.1659,-77.8993,80,-6.06,US Census Bureau,2025-Q4,https://www.census.gov/construction/bps/
28403,Wilmington,34.2612,-77.8858,104,-5.97,US Census Bureau,2025-Q4,https://www.census.gov/construction/bps/
28404,Wilmington,34.2521,-77.8046,93,-6.94,US Census Bureau,2025-Q4,https://www.census.gov/construction/bps/
28405,Wilmington,34.0912,-77.9694,77,-5.36,US Census Bureau,2025-Q4,https://www.census.gov/construction/bps/
28406,Wilmington,34.2061,-77.9729,86,-5.9,US Census Bureau,2025-Q4,https://www.census.gov/construction/bps/
28407,Wilmington,34.3221,-77.826,105,-7.37,US Census Bureau,2025-Q4,https://www.census.gov/construction/bps/
28408,Wilmington,34.3666,-77.8505,87,-6.47,US Census Bureau,2025-Q4,https://www.census.gov/construction/bps/
28409,Wilmington,34.2809,-77.9844,101,-6.34,US Census Bureau,2025-Q4,https://www.census.gov/construction/bps/
28410,Wilmington,34.205,-77.7853,84,-6.26,US Census Bureau,2025-Q4,https://www.census.gov/construction/bps/
28411,Wilmington,34.3567,-77.9451,102,-7.28,US Census Bureau,2025-Q4,https://www.census.gov/construction/bps/
28412,Wilmington,34.3258,-77.8794,96,-7.25,US Census Bureau,2025-Q4,https://www.census.gov/construction/bps/
28413,Wilmington,34.3283,-77.8124,103,-7.32,US Census Bureau,2025-Q4,https://www.census.gov/construction/bps/
28414,Wilmington,34.2851,-78.0868,82,-5.57,US Census Bureau,2025-Q4,https://www.census.gov/construction/bps/
28415,Wilmington,34.2604,-78.0358,93,-7.18,US Census Bureau,2025-Q4,https://www.census.gov/construction/bps/
27101,Winston-Salem,35.9973,-80.1492,113,-5.45,US Census Bureau,2025-Q4,https://www.census.gov/construction/bps/
27102,Winston-Salem,36.0029,-80.4242,87,-6.37,US Census Bureau,2025-Q4,https://www.census.gov/construction/bps/
27103,Winston-Salem,36.223,-80.168,99,-6.57,US Census Bureau,2025-Q4,https://www.census.gov/construction/bps/
27104,Winston-Salem,35.985,-80.1287,97,-5.59,US Census Bureau,2025-Q4,https://www.census.gov/construction/bps/
27105,Winston-Salem,36.2445,-80.2856,101,-6.82,US Census Bureau,2025-Q4,https://www.census.gov/construction/bps/
27106,Winston-Salem,36.2495,-80.2037,101,-7.48,US Census Bureau,2025-Q4,https://www.census.gov/construction/bps/
27107,Winston-Salem,36.1911,-80.345,93,-7.37,US Census Bureau,2025-Q4,https://www.census.gov/construction/bps/
27108,Winston-Salem,36.2195,-80.0711,94,-6.9,US Census Bureau,2025-Q4,https://www.census.gov/construction/bps/
27109,Winston-Salem,36.0873,-80.3974,110,-5.35,US Census Bureau,2025-Q4,https://www.census.gov/construction/bps/
27110,Winston-Salem,36.2393,-80.3048,110,-5.39,US Census Bureau,2025-Q4,https://www.census.gov/construction/bps/
27111,Winston-Salem,36.1759,-80.2725,106,-6.22,US Census Bureau,2025-Q4,https://www.census.gov/construction/bps/
27112,Winston-Salem,36.0104,-80.1828,115,-6.3,US Census Bureau,2025-Q4,https://www.census.gov/construction/bps/
27113,Winston-Salem,35.9638,-80.3199,95,-6.31,US Census Bureau,2025-Q4,https://www.census.gov/construction/bps/
27114,Winston-Salem,36.0353,-80.0996,92,-7.03,US Census Bureau,2025-Q4,https://www.census.gov/construction/bps/
27115,Winston-Salem,36.1689,-80.3089,85,-6.24,US Census Bureau,2025-Q4,https://www.census.gov/construction/bps/
27401,Greensboro,35.9595,-79.8407,97,-5.82,US Census Bureau,2025-Q4,https://www.census.gov/construction/bps/
27402,Greensboro,36.0916,-79.887,125,-7.0,US Census Bureau,2025-Q4,https://www.census.gov/construction/bps/
27403,Greensboro,36.0934,-79.8383,127,-7.42,US Census Bureau,2025-Q4,https://www.census.gov/construction/bps/
27404,Greensboro,36.1839,-79.8369,120,-6.09,US Census Bureau,2025-Q4,https://www.census.gov/construction/bps/
27405,Greensboro,36.1583,-79.7881,132,-7.28,US Census Bureau,2025-Q4,https://www.census.gov/construction/bps/
27406,Greensboro,36.1104,-79.9492,116,-6.71,US Census Bureau,2025-Q4,https://www.census.gov/construction/bps/
27407,Greensboro,36.1398,-79.8158,133,-7.6,US Census Bureau,2025-Q4,https://www.census.gov/construction/bps/
27408,Greensboro,36.1592,-79.6758,106,-7.28,US Census Bureau,2025-Q4,https://www.census.gov/construction/bps/
27409,Greensboro,36.0295,-79.7582,108,-6.3,US Census Bureau,2025-Q4,https://www.census.gov/construction/bps/
27410,Greensboro,35.9436,-79.9177,131,-7.03,US Census Bureau,2025-Q4,https://www.census.gov/construction/bps/
27411,Greensboro,35.9339,-79.9034,126,-6.06,US Census Bureau,2025-Q4,https://www.census.gov/construction/bps/
27412,Greensboro,36.0767,-79.9471,97,-5.91,US Census Bureau,2025-Q4,https://www.census.gov/construction/bps/
27413,Greensboro,35.9547,-79.684,97,-5.53,US Census Bureau,2025-Q4,https://www.census.gov/construction/bps/
27414,Greensboro,36.1511,-79.8327,115,-6.64,US Census Bureau,2025-Q4,https://www.census.gov/construction/bps/
27415,Greensboro,35.9316,-79.8185,111,-5.83,US Census Bureau,2025-Q4,https://www.census.gov/construction/bps/
43001,Grand Rapids,42.8743,-85.7216,141,-7.04,US Census Bureau,2025-Q4,https://www.census.gov/construction/bps/
43002,Grand Rapids,42.8528,-85.5014,114,-6.52,US Census Bureau,2025-Q4,https://www.census.gov/construction/bps/
43003,Grand Rapids,42.8491,-85.781,137,-6.52,US Census Bureau,2025-Q4,https://www.census.gov/construction/bps/
43004,Grand Rapids,43.0914,-85.5842,132,-5.66,US Census Bureau,2025-Q4,https://www.census.gov/construction/bps/
43005,Grand Rapids,42.9423,-85.7296,111,-7.66,US Census Bureau,2025-Q4,https://www.census.gov/construction/bps/
43006,Grand Rapids,42.9598,-85.5206,106,-6.36,US Census Bureau,2025-Q4,https://www.census.gov/construction/bps/
43007,Grand Rapids,43.0938,-85.8338,121,-5.5,US Census Bureau,2025-Q4,https://www.census.gov/construction/bps/
43008,Grand Rapids,42.9741,-85.5531,132,-6.02,US Census Bureau,2025-Q4,https://www.census.gov/construction/bps/
43009,Grand Rapids,43.0076,-85.5104,135,-6.94,US Census Bureau,2025-Q4,https://www.census.gov/construction/bps/
43010,Grand Rapids,43.079,-85.6645,105,-5.8,US Census Bureau,2025-Q4,https://www.census.gov/construction/bps/
43011,Grand Rapids,42.848,-85.6731,132,-5.72,US Census Bureau,2025-Q4,https://www.census.gov/construction/bps/
43012,Grand Rapids,42.9436,-85.8077,149,-6.02,US Census Bureau,2025-Q4,https://www.census.gov/construction/bps/
43013,Grand Rapids,42.9982,-85.7607,133,-5.83,US Census Bureau,2025-Q4,https://www.census.gov/construction/bps/
43014,Grand Rapids,42.9773,-85.6825,126,-6.21,US Census Bureau,2025-Q4,https://www.census.gov/construction/bps/
43015,Grand Rapids,43.0342,-85.5218,108,-6.71,US Census Bureau,2025-Q4,https://www.census.gov/construction/bps/
48201,Detroit,42.1973,-83.2206,175,-6.56,US Census Bureau,2025-Q4,https://www.census.gov/construction/bps/
48202,Detroit,42.4177,-83.0689,187,-5.46,US Census Bureau,2025-Q4,https://www.census.gov/construction/bps/
48203,Detroit,42.2453,-82.9203,144,-5.39,US Census Bureau,2025-Q4,https://www.census.gov/construction/bps/
48204,Detroit,42.3573,-83.0502,187,-6.34,US Census Bureau,2025-Q4,https://www.census.gov/construction/bps/
48205,Detroit,42.3991,-83.0134,136,-7.17,US Census Bureau,2025-Q4,https://www.census.gov/construction/bps/
48206,Detroit,42.3306,-83.0813,153,-6.42,US Census Bureau,2025-Q4,https://www.census.gov/construction/bps/
48207,Detroit,42.4278,-82.9771,151,-5.86,US Census Bureau,2025-Q4,https://www.census.gov/construction/bps/
48208,Detroit,42.302,-83.0174,145,-6.68,US Census Bureau,2025-Q4,https://www.census.gov/construction/bps/
48209,Detroit,42.4095,-83.1609,182,-6.16,US Census Bureau,2025-Q4,https://www.census.gov/construction/bps/
48210,Detroit,42.3559,-83.1481,183,-5.45,US Census Bureau,2025-Q4,https://www.census.gov/construction/bps/
48211,Detroit,42.3471,-82.9015,188,-7.54,US Census Bureau,2025-Q4,https://www.census.gov/construction/bps/
48212,Detroit,42.4259,-82.9867,151,-7.48,US Census Bureau,2025-Q4,https://www.census.gov/construction/bps/
48213,Detroit,42.2223,-82.9804,182,-6.88,US Census Bureau,2025-Q4,https://www.census.gov/construction/bps/
48214,Detroit,42.3393,-83.1273,167,-6.86,US Census Bureau,2025-Q4,https://www.census.gov/construction/bps/
48215,Detroit,42.3572,-83.1742,163,-5.96,US Census Bureau,2025-Q4,https://www.census.gov/construction/bps/
48216,Detroit,42.1875,-83.005,137,-6.62,US Census Bureau,2025-Q4,https://www.census.gov/construction/bps/
48217,Detroit,42.2142,-83.1564,178,-5.41,US Census Bureau,2025-Q4,https://www.census.gov/construction/bps/
48218,Detroit,42.235,-82.9388,170,-7.65,US Census Bureau,2025-Q4,https://www.census.gov/construction/bps/
48219,Detroit,42.2016,-82.9326,137,-6.79,US Census Bureau,2025-Q4,https://www.census.gov/construction/bps/
48220,Detroit,42.216,-82.8858,139,-5.97,US Census Bureau,2025-Q4,https://www.census.gov/construction/bps/
48221,Detroit,42.2089,-82.8904,172,-5.66,US Census Bureau,2025-Q4,https://www.census.gov/construction/bps/
48222,Detroit,42.3252,-83.0244,142,-5.7,US Census Bureau,2025-Q4,https://www.census.gov/construction/bps/
48223,Detroit,42.2834,-83.1586,161,-5.44,US Census Bureau,2025-Q4,https://www.census.gov/construction/bps/
48224,Detroit,42.2125,-83.1802,165,-6.63,US Census Bureau,2025-Q4,https://www.census.gov/construction/bps/
48225,Detroit,42.2286,-83.0667,168,-6.37,US Census Bureau,2025-Q4,https://www.census.gov/construction/bps/
44101,Cleveland,41.4554,-81.6311,121,-5.62,US Census Bureau,2025-Q4,https://www.census.gov/construction/bps/
44102,Cleveland,41.351,-81.8176,116,-6.65,US Census Bureau,2025-Q4,https://www.census.gov/construction/bps/
44103,Cleveland,41.5309,-81.673,125,-7.37,US Census Bureau,2025-Q4,https://www.census.gov/construction/bps/
44104,Cleveland,41.5694,-81.8496,146,-6.98,US Census Bureau,2025-Q4,https://www.census.gov/construction/bps/
44105,Cleveland,41.4309,-81.6931,137,-5.66,US Census Bureau,2025-Q4,https://www.census.gov/construction/bps/
44106,Cleveland,41.4878,-81.5888,141,-6.16,US Census Bureau,2025-Q4,https://www.census.gov/construction/bps/
44107,Cleveland,41.4322,-81.6131,135,-6.18,US Census Bureau,2025-Q4,https://www.census.gov/construction/bps/
44108,Cleveland,41.3693,-81.8196,111,-6.29,US Census Bureau,2025-Q4,https://www.census.gov/construction/bps/
44109,Cleveland,41.4538,-81.8648,142,-6.57,US Census Bureau,2025-Q4,https://www.census.gov/construction/bps/
44110,Cleveland,41.4196,-81.5907,121,-7.24,US Census Bureau,2025-Q4,https://www.census.gov/construction/bps/
44111,Cleveland,41.4227,-81.7312,132,-6.06,US Census Bureau,2025-Q4,https://www.census.gov/construction/bps/
44112,Cleveland,41.519,-81.8288,127,-6.78,US Census Bureau,2025-Q4,https://www.census.gov/construction/bps/
44113,Cleveland,41.6069,-81.5239,125,-7.13,US Census Bureau,2025-Q4,https://www.census.gov/construction/bps/
44114,Cleveland,41.6238,-81.8331,126,-6.57,US Census Bureau,2025-Q4,https://www.census.gov/construction/bps/
44115,Cleveland,41.3969,-81.6232,146,-6.07,US Census Bureau,2025-Q4,https://www.census.gov/construction/bps/
44116,Cleveland,41.64,-81.7835,141,-7.58,US Census Bureau,2025-Q4,https://www.census.gov/construction/bps/
44117,Cleveland,41.3571,-81.6929,134,-6.16,US Census Bureau,2025-Q4,https://www.census.gov/construction/bps/
44118,Cleveland,41.4846,-81.7242,106,-6.59,US Census Bureau,2025-Q4,https://www.census.gov/construction/bps/
44119,Cleveland,41.4413,-81.7524,114,-6.94,US Census Bureau,2025-Q4,https://www.census.gov/construction/bps/
44120,Cleveland,41.3535,-81.5433,136,-6.44,US Census Bureau,2025-Q4,https://www.census.gov/construction/bps/
45201,Cincinnati,39.0155,-84.3903,159,-6.21,US Census Bureau,2025-Q4,https://www.census.gov/construction/bps/
45202,Cincinnati,39.1867,-84.3378,151,-6.75,US Census Bureau,2025-Q4,https://www.census.gov/construction/bps/
45203,Cincinnati,39.0536,-84.6602,186,-5.4,US Census Bureau,2025-Q4,https://www.census.gov/construction/bps/
45204,Cincinnati,39.1058,-84.4079,171,-5.92,US Census Bureau,2025-Q4,https://www.census.gov/construction/bps/
45205,Cincinnati,39.1155,-84.5335,167,-6.16,US Census Bureau,2025-Q4,https://www.census.gov/construction/bps/
45206,Cincinnati,38.9712,-84.6044,175,-5.91,US Census Bureau,2025-Q4,https://www.census.gov/construction/bps/
45207,Cincinnati,39.208,-84.3521,183,-6.93,US Census Bureau,2025-Q4,https://www.census.gov/construction/bps/
45208,Cincinnati,39.2018,-84.5587,177,-6.62,US Census Bureau,2025-Q4,https://www.census.gov/construction/bps/
45209,Cincinnati,39.2051,-84.6332,171,-7.5,US Census Bureau,2025-Q4,https://www.census.gov/construction/bps/
45210,Cincinnati,39.0084,-84.3704,168,-6.84,US Census Bureau,2025-Q4,https://www.census.gov/construction/bps/
45211,Cincinnati,39.2116,-84.4967,183,-6.15,US Census Bureau,2025-Q4,https://www.census.gov/construction/bps/
45212,Cincinnati,38.9616,-84.5632,158,-7.44,US Census Bureau,2025-Q4,https://www.census.gov/construction/bps/
45213,Cincinnati,39.0754,-84.6851,177,-7.31,US Census Bureau,2025-Q4,https://www.census.gov/construction/bps/
45214,Cincinnati,39.1589,-84.6154,175,-7.64,US Census Bureau,2025-Q4,https://www.census.gov/construction/bps/
45215,Cincinnati,39.165,-84.399,187,-5.92,US Census Bureau,2025-Q4,https://www.census.gov/construction/bps/
45216,Cincinnati,39.0157,-84.5888,152,-5.64,US Census Bureau,2025-Q4,https://www.census.gov/construction/bps/
45217,Cincinnati,39.1828,-84.5521,187,-6.89,US Census Bureau,2025-Q4,https://www.census.gov/construction/bps/
45218,Cincinnati,39.0353,-84.5898,156,-6.77,US Census Bureau,2025-Q4,https://www.census.gov/construction/bps/
45219,Cincinnati,39.1363,-84.5017,146,-7.04,US Census Bureau,2025-Q4,https://www.census.gov/construction/bps/
45220,Cincinnati,39.0779,-84.4413,136,-6.57,US Census Bureau,2025-Q4,https://www.census.gov/construction/bps/
15201,Pittsburgh,40.4524,-79.9771,191,-6.83,US Census Bureau,2025-Q4,https://www.census.gov/construction/bps/
15202,Pittsburgh,40.5581,-79.9257,178,-5.61,US Census Bureau,2025-Q4,https://www.census.gov/construction/bps/
15203,Pittsburgh,40.3635,-80.0336,148,-6.15,US Census Bureau,2025-Q4,https://www.census.gov/construction/bps/
15204,Pittsburgh,40.3473,-80.0178,156,-7.4,US Census Bureau,2025-Q4,https://www.census.gov/construction/bps/
15205,Pittsburgh,40.3558,-79.9812,180,-5.55,US Census Bureau,2025-Q4,https://www.census.gov/construction/bps/
15206,Pittsburgh,40.3223,-79.8985,180,-7.23,US Census Bureau,2025-Q4,https://www.census.gov/construction/bps/
15207,Pittsburgh,40.3241,-80.0968,158,-6.25,US Census Bureau,2025-Q4,https://www.census.gov/construction/bps/
15208,Pittsburgh,40.5668,-80.0882,186,-5.85,US Census Bureau,2025-Q4,https://www.census.gov/construction/bps/
15209,Pittsburgh,40.4743,-80.1519,177,-5.38,US Census Bureau,2025-Q4,https://www.census.gov/construction/bps/
15210,Pittsburgh,40.4457,-79.9638,193,-6.96,US Census Bureau,2025-Q4,https://www.census.gov/construction/bps/
15211,Pittsburgh,40.3792,-79.884,147,-7.23,US Census Bureau,2025-Q4,https://www.census.gov/construction/bps/
15212,Pittsburgh,40.5621,-80.0021,184,-6.47,US Census Bureau,2025-Q4,https://www.census.gov/construction/bps/
15213,Pittsburgh,40.554,-79.9498,151,-7.58,US Census Bureau,2025-Q4,https://www.census.gov/construction/bps/
15214,Pittsburgh,40.3166,-79.9746,172,-6.19,US Census Bureau,2025-Q4,https://www.census.gov/construction/bps/
15215,Pittsburgh,40.41,-79.8984,162,-6.09,US Census Bureau,2025-Q4,https://www.census.gov/construction/bps/
15216,Pittsburgh,40.4183,-80.127,141,-6.38,US Census Bureau,2025-Q4,https://www.census.gov/construction/bps/
15217,Pittsburgh,40.3513,-80.0798,190,-7.27,US Census Bureau,2025-Q4,https://www.census.gov/construction/bps/
15218,Pittsburgh,40.297,-80.0886,182,-5.7,US Census Bureau,2025-Q4,https://www.census.gov/construction/bps/
15219,Pittsburgh,40.4321,-80.0909,159,-7.51,US Census Bureau,2025-Q4,https://www.census.gov/construction/bps/
15220,Pittsburgh,40.5455,-79.824,164,-7.16,US Census Bureau,2025-Q4,https://www.census.gov/construction/bps/
02901,Providence,41.6886,-71.4873,132,-6.29,US Census Bureau,2025-Q4,https://www.census.gov/construction/bps/
02902,Providence,41.925,-71.3528,139,-7.52,US Census Bureau,2025-Q4,https://www.census.gov/construction/bps/
02903,Providence,41.8031,-71.3068,124,-7.38,US Census Bureau,2025-Q4,https://www.census.gov/construction/bps/
02904,Providence,41.9018,-71.2444,114,-6.24,US Census Bureau,2025-Q4,https://www.census.gov/construction/bps/
02905,Providence,41.9237,-71.4427,139,-6.62,US Census Bureau,2025-Q4,https://www.census.gov/construction/bps/
02906,Providence,41.674,-71.479,145,-6.45,US Census Bureau,2025-Q4,https://www.census.gov/construction/bps/
02907,Providence,41.735,-71.3862,110,-5.61,US Census Bureau,2025-Q4,https://www.census.gov/construction/bps/
02908,Providence,41.847,-71.3514,140,-5.65,US Census Bureau,2025-Q4,https://www.census.gov/construction/bps/
02909,Providence,41.8401,-71.4123,113,-7.39,US Census Bureau,2025-Q4,https://www.census.gov/construction/bps/
02910,Providence,41.7101,-71.4958,147,-6.66,US Census Bureau,2025-Q4,https://www.census.gov/construction/bps/
02911,Providence,41.8589,-71.5509,122,-5.91,US Census Bureau,2025-Q4,https://www.census.gov/construction/bps/
02912,Providence,41.7267,-71.4433,108,-7.66,US Census Bureau,2025-Q4,https://www.census.gov/construction/bps/
02913,Providence,41.9216,-71.4887,125,-7.02,US Census Bureau,2025-Q4,https://www.census.gov/construction/bps/
02914,Providence,41.9424,-71.2618,147,-6.54,US Census Bureau,2025-Q4,https://www.census.gov/construction/bps/
02915,Providence,41.9646,-71.4094,142,-6.96,US Census Bureau,2025-Q4,https://www.census.gov/construction/bps/
06101,Hartford,41.852,-72.6067,115,-6.02,US Census Bureau,2025-Q4,https://www.census.gov/construction/bps/
06102,Hartford,41.7674,-72.5334,96,-5.73,US Census Bureau,2025-Q4,https://www.census.gov/construction/bps/
06103,Hartford,41.8517,-72.8215,114,-7.49,US Census Bureau,2025-Q4,https://www.census.gov/construction/bps/
06104,Hartford,41.7749,-72.6497,88,-7.48,US Census Bureau,2025-Q4,https://www.census.gov/construction/bps/
06105,Hartford,41.7886,-72.7471,94,-6.49,US Census Bureau,2025-Q4,https://www.census.gov/construction/bps/
06106,Hartford,41.8591,-72.8545,106,-5.52,US Census Bureau,2025-Q4,https://www.census.gov/construction/bps/
06107,Hartford,41.8736,-72.7358,104,-5.74,US Census Bureau,2025-Q4,https://www.census.gov/construction/bps/
06108,Hartford,41.8232,-72.6952,91,-7.07,US Census Bureau,2025-Q4,https://www.census.gov/construction/bps/
06109,Hartford,41.8731,-72.7441,118,-6.18,US Census Bureau,2025-Q4,https://www.census.gov/construction/bps/
06110,Hartford,41.8755,-72.7274,118,-6.33,US Census Bureau,2025-Q4,https://www.census.gov/construction/bps/
06111,Hartford,41.7231,-72.6872,99,-6.89,US Census Bureau,2025-Q4,https://www.census.gov/construction/bps/
06112,Hartford,41.8704,-72.6832,108,-5.54,US Census Bureau,2025-Q4,https://www.census.gov/construction/bps/
06113,Hartford,41.7682,-72.5119,109,-6.48,US Census Bureau,2025-Q4,https://www.census.gov/construction/bps/
06114,Hartford,41.8081,-72.6731,97,-5.76,US Census Bureau,2025-Q4,https://www.census.gov/construction/bps/
06115,Hartford,41.6548,-72.7291,114,-7.34,US Census Bureau,2025-Q4,https://www.census.gov/construction/bps/
13201,Syracuse,43.0458,-76.2187,89,-6.86,US Census Bureau,2025-Q4,https://www.census.gov/construction/bps/
13202,Syracuse,43.1113,-76.0913,92,-7.5,US Census Bureau,2025-Q4,https://www.census.gov/construction/bps/
13203,Syracuse,43.0189,-76.1631,84,-6.2,US Census Bureau,2025-Q4,https://www.census.gov/construction/bps/
13204,Syracuse,43.0695,-76.1434,71,-5.75,US Census Bureau,2025-Q4,https://www.census.gov/construction/bps/
13205,Syracuse,43.1546,-75.972,74,-7.16,US Census Bureau,2025-Q4,https://www.census.gov/construction/bps/
13206,Syracuse,43.0608,-76.302,76,-7.53,US Census Bureau,2025-Q4,https://www.census.gov/construction/bps/
13207,Syracuse,43.1056,-76.0005,76,-5.37,US Census Bureau,2025-Q4,https://www.census.gov/construction/bps/
13208,Syracuse,42.9504,-76.0265,66,-5.81,US Census Bureau,2025-Q4,https://www.census.gov/construction/bps/
13209,Syracuse,43.0588,-76.107,72,-5.8,US Census Bureau,2025-Q4,https://www.census.gov/construction/bps/
13210,Syracuse,43.0808,-76.0087,70,-6.73,US Census Bureau,2025-Q4,https://www.census.gov/construction/bps/
13211,Syracuse,43.1012,-76.2866,76,-5.34,US Census Bureau,2025-Q4,https://www.census.gov/construction/bps/
13212,Syracuse,43.0903,-76.2432,68,-6.8,US Census Bureau,2025-Q4,https://www.census.gov/construction/bps/
13213,Syracuse,43.0426,-76.1731,71,-6.17,US Census Bureau,2025-Q4,https://www.census.gov/construction/bps/
13214,Syracuse,43.0321,-75.9805,90,-6.2,US Census Bureau,2025-Q4,https://www.census.gov/construction/bps/
13215,Syracuse,43.1131,-76.2484,81,-5.96,US Census Bureau,2025-Q4,https://www.census.gov/construction/bps/
14601,Rochester,43.2324,-77.5741,80,-5.43,US Census Bureau,2025-Q4,https://www.census.gov/construction/bps/
14602,Rochester,43.2999,-77.5609,83,-5.67,US Census Bureau,2025-Q4,https://www.census.gov/construction/bps/
14603,Rochester,43.219,-77.6987,93,-7.17,US Census Bureau,2025-Q4,https://www.census.gov/construction/bps/
14604,Rochester,43.0244,-77.6337,75,-5.68,US Census Bureau,2025-Q4,https://www.census.gov/construction/bps/
14605,Rochester,43.2342,-77.5454,67,-6.17,US Census Bureau,2025-Q4,https://www.census.gov/construction/bps/
14606,Rochester,43.0173,-77.7037,79,-5.35,US Census Bureau,2025-Q4,https://www.census.gov/construction/bps/
14607,Rochester,43.198,-77.6964,76,-7.01,US Census Bureau,2025-Q4,https://www.census.gov/construction/bps/
14608,Rochester,43.0127,-77.6433,76,-5.89,US Census Bureau,2025-Q4,https://www.census.gov/construction/bps/
14609,Rochester,43.1293,-77.6597,86,-7.31,US Census Bureau,2025-Q4,https://www.census.gov/construction/bps/
14610,Rochester,43.0485,-77.4909,70,-5.53,US Census Bureau,2025-Q4,https://www.census.gov/construction/bps/
14611,Rochester,43.016,-77.6971,85,-5.64,US Census Bureau,2025-Q4,https://www.census.gov/construction/bps/
14612,Rochester,43.2691,-77.5385,73,-6.22,US Census Bureau,2025-Q4,https://www.census.gov/construction/bps/
14613,Rochester,43.1696,-77.5655,86,-7.14,US Census Bureau,2025-Q4,https://www.census.gov/construction/bps/
14614,Rochester,43.1531,-77.7712,68,-6.87,US Census Bureau,2025-Q4,https://www.census.gov/construction/bps/
14615,Rochester,43.2199,-77.4738,70,-5.63,US Census Bureau,2025-Q4,https://www.census.gov/construction/bps/
14201,Buffalo,43.0176,-79.0061,97,-5.65,US Census Bureau,2025-Q4,https://www.census.gov/construction/bps/
14202,Buffalo,42.7703,-78.7556,101,-6.27,US Census Bureau,2025-Q4,https://www.census.gov/construction/bps/
14203,Buffalo,42.9612,-78.7407,105,-6.7,US Census Bureau,2025-Q4,https://www.census.gov/construction/bps/
14204,Buffalo,42.8122,-78.8327,99,-6.58,US Census Bureau,2025-Q4,https://www.census.gov/construction/bps/
14205,Buffalo,42.9099,-78.9059,76,-7.57,US Census Bureau,2025-Q4,https://www.census.gov/construction/bps/
14206,Buffalo,42.7579,-78.7402,90,-6.52,US Census Bureau,2025-Q4,https://www.census.gov/construction/bps/
14207,Buffalo,43.0005,-78.9477,103,-6.23,US Census Bureau,2025-Q4,https://www.census.gov/construction/bps/
14208,Buffalo,42.9388,-79.0249,83,-6.09,US Census Bureau,2025-Q4,https://www.census.gov/construction/bps/
14209,Buffalo,43.0004,-78.9587,101,-6.78,US Census Bureau,2025-Q4,https://www.census.gov/construction/bps/
14210,Buffalo,42.7699,-78.9534,86,-6.37,US Census Bureau,2025-Q4,https://www.census.gov/construction/bps/
14211,Buffalo,42.7398,-78.9726,104,-5.94,US Census Bureau,2025-Q4,https://www.census.gov/construction/bps/
14212,Buffalo,42.9702,-78.8329,100,-6.13,US Census Bureau,2025-Q4,https://www.census.gov/construction/bps/
14213,Buffalo,42.8028,-78.9216,95,-7.49,US Census Bureau,2025-Q4,https://www.census.gov/construction/bps/
14214,Buffalo,42.9193,-79.0486,92,-6.34,US Census Bureau,2025-Q4,https://www.census.gov/construction/bps/
14215,Buffalo,42.9497,-78.8541,81,-6.46,US Census Bureau,2025-Q4,https://www.census.gov/construction/bps/
99501,Anchorage,61.2239,-149.7788,94,-6.28,US Census Bureau,2025-Q4,https://www.census.gov/construction/bps/
99502,Anchorage,61.1348,-149.9297,86,-6.94,US Census Bureau,2025-Q4,https://www.census.gov/construction/bps/
99503,Anchorage,61.3439,-149.7859,74,-5.84,US Census Bureau,2025-Q4,https://www.census.gov/construction/bps/
99504,Anchorage,61.0994,-150.0187,69,-6.44,US Census Bureau,2025-Q4,https://www.census.gov/construction/bps/
99505,Anchorage,61.1344,-149.8803,68,-6.42,US Census Bureau,2025-Q4,https://www.census.gov/construction/bps/
99506,Anchorage,61.1651,-149.7952,92,-6.84,US Census Bureau,2025-Q4,https://www.census.gov/construction/bps/
99507,Anchorage,61.357,-149.7265,80,-5.57,US Census Bureau,2025-Q4,https://www.census.gov/construction/bps/
99508,Anchorage,61.3087,-149.9868,84,-6.43,US Census Bureau,2025-Q4,https://www.census.gov/construction/bps/
99509,Anchorage,61.2596,-150.0544,93,-5.46,US Census Bureau,2025-Q4,https://www.census.gov/construction/bps/
99510,Anchorage,61.2513,-149.7347,81,-7.53,US Census Bureau,2025-Q4,https://www.census.gov/construction/bps/
96801,Honolulu,21.4344,-157.8729,120,-5.8,US Census Bureau,2025-Q4,https://www.census.gov/construction/bps/
96802,Honolulu,21.1685,-157.912,114,-7.35,US Census Bureau,2025-Q4,https://www.census.gov/construction/bps/
96803,Honolulu,21.2913,-157.7544,128,-7.4,US Census Bureau,2025-Q4,https://www.census.gov/construction/bps/
96804,Honolulu,21.3188,-157.7852,107,-6.44,US Census Bureau,2025-Q4,https://www.census.gov/construction/bps/
96805,Honolulu,21.3697,-157.7216,135,-7.19,US Census Bureau,2025-Q4,https://www.census.gov/construction/bps/
96806,Honolulu,21.3152,-157.7718,133,-5.37,US Census Bureau,2025-Q4,https://www.census.gov/construction/bps/
96807,Honolulu,21.4447,-157.7036,107,-5.77,US Census Bureau,2025-Q4,https://www.census.gov/construction/bps/
96808,Honolulu,21.1859,-157.7462,110,-6.57,US Census Bureau,2025-Q4,https://www.census.gov/construction/bps/
96809,Honolulu,21.2634,-157.9212,139,-5.58,US Census Bureau,2025-Q4,https://www.census.gov/construction/bps/
96810,Honolulu,21.4019,-157.8454,105,-5.96,US Census Bureau,2025-Q4,https://www.census.gov/construction/bps/
76101,Fort Worth,32.7547,-97.1585,312,-7.1,US Census Bureau,2025-Q4,https://www.census.gov/construction/bps/
76102,Fort Worth,32.6582,-97.2675,252,-6.95,US Census Bureau,2025-Q4,https://www.census.gov/construction/bps/
76103,Fort Worth,32.7886,-97.1679,326,-6.89,US Census Bureau,2025-Q4,https://www.census.gov/construction/bps/
76104,Fort Worth,32.7475,-97.3862,317,-6.89,US Census Bureau,2025-Q4,https://www.census.gov/construction/bps/
76105,Fort Worth,32.9002,-97.2705,306,-7.4,US Census Bureau,2025-Q4,https://www.census.gov/construction/bps/
76106,Fort Worth,32.8599,-97.4859,330,-6.34,US Census Bureau,2025-Q4,https://www.census.gov/construction/bps/
76107,Fort Worth,32.8788,-97.2149,235,-6.48,US Census Bureau,2025-Q4,https://www.census.gov/construction/bps/
76108,Fort Worth,32.7816,-97.2837,289,-5.8,US Census Bureau,2025-Q4,https://www.census.gov/construction/bps/
76109,Fort Worth,32.6143,-97.3858,311,-7.06,US Census Bureau,2025-Q4,https://www.census.gov/construction/bps/
76110,Fort Worth,32.7352,-97.3326,334,-5.83,US Census Bureau,2025-Q4,https://www.census.gov/construction/bps/
76111,Fort Worth,32.8995,-97.311,252,-5.8,US Census Bureau,2025-Q4,https://www.census.gov/construction/bps/
76112,Fort Worth,32.7093,-97.5105,296,-7.41,US Census Bureau,2025-Q4,https://www.census.gov/construction/bps/
76113,Fort Worth,32.7693,-97.4406,240,-5.86,US Census Bureau,2025-Q4,https://www.census.gov/construction/bps/
76114,Fort Worth,32.8259,-97.2174,250,-7.01,US Census Bureau,2025-Q4,https://www.census.gov/construction/bps/
76115,Fort Worth,32.8768,-97.1927,258,-7.19,US Census Bureau,2025-Q4,https://www.census.gov/construction/bps/
78401,Corpus Christi,27.7965,-97.2803,70,-6.86,US Census Bureau,2025-Q4,https://www.census.gov/construction/bps/
78402,Corpus Christi,27.8657,-97.2384,76,-6.6,US Census Bureau,2025-Q4,https://www.census.gov/construction/bps/
78403,Corpus Christi,27.8911,-97.5661,92,-5.83,US Census Bureau,2025-Q4,https://www.census.gov/construction/bps/
78404,Corpus Christi,27.8449,-97.4315,80,-6.34,US Census Bureau,2025-Q4,https://www.census.gov/construction/bps/
78405,Corpus Christi,27.6976,-97.5432,85,-5.93,US Census Bureau,2025-Q4,https://www.census.gov/construction/bps/
78406,Corpus Christi,27.8832,-97.2819,66,-6.04,US Census Bureau,2025-Q4,https://www.census.gov/construction/bps/
78407,Corpus Christi,27.8981,-97.3536,82,-7.53,US Census Bureau,2025-Q4,https://www.census.gov/construction/bps/
78408,Corpus Christi,27.8209,-97.5554,94,-6.41,US Census Bureau,2025-Q4,https://www.census.gov/construction/bps/
78409,Corpus Christi,27.8942,-97.4693,92,-5.82,US Census Bureau,2025-Q4,https://www.census.gov/construction/bps/
78410,Corpus Christi,27.8702,-97.2471,66,-6.14,US Census Bureau,2025-Q4,https://www.census.gov/construction/bps/
78411,Corpus Christi,27.846,-97.3758,76,-6.66,US Census Bureau,2025-Q4,https://www.census.gov/construction/bps/
78412,Corpus Christi,27.7306,-97.4006,65,-7.51,US Census Bureau,2025-Q4,https://www.census.gov/construction/bps/
78413,Corpus Christi,27.8118,-97.3349,69,-6.15,US Census Bureau,2025-Q4,https://www.census.gov/construction/bps/
78414,Corpus Christi,27.8473,-97.3811,88,-7.39,US Census Bureau,2025-Q4,https://www.census.gov/construction/bps/
78415,Corpus Christi,27.862,-97.2876,80,-5.69,US Census Bureau,2025-Q4,https://www.census.gov/construction/bps/
79401,Lubbock,33.5153,-101.7663,61,-7.35,US Census Bureau,2025-Q4,https://www.census.gov/construction/bps/
79402,Lubbock,33.7197,-102.015,76,-7.03,US Census Bureau,2025-Q4,https://www.census.gov/construction/bps/
79403,Lubbock,33.5141,-101.7007,77,-6.49,US Census Bureau,2025-Q4,https://www.census.gov/construction/bps/
79404,Lubbock,33.6251,-101.988,65,-6.84,US Census Bureau,2025-Q4,https://www.census.gov/construction/bps/
79405,Lubbock,33.6265,-101.9366,67,-6.89,US Census Bureau,2025-Q4,https://www.census.gov/construction/bps/
79406,Lubbock,33.522,-101.6911,67,-6.69,US Census Bureau,2025-Q4,https://www.census.gov/construction/bps/
79407,Lubbock,33.5654,-101.9654,74,-6.92,US Census Bureau,2025-Q4,https://www.census.gov/construction/bps/
79408,Lubbock,33.4399,-101.7233,65,-6.17,US Census Bureau,2025-Q4,https://www.census.gov/construction/bps/
79409,Lubbock,33.6062,-101.936,71,-7.42,US Census Bureau,2025-Q4,https://www.census.gov/construction/bps/
79410,Lubbock,33.6885,-101.9207,74,-7.21,US Census Bureau,2025-Q4,https://www.census.gov/construction/bps/
79101,Amarillo,35.119,-101.738,75,-5.93,US Census Bureau,2025-Q4,https://www.census.gov/construction/bps/
79102,Amarillo,35.1821,-101.8009,74,-5.56,US Census Bureau,2025-Q4,https://www.census.gov/construction/bps/
79103,Amarillo,35.28,-101.7577,77,-5.95,US Census Bureau,2025-Q4,https://www.census.gov/construction/bps/
79104,Amarillo,35.2449,-101.8237,78,-6.06,US Census Bureau,2025-Q4,https://www.census.gov/construction/bps/
79105,Amarillo,35.1416,-101.7652,68,-5.52,US Census Bureau,2025-Q4,https://www.census.gov/construction/bps/
79106,Amarillo,35.0753,-101.959,82,-7.4,US Census Bureau,2025-Q4,https://www.census.gov/construction/bps/
79107,Amarillo,35.2465,-101.9093,83,-6.86,US Census Bureau,2025-Q4,https://www.census.gov/construction/bps/
79108,Amarillo,35.3533,-102.0021,66,-6.63,US Census Bureau,2025-Q4,https://www.census.gov/construction/bps/
79109,Amarillo,35.3543,-101.6868,88,-5.65,US Census Bureau,2025-Q4,https://www.census.gov/construction/bps/
79110,Amarillo,35.2963,-101.8671,85,-6.92,US Census Bureau,2025-Q4,https://www.census.gov/construction/bps/
76201,Denton,33.2099,-97.0283,260,-7.42,US Census Bureau,2025-Q4,https://www.census.gov/construction/bps/
76202,Denton,33.1825,-97.2035,244,-7.41,US Census Bureau,2025-Q4,https://www.census.gov/construction/bps/
76203,Denton,33.135,-97.2498,245,-5.91,US Census Bureau,2025-Q4,https://www.census.gov/construction/bps/
76204,Denton,33.1825,-97.0021,306,-7.43,US Census Bureau,2025-Q4,https://www.census.gov/construction/bps/
76205,Denton,33.0919,-97.2902,324,-6.91,US Census Bureau,2025-Q4,https://www.census.gov/construction/bps/
76206,Denton,33.2081,-97.0504,285,-6.87,US Census Bureau,2025-Q4,https://www.census.gov/construction/bps/
76207,Denton,33.1922,-97.0169,281,-6.62,US Census Bureau,2025-Q4,https://www.census.gov/construction/bps/
76208,Denton,33.1471,-96.9693,298,-6.93,US Census Bureau,2025-Q4,https://www.census.gov/construction/bps/
76209,Denton,33.2857,-97.0391,261,-7.47,US Census Bureau,2025-Q4,https://www.census.gov/construction/bps/
76210,Denton,33.2026,-96.9928,278,-5.76,US Census Bureau,2025-Q4,https://www.census.gov/construction/bps/
75401,Greenville TX,33.1181,-96.1485,274,-6.65,US Census Bureau,2025-Q4,https://www.census.gov/construction/bps/
75402,Greenville TX,33.1258,-96.0154,296,-6.04,US Census Bureau,2025-Q4,https://www.census.gov/construction/bps/
75403,Greenville TX,33.1463,-96.0361,298,-5.55,US Census Bureau,2025-Q4,https://www.census.gov/construction/bps/
75404,Greenville TX,33.2625,-96.1611,272,-5.67,US Census Bureau,2025-Q4,https://www.census.gov/construction/bps/
75405,Greenville TX,33.2091,-96.2445,278,-6.71,US Census Bureau,2025-Q4,https://www.census.gov/construction/bps/
75406,Greenville TX,33.055,-96.173,275,-5.73,US Census Bureau,2025-Q4,https://www.census.gov/construction/bps/
75407,Greenville TX,33.2114,-96.043,254,-6.86,US Census Bureau,2025-Q4,https://www.census.gov/construction/bps/
75408,Greenville TX,33.114,-96.1377,267,-5.95,US Census Bureau,2025-Q4,https://www.census.gov/construction/bps/
75409,Greenville TX,33.065,-96.1166,265,-6.68,US Census Bureau,2025-Q4,https://www.census.gov/construction/bps/
75410,Greenville TX,33.3071,-95.9658,284,-6.75,US Census Bureau,2025-Q4,https://www.census.gov/construction/bps/
36101,Montgomery,32.3959,-86.2919,68,-6.25,US Census Bureau,2025-Q4,https://www.census.gov/construction/bps/
36102,Montgomery,32.2358,-86.2049,71,-6.53,US Census Bureau,2025-Q4,https://www.census.gov/construction/bps/
36103,Montgomery,32.4886,-86.4499,60,-6.68,US Census Bureau,2025-Q4,https://www.census.gov/construction/bps/
36104,Montgomery,32.3342,-86.1669,75,-6.01,US Census Bureau,2025-Q4,https://www.census.gov/construction/bps/
36105,Montgomery,32.3037,-86.432,57,-6.08,US Census Bureau,2025-Q4,https://www.census.gov/construction/bps/
36106,Montgomery,32.4883,-86.3256,73,-5.41,US Census Bureau,2025-Q4,https://www.census.gov/construction/bps/
36107,Montgomery,32.3615,-86.2148,76,-5.92,US Census Bureau,2025-Q4,https://www.census.gov/construction/bps/
36108,Montgomery,32.2218,-86.463,76,-7.02,US Census Bureau,2025-Q4,https://www.census.gov/construction/bps/
36109,Montgomery,32.2646,-86.1847,65,-5.63,US Census Bureau,2025-Q4,https://www.census.gov/construction/bps/
36110,Montgomery,32.4829,-86.4256,54,-7.38,US Census Bureau,2025-Q4,https://www.census.gov/construction/bps/
36601,Mobile,30.611,-87.8918,76,-7.26,US Census Bureau,2025-Q4,https://www.census.gov/construction/bps/
36602,Mobile,30.5864,-88.2037,71,-6.06,US Census Bureau,2025-Q4,https://www.census.gov/construction/bps/
36603,Mobile,30.7569,-88.1984,65,-6.8,US Census Bureau,2025-Q4,https://www.census.gov/construction/bps/
36604,Mobile,30.7953,-87.919,72,-6.84,US Census Bureau,2025-Q4,https://www.census.gov/construction/bps/
36605,Mobile,30.5644,-88.0322,70,-5.76,US Census Bureau,2025-Q4,https://www.census.gov/construction/bps/
36606,Mobile,30.7494,-88.1855,72,-6.22,US Census Bureau,2025-Q4,https://www.census.gov/construction/bps/
36607,Mobile,30.6156,-87.9536,69,-7.21,US Census Bureau,2025-Q4,https://www.census.gov/construction/bps/
36608,Mobile,30.6756,-88.1351,71,-5.9,US Census Bureau,2025-Q4,https://www.census.gov/construction/bps/
36609,Mobile,30.5489,-88.0187,64,-5.4,US Census Bureau,2025-Q4,https://www.census.gov/construction/bps/
36610,Mobile,30.5534,-88.1658,67,-6.15,US Census Bureau,2025-Q4,https://www.census.gov/construction/bps/
31201,Macon,32.9122,-83.5236,55,-5.92,US Census Bureau,2025-Q4,https://www.census.gov/construction/bps/
31202,Macon,32.8308,-83.8022,59,-7.39,US Census Bureau,2025-Q4,https://www.census.gov/construction/bps/
31203,Macon,32.881,-83.6344,51,-6.09,US Census Bureau,2025-Q4,https://www.census.gov/construction/bps/
31204,Macon,32.8412,-83.5994,50,-7.19,US Census Bureau,2025-Q4,https://www.census.gov/construction/bps/
31205,Macon,32.8797,-83.7902,45,-6.24,US Census Bureau,2025-Q4,https://www.census.gov/construction/bps/
31206,Macon,32.7735,-83.6513,51,-7.65,US Census Bureau,2025-Q4,https://www.census.gov/construction/bps/
31207,Macon,32.934,-83.7794,50,-6.4,US Census Bureau,2025-Q4,https://www.census.gov/construction/bps/
31208,Macon,32.7645,-83.4904,60,-6.3,US Census Bureau,2025-Q4,https://www.census.gov/construction/bps/
31209,Macon,32.9827,-83.6256,55,-6.5,US Census Bureau,2025-Q4,https://www.census.gov/construction/bps/
31210,Macon,32.8647,-83.7167,53,-5.48,US Census Bureau,2025-Q4,https://www.census.gov/construction/bps/
30901,Augusta,33.4576,-81.844,88,-5.6,US Census Bureau,2025-Q4,https://www.census.gov/construction/bps/
30902,Augusta,33.4432,-82.0922,76,-7.11,US Census Bureau,2025-Q4,https://www.census.gov/construction/bps/
30903,Augusta,33.4799,-81.9335,71,-6.62,US Census Bureau,2025-Q4,https://www.census.gov/construction/bps/
30904,Augusta,33.3942,-81.9079,81,-6.76,US Census Bureau,2025-Q4,https://www.census.gov/construction/bps/
30905,Augusta,33.393,-81.9894,87,-5.5,US Census Bureau,2025-Q4,https://www.census.gov/construction/bps/
30906,Augusta,33.3948,-82.168,82,-6.94,US Census Bureau,2025-Q4,https://www.census.gov/construction/bps/
30907,Augusta,33.418,-81.9768,82,-7.41,US Census Bureau,2025-Q4,https://www.census.gov/construction/bps/
30908,Augusta,33.5507,-82.1129,74,-6.82,US Census Bureau,2025-Q4,https://www.census.gov/construction/bps/
30909,Augusta,33.5734,-82.1482,80,-6.78,US Census Bureau,2025-Q4,https://www.census.gov/construction/bps/
30910,Augusta,33.5498,-81.9518,92,-6.04,US Census Bureau,2025-Q4,https://www.census.gov/construction/bps/
70801,Baton Rouge,30.5762,-91.2582,97,-6.43,US Census Bureau,2025-Q4,https://www.census.gov/construction/bps/
70802,Baton Rouge,30.5067,-91.0399,114,-7.65,US Census Bureau,2025-Q4,https://www.census.gov/construction/bps/
70803,Baton Rouge,30.5539,-91.1479,92,-7.6,US Census Bureau,2025-Q4,https://www.census.gov/construction/bps/
70804,Baton Rouge,30.3378,-91.3183,94,-5.92,US Census Bureau,2025-Q4,https://www.census.gov/construction/bps/
70805,Baton Rouge,30.5312,-91.2347,112,-6.6,US Census Bureau,2025-Q4,https://www.census.gov/construction/bps/
70806,Baton Rouge,30.5972,-91.0817,106,-6.19,US Census Bureau,2025-Q4,https://www.census.gov/construction/bps/
70807,Baton Rouge,30.4069,-91.1238,88,-7.12,US Census Bureau,2025-Q4,https://www.census.gov/construction/bps/
70808,Baton Rouge,30.3899,-91.2711,109,-7.31,US Census Bureau,2025-Q4,https://www.census.gov/construction/bps/
70809,Baton Rouge,30.5456,-91.3632,102,-7.15,US Census Bureau,2025-Q4,https://www.census.gov/construction/bps/
70810,Baton Rouge,30.3322,-91.1683,112,-6.13,US Census Bureau,2025-Q4,https://www.census.gov/construction/bps/
70811,Baton Rouge,30.3089,-91.3416,87,-7.12,US Census Bureau,2025-Q4,https://www.census.gov/construction/bps/
70812,Baton Rouge,30.4158,-91.2374,105,-5.83,US Census Bureau,2025-Q4,https://www.census.gov/construction/bps/
70813,Baton Rouge,30.3226,-91.3601,100,-6.98,US Census Bureau,2025-Q4,https://www.census.gov/construction/bps/
70814,Baton Rouge,30.5252,-91.3368,115,-6.94,US Census Bureau,2025-Q4,https://www.census.gov/construction/bps/
70815,Baton Rouge,30.5757,-91.0282,98,-7.06,US Census Bureau,2025-Q4,https://www.census.gov/construction/bps/
71101,Shreveport,32.5358,-93.8159,58,-6.26,US Census Bureau,2025-Q4,https://www.census.gov/construction/bps/
71102,Shreveport,32.4687,-93.6927,60,-5.79,US Census Bureau,2025-Q4,https://www.census.gov/construction/bps/
71103,Shreveport,32.6235,-93.7468,72,-5.62,US Census Bureau,2025-Q4,https://www.census.gov/construction/bps/
71104,Shreveport,32.5257,-93.9166,62,-7.52,US Census Bureau,2025-Q4,https://www.census.gov/construction/bps/
71105,Shreveport,32.4053,-93.7802,67,-6.13,US Census Bureau,2025-Q4,https://www.census.gov/construction/bps/
71106,Shreveport,32.4774,-93.6079,55,-7.19,US Census Bureau,2025-Q4,https://www.census.gov/construction/bps/
71107,Shreveport,32.58,-93.6863,67,-6.62,US Census Bureau,2025-Q4,https://www.census.gov/construction/bps/
71108,Shreveport,32.4673,-93.6525,55,-6.14,US Census Bureau,2025-Q4,https://www.census.gov/construction/bps/
71109,Shreveport,32.5288,-93.7222,68,-7.01,US Census Bureau,2025-Q4,https://www.census.gov/construction/bps/
71110,Shreveport,32.6259,-93.6311,57,-6.04,US Census Bureau,2025-Q4,https://www.census.gov/construction/bps/
70501,Lafayette,30.3512,-92.1268,78,-5.54,US Census Bureau,2025-Q4,https://www.census.gov/construction/bps/
70502,Lafayette,30.3597,-92.1401,87,-7.47,US Census Bureau,2025-Q4,https://www.census.gov/construction/bps/
70503,Lafayette,30.2337,-92.0247,86,-6.9,US Census Bureau,2025-Q4,https://www.census.gov/construction/bps/
70504,Lafayette,30.183,-91.9374,76,-6.74,US Census Bureau,2025-Q4,https://www.census.gov/construction/bps/
70505,Lafayette,30.3388,-92.1054,74,-6.11,US Census Bureau,2025-Q4,https://www.census.gov/construction/bps/
70506,Lafayette,30.0771,-92.1089,90,-6.68,US Census Bureau,2025-Q4,https://www.census.gov/construction/bps/
70507,Lafayette,30.3403,-92.1842,71,-7.52,US Census Bureau,2025-Q4,https://www.census.gov/construction/bps/
70508,Lafayette,30.295,-92.1503,91,-5.84,US Census Bureau,2025-Q4,https://www.census.gov/construction/bps/
70509,Lafayette,30.1123,-92.1867,72,-6.97,US Census Bureau,2025-Q4,https://www.census.gov/construction/bps/
70510,Lafayette,30.088,-92.1943,68,-6.28,US Census Bureau,2025-Q4,https://www.census.gov/construction/bps/
74101,Tulsa,36.1745,-96.0746,102,-5.99,US Census Bureau,2025-Q4,https://www.census.gov/construction/bps/
74102,Tulsa,36.1187,-95.8542,87,-5.47,US Census Bureau,2025-Q4,https://www.census.gov/construction/bps/
74103,Tulsa,36.0864,-95.8175,92,-6.13,US Census Bureau,2025-Q4,https://www.census.gov/construction/bps/
74104,Tulsa,36.166,-96.0692,88,-6.07,US Census Bureau,2025-Q4,https://www.census.gov/construction/bps/
74105,Tulsa,36.2434,-95.8459,96,-6.51,US Census Bureau,2025-Q4,https://www.census.gov/construction/bps/
74106,Tulsa,36.0844,-96.0303,105,-6.77,US Census Bureau,2025-Q4,https://www.census.gov/construction/bps/
74107,Tulsa,36.2812,-95.9983,86,-7.43,US Census Bureau,2025-Q4,https://www.census.gov/construction/bps/
74108,Tulsa,36.2384,-95.9567,94,-5.49,US Census Bureau,2025-Q4,https://www.census.gov/construction/bps/
74109,Tulsa,36.0999,-96.1434,92,-5.37,US Census Bureau,2025-Q4,https://www.census.gov/construction/bps/
74110,Tulsa,36.0791,-96.0878,88,-6.3,US Census Bureau,2025-Q4,https://www.census.gov/construction/bps/
74111,Tulsa,36.1083,-96.0022,105,-5.56,US Census Bureau,2025-Q4,https://www.census.gov/construction/bps/
74112,Tulsa,36.116,-95.9311,99,-5.98,US Census Bureau,2025-Q4,https://www.census.gov/construction/bps/
74113,Tulsa,36.151,-95.9039,95,-5.65,US Census Bureau,2025-Q4,https://www.census.gov/construction/bps/
74114,Tulsa,36.2011,-95.9272,96,-6.32,US Census Bureau,2025-Q4,https://www.census.gov/construction/bps/
74115,Tulsa,36.2697,-95.9837,82,-6.02,US Census Bureau,2025-Q4,https://www.census.gov/construction/bps/
67201,Wichita,37.5655,-97.2979,90,-5.72,US Census Bureau,2025-Q4,https://www.census.gov/construction/bps/
67202,Wichita,37.5796,-97.2017,91,-6.46,US Census Bureau,2025-Q4,https://www.census.gov/construction/bps/
67203,Wichita,37.8148,-97.3073,86,-6.8,US Census Bureau,2025-Q4,https://www.census.gov/construction/bps/
67204,Wichita,37.5886,-97.4371,94,-7.33,US Census Bureau,2025-Q4,https://www.census.gov/construction/bps/
67205,Wichita,37.5617,-97.1932,66,-7.15,US Census Bureau,2025-Q4,https://www.census.gov/construction/bps/
67206,Wichita,37.6108,-97.3717,67,-5.53,US Census Bureau,2025-Q4,https://www.census.gov/construction/bps/
67207,Wichita,37.7449,-97.4853,85,-7.09,US Census Bureau,2025-Q4,https://www.census.gov/construction/bps/
67208,Wichita,37.5525,-97.2897,65,-5.58,US Census Bureau,2025-Q4,https://www.census.gov/construction/bps/
67209,Wichita,37.652,-97.4215,90,-5.71,US Census Bureau,2025-Q4,https://www.census.gov/construction/bps/
67210,Wichita,37.7183,-97.3327,89,-7.19,US Census Bureau,2025-Q4,https://www.census.gov/construction/bps/
57101,Sioux Falls,43.6647,-96.8655,66,-5.75,US Census Bureau,2025-Q4,https://www.census.gov/construction/bps/
57102,Sioux Falls,43.4412,-96.7373,87,-7.46,US Census Bureau,2025-Q4,https://www.census.gov/construction/bps/
57103,Sioux Falls,43.5347,-96.7066,74,-7.19,US Census Bureau,2025-Q4,https://www.census.gov/construction/bps/
57104,Sioux Falls,43.5353,-96.6422,66,-5.83,US Census Bureau,2025-Q4,https://www.census.gov/construction/bps/
57105,Sioux Falls,43.5328,-96.6177,66,-6.47,US Census Bureau,2025-Q4,https://www.census.gov/construction/bps/
57106,Sioux Falls,43.4462,-96.7464,68,-7.58,US Census Bureau,2025-Q4,https://www.census.gov/construction/bps/
57107,Sioux Falls,43.5053,-96.735,71,-5.88,US Census Bureau,2025-Q4,https://www.census.gov/construction/bps/
57108,Sioux Falls,43.6601,-96.5606,71,-7.6,US Census Bureau,2025-Q4,https://www.census.gov/construction/bps/
57109,Sioux Falls,43.5044,-96.8466,72,-6.77,US Census Bureau,2025-Q4,https://www.census.gov/construction/bps/
57110,Sioux Falls,43.4048,-96.7543,85,-5.62,US Census Bureau,2025-Q4,https://www.census.gov/construction/bps/
58101,Fargo,46.8219,-96.8051,92,-6.74,US Census Bureau,2025-Q4,https://www.census.gov/construction/bps/
58102,Fargo,46.9293,-96.9542,69,-5.63,US Census Bureau,2025-Q4,https://www.census.gov/construction/bps/
58103,Fargo,46.8685,-96.96,93,-6.19,US Census Bureau,2025-Q4,https://www.census.gov/construction/bps/
58104,Fargo,46.854,-96.8947,84,-6.68,US Census Bureau,2025-Q4,https://www.census.gov/construction/bps/
58105,Fargo,46.7526,-96.6571,73,-7.28,US Census Bureau,2025-Q4,https://www.census.gov/construction/bps/
58106,Fargo,46.7333,-96.9637,88,-5.71,US Census Bureau,2025-Q4,https://www.census.gov/construction/bps/
58107,Fargo,46.834,-96.6454,71,-6.68,US Census Bureau,2025-Q4,https://www.census.gov/construction/bps/
58108,Fargo,46.7681,-96.6802,68,-6.78,US Census Bureau,2025-Q4,https://www.census.gov/construction/bps/
58109,Fargo,46.9197,-96.6369,76,-5.65,US Census Bureau,2025-Q4,https://www.census.gov/construction/bps/
58110,Fargo,46.8312,-96.8584,85,-6.73,US Census Bureau,2025-Q4,https://www.census.gov/construction/bps/
59101,Billings,45.7226,-108.5036,69,-7.36,US Census Bureau,2025-Q4,https://www.census.gov/construction/bps/
59102,Billings,45.7348,-108.5551,75,-7.44,US Census Bureau,2025-Q4,https://www.census.gov/construction/bps/
59103,Billings,45.8289,-108.4262,65,-7.36,US Census Bureau,2025-Q4,https://www.census.gov/construction/bps/
59104,Billings,45.9326,-108.4693,72,-6.06,US Census Bureau,2025-Q4,https://www.census.gov/construction/bps/
59105,Billings,45.6543,-108.569,65,-5.58,US Census Bureau,2025-Q4,https://www.census.gov/construction/bps/
59106,Billings,45.7321,-108.3896,64,-7.5,US Census Bureau,2025-Q4,https://www.census.gov/construction/bps/
59107,Billings,45.6753,-108.3374,60,-7.3,US Census Bureau,2025-Q4,https://www.census.gov/construction/bps/
59108,Billings,45.9179,-108.4563,75,-6.19,US Census Bureau,2025-Q4,https://www.census.gov/construction/bps/
59109,Billings,45.925,-108.4504,66,-5.43,US Census Bureau,2025-Q4,https://www.census.gov/construction/bps/
59110,Billings,45.8482,-108.3526,77,-5.47,US Census Bureau,2025-Q4,https://www.census.gov/construction/bps/
59715,Bozeman,45.82,-111.0576,95,-7.32,US Census Bureau,2025-Q4,https://www.census.gov/construction/bps/
59716,Bozeman,45.6464,-111.0746,104,-7.13,US Census Bureau,2025-Q4,https://www.census.gov/construction/bps/
59717,Bozeman,45.6607,-111.0085,84,-7.53,US Census Bureau,2025-Q4,https://www.census.gov/construction/bps/
59718,Bozeman,45.5657,-111.215,93,-7.23,US Census Bureau,2025-Q4,https://www.census.gov/construction/bps/
59719,Bozeman,45.7141,-110.925,91,-7.55,US Census Bureau,2025-Q4,https://www.census.gov/construction/bps/
59720,Bozeman,45.7795,-110.9759,95,-6.21,US Census Bureau,2025-Q4,https://www.census.gov/construction/bps/
59721,Bozeman,45.7382,-111.0428,89,-6.4,US Census Bureau,2025-Q4,https://www.census.gov/construction/bps/
59722,Bozeman,45.5393,-111.1085,84,-7.42,US Census Bureau,2025-Q4,https://www.census.gov/construction/bps/
59723,Bozeman,45.6453,-111.0969,81,-7.16,US Census Bureau,2025-Q4,https://www.census.gov/construction/bps/
59724,Bozeman,45.5952,-111.2139,86,-6.38,US Census Bureau,2025-Q4,https://www.census.gov/construction/bps/
50301,Des Moines,41.5086,-93.7149,91,-6.55,US Census Bureau,2025-Q4,https://www.census.gov/construction/bps/
50302,Des Moines,41.5788,-93.6806,94,-7.66,US Census Bureau,2025-Q4,https://www.census.gov/construction/bps/
50303,Des Moines,41.6731,-93.4509,89,-6.74,US Census Bureau,2025-Q4,https://www.census.gov/construction/bps/
50304,Des Moines,41.4961,-93.6251,118,-6.29,US Census Bureau,2025-Q4,https://www.census.gov/construction/bps/
50305,Des Moines,41.67,-93.6116,83,-5.54,US Census Bureau,2025-Q4,https://www.census.gov/construction/bps/
50306,Des Moines,41.5114,-93.5099,109,-5.46,US Census Bureau,2025-Q4,https://www.census.gov/construction/bps/
50307,Des Moines,41.7073,-93.527,103,-6.34,US Census Bureau,2025-Q4,https://www.census.gov/construction/bps/
50308,Des Moines,41.6494,-93.6248,102,-6.89,US Census Bureau,2025-Q4,https://www.census.gov/construction/bps/
50309,Des Moines,41.6649,-93.6598,84,-6.91,US Census Bureau,2025-Q4,https://www.census.gov/construction/bps/
50310,Des Moines,41.4964,-93.5153,107,-6.71,US Census Bureau,2025-Q4,https://www.census.gov/construction/bps/
50311,Des Moines,41.6239,-93.6891,100,-6.08,US Census Bureau,2025-Q4,https://www.census.gov/construction/bps/
50312,Des Moines,41.5786,-93.5743,87,-5.52,US Census Bureau,2025-Q4,https://www.census.gov/construction/bps/
50313,Des Moines,41.6442,-93.4532,86,-7.06,US Census Bureau,2025-Q4,https://www.census.gov/construction/bps/
50314,Des Moines,41.5605,-93.5765,99,-7.43,US Census Bureau,2025-Q4,https://www.census.gov/construction/bps/
50315,Des Moines,41.6548,-93.4897,117,-6.04,US Census Bureau,2025-Q4,https://www.census.gov/construction/bps/
52401,Cedar Rapids,41.8816,-91.536,70,-6.9,US Census Bureau,2025-Q4,https://www.census.gov/construction/bps/
52402,Cedar Rapids,41.9925,-91.6004,90,-6.41,US Census Bureau,2025-Q4,https://www.census.gov/construction/bps/
52403,Cedar Rapids,41.962,-91.7474,93,-5.43,US Census Bureau,2025-Q4,https://www.census.gov/construction/bps/
52404,Cedar Rapids,41.9366,-91.5163,71,-7.21,US Census Bureau,2025-Q4,https://www.census.gov/construction/bps/
52405,Cedar Rapids,42.1062,-91.7485,71,-5.96,US Census Bureau,2025-Q4,https://www.census.gov/construction/bps/
52406,Cedar Rapids,42.0435,-91.6675,65,-6.25,US Census Bureau,2025-Q4,https://www.census.gov/construction/bps/
52407,Cedar Rapids,42.1199,-91.6108,76,-6.99,US Census Bureau,2025-Q4,https://www.census.gov/construction/bps/
52408,Cedar Rapids,41.9025,-91.6681,87,-7.61,US Census Bureau,2025-Q4,https://www.census.gov/construction/bps/
52409,Cedar Rapids,42.079,-91.5166,69,-7.05,US Census Bureau,2025-Q4,https://www.census.gov/construction/bps/
52410,Cedar Rapids,42.0351,-91.543,67,-5.87,US Census Bureau,2025-Q4,https://www.census.gov/construction/bps/
66101,Kansas City KS,39.1364,-94.499,242,-7.44,US Census Bureau,2025-Q4,https://www.census.gov/construction/bps/
66102,Kansas City KS,39.0606,-94.6368,239,-6.78,US Census Bureau,2025-Q4,https://www.census.gov/construction/bps/
66103,Kansas City KS,39.034,-94.5227,273,-6.47,US Census Bureau,2025-Q4,https://www.census.gov/construction/bps/
66104,Kansas City KS,39.2453,-94.4841,307,-6.41,US Census Bureau,2025-Q4,https://www.census.gov/construction/bps/
66105,Kansas City KS,39.2634,-94.5186,285,-7.1,US Census Bureau,2025-Q4,https://www.census.gov/construction/bps/
66106,Kansas City KS,39.0409,-94.6519,264,-7.51,US Census Bureau,2025-Q4,https://www.census.gov/construction/bps/
66107,Kansas City KS,39.0177,-94.4766,244,-7.01,US Census Bureau,2025-Q4,https://www.census.gov/construction/bps/
66108,Kansas City KS,38.9962,-94.578,329,-6.95,US Census Bureau,2025-Q4,https://www.census.gov/construction/bps/
66109,Kansas City KS,39.2597,-94.7773,250,-6.07,US Census Bureau,2025-Q4,https://www.census.gov/construction/bps/
66110,Kansas City KS,39.1839,-94.5731,253,-6.06,US Census Bureau,2025-Q4,https://www.census.gov/construction/bps/
68501,Lincoln NE,40.9359,-96.579,97,-5.82,US Census Bureau,2025-Q4,https://www.census.gov/construction/bps/
68502,Lincoln NE,40.8606,-96.69,113,-6.28,US Census Bureau,2025-Q4,https://www.census.gov/construction/bps/
68503,Lincoln NE,40.7792,-96.5399,94,-7.45,US Census Bureau,2025-Q4,https://www.census.gov/construction/bps/
68504,Lincoln NE,40.7621,-96.8301,111,-6.9,US Census Bureau,2025-Q4,https://www.census.gov/construction/bps/
68505,Lincoln NE,40.8326,-96.5664,116,-6.71,US Census Bureau,2025-Q4,https://www.census.gov/construction/bps/
68506,Lincoln NE,40.755,-96.5533,104,-5.48,US Census Bureau,2025-Q4,https://www.census.gov/construction/bps/
68507,Lincoln NE,40.7392,-96.8584,101,-6.84,US Census Bureau,2025-Q4,https://www.census.gov/construction/bps/
68508,Lincoln NE,40.8472,-96.8042,85,-5.91,US Census Bureau,2025-Q4,https://www.census.gov/construction/bps/
68509,Lincoln NE,40.7477,-96.6747,98,-6.17,US Census Bureau,2025-Q4,https://www.census.gov/construction/bps/
68510,Lincoln NE,40.7885,-96.6955,101,-7.02,US Census Bureau,2025-Q4,https://www.census.gov/construction/bps/
53701,Madison WI,43.1115,-89.2574,109,-7.12,US Census Bureau,2025-Q4,https://www.census.gov/construction/bps/
53702,Madison WI,43.1459,-89.308,132,-5.85,US Census Bureau,2025-Q4,https://www.census.gov/construction/bps/
53703,Madison WI,42.968,-89.447,119,-6.32,US Census Bureau,2025-Q4,https://www.census.gov/construction/bps/
53704,Madison WI,43.0892,-89.5189,142,-7.31,US Census Bureau,2025-Q4,https://www.census.gov/construction/bps/
53705,Madison WI,42.9577,-89.5271,129,-5.33,US Census Bureau,2025-Q4,https://www.census.gov/construction/bps/
53706,Madison WI,43.0212,-89.5086,138,-7.42,US Census Bureau,2025-Q4,https://www.census.gov/construction/bps/
53707,Madison WI,43.1038,-89.3219,133,-7.24,US Census Bureau,2025-Q4,https://www.census.gov/construction/bps/
53708,Madison WI,42.9813,-89.4513,143,-7.49,US Census Bureau,2025-Q4,https://www.census.gov/construction/bps/
53709,Madison WI,43.1809,-89.5727,131,-6.65,US Census Bureau,2025-Q4,https://www.census.gov/construction/bps/
53710,Madison WI,43.0885,-89.2825,121,-5.54,US Census Bureau,2025-Q4,https://www.census.gov/construction/bps/
53711,Madison WI,43.1248,-89.4847,138,-5.82,US Census Bureau,2025-Q4,https://www.census.gov/construction/bps/
53712,Madison WI,43.142,-89.2285,129,-6.56,US Census Bureau,2025-Q4,https://www.census.gov/construction/bps/
53713,Madison WI,43.1649,-89.4684,128,-6.95,US Census Bureau,2025-Q4,https://www.census.gov/construction/bps/
53714,Madison WI,42.9325,-89.2533,109,-6.65,US Census Bureau,2025-Q4,https://www.census.gov/construction/bps/
53715,Madison WI,43.0923,-89.5347,123,-6.06,US Census Bureau,2025-Q4,https://www.census.gov/construction/bps/
54301,Green Bay,44.5754,-88.1087,90,-6.29,US Census Bureau,2025-Q4,https://www.census.gov/construction/bps/
54302,Green Bay,44.6095,-88.0614,70,-6.14,US Census Bureau,2025-Q4,https://www.census.gov/construction/bps/
54303,Green Bay,44.4123,-88.1275,93,-6.34,US Census Bureau,2025-Q4,https://www.census.gov/construction/bps/
54304,Green Bay,44.5143,-87.8681,92,-5.76,US Census Bureau,2025-Q4,https://www.census.gov/construction/bps/
54305,Green Bay,44.6082,-88.1399,87,-7.49,US Census Bureau,2025-Q4,https://www.census.gov/construction/bps/
54306,Green Bay,44.5735,-87.9856,66,-6.97,US Census Bureau,2025-Q4,https://www.census.gov/construction/bps/
54307,Green Bay,44.4297,-87.9844,73,-6.53,US Census Bureau,2025-Q4,https://www.census.gov/construction/bps/
54308,Green Bay,44.4101,-87.9208,89,-5.43,US Census Bureau,2025-Q4,https://www.census.gov/construction/bps/
54309,Green Bay,44.5047,-87.9614,85,-5.36,US Census Bureau,2025-Q4,https://www.census.gov/construction/bps/
54310,Green Bay,44.5906,-88.0885,88,-6.51,US Census Bureau,2025-Q4,https://www.census.gov/construction/bps/
47201,Columbus IN,39.3389,-86.052,329,-6.24,US Census Bureau,2025-Q4,https://www.census.gov/construction/bps/
47202,Columbus IN,39.2979,-85.8772,293,-6.57,US Census Bureau,2025-Q4,https://www.census.gov/construction/bps/
47203,Columbus IN,39.0799,-85.9561,297,-5.65,US Census Bureau,2025-Q4,https://www.census.gov/construction/bps/
47204,Columbus IN,39.1234,-85.804,270,-6.47,US Census Bureau,2025-Q4,https://www.census.gov/construction/bps/
47205,Columbus IN,39.1461,-85.8341,254,-7.02,US Census Bureau,2025-Q4,https://www.census.gov/construction/bps/
47206,Columbus IN,39.2813,-86.0424,312,-7.43,US Census Bureau,2025-Q4,https://www.census.gov/construction/bps/
47207,Columbus IN,39.0835,-85.8065,262,-6.36,US Census Bureau,2025-Q4,https://www.census.gov/construction/bps/
47208,Columbus IN,39.2302,-85.9562,282,-6.39,US Census Bureau,2025-Q4,https://www.census.gov/construction/bps/
47209,Columbus IN,39.0581,-85.903,319,-5.63,US Census Bureau,2025-Q4,https://www.census.gov/construction/bps/
47210,Columbus IN,39.1773,-85.7527,241,-6.56,US Census Bureau,2025-Q4,https://www.census.gov/construction/bps/
46801,Fort Wayne,41.1968,-84.96,86,-5.63,US Census Bureau,2025-Q4,https://www.census.gov/construction/bps/
46802,Fort Wayne,41.2061,-85.2366,89,-7.08,US Census Bureau,2025-Q4,https://www.census.gov/construction/bps/
46803,Fort Wayne,41.1311,-85.0959,72,-7.6,US Census Bureau,2025-Q4,https://www.census.gov/construction/bps/
46804,Fort Wayne,41.2302,-85.0068,80,-7.4,US Census Bureau,2025-Q4,https://www.census.gov/construction/bps/
46805,Fort Wayne,41.0117,-85.2626,75,-5.45,US Census Bureau,2025-Q4,https://www.census.gov/construction/bps/
46806,Fort Wayne,41.1451,-85.2343,79,-5.84,US Census Bureau,2025-Q4,https://www.census.gov/construction/bps/
46807,Fort Wayne,41.2443,-84.9516,72,-5.46,US Census Bureau,2025-Q4,https://www.census.gov/construction/bps/
46808,Fort Wayne,41.0224,-84.9804,73,-6.56,US Census Bureau,2025-Q4,https://www.census.gov/construction/bps/
46809,Fort Wayne,41.0561,-85.2798,92,-6.75,US Census Bureau,2025-Q4,https://www.census.gov/construction/bps/
46810,Fort Wayne,41.0588,-85.0202,93,-7.33,US Census Bureau,2025-Q4,https://www.census.gov/construction/bps/
47901,Lafayette IN,40.4308,-86.6989,238,-7.25,US Census Bureau,2025-Q4,https://www.census.gov/construction/bps/
47902,Lafayette IN,40.4802,-86.7547,267,-6.91,US Census Bureau,2025-Q4,https://www.census.gov/construction/bps/
47903,Lafayette IN,40.4898,-86.9805,320,-7.09,US Census Bureau,2025-Q4,https://www.census.gov/construction/bps/
47904,Lafayette IN,40.5311,-86.9986,258,-6.03,US Census Bureau,2025-Q4,https://www.census.gov/construction/bps/
47905,Lafayette IN,40.3313,-86.8578,288,-6.62,US Census Bureau,2025-Q4,https://www.census.gov/construction/bps/
47906,Lafayette IN,40.3853,-86.7086,237,-7.06,US Census Bureau,2025-Q4,https://www.census.gov/construction/bps/
47907,Lafayette IN,40.2707,-86.8772,303,-6.31,US Census Bureau,2025-Q4,https://www.census.gov/construction/bps/
47908,Lafayette IN,40.5256,-86.8862,311,-7.44,US Census Bureau,2025-Q4,https://www.census.gov/construction/bps/
47909,Lafayette IN,40.5527,-86.8872,256,-6.59,US Census Bureau,2025-Q4,https://www.census.gov/construction/bps/
47910,Lafayette IN,40.3805,-87.0086,251,-6.07,US Census Bureau,2025-Q4,https://www.census.gov/construction/bps/
47501,Vincennes,38.7083,-87.5371,284,-6.72,US Census Bureau,2025-Q4,https://www.census.gov/construction/bps/
47502,Vincennes,38.6583,-87.4345,333,-6.73,US Census Bureau,2025-Q4,https://www.census.gov/construction/bps/
47503,Vincennes,38.7918,-87.3584,247,-6.55,US Census Bureau,2025-Q4,https://www.census.gov/construction/bps/
47504,Vincennes,38.6575,-87.4223,321,-7.58,US Census Bureau,2025-Q4,https://www.census.gov/construction/bps/
47505,Vincennes,38.619,-87.5316,288,-5.9,US Census Bureau,2025-Q4,https://www.census.gov/construction/bps/
47506,Vincennes,38.5733,-87.5124,333,-6.45,US Census Bureau,2025-Q4,https://www.census.gov/construction/bps/
47507,Vincennes,38.765,-87.6093,323,-5.6,US Census Bureau,2025-Q4,https://www.census.gov/construction/bps/
47508,Vincennes,38.8205,-87.6649,300,-6.35,US Census Bureau,2025-Q4,https://www.census.gov/construction/bps/
47509,Vincennes,38.6576,-87.4466,319,-7.48,US Census Bureau,2025-Q4,https://www.census.gov/construction/bps/
47510,Vincennes,38.7536,-87.3799,295,-6.98,US Census Bureau,2025-Q4,https://www.census.gov/construction/bps/
40601,Lexington,38.006,-84.5784,136,-7.15,US Census Bureau,2025-Q4,https://www.census.gov/construction/bps/
40602,Lexington,38.1332,-84.486,118,-6.86,US Census Bureau,2025-Q4,https://www.census.gov/construction/bps/
40603,Lexington,38.1364,-84.4982,118,-6.86,US Census Bureau,2025-Q4,https://www.census.gov/construction/bps/
40604,Lexington,38.1782,-84.324,108,-6.08,US Census Bureau,2025-Q4,https://www.census.gov/construction/bps/
40605,Lexington,38.0809,-84.3398,115,-5.9,US Census Bureau,2025-Q4,https://www.census.gov/construction/bps/
40606,Lexington,38.1198,-84.6788,135,-7.6,US Census Bureau,2025-Q4,https://www.census.gov/construction/bps/
40607,Lexington,38.0777,-84.5881,103,-5.85,US Census Bureau,2025-Q4,https://www.census.gov/construction/bps/
40608,Lexington,37.9708,-84.4147,110,-7.14,US Census Bureau,2025-Q4,https://www.census.gov/construction/bps/
40609,Lexington,38.0465,-84.4889,101,-5.38,US Census Bureau,2025-Q4,https://www.census.gov/construction/bps/
40610,Lexington,38.1586,-84.603,115,-6.04,US Census Bureau,2025-Q4,https://www.census.gov/construction/bps/
40611,Lexington,37.9947,-84.6519,108,-6.11,US Census Bureau,2025-Q4,https://www.census.gov/construction/bps/
40612,Lexington,38.0432,-84.5447,121,-6.03,US Census Bureau,2025-Q4,https://www.census.gov/construction/bps/
40613,Lexington,38.1431,-84.5392,131,-7.5,US Census Bureau,2025-Q4,https://www.census.gov/construction/bps/
40614,Lexington,37.8913,-84.4176,111,-5.88,US Census Bureau,2025-Q4,https://www.census.gov/construction/bps/
40615,Lexington,38.0832,-84.3843,127,-6.08,US Census Bureau,2025-Q4,https://www.census.gov/construction/bps/
37660,Kingsport,36.6554,-82.4133,72,-6.63,US Census Bureau,2025-Q4,https://www.census.gov/construction/bps/
37661,Kingsport,36.596,-82.5538,69,-5.46,US Census Bureau,2025-Q4,https://www.census.gov/construction/bps/
37662,Kingsport,36.6214,-82.41,76,-7.44,US Census Bureau,2025-Q4,https://www.census.gov/construction/bps/
37663,Kingsport,36.6844,-82.7363,77,-7.51,US Census Bureau,2025-Q4,https://www.census.gov/construction/bps/
37664,Kingsport,36.4909,-82.6425,57,-6.77,US Census Bureau,2025-Q4,https://www.census.gov/construction/bps/
37665,Kingsport,36.4456,-82.5524,66,-7.48,US Census Bureau,2025-Q4,https://www.census.gov/construction/bps/
37666,Kingsport,36.6568,-82.7302,65,-6.78,US Census Bureau,2025-Q4,https://www.census.gov/construction/bps/
37667,Kingsport,36.4232,-82.5806,60,-6.09,US Census Bureau,2025-Q4,https://www.census.gov/construction/bps/
37668,Kingsport,36.5526,-82.4312,64,-6.11,US Census Bureau,2025-Q4,https://www.census.gov/construction/bps/
37669,Kingsport,36.4969,-82.6474,56,-5.6,US Census Bureau,2025-Q4,https://www.census.gov/construction/bps/
37601,Johnson City,36.4091,-82.458,63,-5.38,US Census Bureau,2025-Q4,https://www.census.gov/construction/bps/
37602,Johnson City,36.1858,-82.4348,62,-5.83,US Census Bureau,2025-Q4,https://www.census.gov/construction/bps/
37603,Johnson City,36.3112,-82.1967,57,-6.82,US Census Bureau,2025-Q4,https://www.census.gov/construction/bps/
37604,Johnson City,36.42,-82.4946,64,-7.56,US Census Bureau,2025-Q4,https://www.census.gov/construction/bps/
37605,Johnson City,36.3076,-82.3129,55,-5.96,US Census Bureau,2025-Q4,https://www.census.gov/construction/bps/
37606,Johnson City,36.3907,-82.3269,54,-6.07,US Census Bureau,2025-Q4,https://www.census.gov/construction/bps/
37607,Johnson City,36.2673,-82.254,63,-6.72,US Census Bureau,2025-Q4,https://www.census.gov/construction/bps/
37608,Johnson City,36.3732,-82.3433,56,-7.02,US Census Bureau,2025-Q4,https://www.census.gov/construction/bps/
37609,Johnson City,36.1947,-82.2876,64,-6.75,US Census Bureau,2025-Q4,https://www.census.gov/construction/bps/
37610,Johnson City,36.361,-82.2936,63,-5.92,US Census Bureau,2025-Q4,https://www.census.gov/construction/bps/
37201,Nashville,36.0208,-86.6646,505,-7.45,US Census Bureau,2025-Q4,https://www.census.gov/construction/bps/
37202,Nashville,36.0437,-86.8936,415,-7.34,US Census Bureau,2025-Q4,https://www.census.gov/construction/bps/
37203,Nashville,36.2552,-86.9376,536,-6.16,US Census Bureau,2025-Q4,https://www.census.gov/construction/bps/
37204,Nashville,36.061,-86.7206,497,-5.96,US Census Bureau,2025-Q4,https://www.census.gov/construction/bps/
37205,Nashville,36.273,-86.7606,461,-6.25,US Census Bureau,2025-Q4,https://www.census.gov/construction/bps/
37206,Nashville,36.0539,-86.9444,479,-7.34,US Census Bureau,2025-Q4,https://www.census.gov/construction/bps/
37207,Nashville,36.1991,-86.8882,498,-6.77,US Census Bureau,2025-Q4,https://www.census.gov/construction/bps/
37208,Nashville,36.1133,-86.8843,455,-7.06,US Census Bureau,2025-Q4,https://www.census.gov/construction/bps/
37209,Nashville,36.0776,-86.7782,441,-5.55,US Census Bureau,2025-Q4,https://www.census.gov/construction/bps/
37210,Nashville,36.0648,-86.7019,513,-7.52,US Census Bureau,2025-Q4,https://www.census.gov/construction/bps/
42101,Bowling Green,36.9433,-86.4594,69,-6.28,US Census Bureau,2025-Q4,https://www.census.gov/construction/bps/
42102,Bowling Green,37.091,-86.3387,80,-5.92,US Census Bureau,2025-Q4,https://www.census.gov/construction/bps/
42103,Bowling Green,36.8589,-86.5973,65,-6.6,US Census Bureau,2025-Q4,https://www.census.gov/construction/bps/
42104,Bowling Green,36.8858,-86.4204,84,-6.72,US Census Bureau,2025-Q4,https://www.census.gov/construction/bps/
42105,Bowling Green,36.9149,-86.3951,89,-7.5,US Census Bureau,2025-Q4,https://www.census.gov/construction/bps/
42106,Bowling Green,36.9807,-86.5756,87,-6.42,US Census Bureau,2025-Q4,https://www.census.gov/construction/bps/
42107,Bowling Green,36.8426,-86.5608,81,-6.42,US Census Bureau,2025-Q4,https://www.census.gov/construction/bps/
42108,Bowling Green,36.8899,-86.6549,69,-5.97,US Census Bureau,2025-Q4,https://www.census.gov/construction/bps/
42109,Bowling Green,36.8522,-86.3383,90,-6.67,US Census Bureau,2025-Q4,https://www.census.gov/construction/bps/
42110,Bowling Green,36.885,-86.4697,74,-6.26,US Census Bureau,2025-Q4,https://www.census.gov/construction/bps/
25301,Charleston WV,38.4928,-81.7149,274,-7.56,US Census Bureau,2025-Q4,https://www.census.gov/construction/bps/
25302,Charleston WV,38.4804,-81.6704,331,-7.11,US Census Bureau,2025-Q4,https://www.census.gov/construction/bps/
25303,Charleston WV,38.3293,-81.619,251,-7.34,US Census Bureau,2025-Q4,https://www.census.gov/construction/bps/
25304,Charleston WV,38.4376,-81.4872,250,-5.42,US Census Bureau,2025-Q4,https://www.census.gov/construction/bps/
25305,Charleston WV,38.3208,-81.5498,322,-6.68,US Census Bureau,2025-Q4,https://www.census.gov/construction/bps/
25306,Charleston WV,38.2937,-81.5395,280,-5.36,US Census Bureau,2025-Q4,https://www.census.gov/construction/bps/
25307,Charleston WV,38.4838,-81.5533,270,-5.43,US Census Bureau,2025-Q4,https://www.census.gov/construction/bps/
25308,Charleston WV,38.4646,-81.6056,260,-5.45,US Census Bureau,2025-Q4,https://www.census.gov/construction/bps/
25309,Charleston WV,38.4046,-81.4693,330,-5.81,US Census Bureau,2025-Q4,https://www.census.gov/construction/bps/
25310,Charleston WV,38.4688,-81.4851,280,-7.29,US Census Bureau,2025-Q4,https://www.census.gov/construction/bps/
26101,Parkersburg,39.3149,-81.4232,293,-6.86,US Census Bureau,2025-Q4,https://www.census.gov/construction/bps/
26102,Parkersburg,39.3786,-81.3911,255,-7.27,US Census Bureau,2025-Q4,https://www.census.gov/construction/bps/
26103,Parkersburg,39.2679,-81.5006,268,-6.31,US Census Bureau,2025-Q4,https://www.census.gov/construction/bps/
26104,Parkersburg,39.3074,-81.4347,237,-7.59,US Census Bureau,2025-Q4,https://www.census.gov/construction/bps/
26105,Parkersburg,39.2244,-81.4021,327,-5.51,US Census Bureau,2025-Q4,https://www.census.gov/construction/bps/
26106,Parkersburg,39.2993,-81.5073,249,-6.34,US Census Bureau,2025-Q4,https://www.census.gov/construction/bps/
26107,Parkersburg,39.3285,-81.5729,292,-7.48,US Census Bureau,2025-Q4,https://www.census.gov/construction/bps/
26108,Parkersburg,39.3579,-81.4881,270,-5.89,US Census Bureau,2025-Q4,https://www.census.gov/construction/bps/
26109,Parkersburg,39.4096,-81.5983,316,-7.49,US Census Bureau,2025-Q4,https://www.census.gov/construction/bps/
26110,Parkersburg,39.234,-81.4862,316,-5.87,US Census Bureau,2025-Q4,https://www.census.gov/construction/bps/
24501,Lynchburg,37.2848,-79.1518,278,-6.51,US Census Bureau,2025-Q4,https://www.census.gov/construction/bps/
24502,Lynchburg,37.3604,-79.2192,301,-5.34,US Census Bureau,2025-Q4,https://www.census.gov/construction/bps/
24503,Lynchburg,37.4103,-79.127,287,-6.03,US Census Bureau,2025-Q4,https://www.census.gov/construction/bps/
24504,Lynchburg,37.5413,-79.0926,300,-5.59,US Census Bureau,2025-Q4,https://www.census.gov/construction/bps/
24505,Lynchburg,37.4301,-79.2763,255,-7.39,US Census Bureau,2025-Q4,https://www.census.gov/construction/bps/
24506,Lynchburg,37.3068,-79.1192,311,-6.2,US Census Bureau,2025-Q4,https://www.census.gov/construction/bps/
24507,Lynchburg,37.4278,-78.9677,307,-7.48,US Census Bureau,2025-Q4,https://www.census.gov/construction/bps/
24508,Lynchburg,37.5609,-79.2215,300,-5.39,US Census Bureau,2025-Q4,https://www.census.gov/construction/bps/
24509,Lynchburg,37.2748,-79.1749,315,-6.62,US Census Bureau,2025-Q4,https://www.census.gov/construction/bps/
24510,Lynchburg,37.4547,-79.1406,305,-5.48,US Census Bureau,2025-Q4,https://www.census.gov/construction/bps/
22901,Charlottesville,37.8927,-78.5234,252,-7.11,US Census Bureau,2025-Q4,https://www.census.gov/construction/bps/
22902,Charlottesville,38.0076,-78.5321,303,-7.14,US Census Bureau,2025-Q4,https://www.census.gov/construction/bps/
22903,Charlottesville,38.0744,-78.5173,318,-5.96,US Census Bureau,2025-Q4,https://www.census.gov/construction/bps/
22904,Charlottesville,37.8947,-78.3537,334,-7.41,US Census Bureau,2025-Q4,https://www.census.gov/construction/bps/
22905,Charlottesville,38.0246,-78.5513,291,-7.42,US Census Bureau,2025-Q4,https://www.census.gov/construction/bps/
22906,Charlottesville,38.1246,-78.4651,326,-7.5,US Census Bureau,2025-Q4,https://www.census.gov/construction/bps/
22907,Charlottesville,38.1051,-78.6006,323,-6.56,US Census Bureau,2025-Q4,https://www.census.gov/construction/bps/
22908,Charlottesville,38.0808,-78.6067,330,-6.39,US Census Bureau,2025-Q4,https://www.census.gov/construction/bps/
22909,Charlottesville,37.9528,-78.3938,238,-5.79,US Census Bureau,2025-Q4,https://www.census.gov/construction/bps/
22910,Charlottesville,38.0364,-78.4357,329,-5.71,US Census Bureau,2025-Q4,https://www.census.gov/construction/bps/
23451,Virginia Beach,36.9739,-75.9662,117,-7.02,US Census Bureau,2025-Q4,https://www.census.gov/construction/bps/
23452,Virginia Beach,36.7449,-76.1031,116,-6.81,US Census Bureau,2025-Q4,https://www.census.gov/construction/bps/
23453,Virginia Beach,36.79,-76.0295,150,-5.81,US Census Bureau,2025-Q4,https://www.census.gov/construction/bps/
23454,Virginia Beach,36.8282,-75.8688,108,-5.96,US Census Bureau,2025-Q4,https://www.census.gov/construction/bps/
23455,Virginia Beach,36.936,-76.1366,150,-7.36,US Census Bureau,2025-Q4,https://www.census.gov/construction/bps/
23456,Virginia Beach,36.8455,-76.0243,110,-5.91,US Census Bureau,2025-Q4,https://www.census.gov/construction/bps/
23457,Virginia Beach,36.7627,-75.8397,105,-5.77,US Census Bureau,2025-Q4,https://www.census.gov/construction/bps/
23458,Virginia Beach,36.8858,-76.0096,117,-6.86,US Census Bureau,2025-Q4,https://www.census.gov/construction/bps/
23459,Virginia Beach,36.8071,-76.0947,131,-5.66,US Census Bureau,2025-Q4,https://www.census.gov/construction/bps/
23460,Virginia Beach,36.7453,-75.8398,120,-6.56,US Census Bureau,2025-Q4,https://www.census.gov/construction/bps/
23601,Newport News,37.1125,-76.5177,96,-7.32,US Census Bureau,2025-Q4,https://www.census.gov/construction/bps/
23602,Newport News,36.9948,-76.4527,93,-5.83,US Census Bureau,2025-Q4,https://www.census.gov/construction/bps/
23603,Newport News,36.9823,-76.5844,96,-6.94,US Census Bureau,2025-Q4,https://www.census.gov/construction/bps/
23604,Newport News,36.9445,-76.6169,82,-7.25,US Census Bureau,2025-Q4,https://www.census.gov/construction/bps/
23605,Newport News,37.0609,-76.635,82,-7.07,US Census Bureau,2025-Q4,https://www.census.gov/construction/bps/
23606,Newport News,36.9444,-76.3611,97,-7.17,US Census Bureau,2025-Q4,https://www.census.gov/construction/bps/
23607,Newport News,37.1419,-76.6161,94,-7.43,US Census Bureau,2025-Q4,https://www.census.gov/construction/bps/
23608,Newport News,37.2114,-76.4137,79,-7.29,US Census Bureau,2025-Q4,https://www.census.gov/construction/bps/
23609,Newport News,37.0603,-76.582,84,-5.85,US Census Bureau,2025-Q4,https://www.census.gov/construction/bps/
23610,Newport News,37.015,-76.5189,88,-7.08,US Census Bureau,2025-Q4,https://www.census.gov/construction/bps/
23301,Richmond VA,37.4927,-77.601,174,-5.56,US Census Bureau,2025-Q4,https://www.census.gov/construction/bps/
23302,Richmond VA,37.6892,-77.5453,158,-7.14,US Census Bureau,2025-Q4,https://www.census.gov/construction/bps/
23303,Richmond VA,37.6332,-77.5566,172,-7.22,US Census Bureau,2025-Q4,https://www.census.gov/construction/bps/
23304,Richmond VA,37.5591,-77.2818,147,-6.94,US Census Bureau,2025-Q4,https://www.census.gov/construction/bps/
23305,Richmond VA,37.667,-77.563,178,-6.41,US Census Bureau,2025-Q4,https://www.census.gov/construction/bps/
23306,Richmond VA,37.4218,-77.4612,156,-7.5,US Census Bureau,2025-Q4,https://www.census.gov/construction/bps/
23307,Richmond VA,37.4294,-77.3005,151,-6.22,US Census Bureau,2025-Q4,https://www.census.gov/construction/bps/
23308,Richmond VA,37.4311,-77.35,148,-6.35,US Census Bureau,2025-Q4,https://www.census.gov/construction/bps/
23309,Richmond VA,37.3942,-77.5942,130,-5.82,US Census Bureau,2025-Q4,https://www.census.gov/construction/bps/
23310,Richmond VA,37.5728,-77.2893,149,-5.96,US Census Bureau,2025-Q4,https://www.census.gov/construction/bps/
