zip_code,metro,lat,lng,units_delivered_12mo,pct_class_a,pct_class_b,pct_class_c,data_source,as_of_date,source_url
10001,New York,40.564,-74.0031,1666,60.57,31.1,8.29,CoStar/Yardi Matrix,2025-Q4,https://www.yardimatrix.com
10002,New York,40.7872,-73.9938,1589,59.29,32.41,10.14,CoStar/Yardi Matrix,2025-Q4,https://www.yardimatrix.com
10003,New York,40.8358,-74.1131,1327,63.91,26.85,8.81,CoStar/Yardi Matrix,2025-Q4,https://www.yardimatrix.com
10004,New York,40.5966,-73.9574,1367,63.19,25.38,7.68,CoStar/Yardi Matrix,2025-Q4,https://www.yardimatrix.com
10005,New York,40.6223,-73.9097,1637,73.27,23.41,9.65,CoStar/Yardi Matrix,2025-Q4,https://www.yardimatrix.com
10006,New York,40.7455,-74.1688,1221,61.36,26.25,7.68,CoStar/Yardi Matrix,2025-Q4,https://www.yardimatrix.com
10007,New York,40.753,-74.0236,1226,51.27,31.92,7.41,CoStar/Yardi Matrix,2025-Q4,https://www.yardimatrix.com
10008,New York,40.8409,-73.8729,1307,54.77,29.95,8.39,CoStar/Yardi Matrix,2025-Q4,https://www.yardimatrix.com
10009,New York,40.6863,-73.8916,1386,55.64,23.52,10.17,CoStar/Yardi Matrix,2025-Q4,https://www.yardimatrix.com
10010,New York,40.6582,-74.1744,1617,61.2,32.42,9.76,CoStar/Yardi Matrix,2025-Q4,https://www.yardimatrix.com
10011,New York,40.6164,-74.0364,1619,61.66,33.05,9.04,CoStar/Yardi Matrix,2025-Q4,https://www.yardimatrix.com
10012,New York,40.7651,-74.0813,1589,64.39,24.88,9.0,CoStar/Yardi Matrix,2025-Q4,https://www.yardimatrix.com
10013,New York,40.5718,-73.9069,1698,61.04,24.7,7.66,CoStar/Yardi Matrix,2025-Q4,https://www.yardimatrix.com
10014,New York,40.8483,-73.9022,1322,68.81,23.58,8.42,CoStar/Yardi Matrix,2025-Q4,https://www.yardimatrix.com
10015,New York,40.7876,-73.9791,1255,65.7,31.78,10.52,CoStar/Yardi Matrix,2025-Q4,https://www.yardimatrix.com
10016,New York,40.8492,-73.9492,1625,69.92,23.42,10.26,CoStar/Yardi Matrix,2025-Q4,https://www.yardimatrix.com
10017,New York,40.7315,-74.0492,1644,69.66,28.03,9.73,CoStar/Yardi Matrix,2025-Q4,https://www.yardimatrix.com
10018,New York,40.7465,-74.0062,1398,54.01,27.26,9.04,CoStar/Yardi Matrix,2025-Q4,https://www.yardimatrix.com
10019,New York,40.8496,-73.9842,1429,54.76,31.38,9.98,CoStar/Yardi Matrix,2025-Q4,https://www.yardimatrix.com
10020,New York,40.7937,-74.0435,1588,51.26,31.3,8.31,CoStar/Yardi Matrix,2025-Q4,https://www.yardimatrix.com
10021,New York,40.8501,-73.9875,1427,68.17,24.83,7.97,CoStar/Yardi Matrix,2025-Q4,https://www.yardimatrix.com
10022,New York,40.61,-74.0677,1185,64.05,32.25,9.49,CoStar/Yardi Matrix,2025-Q4,https://www.yardimatrix.com
10023,New York,40.6564,-74.081,1249,65.98,28.39,7.77,CoStar/Yardi Matrix,2025-Q4,https://www.yardimatrix.com
10024,New York,40.8034,-74.1215,1682,51.86,32.19,9.31,CoStar/Yardi Matrix,2025-Q4,https://www.yardimatrix.com
10025,New York,40.8144,-73.9565,1293,59.02,26.49,7.84,CoStar/Yardi Matrix,2025-Q4,https://www.yardimatrix.com
10026,New York,40.8152,-74.1239,1294,65.32,26.47,8.62,CoStar/Yardi Matrix,2025-Q4,https://www.yardimatrix.com
10027,New York,40.7701,-73.9228,1677,67.38,31.49,9.72,CoStar/Yardi Matrix,2025-Q4,https://www.yardimatrix.com
10028,New York,40.8363,-73.9296,1634,60.34,33.24,8.3,CoStar/Yardi Matrix,2025-Q4,https://www.yardimatrix.com
10029,New York,40.6248,-74.0618,1344,67.84,27.61,8.38,CoStar/Yardi Matrix,2025-Q4,https://www.yardimatrix.com
10030,New York,40.8296,-74.1136,1574,66.23,24.56,10.18,CoStar/Yardi Matrix,2025-Q4,https://www.yardimatrix.com
10031,New York,40.7547,-73.8801,1220,62.04,25.81,7.6,CoStar/Yardi Matrix,2025-Q4,https://www.yardimatrix.com
10032,New York,40.7883,-74.1199,1292,69.42,28.92,9.32,CoStar/Yardi Matrix,2025-Q4,https://www.yardimatrix.com
10033,New York,40.6653,-73.844,1558,54.12,28.33,9.82,CoStar/Yardi Matrix,2025-Q4,https://www.yardimatrix.com
10034,New York,40.819,-74.1257,1400,60.49,30.66,8.95,CoStar/Yardi Matrix,2025-Q4,https://www.yardimatrix.com
10035,New York,40.841,-73.8655,1488,72.97,23.98,8.09,CoStar/Yardi Matrix,2025-Q4,https://www.yardimatrix.com
10036,New York,40.8428,-74.1198,1376,58.16,27.02,8.05,CoStar/Yardi Matrix,2025-Q4,https://www.yardimatrix.com
10037,New York,40.7695,-73.8682,1548,65.27,27.05,8.44,CoStar/Yardi Matrix,2025-Q4,https://www.yardimatrix.com
10038,New York,40.6597,-74.0256,1639,53.94,24.79,8.6,CoStar/Yardi Matrix,2025-Q4,https://www.yardimatrix.com
10039,New York,40.8624,-74.1386,1552,70.19,31.49,7.39,CoStar/Yardi Matrix,2025-Q4,https://www.yardimatrix.com
10040,New York,40.8485,-74.0837,1449,59.78,31.02,8.98,CoStar/Yardi Matrix,2025-Q4,https://www.yardimatrix.com
10041,New York,40.7061,-73.8581,1412,56.62,29.74,9.17,CoStar/Yardi Matrix,2025-Q4,https://www.yardimatrix.com
10042,New York,40.592,-74.102,1306,59.02,27.43,8.25,CoStar/Yardi Matrix,2025-Q4,https://www.yardimatrix.com
10043,New York,40.854,-74.0088,1547,54.83,27.31,10.46,CoStar/Yardi Matrix,2025-Q4,https://www.yardimatrix.com
10044,New York,40.6682,-74.0982,1311,58.92,32.51,7.55,CoStar/Yardi Matrix,2025-Q4,https://www.yardimatrix.com
10045,New York,40.8559,-74.1667,1245,56.85,30.03,7.7,CoStar/Yardi Matrix,2025-Q4,https://www.yardimatrix.com
10046,New York,40.7917,-73.9853,1685,71.79,31.94,8.99,CoStar/Yardi Matrix,2025-Q4,https://www.yardimatrix.com
10047,New York,40.7567,-73.9596,1494,55.43,32.98,9.58,CoStar/Yardi Matrix,2025-Q4,https://www.yardimatrix.com
10048,New York,40.7048,-73.9293,1188,68.05,28.92,8.33,CoStar/Yardi Matrix,2025-Q4,https://www.yardimatrix.com
10049,New York,40.8035,-74.1252,1282,71.4,32.41,7.94,CoStar/Yardi Matrix,2025-Q4,https://www.yardimatrix.com
10050,New York,40.6196,-73.9172,1458,59.92,24.07,9.65,CoStar/Yardi Matrix,2025-Q4,https://www.yardimatrix.com
10051,New York,40.643,-73.924,1655,68.41,29.28,7.68,CoStar/Yardi Matrix,2025-Q4,https://www.yardimatrix.com
10052,New York,40.6472,-73.9063,1675,55.24,33.04,10.41,CoStar/Yardi Matrix,2025-Q4,https://www.yardimatrix.com
10053,New York,40.851,-74.0213,1561,57.37,24.31,10.45,CoStar/Yardi Matrix,2025-Q4,https://www.yardimatrix.com
10054,New York,40.6703,-74.059,1299,65.52,26.17,8.13,CoStar/Yardi Matrix,2025-Q4,https://www.yardimatrix.com
10055,New York,40.7919,-73.9193,1551,57.89,25.08,8.65,CoStar/Yardi Matrix,2025-Q4,https://www.yardimatrix.com
10056,New York,40.7687,-74.0027,1274,51.88,25.72,9.65,CoStar/Yardi Matrix,2025-Q4,https://www.yardimatrix.com
10057,New York,40.7865,-73.9435,1265,72.76,28.8,9.94,CoStar/Yardi Matrix,2025-Q4,https://www.yardimatrix.com
10058,New York,40.762,-74.0912,1485,55.73,25.49,9.83,CoStar/Yardi Matrix,2025-Q4,https://www.yardimatrix.com
10059,New York,40.8554,-73.9114,1302,63.68,30.51,10.0,CoStar/Yardi Matrix,2025-Q4,https://www.yardimatrix.com
10060,New York,40.7568,-73.9228,1280,53.18,24.98,9.27,CoStar/Yardi Matrix,2025-Q4,https://www.yardimatrix.com
10061,New York,40.6937,-74.1749,1296,70.3,26.07,9.01,CoStar/Yardi Matrix,2025-Q4,https://www.yardimatrix.com
10062,New York,40.6367,-73.8556,1651,53.81,29.65,8.62,CoStar/Yardi Matrix,2025-Q4,https://www.yardimatrix.com
10063,New York,40.7167,-73.9992,1425,56.01,23.69,7.88,CoStar/Yardi Matrix,2025-Q4,https://www.yardimatrix.com
10064,New York,40.6219,-74.1213,1419,56.75,25.98,8.66,CoStar/Yardi Matrix,2025-Q4,https://www.yardimatrix.com
10065,New York,40.6587,-73.9155,1267,66.06,27.94,9.02,CoStar/Yardi Matrix,2025-Q4,https://www.yardimatrix.com
10066,New York,40.8151,-73.837,1343,65.8,32.31,8.29,CoStar/Yardi Matrix,2025-Q4,https://www.yardimatrix.com
10067,New York,40.8289,-73.9201,1540,69.12,29.64,10.43,CoStar/Yardi Matrix,2025-Q4,https://www.yardimatrix.com
10068,New York,40.6768,-73.9826,1186,63.3,24.5,8.52,CoStar/Yardi Matrix,2025-Q4,https://www.yardimatrix.com
10069,New York,40.5917,-73.9744,1382,58.83,24.99,10.43,CoStar/Yardi Matrix,2025-Q4,https://www.yardimatrix.com
10070,New York,40.5835,-73.9129,1406,67.21,30.91,7.45,CoStar/Yardi Matrix,2025-Q4,https://www.yardimatrix.com
10071,New York,40.5696,-73.881,1470,70.62,24.84,9.6,CoStar/Yardi Matrix,2025-Q4,https://www.yardimatrix.com
10072,New York,40.6973,-73.8572,1496,72.82,28.82,9.61,CoStar/Yardi Matrix,2025-Q4,https://www.yardimatrix.com
10073,New York,40.6683,-73.8412,1548,65.0,27.07,10.61,CoStar/Yardi Matrix,2025-Q4,https://www.yardimatrix.com
10074,New York,40.6544,-73.9861,1646,55.8,28.27,9.45,CoStar/Yardi Matrix,2025-Q4,https://www.yardimatrix.com
10075,New York,40.8282,-73.9756,1555,56.44,31.4,9.0,CoStar/Yardi Matrix,2025-Q4,https://www.yardimatrix.com
10076,New York,40.5789,-73.8746,1207,67.98,31.21,9.68,CoStar/Yardi Matrix,2025-Q4,https://www.yardimatrix.com
10077,New York,40.8013,-73.9942,1223,65.2,23.48,8.4,CoStar/Yardi Matrix,2025-Q4,https://www.yardimatrix.com
10078,New York,40.7908,-74.0033,1209,57.63,24.05,10.15,CoStar/Yardi Matrix,2025-Q4,https://www.yardimatrix.com
10079,New York,40.5863,-74.0558,1659,51.29,25.9,10.35,CoStar/Yardi Matrix,2025-Q4,https://www.yardimatrix.com
10080,New York,40.6942,-74.0887,1682,59.23,29.8,9.45,CoStar/Yardi Matrix,2025-Q4,https://www.yardimatrix.com
90001,Los Angeles,34.1214,-118.2314,852,65.7,32.1,9.05,CoStar/Yardi Matrix,2025-Q4,https://www.yardimatrix.com
90002,Los Angeles,34.0392,-118.3354,915,63.73,24.67,8.75,CoStar/Yardi Matrix,2025-Q4,https://www.yardimatrix.com
90003,Los Angeles,33.9029,-118.243,1070,64.86,29.27,7.89,CoStar/Yardi Matrix,2025-Q4,https://www.yardimatrix.com
90004,Los Angeles,34.1509,-118.1387,877,57.61,29.32,9.02,CoStar/Yardi Matrix,2025-Q4,https://www.yardimatrix.com
90005,Los Angeles,33.9751,-118.415,1150,58.05,23.71,8.77,CoStar/Yardi Matrix,2025-Q4,https://www.yardimatrix.com
90006,Los Angeles,33.999,-118.3099,980,71.93,26.23,10.38,CoStar/Yardi Matrix,2025-Q4,https://www.yardimatrix.com
90007,Los Angeles,34.0868,-118.1844,1204,66.77,29.69,10.45,CoStar/Yardi Matrix,2025-Q4,https://www.yardimatrix.com
90008,Los Angeles,34.0856,-118.2297,1004,67.09,31.84,8.25,CoStar/Yardi Matrix,2025-Q4,https://www.yardimatrix.com
90009,Los Angeles,34.1576,-118.2875,1155,55.69,23.43,8.7,CoStar/Yardi Matrix,2025-Q4,https://www.yardimatrix.com
90010,Los Angeles,33.948,-118.2617,958,68.13,29.57,10.38,CoStar/Yardi Matrix,2025-Q4,https://www.yardimatrix.com
90011,Los Angeles,34.161,-118.072,881,72.84,31.08,7.43,CoStar/Yardi Matrix,2025-Q4,https://www.yardimatrix.com
90012,Los Angeles,34.0257,-118.3151,849,66.68,32.82,10.06,CoStar/Yardi Matrix,2025-Q4,https://www.yardimatrix.com
90013,Los Angeles,34.0993,-118.269,945,68.6,32.15,7.98,CoStar/Yardi Matrix,2025-Q4,https://www.yardimatrix.com
90014,Los Angeles,33.9242,-118.2933,946,70.27,29.25,10.32,CoStar/Yardi Matrix,2025-Q4,https://www.yardimatrix.com
90015,Los Angeles,34.1921,-118.1397,1039,68.33,33.47,9.72,CoStar/Yardi Matrix,2025-Q4,https://www.yardimatrix.com
90016,Los Angeles,34.1713,-118.2349,1067,72.91,31.77,8.1,CoStar/Yardi Matrix,2025-Q4,https://www.yardimatrix.com
90017,Los Angeles,34.1716,-118.1116,914,53.2,32.77,8.94,CoStar/Yardi Matrix,2025-Q4,https://www.yardimatrix.com
90018,Los Angeles,33.9229,-118.1455,1046,60.08,30.39,8.63,CoStar/Yardi Matrix,2025-Q4,https://www.yardimatrix.com
90019,Los Angeles,33.9689,-118.1972,840,62.16,23.79,9.54,CoStar/Yardi Matrix,2025-Q4,https://www.yardimatrix.com
90020,Los Angeles,33.9238,-118.0834,1056,63.99,24.81,9.46,CoStar/Yardi Matrix,2025-Q4,https://www.yardimatrix.com
90021,Los Angeles,34.1068,-118.1598,1061,58.49,29.25,10.6,CoStar/Yardi Matrix,2025-Q4,https://www.yardimatrix.com
90022,Los Angeles,34.0847,-118.1458,961,62.04,32.13,8.05,CoStar/Yardi Matrix,2025-Q4,https://www.yardimatrix.com
90023,Los Angeles,34.1212,-118.3214,1005,53.29,33.12,7.64,CoStar/Yardi Matrix,2025-Q4,https://www.yardimatrix.com
90024,Los Angeles,33.9381,-118.3817,1170,57.54,24.55,8.3,CoStar/Yardi Matrix,2025-Q4,https://www.yardimatrix.com
90025,Los Angeles,34.1683,-118.421,1194,51.88,25.53,8.22,CoStar/Yardi Matrix,2025-Q4,https://www.yardimatrix.com
90026,Los Angeles,34.018,-118.0865,1204,66.28,30.58,9.61,CoStar/Yardi Matrix,2025-Q4,https://www.yardimatrix.com
90027,Los Angeles,34.0829,-118.2324,1200,62.36,30.81,8.09,CoStar/Yardi Matrix,2025-Q4,https://www.yardimatrix.com
90028,Los Angeles,34.0628,-118.3854,843,72.69,27.65,10.37,CoStar/Yardi Matrix,2025-Q4,https://www.yardimatrix.com
90029,Los Angeles,33.9948,-118.3634,892,55.41,24.95,8.84,CoStar/Yardi Matrix,2025-Q4,https://www.yardimatrix.com
90030,Los Angeles,33.9549,-118.1002,889,60.44,29.06,9.12,CoStar/Yardi Matrix,2025-Q4,https://www.yardimatrix.com
90031,Los Angeles,34.0853,-118.1248,1025,54.36,28.59,9.1,CoStar/Yardi Matrix,2025-Q4,https://www.yardimatrix.com
90032,Los Angeles,34.0964,-118.3443,1197,69.28,27.29,8.7,CoStar/Yardi Matrix,2025-Q4,https://www.yardimatrix.com
90033,Los Angeles,34.0182,-118.3844,1084,56.94,25.96,7.99,CoStar/Yardi Matrix,2025-Q4,https://www.yardimatrix.com
90034,Los Angeles,33.9229,-118.1975,1019,54.33,24.9,7.89,CoStar/Yardi Matrix,2025-Q4,https://www.yardimatrix.com
90035,Los Angeles,34.1844,-118.1729,848,55.96,28.93,9.46,CoStar/Yardi Matrix,2025-Q4,https://www.yardimatrix.com
90036,Los Angeles,34.0083,-118.1578,956,66.27,29.52,9.74,CoStar/Yardi Matrix,2025-Q4,https://www.yardimatrix.com
90037,Los Angeles,33.9468,-118.3693,1126,67.4,30.46,10.42,CoStar/Yardi Matrix,2025-Q4,https://www.yardimatrix.com
90038,Los Angeles,34.0832,-118.4076,1140,51.38,28.02,9.6,CoStar/Yardi Matrix,2025-Q4,https://www.yardimatrix.com
90039,Los Angeles,33.9634,-118.0968,951,54.43,23.66,10.16,CoStar/Yardi Matrix,2025-Q4,https://www.yardimatrix.com
90040,Los Angeles,34.1224,-118.2212,942,63.36,32.67,10.39,CoStar/Yardi Matrix,2025-Q4,https://www.yardimatrix.com
90041,Los Angeles,34.1348,-118.2771,1112,58.94,32.48,10.29,CoStar/Yardi Matrix,2025-Q4,https://www.yardimatrix.com
90042,Los Angeles,34.0297,-118.2394,1139,71.12,25.0,8.1,CoStar/Yardi Matrix,2025-Q4,https://www.yardimatrix.com
90043,Los Angeles,34.1872,-118.1309,1000,51.66,24.69,9.28,CoStar/Yardi Matrix,2025-Q4,https://www.yardimatrix.com
90044,Los Angeles,34.0132,-118.1634,1176,70.03,24.08,8.23,CoStar/Yardi Matrix,2025-Q4,https://www.yardimatrix.com
90045,Los Angeles,34.1026,-118.1199,896,68.67,32.01,8.43,CoStar/Yardi Matrix,2025-Q4,https://www.yardimatrix.com
90046,Los Angeles,33.9073,-118.1468,861,63.59,29.19,8.81,CoStar/Yardi Matrix,2025-Q4,https://www.yardimatrix.com
90047,Los Angeles,34.1758,-118.0821,889,56.24,24.73,7.63,CoStar/Yardi Matrix,2025-Q4,https://www.yardimatrix.com
90048,Los Angeles,34.1469,-118.2681,1036,60.98,28.01,9.88,CoStar/Yardi Matrix,2025-Q4,https://www.yardimatrix.com
90049,Los Angeles,34.0295,-118.4192,1051,57.71,28.31,7.6,CoStar/Yardi Matrix,2025-Q4,https://www.yardimatrix.com
90050,Los Angeles,34.0881,-118.0957,1149,57.64,24.71,9.98,CoStar/Yardi Matrix,2025-Q4,https://www.yardimatrix.com
90051,Los Angeles,34.0655,-118.4031,1025,66.71,25.61,8.36,CoStar/Yardi Matrix,2025-Q4,https://www.yardimatrix.com
90052,Los Angeles,34.0743,-118.1046,944,67.38,32.31,9.72,CoStar/Yardi Matrix,2025-Q4,https://www.yardimatrix.com
90053,Los Angeles,33.9527,-118.2702,944,57.82,23.88,9.78,CoStar/Yardi Matrix,2025-Q4,https://www.yardimatrix.com
90054,Los Angeles,34.0598,-118.2157,1012,68.1,32.34,8.9,CoStar/Yardi Matrix,2025-Q4,https://www.yardimatrix.com
90055,Los Angeles,34.0001,-118.2148,1091,59.13,28.53,8.88,CoStar/Yardi Matrix,2025-Q4,https://www.yardimatrix.com
90056,Los Angeles,34.0884,-118.3838,1172,66.05,31.06,9.82,CoStar/Yardi Matrix,2025-Q4,https://www.yardimatrix.com
90057,Los Angeles,34.1417,-118.4208,1083,69.71,29.95,9.03,CoStar/Yardi Matrix,2025-Q4,https://www.yardimatrix.com
90058,Los Angeles,33.9248,-118.1827,905,62.62,33.08,9.9,CoStar/Yardi Matrix,2025-Q4,https://www.yardimatrix.com
90059,Los Angeles,34.0479,-118.173,1021,65.1,25.13,8.96,CoStar/Yardi Matrix,2025-Q4,https://www.yardimatrix.com
90060,Los Angeles,34.1424,-118.228,1148,65.85,31.62,7.83,CoStar/Yardi Matrix,2025-Q4,https://www.yardimatrix.com
90061,Los Angeles,34.0107,-118.2141,1028,57.74,30.56,8.55,CoStar/Yardi Matrix,2025-Q4,https://www.yardimatrix.com
90062,Los Angeles,33.9245,-118.0951,1013,53.73,29.01,8.3,CoStar/Yardi Matrix,2025-Q4,https://www.yardimatrix.com
90063,Los Angeles,33.9377,-118.2025,911,55.72,27.47,9.84,CoStar/Yardi Matrix,2025-Q4,https://www.yardimatrix.com
90064,Los Angeles,34.0515,-118.3478,1200,64.18,27.04,9.2,CoStar/Yardi Matrix,2025-Q4,https://www.yardimatrix.com
90065,Los Angeles,34.0036,-118.3985,1061,59.67,29.41,9.64,CoStar/Yardi Matrix,2025-Q4,https://www.yardimatrix.com
90066,Los Angeles,33.9078,-118.0645,1096,63.46,33.05,8.16,CoStar/Yardi Matrix,2025-Q4,https://www.yardimatrix.com
90067,Los Angeles,34.0193,-118.2298,1118,60.3,32.5,10.08,CoStar/Yardi Matrix,2025-Q4,https://www.yardimatrix.com
90068,Los Angeles,34.1604,-118.0666,1202,63.76,29.66,9.52,CoStar/Yardi Matrix,2025-Q4,https://www.yardimatrix.com
90069,Los Angeles,34.1507,-118.2329,875,52.96,31.92,10.34,CoStar/Yardi Matrix,2025-Q4,https://www.yardimatrix.com
90070,Los Angeles,34.1998,-118.1668,1103,69.44,23.41,9.78,CoStar/Yardi Matrix,2025-Q4,https://www.yardimatrix.com
90071,Los Angeles,33.9779,-118.1879,1009,59.22,33.19,9.02,CoStar/Yardi Matrix,2025-Q4,https://www.yardimatrix.com
90072,Los Angeles,33.9839,-118.106,957,72.37,26.58,7.58,CoStar/Yardi Matrix,2025-Q4,https://www.yardimatrix.com
90073,Los Angeles,33.9542,-118.391,1008,62.63,26.26,10.02,CoStar/Yardi Matrix,2025-Q4,https://www.yardimatrix.com
90074,Los Angeles,34.0595,-118.3353,850,66.95,33.51,8.78,CoStar/Yardi Matrix,2025-Q4,https://www.yardimatrix.com
90075,Los Angeles,34.0552,-118.1555,947,62.88,31.41,10.39,CoStar/Yardi Matrix,2025-Q4,https://www.yardimatrix.com
90076,Los Angeles,34.1445,-118.2757,946,62.83,29.5,9.99,CoStar/Yardi Matrix,2025-Q4,https://www.yardimatrix.com
90077,Los Angeles,34.1051,-118.3696,1103,63.55,33.04,10.27,CoStar/Yardi Matrix,2025-Q4,https://www.yardimatrix.com
90078,Los Angeles,34.1916,-118.2034,1084,71.99,28.17,10.0,CoStar/Yardi Matrix,2025-Q4,https://www.yardimatrix.com
90079,Los Angeles,33.9753,-118.3549,976,59.11,27.47,7.47,CoStar/Yardi Matrix,2025-Q4,https://www.yardimatrix.com
90080,Los Angeles,33.9908,-118.0727,1195,60.54,26.64,8.95,CoStar/Yardi Matrix,2025-Q4,https://www.yardimatrix.com
60601,Chicago,41.8072,-87.7025,357,73.42,32.36,8.58,CoStar/Yardi Matrix,2025-Q4,https://www.yardimatrix.com
60602,Chicago,41.7627,-87.717,387,67.43,26.73,9.3,CoStar/Yardi Matrix,2025-Q4,https://www.yardimatrix.com
60603,Chicago,41.8959,-87.4839,435,66.33,29.01,10.37,CoStar/Yardi Matrix,2025-Q4,https://www.yardimatrix.com
60604,Chicago,41.9676,-87.6706,332,59.26,24.69,9.24,CoStar/Yardi Matrix,2025-Q4,https://www.yardimatrix.com
60605,Chicago,41.8354,-87.5089,450,53.7,32.69,7.49,CoStar/Yardi Matrix,2025-Q4,https://www.yardimatrix.com
60606,Chicago,41.9104,-87.512,344,73.54,32.54,7.98,CoStar/Yardi Matrix,2025-Q4,https://www.yardimatrix.com
60607,Chicago,41.7836,-87.7617,373,52.7,33.63,9.55,CoStar/Yardi Matrix,2025-Q4,https://www.yardimatrix.com
60608,Chicago,41.9675,-87.5971,392,69.07,32.05,8.47,CoStar/Yardi Matrix,2025-Q4,https://www.yardimatrix.com
60609,Chicago,41.9584,-87.4849,399,60.63,26.82,7.59,CoStar/Yardi Matrix,2025-Q4,https://www.yardimatrix.com
60610,Chicago,41.9527,-87.7464,398,55.24,24.12,10.25,CoStar/Yardi Matrix,2025-Q4,https://www.yardimatrix.com
60611,Chicago,41.9986,-87.533,345,69.99,26.52,8.22,CoStar/Yardi Matrix,2025-Q4,https://www.yardimatrix.com
60612,Chicago,41.8096,-87.6634,411,71.76,25.16,7.64,CoStar/Yardi Matrix,2025-Q4,https://www.yardimatrix.com
60613,Chicago,42.0224,-87.483,429,73.62,30.25,10.12,CoStar/Yardi Matrix,2025-Q4,https://www.yardimatrix.com
60614,Chicago,41.8415,-87.5368,324,57.68,29.1,7.42,CoStar/Yardi Matrix,2025-Q4,https://www.yardimatrix.com
60615,Chicago,41.8751,-87.7045,371,64.91,32.28,7.56,CoStar/Yardi Matrix,2025-Q4,https://www.yardimatrix.com
60616,Chicago,41.8192,-87.6943,316,62.46,31.4,9.48,CoStar/Yardi Matrix,2025-Q4,https://www.yardimatrix.com
60617,Chicago,41.7678,-87.4937,350,58.69,30.7,7.42,CoStar/Yardi Matrix,2025-Q4,https://www.yardimatrix.com
60618,Chicago,41.823,-87.5055,383,58.07,25.15,10.56,CoStar/Yardi Matrix,2025-Q4,https://www.yardimatrix.com
60619,Chicago,41.9999,-87.8035,322,62.5,27.61,9.27,CoStar/Yardi Matrix,2025-Q4,https://www.yardimatrix.com
60620,Chicago,41.7287,-87.5826,374,52.87,26.74,8.13,CoStar/Yardi Matrix,2025-Q4,https://www.yardimatrix.com
60621,Chicago,41.8316,-87.6411,364,51.84,28.4,8.17,CoStar/Yardi Matrix,2025-Q4,https://www.yardimatrix.com
60622,Chicago,41.8746,-87.6585,440,61.0,23.88,9.04,CoStar/Yardi Matrix,2025-Q4,https://www.yardimatrix.com
60623,Chicago,41.7497,-87.4588,363,57.91,31.53,10.34,CoStar/Yardi Matrix,2025-Q4,https://www.yardimatrix.com
60624,Chicago,41.8158,-87.6753,448,70.25,30.66,10.35,CoStar/Yardi Matrix,2025-Q4,https://www.yardimatrix.com
60625,Chicago,41.7448,-87.6703,426,64.13,29.92,8.97,CoStar/Yardi Matrix,2025-Q4,https://www.yardimatrix.com
60626,Chicago,41.893,-87.7586,342,58.43,27.32,8.89,CoStar/Yardi Matrix,2025-Q4,https://www.yardimatrix.com
60627,Chicago,41.994,-87.7613,362,51.65,24.11,7.73,CoStar/Yardi Matrix,2025-Q4,https://www.yardimatrix.com
60628,Chicago,41.9111,-87.4579,339,63.55,31.63,7.79,CoStar/Yardi Matrix,2025-Q4,https://www.yardimatrix.com
60629,Chicago,41.7587,-87.7174,425,53.44,27.93,9.6,CoStar/Yardi Matrix,2025-Q4,https://www.yardimatrix.com
60630,Chicago,41.9099,-87.7597,365,54.56,28.88,10.08,CoStar/Yardi Matrix,2025-Q4,https://www.yardimatrix.com
60631,Chicago,41.7453,-87.7891,425,64.14,32.3,9.88,CoStar/Yardi Matrix,2025-Q4,https://www.yardimatrix.com
60632,Chicago,41.7612,-87.4761,328,62.31,32.28,9.04,CoStar/Yardi Matrix,2025-Q4,https://www.yardimatrix.com
60633,Chicago,41.7567,-87.7062,390,60.11,30.17,9.21,CoStar/Yardi Matrix,2025-Q4,https://www.yardimatrix.com
60634,Chicago,41.7451,-87.692,358,57.34,32.39,8.81,CoStar/Yardi Matrix,2025-Q4,https://www.yardimatrix.com
60635,Chicago,41.7298,-87.641,414,73.25,27.59,9.73,CoStar/Yardi Matrix,2025-Q4,https://www.yardimatrix.com
60636,Chicago,41.8036,-87.5102,449,65.55,23.63,9.26,CoStar/Yardi Matrix,2025-Q4,https://www.yardimatrix.com
60637,Chicago,41.8807,-87.4958,352,66.08,32.03,8.13,CoStar/Yardi Matrix,2025-Q4,https://www.yardimatrix.com
60638,Chicago,41.9056,-87.6452,423,64.62,30.34,7.9,CoStar/Yardi Matrix,2025-Q4,https://www.yardimatrix.com
60639,Chicago,42.0167,-87.7278,367,53.21,27.55,8.32,CoStar/Yardi Matrix,2025-Q4,https://www.yardimatrix.com
60640,Chicago,41.7747,-87.5077,350,71.3,29.25,9.86,CoStar/Yardi Matrix,2025-Q4,https://www.yardimatrix.com
60641,Chicago,41.8668,-87.4603,323,59.16,30.51,8.98,CoStar/Yardi Matrix,2025-Q4,https://www.yardimatrix.com
60642,Chicago,41.8879,-87.7336,354,59.4,23.63,7.98,CoStar/Yardi Matrix,2025-Q4,https://www.yardimatrix.com
60643,Chicago,41.8464,-87.6119,410,62.07,32.75,8.49,CoStar/Yardi Matrix,2025-Q4,https://www.yardimatrix.com
60644,Chicago,42.0268,-87.5098,423,62.95,24.39,8.64,CoStar/Yardi Matrix,2025-Q4,https://www.yardimatrix.com
60645,Chicago,41.9197,-87.5425,329,58.82,30.3,7.82,CoStar/Yardi Matrix,2025-Q4,https://www.yardimatrix.com
60646,Chicago,41.8791,-87.4616,429,70.33,25.36,9.38,CoStar/Yardi Matrix,2025-Q4,https://www.yardimatrix.com
60647,Chicago,41.8829,-87.7851,364,72.55,26.45,8.43,CoStar/Yardi Matrix,2025-Q4,https://www.yardimatrix.com
60648,Chicago,41.9674,-87.5685,427,72.64,25.75,10.26,CoStar/Yardi Matrix,2025-Q4,https://www.yardimatrix.com
60649,Chicago,42.02,-87.6902,351,68.53,28.79,9.15,CoStar/Yardi Matrix,2025-Q4,https://www.yardimatrix.com
60650,Chicago,41.8255,-87.751,334,56.81,29.51,10.52,CoStar/Yardi Matrix,2025-Q4,https://www.yardimatrix.com
60651,Chicago,41.969,-87.4976,319,66.13,32.66,7.81,CoStar/Yardi Matrix,2025-Q4,https://www.yardimatrix.com
60652,Chicago,41.9804,-87.6468,414,57.26,31.58,7.93,CoStar/Yardi Matrix,2025-Q4,https://www.yardimatrix.com
60653,Chicago,41.7616,-87.5119,423,72.58,23.98,9.54,CoStar/Yardi Matrix,2025-Q4,https://www.yardimatrix.com
60654,Chicago,41.9076,-87.7347,368,70.33,23.82,8.48,CoStar/Yardi Matrix,2025-Q4,https://www.yardimatrix.com
60655,Chicago,41.9484,-87.7766,410,64.65,30.43,9.46,CoStar/Yardi Matrix,2025-Q4,https://www.yardimatrix.com
60656,Chicago,41.991,-87.714,334,62.91,27.25,10.4,CoStar/Yardi Matrix,2025-Q4,https://www.yardimatrix.com
60657,Chicago,41.868,-87.6822,421,70.42,24.59,7.99,CoStar/Yardi Matrix,2025-Q4,https://www.yardimatrix.com
60658,Chicago,41.9236,-87.6054,345,66.77,26.3,8.71,CoStar/Yardi Matrix,2025-Q4,https://www.yardimatrix.com
60659,Chicago,41.9055,-87.4745,432,52.73,24.94,7.99,CoStar/Yardi Matrix,2025-Q4,https://www.yardimatrix.com
60660,Chicago,41.8173,-87.7665,427,57.56,27.0,8.85,CoStar/Yardi Matrix,2025-Q4,https://www.yardimatrix.com
77001,Houston,29.6917,-95.326,736,62.71,30.3,9.49,CoStar/Yardi Matrix,2025-Q4,https://www.yardimatrix.com
77002,Houston,29.6157,-95.3071,694,70.43,31.3,9.89,CoStar/Yardi Matrix,2025-Q4,https://www.yardimatrix.com
77003,Houston,29.8466,-95.4814,646,53.16,25.88,7.62,CoStar/Yardi Matrix,2025-Q4,https://www.yardimatrix.com
77004,Houston,29.8623,-95.3853,581,67.34,24.54,7.57,CoStar/Yardi Matrix,2025-Q4,https://www.yardimatrix.com
77005,Houston,29.7669,-95.3295,579,57.27,33.6,10.31,CoStar/Yardi Matrix,2025-Q4,https://www.yardimatrix.com
77006,Houston,29.8467,-95.3418,665,58.92,25.12,9.53,CoStar/Yardi Matrix,2025-Q4,https://www.yardimatrix.com
77007,Houston,29.6131,-95.3485,686,59.61,33.33,9.69,CoStar/Yardi Matrix,2025-Q4,https://www.yardimatrix.com
77008,Houston,29.6244,-95.4477,677,52.11,29.89,7.41,CoStar/Yardi Matrix,2025-Q4,https://www.yardimatrix.com
77009,Houston,29.9088,-95.3015,790,70.57,28.84,7.76,CoStar/Yardi Matrix,2025-Q4,https://www.yardimatrix.com
77010,Houston,29.7477,-95.3275,791,71.0,27.73,10.56,CoStar/Yardi Matrix,2025-Q4,https://www.yardimatrix.com
77011,Houston,29.8815,-95.2784,768,68.17,23.54,9.2,CoStar/Yardi Matrix,2025-Q4,https://www.yardimatrix.com
77012,Houston,29.6888,-95.3084,695,60.48,28.13,9.83,CoStar/Yardi Matrix,2025-Q4,https://www.yardimatrix.com
77013,Houston,29.6306,-95.3437,781,68.91,26.32,9.97,CoStar/Yardi Matrix,2025-Q4,https://www.yardimatrix.com
77014,Houston,29.8647,-95.4386,615,58.3,32.27,8.23,CoStar/Yardi Matrix,2025-Q4,https://www.yardimatrix.com
77015,Houston,29.7156,-95.5347,640,54.22,32.37,7.48,CoStar/Yardi Matrix,2025-Q4,https://www.yardimatrix.com
77016,Houston,29.8395,-95.4703,584,71.0,24.28,8.37,CoStar/Yardi Matrix,2025-Q4,https://www.yardimatrix.com
77017,Houston,29.7942,-95.5358,774,62.5,24.1,7.77,CoStar/Yardi Matrix,2025-Q4,https://www.yardimatrix.com
77018,Houston,29.614,-95.3916,585,63.18,25.23,8.92,CoStar/Yardi Matrix,2025-Q4,https://www.yardimatrix.com
77019,Houston,29.7373,-95.4333,706,55.99,24.17,7.96,CoStar/Yardi Matrix,2025-Q4,https://www.yardimatrix.com
77020,Houston,29.6881,-95.2791,599,56.41,29.31,8.89,CoStar/Yardi Matrix,2025-Q4,https://www.yardimatrix.com
77021,Houston,29.8884,-95.316,662,64.32,25.15,7.62,CoStar/Yardi Matrix,2025-Q4,https://www.yardimatrix.com
77022,Houston,29.7545,-95.3964,717,69.97,27.78,7.4,CoStar/Yardi Matrix,2025-Q4,https://www.yardimatrix.com
77023,Houston,29.7969,-95.297,688,60.65,25.41,10.29,CoStar/Yardi Matrix,2025-Q4,https://www.yardimatrix.com
77024,Houston,29.8002,-95.1947,675,64.12,27.0,8.48,CoStar/Yardi Matrix,2025-Q4,https://www.yardimatrix.com
77025,Houston,29.776,-95.3977,614,58.33,27.5,7.88,CoStar/Yardi Matrix,2025-Q4,https://www.yardimatrix.com
77026,Houston,29.6192,-95.2907,624,53.94,23.51,8.29,CoStar/Yardi Matrix,2025-Q4,https://www.yardimatrix.com
77027,Houston,29.8782,-95.3682,705,63.51,23.63,9.18,CoStar/Yardi Matrix,2025-Q4,https://www.yardimatrix.com
77028,Houston,29.7631,-95.3391,677,55.71,32.14,9.84,CoStar/Yardi Matrix,2025-Q4,https://www.yardimatrix.com
77029,Houston,29.8845,-95.5273,701,61.86,29.75,8.21,CoStar/Yardi Matrix,2025-Q4,https://www.yardimatrix.com
77030,Houston,29.825,-95.4896,826,56.23,25.08,10.29,CoStar/Yardi Matrix,2025-Q4,https://www.yardimatrix.com
77031,Houston,29.6834,-95.4352,659,51.69,30.62,7.67,CoStar/Yardi Matrix,2025-Q4,https://www.yardimatrix.com
77032,Houston,29.7184,-95.1915,676,52.36,25.13,9.95,CoStar/Yardi Matrix,2025-Q4,https://www.yardimatrix.com
77033,Houston,29.6612,-95.3171,595,56.18,25.71,10.37,CoStar/Yardi Matrix,2025-Q4,https://www.yardimatrix.com
77034,Houston,29.7844,-95.394,783,71.11,29.16,7.59,CoStar/Yardi Matrix,2025-Q4,https://www.yardimatrix.com
77035,Houston,29.7679,-95.3761,765,63.62,32.12,9.11,CoStar/Yardi Matrix,2025-Q4,https://www.yardimatrix.com
77036,Houston,29.84,-95.2991,598,70.07,24.15,9.01,CoStar/Yardi Matrix,2025-Q4,https://www.yardimatrix.com
77037,Houston,29.6624,-95.2271,752,66.71,33.32,8.87,CoStar/Yardi Matrix,2025-Q4,https://www.yardimatrix.com
77038,Houston,29.7191,-95.3538,714,54.89,23.44,10.0,CoStar/Yardi Matrix,2025-Q4,https://www.yardimatrix.com
77039,Houston,29.8859,-95.3262,630,53.08,29.58,9.14,CoStar/Yardi Matrix,2025-Q4,https://www.yardimatrix.com
77040,Houston,29.8035,-95.265,819,52.53,25.0,7.48,CoStar/Yardi Matrix,2025-Q4,https://www.yardimatrix.com
77041,Houston,29.6945,-95.3577,684,73.06,25.05,9.36,CoStar/Yardi Matrix,2025-Q4,https://www.yardimatrix.com
77042,Houston,29.7941,-95.3364,641,59.4,24.22,9.29,CoStar/Yardi Matrix,2025-Q4,https://www.yardimatrix.com
77043,Houston,29.8216,-95.2114,809,54.24,29.02,8.57,CoStar/Yardi Matrix,2025-Q4,https://www.yardimatrix.com
77044,Houston,29.6706,-95.2427,578,63.95,24.3,9.21,CoStar/Yardi Matrix,2025-Q4,https://www.yardimatrix.com
77045,Houston,29.6475,-95.4786,640,66.57,25.57,9.57,CoStar/Yardi Matrix,2025-Q4,https://www.yardimatrix.com
77046,Houston,29.7142,-95.2791,751,66.48,27.15,9.18,CoStar/Yardi Matrix,2025-Q4,https://www.yardimatrix.com
77047,Houston,29.6122,-95.2381,741,70.57,27.31,8.86,CoStar/Yardi Matrix,2025-Q4,https://www.yardimatrix.com
77048,Houston,29.6742,-95.43,659,70.11,32.59,8.13,CoStar/Yardi Matrix,2025-Q4,https://www.yardimatrix.com
77049,Houston,29.7632,-95.4358,590,58.68,28.61,8.07,CoStar/Yardi Matrix,2025-Q4,https://www.yardimatrix.com
77050,Houston,29.7323,-95.3053,694,52.46,30.41,7.7,CoStar/Yardi Matrix,2025-Q4,https://www.yardimatrix.com
77051,Houston,29.6459,-95.3738,795,73.36,23.54,7.82,CoStar/Yardi Matrix,2025-Q4,https://www.yardimatrix.com
77052,Houston,29.6681,-95.342,681,52.37,24.8,9.29,CoStar/Yardi Matrix,2025-Q4,https://www.yardimatrix.com
77053,Houston,29.7597,-95.3379,758,69.67,28.67,10.4,CoStar/Yardi Matrix,2025-Q4,https://www.yardimatrix.com
77054,Houston,29.6752,-95.3449,624,64.99,29.57,7.88,CoStar/Yardi Matrix,2025-Q4,https://www.yardimatrix.com
77055,Houston,29.8998,-95.1999,620,65.11,32.52,9.19,CoStar/Yardi Matrix,2025-Q4,https://www.yardimatrix.com
85001,Phoenix,33.4865,-112.0511,860,72.02,32.68,8.19,CoStar/Yardi Matrix,2025-Q4,https://www.yardimatrix.com
85002,Phoenix,33.5169,-112.2465,884,64.34,23.8,7.76,CoStar/Yardi Matrix,2025-Q4,https://www.yardimatrix.com
85003,Phoenix,33.4488,-112.2494,1188,62.46,31.93,9.39,CoStar/Yardi Matrix,2025-Q4,https://www.yardimatrix.com
85004,Phoenix,33.4699,-112.0968,904,62.49,29.34,7.84,CoStar/Yardi Matrix,2025-Q4,https://www.yardimatrix.com
85005,Phoenix,33.5034,-112.1015,966,66.63,27.14,8.98,CoStar/Yardi Matrix,2025-Q4,https://www.yardimatrix.com
85006,Phoenix,33.5588,-112.155,878,69.17,32.2,9.45,CoStar/Yardi Matrix,2025-Q4,https://www.yardimatrix.com
85007,Phoenix,33.5321,-112.1235,924,57.97,28.9,8.11,CoStar/Yardi Matrix,2025-Q4,https://www.yardimatrix.com
85008,Phoenix,33.4675,-112.1974,1088,68.28,27.09,9.49,CoStar/Yardi Matrix,2025-Q4,https://www.yardimatrix.com
85009,Phoenix,33.4386,-111.9574,1206,51.46,31.99,8.31,CoStar/Yardi Matrix,2025-Q4,https://www.yardimatrix.com
85010,Phoenix,33.381,-112.1999,1019,55.77,25.14,10.26,CoStar/Yardi Matrix,2025-Q4,https://www.yardimatrix.com
85011,Phoenix,33.4355,-111.9244,1158,54.5,31.95,9.17,CoStar/Yardi Matrix,2025-Q4,https://www.yardimatrix.com
85012,Phoenix,33.4386,-111.9931,1193,68.14,32.98,10.12,CoStar/Yardi Matrix,2025-Q4,https://www.yardimatrix.com
85013,Phoenix,33.413,-111.9158,915,63.58,28.49,8.89,CoStar/Yardi Matrix,2025-Q4,https://www.yardimatrix.com
85014,Phoenix,33.5665,-111.9465,1100,59.24,24.53,10.46,CoStar/Yardi Matrix,2025-Q4,https://www.yardimatrix.com
85015,Phoenix,33.4024,-112.0304,1200,55.84,33.15,8.96,CoStar/Yardi Matrix,2025-Q4,https://www.yardimatrix.com
85016,Phoenix,33.5189,-112.219,1050,69.75,27.7,8.43,CoStar/Yardi Matrix,2025-Q4,https://www.yardimatrix.com
85017,Phoenix,33.4008,-111.92,888,54.88,29.82,10.08,CoStar/Yardi Matrix,2025-Q4,https://www.yardimatrix.com
85018,Phoenix,33.5556,-111.9186,880,59.71,33.51,8.48,CoStar/Yardi Matrix,2025-Q4,https://www.yardimatrix.com
85019,Phoenix,33.3321,-112.1524,953,68.19,27.43,9.07,CoStar/Yardi Matrix,2025-Q4,https://www.yardimatrix.com
85020,Phoenix,33.3843,-111.9076,891,51.56,27.01,10.39,CoStar/Yardi Matrix,2025-Q4,https://www.yardimatrix.com
85021,Phoenix,33.3923,-112.1722,1174,67.14,32.6,9.55,CoStar/Yardi Matrix,2025-Q4,https://www.yardimatrix.com
85022,Phoenix,33.4011,-112.0145,1000,52.17,25.22,10.14,CoStar/Yardi Matrix,2025-Q4,https://www.yardimatrix.com
85023,Phoenix,33.4635,-112.1937,1068,66.5,29.55,8.37,CoStar/Yardi Matrix,2025-Q4,https://www.yardimatrix.com
85024,Phoenix,33.4883,-112.0223,1174,66.15,26.42,9.94,CoStar/Yardi Matrix,2025-Q4,https://www.yardimatrix.com
85025,Phoenix,33.3415,-112.0734,1124,65.94,30.02,10.32,CoStar/Yardi Matrix,2025-Q4,https://www.yardimatrix.com
85026,Phoenix,33.3279,-111.9911,987,64.28,25.43,10.09,CoStar/Yardi Matrix,2025-Q4,https://www.yardimatrix.com
85027,Phoenix,33.548,-112.0338,937,67.79,33.33,9.93,CoStar/Yardi Matrix,2025-Q4,https://www.yardimatrix.com
85028,Phoenix,33.5073,-112.2141,1037,52.2,27.76,8.55,CoStar/Yardi Matrix,2025-Q4,https://www.yardimatrix.com
85029,Phoenix,33.5468,-112.0347,1103,65.78,30.82,10.04,CoStar/Yardi Matrix,2025-Q4,https://www.yardimatrix.com
85030,Phoenix,33.5547,-111.9059,1109,58.49,25.29,7.41,CoStar/Yardi Matrix,2025-Q4,https://www.yardimatrix.com
85031,Phoenix,33.437,-112.1104,1106,73.23,27.19,10.32,CoStar/Yardi Matrix,2025-Q4,https://www.yardimatrix.com
85032,Phoenix,33.3372,-112.0916,1178,55.66,23.37,8.35,CoStar/Yardi Matrix,2025-Q4,https://www.yardimatrix.com
85033,Phoenix,33.5085,-112.0523,951,71.17,31.54,8.56,CoStar/Yardi Matrix,2025-Q4,https://www.yardimatrix.com
85034,Phoenix,33.301,-111.9067,1108,68.18,26.42,10.4,CoStar/Yardi Matrix,2025-Q4,https://www.yardimatrix.com
85035,Phoenix,33.5032,-112.2324,1066,68.38,25.91,9.17,CoStar/Yardi Matrix,2025-Q4,https://www.yardimatrix.com
85036,Phoenix,33.3428,-112.177,1102,70.6,27.5,9.05,CoStar/Yardi Matrix,2025-Q4,https://www.yardimatrix.com
85037,Phoenix,33.5605,-111.8997,1109,63.84,25.6,9.44,CoStar/Yardi Matrix,2025-Q4,https://www.yardimatrix.com
85038,Phoenix,33.3082,-111.9943,921,61.57,31.82,10.43,CoStar/Yardi Matrix,2025-Q4,https://www.yardimatrix.com
85039,Phoenix,33.3587,-111.969,930,60.1,26.37,9.07,CoStar/Yardi Matrix,2025-Q4,https://www.yardimatrix.com
85040,Phoenix,33.3804,-112.1907,930,54.91,30.93,8.59,CoStar/Yardi Matrix,2025-Q4,https://www.yardimatrix.com
85041,Phoenix,33.4573,-112.0658,1036,69.15,24.11,8.49,CoStar/Yardi Matrix,2025-Q4,https://www.yardimatrix.com
85042,Phoenix,33.5363,-111.953,965,57.41,32.39,10.17,CoStar/Yardi Matrix,2025-Q4,https://www.yardimatrix.com
85043,Phoenix,33.5637,-112.2114,1153,71.4,32.73,8.5,CoStar/Yardi Matrix,2025-Q4,https://www.yardimatrix.com
85044,Phoenix,33.4144,-112.1238,1091,57.06,25.73,7.41,CoStar/Yardi Matrix,2025-Q4,https://www.yardimatrix.com
85045,Phoenix,33.4403,-112.0393,944,73.69,30.34,10.16,CoStar/Yardi Matrix,2025-Q4,https://www.yardimatrix.com
85046,Phoenix,33.4218,-111.9065,948,70.9,30.97,7.89,CoStar/Yardi Matrix,2025-Q4,https://www.yardimatrix.com
85047,Phoenix,33.4008,-112.0124,1103,53.92,31.52,7.44,CoStar/Yardi Matrix,2025-Q4,https://www.yardimatrix.com
85048,Phoenix,33.5396,-112.1846,1017,63.79,28.92,9.78,CoStar/Yardi Matrix,2025-Q4,https://www.yardimatrix.com
85049,Phoenix,33.4835,-112.1098,1053,54.72,24.04,10.13,CoStar/Yardi Matrix,2025-Q4,https://www.yardimatrix.com
85050,Phoenix,33.4428,-112.0894,942,69.09,24.8,8.16,CoStar/Yardi Matrix,2025-Q4,https://www.yardimatrix.com
19101,Philadelphia,39.8792,-75.0913,227,53.29,31.33,7.52,CoStar/Yardi Matrix,2025-Q4,https://www.yardimatrix.com
19102,Philadelphia,39.927,-75.1616,289,72.43,31.9,9.6,CoStar/Yardi Matrix,2025-Q4,https://www.yardimatrix.com
19103,Philadelphia,39.8196,-75.153,317,68.56,25.16,9.65,CoStar/Yardi Matrix,2025-Q4,https://www.yardimatrix.com
19104,Philadelphia,39.8758,-75.243,237,51.25,27.93,8.06,CoStar/Yardi Matrix,2025-Q4,https://www.yardimatrix.com
19105,Philadelphia,39.8214,-75.0158,229,65.8,25.41,7.57,CoStar/Yardi Matrix,2025-Q4,https://www.yardimatrix.com
19106,Philadelphia,39.8061,-75.3242,238,69.25,27.76,9.16,CoStar/Yardi Matrix,2025-Q4,https://www.yardimatrix.com
19107,Philadelphia,40.0779,-75.2803,283,71.47,32.66,8.19,CoStar/Yardi Matrix,2025-Q4,https://www.yardimatrix.com
19108,Philadelphia,39.9972,-75.1212,314,58.14,31.26,10.1,CoStar/Yardi Matrix,2025-Q4,https://www.yardimatrix.com
19109,Philadelphia,39.8484,-75.134,224,54.45,30.09,7.87,CoStar/Yardi Matrix,2025-Q4,https://www.yardimatrix.com
19110,Philadelphia,39.8465,-75.0615,233,60.74,29.6,7.81,CoStar/Yardi Matrix,2025-Q4,https://www.yardimatrix.com
19111,Philadelphia,39.9695,-75.3042,271,58.98,31.61,10.3,CoStar/Yardi Matrix,2025-Q4,https://www.yardimatrix.com
19112,Philadelphia,40.0979,-75.2801,252,68.79,27.81,8.73,CoStar/Yardi Matrix,2025-Q4,https://www.yardimatrix.com
19113,Philadelphia,39.8642,-75.2511,224,72.9,26.75,8.89,CoStar/Yardi Matrix,2025-Q4,https://www.yardimatrix.com
19114,Philadelphia,39.8635,-75.1479,276,72.68,23.78,9.4,CoStar/Yardi Matrix,2025-Q4,https://www.yardimatrix.com
19115,Philadelphia,39.8048,-75.3225,230,59.02,32.37,7.85,CoStar/Yardi Matrix,2025-Q4,https://www.yardimatrix.com
19116,Philadelphia,40.0089,-75.1997,233,65.7,23.38,9.61,CoStar/Yardi Matrix,2025-Q4,https://www.yardimatrix.com
19117,Philadelphia,40.1013,-75.2389,290,70.67,33.32,8.24,CoStar/Yardi Matrix,2025-Q4,https://www.yardimatrix.com
19118,Philadelphia,39.9734,-75.09,288,53.92,26.12,9.88,CoStar/Yardi Matrix,2025-Q4,https://www.yardimatrix.com
19119,Philadelphia,40.0905,-75.1551,258,70.74,31.75,9.32,CoStar/Yardi Matrix,2025-Q4,https://www.yardimatrix.com
19120,Philadelphia,39.9656,-75.2609,298,59.19,27.82,9.16,CoStar/Yardi Matrix,2025-Q4,https://www.yardimatrix.com
19121,Philadelphia,40.0142,-75.0333,240,66.97,27.08,10.48,CoStar/Yardi Matrix,2025-Q4,https://www.yardimatrix.com
19122,Philadelphia,39.9997,-75.0995,314,69.76,28.99,7.43,CoStar/Yardi Matrix,2025-Q4,https://www.yardimatrix.com
19123,Philadelphia,39.8636,-75.1083,285,58.6,24.33,8.98,CoStar/Yardi Matrix,2025-Q4,https://www.yardimatrix.com
19124,Philadelphia,39.9235,-75.0317,265,67.57,24.53,8.01,CoStar/Yardi Matrix,2025-Q4,https://www.yardimatrix.com
19125,Philadelphia,39.8893,-75.0872,235,72.19,27.62,8.62,CoStar/Yardi Matrix,2025-Q4,https://www.yardimatrix.com
19126,Philadelphia,39.9703,-75.2612,259,61.2,31.94,8.36,CoStar/Yardi Matrix,2025-Q4,https://www.yardimatrix.com
19127,Philadelphia,39.9679,-75.2242,267,57.91,29.54,9.13,CoStar/Yardi Matrix,2025-Q4,https://www.yardimatrix.com
19128,Philadelphia,39.8531,-75.2571,240,59.55,28.78,7.66,CoStar/Yardi Matrix,2025-Q4,https://www.yardimatrix.com
19129,Philadelphia,40.0078,-75.2049,300,54.57,29.04,8.92,CoStar/Yardi Matrix,2025-Q4,https://www.yardimatrix.com
19130,Philadelphia,39.8327,-75.2063,275,53.14,33.56,9.09,CoStar/Yardi Matrix,2025-Q4,https://www.yardimatrix.com
19131,Philadelphia,40.1021,-75.3217,262,70.26,30.72,9.09,CoStar/Yardi Matrix,2025-Q4,https://www.yardimatrix.com
19132,Philadelphia,39.9518,-75.1575,301,52.94,24.01,9.35,CoStar/Yardi Matrix,2025-Q4,https://www.yardimatrix.com
19133,Philadelphia,40.0339,-75.2069,258,55.3,30.43,9.58,CoStar/Yardi Matrix,2025-Q4,https://www.yardimatrix.com
19134,Philadelphia,40.058,-75.0822,275,55.69,27.22,7.84,CoStar/Yardi Matrix,2025-Q4,https://www.yardimatrix.com
19135,Philadelphia,40.0793,-75.0038,230,64.79,26.91,9.92,CoStar/Yardi Matrix,2025-Q4,https://www.yardimatrix.com
19136,Philadelphia,39.8735,-75.1314,241,70.06,27.67,9.91,CoStar/Yardi Matrix,2025-Q4,https://www.yardimatrix.com
19137,Philadelphia,40.0784,-75.2554,280,51.6,30.84,8.66,CoStar/Yardi Matrix,2025-Q4,https://www.yardimatrix.com
19138,Philadelphia,39.8696,-74.9942,232,69.82,33.19,9.55,CoStar/Yardi Matrix,2025-Q4,https://www.yardimatrix.com
19139,Philadelphia,39.8326,-75.0222,273,54.84,27.18,9.27,CoStar/Yardi Matrix,2025-Q4,https://www.yardimatrix.com
19140,Philadelphia,40.0859,-75.1862,256,69.25,27.95,7.65,CoStar/Yardi Matrix,2025-Q4,https://www.yardimatrix.com
78201,San Antonio,29.4447,-98.5316,318,68.9,28.58,10.39,CoStar/Yardi Matrix,2025-Q4,https://www.yardimatrix.com
78202,San Antonio,29.5591,-98.3901,339,73.59,30.8,9.66,CoStar/Yardi Matrix,2025-Q4,https://www.yardimatrix.com
78203,San Antonio,29.5163,-98.4993,256,64.1,28.69,7.87,CoStar/Yardi Matrix,2025-Q4,https://www.yardimatrix.com
78204,San Antonio,29.2804,-98.3577,254,71.96,24.83,8.27,CoStar/Yardi Matrix,2025-Q4,https://www.yardimatrix.com
78205,San Antonio,29.4426,-98.6017,273,65.18,29.62,9.51,CoStar/Yardi Matrix,2025-Q4,https://www.yardimatrix.com
78206,San Antonio,29.3904,-98.3681,320,58.24,23.5,8.94,CoStar/Yardi Matrix,2025-Q4,https://www.yardimatrix.com
78207,San Antonio,29.3108,-98.6035,278,62.4,32.62,10.29,CoStar/Yardi Matrix,2025-Q4,https://www.yardimatrix.com
78208,San Antonio,29.4352,-98.3235,266,63.85,29.51,9.26,CoStar/Yardi Matrix,2025-Q4,https://www.yardimatrix.com
78209,San Antonio,29.3834,-98.5436,249,66.29,28.76,9.18,CoStar/Yardi Matrix,2025-Q4,https://www.yardimatrix.com
78210,San Antonio,29.3718,-98.4104,347,60.79,28.24,8.58,CoStar/Yardi Matrix,2025-Q4,https://www.yardimatrix.com
78211,San Antonio,29.3689,-98.3522,293,52.72,23.87,9.96,CoStar/Yardi Matrix,2025-Q4,https://www.yardimatrix.com
78212,San Antonio,29.5738,-98.6424,334,65.09,23.38,7.87,CoStar/Yardi Matrix,2025-Q4,https://www.yardimatrix.com
78213,San Antonio,29.2918,-98.6292,268,69.63,23.41,10.06,CoStar/Yardi Matrix,2025-Q4,https://www.yardimatrix.com
78214,San Antonio,29.4378,-98.6218,328,60.12,29.67,8.87,CoStar/Yardi Matrix,2025-Q4,https://www.yardimatrix.com
78215,San Antonio,29.2976,-98.5184,285,59.97,28.73,9.97,CoStar/Yardi Matrix,2025-Q4,https://www.yardimatrix.com
78216,San Antonio,29.5066,-98.6628,328,73.11,29.03,8.98,CoStar/Yardi Matrix,2025-Q4,https://www.yardimatrix.com
78217,San Antonio,29.3566,-98.3664,336,57.45,27.33,8.14,CoStar/Yardi Matrix,2025-Q4,https://www.yardimatrix.com
78218,San Antonio,29.2941,-98.5619,340,57.98,32.97,7.65,CoStar/Yardi Matrix,2025-Q4,https://www.yardimatrix.com
78219,San Antonio,29.3721,-98.5588,314,70.95,29.5,8.71,CoStar/Yardi Matrix,2025-Q4,https://www.yardimatrix.com
78220,San Antonio,29.3702,-98.454,261,63.08,32.9,7.73,CoStar/Yardi Matrix,2025-Q4,https://www.yardimatrix.com
78221,San Antonio,29.2869,-98.4564,348,69.43,25.49,10.34,CoStar/Yardi Matrix,2025-Q4,https://www.yardimatrix.com
78222,San Antonio,29.4667,-98.4389,304,65.75,24.22,9.14,CoStar/Yardi Matrix,2025-Q4,https://www.yardimatrix.com
78223,San Antonio,29.4135,-98.5022,303,55.71,27.42,8.41,CoStar/Yardi Matrix,2025-Q4,https://www.yardimatrix.com
78224,San Antonio,29.3906,-98.3178,338,61.68,24.03,8.77,CoStar/Yardi Matrix,2025-Q4,https://www.yardimatrix.com
78225,San Antonio,29.3897,-98.4844,315,66.77,31.51,8.52,CoStar/Yardi Matrix,2025-Q4,https://www.yardimatrix.com
78226,San Antonio,29.5126,-98.5438,334,68.5,29.96,9.94,CoStar/Yardi Matrix,2025-Q4,https://www.yardimatrix.com
78227,San Antonio,29.4179,-98.6684,331,59.68,25.8,8.88,CoStar/Yardi Matrix,2025-Q4,https://www.yardimatrix.com
78228,San Antonio,29.5319,-98.6123,327,73.34,30.74,7.63,CoStar/Yardi Matrix,2025-Q4,https://www.yardimatrix.com
78229,San Antonio,29.4116,-98.6139,306,70.31,26.0,8.09,CoStar/Yardi Matrix,2025-Q4,https://www.yardimatrix.com
78230,San Antonio,29.3031,-98.3137,347,67.14,24.82,7.7,CoStar/Yardi Matrix,2025-Q4,https://www.yardimatrix.com
78231,San Antonio,29.3987,-98.586,301,66.88,26.83,8.0,CoStar/Yardi Matrix,2025-Q4,https://www.yardimatrix.com
78232,San Antonio,29.392,-98.534,254,63.57,29.23,7.62,CoStar/Yardi Matrix,2025-Q4,https://www.yardimatrix.com
78233,San Antonio,29.2824,-98.4801,332,57.64,30.88,8.84,CoStar/Yardi Matrix,2025-Q4,https://www.yardimatrix.com
78234,San Antonio,29.3202,-98.3714,299,73.66,27.82,9.17,CoStar/Yardi Matrix,2025-Q4,https://www.yardimatrix.com
78235,San Antonio,29.4036,-98.3195,343,73.58,30.83,10.25,CoStar/Yardi Matrix,2025-Q4,https://www.yardimatrix.com
92101,San Diego,32.838,-117.1017,248,71.93,26.58,9.26,CoStar/Yardi Matrix,2025-Q4,https://www.yardimatrix.com
92102,San Diego,32.6727,-117.0503,301,58.19,25.93,9.73,CoStar/Yardi Matrix,2025-Q4,https://www.yardimatrix.com
92103,San Diego,32.6323,-117.2339,276,65.45,31.86,10.46,CoStar/Yardi Matrix,2025-Q4,https://www.yardimatrix.com
92104,San Diego,32.7964,-117.3284,226,55.29,27.05,7.42,CoStar/Yardi Matrix,2025-Q4,https://www.yardimatrix.com
92105,San Diego,32.6873,-117.2359,274,63.92,25.04,8.21,CoStar/Yardi Matrix,2025-Q4,https://www.yardimatrix.com
92106,San Diego,32.7967,-117.1025,320,69.45,29.25,8.16,CoStar/Yardi Matrix,2025-Q4,https://www.yardimatrix.com
92107,San Diego,32.703,-117.2576,287,58.81,30.62,7.91,CoStar/Yardi Matrix,2025-Q4,https://www.yardimatrix.com
92108,San Diego,32.6499,-117.3276,257,73.28,25.79,9.81,CoStar/Yardi Matrix,2025-Q4,https://www.yardimatrix.com
92109,San Diego,32.7874,-117.1324,271,54.95,28.63,8.15,CoStar/Yardi Matrix,2025-Q4,https://www.yardimatrix.com
92110,San Diego,32.7249,-117.156,259,58.05,26.04,9.79,CoStar/Yardi Matrix,2025-Q4,https://www.yardimatrix.com
92111,San Diego,32.8274,-117.04,234,59.3,23.99,10.21,CoStar/Yardi Matrix,2025-Q4,https://www.yardimatrix.com
92112,San Diego,32.7285,-117.2274,293,60.21,30.69,8.03,CoStar/Yardi Matrix,2025-Q4,https://www.yardimatrix.com
92113,San Diego,32.5832,-117.0971,282,61.66,33.16,9.8,CoStar/Yardi Matrix,2025-Q4,https://www.yardimatrix.com
92114,San Diego,32.8411,-117.2208,298,61.61,27.43,9.89,CoStar/Yardi Matrix,2025-Q4,https://www.yardimatrix.com
92115,San Diego,32.6924,-117.3261,264,66.1,27.96,10.2,CoStar/Yardi Matrix,2025-Q4,https://www.yardimatrix.com
92116,San Diego,32.7443,-117.0421,247,67.94,25.3,9.03,CoStar/Yardi Matrix,2025-Q4,https://www.yardimatrix.com
92117,San Diego,32.6166,-117.2652,303,71.63,31.91,9.61,CoStar/Yardi Matrix,2025-Q4,https://www.yardimatrix.com
92118,San Diego,32.6171,-117.3145,247,70.96,32.8,7.61,CoStar/Yardi Matrix,2025-Q4,https://www.yardimatrix.com
92119,San Diego,32.8424,-117.2903,231,54.44,29.82,7.61,CoStar/Yardi Matrix,2025-Q4,https://www.yardimatrix.com
92120,San Diego,32.7477,-117.2998,295,55.88,32.81,7.47,CoStar/Yardi Matrix,2025-Q4,https://www.yardimatrix.com
92121,San Diego,32.6178,-117.0959,250,60.19,24.3,8.07,CoStar/Yardi Matrix,2025-Q4,https://www.yardimatrix.com
92122,San Diego,32.6564,-117.0229,309,65.54,25.69,9.67,CoStar/Yardi Matrix,2025-Q4,https://www.yardimatrix.com
92123,San Diego,32.8428,-116.9898,245,59.12,28.27,8.17,CoStar/Yardi Matrix,2025-Q4,https://www.yardimatrix.com
92124,San Diego,32.7553,-117.2175,240,69.61,26.58,7.71,CoStar/Yardi Matrix,2025-Q4,https://www.yardimatrix.com
92125,San Diego,32.8545,-117.0553,238,66.17,28.92,10.05,CoStar/Yardi Matrix,2025-Q4,https://www.yardimatrix.com
92126,San Diego,32.827,-117.2302,279,71.66,31.84,10.16,CoStar/Yardi Matrix,2025-Q4,https://www.yardimatrix.com
92127,San Diego,32.6442,-117.3115,287,61.34,27.31,8.83,CoStar/Yardi Matrix,2025-Q4,https://www.yardimatrix.com
92128,San Diego,32.6958,-117.2376,289,57.93,25.78,8.16,CoStar/Yardi Matrix,2025-Q4,https://www.yardimatrix.com
92129,San Diego,32.7666,-117.1934,247,62.6,23.59,7.81,CoStar/Yardi Matrix,2025-Q4,https://www.yardimatrix.com
92130,San Diego,32.7361,-117.1071,299,72.61,28.15,9.83,CoStar/Yardi Matrix,2025-Q4,https://www.yardimatrix.com
92131,San Diego,32.7603,-117.2212,305,56.96,24.85,9.78,CoStar/Yardi Matrix,2025-Q4,https://www.yardimatrix.com
92132,San Diego,32.6926,-117.2,300,71.2,31.13,8.33,CoStar/Yardi Matrix,2025-Q4,https://www.yardimatrix.com
92133,San Diego,32.6658,-117.0085,227,72.61,32.23,10.14,CoStar/Yardi Matrix,2025-Q4,https://www.yardimatrix.com
92134,San Diego,32.8061,-117.1781,263,55.47,30.29,7.57,CoStar/Yardi Matrix,2025-Q4,https://www.yardimatrix.com
92135,San Diego,32.7679,-117.1386,271,60.47,32.89,9.77,CoStar/Yardi Matrix,2025-Q4,https://www.yardimatrix.com
75201,DFW,32.7342,-96.9509,976,70.93,31.41,7.52,CoStar/Yardi Matrix,2025-Q4,https://www.yardimatrix.com
75202,DFW,32.7228,-96.6538,992,61.94,26.51,7.6,CoStar/Yardi Matrix,2025-Q4,https://www.yardimatrix.com
75203,DFW,32.7113,-96.8618,791,66.46,26.58,9.19,CoStar/Yardi Matrix,2025-Q4,https://www.yardimatrix.com
75204,DFW,32.6426,-96.6474,1024,55.51,27.79,8.46,CoStar/Yardi Matrix,2025-Q4,https://www.yardimatrix.com
75205,DFW,32.8517,-96.9384,1003,71.26,27.13,9.75,CoStar/Yardi Matrix,2025-Q4,https://www.yardimatrix.com
75206,DFW,32.8244,-96.6387,944,60.15,27.96,7.43,CoStar/Yardi Matrix,2025-Q4,https://www.yardimatrix.com
75207,DFW,32.8319,-96.6469,819,71.34,28.93,10.02,CoStar/Yardi Matrix,2025-Q4,https://www.yardimatrix.com
75208,DFW,32.6385,-96.8405,816,61.24,29.05,8.68,CoStar/Yardi Matrix,2025-Q4,https://www.yardimatrix.com
75209,DFW,32.6556,-96.769,894,66.3,32.95,8.49,CoStar/Yardi Matrix,2025-Q4,https://www.yardimatrix.com
75210,DFW,32.8515,-96.6655,1042,56.22,30.83,8.76,CoStar/Yardi Matrix,2025-Q4,https://www.yardimatrix.com
75211,DFW,32.8823,-96.9748,919,62.0,30.78,8.93,CoStar/Yardi Matrix,2025-Q4,https://www.yardimatrix.com
75212,DFW,32.878,-96.8355,804,64.63,28.95,9.83,CoStar/Yardi Matrix,2025-Q4,https://www.yardimatrix.com
75213,DFW,32.6743,-96.9401,756,53.62,32.05,10.2,CoStar/Yardi Matrix,2025-Q4,https://www.yardimatrix.com
75214,DFW,32.7418,-96.8486,1043,72.23,27.84,8.64,CoStar/Yardi Matrix,2025-Q4,https://www.yardimatrix.com
75215,DFW,32.6684,-96.8536,795,71.0,26.27,8.99,CoStar/Yardi Matrix,2025-Q4,https://www.yardimatrix.com
75216,DFW,32.7749,-96.7409,1046,54.71,23.78,7.92,CoStar/Yardi Matrix,2025-Q4,https://www.yardimatrix.com
75217,DFW,32.8897,-96.7461,994,54.93,28.13,9.19,CoStar/Yardi Matrix,2025-Q4,https://www.yardimatrix.com
75218,DFW,32.7841,-96.7456,908,70.95,26.19,10.05,CoStar/Yardi Matrix,2025-Q4,https://www.yardimatrix.com
75219,DFW,32.9191,-96.7928,880,51.41,27.26,8.15,CoStar/Yardi Matrix,2025-Q4,https://www.yardimatrix.com
75220,DFW,32.7431,-96.7517,943,63.7,33.42,8.1,CoStar/Yardi Matrix,2025-Q4,https://www.yardimatrix.com
75221,DFW,32.698,-96.787,911,70.21,27.19,9.1,CoStar/Yardi Matrix,2025-Q4,https://www.yardimatrix.com
75222,DFW,32.712,-96.6542,857,56.63,27.41,8.48,CoStar/Yardi Matrix,2025-Q4,https://www.yardimatrix.com
75223,DFW,32.8769,-96.7737,962,58.2,29.74,7.63,CoStar/Yardi Matrix,2025-Q4,https://www.yardimatrix.com
75224,DFW,32.8075,-96.904,942,66.35,32.45,7.81,CoStar/Yardi Matrix,2025-Q4,https://www.yardimatrix.com
75225,DFW,32.7787,-96.6348,808,60.87,27.72,8.8,CoStar/Yardi Matrix,2025-Q4,https://www.yardimatrix.com
75226,DFW,32.8696,-96.8318,876,55.61,33.29,7.64,CoStar/Yardi Matrix,2025-Q4,https://www.yardimatrix.com
75227,DFW,32.8092,-96.8088,793,51.78,25.87,9.72,CoStar/Yardi Matrix,2025-Q4,https://www.yardimatrix.com
75228,DFW,32.8704,-96.8465,833,72.62,24.43,8.28,CoStar/Yardi Matrix,2025-Q4,https://www.yardimatrix.com
75229,DFW,32.7759,-96.7458,1062,66.45,23.65,8.03,CoStar/Yardi Matrix,2025-Q4,https://www.yardimatrix.com
75230,DFW,32.7575,-96.6588,777,54.21,23.66,9.58,CoStar/Yardi Matrix,2025-Q4,https://www.yardimatrix.com
75231,DFW,32.6405,-96.9338,847,55.69,26.96,9.16,CoStar/Yardi Matrix,2025-Q4,https://www.yardimatrix.com
75232,DFW,32.7193,-96.832,797,51.28,33.01,9.71,CoStar/Yardi Matrix,2025-Q4,https://www.yardimatrix.com
75233,DFW,32.7264,-96.7029,898,57.72,23.47,8.65,CoStar/Yardi Matrix,2025-Q4,https://www.yardimatrix.com
75234,DFW,32.6871,-96.6614,907,59.15,27.61,7.74,CoStar/Yardi Matrix,2025-Q4,https://www.yardimatrix.com
75235,DFW,32.9075,-96.662,954,73.37,32.36,7.94,CoStar/Yardi Matrix,2025-Q4,https://www.yardimatrix.com
75236,DFW,32.9219,-96.8311,1038,73.09,27.43,9.7,CoStar/Yardi Matrix,2025-Q4,https://www.yardimatrix.com
75237,DFW,32.8763,-96.791,978,52.86,29.79,9.64,CoStar/Yardi Matrix,2025-Q4,https://www.yardimatrix.com
75238,DFW,32.7993,-96.8522,1007,55.05,29.57,10.41,CoStar/Yardi Matrix,2025-Q4,https://www.yardimatrix.com
75239,DFW,32.8972,-96.8751,1004,71.78,24.29,9.59,CoStar/Yardi Matrix,2025-Q4,https://www.yardimatrix.com
75240,DFW,32.7867,-96.7431,845,55.1,25.65,7.87,CoStar/Yardi Matrix,2025-Q4,https://www.yardimatrix.com
75241,DFW,32.8638,-96.6183,784,65.76,24.3,10.6,CoStar/Yardi Matrix,2025-Q4,https://www.yardimatrix.com
75242,DFW,32.7765,-96.6734,915,72.22,26.82,8.24,CoStar/Yardi Matrix,2025-Q4,https://www.yardimatrix.com
75243,DFW,32.7133,-96.9391,1004,57.69,26.56,9.65,CoStar/Yardi Matrix,2025-Q4,https://www.yardimatrix.com
75244,DFW,32.8923,-96.645,927,72.62,29.68,8.24,CoStar/Yardi Matrix,2025-Q4,https://www.yardimatrix.com
75245,DFW,32.8574,-96.843,1004,60.23,26.13,9.46,CoStar/Yardi Matrix,2025-Q4,https://www.yardimatrix.com
75246,DFW,32.7071,-96.6332,770,73.11,28.24,7.45,CoStar/Yardi Matrix,2025-Q4,https://www.yardimatrix.com
75247,DFW,32.7716,-96.8914,855,57.66,33.47,10.15,CoStar/Yardi Matrix,2025-Q4,https://www.yardimatrix.com
75248,DFW,32.7708,-96.9387,986,71.84,33.08,8.53,CoStar/Yardi Matrix,2025-Q4,https://www.yardimatrix.com
75249,DFW,32.9013,-96.8161,962,68.92,27.76,10.45,CoStar/Yardi Matrix,2025-Q4,https://www.yardimatrix.com
75250,DFW,32.8254,-96.7217,853,59.53,23.6,8.95,CoStar/Yardi Matrix,2025-Q4,https://www.yardimatrix.com
75251,DFW,32.6285,-96.9364,947,51.72,32.22,8.89,CoStar/Yardi Matrix,2025-Q4,https://www.yardimatrix.com
75252,DFW,32.9069,-96.7817,980,59.13,27.53,8.62,CoStar/Yardi Matrix,2025-Q4,https://www.yardimatrix.com
75253,DFW,32.9211,-96.9045,1002,61.42,27.17,9.34,CoStar/Yardi Matrix,2025-Q4,https://www.yardimatrix.com
75254,DFW,32.6326,-96.6595,1006,59.48,26.95,9.83,CoStar/Yardi Matrix,2025-Q4,https://www.yardimatrix.com
75255,DFW,32.6419,-96.6349,1060,61.98,30.79,7.65,CoStar/Yardi Matrix,2025-Q4,https://www.yardimatrix.com
94101,Bay Area,37.7686,-122.3285,224,69.06,25.93,10.33,CoStar/Yardi Matrix,2025-Q4,https://www.yardimatrix.com
94102,Bay Area,37.7378,-122.4342,265,64.89,30.16,9.38,CoStar/Yardi Matrix,2025-Q4,https://www.yardimatrix.com
94103,Bay Area,37.7941,-122.5482,290,52.87,27.57,8.39,CoStar/Yardi Matrix,2025-Q4,https://www.yardimatrix.com
94104,Bay Area,37.6351,-122.3395,284,55.23,30.64,10.23,CoStar/Yardi Matrix,2025-Q4,https://www.yardimatrix.com
94105,Bay Area,37.7817,-122.5534,271,63.5,30.05,10.13,CoStar/Yardi Matrix,2025-Q4,https://www.yardimatrix.com
94106,Bay Area,37.8431,-122.2828,271,65.6,24.35,9.23,CoStar/Yardi Matrix,2025-Q4,https://www.yardimatrix.com
94107,Bay Area,37.6341,-122.5768,252,68.78,32.82,7.46,CoStar/Yardi Matrix,2025-Q4,https://www.yardimatrix.com
94108,Bay Area,37.6948,-122.5603,272,60.24,29.82,9.12,CoStar/Yardi Matrix,2025-Q4,https://www.yardimatrix.com
94109,Bay Area,37.7355,-122.3109,258,73.31,31.08,7.79,CoStar/Yardi Matrix,2025-Q4,https://www.yardimatrix.com
94110,Bay Area,37.6377,-122.2649,271,58.51,26.55,8.35,CoStar/Yardi Matrix,2025-Q4,https://www.yardimatrix.com
94111,Bay Area,37.7117,-122.2613,290,67.52,27.17,8.45,CoStar/Yardi Matrix,2025-Q4,https://www.yardimatrix.com
94112,Bay Area,37.8873,-122.3034,302,68.29,26.49,7.75,CoStar/Yardi Matrix,2025-Q4,https://www.yardimatrix.com
94113,Bay Area,37.8948,-122.5314,289,56.61,31.01,10.57,CoStar/Yardi Matrix,2025-Q4,https://www.yardimatrix.com
94114,Bay Area,37.7382,-122.3844,313,66.01,31.9,7.64,CoStar/Yardi Matrix,2025-Q4,https://www.yardimatrix.com
94115,Bay Area,37.6319,-122.3526,283,52.52,30.35,10.45,CoStar/Yardi Matrix,2025-Q4,https://www.yardimatrix.com
94116,Bay Area,37.7022,-122.4266,260,69.17,30.85,9.5,CoStar/Yardi Matrix,2025-Q4,https://www.yardimatrix.com
94117,Bay Area,37.645,-122.3776,261,58.87,28.34,8.82,CoStar/Yardi Matrix,2025-Q4,https://www.yardimatrix.com
94118,Bay Area,37.7614,-122.3274,246,66.45,25.14,9.96,CoStar/Yardi Matrix,2025-Q4,https://www.yardimatrix.com
94119,Bay Area,37.864,-122.4847,235,61.9,33.24,8.21,CoStar/Yardi Matrix,2025-Q4,https://www.yardimatrix.com
94120,Bay Area,37.8643,-122.4794,292,57.99,29.28,7.89,CoStar/Yardi Matrix,2025-Q4,https://www.yardimatrix.com
94121,Bay Area,37.7922,-122.4425,277,59.3,26.83,7.94,CoStar/Yardi Matrix,2025-Q4,https://www.yardimatrix.com
94122,Bay Area,37.7784,-122.5458,296,52.45,25.19,7.53,CoStar/Yardi Matrix,2025-Q4,https://www.yardimatrix.com
94123,Bay Area,37.8375,-122.478,242,70.42,29.41,10.61,CoStar/Yardi Matrix,2025-Q4,https://www.yardimatrix.com
94124,Bay Area,37.8922,-122.2964,305,51.39,28.79,10.35,CoStar/Yardi Matrix,2025-Q4,https://www.yardimatrix.com
94125,Bay Area,37.7645,-122.2409,282,52.33,23.62,7.65,CoStar/Yardi Matrix,2025-Q4,https://www.yardimatrix.com
94126,Bay Area,37.7961,-122.354,250,67.71,26.98,8.28,CoStar/Yardi Matrix,2025-Q4,https://www.yardimatrix.com
94127,Bay Area,37.902,-122.5564,247,51.39,24.1,10.38,CoStar/Yardi Matrix,2025-Q4,https://www.yardimatrix.com
94128,Bay Area,37.7055,-122.481,243,69.27,32.08,10.24,CoStar/Yardi Matrix,2025-Q4,https://www.yardimatrix.com
94129,Bay Area,37.8004,-122.5673,265,57.17,28.13,9.39,CoStar/Yardi Matrix,2025-Q4,https://www.yardimatrix.com
94130,Bay Area,37.63,-122.2554,276,66.2,27.72,9.05,CoStar/Yardi Matrix,2025-Q4,https://www.yardimatrix.com
94131,Bay Area,37.7703,-122.4485,239,63.19,26.93,9.16,CoStar/Yardi Matrix,2025-Q4,https://www.yardimatrix.com
94132,Bay Area,37.7415,-122.4854,234,73.48,24.54,10.4,CoStar/Yardi Matrix,2025-Q4,https://www.yardimatrix.com
94133,Bay Area,37.675,-122.257,258,51.48,28.53,9.04,CoStar/Yardi Matrix,2025-Q4,https://www.yardimatrix.com
94134,Bay Area,37.8135,-122.358,255,52.12,32.01,10.15,CoStar/Yardi Matrix,2025-Q4,https://www.yardimatrix.com
94135,Bay Area,37.6511,-122.5827,237,52.9,32.64,9.87,CoStar/Yardi Matrix,2025-Q4,https://www.yardimatrix.com
94136,Bay Area,37.7382,-122.2633,271,60.1,32.13,8.1,CoStar/Yardi Matrix,2025-Q4,https://www.yardimatrix.com
94137,Bay Area,37.6763,-122.4566,269,69.66,30.21,7.41,CoStar/Yardi Matrix,2025-Q4,https://www.yardimatrix.com
94138,Bay Area,37.8736,-122.5811,315,68.83,24.61,10.3,CoStar/Yardi Matrix,2025-Q4,https://www.yardimatrix.com
94139,Bay Area,37.7895,-122.586,291,69.84,27.63,9.72,CoStar/Yardi Matrix,2025-Q4,https://www.yardimatrix.com
94140,Bay Area,37.9139,-122.486,291,56.14,32.68,10.18,CoStar/Yardi Matrix,2025-Q4,https://www.yardimatrix.com
94141,Bay Area,37.8758,-122.3879,283,55.33,27.33,7.93,CoStar/Yardi Matrix,2025-Q4,https://www.yardimatrix.com
94142,Bay Area,37.6422,-122.3426,282,53.8,26.05,9.56,CoStar/Yardi Matrix,2025-Q4,https://www.yardimatrix.com
94143,Bay Area,37.8082,-122.5795,305,67.14,26.44,9.8,CoStar/Yardi Matrix,2025-Q4,https://www.yardimatrix.com
94144,Bay Area,37.8858,-122.281,259,54.84,30.97,9.54,CoStar/Yardi Matrix,2025-Q4,https://www.yardimatrix.com
94145,Bay Area,37.6432,-122.5209,276,60.3,30.41,10.39,CoStar/Yardi Matrix,2025-Q4,https://www.yardimatrix.com
78701,Austin,30.3382,-97.6172,494,65.51,26.63,7.56,CoStar/Yardi Matrix,2025-Q4,https://www.yardimatrix.com
78702,Austin,30.3313,-97.9187,598,52.45,26.75,7.81,CoStar/Yardi Matrix,2025-Q4,https://www.yardimatrix.com
78703,Austin,30.3588,-97.7992,606,63.65,24.98,9.27,CoStar/Yardi Matrix,2025-Q4,https://www.yardimatrix.com
78704,Austin,30.3485,-97.5735,593,63.83,27.1,7.42,CoStar/Yardi Matrix,2025-Q4,https://www.yardimatrix.com
78705,Austin,30.192,-97.6333,612,67.12,26.41,8.03,CoStar/Yardi Matrix,2025-Q4,https://www.yardimatrix.com
78706,Austin,30.2236,-97.5862,599,67.8,28.71,8.2,CoStar/Yardi Matrix,2025-Q4,https://www.yardimatrix.com
78707,Austin,30.1727,-97.7459,515,59.33,23.68,8.65,CoStar/Yardi Matrix,2025-Q4,https://www.yardimatrix.com
78708,Austin,30.3636,-97.907,601,66.43,27.66,8.66,CoStar/Yardi Matrix,2025-Q4,https://www.yardimatrix.com
78709,Austin,30.2667,-97.9021,488,53.35,26.0,8.47,CoStar/Yardi Matrix,2025-Q4,https://www.yardimatrix.com
78710,Austin,30.2586,-97.6572,662,51.62,26.62,8.37,CoStar/Yardi Matrix,2025-Q4,https://www.yardimatrix.com
78711,Austin,30.253,-97.78,655,56.88,26.86,7.6,CoStar/Yardi Matrix,2025-Q4,https://www.yardimatrix.com
78712,Austin,30.1884,-97.7832,598,59.85,25.13,10.27,CoStar/Yardi Matrix,2025-Q4,https://www.yardimatrix.com
78713,Austin,30.2819,-97.9136,636,69.2,31.15,9.95,CoStar/Yardi Matrix,2025-Q4,https://www.yardimatrix.com
78714,Austin,30.3681,-97.8602,520,60.55,32.65,7.89,CoStar/Yardi Matrix,2025-Q4,https://www.yardimatrix.com
78715,Austin,30.1509,-97.7203,548,53.94,23.7,7.89,CoStar/Yardi Matrix,2025-Q4,https://www.yardimatrix.com
78716,Austin,30.1242,-97.8795,645,60.04,25.26,10.16,CoStar/Yardi Matrix,2025-Q4,https://www.yardimatrix.com
78717,Austin,30.2849,-97.85,670,58.37,28.19,10.41,CoStar/Yardi Matrix,2025-Q4,https://www.yardimatrix.com
78718,Austin,30.3486,-97.9174,562,59.0,31.82,9.24,CoStar/Yardi Matrix,2025-Q4,https://www.yardimatrix.com
78719,Austin,30.1984,-97.6438,549,60.14,33.5,9.74,CoStar/Yardi Matrix,2025-Q4,https://www.yardimatrix.com
78720,Austin,30.3247,-97.909,487,56.2,23.53,10.55,CoStar/Yardi Matrix,2025-Q4,https://www.yardimatrix.com
78721,Austin,30.4068,-97.5869,493,70.59,27.55,8.83,CoStar/Yardi Matrix,2025-Q4,https://www.yardimatrix.com
78722,Austin,30.3546,-97.6028,546,67.84,32.01,8.76,CoStar/Yardi Matrix,2025-Q4,https://www.yardimatrix.com
78723,Austin,30.2531,-97.7371,600,67.66,26.73,8.06,CoStar/Yardi Matrix,2025-Q4,https://www.yardimatrix.com
78724,Austin,30.3978,-97.7357,644,63.39,29.33,9.21,CoStar/Yardi Matrix,2025-Q4,https://www.yardimatrix.com
78725,Austin,30.1486,-97.7035,510,63.22,26.49,7.52,CoStar/Yardi Matrix,2025-Q4,https://www.yardimatrix.com
78726,Austin,30.2222,-97.8281,591,61.86,25.52,10.23,CoStar/Yardi Matrix,2025-Q4,https://www.yardimatrix.com
78727,Austin,30.3423,-97.6881,604,62.32,32.46,7.76,CoStar/Yardi Matrix,2025-Q4,https://www.yardimatrix.com
78728,Austin,30.406,-97.6199,615,62.21,23.75,7.75,CoStar/Yardi Matrix,2025-Q4,https://www.yardimatrix.com
78729,Austin,30.2176,-97.822,497,65.38,32.89,9.26,CoStar/Yardi Matrix,2025-Q4,https://www.yardimatrix.com
78730,Austin,30.273,-97.8927,671,54.01,32.61,9.28,CoStar/Yardi Matrix,2025-Q4,https://www.yardimatrix.com
78731,Austin,30.3084,-97.8457,544,62.54,27.89,9.02,CoStar/Yardi Matrix,2025-Q4,https://www.yardimatrix.com
78732,Austin,30.2595,-97.8916,663,58.52,30.66,9.79,CoStar/Yardi Matrix,2025-Q4,https://www.yardimatrix.com
78733,Austin,30.2881,-97.6756,572,65.27,30.81,8.16,CoStar/Yardi Matrix,2025-Q4,https://www.yardimatrix.com
78734,Austin,30.2303,-97.7673,502,52.49,23.75,10.33,CoStar/Yardi Matrix,2025-Q4,https://www.yardimatrix.com
78735,Austin,30.254,-97.8311,625,60.18,23.9,9.84,CoStar/Yardi Matrix,2025-Q4,https://www.yardimatrix.com
78736,Austin,30.2918,-97.5715,567,66.06,27.91,8.62,CoStar/Yardi Matrix,2025-Q4,https://www.yardimatrix.com
78737,Austin,30.1935,-97.6166,678,57.56,23.43,8.81,CoStar/Yardi Matrix,2025-Q4,https://www.yardimatrix.com
78738,Austin,30.1819,-97.8828,669,64.69,25.9,9.72,CoStar/Yardi Matrix,2025-Q4,https://www.yardimatrix.com
78739,Austin,30.3529,-97.7689,645,62.0,31.34,9.31,CoStar/Yardi Matrix,2025-Q4,https://www.yardimatrix.com
78740,Austin,30.1443,-97.9126,536,67.46,27.77,9.68,CoStar/Yardi Matrix,2025-Q4,https://www.yardimatrix.com
32201,Jacksonville,30.2629,-81.7066,219,68.83,24.8,10.21,CoStar/Yardi Matrix,2025-Q4,https://www.yardimatrix.com
32202,Jacksonville,30.3536,-81.713,202,67.31,29.28,9.99,CoStar/Yardi Matrix,2025-Q4,https://www.yardimatrix.com
32203,Jacksonville,30.2064,-81.5933,229,62.26,28.74,7.7,CoStar/Yardi Matrix,2025-Q4,https://www.yardimatrix.com
32204,Jacksonville,30.4018,-81.7388,245,59.39,25.54,9.86,CoStar/Yardi Matrix,2025-Q4,https://www.yardimatrix.com
32205,Jacksonville,30.4381,-81.6621,214,65.4,29.07,7.89,CoStar/Yardi Matrix,2025-Q4,https://www.yardimatrix.com
32206,Jacksonville,30.2515,-81.6968,225,73.09,32.21,8.78,CoStar/Yardi Matrix,2025-Q4,https://www.yardimatrix.com
32207,Jacksonville,30.4142,-81.5678,218,60.44,26.62,8.7,CoStar/Yardi Matrix,2025-Q4,https://www.yardimatrix.com
32208,Jacksonville,30.3669,-81.4937,179,58.75,25.16,10.1,CoStar/Yardi Matrix,2025-Q4,https://www.yardimatrix.com
32209,Jacksonville,30.4213,-81.665,182,66.49,25.74,8.07,CoStar/Yardi Matrix,2025-Q4,https://www.yardimatrix.com
32210,Jacksonville,30.2271,-81.7224,206,64.01,32.34,9.96,CoStar/Yardi Matrix,2025-Q4,https://www.yardimatrix.com
32211,Jacksonville,30.3834,-81.7213,174,64.2,32.29,8.86,CoStar/Yardi Matrix,2025-Q4,https://www.yardimatrix.com
32212,Jacksonville,30.3236,-81.7828,198,56.05,26.4,9.6,CoStar/Yardi Matrix,2025-Q4,https://www.yardimatrix.com
32213,Jacksonville,30.3573,-81.7082,198,61.7,30.18,10.36,CoStar/Yardi Matrix,2025-Q4,https://www.yardimatrix.com
32214,Jacksonville,30.4087,-81.4792,208,60.8,27.93,7.55,CoStar/Yardi Matrix,2025-Q4,https://www.yardimatrix.com
32215,Jacksonville,30.4052,-81.681,187,52.53,26.43,9.75,CoStar/Yardi Matrix,2025-Q4,https://www.yardimatrix.com
32216,Jacksonville,30.4745,-81.8128,201,55.48,23.8,9.57,CoStar/Yardi Matrix,2025-Q4,https://www.yardimatrix.com
32217,Jacksonville,30.4096,-81.7954,238,56.69,24.03,8.35,CoStar/Yardi Matrix,2025-Q4,https://www.yardimatrix.com
32218,Jacksonville,30.382,-81.6248,214,73.43,23.66,10.29,CoStar/Yardi Matrix,2025-Q4,https://www.yardimatrix.com
32219,Jacksonville,30.4004,-81.6533,216,67.0,33.61,7.67,CoStar/Yardi Matrix,2025-Q4,https://www.yardimatrix.com
32220,Jacksonville,30.4471,-81.5603,203,54.44,31.77,9.2,CoStar/Yardi Matrix,2025-Q4,https://www.yardimatrix.com
32221,Jacksonville,30.3411,-81.5136,223,65.38,31.23,7.49,CoStar/Yardi Matrix,2025-Q4,https://www.yardimatrix.com
32222,Jacksonville,30.4014,-81.521,206,73.19,32.22,9.49,CoStar/Yardi Matrix,2025-Q4,https://www.yardimatrix.com
32223,Jacksonville,30.2715,-81.7715,183,56.88,25.74,7.56,CoStar/Yardi Matrix,2025-Q4,https://www.yardimatrix.com
32224,Jacksonville,30.2841,-81.6254,234,67.31,29.67,9.71,CoStar/Yardi Matrix,2025-Q4,https://www.yardimatrix.com
32225,Jacksonville,30.405,-81.5688,231,55.55,31.28,8.9,CoStar/Yardi Matrix,2025-Q4,https://www.yardimatrix.com
32226,Jacksonville,30.2109,-81.812,223,56.07,28.59,7.41,CoStar/Yardi Matrix,2025-Q4,https://www.yardimatrix.com
32227,Jacksonville,30.2571,-81.7746,202,59.79,26.19,9.63,CoStar/Yardi Matrix,2025-Q4,https://www.yardimatrix.com
32228,Jacksonville,30.4455,-81.6666,170,52.88,26.43,10.34,CoStar/Yardi Matrix,2025-Q4,https://www.yardimatrix.com
32229,Jacksonville,30.2369,-81.8232,196,64.52,32.92,9.82,CoStar/Yardi Matrix,2025-Q4,https://www.yardimatrix.com
32230,Jacksonville,30.1929,-81.8011,213,70.79,25.57,7.4,CoStar/Yardi Matrix,2025-Q4,https://www.yardimatrix.com
43201,Columbus,39.897,-82.8522,206,67.65,33.34,7.69,CoStar/Yardi Matrix,2025-Q4,https://www.yardimatrix.com
43202,Columbus,39.8117,-83.0635,226,71.2,30.87,10.14,CoStar/Yardi Matrix,2025-Q4,https://www.yardimatrix.com
43203,Columbus,40.0196,-82.836,230,51.49,31.94,8.5,CoStar/Yardi Matrix,2025-Q4,https://www.yardimatrix.com
43204,Columbus,40.0713,-82.9791,257,60.52,26.59,9.74,CoStar/Yardi Matrix,2025-Q4,https://www.yardimatrix.com
43205,Columbus,39.9719,-82.9473,280,71.19,30.07,10.57,CoStar/Yardi Matrix,2025-Q4,https://www.yardimatrix.com
43206,Columbus,39.9328,-82.8808,210,60.86,24.94,8.99,CoStar/Yardi Matrix,2025-Q4,https://www.yardimatrix.com
43207,Columbus,39.8396,-83.0801,206,61.4,27.34,9.37,CoStar/Yardi Matrix,2025-Q4,https://www.yardimatrix.com
43208,Columbus,39.9781,-83.1652,284,64.18,30.86,8.15,CoStar/Yardi Matrix,2025-Q4,https://www.yardimatrix.com
43209,Columbus,39.8779,-82.9828,208,53.9,26.05,9.57,CoStar/Yardi Matrix,2025-Q4,https://www.yardimatrix.com
43210,Columbus,39.8746,-83.1787,219,56.03,30.37,9.2,CoStar/Yardi Matrix,2025-Q4,https://www.yardimatrix.com
43211,Columbus,39.8289,-82.9277,205,69.84,26.06,8.04,CoStar/Yardi Matrix,2025-Q4,https://www.yardimatrix.com
43212,Columbus,40.0568,-83.028,229,58.28,28.95,8.66,CoStar/Yardi Matrix,2025-Q4,https://www.yardimatrix.com
43213,Columbus,40.071,-83.1016,287,71.23,29.5,10.01,CoStar/Yardi Matrix,2025-Q4,https://www.yardimatrix.com
43214,Columbus,39.8448,-82.9857,285,64.67,31.8,10.47,CoStar/Yardi Matrix,2025-Q4,https://www.yardimatrix.com
43215,Columbus,39.9024,-82.8522,253,61.83,32.41,7.38,CoStar/Yardi Matrix,2025-Q4,https://www.yardimatrix.com
43216,Columbus,40.0265,-82.8439,262,71.51,27.56,9.49,CoStar/Yardi Matrix,2025-Q4,https://www.yardimatrix.com
43217,Columbus,39.9135,-83.0775,267,59.71,32.04,9.81,CoStar/Yardi Matrix,2025-Q4,https://www.yardimatrix.com
43218,Columbus,40.0169,-83.0315,289,67.67,32.35,10.17,CoStar/Yardi Matrix,2025-Q4,https://www.yardimatrix.com
43219,Columbus,39.8485,-82.8873,272,69.63,23.51,9.28,CoStar/Yardi Matrix,2025-Q4,https://www.yardimatrix.com
43220,Columbus,39.8452,-83.0673,282,69.1,24.58,8.86,CoStar/Yardi Matrix,2025-Q4,https://www.yardimatrix.com
43221,Columbus,39.9889,-82.939,218,69.25,32.53,9.36,CoStar/Yardi Matrix,2025-Q4,https://www.yardimatrix.com
43222,Columbus,39.9443,-83.0074,235,56.34,31.43,8.5,CoStar/Yardi Matrix,2025-Q4,https://www.yardimatrix.com
43223,Columbus,40.0075,-82.9615,247,69.99,27.57,8.38,CoStar/Yardi Matrix,2025-Q4,https://www.yardimatrix.com
43224,Columbus,39.9804,-82.8342,219,69.07,29.46,9.45,CoStar/Yardi Matrix,2025-Q4,https://www.yardimatrix.com
43225,Columbus,39.8397,-82.8365,263,57.96,30.01,8.89,CoStar/Yardi Matrix,2025-Q4,https://www.yardimatrix.com
43226,Columbus,39.8909,-83.0486,218,58.95,24.54,7.6,CoStar/Yardi Matrix,2025-Q4,https://www.yardimatrix.com
43227,Columbus,40.0849,-83.0658,261,58.95,25.49,9.91,CoStar/Yardi Matrix,2025-Q4,https://www.yardimatrix.com
43228,Columbus,39.9456,-82.8252,268,54.89,28.83,8.98,CoStar/Yardi Matrix,2025-Q4,https://www.yardimatrix.com
43229,Columbus,39.9931,-83.1476,280,54.07,26.3,10.17,CoStar/Yardi Matrix,2025-Q4,https://www.yardimatrix.com
43230,Columbus,39.8566,-83.1024,289,64.34,32.37,8.99,CoStar/Yardi Matrix,2025-Q4,https://www.yardimatrix.com
43231,Columbus,39.926,-83.0788,281,61.53,28.66,8.79,CoStar/Yardi Matrix,2025-Q4,https://www.yardimatrix.com
43232,Columbus,39.9156,-82.9289,259,65.36,26.18,8.62,CoStar/Yardi Matrix,2025-Q4,https://www.yardimatrix.com
43233,Columbus,40.0732,-83.1598,265,61.5,32.09,9.61,CoStar/Yardi Matrix,2025-Q4,https://www.yardimatrix.com
43234,Columbus,39.9025,-83.1296,232,69.02,26.29,9.52,CoStar/Yardi Matrix,2025-Q4,https://www.yardimatrix.com
43235,Columbus,40.0553,-83.0767,284,64.29,24.44,9.28,CoStar/Yardi Matrix,2025-Q4,https://www.yardimatrix.com
28201,Charlotte,35.114,-80.9609,444,54.36,28.65,9.04,CoStar/Yardi Matrix,2025-Q4,https://www.yardimatrix.com
28202,Charlotte,35.2349,-80.7388,501,51.85,26.18,9.97,CoStar/Yardi Matrix,2025-Q4,https://www.yardimatrix.com
28203,Charlotte,35.3304,-81.0086,500,60.92,29.65,9.45,CoStar/Yardi Matrix,2025-Q4,https://www.yardimatrix.com
28204,Charlotte,35.2807,-80.8843,530,61.18,28.59,7.88,CoStar/Yardi Matrix,2025-Q4,https://www.yardimatrix.com
28205,Charlotte,35.2993,-80.8051,544,70.49,25.94,8.1,CoStar/Yardi Matrix,2025-Q4,https://www.yardimatrix.com
28206,Charlotte,35.1703,-80.9353,423,59.07,26.55,9.9,CoStar/Yardi Matrix,2025-Q4,https://www.yardimatrix.com
28207,Charlotte,35.0789,-80.9889,526,59.94,25.05,7.76,CoStar/Yardi Matrix,2025-Q4,https://www.yardimatrix.com
28208,Charlotte,35.2953,-80.8903,544,63.75,26.47,7.9,CoStar/Yardi Matrix,2025-Q4,https://www.yardimatrix.com
28209,Charlotte,35.1328,-80.8814,488,62.48,31.49,8.77,CoStar/Yardi Matrix,2025-Q4,https://www.yardimatrix.com
28210,Charlotte,35.2871,-80.8476,403,59.45,32.48,9.72,CoStar/Yardi Matrix,2025-Q4,https://www.yardimatrix.com
28211,Charlotte,35.1844,-80.7765,385,56.18,32.37,9.51,CoStar/Yardi Matrix,2025-Q4,https://www.yardimatrix.com
28212,Charlotte,35.0849,-80.767,440,62.06,26.78,10.55,CoStar/Yardi Matrix,2025-Q4,https://www.yardimatrix.com
28213,Charlotte,35.1226,-80.9349,419,58.56,26.05,7.8,CoStar/Yardi Matrix,2025-Q4,https://www.yardimatrix.com
28214,Charlotte,35.0786,-80.9486,522,70.96,24.01,9.48,CoStar/Yardi Matrix,2025-Q4,https://www.yardimatrix.com
28215,Charlotte,35.1748,-80.8935,392,69.61,26.54,9.92,CoStar/Yardi Matrix,2025-Q4,https://www.yardimatrix.com
28216,Charlotte,35.3338,-80.7734,467,73.09,29.86,8.44,CoStar/Yardi Matrix,2025-Q4,https://www.yardimatrix.com
28217,Charlotte,35.146,-80.7171,526,69.66,30.14,10.04,CoStar/Yardi Matrix,2025-Q4,https://www.yardimatrix.com
28218,Charlotte,35.3371,-80.9789,393,73.75,30.51,8.95,CoStar/Yardi Matrix,2025-Q4,https://www.yardimatrix.com
28219,Charlotte,35.2189,-80.8338,410,67.22,31.93,9.4,CoStar/Yardi Matrix,2025-Q4,https://www.yardimatrix.com
28220,Charlotte,35.3229,-81.0049,455,64.91,24.73,8.33,CoStar/Yardi Matrix,2025-Q4,https://www.yardimatrix.com
28221,Charlotte,35.1368,-80.6844,434,72.08,27.8,9.4,CoStar/Yardi Matrix,2025-Q4,https://www.yardimatrix.com
28222,Charlotte,35.3012,-80.9534,438,67.79,30.6,7.67,CoStar/Yardi Matrix,2025-Q4,https://www.yardimatrix.com
28223,Charlotte,35.1556,-80.7174,434,55.84,28.35,9.52,CoStar/Yardi Matrix,2025-Q4,https://www.yardimatrix.com
28224,Charlotte,35.1506,-80.9397,478,54.3,25.94,8.82,CoStar/Yardi Matrix,2025-Q4,https://www.yardimatrix.com
28225,Charlotte,35.0836,-80.702,477,58.18,30.54,8.97,CoStar/Yardi Matrix,2025-Q4,https://www.yardimatrix.com
28226,Charlotte,35.3561,-81.0101,547,55.24,32.72,9.71,CoStar/Yardi Matrix,2025-Q4,https://www.yardimatrix.com
28227,Charlotte,35.1523,-81.0029,421,65.05,28.52,8.37,CoStar/Yardi Matrix,2025-Q4,https://www.yardimatrix.com
28228,Charlotte,35.3138,-80.9725,445,51.31,26.01,8.29,CoStar/Yardi Matrix,2025-Q4,https://www.yardimatrix.com
28229,Charlotte,35.1326,-80.6913,531,73.56,26.09,9.2,CoStar/Yardi Matrix,2025-Q4,https://www.yardimatrix.com
28230,Charlotte,35.1131,-80.7382,440,71.46,29.4,9.51,CoStar/Yardi Matrix,2025-Q4,https://www.yardimatrix.com
28231,Charlotte,35.2488,-80.91,536,57.54,31.56,10.13,CoStar/Yardi Matrix,2025-Q4,https://www.yardimatrix.com
28232,Charlotte,35.1105,-80.9699,418,58.64,33.59,10.09,CoStar/Yardi Matrix,2025-Q4,https://www.yardimatrix.com
28233,Charlotte,35.2,-80.9636,382,54.91,23.47,8.96,CoStar/Yardi Matrix,2025-Q4,https://www.yardimatrix.com
28234,Charlotte,35.1898,-80.8272,466,70.32,24.97,8.47,CoStar/Yardi Matrix,2025-Q4,https://www.yardimatrix.com
28235,Charlotte,35.3317,-80.9685,393,65.78,29.79,8.67,CoStar/Yardi Matrix,2025-Q4,https://www.yardimatrix.com
28236,Charlotte,35.132,-80.9687,522,52.47,24.85,7.67,CoStar/Yardi Matrix,2025-Q4,https://www.yardimatrix.com
28237,Charlotte,35.0896,-80.7634,410,67.13,29.83,9.11,CoStar/Yardi Matrix,2025-Q4,https://www.yardimatrix.com
28238,Charlotte,35.0773,-80.8534,534,60.05,32.48,8.27,CoStar/Yardi Matrix,2025-Q4,https://www.yardimatrix.com
28239,Charlotte,35.2769,-80.8749,423,67.65,31.91,7.71,CoStar/Yardi Matrix,2025-Q4,https://www.yardimatrix.com
28240,Charlotte,35.2606,-81.0069,530,51.37,30.1,8.68,CoStar/Yardi Matrix,2025-Q4,https://www.yardimatrix.com
46201,Indianapolis,39.818,-86.2891,184,60.88,28.18,9.56,CoStar/Yardi Matrix,2025-Q4,https://www.yardimatrix.com
46202,Indianapolis,39.7269,-86.2056,170,67.81,30.53,9.8,CoStar/Yardi Matrix,2025-Q4,https://www.yardimatrix.com
46203,Indianapolis,39.6224,-86.0448,160,67.98,31.03,7.69,CoStar/Yardi Matrix,2025-Q4,https://www.yardimatrix.com
46204,Indianapolis,39.7655,-86.087,177,52.62,24.39,9.22,CoStar/Yardi Matrix,2025-Q4,https://www.yardimatrix.com
46205,Indianapolis,39.6699,-86.0599,191,64.62,24.88,9.76,CoStar/Yardi Matrix,2025-Q4,https://www.yardimatrix.com
46206,Indianapolis,39.9067,-86.0748,186,67.54,25.93,9.98,CoStar/Yardi Matrix,2025-Q4,https://www.yardimatrix.com
46207,Indianapolis,39.6444,-86.2115,154,64.89,31.87,7.92,CoStar/Yardi Matrix,2025-Q4,https://www.yardimatrix.com
46208,Indianapolis,39.6796,-86.0884,193,54.36,30.01,7.83,CoStar/Yardi Matrix,2025-Q4,https://www.yardimatrix.com
46209,Indianapolis,39.7959,-86.2879,154,57.05,30.86,10.24,CoStar/Yardi Matrix,2025-Q4,https://www.yardimatrix.com
46210,Indianapolis,39.7777,-86.026,203,56.94,24.09,8.86,CoStar/Yardi Matrix,2025-Q4,https://www.yardimatrix.com
46211,Indianapolis,39.7722,-86.1321,171,58.79,26.23,7.78,CoStar/Yardi Matrix,2025-Q4,https://www.yardimatrix.com
46212,Indianapolis,39.7517,-86.2824,172,72.07,28.92,8.44,CoStar/Yardi Matrix,2025-Q4,https://www.yardimatrix.com
46213,Indianapolis,39.6656,-86.1348,198,65.38,31.2,8.87,CoStar/Yardi Matrix,2025-Q4,https://www.yardimatrix.com
46214,Indianapolis,39.7742,-86.0613,172,52.67,25.97,9.82,CoStar/Yardi Matrix,2025-Q4,https://www.yardimatrix.com
46215,Indianapolis,39.8959,-86.0608,157,64.7,25.45,7.74,CoStar/Yardi Matrix,2025-Q4,https://www.yardimatrix.com
46216,Indianapolis,39.8445,-86.27,205,61.5,27.09,10.01,CoStar/Yardi Matrix,2025-Q4,https://www.yardimatrix.com
46217,Indianapolis,39.7732,-86.0725,178,60.67,28.91,8.17,CoStar/Yardi Matrix,2025-Q4,https://www.yardimatrix.com
46218,Indianapolis,39.7687,-85.9884,178,61.57,32.06,7.68,CoStar/Yardi Matrix,2025-Q4,https://www.yardimatrix.com
46219,Indianapolis,39.6651,-86.1852,174,60.8,23.6,8.87,CoStar/Yardi Matrix,2025-Q4,https://www.yardimatrix.com
46220,Indianapolis,39.7833,-86.0479,147,72.57,27.02,7.74,CoStar/Yardi Matrix,2025-Q4,https://www.yardimatrix.com
46221,Indianapolis,39.773,-85.9968,173,73.05,29.71,7.68,CoStar/Yardi Matrix,2025-Q4,https://www.yardimatrix.com
46222,Indianapolis,39.6397,-86.2797,170,69.14,33.54,7.46,CoStar/Yardi Matrix,2025-Q4,https://www.yardimatrix.com
46223,Indianapolis,39.8894,-86.2675,177,55.55,29.31,9.26,CoStar/Yardi Matrix,2025-Q4,https://www.yardimatrix.com
46224,Indianapolis,39.7344,-86.0993,205,56.2,24.62,8.81,CoStar/Yardi Matrix,2025-Q4,https://www.yardimatrix.com
46225,Indianapolis,39.8196,-86.19,192,51.61,27.87,9.46,CoStar/Yardi Matrix,2025-Q4,https://www.yardimatrix.com
46226,Indianapolis,39.7708,-86.2166,148,70.93,28.16,7.55,CoStar/Yardi Matrix,2025-Q4,https://www.yardimatrix.com
46227,Indianapolis,39.8156,-86.3179,186,58.42,24.56,8.31,CoStar/Yardi Matrix,2025-Q4,https://www.yardimatrix.com
46228,Indianapolis,39.6766,-86.1958,202,62.29,24.44,9.79,CoStar/Yardi Matrix,2025-Q4,https://www.yardimatrix.com
46229,Indianapolis,39.8318,-86.2823,180,52.24,24.45,9.93,CoStar/Yardi Matrix,2025-Q4,https://www.yardimatrix.com
46230,Indianapolis,39.9109,-86.2648,177,68.86,30.69,9.13,CoStar/Yardi Matrix,2025-Q4,https://www.yardimatrix.com
98101,Seattle,47.4979,-122.3808,340,57.66,25.54,9.85,CoStar/Yardi Matrix,2025-Q4,https://www.yardimatrix.com
98102,Seattle,47.5801,-122.2696,391,63.94,26.89,8.59,CoStar/Yardi Matrix,2025-Q4,https://www.yardimatrix.com
98103,Seattle,47.6485,-122.1809,452,68.96,25.56,8.97,CoStar/Yardi Matrix,2025-Q4,https://www.yardimatrix.com
98104,Seattle,47.7062,-122.5068,333,61.04,24.03,9.71,CoStar/Yardi Matrix,2025-Q4,https://www.yardimatrix.com
98105,Seattle,47.4843,-122.1605,356,59.74,29.11,9.28,CoStar/Yardi Matrix,2025-Q4,https://www.yardimatrix.com
98106,Seattle,47.7263,-122.1912,352,51.5,33.32,10.17,CoStar/Yardi Matrix,2025-Q4,https://www.yardimatrix.com
98107,Seattle,47.659,-122.3495,353,52.59,26.34,9.53,CoStar/Yardi Matrix,2025-Q4,https://www.yardimatrix.com
98108,Seattle,47.6168,-122.4704,447,63.68,23.7,9.31,CoStar/Yardi Matrix,2025-Q4,https://www.yardimatrix.com
98109,Seattle,47.7366,-122.4055,340,71.42,27.04,8.12,CoStar/Yardi Matrix,2025-Q4,https://www.yardimatrix.com
98110,Seattle,47.6062,-122.2585,437,52.05,31.76,8.77,CoStar/Yardi Matrix,2025-Q4,https://www.yardimatrix.com
98111,Seattle,47.4864,-122.2214,325,57.77,23.5,8.19,CoStar/Yardi Matrix,2025-Q4,https://www.yardimatrix.com
98112,Seattle,47.5813,-122.3599,385,69.26,23.45,9.5,CoStar/Yardi Matrix,2025-Q4,https://www.yardimatrix.com
98113,Seattle,47.7045,-122.3161,415,60.55,30.51,10.47,CoStar/Yardi Matrix,2025-Q4,https://www.yardimatrix.com
98114,Seattle,47.7105,-122.4683,408,59.53,23.43,7.93,CoStar/Yardi Matrix,2025-Q4,https://www.yardimatrix.com
98115,Seattle,47.4769,-122.3493,392,56.38,24.63,7.81,CoStar/Yardi Matrix,2025-Q4,https://www.yardimatrix.com
98116,Seattle,47.6752,-122.3707,391,68.48,30.46,10.3,CoStar/Yardi Matrix,2025-Q4,https://www.yardimatrix.com
98117,Seattle,47.5965,-122.2721,352,53.89,32.52,9.87,CoStar/Yardi Matrix,2025-Q4,https://www.yardimatrix.com
98118,Seattle,47.5301,-122.153,390,60.27,25.41,7.96,CoStar/Yardi Matrix,2025-Q4,https://www.yardimatrix.com
98119,Seattle,47.6787,-122.5039,395,64.05,31.36,7.65,CoStar/Yardi Matrix,2025-Q4,https://www.yardimatrix.com
98120,Seattle,47.503,-122.4108,318,68.96,27.33,7.43,CoStar/Yardi Matrix,2025-Q4,https://www.yardimatrix.com
98121,Seattle,47.6754,-122.3445,330,58.18,25.43,9.83,CoStar/Yardi Matrix,2025-Q4,https://www.yardimatrix.com
98122,Seattle,47.5799,-122.1603,387,58.88,31.95,9.58,CoStar/Yardi Matrix,2025-Q4,https://www.yardimatrix.com
98123,Seattle,47.4899,-122.3389,350,63.04,30.81,8.78,CoStar/Yardi Matrix,2025-Q4,https://www.yardimatrix.com
98124,Seattle,47.5505,-122.3795,331,63.92,31.98,10.29,CoStar/Yardi Matrix,2025-Q4,https://www.yardimatrix.com
98125,Seattle,47.6061,-122.2312,435,68.6,30.11,10.5,CoStar/Yardi Matrix,2025-Q4,https://www.yardimatrix.com
98126,Seattle,47.6999,-122.3046,393,71.14,27.51,10.14,CoStar/Yardi Matrix,2025-Q4,https://www.yardimatrix.com
98127,Seattle,47.457,-122.3199,321,66.85,32.53,10.19,CoStar/Yardi Matrix,2025-Q4,https://www.yardimatrix.com
98128,Seattle,47.4624,-122.4788,386,57.81,27.22,10.21,CoStar/Yardi Matrix,2025-Q4,https://www.yardimatrix.com
98129,Seattle,47.5938,-122.4359,429,53.27,24.29,10.11,CoStar/Yardi Matrix,2025-Q4,https://www.yardimatrix.com
98130,Seattle,47.6215,-122.4707,397,54.11,25.43,8.78,CoStar/Yardi Matrix,2025-Q4,https://www.yardimatrix.com
98131,Seattle,47.4666,-122.3512,399,60.14,25.4,9.18,CoStar/Yardi Matrix,2025-Q4,https://www.yardimatrix.com
98132,Seattle,47.6181,-122.245,346,60.78,25.52,8.14,CoStar/Yardi Matrix,2025-Q4,https://www.yardimatrix.com
98133,Seattle,47.4939,-122.4709,391,62.43,31.73,9.68,CoStar/Yardi Matrix,2025-Q4,https://www.yardimatrix.com
98134,Seattle,47.5725,-122.3074,434,66.07,23.91,9.34,CoStar/Yardi Matrix,2025-Q4,https://www.yardimatrix.com
98135,Seattle,47.7065,-122.4742,379,65.02,32.18,7.65,CoStar/Yardi Matrix,2025-Q4,https://www.yardimatrix.com
98136,Seattle,47.6082,-122.3517,315,61.19,30.37,8.93,CoStar/Yardi Matrix,2025-Q4,https://www.yardimatrix.com
98137,Seattle,47.6423,-122.509,330,52.32,23.66,9.75,CoStar/Yardi Matrix,2025-Q4,https://www.yardimatrix.com
98138,Seattle,47.5649,-122.5058,343,58.06,30.69,8.47,CoStar/Yardi Matrix,2025-Q4,https://www.yardimatrix.com
98139,Seattle,47.6434,-122.3681,412,55.98,26.97,8.91,CoStar/Yardi Matrix,2025-Q4,https://www.yardimatrix.com
98140,Seattle,47.6197,-122.3275,338,60.92,27.92,10.36,CoStar/Yardi Matrix,2025-Q4,https://www.yardimatrix.com
80201,Denver,39.6256,-104.8904,269,66.96,31.55,9.49,CoStar/Yardi Matrix,2025-Q4,https://www.yardimatrix.com
80202,Denver,39.7955,-105.1676,345,57.79,23.9,8.5,CoStar/Yardi Matrix,2025-Q4,https://www.yardimatrix.com
80203,Denver,39.6205,-104.9694,354,55.59,27.04,10.41,CoStar/Yardi Matrix,2025-Q4,https://www.yardimatrix.com
80204,Denver,39.6214,-104.8226,325,53.75,24.81,7.68,CoStar/Yardi Matrix,2025-Q4,https://www.yardimatrix.com
80205,Denver,39.8852,-104.971,300,62.24,31.44,10.13,CoStar/Yardi Matrix,2025-Q4,https://www.yardimatrix.com
80206,Denver,39.5892,-104.8225,295,62.97,27.3,8.09,CoStar/Yardi Matrix,2025-Q4,https://www.yardimatrix.com
80207,Denver,39.7636,-105.0675,353,64.81,31.19,8.27,CoStar/Yardi Matrix,2025-Q4,https://www.yardimatrix.com
80208,Denver,39.7129,-105.1077,324,69.09,28.45,7.74,CoStar/Yardi Matrix,2025-Q4,https://www.yardimatrix.com
80209,Denver,39.7826,-105.024,279,52.75,28.5,10.21,CoStar/Yardi Matrix,2025-Q4,https://www.yardimatrix.com
80210,Denver,39.7974,-104.8199,279,72.71,31.26,10.13,CoStar/Yardi Matrix,2025-Q4,https://www.yardimatrix.com
80211,Denver,39.8421,-105.1424,269,66.78,28.49,9.66,CoStar/Yardi Matrix,2025-Q4,https://www.yardimatrix.com
80212,Denver,39.7524,-105.0872,322,60.2,32.07,7.82,CoStar/Yardi Matrix,2025-Q4,https://www.yardimatrix.com
80213,Denver,39.7777,-104.9079,342,52.6,27.43,8.84,CoStar/Yardi Matrix,2025-Q4,https://www.yardimatrix.com
80214,Denver,39.6262,-105.0972,330,59.77,28.93,10.59,CoStar/Yardi Matrix,2025-Q4,https://www.yardimatrix.com
80215,Denver,39.6144,-104.9171,318,57.42,25.71,8.46,CoStar/Yardi Matrix,2025-Q4,https://www.yardimatrix.com
80216,Denver,39.8482,-105.1308,349,53.27,32.94,9.32,CoStar/Yardi Matrix,2025-Q4,https://www.yardimatrix.com
80217,Denver,39.6421,-104.9933,298,72.75,32.12,10.08,CoStar/Yardi Matrix,2025-Q4,https://www.yardimatrix.com
80218,Denver,39.87,-105.1205,326,56.98,29.78,10.23,CoStar/Yardi Matrix,2025-Q4,https://www.yardimatrix.com
80219,Denver,39.7441,-104.9701,251,55.64,29.99,7.81,CoStar/Yardi Matrix,2025-Q4,https://www.yardimatrix.com
80220,Denver,39.8626,-105.0258,279,62.11,30.45,9.97,CoStar/Yardi Matrix,2025-Q4,https://www.yardimatrix.com
80221,Denver,39.6695,-104.8716,265,51.37,26.98,9.77,CoStar/Yardi Matrix,2025-Q4,https://www.yardimatrix.com
80222,Denver,39.751,-105.0555,336,54.31,24.43,9.55,CoStar/Yardi Matrix,2025-Q4,https://www.yardimatrix.com
80223,Denver,39.7075,-104.9194,252,62.32,27.14,10.48,CoStar/Yardi Matrix,2025-Q4,https://www.yardimatrix.com
80224,Denver,39.6004,-104.9767,347,69.94,26.45,7.97,CoStar/Yardi Matrix,2025-Q4,https://www.yardimatrix.com
80225,Denver,39.7674,-105.0961,256,61.87,23.4,9.6,CoStar/Yardi Matrix,2025-Q4,https://www.yardimatrix.com
80226,Denver,39.8197,-104.8277,261,54.75,24.85,7.45,CoStar/Yardi Matrix,2025-Q4,https://www.yardimatrix.com
80227,Denver,39.7255,-105.1182,302,64.29,30.83,9.49,CoStar/Yardi Matrix,2025-Q4,https://www.yardimatrix.com
80228,Denver,39.7241,-104.8297,357,64.19,29.25,9.8,CoStar/Yardi Matrix,2025-Q4,https://www.yardimatrix.com
80229,Denver,39.8002,-104.858,280,57.52,32.7,8.57,CoStar/Yardi Matrix,2025-Q4,https://www.yardimatrix.com
80230,Denver,39.8066,-105.1441,257,56.97,28.64,10.13,CoStar/Yardi Matrix,2025-Q4,https://www.yardimatrix.com
80231,Denver,39.7183,-105.0303,334,69.64,28.4,7.82,CoStar/Yardi Matrix,2025-Q4,https://www.yardimatrix.com
80232,Denver,39.6139,-104.8504,323,62.1,31.65,8.11,CoStar/Yardi Matrix,2025-Q4,https://www.yardimatrix.com
80233,Denver,39.8433,-104.9956,264,64.26,32.5,8.34,CoStar/Yardi Matrix,2025-Q4,https://www.yardimatrix.com
80234,Denver,39.711,-104.9693,338,62.74,25.9,10.61,CoStar/Yardi Matrix,2025-Q4,https://www.yardimatrix.com
80235,Denver,39.6442,-105.056,282,69.11,25.72,10.07,CoStar/Yardi Matrix,2025-Q4,https://www.yardimatrix.com
80236,Denver,39.7299,-105.025,273,68.74,24.18,7.72,CoStar/Yardi Matrix,2025-Q4,https://www.yardimatrix.com
80237,Denver,39.747,-105.0579,349,62.34,27.96,10.53,CoStar/Yardi Matrix,2025-Q4,https://www.yardimatrix.com
80238,Denver,39.6272,-104.8347,264,67.35,26.8,9.13,CoStar/Yardi Matrix,2025-Q4,https://www.yardimatrix.com
80239,Denver,39.7318,-104.8504,258,52.63,30.19,7.89,CoStar/Yardi Matrix,2025-Q4,https://www.yardimatrix.com
80240,Denver,39.8095,-105.1393,348,63.1,30.93,9.82,CoStar/Yardi Matrix,2025-Q4,https://www.yardimatrix.com
37201,Nashville,36.0208,-86.6646,415,68.38,26.22,8.43,CoStar/Yardi Matrix,2025-Q4,https://www.yardimatrix.com
37202,Nashville,36.0437,-86.8936,358,54.67,26.59,9.49,CoStar/Yardi Matrix,2025-Q4,https://www.yardimatrix.com
37203,Nashville,36.2552,-86.9376,415,70.25,26.17,8.38,CoStar/Yardi Matrix,2025-Q4,https://www.yardimatrix.com
37204,Nashville,36.061,-86.7206,346,62.53,29.65,7.44,CoStar/Yardi Matrix,2025-Q4,https://www.yardimatrix.com
37205,Nashville,36.273,-86.7606,448,65.58,24.85,9.2,CoStar/Yardi Matrix,2025-Q4,https://www.yardimatrix.com
37206,Nashville,36.0539,-86.9444,350,66.17,30.37,9.8,CoStar/Yardi Matrix,2025-Q4,https://www.yardimatrix.com
37207,Nashville,36.1991,-86.8882,396,53.16,29.76,8.17,CoStar/Yardi Matrix,2025-Q4,https://www.yardimatrix.com
37208,Nashville,36.1133,-86.8843,413,67.84,23.93,8.62,CoStar/Yardi Matrix,2025-Q4,https://www.yardimatrix.com
37209,Nashville,36.0776,-86.7782,354,51.45,28.54,8.9,CoStar/Yardi Matrix,2025-Q4,https://www.yardimatrix.com
37210,Nashville,36.0648,-86.7019,374,73.62,24.8,10.48,CoStar/Yardi Matrix,2025-Q4,https://www.yardimatrix.com
37211,Nashville,36.1831,-86.7614,479,51.45,30.7,9.87,CoStar/Yardi Matrix,2025-Q4,https://www.yardimatrix.com
37212,Nashville,36.2249,-86.8918,356,72.13,27.14,8.41,CoStar/Yardi Matrix,2025-Q4,https://www.yardimatrix.com
37213,Nashville,36.1193,-86.6146,359,65.74,29.85,7.56,CoStar/Yardi Matrix,2025-Q4,https://www.yardimatrix.com
37214,Nashville,36.2372,-86.9343,475,61.07,23.68,9.39,CoStar/Yardi Matrix,2025-Q4,https://www.yardimatrix.com
37215,Nashville,36.1308,-86.804,368,64.77,27.94,9.84,CoStar/Yardi Matrix,2025-Q4,https://www.yardimatrix.com
37216,Nashville,36.1976,-86.8175,365,51.77,30.71,7.76,CoStar/Yardi Matrix,2025-Q4,https://www.yardimatrix.com
37217,Nashville,36.047,-86.7987,382,54.86,24.24,9.14,CoStar/Yardi Matrix,2025-Q4,https://www.yardimatrix.com
37218,Nashville,36.0669,-86.7894,340,53.4,31.08,9.31,CoStar/Yardi Matrix,2025-Q4,https://www.yardimatrix.com
37219,Nashville,36.2677,-86.8998,414,53.51,25.69,9.13,CoStar/Yardi Matrix,2025-Q4,https://www.yardimatrix.com
37220,Nashville,36.0888,-86.7075,367,67.04,28.46,7.86,CoStar/Yardi Matrix,2025-Q4,https://www.yardimatrix.com
37221,Nashville,36.0932,-86.8885,463,68.91,28.89,10.17,CoStar/Yardi Matrix,2025-Q4,https://www.yardimatrix.com
37222,Nashville,36.0957,-86.7309,480,71.84,32.18,7.97,CoStar/Yardi Matrix,2025-Q4,https://www.yardimatrix.com
37223,Nashville,36.1804,-86.9233,412,59.39,24.77,8.3,CoStar/Yardi Matrix,2025-Q4,https://www.yardimatrix.com
37224,Nashville,36.1991,-86.8106,367,63.27,32.49,9.22,CoStar/Yardi Matrix,2025-Q4,https://www.yardimatrix.com
37225,Nashville,36.0932,-86.9133,369,67.86,32.93,8.45,CoStar/Yardi Matrix,2025-Q4,https://www.yardimatrix.com
37226,Nashville,36.0599,-86.712,467,63.68,23.97,8.98,CoStar/Yardi Matrix,2025-Q4,https://www.yardimatrix.com
37227,Nashville,36.2288,-86.9448,383,65.51,32.0,10.6,CoStar/Yardi Matrix,2025-Q4,https://www.yardimatrix.com
37228,Nashville,36.032,-86.7091,366,72.35,26.78,7.62,CoStar/Yardi Matrix,2025-Q4,https://www.yardimatrix.com
37229,Nashville,36.0883,-86.6111,450,67.91,29.86,10.26,CoStar/Yardi Matrix,2025-Q4,https://www.yardimatrix.com
37230,Nashville,36.1872,-86.8513,445,58.24,31.48,8.78,CoStar/Yardi Matrix,2025-Q4,https://www.yardimatrix.com
37231,Nashville,36.2605,-86.9274,407,54.05,31.73,8.37,CoStar/Yardi Matrix,2025-Q4,https://www.yardimatrix.com
37232,Nashville,36.2478,-86.6341,378,53.46,31.52,9.31,CoStar/Yardi Matrix,2025-Q4,https://www.yardimatrix.com
37233,Nashville,36.3052,-86.6856,461,72.13,28.27,9.5,CoStar/Yardi Matrix,2025-Q4,https://www.yardimatrix.com
37234,Nashville,36.0397,-86.6274,384,70.27,33.57,9.19,CoStar/Yardi Matrix,2025-Q4,https://www.yardimatrix.com
37235,Nashville,36.1547,-86.957,479,65.01,30.9,8.43,CoStar/Yardi Matrix,2025-Q4,https://www.yardimatrix.com
73101,Oklahoma City,35.6037,-97.591,131,54.74,24.71,7.76,CoStar/Yardi Matrix,2025-Q4,https://www.yardimatrix.com
73102,Oklahoma City,35.4681,-97.3571,107,59.11,25.7,7.4,CoStar/Yardi Matrix,2025-Q4,https://www.yardimatrix.com
73103,Oklahoma City,35.4548,-97.6706,131,69.23,31.53,8.73,CoStar/Yardi Matrix,2025-Q4,https://www.yardimatrix.com
73104,Oklahoma City,35.4168,-97.4255,122,66.26,32.87,9.54,CoStar/Yardi Matrix,2025-Q4,https://www.yardimatrix.com
73105,Oklahoma City,35.4295,-97.4105,98,59.52,30.77,8.85,CoStar/Yardi Matrix,2025-Q4,https://www.yardimatrix.com
73106,Oklahoma City,35.5475,-97.6195,125,54.05,24.72,10.38,CoStar/Yardi Matrix,2025-Q4,https://www.yardimatrix.com
73107,Oklahoma City,35.5533,-97.6583,129,52.83,23.8,9.76,CoStar/Yardi Matrix,2025-Q4,https://www.yardimatrix.com
73108,Oklahoma City,35.3279,-97.5559,100,57.71,33.58,9.68,CoStar/Yardi Matrix,2025-Q4,https://www.yardimatrix.com
73109,Oklahoma City,35.4958,-97.3883,121,52.02,23.42,9.2,CoStar/Yardi Matrix,2025-Q4,https://www.yardimatrix.com
73110,Oklahoma City,35.4209,-97.4156,110,73.27,24.06,8.42,CoStar/Yardi Matrix,2025-Q4,https://www.yardimatrix.com
73111,Oklahoma City,35.5567,-97.6376,124,70.28,32.67,8.16,CoStar/Yardi Matrix,2025-Q4,https://www.yardimatrix.com
73112,Oklahoma City,35.3984,-97.5047,106,63.98,25.91,9.77,CoStar/Yardi Matrix,2025-Q4,https://www.yardimatrix.com
73113,Oklahoma City,35.5518,-97.4942,117,70.02,29.54,9.69,CoStar/Yardi Matrix,2025-Q4,https://www.yardimatrix.com
73114,Oklahoma City,35.3548,-97.4308,107,66.51,29.87,9.46,CoStar/Yardi Matrix,2025-Q4,https://www.yardimatrix.com
73115,Oklahoma City,35.5467,-97.4573,122,65.21,30.6,8.2,CoStar/Yardi Matrix,2025-Q4,https://www.yardimatrix.com
73116,Oklahoma City,35.4305,-97.5983,103,61.13,25.28,8.03,CoStar/Yardi Matrix,2025-Q4,https://www.yardimatrix.com
73117,Oklahoma City,35.5923,-97.652,122,64.93,29.39,9.45,CoStar/Yardi Matrix,2025-Q4,https://www.yardimatrix.com
73118,Oklahoma City,35.3641,-97.637,106,64.28,28.08,9.69,CoStar/Yardi Matrix,2025-Q4,https://www.yardimatrix.com
73119,Oklahoma City,35.5716,-97.4115,92,63.62,31.91,8.99,CoStar/Yardi Matrix,2025-Q4,https://www.yardimatrix.com
73120,Oklahoma City,35.4239,-97.5125,129,66.72,28.43,8.12,CoStar/Yardi Matrix,2025-Q4,https://www.yardimatrix.com
73121,Oklahoma City,35.3321,-97.6073,121,64.99,33.15,8.49,CoStar/Yardi Matrix,2025-Q4,https://www.yardimatrix.com
73122,Oklahoma City,35.3422,-97.6863,105,73.28,23.53,7.57,CoStar/Yardi Matrix,2025-Q4,https://www.yardimatrix.com
73123,Oklahoma City,35.4703,-97.5255,100,55.56,32.28,8.36,CoStar/Yardi Matrix,2025-Q4,https://www.yardimatrix.com
73124,Oklahoma City,35.4068,-97.4963,102,57.75,29.53,9.23,CoStar/Yardi Matrix,2025-Q4,https://www.yardimatrix.com
73125,Oklahoma City,35.336,-97.5992,92,60.41,29.17,9.74,CoStar/Yardi Matrix,2025-Q4,https://www.yardimatrix.com
20001,DC Metro,38.8522,-76.9887,348,62.57,24.37,8.94,CoStar/Yardi Matrix,2025-Q4,https://www.yardimatrix.com
20002,DC Metro,39.0445,-77.0157,374,66.73,29.74,8.26,CoStar/Yardi Matrix,2025-Q4,https://www.yardimatrix.com
20003,DC Metro,38.9831,-77.2136,354,54.79,26.78,10.52,CoStar/Yardi Matrix,2025-Q4,https://www.yardimatrix.com
20004,DC Metro,38.9602,-77.0049,407,55.1,33.56,7.58,CoStar/Yardi Matrix,2025-Q4,https://www.yardimatrix.com
20005,DC Metro,38.9425,-77.149,403,51.71,31.88,10.08,CoStar/Yardi Matrix,2025-Q4,https://www.yardimatrix.com
20006,DC Metro,39.0088,-77.1003,439,71.54,29.32,8.25,CoStar/Yardi Matrix,2025-Q4,https://www.yardimatrix.com
20007,DC Metro,38.872,-76.8676,337,73.6,26.58,9.16,CoStar/Yardi Matrix,2025-Q4,https://www.yardimatrix.com
20008,DC Metro,38.9171,-76.9756,395,53.15,24.32,7.65,CoStar/Yardi Matrix,2025-Q4,https://www.yardimatrix.com
20009,DC Metro,38.7857,-77.0455,411,57.48,26.62,9.79,CoStar/Yardi Matrix,2025-Q4,https://www.yardimatrix.com
20010,DC Metro,38.7584,-76.9012,339,56.58,24.58,8.53,CoStar/Yardi Matrix,2025-Q4,https://www.yardimatrix.com
20011,DC Metro,38.794,-77.2078,351,65.09,29.03,10.12,CoStar/Yardi Matrix,2025-Q4,https://www.yardimatrix.com
20012,DC Metro,38.7665,-76.9568,437,72.2,24.14,8.98,CoStar/Yardi Matrix,2025-Q4,https://www.yardimatrix.com
20013,DC Metro,38.9812,-76.995,360,58.89,24.22,10.35,CoStar/Yardi Matrix,2025-Q4,https://www.yardimatrix.com
20014,DC Metro,39.0348,-77.0962,435,68.03,33.33,9.71,CoStar/Yardi Matrix,2025-Q4,https://www.yardimatrix.com
20015,DC Metro,38.9911,-77.1869,393,62.36,28.47,7.93,CoStar/Yardi Matrix,2025-Q4,https://www.yardimatrix.com
20016,DC Metro,38.8253,-76.9366,407,66.68,33.07,9.0,CoStar/Yardi Matrix,2025-Q4,https://www.yardimatrix.com
20017,DC Metro,38.9662,-76.977,337,57.86,32.72,8.32,CoStar/Yardi Matrix,2025-Q4,https://www.yardimatrix.com
20018,DC Metro,38.8646,-77.21,390,62.73,27.41,9.48,CoStar/Yardi Matrix,2025-Q4,https://www.yardimatrix.com
20019,DC Metro,38.9553,-76.8956,351,72.4,28.05,10.12,CoStar/Yardi Matrix,2025-Q4,https://www.yardimatrix.com
20020,DC Metro,38.7979,-77.1619,355,71.47,26.23,9.87,CoStar/Yardi Matrix,2025-Q4,https://www.yardimatrix.com
20021,DC Metro,39.0079,-77.1623,395,62.03,31.5,10.12,CoStar/Yardi Matrix,2025-Q4,https://www.yardimatrix.com
20022,DC Metro,38.9866,-77.0719,326,60.77,25.11,9.8,CoStar/Yardi Matrix,2025-Q4,https://www.yardimatrix.com
20023,DC Metro,38.9536,-77.156,442,63.44,26.15,8.97,CoStar/Yardi Matrix,2025-Q4,https://www.yardimatrix.com
20024,DC Metro,38.8401,-77.1032,421,70.3,28.4,9.43,CoStar/Yardi Matrix,2025-Q4,https://www.yardimatrix.com
20025,DC Metro,38.7892,-77.0699,320,59.83,29.78,7.92,CoStar/Yardi Matrix,2025-Q4,https://www.yardimatrix.com
20026,DC Metro,38.9616,-77.1038,373,56.08,31.56,7.46,CoStar/Yardi Matrix,2025-Q4,https://www.yardimatrix.com
20027,DC Metro,38.8274,-77.1586,325,70.58,27.57,8.75,CoStar/Yardi Matrix,2025-Q4,https://www.yardimatrix.com
20028,DC Metro,39.0115,-77.1344,388,61.98,29.77,8.35,CoStar/Yardi Matrix,2025-Q4,https://www.yardimatrix.com
20029,DC Metro,38.8472,-76.9973,435,56.74,26.15,8.6,CoStar/Yardi Matrix,2025-Q4,https://www.yardimatrix.com
20030,DC Metro,38.9185,-77.1125,317,64.57,28.23,8.1,CoStar/Yardi Matrix,2025-Q4,https://www.yardimatrix.com
20031,DC Metro,38.7612,-77.1986,444,59.75,29.75,9.59,CoStar/Yardi Matrix,2025-Q4,https://www.yardimatrix.com
20032,DC Metro,38.7593,-77.1012,439,64.68,33.12,10.52,CoStar/Yardi Matrix,2025-Q4,https://www.yardimatrix.com
20033,DC Metro,38.7699,-77.1005,332,62.1,23.39,8.45,CoStar/Yardi Matrix,2025-Q4,https://www.yardimatrix.com
20034,DC Metro,38.9067,-76.9561,372,56.46,24.22,9.56,CoStar/Yardi Matrix,2025-Q4,https://www.yardimatrix.com
20035,DC Metro,38.7968,-76.9933,391,56.68,29.58,9.58,CoStar/Yardi Matrix,2025-Q4,https://www.yardimatrix.com
20036,DC Metro,38.7817,-76.9203,451,63.03,28.49,9.33,CoStar/Yardi Matrix,2025-Q4,https://www.yardimatrix.com
20037,DC Metro,38.8108,-76.8749,421,60.59,27.72,8.62,CoStar/Yardi Matrix,2025-Q4,https://www.yardimatrix.com
20038,DC Metro,38.9192,-77.2011,377,68.22,24.1,9.55,CoStar/Yardi Matrix,2025-Q4,https://www.yardimatrix.com
20039,DC Metro,38.8452,-77.1042,368,72.2,32.98,10.43,CoStar/Yardi Matrix,2025-Q4,https://www.yardimatrix.com
20040,DC Metro,38.8013,-77.0232,371,53.57,32.32,7.9,CoStar/Yardi Matrix,2025-Q4,https://www.yardimatrix.com
20041,DC Metro,38.7759,-77.015,362,58.26,30.41,10.49,CoStar/Yardi Matrix,2025-Q4,https://www.yardimatrix.com
20042,DC Metro,38.8429,-77.0214,371,53.14,33.48,10.44,CoStar/Yardi Matrix,2025-Q4,https://www.yardimatrix.com
20043,DC Metro,38.9096,-76.9566,411,51.82,28.98,8.98,CoStar/Yardi Matrix,2025-Q4,https://www.yardimatrix.com
20044,DC Metro,38.9256,-77.0429,431,72.47,29.52,8.41,CoStar/Yardi Matrix,2025-Q4,https://www.yardimatrix.com
20045,DC Metro,38.9869,-77.1316,403,60.27,29.2,8.72,CoStar/Yardi Matrix,2025-Q4,https://www.yardimatrix.com
02101,Boston,42.2888,-71.2358,273,57.44,30.61,9.29,CoStar/Yardi Matrix,2025-Q4,https://www.yardimatrix.com
02102,Boston,42.3949,-71.127,242,65.21,25.27,10.39,CoStar/Yardi Matrix,2025-Q4,https://www.yardimatrix.com
02103,Boston,42.4624,-71.2124,318,72.31,28.92,10.35,CoStar/Yardi Matrix,2025-Q4,https://www.yardimatrix.com
02104,Boston,42.3011,-70.971,264,69.14,23.9,8.21,CoStar/Yardi Matrix,2025-Q4,https://www.yardimatrix.com
02105,Boston,42.3122,-70.9078,262,51.88,26.96,8.37,CoStar/Yardi Matrix,2025-Q4,https://www.yardimatrix.com
02106,Boston,42.4218,-71.1243,235,59.68,27.79,9.22,CoStar/Yardi Matrix,2025-Q4,https://www.yardimatrix.com
02107,Boston,42.2993,-71.057,272,60.73,30.81,9.25,CoStar/Yardi Matrix,2025-Q4,https://www.yardimatrix.com
02108,Boston,42.4827,-70.9577,277,58.25,30.59,7.56,CoStar/Yardi Matrix,2025-Q4,https://www.yardimatrix.com
02109,Boston,42.3871,-71.0184,288,51.35,29.03,9.56,CoStar/Yardi Matrix,2025-Q4,https://www.yardimatrix.com
02110,Boston,42.2128,-71.1224,269,70.02,27.91,10.32,CoStar/Yardi Matrix,2025-Q4,https://www.yardimatrix.com
02111,Boston,42.2683,-71.1002,224,55.61,26.49,8.75,CoStar/Yardi Matrix,2025-Q4,https://www.yardimatrix.com
02112,Boston,42.229,-71.074,227,60.66,32.12,10.3,CoStar/Yardi Matrix,2025-Q4,https://www.yardimatrix.com
02113,Boston,42.4654,-70.9379,292,67.74,30.72,8.67,CoStar/Yardi Matrix,2025-Q4,https://www.yardimatrix.com
02114,Boston,42.2752,-71.0315,290,56.07,29.63,8.49,CoStar/Yardi Matrix,2025-Q4,https://www.yardimatrix.com
02115,Boston,42.4287,-71.09,235,70.86,30.57,8.64,CoStar/Yardi Matrix,2025-Q4,https://www.yardimatrix.com
02116,Boston,42.4749,-70.9787,272,71.53,27.16,10.49,CoStar/Yardi Matrix,2025-Q4,https://www.yardimatrix.com
02117,Boston,42.4059,-71.1689,226,67.29,33.5,8.36,CoStar/Yardi Matrix,2025-Q4,https://www.yardimatrix.com
02118,Boston,42.2179,-71.1725,265,67.62,31.52,8.22,CoStar/Yardi Matrix,2025-Q4,https://www.yardimatrix.com
02119,Boston,42.2587,-70.8882,229,72.17,26.63,7.77,CoStar/Yardi Matrix,2025-Q4,https://www.yardimatrix.com
02120,Boston,42.3015,-70.9349,262,68.64,27.45,9.4,CoStar/Yardi Matrix,2025-Q4,https://www.yardimatrix.com
02121,Boston,42.4944,-71.2319,261,58.07,25.38,9.04,CoStar/Yardi Matrix,2025-Q4,https://www.yardimatrix.com
02122,Boston,42.5039,-70.929,288,54.69,24.82,7.85,CoStar/Yardi Matrix,2025-Q4,https://www.yardimatrix.com
02123,Boston,42.4874,-70.887,267,66.68,27.69,8.0,CoStar/Yardi Matrix,2025-Q4,https://www.yardimatrix.com
02124,Boston,42.3576,-71.1333,279,53.06,26.33,10.04,CoStar/Yardi Matrix,2025-Q4,https://www.yardimatrix.com
02125,Boston,42.2331,-71.1867,277,68.79,30.25,9.46,CoStar/Yardi Matrix,2025-Q4,https://www.yardimatrix.com
02126,Boston,42.4779,-70.9171,243,58.16,29.32,8.63,CoStar/Yardi Matrix,2025-Q4,https://www.yardimatrix.com
02127,Boston,42.4419,-71.1238,224,54.82,31.53,8.95,CoStar/Yardi Matrix,2025-Q4,https://www.yardimatrix.com
02128,Boston,42.3162,-70.9911,307,61.38,25.06,8.42,CoStar/Yardi Matrix,2025-Q4,https://www.yardimatrix.com
02129,Boston,42.3318,-71.0208,258,57.29,26.96,8.02,CoStar/Yardi Matrix,2025-Q4,https://www.yardimatrix.com
02130,Boston,42.2201,-71.1511,292,65.82,26.34,9.68,CoStar/Yardi Matrix,2025-Q4,https://www.yardimatrix.com
02131,Boston,42.2459,-71.0242,269,53.54,23.95,9.05,CoStar/Yardi Matrix,2025-Q4,https://www.yardimatrix.com
02132,Boston,42.4292,-71.0688,318,52.33,24.8,8.25,CoStar/Yardi Matrix,2025-Q4,https://www.yardimatrix.com
02133,Boston,42.3126,-70.8861,242,71.48,32.51,7.58,CoStar/Yardi Matrix,2025-Q4,https://www.yardimatrix.com
02134,Boston,42.4447,-70.9739,317,60.97,32.97,10.25,CoStar/Yardi Matrix,2025-Q4,https://www.yardimatrix.com
02135,Boston,42.2554,-71.0226,295,66.72,28.44,7.38,CoStar/Yardi Matrix,2025-Q4,https://www.yardimatrix.com
02136,Boston,42.3511,-70.9958,261,67.64,28.54,10.1,CoStar/Yardi Matrix,2025-Q4,https://www.yardimatrix.com
02137,Boston,42.4714,-71.1196,287,60.3,32.27,8.42,CoStar/Yardi Matrix,2025-Q4,https://www.yardimatrix.com
02138,Boston,42.3347,-71.1223,223,59.71,23.84,8.25,CoStar/Yardi Matrix,2025-Q4,https://www.yardimatrix.com
02139,Boston,42.4636,-70.9143,280,70.24,31.75,8.52,CoStar/Yardi Matrix,2025-Q4,https://www.yardimatrix.com
02140,Boston,42.3181,-71.1547,317,52.92,28.13,8.58,CoStar/Yardi Matrix,2025-Q4,https://www.yardimatrix.com
89101,Las Vegas,36.0881,-115.066,302,73.52,28.15,10.57,CoStar/Yardi Matrix,2025-Q4,https://www.yardimatrix.com
89102,Las Vegas,36.1985,-115.2699,230,52.3,24.71,9.12,CoStar/Yardi Matrix,2025-Q4,https://www.yardimatrix.com
89103,Las Vegas,36.1595,-115.116,226,70.32,30.79,7.62,CoStar/Yardi Matrix,2025-Q4,https://www.yardimatrix.com
89104,Las Vegas,36.0799,-115.1755,225,51.63,25.91,10.52,CoStar/Yardi Matrix,2025-Q4,https://www.yardimatrix.com
89105,Las Vegas,36.0909,-115.203,289,57.34,25.02,8.62,CoStar/Yardi Matrix,2025-Q4,https://www.yardimatrix.com
89106,Las Vegas,36.2842,-115.2977,241,58.77,33.32,7.44,CoStar/Yardi Matrix,2025-Q4,https://www.yardimatrix.com
89107,Las Vegas,36.0821,-114.966,316,63.75,25.57,8.26,CoStar/Yardi Matrix,2025-Q4,https://www.yardimatrix.com
89108,Las Vegas,36.0827,-115.2645,253,58.34,30.53,7.86,CoStar/Yardi Matrix,2025-Q4,https://www.yardimatrix.com
89109,Las Vegas,36.2104,-115.2103,232,52.24,30.61,10.12,CoStar/Yardi Matrix,2025-Q4,https://www.yardimatrix.com
89110,Las Vegas,36.2844,-115.1276,303,73.44,27.62,9.81,CoStar/Yardi Matrix,2025-Q4,https://www.yardimatrix.com
89111,Las Vegas,36.3006,-115.2032,252,53.31,26.29,7.8,CoStar/Yardi Matrix,2025-Q4,https://www.yardimatrix.com
89112,Las Vegas,36.1278,-115.1449,230,58.07,33.34,8.84,CoStar/Yardi Matrix,2025-Q4,https://www.yardimatrix.com
89113,Las Vegas,36.0502,-115.2217,267,65.31,26.69,8.45,CoStar/Yardi Matrix,2025-Q4,https://www.yardimatrix.com
89114,Las Vegas,36.2666,-115.2042,293,55.76,24.21,10.02,CoStar/Yardi Matrix,2025-Q4,https://www.yardimatrix.com
89115,Las Vegas,36.1032,-114.983,234,64.44,27.35,8.93,CoStar/Yardi Matrix,2025-Q4,https://www.yardimatrix.com
89116,Las Vegas,36.1385,-114.975,289,59.08,24.42,9.12,CoStar/Yardi Matrix,2025-Q4,https://www.yardimatrix.com
89117,Las Vegas,36.301,-115.2698,247,64.09,25.52,9.81,CoStar/Yardi Matrix,2025-Q4,https://www.yardimatrix.com
89118,Las Vegas,36.2468,-115.2981,255,72.62,24.63,10.25,CoStar/Yardi Matrix,2025-Q4,https://www.yardimatrix.com
89119,Las Vegas,36.1507,-115.0383,252,62.5,32.73,8.24,CoStar/Yardi Matrix,2025-Q4,https://www.yardimatrix.com
89120,Las Vegas,36.1585,-115.102,299,67.24,28.05,7.69,CoStar/Yardi Matrix,2025-Q4,https://www.yardimatrix.com
89121,Las Vegas,36.3044,-115.2709,242,71.28,32.1,9.82,CoStar/Yardi Matrix,2025-Q4,https://www.yardimatrix.com
89122,Las Vegas,36.0702,-115.2357,295,54.35,26.89,8.24,CoStar/Yardi Matrix,2025-Q4,https://www.yardimatrix.com
89123,Las Vegas,36.222,-115.2371,283,56.77,32.5,8.61,CoStar/Yardi Matrix,2025-Q4,https://www.yardimatrix.com
89124,Las Vegas,36.0827,-115.0777,272,69.84,24.55,7.99,CoStar/Yardi Matrix,2025-Q4,https://www.yardimatrix.com
89125,Las Vegas,36.103,-114.9972,253,71.32,23.69,8.71,CoStar/Yardi Matrix,2025-Q4,https://www.yardimatrix.com
89126,Las Vegas,36.1679,-115.2606,267,71.59,29.5,9.52,CoStar/Yardi Matrix,2025-Q4,https://www.yardimatrix.com
89127,Las Vegas,36.1609,-115.3072,308,71.12,33.41,10.07,CoStar/Yardi Matrix,2025-Q4,https://www.yardimatrix.com
89128,Las Vegas,36.2017,-115.1096,276,66.56,28.37,10.03,CoStar/Yardi Matrix,2025-Q4,https://www.yardimatrix.com
89129,Las Vegas,36.2464,-115.2331,290,72.47,25.91,7.91,CoStar/Yardi Matrix,2025-Q4,https://www.yardimatrix.com
89130,Las Vegas,36.1026,-115.2511,300,67.25,24.0,9.03,CoStar/Yardi Matrix,2025-Q4,https://www.yardimatrix.com
89131,Las Vegas,36.2754,-115.027,280,73.61,27.46,9.85,CoStar/Yardi Matrix,2025-Q4,https://www.yardimatrix.com
89132,Las Vegas,36.1857,-115.0072,268,54.06,24.77,8.81,CoStar/Yardi Matrix,2025-Q4,https://www.yardimatrix.com
89133,Las Vegas,36.13,-115.0453,294,70.86,32.64,7.69,CoStar/Yardi Matrix,2025-Q4,https://www.yardimatrix.com
89134,Las Vegas,36.0332,-115.2496,247,70.73,28.58,10.38,CoStar/Yardi Matrix,2025-Q4,https://www.yardimatrix.com
89135,Las Vegas,36.0297,-115.299,256,69.33,27.3,8.74,CoStar/Yardi Matrix,2025-Q4,https://www.yardimatrix.com
38101,Memphis,35.0347,-90.0124,92,54.86,25.46,9.49,CoStar/Yardi Matrix,2025-Q4,https://www.yardimatrix.com
38102,Memphis,35.294,-90.0607,114,54.31,27.4,10.4,CoStar/Yardi Matrix,2025-Q4,https://www.yardimatrix.com
38103,Memphis,35.2591,-90.1138,110,71.52,24.6,9.86,CoStar/Yardi Matrix,2025-Q4,https://www.yardimatrix.com
38104,Memphis,35.1223,-90.0692,109,55.31,24.49,9.27,CoStar/Yardi Matrix,2025-Q4,https://www.yardimatrix.com
38105,Memphis,35.2454,-90.124,92,51.7,27.1,9.96,CoStar/Yardi Matrix,2025-Q4,https://www.yardimatrix.com
38106,Memphis,35.0063,-89.9722,84,55.84,25.36,10.34,CoStar/Yardi Matrix,2025-Q4,https://www.yardimatrix.com
38107,Memphis,35.1312,-90.0383,96,57.51,33.51,8.47,CoStar/Yardi Matrix,2025-Q4,https://www.yardimatrix.com
38108,Memphis,35.299,-90.2098,110,54.67,30.02,8.69,CoStar/Yardi Matrix,2025-Q4,https://www.yardimatrix.com
38109,Memphis,35.2124,-90.1748,89,61.67,30.27,8.45,CoStar/Yardi Matrix,2025-Q4,https://www.yardimatrix.com
38110,Memphis,35.1476,-89.9807,96,57.57,24.17,10.55,CoStar/Yardi Matrix,2025-Q4,https://www.yardimatrix.com
38111,Memphis,35.2569,-89.9095,106,64.54,29.32,9.14,CoStar/Yardi Matrix,2025-Q4,https://www.yardimatrix.com
38112,Memphis,35.2609,-90.1995,99,54.2,31.83,9.69,CoStar/Yardi Matrix,2025-Q4,https://www.yardimatrix.com
38113,Memphis,35.138,-90.0297,100,59.59,31.59,9.01,CoStar/Yardi Matrix,2025-Q4,https://www.yardimatrix.com
38114,Memphis,35.0541,-90.0841,97,68.08,24.17,7.74,CoStar/Yardi Matrix,2025-Q4,https://www.yardimatrix.com
38115,Memphis,35.2038,-90.1041,86,65.22,29.56,9.4,CoStar/Yardi Matrix,2025-Q4,https://www.yardimatrix.com
38116,Memphis,35.0455,-89.971,86,72.88,30.69,8.27,CoStar/Yardi Matrix,2025-Q4,https://www.yardimatrix.com
38117,Memphis,35.232,-90.0571,84,54.34,29.84,10.15,CoStar/Yardi Matrix,2025-Q4,https://www.yardimatrix.com
38118,Memphis,35.2229,-90.0467,95,68.67,25.1,7.7,CoStar/Yardi Matrix,2025-Q4,https://www.yardimatrix.com
38119,Memphis,35.0606,-90.0138,116,67.29,27.76,8.7,CoStar/Yardi Matrix,2025-Q4,https://www.yardimatrix.com
38120,Memphis,35.0379,-90.2229,115,68.19,25.92,10.09,CoStar/Yardi Matrix,2025-Q4,https://www.yardimatrix.com
38121,Memphis,35.2494,-90.1093,90,52.22,26.07,7.57,CoStar/Yardi Matrix,2025-Q4,https://www.yardimatrix.com
38122,Memphis,35.2792,-89.8938,113,54.36,32.11,8.0,CoStar/Yardi Matrix,2025-Q4,https://www.yardimatrix.com
38123,Memphis,35.1025,-90.0006,93,69.08,25.75,9.22,CoStar/Yardi Matrix,2025-Q4,https://www.yardimatrix.com
38124,Memphis,35.1225,-89.9388,105,51.66,33.21,7.62,CoStar/Yardi Matrix,2025-Q4,https://www.yardimatrix.com
38125,Memphis,35.0114,-90.0239,92,72.42,23.92,8.23,CoStar/Yardi Matrix,2025-Q4,https://www.yardimatrix.com
40201,Louisville,38.2239,-85.7344,118,58.91,27.95,8.86,CoStar/Yardi Matrix,2025-Q4,https://www.yardimatrix.com
40202,Louisville,38.1542,-85.7337,95,61.57,28.97,8.58,CoStar/Yardi Matrix,2025-Q4,https://www.yardimatrix.com
40203,Louisville,38.3797,-85.6344,104,55.89,29.54,8.38,CoStar/Yardi Matrix,2025-Q4,https://www.yardimatrix.com
40204,Louisville,38.1507,-85.5987,102,52.18,24.16,7.8,CoStar/Yardi Matrix,2025-Q4,https://www.yardimatrix.com
40205,Louisville,38.3187,-85.8167,109,66.15,26.57,9.05,CoStar/Yardi Matrix,2025-Q4,https://www.yardimatrix.com
40206,Louisville,38.1181,-85.7972,85,60.75,32.78,9.9,CoStar/Yardi Matrix,2025-Q4,https://www.yardimatrix.com
40207,Louisville,38.3589,-85.6096,106,73.27,33.08,8.83,CoStar/Yardi Matrix,2025-Q4,https://www.yardimatrix.com
40208,Louisville,38.238,-85.8908,114,56.32,26.7,10.38,CoStar/Yardi Matrix,2025-Q4,https://www.yardimatrix.com
40209,Louisville,38.3919,-85.6878,91,67.42,32.96,9.3,CoStar/Yardi Matrix,2025-Q4,https://www.yardimatrix.com
40210,Louisville,38.1672,-85.8342,100,70.17,26.79,7.48,CoStar/Yardi Matrix,2025-Q4,https://www.yardimatrix.com
40211,Louisville,38.2952,-85.6491,88,68.76,30.25,10.56,CoStar/Yardi Matrix,2025-Q4,https://www.yardimatrix.com
40212,Louisville,38.3548,-85.8855,89,61.15,29.61,9.55,CoStar/Yardi Matrix,2025-Q4,https://www.yardimatrix.com
40213,Louisville,38.376,-85.6054,115,70.16,30.55,7.62,CoStar/Yardi Matrix,2025-Q4,https://www.yardimatrix.com
40214,Louisville,38.2477,-85.7564,87,72.53,33.34,8.24,CoStar/Yardi Matrix,2025-Q4,https://www.yardimatrix.com
40215,Louisville,38.1695,-85.6305,117,52.83,23.55,10.21,CoStar/Yardi Matrix,2025-Q4,https://www.yardimatrix.com
40216,Louisville,38.1775,-85.8448,113,60.81,32.84,8.1,CoStar/Yardi Matrix,2025-Q4,https://www.yardimatrix.com
40217,Louisville,38.1058,-85.6206,108,54.97,26.37,10.04,CoStar/Yardi Matrix,2025-Q4,https://www.yardimatrix.com
40218,Louisville,38.2934,-85.7714,99,52.64,32.17,10.43,CoStar/Yardi Matrix,2025-Q4,https://www.yardimatrix.com
40219,Louisville,38.1829,-85.781,83,54.57,27.11,10.45,CoStar/Yardi Matrix,2025-Q4,https://www.yardimatrix.com
40220,Louisville,38.2687,-85.6054,90,55.32,27.91,8.23,CoStar/Yardi Matrix,2025-Q4,https://www.yardimatrix.com
40221,Louisville,38.3321,-85.7819,84,68.2,25.42,7.56,CoStar/Yardi Matrix,2025-Q4,https://www.yardimatrix.com
40222,Louisville,38.3324,-85.7193,96,68.42,28.47,10.5,CoStar/Yardi Matrix,2025-Q4,https://www.yardimatrix.com
40223,Louisville,38.3881,-85.8208,113,56.56,33.2,7.48,CoStar/Yardi Matrix,2025-Q4,https://www.yardimatrix.com
40224,Louisville,38.1365,-85.901,119,54.79,28.12,10.48,CoStar/Yardi Matrix,2025-Q4,https://www.yardimatrix.com
40225,Louisville,38.2037,-85.937,116,68.91,28.27,9.33,CoStar/Yardi Matrix,2025-Q4,https://www.yardimatrix.com
97201,Portland,45.5758,-122.7217,190,68.19,24.13,8.68,CoStar/Yardi Matrix,2025-Q4,https://www.yardimatrix.com
97202,Portland,45.3654,-122.7149,235,58.65,23.77,10.56,CoStar/Yardi Matrix,2025-Q4,https://www.yardimatrix.com
97203,Portland,45.4034,-122.6156,175,60.77,26.04,9.18,CoStar/Yardi Matrix,2025-Q4,https://www.yardimatrix.com
97204,Portland,45.473,-122.5729,244,68.05,29.15,8.11,CoStar/Yardi Matrix,2025-Q4,https://www.yardimatrix.com
97205,Portland,45.5416,-122.7433,173,72.93,27.43,9.66,CoStar/Yardi Matrix,2025-Q4,https://www.yardimatrix.com
97206,Portland,45.6335,-122.5799,178,56.49,27.62,10.27,CoStar/Yardi Matrix,2025-Q4,https://www.yardimatrix.com
97207,Portland,45.528,-122.6786,173,62.42,33.28,7.86,CoStar/Yardi Matrix,2025-Q4,https://www.yardimatrix.com
97208,Portland,45.5849,-122.4972,183,60.52,29.88,10.34,CoStar/Yardi Matrix,2025-Q4,https://www.yardimatrix.com
97209,Portland,45.5541,-122.8055,213,61.7,31.58,9.56,CoStar/Yardi Matrix,2025-Q4,https://www.yardimatrix.com
97210,Portland,45.4677,-122.6188,195,72.24,26.41,10.51,CoStar/Yardi Matrix,2025-Q4,https://www.yardimatrix.com
97211,Portland,45.5918,-122.6433,237,53.84,23.68,10.58,CoStar/Yardi Matrix,2025-Q4,https://www.yardimatrix.com
97212,Portland,45.616,-122.6937,237,71.8,30.41,7.82,CoStar/Yardi Matrix,2025-Q4,https://www.yardimatrix.com
97213,Portland,45.4458,-122.6381,190,70.46,27.86,8.01,CoStar/Yardi Matrix,2025-Q4,https://www.yardimatrix.com
97214,Portland,45.6394,-122.8185,233,73.41,29.59,10.44,CoStar/Yardi Matrix,2025-Q4,https://www.yardimatrix.com
97215,Portland,45.4166,-122.6499,207,62.64,29.97,7.48,CoStar/Yardi Matrix,2025-Q4,https://www.yardimatrix.com
97216,Portland,45.3858,-122.7448,195,67.94,23.51,8.6,CoStar/Yardi Matrix,2025-Q4,https://www.yardimatrix.com
97217,Portland,45.3892,-122.822,200,64.53,25.51,7.41,CoStar/Yardi Matrix,2025-Q4,https://www.yardimatrix.com
97218,Portland,45.3887,-122.7348,196,66.86,27.09,10.36,CoStar/Yardi Matrix,2025-Q4,https://www.yardimatrix.com
97219,Portland,45.5247,-122.5518,198,71.28,24.56,10.22,CoStar/Yardi Matrix,2025-Q4,https://www.yardimatrix.com
97220,Portland,45.4349,-122.6732,195,54.69,28.21,9.42,CoStar/Yardi Matrix,2025-Q4,https://www.yardimatrix.com
97221,Portland,45.6099,-122.6183,232,68.83,30.79,10.54,CoStar/Yardi Matrix,2025-Q4,https://www.yardimatrix.com
97222,Portland,45.5721,-122.6025,236,60.82,33.1,7.61,CoStar/Yardi Matrix,2025-Q4,https://www.yardimatrix.com
97223,Portland,45.6546,-122.8095,208,60.04,24.39,8.02,CoStar/Yardi Matrix,2025-Q4,https://www.yardimatrix.com
97224,Portland,45.4131,-122.658,221,62.48,31.52,8.33,CoStar/Yardi Matrix,2025-Q4,https://www.yardimatrix.com
97225,Portland,45.4825,-122.5811,230,65.45,33.17,10.04,CoStar/Yardi Matrix,2025-Q4,https://www.yardimatrix.com
97226,Portland,45.3769,-122.6534,217,58.43,26.58,9.35,CoStar/Yardi Matrix,2025-Q4,https://www.yardimatrix.com
97227,Portland,45.3755,-122.6924,180,64.79,30.85,10.37,CoStar/Yardi Matrix,2025-Q4,https://www.yardimatrix.com
97228,Portland,45.5661,-122.7239,173,66.4,32.3,8.78,CoStar/Yardi Matrix,2025-Q4,https://www.yardimatrix.com
97229,Portland,45.6222,-122.5005,218,73.35,30.32,8.99,CoStar/Yardi Matrix,2025-Q4,https://www.yardimatrix.com
97230,Portland,45.5447,-122.8046,198,61.62,24.44,8.83,CoStar/Yardi Matrix,2025-Q4,https://www.yardimatrix.com
21201,Baltimore,39.3796,-76.6571,189,64.1,32.57,8.39,CoStar/Yardi Matrix,2025-Q4,https://www.yardimatrix.com
21202,Baltimore,39.1582,-76.5462,173,66.02,31.97,9.68,CoStar/Yardi Matrix,2025-Q4,https://www.yardimatrix.com
21203,Baltimore,39.2915,-76.7551,148,72.78,30.99,10.61,CoStar/Yardi Matrix,2025-Q4,https://www.yardimatrix.com
21204,Baltimore,39.3704,-76.4717,172,55.14,33.42,9.88,CoStar/Yardi Matrix,2025-Q4,https://www.yardimatrix.com
21205,Baltimore,39.154,-76.5859,167,53.35,29.36,9.71,CoStar/Yardi Matrix,2025-Q4,https://www.yardimatrix.com
21206,Baltimore,39.2262,-76.7575,158,61.07,30.05,9.26,CoStar/Yardi Matrix,2025-Q4,https://www.yardimatrix.com
21207,Baltimore,39.3048,-76.7334,177,68.2,32.56,9.73,CoStar/Yardi Matrix,2025-Q4,https://www.yardimatrix.com
21208,Baltimore,39.2216,-76.4502,163,68.46,31.64,8.25,CoStar/Yardi Matrix,2025-Q4,https://www.yardimatrix.com
21209,Baltimore,39.3417,-76.6553,173,61.63,33.21,9.35,CoStar/Yardi Matrix,2025-Q4,https://www.yardimatrix.com
21210,Baltimore,39.1741,-76.523,166,67.23,24.88,8.39,CoStar/Yardi Matrix,2025-Q4,https://www.yardimatrix.com
21211,Baltimore,39.369,-76.6612,153,60.16,25.93,8.59,CoStar/Yardi Matrix,2025-Q4,https://www.yardimatrix.com
21212,Baltimore,39.2257,-76.5263,151,65.92,32.72,8.51,CoStar/Yardi Matrix,2025-Q4,https://www.yardimatrix.com
21213,Baltimore,39.2809,-76.5413,177,60.2,24.59,9.66,CoStar/Yardi Matrix,2025-Q4,https://www.yardimatrix.com
21214,Baltimore,39.253,-76.5165,201,52.53,33.16,8.13,CoStar/Yardi Matrix,2025-Q4,https://www.yardimatrix.com
21215,Baltimore,39.2202,-76.554,193,51.94,26.05,7.93,CoStar/Yardi Matrix,2025-Q4,https://www.yardimatrix.com
21216,Baltimore,39.3427,-76.7269,183,53.62,32.23,7.63,CoStar/Yardi Matrix,2025-Q4,https://www.yardimatrix.com
21217,Baltimore,39.2473,-76.623,198,55.36,33.42,8.88,CoStar/Yardi Matrix,2025-Q4,https://www.yardimatrix.com
21218,Baltimore,39.1862,-76.5519,198,68.8,29.51,9.24,CoStar/Yardi Matrix,2025-Q4,https://www.yardimatrix.com
21219,Baltimore,39.2884,-76.4817,188,52.44,27.4,8.13,CoStar/Yardi Matrix,2025-Q4,https://www.yardimatrix.com
21220,Baltimore,39.3772,-76.6115,156,65.41,24.05,7.74,CoStar/Yardi Matrix,2025-Q4,https://www.yardimatrix.com
21221,Baltimore,39.4223,-76.572,195,68.91,27.36,10.3,CoStar/Yardi Matrix,2025-Q4,https://www.yardimatrix.com
21222,Baltimore,39.4079,-76.7707,200,60.05,23.53,7.64,CoStar/Yardi Matrix,2025-Q4,https://www.yardimatrix.com
21223,Baltimore,39.3875,-76.5626,207,63.64,32.98,8.38,CoStar/Yardi Matrix,2025-Q4,https://www.yardimatrix.com
21224,Baltimore,39.2042,-76.5738,146,61.5,24.1,9.58,CoStar/Yardi Matrix,2025-Q4,https://www.yardimatrix.com
21225,Baltimore,39.2698,-76.4831,163,66.77,24.51,7.47,CoStar/Yardi Matrix,2025-Q4,https://www.yardimatrix.com
21226,Baltimore,39.1759,-76.5722,176,61.81,25.91,9.36,CoStar/Yardi Matrix,2025-Q4,https://www.yardimatrix.com
21227,Baltimore,39.2285,-76.645,180,68.09,28.44,8.8,CoStar/Yardi Matrix,2025-Q4,https://www.yardimatrix.com
21228,Baltimore,39.2639,-76.7443,163,72.96,28.76,10.29,CoStar/Yardi Matrix,2025-Q4,https://www.yardimatrix.com
21229,Baltimore,39.2434,-76.5752,157,60.55,23.89,9.81,CoStar/Yardi Matrix,2025-Q4,https://www.yardimatrix.com
21230,Baltimore,39.3834,-76.7883,149,52.95,30.39,9.97,CoStar/Yardi Matrix,2025-Q4,https://www.yardimatrix.com
53201,Milwaukee,43.1134,-87.9816,100,68.28,25.42,8.14,CoStar/Yardi Matrix,2025-Q4,https://www.yardimatrix.com
53202,Milwaukee,43.1113,-87.8676,76,72.82,27.21,10.37,CoStar/Yardi Matrix,2025-Q4,https://www.yardimatrix.com
53203,Milwaukee,42.9786,-87.964,90,61.34,27.15,7.88,CoStar/Yardi Matrix,2025-Q4,https://www.yardimatrix.com
53204,Milwaukee,43.1,-88.0117,74,65.59,26.12,9.79,CoStar/Yardi Matrix,2025-Q4,https://www.yardimatrix.com
53205,Milwaukee,42.9748,-88.0353,96,62.99,30.98,10.6,CoStar/Yardi Matrix,2025-Q4,https://www.yardimatrix.com
53206,Milwaukee,43.0959,-88.0676,100,62.61,31.33,9.47,CoStar/Yardi Matrix,2025-Q4,https://www.yardimatrix.com
53207,Milwaukee,43.0927,-87.9479,96,71.05,32.89,7.78,CoStar/Yardi Matrix,2025-Q4,https://www.yardimatrix.com
53208,Milwaukee,43.0382,-87.7345,91,64.89,28.67,9.59,CoStar/Yardi Matrix,2025-Q4,https://www.yardimatrix.com
53209,Milwaukee,43.0882,-87.8522,87,71.41,25.82,10.56,CoStar/Yardi Matrix,2025-Q4,https://www.yardimatrix.com
53210,Milwaukee,43.0598,-87.9298,84,62.93,31.5,7.52,CoStar/Yardi Matrix,2025-Q4,https://www.yardimatrix.com
53211,Milwaukee,43.0803,-87.7934,95,71.5,32.65,8.96,CoStar/Yardi Matrix,2025-Q4,https://www.yardimatrix.com
53212,Milwaukee,42.901,-88.0004,93,60.7,23.68,10.23,CoStar/Yardi Matrix,2025-Q4,https://www.yardimatrix.com
53213,Milwaukee,42.9736,-87.8744,75,56.13,31.72,8.46,CoStar/Yardi Matrix,2025-Q4,https://www.yardimatrix.com
53214,Milwaukee,42.9068,-87.7769,88,62.27,30.31,10.2,CoStar/Yardi Matrix,2025-Q4,https://www.yardimatrix.com
53215,Milwaukee,43.109,-87.8633,103,68.86,32.1,7.64,CoStar/Yardi Matrix,2025-Q4,https://www.yardimatrix.com
53216,Milwaukee,42.9586,-87.7873,76,54.38,26.74,9.52,CoStar/Yardi Matrix,2025-Q4,https://www.yardimatrix.com
53217,Milwaukee,43.0688,-87.8276,84,70.14,23.86,9.8,CoStar/Yardi Matrix,2025-Q4,https://www.yardimatrix.com
53218,Milwaukee,43.1754,-87.8512,82,52.46,29.59,10.48,CoStar/Yardi Matrix,2025-Q4,https://www.yardimatrix.com
53219,Milwaukee,43.0593,-87.9237,92,52.74,23.54,9.1,CoStar/Yardi Matrix,2025-Q4,https://www.yardimatrix.com
53220,Milwaukee,43.0174,-87.9144,73,53.87,31.16,9.25,CoStar/Yardi Matrix,2025-Q4,https://www.yardimatrix.com
53221,Milwaukee,43.1138,-87.9222,102,54.19,31.91,7.96,CoStar/Yardi Matrix,2025-Q4,https://www.yardimatrix.com
53222,Milwaukee,43.0871,-87.7596,75,68.91,24.33,8.77,CoStar/Yardi Matrix,2025-Q4,https://www.yardimatrix.com
53223,Milwaukee,42.9971,-87.9375,98,67.05,28.69,7.39,CoStar/Yardi Matrix,2025-Q4,https://www.yardimatrix.com
53224,Milwaukee,43.0084,-87.9231,77,65.1,27.03,9.73,CoStar/Yardi Matrix,2025-Q4,https://www.yardimatrix.com
53225,Milwaukee,43.1033,-87.7329,81,53.27,28.06,8.89,CoStar/Yardi Matrix,2025-Q4,https://www.yardimatrix.com
87101,Albuquerque,35.0513,-106.5882,68,67.09,25.03,7.7,CoStar/Yardi Matrix,2025-Q4,https://www.yardimatrix.com
87102,Albuquerque,35.178,-106.6923,91,64.66,26.29,8.28,CoStar/Yardi Matrix,2025-Q4,https://www.yardimatrix.com
87103,Albuquerque,35.0156,-106.5415,84,57.51,27.3,7.76,CoStar/Yardi Matrix,2025-Q4,https://www.yardimatrix.com
87104,Albuquerque,35.0453,-106.5942,66,51.74,31.32,8.29,CoStar/Yardi Matrix,2025-Q4,https://www.yardimatrix.com
87105,Albuquerque,35.2162,-106.5438,77,59.76,27.52,8.98,CoStar/Yardi Matrix,2025-Q4,https://www.yardimatrix.com
87106,Albuquerque,35.074,-106.6172,91,66.12,25.47,8.52,CoStar/Yardi Matrix,2025-Q4,https://www.yardimatrix.com
87107,Albuquerque,35.0949,-106.5486,77,67.76,29.6,9.26,CoStar/Yardi Matrix,2025-Q4,https://www.yardimatrix.com
87108,Albuquerque,35.1928,-106.7783,73,59.53,25.09,10.32,CoStar/Yardi Matrix,2025-Q4,https://www.yardimatrix.com
87109,Albuquerque,35.1016,-106.8155,74,60.32,30.53,9.35,CoStar/Yardi Matrix,2025-Q4,https://www.yardimatrix.com
87110,Albuquerque,34.9659,-106.695,68,67.89,32.61,8.1,CoStar/Yardi Matrix,2025-Q4,https://www.yardimatrix.com
87111,Albuquerque,35.1004,-106.5183,72,72.22,31.36,8.02,CoStar/Yardi Matrix,2025-Q4,https://www.yardimatrix.com
87112,Albuquerque,35.0832,-106.8261,87,53.07,32.58,8.54,CoStar/Yardi Matrix,2025-Q4,https://www.yardimatrix.com
87113,Albuquerque,35.1041,-106.6336,85,57.07,24.27,8.6,CoStar/Yardi Matrix,2025-Q4,https://www.yardimatrix.com
87114,Albuquerque,35.2069,-106.6469,79,60.21,27.21,7.85,CoStar/Yardi Matrix,2025-Q4,https://www.yardimatrix.com
87115,Albuquerque,35.1921,-106.8198,81,73.06,24.93,10.5,CoStar/Yardi Matrix,2025-Q4,https://www.yardimatrix.com
87116,Albuquerque,34.9509,-106.5024,83,61.36,31.45,9.23,CoStar/Yardi Matrix,2025-Q4,https://www.yardimatrix.com
87117,Albuquerque,35.1703,-106.6454,80,55.26,28.61,7.58,CoStar/Yardi Matrix,2025-Q4,https://www.yardimatrix.com
87118,Albuquerque,35.1675,-106.6662,80,68.7,28.7,7.4,CoStar/Yardi Matrix,2025-Q4,https://www.yardimatrix.com
87119,Albuquerque,34.9818,-106.4873,91,70.3,33.32,8.36,CoStar/Yardi Matrix,2025-Q4,https://www.yardimatrix.com
87120,Albuquerque,34.9893,-106.7459,86,59.81,30.28,10.47,CoStar/Yardi Matrix,2025-Q4,https://www.yardimatrix.com
85701,Tucson,32.1363,-111.1227,74,51.27,29.22,9.73,CoStar/Yardi Matrix,2025-Q4,https://www.yardimatrix.com
85702,Tucson,32.1053,-110.8087,88,54.04,27.5,10.56,CoStar/Yardi Matrix,2025-Q4,https://www.yardimatrix.com
85703,Tucson,32.0904,-110.9615,88,52.26,28.95,7.57,CoStar/Yardi Matrix,2025-Q4,https://www.yardimatrix.com
85704,Tucson,32.211,-111.1082,96,53.31,32.04,7.97,CoStar/Yardi Matrix,2025-Q4,https://www.yardimatrix.com
85705,Tucson,32.1088,-111.0119,89,71.59,32.85,8.37,CoStar/Yardi Matrix,2025-Q4,https://www.yardimatrix.com
85706,Tucson,32.1215,-110.9034,99,60.92,28.34,8.73,CoStar/Yardi Matrix,2025-Q4,https://www.yardimatrix.com
85707,Tucson,32.2916,-111.0123,75,71.01,24.63,8.8,CoStar/Yardi Matrix,2025-Q4,https://www.yardimatrix.com
85708,Tucson,32.2497,-110.8065,81,72.42,32.48,9.34,CoStar/Yardi Matrix,2025-Q4,https://www.yardimatrix.com
85709,Tucson,32.2826,-110.9478,88,57.93,25.95,9.31,CoStar/Yardi Matrix,2025-Q4,https://www.yardimatrix.com
85710,Tucson,32.2231,-111.0911,102,64.97,29.29,9.84,CoStar/Yardi Matrix,2025-Q4,https://www.yardimatrix.com
85711,Tucson,32.2585,-111.1532,93,66.98,28.17,10.54,CoStar/Yardi Matrix,2025-Q4,https://www.yardimatrix.com
85712,Tucson,32.1616,-111.1077,97,57.77,24.31,10.58,CoStar/Yardi Matrix,2025-Q4,https://www.yardimatrix.com
85713,Tucson,32.1849,-110.9392,96,65.45,24.13,10.26,CoStar/Yardi Matrix,2025-Q4,https://www.yardimatrix.com
85714,Tucson,32.0923,-111.1434,103,58.4,27.13,9.83,CoStar/Yardi Matrix,2025-Q4,https://www.yardimatrix.com
85715,Tucson,32.3179,-110.9779,88,60.21,25.25,10.52,CoStar/Yardi Matrix,2025-Q4,https://www.yardimatrix.com
85716,Tucson,32.2808,-110.991,89,58.12,33.38,8.15,CoStar/Yardi Matrix,2025-Q4,https://www.yardimatrix.com
85717,Tucson,32.2857,-110.9968,92,58.52,25.11,7.99,CoStar/Yardi Matrix,2025-Q4,https://www.yardimatrix.com
85718,Tucson,32.3553,-110.8792,91,73.72,30.72,7.56,CoStar/Yardi Matrix,2025-Q4,https://www.yardimatrix.com
85719,Tucson,32.2921,-111.0884,90,59.77,29.7,9.98,CoStar/Yardi Matrix,2025-Q4,https://www.yardimatrix.com
85720,Tucson,32.1838,-110.8789,97,69.63,24.05,8.07,CoStar/Yardi Matrix,2025-Q4,https://www.yardimatrix.com
95801,Sacramento,38.7251,-121.5944,145,70.84,31.18,7.71,CoStar/Yardi Matrix,2025-Q4,https://www.yardimatrix.com
95802,Sacramento,38.4783,-121.6476,142,57.43,29.7,7.71,CoStar/Yardi Matrix,2025-Q4,https://www.yardimatrix.com
95803,Sacramento,38.6889,-121.3186,152,66.3,31.66,9.19,CoStar/Yardi Matrix,2025-Q4,https://www.yardimatrix.com
95804,Sacramento,38.5041,-121.489,177,70.44,29.62,10.29,CoStar/Yardi Matrix,2025-Q4,https://www.yardimatrix.com
95805,Sacramento,38.7081,-121.4369,138,60.39,27.22,7.66,CoStar/Yardi Matrix,2025-Q4,https://www.yardimatrix.com
95806,Sacramento,38.6904,-121.4421,139,72.14,33.5,9.99,CoStar/Yardi Matrix,2025-Q4,https://www.yardimatrix.com
95807,Sacramento,38.447,-121.4647,162,66.92,28.08,8.94,CoStar/Yardi Matrix,2025-Q4,https://www.yardimatrix.com
95808,Sacramento,38.6032,-121.6437,175,72.53,28.26,9.66,CoStar/Yardi Matrix,2025-Q4,https://www.yardimatrix.com
95809,Sacramento,38.4769,-121.4569,184,58.64,29.84,8.24,CoStar/Yardi Matrix,2025-Q4,https://www.yardimatrix.com
95810,Sacramento,38.6255,-121.4699,159,59.44,33.41,8.19,CoStar/Yardi Matrix,2025-Q4,https://www.yardimatrix.com
95811,Sacramento,38.6928,-121.4255,167,58.33,24.98,9.56,CoStar/Yardi Matrix,2025-Q4,https://www.yardimatrix.com
95812,Sacramento,38.4455,-121.4415,154,65.61,26.89,9.05,CoStar/Yardi Matrix,2025-Q4,https://www.yardimatrix.com
95813,Sacramento,38.5012,-121.6023,142,56.26,30.98,10.11,CoStar/Yardi Matrix,2025-Q4,https://www.yardimatrix.com
95814,Sacramento,38.576,-121.4759,177,65.22,32.17,10.42,CoStar/Yardi Matrix,2025-Q4,https://www.yardimatrix.com
95815,Sacramento,38.7236,-121.6069,140,68.67,23.52,9.22,CoStar/Yardi Matrix,2025-Q4,https://www.yardimatrix.com
95816,Sacramento,38.5001,-121.3769,187,60.87,27.66,9.69,CoStar/Yardi Matrix,2025-Q4,https://www.yardimatrix.com
95817,Sacramento,38.473,-121.4989,150,61.44,24.92,7.69,CoStar/Yardi Matrix,2025-Q4,https://www.yardimatrix.com
95818,Sacramento,38.6175,-121.4987,146,68.57,27.86,10.34,CoStar/Yardi Matrix,2025-Q4,https://www.yardimatrix.com
95819,Sacramento,38.434,-121.4017,178,72.36,32.0,9.53,CoStar/Yardi Matrix,2025-Q4,https://www.yardimatrix.com
95820,Sacramento,38.602,-121.5599,171,61.78,27.46,10.42,CoStar/Yardi Matrix,2025-Q4,https://www.yardimatrix.com
95821,Sacramento,38.6919,-121.4002,151,57.84,28.76,10.16,CoStar/Yardi Matrix,2025-Q4,https://www.yardimatrix.com
95822,Sacramento,38.4626,-121.3907,148,55.66,24.02,7.92,CoStar/Yardi Matrix,2025-Q4,https://www.yardimatrix.com
95823,Sacramento,38.5487,-121.4317,141,63.23,27.6,9.34,CoStar/Yardi Matrix,2025-Q4,https://www.yardimatrix.com
95824,Sacramento,38.6269,-121.4565,191,54.49,23.96,7.88,CoStar/Yardi Matrix,2025-Q4,https://www.yardimatrix.com
95825,Sacramento,38.7213,-121.4743,139,63.86,30.41,10.17,CoStar/Yardi Matrix,2025-Q4,https://www.yardimatrix.com
95826,Sacramento,38.5565,-121.4319,154,51.84,25.85,8.1,CoStar/Yardi Matrix,2025-Q4,https://www.yardimatrix.com
95827,Sacramento,38.4517,-121.6387,176,53.05,26.62,7.69,CoStar/Yardi Matrix,2025-Q4,https://www.yardimatrix.com
95828,Sacramento,38.4366,-121.5179,175,67.95,31.82,10.45,CoStar/Yardi Matrix,2025-Q4,https://www.yardimatrix.com
95829,Sacramento,38.6534,-121.3376,146,52.5,26.58,10.05,CoStar/Yardi Matrix,2025-Q4,https://www.yardimatrix.com
95830,Sacramento,38.5922,-121.3149,181,58.55,29.63,9.43,CoStar/Yardi Matrix,2025-Q4,https://www.yardimatrix.com
64101,Kansas City,38.969,-94.4333,126,65.93,30.3,9.84,CoStar/Yardi Matrix,2025-Q4,https://www.yardimatrix.com
64102,Kansas City,39.0462,-94.4435,161,63.83,31.98,10.19,CoStar/Yardi Matrix,2025-Q4,https://www.yardimatrix.com
64103,Kansas City,39.0029,-94.7421,170,61.24,25.06,8.39,CoStar/Yardi Matrix,2025-Q4,https://www.yardimatrix.com
64104,Kansas City,39.0096,-94.4265,178,68.84,32.44,8.89,CoStar/Yardi Matrix,2025-Q4,https://www.yardimatrix.com
64105,Kansas City,39.1862,-94.4403,164,72.55,27.97,10.21,CoStar/Yardi Matrix,2025-Q4,https://www.yardimatrix.com
64106,Kansas City,39.2317,-94.7505,168,67.57,24.38,9.43,CoStar/Yardi Matrix,2025-Q4,https://www.yardimatrix.com
64107,Kansas City,39.0568,-94.6538,161,72.14,30.19,9.12,CoStar/Yardi Matrix,2025-Q4,https://www.yardimatrix.com
64108,Kansas City,38.9743,-94.7185,180,52.53,26.31,8.7,CoStar/Yardi Matrix,2025-Q4,https://www.yardimatrix.com
64109,Kansas City,39.1963,-94.4661,147,53.6,29.48,9.85,CoStar/Yardi Matrix,2025-Q4,https://www.yardimatrix.com
64110,Kansas City,39.1656,-94.5876,139,54.13,25.94,7.46,CoStar/Yardi Matrix,2025-Q4,https://www.yardimatrix.com
64111,Kansas City,39.0758,-94.6524,144,58.1,23.91,9.25,CoStar/Yardi Matrix,2025-Q4,https://www.yardimatrix.com
64112,Kansas City,39.2113,-94.4348,143,72.28,28.2,9.71,CoStar/Yardi Matrix,2025-Q4,https://www.yardimatrix.com
64113,Kansas City,39.2336,-94.6566,135,73.05,25.26,8.62,CoStar/Yardi Matrix,2025-Q4,https://www.yardimatrix.com
64114,Kansas City,39.0123,-94.4802,144,51.25,25.34,7.9,CoStar/Yardi Matrix,2025-Q4,https://www.yardimatrix.com
64115,Kansas City,39.1903,-94.5881,142,71.72,25.18,8.11,CoStar/Yardi Matrix,2025-Q4,https://www.yardimatrix.com
64116,Kansas City,39.1881,-94.5895,145,56.97,29.16,8.73,CoStar/Yardi Matrix,2025-Q4,https://www.yardimatrix.com
64117,Kansas City,39.123,-94.6753,134,72.85,25.68,8.8,CoStar/Yardi Matrix,2025-Q4,https://www.yardimatrix.com
64118,Kansas City,39.2085,-94.6533,126,72.78,29.87,7.98,CoStar/Yardi Matrix,2025-Q4,https://www.yardimatrix.com
64119,Kansas City,39.2263,-94.6758,134,62.79,32.08,10.5,CoStar/Yardi Matrix,2025-Q4,https://www.yardimatrix.com
64120,Kansas City,38.9944,-94.5759,156,72.06,23.39,9.0,CoStar/Yardi Matrix,2025-Q4,https://www.yardimatrix.com
64121,Kansas City,39.2193,-94.5736,157,58.48,30.99,9.14,CoStar/Yardi Matrix,2025-Q4,https://www.yardimatrix.com
64122,Kansas City,39.0791,-94.4067,174,65.09,33.13,8.64,CoStar/Yardi Matrix,2025-Q4,https://www.yardimatrix.com
64123,Kansas City,39.0617,-94.6968,132,52.91,27.9,10.56,CoStar/Yardi Matrix,2025-Q4,https://www.yardimatrix.com
64124,Kansas City,39.229,-94.5116,179,67.66,30.43,8.66,CoStar/Yardi Matrix,2025-Q4,https://www.yardimatrix.com
64125,Kansas City,39.1423,-94.4428,161,71.52,27.9,8.25,CoStar/Yardi Matrix,2025-Q4,https://www.yardimatrix.com
64126,Kansas City,39.1737,-94.4544,136,68.88,30.66,7.93,CoStar/Yardi Matrix,2025-Q4,https://www.yardimatrix.com
64127,Kansas City,38.9591,-94.6261,149,61.9,27.39,10.07,CoStar/Yardi Matrix,2025-Q4,https://www.yardimatrix.com
64128,Kansas City,39.1564,-94.6735,175,72.89,30.15,9.5,CoStar/Yardi Matrix,2025-Q4,https://www.yardimatrix.com
64129,Kansas City,38.9953,-94.6705,129,52.46,33.22,9.44,CoStar/Yardi Matrix,2025-Q4,https://www.yardimatrix.com
64130,Kansas City,39.2402,-94.4648,169,65.87,25.85,7.61,CoStar/Yardi Matrix,2025-Q4,https://www.yardimatrix.com
30301,Atlanta,33.6469,-84.4303,526,66.22,33.13,8.07,CoStar/Yardi Matrix,2025-Q4,https://www.yardimatrix.com
30302,Atlanta,33.7843,-84.5077,509,62.43,31.25,10.61,CoStar/Yardi Matrix,2025-Q4,https://www.yardimatrix.com
30303,Atlanta,33.8691,-84.2169,563,55.6,28.98,10.35,CoStar/Yardi Matrix,2025-Q4,https://www.yardimatrix.com
30304,Atlanta,33.6691,-84.3432,556,70.72,31.88,8.99,CoStar/Yardi Matrix,2025-Q4,https://www.yardimatrix.com
30305,Atlanta,33.6405,-84.5007,527,69.02,29.3,7.77,CoStar/Yardi Matrix,2025-Q4,https://www.yardimatrix.com
30306,Atlanta,33.6416,-84.261,530,54.57,25.38,7.51,CoStar/Yardi Matrix,2025-Q4,https://www.yardimatrix.com
30307,Atlanta,33.6855,-84.3346,605,62.53,26.62,8.42,CoStar/Yardi Matrix,2025-Q4,https://www.yardimatrix.com
30308,Atlanta,33.6175,-84.5153,547,66.6,28.85,9.03,CoStar/Yardi Matrix,2025-Q4,https://www.yardimatrix.com
30309,Atlanta,33.8503,-84.3847,678,62.05,24.71,9.52,CoStar/Yardi Matrix,2025-Q4,https://www.yardimatrix.com
30310,Atlanta,33.6767,-84.3137,607,62.77,33.48,7.75,CoStar/Yardi Matrix,2025-Q4,https://www.yardimatrix.com
30311,Atlanta,33.8121,-84.4768,624,71.48,29.01,10.59,CoStar/Yardi Matrix,2025-Q4,https://www.yardimatrix.com
30312,Atlanta,33.7825,-84.4446,533,54.9,26.68,8.5,CoStar/Yardi Matrix,2025-Q4,https://www.yardimatrix.com
30313,Atlanta,33.7139,-84.3013,537,54.05,30.12,9.46,CoStar/Yardi Matrix,2025-Q4,https://www.yardimatrix.com
30314,Atlanta,33.829,-84.2776,504,67.49,28.01,9.47,CoStar/Yardi Matrix,2025-Q4,https://www.yardimatrix.com
30315,Atlanta,33.6185,-84.2108,668,51.95,26.9,10.11,CoStar/Yardi Matrix,2025-Q4,https://www.yardimatrix.com
30316,Atlanta,33.679,-84.4161,633,63.01,28.56,9.49,CoStar/Yardi Matrix,2025-Q4,https://www.yardimatrix.com
30317,Atlanta,33.7681,-84.2439,497,62.15,24.95,7.89,CoStar/Yardi Matrix,2025-Q4,https://www.yardimatrix.com
30318,Atlanta,33.7312,-84.4282,583,64.62,31.61,9.26,CoStar/Yardi Matrix,2025-Q4,https://www.yardimatrix.com
30319,Atlanta,33.6901,-84.3939,650,73.15,31.19,9.55,CoStar/Yardi Matrix,2025-Q4,https://www.yardimatrix.com
30320,Atlanta,33.8346,-84.2937,666,53.03,29.15,8.0,CoStar/Yardi Matrix,2025-Q4,https://www.yardimatrix.com
30321,Atlanta,33.7097,-84.5555,615,63.03,26.86,9.16,CoStar/Yardi Matrix,2025-Q4,https://www.yardimatrix.com
30322,Atlanta,33.8129,-84.3516,584,69.02,24.69,7.41,CoStar/Yardi Matrix,2025-Q4,https://www.yardimatrix.com
30323,Atlanta,33.85,-84.5186,498,61.37,33.5,7.42,CoStar/Yardi Matrix,2025-Q4,https://www.yardimatrix.com
30324,Atlanta,33.8471,-84.2499,610,72.14,29.2,9.24,CoStar/Yardi Matrix,2025-Q4,https://www.yardimatrix.com
30325,Atlanta,33.7929,-84.5162,657,52.73,33.03,9.49,CoStar/Yardi Matrix,2025-Q4,https://www.yardimatrix.com
30326,Atlanta,33.7343,-84.4713,477,66.54,27.34,9.6,CoStar/Yardi Matrix,2025-Q4,https://www.yardimatrix.com
30327,Atlanta,33.8831,-84.3554,657,51.72,30.8,9.08,CoStar/Yardi Matrix,2025-Q4,https://www.yardimatrix.com
30328,Atlanta,33.6154,-84.4774,580,65.86,28.8,8.57,CoStar/Yardi Matrix,2025-Q4,https://www.yardimatrix.com
30329,Atlanta,33.8191,-84.3446,564,65.44,23.71,8.83,CoStar/Yardi Matrix,2025-Q4,https://www.yardimatrix.com
30330,Atlanta,33.812,-84.3085,600,53.02,23.86,9.98,CoStar/Yardi Matrix,2025-Q4,https://www.yardimatrix.com
30331,Atlanta,33.6354,-84.2173,492,67.2,26.13,10.27,CoStar/Yardi Matrix,2025-Q4,https://www.yardimatrix.com
30332,Atlanta,33.7829,-84.5458,621,60.05,30.69,8.21,CoStar/Yardi Matrix,2025-Q4,https://www.yardimatrix.com
30333,Atlanta,33.8461,-84.2304,520,73.0,27.4,9.23,CoStar/Yardi Matrix,2025-Q4,https://www.yardimatrix.com
30334,Atlanta,33.7964,-84.4668,558,57.41,27.23,9.85,CoStar/Yardi Matrix,2025-Q4,https://www.yardimatrix.com
30335,Atlanta,33.857,-84.2456,679,62.46,24.95,10.36,CoStar/Yardi Matrix,2025-Q4,https://www.yardimatrix.com
30336,Atlanta,33.7576,-84.2388,611,54.14,26.89,7.86,CoStar/Yardi Matrix,2025-Q4,https://www.yardimatrix.com
30337,Atlanta,33.7821,-84.5509,525,57.08,28.39,7.53,CoStar/Yardi Matrix,2025-Q4,https://www.yardimatrix.com
30338,Atlanta,33.7561,-84.4666,489,54.83,32.97,9.47,CoStar/Yardi Matrix,2025-Q4,https://www.yardimatrix.com
30339,Atlanta,33.8044,-84.301,522,59.09,23.85,9.67,CoStar/Yardi Matrix,2025-Q4,https://www.yardimatrix.com
30340,Atlanta,33.6427,-84.5585,578,59.99,31.57,8.36,CoStar/Yardi Matrix,2025-Q4,https://www.yardimatrix.com
30341,Atlanta,33.7157,-84.3463,679,68.75,30.94,8.62,CoStar/Yardi Matrix,2025-Q4,https://www.yardimatrix.com
30342,Atlanta,33.8401,-84.2498,564,54.57,27.17,10.31,CoStar/Yardi Matrix,2025-Q4,https://www.yardimatrix.com
30343,Atlanta,33.8916,-84.4861,506,52.76,29.37,10.13,CoStar/Yardi Matrix,2025-Q4,https://www.yardimatrix.com
30344,Atlanta,33.6707,-84.5146,500,61.58,25.24,8.0,CoStar/Yardi Matrix,2025-Q4,https://www.yardimatrix.com
30345,Atlanta,33.6784,-84.2327,479,66.15,28.41,7.69,CoStar/Yardi Matrix,2025-Q4,https://www.yardimatrix.com
30346,Atlanta,33.8724,-84.4921,534,53.38,31.52,10.58,CoStar/Yardi Matrix,2025-Q4,https://www.yardimatrix.com
30347,Atlanta,33.7646,-84.4745,684,73.12,28.75,9.67,CoStar/Yardi Matrix,2025-Q4,https://www.yardimatrix.com
30348,Atlanta,33.7457,-84.2163,539,68.93,31.77,8.5,CoStar/Yardi Matrix,2025-Q4,https://www.yardimatrix.com
30349,Atlanta,33.6097,-84.5652,604,55.49,31.76,7.73,CoStar/Yardi Matrix,2025-Q4,https://www.yardimatrix.com
30350,Atlanta,33.7522,-84.4205,478,64.24,24.09,8.83,CoStar/Yardi Matrix,2025-Q4,https://www.yardimatrix.com
68101,Omaha,41.2361,-96.0665,128,56.48,32.67,8.28,CoStar/Yardi Matrix,2025-Q4,https://www.yardimatrix.com
68102,Omaha,41.1386,-95.8628,118,52.31,23.68,8.51,CoStar/Yardi Matrix,2025-Q4,https://www.yardimatrix.com
68103,Omaha,41.3973,-96.0745,105,61.64,25.24,9.96,CoStar/Yardi Matrix,2025-Q4,https://www.yardimatrix.com
68104,Omaha,41.3093,-95.9123,116,71.13,32.58,9.6,CoStar/Yardi Matrix,2025-Q4,https://www.yardimatrix.com
68105,Omaha,41.2773,-95.8126,113,61.71,31.17,7.97,CoStar/Yardi Matrix,2025-Q4,https://www.yardimatrix.com
68106,Omaha,41.3644,-95.8281,101,65.56,29.98,9.76,CoStar/Yardi Matrix,2025-Q4,https://www.yardimatrix.com
68107,Omaha,41.3361,-96.0439,104,62.35,27.0,9.77,CoStar/Yardi Matrix,2025-Q4,https://www.yardimatrix.com
68108,Omaha,41.2045,-95.8951,94,60.88,23.37,10.53,CoStar/Yardi Matrix,2025-Q4,https://www.yardimatrix.com
68109,Omaha,41.1369,-95.8479,120,53.74,27.99,8.65,CoStar/Yardi Matrix,2025-Q4,https://www.yardimatrix.com
68110,Omaha,41.2698,-95.8211,102,58.42,26.12,9.55,CoStar/Yardi Matrix,2025-Q4,https://www.yardimatrix.com
68111,Omaha,41.2656,-95.993,92,66.77,32.78,7.87,CoStar/Yardi Matrix,2025-Q4,https://www.yardimatrix.com
68112,Omaha,41.2546,-95.9994,106,67.14,29.58,9.65,CoStar/Yardi Matrix,2025-Q4,https://www.yardimatrix.com
68113,Omaha,41.2894,-95.9594,104,54.65,27.78,8.29,CoStar/Yardi Matrix,2025-Q4,https://www.yardimatrix.com
68114,Omaha,41.2942,-96.0055,113,65.09,27.76,10.07,CoStar/Yardi Matrix,2025-Q4,https://www.yardimatrix.com
68115,Omaha,41.2873,-95.9191,104,69.5,26.52,9.78,CoStar/Yardi Matrix,2025-Q4,https://www.yardimatrix.com
68116,Omaha,41.3885,-95.8924,101,57.64,24.39,7.55,CoStar/Yardi Matrix,2025-Q4,https://www.yardimatrix.com
68117,Omaha,41.2679,-96.0172,93,55.1,28.0,9.65,CoStar/Yardi Matrix,2025-Q4,https://www.yardimatrix.com
68118,Omaha,41.3808,-95.8245,100,60.92,31.63,10.47,CoStar/Yardi Matrix,2025-Q4,https://www.yardimatrix.com
68119,Omaha,41.1069,-95.8789,109,70.4,31.78,10.36,CoStar/Yardi Matrix,2025-Q4,https://www.yardimatrix.com
68120,Omaha,41.3087,-95.9284,96,61.39,28.08,9.71,CoStar/Yardi Matrix,2025-Q4,https://www.yardimatrix.com
27601,Raleigh-Durham,35.8508,-78.6334,403,58.28,29.59,10.32,CoStar/Yardi Matrix,2025-Q4,https://www.yardimatrix.com
27602,Raleigh-Durham,35.7796,-78.7659,411,61.38,26.83,9.95,CoStar/Yardi Matrix,2025-Q4,https://www.yardimatrix.com
27603,Raleigh-Durham,35.802,-78.8069,381,54.52,25.57,8.85,CoStar/Yardi Matrix,2025-Q4,https://www.yardimatrix.com
27604,Raleigh-Durham,35.6392,-78.7836,342,53.82,30.58,7.91,CoStar/Yardi Matrix,2025-Q4,https://www.yardimatrix.com
27605,Raleigh-Durham,35.7972,-78.7508,350,58.6,33.29,9.83,CoStar/Yardi Matrix,2025-Q4,https://www.yardimatrix.com
27606,Raleigh-Durham,35.6972,-78.7052,390,57.29,28.55,10.57,CoStar/Yardi Matrix,2025-Q4,https://www.yardimatrix.com
27607,Raleigh-Durham,35.7707,-78.6226,342,66.91,24.37,10.51,CoStar/Yardi Matrix,2025-Q4,https://www.yardimatrix.com
27608,Raleigh-Durham,35.853,-78.5836,402,58.7,25.75,9.33,CoStar/Yardi Matrix,2025-Q4,https://www.yardimatrix.com
27609,Raleigh-Durham,35.8998,-78.7203,426,52.64,32.77,8.05,CoStar/Yardi Matrix,2025-Q4,https://www.yardimatrix.com
27610,Raleigh-Durham,35.8639,-78.5264,409,62.41,33.4,8.23,CoStar/Yardi Matrix,2025-Q4,https://www.yardimatrix.com
27611,Raleigh-Durham,35.837,-78.6657,356,53.11,32.51,8.52,CoStar/Yardi Matrix,2025-Q4,https://www.yardimatrix.com
27612,Raleigh-Durham,35.8887,-78.7934,433,62.11,25.79,8.43,CoStar/Yardi Matrix,2025-Q4,https://www.yardimatrix.com
27613,Raleigh-Durham,35.7799,-78.6616,380,70.92,28.16,9.85,CoStar/Yardi Matrix,2025-Q4,https://www.yardimatrix.com
27614,Raleigh-Durham,35.6692,-78.7297,364,63.62,31.42,10.18,CoStar/Yardi Matrix,2025-Q4,https://www.yardimatrix.com
27615,Raleigh-Durham,35.8889,-78.7542,416,57.55,32.07,8.93,CoStar/Yardi Matrix,2025-Q4,https://www.yardimatrix.com
27616,Raleigh-Durham,35.8911,-78.467,330,64.23,33.33,10.07,CoStar/Yardi Matrix,2025-Q4,https://www.yardimatrix.com
27617,Raleigh-Durham,35.717,-78.4878,356,72.34,30.69,9.29,CoStar/Yardi Matrix,2025-Q4,https://www.yardimatrix.com
27618,Raleigh-Durham,35.7076,-78.5006,302,54.52,32.53,7.68,CoStar/Yardi Matrix,2025-Q4,https://www.yardimatrix.com
27619,Raleigh-Durham,35.8838,-78.6927,388,55.2,24.98,7.39,CoStar/Yardi Matrix,2025-Q4,https://www.yardimatrix.com
27620,Raleigh-Durham,35.9064,-78.5947,380,62.71,28.47,9.76,CoStar/Yardi Matrix,2025-Q4,https://www.yardimatrix.com
27621,Raleigh-Durham,35.6376,-78.4659,359,58.42,32.94,10.19,CoStar/Yardi Matrix,2025-Q4,https://www.yardimatrix.com
27622,Raleigh-Durham,35.6989,-78.7593,357,64.01,28.49,8.31,CoStar/Yardi Matrix,2025-Q4,https://www.yardimatrix.com
27623,Raleigh-Durham,35.9188,-78.7907,397,57.41,30.38,9.88,CoStar/Yardi Matrix,2025-Q4,https://www.yardimatrix.com
27624,Raleigh-Durham,35.6915,-78.6916,354,64.36,24.51,7.74,CoStar/Yardi Matrix,2025-Q4,https://www.yardimatrix.com
27625,Raleigh-Durham,35.84,-78.7867,336,63.87,27.81,7.61,CoStar/Yardi Matrix,2025-Q4,https://www.yardimatrix.com
27626,Raleigh-Durham,35.9111,-78.6602,345,66.87,23.54,10.38,CoStar/Yardi Matrix,2025-Q4,https://www.yardimatrix.com
27627,Raleigh-Durham,35.7371,-78.5578,390,63.12,30.32,7.77,CoStar/Yardi Matrix,2025-Q4,https://www.yardimatrix.com
27628,Raleigh-Durham,35.9139,-78.4949,353,62.7,24.29,10.41,CoStar/Yardi Matrix,2025-Q4,https://www.yardimatrix.com
27629,Raleigh-Durham,35.7701,-78.6401,351,59.96,31.38,9.03,CoStar/Yardi Matrix,2025-Q4,https://www.yardimatrix.com
27630,Raleigh-Durham,35.6633,-78.5875,306,69.75,27.21,9.88,CoStar/Yardi Matrix,2025-Q4,https://www.yardimatrix.com
27631,Raleigh-Durham,35.9181,-78.5901,358,57.08,30.6,8.91,CoStar/Yardi Matrix,2025-Q4,https://www.yardimatrix.com
27632,Raleigh-Durham,35.7884,-78.5421,404,52.77,24.15,10.01,CoStar/Yardi Matrix,2025-Q4,https://www.yardimatrix.com
27633,Raleigh-Durham,35.9076,-78.4736,428,61.31,26.91,9.28,CoStar/Yardi Matrix,2025-Q4,https://www.yardimatrix.com
27634,Raleigh-Durham,35.8847,-78.7091,308,61.88,24.86,8.02,CoStar/Yardi Matrix,2025-Q4,https://www.yardimatrix.com
27635,Raleigh-Durham,35.7174,-78.4605,408,62.67,27.5,8.09,CoStar/Yardi Matrix,2025-Q4,https://www.yardimatrix.com
55401,Minneapolis,45.0901,-93.4362,240,63.39,24.37,7.66,CoStar/Yardi Matrix,2025-Q4,https://www.yardimatrix.com
55402,Minneapolis,44.9461,-93.3549,213,68.96,32.62,7.95,CoStar/Yardi Matrix,2025-Q4,https://www.yardimatrix.com
55403,Minneapolis,44.9389,-93.2056,232,51.84,31.73,7.79,CoStar/Yardi Matrix,2025-Q4,https://www.yardimatrix.com
55404,Minneapolis,44.9838,-93.1439,194,64.1,27.02,8.54,CoStar/Yardi Matrix,2025-Q4,https://www.yardimatrix.com
55405,Minneapolis,45.0293,-93.1425,189,64.56,31.86,10.27,CoStar/Yardi Matrix,2025-Q4,https://www.yardimatrix.com
55406,Minneapolis,44.8357,-93.1993,216,54.25,32.31,7.74,CoStar/Yardi Matrix,2025-Q4,https://www.yardimatrix.com
55407,Minneapolis,45.0536,-93.2202,223,72.82,30.52,8.15,CoStar/Yardi Matrix,2025-Q4,https://www.yardimatrix.com
55408,Minneapolis,44.8572,-93.3421,178,60.49,23.79,10.35,CoStar/Yardi Matrix,2025-Q4,https://www.yardimatrix.com
55409,Minneapolis,44.8772,-93.3331,240,53.54,31.55,10.08,CoStar/Yardi Matrix,2025-Q4,https://www.yardimatrix.com
55410,Minneapolis,45.1116,-93.382,242,60.18,26.53,7.86,CoStar/Yardi Matrix,2025-Q4,https://www.yardimatrix.com
55411,Minneapolis,44.9096,-93.239,207,62.27,28.39,8.27,CoStar/Yardi Matrix,2025-Q4,https://www.yardimatrix.com
55412,Minneapolis,44.8889,-93.323,187,72.75,31.45,9.05,CoStar/Yardi Matrix,2025-Q4,https://www.yardimatrix.com
55413,Minneapolis,44.8421,-93.3285,184,71.71,28.42,10.08,CoStar/Yardi Matrix,2025-Q4,https://www.yardimatrix.com
55414,Minneapolis,44.8698,-93.3194,188,55.58,26.74,9.27,CoStar/Yardi Matrix,2025-Q4,https://www.yardimatrix.com
55415,Minneapolis,44.9872,-93.3829,215,52.31,26.32,9.24,CoStar/Yardi Matrix,2025-Q4,https://www.yardimatrix.com
55416,Minneapolis,44.8801,-93.0865,200,66.18,26.27,7.86,CoStar/Yardi Matrix,2025-Q4,https://www.yardimatrix.com
55417,Minneapolis,44.9709,-93.2924,229,72.28,25.49,9.53,CoStar/Yardi Matrix,2025-Q4,https://www.yardimatrix.com
55418,Minneapolis,45.1121,-93.1039,229,53.86,27.93,9.97,CoStar/Yardi Matrix,2025-Q4,https://www.yardimatrix.com
55419,Minneapolis,44.87,-93.3642,200,63.09,30.62,9.07,CoStar/Yardi Matrix,2025-Q4,https://www.yardimatrix.com
55420,Minneapolis,44.9393,-93.1102,182,62.95,28.25,8.53,CoStar/Yardi Matrix,2025-Q4,https://www.yardimatrix.com
55421,Minneapolis,45.0844,-93.1116,217,66.68,33.52,9.0,CoStar/Yardi Matrix,2025-Q4,https://www.yardimatrix.com
55422,Minneapolis,44.912,-93.3073,199,63.51,32.19,7.4,CoStar/Yardi Matrix,2025-Q4,https://www.yardimatrix.com
55423,Minneapolis,44.9847,-93.1845,201,56.62,28.3,8.69,CoStar/Yardi Matrix,2025-Q4,https://www.yardimatrix.com
55424,Minneapolis,44.96,-93.2417,231,59.68,27.5,9.29,CoStar/Yardi Matrix,2025-Q4,https://www.yardimatrix.com
55425,Minneapolis,44.8654,-93.1232,203,73.7,28.06,7.79,CoStar/Yardi Matrix,2025-Q4,https://www.yardimatrix.com
55426,Minneapolis,45.0066,-93.4325,185,58.07,24.23,9.68,CoStar/Yardi Matrix,2025-Q4,https://www.yardimatrix.com
55427,Minneapolis,44.9101,-93.3012,178,60.44,30.9,10.35,CoStar/Yardi Matrix,2025-Q4,https://www.yardimatrix.com
55428,Minneapolis,45.0968,-93.4219,230,71.91,27.78,9.39,CoStar/Yardi Matrix,2025-Q4,https://www.yardimatrix.com
55429,Minneapolis,45.12,-93.2742,227,69.03,24.3,8.84,CoStar/Yardi Matrix,2025-Q4,https://www.yardimatrix.com
55430,Minneapolis,45.038,-93.1797,218,72.94,24.01,9.48,CoStar/Yardi Matrix,2025-Q4,https://www.yardimatrix.com
33601,Tampa Bay,27.9986,-82.5116,442,70.52,25.61,9.7,CoStar/Yardi Matrix,2025-Q4,https://www.yardimatrix.com
33602,Tampa Bay,27.9669,-82.4874,392,67.87,29.44,7.66,CoStar/Yardi Matrix,2025-Q4,https://www.yardimatrix.com
33603,Tampa Bay,27.9849,-82.3721,405,73.64,28.17,9.21,CoStar/Yardi Matrix,2025-Q4,https://www.yardimatrix.com
33604,Tampa Bay,27.8212,-82.284,467,70.03,33.09,9.49,CoStar/Yardi Matrix,2025-Q4,https://www.yardimatrix.com
33605,Tampa Bay,27.8902,-82.5817,438,72.9,28.35,9.76,CoStar/Yardi Matrix,2025-Q4,https://www.yardimatrix.com
33606,Tampa Bay,27.9975,-82.5008,392,70.11,23.8,9.27,CoStar/Yardi Matrix,2025-Q4,https://www.yardimatrix.com
33607,Tampa Bay,27.8167,-82.4116,328,64.05,28.33,9.43,CoStar/Yardi Matrix,2025-Q4,https://www.yardimatrix.com
33608,Tampa Bay,28.0567,-82.4245,439,54.98,28.37,8.41,CoStar/Yardi Matrix,2025-Q4,https://www.yardimatrix.com
33609,Tampa Bay,28.0279,-82.4925,440,56.15,24.9,10.24,CoStar/Yardi Matrix,2025-Q4,https://www.yardimatrix.com
33610,Tampa Bay,27.9879,-82.6369,441,58.31,28.05,9.8,CoStar/Yardi Matrix,2025-Q4,https://www.yardimatrix.com
33611,Tampa Bay,27.9889,-82.4287,443,65.39,33.33,9.22,CoStar/Yardi Matrix,2025-Q4,https://www.yardimatrix.com
33612,Tampa Bay,28.0964,-82.5693,347,54.07,30.17,9.66,CoStar/Yardi Matrix,2025-Q4,https://www.yardimatrix.com
33613,Tampa Bay,28.075,-82.6132,440,51.69,30.85,10.26,CoStar/Yardi Matrix,2025-Q4,https://www.yardimatrix.com
33614,Tampa Bay,28.0243,-82.5429,332,64.78,31.27,9.25,CoStar/Yardi Matrix,2025-Q4,https://www.yardimatrix.com
33615,Tampa Bay,27.8632,-82.5799,372,53.76,28.37,8.89,CoStar/Yardi Matrix,2025-Q4,https://www.yardimatrix.com
33616,Tampa Bay,27.8793,-82.5428,420,51.72,28.3,10.48,CoStar/Yardi Matrix,2025-Q4,https://www.yardimatrix.com
33617,Tampa Bay,27.8741,-82.3869,448,53.44,30.23,9.17,CoStar/Yardi Matrix,2025-Q4,https://www.yardimatrix.com
33618,Tampa Bay,27.9153,-82.3565,348,63.91,26.53,9.09,CoStar/Yardi Matrix,2025-Q4,https://www.yardimatrix.com
33619,Tampa Bay,27.8973,-82.377,431,65.5,30.21,10.19,CoStar/Yardi Matrix,2025-Q4,https://www.yardimatrix.com
33620,Tampa Bay,28.0208,-82.4247,373,51.88,31.68,7.48,CoStar/Yardi Matrix,2025-Q4,https://www.yardimatrix.com
33621,Tampa Bay,27.9501,-82.3987,384,68.51,31.18,8.85,CoStar/Yardi Matrix,2025-Q4,https://www.yardimatrix.com
33622,Tampa Bay,27.9814,-82.6047,345,71.1,29.55,10.4,CoStar/Yardi Matrix,2025-Q4,https://www.yardimatrix.com
33623,Tampa Bay,27.9174,-82.5239,371,60.22,27.11,9.12,CoStar/Yardi Matrix,2025-Q4,https://www.yardimatrix.com
33624,Tampa Bay,27.9226,-82.369,340,63.79,31.75,7.66,CoStar/Yardi Matrix,2025-Q4,https://www.yardimatrix.com
33625,Tampa Bay,27.9608,-82.6035,407,52.61,32.9,9.74,CoStar/Yardi Matrix,2025-Q4,https://www.yardimatrix.com
33626,Tampa Bay,27.8313,-82.5546,369,64.08,32.13,10.37,CoStar/Yardi Matrix,2025-Q4,https://www.yardimatrix.com
33627,Tampa Bay,27.8189,-82.5018,451,62.03,32.49,8.27,CoStar/Yardi Matrix,2025-Q4,https://www.yardimatrix.com
33628,Tampa Bay,27.9677,-82.3873,453,61.55,24.31,10.33,CoStar/Yardi Matrix,2025-Q4,https://www.yardimatrix.com
33629,Tampa Bay,27.8192,-82.4463,388,72.87,32.0,8.61,CoStar/Yardi Matrix,2025-Q4,https://www.yardimatrix.com
33630,Tampa Bay,28.0678,-82.4595,454,61.62,33.01,8.27,CoStar/Yardi Matrix,2025-Q4,https://www.yardimatrix.com
33631,Tampa Bay,27.8376,-82.6007,404,72.5,30.1,10.14,CoStar/Yardi Matrix,2025-Q4,https://www.yardimatrix.com
33632,Tampa Bay,27.8238,-82.5809,461,68.73,24.54,8.49,CoStar/Yardi Matrix,2025-Q4,https://www.yardimatrix.com
33633,Tampa Bay,27.9445,-82.5952,405,68.36,31.12,10.09,CoStar/Yardi Matrix,2025-Q4,https://www.yardimatrix.com
33634,Tampa Bay,27.8879,-82.389,439,70.67,27.55,8.76,CoStar/Yardi Matrix,2025-Q4,https://www.yardimatrix.com
33635,Tampa Bay,27.9175,-82.3407,336,54.13,33.58,7.71,CoStar/Yardi Matrix,2025-Q4,https://www.yardimatrix.com
33636,Tampa Bay,27.867,-82.5172,438,58.21,26.7,8.28,CoStar/Yardi Matrix,2025-Q4,https://www.yardimatrix.com
33637,Tampa Bay,27.8428,-82.4047,355,71.15,24.61,8.9,CoStar/Yardi Matrix,2025-Q4,https://www.yardimatrix.com
33638,Tampa Bay,27.8969,-82.5837,409,60.45,23.95,8.31,CoStar/Yardi Matrix,2025-Q4,https://www.yardimatrix.com
33639,Tampa Bay,27.8519,-82.4583,381,54.21,27.56,9.07,CoStar/Yardi Matrix,2025-Q4,https://www.yardimatrix.com
33640,Tampa Bay,27.819,-82.3059,464,69.85,28.43,9.5,CoStar/Yardi Matrix,2025-Q4,https://www.yardimatrix.com
70112,New Orleans,30.0007,-90.0178,90,61.47,28.52,8.37,CoStar/Yardi Matrix,2025-Q4,https://www.yardimatrix.com
70113,New Orleans,29.9955,-90.2026,117,68.01,27.45,8.63,CoStar/Yardi Matrix,2025-Q4,https://www.yardimatrix.com
70114,New Orleans,30.0978,-90.036,114,55.86,28.46,9.66,CoStar/Yardi Matrix,2025-Q4,https://www.yardimatrix.com
70115,New Orleans,30.0186,-89.901,117,55.8,29.27,8.41,CoStar/Yardi Matrix,2025-Q4,https://www.yardimatrix.com
70116,New Orleans,30.0939,-90.0688,89,56.86,26.58,9.62,CoStar/Yardi Matrix,2025-Q4,https://www.yardimatrix.com
70117,New Orleans,30.0938,-89.9313,89,59.98,33.06,7.67,CoStar/Yardi Matrix,2025-Q4,https://www.yardimatrix.com
70118,New Orleans,29.8235,-90.0269,86,56.67,31.0,7.64,CoStar/Yardi Matrix,2025-Q4,https://www.yardimatrix.com
70119,New Orleans,29.9,-90.1187,102,59.56,28.16,7.68,CoStar/Yardi Matrix,2025-Q4,https://www.yardimatrix.com
70120,New Orleans,30.0111,-89.9881,86,60.05,30.16,9.6,CoStar/Yardi Matrix,2025-Q4,https://www.yardimatrix.com
70121,New Orleans,29.8391,-89.9342,84,73.06,25.69,9.63,CoStar/Yardi Matrix,2025-Q4,https://www.yardimatrix.com
70122,New Orleans,29.962,-90.212,90,57.67,27.0,9.49,CoStar/Yardi Matrix,2025-Q4,https://www.yardimatrix.com
70123,New Orleans,29.8127,-90.0026,114,69.07,23.89,9.39,CoStar/Yardi Matrix,2025-Q4,https://www.yardimatrix.com
70124,New Orleans,29.9329,-90.072,99,52.39,33.53,9.4,CoStar/Yardi Matrix,2025-Q4,https://www.yardimatrix.com
70125,New Orleans,29.8626,-90.0181,99,69.24,28.99,7.42,CoStar/Yardi Matrix,2025-Q4,https://www.yardimatrix.com
70126,New Orleans,29.9915,-90.0393,110,62.6,29.57,7.69,CoStar/Yardi Matrix,2025-Q4,https://www.yardimatrix.com
70127,New Orleans,29.8438,-90.215,92,70.42,25.83,8.4,CoStar/Yardi Matrix,2025-Q4,https://www.yardimatrix.com
70128,New Orleans,29.8668,-90.1334,84,62.55,32.12,8.39,CoStar/Yardi Matrix,2025-Q4,https://www.yardimatrix.com
70129,New Orleans,29.8485,-89.896,105,58.1,27.06,10.23,CoStar/Yardi Matrix,2025-Q4,https://www.yardimatrix.com
70130,New Orleans,29.8377,-89.9451,104,51.82,29.36,9.93,CoStar/Yardi Matrix,2025-Q4,https://www.yardimatrix.com
70131,New Orleans,30.0326,-90.1951,98,69.59,30.21,7.68,CoStar/Yardi Matrix,2025-Q4,https://www.yardimatrix.com
70132,New Orleans,30.0371,-90.2343,101,52.91,29.48,7.69,CoStar/Yardi Matrix,2025-Q4,https://www.yardimatrix.com
70133,New Orleans,29.968,-89.9595,89,55.85,25.4,8.62,CoStar/Yardi Matrix,2025-Q4,https://www.yardimatrix.com
70134,New Orleans,29.8787,-89.9503,111,60.18,29.5,9.8,CoStar/Yardi Matrix,2025-Q4,https://www.yardimatrix.com
70135,New Orleans,30.016,-90.1856,116,64.61,27.85,8.26,CoStar/Yardi Matrix,2025-Q4,https://www.yardimatrix.com
70136,New Orleans,29.9351,-89.9513,112,52.57,23.86,9.66,CoStar/Yardi Matrix,2025-Q4,https://www.yardimatrix.com
23220,Richmond,37.4159,-77.5995,131,53.07,24.49,7.87,CoStar/Yardi Matrix,2025-Q4,https://www.yardimatrix.com
23221,Richmond,37.6849,-77.4639,124,58.43,25.32,8.76,CoStar/Yardi Matrix,2025-Q4,https://www.yardimatrix.com
23222,Richmond,37.4054,-77.4226,132,56.87,30.61,10.37,CoStar/Yardi Matrix,2025-Q4,https://www.yardimatrix.com
23223,Richmond,37.4967,-77.585,132,52.59,25.11,10.59,CoStar/Yardi Matrix,2025-Q4,https://www.yardimatrix.com
23224,Richmond,37.5448,-77.5774,124,65.35,31.42,8.68,CoStar/Yardi Matrix,2025-Q4,https://www.yardimatrix.com
23225,Richmond,37.4723,-77.4837,115,71.26,26.75,9.36,CoStar/Yardi Matrix,2025-Q4,https://www.yardimatrix.com
23226,Richmond,37.6595,-77.4309,121,54.03,27.35,9.33,CoStar/Yardi Matrix,2025-Q4,https://www.yardimatrix.com
23227,Richmond,37.4189,-77.5338,140,65.68,31.39,9.58,CoStar/Yardi Matrix,2025-Q4,https://www.yardimatrix.com
23228,Richmond,37.5328,-77.4454,126,71.06,28.14,9.94,CoStar/Yardi Matrix,2025-Q4,https://www.yardimatrix.com
23229,Richmond,37.526,-77.5971,123,62.38,31.47,9.2,CoStar/Yardi Matrix,2025-Q4,https://www.yardimatrix.com
23230,Richmond,37.5885,-77.5539,151,62.49,26.14,9.69,CoStar/Yardi Matrix,2025-Q4,https://www.yardimatrix.com
23231,Richmond,37.5199,-77.5093,158,62.68,26.98,7.74,CoStar/Yardi Matrix,2025-Q4,https://www.yardimatrix.com
23232,Richmond,37.4466,-77.5103,153,69.63,31.58,8.44,CoStar/Yardi Matrix,2025-Q4,https://www.yardimatrix.com
23233,Richmond,37.4853,-77.4535,133,56.16,25.68,8.37,CoStar/Yardi Matrix,2025-Q4,https://www.yardimatrix.com
23234,Richmond,37.6252,-77.5046,114,61.77,28.7,10.23,CoStar/Yardi Matrix,2025-Q4,https://www.yardimatrix.com
23235,Richmond,37.4086,-77.3644,130,72.48,23.87,10.46,CoStar/Yardi Matrix,2025-Q4,https://www.yardimatrix.com
23236,Richmond,37.4421,-77.4001,126,67.06,24.34,8.68,CoStar/Yardi Matrix,2025-Q4,https://www.yardimatrix.com
23237,Richmond,37.6444,-77.5962,133,63.55,23.88,8.32,CoStar/Yardi Matrix,2025-Q4,https://www.yardimatrix.com
23238,Richmond,37.5241,-77.3425,151,57.51,29.35,9.89,CoStar/Yardi Matrix,2025-Q4,https://www.yardimatrix.com
23239,Richmond,37.6458,-77.611,152,63.11,28.19,10.42,CoStar/Yardi Matrix,2025-Q4,https://www.yardimatrix.com
23240,Richmond,37.5877,-77.2828,116,53.82,30.01,7.9,CoStar/Yardi Matrix,2025-Q4,https://www.yardimatrix.com
23241,Richmond,37.5335,-77.3148,157,55.38,32.39,7.81,CoStar/Yardi Matrix,2025-Q4,https://www.yardimatrix.com
23242,Richmond,37.618,-77.5881,120,64.47,31.9,7.73,CoStar/Yardi Matrix,2025-Q4,https://www.yardimatrix.com
23243,Richmond,37.6746,-77.4299,140,57.03,32.24,8.38,CoStar/Yardi Matrix,2025-Q4,https://www.yardimatrix.com
23244,Richmond,37.4129,-77.5491,148,67.22,29.73,8.79,CoStar/Yardi Matrix,2025-Q4,https://www.yardimatrix.com
35201,Birmingham,33.4901,-86.7203,83,65.98,29.54,9.78,CoStar/Yardi Matrix,2025-Q4,https://www.yardimatrix.com
35202,Birmingham,33.3741,-86.8958,92,73.17,29.58,10.28,CoStar/Yardi Matrix,2025-Q4,https://www.yardimatrix.com
35203,Birmingham,33.456,-86.7176,83,52.96,27.53,10.48,CoStar/Yardi Matrix,2025-Q4,https://www.yardimatrix.com
35204,Birmingham,33.4961,-86.9773,85,58.43,27.14,9.77,CoStar/Yardi Matrix,2025-Q4,https://www.yardimatrix.com
35205,Birmingham,33.6097,-86.9059,79,70.25,32.93,10.41,CoStar/Yardi Matrix,2025-Q4,https://www.yardimatrix.com
35206,Birmingham,33.5145,-86.707,78,73.06,26.57,9.37,CoStar/Yardi Matrix,2025-Q4,https://www.yardimatrix.com
35207,Birmingham,33.6256,-86.8317,91,60.28,27.15,8.52,CoStar/Yardi Matrix,2025-Q4,https://www.yardimatrix.com
35208,Birmingham,33.5024,-86.9896,85,63.99,30.28,7.65,CoStar/Yardi Matrix,2025-Q4,https://www.yardimatrix.com
35209,Birmingham,33.5363,-86.6368,72,52.3,26.6,8.38,CoStar/Yardi Matrix,2025-Q4,https://www.yardimatrix.com
35210,Birmingham,33.5389,-86.7826,79,52.63,32.68,9.16,CoStar/Yardi Matrix,2025-Q4,https://www.yardimatrix.com
35211,Birmingham,33.3983,-86.887,85,64.58,31.21,9.09,CoStar/Yardi Matrix,2025-Q4,https://www.yardimatrix.com
35212,Birmingham,33.4121,-86.9251,79,52.43,33.47,8.65,CoStar/Yardi Matrix,2025-Q4,https://www.yardimatrix.com
35213,Birmingham,33.5525,-86.756,94,57.5,32.49,10.13,CoStar/Yardi Matrix,2025-Q4,https://www.yardimatrix.com
35214,Birmingham,33.6606,-86.8263,66,70.82,25.94,10.47,CoStar/Yardi Matrix,2025-Q4,https://www.yardimatrix.com
35215,Birmingham,33.4282,-86.7244,66,60.82,31.63,10.49,CoStar/Yardi Matrix,2025-Q4,https://www.yardimatrix.com
35216,Birmingham,33.4336,-86.7062,69,56.89,30.33,10.2,CoStar/Yardi Matrix,2025-Q4,https://www.yardimatrix.com
35217,Birmingham,33.6403,-86.6336,87,58.64,25.5,8.98,CoStar/Yardi Matrix,2025-Q4,https://www.yardimatrix.com
35218,Birmingham,33.3932,-86.7566,78,53.69,28.75,8.49,CoStar/Yardi Matrix,2025-Q4,https://www.yardimatrix.com
35219,Birmingham,33.5263,-86.9559,84,52.32,23.72,7.47,CoStar/Yardi Matrix,2025-Q4,https://www.yardimatrix.com
35220,Birmingham,33.4906,-86.97,84,54.47,30.82,7.43,CoStar/Yardi Matrix,2025-Q4,https://www.yardimatrix.com
35221,Birmingham,33.5274,-86.9599,72,53.77,33.38,8.75,CoStar/Yardi Matrix,2025-Q4,https://www.yardimatrix.com
35222,Birmingham,33.3758,-86.956,88,52.27,30.14,10.58,CoStar/Yardi Matrix,2025-Q4,https://www.yardimatrix.com
35223,Birmingham,33.5678,-86.8921,90,51.61,32.44,9.53,CoStar/Yardi Matrix,2025-Q4,https://www.yardimatrix.com
35224,Birmingham,33.6499,-86.6487,68,61.49,23.74,7.73,CoStar/Yardi Matrix,2025-Q4,https://www.yardimatrix.com
35225,Birmingham,33.4204,-86.957,70,63.35,31.8,10.36,CoStar/Yardi Matrix,2025-Q4,https://www.yardimatrix.com
39201,Jackson,32.2271,-90.2321,45,63.23,29.22,9.63,CoStar/Yardi Matrix,2025-Q4,https://www.yardimatrix.com
39202,Jackson,32.1528,-90.3527,54,67.7,26.61,9.9,CoStar/Yardi Matrix,2025-Q4,https://www.yardimatrix.com
39203,Jackson,32.1656,-90.2184,46,64.17,28.64,9.35,CoStar/Yardi Matrix,2025-Q4,https://www.yardimatrix.com
39204,Jackson,32.2514,-90.3531,45,60.63,32.11,10.01,CoStar/Yardi Matrix,2025-Q4,https://www.yardimatrix.com
39205,Jackson,32.1709,-90.3045,40,54.87,30.45,10.23,CoStar/Yardi Matrix,2025-Q4,https://www.yardimatrix.com
39206,Jackson,32.2849,-90.3222,51,60.2,24.34,7.54,CoStar/Yardi Matrix,2025-Q4,https://www.yardimatrix.com
39207,Jackson,32.2956,-90.2128,43,57.29,30.31,8.25,CoStar/Yardi Matrix,2025-Q4,https://www.yardimatrix.com
39208,Jackson,32.2655,-90.2881,41,69.76,31.49,9.49,CoStar/Yardi Matrix,2025-Q4,https://www.yardimatrix.com
39209,Jackson,32.1819,-90.1096,48,58.8,32.5,8.76,CoStar/Yardi Matrix,2025-Q4,https://www.yardimatrix.com
39210,Jackson,32.1713,-90.305,52,70.82,28.6,7.5,CoStar/Yardi Matrix,2025-Q4,https://www.yardimatrix.com
39211,Jackson,32.4482,-90.2347,39,67.24,26.39,10.39,CoStar/Yardi Matrix,2025-Q4,https://www.yardimatrix.com
39212,Jackson,32.296,-90.2763,46,64.0,33.56,9.78,CoStar/Yardi Matrix,2025-Q4,https://www.yardimatrix.com
39213,Jackson,32.1967,-90.2215,51,61.81,28.05,10.13,CoStar/Yardi Matrix,2025-Q4,https://www.yardimatrix.com
39214,Jackson,32.3854,-90.3628,50,64.85,24.81,9.28,CoStar/Yardi Matrix,2025-Q4,https://www.yardimatrix.com
39215,Jackson,32.3652,-90.304,47,58.58,24.02,8.21,CoStar/Yardi Matrix,2025-Q4,https://www.yardimatrix.com
72201,Little Rock,34.7682,-92.3894,58,68.66,26.46,7.86,CoStar/Yardi Matrix,2025-Q4,https://www.yardimatrix.com
72202,Little Rock,34.7976,-92.1628,75,71.68,29.31,10.62,CoStar/Yardi Matrix,2025-Q4,https://www.yardimatrix.com
72203,Little Rock,34.6219,-92.3923,59,55.67,32.58,8.56,CoStar/Yardi Matrix,2025-Q4,https://www.yardimatrix.com
72204,Little Rock,34.7488,-92.4652,70,65.26,25.04,8.57,CoStar/Yardi Matrix,2025-Q4,https://www.yardimatrix.com
72205,Little Rock,34.7948,-92.249,75,73.62,30.95,9.63,CoStar/Yardi Matrix,2025-Q4,https://www.yardimatrix.com
72206,Little Rock,34.6569,-92.1649,73,59.76,32.82,10.24,CoStar/Yardi Matrix,2025-Q4,https://www.yardimatrix.com
72207,Little Rock,34.7913,-92.2076,74,68.57,28.33,7.61,CoStar/Yardi Matrix,2025-Q4,https://www.yardimatrix.com
72208,Little Rock,34.7869,-92.3467,78,52.37,26.38,9.44,CoStar/Yardi Matrix,2025-Q4,https://www.yardimatrix.com
72209,Little Rock,34.8213,-92.4585,67,56.16,23.98,9.42,CoStar/Yardi Matrix,2025-Q4,https://www.yardimatrix.com
72210,Little Rock,34.8875,-92.1108,68,60.2,33.01,7.82,CoStar/Yardi Matrix,2025-Q4,https://www.yardimatrix.com
72211,Little Rock,34.6962,-92.2345,63,55.47,29.47,7.74,CoStar/Yardi Matrix,2025-Q4,https://www.yardimatrix.com
72212,Little Rock,34.6491,-92.124,82,63.26,27.59,8.45,CoStar/Yardi Matrix,2025-Q4,https://www.yardimatrix.com
72213,Little Rock,34.8331,-92.4152,79,64.05,32.79,10.05,CoStar/Yardi Matrix,2025-Q4,https://www.yardimatrix.com
72214,Little Rock,34.6539,-92.422,77,68.14,24.88,10.49,CoStar/Yardi Matrix,2025-Q4,https://www.yardimatrix.com
72215,Little Rock,34.5972,-92.1171,58,72.5,25.74,8.31,CoStar/Yardi Matrix,2025-Q4,https://www.yardimatrix.com
72216,Little Rock,34.8815,-92.2356,65,64.84,29.35,9.76,CoStar/Yardi Matrix,2025-Q4,https://www.yardimatrix.com
72217,Little Rock,34.6064,-92.3915,79,59.29,30.1,8.53,CoStar/Yardi Matrix,2025-Q4,https://www.yardimatrix.com
72218,Little Rock,34.8266,-92.1155,82,59.73,32.44,9.74,CoStar/Yardi Matrix,2025-Q4,https://www.yardimatrix.com
72219,Little Rock,34.6087,-92.1653,70,54.61,26.18,8.36,CoStar/Yardi Matrix,2025-Q4,https://www.yardimatrix.com
72220,Little Rock,34.7655,-92.4348,74,65.51,24.38,7.68,CoStar/Yardi Matrix,2025-Q4,https://www.yardimatrix.com
37401,Chattanooga,35.1461,-85.4534,80,59.38,24.31,10.17,CoStar/Yardi Matrix,2025-Q4,https://www.yardimatrix.com
37402,Chattanooga,34.9016,-85.1394,92,52.9,30.96,8.97,CoStar/Yardi Matrix,2025-Q4,https://www.yardimatrix.com
37403,Chattanooga,34.9809,-85.4578,100,66.05,27.0,7.63,CoStar/Yardi Matrix,2025-Q4,https://www.yardimatrix.com
37404,Chattanooga,34.9264,-85.3973,96,71.9,32.54,10.05,CoStar/Yardi Matrix,2025-Q4,https://www.yardimatrix.com
37405,Chattanooga,34.953,-85.1991,73,70.31,32.36,10.58,CoStar/Yardi Matrix,2025-Q4,https://www.yardimatrix.com
37406,Chattanooga,34.9671,-85.1632,98,54.11,32.96,10.04,CoStar/Yardi Matrix,2025-Q4,https://www.yardimatrix.com
37407,Chattanooga,35.0358,-85.4468,76,54.41,28.55,9.56,CoStar/Yardi Matrix,2025-Q4,https://www.yardimatrix.com
37408,Chattanooga,35.1555,-85.4106,76,66.65,23.77,8.47,CoStar/Yardi Matrix,2025-Q4,https://www.yardimatrix.com
37409,Chattanooga,34.8976,-85.3465,73,56.0,24.14,10.58,CoStar/Yardi Matrix,2025-Q4,https://www.yardimatrix.com
37410,Chattanooga,35.0951,-85.3763,100,64.3,31.48,10.37,CoStar/Yardi Matrix,2025-Q4,https://www.yardimatrix.com
37411,Chattanooga,34.9414,-85.4732,90,71.54,26.59,8.3,CoStar/Yardi Matrix,2025-Q4,https://www.yardimatrix.com
37412,Chattanooga,35.0932,-85.1884,98,73.52,30.08,8.45,CoStar/Yardi Matrix,2025-Q4,https://www.yardimatrix.com
37413,Chattanooga,35.0907,-85.371,83,61.58,23.73,9.24,CoStar/Yardi Matrix,2025-Q4,https://www.yardimatrix.com
37414,Chattanooga,35.0638,-85.1962,99,60.68,29.59,8.51,CoStar/Yardi Matrix,2025-Q4,https://www.yardimatrix.com
37415,Chattanooga,35.1133,-85.1357,84,67.21,23.44,7.97,CoStar/Yardi Matrix,2025-Q4,https://www.yardimatrix.com
37416,Chattanooga,35.1223,-85.2977,74,61.58,26.85,7.66,CoStar/Yardi Matrix,2025-Q4,https://www.yardimatrix.com
37417,Chattanooga,35.0357,-85.4008,81,52.62,24.98,9.62,CoStar/Yardi Matrix,2025-Q4,https://www.yardimatrix.com
37418,Chattanooga,35.053,-85.3714,80,70.83,25.73,8.82,CoStar/Yardi Matrix,2025-Q4,https://www.yardimatrix.com
37419,Chattanooga,35.1174,-85.1895,74,61.41,30.81,10.08,CoStar/Yardi Matrix,2025-Q4,https://www.yardimatrix.com
37420,Chattanooga,35.0582,-85.3824,74,59.18,32.78,7.64,CoStar/Yardi Matrix,2025-Q4,https://www.yardimatrix.com
37901,Knoxville,35.9806,-83.8556,103,61.09,23.58,8.58,CoStar/Yardi Matrix,2025-Q4,https://www.yardimatrix.com
37902,Knoxville,36.1059,-83.8437,84,66.32,26.89,8.97,CoStar/Yardi Matrix,2025-Q4,https://www.yardimatrix.com
37903,Knoxville,35.9361,-83.8778,114,68.84,29.91,7.85,CoStar/Yardi Matrix,2025-Q4,https://www.yardimatrix.com
37904,Knoxville,35.9969,-84.0337,108,54.83,26.13,10.42,CoStar/Yardi Matrix,2025-Q4,https://www.yardimatrix.com
37905,Knoxville,35.8953,-84.0148,96,54.71,33.36,8.8,CoStar/Yardi Matrix,2025-Q4,https://www.yardimatrix.com
37906,Knoxville,35.8615,-83.9467,87,58.35,28.39,8.8,CoStar/Yardi Matrix,2025-Q4,https://www.yardimatrix.com
37907,Knoxville,35.9189,-83.7765,99,64.56,28.3,9.34,CoStar/Yardi Matrix,2025-Q4,https://www.yardimatrix.com
37908,Knoxville,35.8884,-83.8143,119,60.92,25.08,9.76,CoStar/Yardi Matrix,2025-Q4,https://www.yardimatrix.com
37909,Knoxville,36.0959,-83.7466,104,68.35,27.33,8.93,CoStar/Yardi Matrix,2025-Q4,https://www.yardimatrix.com
37910,Knoxville,35.9395,-83.7964,97,70.15,27.33,7.94,CoStar/Yardi Matrix,2025-Q4,https://www.yardimatrix.com
37911,Knoxville,35.9424,-83.9064,88,66.32,26.93,8.0,CoStar/Yardi Matrix,2025-Q4,https://www.yardimatrix.com
37912,Knoxville,35.8986,-84.0266,97,63.08,30.93,8.68,CoStar/Yardi Matrix,2025-Q4,https://www.yardimatrix.com
37913,Knoxville,35.826,-83.9278,116,51.61,33.08,7.67,CoStar/Yardi Matrix,2025-Q4,https://www.yardimatrix.com
37914,Knoxville,35.9466,-83.8265,84,69.02,23.51,9.61,CoStar/Yardi Matrix,2025-Q4,https://www.yardimatrix.com
37915,Knoxville,35.9807,-84.0089,108,73.15,23.95,7.58,CoStar/Yardi Matrix,2025-Q4,https://www.yardimatrix.com
37916,Knoxville,35.8224,-83.9231,84,64.0,28.32,8.36,CoStar/Yardi Matrix,2025-Q4,https://www.yardimatrix.com
37917,Knoxville,35.8801,-83.8696,85,59.7,32.43,10.1,CoStar/Yardi Matrix,2025-Q4,https://www.yardimatrix.com
37918,Knoxville,35.9267,-83.9212,93,58.49,32.63,8.62,CoStar/Yardi Matrix,2025-Q4,https://www.yardimatrix.com
37919,Knoxville,35.9123,-84.0963,98,64.49,32.69,10.04,CoStar/Yardi Matrix,2025-Q4,https://www.yardimatrix.com
37920,Knoxville,36.0378,-83.7642,113,61.87,28.4,8.69,CoStar/Yardi Matrix,2025-Q4,https://www.yardimatrix.com
35801,Huntsville,34.7079,-86.7432,94,60.31,33.01,10.37,CoStar/Yardi Matrix,2025-Q4,https://www.yardimatrix.com
35802,Huntsville,34.7481,-86.4382,98,52.82,24.87,8.22,CoStar/Yardi Matrix,2025-Q4,https://www.yardimatrix.com
35803,Huntsville,34.7966,-86.6401,101,58.62,24.11,8.51,CoStar/Yardi Matrix,2025-Q4,https://www.yardimatrix.com
35804,Huntsville,34.7559,-86.582,123,70.34,25.28,8.19,CoStar/Yardi Matrix,2025-Q4,https://www.yardimatrix.com
35805,Huntsville,34.8125,-86.4995,110,62.84,32.08,10.53,CoStar/Yardi Matrix,2025-Q4,https://www.yardimatrix.com
35806,Huntsville,34.7077,-86.736,130,71.98,31.39,10.1,CoStar/Yardi Matrix,2025-Q4,https://www.yardimatrix.com
35807,Huntsville,34.8121,-86.7147,95,70.72,29.75,9.1,CoStar/Yardi Matrix,2025-Q4,https://www.yardimatrix.com
35808,Huntsville,34.7777,-86.4916,128,71.36,32.26,9.55,CoStar/Yardi Matrix,2025-Q4,https://www.yardimatrix.com
35809,Huntsville,34.8185,-86.5026,108,65.5,28.67,9.5,CoStar/Yardi Matrix,2025-Q4,https://www.yardimatrix.com
35810,Huntsville,34.6263,-86.621,112,57.1,30.62,8.1,CoStar/Yardi Matrix,2025-Q4,https://www.yardimatrix.com
35811,Huntsville,34.8674,-86.6693,94,60.2,27.71,7.44,CoStar/Yardi Matrix,2025-Q4,https://www.yardimatrix.com
35812,Huntsville,34.8036,-86.6961,96,70.6,33.01,7.88,CoStar/Yardi Matrix,2025-Q4,https://www.yardimatrix.com
35813,Huntsville,34.727,-86.7408,109,62.19,31.02,9.39,CoStar/Yardi Matrix,2025-Q4,https://www.yardimatrix.com
35814,Huntsville,34.7605,-86.5112,126,63.85,29.85,9.76,CoStar/Yardi Matrix,2025-Q4,https://www.yardimatrix.com
35815,Huntsville,34.6437,-86.6057,101,66.34,31.1,8.81,CoStar/Yardi Matrix,2025-Q4,https://www.yardimatrix.com
35816,Huntsville,34.5926,-86.656,105,53.62,26.88,10.54,CoStar/Yardi Matrix,2025-Q4,https://www.yardimatrix.com
35817,Huntsville,34.7372,-86.4676,123,60.63,31.25,8.11,CoStar/Yardi Matrix,2025-Q4,https://www.yardimatrix.com
35818,Huntsville,34.8734,-86.6638,131,63.47,25.38,8.83,CoStar/Yardi Matrix,2025-Q4,https://www.yardimatrix.com
35819,Huntsville,34.7794,-86.5838,107,58.02,27.89,10.08,CoStar/Yardi Matrix,2025-Q4,https://www.yardimatrix.com
35820,Huntsville,34.604,-86.6983,121,68.62,32.37,9.4,CoStar/Yardi Matrix,2025-Q4,https://www.yardimatrix.com
80901,Colorado Springs,38.6889,-104.726,104,51.37,28.34,7.62,CoStar/Yardi Matrix,2025-Q4,https://www.yardimatrix.com
80902,Colorado Springs,38.6976,-104.8922,118,65.5,33.15,10.01,CoStar/Yardi Matrix,2025-Q4,https://www.yardimatrix.com
80903,Colorado Springs,38.7572,-104.7671,107,63.06,30.95,7.49,CoStar/Yardi Matrix,2025-Q4,https://www.yardimatrix.com
80904,Colorado Springs,38.7692,-104.9203,103,58.31,25.61,8.81,CoStar/Yardi Matrix,2025-Q4,https://www.yardimatrix.com
80905,Colorado Springs,38.897,-104.7245,115,55.73,24.47,8.17,CoStar/Yardi Matrix,2025-Q4,https://www.yardimatrix.com
80906,Colorado Springs,38.9338,-104.7896,87,69.34,27.19,10.03,CoStar/Yardi Matrix,2025-Q4,https://www.yardimatrix.com
80907,Colorado Springs,38.7351,-104.7152,88,58.39,32.29,10.43,CoStar/Yardi Matrix,2025-Q4,https://www.yardimatrix.com
80908,Colorado Springs,38.7261,-104.9324,95,51.48,27.71,9.9,CoStar/Yardi Matrix,2025-Q4,https://www.yardimatrix.com
80909,Colorado Springs,38.7516,-104.6453,115,69.2,29.61,10.33,CoStar/Yardi Matrix,2025-Q4,https://www.yardimatrix.com
80910,Colorado Springs,38.7266,-104.8132,92,66.75,31.4,9.22,CoStar/Yardi Matrix,2025-Q4,https://www.yardimatrix.com
80911,Colorado Springs,38.745,-104.9654,102,62.56,26.79,8.38,CoStar/Yardi Matrix,2025-Q4,https://www.yardimatrix.com
80912,Colorado Springs,38.8741,-104.9725,113,69.73,32.15,7.6,CoStar/Yardi Matrix,2025-Q4,https://www.yardimatrix.com
80913,Colorado Springs,38.6908,-104.9241,115,53.03,27.84,9.9,CoStar/Yardi Matrix,2025-Q4,https://www.yardimatrix.com
80914,Colorado Springs,38.7963,-104.7415,115,66.23,25.36,8.87,CoStar/Yardi Matrix,2025-Q4,https://www.yardimatrix.com
80915,Colorado Springs,38.9103,-104.9924,116,69.69,30.12,9.59,CoStar/Yardi Matrix,2025-Q4,https://www.yardimatrix.com
80916,Colorado Springs,38.8286,-104.7344,106,68.6,30.41,10.55,CoStar/Yardi Matrix,2025-Q4,https://www.yardimatrix.com
80917,Colorado Springs,38.7612,-104.9417,113,58.71,31.36,7.99,CoStar/Yardi Matrix,2025-Q4,https://www.yardimatrix.com
80918,Colorado Springs,38.8939,-104.8331,103,61.91,27.88,9.23,CoStar/Yardi Matrix,2025-Q4,https://www.yardimatrix.com
80919,Colorado Springs,38.8516,-104.8742,97,57.66,27.67,10.6,CoStar/Yardi Matrix,2025-Q4,https://www.yardimatrix.com
80920,Colorado Springs,38.8249,-104.9132,106,70.92,30.01,9.39,CoStar/Yardi Matrix,2025-Q4,https://www.yardimatrix.com
80521,Fort Collins,40.6156,-105.0487,81,70.05,32.06,8.68,CoStar/Yardi Matrix,2025-Q4,https://www.yardimatrix.com
80522,Fort Collins,40.5813,-105.0875,86,59.87,24.92,10.43,CoStar/Yardi Matrix,2025-Q4,https://www.yardimatrix.com
80523,Fort Collins,40.7337,-105.2207,98,60.01,28.83,7.41,CoStar/Yardi Matrix,2025-Q4,https://www.yardimatrix.com
80524,Fort Collins,40.5595,-105.1563,94,51.44,25.74,10.25,CoStar/Yardi Matrix,2025-Q4,https://www.yardimatrix.com
80525,Fort Collins,40.5862,-104.9995,73,56.28,24.42,8.63,CoStar/Yardi Matrix,2025-Q4,https://www.yardimatrix.com
80526,Fort Collins,40.4926,-105.1942,78,64.51,25.96,9.05,CoStar/Yardi Matrix,2025-Q4,https://www.yardimatrix.com
80527,Fort Collins,40.6055,-104.9815,79,64.87,24.34,8.92,CoStar/Yardi Matrix,2025-Q4,https://www.yardimatrix.com
80528,Fort Collins,40.5814,-105.0669,87,70.69,30.49,8.77,CoStar/Yardi Matrix,2025-Q4,https://www.yardimatrix.com
80529,Fort Collins,40.4537,-104.9633,104,73.22,30.13,8.57,CoStar/Yardi Matrix,2025-Q4,https://www.yardimatrix.com
80530,Fort Collins,40.6692,-104.9353,88,59.6,27.96,7.61,CoStar/Yardi Matrix,2025-Q4,https://www.yardimatrix.com
80531,Fort Collins,40.7276,-104.9174,79,70.82,32.86,7.43,CoStar/Yardi Matrix,2025-Q4,https://www.yardimatrix.com
80532,Fort Collins,40.5228,-105.1228,75,68.76,30.73,10.44,CoStar/Yardi Matrix,2025-Q4,https://www.yardimatrix.com
80533,Fort Collins,40.7307,-105.1286,77,60.15,26.78,9.56,CoStar/Yardi Matrix,2025-Q4,https://www.yardimatrix.com
80534,Fort Collins,40.6703,-105.1334,76,66.48,24.27,9.79,CoStar/Yardi Matrix,2025-Q4,https://www.yardimatrix.com
80535,Fort Collins,40.5431,-105.0584,83,69.13,32.75,8.77,CoStar/Yardi Matrix,2025-Q4,https://www.yardimatrix.com
83701,Boise,43.7247,-116.0441,92,60.24,23.94,8.73,CoStar/Yardi Matrix,2025-Q4,https://www.yardimatrix.com
83702,Boise,43.6019,-116.2558,100,54.09,26.39,9.26,CoStar/Yardi Matrix,2025-Q4,https://www.yardimatrix.com
83703,Boise,43.6464,-116.2294,80,56.13,33.6,8.6,CoStar/Yardi Matrix,2025-Q4,https://www.yardimatrix.com
83704,Boise,43.6846,-116.3613,91,61.76,28.33,8.23,CoStar/Yardi Matrix,2025-Q4,https://www.yardimatrix.com
83705,Boise,43.7173,-116.1541,90,62.66,32.26,9.6,CoStar/Yardi Matrix,2025-Q4,https://www.yardimatrix.com
83706,Boise,43.5021,-116.1499,85,66.64,28.63,9.74,CoStar/Yardi Matrix,2025-Q4,https://www.yardimatrix.com
83707,Boise,43.5185,-116.0558,82,59.15,32.79,7.45,CoStar/Yardi Matrix,2025-Q4,https://www.yardimatrix.com
83708,Boise,43.7088,-116.1862,83,73.62,32.84,10.4,CoStar/Yardi Matrix,2025-Q4,https://www.yardimatrix.com
83709,Boise,43.718,-116.3356,85,56.27,30.26,7.54,CoStar/Yardi Matrix,2025-Q4,https://www.yardimatrix.com
83710,Boise,43.5694,-116.3151,79,59.84,27.57,10.62,CoStar/Yardi Matrix,2025-Q4,https://www.yardimatrix.com
83711,Boise,43.514,-116.3647,75,62.69,24.07,7.43,CoStar/Yardi Matrix,2025-Q4,https://www.yardimatrix.com
83712,Boise,43.5914,-116.2544,96,52.24,32.61,7.9,CoStar/Yardi Matrix,2025-Q4,https://www.yardimatrix.com
83713,Boise,43.677,-116.2647,97,72.03,25.63,9.07,CoStar/Yardi Matrix,2025-Q4,https://www.yardimatrix.com
83714,Boise,43.5255,-116.2124,89,71.2,28.43,9.24,CoStar/Yardi Matrix,2025-Q4,https://www.yardimatrix.com
83715,Boise,43.6774,-116.1641,91,57.67,23.52,8.93,CoStar/Yardi Matrix,2025-Q4,https://www.yardimatrix.com
83716,Boise,43.5902,-116.2899,84,73.11,27.77,9.04,CoStar/Yardi Matrix,2025-Q4,https://www.yardimatrix.com
83717,Boise,43.7008,-116.3328,73,62.81,28.28,9.5,CoStar/Yardi Matrix,2025-Q4,https://www.yardimatrix.com
83718,Boise,43.5903,-116.2651,73,63.17,25.09,9.57,CoStar/Yardi Matrix,2025-Q4,https://www.yardimatrix.com
83719,Boise,43.4972,-116.3332,103,63.9,31.79,8.25,CoStar/Yardi Matrix,2025-Q4,https://www.yardimatrix.com
83720,Boise,43.699,-116.2283,90,52.87,33.01,9.24,CoStar/Yardi Matrix,2025-Q4,https://www.yardimatrix.com
84101,Salt Lake City,40.8773,-111.9314,192,52.01,32.78,9.86,CoStar/Yardi Matrix,2025-Q4,https://www.yardimatrix.com
84102,Salt Lake City,40.6363,-112.0239,156,54.44,32.09,7.96,CoStar/Yardi Matrix,2025-Q4,https://www.yardimatrix.com
84103,Salt Lake City,40.7514,-111.8461,197,66.83,24.74,7.71,CoStar/Yardi Matrix,2025-Q4,https://www.yardimatrix.com
84104,Salt Lake City,40.823,-111.9307,179,70.69,23.88,9.54,CoStar/Yardi Matrix,2025-Q4,https://www.yardimatrix.com
84105,Salt Lake City,40.6169,-111.754,198,70.26,30.16,8.91,CoStar/Yardi Matrix,2025-Q4,https://www.yardimatrix.com
84106,Salt Lake City,40.825,-111.9304,156,52.62,33.49,10.5,CoStar/Yardi Matrix,2025-Q4,https://www.yardimatrix.com
84107,Salt Lake City,40.7135,-111.8584,216,58.81,27.81,10.57,CoStar/Yardi Matrix,2025-Q4,https://www.yardimatrix.com
84108,Salt Lake City,40.6178,-112.023,167,56.76,29.03,8.14,CoStar/Yardi Matrix,2025-Q4,https://www.yardimatrix.com
84109,Salt Lake City,40.6842,-111.832,159,57.24,29.72,8.5,CoStar/Yardi Matrix,2025-Q4,https://www.yardimatrix.com
84110,Salt Lake City,40.6812,-111.8502,191,51.57,29.8,8.94,CoStar/Yardi Matrix,2025-Q4,https://www.yardimatrix.com
84111,Salt Lake City,40.7174,-111.7903,154,72.43,24.17,7.62,CoStar/Yardi Matrix,2025-Q4,https://www.yardimatrix.com
84112,Salt Lake City,40.8392,-111.8342,180,61.46,32.06,9.31,CoStar/Yardi Matrix,2025-Q4,https://www.yardimatrix.com
84113,Salt Lake City,40.8892,-111.8919,181,56.15,29.16,9.78,CoStar/Yardi Matrix,2025-Q4,https://www.yardimatrix.com
84114,Salt Lake City,40.8178,-111.7551,204,73.36,26.94,8.48,CoStar/Yardi Matrix,2025-Q4,https://www.yardimatrix.com
84115,Salt Lake City,40.8422,-111.9471,160,65.82,25.81,10.28,CoStar/Yardi Matrix,2025-Q4,https://www.yardimatrix.com
84116,Salt Lake City,40.8637,-111.9126,166,58.96,32.75,10.07,CoStar/Yardi Matrix,2025-Q4,https://www.yardimatrix.com
84117,Salt Lake City,40.7678,-111.8173,181,64.16,23.66,7.85,CoStar/Yardi Matrix,2025-Q4,https://www.yardimatrix.com
84118,Salt Lake City,40.7497,-111.8455,173,57.14,26.31,8.85,CoStar/Yardi Matrix,2025-Q4,https://www.yardimatrix.com
84119,Salt Lake City,40.8466,-111.8149,184,56.06,26.92,7.81,CoStar/Yardi Matrix,2025-Q4,https://www.yardimatrix.com
84120,Salt Lake City,40.8174,-111.8833,184,58.86,28.68,8.15,CoStar/Yardi Matrix,2025-Q4,https://www.yardimatrix.com
84121,Salt Lake City,40.7933,-111.7582,174,70.54,26.91,8.95,CoStar/Yardi Matrix,2025-Q4,https://www.yardimatrix.com
84122,Salt Lake City,40.6815,-111.9512,170,56.52,25.22,8.06,CoStar/Yardi Matrix,2025-Q4,https://www.yardimatrix.com
84123,Salt Lake City,40.7958,-111.9414,154,68.35,29.19,7.43,CoStar/Yardi Matrix,2025-Q4,https://www.yardimatrix.com
84124,Salt Lake City,40.7031,-111.7985,213,61.01,25.23,9.65,CoStar/Yardi Matrix,2025-Q4,https://www.yardimatrix.com
84125,Salt Lake City,40.8587,-111.7259,158,61.45,31.84,8.69,CoStar/Yardi Matrix,2025-Q4,https://www.yardimatrix.com
84126,Salt Lake City,40.6944,-112.0675,214,60.84,25.08,10.43,CoStar/Yardi Matrix,2025-Q4,https://www.yardimatrix.com
84127,Salt Lake City,40.7442,-112.0667,190,67.7,30.31,7.85,CoStar/Yardi Matrix,2025-Q4,https://www.yardimatrix.com
84128,Salt Lake City,40.8542,-111.9549,173,61.5,29.36,10.4,CoStar/Yardi Matrix,2025-Q4,https://www.yardimatrix.com
84129,Salt Lake City,40.7484,-111.8172,189,68.37,29.05,10.0,CoStar/Yardi Matrix,2025-Q4,https://www.yardimatrix.com
84130,Salt Lake City,40.7792,-111.7822,190,66.11,30.21,10.57,CoStar/Yardi Matrix,2025-Q4,https://www.yardimatrix.com
89501,Reno,39.4008,-119.9316,95,60.42,32.82,10.03,CoStar/Yardi Matrix,2025-Q4,https://www.yardimatrix.com
89502,Reno,39.3829,-119.8015,114,73.52,24.03,7.58,CoStar/Yardi Matrix,2025-Q4,https://www.yardimatrix.com
89503,Reno,39.6474,-119.9435,129,67.57,23.98,10.55,CoStar/Yardi Matrix,2025-Q4,https://www.yardimatrix.com
89504,Reno,39.5015,-119.7962,103,72.26,27.17,9.68,CoStar/Yardi Matrix,2025-Q4,https://www.yardimatrix.com
89505,Reno,39.6072,-119.9909,115,70.75,31.76,10.07,CoStar/Yardi Matrix,2025-Q4,https://www.yardimatrix.com
89506,Reno,39.539,-119.9151,98,72.31,27.85,9.76,CoStar/Yardi Matrix,2025-Q4,https://www.yardimatrix.com
89507,Reno,39.613,-119.7196,131,57.56,31.05,10.41,CoStar/Yardi Matrix,2025-Q4,https://www.yardimatrix.com
89508,Reno,39.4903,-119.9834,128,69.59,24.69,8.71,CoStar/Yardi Matrix,2025-Q4,https://www.yardimatrix.com
89509,Reno,39.4744,-119.7708,93,71.22,32.29,10.54,CoStar/Yardi Matrix,2025-Q4,https://www.yardimatrix.com
89510,Reno,39.4756,-119.6483,101,53.82,26.46,7.96,CoStar/Yardi Matrix,2025-Q4,https://www.yardimatrix.com
89511,Reno,39.6468,-119.9826,92,56.57,32.95,7.73,CoStar/Yardi Matrix,2025-Q4,https://www.yardimatrix.com
89512,Reno,39.6637,-119.9181,116,56.27,29.26,8.02,CoStar/Yardi Matrix,2025-Q4,https://www.yardimatrix.com
89513,Reno,39.6736,-119.6495,120,71.89,33.03,10.44,CoStar/Yardi Matrix,2025-Q4,https://www.yardimatrix.com
89514,Reno,39.589,-119.9675,100,54.45,30.77,8.27,CoStar/Yardi Matrix,2025-Q4,https://www.yardimatrix.com
89515,Reno,39.6568,-119.839,92,69.47,33.34,8.7,CoStar/Yardi Matrix,2025-Q4,https://www.yardimatrix.com
32301,Tallahassee,30.5905,-84.2476,75,56.38,30.54,9.32,CoStar/Yardi Matrix,2025-Q4,https://www.yardimatrix.com
32302,Tallahassee,30.5402,-84.2703,69,52.85,26.18,9.92,CoStar/Yardi Matrix,2025-Q4,https://www.yardimatrix.com
32303,Tallahassee,30.3944,-84.1612,63,59.1,31.83,9.23,CoStar/Yardi Matrix,2025-Q4,https://www.yardimatrix.com
32304,Tallahassee,30.3974,-84.269,78,61.24,29.15,8.51,CoStar/Yardi Matrix,2025-Q4,https://www.yardimatrix.com
32305,Tallahassee,30.3641,-84.1975,65,62.22,29.0,9.24,CoStar/Yardi Matrix,2025-Q4,https://www.yardimatrix.com
32306,Tallahassee,30.3177,-84.4342,57,60.61,25.54,7.43,CoStar/Yardi Matrix,2025-Q4,https://www.yardimatrix.com
32307,Tallahassee,30.3535,-84.1511,72,58.65,25.73,9.36,CoStar/Yardi Matrix,2025-Q4,https://www.yardimatrix.com
32308,Tallahassee,30.3849,-84.2306,64,65.74,33.58,8.1,CoStar/Yardi Matrix,2025-Q4,https://www.yardimatrix.com
32309,Tallahassee,30.4286,-84.2102,72,69.96,23.53,8.58,CoStar/Yardi Matrix,2025-Q4,https://www.yardimatrix.com
32310,Tallahassee,30.5122,-84.4036,74,70.98,27.4,7.98,CoStar/Yardi Matrix,2025-Q4,https://www.yardimatrix.com
32311,Tallahassee,30.3031,-84.3612,69,62.15,27.45,8.61,CoStar/Yardi Matrix,2025-Q4,https://www.yardimatrix.com
32312,Tallahassee,30.3315,-84.1262,71,72.98,25.8,9.27,CoStar/Yardi Matrix,2025-Q4,https://www.yardimatrix.com
32313,Tallahassee,30.4697,-84.3331,63,58.56,33.29,8.4,CoStar/Yardi Matrix,2025-Q4,https://www.yardimatrix.com
32314,Tallahassee,30.5859,-84.2822,78,67.96,23.76,9.96,CoStar/Yardi Matrix,2025-Q4,https://www.yardimatrix.com
32315,Tallahassee,30.4252,-84.1236,76,66.41,25.23,7.73,CoStar/Yardi Matrix,2025-Q4,https://www.yardimatrix.com
32601,Gainesville,29.5759,-82.3427,66,63.96,27.03,10.42,CoStar/Yardi Matrix,2025-Q4,https://www.yardimatrix.com
32602,Gainesville,29.7319,-82.1685,70,52.62,27.95,9.64,CoStar/Yardi Matrix,2025-Q4,https://www.yardimatrix.com
32603,Gainesville,29.5254,-82.2665,70,53.59,29.87,7.95,CoStar/Yardi Matrix,2025-Q4,https://www.yardimatrix.com
32604,Gainesville,29.5349,-82.1629,62,73.04,27.54,7.85,CoStar/Yardi Matrix,2025-Q4,https://www.yardimatrix.com
32605,Gainesville,29.7162,-82.2602,57,55.36,27.0,8.6,CoStar/Yardi Matrix,2025-Q4,https://www.yardimatrix.com
32606,Gainesville,29.5085,-82.4095,64,66.93,25.67,8.73,CoStar/Yardi Matrix,2025-Q4,https://www.yardimatrix.com
32607,Gainesville,29.7182,-82.455,67,62.03,29.99,7.94,CoStar/Yardi Matrix,2025-Q4,https://www.yardimatrix.com
32608,Gainesville,29.5656,-82.3986,67,54.97,23.95,8.04,CoStar/Yardi Matrix,2025-Q4,https://www.yardimatrix.com
32609,Gainesville,29.6681,-82.1764,67,60.82,31.73,9.34,CoStar/Yardi Matrix,2025-Q4,https://www.yardimatrix.com
32610,Gainesville,29.7204,-82.4582,64,53.11,23.6,8.57,CoStar/Yardi Matrix,2025-Q4,https://www.yardimatrix.com
32611,Gainesville,29.7424,-82.4406,71,73.15,32.69,10.16,CoStar/Yardi Matrix,2025-Q4,https://www.yardimatrix.com
32612,Gainesville,29.6499,-82.2905,78,69.09,25.83,8.81,CoStar/Yardi Matrix,2025-Q4,https://www.yardimatrix.com
32613,Gainesville,29.7811,-82.2597,74,66.93,24.47,7.54,CoStar/Yardi Matrix,2025-Q4,https://www.yardimatrix.com
32614,Gainesville,29.5171,-82.286,65,53.18,25.26,8.3,CoStar/Yardi Matrix,2025-Q4,https://www.yardimatrix.com
32615,Gainesville,29.5239,-82.2676,78,58.86,28.85,10.29,CoStar/Yardi Matrix,2025-Q4,https://www.yardimatrix.com
34201,Bradenton,27.5224,-82.5544,61,59.33,32.44,7.94,CoStar/Yardi Matrix,2025-Q4,https://www.yardimatrix.com
34202,Bradenton,27.5379,-82.6255,64,58.47,24.24,8.29,CoStar/Yardi Matrix,2025-Q4,https://www.yardimatrix.com
34203,Bradenton,27.3712,-82.6118,65,61.11,30.89,10.62,CoStar/Yardi Matrix,2025-Q4,https://www.yardimatrix.com
34204,Bradenton,27.6075,-82.486,71,67.31,27.44,9.79,CoStar/Yardi Matrix,2025-Q4,https://www.yardimatrix.com
34205,Bradenton,27.6163,-82.5212,55,71.79,31.78,9.56,CoStar/Yardi Matrix,2025-Q4,https://www.yardimatrix.com
34206,Bradenton,27.5039,-82.5677,66,64.87,30.6,8.18,CoStar/Yardi Matrix,2025-Q4,https://www.yardimatrix.com
34207,Bradenton,27.4793,-82.4632,70,54.58,26.24,9.6,CoStar/Yardi Matrix,2025-Q4,https://www.yardimatrix.com
34208,Bradenton,27.4071,-82.6673,69,73.39,26.24,9.2,CoStar/Yardi Matrix,2025-Q4,https://www.yardimatrix.com
34209,Bradenton,27.5284,-82.4593,68,54.88,24.77,10.03,CoStar/Yardi Matrix,2025-Q4,https://www.yardimatrix.com
34210,Bradenton,27.5195,-82.7443,65,65.44,27.16,8.58,CoStar/Yardi Matrix,2025-Q4,https://www.yardimatrix.com
34211,Bradenton,27.5849,-82.4356,62,62.86,23.67,8.56,CoStar/Yardi Matrix,2025-Q4,https://www.yardimatrix.com
34212,Bradenton,27.5312,-82.7127,54,54.83,32.86,9.62,CoStar/Yardi Matrix,2025-Q4,https://www.yardimatrix.com
34213,Bradenton,27.4925,-82.5154,66,65.93,30.95,9.44,CoStar/Yardi Matrix,2025-Q4,https://www.yardimatrix.com
34214,Bradenton,27.5645,-82.7151,61,67.19,28.49,9.29,CoStar/Yardi Matrix,2025-Q4,https://www.yardimatrix.com
34215,Bradenton,27.4423,-82.4399,67,69.66,27.74,9.38,CoStar/Yardi Matrix,2025-Q4,https://www.yardimatrix.com
34101,Naples,26.0832,-81.9686,72,61.38,33.33,9.35,CoStar/Yardi Matrix,2025-Q4,https://www.yardimatrix.com
34102,Naples,26.1254,-81.9501,87,53.42,28.78,7.88,CoStar/Yardi Matrix,2025-Q4,https://www.yardimatrix.com
34103,Naples,26.272,-81.9541,73,52.81,24.19,8.71,CoStar/Yardi Matrix,2025-Q4,https://www.yardimatrix.com
34104,Naples,26.2264,-81.898,86,72.96,31.25,8.3,CoStar/Yardi Matrix,2025-Q4,https://www.yardimatrix.com
34105,Naples,26.1227,-81.8102,66,60.58,23.91,7.74,CoStar/Yardi Matrix,2025-Q4,https://www.yardimatrix.com
34106,Naples,26.0522,-81.8199,69,56.94,29.2,9.08,CoStar/Yardi Matrix,2025-Q4,https://www.yardimatrix.com
34107,Naples,26.2024,-81.6868,72,66.96,28.1,10.43,CoStar/Yardi Matrix,2025-Q4,https://www.yardimatrix.com
34108,Naples,26.1194,-81.6176,75,59.07,30.15,7.48,CoStar/Yardi Matrix,2025-Q4,https://www.yardimatrix.com
34109,Naples,26.2919,-81.7136,83,69.35,29.24,9.08,CoStar/Yardi Matrix,2025-Q4,https://www.yardimatrix.com
34110,Naples,26.2087,-81.9122,88,69.98,27.8,10.25,CoStar/Yardi Matrix,2025-Q4,https://www.yardimatrix.com
34111,Naples,26.1317,-81.655,83,51.7,31.84,9.93,CoStar/Yardi Matrix,2025-Q4,https://www.yardimatrix.com
34112,Naples,26.2823,-81.7252,93,67.38,27.07,9.32,CoStar/Yardi Matrix,2025-Q4,https://www.yardimatrix.com
34113,Naples,26.2828,-81.9213,83,73.45,24.21,10.31,CoStar/Yardi Matrix,2025-Q4,https://www.yardimatrix.com
34114,Naples,26.1011,-81.9585,89,71.41,30.52,8.85,CoStar/Yardi Matrix,2025-Q4,https://www.yardimatrix.com
34115,Naples,26.1366,-81.9444,82,53.9,23.73,8.51,CoStar/Yardi Matrix,2025-Q4,https://www.yardimatrix.com
33901,Fort Myers,26.5658,-81.8248,125,60.23,31.66,9.24,CoStar/Yardi Matrix,2025-Q4,https://www.yardimatrix.com
33902,Fort Myers,26.7253,-81.6952,96,64.52,26.81,10.17,CoStar/Yardi Matrix,2025-Q4,https://www.yardimatrix.com
33903,Fort Myers,26.5693,-81.8814,106,72.16,32.08,8.87,CoStar/Yardi Matrix,2025-Q4,https://www.yardimatrix.com
33904,Fort Myers,26.7609,-81.8204,95,56.56,24.44,9.05,CoStar/Yardi Matrix,2025-Q4,https://www.yardimatrix.com
33905,Fort Myers,26.6128,-81.9642,107,72.91,23.94,10.03,CoStar/Yardi Matrix,2025-Q4,https://www.yardimatrix.com
33906,Fort Myers,26.6223,-81.7403,129,62.0,26.82,7.92,CoStar/Yardi Matrix,2025-Q4,https://www.yardimatrix.com
33907,Fort Myers,26.7652,-82.0271,123,70.68,27.05,8.32,CoStar/Yardi Matrix,2025-Q4,https://www.yardimatrix.com
33908,Fort Myers,26.6913,-82.009,128,61.2,29.45,10.42,CoStar/Yardi Matrix,2025-Q4,https://www.yardimatrix.com
33909,Fort Myers,26.5124,-81.8548,92,62.54,26.08,10.01,CoStar/Yardi Matrix,2025-Q4,https://www.yardimatrix.com
33910,Fort Myers,26.6152,-81.8194,114,66.02,25.75,9.0,CoStar/Yardi Matrix,2025-Q4,https://www.yardimatrix.com
33911,Fort Myers,26.6955,-82.0171,123,58.87,25.38,7.58,CoStar/Yardi Matrix,2025-Q4,https://www.yardimatrix.com
33912,Fort Myers,26.7652,-81.9255,131,62.39,28.65,9.34,CoStar/Yardi Matrix,2025-Q4,https://www.yardimatrix.com
33913,Fort Myers,26.6781,-81.9457,92,68.38,31.92,9.98,CoStar/Yardi Matrix,2025-Q4,https://www.yardimatrix.com
33914,Fort Myers,26.7557,-81.9375,106,68.81,24.49,7.4,CoStar/Yardi Matrix,2025-Q4,https://www.yardimatrix.com
33915,Fort Myers,26.7142,-81.8661,117,53.35,30.44,7.7,CoStar/Yardi Matrix,2025-Q4,https://www.yardimatrix.com
29401,Charleston,32.8378,-79.9581,154,63.05,24.78,10.38,CoStar/Yardi Matrix,2025-Q4,https://www.yardimatrix.com
29402,Charleston,32.7984,-80.0783,169,64.55,26.11,9.12,CoStar/Yardi Matrix,2025-Q4,https://www.yardimatrix.com
29403,Charleston,32.7493,-80.0996,137,51.56,32.4,7.73,CoStar/Yardi Matrix,2025-Q4,https://www.yardimatrix.com
29404,Charleston,32.8686,-79.902,140,66.11,27.54,8.81,CoStar/Yardi Matrix,2025-Q4,https://www.yardimatrix.com
29405,Charleston,32.6568,-79.8185,168,53.2,24.14,9.11,CoStar/Yardi Matrix,2025-Q4,https://www.yardimatrix.com
29406,Charleston,32.7558,-79.8329,170,54.96,29.94,7.95,CoStar/Yardi Matrix,2025-Q4,https://www.yardimatrix.com
29407,Charleston,32.6832,-79.7675,159,70.03,32.17,9.74,CoStar/Yardi Matrix,2025-Q4,https://www.yardimatrix.com
29408,Charleston,32.9212,-79.9332,162,69.12,31.28,9.97,CoStar/Yardi Matrix,2025-Q4,https://www.yardimatrix.com
29409,Charleston,32.7374,-80.0304,152,55.85,32.83,9.55,CoStar/Yardi Matrix,2025-Q4,https://www.yardimatrix.com
29410,Charleston,32.6646,-79.8561,165,55.2,24.45,8.91,CoStar/Yardi Matrix,2025-Q4,https://www.yardimatrix.com
29411,Charleston,32.6555,-79.961,163,69.66,24.66,9.77,CoStar/Yardi Matrix,2025-Q4,https://www.yardimatrix.com
29412,Charleston,32.784,-80.086,174,57.13,23.43,8.34,CoStar/Yardi Matrix,2025-Q4,https://www.yardimatrix.com
29413,Charleston,32.8466,-80.0877,150,62.3,23.84,7.94,CoStar/Yardi Matrix,2025-Q4,https://www.yardimatrix.com
29414,Charleston,32.6435,-80.0742,189,58.18,32.43,7.95,CoStar/Yardi Matrix,2025-Q4,https://www.yardimatrix.com
29415,Charleston,32.8374,-80.0955,189,53.86,26.43,9.09,CoStar/Yardi Matrix,2025-Q4,https://www.yardimatrix.com
29416,Charleston,32.7279,-79.7631,159,71.47,33.54,8.96,CoStar/Yardi Matrix,2025-Q4,https://www.yardimatrix.com
29417,Charleston,32.7218,-79.8965,150,54.16,30.78,9.31,CoStar/Yardi Matrix,2025-Q4,https://www.yardimatrix.com
29418,Charleston,32.7093,-79.8765,140,72.02,23.69,9.07,CoStar/Yardi Matrix,2025-Q4,https://www.yardimatrix.com
29419,Charleston,32.763,-80.0967,164,66.43,25.14,8.9,CoStar/Yardi Matrix,2025-Q4,https://www.yardimatrix.com
29420,Charleston,32.8974,-80.0862,191,71.51,30.37,9.21,CoStar/Yardi Matrix,2025-Q4,https://www.yardimatrix.com
29601,Greenville,34.7105,-82.5104,106,51.29,33.22,8.06,CoStar/Yardi Matrix,2025-Q4,https://www.yardimatrix.com
29602,Greenville,34.9545,-82.3343,111,70.69,23.79,8.45,CoStar/Yardi Matrix,2025-Q4,https://www.yardimatrix.com
29603,Greenville,34.9081,-82.4877,109,51.31,24.59,7.97,CoStar/Yardi Matrix,2025-Q4,https://www.yardimatrix.com
29604,Greenville,34.7513,-82.3972,108,64.07,28.42,8.69,CoStar/Yardi Matrix,2025-Q4,https://www.yardimatrix.com
29605,Greenville,34.8501,-82.2702,118,60.4,30.17,7.73,CoStar/Yardi Matrix,2025-Q4,https://www.yardimatrix.com
29606,Greenville,34.715,-82.555,122,58.23,24.4,10.49,CoStar/Yardi Matrix,2025-Q4,https://www.yardimatrix.com
29607,Greenville,34.9625,-82.2166,129,55.31,33.39,9.14,CoStar/Yardi Matrix,2025-Q4,https://www.yardimatrix.com
29608,Greenville,34.9785,-82.2244,104,57.08,30.33,7.61,CoStar/Yardi Matrix,2025-Q4,https://www.yardimatrix.com
29609,Greenville,34.7826,-82.5169,100,54.18,32.49,9.01,CoStar/Yardi Matrix,2025-Q4,https://www.yardimatrix.com
29610,Greenville,34.9734,-82.2151,131,53.36,25.95,9.53,CoStar/Yardi Matrix,2025-Q4,https://www.yardimatrix.com
29611,Greenville,34.8064,-82.2351,100,69.13,25.35,7.85,CoStar/Yardi Matrix,2025-Q4,https://www.yardimatrix.com
29612,Greenville,34.946,-82.2401,108,69.39,30.19,8.06,CoStar/Yardi Matrix,2025-Q4,https://www.yardimatrix.com
29613,Greenville,34.7493,-82.3711,99,71.0,28.65,7.79,CoStar/Yardi Matrix,2025-Q4,https://www.yardimatrix.com
29614,Greenville,34.7388,-82.5453,129,65.42,32.96,9.38,CoStar/Yardi Matrix,2025-Q4,https://www.yardimatrix.com
29615,Greenville,34.8471,-82.2164,111,53.3,32.95,7.66,CoStar/Yardi Matrix,2025-Q4,https://www.yardimatrix.com
29616,Greenville,34.9207,-82.5295,129,69.91,33.51,8.81,CoStar/Yardi Matrix,2025-Q4,https://www.yardimatrix.com
29617,Greenville,34.8917,-82.5078,107,67.13,25.1,9.02,CoStar/Yardi Matrix,2025-Q4,https://www.yardimatrix.com
29618,Greenville,34.8045,-82.453,126,55.88,27.27,9.55,CoStar/Yardi Matrix,2025-Q4,https://www.yardimatrix.com
29619,Greenville,34.7132,-82.5286,114,57.81,28.01,7.72,CoStar/Yardi Matrix,2025-Q4,https://www.yardimatrix.com
29620,Greenville,34.7837,-82.4538,129,52.54,24.09,8.51,CoStar/Yardi Matrix,2025-Q4,https://www.yardimatrix.com
29201,Columbia SC,33.9151,-81.0628,96,69.05,33.37,10.01,CoStar/Yardi Matrix,2025-Q4,https://www.yardimatrix.com
29202,Columbia SC,34.0366,-81.0949,118,51.41,27.87,8.76,CoStar/Yardi Matrix,2025-Q4,https://www.yardimatrix.com
29203,Columbia SC,34.1143,-81.2031,104,69.75,30.65,9.18,CoStar/Yardi Matrix,2025-Q4,https://www.yardimatrix.com
29204,Columbia SC,33.944,-81.045,112,62.92,29.75,8.13,CoStar/Yardi Matrix,2025-Q4,https://www.yardimatrix.com
29205,Columbia SC,33.9654,-81.0432,111,53.18,30.07,7.86,CoStar/Yardi Matrix,2025-Q4,https://www.yardimatrix.com
29206,Columbia SC,34.0438,-80.9795,116,61.16,30.97,7.89,CoStar/Yardi Matrix,2025-Q4,https://www.yardimatrix.com
29207,Columbia SC,33.9863,-81.0268,117,60.91,33.08,10.0,CoStar/Yardi Matrix,2025-Q4,https://www.yardimatrix.com
29208,Columbia SC,33.8914,-81.1355,112,53.15,26.84,10.0,CoStar/Yardi Matrix,2025-Q4,https://www.yardimatrix.com
29209,Columbia SC,34.0882,-81.0932,102,65.07,27.57,7.98,CoStar/Yardi Matrix,2025-Q4,https://www.yardimatrix.com
29210,Columbia SC,33.9085,-80.8851,110,63.89,27.88,8.89,CoStar/Yardi Matrix,2025-Q4,https://www.yardimatrix.com
29211,Columbia SC,33.8665,-80.9504,117,52.72,31.05,8.16,CoStar/Yardi Matrix,2025-Q4,https://www.yardimatrix.com
29212,Columbia SC,33.9038,-81.0049,88,56.44,28.71,8.15,CoStar/Yardi Matrix,2025-Q4,https://www.yardimatrix.com
29213,Columbia SC,34.1246,-81.0741,100,70.54,26.11,9.77,CoStar/Yardi Matrix,2025-Q4,https://www.yardimatrix.com
29214,Columbia SC,34.0972,-81.1769,84,66.9,23.37,10.24,CoStar/Yardi Matrix,2025-Q4,https://www.yardimatrix.com
29215,Columbia SC,34.0429,-81.0454,95,56.35,23.64,8.35,CoStar/Yardi Matrix,2025-Q4,https://www.yardimatrix.com
29216,Columbia SC,34.0369,-81.0253,110,69.44,27.35,8.57,CoStar/Yardi Matrix,2025-Q4,https://www.yardimatrix.com
29217,Columbia SC,34.0824,-80.8984,109,53.63,28.8,8.04,CoStar/Yardi Matrix,2025-Q4,https://www.yardimatrix.com
29218,Columbia SC,33.9306,-80.9884,89,60.26,30.5,9.24,CoStar/Yardi Matrix,2025-Q4,https://www.yardimatrix.com
29219,Columbia SC,34.1067,-81.1547,119,63.19,28.19,7.95,CoStar/Yardi Matrix,2025-Q4,https://www.yardimatrix.com
29220,Columbia SC,33.862,-81.0269,112,68.2,25.7,7.51,CoStar/Yardi Matrix,2025-Q4,https://www.yardimatrix.com
28801,Asheville,35.573,-82.678,61,69.44,28.79,7.66,CoStar/Yardi Matrix,2025-Q4,https://www.yardimatrix.com
28802,Asheville,35.7064,-82.6224,62,54.32,26.35,8.01,CoStar/Yardi Matrix,2025-Q4,https://www.yardimatrix.com
28803,Asheville,35.5252,-82.6693,75,73.49,29.57,8.84,CoStar/Yardi Matrix,2025-Q4,https://www.yardimatrix.com
28804,Asheville,35.6788,-82.4915,75,67.34,26.76,10.19,CoStar/Yardi Matrix,2025-Q4,https://www.yardimatrix.com
28805,Asheville,35.6534,-82.4921,73,59.86,23.66,9.03,CoStar/Yardi Matrix,2025-Q4,https://www.yardimatrix.com
28806,Asheville,35.4896,-82.6949,75,73.08,29.62,7.75,CoStar/Yardi Matrix,2025-Q4,https://www.yardimatrix.com
28807,Asheville,35.7407,-82.5032,66,62.01,25.57,9.26,CoStar/Yardi Matrix,2025-Q4,https://www.yardimatrix.com
28808,Asheville,35.5171,-82.6369,60,53.77,33.05,10.43,CoStar/Yardi Matrix,2025-Q4,https://www.yardimatrix.com
28809,Asheville,35.4711,-82.5963,60,61.56,27.89,7.66,CoStar/Yardi Matrix,2025-Q4,https://www.yardimatrix.com
28810,Asheville,35.5202,-82.5261,59,62.24,30.07,8.73,CoStar/Yardi Matrix,2025-Q4,https://www.yardimatrix.com
28811,Asheville,35.6102,-82.5894,74,52.75,31.28,9.01,CoStar/Yardi Matrix,2025-Q4,https://www.yardimatrix.com
28812,Asheville,35.6689,-82.6992,79,64.01,28.66,7.93,CoStar/Yardi Matrix,2025-Q4,https://www.yardimatrix.com
28813,Asheville,35.504,-82.524,63,66.58,26.36,10.12,CoStar/Yardi Matrix,2025-Q4,https://www.yardimatrix.com
28814,Asheville,35.6386,-82.4758,69,59.17,29.36,8.66,CoStar/Yardi Matrix,2025-Q4,https://www.yardimatrix.com
28815,Asheville,35.6241,-82.497,61,60.23,29.36,8.33,CoStar/Yardi Matrix,2025-Q4,https://www.yardimatrix.com
28401,Wilmington,34.3649,-78.0166,93,66.34,26.28,10.25,CoStar/Yardi Matrix,2025-Q4,https://www.yardimatrix.com
28402,Wilmington,34.1659,-77.8993,87,54.09,26.61,9.44,CoStar/Yardi Matrix,2025-Q4,https://www.yardimatrix.com
28403,Wilmington,34.2612,-77.8858,68,57.75,30.66,9.69,CoStar/Yardi Matrix,2025-Q4,https://www.yardimatrix.com
28404,Wilmington,34.2521,-77.8046,79,51.38,29.28,8.87,CoStar/Yardi Matrix,2025-Q4,https://www.yardimatrix.com
28405,Wilmington,34.0912,-77.9694,84,55.97,28.09,9.59,CoStar/Yardi Matrix,2025-Q4,https://www.yardimatrix.com
28406,Wilmington,34.2061,-77.9729,91,52.09,29.56,8.64,CoStar/Yardi Matrix,2025-Q4,https://www.yardimatrix.com
28407,Wilmington,34.3221,-77.826,92,65.97,29.35,10.51,CoStar/Yardi Matrix,2025-Q4,https://www.yardimatrix.com
28408,Wilmington,34.3666,-77.8505,91,61.9,31.63,7.96,CoStar/Yardi Matrix,2025-Q4,https://www.yardimatrix.com
28409,Wilmington,34.2809,-77.9844,85,52.53,29.43,8.57,CoStar/Yardi Matrix,2025-Q4,https://www.yardimatrix.com
28410,Wilmington,34.205,-77.7853,79,53.02,31.19,8.11,CoStar/Yardi Matrix,2025-Q4,https://www.yardimatrix.com
28411,Wilmington,34.3567,-77.9451,82,69.07,26.76,9.15,CoStar/Yardi Matrix,2025-Q4,https://www.yardimatrix.com
28412,Wilmington,34.3258,-77.8794,77,70.55,26.8,9.14,CoStar/Yardi Matrix,2025-Q4,https://www.yardimatrix.com
28413,Wilmington,34.3283,-77.8124,92,62.3,25.4,9.56,CoStar/Yardi Matrix,2025-Q4,https://www.yardimatrix.com
28414,Wilmington,34.2851,-78.0868,87,72.67,25.88,7.77,CoStar/Yardi Matrix,2025-Q4,https://www.yardimatrix.com
28415,Wilmington,34.2604,-78.0358,75,72.06,31.67,8.67,CoStar/Yardi Matrix,2025-Q4,https://www.yardimatrix.com
27101,Winston-Salem,35.9973,-80.1492,101,58.13,32.45,10.18,CoStar/Yardi Matrix,2025-Q4,https://www.yardimatrix.com
27102,Winston-Salem,36.0029,-80.4242,104,71.25,26.53,8.06,CoStar/Yardi Matrix,2025-Q4,https://www.yardimatrix.com
27103,Winston-Salem,36.223,-80.168,85,69.88,33.61,7.99,CoStar/Yardi Matrix,2025-Q4,https://www.yardimatrix.com
27104,Winston-Salem,35.985,-80.1287,82,55.18,28.15,8.53,CoStar/Yardi Matrix,2025-Q4,https://www.yardimatrix.com
27105,Winston-Salem,36.2445,-80.2856,86,61.6,33.21,8.61,CoStar/Yardi Matrix,2025-Q4,https://www.yardimatrix.com
27106,Winston-Salem,36.2495,-80.2037,79,58.9,28.6,9.85,CoStar/Yardi Matrix,2025-Q4,https://www.yardimatrix.com
27107,Winston-Salem,36.1911,-80.345,73,62.78,23.64,9.46,CoStar/Yardi Matrix,2025-Q4,https://www.yardimatrix.com
27108,Winston-Salem,36.2195,-80.0711,85,62.37,33.19,9.15,CoStar/Yardi Matrix,2025-Q4,https://www.yardimatrix.com
27109,Winston-Salem,36.0873,-80.3974,90,65.08,31.94,10.56,CoStar/Yardi Matrix,2025-Q4,https://www.yardimatrix.com
27110,Winston-Salem,36.2393,-80.3048,75,55.58,27.34,7.68,CoStar/Yardi Matrix,2025-Q4,https://www.yardimatrix.com
27111,Winston-Salem,36.1759,-80.2725,74,70.14,25.58,8.58,CoStar/Yardi Matrix,2025-Q4,https://www.yardimatrix.com
27112,Winston-Salem,36.0104,-80.1828,99,53.15,23.88,10.17,CoStar/Yardi Matrix,2025-Q4,https://www.yardimatrix.com
27113,Winston-Salem,35.9638,-80.3199,101,60.65,32.55,9.72,CoStar/Yardi Matrix,2025-Q4,https://www.yardimatrix.com
27114,Winston-Salem,36.0353,-80.0996,99,57.59,29.75,8.67,CoStar/Yardi Matrix,2025-Q4,https://www.yardimatrix.com
27115,Winston-Salem,36.1689,-80.3089,73,65.51,31.52,9.49,CoStar/Yardi Matrix,2025-Q4,https://www.yardimatrix.com
27401,Greensboro,35.9595,-79.8407,108,67.41,33.17,8.21,CoStar/Yardi Matrix,2025-Q4,https://www.yardimatrix.com
27402,Greensboro,36.0916,-79.887,109,60.03,25.36,9.42,CoStar/Yardi Matrix,2025-Q4,https://www.yardimatrix.com
27403,Greensboro,36.0934,-79.8383,92,65.54,29.76,8.56,CoStar/Yardi Matrix,2025-Q4,https://www.yardimatrix.com
27404,Greensboro,36.1839,-79.8369,113,72.86,24.43,7.98,CoStar/Yardi Matrix,2025-Q4,https://www.yardimatrix.com
27405,Greensboro,36.1583,-79.7881,112,54.51,26.85,8.92,CoStar/Yardi Matrix,2025-Q4,https://www.yardimatrix.com
27406,Greensboro,36.1104,-79.9492,91,51.72,29.59,8.8,CoStar/Yardi Matrix,2025-Q4,https://www.yardimatrix.com
27407,Greensboro,36.1398,-79.8158,108,70.83,27.65,8.3,CoStar/Yardi Matrix,2025-Q4,https://www.yardimatrix.com
27408,Greensboro,36.1592,-79.6758,101,66.48,26.5,8.21,CoStar/Yardi Matrix,2025-Q4,https://www.yardimatrix.com
27409,Greensboro,36.0295,-79.7582,97,58.77,33.39,10.22,CoStar/Yardi Matrix,2025-Q4,https://www.yardimatrix.com
27410,Greensboro,35.9436,-79.9177,96,60.03,24.31,8.53,CoStar/Yardi Matrix,2025-Q4,https://www.yardimatrix.com
27411,Greensboro,35.9339,-79.9034,88,52.01,28.47,7.81,CoStar/Yardi Matrix,2025-Q4,https://www.yardimatrix.com
27412,Greensboro,36.0767,-79.9471,118,57.77,28.6,9.23,CoStar/Yardi Matrix,2025-Q4,https://www.yardimatrix.com
27413,Greensboro,35.9547,-79.684,91,73.56,31.45,9.31,CoStar/Yardi Matrix,2025-Q4,https://www.yardimatrix.com
27414,Greensboro,36.1511,-79.8327,115,69.46,27.7,7.82,CoStar/Yardi Matrix,2025-Q4,https://www.yardimatrix.com
27415,Greensboro,35.9316,-79.8185,105,72.9,27.1,9.56,CoStar/Yardi Matrix,2025-Q4,https://www.yardimatrix.com
43001,Grand Rapids,42.8743,-85.7216,103,69.67,26.48,9.05,CoStar/Yardi Matrix,2025-Q4,https://www.yardimatrix.com
43002,Grand Rapids,42.8528,-85.5014,125,68.39,26.84,7.53,CoStar/Yardi Matrix,2025-Q4,https://www.yardimatrix.com
43003,Grand Rapids,42.8491,-85.781,92,65.89,32.21,7.7,CoStar/Yardi Matrix,2025-Q4,https://www.yardimatrix.com
43004,Grand Rapids,43.0914,-85.5842,99,73.07,29.11,9.01,CoStar/Yardi Matrix,2025-Q4,https://www.yardimatrix.com
43005,Grand Rapids,42.9423,-85.7296,93,71.44,26.03,9.06,CoStar/Yardi Matrix,2025-Q4,https://www.yardimatrix.com
43006,Grand Rapids,42.9598,-85.5206,123,71.9,27.34,8.48,CoStar/Yardi Matrix,2025-Q4,https://www.yardimatrix.com
43007,Grand Rapids,43.0938,-85.8338,97,60.47,32.64,8.94,CoStar/Yardi Matrix,2025-Q4,https://www.yardimatrix.com
43008,Grand Rapids,42.9741,-85.5531,98,66.89,25.55,9.26,CoStar/Yardi Matrix,2025-Q4,https://www.yardimatrix.com
43009,Grand Rapids,43.0076,-85.5104,127,52.2,24.02,9.46,CoStar/Yardi Matrix,2025-Q4,https://www.yardimatrix.com
43010,Grand Rapids,43.079,-85.6645,127,70.63,33.17,10.22,CoStar/Yardi Matrix,2025-Q4,https://www.yardimatrix.com
43011,Grand Rapids,42.848,-85.6731,116,51.55,26.93,9.93,CoStar/Yardi Matrix,2025-Q4,https://www.yardimatrix.com
43012,Grand Rapids,42.9436,-85.8077,129,53.74,25.95,9.44,CoStar/Yardi Matrix,2025-Q4,https://www.yardimatrix.com
43013,Grand Rapids,42.9982,-85.7607,110,72.0,23.7,8.72,CoStar/Yardi Matrix,2025-Q4,https://www.yardimatrix.com
43014,Grand Rapids,42.9773,-85.6825,94,69.29,29.07,10.3,CoStar/Yardi Matrix,2025-Q4,https://www.yardimatrix.com
43015,Grand Rapids,43.0342,-85.5218,106,60.59,32.44,8.93,CoStar/Yardi Matrix,2025-Q4,https://www.yardimatrix.com
48201,Detroit,42.1973,-83.2206,126,70.91,29.21,8.85,CoStar/Yardi Matrix,2025-Q4,https://www.yardimatrix.com
48202,Detroit,42.4177,-83.0689,145,65.47,24.04,9.43,CoStar/Yardi Matrix,2025-Q4,https://www.yardimatrix.com
48203,Detroit,42.2453,-82.9203,119,67.83,25.59,8.19,CoStar/Yardi Matrix,2025-Q4,https://www.yardimatrix.com
48204,Detroit,42.3573,-83.0502,151,62.78,32.97,10.33,CoStar/Yardi Matrix,2025-Q4,https://www.yardimatrix.com
48205,Detroit,42.3991,-83.0134,128,72.82,31.32,10.6,CoStar/Yardi Matrix,2025-Q4,https://www.yardimatrix.com
48206,Detroit,42.3306,-83.0813,150,61.85,25.09,9.36,CoStar/Yardi Matrix,2025-Q4,https://www.yardimatrix.com
48207,Detroit,42.4278,-82.9771,134,52.65,31.97,8.81,CoStar/Yardi Matrix,2025-Q4,https://www.yardimatrix.com
48208,Detroit,42.302,-83.0174,166,60.66,26.32,7.57,CoStar/Yardi Matrix,2025-Q4,https://www.yardimatrix.com
48209,Detroit,42.4095,-83.1609,125,61.18,24.6,7.71,CoStar/Yardi Matrix,2025-Q4,https://www.yardimatrix.com
48210,Detroit,42.3559,-83.1481,145,65.75,26.04,10.25,CoStar/Yardi Matrix,2025-Q4,https://www.yardimatrix.com
48211,Detroit,42.3471,-82.9015,152,65.01,30.19,8.16,CoStar/Yardi Matrix,2025-Q4,https://www.yardimatrix.com
48212,Detroit,42.4259,-82.9867,140,53.88,32.56,8.42,CoStar/Yardi Matrix,2025-Q4,https://www.yardimatrix.com
48213,Detroit,42.2223,-82.9804,119,68.58,25.01,8.21,CoStar/Yardi Matrix,2025-Q4,https://www.yardimatrix.com
48214,Detroit,42.3393,-83.1273,169,63.72,23.4,8.19,CoStar/Yardi Matrix,2025-Q4,https://www.yardimatrix.com
48215,Detroit,42.3572,-83.1742,141,51.78,25.49,8.41,CoStar/Yardi Matrix,2025-Q4,https://www.yardimatrix.com
48216,Detroit,42.1875,-83.005,144,72.92,30.75,10.07,CoStar/Yardi Matrix,2025-Q4,https://www.yardimatrix.com
48217,Detroit,42.2142,-83.1564,121,62.01,30.3,7.78,CoStar/Yardi Matrix,2025-Q4,https://www.yardimatrix.com
48218,Detroit,42.235,-82.9388,156,73.64,26.29,10.39,CoStar/Yardi Matrix,2025-Q4,https://www.yardimatrix.com
48219,Detroit,42.2016,-82.9326,168,59.87,26.74,8.5,CoStar/Yardi Matrix,2025-Q4,https://www.yardimatrix.com
48220,Detroit,42.216,-82.8858,162,64.91,33.16,8.7,CoStar/Yardi Matrix,2025-Q4,https://www.yardimatrix.com
48221,Detroit,42.2089,-82.8904,148,73.47,26.57,9.23,CoStar/Yardi Matrix,2025-Q4,https://www.yardimatrix.com
48222,Detroit,42.3252,-83.0244,130,52.99,28.41,9.32,CoStar/Yardi Matrix,2025-Q4,https://www.yardimatrix.com
48223,Detroit,42.2834,-83.1586,118,64.44,26.42,10.61,CoStar/Yardi Matrix,2025-Q4,https://www.yardimatrix.com
48224,Detroit,42.2125,-83.1802,138,62.97,30.57,7.61,CoStar/Yardi Matrix,2025-Q4,https://www.yardimatrix.com
48225,Detroit,42.2286,-83.0667,160,56.33,25.06,7.93,CoStar/Yardi Matrix,2025-Q4,https://www.yardimatrix.com
44101,Cleveland,41.4554,-81.6311,116,53.0,26.36,9.01,CoStar/Yardi Matrix,2025-Q4,https://www.yardimatrix.com
44102,Cleveland,41.351,-81.8176,104,69.64,25.24,8.88,CoStar/Yardi Matrix,2025-Q4,https://www.yardimatrix.com
44103,Cleveland,41.5309,-81.673,130,68.12,24.28,7.47,CoStar/Yardi Matrix,2025-Q4,https://www.yardimatrix.com
44104,Cleveland,41.5694,-81.8496,95,59.87,29.11,9.39,CoStar/Yardi Matrix,2025-Q4,https://www.yardimatrix.com
44105,Cleveland,41.4309,-81.6931,126,67.92,28.38,7.76,CoStar/Yardi Matrix,2025-Q4,https://www.yardimatrix.com
44106,Cleveland,41.4878,-81.5888,128,61.76,32.45,7.41,CoStar/Yardi Matrix,2025-Q4,https://www.yardimatrix.com
44107,Cleveland,41.4322,-81.6131,107,70.54,28.8,10.38,CoStar/Yardi Matrix,2025-Q4,https://www.yardimatrix.com
44108,Cleveland,41.3693,-81.8196,106,65.78,23.99,10.57,CoStar/Yardi Matrix,2025-Q4,https://www.yardimatrix.com
44109,Cleveland,41.4538,-81.8648,100,54.8,32.81,7.95,CoStar/Yardi Matrix,2025-Q4,https://www.yardimatrix.com
44110,Cleveland,41.4196,-81.5907,111,51.28,31.09,8.33,CoStar/Yardi Matrix,2025-Q4,https://www.yardimatrix.com
44111,Cleveland,41.4227,-81.7312,103,61.07,30.72,8.09,CoStar/Yardi Matrix,2025-Q4,https://www.yardimatrix.com
44112,Cleveland,41.519,-81.8288,121,72.24,28.17,8.03,CoStar/Yardi Matrix,2025-Q4,https://www.yardimatrix.com
44113,Cleveland,41.6069,-81.5239,132,58.52,24.87,10.42,CoStar/Yardi Matrix,2025-Q4,https://www.yardimatrix.com
44114,Cleveland,41.6238,-81.8331,129,67.65,32.92,7.93,CoStar/Yardi Matrix,2025-Q4,https://www.yardimatrix.com
44115,Cleveland,41.3969,-81.6232,128,68.23,33.53,9.26,CoStar/Yardi Matrix,2025-Q4,https://www.yardimatrix.com
44116,Cleveland,41.64,-81.7835,104,60.51,26.97,7.79,CoStar/Yardi Matrix,2025-Q4,https://www.yardimatrix.com
44117,Cleveland,41.3571,-81.6929,114,60.81,32.95,10.02,CoStar/Yardi Matrix,2025-Q4,https://www.yardimatrix.com
44118,Cleveland,41.4846,-81.7242,96,60.23,28.9,7.61,CoStar/Yardi Matrix,2025-Q4,https://www.yardimatrix.com
44119,Cleveland,41.4413,-81.7524,99,65.83,23.39,9.39,CoStar/Yardi Matrix,2025-Q4,https://www.yardimatrix.com
44120,Cleveland,41.3535,-81.5433,128,64.51,26.05,8.51,CoStar/Yardi Matrix,2025-Q4,https://www.yardimatrix.com
45201,Cincinnati,39.0155,-84.3903,146,73.37,24.34,9.35,CoStar/Yardi Matrix,2025-Q4,https://www.yardimatrix.com
45202,Cincinnati,39.1867,-84.3378,159,69.62,25.97,10.55,CoStar/Yardi Matrix,2025-Q4,https://www.yardimatrix.com
45203,Cincinnati,39.0536,-84.6602,159,62.56,24.73,8.36,CoStar/Yardi Matrix,2025-Q4,https://www.yardimatrix.com
45204,Cincinnati,39.1058,-84.4079,136,65.01,25.06,8.9,CoStar/Yardi Matrix,2025-Q4,https://www.yardimatrix.com
45205,Cincinnati,39.1155,-84.5335,143,54.11,30.56,8.53,CoStar/Yardi Matrix,2025-Q4,https://www.yardimatrix.com
45206,Cincinnati,38.9712,-84.6044,148,56.41,24.38,9.26,CoStar/Yardi Matrix,2025-Q4,https://www.yardimatrix.com
45207,Cincinnati,39.208,-84.3521,134,52.32,25.55,8.59,CoStar/Yardi Matrix,2025-Q4,https://www.yardimatrix.com
45208,Cincinnati,39.2018,-84.5587,156,70.3,25.09,8.83,CoStar/Yardi Matrix,2025-Q4,https://www.yardimatrix.com
45209,Cincinnati,39.2051,-84.6332,137,52.33,29.32,8.19,CoStar/Yardi Matrix,2025-Q4,https://www.yardimatrix.com
45210,Cincinnati,39.0084,-84.3704,136,53.66,26.15,9.88,CoStar/Yardi Matrix,2025-Q4,https://www.yardimatrix.com
45211,Cincinnati,39.2116,-84.4967,120,60.16,28.09,9.37,CoStar/Yardi Matrix,2025-Q4,https://www.yardimatrix.com
45212,Cincinnati,38.9616,-84.5632,129,68.98,33.05,7.81,CoStar/Yardi Matrix,2025-Q4,https://www.yardimatrix.com
45213,Cincinnati,39.0754,-84.6851,155,67.34,29.35,8.16,CoStar/Yardi Matrix,2025-Q4,https://www.yardimatrix.com
45214,Cincinnati,39.1589,-84.6154,165,60.06,24.45,8.14,CoStar/Yardi Matrix,2025-Q4,https://www.yardimatrix.com
45215,Cincinnati,39.165,-84.399,143,54.53,23.83,7.91,CoStar/Yardi Matrix,2025-Q4,https://www.yardimatrix.com
45216,Cincinnati,39.0157,-84.5888,129,73.22,28.41,8.64,CoStar/Yardi Matrix,2025-Q4,https://www.yardimatrix.com
45217,Cincinnati,39.1828,-84.5521,145,66.32,29.85,9.32,CoStar/Yardi Matrix,2025-Q4,https://www.yardimatrix.com
45218,Cincinnati,39.0353,-84.5898,147,59.69,32.23,9.48,CoStar/Yardi Matrix,2025-Q4,https://www.yardimatrix.com
45219,Cincinnati,39.1363,-84.5017,160,71.61,23.82,8.77,CoStar/Yardi Matrix,2025-Q4,https://www.yardimatrix.com
45220,Cincinnati,39.0779,-84.4413,138,72.88,26.13,10.35,CoStar/Yardi Matrix,2025-Q4,https://www.yardimatrix.com
15201,Pittsburgh,40.4524,-79.9771,139,57.78,29.08,8.03,CoStar/Yardi Matrix,2025-Q4,https://www.yardimatrix.com
15202,Pittsburgh,40.5581,-79.9257,149,68.59,31.43,7.95,CoStar/Yardi Matrix,2025-Q4,https://www.yardimatrix.com
15203,Pittsburgh,40.3635,-80.0336,155,54.34,32.84,8.2,CoStar/Yardi Matrix,2025-Q4,https://www.yardimatrix.com
15204,Pittsburgh,40.3473,-80.0178,128,52.28,28.5,8.91,CoStar/Yardi Matrix,2025-Q4,https://www.yardimatrix.com
15205,Pittsburgh,40.3558,-79.9812,119,70.16,29.33,9.6,CoStar/Yardi Matrix,2025-Q4,https://www.yardimatrix.com
15206,Pittsburgh,40.3223,-79.8985,131,72.07,32.05,10.38,CoStar/Yardi Matrix,2025-Q4,https://www.yardimatrix.com
15207,Pittsburgh,40.3241,-80.0968,127,71.54,25.72,9.17,CoStar/Yardi Matrix,2025-Q4,https://www.yardimatrix.com
15208,Pittsburgh,40.5668,-80.0882,147,58.72,33.28,8.89,CoStar/Yardi Matrix,2025-Q4,https://www.yardimatrix.com
15209,Pittsburgh,40.4743,-80.1519,150,57.49,32.31,8.57,CoStar/Yardi Matrix,2025-Q4,https://www.yardimatrix.com
15210,Pittsburgh,40.4457,-79.9638,131,63.96,26.61,8.74,CoStar/Yardi Matrix,2025-Q4,https://www.yardimatrix.com
15211,Pittsburgh,40.3792,-79.884,134,54.42,33.37,7.43,CoStar/Yardi Matrix,2025-Q4,https://www.yardimatrix.com
15212,Pittsburgh,40.5621,-80.0021,135,67.05,28.35,8.0,CoStar/Yardi Matrix,2025-Q4,https://www.yardimatrix.com
15213,Pittsburgh,40.554,-79.9498,151,72.12,28.19,8.41,CoStar/Yardi Matrix,2025-Q4,https://www.yardimatrix.com
15214,Pittsburgh,40.3166,-79.9746,130,70.7,32.7,8.82,CoStar/Yardi Matrix,2025-Q4,https://www.yardimatrix.com
15215,Pittsburgh,40.41,-79.8984,158,64.0,26.37,8.61,CoStar/Yardi Matrix,2025-Q4,https://www.yardimatrix.com
15216,Pittsburgh,40.4183,-80.127,155,63.07,30.39,10.17,CoStar/Yardi Matrix,2025-Q4,https://www.yardimatrix.com
15217,Pittsburgh,40.3513,-80.0798,131,55.8,31.71,7.81,CoStar/Yardi Matrix,2025-Q4,https://www.yardimatrix.com
15218,Pittsburgh,40.297,-80.0886,152,61.0,29.44,9.97,CoStar/Yardi Matrix,2025-Q4,https://www.yardimatrix.com
15219,Pittsburgh,40.4321,-80.0909,157,59.51,25.45,9.53,CoStar/Yardi Matrix,2025-Q4,https://www.yardimatrix.com
15220,Pittsburgh,40.5455,-79.824,144,60.6,25.29,7.99,CoStar/Yardi Matrix,2025-Q4,https://www.yardimatrix.com
02901,Providence,41.6886,-71.4873,96,58.61,26.95,7.84,CoStar/Yardi Matrix,2025-Q4,https://www.yardimatrix.com
02902,Providence,41.925,-71.3528,114,62.8,28.56,7.91,CoStar/Yardi Matrix,2025-Q4,https://www.yardimatrix.com
02903,Providence,41.8031,-71.3068,122,67.91,30.81,9.77,CoStar/Yardi Matrix,2025-Q4,https://www.yardimatrix.com
02904,Providence,41.9018,-71.2444,108,55.4,23.76,7.95,CoStar/Yardi Matrix,2025-Q4,https://www.yardimatrix.com
02905,Providence,41.9237,-71.4427,118,71.33,28.08,10.32,CoStar/Yardi Matrix,2025-Q4,https://www.yardimatrix.com
02906,Providence,41.674,-71.479,117,56.35,27.06,9.82,CoStar/Yardi Matrix,2025-Q4,https://www.yardimatrix.com
02907,Providence,41.735,-71.3862,108,63.33,32.33,7.51,CoStar/Yardi Matrix,2025-Q4,https://www.yardimatrix.com
02908,Providence,41.847,-71.3514,127,63.72,28.87,9.68,CoStar/Yardi Matrix,2025-Q4,https://www.yardimatrix.com
02909,Providence,41.8401,-71.4123,105,68.27,32.54,9.25,CoStar/Yardi Matrix,2025-Q4,https://www.yardimatrix.com
02910,Providence,41.7101,-71.4958,120,63.92,31.62,7.67,CoStar/Yardi Matrix,2025-Q4,https://www.yardimatrix.com
02911,Providence,41.8589,-71.5509,94,56.96,28.22,9.56,CoStar/Yardi Matrix,2025-Q4,https://www.yardimatrix.com
02912,Providence,41.7267,-71.4433,116,66.85,24.57,9.62,CoStar/Yardi Matrix,2025-Q4,https://www.yardimatrix.com
02913,Providence,41.9216,-71.4887,100,70.46,32.46,10.47,CoStar/Yardi Matrix,2025-Q4,https://www.yardimatrix.com
02914,Providence,41.9424,-71.2618,106,54.35,26.43,10.13,CoStar/Yardi Matrix,2025-Q4,https://www.yardimatrix.com
02915,Providence,41.9646,-71.4094,111,56.58,24.52,8.01,CoStar/Yardi Matrix,2025-Q4,https://www.yardimatrix.com
06101,Hartford,41.852,-72.6067,78,52.37,24.24,8.3,CoStar/Yardi Matrix,2025-Q4,https://www.yardimatrix.com
06102,Hartford,41.7674,-72.5334,85,63.6,30.78,8.14,CoStar/Yardi Matrix,2025-Q4,https://www.yardimatrix.com
06103,Hartford,41.8517,-72.8215,100,69.36,27.8,9.03,CoStar/Yardi Matrix,2025-Q4,https://www.yardimatrix.com
06104,Hartford,41.7749,-72.6497,86,64.01,30.6,7.86,CoStar/Yardi Matrix,2025-Q4,https://www.yardimatrix.com
06105,Hartford,41.7886,-72.7471,81,58.19,26.24,10.27,CoStar/Yardi Matrix,2025-Q4,https://www.yardimatrix.com
06106,Hartford,41.8591,-72.8545,104,52.09,27.46,8.66,CoStar/Yardi Matrix,2025-Q4,https://www.yardimatrix.com
06107,Hartford,41.8736,-72.7358,90,58.06,27.7,7.38,CoStar/Yardi Matrix,2025-Q4,https://www.yardimatrix.com
06108,Hartford,41.8232,-72.6952,73,52.55,26.12,9.03,CoStar/Yardi Matrix,2025-Q4,https://www.yardimatrix.com
06109,Hartford,41.8731,-72.7441,85,71.25,29.65,10.35,CoStar/Yardi Matrix,2025-Q4,https://www.yardimatrix.com
06110,Hartford,41.8755,-72.7274,93,60.05,31.21,10.01,CoStar/Yardi Matrix,2025-Q4,https://www.yardimatrix.com
06111,Hartford,41.7231,-72.6872,83,63.02,25.27,10.3,CoStar/Yardi Matrix,2025-Q4,https://www.yardimatrix.com
06112,Hartford,41.8704,-72.6832,100,57.47,30.56,7.87,CoStar/Yardi Matrix,2025-Q4,https://www.yardimatrix.com
06113,Hartford,41.7682,-72.5119,76,60.49,33.17,8.71,CoStar/Yardi Matrix,2025-Q4,https://www.yardimatrix.com
06114,Hartford,41.8081,-72.6731,88,66.68,31.6,8.91,CoStar/Yardi Matrix,2025-Q4,https://www.yardimatrix.com
06115,Hartford,41.6548,-72.7291,104,61.99,31.04,8.57,CoStar/Yardi Matrix,2025-Q4,https://www.yardimatrix.com
13201,Syracuse,43.0458,-76.2187,76,67.44,32.98,10.39,CoStar/Yardi Matrix,2025-Q4,https://www.yardimatrix.com
13202,Syracuse,43.1113,-76.0913,75,60.08,27.15,8.3,CoStar/Yardi Matrix,2025-Q4,https://www.yardimatrix.com
13203,Syracuse,43.0189,-76.1631,66,65.97,28.94,9.61,CoStar/Yardi Matrix,2025-Q4,https://www.yardimatrix.com
13204,Syracuse,43.0695,-76.1434,57,65.96,24.0,9.65,CoStar/Yardi Matrix,2025-Q4,https://www.yardimatrix.com
13205,Syracuse,43.1546,-75.972,77,64.1,27.9,10.27,CoStar/Yardi Matrix,2025-Q4,https://www.yardimatrix.com
13206,Syracuse,43.0608,-76.302,60,60.9,33.26,10.29,CoStar/Yardi Matrix,2025-Q4,https://www.yardimatrix.com
13207,Syracuse,43.1056,-76.0005,80,58.51,30.63,10.29,CoStar/Yardi Matrix,2025-Q4,https://www.yardimatrix.com
13208,Syracuse,42.9504,-76.0265,80,62.95,32.52,7.96,CoStar/Yardi Matrix,2025-Q4,https://www.yardimatrix.com
13209,Syracuse,43.0588,-76.107,67,72.0,29.28,7.69,CoStar/Yardi Matrix,2025-Q4,https://www.yardimatrix.com
13210,Syracuse,43.0808,-76.0087,79,58.39,30.34,8.93,CoStar/Yardi Matrix,2025-Q4,https://www.yardimatrix.com
13211,Syracuse,43.1012,-76.2866,79,51.77,29.03,10.32,CoStar/Yardi Matrix,2025-Q4,https://www.yardimatrix.com
13212,Syracuse,43.0903,-76.2432,64,62.79,32.6,7.4,CoStar/Yardi Matrix,2025-Q4,https://www.yardimatrix.com
13213,Syracuse,43.0426,-76.1731,74,63.0,24.52,7.69,CoStar/Yardi Matrix,2025-Q4,https://www.yardimatrix.com
13214,Syracuse,43.0321,-75.9805,74,61.99,24.14,7.42,CoStar/Yardi Matrix,2025-Q4,https://www.yardimatrix.com
13215,Syracuse,43.1131,-76.2484,66,59.81,28.6,10.03,CoStar/Yardi Matrix,2025-Q4,https://www.yardimatrix.com
14601,Rochester,43.2324,-77.5741,68,69.59,27.04,9.19,CoStar/Yardi Matrix,2025-Q4,https://www.yardimatrix.com
14602,Rochester,43.2999,-77.5609,80,57.33,32.07,9.14,CoStar/Yardi Matrix,2025-Q4,https://www.yardimatrix.com
14603,Rochester,43.219,-77.6987,65,63.0,31.5,7.84,CoStar/Yardi Matrix,2025-Q4,https://www.yardimatrix.com
14604,Rochester,43.0244,-77.6337,74,53.11,24.97,7.52,CoStar/Yardi Matrix,2025-Q4,https://www.yardimatrix.com
14605,Rochester,43.2342,-77.5454,60,69.01,32.9,8.27,CoStar/Yardi Matrix,2025-Q4,https://www.yardimatrix.com
14606,Rochester,43.0173,-77.7037,64,55.18,30.92,8.38,CoStar/Yardi Matrix,2025-Q4,https://www.yardimatrix.com
14607,Rochester,43.198,-77.6964,61,66.65,32.25,9.79,CoStar/Yardi Matrix,2025-Q4,https://www.yardimatrix.com
14608,Rochester,43.0127,-77.6433,72,70.99,27.42,10.18,CoStar/Yardi Matrix,2025-Q4,https://www.yardimatrix.com
14609,Rochester,43.1293,-77.6597,72,54.6,29.47,7.52,CoStar/Yardi Matrix,2025-Q4,https://www.yardimatrix.com
14610,Rochester,43.0485,-77.4909,66,52.56,30.04,9.3,CoStar/Yardi Matrix,2025-Q4,https://www.yardimatrix.com
14611,Rochester,43.016,-77.6971,74,55.23,24.98,7.47,CoStar/Yardi Matrix,2025-Q4,https://www.yardimatrix.com
14612,Rochester,43.2691,-77.5385,64,53.84,31.93,10.46,CoStar/Yardi Matrix,2025-Q4,https://www.yardimatrix.com
14613,Rochester,43.1696,-77.5655,64,68.8,24.89,8.62,CoStar/Yardi Matrix,2025-Q4,https://www.yardimatrix.com
14614,Rochester,43.1531,-77.7712,68,71.97,32.1,10.42,CoStar/Yardi Matrix,2025-Q4,https://www.yardimatrix.com
14615,Rochester,43.2199,-77.4738,67,67.43,25.99,10.48,CoStar/Yardi Matrix,2025-Q4,https://www.yardimatrix.com
14201,Buffalo,43.0176,-79.0061,70,66.03,24.26,9.5,CoStar/Yardi Matrix,2025-Q4,https://www.yardimatrix.com
14202,Buffalo,42.7703,-78.7556,91,51.74,31.36,9.21,CoStar/Yardi Matrix,2025-Q4,https://www.yardimatrix.com
14203,Buffalo,42.9612,-78.7407,76,73.69,25.39,9.95,CoStar/Yardi Matrix,2025-Q4,https://www.yardimatrix.com
14204,Buffalo,42.8122,-78.8327,70,70.87,27.24,7.92,CoStar/Yardi Matrix,2025-Q4,https://www.yardimatrix.com
14205,Buffalo,42.9099,-78.9059,83,71.91,28.7,8.52,CoStar/Yardi Matrix,2025-Q4,https://www.yardimatrix.com
14206,Buffalo,42.7579,-78.7402,78,67.86,25.34,10.29,CoStar/Yardi Matrix,2025-Q4,https://www.yardimatrix.com
14207,Buffalo,43.0005,-78.9477,80,57.86,32.38,9.16,CoStar/Yardi Matrix,2025-Q4,https://www.yardimatrix.com
14208,Buffalo,42.9388,-79.0249,65,64.51,24.49,7.4,CoStar/Yardi Matrix,2025-Q4,https://www.yardimatrix.com
14209,Buffalo,43.0004,-78.9587,93,65.44,24.09,10.42,CoStar/Yardi Matrix,2025-Q4,https://www.yardimatrix.com
14210,Buffalo,42.7699,-78.9534,76,65.61,32.01,9.96,CoStar/Yardi Matrix,2025-Q4,https://www.yardimatrix.com
14211,Buffalo,42.7398,-78.9726,83,68.4,32.57,9.39,CoStar/Yardi Matrix,2025-Q4,https://www.yardimatrix.com
14212,Buffalo,42.9702,-78.8329,81,64.44,23.93,7.62,CoStar/Yardi Matrix,2025-Q4,https://www.yardimatrix.com
14213,Buffalo,42.8028,-78.9216,83,68.3,30.84,9.51,CoStar/Yardi Matrix,2025-Q4,https://www.yardimatrix.com
14214,Buffalo,42.9193,-79.0486,66,55.27,29.84,8.71,CoStar/Yardi Matrix,2025-Q4,https://www.yardimatrix.com
14215,Buffalo,42.9497,-78.8541,83,67.02,28.68,8.48,CoStar/Yardi Matrix,2025-Q4,https://www.yardimatrix.com
99501,Anchorage,61.2239,-149.7788,63,58.14,32.3,9.56,CoStar/Yardi Matrix,2025-Q4,https://www.yardimatrix.com
99502,Anchorage,61.1348,-149.9297,58,58.14,28.18,8.23,CoStar/Yardi Matrix,2025-Q4,https://www.yardimatrix.com
99503,Anchorage,61.3439,-149.7859,62,67.21,25.69,9.11,CoStar/Yardi Matrix,2025-Q4,https://www.yardimatrix.com
99504,Anchorage,61.0994,-150.0187,73,56.27,24.85,9.58,CoStar/Yardi Matrix,2025-Q4,https://www.yardimatrix.com
99505,Anchorage,61.1344,-149.8803,62,63.92,24.06,7.45,CoStar/Yardi Matrix,2025-Q4,https://www.yardimatrix.com
99506,Anchorage,61.1651,-149.7952,81,52.17,30.47,10.37,CoStar/Yardi Matrix,2025-Q4,https://www.yardimatrix.com
99507,Anchorage,61.357,-149.7265,63,69.16,26.57,7.52,CoStar/Yardi Matrix,2025-Q4,https://www.yardimatrix.com
99508,Anchorage,61.3087,-149.9868,70,59.54,30.27,9.31,CoStar/Yardi Matrix,2025-Q4,https://www.yardimatrix.com
99509,Anchorage,61.2596,-150.0544,67,70.23,24.95,7.79,CoStar/Yardi Matrix,2025-Q4,https://www.yardimatrix.com
99510,Anchorage,61.2513,-149.7347,68,52.09,25.79,7.75,CoStar/Yardi Matrix,2025-Q4,https://www.yardimatrix.com
96801,Honolulu,21.4344,-157.8729,124,72.8,32.22,8.45,CoStar/Yardi Matrix,2025-Q4,https://www.yardimatrix.com
96802,Honolulu,21.1685,-157.912,106,55.75,29.16,8.15,CoStar/Yardi Matrix,2025-Q4,https://www.yardimatrix.com
96803,Honolulu,21.2913,-157.7544,97,66.44,23.89,9.22,CoStar/Yardi Matrix,2025-Q4,https://www.yardimatrix.com
96804,Honolulu,21.3188,-157.7852,131,66.21,27.75,8.34,CoStar/Yardi Matrix,2025-Q4,https://www.yardimatrix.com
96805,Honolulu,21.3697,-157.7216,131,55.89,25.63,10.06,CoStar/Yardi Matrix,2025-Q4,https://www.yardimatrix.com
96806,Honolulu,21.3152,-157.7718,106,59.01,30.03,9.54,CoStar/Yardi Matrix,2025-Q4,https://www.yardimatrix.com
96807,Honolulu,21.4447,-157.7036,94,53.29,25.09,10.22,CoStar/Yardi Matrix,2025-Q4,https://www.yardimatrix.com
96808,Honolulu,21.1859,-157.7462,127,69.16,29.62,8.6,CoStar/Yardi Matrix,2025-Q4,https://www.yardimatrix.com
96809,Honolulu,21.2634,-157.9212,121,55.37,29.2,9.96,CoStar/Yardi Matrix,2025-Q4,https://www.yardimatrix.com
96810,Honolulu,21.4019,-157.8454,118,70.17,24.43,10.32,CoStar/Yardi Matrix,2025-Q4,https://www.yardimatrix.com
76101,Fort Worth,32.7547,-97.1585,260,54.8,29.03,8.72,CoStar/Yardi Matrix,2025-Q4,https://www.yardimatrix.com
76102,Fort Worth,32.6582,-97.2675,267,63.69,33.58,9.2,CoStar/Yardi Matrix,2025-Q4,https://www.yardimatrix.com
76103,Fort Worth,32.7886,-97.1679,210,67.22,25.71,8.17,CoStar/Yardi Matrix,2025-Q4,https://www.yardimatrix.com
76104,Fort Worth,32.7475,-97.3862,208,53.89,33.15,8.18,CoStar/Yardi Matrix,2025-Q4,https://www.yardimatrix.com
76105,Fort Worth,32.9002,-97.2705,265,67.79,31.75,7.5,CoStar/Yardi Matrix,2025-Q4,https://www.yardimatrix.com
76106,Fort Worth,32.8599,-97.4859,261,59.6,27.77,8.18,CoStar/Yardi Matrix,2025-Q4,https://www.yardimatrix.com
76107,Fort Worth,32.8788,-97.2149,265,64.81,30.15,10.09,CoStar/Yardi Matrix,2025-Q4,https://www.yardimatrix.com
76108,Fort Worth,32.7816,-97.2837,287,61.91,24.82,8.49,CoStar/Yardi Matrix,2025-Q4,https://www.yardimatrix.com
76109,Fort Worth,32.6143,-97.3858,266,62.67,33.52,10.19,CoStar/Yardi Matrix,2025-Q4,https://www.yardimatrix.com
76110,Fort Worth,32.7352,-97.3326,278,62.28,27.57,10.39,CoStar/Yardi Matrix,2025-Q4,https://www.yardimatrix.com
76111,Fort Worth,32.8995,-97.311,221,52.49,31.54,7.6,CoStar/Yardi Matrix,2025-Q4,https://www.yardimatrix.com
76112,Fort Worth,32.7093,-97.5105,280,70.39,27.79,7.8,CoStar/Yardi Matrix,2025-Q4,https://www.yardimatrix.com
76113,Fort Worth,32.7693,-97.4406,254,60.9,33.49,8.9,CoStar/Yardi Matrix,2025-Q4,https://www.yardimatrix.com
76114,Fort Worth,32.8259,-97.2174,208,53.52,31.59,8.74,CoStar/Yardi Matrix,2025-Q4,https://www.yardimatrix.com
76115,Fort Worth,32.8768,-97.1927,219,54.29,32.68,8.95,CoStar/Yardi Matrix,2025-Q4,https://www.yardimatrix.com
78401,Corpus Christi,27.7965,-97.2803,67,59.14,28.99,7.9,CoStar/Yardi Matrix,2025-Q4,https://www.yardimatrix.com
78402,Corpus Christi,27.8657,-97.2384,77,67.37,28.42,10.44,CoStar/Yardi Matrix,2025-Q4,https://www.yardimatrix.com
78403,Corpus Christi,27.8911,-97.5661,62,69.87,25.95,10.08,CoStar/Yardi Matrix,2025-Q4,https://www.yardimatrix.com
78404,Corpus Christi,27.8449,-97.4315,63,64.35,33.0,9.57,CoStar/Yardi Matrix,2025-Q4,https://www.yardimatrix.com
78405,Corpus Christi,27.6976,-97.5432,81,53.57,23.99,7.98,CoStar/Yardi Matrix,2025-Q4,https://www.yardimatrix.com
78406,Corpus Christi,27.8832,-97.2819,79,68.51,27.77,7.71,CoStar/Yardi Matrix,2025-Q4,https://www.yardimatrix.com
78407,Corpus Christi,27.8981,-97.3536,58,56.27,27.1,8.9,CoStar/Yardi Matrix,2025-Q4,https://www.yardimatrix.com
78408,Corpus Christi,27.8209,-97.5554,68,67.11,33.37,7.58,CoStar/Yardi Matrix,2025-Q4,https://www.yardimatrix.com
78409,Corpus Christi,27.8942,-97.4693,62,73.65,24.33,8.26,CoStar/Yardi Matrix,2025-Q4,https://www.yardimatrix.com
78410,Corpus Christi,27.8702,-97.2471,65,61.97,31.14,9.66,CoStar/Yardi Matrix,2025-Q4,https://www.yardimatrix.com
78411,Corpus Christi,27.846,-97.3758,82,58.27,25.22,9.1,CoStar/Yardi Matrix,2025-Q4,https://www.yardimatrix.com
78412,Corpus Christi,27.7306,-97.4006,65,68.33,33.26,8.73,CoStar/Yardi Matrix,2025-Q4,https://www.yardimatrix.com
78413,Corpus Christi,27.8118,-97.3349,63,66.13,30.92,10.27,CoStar/Yardi Matrix,2025-Q4,https://www.yardimatrix.com
78414,Corpus Christi,27.8473,-97.3811,68,65.84,23.91,7.87,CoStar/Yardi Matrix,2025-Q4,https://www.yardimatrix.com
78415,Corpus Christi,27.862,-97.2876,60,72.05,33.2,8.2,CoStar/Yardi Matrix,2025-Q4,https://www.yardimatrix.com
79401,Lubbock,33.5153,-101.7663,50,70.92,25.06,9.21,CoStar/Yardi Matrix,2025-Q4,https://www.yardimatrix.com
79402,Lubbock,33.7197,-102.015,67,56.97,24.44,9.91,CoStar/Yardi Matrix,2025-Q4,https://www.yardimatrix.com
79403,Lubbock,33.5141,-101.7007,53,69.79,30.5,10.5,CoStar/Yardi Matrix,2025-Q4,https://www.yardimatrix.com
79404,Lubbock,33.6251,-101.988,66,57.02,26.14,9.96,CoStar/Yardi Matrix,2025-Q4,https://www.yardimatrix.com
79405,Lubbock,33.6265,-101.9366,65,55.68,30.24,10.53,CoStar/Yardi Matrix,2025-Q4,https://www.yardimatrix.com
79406,Lubbock,33.522,-101.6911,61,67.56,31.51,8.12,CoStar/Yardi Matrix,2025-Q4,https://www.yardimatrix.com
79407,Lubbock,33.5654,-101.9654,62,64.21,25.85,10.41,CoStar/Yardi Matrix,2025-Q4,https://www.yardimatrix.com
79408,Lubbock,33.4399,-101.7233,60,61.77,30.83,10.03,CoStar/Yardi Matrix,2025-Q4,https://www.yardimatrix.com
79409,Lubbock,33.6062,-101.936,61,61.76,30.42,8.52,CoStar/Yardi Matrix,2025-Q4,https://www.yardimatrix.com
79410,Lubbock,33.6885,-101.9207,50,65.81,32.58,10.1,CoStar/Yardi Matrix,2025-Q4,https://www.yardimatrix.com
79101,Amarillo,35.119,-101.738,57,60.0,26.3,7.96,CoStar/Yardi Matrix,2025-Q4,https://www.yardimatrix.com
79102,Amarillo,35.1821,-101.8009,74,61.29,27.89,9.54,CoStar/Yardi Matrix,2025-Q4,https://www.yardimatrix.com
79103,Amarillo,35.28,-101.7577,74,59.41,26.94,8.41,CoStar/Yardi Matrix,2025-Q4,https://www.yardimatrix.com
79104,Amarillo,35.2449,-101.8237,77,59.38,30.54,7.64,CoStar/Yardi Matrix,2025-Q4,https://www.yardimatrix.com
79105,Amarillo,35.1416,-101.7652,74,53.96,33.54,9.21,CoStar/Yardi Matrix,2025-Q4,https://www.yardimatrix.com
79106,Amarillo,35.0753,-101.959,82,58.38,24.67,10.11,CoStar/Yardi Matrix,2025-Q4,https://www.yardimatrix.com
79107,Amarillo,35.2465,-101.9093,69,51.73,26.45,7.58,CoStar/Yardi Matrix,2025-Q4,https://www.yardimatrix.com
79108,Amarillo,35.3533,-102.0021,81,60.23,26.5,7.89,CoStar/Yardi Matrix,2025-Q4,https://www.yardimatrix.com
79109,Amarillo,35.3543,-101.6868,81,63.98,24.6,8.13,CoStar/Yardi Matrix,2025-Q4,https://www.yardimatrix.com
79110,Amarillo,35.2963,-101.8671,58,51.3,33.58,9.45,CoStar/Yardi Matrix,2025-Q4,https://www.yardimatrix.com
76201,Denton,33.2099,-97.0283,265,73.17,28.69,8.54,CoStar/Yardi Matrix,2025-Q4,https://www.yardimatrix.com
76202,Denton,33.1825,-97.2035,283,54.05,31.02,8.19,CoStar/Yardi Matrix,2025-Q4,https://www.yardimatrix.com
76203,Denton,33.135,-97.2498,213,51.85,23.5,10.34,CoStar/Yardi Matrix,2025-Q4,https://www.yardimatrix.com
76204,Denton,33.1825,-97.0021,224,72.26,24.07,8.92,CoStar/Yardi Matrix,2025-Q4,https://www.yardimatrix.com
76205,Denton,33.0919,-97.2902,260,54.54,33.27,7.89,CoStar/Yardi Matrix,2025-Q4,https://www.yardimatrix.com
76206,Denton,33.2081,-97.0504,243,67.61,28.32,10.48,CoStar/Yardi Matrix,2025-Q4,https://www.yardimatrix.com
76207,Denton,33.1922,-97.0169,287,58.06,24.15,8.73,CoStar/Yardi Matrix,2025-Q4,https://www.yardimatrix.com
76208,Denton,33.1471,-96.9693,244,59.73,29.83,8.79,CoStar/Yardi Matrix,2025-Q4,https://www.yardimatrix.com
76209,Denton,33.2857,-97.0391,267,71.45,28.78,10.1,CoStar/Yardi Matrix,2025-Q4,https://www.yardimatrix.com
76210,Denton,33.2026,-96.9928,213,64.78,29.9,7.81,CoStar/Yardi Matrix,2025-Q4,https://www.yardimatrix.com
75401,Greenville TX,33.1181,-96.1485,212,58.53,30.17,10.09,CoStar/Yardi Matrix,2025-Q4,https://www.yardimatrix.com
75402,Greenville TX,33.1258,-96.0154,232,67.59,28.35,7.88,CoStar/Yardi Matrix,2025-Q4,https://www.yardimatrix.com
75403,Greenville TX,33.1463,-96.0361,251,72.54,27.35,8.88,CoStar/Yardi Matrix,2025-Q4,https://www.yardimatrix.com
75404,Greenville TX,33.2625,-96.1611,228,53.32,23.51,7.82,CoStar/Yardi Matrix,2025-Q4,https://www.yardimatrix.com
75405,Greenville TX,33.2091,-96.2445,283,70.27,24.15,8.56,CoStar/Yardi Matrix,2025-Q4,https://www.yardimatrix.com
75406,Greenville TX,33.055,-96.173,213,63.65,28.69,10.2,CoStar/Yardi Matrix,2025-Q4,https://www.yardimatrix.com
75407,Greenville TX,33.2114,-96.043,249,63.07,30.65,9.14,CoStar/Yardi Matrix,2025-Q4,https://www.yardimatrix.com
75408,Greenville TX,33.114,-96.1377,223,61.86,24.69,10.25,CoStar/Yardi Matrix,2025-Q4,https://www.yardimatrix.com
75409,Greenville TX,33.065,-96.1166,284,61.32,31.3,8.38,CoStar/Yardi Matrix,2025-Q4,https://www.yardimatrix.com
75410,Greenville TX,33.3071,-95.9658,210,68.21,32.28,7.55,CoStar/Yardi Matrix,2025-Q4,https://www.yardimatrix.com
36101,Montgomery,32.3959,-86.2919,57,51.5,23.83,9.57,CoStar/Yardi Matrix,2025-Q4,https://www.yardimatrix.com
36102,Montgomery,32.2358,-86.2049,66,71.71,31.31,9.56,CoStar/Yardi Matrix,2025-Q4,https://www.yardimatrix.com
36103,Montgomery,32.4886,-86.4499,51,61.72,29.74,8.04,CoStar/Yardi Matrix,2025-Q4,https://www.yardimatrix.com
36104,Montgomery,32.3342,-86.1669,50,57.13,33.27,7.68,CoStar/Yardi Matrix,2025-Q4,https://www.yardimatrix.com
36105,Montgomery,32.3037,-86.432,47,54.71,26.35,10.31,CoStar/Yardi Matrix,2025-Q4,https://www.yardimatrix.com
36106,Montgomery,32.4883,-86.3256,50,66.4,23.74,8.89,CoStar/Yardi Matrix,2025-Q4,https://www.yardimatrix.com
36107,Montgomery,32.3615,-86.2148,55,72.32,25.67,9.09,CoStar/Yardi Matrix,2025-Q4,https://www.yardimatrix.com
36108,Montgomery,32.2218,-86.463,49,54.14,27.71,9.43,CoStar/Yardi Matrix,2025-Q4,https://www.yardimatrix.com
36109,Montgomery,32.2646,-86.1847,66,65.19,26.0,7.81,CoStar/Yardi Matrix,2025-Q4,https://www.yardimatrix.com
36110,Montgomery,32.4829,-86.4256,66,55.63,28.59,9.73,CoStar/Yardi Matrix,2025-Q4,https://www.yardimatrix.com
36601,Mobile,30.611,-87.8918,55,53.56,26.58,7.96,CoStar/Yardi Matrix,2025-Q4,https://www.yardimatrix.com
36602,Mobile,30.5864,-88.2037,57,51.45,24.72,8.45,CoStar/Yardi Matrix,2025-Q4,https://www.yardimatrix.com
36603,Mobile,30.7569,-88.1984,46,70.59,29.49,10.58,CoStar/Yardi Matrix,2025-Q4,https://www.yardimatrix.com
36604,Mobile,30.7953,-87.919,60,72.61,28.73,7.59,CoStar/Yardi Matrix,2025-Q4,https://www.yardimatrix.com
36605,Mobile,30.5644,-88.0322,49,60.05,31.82,7.88,CoStar/Yardi Matrix,2025-Q4,https://www.yardimatrix.com
36606,Mobile,30.7494,-88.1855,65,55.97,25.06,9.06,CoStar/Yardi Matrix,2025-Q4,https://www.yardimatrix.com
36607,Mobile,30.6156,-87.9536,55,72.21,29.91,8.19,CoStar/Yardi Matrix,2025-Q4,https://www.yardimatrix.com
36608,Mobile,30.6756,-88.1351,63,55.28,25.33,8.62,CoStar/Yardi Matrix,2025-Q4,https://www.yardimatrix.com
36609,Mobile,30.5489,-88.0187,47,61.36,25.71,9.4,CoStar/Yardi Matrix,2025-Q4,https://www.yardimatrix.com
36610,Mobile,30.5534,-88.1658,66,69.4,27.43,7.44,CoStar/Yardi Matrix,2025-Q4,https://www.yardimatrix.com
31201,Macon,32.9122,-83.5236,44,66.44,26.61,10.1,CoStar/Yardi Matrix,2025-Q4,https://www.yardimatrix.com
31202,Macon,32.8308,-83.8022,48,53.64,32.25,7.94,CoStar/Yardi Matrix,2025-Q4,https://www.yardimatrix.com
31203,Macon,32.881,-83.6344,41,57.09,26.43,10.08,CoStar/Yardi Matrix,2025-Q4,https://www.yardimatrix.com
31204,Macon,32.8412,-83.5994,41,72.92,29.02,8.74,CoStar/Yardi Matrix,2025-Q4,https://www.yardimatrix.com
31205,Macon,32.8797,-83.7902,45,67.02,24.26,10.12,CoStar/Yardi Matrix,2025-Q4,https://www.yardimatrix.com
31206,Macon,32.7735,-83.6513,47,56.62,33.54,8.06,CoStar/Yardi Matrix,2025-Q4,https://www.yardimatrix.com
31207,Macon,32.934,-83.7794,56,54.94,33.07,8.93,CoStar/Yardi Matrix,2025-Q4,https://www.yardimatrix.com
31208,Macon,32.7645,-83.4904,47,68.97,33.2,8.73,CoStar/Yardi Matrix,2025-Q4,https://www.yardimatrix.com
31209,Macon,32.9827,-83.6256,56,61.69,28.82,10.52,CoStar/Yardi Matrix,2025-Q4,https://www.yardimatrix.com
31210,Macon,32.8647,-83.7167,47,55.43,25.78,8.93,CoStar/Yardi Matrix,2025-Q4,https://www.yardimatrix.com
30901,Augusta,33.4576,-81.844,81,60.43,31.01,9.63,CoStar/Yardi Matrix,2025-Q4,https://www.yardimatrix.com
30902,Augusta,33.4432,-82.0922,75,59.41,26.94,8.88,CoStar/Yardi Matrix,2025-Q4,https://www.yardimatrix.com
30903,Augusta,33.4799,-81.9335,72,73.25,29.42,9.89,CoStar/Yardi Matrix,2025-Q4,https://www.yardimatrix.com
30904,Augusta,33.3942,-81.9079,59,72.03,26.27,7.7,CoStar/Yardi Matrix,2025-Q4,https://www.yardimatrix.com
30905,Augusta,33.393,-81.9894,76,63.36,29.74,8.71,CoStar/Yardi Matrix,2025-Q4,https://www.yardimatrix.com
30906,Augusta,33.3948,-82.168,73,61.89,30.73,8.61,CoStar/Yardi Matrix,2025-Q4,https://www.yardimatrix.com
30907,Augusta,33.418,-81.9768,63,69.5,33.02,9.46,CoStar/Yardi Matrix,2025-Q4,https://www.yardimatrix.com
30908,Augusta,33.5507,-82.1129,70,68.82,32.34,9.43,CoStar/Yardi Matrix,2025-Q4,https://www.yardimatrix.com
30909,Augusta,33.5734,-82.1482,71,56.04,27.63,7.45,CoStar/Yardi Matrix,2025-Q4,https://www.yardimatrix.com
30910,Augusta,33.5498,-81.9518,76,58.48,25.99,10.54,CoStar/Yardi Matrix,2025-Q4,https://www.yardimatrix.com
70801,Baton Rouge,30.5762,-91.2582,101,57.34,23.81,8.53,CoStar/Yardi Matrix,2025-Q4,https://www.yardimatrix.com
70802,Baton Rouge,30.5067,-91.0399,76,66.76,32.31,9.92,CoStar/Yardi Matrix,2025-Q4,https://www.yardimatrix.com
70803,Baton Rouge,30.5539,-91.1479,96,73.28,27.67,7.94,CoStar/Yardi Matrix,2025-Q4,https://www.yardimatrix.com
70804,Baton Rouge,30.3378,-91.3183,91,60.95,29.13,10.37,CoStar/Yardi Matrix,2025-Q4,https://www.yardimatrix.com
70805,Baton Rouge,30.5312,-91.2347,77,56.23,24.07,7.67,CoStar/Yardi Matrix,2025-Q4,https://www.yardimatrix.com
70806,Baton Rouge,30.5972,-91.0817,101,72.62,27.66,8.08,CoStar/Yardi Matrix,2025-Q4,https://www.yardimatrix.com
70807,Baton Rouge,30.4069,-91.1238,86,56.64,30.51,9.2,CoStar/Yardi Matrix,2025-Q4,https://www.yardimatrix.com
70808,Baton Rouge,30.3899,-91.2711,100,62.52,23.88,9.9,CoStar/Yardi Matrix,2025-Q4,https://www.yardimatrix.com
70809,Baton Rouge,30.5456,-91.3632,95,56.43,32.05,10.09,CoStar/Yardi Matrix,2025-Q4,https://www.yardimatrix.com
70810,Baton Rouge,30.3322,-91.1683,103,63.08,33.32,9.55,CoStar/Yardi Matrix,2025-Q4,https://www.yardimatrix.com
70811,Baton Rouge,30.3089,-91.3416,92,60.01,27.29,9.17,CoStar/Yardi Matrix,2025-Q4,https://www.yardimatrix.com
70812,Baton Rouge,30.4158,-91.2374,77,58.95,29.05,8.89,CoStar/Yardi Matrix,2025-Q4,https://www.yardimatrix.com
70813,Baton Rouge,30.3226,-91.3601,87,59.94,27.05,10.22,CoStar/Yardi Matrix,2025-Q4,https://www.yardimatrix.com
70814,Baton Rouge,30.5252,-91.3368,88,58.34,24.09,9.17,CoStar/Yardi Matrix,2025-Q4,https://www.yardimatrix.com
70815,Baton Rouge,30.5757,-91.0282,80,71.64,31.45,9.99,CoStar/Yardi Matrix,2025-Q4,https://www.yardimatrix.com
71101,Shreveport,32.5358,-93.8159,51,64.7,28.03,8.47,CoStar/Yardi Matrix,2025-Q4,https://www.yardimatrix.com
71102,Shreveport,32.4687,-93.6927,57,71.92,31.81,9.42,CoStar/Yardi Matrix,2025-Q4,https://www.yardimatrix.com
71103,Shreveport,32.6235,-93.7468,65,56.19,33.24,8.59,CoStar/Yardi Matrix,2025-Q4,https://www.yardimatrix.com
71104,Shreveport,32.5257,-93.9166,61,70.44,28.3,9.84,CoStar/Yardi Matrix,2025-Q4,https://www.yardimatrix.com
71105,Shreveport,32.4053,-93.7802,56,71.24,30.1,9.93,CoStar/Yardi Matrix,2025-Q4,https://www.yardimatrix.com
71106,Shreveport,32.4774,-93.6079,57,53.91,25.81,7.51,CoStar/Yardi Matrix,2025-Q4,https://www.yardimatrix.com
71107,Shreveport,32.58,-93.6863,60,72.86,29.25,9.08,CoStar/Yardi Matrix,2025-Q4,https://www.yardimatrix.com
71108,Shreveport,32.4673,-93.6525,50,71.05,25.07,10.0,CoStar/Yardi Matrix,2025-Q4,https://www.yardimatrix.com
71109,Shreveport,32.5288,-93.7222,52,54.47,28.51,7.51,CoStar/Yardi Matrix,2025-Q4,https://www.yardimatrix.com
71110,Shreveport,32.6259,-93.6311,58,63.01,29.79,8.55,CoStar/Yardi Matrix,2025-Q4,https://www.yardimatrix.com
70501,Lafayette,30.3512,-92.1268,70,71.73,25.69,7.87,CoStar/Yardi Matrix,2025-Q4,https://www.yardimatrix.com
70502,Lafayette,30.3597,-92.1401,61,63.58,28.79,9.96,CoStar/Yardi Matrix,2025-Q4,https://www.yardimatrix.com
70503,Lafayette,30.2337,-92.0247,64,71.12,28.18,8.36,CoStar/Yardi Matrix,2025-Q4,https://www.yardimatrix.com
70504,Lafayette,30.183,-91.9374,65,72.09,29.04,9.26,CoStar/Yardi Matrix,2025-Q4,https://www.yardimatrix.com
70505,Lafayette,30.3388,-92.1054,68,65.85,29.23,7.39,CoStar/Yardi Matrix,2025-Q4,https://www.yardimatrix.com
70506,Lafayette,30.0771,-92.1089,64,68.76,29.98,10.15,CoStar/Yardi Matrix,2025-Q4,https://www.yardimatrix.com
70507,Lafayette,30.3403,-92.1842,69,67.57,30.61,9.5,CoStar/Yardi Matrix,2025-Q4,https://www.yardimatrix.com
70508,Lafayette,30.295,-92.1503,73,63.47,25.09,9.5,CoStar/Yardi Matrix,2025-Q4,https://www.yardimatrix.com
70509,Lafayette,30.1123,-92.1867,70,67.88,28.3,7.59,CoStar/Yardi Matrix,2025-Q4,https://www.yardimatrix.com
70510,Lafayette,30.088,-92.1943,75,67.54,27.23,8.93,CoStar/Yardi Matrix,2025-Q4,https://www.yardimatrix.com
74101,Tulsa,36.1745,-96.0746,81,63.63,32.7,7.39,CoStar/Yardi Matrix,2025-Q4,https://www.yardimatrix.com
74102,Tulsa,36.1187,-95.8542,68,53.23,23.83,8.94,CoStar/Yardi Matrix,2025-Q4,https://www.yardimatrix.com
74103,Tulsa,36.0864,-95.8175,71,53.09,26.36,7.72,CoStar/Yardi Matrix,2025-Q4,https://www.yardimatrix.com
74104,Tulsa,36.166,-96.0692,83,66.91,32.68,7.77,CoStar/Yardi Matrix,2025-Q4,https://www.yardimatrix.com
74105,Tulsa,36.2434,-95.8459,88,58.11,23.76,7.94,CoStar/Yardi Matrix,2025-Q4,https://www.yardimatrix.com
74106,Tulsa,36.0844,-96.0303,88,58.62,31.48,8.0,CoStar/Yardi Matrix,2025-Q4,https://www.yardimatrix.com
74107,Tulsa,36.2812,-95.9983,75,70.61,27.88,10.59,CoStar/Yardi Matrix,2025-Q4,https://www.yardimatrix.com
74108,Tulsa,36.2384,-95.9567,66,67.34,24.48,10.61,CoStar/Yardi Matrix,2025-Q4,https://www.yardimatrix.com
74109,Tulsa,36.0999,-96.1434,86,71.15,25.81,9.83,CoStar/Yardi Matrix,2025-Q4,https://www.yardimatrix.com
74110,Tulsa,36.0791,-96.0878,84,68.98,32.55,10.48,CoStar/Yardi Matrix,2025-Q4,https://www.yardimatrix.com
74111,Tulsa,36.1083,-96.0022,85,54.38,33.59,10.2,CoStar/Yardi Matrix,2025-Q4,https://www.yardimatrix.com
74112,Tulsa,36.116,-95.9311,89,51.42,27.55,8.19,CoStar/Yardi Matrix,2025-Q4,https://www.yardimatrix.com
74113,Tulsa,36.151,-95.9039,81,72.07,28.32,7.8,CoStar/Yardi Matrix,2025-Q4,https://www.yardimatrix.com
74114,Tulsa,36.2011,-95.9272,81,62.91,24.01,7.46,CoStar/Yardi Matrix,2025-Q4,https://www.yardimatrix.com
74115,Tulsa,36.2697,-95.9837,81,59.21,26.69,8.73,CoStar/Yardi Matrix,2025-Q4,https://www.yardimatrix.com
67201,Wichita,37.5655,-97.2979,64,66.3,32.37,9.77,CoStar/Yardi Matrix,2025-Q4,https://www.yardimatrix.com
67202,Wichita,37.5796,-97.2017,81,72.67,28.61,10.59,CoStar/Yardi Matrix,2025-Q4,https://www.yardimatrix.com
67203,Wichita,37.8148,-97.3073,60,63.2,29.29,10.37,CoStar/Yardi Matrix,2025-Q4,https://www.yardimatrix.com
67204,Wichita,37.5886,-97.4371,77,65.08,27.55,10.6,CoStar/Yardi Matrix,2025-Q4,https://www.yardimatrix.com
67205,Wichita,37.5617,-97.1932,70,53.47,25.33,9.25,CoStar/Yardi Matrix,2025-Q4,https://www.yardimatrix.com
67206,Wichita,37.6108,-97.3717,62,63.28,24.74,7.46,CoStar/Yardi Matrix,2025-Q4,https://www.yardimatrix.com
67207,Wichita,37.7449,-97.4853,61,64.44,29.41,9.14,CoStar/Yardi Matrix,2025-Q4,https://www.yardimatrix.com
67208,Wichita,37.5525,-97.2897,65,68.7,32.46,8.01,CoStar/Yardi Matrix,2025-Q4,https://www.yardimatrix.com
67209,Wichita,37.652,-97.4215,60,58.82,33.48,8.4,CoStar/Yardi Matrix,2025-Q4,https://www.yardimatrix.com
67210,Wichita,37.7183,-97.3327,62,69.8,23.95,10.04,CoStar/Yardi Matrix,2025-Q4,https://www.yardimatrix.com
57101,Sioux Falls,43.6647,-96.8655,59,60.85,23.37,8.66,CoStar/Yardi Matrix,2025-Q4,https://www.yardimatrix.com
57102,Sioux Falls,43.4412,-96.7373,62,72.77,25.96,8.01,CoStar/Yardi Matrix,2025-Q4,https://www.yardimatrix.com
57103,Sioux Falls,43.5347,-96.7066,70,54.67,31.6,7.44,CoStar/Yardi Matrix,2025-Q4,https://www.yardimatrix.com
57104,Sioux Falls,43.5353,-96.6422,79,66.28,30.54,9.82,CoStar/Yardi Matrix,2025-Q4,https://www.yardimatrix.com
57105,Sioux Falls,43.5328,-96.6177,66,64.68,25.21,8.09,CoStar/Yardi Matrix,2025-Q4,https://www.yardimatrix.com
57106,Sioux Falls,43.4462,-96.7464,68,52.71,28.32,9.01,CoStar/Yardi Matrix,2025-Q4,https://www.yardimatrix.com
57107,Sioux Falls,43.5053,-96.735,77,64.1,29.04,7.54,CoStar/Yardi Matrix,2025-Q4,https://www.yardimatrix.com
57108,Sioux Falls,43.6601,-96.5606,59,55.77,23.62,9.01,CoStar/Yardi Matrix,2025-Q4,https://www.yardimatrix.com
57109,Sioux Falls,43.5044,-96.8466,57,62.49,23.68,8.38,CoStar/Yardi Matrix,2025-Q4,https://www.yardimatrix.com
57110,Sioux Falls,43.4048,-96.7543,71,57.71,28.34,10.1,CoStar/Yardi Matrix,2025-Q4,https://www.yardimatrix.com
58101,Fargo,46.8219,-96.8051,72,55.78,33.47,7.43,CoStar/Yardi Matrix,2025-Q4,https://www.yardimatrix.com
58102,Fargo,46.9293,-96.9542,70,64.68,30.52,8.75,CoStar/Yardi Matrix,2025-Q4,https://www.yardimatrix.com
58103,Fargo,46.8685,-96.96,70,58.31,27.08,9.46,CoStar/Yardi Matrix,2025-Q4,https://www.yardimatrix.com
58104,Fargo,46.854,-96.8947,62,54.6,29.99,9.2,CoStar/Yardi Matrix,2025-Q4,https://www.yardimatrix.com
58105,Fargo,46.7526,-96.6571,75,66.87,30.44,7.69,CoStar/Yardi Matrix,2025-Q4,https://www.yardimatrix.com
58106,Fargo,46.7333,-96.9637,67,69.44,25.59,8.44,CoStar/Yardi Matrix,2025-Q4,https://www.yardimatrix.com
58107,Fargo,46.834,-96.6454,60,51.46,33.19,10.42,CoStar/Yardi Matrix,2025-Q4,https://www.yardimatrix.com
58108,Fargo,46.7681,-96.6802,74,54.52,33.4,7.71,CoStar/Yardi Matrix,2025-Q4,https://www.yardimatrix.com
58109,Fargo,46.9197,-96.6369,59,52.72,30.4,8.2,CoStar/Yardi Matrix,2025-Q4,https://www.yardimatrix.com
58110,Fargo,46.8312,-96.8584,71,63.36,28.35,7.79,CoStar/Yardi Matrix,2025-Q4,https://www.yardimatrix.com
59101,Billings,45.7226,-108.5036,59,72.75,31.89,8.43,CoStar/Yardi Matrix,2025-Q4,https://www.yardimatrix.com
59102,Billings,45.7348,-108.5551,60,58.01,32.9,9.87,CoStar/Yardi Matrix,2025-Q4,https://www.yardimatrix.com
59103,Billings,45.8289,-108.4262,57,53.46,25.14,8.14,CoStar/Yardi Matrix,2025-Q4,https://www.yardimatrix.com
59104,Billings,45.9326,-108.4693,60,69.22,30.53,9.27,CoStar/Yardi Matrix,2025-Q4,https://www.yardimatrix.com
59105,Billings,45.6543,-108.569,48,51.59,27.67,7.62,CoStar/Yardi Matrix,2025-Q4,https://www.yardimatrix.com
59106,Billings,45.7321,-108.3896,56,62.6,24.92,9.89,CoStar/Yardi Matrix,2025-Q4,https://www.yardimatrix.com
59107,Billings,45.6753,-108.3374,65,66.49,28.25,10.14,CoStar/Yardi Matrix,2025-Q4,https://www.yardimatrix.com
59108,Billings,45.9179,-108.4563,53,54.49,33.0,7.93,CoStar/Yardi Matrix,2025-Q4,https://www.yardimatrix.com
59109,Billings,45.925,-108.4504,64,63.46,25.39,9.23,CoStar/Yardi Matrix,2025-Q4,https://www.yardimatrix.com
59110,Billings,45.8482,-108.3526,47,53.37,28.89,8.15,CoStar/Yardi Matrix,2025-Q4,https://www.yardimatrix.com
59715,Bozeman,45.82,-111.0576,79,70.42,31.97,8.97,CoStar/Yardi Matrix,2025-Q4,https://www.yardimatrix.com
59716,Bozeman,45.6464,-111.0746,80,56.78,25.11,9.02,CoStar/Yardi Matrix,2025-Q4,https://www.yardimatrix.com
59717,Bozeman,45.6607,-111.0085,80,68.66,30.19,9.39,CoStar/Yardi Matrix,2025-Q4,https://www.yardimatrix.com
59718,Bozeman,45.5657,-111.215,72,71.03,28.28,8.22,CoStar/Yardi Matrix,2025-Q4,https://www.yardimatrix.com
59719,Bozeman,45.7141,-110.925,71,70.12,23.83,8.99,CoStar/Yardi Matrix,2025-Q4,https://www.yardimatrix.com
59720,Bozeman,45.7795,-110.9759,71,73.46,26.69,9.14,CoStar/Yardi Matrix,2025-Q4,https://www.yardimatrix.com
59721,Bozeman,45.7382,-111.0428,69,59.37,29.24,8.68,CoStar/Yardi Matrix,2025-Q4,https://www.yardimatrix.com
59722,Bozeman,45.5393,-111.1085,72,70.74,24.69,9.72,CoStar/Yardi Matrix,2025-Q4,https://www.yardimatrix.com
59723,Bozeman,45.6453,-111.0969,75,70.54,31.86,9.41,CoStar/Yardi Matrix,2025-Q4,https://www.yardimatrix.com
59724,Bozeman,45.5952,-111.2139,89,63.04,23.61,10.08,CoStar/Yardi Matrix,2025-Q4,https://www.yardimatrix.com
50301,Des Moines,41.5086,-93.7149,81,69.26,28.65,10.31,CoStar/Yardi Matrix,2025-Q4,https://www.yardimatrix.com
50302,Des Moines,41.5788,-93.6806,87,72.98,26.64,10.2,CoStar/Yardi Matrix,2025-Q4,https://www.yardimatrix.com
50303,Des Moines,41.6731,-93.4509,93,67.71,24.4,7.8,CoStar/Yardi Matrix,2025-Q4,https://www.yardimatrix.com
50304,Des Moines,41.4961,-93.6251,99,52.17,31.96,9.92,CoStar/Yardi Matrix,2025-Q4,https://www.yardimatrix.com
50305,Des Moines,41.67,-93.6116,102,63.01,33.28,7.83,CoStar/Yardi Matrix,2025-Q4,https://www.yardimatrix.com
50306,Des Moines,41.5114,-93.5099,82,53.52,23.59,8.39,CoStar/Yardi Matrix,2025-Q4,https://www.yardimatrix.com
50307,Des Moines,41.7073,-93.527,79,55.11,24.41,8.47,CoStar/Yardi Matrix,2025-Q4,https://www.yardimatrix.com
50308,Des Moines,41.6494,-93.6248,100,58.67,32.94,8.0,CoStar/Yardi Matrix,2025-Q4,https://www.yardimatrix.com
50309,Des Moines,41.6649,-93.6598,85,57.99,29.22,9.65,CoStar/Yardi Matrix,2025-Q4,https://www.yardimatrix.com
50310,Des Moines,41.4964,-93.5153,94,69.96,32.24,9.87,CoStar/Yardi Matrix,2025-Q4,https://www.yardimatrix.com
50311,Des Moines,41.6239,-93.6891,73,71.33,24.13,8.91,CoStar/Yardi Matrix,2025-Q4,https://www.yardimatrix.com
50312,Des Moines,41.5786,-93.5743,93,72.78,31.62,8.15,CoStar/Yardi Matrix,2025-Q4,https://www.yardimatrix.com
50313,Des Moines,41.6442,-93.4532,85,59.5,31.89,9.24,CoStar/Yardi Matrix,2025-Q4,https://www.yardimatrix.com
50314,Des Moines,41.5605,-93.5765,82,56.51,33.4,9.31,CoStar/Yardi Matrix,2025-Q4,https://www.yardimatrix.com
50315,Des Moines,41.6548,-93.4897,103,68.46,33.17,8.11,CoStar/Yardi Matrix,2025-Q4,https://www.yardimatrix.com
52401,Cedar Rapids,41.8816,-91.536,66,55.61,24.76,10.22,CoStar/Yardi Matrix,2025-Q4,https://www.yardimatrix.com
52402,Cedar Rapids,41.9925,-91.6004,68,71.38,32.57,10.5,CoStar/Yardi Matrix,2025-Q4,https://www.yardimatrix.com
52403,Cedar Rapids,41.962,-91.7474,70,61.24,26.44,9.16,CoStar/Yardi Matrix,2025-Q4,https://www.yardimatrix.com
52404,Cedar Rapids,41.9366,-91.5163,77,68.11,32.94,9.95,CoStar/Yardi Matrix,2025-Q4,https://www.yardimatrix.com
52405,Cedar Rapids,42.1062,-91.7485,60,64.61,24.63,9.55,CoStar/Yardi Matrix,2025-Q4,https://www.yardimatrix.com
52406,Cedar Rapids,42.0435,-91.6675,80,68.77,25.85,8.24,CoStar/Yardi Matrix,2025-Q4,https://www.yardimatrix.com
52407,Cedar Rapids,42.1199,-91.6108,79,59.98,31.24,7.94,CoStar/Yardi Matrix,2025-Q4,https://www.yardimatrix.com
52408,Cedar Rapids,41.9025,-91.6681,60,53.9,28.08,8.85,CoStar/Yardi Matrix,2025-Q4,https://www.yardimatrix.com
52409,Cedar Rapids,42.079,-91.5166,68,72.74,31.32,7.7,CoStar/Yardi Matrix,2025-Q4,https://www.yardimatrix.com
52410,Cedar Rapids,42.0351,-91.543,59,73.59,24.67,7.41,CoStar/Yardi Matrix,2025-Q4,https://www.yardimatrix.com
66101,Kansas City KS,39.1364,-94.499,220,69.32,25.56,8.89,CoStar/Yardi Matrix,2025-Q4,https://www.yardimatrix.com
66102,Kansas City KS,39.0606,-94.6368,251,61.4,26.31,9.21,CoStar/Yardi Matrix,2025-Q4,https://www.yardimatrix.com
66103,Kansas City KS,39.034,-94.5227,284,54.47,31.4,7.67,CoStar/Yardi Matrix,2025-Q4,https://www.yardimatrix.com
66104,Kansas City KS,39.2453,-94.4841,292,62.34,25.8,9.28,CoStar/Yardi Matrix,2025-Q4,https://www.yardimatrix.com
66105,Kansas City KS,39.2634,-94.5186,272,55.58,31.3,9.31,CoStar/Yardi Matrix,2025-Q4,https://www.yardimatrix.com
66106,Kansas City KS,39.0409,-94.6519,258,58.19,31.93,9.08,CoStar/Yardi Matrix,2025-Q4,https://www.yardimatrix.com
66107,Kansas City KS,39.0177,-94.4766,239,69.61,26.42,10.34,CoStar/Yardi Matrix,2025-Q4,https://www.yardimatrix.com
66108,Kansas City KS,38.9962,-94.578,264,68.9,25.92,8.12,CoStar/Yardi Matrix,2025-Q4,https://www.yardimatrix.com
66109,Kansas City KS,39.2597,-94.7773,228,52.1,24.0,8.71,CoStar/Yardi Matrix,2025-Q4,https://www.yardimatrix.com
66110,Kansas City KS,39.1839,-94.5731,255,73.28,26.54,8.48,CoStar/Yardi Matrix,2025-Q4,https://www.yardimatrix.com
68501,Lincoln NE,40.9359,-96.579,80,59.05,30.16,9.88,CoStar/Yardi Matrix,2025-Q4,https://www.yardimatrix.com
68502,Lincoln NE,40.8606,-96.69,86,72.93,31.83,8.95,CoStar/Yardi Matrix,2025-Q4,https://www.yardimatrix.com
68503,Lincoln NE,40.7792,-96.5399,101,64.79,33.21,10.01,CoStar/Yardi Matrix,2025-Q4,https://www.yardimatrix.com
68504,Lincoln NE,40.7621,-96.8301,82,66.16,24.17,8.83,CoStar/Yardi Matrix,2025-Q4,https://www.yardimatrix.com
68505,Lincoln NE,40.8326,-96.5664,75,53.95,26.08,9.09,CoStar/Yardi Matrix,2025-Q4,https://www.yardimatrix.com
68506,Lincoln NE,40.755,-96.5533,78,73.6,24.77,8.65,CoStar/Yardi Matrix,2025-Q4,https://www.yardimatrix.com
68507,Lincoln NE,40.7392,-96.8584,99,71.27,31.76,10.5,CoStar/Yardi Matrix,2025-Q4,https://www.yardimatrix.com
68508,Lincoln NE,40.8472,-96.8042,98,68.25,24.67,9.31,CoStar/Yardi Matrix,2025-Q4,https://www.yardimatrix.com
68509,Lincoln NE,40.7477,-96.6747,87,68.78,27.15,9.99,CoStar/Yardi Matrix,2025-Q4,https://www.yardimatrix.com
68510,Lincoln NE,40.7885,-96.6955,102,70.28,25.06,9.55,CoStar/Yardi Matrix,2025-Q4,https://www.yardimatrix.com
53701,Madison WI,43.1115,-89.2574,119,63.87,28.43,9.79,CoStar/Yardi Matrix,2025-Q4,https://www.yardimatrix.com
53702,Madison WI,43.1459,-89.308,113,65.98,31.57,8.35,CoStar/Yardi Matrix,2025-Q4,https://www.yardimatrix.com
53703,Madison WI,42.968,-89.447,125,61.1,33.29,8.51,CoStar/Yardi Matrix,2025-Q4,https://www.yardimatrix.com
53704,Madison WI,43.0892,-89.5189,124,71.67,30.92,10.23,CoStar/Yardi Matrix,2025-Q4,https://www.yardimatrix.com
53705,Madison WI,42.9577,-89.5271,124,62.61,23.65,8.34,CoStar/Yardi Matrix,2025-Q4,https://www.yardimatrix.com
53706,Madison WI,43.0212,-89.5086,124,60.83,30.79,9.41,CoStar/Yardi Matrix,2025-Q4,https://www.yardimatrix.com
53707,Madison WI,43.1038,-89.3219,119,72.77,32.69,10.08,CoStar/Yardi Matrix,2025-Q4,https://www.yardimatrix.com
53708,Madison WI,42.9813,-89.4513,124,53.35,24.83,8.16,CoStar/Yardi Matrix,2025-Q4,https://www.yardimatrix.com
53709,Madison WI,43.1809,-89.5727,111,68.54,27.82,10.38,CoStar/Yardi Matrix,2025-Q4,https://www.yardimatrix.com
53710,Madison WI,43.0885,-89.2825,114,52.23,30.06,8.91,CoStar/Yardi Matrix,2025-Q4,https://www.yardimatrix.com
53711,Madison WI,43.1248,-89.4847,97,72.91,33.53,8.87,CoStar/Yardi Matrix,2025-Q4,https://www.yardimatrix.com
53712,Madison WI,43.142,-89.2285,111,71.21,25.23,8.59,CoStar/Yardi Matrix,2025-Q4,https://www.yardimatrix.com
53713,Madison WI,43.1649,-89.4684,126,51.95,29.81,9.56,CoStar/Yardi Matrix,2025-Q4,https://www.yardimatrix.com
53714,Madison WI,42.9325,-89.2533,123,64.77,26.72,7.78,CoStar/Yardi Matrix,2025-Q4,https://www.yardimatrix.com
53715,Madison WI,43.0923,-89.5347,121,66.96,29.82,8.74,CoStar/Yardi Matrix,2025-Q4,https://www.yardimatrix.com
54301,Green Bay,44.5754,-88.1087,76,51.52,27.91,10.19,CoStar/Yardi Matrix,2025-Q4,https://www.yardimatrix.com
54302,Green Bay,44.6095,-88.0614,65,60.13,31.29,9.89,CoStar/Yardi Matrix,2025-Q4,https://www.yardimatrix.com
54303,Green Bay,44.4123,-88.1275,82,52.73,23.82,9.6,CoStar/Yardi Matrix,2025-Q4,https://www.yardimatrix.com
54304,Green Bay,44.5143,-87.8681,82,60.71,27.41,9.65,CoStar/Yardi Matrix,2025-Q4,https://www.yardimatrix.com
54305,Green Bay,44.6082,-88.1399,71,60.8,24.95,9.23,CoStar/Yardi Matrix,2025-Q4,https://www.yardimatrix.com
54306,Green Bay,44.5735,-87.9856,78,67.85,30.56,8.5,CoStar/Yardi Matrix,2025-Q4,https://www.yardimatrix.com
54307,Green Bay,44.4297,-87.9844,76,58.59,25.6,10.41,CoStar/Yardi Matrix,2025-Q4,https://www.yardimatrix.com
54308,Green Bay,44.4101,-87.9208,82,55.65,31.16,8.03,CoStar/Yardi Matrix,2025-Q4,https://www.yardimatrix.com
54309,Green Bay,44.5047,-87.9614,69,51.95,27.37,9.02,CoStar/Yardi Matrix,2025-Q4,https://www.yardimatrix.com
54310,Green Bay,44.5906,-88.0885,73,53.41,25.87,10.05,CoStar/Yardi Matrix,2025-Q4,https://www.yardimatrix.com
47201,Columbus IN,39.3389,-86.052,249,70.79,32.38,7.68,CoStar/Yardi Matrix,2025-Q4,https://www.yardimatrix.com
47202,Columbus IN,39.2979,-85.8772,250,54.4,31.06,7.65,CoStar/Yardi Matrix,2025-Q4,https://www.yardimatrix.com
47203,Columbus IN,39.0799,-85.9561,291,59.69,32.14,10.28,CoStar/Yardi Matrix,2025-Q4,https://www.yardimatrix.com
47204,Columbus IN,39.1234,-85.804,256,60.56,25.23,9.47,CoStar/Yardi Matrix,2025-Q4,https://www.yardimatrix.com
47205,Columbus IN,39.1461,-85.8341,237,59.59,30.35,8.38,CoStar/Yardi Matrix,2025-Q4,https://www.yardimatrix.com
47206,Columbus IN,39.2813,-86.0424,266,73.18,28.21,7.76,CoStar/Yardi Matrix,2025-Q4,https://www.yardimatrix.com
47207,Columbus IN,39.0835,-85.8065,271,51.93,26.18,7.7,CoStar/Yardi Matrix,2025-Q4,https://www.yardimatrix.com
47208,Columbus IN,39.2302,-85.9562,217,59.45,29.4,9.19,CoStar/Yardi Matrix,2025-Q4,https://www.yardimatrix.com
47209,Columbus IN,39.0581,-85.903,292,61.67,24.31,8.72,CoStar/Yardi Matrix,2025-Q4,https://www.yardimatrix.com
47210,Columbus IN,39.1773,-85.7527,284,73.28,28.85,9.54,CoStar/Yardi Matrix,2025-Q4,https://www.yardimatrix.com
46801,Fort Wayne,41.1968,-84.96,81,59.47,29.31,9.81,CoStar/Yardi Matrix,2025-Q4,https://www.yardimatrix.com
46802,Fort Wayne,41.2061,-85.2366,76,67.04,23.44,10.59,CoStar/Yardi Matrix,2025-Q4,https://www.yardimatrix.com
46803,Fort Wayne,41.1311,-85.0959,66,71.71,28.65,8.08,CoStar/Yardi Matrix,2025-Q4,https://www.yardimatrix.com
46804,Fort Wayne,41.2302,-85.0068,81,57.38,24.94,10.06,CoStar/Yardi Matrix,2025-Q4,https://www.yardimatrix.com
46805,Fort Wayne,41.0117,-85.2626,79,58.88,28.86,9.47,CoStar/Yardi Matrix,2025-Q4,https://www.yardimatrix.com
46806,Fort Wayne,41.1451,-85.2343,60,56.62,31.55,8.02,CoStar/Yardi Matrix,2025-Q4,https://www.yardimatrix.com
46807,Fort Wayne,41.2443,-84.9516,57,62.98,32.96,10.17,CoStar/Yardi Matrix,2025-Q4,https://www.yardimatrix.com
46808,Fort Wayne,41.0224,-84.9804,64,52.8,25.44,8.3,CoStar/Yardi Matrix,2025-Q4,https://www.yardimatrix.com
46809,Fort Wayne,41.0561,-85.2798,71,62.77,28.21,7.77,CoStar/Yardi Matrix,2025-Q4,https://www.yardimatrix.com
46810,Fort Wayne,41.0588,-85.0202,79,56.08,26.93,8.97,CoStar/Yardi Matrix,2025-Q4,https://www.yardimatrix.com
47901,Lafayette IN,40.4308,-86.6989,242,70.55,25.53,7.57,CoStar/Yardi Matrix,2025-Q4,https://www.yardimatrix.com
47902,Lafayette IN,40.4802,-86.7547,243,67.02,27.01,8.26,CoStar/Yardi Matrix,2025-Q4,https://www.yardimatrix.com
47903,Lafayette IN,40.4898,-86.9805,278,70.63,29.55,10.59,CoStar/Yardi Matrix,2025-Q4,https://www.yardimatrix.com
47904,Lafayette IN,40.5311,-86.9986,244,73.39,33.11,7.76,CoStar/Yardi Matrix,2025-Q4,https://www.yardimatrix.com
47905,Lafayette IN,40.3313,-86.8578,292,66.73,28.98,10.08,CoStar/Yardi Matrix,2025-Q4,https://www.yardimatrix.com
47906,Lafayette IN,40.3853,-86.7086,291,51.91,27.7,7.62,CoStar/Yardi Matrix,2025-Q4,https://www.yardimatrix.com
47907,Lafayette IN,40.2707,-86.8772,262,53.48,28.31,8.55,CoStar/Yardi Matrix,2025-Q4,https://www.yardimatrix.com
47908,Lafayette IN,40.5256,-86.8862,293,53.51,33.31,8.13,CoStar/Yardi Matrix,2025-Q4,https://www.yardimatrix.com
47909,Lafayette IN,40.5527,-86.8872,214,68.12,28.19,7.49,CoStar/Yardi Matrix,2025-Q4,https://www.yardimatrix.com
47910,Lafayette IN,40.3805,-87.0086,283,59.48,32.72,9.69,CoStar/Yardi Matrix,2025-Q4,https://www.yardimatrix.com
47501,Vincennes,38.7083,-87.5371,225,69.48,25.27,9.31,CoStar/Yardi Matrix,2025-Q4,https://www.yardimatrix.com
47502,Vincennes,38.6583,-87.4345,208,65.44,28.6,9.44,CoStar/Yardi Matrix,2025-Q4,https://www.yardimatrix.com
47503,Vincennes,38.7918,-87.3584,276,53.09,30.18,8.56,CoStar/Yardi Matrix,2025-Q4,https://www.yardimatrix.com
47504,Vincennes,38.6575,-87.4223,247,53.62,27.96,9.86,CoStar/Yardi Matrix,2025-Q4,https://www.yardimatrix.com
47505,Vincennes,38.619,-87.5316,226,72.82,33.19,9.86,CoStar/Yardi Matrix,2025-Q4,https://www.yardimatrix.com
47506,Vincennes,38.5733,-87.5124,214,59.55,23.62,8.25,CoStar/Yardi Matrix,2025-Q4,https://www.yardimatrix.com
47507,Vincennes,38.765,-87.6093,257,66.71,30.07,8.14,CoStar/Yardi Matrix,2025-Q4,https://www.yardimatrix.com
47508,Vincennes,38.8205,-87.6649,273,65.08,31.25,8.21,CoStar/Yardi Matrix,2025-Q4,https://www.yardimatrix.com
47509,Vincennes,38.6576,-87.4466,285,56.65,27.05,7.7,CoStar/Yardi Matrix,2025-Q4,https://www.yardimatrix.com
47510,Vincennes,38.7536,-87.3799,287,59.51,29.09,8.08,CoStar/Yardi Matrix,2025-Q4,https://www.yardimatrix.com
40601,Lexington,38.006,-84.5784,108,51.62,28.28,10.24,CoStar/Yardi Matrix,2025-Q4,https://www.yardimatrix.com
40602,Lexington,38.1332,-84.486,93,64.25,31.59,9.1,CoStar/Yardi Matrix,2025-Q4,https://www.yardimatrix.com
40603,Lexington,38.1364,-84.4982,84,66.75,24.07,8.34,CoStar/Yardi Matrix,2025-Q4,https://www.yardimatrix.com
40604,Lexington,38.1782,-84.324,104,68.8,23.41,8.0,CoStar/Yardi Matrix,2025-Q4,https://www.yardimatrix.com
40605,Lexington,38.0809,-84.3398,86,58.86,32.74,7.77,CoStar/Yardi Matrix,2025-Q4,https://www.yardimatrix.com
40606,Lexington,38.1198,-84.6788,103,69.31,27.39,9.16,CoStar/Yardi Matrix,2025-Q4,https://www.yardimatrix.com
40607,Lexington,38.0777,-84.5881,117,64.09,30.79,8.75,CoStar/Yardi Matrix,2025-Q4,https://www.yardimatrix.com
40608,Lexington,37.9708,-84.4147,103,66.33,26.56,10.57,CoStar/Yardi Matrix,2025-Q4,https://www.yardimatrix.com
40609,Lexington,38.0465,-84.4889,93,71.32,30.57,8.07,CoStar/Yardi Matrix,2025-Q4,https://www.yardimatrix.com
40610,Lexington,38.1586,-84.603,111,71.44,27.37,9.19,CoStar/Yardi Matrix,2025-Q4,https://www.yardimatrix.com
40611,Lexington,37.9947,-84.6519,90,65.92,27.72,9.87,CoStar/Yardi Matrix,2025-Q4,https://www.yardimatrix.com
40612,Lexington,38.0432,-84.5447,103,53.37,25.04,9.56,CoStar/Yardi Matrix,2025-Q4,https://www.yardimatrix.com
40613,Lexington,38.1431,-84.5392,110,72.66,27.01,9.41,CoStar/Yardi Matrix,2025-Q4,https://www.yardimatrix.com
40614,Lexington,37.8913,-84.4176,93,63.45,29.74,8.06,CoStar/Yardi Matrix,2025-Q4,https://www.yardimatrix.com
40615,Lexington,38.0832,-84.3843,109,60.31,26.41,9.84,CoStar/Yardi Matrix,2025-Q4,https://www.yardimatrix.com
37660,Kingsport,36.6554,-82.4133,62,69.83,26.61,10.29,CoStar/Yardi Matrix,2025-Q4,https://www.yardimatrix.com
37661,Kingsport,36.596,-82.5538,64,65.83,32.41,8.78,CoStar/Yardi Matrix,2025-Q4,https://www.yardimatrix.com
37662,Kingsport,36.6214,-82.41,57,67.87,30.25,7.63,CoStar/Yardi Matrix,2025-Q4,https://www.yardimatrix.com
37663,Kingsport,36.6844,-82.7363,66,62.68,29.55,9.93,CoStar/Yardi Matrix,2025-Q4,https://www.yardimatrix.com
37664,Kingsport,36.4909,-82.6425,57,63.09,31.16,7.87,CoStar/Yardi Matrix,2025-Q4,https://www.yardimatrix.com
37665,Kingsport,36.4456,-82.5524,49,52.06,24.64,9.63,CoStar/Yardi Matrix,2025-Q4,https://www.yardimatrix.com
37666,Kingsport,36.6568,-82.7302,46,70.35,26.04,7.41,CoStar/Yardi Matrix,2025-Q4,https://www.yardimatrix.com
37667,Kingsport,36.4232,-82.5806,63,52.97,31.62,8.24,CoStar/Yardi Matrix,2025-Q4,https://www.yardimatrix.com
37668,Kingsport,36.5526,-82.4312,50,58.56,33.38,9.35,CoStar/Yardi Matrix,2025-Q4,https://www.yardimatrix.com
37669,Kingsport,36.4969,-82.6474,55,61.38,29.16,10.2,CoStar/Yardi Matrix,2025-Q4,https://www.yardimatrix.com
37601,Johnson City,36.4091,-82.458,51,57.51,31.53,8.94,CoStar/Yardi Matrix,2025-Q4,https://www.yardimatrix.com
37602,Johnson City,36.1858,-82.4348,55,72.32,29.08,9.39,CoStar/Yardi Matrix,2025-Q4,https://www.yardimatrix.com
37603,Johnson City,36.3112,-82.1967,66,52.26,28.61,7.95,CoStar/Yardi Matrix,2025-Q4,https://www.yardimatrix.com
37604,Johnson City,36.42,-82.4946,53,66.71,28.95,10.0,CoStar/Yardi Matrix,2025-Q4,https://www.yardimatrix.com
37605,Johnson City,36.3076,-82.3129,65,55.14,24.45,10.48,CoStar/Yardi Matrix,2025-Q4,https://www.yardimatrix.com
37606,Johnson City,36.3907,-82.3269,60,68.96,30.2,9.28,CoStar/Yardi Matrix,2025-Q4,https://www.yardimatrix.com
37607,Johnson City,36.2673,-82.254,56,61.91,27.24,8.82,CoStar/Yardi Matrix,2025-Q4,https://www.yardimatrix.com
37608,Johnson City,36.3732,-82.3433,66,60.95,27.21,9.15,CoStar/Yardi Matrix,2025-Q4,https://www.yardimatrix.com
37609,Johnson City,36.1947,-82.2876,51,68.94,31.83,9.71,CoStar/Yardi Matrix,2025-Q4,https://www.yardimatrix.com
37610,Johnson City,36.361,-82.2936,63,69.31,25.55,9.83,CoStar/Yardi Matrix,2025-Q4,https://www.yardimatrix.com
37201,Nashville,36.0208,-86.6646,415,68.38,26.22,8.43,CoStar/Yardi Matrix,2025-Q4,https://www.yardimatrix.com
37202,Nashville,36.0437,-86.8936,358,54.67,26.59,9.49,CoStar/Yardi Matrix,2025-Q4,https://www.yardimatrix.com
37203,Nashville,36.2552,-86.9376,415,70.25,26.17,8.38,CoStar/Yardi Matrix,2025-Q4,https://www.yardimatrix.com
37204,Nashville,36.061,-86.7206,346,62.53,29.65,7.44,CoStar/Yardi Matrix,2025-Q4,https://www.yardimatrix.com
37205,Nashville,36.273,-86.7606,448,65.58,24.85,9.2,CoStar/Yardi Matrix,2025-Q4,https://www.yardimatrix.com
37206,Nashville,36.0539,-86.9444,350,66.17,30.37,9.8,CoStar/Yardi Matrix,2025-Q4,https://www.yardimatrix.com
37207,Nashville,36.1991,-86.8882,396,53.16,29.76,8.17,CoStar/Yardi Matrix,2025-Q4,https://www.yardimatrix.com
37208,Nashville,36.1133,-86.8843,413,67.84,23.93,8.62,CoStar/Yardi Matrix,2025-Q4,https://www.yardimatrix.com
37209,Nashville,36.0776,-86.7782,354,51.45,28.54,8.9,CoStar/Yardi Matrix,2025-Q4,https://www.yardimatrix.com
37210,Nashville,36.0648,-86.7019,374,73.62,24.8,10.48,CoStar/Yardi Matrix,2025-Q4,https://www.yardimatrix.com
42101,Bowling Green,36.9433,-86.4594,69,57.88,33.44,9.97,CoStar/Yardi Matrix,2025-Q4,https://www.yardimatrix.com
42102,Bowling Green,37.091,-86.3387,69,56.53,26.73,9.8,CoStar/Yardi Matrix,2025-Q4,https://www.yardimatrix.com
42103,Bowling Green,36.8589,-86.5973,62,60.34,28.37,7.39,CoStar/Yardi Matrix,2025-Q4,https://www.yardimatrix.com
42104,Bowling Green,36.8858,-86.4204,77,57.47,30.59,9.31,CoStar/Yardi Matrix,2025-Q4,https://www.yardimatrix.com
42105,Bowling Green,36.9149,-86.3951,67,70.26,26.59,9.21,CoStar/Yardi Matrix,2025-Q4,https://www.yardimatrix.com
42106,Bowling Green,36.9807,-86.5756,63,54.33,25.49,9.62,CoStar/Yardi Matrix,2025-Q4,https://www.yardimatrix.com
42107,Bowling Green,36.8426,-86.5608,71,66.89,29.55,10.56,CoStar/Yardi Matrix,2025-Q4,https://www.yardimatrix.com
42108,Bowling Green,36.8899,-86.6549,61,63.34,25.33,9.49,CoStar/Yardi Matrix,2025-Q4,https://www.yardimatrix.com
42109,Bowling Green,36.8522,-86.3383,61,52.11,28.66,9.37,CoStar/Yardi Matrix,2025-Q4,https://www.yardimatrix.com
42110,Bowling Green,36.885,-86.4697,76,58.28,24.03,7.61,CoStar/Yardi Matrix,2025-Q4,https://www.yardimatrix.com
25301,Charleston WV,38.4928,-81.7149,255,65.69,28.17,8.01,CoStar/Yardi Matrix,2025-Q4,https://www.yardimatrix.com
25302,Charleston WV,38.4804,-81.6704,269,72.98,24.18,10.47,CoStar/Yardi Matrix,2025-Q4,https://www.yardimatrix.com
25303,Charleston WV,38.3293,-81.619,280,63.24,30.98,7.72,CoStar/Yardi Matrix,2025-Q4,https://www.yardimatrix.com
25304,Charleston WV,38.4376,-81.4872,266,58.59,32.58,8.71,CoStar/Yardi Matrix,2025-Q4,https://www.yardimatrix.com
25305,Charleston WV,38.3208,-81.5498,262,56.89,27.13,10.01,CoStar/Yardi Matrix,2025-Q4,https://www.yardimatrix.com
25306,Charleston WV,38.2937,-81.5395,247,69.84,25.71,10.09,CoStar/Yardi Matrix,2025-Q4,https://www.yardimatrix.com
25307,Charleston WV,38.4838,-81.5533,265,71.57,26.66,8.34,CoStar/Yardi Matrix,2025-Q4,https://www.yardimatrix.com
25308,Charleston WV,38.4646,-81.6056,280,53.78,32.49,10.18,CoStar/Yardi Matrix,2025-Q4,https://www.yardimatrix.com
25309,Charleston WV,38.4046,-81.4693,284,63.21,30.17,8.53,CoStar/Yardi Matrix,2025-Q4,https://www.yardimatrix.com
25310,Charleston WV,38.4688,-81.4851,285,58.87,24.77,9.04,CoStar/Yardi Matrix,2025-Q4,https://www.yardimatrix.com
26101,Parkersburg,39.3149,-81.4232,257,61.94,29.69,7.62,CoStar/Yardi Matrix,2025-Q4,https://www.yardimatrix.com
26102,Parkersburg,39.3786,-81.3911,265,60.75,27.04,8.19,CoStar/Yardi Matrix,2025-Q4,https://www.yardimatrix.com
26103,Parkersburg,39.2679,-81.5006,287,53.68,29.19,7.5,CoStar/Yardi Matrix,2025-Q4,https://www.yardimatrix.com
26104,Parkersburg,39.3074,-81.4347,277,65.46,25.14,9.48,CoStar/Yardi Matrix,2025-Q4,https://www.yardimatrix.com
26105,Parkersburg,39.2244,-81.4021,264,63.56,30.63,7.46,CoStar/Yardi Matrix,2025-Q4,https://www.yardimatrix.com
26106,Parkersburg,39.2993,-81.5073,227,69.23,29.0,7.9,CoStar/Yardi Matrix,2025-Q4,https://www.yardimatrix.com
26107,Parkersburg,39.3285,-81.5729,254,63.19,28.5,8.35,CoStar/Yardi Matrix,2025-Q4,https://www.yardimatrix.com
26108,Parkersburg,39.3579,-81.4881,216,59.59,26.14,10.34,CoStar/Yardi Matrix,2025-Q4,https://www.yardimatrix.com
26109,Parkersburg,39.4096,-81.5983,274,61.44,29.45,7.99,CoStar/Yardi Matrix,2025-Q4,https://www.yardimatrix.com
26110,Parkersburg,39.234,-81.4862,232,68.29,25.56,7.53,CoStar/Yardi Matrix,2025-Q4,https://www.yardimatrix.com
24501,Lynchburg,37.2848,-79.1518,208,66.07,31.97,7.66,CoStar/Yardi Matrix,2025-Q4,https://www.yardimatrix.com
24502,Lynchburg,37.3604,-79.2192,270,69.42,27.75,9.69,CoStar/Yardi Matrix,2025-Q4,https://www.yardimatrix.com
24503,Lynchburg,37.4103,-79.127,225,56.61,32.14,8.06,CoStar/Yardi Matrix,2025-Q4,https://www.yardimatrix.com
24504,Lynchburg,37.5413,-79.0926,285,55.0,28.66,8.43,CoStar/Yardi Matrix,2025-Q4,https://www.yardimatrix.com
24505,Lynchburg,37.4301,-79.2763,239,56.87,26.1,10.26,CoStar/Yardi Matrix,2025-Q4,https://www.yardimatrix.com
24506,Lynchburg,37.3068,-79.1192,291,53.97,31.84,10.49,CoStar/Yardi Matrix,2025-Q4,https://www.yardimatrix.com
24507,Lynchburg,37.4278,-78.9677,249,64.01,28.65,8.95,CoStar/Yardi Matrix,2025-Q4,https://www.yardimatrix.com
24508,Lynchburg,37.5609,-79.2215,270,62.47,26.35,10.59,CoStar/Yardi Matrix,2025-Q4,https://www.yardimatrix.com
24509,Lynchburg,37.2748,-79.1749,258,65.57,25.56,7.64,CoStar/Yardi Matrix,2025-Q4,https://www.yardimatrix.com
24510,Lynchburg,37.4547,-79.1406,210,65.24,24.17,8.19,CoStar/Yardi Matrix,2025-Q4,https://www.yardimatrix.com
22901,Charlottesville,37.8927,-78.5234,214,63.81,30.62,10.25,CoStar/Yardi Matrix,2025-Q4,https://www.yardimatrix.com
22902,Charlottesville,38.0076,-78.5321,293,63.79,30.94,8.43,CoStar/Yardi Matrix,2025-Q4,https://www.yardimatrix.com
22903,Charlottesville,38.0744,-78.5173,283,62.49,32.92,8.3,CoStar/Yardi Matrix,2025-Q4,https://www.yardimatrix.com
22904,Charlottesville,37.8947,-78.3537,246,60.87,33.37,10.5,CoStar/Yardi Matrix,2025-Q4,https://www.yardimatrix.com
22905,Charlottesville,38.0246,-78.5513,234,67.98,24.04,10.07,CoStar/Yardi Matrix,2025-Q4,https://www.yardimatrix.com
22906,Charlottesville,38.1246,-78.4651,288,68.78,28.34,9.58,CoStar/Yardi Matrix,2025-Q4,https://www.yardimatrix.com
22907,Charlottesville,38.1051,-78.6006,235,62.77,29.47,10.17,CoStar/Yardi Matrix,2025-Q4,https://www.yardimatrix.com
22908,Charlottesville,38.0808,-78.6067,218,57.66,30.21,8.72,CoStar/Yardi Matrix,2025-Q4,https://www.yardimatrix.com
22909,Charlottesville,37.9528,-78.3938,272,67.86,31.46,9.03,CoStar/Yardi Matrix,2025-Q4,https://www.yardimatrix.com
22910,Charlottesville,38.0364,-78.4357,209,72.83,30.22,9.62,CoStar/Yardi Matrix,2025-Q4,https://www.yardimatrix.com
23451,Virginia Beach,36.9739,-75.9662,101,64.21,26.2,7.49,CoStar/Yardi Matrix,2025-Q4,https://www.yardimatrix.com
23452,Virginia Beach,36.7449,-76.1031,113,54.89,31.39,7.58,CoStar/Yardi Matrix,2025-Q4,https://www.yardimatrix.com
23453,Virginia Beach,36.79,-76.0295,100,53.41,30.85,9.83,CoStar/Yardi Matrix,2025-Q4,https://www.yardimatrix.com
23454,Virginia Beach,36.8282,-75.8688,127,68.79,31.67,8.47,CoStar/Yardi Matrix,2025-Q4,https://www.yardimatrix.com
23455,Virginia Beach,36.936,-76.1366,129,60.52,30.63,10.49,CoStar/Yardi Matrix,2025-Q4,https://www.yardimatrix.com
23456,Virginia Beach,36.8455,-76.0243,101,59.97,29.52,9.36,CoStar/Yardi Matrix,2025-Q4,https://www.yardimatrix.com
23457,Virginia Beach,36.7627,-75.8397,116,61.45,32.61,9.82,CoStar/Yardi Matrix,2025-Q4,https://www.yardimatrix.com
23458,Virginia Beach,36.8858,-76.0096,108,60.35,29.12,9.56,CoStar/Yardi Matrix,2025-Q4,https://www.yardimatrix.com
23459,Virginia Beach,36.8071,-76.0947,116,61.94,31.13,8.03,CoStar/Yardi Matrix,2025-Q4,https://www.yardimatrix.com
23460,Virginia Beach,36.7453,-75.8398,102,72.36,32.81,7.93,CoStar/Yardi Matrix,2025-Q4,https://www.yardimatrix.com
23601,Newport News,37.1125,-76.5177,66,60.37,27.34,9.34,CoStar/Yardi Matrix,2025-Q4,https://www.yardimatrix.com
23602,Newport News,36.9948,-76.4527,87,56.85,33.63,10.16,CoStar/Yardi Matrix,2025-Q4,https://www.yardimatrix.com
23603,Newport News,36.9823,-76.5844,93,70.25,32.36,9.89,CoStar/Yardi Matrix,2025-Q4,https://www.yardimatrix.com
23604,Newport News,36.9445,-76.6169,91,56.96,32.38,9.08,CoStar/Yardi Matrix,2025-Q4,https://www.yardimatrix.com
23605,Newport News,37.0609,-76.635,79,67.83,25.65,7.46,CoStar/Yardi Matrix,2025-Q4,https://www.yardimatrix.com
23606,Newport News,36.9444,-76.3611,82,67.06,29.54,8.39,CoStar/Yardi Matrix,2025-Q4,https://www.yardimatrix.com
23607,Newport News,37.1419,-76.6161,74,59.35,31.28,9.41,CoStar/Yardi Matrix,2025-Q4,https://www.yardimatrix.com
23608,Newport News,37.2114,-76.4137,92,64.94,25.97,9.34,CoStar/Yardi Matrix,2025-Q4,https://www.yardimatrix.com
23609,Newport News,37.0603,-76.582,91,61.93,24.09,8.84,CoStar/Yardi Matrix,2025-Q4,https://www.yardimatrix.com
23610,Newport News,37.015,-76.5189,91,59.61,27.34,8.26,CoStar/Yardi Matrix,2025-Q4,https://www.yardimatrix.com
23301,Richmond VA,37.4927,-77.601,115,64.33,30.21,9.8,CoStar/Yardi Matrix,2025-Q4,https://www.yardimatrix.com
23302,Richmond VA,37.6892,-77.5453,120,55.8,31.57,8.35,CoStar/Yardi Matrix,2025-Q4,https://www.yardimatrix.com
23303,Richmond VA,37.6332,-77.5566,117,62.19,25.98,9.59,CoStar/Yardi Matrix,2025-Q4,https://www.yardimatrix.com
23304,Richmond VA,37.5591,-77.2818,154,71.92,26.46,7.44,CoStar/Yardi Matrix,2025-Q4,https://www.yardimatrix.com
23305,Richmond VA,37.667,-77.563,112,53.7,28.78,8.62,CoStar/Yardi Matrix,2025-Q4,https://www.yardimatrix.com
23306,Richmond VA,37.4218,-77.4612,151,54.68,32.77,8.4,CoStar/Yardi Matrix,2025-Q4,https://www.yardimatrix.com
23307,Richmond VA,37.4294,-77.3005,148,66.64,27.46,10.15,CoStar/Yardi Matrix,2025-Q4,https://www.yardimatrix.com
23308,Richmond VA,37.4311,-77.35,150,68.1,31.98,8.39,CoStar/Yardi Matrix,2025-Q4,https://www.yardimatrix.com
23309,Richmond VA,37.3942,-77.5942,143,57.08,31.94,8.18,CoStar/Yardi Matrix,2025-Q4,https://www.yardimatrix.com
23310,Richmond VA,37.5728,-77.2893,154,63.52,23.48,9.29,CoStar/Yardi Matrix,2025-Q4,https://www.yardimatrix.com
