zip_code,metro,lat,lng,renter_occupied_pct,owner_occupied_pct,avg_household_size,data_source,as_of_date,source_url
10001,New York,40.564,-74.0031,66.78,40.6,2.22,US Census ACS,2023,https://data.census.gov
10002,New York,40.7872,-73.9938,63.96,36.9,2.26,US Census ACS,2023,https://data.census.gov
10003,New York,40.8358,-74.1131,56.14,23.9,2.4,US Census ACS,2023,https://data.census.gov
10004,New York,40.5966,-73.9574,69.56,44.0,2.66,US Census ACS,2023,https://data.census.gov
10005,New York,40.6223,-73.9097,75.42,30.5,2.51,US Census ACS,2023,https://data.census.gov
10006,New York,40.7455,-74.1688,63.26,42.7,2.44,US Census ACS,2023,https://data.census.gov
10007,New York,40.753,-74.0236,76.39,34.8,2.71,US Census ACS,2023,https://data.census.gov
10008,New York,40.8409,-73.8729,63.21,41.3,2.69,US Census ACS,2023,https://data.census.gov
10009,New York,40.6863,-73.8916,53.49,34.9,2.49,US Census ACS,2023,https://data.census.gov
10010,New York,40.6582,-74.1744,67.83,28.7,2.87,US Census ACS,2023,https://data.census.gov
10011,New York,40.6164,-74.0364,63.18,33.6,2.49,US Census ACS,2023,https://data.census.gov
10012,New York,40.7651,-74.0813,58.7,34.5,2.62,US Census ACS,2023,https://data.census.gov
10013,New York,40.5718,-73.9069,54.16,41.6,2.46,US Census ACS,2023,https://data.census.gov
10014,New York,40.8483,-73.9022,71.53,29.3,2.76,US Census ACS,2023,https://data.census.gov
10015,New York,40.7876,-73.9791,75.48,26.1,2.37,US Census ACS,2023,https://data.census.gov
10016,New York,40.8492,-73.9492,57.35,39.0,2.49,US Census ACS,2023,https://data.census.gov
10017,New York,40.7315,-74.0492,64.81,24.3,2.59,US Census ACS,2023,https://data.census.gov
10018,New York,40.7465,-74.0062,56.03,41.6,2.74,US Census ACS,2023,https://data.census.gov
10019,New York,40.8496,-73.9842,71.67,28.3,2.96,US Census ACS,2023,https://data.census.gov
10020,New York,40.7937,-74.0435,68.19,32.0,2.22,US Census ACS,2023,https://data.census.gov
10021,New York,40.8501,-73.9875,70.19,39.2,2.54,US Census ACS,2023,https://data.census.gov
10022,New York,40.61,-74.0677,57.42,28.3,2.9,US Census ACS,2023,https://data.census.gov
10023,New York,40.6564,-74.081,58.49,25.0,2.24,US Census ACS,2023,https://data.census.gov
10024,New York,40.8034,-74.1215,71.55,23.9,2.07,US Census ACS,2023,https://data.census.gov
10025,New York,40.8144,-73.9565,66.51,29.2,2.68,US Census ACS,2023,https://data.census.gov
10026,New York,40.8152,-74.1239,54.99,24.7,2.61,US Census ACS,2023,https://data.census.gov
10027,New York,40.7701,-73.9228,58.99,43.5,2.79,US Census ACS,2023,https://data.census.gov
10028,New York,40.8363,-73.9296,74.77,34.9,2.74,US Census ACS,2023,https://data.census.gov
10029,New York,40.6248,-74.0618,57.29,38.5,2.66,US Census ACS,2023,https://data.census.gov
10030,New York,40.8296,-74.1136,56.73,25.3,2.41,US Census ACS,2023,https://data.census.gov
10031,New York,40.7547,-73.8801,65.36,28.7,2.27,US Census ACS,2023,https://data.census.gov
10032,New York,40.7883,-74.1199,66.47,32.5,2.47,US Census ACS,2023,https://data.census.gov
10033,New York,40.6653,-73.844,63.57,29.4,2.78,US Census ACS,2023,https://data.census.gov
10034,New York,40.819,-74.1257,57.63,35.1,2.58,US Census ACS,2023,https://data.census.gov
10035,New York,40.841,-73.8655,68.19,42.6,2.14,US Census ACS,2023,https://data.census.gov
10036,New York,40.8428,-74.1198,70.41,25.2,2.6,US Census ACS,2023,https://data.census.gov
10037,New York,40.7695,-73.8682,64.26,34.5,2.3,US Census ACS,2023,https://data.census.gov
10038,New York,40.6597,-74.0256,60.27,26.1,2.6,US Census ACS,2023,https://data.census.gov
10039,New York,40.8624,-74.1386,57.31,36.1,2.88,US Census ACS,2023,https://data.census.gov
10040,New York,40.8485,-74.0837,72.61,35.8,2.45,US Census ACS,2023,https://data.census.gov
10041,New York,40.7061,-73.8581,75.44,33.3,2.29,US Census ACS,2023,https://data.census.gov
10042,New York,40.592,-74.102,74.62,40.0,2.26,US Census ACS,2023,https://data.census.gov
10043,New York,40.854,-74.0088,55.16,42.9,2.85,US Census ACS,2023,https://data.census.gov
10044,New York,40.6682,-74.0982,75.58,45.3,2.52,US Census ACS,2023,https://data.census.gov
10045,New York,40.8559,-74.1667,62.57,31.6,2.78,US Census ACS,2023,https://data.census.gov
10046,New York,40.7917,-73.9853,64.55,35.0,2.5,US Census ACS,2023,https://data.census.gov
10047,New York,40.7567,-73.9596,57.07,44.6,2.52,US Census ACS,2023,https://data.census.gov
10048,New York,40.7048,-73.9293,58.92,40.4,2.77,US Census ACS,2023,https://data.census.gov
10049,New York,40.8035,-74.1252,60.53,38.3,2.56,US Census ACS,2023,https://data.census.gov
10050,New York,40.6196,-73.9172,71.48,45.9,2.92,US Census ACS,2023,https://data.census.gov
10051,New York,40.643,-73.924,56.56,37.8,2.15,US Census ACS,2023,https://data.census.gov
10052,New York,40.6472,-73.9063,57.01,37.9,2.61,US Census ACS,2023,https://data.census.gov
10053,New York,40.851,-74.0213,60.14,25.8,2.19,US Census ACS,2023,https://data.census.gov
10054,New York,40.6703,-74.059,75.22,31.4,2.72,US Census ACS,2023,https://data.census.gov
10055,New York,40.7919,-73.9193,63.81,30.9,2.09,US Census ACS,2023,https://data.census.gov
10056,New York,40.7687,-74.0027,59.04,35.9,2.07,US Census ACS,2023,https://data.census.gov
10057,New York,40.7865,-73.9435,64.27,43.7,2.77,US Census ACS,2023,https://data.census.gov
10058,New York,40.762,-74.0912,70.66,45.8,2.3,US Census ACS,2023,https://data.census.gov
10059,New York,40.8554,-73.9114,62.49,42.5,2.89,US Census ACS,2023,https://data.census.gov
10060,New York,40.7568,-73.9228,66.05,27.3,2.59,US Census ACS,2023,https://data.census.gov
10061,New York,40.6937,-74.1749,70.44,39.8,2.68,US Census ACS,2023,https://data.census.gov
10062,New York,40.6367,-73.8556,55.62,41.1,2.94,US Census ACS,2023,https://data.census.gov
10063,New York,40.7167,-73.9992,66.33,36.4,2.75,US Census ACS,2023,https://data.census.gov
10064,New York,40.6219,-74.1213,55.4,33.5,2.64,US Census ACS,2023,https://data.census.gov
10065,New York,40.6587,-73.9155,69.99,38.5,2.6,US Census ACS,2023,https://data.census.gov
10066,New York,40.8151,-73.837,55.69,45.3,2.23,US Census ACS,2023,https://data.census.gov
10067,New York,40.8289,-73.9201,59.84,34.3,2.08,US Census ACS,2023,https://data.census.gov
10068,New York,40.6768,-73.9826,64.66,32.1,2.69,US Census ACS,2023,https://data.census.gov
10069,New York,40.5917,-73.9744,63.51,46.1,2.77,US Census ACS,2023,https://data.census.gov
10070,New York,40.5835,-73.9129,69.04,32.8,2.55,US Census ACS,2023,https://data.census.gov
10071,New York,40.5696,-73.881,62.0,37.0,2.67,US Census ACS,2023,https://data.census.gov
10072,New York,40.6973,-73.8572,60.41,42.1,2.76,US Census ACS,2023,https://data.census.gov
10073,New York,40.6683,-73.8412,55.46,33.2,2.5,US Census ACS,2023,https://data.census.gov
10074,New York,40.6544,-73.9861,61.35,28.8,2.7,US Census ACS,2023,https://data.census.gov
10075,New York,40.8282,-73.9756,55.52,26.5,2.28,US Census ACS,2023,https://data.census.gov
10076,New York,40.5789,-73.8746,54.02,26.6,2.47,US Census ACS,2023,https://data.census.gov
10077,New York,40.8013,-73.9942,73.11,27.8,2.15,US Census ACS,2023,https://data.census.gov
10078,New York,40.7908,-74.0033,74.46,31.2,2.59,US Census ACS,2023,https://data.census.gov
10079,New York,40.5863,-74.0558,66.89,32.4,2.68,US Census ACS,2023,https://data.census.gov
10080,New York,40.6942,-74.0887,56.82,30.4,2.68,US Census ACS,2023,https://data.census.gov
90001,Los Angeles,34.1214,-118.2314,57.06,37.1,2.62,US Census ACS,2023,https://data.census.gov
90002,Los Angeles,34.0392,-118.3354,55.51,34.5,2.16,US Census ACS,2023,https://data.census.gov
90003,Los Angeles,33.9029,-118.243,67.56,28.9,2.47,US Census ACS,2023,https://data.census.gov
90004,Los Angeles,34.1509,-118.1387,70.41,33.3,2.15,US Census ACS,2023,https://data.census.gov
90005,Los Angeles,33.9751,-118.415,70.04,45.5,2.65,US Census ACS,2023,https://data.census.gov
90006,Los Angeles,33.999,-118.3099,70.96,49.2,2.63,US Census ACS,2023,https://data.census.gov
90007,Los Angeles,34.0868,-118.1844,57.54,47.2,2.91,US Census ACS,2023,https://data.census.gov
90008,Los Angeles,34.0856,-118.2297,58.59,44.9,2.91,US Census ACS,2023,https://data.census.gov
90009,Los Angeles,34.1576,-118.2875,61.07,46.2,2.7,US Census ACS,2023,https://data.census.gov
90010,Los Angeles,33.948,-118.2617,64.26,31.8,2.25,US Census ACS,2023,https://data.census.gov
90011,Los Angeles,34.161,-118.072,71.71,35.9,2.73,US Census ACS,2023,https://data.census.gov
90012,Los Angeles,34.0257,-118.3151,62.02,35.1,2.43,US Census ACS,2023,https://data.census.gov
90013,Los Angeles,34.0993,-118.269,55.66,40.9,2.63,US Census ACS,2023,https://data.census.gov
90014,Los Angeles,33.9242,-118.2933,58.39,47.4,2.35,US Census ACS,2023,https://data.census.gov
90015,Los Angeles,34.1921,-118.1397,62.88,48.8,2.44,US Census ACS,2023,https://data.census.gov
90016,Los Angeles,34.1713,-118.2349,56.83,34.3,2.23,US Census ACS,2023,https://data.census.gov
90017,Los Angeles,34.1716,-118.1116,64.87,43.5,2.61,US Census ACS,2023,https://data.census.gov
90018,Los Angeles,33.9229,-118.1455,60.84,42.3,2.51,US Census ACS,2023,https://data.census.gov
90019,Los Angeles,33.9689,-118.1972,51.88,35.5,2.13,US Census ACS,2023,https://data.census.gov
90020,Los Angeles,33.9238,-118.0834,68.29,43.8,2.62,US Census ACS,2023,https://data.census.gov
90021,Los Angeles,34.1068,-118.1598,61.26,30.9,2.52,US Census ACS,2023,https://data.census.gov
90022,Los Angeles,34.0847,-118.1458,57.94,41.7,2.22,US Census ACS,2023,https://data.census.gov
90023,Los Angeles,34.1212,-118.3214,62.48,44.1,2.13,US Census ACS,2023,https://data.census.gov
90024,Los Angeles,33.9381,-118.3817,52.32,34.3,2.33,US Census ACS,2023,https://data.census.gov
90025,Los Angeles,34.1683,-118.421,72.35,31.7,2.81,US Census ACS,2023,https://data.census.gov
90026,Los Angeles,34.018,-118.0865,68.47,36.4,2.29,US Census ACS,2023,https://data.census.gov
90027,Los Angeles,34.0829,-118.2324,61.05,29.3,2.89,US Census ACS,2023,https://data.census.gov
90028,Los Angeles,34.0628,-118.3854,63.72,27.7,2.74,US Census ACS,2023,https://data.census.gov
90029,Los Angeles,33.9948,-118.3634,51.96,36.6,2.08,US Census ACS,2023,https://data.census.gov
90030,Los Angeles,33.9549,-118.1002,70.77,37.5,2.89,US Census ACS,2023,https://data.census.gov
90031,Los Angeles,34.0853,-118.1248,60.12,29.6,2.77,US Census ACS,2023,https://data.census.gov
90032,Los Angeles,34.0964,-118.3443,64.2,29.8,2.86,US Census ACS,2023,https://data.census.gov
90033,Los Angeles,34.0182,-118.3844,63.73,37.2,2.07,US Census ACS,2023,https://data.census.gov
90034,Los Angeles,33.9229,-118.1975,69.77,41.9,2.17,US Census ACS,2023,https://data.census.gov
90035,Los Angeles,34.1844,-118.1729,54.34,35.4,2.22,US Census ACS,2023,https://data.census.gov
90036,Los Angeles,34.0083,-118.1578,61.43,42.0,2.18,US Census ACS,2023,https://data.census.gov
90037,Los Angeles,33.9468,-118.3693,67.71,37.3,2.08,US Census ACS,2023,https://data.census.gov
90038,Los Angeles,34.0832,-118.4076,50.44,28.5,2.92,US Census ACS,2023,https://data.census.gov
90039,Los Angeles,33.9634,-118.0968,71.97,38.5,2.27,US Census ACS,2023,https://data.census.gov
90040,Los Angeles,34.1224,-118.2212,61.42,31.0,2.44,US Census ACS,2023,https://data.census.gov
90041,Los Angeles,34.1348,-118.2771,68.62,31.3,2.8,US Census ACS,2023,https://data.census.gov
90042,Los Angeles,34.0297,-118.2394,52.41,36.3,2.61,US Census ACS,2023,https://data.census.gov
90043,Los Angeles,34.1872,-118.1309,50.84,31.0,2.59,US Census ACS,2023,https://data.census.gov
90044,Los Angeles,34.0132,-118.1634,69.12,31.8,2.52,US Census ACS,2023,https://data.census.gov
90045,Los Angeles,34.1026,-118.1199,69.86,48.7,2.1,US Census ACS,2023,https://data.census.gov
90046,Los Angeles,33.9073,-118.1468,57.17,47.1,2.46,US Census ACS,2023,https://data.census.gov
90047,Los Angeles,34.1758,-118.0821,68.01,44.3,2.15,US Census ACS,2023,https://data.census.gov
90048,Los Angeles,34.1469,-118.2681,56.03,44.1,2.2,US Census ACS,2023,https://data.census.gov
90049,Los Angeles,34.0295,-118.4192,54.77,45.6,2.81,US Census ACS,2023,https://data.census.gov
90050,Los Angeles,34.0881,-118.0957,70.22,45.5,2.1,US Census ACS,2023,https://data.census.gov
90051,Los Angeles,34.0655,-118.4031,56.55,48.1,2.78,US Census ACS,2023,https://data.census.gov
90052,Los Angeles,34.0743,-118.1046,59.57,30.3,2.39,US Census ACS,2023,https://data.census.gov
90053,Los Angeles,33.9527,-118.2702,57.97,35.8,2.63,US Census ACS,2023,https://data.census.gov
90054,Los Angeles,34.0598,-118.2157,64.9,28.6,2.3,US Census ACS,2023,https://data.census.gov
90055,Los Angeles,34.0001,-118.2148,68.19,35.1,2.83,US Census ACS,2023,https://data.census.gov
90056,Los Angeles,34.0884,-118.3838,53.37,29.5,2.38,US Census ACS,2023,https://data.census.gov
90057,Los Angeles,34.1417,-118.4208,60.49,35.8,2.5,US Census ACS,2023,https://data.census.gov
90058,Los Angeles,33.9248,-118.1827,71.15,43.4,2.65,US Census ACS,2023,https://data.census.gov
90059,Los Angeles,34.0479,-118.173,69.11,36.4,2.47,US Census ACS,2023,https://data.census.gov
90060,Los Angeles,34.1424,-118.228,56.25,29.6,2.29,US Census ACS,2023,https://data.census.gov
90061,Los Angeles,34.0107,-118.2141,58.42,32.4,2.17,US Census ACS,2023,https://data.census.gov
90062,Los Angeles,33.9245,-118.0951,64.28,36.1,2.63,US Census ACS,2023,https://data.census.gov
90063,Los Angeles,33.9377,-118.2025,60.82,33.4,2.32,US Census ACS,2023,https://data.census.gov
90064,Los Angeles,34.0515,-118.3478,51.46,36.3,2.29,US Census ACS,2023,https://data.census.gov
90065,Los Angeles,34.0036,-118.3985,63.63,37.8,2.97,US Census ACS,2023,https://data.census.gov
90066,Los Angeles,33.9078,-118.0645,55.54,28.5,2.8,US Census ACS,2023,https://data.census.gov
90067,Los Angeles,34.0193,-118.2298,68.61,43.6,2.12,US Census ACS,2023,https://data.census.gov
90068,Los Angeles,34.1604,-118.0666,51.63,45.2,2.17,US Census ACS,2023,https://data.census.gov
90069,Los Angeles,34.1507,-118.2329,65.93,35.4,2.3,US Census ACS,2023,https://data.census.gov
90070,Los Angeles,34.1998,-118.1668,63.33,33.8,2.29,US Census ACS,2023,https://data.census.gov
90071,Los Angeles,33.9779,-118.1879,72.13,43.7,2.21,US Census ACS,2023,https://data.census.gov
90072,Los Angeles,33.9839,-118.106,51.93,47.4,2.92,US Census ACS,2023,https://data.census.gov
90073,Los Angeles,33.9542,-118.391,54.29,33.0,2.31,US Census ACS,2023,https://data.census.gov
90074,Los Angeles,34.0595,-118.3353,71.78,43.1,2.48,US Census ACS,2023,https://data.census.gov
90075,Los Angeles,34.0552,-118.1555,69.23,47.0,2.59,US Census ACS,2023,https://data.census.gov
90076,Los Angeles,34.1445,-118.2757,66.8,41.6,2.44,US Census ACS,2023,https://data.census.gov
90077,Los Angeles,34.1051,-118.3696,71.64,30.5,2.09,US Census ACS,2023,https://data.census.gov
90078,Los Angeles,34.1916,-118.2034,59.6,36.0,2.27,US Census ACS,2023,https://data.census.gov
90079,Los Angeles,33.9753,-118.3549,60.24,45.3,2.94,US Census ACS,2023,https://data.census.gov
90080,Los Angeles,33.9908,-118.0727,62.24,38.9,2.7,US Census ACS,2023,https://data.census.gov
60601,Chicago,41.8072,-87.7025,58.04,50.1,2.15,US Census ACS,2023,https://data.census.gov
60602,Chicago,41.7627,-87.717,48.16,37.0,2.21,US Census ACS,2023,https://data.census.gov
60603,Chicago,41.8959,-87.4839,56.45,42.8,2.82,US Census ACS,2023,https://data.census.gov
60604,Chicago,41.9676,-87.6706,45.88,51.4,2.57,US Census ACS,2023,https://data.census.gov
60605,Chicago,41.8354,-87.5089,65.11,37.5,2.42,US Census ACS,2023,https://data.census.gov
60606,Chicago,41.9104,-87.512,47.38,47.1,2.46,US Census ACS,2023,https://data.census.gov
60607,Chicago,41.7836,-87.7617,49.81,43.3,2.43,US Census ACS,2023,https://data.census.gov
60608,Chicago,41.9675,-87.5971,60.56,52.5,2.87,US Census ACS,2023,https://data.census.gov
60609,Chicago,41.9584,-87.4849,57.52,47.9,2.95,US Census ACS,2023,https://data.census.gov
60610,Chicago,41.9527,-87.7464,55.48,37.4,2.89,US Census ACS,2023,https://data.census.gov
60611,Chicago,41.9986,-87.533,56.33,48.9,2.14,US Census ACS,2023,https://data.census.gov
60612,Chicago,41.8096,-87.6634,62.0,44.8,2.32,US Census ACS,2023,https://data.census.gov
60613,Chicago,42.0224,-87.483,58.43,44.1,2.42,US Census ACS,2023,https://data.census.gov
60614,Chicago,41.8415,-87.5368,48.51,45.1,2.09,US Census ACS,2023,https://data.census.gov
60615,Chicago,41.8751,-87.7045,45.97,49.1,2.28,US Census ACS,2023,https://data.census.gov
60616,Chicago,41.8192,-87.6943,46.49,54.5,2.3,US Census ACS,2023,https://data.census.gov
60617,Chicago,41.7678,-87.4937,59.48,35.8,2.74,US Census ACS,2023,https://data.census.gov
60618,Chicago,41.823,-87.5055,45.79,47.4,2.62,US Census ACS,2023,https://data.census.gov
60619,Chicago,41.9999,-87.8035,53.17,47.4,2.24,US Census ACS,2023,https://data.census.gov
60620,Chicago,41.7287,-87.5826,45.86,46.1,2.27,US Census ACS,2023,https://data.census.gov
60621,Chicago,41.8316,-87.6411,45.92,35.2,2.77,US Census ACS,2023,https://data.census.gov
60622,Chicago,41.8746,-87.6585,56.2,38.2,2.58,US Census ACS,2023,https://data.census.gov
60623,Chicago,41.7497,-87.4588,49.99,53.3,2.24,US Census ACS,2023,https://data.census.gov
60624,Chicago,41.8158,-87.6753,49.31,40.3,2.55,US Census ACS,2023,https://data.census.gov
60625,Chicago,41.7448,-87.6703,48.96,35.5,2.66,US Census ACS,2023,https://data.census.gov
60626,Chicago,41.893,-87.7586,64.76,45.0,2.56,US Census ACS,2023,https://data.census.gov
60627,Chicago,41.994,-87.7613,53.56,47.2,2.17,US Census ACS,2023,https://data.census.gov
60628,Chicago,41.9111,-87.4579,59.68,53.0,2.4,US Census ACS,2023,https://data.census.gov
60629,Chicago,41.7587,-87.7174,54.04,54.6,2.75,US Census ACS,2023,https://data.census.gov
60630,Chicago,41.9099,-87.7597,59.58,37.8,2.64,US Census ACS,2023,https://data.census.gov
60631,Chicago,41.7453,-87.7891,46.48,39.2,2.41,US Census ACS,2023,https://data.census.gov
60632,Chicago,41.7612,-87.4761,47.43,47.4,2.54,US Census ACS,2023,https://data.census.gov
60633,Chicago,41.7567,-87.7062,55.75,45.9,2.35,US Census ACS,2023,https://data.census.gov
60634,Chicago,41.7451,-87.692,60.88,46.3,2.51,US Census ACS,2023,https://data.census.gov
60635,Chicago,41.7298,-87.641,62.59,41.3,2.63,US Census ACS,2023,https://data.census.gov
60636,Chicago,41.8036,-87.5102,48.87,48.4,2.55,US Census ACS,2023,https://data.census.gov
60637,Chicago,41.8807,-87.4958,48.21,44.6,2.14,US Census ACS,2023,https://data.census.gov
60638,Chicago,41.9056,-87.6452,56.66,52.0,2.87,US Census ACS,2023,https://data.census.gov
60639,Chicago,42.0167,-87.7278,46.12,51.8,2.61,US Census ACS,2023,https://data.census.gov
60640,Chicago,41.7747,-87.5077,50.15,43.5,2.4,US Census ACS,2023,https://data.census.gov
60641,Chicago,41.8668,-87.4603,65.04,39.9,2.88,US Census ACS,2023,https://data.census.gov
60642,Chicago,41.8879,-87.7336,52.38,54.5,2.8,US Census ACS,2023,https://data.census.gov
60643,Chicago,41.8464,-87.6119,50.8,42.2,2.52,US Census ACS,2023,https://data.census.gov
60644,Chicago,42.0268,-87.5098,45.52,39.6,2.76,US Census ACS,2023,https://data.census.gov
60645,Chicago,41.9197,-87.5425,64.92,49.9,2.37,US Census ACS,2023,https://data.census.gov
60646,Chicago,41.8791,-87.4616,60.47,35.7,2.9,US Census ACS,2023,https://data.census.gov
60647,Chicago,41.8829,-87.7851,52.09,53.3,2.41,US Census ACS,2023,https://data.census.gov
60648,Chicago,41.9674,-87.5685,58.1,40.3,2.81,US Census ACS,2023,https://data.census.gov
60649,Chicago,42.02,-87.6902,65.01,47.0,2.93,US Census ACS,2023,https://data.census.gov
60650,Chicago,41.8255,-87.751,62.05,44.4,2.79,US Census ACS,2023,https://data.census.gov
60651,Chicago,41.969,-87.4976,63.72,49.6,2.67,US Census ACS,2023,https://data.census.gov
60652,Chicago,41.9804,-87.6468,50.14,45.8,2.6,US Census ACS,2023,https://data.census.gov
60653,Chicago,41.7616,-87.5119,56.94,36.7,2.85,US Census ACS,2023,https://data.census.gov
60654,Chicago,41.9076,-87.7347,52.01,48.3,2.08,US Census ACS,2023,https://data.census.gov
60655,Chicago,41.9484,-87.7766,57.22,53.3,2.86,US Census ACS,2023,https://data.census.gov
60656,Chicago,41.991,-87.714,55.55,36.3,2.12,US Census ACS,2023,https://data.census.gov
60657,Chicago,41.868,-87.6822,64.79,44.4,2.7,US Census ACS,2023,https://data.census.gov
60658,Chicago,41.9236,-87.6054,54.52,42.0,2.44,US Census ACS,2023,https://data.census.gov
60659,Chicago,41.9055,-87.4745,63.24,35.6,2.57,US Census ACS,2023,https://data.census.gov
60660,Chicago,41.8173,-87.7665,62.56,51.1,2.87,US Census ACS,2023,https://data.census.gov
77001,Houston,29.6917,-95.326,49.65,49.9,2.2,US Census ACS,2023,https://data.census.gov
77002,Houston,29.6157,-95.3071,55.36,53.1,2.16,US Census ACS,2023,https://data.census.gov
77003,Houston,29.8466,-95.4814,63.3,40.7,2.92,US Census ACS,2023,https://data.census.gov
77004,Houston,29.8623,-95.3853,64.37,39.9,2.9,US Census ACS,2023,https://data.census.gov
77005,Houston,29.7669,-95.3295,46.86,51.5,2.65,US Census ACS,2023,https://data.census.gov
77006,Houston,29.8467,-95.3418,56.33,35.7,2.13,US Census ACS,2023,https://data.census.gov
77007,Houston,29.6131,-95.3485,54.34,35.7,2.91,US Census ACS,2023,https://data.census.gov
77008,Houston,29.6244,-95.4477,56.2,53.7,2.49,US Census ACS,2023,https://data.census.gov
77009,Houston,29.9088,-95.3015,63.01,43.3,2.19,US Census ACS,2023,https://data.census.gov
77010,Houston,29.7477,-95.3275,46.48,51.0,2.51,US Census ACS,2023,https://data.census.gov
77011,Houston,29.8815,-95.2784,54.56,49.2,2.31,US Census ACS,2023,https://data.census.gov
77012,Houston,29.6888,-95.3084,61.12,37.4,2.35,US Census ACS,2023,https://data.census.gov
77013,Houston,29.6306,-95.3437,65.07,53.5,2.38,US Census ACS,2023,https://data.census.gov
77014,Houston,29.8647,-95.4386,51.74,42.5,2.51,US Census ACS,2023,https://data.census.gov
77015,Houston,29.7156,-95.5347,54.44,34.3,2.76,US Census ACS,2023,https://data.census.gov
77016,Houston,29.8395,-95.4703,65.12,38.7,2.89,US Census ACS,2023,https://data.census.gov
77017,Houston,29.7942,-95.5358,59.82,45.9,2.09,US Census ACS,2023,https://data.census.gov
77018,Houston,29.614,-95.3916,62.0,49.6,2.88,US Census ACS,2023,https://data.census.gov
77019,Houston,29.7373,-95.4333,50.81,48.8,2.65,US Census ACS,2023,https://data.census.gov
77020,Houston,29.6881,-95.2791,63.27,43.0,2.61,US Census ACS,2023,https://data.census.gov
77021,Houston,29.8884,-95.316,63.25,52.3,2.28,US Census ACS,2023,https://data.census.gov
77022,Houston,29.7545,-95.3964,51.84,46.7,2.59,US Census ACS,2023,https://data.census.gov
77023,Houston,29.7969,-95.297,54.61,39.0,2.27,US Census ACS,2023,https://data.census.gov
77024,Houston,29.8002,-95.1947,64.1,44.6,2.34,US Census ACS,2023,https://data.census.gov
77025,Houston,29.776,-95.3977,52.62,37.9,2.18,US Census ACS,2023,https://data.census.gov
77026,Houston,29.6192,-95.2907,49.98,35.3,2.81,US Census ACS,2023,https://data.census.gov
77027,Houston,29.8782,-95.3682,49.21,51.1,2.89,US Census ACS,2023,https://data.census.gov
77028,Houston,29.7631,-95.3391,64.09,36.0,2.94,US Census ACS,2023,https://data.census.gov
77029,Houston,29.8845,-95.5273,50.62,45.5,2.34,US Census ACS,2023,https://data.census.gov
77030,Houston,29.825,-95.4896,53.37,51.4,2.78,US Census ACS,2023,https://data.census.gov
77031,Houston,29.6834,-95.4352,63.74,52.2,2.75,US Census ACS,2023,https://data.census.gov
77032,Houston,29.7184,-95.1915,50.77,53.1,2.11,US Census ACS,2023,https://data.census.gov
77033,Houston,29.6612,-95.3171,56.12,42.6,2.54,US Census ACS,2023,https://data.census.gov
77034,Houston,29.7844,-95.394,53.4,52.2,2.6,US Census ACS,2023,https://data.census.gov
77035,Houston,29.7679,-95.3761,48.02,36.4,2.13,US Census ACS,2023,https://data.census.gov
77036,Houston,29.84,-95.2991,55.61,43.6,2.5,US Census ACS,2023,https://data.census.gov
77037,Houston,29.6624,-95.2271,54.34,47.5,2.1,US Census ACS,2023,https://data.census.gov
77038,Houston,29.7191,-95.3538,63.75,47.9,2.89,US Census ACS,2023,https://data.census.gov
77039,Houston,29.8859,-95.3262,51.75,54.1,2.18,US Census ACS,2023,https://data.census.gov
77040,Houston,29.8035,-95.265,52.32,50.0,2.52,US Census ACS,2023,https://data.census.gov
77041,Houston,29.6945,-95.3577,60.83,38.8,2.3,US Census ACS,2023,https://data.census.gov
77042,Houston,29.7941,-95.3364,63.77,38.2,2.71,US Census ACS,2023,https://data.census.gov
77043,Houston,29.8216,-95.2114,52.84,53.8,2.38,US Census ACS,2023,https://data.census.gov
77044,Houston,29.6706,-95.2427,57.97,51.6,2.75,US Census ACS,2023,https://data.census.gov
77045,Houston,29.6475,-95.4786,64.71,53.3,2.67,US Census ACS,2023,https://data.census.gov
77046,Houston,29.7142,-95.2791,64.98,45.8,2.12,US Census ACS,2023,https://data.census.gov
77047,Houston,29.6122,-95.2381,51.74,53.6,2.91,US Census ACS,2023,https://data.census.gov
77048,Houston,29.6742,-95.43,56.35,44.7,2.49,US Census ACS,2023,https://data.census.gov
77049,Houston,29.7632,-95.4358,52.06,52.4,2.86,US Census ACS,2023,https://data.census.gov
77050,Houston,29.7323,-95.3053,52.11,37.5,2.68,US Census ACS,2023,https://data.census.gov
77051,Houston,29.6459,-95.3738,52.82,47.9,2.3,US Census ACS,2023,https://data.census.gov
77052,Houston,29.6681,-95.342,53.75,38.1,2.79,US Census ACS,2023,https://data.census.gov
77053,Houston,29.7597,-95.3379,54.23,44.2,2.41,US Census ACS,2023,https://data.census.gov
77054,Houston,29.6752,-95.3449,50.89,53.6,2.87,US Census ACS,2023,https://data.census.gov
77055,Houston,29.8998,-95.1999,55.25,49.3,2.75,US Census ACS,2023,https://data.census.gov
85001,Phoenix,33.4865,-112.0511,49.76,51.6,2.52,US Census ACS,2023,https://data.census.gov
85002,Phoenix,33.5169,-112.2465,46.0,54.1,2.29,US Census ACS,2023,https://data.census.gov
85003,Phoenix,33.4488,-112.2494,38.51,56.7,2.48,US Census ACS,2023,https://data.census.gov
85004,Phoenix,33.4699,-112.0968,51.52,50.5,2.58,US Census ACS,2023,https://data.census.gov
85005,Phoenix,33.5034,-112.1015,37.19,48.9,2.88,US Census ACS,2023,https://data.census.gov
85006,Phoenix,33.5588,-112.155,39.43,48.6,2.25,US Census ACS,2023,https://data.census.gov
85007,Phoenix,33.5321,-112.1235,43.3,53.0,2.65,US Census ACS,2023,https://data.census.gov
85008,Phoenix,33.4675,-112.1974,39.15,60.8,2.13,US Census ACS,2023,https://data.census.gov
85009,Phoenix,33.4386,-111.9574,48.82,58.0,2.6,US Census ACS,2023,https://data.census.gov
85010,Phoenix,33.381,-112.1999,51.89,58.6,2.42,US Census ACS,2023,https://data.census.gov
85011,Phoenix,33.4355,-111.9244,51.11,59.8,2.93,US Census ACS,2023,https://data.census.gov
85012,Phoenix,33.4386,-111.9931,44.8,62.2,2.76,US Census ACS,2023,https://data.census.gov
85013,Phoenix,33.413,-111.9158,46.79,59.0,2.96,US Census ACS,2023,https://data.census.gov
85014,Phoenix,33.5665,-111.9465,40.66,62.5,2.96,US Census ACS,2023,https://data.census.gov
85015,Phoenix,33.4024,-112.0304,44.24,61.3,2.67,US Census ACS,2023,https://data.census.gov
85016,Phoenix,33.5189,-112.219,45.09,55.0,2.4,US Census ACS,2023,https://data.census.gov
85017,Phoenix,33.4008,-111.92,46.35,59.8,2.84,US Census ACS,2023,https://data.census.gov
85018,Phoenix,33.5556,-111.9186,38.78,61.5,2.42,US Census ACS,2023,https://data.census.gov
85019,Phoenix,33.3321,-112.1524,51.94,49.2,2.45,US Census ACS,2023,https://data.census.gov
85020,Phoenix,33.3843,-111.9076,38.21,59.3,2.35,US Census ACS,2023,https://data.census.gov
85021,Phoenix,33.3923,-112.1722,39.21,52.5,2.85,US Census ACS,2023,https://data.census.gov
85022,Phoenix,33.4011,-112.0145,43.48,49.1,2.4,US Census ACS,2023,https://data.census.gov
85023,Phoenix,33.4635,-112.1937,37.5,57.7,2.92,US Census ACS,2023,https://data.census.gov
85024,Phoenix,33.4883,-112.0223,49.6,57.0,2.33,US Census ACS,2023,https://data.census.gov
85025,Phoenix,33.3415,-112.0734,40.39,60.5,2.24,US Census ACS,2023,https://data.census.gov
85026,Phoenix,33.3279,-111.9911,43.9,48.2,2.21,US Census ACS,2023,https://data.census.gov
85027,Phoenix,33.548,-112.0338,38.17,50.8,2.16,US Census ACS,2023,https://data.census.gov
85028,Phoenix,33.5073,-112.2141,48.22,53.6,2.32,US Census ACS,2023,https://data.census.gov
85029,Phoenix,33.5468,-112.0347,37.83,52.0,2.89,US Census ACS,2023,https://data.census.gov
85030,Phoenix,33.5547,-111.9059,38.96,59.0,2.57,US Census ACS,2023,https://data.census.gov
85031,Phoenix,33.437,-112.1104,52.29,62.4,2.3,US Census ACS,2023,https://data.census.gov
85032,Phoenix,33.3372,-112.0916,42.36,55.5,2.34,US Census ACS,2023,https://data.census.gov
85033,Phoenix,33.5085,-112.0523,43.87,56.5,2.3,US Census ACS,2023,https://data.census.gov
85034,Phoenix,33.301,-111.9067,37.53,63.0,2.11,US Census ACS,2023,https://data.census.gov
85035,Phoenix,33.5032,-112.2324,46.24,48.6,2.26,US Census ACS,2023,https://data.census.gov
85036,Phoenix,33.3428,-112.177,48.12,58.1,2.57,US Census ACS,2023,https://data.census.gov
85037,Phoenix,33.5605,-111.8997,48.76,52.4,2.08,US Census ACS,2023,https://data.census.gov
85038,Phoenix,33.3082,-111.9943,52.65,54.8,2.39,US Census ACS,2023,https://data.census.gov
85039,Phoenix,33.3587,-111.969,46.15,56.7,2.52,US Census ACS,2023,https://data.census.gov
85040,Phoenix,33.3804,-112.1907,44.58,57.8,2.29,US Census ACS,2023,https://data.census.gov
85041,Phoenix,33.4573,-112.0658,36.93,49.1,2.79,US Census ACS,2023,https://data.census.gov
85042,Phoenix,33.5363,-111.953,51.33,56.2,2.28,US Census ACS,2023,https://data.census.gov
85043,Phoenix,33.5637,-112.2114,41.41,48.8,2.83,US Census ACS,2023,https://data.census.gov
85044,Phoenix,33.4144,-112.1238,46.11,61.5,2.61,US Census ACS,2023,https://data.census.gov
85045,Phoenix,33.4403,-112.0393,40.85,58.8,2.69,US Census ACS,2023,https://data.census.gov
85046,Phoenix,33.4218,-111.9065,40.02,49.8,2.11,US Census ACS,2023,https://data.census.gov
85047,Phoenix,33.4008,-112.0124,47.76,58.8,2.36,US Census ACS,2023,https://data.census.gov
85048,Phoenix,33.5396,-112.1846,45.77,58.7,2.3,US Census ACS,2023,https://data.census.gov
85049,Phoenix,33.4835,-112.1098,36.75,60.7,2.13,US Census ACS,2023,https://data.census.gov
85050,Phoenix,33.4428,-112.0894,51.79,52.3,2.07,US Census ACS,2023,https://data.census.gov
19101,Philadelphia,39.8792,-75.0913,53.39,56.8,2.85,US Census ACS,2023,https://data.census.gov
19102,Philadelphia,39.927,-75.1616,61.09,41.2,2.28,US Census ACS,2023,https://data.census.gov
19103,Philadelphia,39.8196,-75.153,56.14,38.5,2.86,US Census ACS,2023,https://data.census.gov
19104,Philadelphia,39.8758,-75.243,59.13,52.3,2.84,US Census ACS,2023,https://data.census.gov
19105,Philadelphia,39.8214,-75.0158,49.21,41.5,2.26,US Census ACS,2023,https://data.census.gov
19106,Philadelphia,39.8061,-75.3242,59.43,41.5,2.94,US Census ACS,2023,https://data.census.gov
19107,Philadelphia,40.0779,-75.2803,56.96,51.8,2.63,US Census ACS,2023,https://data.census.gov
19108,Philadelphia,39.9972,-75.1212,54.6,45.2,2.09,US Census ACS,2023,https://data.census.gov
19109,Philadelphia,39.8484,-75.134,56.18,54.6,2.91,US Census ACS,2023,https://data.census.gov
19110,Philadelphia,39.8465,-75.0615,51.32,51.3,2.6,US Census ACS,2023,https://data.census.gov
19111,Philadelphia,39.9695,-75.3042,44.6,42.7,2.63,US Census ACS,2023,https://data.census.gov
19112,Philadelphia,40.0979,-75.2801,57.08,52.6,2.64,US Census ACS,2023,https://data.census.gov
19113,Philadelphia,39.8642,-75.2511,49.55,42.8,2.08,US Census ACS,2023,https://data.census.gov
19114,Philadelphia,39.8635,-75.1479,52.15,48.6,2.87,US Census ACS,2023,https://data.census.gov
19115,Philadelphia,39.8048,-75.3225,43.78,54.6,2.31,US Census ACS,2023,https://data.census.gov
19116,Philadelphia,40.0089,-75.1997,58.99,50.2,2.4,US Census ACS,2023,https://data.census.gov
19117,Philadelphia,40.1013,-75.2389,53.74,44.5,2.38,US Census ACS,2023,https://data.census.gov
19118,Philadelphia,39.9734,-75.09,54.66,47.4,2.91,US Census ACS,2023,https://data.census.gov
19119,Philadelphia,40.0905,-75.1551,53.34,48.8,2.47,US Census ACS,2023,https://data.census.gov
19120,Philadelphia,39.9656,-75.2609,52.45,50.3,2.42,US Census ACS,2023,https://data.census.gov
19121,Philadelphia,40.0142,-75.0333,50.22,44.3,2.39,US Census ACS,2023,https://data.census.gov
19122,Philadelphia,39.9997,-75.0995,54.31,38.2,2.79,US Census ACS,2023,https://data.census.gov
19123,Philadelphia,39.8636,-75.1083,51.16,50.9,2.28,US Census ACS,2023,https://data.census.gov
19124,Philadelphia,39.9235,-75.0317,50.94,50.7,2.08,US Census ACS,2023,https://data.census.gov
19125,Philadelphia,39.8893,-75.0872,50.16,50.9,2.43,US Census ACS,2023,https://data.census.gov
19126,Philadelphia,39.9703,-75.2612,60.0,50.4,2.2,US Census ACS,2023,https://data.census.gov
19127,Philadelphia,39.9679,-75.2242,59.69,41.6,2.87,US Census ACS,2023,https://data.census.gov
19128,Philadelphia,39.8531,-75.2571,45.93,42.3,2.45,US Census ACS,2023,https://data.census.gov
19129,Philadelphia,40.0078,-75.2049,46.17,53.4,2.38,US Census ACS,2023,https://data.census.gov
19130,Philadelphia,39.8327,-75.2063,51.15,50.2,2.14,US Census ACS,2023,https://data.census.gov
19131,Philadelphia,40.1021,-75.3217,55.51,43.3,2.12,US Census ACS,2023,https://data.census.gov
19132,Philadelphia,39.9518,-75.1575,57.94,49.7,2.07,US Census ACS,2023,https://data.census.gov
19133,Philadelphia,40.0339,-75.2069,47.62,54.2,2.59,US Census ACS,2023,https://data.census.gov
19134,Philadelphia,40.058,-75.0822,49.1,47.0,2.39,US Census ACS,2023,https://data.census.gov
19135,Philadelphia,40.0793,-75.0038,57.7,50.5,2.09,US Census ACS,2023,https://data.census.gov
19136,Philadelphia,39.8735,-75.1314,46.33,53.4,2.2,US Census ACS,2023,https://data.census.gov
19137,Philadelphia,40.0784,-75.2554,59.23,48.7,2.42,US Census ACS,2023,https://data.census.gov
19138,Philadelphia,39.8696,-74.9942,51.89,38.7,2.38,US Census ACS,2023,https://data.census.gov
19139,Philadelphia,39.8326,-75.0222,59.05,38.2,2.16,US Census ACS,2023,https://data.census.gov
19140,Philadelphia,40.0859,-75.1862,48.23,41.6,2.65,US Census ACS,2023,https://data.census.gov
78201,San Antonio,29.4447,-98.5316,47.89,52.0,2.76,US Census ACS,2023,https://data.census.gov
78202,San Antonio,29.5591,-98.3901,45.0,60.0,2.16,US Census ACS,2023,https://data.census.gov
78203,San Antonio,29.5163,-98.4993,44.78,52.5,2.07,US Census ACS,2023,https://data.census.gov
78204,San Antonio,29.2804,-98.3577,45.22,51.0,2.96,US Census ACS,2023,https://data.census.gov
78205,San Antonio,29.4426,-98.6017,40.19,51.8,2.11,US Census ACS,2023,https://data.census.gov
78206,San Antonio,29.3904,-98.3681,54.07,54.6,2.48,US Census ACS,2023,https://data.census.gov
78207,San Antonio,29.3108,-98.6035,45.45,43.6,2.39,US Census ACS,2023,https://data.census.gov
78208,San Antonio,29.4352,-98.3235,56.64,48.0,2.63,US Census ACS,2023,https://data.census.gov
78209,San Antonio,29.3834,-98.5436,53.17,55.9,2.07,US Census ACS,2023,https://data.census.gov
78210,San Antonio,29.3718,-98.4104,52.57,54.8,2.3,US Census ACS,2023,https://data.census.gov
78211,San Antonio,29.3689,-98.3522,47.83,55.0,2.74,US Census ACS,2023,https://data.census.gov
78212,San Antonio,29.5738,-98.6424,48.13,49.8,2.94,US Census ACS,2023,https://data.census.gov
78213,San Antonio,29.2918,-98.6292,43.91,50.9,2.13,US Census ACS,2023,https://data.census.gov
78214,San Antonio,29.4378,-98.6218,43.93,51.1,2.49,US Census ACS,2023,https://data.census.gov
78215,San Antonio,29.2976,-98.5184,52.9,48.1,2.56,US Census ACS,2023,https://data.census.gov
78216,San Antonio,29.5066,-98.6628,46.76,49.1,2.89,US Census ACS,2023,https://data.census.gov
78217,San Antonio,29.3566,-98.3664,56.45,47.0,2.78,US Census ACS,2023,https://data.census.gov
78218,San Antonio,29.2941,-98.5619,53.02,54.6,2.11,US Census ACS,2023,https://data.census.gov
78219,San Antonio,29.3721,-98.5588,40.63,45.4,2.77,US Census ACS,2023,https://data.census.gov
78220,San Antonio,29.3702,-98.454,55.35,51.7,2.67,US Census ACS,2023,https://data.census.gov
78221,San Antonio,29.2869,-98.4564,44.99,56.0,2.07,US Census ACS,2023,https://data.census.gov
78222,San Antonio,29.4667,-98.4389,54.11,49.7,2.46,US Census ACS,2023,https://data.census.gov
78223,San Antonio,29.4135,-98.5022,42.13,56.3,2.76,US Census ACS,2023,https://data.census.gov
78224,San Antonio,29.3906,-98.3178,42.17,50.5,2.16,US Census ACS,2023,https://data.census.gov
78225,San Antonio,29.3897,-98.4844,44.77,43.7,2.26,US Census ACS,2023,https://data.census.gov
78226,San Antonio,29.5126,-98.5438,55.94,57.4,2.14,US Census ACS,2023,https://data.census.gov
78227,San Antonio,29.4179,-98.6684,47.6,52.1,2.36,US Census ACS,2023,https://data.census.gov
78228,San Antonio,29.5319,-98.6123,56.58,60.0,2.33,US Census ACS,2023,https://data.census.gov
78229,San Antonio,29.4116,-98.6139,43.64,47.8,2.65,US Census ACS,2023,https://data.census.gov
78230,San Antonio,29.3031,-98.3137,50.79,50.7,2.51,US Census ACS,2023,https://data.census.gov
78231,San Antonio,29.3987,-98.586,56.28,43.0,2.1,US Census ACS,2023,https://data.census.gov
78232,San Antonio,29.392,-98.534,51.64,48.2,2.56,US Census ACS,2023,https://data.census.gov
78233,San Antonio,29.2824,-98.4801,55.26,49.8,2.26,US Census ACS,2023,https://data.census.gov
78234,San Antonio,29.3202,-98.3714,52.44,51.4,2.2,US Census ACS,2023,https://data.census.gov
78235,San Antonio,29.4036,-98.3195,56.23,52.0,2.48,US Census ACS,2023,https://data.census.gov
92101,San Diego,32.838,-117.1017,58.76,42.0,2.61,US Census ACS,2023,https://data.census.gov
92102,San Diego,32.6727,-117.0503,60.63,42.0,2.78,US Census ACS,2023,https://data.census.gov
92103,San Diego,32.6323,-117.2339,45.82,49.3,2.57,US Census ACS,2023,https://data.census.gov
92104,San Diego,32.7964,-117.3284,44.13,55.9,2.22,US Census ACS,2023,https://data.census.gov
92105,San Diego,32.6873,-117.2359,55.81,52.5,2.23,US Census ACS,2023,https://data.census.gov
92106,San Diego,32.7967,-117.1025,61.69,49.6,2.16,US Census ACS,2023,https://data.census.gov
92107,San Diego,32.703,-117.2576,58.06,42.6,2.21,US Census ACS,2023,https://data.census.gov
92108,San Diego,32.6499,-117.3276,52.42,46.8,2.47,US Census ACS,2023,https://data.census.gov
92109,San Diego,32.7874,-117.1324,51.35,41.1,2.61,US Census ACS,2023,https://data.census.gov
92110,San Diego,32.7249,-117.156,44.99,40.9,2.9,US Census ACS,2023,https://data.census.gov
92111,San Diego,32.8274,-117.04,47.14,38.5,2.31,US Census ACS,2023,https://data.census.gov
92112,San Diego,32.7285,-117.2274,46.2,54.9,2.42,US Census ACS,2023,https://data.census.gov
92113,San Diego,32.5832,-117.0971,53.05,42.5,2.79,US Census ACS,2023,https://data.census.gov
92114,San Diego,32.8411,-117.2208,45.46,52.8,2.28,US Census ACS,2023,https://data.census.gov
92115,San Diego,32.6924,-117.3261,57.28,50.7,2.72,US Census ACS,2023,https://data.census.gov
92116,San Diego,32.7443,-117.0421,53.36,43.8,2.95,US Census ACS,2023,https://data.census.gov
92117,San Diego,32.6166,-117.2652,52.36,48.0,2.12,US Census ACS,2023,https://data.census.gov
92118,San Diego,32.6171,-117.3145,57.39,46.4,2.65,US Census ACS,2023,https://data.census.gov
92119,San Diego,32.8424,-117.2903,61.59,39.6,2.67,US Census ACS,2023,https://data.census.gov
92120,San Diego,32.7477,-117.2998,54.42,54.1,2.44,US Census ACS,2023,https://data.census.gov
92121,San Diego,32.6178,-117.0959,54.26,47.0,2.56,US Census ACS,2023,https://data.census.gov
92122,San Diego,32.6564,-117.0229,59.52,51.0,2.35,US Census ACS,2023,https://data.census.gov
92123,San Diego,32.8428,-116.9898,46.04,50.0,2.68,US Census ACS,2023,https://data.census.gov
92124,San Diego,32.7553,-117.2175,52.35,40.9,2.76,US Census ACS,2023,https://data.census.gov
92125,San Diego,32.8545,-117.0553,60.21,55.5,2.2,US Census ACS,2023,https://data.census.gov
92126,San Diego,32.827,-117.2302,60.75,38.8,2.15,US Census ACS,2023,https://data.census.gov
92127,San Diego,32.6442,-117.3115,57.14,41.3,2.17,US Census ACS,2023,https://data.census.gov
92128,San Diego,32.6958,-117.2376,43.38,52.9,2.14,US Census ACS,2023,https://data.census.gov
92129,San Diego,32.7666,-117.1934,61.47,49.9,2.41,US Census ACS,2023,https://data.census.gov
92130,San Diego,32.7361,-117.1071,49.0,48.9,2.88,US Census ACS,2023,https://data.census.gov
92131,San Diego,32.7603,-117.2212,58.64,52.7,2.15,US Census ACS,2023,https://data.census.gov
92132,San Diego,32.6926,-117.2,53.98,44.5,2.9,US Census ACS,2023,https://data.census.gov
92133,San Diego,32.6658,-117.0085,47.91,40.1,2.48,US Census ACS,2023,https://data.census.gov
92134,San Diego,32.8061,-117.1781,47.86,38.4,2.66,US Census ACS,2023,https://data.census.gov
92135,San Diego,32.7679,-117.1386,59.87,52.1,2.95,US Census ACS,2023,https://data.census.gov
75201,DFW,32.7342,-96.9509,49.87,54.2,2.18,US Census ACS,2023,https://data.census.gov
75202,DFW,32.7228,-96.6538,43.61,50.3,2.39,US Census ACS,2023,https://data.census.gov
75203,DFW,32.7113,-96.8618,48.48,53.3,2.49,US Census ACS,2023,https://data.census.gov
75204,DFW,32.6426,-96.6474,41.26,52.6,2.45,US Census ACS,2023,https://data.census.gov
75205,DFW,32.8517,-96.9384,52.94,59.5,2.94,US Census ACS,2023,https://data.census.gov
75206,DFW,32.8244,-96.6387,55.05,59.8,2.56,US Census ACS,2023,https://data.census.gov
75207,DFW,32.8319,-96.6469,53.98,56.1,2.85,US Census ACS,2023,https://data.census.gov
75208,DFW,32.6385,-96.8405,45.78,52.5,2.09,US Census ACS,2023,https://data.census.gov
75209,DFW,32.6556,-96.769,52.66,56.2,2.97,US Census ACS,2023,https://data.census.gov
75210,DFW,32.8515,-96.6655,46.88,58.8,2.57,US Census ACS,2023,https://data.census.gov
75211,DFW,32.8823,-96.9748,41.63,53.6,2.68,US Census ACS,2023,https://data.census.gov
75212,DFW,32.878,-96.8355,46.87,55.9,2.97,US Census ACS,2023,https://data.census.gov
75213,DFW,32.6743,-96.9401,53.9,57.9,2.18,US Census ACS,2023,https://data.census.gov
75214,DFW,32.7418,-96.8486,41.49,55.4,2.71,US Census ACS,2023,https://data.census.gov
75215,DFW,32.6684,-96.8536,55.61,46.3,2.36,US Census ACS,2023,https://data.census.gov
75216,DFW,32.7749,-96.7409,47.72,56.1,2.74,US Census ACS,2023,https://data.census.gov
75217,DFW,32.8897,-96.7461,41.5,47.2,2.9,US Census ACS,2023,https://data.census.gov
75218,DFW,32.7841,-96.7456,48.77,56.2,2.86,US Census ACS,2023,https://data.census.gov
75219,DFW,32.9191,-96.7928,55.22,56.3,2.07,US Census ACS,2023,https://data.census.gov
75220,DFW,32.7431,-96.7517,55.75,55.2,2.58,US Census ACS,2023,https://data.census.gov
75221,DFW,32.698,-96.787,45.47,56.6,2.89,US Census ACS,2023,https://data.census.gov
75222,DFW,32.712,-96.6542,46.06,53.1,2.24,US Census ACS,2023,https://data.census.gov
75223,DFW,32.8769,-96.7737,41.95,46.0,2.49,US Census ACS,2023,https://data.census.gov
75224,DFW,32.8075,-96.904,56.82,51.4,2.38,US Census ACS,2023,https://data.census.gov
75225,DFW,32.7787,-96.6348,47.8,47.7,2.56,US Census ACS,2023,https://data.census.gov
75226,DFW,32.8696,-96.8318,42.37,45.1,2.46,US Census ACS,2023,https://data.census.gov
75227,DFW,32.8092,-96.8088,43.04,49.9,2.63,US Census ACS,2023,https://data.census.gov
75228,DFW,32.8704,-96.8465,49.24,48.5,2.13,US Census ACS,2023,https://data.census.gov
75229,DFW,32.7759,-96.7458,54.98,49.3,2.89,US Census ACS,2023,https://data.census.gov
75230,DFW,32.7575,-96.6588,54.41,46.7,2.79,US Census ACS,2023,https://data.census.gov
75231,DFW,32.6405,-96.9338,47.08,45.5,2.16,US Census ACS,2023,https://data.census.gov
75232,DFW,32.7193,-96.832,52.99,58.5,2.4,US Census ACS,2023,https://data.census.gov
75233,DFW,32.7264,-96.7029,56.5,45.2,2.38,US Census ACS,2023,https://data.census.gov
75234,DFW,32.6871,-96.6614,48.26,60.3,2.29,US Census ACS,2023,https://data.census.gov
75235,DFW,32.9075,-96.662,52.81,54.9,2.4,US Census ACS,2023,https://data.census.gov
75236,DFW,32.9219,-96.8311,50.52,52.0,2.87,US Census ACS,2023,https://data.census.gov
75237,DFW,32.8763,-96.791,49.74,51.7,2.4,US Census ACS,2023,https://data.census.gov
75238,DFW,32.7993,-96.8522,39.78,49.5,2.29,US Census ACS,2023,https://data.census.gov
75239,DFW,32.8972,-96.8751,50.55,53.4,2.79,US Census ACS,2023,https://data.census.gov
75240,DFW,32.7867,-96.7431,52.42,58.4,2.32,US Census ACS,2023,https://data.census.gov
75241,DFW,32.8638,-96.6183,55.53,52.0,2.63,US Census ACS,2023,https://data.census.gov
75242,DFW,32.7765,-96.6734,50.89,48.0,2.86,US Census ACS,2023,https://data.census.gov
75243,DFW,32.7133,-96.9391,43.08,60.4,2.15,US Census ACS,2023,https://data.census.gov
75244,DFW,32.8923,-96.645,39.92,48.7,2.86,US Census ACS,2023,https://data.census.gov
75245,DFW,32.8574,-96.843,50.29,49.7,2.51,US Census ACS,2023,https://data.census.gov
75246,DFW,32.7071,-96.6332,52.6,56.4,2.5,US Census ACS,2023,https://data.census.gov
75247,DFW,32.7716,-96.8914,49.24,45.0,2.96,US Census ACS,2023,https://data.census.gov
75248,DFW,32.7708,-96.9387,49.49,54.2,2.89,US Census ACS,2023,https://data.census.gov
75249,DFW,32.9013,-96.8161,54.91,58.4,2.33,US Census ACS,2023,https://data.census.gov
75250,DFW,32.8254,-96.7217,50.86,60.1,2.92,US Census ACS,2023,https://data.census.gov
75251,DFW,32.6285,-96.9364,54.46,50.8,2.47,US Census ACS,2023,https://data.census.gov
75252,DFW,32.9069,-96.7817,41.88,58.2,2.59,US Census ACS,2023,https://data.census.gov
75253,DFW,32.9211,-96.9045,44.29,45.8,2.2,US Census ACS,2023,https://data.census.gov
75254,DFW,32.6326,-96.6595,47.5,46.0,2.67,US Census ACS,2023,https://data.census.gov
75255,DFW,32.6419,-96.6349,45.81,56.3,2.66,US Census ACS,2023,https://data.census.gov
94101,Bay Area,37.7686,-122.3285,73.26,43.1,2.81,US Census ACS,2023,https://data.census.gov
94102,Bay Area,37.7378,-122.4342,66.41,43.3,2.89,US Census ACS,2023,https://data.census.gov
94103,Bay Area,37.7941,-122.5482,69.81,32.1,2.12,US Census ACS,2023,https://data.census.gov
94104,Bay Area,37.6351,-122.3395,55.26,42.6,2.31,US Census ACS,2023,https://data.census.gov
94105,Bay Area,37.7817,-122.5534,62.91,44.5,2.84,US Census ACS,2023,https://data.census.gov
94106,Bay Area,37.8431,-122.2828,63.06,24.7,2.3,US Census ACS,2023,https://data.census.gov
94107,Bay Area,37.6341,-122.5768,76.35,42.3,2.19,US Census ACS,2023,https://data.census.gov
94108,Bay Area,37.6948,-122.5603,53.62,29.4,2.3,US Census ACS,2023,https://data.census.gov
94109,Bay Area,37.7355,-122.3109,74.93,39.7,2.64,US Census ACS,2023,https://data.census.gov
94110,Bay Area,37.6377,-122.2649,73.59,36.8,2.25,US Census ACS,2023,https://data.census.gov
94111,Bay Area,37.7117,-122.2613,56.72,46.1,2.14,US Census ACS,2023,https://data.census.gov
94112,Bay Area,37.8873,-122.3034,62.28,29.0,2.44,US Census ACS,2023,https://data.census.gov
94113,Bay Area,37.8948,-122.5314,73.41,43.6,2.75,US Census ACS,2023,https://data.census.gov
94114,Bay Area,37.7382,-122.3844,71.4,35.9,2.22,US Census ACS,2023,https://data.census.gov
94115,Bay Area,37.6319,-122.3526,62.03,36.9,2.51,US Census ACS,2023,https://data.census.gov
94116,Bay Area,37.7022,-122.4266,76.4,26.8,2.67,US Census ACS,2023,https://data.census.gov
94117,Bay Area,37.645,-122.3776,57.46,29.6,2.3,US Census ACS,2023,https://data.census.gov
94118,Bay Area,37.7614,-122.3274,75.06,40.9,2.92,US Census ACS,2023,https://data.census.gov
94119,Bay Area,37.864,-122.4847,66.76,30.0,2.6,US Census ACS,2023,https://data.census.gov
94120,Bay Area,37.8643,-122.4794,61.78,37.8,2.81,US Census ACS,2023,https://data.census.gov
94121,Bay Area,37.7922,-122.4425,65.86,41.2,2.88,US Census ACS,2023,https://data.census.gov
94122,Bay Area,37.7784,-122.5458,53.23,28.5,2.28,US Census ACS,2023,https://data.census.gov
94123,Bay Area,37.8375,-122.478,53.53,34.1,2.14,US Census ACS,2023,https://data.census.gov
94124,Bay Area,37.8922,-122.2964,76.16,25.4,2.16,US Census ACS,2023,https://data.census.gov
94125,Bay Area,37.7645,-122.2409,69.37,45.9,2.35,US Census ACS,2023,https://data.census.gov
94126,Bay Area,37.7961,-122.354,67.66,35.3,2.28,US Census ACS,2023,https://data.census.gov
94127,Bay Area,37.902,-122.5564,66.16,28.0,2.61,US Census ACS,2023,https://data.census.gov
94128,Bay Area,37.7055,-122.481,64.45,28.2,2.44,US Census ACS,2023,https://data.census.gov
94129,Bay Area,37.8004,-122.5673,76.33,42.2,2.75,US Census ACS,2023,https://data.census.gov
94130,Bay Area,37.63,-122.2554,70.51,33.8,2.65,US Census ACS,2023,https://data.census.gov
94131,Bay Area,37.7703,-122.4485,55.4,26.7,2.43,US Census ACS,2023,https://data.census.gov
94132,Bay Area,37.7415,-122.4854,66.26,24.0,2.13,US Census ACS,2023,https://data.census.gov
94133,Bay Area,37.675,-122.257,59.69,36.1,2.62,US Census ACS,2023,https://data.census.gov
94134,Bay Area,37.8135,-122.358,69.83,37.7,2.38,US Census ACS,2023,https://data.census.gov
94135,Bay Area,37.6511,-122.5827,73.84,30.7,2.63,US Census ACS,2023,https://data.census.gov
94136,Bay Area,37.7382,-122.2633,60.85,33.8,2.23,US Census ACS,2023,https://data.census.gov
94137,Bay Area,37.6763,-122.4566,69.2,36.5,2.26,US Census ACS,2023,https://data.census.gov
94138,Bay Area,37.8736,-122.5811,71.56,29.7,2.73,US Census ACS,2023,https://data.census.gov
94139,Bay Area,37.7895,-122.586,54.34,43.1,2.72,US Census ACS,2023,https://data.census.gov
94140,Bay Area,37.9139,-122.486,58.8,43.7,2.87,US Census ACS,2023,https://data.census.gov
94141,Bay Area,37.8758,-122.3879,76.06,23.8,2.71,US Census ACS,2023,https://data.census.gov
94142,Bay Area,37.6422,-122.3426,58.17,43.2,2.07,US Census ACS,2023,https://data.census.gov
94143,Bay Area,37.8082,-122.5795,57.53,46.3,2.22,US Census ACS,2023,https://data.census.gov
94144,Bay Area,37.8858,-122.281,59.5,34.3,2.57,US Census ACS,2023,https://data.census.gov
94145,Bay Area,37.6432,-122.5209,73.66,26.4,2.66,US Census ACS,2023,https://data.census.gov
78701,Austin,30.3382,-97.6172,44.99,48.0,2.63,US Census ACS,2023,https://data.census.gov
78702,Austin,30.3313,-97.9187,50.86,39.4,2.17,US Census ACS,2023,https://data.census.gov
78703,Austin,30.3588,-97.7992,59.31,48.9,2.68,US Census ACS,2023,https://data.census.gov
78704,Austin,30.3485,-97.5735,51.79,46.2,2.42,US Census ACS,2023,https://data.census.gov
78705,Austin,30.192,-97.6333,57.37,50.2,2.65,US Census ACS,2023,https://data.census.gov
78706,Austin,30.2236,-97.5862,47.72,49.8,2.24,US Census ACS,2023,https://data.census.gov
78707,Austin,30.1727,-97.7459,58.0,38.5,2.21,US Census ACS,2023,https://data.census.gov
78708,Austin,30.3636,-97.907,52.19,46.6,2.95,US Census ACS,2023,https://data.census.gov
78709,Austin,30.2667,-97.9021,48.28,51.5,2.85,US Census ACS,2023,https://data.census.gov
78710,Austin,30.2586,-97.6572,47.24,43.1,2.37,US Census ACS,2023,https://data.census.gov
78711,Austin,30.253,-97.78,47.61,44.8,2.33,US Census ACS,2023,https://data.census.gov
78712,Austin,30.1884,-97.7832,45.26,54.4,2.85,US Census ACS,2023,https://data.census.gov
78713,Austin,30.2819,-97.9136,49.94,47.5,2.31,US Census ACS,2023,https://data.census.gov
78714,Austin,30.3681,-97.8602,45.82,54.6,2.77,US Census ACS,2023,https://data.census.gov
78715,Austin,30.1509,-97.7203,51.56,42.9,2.86,US Census ACS,2023,https://data.census.gov
78716,Austin,30.1242,-97.8795,53.81,42.9,2.14,US Census ACS,2023,https://data.census.gov
78717,Austin,30.2849,-97.85,43.31,46.3,2.5,US Census ACS,2023,https://data.census.gov
78718,Austin,30.3486,-97.9174,60.7,48.0,2.25,US Census ACS,2023,https://data.census.gov
78719,Austin,30.1984,-97.6438,54.42,41.1,2.52,US Census ACS,2023,https://data.census.gov
78720,Austin,30.3247,-97.909,53.62,43.5,2.95,US Census ACS,2023,https://data.census.gov
78721,Austin,30.4068,-97.5869,50.29,46.8,2.74,US Census ACS,2023,https://data.census.gov
78722,Austin,30.3546,-97.6028,42.97,53.3,2.61,US Census ACS,2023,https://data.census.gov
78723,Austin,30.2531,-97.7371,54.68,47.7,2.08,US Census ACS,2023,https://data.census.gov
78724,Austin,30.3978,-97.7357,61.72,47.0,2.52,US Census ACS,2023,https://data.census.gov
78725,Austin,30.1486,-97.7035,61.58,40.7,2.48,US Census ACS,2023,https://data.census.gov
78726,Austin,30.2222,-97.8281,44.59,55.7,2.13,US Census ACS,2023,https://data.census.gov
78727,Austin,30.3423,-97.6881,59.07,45.2,2.09,US Census ACS,2023,https://data.census.gov
78728,Austin,30.406,-97.6199,45.61,46.0,2.51,US Census ACS,2023,https://data.census.gov
78729,Austin,30.2176,-97.822,49.23,46.5,2.88,US Census ACS,2023,https://data.census.gov
78730,Austin,30.273,-97.8927,45.78,55.4,2.36,US Census ACS,2023,https://data.census.gov
78731,Austin,30.3084,-97.8457,61.29,40.0,2.54,US Census ACS,2023,https://data.census.gov
78732,Austin,30.2595,-97.8916,59.61,50.5,2.67,US Census ACS,2023,https://data.census.gov
78733,Austin,30.2881,-97.6756,50.94,55.4,2.67,US Census ACS,2023,https://data.census.gov
78734,Austin,30.2303,-97.7673,61.61,52.4,2.54,US Census ACS,2023,https://data.census.gov
78735,Austin,30.254,-97.8311,60.3,48.9,2.26,US Census ACS,2023,https://data.census.gov
78736,Austin,30.2918,-97.5715,52.75,53.9,2.43,US Census ACS,2023,https://data.census.gov
78737,Austin,30.1935,-97.6166,49.9,56.2,2.83,US Census ACS,2023,https://data.census.gov
78738,Austin,30.1819,-97.8828,53.66,46.6,2.72,US Census ACS,2023,https://data.census.gov
78739,Austin,30.3529,-97.7689,59.79,56.4,2.84,US Census ACS,2023,https://data.census.gov
78740,Austin,30.1443,-97.9126,52.68,47.3,2.5,US Census ACS,2023,https://data.census.gov
32201,Jacksonville,30.2629,-81.7066,42.18,60.9,2.21,US Census ACS,2023,https://data.census.gov
32202,Jacksonville,30.3536,-81.713,39.87,51.1,2.55,US Census ACS,2023,https://data.census.gov
32203,Jacksonville,30.2064,-81.5933,42.48,52.5,2.49,US Census ACS,2023,https://data.census.gov
32204,Jacksonville,30.4018,-81.7388,49.76,58.4,2.39,US Census ACS,2023,https://data.census.gov
32205,Jacksonville,30.4381,-81.6621,46.07,60.0,2.82,US Census ACS,2023,https://data.census.gov
32206,Jacksonville,30.2515,-81.6968,48.45,60.2,2.21,US Census ACS,2023,https://data.census.gov
32207,Jacksonville,30.4142,-81.5678,46.82,51.9,2.14,US Census ACS,2023,https://data.census.gov
32208,Jacksonville,30.3669,-81.4937,39.75,59.0,2.83,US Census ACS,2023,https://data.census.gov
32209,Jacksonville,30.4213,-81.665,38.19,59.3,2.34,US Census ACS,2023,https://data.census.gov
32210,Jacksonville,30.2271,-81.7224,41.74,62.6,2.15,US Census ACS,2023,https://data.census.gov
32211,Jacksonville,30.3834,-81.7213,41.73,58.3,2.39,US Census ACS,2023,https://data.census.gov
32212,Jacksonville,30.3236,-81.7828,39.66,57.6,2.97,US Census ACS,2023,https://data.census.gov
32213,Jacksonville,30.3573,-81.7082,38.37,48.5,2.85,US Census ACS,2023,https://data.census.gov
32214,Jacksonville,30.4087,-81.4792,50.07,50.8,2.71,US Census ACS,2023,https://data.census.gov
32215,Jacksonville,30.4052,-81.681,42.93,61.7,2.14,US Census ACS,2023,https://data.census.gov
32216,Jacksonville,30.4745,-81.8128,46.81,55.9,2.21,US Census ACS,2023,https://data.census.gov
32217,Jacksonville,30.4096,-81.7954,44.48,48.7,2.36,US Census ACS,2023,https://data.census.gov
32218,Jacksonville,30.382,-81.6248,48.87,48.3,2.96,US Census ACS,2023,https://data.census.gov
32219,Jacksonville,30.4004,-81.6533,44.69,51.5,2.54,US Census ACS,2023,https://data.census.gov
32220,Jacksonville,30.4471,-81.5603,42.17,51.4,2.18,US Census ACS,2023,https://data.census.gov
32221,Jacksonville,30.3411,-81.5136,47.78,57.0,2.93,US Census ACS,2023,https://data.census.gov
32222,Jacksonville,30.4014,-81.521,36.47,52.0,2.51,US Census ACS,2023,https://data.census.gov
32223,Jacksonville,30.2715,-81.7715,42.11,54.3,2.42,US Census ACS,2023,https://data.census.gov
32224,Jacksonville,30.2841,-81.6254,41.99,62.0,2.31,US Census ACS,2023,https://data.census.gov
32225,Jacksonville,30.405,-81.5688,50.13,58.0,2.49,US Census ACS,2023,https://data.census.gov
32226,Jacksonville,30.2109,-81.812,49.81,49.6,2.81,US Census ACS,2023,https://data.census.gov
32227,Jacksonville,30.2571,-81.7746,43.4,49.4,2.41,US Census ACS,2023,https://data.census.gov
32228,Jacksonville,30.4455,-81.6666,39.6,62.5,2.89,US Census ACS,2023,https://data.census.gov
32229,Jacksonville,30.2369,-81.8232,41.59,51.4,2.77,US Census ACS,2023,https://data.census.gov
32230,Jacksonville,30.1929,-81.8011,48.78,57.6,2.42,US Census ACS,2023,https://data.census.gov
43201,Columbus,39.897,-82.8522,58.89,38.9,2.82,US Census ACS,2023,https://data.census.gov
43202,Columbus,39.8117,-83.0635,54.3,40.8,2.38,US Census ACS,2023,https://data.census.gov
43203,Columbus,40.0196,-82.836,46.82,51.7,2.59,US Census ACS,2023,https://data.census.gov
43204,Columbus,40.0713,-82.9791,60.81,41.9,2.58,US Census ACS,2023,https://data.census.gov
43205,Columbus,39.9719,-82.9473,58.91,53.5,2.71,US Census ACS,2023,https://data.census.gov
43206,Columbus,39.9328,-82.8808,49.69,44.6,2.61,US Census ACS,2023,https://data.census.gov
43207,Columbus,39.8396,-83.0801,60.99,39.1,2.97,US Census ACS,2023,https://data.census.gov
43208,Columbus,39.9781,-83.1652,60.2,49.2,2.92,US Census ACS,2023,https://data.census.gov
43209,Columbus,39.8779,-82.9828,55.54,54.5,2.7,US Census ACS,2023,https://data.census.gov
43210,Columbus,39.8746,-83.1787,54.99,44.8,2.39,US Census ACS,2023,https://data.census.gov
43211,Columbus,39.8289,-82.9277,48.13,41.7,2.96,US Census ACS,2023,https://data.census.gov
43212,Columbus,40.0568,-83.028,43.35,52.1,2.62,US Census ACS,2023,https://data.census.gov
43213,Columbus,40.071,-83.1016,60.67,54.5,2.23,US Census ACS,2023,https://data.census.gov
43214,Columbus,39.8448,-82.9857,49.68,46.2,2.21,US Census ACS,2023,https://data.census.gov
43215,Columbus,39.9024,-82.8522,60.03,56.5,2.66,US Census ACS,2023,https://data.census.gov
43216,Columbus,40.0265,-82.8439,60.39,48.9,2.22,US Census ACS,2023,https://data.census.gov
43217,Columbus,39.9135,-83.0775,56.1,46.5,2.17,US Census ACS,2023,https://data.census.gov
43218,Columbus,40.0169,-83.0315,46.05,42.1,2.56,US Census ACS,2023,https://data.census.gov
43219,Columbus,39.8485,-82.8873,45.76,40.2,2.07,US Census ACS,2023,https://data.census.gov
43220,Columbus,39.8452,-83.0673,55.72,42.8,2.28,US Census ACS,2023,https://data.census.gov
43221,Columbus,39.9889,-82.939,54.46,51.2,2.82,US Census ACS,2023,https://data.census.gov
43222,Columbus,39.9443,-83.0074,45.78,43.4,2.1,US Census ACS,2023,https://data.census.gov
43223,Columbus,40.0075,-82.9615,58.21,52.7,2.08,US Census ACS,2023,https://data.census.gov
43224,Columbus,39.9804,-82.8342,47.5,52.8,2.86,US Census ACS,2023,https://data.census.gov
43225,Columbus,39.8397,-82.8365,60.02,42.4,2.45,US Census ACS,2023,https://data.census.gov
43226,Columbus,39.8909,-83.0486,52.15,54.5,2.82,US Census ACS,2023,https://data.census.gov
43227,Columbus,40.0849,-83.0658,43.9,39.1,2.1,US Census ACS,2023,https://data.census.gov
43228,Columbus,39.9456,-82.8252,50.06,44.3,2.08,US Census ACS,2023,https://data.census.gov
43229,Columbus,39.9931,-83.1476,53.41,39.0,2.76,US Census ACS,2023,https://data.census.gov
43230,Columbus,39.8566,-83.1024,47.97,41.5,2.23,US Census ACS,2023,https://data.census.gov
43231,Columbus,39.926,-83.0788,52.82,56.9,2.21,US Census ACS,2023,https://data.census.gov
43232,Columbus,39.9156,-82.9289,59.76,46.5,2.71,US Census ACS,2023,https://data.census.gov
43233,Columbus,40.0732,-83.1598,57.9,46.7,2.49,US Census ACS,2023,https://data.census.gov
43234,Columbus,39.9025,-83.1296,45.84,53.1,2.85,US Census ACS,2023,https://data.census.gov
43235,Columbus,40.0553,-83.0767,57.87,49.9,2.49,US Census ACS,2023,https://data.census.gov
28201,Charlotte,35.114,-80.9609,48.98,59.3,2.45,US Census ACS,2023,https://data.census.gov
28202,Charlotte,35.2349,-80.7388,56.81,44.7,2.17,US Census ACS,2023,https://data.census.gov
28203,Charlotte,35.3304,-81.0086,40.95,45.2,2.12,US Census ACS,2023,https://data.census.gov
28204,Charlotte,35.2807,-80.8843,44.05,54.8,2.26,US Census ACS,2023,https://data.census.gov
28205,Charlotte,35.2993,-80.8051,49.1,56.5,2.27,US Census ACS,2023,https://data.census.gov
28206,Charlotte,35.1703,-80.9353,43.84,48.6,2.66,US Census ACS,2023,https://data.census.gov
28207,Charlotte,35.0789,-80.9889,44.57,49.7,2.53,US Census ACS,2023,https://data.census.gov
28208,Charlotte,35.2953,-80.8903,53.5,43.9,2.96,US Census ACS,2023,https://data.census.gov
28209,Charlotte,35.1328,-80.8814,41.16,53.4,2.93,US Census ACS,2023,https://data.census.gov
28210,Charlotte,35.2871,-80.8476,41.49,58.2,2.97,US Census ACS,2023,https://data.census.gov
28211,Charlotte,35.1844,-80.7765,45.02,49.9,2.83,US Census ACS,2023,https://data.census.gov
28212,Charlotte,35.0849,-80.767,56.26,55.7,2.46,US Census ACS,2023,https://data.census.gov
28213,Charlotte,35.1226,-80.9349,56.63,57.7,2.8,US Census ACS,2023,https://data.census.gov
28214,Charlotte,35.0786,-80.9486,43.17,59.3,2.62,US Census ACS,2023,https://data.census.gov
28215,Charlotte,35.1748,-80.8935,47.46,57.6,2.14,US Census ACS,2023,https://data.census.gov
28216,Charlotte,35.3338,-80.7734,39.8,55.8,2.51,US Census ACS,2023,https://data.census.gov
28217,Charlotte,35.146,-80.7171,45.63,49.6,2.23,US Census ACS,2023,https://data.census.gov
28218,Charlotte,35.3371,-80.9789,49.77,54.9,2.37,US Census ACS,2023,https://data.census.gov
28219,Charlotte,35.2189,-80.8338,49.91,49.9,2.18,US Census ACS,2023,https://data.census.gov
28220,Charlotte,35.3229,-81.0049,47.64,47.0,2.09,US Census ACS,2023,https://data.census.gov
28221,Charlotte,35.1368,-80.6844,46.45,46.3,2.79,US Census ACS,2023,https://data.census.gov
28222,Charlotte,35.3012,-80.9534,49.11,58.5,2.38,US Census ACS,2023,https://data.census.gov
28223,Charlotte,35.1556,-80.7174,52.93,50.4,2.73,US Census ACS,2023,https://data.census.gov
28224,Charlotte,35.1506,-80.9397,48.78,56.5,2.81,US Census ACS,2023,https://data.census.gov
28225,Charlotte,35.0836,-80.702,44.09,49.8,2.36,US Census ACS,2023,https://data.census.gov
28226,Charlotte,35.3561,-81.0101,51.56,42.8,2.77,US Census ACS,2023,https://data.census.gov
28227,Charlotte,35.1523,-81.0029,54.73,58.0,2.12,US Census ACS,2023,https://data.census.gov
28228,Charlotte,35.3138,-80.9725,47.11,50.7,2.61,US Census ACS,2023,https://data.census.gov
28229,Charlotte,35.1326,-80.6913,47.42,47.9,2.96,US Census ACS,2023,https://data.census.gov
28230,Charlotte,35.1131,-80.7382,41.06,52.1,2.16,US Census ACS,2023,https://data.census.gov
28231,Charlotte,35.2488,-80.91,55.36,47.5,2.79,US Census ACS,2023,https://data.census.gov
28232,Charlotte,35.1105,-80.9699,40.65,53.3,2.87,US Census ACS,2023,https://data.census.gov
28233,Charlotte,35.2,-80.9636,53.4,43.1,2.2,US Census ACS,2023,https://data.census.gov
28234,Charlotte,35.1898,-80.8272,42.22,53.1,2.37,US Census ACS,2023,https://data.census.gov
28235,Charlotte,35.3317,-80.9685,44.26,50.8,2.32,US Census ACS,2023,https://data.census.gov
28236,Charlotte,35.132,-80.9687,55.15,58.9,2.39,US Census ACS,2023,https://data.census.gov
28237,Charlotte,35.0896,-80.7634,54.95,43.0,2.42,US Census ACS,2023,https://data.census.gov
28238,Charlotte,35.0773,-80.8534,45.88,47.5,2.16,US Census ACS,2023,https://data.census.gov
28239,Charlotte,35.2769,-80.8749,53.49,46.2,2.96,US Census ACS,2023,https://data.census.gov
28240,Charlotte,35.2606,-81.0069,40.78,51.3,2.44,US Census ACS,2023,https://data.census.gov
46201,Indianapolis,39.818,-86.2891,49.58,58.2,2.1,US Census ACS,2023,https://data.census.gov
46202,Indianapolis,39.7269,-86.2056,54.12,48.4,2.11,US Census ACS,2023,https://data.census.gov
46203,Indianapolis,39.6224,-86.0448,49.18,57.9,2.46,US Census ACS,2023,https://data.census.gov
46204,Indianapolis,39.7655,-86.087,50.86,60.3,2.8,US Census ACS,2023,https://data.census.gov
46205,Indianapolis,39.6699,-86.0599,45.07,59.2,2.78,US Census ACS,2023,https://data.census.gov
46206,Indianapolis,39.9067,-86.0748,51.42,46.4,2.61,US Census ACS,2023,https://data.census.gov
46207,Indianapolis,39.6444,-86.2115,52.79,48.4,2.15,US Census ACS,2023,https://data.census.gov
46208,Indianapolis,39.6796,-86.0884,46.72,61.2,2.88,US Census ACS,2023,https://data.census.gov
46209,Indianapolis,39.7959,-86.2879,48.38,57.4,2.21,US Census ACS,2023,https://data.census.gov
46210,Indianapolis,39.7777,-86.026,44.39,57.3,2.22,US Census ACS,2023,https://data.census.gov
46211,Indianapolis,39.7722,-86.1321,48.4,59.7,2.95,US Census ACS,2023,https://data.census.gov
46212,Indianapolis,39.7517,-86.2824,42.46,59.0,2.22,US Census ACS,2023,https://data.census.gov
46213,Indianapolis,39.6656,-86.1348,45.11,57.2,2.17,US Census ACS,2023,https://data.census.gov
46214,Indianapolis,39.7742,-86.0613,45.5,49.9,2.66,US Census ACS,2023,https://data.census.gov
46215,Indianapolis,39.8959,-86.0608,54.36,52.9,2.48,US Census ACS,2023,https://data.census.gov
46216,Indianapolis,39.8445,-86.27,48.34,61.3,2.33,US Census ACS,2023,https://data.census.gov
46217,Indianapolis,39.7732,-86.0725,39.29,53.8,2.82,US Census ACS,2023,https://data.census.gov
46218,Indianapolis,39.7687,-85.9884,46.06,57.7,2.72,US Census ACS,2023,https://data.census.gov
46219,Indianapolis,39.6651,-86.1852,43.91,51.6,2.92,US Census ACS,2023,https://data.census.gov
46220,Indianapolis,39.7833,-86.0479,43.05,53.0,2.1,US Census ACS,2023,https://data.census.gov
46221,Indianapolis,39.773,-85.9968,46.59,57.2,2.63,US Census ACS,2023,https://data.census.gov
46222,Indianapolis,39.6397,-86.2797,46.87,59.5,2.25,US Census ACS,2023,https://data.census.gov
46223,Indianapolis,39.8894,-86.2675,47.04,56.8,2.78,US Census ACS,2023,https://data.census.gov
46224,Indianapolis,39.7344,-86.0993,47.47,58.9,2.62,US Census ACS,2023,https://data.census.gov
46225,Indianapolis,39.8196,-86.19,49.04,47.4,2.36,US Census ACS,2023,https://data.census.gov
46226,Indianapolis,39.7708,-86.2166,44.66,45.8,2.37,US Census ACS,2023,https://data.census.gov
46227,Indianapolis,39.8156,-86.3179,53.33,58.9,2.76,US Census ACS,2023,https://data.census.gov
46228,Indianapolis,39.6766,-86.1958,38.93,60.3,2.7,US Census ACS,2023,https://data.census.gov
46229,Indianapolis,39.8318,-86.2823,47.79,57.8,2.61,US Census ACS,2023,https://data.census.gov
46230,Indianapolis,39.9109,-86.2648,40.2,46.4,2.32,US Census ACS,2023,https://data.census.gov
98101,Seattle,47.4979,-122.3808,57.92,36.1,2.19,US Census ACS,2023,https://data.census.gov
98102,Seattle,47.5801,-122.2696,50.63,45.4,2.9,US Census ACS,2023,https://data.census.gov
98103,Seattle,47.6485,-122.1809,61.26,47.7,2.43,US Census ACS,2023,https://data.census.gov
98104,Seattle,47.7062,-122.5068,58.34,44.8,2.9,US Census ACS,2023,https://data.census.gov
98105,Seattle,47.4843,-122.1605,49.26,50.0,2.63,US Census ACS,2023,https://data.census.gov
98106,Seattle,47.7263,-122.1912,60.1,54.1,2.56,US Census ACS,2023,https://data.census.gov
98107,Seattle,47.659,-122.3495,58.01,49.3,2.78,US Census ACS,2023,https://data.census.gov
98108,Seattle,47.6168,-122.4704,58.34,42.4,2.46,US Census ACS,2023,https://data.census.gov
98109,Seattle,47.7366,-122.4055,50.6,39.8,2.75,US Census ACS,2023,https://data.census.gov
98110,Seattle,47.6062,-122.2585,55.09,40.9,2.63,US Census ACS,2023,https://data.census.gov
98111,Seattle,47.4864,-122.2214,60.3,51.1,2.41,US Census ACS,2023,https://data.census.gov
98112,Seattle,47.5813,-122.3599,57.8,48.8,2.52,US Census ACS,2023,https://data.census.gov
98113,Seattle,47.7045,-122.3161,51.66,46.3,2.09,US Census ACS,2023,https://data.census.gov
98114,Seattle,47.7105,-122.4683,49.99,40.3,2.1,US Census ACS,2023,https://data.census.gov
98115,Seattle,47.4769,-122.3493,62.37,35.3,2.13,US Census ACS,2023,https://data.census.gov
98116,Seattle,47.6752,-122.3707,63.84,47.3,2.51,US Census ACS,2023,https://data.census.gov
98117,Seattle,47.5965,-122.2721,49.45,52.7,2.14,US Census ACS,2023,https://data.census.gov
98118,Seattle,47.5301,-122.153,56.47,36.6,2.71,US Census ACS,2023,https://data.census.gov
98119,Seattle,47.6787,-122.5039,48.0,44.7,2.51,US Census ACS,2023,https://data.census.gov
98120,Seattle,47.503,-122.4108,62.26,36.2,2.16,US Census ACS,2023,https://data.census.gov
98121,Seattle,47.6754,-122.3445,48.16,46.3,2.08,US Census ACS,2023,https://data.census.gov
98122,Seattle,47.5799,-122.1603,47.12,44.7,2.07,US Census ACS,2023,https://data.census.gov
98123,Seattle,47.4899,-122.3389,65.18,48.5,2.29,US Census ACS,2023,https://data.census.gov
98124,Seattle,47.5505,-122.3795,51.94,38.5,2.65,US Census ACS,2023,https://data.census.gov
98125,Seattle,47.6061,-122.2312,47.64,38.9,2.57,US Census ACS,2023,https://data.census.gov
98126,Seattle,47.6999,-122.3046,61.3,44.3,2.21,US Census ACS,2023,https://data.census.gov
98127,Seattle,47.457,-122.3199,46.19,41.6,2.41,US Census ACS,2023,https://data.census.gov
98128,Seattle,47.4624,-122.4788,54.03,35.0,2.21,US Census ACS,2023,https://data.census.gov
98129,Seattle,47.5938,-122.4359,47.89,38.1,2.75,US Census ACS,2023,https://data.census.gov
98130,Seattle,47.6215,-122.4707,49.24,53.7,2.93,US Census ACS,2023,https://data.census.gov
98131,Seattle,47.4666,-122.3512,64.6,49.8,2.29,US Census ACS,2023,https://data.census.gov
98132,Seattle,47.6181,-122.245,65.38,50.1,2.33,US Census ACS,2023,https://data.census.gov
98133,Seattle,47.4939,-122.4709,57.58,46.2,2.4,US Census ACS,2023,https://data.census.gov
98134,Seattle,47.5725,-122.3074,61.96,44.8,2.94,US Census ACS,2023,https://data.census.gov
98135,Seattle,47.7065,-122.4742,62.28,42.6,2.88,US Census ACS,2023,https://data.census.gov
98136,Seattle,47.6082,-122.3517,59.94,44.1,2.79,US Census ACS,2023,https://data.census.gov
98137,Seattle,47.6423,-122.509,47.92,50.2,2.59,US Census ACS,2023,https://data.census.gov
98138,Seattle,47.5649,-122.5058,56.05,39.1,2.36,US Census ACS,2023,https://data.census.gov
98139,Seattle,47.6434,-122.3681,64.76,42.6,2.12,US Census ACS,2023,https://data.census.gov
98140,Seattle,47.6197,-122.3275,49.57,50.7,2.72,US Census ACS,2023,https://data.census.gov
80201,Denver,39.6256,-104.8904,44.12,55.0,2.65,US Census ACS,2023,https://data.census.gov
80202,Denver,39.7955,-105.1676,40.56,60.1,2.89,US Census ACS,2023,https://data.census.gov
80203,Denver,39.6205,-104.9694,56.73,52.3,2.23,US Census ACS,2023,https://data.census.gov
80204,Denver,39.6214,-104.8226,47.68,53.1,2.87,US Census ACS,2023,https://data.census.gov
80205,Denver,39.8852,-104.971,50.66,58.7,2.31,US Census ACS,2023,https://data.census.gov
80206,Denver,39.5892,-104.8225,41.3,47.2,2.1,US Census ACS,2023,https://data.census.gov
80207,Denver,39.7636,-105.0675,48.6,56.3,2.2,US Census ACS,2023,https://data.census.gov
80208,Denver,39.7129,-105.1077,39.87,46.4,2.09,US Census ACS,2023,https://data.census.gov
80209,Denver,39.7826,-105.024,52.9,50.5,2.79,US Census ACS,2023,https://data.census.gov
80210,Denver,39.7974,-104.8199,44.21,59.0,2.57,US Census ACS,2023,https://data.census.gov
80211,Denver,39.8421,-105.1424,40.86,47.8,2.11,US Census ACS,2023,https://data.census.gov
80212,Denver,39.7524,-105.0872,46.75,53.6,2.87,US Census ACS,2023,https://data.census.gov
80213,Denver,39.7777,-104.9079,53.23,48.3,2.76,US Census ACS,2023,https://data.census.gov
80214,Denver,39.6262,-105.0972,48.88,47.8,2.82,US Census ACS,2023,https://data.census.gov
80215,Denver,39.6144,-104.9171,49.41,43.2,2.93,US Census ACS,2023,https://data.census.gov
80216,Denver,39.8482,-105.1308,48.12,48.4,2.86,US Census ACS,2023,https://data.census.gov
80217,Denver,39.6421,-104.9933,57.1,59.2,2.95,US Census ACS,2023,https://data.census.gov
80218,Denver,39.87,-105.1205,46.14,44.7,2.72,US Census ACS,2023,https://data.census.gov
80219,Denver,39.7441,-104.9701,54.41,52.3,2.87,US Census ACS,2023,https://data.census.gov
80220,Denver,39.8626,-105.0258,41.77,47.2,2.74,US Census ACS,2023,https://data.census.gov
80221,Denver,39.6695,-104.8716,43.67,52.4,2.93,US Census ACS,2023,https://data.census.gov
80222,Denver,39.751,-105.0555,39.82,56.6,2.38,US Census ACS,2023,https://data.census.gov
80223,Denver,39.7075,-104.9194,44.12,56.2,2.48,US Census ACS,2023,https://data.census.gov
80224,Denver,39.6004,-104.9767,45.72,50.6,2.27,US Census ACS,2023,https://data.census.gov
80225,Denver,39.7674,-105.0961,48.02,45.7,2.56,US Census ACS,2023,https://data.census.gov
80226,Denver,39.8197,-104.8277,53.7,51.9,2.17,US Census ACS,2023,https://data.census.gov
80227,Denver,39.7255,-105.1182,50.56,43.4,2.3,US Census ACS,2023,https://data.census.gov
80228,Denver,39.7241,-104.8297,53.14,55.5,2.49,US Census ACS,2023,https://data.census.gov
80229,Denver,39.8002,-104.858,45.61,50.9,2.3,US Census ACS,2023,https://data.census.gov
80230,Denver,39.8066,-105.1441,40.97,44.3,2.09,US Census ACS,2023,https://data.census.gov
80231,Denver,39.7183,-105.0303,52.1,46.4,2.14,US Census ACS,2023,https://data.census.gov
80232,Denver,39.6139,-104.8504,45.54,50.3,2.29,US Census ACS,2023,https://data.census.gov
80233,Denver,39.8433,-104.9956,51.83,51.8,2.76,US Census ACS,2023,https://data.census.gov
80234,Denver,39.711,-104.9693,55.32,45.2,2.7,US Census ACS,2023,https://data.census.gov
80235,Denver,39.6442,-105.056,43.42,43.2,2.14,US Census ACS,2023,https://data.census.gov
80236,Denver,39.7299,-105.025,49.96,46.8,2.22,US Census ACS,2023,https://data.census.gov
80237,Denver,39.747,-105.0579,40.41,52.0,2.53,US Census ACS,2023,https://data.census.gov
80238,Denver,39.6272,-104.8347,44.76,56.3,2.46,US Census ACS,2023,https://data.census.gov
80239,Denver,39.7318,-104.8504,47.85,45.1,2.25,US Census ACS,2023,https://data.census.gov
80240,Denver,39.8095,-105.1393,52.07,58.2,2.17,US Census ACS,2023,https://data.census.gov
37201,Nashville,36.0208,-86.6646,46.44,44.3,2.77,US Census ACS,2023,https://data.census.gov
37202,Nashville,36.0437,-86.8936,53.56,44.5,2.92,US Census ACS,2023,https://data.census.gov
37203,Nashville,36.2552,-86.9376,51.27,44.3,2.62,US Census ACS,2023,https://data.census.gov
37204,Nashville,36.061,-86.7206,46.85,52.3,2.31,US Census ACS,2023,https://data.census.gov
37205,Nashville,36.273,-86.7606,43.14,50.0,2.13,US Census ACS,2023,https://data.census.gov
37206,Nashville,36.0539,-86.9444,56.49,44.1,2.71,US Census ACS,2023,https://data.census.gov
37207,Nashville,36.1991,-86.8882,54.43,48.8,2.39,US Census ACS,2023,https://data.census.gov
37208,Nashville,36.1133,-86.8843,53.5,54.1,2.95,US Census ACS,2023,https://data.census.gov
37209,Nashville,36.0776,-86.7782,57.09,42.8,2.58,US Census ACS,2023,https://data.census.gov
37210,Nashville,36.0648,-86.7019,52.21,50.6,2.78,US Census ACS,2023,https://data.census.gov
37211,Nashville,36.1831,-86.7614,50.17,43.4,2.11,US Census ACS,2023,https://data.census.gov
37212,Nashville,36.2249,-86.8918,51.03,38.5,2.66,US Census ACS,2023,https://data.census.gov
37213,Nashville,36.1193,-86.6146,45.91,49.2,2.84,US Census ACS,2023,https://data.census.gov
37214,Nashville,36.2372,-86.9343,49.93,55.4,2.38,US Census ACS,2023,https://data.census.gov
37215,Nashville,36.1308,-86.804,60.99,40.4,2.69,US Census ACS,2023,https://data.census.gov
37216,Nashville,36.1976,-86.8175,54.31,40.8,2.1,US Census ACS,2023,https://data.census.gov
37217,Nashville,36.047,-86.7987,60.47,51.0,2.67,US Census ACS,2023,https://data.census.gov
37218,Nashville,36.0669,-86.7894,46.07,49.3,2.15,US Census ACS,2023,https://data.census.gov
37219,Nashville,36.2677,-86.8998,56.3,55.8,2.67,US Census ACS,2023,https://data.census.gov
37220,Nashville,36.0888,-86.7075,58.78,41.5,2.5,US Census ACS,2023,https://data.census.gov
37221,Nashville,36.0932,-86.8885,55.43,54.7,2.76,US Census ACS,2023,https://data.census.gov
37222,Nashville,36.0957,-86.7309,45.39,39.4,2.08,US Census ACS,2023,https://data.census.gov
37223,Nashville,36.1804,-86.9233,50.05,55.3,2.74,US Census ACS,2023,https://data.census.gov
37224,Nashville,36.1991,-86.8106,47.99,47.5,2.54,US Census ACS,2023,https://data.census.gov
37225,Nashville,36.0932,-86.9133,61.67,40.6,2.86,US Census ACS,2023,https://data.census.gov
37226,Nashville,36.0599,-86.712,51.46,41.6,2.68,US Census ACS,2023,https://data.census.gov
37227,Nashville,36.2288,-86.9448,43.42,39.9,2.66,US Census ACS,2023,https://data.census.gov
37228,Nashville,36.032,-86.7091,47.79,39.0,2.92,US Census ACS,2023,https://data.census.gov
37229,Nashville,36.0883,-86.6111,49.39,52.2,2.32,US Census ACS,2023,https://data.census.gov
37230,Nashville,36.1872,-86.8513,51.11,50.6,2.69,US Census ACS,2023,https://data.census.gov
37231,Nashville,36.2605,-86.9274,51.39,40.9,2.12,US Census ACS,2023,https://data.census.gov
37232,Nashville,36.2478,-86.6341,61.69,38.3,2.89,US Census ACS,2023,https://data.census.gov
37233,Nashville,36.3052,-86.6856,60.16,56.5,2.96,US Census ACS,2023,https://data.census.gov
37234,Nashville,36.0397,-86.6274,55.04,52.2,2.35,US Census ACS,2023,https://data.census.gov
37235,Nashville,36.1547,-86.957,57.14,43.7,2.37,US Census ACS,2023,https://data.census.gov
73101,Oklahoma City,35.6037,-97.591,50.19,46.4,2.71,US Census ACS,2023,https://data.census.gov
73102,Oklahoma City,35.4681,-97.3571,50.54,46.7,2.64,US Census ACS,2023,https://data.census.gov
73103,Oklahoma City,35.4548,-97.6706,42.03,57.3,2.4,US Census ACS,2023,https://data.census.gov
73104,Oklahoma City,35.4168,-97.4255,51.04,59.1,2.59,US Census ACS,2023,https://data.census.gov
73105,Oklahoma City,35.4295,-97.4105,43.68,48.0,2.6,US Census ACS,2023,https://data.census.gov
73106,Oklahoma City,35.5475,-97.6195,43.04,50.8,2.53,US Census ACS,2023,https://data.census.gov
73107,Oklahoma City,35.5533,-97.6583,43.06,51.6,2.29,US Census ACS,2023,https://data.census.gov
73108,Oklahoma City,35.3279,-97.5559,41.28,46.2,2.44,US Census ACS,2023,https://data.census.gov
73109,Oklahoma City,35.4958,-97.3883,48.61,49.4,2.37,US Census ACS,2023,https://data.census.gov
73110,Oklahoma City,35.4209,-97.4156,42.91,49.6,2.21,US Census ACS,2023,https://data.census.gov
73111,Oklahoma City,35.5567,-97.6376,41.44,61.6,2.42,US Census ACS,2023,https://data.census.gov
73112,Oklahoma City,35.3984,-97.5047,53.39,57.0,2.87,US Census ACS,2023,https://data.census.gov
73113,Oklahoma City,35.5518,-97.4942,53.45,56.8,2.24,US Census ACS,2023,https://data.census.gov
73114,Oklahoma City,35.3548,-97.4308,38.74,56.2,2.44,US Census ACS,2023,https://data.census.gov
73115,Oklahoma City,35.5467,-97.4573,42.99,50.5,2.9,US Census ACS,2023,https://data.census.gov
73116,Oklahoma City,35.4305,-97.5983,51.03,46.9,2.36,US Census ACS,2023,https://data.census.gov
73117,Oklahoma City,35.5923,-97.652,43.35,47.0,2.81,US Census ACS,2023,https://data.census.gov
73118,Oklahoma City,35.3641,-97.637,47.6,46.3,2.49,US Census ACS,2023,https://data.census.gov
73119,Oklahoma City,35.5716,-97.4115,42.72,50.3,2.73,US Census ACS,2023,https://data.census.gov
73120,Oklahoma City,35.4239,-97.5125,48.75,53.0,2.42,US Census ACS,2023,https://data.census.gov
73121,Oklahoma City,35.3321,-97.6073,39.24,54.0,2.47,US Census ACS,2023,https://data.census.gov
73122,Oklahoma City,35.3422,-97.6863,44.61,49.9,2.9,US Census ACS,2023,https://data.census.gov
73123,Oklahoma City,35.4703,-97.5255,40.78,47.1,2.32,US Census ACS,2023,https://data.census.gov
73124,Oklahoma City,35.4068,-97.4963,39.1,51.3,2.84,US Census ACS,2023,https://data.census.gov
73125,Oklahoma City,35.336,-97.5992,40.82,56.0,2.95,US Census ACS,2023,https://data.census.gov
20001,DC Metro,38.8522,-76.9887,56.56,40.7,2.84,US Census ACS,2023,https://data.census.gov
20002,DC Metro,39.0445,-77.0157,52.97,31.1,2.79,US Census ACS,2023,https://data.census.gov
20003,DC Metro,38.9831,-77.2136,51.37,42.2,2.91,US Census ACS,2023,https://data.census.gov
20004,DC Metro,38.9602,-77.0049,67.0,43.4,2.4,US Census ACS,2023,https://data.census.gov
20005,DC Metro,38.9425,-77.149,58.49,32.0,2.82,US Census ACS,2023,https://data.census.gov
20006,DC Metro,39.0088,-77.1003,50.79,39.9,2.8,US Census ACS,2023,https://data.census.gov
20007,DC Metro,38.872,-76.8676,53.89,45.1,2.2,US Census ACS,2023,https://data.census.gov
20008,DC Metro,38.9171,-76.9756,64.28,32.4,2.52,US Census ACS,2023,https://data.census.gov
20009,DC Metro,38.7857,-77.0455,65.24,32.4,2.39,US Census ACS,2023,https://data.census.gov
20010,DC Metro,38.7584,-76.9012,67.76,37.1,2.4,US Census ACS,2023,https://data.census.gov
20011,DC Metro,38.794,-77.2078,57.33,42.3,2.72,US Census ACS,2023,https://data.census.gov
20012,DC Metro,38.7665,-76.9568,67.35,34.8,2.85,US Census ACS,2023,https://data.census.gov
20013,DC Metro,38.9812,-76.995,61.51,44.6,2.39,US Census ACS,2023,https://data.census.gov
20014,DC Metro,39.0348,-77.0962,58.98,51.3,2.38,US Census ACS,2023,https://data.census.gov
20015,DC Metro,38.9911,-77.1869,51.15,43.8,2.37,US Census ACS,2023,https://data.census.gov
20016,DC Metro,38.8253,-76.9366,61.94,46.7,2.24,US Census ACS,2023,https://data.census.gov
20017,DC Metro,38.9662,-76.977,67.31,44.5,2.96,US Census ACS,2023,https://data.census.gov
20018,DC Metro,38.8646,-77.21,59.78,45.0,2.42,US Census ACS,2023,https://data.census.gov
20019,DC Metro,38.9553,-76.8956,57.13,36.4,2.57,US Census ACS,2023,https://data.census.gov
20020,DC Metro,38.7979,-77.1619,66.63,51.4,2.59,US Census ACS,2023,https://data.census.gov
20021,DC Metro,39.0079,-77.1623,48.99,37.8,2.65,US Census ACS,2023,https://data.census.gov
20022,DC Metro,38.9866,-77.0719,50.96,49.2,2.9,US Census ACS,2023,https://data.census.gov
20023,DC Metro,38.9536,-77.156,48.32,36.6,2.68,US Census ACS,2023,https://data.census.gov
20024,DC Metro,38.8401,-77.1032,61.59,49.6,2.51,US Census ACS,2023,https://data.census.gov
20025,DC Metro,38.7892,-77.0699,51.77,47.8,2.57,US Census ACS,2023,https://data.census.gov
20026,DC Metro,38.9616,-77.1038,64.35,37.4,2.41,US Census ACS,2023,https://data.census.gov
20027,DC Metro,38.8274,-77.1586,54.72,41.6,2.2,US Census ACS,2023,https://data.census.gov
20028,DC Metro,39.0115,-77.1344,57.18,36.5,2.26,US Census ACS,2023,https://data.census.gov
20029,DC Metro,38.8472,-76.9973,67.55,51.7,2.2,US Census ACS,2023,https://data.census.gov
20030,DC Metro,38.9185,-77.1125,65.89,44.7,2.54,US Census ACS,2023,https://data.census.gov
20031,DC Metro,38.7612,-77.1986,58.4,36.5,2.45,US Census ACS,2023,https://data.census.gov
20032,DC Metro,38.7593,-77.1012,61.53,50.5,2.34,US Census ACS,2023,https://data.census.gov
20033,DC Metro,38.7699,-77.1005,48.48,38.7,2.34,US Census ACS,2023,https://data.census.gov
20034,DC Metro,38.9067,-76.9561,56.5,51.9,2.3,US Census ACS,2023,https://data.census.gov
20035,DC Metro,38.7968,-76.9933,55.18,44.1,2.63,US Census ACS,2023,https://data.census.gov
20036,DC Metro,38.7817,-76.9203,54.83,31.5,2.56,US Census ACS,2023,https://data.census.gov
20037,DC Metro,38.8108,-76.8749,62.43,35.3,2.6,US Census ACS,2023,https://data.census.gov
20038,DC Metro,38.9192,-77.2011,50.07,33.6,2.51,US Census ACS,2023,https://data.census.gov
20039,DC Metro,38.8452,-77.1042,49.7,32.1,2.33,US Census ACS,2023,https://data.census.gov
20040,DC Metro,38.8013,-77.0232,65.15,49.8,2.16,US Census ACS,2023,https://data.census.gov
20041,DC Metro,38.7759,-77.015,53.94,36.6,2.52,US Census ACS,2023,https://data.census.gov
20042,DC Metro,38.8429,-77.0214,56.69,31.2,2.86,US Census ACS,2023,https://data.census.gov
20043,DC Metro,38.9096,-76.9566,51.37,31.7,2.13,US Census ACS,2023,https://data.census.gov
20044,DC Metro,38.9256,-77.0429,61.11,37.6,2.72,US Census ACS,2023,https://data.census.gov
20045,DC Metro,38.9869,-77.1316,63.59,33.2,2.33,US Census ACS,2023,https://data.census.gov
02101,Boston,42.2888,-71.2358,71.55,33.0,2.56,US Census ACS,2023,https://data.census.gov
02102,Boston,42.3949,-71.127,55.07,36.1,2.28,US Census ACS,2023,https://data.census.gov
02103,Boston,42.4624,-71.2124,54.46,31.0,2.66,US Census ACS,2023,https://data.census.gov
02104,Boston,42.3011,-70.971,71.36,44.5,2.96,US Census ACS,2023,https://data.census.gov
02105,Boston,42.3122,-70.9078,61.71,46.0,2.27,US Census ACS,2023,https://data.census.gov
02106,Boston,42.4218,-71.1243,58.88,43.1,2.13,US Census ACS,2023,https://data.census.gov
02107,Boston,42.2993,-71.057,63.05,28.6,2.23,US Census ACS,2023,https://data.census.gov
02108,Boston,42.4827,-70.9577,53.99,43.5,2.63,US Census ACS,2023,https://data.census.gov
02109,Boston,42.3871,-71.0184,73.02,40.6,2.15,US Census ACS,2023,https://data.census.gov
02110,Boston,42.2128,-71.1224,60.62,42.6,2.62,US Census ACS,2023,https://data.census.gov
02111,Boston,42.2683,-71.1002,66.35,26.3,2.54,US Census ACS,2023,https://data.census.gov
02112,Boston,42.229,-71.074,62.79,40.4,2.43,US Census ACS,2023,https://data.census.gov
02113,Boston,42.4654,-70.9379,59.02,32.0,2.65,US Census ACS,2023,https://data.census.gov
02114,Boston,42.2752,-71.0315,60.76,33.9,2.78,US Census ACS,2023,https://data.census.gov
02115,Boston,42.4287,-71.09,55.33,26.5,2.95,US Census ACS,2023,https://data.census.gov
02116,Boston,42.4749,-70.9787,66.15,36.5,2.75,US Census ACS,2023,https://data.census.gov
02117,Boston,42.4059,-71.1689,51.35,27.4,2.89,US Census ACS,2023,https://data.census.gov
02118,Boston,42.2179,-71.1725,69.44,40.3,2.87,US Census ACS,2023,https://data.census.gov
02119,Boston,42.2587,-70.8882,54.42,27.0,2.61,US Census ACS,2023,https://data.census.gov
02120,Boston,42.3015,-70.9349,68.03,36.7,2.52,US Census ACS,2023,https://data.census.gov
02121,Boston,42.4944,-71.2319,71.02,45.6,2.48,US Census ACS,2023,https://data.census.gov
02122,Boston,42.5039,-70.929,55.83,42.1,2.18,US Census ACS,2023,https://data.census.gov
02123,Boston,42.4874,-70.887,59.99,31.7,2.86,US Census ACS,2023,https://data.census.gov
02124,Boston,42.3576,-71.1333,51.78,35.4,2.25,US Census ACS,2023,https://data.census.gov
02125,Boston,42.2331,-71.1867,61.65,28.6,2.19,US Census ACS,2023,https://data.census.gov
02126,Boston,42.4779,-70.9171,69.4,39.0,2.89,US Census ACS,2023,https://data.census.gov
02127,Boston,42.4419,-71.1238,66.51,36.1,2.96,US Census ACS,2023,https://data.census.gov
02128,Boston,42.3162,-70.9911,69.3,34.2,2.22,US Census ACS,2023,https://data.census.gov
02129,Boston,42.3318,-71.0208,65.88,41.4,2.16,US Census ACS,2023,https://data.census.gov
02130,Boston,42.2201,-71.1511,62.76,43.9,2.46,US Census ACS,2023,https://data.census.gov
02131,Boston,42.2459,-71.0242,66.07,44.0,2.47,US Census ACS,2023,https://data.census.gov
02132,Boston,42.4292,-71.0688,58.51,31.1,2.16,US Census ACS,2023,https://data.census.gov
02133,Boston,42.3126,-70.8861,65.69,47.4,2.27,US Census ACS,2023,https://data.census.gov
02134,Boston,42.4447,-70.9739,72.86,35.2,2.23,US Census ACS,2023,https://data.census.gov
02135,Boston,42.2554,-71.0226,67.75,47.1,2.17,US Census ACS,2023,https://data.census.gov
02136,Boston,42.3511,-70.9958,62.04,38.0,2.55,US Census ACS,2023,https://data.census.gov
02137,Boston,42.4714,-71.1196,73.61,44.8,2.91,US Census ACS,2023,https://data.census.gov
02138,Boston,42.3347,-71.1223,56.05,37.0,2.71,US Census ACS,2023,https://data.census.gov
02139,Boston,42.4636,-70.9143,53.04,35.6,2.07,US Census ACS,2023,https://data.census.gov
02140,Boston,42.3181,-71.1547,52.39,39.4,2.62,US Census ACS,2023,https://data.census.gov
89101,Las Vegas,36.0881,-115.066,48.35,51.8,2.8,US Census ACS,2023,https://data.census.gov
89102,Las Vegas,36.1985,-115.2699,45.7,49.0,2.26,US Census ACS,2023,https://data.census.gov
89103,Las Vegas,36.1595,-115.116,52.84,50.6,2.17,US Census ACS,2023,https://data.census.gov
89104,Las Vegas,36.0799,-115.1755,53.08,55.6,2.82,US Census ACS,2023,https://data.census.gov
89105,Las Vegas,36.0909,-115.203,40.44,49.0,2.92,US Census ACS,2023,https://data.census.gov
89106,Las Vegas,36.2842,-115.2977,44.46,58.5,2.59,US Census ACS,2023,https://data.census.gov
89107,Las Vegas,36.0821,-114.966,53.56,52.0,2.87,US Census ACS,2023,https://data.census.gov
89108,Las Vegas,36.0827,-115.2645,52.65,44.3,2.11,US Census ACS,2023,https://data.census.gov
89109,Las Vegas,36.2104,-115.2103,43.16,50.8,2.68,US Census ACS,2023,https://data.census.gov
89110,Las Vegas,36.2844,-115.1276,42.79,47.7,2.87,US Census ACS,2023,https://data.census.gov
89111,Las Vegas,36.3006,-115.2032,42.58,44.5,2.11,US Census ACS,2023,https://data.census.gov
89112,Las Vegas,36.1278,-115.1449,43.43,58.6,2.41,US Census ACS,2023,https://data.census.gov
89113,Las Vegas,36.0502,-115.2217,43.09,54.0,2.54,US Census ACS,2023,https://data.census.gov
89114,Las Vegas,36.2666,-115.2042,48.01,46.8,2.22,US Census ACS,2023,https://data.census.gov
89115,Las Vegas,36.1032,-114.983,45.07,49.8,2.21,US Census ACS,2023,https://data.census.gov
89116,Las Vegas,36.1385,-114.975,39.42,58.1,2.62,US Census ACS,2023,https://data.census.gov
89117,Las Vegas,36.301,-115.2698,46.71,46.9,2.24,US Census ACS,2023,https://data.census.gov
89118,Las Vegas,36.2468,-115.2981,53.88,47.1,2.55,US Census ACS,2023,https://data.census.gov
89119,Las Vegas,36.1507,-115.0383,42.63,54.9,2.69,US Census ACS,2023,https://data.census.gov
89120,Las Vegas,36.1585,-115.102,40.81,53.3,2.91,US Census ACS,2023,https://data.census.gov
89121,Las Vegas,36.3044,-115.2709,41.69,55.1,2.08,US Census ACS,2023,https://data.census.gov
89122,Las Vegas,36.0702,-115.2357,52.42,49.3,2.61,US Census ACS,2023,https://data.census.gov
89123,Las Vegas,36.222,-115.2371,50.88,44.6,2.19,US Census ACS,2023,https://data.census.gov
89124,Las Vegas,36.0827,-115.0777,42.55,50.6,2.7,US Census ACS,2023,https://data.census.gov
89125,Las Vegas,36.103,-114.9972,51.0,53.9,2.71,US Census ACS,2023,https://data.census.gov
89126,Las Vegas,36.1679,-115.2606,42.53,54.8,2.96,US Census ACS,2023,https://data.census.gov
89127,Las Vegas,36.1609,-115.3072,55.43,58.2,2.87,US Census ACS,2023,https://data.census.gov
89128,Las Vegas,36.2017,-115.1096,40.74,56.5,2.87,US Census ACS,2023,https://data.census.gov
89129,Las Vegas,36.2464,-115.2331,39.92,44.4,2.12,US Census ACS,2023,https://data.census.gov
89130,Las Vegas,36.1026,-115.2511,40.75,46.7,2.3,US Census ACS,2023,https://data.census.gov
89131,Las Vegas,36.2754,-115.027,47.24,47.4,2.61,US Census ACS,2023,https://data.census.gov
89132,Las Vegas,36.1857,-115.0072,48.66,60.2,2.63,US Census ACS,2023,https://data.census.gov
89133,Las Vegas,36.13,-115.0453,54.01,44.0,2.36,US Census ACS,2023,https://data.census.gov
89134,Las Vegas,36.0332,-115.2496,51.03,46.2,2.4,US Census ACS,2023,https://data.census.gov
89135,Las Vegas,36.0297,-115.299,43.27,55.9,2.75,US Census ACS,2023,https://data.census.gov
38101,Memphis,35.0347,-90.0124,54.58,47.5,2.9,US Census ACS,2023,https://data.census.gov
38102,Memphis,35.294,-90.0607,56.52,41.9,2.84,US Census ACS,2023,https://data.census.gov
38103,Memphis,35.2591,-90.1138,56.05,47.2,2.5,US Census ACS,2023,https://data.census.gov
38104,Memphis,35.1223,-90.0692,49.41,54.4,2.79,US Census ACS,2023,https://data.census.gov
38105,Memphis,35.2454,-90.124,51.85,38.5,2.2,US Census ACS,2023,https://data.census.gov
38106,Memphis,35.0063,-89.9722,52.15,50.8,2.6,US Census ACS,2023,https://data.census.gov
38107,Memphis,35.1312,-90.0383,59.94,47.5,2.97,US Census ACS,2023,https://data.census.gov
38108,Memphis,35.299,-90.2098,51.25,49.7,2.53,US Census ACS,2023,https://data.census.gov
38109,Memphis,35.2124,-90.1748,52.95,46.9,2.12,US Census ACS,2023,https://data.census.gov
38110,Memphis,35.1476,-89.9807,51.8,43.8,2.08,US Census ACS,2023,https://data.census.gov
38111,Memphis,35.2569,-89.9095,49.67,40.3,2.91,US Census ACS,2023,https://data.census.gov
38112,Memphis,35.2609,-90.1995,59.02,54.3,2.82,US Census ACS,2023,https://data.census.gov
38113,Memphis,35.138,-90.0297,59.39,52.8,2.31,US Census ACS,2023,https://data.census.gov
38114,Memphis,35.0541,-90.0841,46.16,54.6,2.27,US Census ACS,2023,https://data.census.gov
38115,Memphis,35.2038,-90.1041,51.19,51.1,2.28,US Census ACS,2023,https://data.census.gov
38116,Memphis,35.0455,-89.971,56.28,49.8,2.13,US Census ACS,2023,https://data.census.gov
38117,Memphis,35.232,-90.0571,51.71,50.7,2.71,US Census ACS,2023,https://data.census.gov
38118,Memphis,35.2229,-90.0467,58.92,38.2,2.12,US Census ACS,2023,https://data.census.gov
38119,Memphis,35.0606,-90.0138,51.19,55.8,2.19,US Census ACS,2023,https://data.census.gov
38120,Memphis,35.0379,-90.2229,54.55,41.4,2.11,US Census ACS,2023,https://data.census.gov
38121,Memphis,35.2494,-90.1093,59.96,55.6,2.52,US Census ACS,2023,https://data.census.gov
38122,Memphis,35.2792,-89.8938,53.9,47.6,2.15,US Census ACS,2023,https://data.census.gov
38123,Memphis,35.1025,-90.0006,54.52,43.4,2.78,US Census ACS,2023,https://data.census.gov
38124,Memphis,35.1225,-89.9388,45.35,45.4,2.36,US Census ACS,2023,https://data.census.gov
38125,Memphis,35.0114,-90.0239,59.86,52.2,2.29,US Census ACS,2023,https://data.census.gov
40201,Louisville,38.2239,-85.7344,47.54,49.8,2.07,US Census ACS,2023,https://data.census.gov
40202,Louisville,38.1542,-85.7337,53.04,60.7,2.46,US Census ACS,2023,https://data.census.gov
40203,Louisville,38.3797,-85.6344,40.59,54.1,2.94,US Census ACS,2023,https://data.census.gov
40204,Louisville,38.1507,-85.5987,53.75,55.0,2.52,US Census ACS,2023,https://data.census.gov
40205,Louisville,38.3187,-85.8167,39.01,55.0,2.49,US Census ACS,2023,https://data.census.gov
40206,Louisville,38.1181,-85.7972,47.78,62.0,2.09,US Census ACS,2023,https://data.census.gov
40207,Louisville,38.3589,-85.6096,41.36,52.5,2.84,US Census ACS,2023,https://data.census.gov
40208,Louisville,38.238,-85.8908,39.63,55.5,2.49,US Census ACS,2023,https://data.census.gov
40209,Louisville,38.3919,-85.6878,39.46,49.5,2.07,US Census ACS,2023,https://data.census.gov
40210,Louisville,38.1672,-85.8342,48.07,51.2,2.59,US Census ACS,2023,https://data.census.gov
40211,Louisville,38.2952,-85.6491,39.47,55.8,2.45,US Census ACS,2023,https://data.census.gov
40212,Louisville,38.3548,-85.8855,38.82,48.1,2.71,US Census ACS,2023,https://data.census.gov
40213,Louisville,38.376,-85.6054,42.06,49.8,2.79,US Census ACS,2023,https://data.census.gov
40214,Louisville,38.2477,-85.7564,45.14,49.0,2.32,US Census ACS,2023,https://data.census.gov
40215,Louisville,38.1695,-85.6305,53.89,48.1,2.32,US Census ACS,2023,https://data.census.gov
40216,Louisville,38.1775,-85.8448,48.95,60.5,2.96,US Census ACS,2023,https://data.census.gov
40217,Louisville,38.1058,-85.6206,40.28,48.7,2.41,US Census ACS,2023,https://data.census.gov
40218,Louisville,38.2934,-85.7714,42.95,49.2,2.5,US Census ACS,2023,https://data.census.gov
40219,Louisville,38.1829,-85.781,43.72,50.4,2.82,US Census ACS,2023,https://data.census.gov
40220,Louisville,38.2687,-85.6054,47.96,54.6,2.28,US Census ACS,2023,https://data.census.gov
40221,Louisville,38.3321,-85.7819,53.3,61.4,2.57,US Census ACS,2023,https://data.census.gov
40222,Louisville,38.3324,-85.7193,42.91,53.7,2.59,US Census ACS,2023,https://data.census.gov
40223,Louisville,38.3881,-85.8208,42.81,55.8,2.61,US Census ACS,2023,https://data.census.gov
40224,Louisville,38.1365,-85.901,46.46,58.2,2.9,US Census ACS,2023,https://data.census.gov
40225,Louisville,38.2037,-85.937,54.28,62.0,2.3,US Census ACS,2023,https://data.census.gov
97201,Portland,45.5758,-122.7217,43.98,46.1,2.69,US Census ACS,2023,https://data.census.gov
97202,Portland,45.3654,-122.7149,55.05,46.1,2.4,US Census ACS,2023,https://data.census.gov
97203,Portland,45.4034,-122.6156,53.52,41.5,2.37,US Census ACS,2023,https://data.census.gov
97204,Portland,45.473,-122.5729,53.55,47.6,2.3,US Census ACS,2023,https://data.census.gov
97205,Portland,45.5416,-122.7433,44.3,55.2,2.88,US Census ACS,2023,https://data.census.gov
97206,Portland,45.6335,-122.5799,56.22,51.5,2.41,US Census ACS,2023,https://data.census.gov
97207,Portland,45.528,-122.6786,49.77,39.3,2.45,US Census ACS,2023,https://data.census.gov
97208,Portland,45.5849,-122.4972,53.93,53.6,2.76,US Census ACS,2023,https://data.census.gov
97209,Portland,45.5541,-122.8055,51.57,47.9,2.16,US Census ACS,2023,https://data.census.gov
97210,Portland,45.4677,-122.6188,51.82,52.8,2.32,US Census ACS,2023,https://data.census.gov
97211,Portland,45.5918,-122.6433,47.05,49.0,2.64,US Census ACS,2023,https://data.census.gov
97212,Portland,45.616,-122.6937,47.12,49.9,2.29,US Census ACS,2023,https://data.census.gov
97213,Portland,45.4458,-122.6381,56.23,56.0,2.65,US Census ACS,2023,https://data.census.gov
97214,Portland,45.6394,-122.8185,50.5,48.2,2.69,US Census ACS,2023,https://data.census.gov
97215,Portland,45.4166,-122.6499,57.87,40.8,2.5,US Census ACS,2023,https://data.census.gov
97216,Portland,45.3858,-122.7448,56.39,49.4,2.28,US Census ACS,2023,https://data.census.gov
97217,Portland,45.3892,-122.822,46.74,38.8,2.68,US Census ACS,2023,https://data.census.gov
97218,Portland,45.3887,-122.7348,46.89,53.9,2.42,US Census ACS,2023,https://data.census.gov
97219,Portland,45.5247,-122.5518,61.29,51.7,2.77,US Census ACS,2023,https://data.census.gov
97220,Portland,45.4349,-122.6732,43.27,52.6,2.72,US Census ACS,2023,https://data.census.gov
97221,Portland,45.6099,-122.6183,43.84,39.2,2.65,US Census ACS,2023,https://data.census.gov
97222,Portland,45.5721,-122.6025,49.94,53.1,2.48,US Census ACS,2023,https://data.census.gov
97223,Portland,45.6546,-122.8095,56.76,52.3,2.39,US Census ACS,2023,https://data.census.gov
97224,Portland,45.4131,-122.658,49.78,43.5,2.85,US Census ACS,2023,https://data.census.gov
97225,Portland,45.4825,-122.5811,60.1,54.2,2.45,US Census ACS,2023,https://data.census.gov
97226,Portland,45.3769,-122.6534,57.1,46.5,2.29,US Census ACS,2023,https://data.census.gov
97227,Portland,45.3755,-122.6924,54.67,52.9,2.38,US Census ACS,2023,https://data.census.gov
97228,Portland,45.5661,-122.7239,57.56,44.1,2.78,US Census ACS,2023,https://data.census.gov
97229,Portland,45.6222,-122.5005,56.06,44.4,2.73,US Census ACS,2023,https://data.census.gov
97230,Portland,45.5447,-122.8046,46.23,46.7,2.76,US Census ACS,2023,https://data.census.gov
21201,Baltimore,39.3796,-76.6571,59.11,55.4,2.95,US Census ACS,2023,https://data.census.gov
21202,Baltimore,39.1582,-76.5462,56.52,43.5,2.51,US Census ACS,2023,https://data.census.gov
21203,Baltimore,39.2915,-76.7551,43.5,56.7,2.7,US Census ACS,2023,https://data.census.gov
21204,Baltimore,39.3704,-76.4717,56.73,43.5,2.88,US Census ACS,2023,https://data.census.gov
21205,Baltimore,39.154,-76.5859,56.39,58.0,2.96,US Census ACS,2023,https://data.census.gov
21206,Baltimore,39.2262,-76.7575,58.9,42.0,2.79,US Census ACS,2023,https://data.census.gov
21207,Baltimore,39.3048,-76.7334,44.15,42.9,2.13,US Census ACS,2023,https://data.census.gov
21208,Baltimore,39.2216,-76.4502,51.54,41.8,2.22,US Census ACS,2023,https://data.census.gov
21209,Baltimore,39.3417,-76.6553,48.34,58.0,2.26,US Census ACS,2023,https://data.census.gov
21210,Baltimore,39.1741,-76.523,51.64,49.9,2.18,US Census ACS,2023,https://data.census.gov
21211,Baltimore,39.369,-76.6612,45.66,48.1,2.82,US Census ACS,2023,https://data.census.gov
21212,Baltimore,39.2257,-76.5263,57.8,50.3,2.75,US Census ACS,2023,https://data.census.gov
21213,Baltimore,39.2809,-76.5413,41.72,44.5,2.9,US Census ACS,2023,https://data.census.gov
21214,Baltimore,39.253,-76.5165,56.39,53.8,2.33,US Census ACS,2023,https://data.census.gov
21215,Baltimore,39.2202,-76.554,50.43,44.5,2.31,US Census ACS,2023,https://data.census.gov
21216,Baltimore,39.3427,-76.7269,55.73,40.7,2.31,US Census ACS,2023,https://data.census.gov
21217,Baltimore,39.2473,-76.623,52.68,47.3,2.36,US Census ACS,2023,https://data.census.gov
21218,Baltimore,39.1862,-76.5519,56.24,57.0,2.22,US Census ACS,2023,https://data.census.gov
21219,Baltimore,39.2884,-76.4817,57.24,47.0,2.15,US Census ACS,2023,https://data.census.gov
21220,Baltimore,39.3772,-76.6115,56.6,54.8,2.09,US Census ACS,2023,https://data.census.gov
21221,Baltimore,39.4223,-76.572,44.79,53.9,2.3,US Census ACS,2023,https://data.census.gov
21222,Baltimore,39.4079,-76.7707,49.03,45.4,2.9,US Census ACS,2023,https://data.census.gov
21223,Baltimore,39.3875,-76.5626,47.02,58.2,2.08,US Census ACS,2023,https://data.census.gov
21224,Baltimore,39.2042,-76.5738,52.58,50.5,2.21,US Census ACS,2023,https://data.census.gov
21225,Baltimore,39.2698,-76.4831,51.39,46.8,2.84,US Census ACS,2023,https://data.census.gov
21226,Baltimore,39.1759,-76.5722,50.81,54.3,2.37,US Census ACS,2023,https://data.census.gov
21227,Baltimore,39.2285,-76.645,50.72,57.4,2.1,US Census ACS,2023,https://data.census.gov
21228,Baltimore,39.2639,-76.7443,42.6,41.1,2.54,US Census ACS,2023,https://data.census.gov
21229,Baltimore,39.2434,-76.5752,52.67,46.8,2.86,US Census ACS,2023,https://data.census.gov
21230,Baltimore,39.3834,-76.7883,45.71,42.2,2.36,US Census ACS,2023,https://data.census.gov
53201,Milwaukee,43.1134,-87.9816,45.41,50.0,2.2,US Census ACS,2023,https://data.census.gov
53202,Milwaukee,43.1113,-87.8676,39.86,50.2,2.51,US Census ACS,2023,https://data.census.gov
53203,Milwaukee,42.9786,-87.964,42.16,59.3,2.33,US Census ACS,2023,https://data.census.gov
53204,Milwaukee,43.1,-88.0117,53.87,43.3,2.75,US Census ACS,2023,https://data.census.gov
53205,Milwaukee,42.9748,-88.0353,41.97,46.2,2.76,US Census ACS,2023,https://data.census.gov
53206,Milwaukee,43.0959,-88.0676,45.45,47.9,2.63,US Census ACS,2023,https://data.census.gov
53207,Milwaukee,43.0927,-87.9479,40.51,50.6,2.66,US Census ACS,2023,https://data.census.gov
53208,Milwaukee,43.0382,-87.7345,54.25,46.4,2.29,US Census ACS,2023,https://data.census.gov
53209,Milwaukee,43.0882,-87.8522,42.62,44.1,2.22,US Census ACS,2023,https://data.census.gov
53210,Milwaukee,43.0598,-87.9298,52.17,44.1,2.94,US Census ACS,2023,https://data.census.gov
53211,Milwaukee,43.0803,-87.7934,45.99,59.9,2.53,US Census ACS,2023,https://data.census.gov
53212,Milwaukee,42.901,-88.0004,43.72,52.4,2.27,US Census ACS,2023,https://data.census.gov
53213,Milwaukee,42.9736,-87.8744,51.03,45.0,2.11,US Census ACS,2023,https://data.census.gov
53214,Milwaukee,42.9068,-87.7769,45.31,52.0,2.46,US Census ACS,2023,https://data.census.gov
53215,Milwaukee,43.109,-87.8633,40.3,47.7,2.77,US Census ACS,2023,https://data.census.gov
53216,Milwaukee,42.9586,-87.7873,43.72,49.6,2.79,US Census ACS,2023,https://data.census.gov
53217,Milwaukee,43.0688,-87.8276,56.76,54.7,2.71,US Census ACS,2023,https://data.census.gov
53218,Milwaukee,43.1754,-87.8512,51.31,53.6,2.09,US Census ACS,2023,https://data.census.gov
53219,Milwaukee,43.0593,-87.9237,46.67,42.9,2.1,US Census ACS,2023,https://data.census.gov
53220,Milwaukee,43.0174,-87.9144,43.62,49.7,2.75,US Census ACS,2023,https://data.census.gov
53221,Milwaukee,43.1138,-87.9222,42.39,48.1,2.92,US Census ACS,2023,https://data.census.gov
53222,Milwaukee,43.0871,-87.7596,48.36,47.6,2.14,US Census ACS,2023,https://data.census.gov
53223,Milwaukee,42.9971,-87.9375,46.19,57.6,2.07,US Census ACS,2023,https://data.census.gov
53224,Milwaukee,43.0084,-87.9231,46.59,48.0,2.53,US Census ACS,2023,https://data.census.gov
53225,Milwaukee,43.1033,-87.7329,50.4,57.8,2.17,US Census ACS,2023,https://data.census.gov
87101,Albuquerque,35.0513,-106.5882,44.41,56.8,2.49,US Census ACS,2023,https://data.census.gov
87102,Albuquerque,35.178,-106.6923,53.82,55.0,2.15,US Census ACS,2023,https://data.census.gov
87103,Albuquerque,35.0156,-106.5415,44.21,61.6,2.71,US Census ACS,2023,https://data.census.gov
87104,Albuquerque,35.0453,-106.5942,42.14,49.1,2.65,US Census ACS,2023,https://data.census.gov
87105,Albuquerque,35.2162,-106.5438,45.94,49.6,2.53,US Census ACS,2023,https://data.census.gov
87106,Albuquerque,35.074,-106.6172,46.94,46.3,2.47,US Census ACS,2023,https://data.census.gov
87107,Albuquerque,35.0949,-106.5486,52.13,51.3,2.35,US Census ACS,2023,https://data.census.gov
87108,Albuquerque,35.1928,-106.7783,47.34,52.9,2.32,US Census ACS,2023,https://data.census.gov
87109,Albuquerque,35.1016,-106.8155,49.43,53.8,2.47,US Census ACS,2023,https://data.census.gov
87110,Albuquerque,34.9659,-106.695,50.86,46.5,2.7,US Census ACS,2023,https://data.census.gov
87111,Albuquerque,35.1004,-106.5183,53.99,55.7,2.28,US Census ACS,2023,https://data.census.gov
87112,Albuquerque,35.0832,-106.8261,40.71,54.6,2.12,US Census ACS,2023,https://data.census.gov
87113,Albuquerque,35.1041,-106.6336,54.21,49.7,2.3,US Census ACS,2023,https://data.census.gov
87114,Albuquerque,35.2069,-106.6469,49.44,49.7,2.55,US Census ACS,2023,https://data.census.gov
87115,Albuquerque,35.1921,-106.8198,45.55,55.6,2.07,US Census ACS,2023,https://data.census.gov
87116,Albuquerque,34.9509,-106.5024,53.43,46.9,2.18,US Census ACS,2023,https://data.census.gov
87117,Albuquerque,35.1703,-106.6454,41.77,49.3,2.48,US Census ACS,2023,https://data.census.gov
87118,Albuquerque,35.1675,-106.6662,42.8,45.2,2.14,US Census ACS,2023,https://data.census.gov
87119,Albuquerque,34.9818,-106.4873,48.83,60.3,2.48,US Census ACS,2023,https://data.census.gov
87120,Albuquerque,34.9893,-106.7459,42.95,47.8,2.14,US Census ACS,2023,https://data.census.gov
85701,Tucson,32.1363,-111.1227,43.58,58.9,2.76,US Census ACS,2023,https://data.census.gov
85702,Tucson,32.1053,-110.8087,50.62,55.9,2.17,US Census ACS,2023,https://data.census.gov
85703,Tucson,32.0904,-110.9615,49.03,49.0,2.74,US Census ACS,2023,https://data.census.gov
85704,Tucson,32.211,-111.1082,43.75,50.1,2.5,US Census ACS,2023,https://data.census.gov
85705,Tucson,32.1088,-111.0119,40.33,60.6,2.41,US Census ACS,2023,https://data.census.gov
85706,Tucson,32.1215,-110.9034,41.4,60.8,2.34,US Census ACS,2023,https://data.census.gov
85707,Tucson,32.2916,-111.0123,40.83,59.0,2.65,US Census ACS,2023,https://data.census.gov
85708,Tucson,32.2497,-110.8065,49.5,61.0,2.48,US Census ACS,2023,https://data.census.gov
85709,Tucson,32.2826,-110.9478,49.8,59.9,2.71,US Census ACS,2023,https://data.census.gov
85710,Tucson,32.2231,-111.0911,52.35,57.6,2.84,US Census ACS,2023,https://data.census.gov
85711,Tucson,32.2585,-111.1532,41.26,46.6,2.59,US Census ACS,2023,https://data.census.gov
85712,Tucson,32.1616,-111.1077,45.12,60.0,2.48,US Census ACS,2023,https://data.census.gov
85713,Tucson,32.1849,-110.9392,47.97,52.7,2.68,US Census ACS,2023,https://data.census.gov
85714,Tucson,32.0923,-111.1434,54.14,58.0,2.12,US Census ACS,2023,https://data.census.gov
85715,Tucson,32.3179,-110.9779,49.48,57.1,2.8,US Census ACS,2023,https://data.census.gov
85716,Tucson,32.2808,-110.991,41.92,57.4,2.65,US Census ACS,2023,https://data.census.gov
85717,Tucson,32.2857,-110.9968,54.41,47.7,2.71,US Census ACS,2023,https://data.census.gov
85718,Tucson,32.3553,-110.8792,48.15,55.8,2.7,US Census ACS,2023,https://data.census.gov
85719,Tucson,32.2921,-111.0884,49.16,46.5,2.77,US Census ACS,2023,https://data.census.gov
85720,Tucson,32.1838,-110.8789,38.49,56.7,2.85,US Census ACS,2023,https://data.census.gov
95801,Sacramento,38.7251,-121.5944,53.77,50.2,2.57,US Census ACS,2023,https://data.census.gov
95802,Sacramento,38.4783,-121.6476,47.48,46.1,2.58,US Census ACS,2023,https://data.census.gov
95803,Sacramento,38.6889,-121.3186,56.27,43.3,2.28,US Census ACS,2023,https://data.census.gov
95804,Sacramento,38.5041,-121.489,49.98,48.2,2.29,US Census ACS,2023,https://data.census.gov
95805,Sacramento,38.7081,-121.4369,43.95,54.0,2.4,US Census ACS,2023,https://data.census.gov
95806,Sacramento,38.6904,-121.4421,46.46,51.7,2.94,US Census ACS,2023,https://data.census.gov
95807,Sacramento,38.447,-121.4647,44.16,59.6,2.76,US Census ACS,2023,https://data.census.gov
95808,Sacramento,38.6032,-121.6437,45.65,54.2,2.6,US Census ACS,2023,https://data.census.gov
95809,Sacramento,38.4769,-121.4569,43.89,55.9,2.09,US Census ACS,2023,https://data.census.gov
95810,Sacramento,38.6255,-121.4699,39.84,53.6,2.73,US Census ACS,2023,https://data.census.gov
95811,Sacramento,38.6928,-121.4255,52.97,54.9,2.73,US Census ACS,2023,https://data.census.gov
95812,Sacramento,38.4455,-121.4415,39.89,49.4,2.69,US Census ACS,2023,https://data.census.gov
95813,Sacramento,38.5012,-121.6023,41.87,60.5,2.83,US Census ACS,2023,https://data.census.gov
95814,Sacramento,38.576,-121.4759,46.34,48.8,2.58,US Census ACS,2023,https://data.census.gov
95815,Sacramento,38.7236,-121.6069,48.73,55.5,2.08,US Census ACS,2023,https://data.census.gov
95816,Sacramento,38.5001,-121.3769,46.03,54.1,2.25,US Census ACS,2023,https://data.census.gov
95817,Sacramento,38.473,-121.4989,43.19,44.7,2.22,US Census ACS,2023,https://data.census.gov
95818,Sacramento,38.6175,-121.4987,40.25,56.0,2.96,US Census ACS,2023,https://data.census.gov
95819,Sacramento,38.434,-121.4017,49.39,50.0,2.62,US Census ACS,2023,https://data.census.gov
95820,Sacramento,38.602,-121.5599,49.12,57.8,2.18,US Census ACS,2023,https://data.census.gov
95821,Sacramento,38.6919,-121.4002,48.32,60.3,2.68,US Census ACS,2023,https://data.census.gov
95822,Sacramento,38.4626,-121.3907,39.77,52.2,2.74,US Census ACS,2023,https://data.census.gov
95823,Sacramento,38.5487,-121.4317,52.24,54.3,2.77,US Census ACS,2023,https://data.census.gov
95824,Sacramento,38.6269,-121.4565,46.15,56.7,2.75,US Census ACS,2023,https://data.census.gov
95825,Sacramento,38.7213,-121.4743,53.76,57.8,2.78,US Census ACS,2023,https://data.census.gov
95826,Sacramento,38.5565,-121.4319,41.38,44.9,2.16,US Census ACS,2023,https://data.census.gov
95827,Sacramento,38.4517,-121.6387,56.01,57.3,2.07,US Census ACS,2023,https://data.census.gov
95828,Sacramento,38.4366,-121.5179,39.6,58.0,2.6,US Census ACS,2023,https://data.census.gov
95829,Sacramento,38.6534,-121.3376,47.94,53.1,2.81,US Census ACS,2023,https://data.census.gov
95830,Sacramento,38.5922,-121.3149,53.46,48.5,2.2,US Census ACS,2023,https://data.census.gov
64101,Kansas City,38.969,-94.4333,52.42,45.8,2.88,US Census ACS,2023,https://data.census.gov
64102,Kansas City,39.0462,-94.4435,51.68,59.7,2.76,US Census ACS,2023,https://data.census.gov
64103,Kansas City,39.0029,-94.7421,39.77,51.0,2.17,US Census ACS,2023,https://data.census.gov
64104,Kansas City,39.0096,-94.4265,42.79,57.7,2.81,US Census ACS,2023,https://data.census.gov
64105,Kansas City,39.1862,-94.4403,44.11,54.0,2.96,US Census ACS,2023,https://data.census.gov
64106,Kansas City,39.2317,-94.7505,54.49,47.0,2.35,US Census ACS,2023,https://data.census.gov
64107,Kansas City,39.0568,-94.6538,54.0,60.1,2.67,US Census ACS,2023,https://data.census.gov
64108,Kansas City,38.9743,-94.7185,41.94,59.9,2.72,US Census ACS,2023,https://data.census.gov
64109,Kansas City,39.1963,-94.4661,46.62,55.7,2.71,US Census ACS,2023,https://data.census.gov
64110,Kansas City,39.1656,-94.5876,41.41,48.9,2.95,US Census ACS,2023,https://data.census.gov
64111,Kansas City,39.0758,-94.6524,54.18,55.3,2.71,US Census ACS,2023,https://data.census.gov
64112,Kansas City,39.2113,-94.4348,41.58,43.0,2.25,US Census ACS,2023,https://data.census.gov
64113,Kansas City,39.2336,-94.6566,43.45,57.6,2.68,US Census ACS,2023,https://data.census.gov
64114,Kansas City,39.0123,-94.4802,46.39,46.8,2.11,US Census ACS,2023,https://data.census.gov
64115,Kansas City,39.1903,-94.5881,51.7,50.0,2.28,US Census ACS,2023,https://data.census.gov
64116,Kansas City,39.1881,-94.5895,53.91,59.5,2.51,US Census ACS,2023,https://data.census.gov
64117,Kansas City,39.123,-94.6753,42.69,46.7,2.27,US Census ACS,2023,https://data.census.gov
64118,Kansas City,39.2085,-94.6533,53.11,43.7,2.47,US Census ACS,2023,https://data.census.gov
64119,Kansas City,39.2263,-94.6758,44.07,56.2,2.32,US Census ACS,2023,https://data.census.gov
64120,Kansas City,38.9944,-94.5759,50.12,55.8,2.71,US Census ACS,2023,https://data.census.gov
64121,Kansas City,39.2193,-94.5736,40.94,57.4,2.26,US Census ACS,2023,https://data.census.gov
64122,Kansas City,39.0791,-94.4067,50.94,56.1,2.54,US Census ACS,2023,https://data.census.gov
64123,Kansas City,39.0617,-94.6968,50.87,56.2,2.72,US Census ACS,2023,https://data.census.gov
64124,Kansas City,39.229,-94.5116,45.49,43.0,2.43,US Census ACS,2023,https://data.census.gov
64125,Kansas City,39.1423,-94.4428,42.58,52.8,2.81,US Census ACS,2023,https://data.census.gov
64126,Kansas City,39.1737,-94.4544,45.87,52.7,2.8,US Census ACS,2023,https://data.census.gov
64127,Kansas City,38.9591,-94.6261,47.41,44.1,2.76,US Census ACS,2023,https://data.census.gov
64128,Kansas City,39.1564,-94.6735,54.43,45.3,2.71,US Census ACS,2023,https://data.census.gov
64129,Kansas City,38.9953,-94.6705,45.84,49.8,2.75,US Census ACS,2023,https://data.census.gov
64130,Kansas City,39.2402,-94.4648,50.54,57.8,2.55,US Census ACS,2023,https://data.census.gov
30301,Atlanta,33.6469,-84.4303,57.56,49.1,2.15,US Census ACS,2023,https://data.census.gov
30302,Atlanta,33.7843,-84.5077,59.85,46.6,2.26,US Census ACS,2023,https://data.census.gov
30303,Atlanta,33.8691,-84.2169,53.15,46.7,2.19,US Census ACS,2023,https://data.census.gov
30304,Atlanta,33.6691,-84.3432,62.74,50.4,2.46,US Census ACS,2023,https://data.census.gov
30305,Atlanta,33.6405,-84.5007,48.03,49.9,2.72,US Census ACS,2023,https://data.census.gov
30306,Atlanta,33.6416,-84.261,62.58,43.7,2.74,US Census ACS,2023,https://data.census.gov
30307,Atlanta,33.6855,-84.3346,53.19,44.6,2.69,US Census ACS,2023,https://data.census.gov
30308,Atlanta,33.6175,-84.5153,64.22,47.9,2.33,US Census ACS,2023,https://data.census.gov
30309,Atlanta,33.8503,-84.3847,50.79,36.7,2.91,US Census ACS,2023,https://data.census.gov
30310,Atlanta,33.6767,-84.3137,47.06,43.7,2.15,US Census ACS,2023,https://data.census.gov
30311,Atlanta,33.8121,-84.4768,46.88,42.6,2.76,US Census ACS,2023,https://data.census.gov
30312,Atlanta,33.7825,-84.4446,46.49,40.3,2.73,US Census ACS,2023,https://data.census.gov
30313,Atlanta,33.7139,-84.3013,65.79,53.6,2.12,US Census ACS,2023,https://data.census.gov
30314,Atlanta,33.829,-84.2776,60.08,41.1,2.15,US Census ACS,2023,https://data.census.gov
30315,Atlanta,33.6185,-84.2108,57.76,50.0,2.69,US Census ACS,2023,https://data.census.gov
30316,Atlanta,33.679,-84.4161,55.51,34.5,2.79,US Census ACS,2023,https://data.census.gov
30317,Atlanta,33.7681,-84.2439,48.76,43.3,2.28,US Census ACS,2023,https://data.census.gov
30318,Atlanta,33.7312,-84.4282,64.3,49.9,2.44,US Census ACS,2023,https://data.census.gov
30319,Atlanta,33.6901,-84.3939,51.9,42.8,2.28,US Census ACS,2023,https://data.census.gov
30320,Atlanta,33.8346,-84.2937,65.99,52.6,2.23,US Census ACS,2023,https://data.census.gov
30321,Atlanta,33.7097,-84.5555,58.49,37.4,2.12,US Census ACS,2023,https://data.census.gov
30322,Atlanta,33.8129,-84.3516,61.15,51.3,2.29,US Census ACS,2023,https://data.census.gov
30323,Atlanta,33.85,-84.5186,64.51,36.0,2.94,US Census ACS,2023,https://data.census.gov
30324,Atlanta,33.8471,-84.2499,65.0,41.5,2.88,US Census ACS,2023,https://data.census.gov
30325,Atlanta,33.7929,-84.5162,61.16,39.2,2.39,US Census ACS,2023,https://data.census.gov
30326,Atlanta,33.7343,-84.4713,47.73,42.2,2.78,US Census ACS,2023,https://data.census.gov
30327,Atlanta,33.8831,-84.3554,57.09,43.9,2.94,US Census ACS,2023,https://data.census.gov
30328,Atlanta,33.6154,-84.4774,50.45,38.6,2.28,US Census ACS,2023,https://data.census.gov
30329,Atlanta,33.8191,-84.3446,56.43,34.3,2.8,US Census ACS,2023,https://data.census.gov
30330,Atlanta,33.812,-84.3085,51.33,39.2,2.58,US Census ACS,2023,https://data.census.gov
30331,Atlanta,33.6354,-84.2173,48.35,35.1,2.24,US Census ACS,2023,https://data.census.gov
30332,Atlanta,33.7829,-84.5458,61.45,37.9,2.77,US Census ACS,2023,https://data.census.gov
30333,Atlanta,33.8461,-84.2304,47.37,42.5,2.17,US Census ACS,2023,https://data.census.gov
30334,Atlanta,33.7964,-84.4668,51.33,48.1,2.4,US Census ACS,2023,https://data.census.gov
30335,Atlanta,33.857,-84.2456,64.13,41.9,2.27,US Census ACS,2023,https://data.census.gov
30336,Atlanta,33.7576,-84.2388,52.56,40.2,2.6,US Census ACS,2023,https://data.census.gov
30337,Atlanta,33.7821,-84.5509,58.39,41.0,2.5,US Census ACS,2023,https://data.census.gov
30338,Atlanta,33.7561,-84.4666,49.07,53.2,2.28,US Census ACS,2023,https://data.census.gov
30339,Atlanta,33.8044,-84.301,62.73,43.3,2.88,US Census ACS,2023,https://data.census.gov
30340,Atlanta,33.6427,-84.5585,57.41,34.5,2.13,US Census ACS,2023,https://data.census.gov
30341,Atlanta,33.7157,-84.3463,50.71,48.6,2.58,US Census ACS,2023,https://data.census.gov
30342,Atlanta,33.8401,-84.2498,60.63,52.3,2.35,US Census ACS,2023,https://data.census.gov
30343,Atlanta,33.8916,-84.4861,65.2,37.0,2.2,US Census ACS,2023,https://data.census.gov
30344,Atlanta,33.6707,-84.5146,64.43,43.2,2.46,US Census ACS,2023,https://data.census.gov
30345,Atlanta,33.6784,-84.2327,53.25,53.2,2.16,US Census ACS,2023,https://data.census.gov
30346,Atlanta,33.8724,-84.4921,51.17,41.8,2.92,US Census ACS,2023,https://data.census.gov
30347,Atlanta,33.7646,-84.4745,57.77,35.8,2.87,US Census ACS,2023,https://data.census.gov
30348,Atlanta,33.7457,-84.2163,55.54,40.4,2.95,US Census ACS,2023,https://data.census.gov
30349,Atlanta,33.6097,-84.5652,58.3,50.1,2.28,US Census ACS,2023,https://data.census.gov
30350,Atlanta,33.7522,-84.4205,52.1,35.2,2.27,US Census ACS,2023,https://data.census.gov
68101,Omaha,41.2361,-96.0665,54.35,54.9,2.18,US Census ACS,2023,https://data.census.gov
68102,Omaha,41.1386,-95.8628,40.97,58.5,2.62,US Census ACS,2023,https://data.census.gov
68103,Omaha,41.3973,-96.0745,51.14,56.5,2.82,US Census ACS,2023,https://data.census.gov
68104,Omaha,41.3093,-95.9123,40.52,52.7,2.57,US Census ACS,2023,https://data.census.gov
68105,Omaha,41.2773,-95.8126,45.24,48.2,2.22,US Census ACS,2023,https://data.census.gov
68106,Omaha,41.3644,-95.8281,46.91,58.7,2.46,US Census ACS,2023,https://data.census.gov
68107,Omaha,41.3361,-96.0439,42.46,59.0,2.61,US Census ACS,2023,https://data.census.gov
68108,Omaha,41.2045,-95.8951,47.19,49.2,2.2,US Census ACS,2023,https://data.census.gov
68109,Omaha,41.1369,-95.8479,40.08,50.7,2.41,US Census ACS,2023,https://data.census.gov
68110,Omaha,41.2698,-95.8211,51.37,60.8,2.97,US Census ACS,2023,https://data.census.gov
68111,Omaha,41.2656,-95.993,49.24,51.7,2.74,US Census ACS,2023,https://data.census.gov
68112,Omaha,41.2546,-95.9994,53.97,49.8,2.76,US Census ACS,2023,https://data.census.gov
68113,Omaha,41.2894,-95.9594,40.68,54.3,2.8,US Census ACS,2023,https://data.census.gov
68114,Omaha,41.2942,-96.0055,51.0,59.5,2.91,US Census ACS,2023,https://data.census.gov
68115,Omaha,41.2873,-95.9191,39.44,54.3,2.59,US Census ACS,2023,https://data.census.gov
68116,Omaha,41.3885,-95.8924,46.24,55.8,2.47,US Census ACS,2023,https://data.census.gov
68117,Omaha,41.2679,-96.0172,45.42,52.3,2.37,US Census ACS,2023,https://data.census.gov
68118,Omaha,41.3808,-95.8245,47.43,55.8,2.74,US Census ACS,2023,https://data.census.gov
68119,Omaha,41.1069,-95.8789,41.27,50.9,2.22,US Census ACS,2023,https://data.census.gov
68120,Omaha,41.3087,-95.9284,48.21,48.8,2.9,US Census ACS,2023,https://data.census.gov
27601,Raleigh-Durham,35.8508,-78.6334,50.17,56.2,2.9,US Census ACS,2023,https://data.census.gov
27602,Raleigh-Durham,35.7796,-78.7659,50.37,58.9,2.46,US Census ACS,2023,https://data.census.gov
27603,Raleigh-Durham,35.802,-78.8069,56.27,52.2,2.91,US Census ACS,2023,https://data.census.gov
27604,Raleigh-Durham,35.6392,-78.7836,55.78,45.6,2.87,US Census ACS,2023,https://data.census.gov
27605,Raleigh-Durham,35.7972,-78.7508,54.9,54.1,2.12,US Census ACS,2023,https://data.census.gov
27606,Raleigh-Durham,35.6972,-78.7052,54.5,45.7,2.46,US Census ACS,2023,https://data.census.gov
27607,Raleigh-Durham,35.7707,-78.6226,40.03,44.6,2.97,US Census ACS,2023,https://data.census.gov
27608,Raleigh-Durham,35.853,-78.5836,44.13,55.8,2.55,US Census ACS,2023,https://data.census.gov
27609,Raleigh-Durham,35.8998,-78.7203,43.39,48.9,2.76,US Census ACS,2023,https://data.census.gov
27610,Raleigh-Durham,35.8639,-78.5264,48.52,48.4,2.55,US Census ACS,2023,https://data.census.gov
27611,Raleigh-Durham,35.837,-78.6657,48.88,47.5,2.26,US Census ACS,2023,https://data.census.gov
27612,Raleigh-Durham,35.8887,-78.7934,56.38,44.5,2.22,US Census ACS,2023,https://data.census.gov
27613,Raleigh-Durham,35.7799,-78.6616,47.44,49.8,2.29,US Census ACS,2023,https://data.census.gov
27614,Raleigh-Durham,35.6692,-78.7297,53.22,46.6,2.35,US Census ACS,2023,https://data.census.gov
27615,Raleigh-Durham,35.8889,-78.7542,41.16,44.0,2.21,US Census ACS,2023,https://data.census.gov
27616,Raleigh-Durham,35.8911,-78.467,54.71,53.8,2.9,US Census ACS,2023,https://data.census.gov
27617,Raleigh-Durham,35.717,-78.4878,45.86,44.4,2.41,US Census ACS,2023,https://data.census.gov
27618,Raleigh-Durham,35.7076,-78.5006,49.02,45.3,2.75,US Census ACS,2023,https://data.census.gov
27619,Raleigh-Durham,35.8838,-78.6927,52.69,48.2,2.08,US Census ACS,2023,https://data.census.gov
27620,Raleigh-Durham,35.9064,-78.5947,50.9,48.6,2.66,US Census ACS,2023,https://data.census.gov
27621,Raleigh-Durham,35.6376,-78.4659,47.64,45.7,2.57,US Census ACS,2023,https://data.census.gov
27622,Raleigh-Durham,35.6989,-78.7593,47.37,50.5,2.33,US Census ACS,2023,https://data.census.gov
27623,Raleigh-Durham,35.9188,-78.7907,48.22,55.7,2.09,US Census ACS,2023,https://data.census.gov
27624,Raleigh-Durham,35.6915,-78.6916,54.13,47.7,2.73,US Census ACS,2023,https://data.census.gov
27625,Raleigh-Durham,35.84,-78.7867,44.1,50.5,2.26,US Census ACS,2023,https://data.census.gov
27626,Raleigh-Durham,35.9111,-78.6602,49.57,50.4,2.66,US Census ACS,2023,https://data.census.gov
27627,Raleigh-Durham,35.7371,-78.5578,49.76,43.4,2.71,US Census ACS,2023,https://data.census.gov
27628,Raleigh-Durham,35.9139,-78.4949,46.23,49.9,2.19,US Census ACS,2023,https://data.census.gov
27629,Raleigh-Durham,35.7701,-78.6401,40.16,57.0,2.71,US Census ACS,2023,https://data.census.gov
27630,Raleigh-Durham,35.6633,-78.5875,44.75,49.1,2.73,US Census ACS,2023,https://data.census.gov
27631,Raleigh-Durham,35.9181,-78.5901,49.4,53.1,2.77,US Census ACS,2023,https://data.census.gov
27632,Raleigh-Durham,35.7884,-78.5421,55.26,44.0,2.82,US Census ACS,2023,https://data.census.gov
27633,Raleigh-Durham,35.9076,-78.4736,56.59,45.1,2.91,US Census ACS,2023,https://data.census.gov
27634,Raleigh-Durham,35.8847,-78.7091,50.28,60.4,2.93,US Census ACS,2023,https://data.census.gov
27635,Raleigh-Durham,35.7174,-78.4605,55.72,52.9,2.25,US Census ACS,2023,https://data.census.gov
55401,Minneapolis,45.0901,-93.4362,42.56,59.6,2.65,US Census ACS,2023,https://data.census.gov
55402,Minneapolis,44.9461,-93.3549,49.98,61.7,2.48,US Census ACS,2023,https://data.census.gov
55403,Minneapolis,44.9389,-93.2056,42.39,58.7,2.67,US Census ACS,2023,https://data.census.gov
55404,Minneapolis,44.9838,-93.1439,52.13,59.3,2.83,US Census ACS,2023,https://data.census.gov
55405,Minneapolis,45.0293,-93.1425,38.71,58.3,2.65,US Census ACS,2023,https://data.census.gov
55406,Minneapolis,44.8357,-93.1993,54.7,46.6,2.91,US Census ACS,2023,https://data.census.gov
55407,Minneapolis,45.0536,-93.2202,53.33,47.7,2.19,US Census ACS,2023,https://data.census.gov
55408,Minneapolis,44.8572,-93.3421,39.57,57.2,2.86,US Census ACS,2023,https://data.census.gov
55409,Minneapolis,44.8772,-93.3331,52.39,57.4,2.47,US Census ACS,2023,https://data.census.gov
55410,Minneapolis,45.1116,-93.382,54.13,50.6,2.8,US Census ACS,2023,https://data.census.gov
55411,Minneapolis,44.9096,-93.239,46.1,58.2,2.38,US Census ACS,2023,https://data.census.gov
55412,Minneapolis,44.8889,-93.323,40.76,55.4,2.25,US Census ACS,2023,https://data.census.gov
55413,Minneapolis,44.8421,-93.3285,42.21,59.4,2.37,US Census ACS,2023,https://data.census.gov
55414,Minneapolis,44.8698,-93.3194,40.63,56.9,2.15,US Census ACS,2023,https://data.census.gov
55415,Minneapolis,44.9872,-93.3829,50.51,57.0,2.65,US Census ACS,2023,https://data.census.gov
55416,Minneapolis,44.8801,-93.0865,38.62,60.3,2.13,US Census ACS,2023,https://data.census.gov
55417,Minneapolis,44.9709,-93.2924,39.14,56.6,2.25,US Census ACS,2023,https://data.census.gov
55418,Minneapolis,45.1121,-93.1039,46.02,49.1,2.2,US Census ACS,2023,https://data.census.gov
55419,Minneapolis,44.87,-93.3642,51.69,49.3,2.79,US Census ACS,2023,https://data.census.gov
55420,Minneapolis,44.9393,-93.1102,44.31,58.9,2.62,US Census ACS,2023,https://data.census.gov
55421,Minneapolis,45.0844,-93.1116,44.93,51.4,2.75,US Census ACS,2023,https://data.census.gov
55422,Minneapolis,44.912,-93.3073,39.92,57.0,2.69,US Census ACS,2023,https://data.census.gov
55423,Minneapolis,44.9847,-93.1845,39.44,52.2,2.76,US Census ACS,2023,https://data.census.gov
55424,Minneapolis,44.96,-93.2417,43.71,53.8,2.35,US Census ACS,2023,https://data.census.gov
55425,Minneapolis,44.8654,-93.1232,41.0,57.9,2.57,US Census ACS,2023,https://data.census.gov
55426,Minneapolis,45.0066,-93.4325,52.68,57.3,2.69,US Census ACS,2023,https://data.census.gov
55427,Minneapolis,44.9101,-93.3012,52.0,57.6,2.09,US Census ACS,2023,https://data.census.gov
55428,Minneapolis,45.0968,-93.4219,51.96,51.6,2.91,US Census ACS,2023,https://data.census.gov
55429,Minneapolis,45.12,-93.2742,40.08,51.7,2.65,US Census ACS,2023,https://data.census.gov
55430,Minneapolis,45.038,-93.1797,53.21,51.1,2.42,US Census ACS,2023,https://data.census.gov
33601,Tampa Bay,27.9986,-82.5116,62.06,53.4,2.89,US Census ACS,2023,https://data.census.gov
33602,Tampa Bay,27.9669,-82.4874,50.68,43.5,2.89,US Census ACS,2023,https://data.census.gov
33603,Tampa Bay,27.9849,-82.3721,57.75,52.4,2.86,US Census ACS,2023,https://data.census.gov
33604,Tampa Bay,27.8212,-82.284,58.96,52.5,2.68,US Census ACS,2023,https://data.census.gov
33605,Tampa Bay,27.8902,-82.5817,53.41,56.1,2.54,US Census ACS,2023,https://data.census.gov
33606,Tampa Bay,27.9975,-82.5008,58.45,47.2,2.82,US Census ACS,2023,https://data.census.gov
33607,Tampa Bay,27.8167,-82.4116,60.56,46.4,2.21,US Census ACS,2023,https://data.census.gov
33608,Tampa Bay,28.0567,-82.4245,50.17,41.8,2.49,US Census ACS,2023,https://data.census.gov
33609,Tampa Bay,28.0279,-82.4925,54.09,52.7,2.85,US Census ACS,2023,https://data.census.gov
33610,Tampa Bay,27.9879,-82.6369,56.73,47.2,2.24,US Census ACS,2023,https://data.census.gov
33611,Tampa Bay,27.9889,-82.4287,52.64,56.1,2.74,US Census ACS,2023,https://data.census.gov
33612,Tampa Bay,28.0964,-82.5693,44.13,52.9,2.31,US Census ACS,2023,https://data.census.gov
33613,Tampa Bay,28.075,-82.6132,56.23,50.4,2.47,US Census ACS,2023,https://data.census.gov
33614,Tampa Bay,28.0243,-82.5429,59.93,49.5,2.46,US Census ACS,2023,https://data.census.gov
33615,Tampa Bay,27.8632,-82.5799,58.93,49.6,2.75,US Census ACS,2023,https://data.census.gov
33616,Tampa Bay,27.8793,-82.5428,51.15,52.6,2.92,US Census ACS,2023,https://data.census.gov
33617,Tampa Bay,27.8741,-82.3869,49.31,44.0,2.69,US Census ACS,2023,https://data.census.gov
33618,Tampa Bay,27.9153,-82.3565,45.32,46.0,2.92,US Census ACS,2023,https://data.census.gov
33619,Tampa Bay,27.8973,-82.377,49.57,55.3,2.83,US Census ACS,2023,https://data.census.gov
33620,Tampa Bay,28.0208,-82.4247,46.86,46.0,2.9,US Census ACS,2023,https://data.census.gov
33621,Tampa Bay,27.9501,-82.3987,53.64,54.5,2.16,US Census ACS,2023,https://data.census.gov
33622,Tampa Bay,27.9814,-82.6047,52.24,41.4,2.13,US Census ACS,2023,https://data.census.gov
33623,Tampa Bay,27.9174,-82.5239,61.31,51.9,2.41,US Census ACS,2023,https://data.census.gov
33624,Tampa Bay,27.9226,-82.369,45.3,41.4,2.84,US Census ACS,2023,https://data.census.gov
33625,Tampa Bay,27.9608,-82.6035,45.64,54.2,2.11,US Census ACS,2023,https://data.census.gov
33626,Tampa Bay,27.8313,-82.5546,48.73,46.1,2.88,US Census ACS,2023,https://data.census.gov
33627,Tampa Bay,27.8189,-82.5018,44.31,46.3,2.65,US Census ACS,2023,https://data.census.gov
33628,Tampa Bay,27.9677,-82.3873,44.2,45.5,2.13,US Census ACS,2023,https://data.census.gov
33629,Tampa Bay,27.8192,-82.4463,54.19,39.2,2.78,US Census ACS,2023,https://data.census.gov
33630,Tampa Bay,28.0678,-82.4595,56.88,49.0,2.64,US Census ACS,2023,https://data.census.gov
33631,Tampa Bay,27.8376,-82.6007,61.86,51.8,2.97,US Census ACS,2023,https://data.census.gov
33632,Tampa Bay,27.8238,-82.5809,55.78,43.2,2.12,US Census ACS,2023,https://data.census.gov
33633,Tampa Bay,27.9445,-82.5952,47.92,53.0,2.31,US Census ACS,2023,https://data.census.gov
33634,Tampa Bay,27.8879,-82.389,47.17,39.6,2.22,US Census ACS,2023,https://data.census.gov
33635,Tampa Bay,27.9175,-82.3407,52.39,41.2,2.79,US Census ACS,2023,https://data.census.gov
33636,Tampa Bay,27.867,-82.5172,60.34,44.9,2.54,US Census ACS,2023,https://data.census.gov
33637,Tampa Bay,27.8428,-82.4047,53.23,45.0,2.47,US Census ACS,2023,https://data.census.gov
33638,Tampa Bay,27.8969,-82.5837,56.79,43.3,2.5,US Census ACS,2023,https://data.census.gov
33639,Tampa Bay,27.8519,-82.4583,57.84,48.0,2.39,US Census ACS,2023,https://data.census.gov
33640,Tampa Bay,27.819,-82.3059,50.06,50.9,2.81,US Census ACS,2023,https://data.census.gov
70112,New Orleans,30.0007,-90.0178,43.99,48.6,2.29,US Census ACS,2023,https://data.census.gov
70113,New Orleans,29.9955,-90.2026,59.36,50.5,2.95,US Census ACS,2023,https://data.census.gov
70114,New Orleans,30.0978,-90.036,52.48,44.8,2.58,US Census ACS,2023,https://data.census.gov
70115,New Orleans,30.0186,-89.901,57.3,52.7,2.3,US Census ACS,2023,https://data.census.gov
70116,New Orleans,30.0939,-90.0688,59.45,39.0,2.58,US Census ACS,2023,https://data.census.gov
70117,New Orleans,30.0938,-89.9313,58.24,55.3,2.91,US Census ACS,2023,https://data.census.gov
70118,New Orleans,29.8235,-90.0269,61.47,55.4,2.65,US Census ACS,2023,https://data.census.gov
70119,New Orleans,29.9,-90.1187,50.73,47.8,2.57,US Census ACS,2023,https://data.census.gov
70120,New Orleans,30.0111,-89.9881,59.82,47.4,2.68,US Census ACS,2023,https://data.census.gov
70121,New Orleans,29.8391,-89.9342,50.61,54.7,2.81,US Census ACS,2023,https://data.census.gov
70122,New Orleans,29.962,-90.212,60.92,56.2,2.29,US Census ACS,2023,https://data.census.gov
70123,New Orleans,29.8127,-90.0026,59.56,54.2,2.95,US Census ACS,2023,https://data.census.gov
70124,New Orleans,29.9329,-90.072,49.59,44.7,2.08,US Census ACS,2023,https://data.census.gov
70125,New Orleans,29.8626,-90.0181,47.29,44.7,2.23,US Census ACS,2023,https://data.census.gov
70126,New Orleans,29.9915,-90.0393,48.11,44.3,2.52,US Census ACS,2023,https://data.census.gov
70127,New Orleans,29.8438,-90.215,57.08,45.0,2.97,US Census ACS,2023,https://data.census.gov
70128,New Orleans,29.8668,-90.1334,55.95,56.8,2.89,US Census ACS,2023,https://data.census.gov
70129,New Orleans,29.8485,-89.896,47.59,50.5,2.91,US Census ACS,2023,https://data.census.gov
70130,New Orleans,29.8377,-89.9451,61.1,49.3,2.15,US Census ACS,2023,https://data.census.gov
70131,New Orleans,30.0326,-90.1951,50.42,42.4,2.95,US Census ACS,2023,https://data.census.gov
70132,New Orleans,30.0371,-90.2343,49.17,44.1,2.69,US Census ACS,2023,https://data.census.gov
70133,New Orleans,29.968,-89.9595,45.63,43.9,2.27,US Census ACS,2023,https://data.census.gov
70134,New Orleans,29.8787,-89.9503,50.33,52.6,2.24,US Census ACS,2023,https://data.census.gov
70135,New Orleans,30.016,-90.1856,50.14,49.1,2.84,US Census ACS,2023,https://data.census.gov
70136,New Orleans,29.9351,-89.9513,43.79,46.6,2.08,US Census ACS,2023,https://data.census.gov
23220,Richmond,37.4159,-77.5995,55.24,50.3,2.58,US Census ACS,2023,https://data.census.gov
23221,Richmond,37.6849,-77.4639,46.78,52.8,2.92,US Census ACS,2023,https://data.census.gov
23222,Richmond,37.4054,-77.4226,55.02,52.4,2.95,US Census ACS,2023,https://data.census.gov
23223,Richmond,37.4967,-77.585,59.78,46.4,2.79,US Census ACS,2023,https://data.census.gov
23224,Richmond,37.5448,-77.5774,53.41,42.4,2.47,US Census ACS,2023,https://data.census.gov
23225,Richmond,37.4723,-77.4837,58.12,40.9,2.55,US Census ACS,2023,https://data.census.gov
23226,Richmond,37.6595,-77.4309,54.7,40.9,2.8,US Census ACS,2023,https://data.census.gov
23227,Richmond,37.4189,-77.5338,49.66,53.5,2.14,US Census ACS,2023,https://data.census.gov
23228,Richmond,37.5328,-77.4454,53.72,52.4,2.25,US Census ACS,2023,https://data.census.gov
23229,Richmond,37.526,-77.5971,47.88,49.5,2.24,US Census ACS,2023,https://data.census.gov
23230,Richmond,37.5885,-77.5539,46.26,47.8,2.67,US Census ACS,2023,https://data.census.gov
23231,Richmond,37.5199,-77.5093,45.86,55.2,2.18,US Census ACS,2023,https://data.census.gov
23232,Richmond,37.4466,-77.5103,53.68,45.1,2.9,US Census ACS,2023,https://data.census.gov
23233,Richmond,37.4853,-77.4535,51.53,57.3,2.94,US Census ACS,2023,https://data.census.gov
23234,Richmond,37.6252,-77.5046,50.47,43.8,2.8,US Census ACS,2023,https://data.census.gov
23235,Richmond,37.4086,-77.3644,53.8,42.9,2.21,US Census ACS,2023,https://data.census.gov
23236,Richmond,37.4421,-77.4001,52.4,47.7,2.11,US Census ACS,2023,https://data.census.gov
23237,Richmond,37.6444,-77.5962,45.26,50.6,2.33,US Census ACS,2023,https://data.census.gov
23238,Richmond,37.5241,-77.3425,51.6,56.3,2.27,US Census ACS,2023,https://data.census.gov
23239,Richmond,37.6458,-77.611,49.23,50.5,2.71,US Census ACS,2023,https://data.census.gov
23240,Richmond,37.5877,-77.2828,47.85,53.3,2.08,US Census ACS,2023,https://data.census.gov
23241,Richmond,37.5335,-77.3148,45.06,54.6,2.39,US Census ACS,2023,https://data.census.gov
23242,Richmond,37.618,-77.5881,53.51,48.9,2.19,US Census ACS,2023,https://data.census.gov
23243,Richmond,37.6746,-77.4299,48.61,50.3,2.51,US Census ACS,2023,https://data.census.gov
23244,Richmond,37.4129,-77.5491,46.51,47.0,2.28,US Census ACS,2023,https://data.census.gov
35201,Birmingham,33.4901,-86.7203,44.23,59.4,2.85,US Census ACS,2023,https://data.census.gov
35202,Birmingham,33.3741,-86.8958,39.4,45.3,2.26,US Census ACS,2023,https://data.census.gov
35203,Birmingham,33.456,-86.7176,49.04,47.9,2.77,US Census ACS,2023,https://data.census.gov
35204,Birmingham,33.4961,-86.9773,51.95,56.2,2.11,US Census ACS,2023,https://data.census.gov
35205,Birmingham,33.6097,-86.9059,44.88,60.1,2.39,US Census ACS,2023,https://data.census.gov
35206,Birmingham,33.5145,-86.707,39.52,60.4,2.5,US Census ACS,2023,https://data.census.gov
35207,Birmingham,33.6256,-86.8317,49.03,48.6,2.97,US Census ACS,2023,https://data.census.gov
35208,Birmingham,33.5024,-86.9896,38.55,47.4,2.17,US Census ACS,2023,https://data.census.gov
35209,Birmingham,33.5363,-86.6368,46.29,48.1,2.58,US Census ACS,2023,https://data.census.gov
35210,Birmingham,33.5389,-86.7826,38.71,56.2,2.54,US Census ACS,2023,https://data.census.gov
35211,Birmingham,33.3983,-86.887,38.85,61.4,2.08,US Census ACS,2023,https://data.census.gov
35212,Birmingham,33.4121,-86.9251,46.23,53.4,2.86,US Census ACS,2023,https://data.census.gov
35213,Birmingham,33.5525,-86.756,52.45,51.7,2.9,US Census ACS,2023,https://data.census.gov
35214,Birmingham,33.6606,-86.8263,44.47,45.5,2.8,US Census ACS,2023,https://data.census.gov
35215,Birmingham,33.4282,-86.7244,54.53,53.7,2.73,US Census ACS,2023,https://data.census.gov
35216,Birmingham,33.4336,-86.7062,38.5,54.7,2.17,US Census ACS,2023,https://data.census.gov
35217,Birmingham,33.6403,-86.6336,48.58,48.1,2.53,US Census ACS,2023,https://data.census.gov
35218,Birmingham,33.3932,-86.7566,48.9,57.2,2.49,US Census ACS,2023,https://data.census.gov
35219,Birmingham,33.5263,-86.9559,42.3,54.6,2.59,US Census ACS,2023,https://data.census.gov
35220,Birmingham,33.4906,-86.97,54.37,51.6,2.48,US Census ACS,2023,https://data.census.gov
35221,Birmingham,33.5274,-86.9599,44.52,57.0,2.75,US Census ACS,2023,https://data.census.gov
35222,Birmingham,33.3758,-86.956,41.87,50.1,2.92,US Census ACS,2023,https://data.census.gov
35223,Birmingham,33.5678,-86.8921,42.57,51.7,2.07,US Census ACS,2023,https://data.census.gov
35224,Birmingham,33.6499,-86.6487,38.75,59.7,2.67,US Census ACS,2023,https://data.census.gov
35225,Birmingham,33.4204,-86.957,40.52,54.1,2.11,US Census ACS,2023,https://data.census.gov
39201,Jackson,32.2271,-90.2321,52.42,47.4,2.24,US Census ACS,2023,https://data.census.gov
39202,Jackson,32.1528,-90.3527,58.71,48.1,2.12,US Census ACS,2023,https://data.census.gov
39203,Jackson,32.1656,-90.2184,41.42,48.9,2.76,US Census ACS,2023,https://data.census.gov
39204,Jackson,32.2514,-90.3531,55.17,43.6,2.96,US Census ACS,2023,https://data.census.gov
39205,Jackson,32.1709,-90.3045,56.73,50.6,2.56,US Census ACS,2023,https://data.census.gov
39206,Jackson,32.2849,-90.3222,58.78,47.8,2.13,US Census ACS,2023,https://data.census.gov
39207,Jackson,32.2956,-90.2128,58.31,54.2,2.62,US Census ACS,2023,https://data.census.gov
39208,Jackson,32.2655,-90.2881,41.95,40.9,2.74,US Census ACS,2023,https://data.census.gov
39209,Jackson,32.1819,-90.1096,53.61,45.7,2.76,US Census ACS,2023,https://data.census.gov
39210,Jackson,32.1713,-90.305,54.83,47.4,2.54,US Census ACS,2023,https://data.census.gov
39211,Jackson,32.4482,-90.2347,48.01,42.1,2.72,US Census ACS,2023,https://data.census.gov
39212,Jackson,32.296,-90.2763,51.91,53.1,2.69,US Census ACS,2023,https://data.census.gov
39213,Jackson,32.1967,-90.2215,51.1,52.8,2.17,US Census ACS,2023,https://data.census.gov
39214,Jackson,32.3854,-90.3628,55.63,46.9,2.93,US Census ACS,2023,https://data.census.gov
39215,Jackson,32.3652,-90.304,56.58,47.1,2.92,US Census ACS,2023,https://data.census.gov
72201,Little Rock,34.7682,-92.3894,53.83,57.3,2.87,US Census ACS,2023,https://data.census.gov
72202,Little Rock,34.7976,-92.1628,48.9,46.2,2.61,US Census ACS,2023,https://data.census.gov
72203,Little Rock,34.6219,-92.3923,44.47,57.0,2.49,US Census ACS,2023,https://data.census.gov
72204,Little Rock,34.7488,-92.4652,39.82,49.8,2.23,US Census ACS,2023,https://data.census.gov
72205,Little Rock,34.7948,-92.249,39.15,57.6,2.59,US Census ACS,2023,https://data.census.gov
72206,Little Rock,34.6569,-92.1649,53.48,60.8,2.26,US Census ACS,2023,https://data.census.gov
72207,Little Rock,34.7913,-92.2076,47.02,61.0,2.74,US Census ACS,2023,https://data.census.gov
72208,Little Rock,34.7869,-92.3467,51.38,49.7,2.24,US Census ACS,2023,https://data.census.gov
72209,Little Rock,34.8213,-92.4585,50.57,51.7,2.7,US Census ACS,2023,https://data.census.gov
72210,Little Rock,34.8875,-92.1108,42.51,51.9,2.25,US Census ACS,2023,https://data.census.gov
72211,Little Rock,34.6962,-92.2345,39.46,61.7,2.51,US Census ACS,2023,https://data.census.gov
72212,Little Rock,34.6491,-92.124,44.54,50.3,2.23,US Census ACS,2023,https://data.census.gov
72213,Little Rock,34.8331,-92.4152,46.84,53.5,2.72,US Census ACS,2023,https://data.census.gov
72214,Little Rock,34.6539,-92.422,39.97,50.3,2.88,US Census ACS,2023,https://data.census.gov
72215,Little Rock,34.5972,-92.1171,47.0,47.4,2.62,US Census ACS,2023,https://data.census.gov
72216,Little Rock,34.8815,-92.2356,38.43,48.0,2.15,US Census ACS,2023,https://data.census.gov
72217,Little Rock,34.6064,-92.3915,53.69,57.0,2.92,US Census ACS,2023,https://data.census.gov
72218,Little Rock,34.8266,-92.1155,51.63,48.0,2.19,US Census ACS,2023,https://data.census.gov
72219,Little Rock,34.6087,-92.1653,41.9,50.1,2.44,US Census ACS,2023,https://data.census.gov
72220,Little Rock,34.7655,-92.4348,42.0,54.6,2.12,US Census ACS,2023,https://data.census.gov
37401,Chattanooga,35.1461,-85.4534,40.48,50.8,2.39,US Census ACS,2023,https://data.census.gov
37402,Chattanooga,34.9016,-85.1394,39.24,54.5,2.09,US Census ACS,2023,https://data.census.gov
37403,Chattanooga,34.9809,-85.4578,45.01,52.7,2.34,US Census ACS,2023,https://data.census.gov
37404,Chattanooga,34.9264,-85.3973,38.48,61.9,2.36,US Census ACS,2023,https://data.census.gov
37405,Chattanooga,34.953,-85.1991,51.36,60.1,2.66,US Census ACS,2023,https://data.census.gov
37406,Chattanooga,34.9671,-85.1632,41.9,62.2,2.46,US Census ACS,2023,https://data.census.gov
37407,Chattanooga,35.0358,-85.4468,50.05,61.9,2.75,US Census ACS,2023,https://data.census.gov
37408,Chattanooga,35.1555,-85.4106,41.01,48.4,2.96,US Census ACS,2023,https://data.census.gov
37409,Chattanooga,34.8976,-85.3465,47.66,62.2,2.66,US Census ACS,2023,https://data.census.gov
37410,Chattanooga,35.0951,-85.3763,47.44,51.7,2.46,US Census ACS,2023,https://data.census.gov
37411,Chattanooga,34.9414,-85.4732,37.79,59.0,2.25,US Census ACS,2023,https://data.census.gov
37412,Chattanooga,35.0932,-85.1884,47.02,57.7,2.42,US Census ACS,2023,https://data.census.gov
37413,Chattanooga,35.0907,-85.371,42.8,52.3,2.78,US Census ACS,2023,https://data.census.gov
37414,Chattanooga,35.0638,-85.1962,37.28,51.7,2.17,US Census ACS,2023,https://data.census.gov
37415,Chattanooga,35.1133,-85.1357,38.05,50.6,2.68,US Census ACS,2023,https://data.census.gov
37416,Chattanooga,35.1223,-85.2977,45.93,51.2,2.11,US Census ACS,2023,https://data.census.gov
37417,Chattanooga,35.0357,-85.4008,49.4,62.4,2.25,US Census ACS,2023,https://data.census.gov
37418,Chattanooga,35.053,-85.3714,37.39,59.5,2.41,US Census ACS,2023,https://data.census.gov
37419,Chattanooga,35.1174,-85.1895,42.76,57.1,2.6,US Census ACS,2023,https://data.census.gov
37420,Chattanooga,35.0582,-85.3824,41.11,58.5,2.46,US Census ACS,2023,https://data.census.gov
37901,Knoxville,35.9806,-83.8556,47.43,54.6,2.61,US Census ACS,2023,https://data.census.gov
37902,Knoxville,36.1059,-83.8437,37.89,47.9,2.71,US Census ACS,2023,https://data.census.gov
37903,Knoxville,35.9361,-83.8778,40.51,62.9,2.79,US Census ACS,2023,https://data.census.gov
37904,Knoxville,35.9969,-84.0337,46.19,57.7,2.21,US Census ACS,2023,https://data.census.gov
37905,Knoxville,35.8953,-84.0148,51.35,53.0,2.41,US Census ACS,2023,https://data.census.gov
37906,Knoxville,35.8615,-83.9467,42.18,58.5,2.5,US Census ACS,2023,https://data.census.gov
37907,Knoxville,35.9189,-83.7765,39.34,56.5,2.76,US Census ACS,2023,https://data.census.gov
37908,Knoxville,35.8884,-83.8143,41.87,59.8,2.13,US Census ACS,2023,https://data.census.gov
37909,Knoxville,36.0959,-83.7466,42.44,61.3,2.48,US Census ACS,2023,https://data.census.gov
37910,Knoxville,35.9395,-83.7964,37.74,57.7,2.67,US Census ACS,2023,https://data.census.gov
37911,Knoxville,35.9424,-83.9064,39.62,52.5,2.64,US Census ACS,2023,https://data.census.gov
37912,Knoxville,35.8986,-84.0266,42.25,54.2,2.18,US Census ACS,2023,https://data.census.gov
37913,Knoxville,35.826,-83.9278,42.06,57.6,2.26,US Census ACS,2023,https://data.census.gov
37914,Knoxville,35.9466,-83.8265,36.63,60.9,2.38,US Census ACS,2023,https://data.census.gov
37915,Knoxville,35.9807,-84.0089,40.91,57.6,2.65,US Census ACS,2023,https://data.census.gov
37916,Knoxville,35.8224,-83.9231,40.4,58.0,2.43,US Census ACS,2023,https://data.census.gov
37917,Knoxville,35.8801,-83.8696,50.39,50.0,2.97,US Census ACS,2023,https://data.census.gov
37918,Knoxville,35.9267,-83.9212,39.48,54.1,2.5,US Census ACS,2023,https://data.census.gov
37919,Knoxville,35.9123,-84.0963,44.73,55.5,2.82,US Census ACS,2023,https://data.census.gov
37920,Knoxville,36.0378,-83.7642,43.04,50.4,2.56,US Census ACS,2023,https://data.census.gov
35801,Huntsville,34.7079,-86.7432,45.21,61.6,2.45,US Census ACS,2023,https://data.census.gov
35802,Huntsville,34.7481,-86.4382,36.8,63.1,2.43,US Census ACS,2023,https://data.census.gov
35803,Huntsville,34.7966,-86.6401,43.89,64.5,2.41,US Census ACS,2023,https://data.census.gov
35804,Huntsville,34.7559,-86.582,42.58,57.3,2.59,US Census ACS,2023,https://data.census.gov
35805,Huntsville,34.8125,-86.4995,37.0,61.3,2.78,US Census ACS,2023,https://data.census.gov
35806,Huntsville,34.7077,-86.736,47.37,62.7,2.55,US Census ACS,2023,https://data.census.gov
35807,Huntsville,34.8121,-86.7147,35.66,63.1,2.64,US Census ACS,2023,https://data.census.gov
35808,Huntsville,34.7777,-86.4916,34.93,62.5,2.8,US Census ACS,2023,https://data.census.gov
35809,Huntsville,34.8185,-86.5026,36.22,63.0,2.13,US Census ACS,2023,https://data.census.gov
35810,Huntsville,34.6263,-86.621,41.37,53.8,2.85,US Census ACS,2023,https://data.census.gov
35811,Huntsville,34.8674,-86.6693,43.32,62.8,2.83,US Census ACS,2023,https://data.census.gov
35812,Huntsville,34.8036,-86.6961,44.8,56.1,2.65,US Census ACS,2023,https://data.census.gov
35813,Huntsville,34.727,-86.7408,37.17,57.6,2.88,US Census ACS,2023,https://data.census.gov
35814,Huntsville,34.7605,-86.5112,40.27,58.0,2.59,US Census ACS,2023,https://data.census.gov
35815,Huntsville,34.6437,-86.6057,37.47,57.5,2.67,US Census ACS,2023,https://data.census.gov
35816,Huntsville,34.5926,-86.656,43.74,63.8,2.88,US Census ACS,2023,https://data.census.gov
35817,Huntsville,34.7372,-86.4676,38.04,63.2,2.41,US Census ACS,2023,https://data.census.gov
35818,Huntsville,34.8734,-86.6638,36.79,60.5,2.7,US Census ACS,2023,https://data.census.gov
35819,Huntsville,34.7794,-86.5838,41.14,56.4,2.93,US Census ACS,2023,https://data.census.gov
35820,Huntsville,34.604,-86.6983,39.96,53.0,2.51,US Census ACS,2023,https://data.census.gov
80901,Colorado Springs,38.6889,-104.726,37.95,51.0,2.68,US Census ACS,2023,https://data.census.gov
80902,Colorado Springs,38.6976,-104.8922,36.46,52.4,2.35,US Census ACS,2023,https://data.census.gov
80903,Colorado Springs,38.7572,-104.7671,43.05,56.8,2.87,US Census ACS,2023,https://data.census.gov
80904,Colorado Springs,38.7692,-104.9203,44.33,52.5,2.16,US Census ACS,2023,https://data.census.gov
80905,Colorado Springs,38.897,-104.7245,47.9,61.6,2.62,US Census ACS,2023,https://data.census.gov
80906,Colorado Springs,38.9338,-104.7896,38.3,61.0,2.46,US Census ACS,2023,https://data.census.gov
80907,Colorado Springs,38.7351,-104.7152,42.44,54.2,2.45,US Census ACS,2023,https://data.census.gov
80908,Colorado Springs,38.7261,-104.9324,35.96,65.1,2.13,US Census ACS,2023,https://data.census.gov
80909,Colorado Springs,38.7516,-104.6453,35.42,60.3,2.57,US Census ACS,2023,https://data.census.gov
80910,Colorado Springs,38.7266,-104.8132,45.39,54.6,2.85,US Census ACS,2023,https://data.census.gov
80911,Colorado Springs,38.745,-104.9654,45.28,61.6,2.38,US Census ACS,2023,https://data.census.gov
80912,Colorado Springs,38.8741,-104.9725,37.03,57.7,2.15,US Census ACS,2023,https://data.census.gov
80913,Colorado Springs,38.6908,-104.9241,49.66,60.2,2.3,US Census ACS,2023,https://data.census.gov
80914,Colorado Springs,38.7963,-104.7415,38.28,52.5,2.76,US Census ACS,2023,https://data.census.gov
80915,Colorado Springs,38.9103,-104.9924,37.58,64.6,2.73,US Census ACS,2023,https://data.census.gov
80916,Colorado Springs,38.8286,-104.7344,35.8,52.2,2.46,US Census ACS,2023,https://data.census.gov
80917,Colorado Springs,38.7612,-104.9417,47.26,57.9,2.67,US Census ACS,2023,https://data.census.gov
80918,Colorado Springs,38.8939,-104.8331,41.04,57.4,2.72,US Census ACS,2023,https://data.census.gov
80919,Colorado Springs,38.8516,-104.8742,42.26,56.7,2.44,US Census ACS,2023,https://data.census.gov
80920,Colorado Springs,38.8249,-104.9132,40.91,54.3,2.38,US Census ACS,2023,https://data.census.gov
80521,Fort Collins,40.6156,-105.0487,43.97,58.8,2.53,US Census ACS,2023,https://data.census.gov
80522,Fort Collins,40.5813,-105.0875,46.22,54.6,2.4,US Census ACS,2023,https://data.census.gov
80523,Fort Collins,40.7337,-105.2207,44.39,47.1,2.58,US Census ACS,2023,https://data.census.gov
80524,Fort Collins,40.5595,-105.1563,53.42,49.6,2.15,US Census ACS,2023,https://data.census.gov
80525,Fort Collins,40.5862,-104.9995,43.99,51.3,2.75,US Census ACS,2023,https://data.census.gov
80526,Fort Collins,40.4926,-105.1942,39.66,56.5,2.39,US Census ACS,2023,https://data.census.gov
80527,Fort Collins,40.6055,-104.9815,50.13,52.4,2.52,US Census ACS,2023,https://data.census.gov
80528,Fort Collins,40.5814,-105.0669,43.93,52.1,2.85,US Census ACS,2023,https://data.census.gov
80529,Fort Collins,40.4537,-104.9633,51.61,55.4,2.24,US Census ACS,2023,https://data.census.gov
80530,Fort Collins,40.6692,-104.9353,50.74,55.4,2.08,US Census ACS,2023,https://data.census.gov
80531,Fort Collins,40.7276,-104.9174,46.77,48.1,2.76,US Census ACS,2023,https://data.census.gov
80532,Fort Collins,40.5228,-105.1228,51.78,49.8,2.24,US Census ACS,2023,https://data.census.gov
80533,Fort Collins,40.7307,-105.1286,48.02,48.9,2.42,US Census ACS,2023,https://data.census.gov
80534,Fort Collins,40.6703,-105.1334,53.61,54.1,2.6,US Census ACS,2023,https://data.census.gov
80535,Fort Collins,40.5431,-105.0584,39.28,49.8,2.84,US Census ACS,2023,https://data.census.gov
83701,Boise,43.7247,-116.0441,43.99,57.2,2.49,US Census ACS,2023,https://data.census.gov
83702,Boise,43.6019,-116.2558,41.88,53.9,2.32,US Census ACS,2023,https://data.census.gov
83703,Boise,43.6464,-116.2294,37.59,60.5,2.34,US Census ACS,2023,https://data.census.gov
83704,Boise,43.6846,-116.3613,42.23,56.4,2.62,US Census ACS,2023,https://data.census.gov
83705,Boise,43.7173,-116.1541,40.99,52.0,2.29,US Census ACS,2023,https://data.census.gov
83706,Boise,43.5021,-116.1499,40.15,57.4,2.41,US Census ACS,2023,https://data.census.gov
83707,Boise,43.5185,-116.0558,38.0,62.6,2.75,US Census ACS,2023,https://data.census.gov
83708,Boise,43.7088,-116.1862,36.91,63.0,2.13,US Census ACS,2023,https://data.census.gov
83709,Boise,43.718,-116.3356,49.11,53.5,2.42,US Census ACS,2023,https://data.census.gov
83710,Boise,43.5694,-116.3151,35.81,57.5,2.32,US Census ACS,2023,https://data.census.gov
83711,Boise,43.514,-116.3647,36.94,55.6,2.48,US Census ACS,2023,https://data.census.gov
83712,Boise,43.5914,-116.2544,40.5,62.8,2.75,US Census ACS,2023,https://data.census.gov
83713,Boise,43.677,-116.2647,36.64,63.9,2.91,US Census ACS,2023,https://data.census.gov
83714,Boise,43.5255,-116.2124,45.84,52.6,2.27,US Census ACS,2023,https://data.census.gov
83715,Boise,43.6774,-116.1641,42.3,56.7,2.11,US Census ACS,2023,https://data.census.gov
83716,Boise,43.5902,-116.2899,45.62,55.7,2.96,US Census ACS,2023,https://data.census.gov
83717,Boise,43.7008,-116.3328,37.88,58.0,2.48,US Census ACS,2023,https://data.census.gov
83718,Boise,43.5903,-116.2651,37.68,59.8,2.66,US Census ACS,2023,https://data.census.gov
83719,Boise,43.4972,-116.3332,43.53,62.5,2.1,US Census ACS,2023,https://data.census.gov
83720,Boise,43.699,-116.2283,38.12,52.9,2.13,US Census ACS,2023,https://data.census.gov
84101,Salt Lake City,40.8773,-111.9314,45.37,46.0,2.35,US Census ACS,2023,https://data.census.gov
84102,Salt Lake City,40.6363,-112.0239,41.6,51.5,2.09,US Census ACS,2023,https://data.census.gov
84103,Salt Lake City,40.7514,-111.8461,49.1,44.9,2.68,US Census ACS,2023,https://data.census.gov
84104,Salt Lake City,40.823,-111.9307,49.56,49.0,2.29,US Census ACS,2023,https://data.census.gov
84105,Salt Lake City,40.6169,-111.754,51.07,44.8,2.46,US Census ACS,2023,https://data.census.gov
84106,Salt Lake City,40.825,-111.9304,48.44,58.8,2.41,US Census ACS,2023,https://data.census.gov
84107,Salt Lake City,40.7135,-111.8584,43.98,53.5,2.63,US Census ACS,2023,https://data.census.gov
84108,Salt Lake City,40.6178,-112.023,56.79,59.6,2.26,US Census ACS,2023,https://data.census.gov
84109,Salt Lake City,40.6842,-111.832,44.51,45.7,2.27,US Census ACS,2023,https://data.census.gov
84110,Salt Lake City,40.6812,-111.8502,45.52,44.0,2.26,US Census ACS,2023,https://data.census.gov
84111,Salt Lake City,40.7174,-111.7903,51.75,56.5,2.6,US Census ACS,2023,https://data.census.gov
84112,Salt Lake City,40.8392,-111.8342,48.58,47.3,2.69,US Census ACS,2023,https://data.census.gov
84113,Salt Lake City,40.8892,-111.8919,54.42,45.2,2.11,US Census ACS,2023,https://data.census.gov
84114,Salt Lake City,40.8178,-111.7551,43.85,46.0,2.28,US Census ACS,2023,https://data.census.gov
84115,Salt Lake City,40.8422,-111.9471,44.53,54.6,2.34,US Census ACS,2023,https://data.census.gov
84116,Salt Lake City,40.8637,-111.9126,49.33,57.1,2.87,US Census ACS,2023,https://data.census.gov
84117,Salt Lake City,40.7678,-111.8173,49.8,43.7,2.77,US Census ACS,2023,https://data.census.gov
84118,Salt Lake City,40.7497,-111.8455,53.57,56.4,2.33,US Census ACS,2023,https://data.census.gov
84119,Salt Lake City,40.8466,-111.8149,52.97,43.3,2.74,US Census ACS,2023,https://data.census.gov
84120,Salt Lake City,40.8174,-111.8833,49.15,44.9,2.57,US Census ACS,2023,https://data.census.gov
84121,Salt Lake City,40.7933,-111.7582,50.08,44.5,2.48,US Census ACS,2023,https://data.census.gov
84122,Salt Lake City,40.6815,-111.9512,45.92,45.8,2.37,US Census ACS,2023,https://data.census.gov
84123,Salt Lake City,40.7958,-111.9414,52.71,50.4,2.22,US Census ACS,2023,https://data.census.gov
84124,Salt Lake City,40.7031,-111.7985,45.36,54.4,2.47,US Census ACS,2023,https://data.census.gov
84125,Salt Lake City,40.8587,-111.7259,55.78,43.5,2.91,US Census ACS,2023,https://data.census.gov
84126,Salt Lake City,40.6944,-112.0675,43.84,44.3,2.49,US Census ACS,2023,https://data.census.gov
84127,Salt Lake City,40.7442,-112.0667,50.68,54.4,2.74,US Census ACS,2023,https://data.census.gov
84128,Salt Lake City,40.8542,-111.9549,52.32,46.3,2.8,US Census ACS,2023,https://data.census.gov
84129,Salt Lake City,40.7484,-111.8172,49.44,59.4,2.39,US Census ACS,2023,https://data.census.gov
84130,Salt Lake City,40.7792,-111.7822,46.61,49.8,2.35,US Census ACS,2023,https://data.census.gov
89501,Reno,39.4008,-119.9316,46.45,55.2,2.66,US Census ACS,2023,https://data.census.gov
89502,Reno,39.3829,-119.8015,50.58,60.2,2.9,US Census ACS,2023,https://data.census.gov
89503,Reno,39.6474,-119.9435,43.55,59.7,2.72,US Census ACS,2023,https://data.census.gov
89504,Reno,39.5015,-119.7962,51.3,53.6,2.12,US Census ACS,2023,https://data.census.gov
89505,Reno,39.6072,-119.9909,47.39,56.7,2.37,US Census ACS,2023,https://data.census.gov
89506,Reno,39.539,-119.9151,53.55,54.3,2.2,US Census ACS,2023,https://data.census.gov
89507,Reno,39.613,-119.7196,54.25,46.8,2.64,US Census ACS,2023,https://data.census.gov
89508,Reno,39.4903,-119.9834,54.44,48.8,2.56,US Census ACS,2023,https://data.census.gov
89509,Reno,39.4744,-119.7708,44.14,55.6,2.84,US Census ACS,2023,https://data.census.gov
89510,Reno,39.4756,-119.6483,49.26,48.4,2.86,US Census ACS,2023,https://data.census.gov
89511,Reno,39.6468,-119.9826,51.22,55.0,2.6,US Census ACS,2023,https://data.census.gov
89512,Reno,39.6637,-119.9181,47.88,58.8,2.48,US Census ACS,2023,https://data.census.gov
89513,Reno,39.6736,-119.6495,47.39,51.9,2.75,US Census ACS,2023,https://data.census.gov
89514,Reno,39.589,-119.9675,42.17,56.6,2.96,US Census ACS,2023,https://data.census.gov
89515,Reno,39.6568,-119.839,54.5,54.5,2.55,US Census ACS,2023,https://data.census.gov
32301,Tallahassee,30.5905,-84.2476,54.7,56.8,2.75,US Census ACS,2023,https://data.census.gov
32302,Tallahassee,30.5402,-84.2703,55.47,41.3,2.44,US Census ACS,2023,https://data.census.gov
32303,Tallahassee,30.3944,-84.1612,45.22,50.7,2.7,US Census ACS,2023,https://data.census.gov
32304,Tallahassee,30.3974,-84.269,48.87,50.4,2.16,US Census ACS,2023,https://data.census.gov
32305,Tallahassee,30.3641,-84.1975,51.99,51.0,2.82,US Census ACS,2023,https://data.census.gov
32306,Tallahassee,30.3177,-84.4342,60.79,55.5,2.41,US Census ACS,2023,https://data.census.gov
32307,Tallahassee,30.3535,-84.1511,51.08,46.5,2.21,US Census ACS,2023,https://data.census.gov
32308,Tallahassee,30.3849,-84.2306,47.07,38.5,2.34,US Census ACS,2023,https://data.census.gov
32309,Tallahassee,30.4286,-84.2102,46.76,42.6,2.48,US Census ACS,2023,https://data.census.gov
32310,Tallahassee,30.5122,-84.4036,52.81,51.2,2.8,US Census ACS,2023,https://data.census.gov
32311,Tallahassee,30.3031,-84.3612,48.28,51.8,2.89,US Census ACS,2023,https://data.census.gov
32312,Tallahassee,30.3315,-84.1262,50.29,45.7,2.63,US Census ACS,2023,https://data.census.gov
32313,Tallahassee,30.4697,-84.3331,56.04,45.9,2.34,US Census ACS,2023,https://data.census.gov
32314,Tallahassee,30.5859,-84.2822,49.97,50.5,2.08,US Census ACS,2023,https://data.census.gov
32315,Tallahassee,30.4252,-84.1236,43.4,56.6,2.22,US Census ACS,2023,https://data.census.gov
32601,Gainesville,29.5759,-82.3427,59.05,55.7,2.25,US Census ACS,2023,https://data.census.gov
32602,Gainesville,29.7319,-82.1685,46.37,40.7,2.91,US Census ACS,2023,https://data.census.gov
32603,Gainesville,29.5254,-82.2665,55.06,43.8,2.67,US Census ACS,2023,https://data.census.gov
32604,Gainesville,29.5349,-82.1629,60.72,50.9,2.12,US Census ACS,2023,https://data.census.gov
32605,Gainesville,29.7162,-82.2602,60.2,56.0,2.71,US Census ACS,2023,https://data.census.gov
32606,Gainesville,29.5085,-82.4095,50.02,48.2,2.19,US Census ACS,2023,https://data.census.gov
32607,Gainesville,29.7182,-82.455,58.93,52.1,2.92,US Census ACS,2023,https://data.census.gov
32608,Gainesville,29.5656,-82.3986,46.85,40.9,2.28,US Census ACS,2023,https://data.census.gov
32609,Gainesville,29.6681,-82.1764,61.2,45.2,2.83,US Census ACS,2023,https://data.census.gov
32610,Gainesville,29.7204,-82.4582,51.48,42.7,2.07,US Census ACS,2023,https://data.census.gov
32611,Gainesville,29.7424,-82.4406,58.57,46.1,2.79,US Census ACS,2023,https://data.census.gov
32612,Gainesville,29.6499,-82.2905,46.42,44.6,2.33,US Census ACS,2023,https://data.census.gov
32613,Gainesville,29.7811,-82.2597,61.57,45.1,2.14,US Census ACS,2023,https://data.census.gov
32614,Gainesville,29.5171,-82.286,60.85,42.0,2.74,US Census ACS,2023,https://data.census.gov
32615,Gainesville,29.5239,-82.2676,60.34,38.9,2.63,US Census ACS,2023,https://data.census.gov
34201,Bradenton,27.5224,-82.5544,40.25,65.4,2.35,US Census ACS,2023,https://data.census.gov
34202,Bradenton,27.5379,-82.6255,38.95,65.2,2.4,US Census ACS,2023,https://data.census.gov
34203,Bradenton,27.3712,-82.6118,31.76,60.5,2.16,US Census ACS,2023,https://data.census.gov
34204,Bradenton,27.6075,-82.486,36.99,65.2,2.26,US Census ACS,2023,https://data.census.gov
34205,Bradenton,27.6163,-82.5212,42.68,59.6,2.37,US Census ACS,2023,https://data.census.gov
34206,Bradenton,27.5039,-82.5677,31.66,62.0,2.8,US Census ACS,2023,https://data.census.gov
34207,Bradenton,27.4793,-82.4632,32.15,56.2,2.96,US Census ACS,2023,https://data.census.gov
34208,Bradenton,27.4071,-82.6673,39.99,64.6,2.15,US Census ACS,2023,https://data.census.gov
34209,Bradenton,27.5284,-82.4593,40.68,54.8,2.66,US Census ACS,2023,https://data.census.gov
34210,Bradenton,27.5195,-82.7443,35.77,56.4,2.14,US Census ACS,2023,https://data.census.gov
34211,Bradenton,27.5849,-82.4356,43.61,60.0,2.46,US Census ACS,2023,https://data.census.gov
34212,Bradenton,27.5312,-82.7127,33.69,65.2,2.8,US Census ACS,2023,https://data.census.gov
34213,Bradenton,27.4925,-82.5154,36.3,54.9,2.66,US Census ACS,2023,https://data.census.gov
34214,Bradenton,27.5645,-82.7151,32.75,58.8,2.73,US Census ACS,2023,https://data.census.gov
34215,Bradenton,27.4423,-82.4399,32.58,64.0,2.77,US Census ACS,2023,https://data.census.gov
34101,Naples,26.0832,-81.9686,34.76,61.2,2.27,US Census ACS,2023,https://data.census.gov
34102,Naples,26.1254,-81.9501,31.16,66.8,2.52,US Census ACS,2023,https://data.census.gov
34103,Naples,26.272,-81.9541,39.07,59.8,2.57,US Census ACS,2023,https://data.census.gov
34104,Naples,26.2264,-81.898,37.75,65.0,2.22,US Census ACS,2023,https://data.census.gov
34105,Naples,26.1227,-81.8102,32.46,59.9,2.71,US Census ACS,2023,https://data.census.gov
34106,Naples,26.0522,-81.8199,36.97,63.0,2.47,US Census ACS,2023,https://data.census.gov
34107,Naples,26.2024,-81.6868,37.29,66.6,2.73,US Census ACS,2023,https://data.census.gov
34108,Naples,26.1194,-81.6176,35.81,69.0,2.82,US Census ACS,2023,https://data.census.gov
34109,Naples,26.2919,-81.7136,33.28,61.8,2.85,US Census ACS,2023,https://data.census.gov
34110,Naples,26.2087,-81.9122,38.66,65.3,2.42,US Census ACS,2023,https://data.census.gov
34111,Naples,26.1317,-81.655,32.27,66.1,2.35,US Census ACS,2023,https://data.census.gov
34112,Naples,26.2823,-81.7252,29.28,69.6,2.3,US Census ACS,2023,https://data.census.gov
34113,Naples,26.2828,-81.9213,38.88,69.1,2.94,US Census ACS,2023,https://data.census.gov
34114,Naples,26.1011,-81.9585,34.56,65.1,2.88,US Census ACS,2023,https://data.census.gov
34115,Naples,26.1366,-81.9444,39.98,60.0,2.45,US Census ACS,2023,https://data.census.gov
33901,Fort Myers,26.5658,-81.8248,46.09,58.3,2.59,US Census ACS,2023,https://data.census.gov
33902,Fort Myers,26.7253,-81.6952,33.99,65.2,2.28,US Census ACS,2023,https://data.census.gov
33903,Fort Myers,26.5693,-81.8814,47.28,63.1,2.71,US Census ACS,2023,https://data.census.gov
33904,Fort Myers,26.7609,-81.8204,41.85,55.8,2.89,US Census ACS,2023,https://data.census.gov
33905,Fort Myers,26.6128,-81.9642,38.14,63.8,2.55,US Census ACS,2023,https://data.census.gov
33906,Fort Myers,26.6223,-81.7403,40.62,52.9,2.39,US Census ACS,2023,https://data.census.gov
33907,Fort Myers,26.7652,-82.0271,33.74,54.7,2.26,US Census ACS,2023,https://data.census.gov
33908,Fort Myers,26.6913,-82.009,45.45,58.0,2.14,US Census ACS,2023,https://data.census.gov
33909,Fort Myers,26.5124,-81.8548,43.64,58.0,2.78,US Census ACS,2023,https://data.census.gov
33910,Fort Myers,26.6152,-81.8194,44.34,66.2,2.24,US Census ACS,2023,https://data.census.gov
33911,Fort Myers,26.6955,-82.0171,38.6,53.4,2.49,US Census ACS,2023,https://data.census.gov
33912,Fort Myers,26.7652,-81.9255,38.31,57.3,2.27,US Census ACS,2023,https://data.census.gov
33913,Fort Myers,26.6781,-81.9457,36.77,65.0,2.48,US Census ACS,2023,https://data.census.gov
33914,Fort Myers,26.7557,-81.9375,34.24,54.5,2.1,US Census ACS,2023,https://data.census.gov
33915,Fort Myers,26.7142,-81.8661,33.41,55.6,2.56,US Census ACS,2023,https://data.census.gov
29401,Charleston,32.8378,-79.9581,44.73,56.5,2.26,US Census ACS,2023,https://data.census.gov
29402,Charleston,32.7984,-80.0783,44.46,53.8,2.46,US Census ACS,2023,https://data.census.gov
29403,Charleston,32.7493,-80.0996,41.73,52.7,2.52,US Census ACS,2023,https://data.census.gov
29404,Charleston,32.8686,-79.902,41.9,53.1,2.2,US Census ACS,2023,https://data.census.gov
29405,Charleston,32.6568,-79.8185,52.55,57.5,2.16,US Census ACS,2023,https://data.census.gov
29406,Charleston,32.7558,-79.8329,45.66,56.5,2.73,US Census ACS,2023,https://data.census.gov
29407,Charleston,32.6832,-79.7675,41.08,60.9,2.37,US Census ACS,2023,https://data.census.gov
29408,Charleston,32.9212,-79.9332,39.77,48.5,2.11,US Census ACS,2023,https://data.census.gov
29409,Charleston,32.7374,-80.0304,50.87,58.9,2.15,US Census ACS,2023,https://data.census.gov
29410,Charleston,32.6646,-79.8561,52.47,53.8,2.69,US Census ACS,2023,https://data.census.gov
29411,Charleston,32.6555,-79.961,38.96,51.5,2.12,US Census ACS,2023,https://data.census.gov
29412,Charleston,32.784,-80.086,40.81,48.9,2.78,US Census ACS,2023,https://data.census.gov
29413,Charleston,32.8466,-80.0877,51.42,54.9,2.78,US Census ACS,2023,https://data.census.gov
29414,Charleston,32.6435,-80.0742,40.19,50.3,2.43,US Census ACS,2023,https://data.census.gov
29415,Charleston,32.8374,-80.0955,39.09,61.6,2.61,US Census ACS,2023,https://data.census.gov
29416,Charleston,32.7279,-79.7631,49.29,47.6,2.71,US Census ACS,2023,https://data.census.gov
29417,Charleston,32.7218,-79.8965,48.56,55.5,2.72,US Census ACS,2023,https://data.census.gov
29418,Charleston,32.7093,-79.8765,41.2,54.8,2.87,US Census ACS,2023,https://data.census.gov
29419,Charleston,32.763,-80.0967,49.17,49.9,2.1,US Census ACS,2023,https://data.census.gov
29420,Charleston,32.8974,-80.0862,49.8,59.0,2.88,US Census ACS,2023,https://data.census.gov
29601,Greenville,34.7105,-82.5104,45.69,61.2,2.67,US Census ACS,2023,https://data.census.gov
29602,Greenville,34.9545,-82.3343,48.42,47.8,2.53,US Census ACS,2023,https://data.census.gov
29603,Greenville,34.9081,-82.4877,42.17,50.8,2.21,US Census ACS,2023,https://data.census.gov
29604,Greenville,34.7513,-82.3972,43.79,55.4,2.9,US Census ACS,2023,https://data.census.gov
29605,Greenville,34.8501,-82.2702,52.03,62.1,2.85,US Census ACS,2023,https://data.census.gov
29606,Greenville,34.715,-82.555,42.73,51.5,2.18,US Census ACS,2023,https://data.census.gov
29607,Greenville,34.9625,-82.2166,38.13,49.1,2.92,US Census ACS,2023,https://data.census.gov
29608,Greenville,34.9785,-82.2244,50.43,58.7,2.3,US Census ACS,2023,https://data.census.gov
29609,Greenville,34.7826,-82.5169,46.05,62.1,2.16,US Census ACS,2023,https://data.census.gov
29610,Greenville,34.9734,-82.2151,45.99,54.1,2.93,US Census ACS,2023,https://data.census.gov
29611,Greenville,34.8064,-82.2351,42.79,58.0,2.56,US Census ACS,2023,https://data.census.gov
29612,Greenville,34.946,-82.2401,51.55,52.6,2.81,US Census ACS,2023,https://data.census.gov
29613,Greenville,34.7493,-82.3711,52.19,54.3,2.29,US Census ACS,2023,https://data.census.gov
29614,Greenville,34.7388,-82.5453,46.93,52.3,2.32,US Census ACS,2023,https://data.census.gov
29615,Greenville,34.8471,-82.2164,38.73,58.5,2.49,US Census ACS,2023,https://data.census.gov
29616,Greenville,34.9207,-82.5295,40.85,53.1,2.37,US Census ACS,2023,https://data.census.gov
29617,Greenville,34.8917,-82.5078,47.21,48.5,2.39,US Census ACS,2023,https://data.census.gov
29618,Greenville,34.8045,-82.453,42.43,52.3,2.17,US Census ACS,2023,https://data.census.gov
29619,Greenville,34.7132,-82.5286,43.03,60.6,2.35,US Census ACS,2023,https://data.census.gov
29620,Greenville,34.7837,-82.4538,48.63,61.8,2.55,US Census ACS,2023,https://data.census.gov
29201,Columbia SC,33.9151,-81.0628,42.84,56.5,2.7,US Census ACS,2023,https://data.census.gov
29202,Columbia SC,34.0366,-81.0949,47.17,46.8,2.65,US Census ACS,2023,https://data.census.gov
29203,Columbia SC,34.1143,-81.2031,40.29,58.1,2.58,US Census ACS,2023,https://data.census.gov
29204,Columbia SC,33.944,-81.045,53.28,57.1,2.55,US Census ACS,2023,https://data.census.gov
29205,Columbia SC,33.9654,-81.0432,41.96,55.7,2.86,US Census ACS,2023,https://data.census.gov
29206,Columbia SC,34.0438,-80.9795,47.3,46.5,2.18,US Census ACS,2023,https://data.census.gov
29207,Columbia SC,33.9863,-81.0268,51.22,52.4,2.46,US Census ACS,2023,https://data.census.gov
29208,Columbia SC,33.8914,-81.1355,43.22,56.6,2.95,US Census ACS,2023,https://data.census.gov
29209,Columbia SC,34.0882,-81.0932,47.79,44.0,2.77,US Census ACS,2023,https://data.census.gov
29210,Columbia SC,33.9085,-80.8851,49.61,59.3,2.89,US Census ACS,2023,https://data.census.gov
29211,Columbia SC,33.8665,-80.9504,42.91,57.0,2.94,US Census ACS,2023,https://data.census.gov
29212,Columbia SC,33.9038,-81.0049,56.91,47.5,2.4,US Census ACS,2023,https://data.census.gov
29213,Columbia SC,34.1246,-81.0741,45.38,55.4,2.11,US Census ACS,2023,https://data.census.gov
29214,Columbia SC,34.0972,-81.1769,40.23,60.1,2.63,US Census ACS,2023,https://data.census.gov
29215,Columbia SC,34.0429,-81.0454,45.71,42.9,2.42,US Census ACS,2023,https://data.census.gov
29216,Columbia SC,34.0369,-81.0253,50.75,47.8,2.22,US Census ACS,2023,https://data.census.gov
29217,Columbia SC,34.0824,-80.8984,49.29,46.1,2.96,US Census ACS,2023,https://data.census.gov
29218,Columbia SC,33.9306,-80.9884,40.26,55.4,2.36,US Census ACS,2023,https://data.census.gov
29219,Columbia SC,34.1067,-81.1547,51.0,57.3,2.71,US Census ACS,2023,https://data.census.gov
29220,Columbia SC,33.862,-81.0269,54.82,45.8,2.82,US Census ACS,2023,https://data.census.gov
28801,Asheville,35.573,-82.678,45.83,56.6,2.97,US Census ACS,2023,https://data.census.gov
28802,Asheville,35.7064,-82.6224,56.1,49.9,2.09,US Census ACS,2023,https://data.census.gov
28803,Asheville,35.5252,-82.6693,52.85,58.4,2.43,US Census ACS,2023,https://data.census.gov
28804,Asheville,35.6788,-82.4915,43.72,54.1,2.67,US Census ACS,2023,https://data.census.gov
28805,Asheville,35.6534,-82.4921,46.94,59.8,2.81,US Census ACS,2023,https://data.census.gov
28806,Asheville,35.4896,-82.6949,51.84,59.3,2.9,US Census ACS,2023,https://data.census.gov
28807,Asheville,35.7407,-82.5032,55.79,56.1,2.38,US Census ACS,2023,https://data.census.gov
28808,Asheville,35.5171,-82.6369,48.31,43.5,2.25,US Census ACS,2023,https://data.census.gov
28809,Asheville,35.4711,-82.5963,40.68,51.6,2.1,US Census ACS,2023,https://data.census.gov
28810,Asheville,35.5202,-82.5261,49.42,43.4,2.67,US Census ACS,2023,https://data.census.gov
28811,Asheville,35.6102,-82.5894,56.23,52.7,2.58,US Census ACS,2023,https://data.census.gov
28812,Asheville,35.6689,-82.6992,43.34,43.1,2.41,US Census ACS,2023,https://data.census.gov
28813,Asheville,35.504,-82.524,42.51,55.6,2.53,US Census ACS,2023,https://data.census.gov
28814,Asheville,35.6386,-82.4758,54.6,46.2,2.29,US Census ACS,2023,https://data.census.gov
28815,Asheville,35.6241,-82.497,50.34,45.4,2.29,US Census ACS,2023,https://data.census.gov
28401,Wilmington,34.3649,-78.0166,50.79,60.1,2.1,US Census ACS,2023,https://data.census.gov
28402,Wilmington,34.1659,-77.8993,44.49,60.5,2.56,US Census ACS,2023,https://data.census.gov
28403,Wilmington,34.2612,-77.8858,45.8,54.0,2.56,US Census ACS,2023,https://data.census.gov
28404,Wilmington,34.2521,-77.8046,39.47,52.5,2.19,US Census ACS,2023,https://data.census.gov
28405,Wilmington,34.0912,-77.9694,48.62,54.0,2.56,US Census ACS,2023,https://data.census.gov
28406,Wilmington,34.2061,-77.9729,49.32,58.0,2.36,US Census ACS,2023,https://data.census.gov
28407,Wilmington,34.3221,-77.826,45.51,56.9,2.93,US Census ACS,2023,https://data.census.gov
28408,Wilmington,34.3666,-77.8505,45.33,57.8,2.76,US Census ACS,2023,https://data.census.gov
28409,Wilmington,34.2809,-77.9844,42.68,59.1,2.66,US Census ACS,2023,https://data.census.gov
28410,Wilmington,34.205,-77.7853,54.8,58.4,2.19,US Census ACS,2023,https://data.census.gov
28411,Wilmington,34.3567,-77.9451,51.17,56.0,2.79,US Census ACS,2023,https://data.census.gov
28412,Wilmington,34.3258,-77.8794,52.52,54.6,2.38,US Census ACS,2023,https://data.census.gov
28413,Wilmington,34.3283,-77.8124,44.81,46.4,2.67,US Census ACS,2023,https://data.census.gov
28414,Wilmington,34.2851,-78.0868,49.22,58.3,2.9,US Census ACS,2023,https://data.census.gov
28415,Wilmington,34.2604,-78.0358,39.04,61.2,2.11,US Census ACS,2023,https://data.census.gov
27101,Winston-Salem,35.9973,-80.1492,37.54,59.5,2.29,US Census ACS,2023,https://data.census.gov
27102,Winston-Salem,36.0029,-80.4242,46.73,62.1,2.97,US Census ACS,2023,https://data.census.gov
27103,Winston-Salem,36.223,-80.168,40.01,60.1,2.23,US Census ACS,2023,https://data.census.gov
27104,Winston-Salem,35.985,-80.1287,46.43,57.5,2.35,US Census ACS,2023,https://data.census.gov
27105,Winston-Salem,36.2445,-80.2856,48.08,49.9,2.08,US Census ACS,2023,https://data.census.gov
27106,Winston-Salem,36.2495,-80.2037,44.95,50.3,2.15,US Census ACS,2023,https://data.census.gov
27107,Winston-Salem,36.1911,-80.345,51.5,55.0,2.39,US Census ACS,2023,https://data.census.gov
27108,Winston-Salem,36.2195,-80.0711,44.23,59.5,2.3,US Census ACS,2023,https://data.census.gov
27109,Winston-Salem,36.0873,-80.3974,44.99,53.4,2.82,US Census ACS,2023,https://data.census.gov
27110,Winston-Salem,36.2393,-80.3048,41.5,50.8,2.13,US Census ACS,2023,https://data.census.gov
27111,Winston-Salem,36.1759,-80.2725,49.68,50.7,2.26,US Census ACS,2023,https://data.census.gov
27112,Winston-Salem,36.0104,-80.1828,40.11,50.3,2.16,US Census ACS,2023,https://data.census.gov
27113,Winston-Salem,35.9638,-80.3199,49.12,58.1,2.75,US Census ACS,2023,https://data.census.gov
27114,Winston-Salem,36.0353,-80.0996,44.95,51.0,2.86,US Census ACS,2023,https://data.census.gov
27115,Winston-Salem,36.1689,-80.3089,45.45,52.4,2.84,US Census ACS,2023,https://data.census.gov
27401,Greensboro,35.9595,-79.8407,54.77,48.3,2.29,US Census ACS,2023,https://data.census.gov
27402,Greensboro,36.0916,-79.887,51.39,50.7,2.94,US Census ACS,2023,https://data.census.gov
27403,Greensboro,36.0934,-79.8383,50.35,49.4,2.43,US Census ACS,2023,https://data.census.gov
27404,Greensboro,36.1839,-79.8369,51.61,53.3,2.95,US Census ACS,2023,https://data.census.gov
27405,Greensboro,36.1583,-79.7881,40.46,50.4,2.78,US Census ACS,2023,https://data.census.gov
27406,Greensboro,36.1104,-79.9492,48.91,48.8,2.1,US Census ACS,2023,https://data.census.gov
27407,Greensboro,36.1398,-79.8158,45.12,49.1,2.47,US Census ACS,2023,https://data.census.gov
27408,Greensboro,36.1592,-79.6758,45.45,60.4,2.47,US Census ACS,2023,https://data.census.gov
27409,Greensboro,36.0295,-79.7582,41.3,51.1,2.49,US Census ACS,2023,https://data.census.gov
27410,Greensboro,35.9436,-79.9177,39.51,59.9,2.84,US Census ACS,2023,https://data.census.gov
27411,Greensboro,35.9339,-79.9034,49.88,55.3,2.14,US Census ACS,2023,https://data.census.gov
27412,Greensboro,36.0767,-79.9471,39.98,49.2,2.21,US Census ACS,2023,https://data.census.gov
27413,Greensboro,35.9547,-79.684,50.71,57.9,2.12,US Census ACS,2023,https://data.census.gov
27414,Greensboro,36.1511,-79.8327,49.01,46.6,2.85,US Census ACS,2023,https://data.census.gov
27415,Greensboro,35.9316,-79.8185,51.62,52.8,2.13,US Census ACS,2023,https://data.census.gov
43001,Grand Rapids,42.8743,-85.7216,44.73,53.8,2.41,US Census ACS,2023,https://data.census.gov
43002,Grand Rapids,42.8528,-85.5014,43.74,61.2,2.87,US Census ACS,2023,https://data.census.gov
43003,Grand Rapids,42.8491,-85.781,42.67,53.6,2.71,US Census ACS,2023,https://data.census.gov
43004,Grand Rapids,43.0914,-85.5842,47.69,52.9,2.86,US Census ACS,2023,https://data.census.gov
43005,Grand Rapids,42.9423,-85.7296,39.23,55.5,2.76,US Census ACS,2023,https://data.census.gov
43006,Grand Rapids,42.9598,-85.5206,48.82,50.1,2.5,US Census ACS,2023,https://data.census.gov
43007,Grand Rapids,43.0938,-85.8338,49.74,62.1,2.18,US Census ACS,2023,https://data.census.gov
43008,Grand Rapids,42.9741,-85.5531,51.6,54.2,2.95,US Census ACS,2023,https://data.census.gov
43009,Grand Rapids,43.0076,-85.5104,51.33,56.8,2.66,US Census ACS,2023,https://data.census.gov
43010,Grand Rapids,43.079,-85.6645,42.43,50.6,2.66,US Census ACS,2023,https://data.census.gov
43011,Grand Rapids,42.848,-85.6731,47.6,57.0,2.51,US Census ACS,2023,https://data.census.gov
43012,Grand Rapids,42.9436,-85.8077,39.98,62.5,2.71,US Census ACS,2023,https://data.census.gov
43013,Grand Rapids,42.9982,-85.7607,40.97,59.0,2.15,US Census ACS,2023,https://data.census.gov
43014,Grand Rapids,42.9773,-85.6825,48.38,56.1,2.12,US Census ACS,2023,https://data.census.gov
43015,Grand Rapids,43.0342,-85.5218,38.45,56.8,2.81,US Census ACS,2023,https://data.census.gov
48201,Detroit,42.1973,-83.2206,59.06,46.5,2.56,US Census ACS,2023,https://data.census.gov
48202,Detroit,42.4177,-83.0689,43.08,45.1,2.51,US Census ACS,2023,https://data.census.gov
48203,Detroit,42.2453,-82.9203,55.47,53.8,2.86,US Census ACS,2023,https://data.census.gov
48204,Detroit,42.3573,-83.0502,60.64,47.5,2.87,US Census ACS,2023,https://data.census.gov
48205,Detroit,42.3991,-83.0134,56.5,52.9,2.34,US Census ACS,2023,https://data.census.gov
48206,Detroit,42.3306,-83.0813,48.02,55.1,2.86,US Census ACS,2023,https://data.census.gov
48207,Detroit,42.4278,-82.9771,51.08,50.2,2.67,US Census ACS,2023,https://data.census.gov
48208,Detroit,42.302,-83.0174,59.11,52.6,2.33,US Census ACS,2023,https://data.census.gov
48209,Detroit,42.4095,-83.1609,55.05,43.7,2.12,US Census ACS,2023,https://data.census.gov
48210,Detroit,42.3559,-83.1481,56.47,39.1,2.62,US Census ACS,2023,https://data.census.gov
48211,Detroit,42.3471,-82.9015,52.45,49.6,2.69,US Census ACS,2023,https://data.census.gov
48212,Detroit,42.4259,-82.9867,45.37,52.1,2.23,US Census ACS,2023,https://data.census.gov
48213,Detroit,42.2223,-82.9804,59.93,55.6,2.49,US Census ACS,2023,https://data.census.gov
48214,Detroit,42.3393,-83.1273,56.34,46.7,2.68,US Census ACS,2023,https://data.census.gov
48215,Detroit,42.3572,-83.1742,60.11,43.1,2.24,US Census ACS,2023,https://data.census.gov
48216,Detroit,42.1875,-83.005,50.36,54.7,2.55,US Census ACS,2023,https://data.census.gov
48217,Detroit,42.2142,-83.1564,61.03,41.4,2.38,US Census ACS,2023,https://data.census.gov
48218,Detroit,42.235,-82.9388,44.58,47.1,2.4,US Census ACS,2023,https://data.census.gov
48219,Detroit,42.2016,-82.9326,48.52,51.7,2.49,US Census ACS,2023,https://data.census.gov
48220,Detroit,42.216,-82.8858,48.71,50.0,2.44,US Census ACS,2023,https://data.census.gov
48221,Detroit,42.2089,-82.8904,44.57,45.9,2.94,US Census ACS,2023,https://data.census.gov
48222,Detroit,42.3252,-83.0244,59.42,44.7,2.75,US Census ACS,2023,https://data.census.gov
48223,Detroit,42.2834,-83.1586,56.75,38.9,2.38,US Census ACS,2023,https://data.census.gov
48224,Detroit,42.2125,-83.1802,55.68,48.7,2.45,US Census ACS,2023,https://data.census.gov
48225,Detroit,42.2286,-83.0667,60.05,38.6,2.87,US Census ACS,2023,https://data.census.gov
44101,Cleveland,41.4554,-81.6311,58.19,52.9,2.53,US Census ACS,2023,https://data.census.gov
44102,Cleveland,41.351,-81.8176,42.4,44.4,2.29,US Census ACS,2023,https://data.census.gov
44103,Cleveland,41.5309,-81.673,57.03,52.5,2.11,US Census ACS,2023,https://data.census.gov
44104,Cleveland,41.5694,-81.8496,51.76,52.9,2.46,US Census ACS,2023,https://data.census.gov
44105,Cleveland,41.4309,-81.6931,41.84,55.4,2.11,US Census ACS,2023,https://data.census.gov
44106,Cleveland,41.4878,-81.5888,49.35,52.2,2.89,US Census ACS,2023,https://data.census.gov
44107,Cleveland,41.4322,-81.6131,56.7,57.3,2.76,US Census ACS,2023,https://data.census.gov
44108,Cleveland,41.3693,-81.8196,50.66,43.1,2.73,US Census ACS,2023,https://data.census.gov
44109,Cleveland,41.4538,-81.8648,50.51,48.0,2.63,US Census ACS,2023,https://data.census.gov
44110,Cleveland,41.4196,-81.5907,49.07,44.5,2.28,US Census ACS,2023,https://data.census.gov
44111,Cleveland,41.4227,-81.7312,44.26,45.0,2.93,US Census ACS,2023,https://data.census.gov
44112,Cleveland,41.519,-81.8288,55.92,47.4,2.76,US Census ACS,2023,https://data.census.gov
44113,Cleveland,41.6069,-81.5239,42.79,51.8,2.89,US Census ACS,2023,https://data.census.gov
44114,Cleveland,41.6238,-81.8331,45.0,47.8,2.48,US Census ACS,2023,https://data.census.gov
44115,Cleveland,41.3969,-81.6232,56.47,43.3,2.92,US Census ACS,2023,https://data.census.gov
44116,Cleveland,41.64,-81.7835,49.27,45.7,2.6,US Census ACS,2023,https://data.census.gov
44117,Cleveland,41.3571,-81.6929,52.07,44.6,2.9,US Census ACS,2023,https://data.census.gov
44118,Cleveland,41.4846,-81.7242,52.47,47.6,2.09,US Census ACS,2023,https://data.census.gov
44119,Cleveland,41.4413,-81.7524,58.43,48.7,2.83,US Census ACS,2023,https://data.census.gov
44120,Cleveland,41.3535,-81.5433,53.19,47.8,2.39,US Census ACS,2023,https://data.census.gov
45201,Cincinnati,39.0155,-84.3903,52.26,53.6,2.57,US Census ACS,2023,https://data.census.gov
45202,Cincinnati,39.1867,-84.3378,46.75,51.9,2.8,US Census ACS,2023,https://data.census.gov
45203,Cincinnati,39.0536,-84.6602,43.2,58.5,2.28,US Census ACS,2023,https://data.census.gov
45204,Cincinnati,39.1058,-84.4079,56.91,44.1,2.8,US Census ACS,2023,https://data.census.gov
45205,Cincinnati,39.1155,-84.5335,40.02,52.2,2.4,US Census ACS,2023,https://data.census.gov
45206,Cincinnati,38.9712,-84.6044,51.53,55.8,2.29,US Census ACS,2023,https://data.census.gov
45207,Cincinnati,39.208,-84.3521,41.64,50.3,2.97,US Census ACS,2023,https://data.census.gov
45208,Cincinnati,39.2018,-84.5587,42.38,48.6,2.61,US Census ACS,2023,https://data.census.gov
45209,Cincinnati,39.2051,-84.6332,40.73,48.9,2.36,US Census ACS,2023,https://data.census.gov
45210,Cincinnati,39.0084,-84.3704,56.65,52.4,2.66,US Census ACS,2023,https://data.census.gov
45211,Cincinnati,39.2116,-84.4967,54.82,50.6,2.81,US Census ACS,2023,https://data.census.gov
45212,Cincinnati,38.9616,-84.5632,48.14,46.4,2.18,US Census ACS,2023,https://data.census.gov
45213,Cincinnati,39.0754,-84.6851,40.05,49.3,2.89,US Census ACS,2023,https://data.census.gov
45214,Cincinnati,39.1589,-84.6154,54.5,45.9,2.54,US Census ACS,2023,https://data.census.gov
45215,Cincinnati,39.165,-84.399,40.88,56.3,2.91,US Census ACS,2023,https://data.census.gov
45216,Cincinnati,39.0157,-84.5888,52.78,50.3,2.26,US Census ACS,2023,https://data.census.gov
45217,Cincinnati,39.1828,-84.5521,53.58,49.8,2.16,US Census ACS,2023,https://data.census.gov
45218,Cincinnati,39.0353,-84.5898,46.47,52.0,2.37,US Census ACS,2023,https://data.census.gov
45219,Cincinnati,39.1363,-84.5017,45.56,47.9,2.97,US Census ACS,2023,https://data.census.gov
45220,Cincinnati,39.0779,-84.4413,41.95,57.2,2.13,US Census ACS,2023,https://data.census.gov
15201,Pittsburgh,40.4524,-79.9771,52.22,50.2,2.92,US Census ACS,2023,https://data.census.gov
15202,Pittsburgh,40.5581,-79.9257,45.62,59.9,2.38,US Census ACS,2023,https://data.census.gov
15203,Pittsburgh,40.3635,-80.0336,45.83,49.6,2.75,US Census ACS,2023,https://data.census.gov
15204,Pittsburgh,40.3473,-80.0178,53.61,43.5,2.77,US Census ACS,2023,https://data.census.gov
15205,Pittsburgh,40.3558,-79.9812,49.96,50.3,2.23,US Census ACS,2023,https://data.census.gov
15206,Pittsburgh,40.3223,-79.8985,41.65,45.0,2.39,US Census ACS,2023,https://data.census.gov
15207,Pittsburgh,40.3241,-80.0968,40.18,47.3,2.89,US Census ACS,2023,https://data.census.gov
15208,Pittsburgh,40.5668,-80.0882,49.3,48.0,2.09,US Census ACS,2023,https://data.census.gov
15209,Pittsburgh,40.4743,-80.1519,50.38,45.4,2.38,US Census ACS,2023,https://data.census.gov
15210,Pittsburgh,40.4457,-79.9638,49.23,48.7,2.96,US Census ACS,2023,https://data.census.gov
15211,Pittsburgh,40.3792,-79.884,52.04,49.0,2.73,US Census ACS,2023,https://data.census.gov
15212,Pittsburgh,40.5621,-80.0021,40.51,47.7,2.27,US Census ACS,2023,https://data.census.gov
15213,Pittsburgh,40.554,-79.9498,46.62,51.1,2.67,US Census ACS,2023,https://data.census.gov
15214,Pittsburgh,40.3166,-79.9746,49.25,55.4,2.22,US Census ACS,2023,https://data.census.gov
15215,Pittsburgh,40.41,-79.8984,49.26,59.1,2.4,US Census ACS,2023,https://data.census.gov
15216,Pittsburgh,40.4183,-80.127,42.71,46.4,2.91,US Census ACS,2023,https://data.census.gov
15217,Pittsburgh,40.3513,-80.0798,51.54,54.3,2.11,US Census ACS,2023,https://data.census.gov
15218,Pittsburgh,40.297,-80.0886,43.7,54.9,2.44,US Census ACS,2023,https://data.census.gov
15219,Pittsburgh,40.4321,-80.0909,54.64,58.2,2.71,US Census ACS,2023,https://data.census.gov
15220,Pittsburgh,40.5455,-79.824,46.96,44.2,2.13,US Census ACS,2023,https://data.census.gov
02901,Providence,41.6886,-71.4873,50.42,39.0,2.22,US Census ACS,2023,https://data.census.gov
02902,Providence,41.925,-71.3528,49.73,42.8,2.64,US Census ACS,2023,https://data.census.gov
02903,Providence,41.8031,-71.3068,57.66,50.8,2.14,US Census ACS,2023,https://data.census.gov
02904,Providence,41.9018,-71.2444,54.34,41.7,2.35,US Census ACS,2023,https://data.census.gov
02905,Providence,41.9237,-71.4427,52.38,48.0,2.62,US Census ACS,2023,https://data.census.gov
02906,Providence,41.674,-71.479,57.57,47.4,2.62,US Census ACS,2023,https://data.census.gov
02907,Providence,41.735,-71.3862,59.86,38.8,2.54,US Census ACS,2023,https://data.census.gov
02908,Providence,41.847,-71.3514,50.07,55.2,2.87,US Census ACS,2023,https://data.census.gov
02909,Providence,41.8401,-71.4123,50.74,56.6,2.38,US Census ACS,2023,https://data.census.gov
02910,Providence,41.7101,-71.4958,58.07,50.6,2.42,US Census ACS,2023,https://data.census.gov
02911,Providence,41.8589,-71.5509,51.71,52.8,2.25,US Census ACS,2023,https://data.census.gov
02912,Providence,41.7267,-71.4433,45.17,49.6,2.15,US Census ACS,2023,https://data.census.gov
02913,Providence,41.9216,-71.4887,46.48,46.4,2.54,US Census ACS,2023,https://data.census.gov
02914,Providence,41.9424,-71.2618,44.72,50.7,2.45,US Census ACS,2023,https://data.census.gov
02915,Providence,41.9646,-71.4094,46.39,54.1,2.19,US Census ACS,2023,https://data.census.gov
06101,Hartford,41.852,-72.6067,48.62,48.8,2.89,US Census ACS,2023,https://data.census.gov
06102,Hartford,41.7674,-72.5334,41.84,52.4,2.9,US Census ACS,2023,https://data.census.gov
06103,Hartford,41.8517,-72.8215,57.2,56.5,2.51,US Census ACS,2023,https://data.census.gov
06104,Hartford,41.7749,-72.6497,43.97,47.2,2.78,US Census ACS,2023,https://data.census.gov
06105,Hartford,41.7886,-72.7471,47.91,51.9,2.17,US Census ACS,2023,https://data.census.gov
06106,Hartford,41.8591,-72.8545,47.77,50.2,2.85,US Census ACS,2023,https://data.census.gov
06107,Hartford,41.8736,-72.7358,46.57,56.0,2.09,US Census ACS,2023,https://data.census.gov
06108,Hartford,41.8232,-72.6952,57.7,55.0,2.87,US Census ACS,2023,https://data.census.gov
06109,Hartford,41.8731,-72.7441,45.2,48.3,2.11,US Census ACS,2023,https://data.census.gov
06110,Hartford,41.8755,-72.7274,45.51,56.9,2.14,US Census ACS,2023,https://data.census.gov
06111,Hartford,41.7231,-72.6872,52.9,43.2,2.25,US Census ACS,2023,https://data.census.gov
06112,Hartford,41.8704,-72.6832,57.48,44.0,2.38,US Census ACS,2023,https://data.census.gov
06113,Hartford,41.7682,-72.5119,52.69,48.4,2.4,US Census ACS,2023,https://data.census.gov
06114,Hartford,41.8081,-72.6731,44.05,40.9,2.26,US Census ACS,2023,https://data.census.gov
06115,Hartford,41.6548,-72.7291,53.52,45.6,2.21,US Census ACS,2023,https://data.census.gov
13201,Syracuse,43.0458,-76.2187,48.0,52.2,2.97,US Census ACS,2023,https://data.census.gov
13202,Syracuse,43.1113,-76.0913,44.09,56.9,2.84,US Census ACS,2023,https://data.census.gov
13203,Syracuse,43.0189,-76.1631,58.55,54.1,2.84,US Census ACS,2023,https://data.census.gov
13204,Syracuse,43.0695,-76.1434,59.21,55.7,2.38,US Census ACS,2023,https://data.census.gov
13205,Syracuse,43.1546,-75.972,43.56,50.8,2.52,US Census ACS,2023,https://data.census.gov
13206,Syracuse,43.0608,-76.302,43.27,57.8,2.54,US Census ACS,2023,https://data.census.gov
13207,Syracuse,43.1056,-76.0005,58.84,48.2,2.81,US Census ACS,2023,https://data.census.gov
13208,Syracuse,42.9504,-76.0265,59.11,42.1,2.55,US Census ACS,2023,https://data.census.gov
13209,Syracuse,43.0588,-76.107,46.29,53.7,2.92,US Census ACS,2023,https://data.census.gov
13210,Syracuse,43.0808,-76.0087,42.06,58.3,2.32,US Census ACS,2023,https://data.census.gov
13211,Syracuse,43.1012,-76.2866,57.98,42.4,2.15,US Census ACS,2023,https://data.census.gov
13212,Syracuse,43.0903,-76.2432,53.93,49.5,2.81,US Census ACS,2023,https://data.census.gov
13213,Syracuse,43.0426,-76.1731,58.36,50.3,2.53,US Census ACS,2023,https://data.census.gov
13214,Syracuse,43.0321,-75.9805,50.46,50.1,2.1,US Census ACS,2023,https://data.census.gov
13215,Syracuse,43.1131,-76.2484,58.34,53.5,2.9,US Census ACS,2023,https://data.census.gov
14601,Rochester,43.2324,-77.5741,59.0,43.7,2.61,US Census ACS,2023,https://data.census.gov
14602,Rochester,43.2999,-77.5609,57.43,52.3,2.9,US Census ACS,2023,https://data.census.gov
14603,Rochester,43.219,-77.6987,46.98,40.9,2.66,US Census ACS,2023,https://data.census.gov
14604,Rochester,43.0244,-77.6337,50.07,58.3,2.49,US Census ACS,2023,https://data.census.gov
14605,Rochester,43.2342,-77.5454,56.31,41.3,2.74,US Census ACS,2023,https://data.census.gov
14606,Rochester,43.0173,-77.7037,53.63,44.2,2.32,US Census ACS,2023,https://data.census.gov
14607,Rochester,43.198,-77.6964,50.02,42.2,2.57,US Census ACS,2023,https://data.census.gov
14608,Rochester,43.0127,-77.6433,58.34,42.7,2.35,US Census ACS,2023,https://data.census.gov
14609,Rochester,43.1293,-77.6597,52.67,41.2,2.93,US Census ACS,2023,https://data.census.gov
14610,Rochester,43.0485,-77.4909,48.38,50.6,2.84,US Census ACS,2023,https://data.census.gov
14611,Rochester,43.016,-77.6971,50.91,41.5,2.97,US Census ACS,2023,https://data.census.gov
14612,Rochester,43.2691,-77.5385,49.36,50.9,2.89,US Census ACS,2023,https://data.census.gov
14613,Rochester,43.1696,-77.5655,47.23,46.0,2.18,US Census ACS,2023,https://data.census.gov
14614,Rochester,43.1531,-77.7712,52.65,42.1,2.68,US Census ACS,2023,https://data.census.gov
14615,Rochester,43.2199,-77.4738,46.02,53.8,2.52,US Census ACS,2023,https://data.census.gov
14201,Buffalo,43.0176,-79.0061,55.72,47.2,2.92,US Census ACS,2023,https://data.census.gov
14202,Buffalo,42.7703,-78.7556,56.98,39.4,2.18,US Census ACS,2023,https://data.census.gov
14203,Buffalo,42.9612,-78.7407,45.78,55.9,2.68,US Census ACS,2023,https://data.census.gov
14204,Buffalo,42.8122,-78.8327,60.37,44.8,2.9,US Census ACS,2023,https://data.census.gov
14205,Buffalo,42.9099,-78.9059,61.22,49.0,2.13,US Census ACS,2023,https://data.census.gov
14206,Buffalo,42.7579,-78.7402,59.19,44.5,2.73,US Census ACS,2023,https://data.census.gov
14207,Buffalo,43.0005,-78.9477,51.7,43.9,2.93,US Census ACS,2023,https://data.census.gov
14208,Buffalo,42.9388,-79.0249,43.36,44.2,2.79,US Census ACS,2023,https://data.census.gov
14209,Buffalo,43.0004,-78.9587,55.99,49.6,2.27,US Census ACS,2023,https://data.census.gov
14210,Buffalo,42.7699,-78.9534,60.47,44.8,2.97,US Census ACS,2023,https://data.census.gov
14211,Buffalo,42.7398,-78.9726,49.61,52.3,2.56,US Census ACS,2023,https://data.census.gov
14212,Buffalo,42.9702,-78.8329,58.65,46.6,2.31,US Census ACS,2023,https://data.census.gov
14213,Buffalo,42.8028,-78.9216,51.16,52.5,2.86,US Census ACS,2023,https://data.census.gov
14214,Buffalo,42.9193,-79.0486,47.39,56.8,2.7,US Census ACS,2023,https://data.census.gov
14215,Buffalo,42.9497,-78.8541,60.91,40.2,2.86,US Census ACS,2023,https://data.census.gov
99501,Anchorage,61.2239,-149.7788,48.34,50.4,2.29,US Census ACS,2023,https://data.census.gov
99502,Anchorage,61.1348,-149.9297,42.35,57.3,2.94,US Census ACS,2023,https://data.census.gov
99503,Anchorage,61.3439,-149.7859,43.65,61.1,2.37,US Census ACS,2023,https://data.census.gov
99504,Anchorage,61.0994,-150.0187,48.5,60.1,2.39,US Census ACS,2023,https://data.census.gov
99505,Anchorage,61.1344,-149.8803,48.5,53.3,2.94,US Census ACS,2023,https://data.census.gov
99506,Anchorage,61.1651,-149.7952,49.77,63.2,2.72,US Census ACS,2023,https://data.census.gov
99507,Anchorage,61.357,-149.7265,49.53,55.9,2.17,US Census ACS,2023,https://data.census.gov
99508,Anchorage,61.3087,-149.9868,47.2,53.5,2.15,US Census ACS,2023,https://data.census.gov
99509,Anchorage,61.2596,-150.0544,35.78,56.3,2.54,US Census ACS,2023,https://data.census.gov
99510,Anchorage,61.2513,-149.7347,48.88,56.7,2.69,US Census ACS,2023,https://data.census.gov
96801,Honolulu,21.4344,-157.8729,50.33,54.4,2.35,US Census ACS,2023,https://data.census.gov
96802,Honolulu,21.1685,-157.912,47.27,40.6,2.24,US Census ACS,2023,https://data.census.gov
96803,Honolulu,21.2913,-157.7544,57.78,51.1,2.96,US Census ACS,2023,https://data.census.gov
96804,Honolulu,21.3188,-157.7852,63.71,46.4,2.88,US Census ACS,2023,https://data.census.gov
96805,Honolulu,21.3697,-157.7216,58.72,48.5,2.33,US Census ACS,2023,https://data.census.gov
96806,Honolulu,21.3152,-157.7718,49.95,49.6,2.07,US Census ACS,2023,https://data.census.gov
96807,Honolulu,21.4447,-157.7036,53.91,36.8,2.2,US Census ACS,2023,https://data.census.gov
96808,Honolulu,21.1859,-157.7462,47.59,38.0,2.22,US Census ACS,2023,https://data.census.gov
96809,Honolulu,21.2634,-157.9212,51.91,42.7,2.51,US Census ACS,2023,https://data.census.gov
96810,Honolulu,21.4019,-157.8454,59.52,48.0,2.87,US Census ACS,2023,https://data.census.gov
76101,Fort Worth,32.7547,-97.1585,53.66,51.3,2.41,US Census ACS,2023,https://data.census.gov
76102,Fort Worth,32.6582,-97.2675,51.97,44.0,2.8,US Census ACS,2023,https://data.census.gov
76103,Fort Worth,32.7886,-97.1679,52.55,51.9,2.66,US Census ACS,2023,https://data.census.gov
76104,Fort Worth,32.7475,-97.3862,56.99,48.7,2.28,US Census ACS,2023,https://data.census.gov
76105,Fort Worth,32.9002,-97.2705,57.72,41.5,2.48,US Census ACS,2023,https://data.census.gov
76106,Fort Worth,32.8599,-97.4859,52.93,43.4,2.25,US Census ACS,2023,https://data.census.gov
76107,Fort Worth,32.8788,-97.2149,56.53,43.7,2.68,US Census ACS,2023,https://data.census.gov
76108,Fort Worth,32.7816,-97.2837,43.84,55.8,2.7,US Census ACS,2023,https://data.census.gov
76109,Fort Worth,32.6143,-97.3858,55.83,57.0,2.47,US Census ACS,2023,https://data.census.gov
76110,Fort Worth,32.7352,-97.3326,48.71,52.5,2.46,US Census ACS,2023,https://data.census.gov
76111,Fort Worth,32.8995,-97.311,55.97,52.8,2.11,US Census ACS,2023,https://data.census.gov
76112,Fort Worth,32.7093,-97.5105,58.99,47.1,2.82,US Census ACS,2023,https://data.census.gov
76113,Fort Worth,32.7693,-97.4406,49.39,40.9,2.44,US Census ACS,2023,https://data.census.gov
76114,Fort Worth,32.8259,-97.2174,42.62,49.3,2.34,US Census ACS,2023,https://data.census.gov
76115,Fort Worth,32.8768,-97.1927,44.46,50.8,2.09,US Census ACS,2023,https://data.census.gov
78401,Corpus Christi,27.7965,-97.2803,38.74,46.6,2.82,US Census ACS,2023,https://data.census.gov
78402,Corpus Christi,27.8657,-97.2384,47.08,45.6,2.26,US Census ACS,2023,https://data.census.gov
78403,Corpus Christi,27.8911,-97.5661,38.14,47.8,2.78,US Census ACS,2023,https://data.census.gov
78404,Corpus Christi,27.8449,-97.4315,46.64,46.5,2.23,US Census ACS,2023,https://data.census.gov
78405,Corpus Christi,27.6976,-97.5432,43.31,51.9,2.08,US Census ACS,2023,https://data.census.gov
78406,Corpus Christi,27.8832,-97.2819,52.85,49.8,2.73,US Census ACS,2023,https://data.census.gov
78407,Corpus Christi,27.8981,-97.3536,47.82,45.7,2.92,US Census ACS,2023,https://data.census.gov
78408,Corpus Christi,27.8209,-97.5554,54.3,50.6,2.54,US Census ACS,2023,https://data.census.gov
78409,Corpus Christi,27.8942,-97.4693,44.97,47.2,2.76,US Census ACS,2023,https://data.census.gov
78410,Corpus Christi,27.8702,-97.2471,43.89,58.8,2.47,US Census ACS,2023,https://data.census.gov
78411,Corpus Christi,27.846,-97.3758,43.04,53.9,2.18,US Census ACS,2023,https://data.census.gov
78412,Corpus Christi,27.7306,-97.4006,41.71,45.7,2.48,US Census ACS,2023,https://data.census.gov
78413,Corpus Christi,27.8118,-97.3349,38.78,55.4,2.37,US Census ACS,2023,https://data.census.gov
78414,Corpus Christi,27.8473,-97.3811,44.57,58.4,2.52,US Census ACS,2023,https://data.census.gov
78415,Corpus Christi,27.862,-97.2876,39.27,46.8,2.62,US Census ACS,2023,https://data.census.gov
79401,Lubbock,33.5153,-101.7663,53.7,52.3,2.81,US Census ACS,2023,https://data.census.gov
79402,Lubbock,33.7197,-102.015,39.63,49.8,2.24,US Census ACS,2023,https://data.census.gov
79403,Lubbock,33.5141,-101.7007,48.53,53.5,2.32,US Census ACS,2023,https://data.census.gov
79404,Lubbock,33.6251,-101.988,40.82,61.4,2.92,US Census ACS,2023,https://data.census.gov
79405,Lubbock,33.6265,-101.9366,48.6,51.2,2.94,US Census ACS,2023,https://data.census.gov
79406,Lubbock,33.522,-101.6911,42.75,60.6,2.46,US Census ACS,2023,https://data.census.gov
79407,Lubbock,33.5654,-101.9654,46.52,45.4,2.92,US Census ACS,2023,https://data.census.gov
79408,Lubbock,33.4399,-101.7233,54.42,50.6,2.18,US Census ACS,2023,https://data.census.gov
79409,Lubbock,33.6062,-101.936,41.81,60.9,2.82,US Census ACS,2023,https://data.census.gov
79410,Lubbock,33.6885,-101.9207,39.48,46.3,2.76,US Census ACS,2023,https://data.census.gov
79101,Amarillo,35.119,-101.738,43.11,53.1,2.52,US Census ACS,2023,https://data.census.gov
79102,Amarillo,35.1821,-101.8009,44.7,61.7,2.85,US Census ACS,2023,https://data.census.gov
79103,Amarillo,35.28,-101.7577,46.37,54.9,2.07,US Census ACS,2023,https://data.census.gov
79104,Amarillo,35.2449,-101.8237,40.9,57.3,2.29,US Census ACS,2023,https://data.census.gov
79105,Amarillo,35.1416,-101.7652,44.0,52.4,2.63,US Census ACS,2023,https://data.census.gov
79106,Amarillo,35.0753,-101.959,49.08,57.5,2.46,US Census ACS,2023,https://data.census.gov
79107,Amarillo,35.2465,-101.9093,48.66,57.1,2.11,US Census ACS,2023,https://data.census.gov
79108,Amarillo,35.3533,-102.0021,40.45,57.1,2.54,US Census ACS,2023,https://data.census.gov
79109,Amarillo,35.3543,-101.6868,46.45,62.8,2.65,US Census ACS,2023,https://data.census.gov
79110,Amarillo,35.2963,-101.8671,50.51,51.3,2.77,US Census ACS,2023,https://data.census.gov
76201,Denton,33.2099,-97.0283,58.18,55.6,2.7,US Census ACS,2023,https://data.census.gov
76202,Denton,33.1825,-97.2035,47.01,44.2,2.97,US Census ACS,2023,https://data.census.gov
76203,Denton,33.135,-97.2498,43.69,55.2,2.65,US Census ACS,2023,https://data.census.gov
76204,Denton,33.1825,-97.0021,50.55,49.4,2.21,US Census ACS,2023,https://data.census.gov
76205,Denton,33.0919,-97.2902,51.97,42.7,2.75,US Census ACS,2023,https://data.census.gov
76206,Denton,33.2081,-97.0504,55.92,46.9,2.48,US Census ACS,2023,https://data.census.gov
76207,Denton,33.1922,-97.0169,44.45,56.7,2.56,US Census ACS,2023,https://data.census.gov
76208,Denton,33.1471,-96.9693,43.47,54.0,2.49,US Census ACS,2023,https://data.census.gov
76209,Denton,33.2857,-97.0391,60.47,46.0,2.52,US Census ACS,2023,https://data.census.gov
76210,Denton,33.2026,-96.9928,55.27,39.0,2.67,US Census ACS,2023,https://data.census.gov
75401,Greenville TX,33.1181,-96.1485,48.44,43.2,2.3,US Census ACS,2023,https://data.census.gov
75402,Greenville TX,33.1258,-96.0154,45.23,48.8,2.75,US Census ACS,2023,https://data.census.gov
75403,Greenville TX,33.1463,-96.0361,54.95,44.4,2.89,US Census ACS,2023,https://data.census.gov
75404,Greenville TX,33.2625,-96.1611,53.64,54.5,2.86,US Census ACS,2023,https://data.census.gov
75405,Greenville TX,33.2091,-96.2445,46.16,44.8,2.44,US Census ACS,2023,https://data.census.gov
75406,Greenville TX,33.055,-96.173,46.4,46.0,2.91,US Census ACS,2023,https://data.census.gov
75407,Greenville TX,33.2114,-96.043,51.74,52.2,2.79,US Census ACS,2023,https://data.census.gov
75408,Greenville TX,33.114,-96.1377,55.62,50.0,2.53,US Census ACS,2023,https://data.census.gov
75409,Greenville TX,33.065,-96.1166,43.32,40.0,2.09,US Census ACS,2023,https://data.census.gov
75410,Greenville TX,33.3071,-95.9658,60.55,55.5,2.07,US Census ACS,2023,https://data.census.gov
36101,Montgomery,32.3959,-86.2919,49.65,46.9,2.42,US Census ACS,2023,https://data.census.gov
36102,Montgomery,32.2358,-86.2049,49.86,57.1,2.7,US Census ACS,2023,https://data.census.gov
36103,Montgomery,32.4886,-86.4499,47.78,46.2,2.85,US Census ACS,2023,https://data.census.gov
36104,Montgomery,32.3342,-86.1669,50.13,47.1,2.19,US Census ACS,2023,https://data.census.gov
36105,Montgomery,32.3037,-86.432,52.75,60.1,2.27,US Census ACS,2023,https://data.census.gov
36106,Montgomery,32.4883,-86.3256,40.12,57.5,2.93,US Census ACS,2023,https://data.census.gov
36107,Montgomery,32.3615,-86.2148,40.56,47.7,2.53,US Census ACS,2023,https://data.census.gov
36108,Montgomery,32.2218,-86.463,47.22,50.2,2.31,US Census ACS,2023,https://data.census.gov
36109,Montgomery,32.2646,-86.1847,51.83,54.7,2.16,US Census ACS,2023,https://data.census.gov
36110,Montgomery,32.4829,-86.4256,45.11,46.3,2.64,US Census ACS,2023,https://data.census.gov
36601,Mobile,30.611,-87.8918,53.14,51.5,2.54,US Census ACS,2023,https://data.census.gov
36602,Mobile,30.5864,-88.2037,45.56,61.2,2.61,US Census ACS,2023,https://data.census.gov
36603,Mobile,30.7569,-88.1984,53.47,56.5,2.7,US Census ACS,2023,https://data.census.gov
36604,Mobile,30.7953,-87.919,47.73,50.9,2.93,US Census ACS,2023,https://data.census.gov
36605,Mobile,30.5644,-88.0322,51.65,53.3,2.08,US Census ACS,2023,https://data.census.gov
36606,Mobile,30.7494,-88.1855,48.89,48.5,2.29,US Census ACS,2023,https://data.census.gov
36607,Mobile,30.6156,-87.9536,52.02,60.1,2.72,US Census ACS,2023,https://data.census.gov
36608,Mobile,30.6756,-88.1351,41.54,56.3,2.59,US Census ACS,2023,https://data.census.gov
36609,Mobile,30.5489,-88.0187,51.42,54.3,2.1,US Census ACS,2023,https://data.census.gov
36610,Mobile,30.5534,-88.1658,51.6,60.5,2.09,US Census ACS,2023,https://data.census.gov
31201,Macon,32.9122,-83.5236,53.57,53.7,2.93,US Census ACS,2023,https://data.census.gov
31202,Macon,32.8308,-83.8022,57.19,51.3,2.84,US Census ACS,2023,https://data.census.gov
31203,Macon,32.881,-83.6344,49.18,50.3,2.1,US Census ACS,2023,https://data.census.gov
31204,Macon,32.8412,-83.5994,58.05,58.2,2.52,US Census ACS,2023,https://data.census.gov
31205,Macon,32.8797,-83.7902,59.2,47.9,2.56,US Census ACS,2023,https://data.census.gov
31206,Macon,32.7735,-83.6513,52.89,57.8,2.21,US Census ACS,2023,https://data.census.gov
31207,Macon,32.934,-83.7794,57.49,53.8,2.11,US Census ACS,2023,https://data.census.gov
31208,Macon,32.7645,-83.4904,44.75,51.4,2.22,US Census ACS,2023,https://data.census.gov
31209,Macon,32.9827,-83.6256,56.53,49.2,2.52,US Census ACS,2023,https://data.census.gov
31210,Macon,32.8647,-83.7167,53.19,44.7,2.62,US Census ACS,2023,https://data.census.gov
30901,Augusta,33.4576,-81.844,45.77,49.3,2.29,US Census ACS,2023,https://data.census.gov
30902,Augusta,33.4432,-82.0922,40.78,52.3,2.27,US Census ACS,2023,https://data.census.gov
30903,Augusta,33.4799,-81.9335,54.63,43.0,2.1,US Census ACS,2023,https://data.census.gov
30904,Augusta,33.3942,-81.9079,47.19,46.9,2.61,US Census ACS,2023,https://data.census.gov
30905,Augusta,33.393,-81.9894,43.08,49.0,2.37,US Census ACS,2023,https://data.census.gov
30906,Augusta,33.3948,-82.168,41.18,46.5,2.95,US Census ACS,2023,https://data.census.gov
30907,Augusta,33.418,-81.9768,54.14,50.8,2.5,US Census ACS,2023,https://data.census.gov
30908,Augusta,33.5507,-82.1129,51.7,53.5,2.84,US Census ACS,2023,https://data.census.gov
30909,Augusta,33.5734,-82.1482,39.86,47.9,2.1,US Census ACS,2023,https://data.census.gov
30910,Augusta,33.5498,-81.9518,47.57,50.3,2.83,US Census ACS,2023,https://data.census.gov
70801,Baton Rouge,30.5762,-91.2582,49.13,55.4,2.19,US Census ACS,2023,https://data.census.gov
70802,Baton Rouge,30.5067,-91.0399,51.5,56.3,2.34,US Census ACS,2023,https://data.census.gov
70803,Baton Rouge,30.5539,-91.1479,52.28,46.4,2.92,US Census ACS,2023,https://data.census.gov
70804,Baton Rouge,30.3378,-91.3183,41.12,51.9,2.38,US Census ACS,2023,https://data.census.gov
70805,Baton Rouge,30.5312,-91.2347,47.94,45.5,2.4,US Census ACS,2023,https://data.census.gov
70806,Baton Rouge,30.5972,-91.0817,41.29,54.0,2.52,US Census ACS,2023,https://data.census.gov
70807,Baton Rouge,30.4069,-91.1238,52.28,58.4,2.75,US Census ACS,2023,https://data.census.gov
70808,Baton Rouge,30.3899,-91.2711,51.86,52.7,2.81,US Census ACS,2023,https://data.census.gov
70809,Baton Rouge,30.5456,-91.3632,48.9,59.0,2.19,US Census ACS,2023,https://data.census.gov
70810,Baton Rouge,30.3322,-91.1683,52.66,46.3,2.76,US Census ACS,2023,https://data.census.gov
70811,Baton Rouge,30.3089,-91.3416,52.54,47.3,2.1,US Census ACS,2023,https://data.census.gov
70812,Baton Rouge,30.4158,-91.2374,40.47,48.8,2.93,US Census ACS,2023,https://data.census.gov
70813,Baton Rouge,30.3226,-91.3601,54.47,56.6,2.25,US Census ACS,2023,https://data.census.gov
70814,Baton Rouge,30.5252,-91.3368,47.47,53.5,2.71,US Census ACS,2023,https://data.census.gov
70815,Baton Rouge,30.5757,-91.0282,55.79,45.8,2.1,US Census ACS,2023,https://data.census.gov
71101,Shreveport,32.5358,-93.8159,49.05,53.0,2.25,US Census ACS,2023,https://data.census.gov
71102,Shreveport,32.4687,-93.6927,50.6,52.2,2.74,US Census ACS,2023,https://data.census.gov
71103,Shreveport,32.6235,-93.7468,40.42,50.5,2.08,US Census ACS,2023,https://data.census.gov
71104,Shreveport,32.5257,-93.9166,40.5,60.0,2.48,US Census ACS,2023,https://data.census.gov
71105,Shreveport,32.4053,-93.7802,40.1,55.5,2.31,US Census ACS,2023,https://data.census.gov
71106,Shreveport,32.4774,-93.6079,53.14,51.1,2.25,US Census ACS,2023,https://data.census.gov
71107,Shreveport,32.58,-93.6863,53.0,43.0,2.59,US Census ACS,2023,https://data.census.gov
71108,Shreveport,32.4673,-93.6525,49.49,50.7,2.73,US Census ACS,2023,https://data.census.gov
71109,Shreveport,32.5288,-93.7222,55.84,54.0,2.24,US Census ACS,2023,https://data.census.gov
71110,Shreveport,32.6259,-93.6311,40.48,59.3,2.93,US Census ACS,2023,https://data.census.gov
70501,Lafayette,30.3512,-92.1268,50.01,53.6,2.27,US Census ACS,2023,https://data.census.gov
70502,Lafayette,30.3597,-92.1401,54.62,54.6,2.22,US Census ACS,2023,https://data.census.gov
70503,Lafayette,30.2337,-92.0247,53.4,60.3,2.69,US Census ACS,2023,https://data.census.gov
70504,Lafayette,30.183,-91.9374,47.98,51.2,2.33,US Census ACS,2023,https://data.census.gov
70505,Lafayette,30.3388,-92.1054,43.43,52.6,2.08,US Census ACS,2023,https://data.census.gov
70506,Lafayette,30.0771,-92.1089,45.09,60.5,2.43,US Census ACS,2023,https://data.census.gov
70507,Lafayette,30.3403,-92.1842,38.78,51.7,2.94,US Census ACS,2023,https://data.census.gov
70508,Lafayette,30.295,-92.1503,53.98,48.3,2.94,US Census ACS,2023,https://data.census.gov
70509,Lafayette,30.1123,-92.1867,45.73,60.5,2.62,US Census ACS,2023,https://data.census.gov
70510,Lafayette,30.088,-92.1943,47.54,59.4,2.13,US Census ACS,2023,https://data.census.gov
74101,Tulsa,36.1745,-96.0746,41.11,58.5,2.09,US Census ACS,2023,https://data.census.gov
74102,Tulsa,36.1187,-95.8542,40.75,49.5,2.37,US Census ACS,2023,https://data.census.gov
74103,Tulsa,36.0864,-95.8175,49.19,56.8,2.2,US Census ACS,2023,https://data.census.gov
74104,Tulsa,36.166,-96.0692,51.4,59.5,2.96,US Census ACS,2023,https://data.census.gov
74105,Tulsa,36.2434,-95.8459,54.35,54.4,2.25,US Census ACS,2023,https://data.census.gov
74106,Tulsa,36.0844,-96.0303,40.12,54.2,2.74,US Census ACS,2023,https://data.census.gov
74107,Tulsa,36.2812,-95.9983,52.83,59.0,2.93,US Census ACS,2023,https://data.census.gov
74108,Tulsa,36.2384,-95.9567,44.23,58.5,2.25,US Census ACS,2023,https://data.census.gov
74109,Tulsa,36.0999,-96.1434,46.43,57.0,2.63,US Census ACS,2023,https://data.census.gov
74110,Tulsa,36.0791,-96.0878,52.31,49.6,2.92,US Census ACS,2023,https://data.census.gov
74111,Tulsa,36.1083,-96.0022,52.67,58.2,2.37,US Census ACS,2023,https://data.census.gov
74112,Tulsa,36.116,-95.9311,39.63,56.0,2.43,US Census ACS,2023,https://data.census.gov
74113,Tulsa,36.151,-95.9039,40.59,47.6,2.62,US Census ACS,2023,https://data.census.gov
74114,Tulsa,36.2011,-95.9272,41.87,57.9,2.38,US Census ACS,2023,https://data.census.gov
74115,Tulsa,36.2697,-95.9837,50.74,46.1,2.58,US Census ACS,2023,https://data.census.gov
67201,Wichita,37.5655,-97.2979,36.59,60.3,2.39,US Census ACS,2023,https://data.census.gov
67202,Wichita,37.5796,-97.2017,45.34,52.2,2.53,US Census ACS,2023,https://data.census.gov
67203,Wichita,37.8148,-97.3073,44.11,58.9,2.93,US Census ACS,2023,https://data.census.gov
67204,Wichita,37.5886,-97.4371,52.42,55.6,2.89,US Census ACS,2023,https://data.census.gov
67205,Wichita,37.5617,-97.1932,49.31,52.5,2.83,US Census ACS,2023,https://data.census.gov
67206,Wichita,37.6108,-97.3717,52.38,50.1,2.68,US Census ACS,2023,https://data.census.gov
67207,Wichita,37.7449,-97.4853,42.63,51.3,2.65,US Census ACS,2023,https://data.census.gov
67208,Wichita,37.5525,-97.2897,48.33,54.2,2.19,US Census ACS,2023,https://data.census.gov
67209,Wichita,37.652,-97.4215,51.74,54.0,2.87,US Census ACS,2023,https://data.census.gov
67210,Wichita,37.7183,-97.3327,44.3,49.4,2.78,US Census ACS,2023,https://data.census.gov
57101,Sioux Falls,43.6647,-96.8655,41.62,56.1,2.48,US Census ACS,2023,https://data.census.gov
57102,Sioux Falls,43.4412,-96.7373,39.75,52.6,2.46,US Census ACS,2023,https://data.census.gov
57103,Sioux Falls,43.5347,-96.7066,41.3,50.6,2.4,US Census ACS,2023,https://data.census.gov
57104,Sioux Falls,43.5353,-96.6422,50.0,64.7,2.41,US Census ACS,2023,https://data.census.gov
57105,Sioux Falls,43.5328,-96.6177,48.21,57.7,2.18,US Census ACS,2023,https://data.census.gov
57106,Sioux Falls,43.4462,-96.7464,39.65,62.7,2.23,US Census ACS,2023,https://data.census.gov
57107,Sioux Falls,43.5053,-96.735,42.74,62.1,2.2,US Census ACS,2023,https://data.census.gov
57108,Sioux Falls,43.6601,-96.5606,41.59,58.1,2.76,US Census ACS,2023,https://data.census.gov
57109,Sioux Falls,43.5044,-96.8466,42.72,54.8,2.26,US Census ACS,2023,https://data.census.gov
57110,Sioux Falls,43.4048,-96.7543,36.23,61.7,2.85,US Census ACS,2023,https://data.census.gov
58101,Fargo,46.8219,-96.8051,51.7,59.0,2.51,US Census ACS,2023,https://data.census.gov
58102,Fargo,46.9293,-96.9542,50.4,57.4,2.68,US Census ACS,2023,https://data.census.gov
58103,Fargo,46.8685,-96.96,40.95,61.1,2.7,US Census ACS,2023,https://data.census.gov
58104,Fargo,46.854,-96.8947,37.46,60.4,2.29,US Census ACS,2023,https://data.census.gov
58105,Fargo,46.7526,-96.6571,47.74,53.6,2.42,US Census ACS,2023,https://data.census.gov
58106,Fargo,46.7333,-96.9637,51.85,51.5,2.8,US Census ACS,2023,https://data.census.gov
58107,Fargo,46.834,-96.6454,39.72,57.8,2.71,US Census ACS,2023,https://data.census.gov
58108,Fargo,46.7681,-96.6802,44.16,63.2,2.1,US Census ACS,2023,https://data.census.gov
58109,Fargo,46.9197,-96.6369,38.23,57.7,2.73,US Census ACS,2023,https://data.census.gov
58110,Fargo,46.8312,-96.8584,51.03,58.8,2.24,US Census ACS,2023,https://data.census.gov
59101,Billings,45.7226,-108.5036,44.52,59.6,2.73,US Census ACS,2023,https://data.census.gov
59102,Billings,45.7348,-108.5551,49.08,58.9,2.12,US Census ACS,2023,https://data.census.gov
59103,Billings,45.8289,-108.4262,38.62,63.8,2.34,US Census ACS,2023,https://data.census.gov
59104,Billings,45.9326,-108.4693,47.35,56.2,2.15,US Census ACS,2023,https://data.census.gov
59105,Billings,45.6543,-108.569,42.4,56.0,2.83,US Census ACS,2023,https://data.census.gov
59106,Billings,45.7321,-108.3896,48.72,56.2,2.47,US Census ACS,2023,https://data.census.gov
59107,Billings,45.6753,-108.3374,47.07,54.6,2.74,US Census ACS,2023,https://data.census.gov
59108,Billings,45.9179,-108.4563,47.24,58.6,2.35,US Census ACS,2023,https://data.census.gov
59109,Billings,45.925,-108.4504,43.09,52.1,2.94,US Census ACS,2023,https://data.census.gov
59110,Billings,45.8482,-108.3526,46.39,55.5,2.94,US Census ACS,2023,https://data.census.gov
59715,Bozeman,45.82,-111.0576,44.73,58.9,2.26,US Census ACS,2023,https://data.census.gov
59716,Bozeman,45.6464,-111.0746,45.51,55.4,2.85,US Census ACS,2023,https://data.census.gov
59717,Bozeman,45.6607,-111.0085,54.49,47.3,2.52,US Census ACS,2023,https://data.census.gov
59718,Bozeman,45.5657,-111.215,42.62,50.3,2.93,US Census ACS,2023,https://data.census.gov
59719,Bozeman,45.7141,-110.925,45.26,45.6,2.29,US Census ACS,2023,https://data.census.gov
59720,Bozeman,45.7795,-110.9759,41.96,49.3,2.38,US Census ACS,2023,https://data.census.gov
59721,Bozeman,45.7382,-111.0428,53.92,51.9,2.56,US Census ACS,2023,https://data.census.gov
59722,Bozeman,45.5393,-111.1085,53.32,47.1,2.42,US Census ACS,2023,https://data.census.gov
59723,Bozeman,45.6453,-111.0969,43.3,54.4,2.55,US Census ACS,2023,https://data.census.gov
59724,Bozeman,45.5952,-111.2139,47.56,50.2,2.32,US Census ACS,2023,https://data.census.gov
50301,Des Moines,41.5086,-93.7149,50.42,59.6,2.92,US Census ACS,2023,https://data.census.gov
50302,Des Moines,41.5788,-93.6806,43.09,55.6,2.25,US Census ACS,2023,https://data.census.gov
50303,Des Moines,41.6731,-93.4509,39.47,61.1,2.67,US Census ACS,2023,https://data.census.gov
50304,Des Moines,41.4961,-93.6251,39.28,61.3,2.96,US Census ACS,2023,https://data.census.gov
50305,Des Moines,41.67,-93.6116,51.64,61.1,2.9,US Census ACS,2023,https://data.census.gov
50306,Des Moines,41.5114,-93.5099,47.8,60.4,2.41,US Census ACS,2023,https://data.census.gov
50307,Des Moines,41.7073,-93.527,50.23,50.9,2.29,US Census ACS,2023,https://data.census.gov
50308,Des Moines,41.6494,-93.6248,39.36,61.7,2.73,US Census ACS,2023,https://data.census.gov
50309,Des Moines,41.6649,-93.6598,52.3,56.3,2.32,US Census ACS,2023,https://data.census.gov
50310,Des Moines,41.4964,-93.5153,50.9,57.2,2.14,US Census ACS,2023,https://data.census.gov
50311,Des Moines,41.6239,-93.6891,49.74,62.3,2.49,US Census ACS,2023,https://data.census.gov
50312,Des Moines,41.5786,-93.5743,52.37,51.0,2.33,US Census ACS,2023,https://data.census.gov
50313,Des Moines,41.6442,-93.4532,50.04,56.3,2.18,US Census ACS,2023,https://data.census.gov
50314,Des Moines,41.5605,-93.5765,51.12,49.8,2.78,US Census ACS,2023,https://data.census.gov
50315,Des Moines,41.6548,-93.4897,41.87,49.6,2.69,US Census ACS,2023,https://data.census.gov
52401,Cedar Rapids,41.8816,-91.536,47.82,54.4,2.72,US Census ACS,2023,https://data.census.gov
52402,Cedar Rapids,41.9925,-91.6004,44.85,57.6,2.5,US Census ACS,2023,https://data.census.gov
52403,Cedar Rapids,41.962,-91.7474,45.85,65.0,2.83,US Census ACS,2023,https://data.census.gov
52404,Cedar Rapids,41.9366,-91.5163,44.56,53.0,2.52,US Census ACS,2023,https://data.census.gov
52405,Cedar Rapids,42.1062,-91.7485,39.05,63.2,2.78,US Census ACS,2023,https://data.census.gov
52406,Cedar Rapids,42.0435,-91.6675,37.19,63.3,2.89,US Census ACS,2023,https://data.census.gov
52407,Cedar Rapids,42.1199,-91.6108,38.45,53.9,2.85,US Census ACS,2023,https://data.census.gov
52408,Cedar Rapids,41.9025,-91.6681,41.18,63.5,2.89,US Census ACS,2023,https://data.census.gov
52409,Cedar Rapids,42.079,-91.5166,45.62,54.2,2.95,US Census ACS,2023,https://data.census.gov
52410,Cedar Rapids,42.0351,-91.543,38.82,59.4,2.74,US Census ACS,2023,https://data.census.gov
66101,Kansas City KS,39.1364,-94.499,50.71,56.0,2.87,US Census ACS,2023,https://data.census.gov
66102,Kansas City KS,39.0606,-94.6368,51.7,45.8,2.36,US Census ACS,2023,https://data.census.gov
66103,Kansas City KS,39.034,-94.5227,43.88,57.2,2.61,US Census ACS,2023,https://data.census.gov
66104,Kansas City KS,39.2453,-94.4841,51.63,56.2,2.19,US Census ACS,2023,https://data.census.gov
66105,Kansas City KS,39.2634,-94.5186,45.63,43.4,2.34,US Census ACS,2023,https://data.census.gov
66106,Kansas City KS,39.0409,-94.6519,53.33,39.5,2.14,US Census ACS,2023,https://data.census.gov
66107,Kansas City KS,39.0177,-94.4766,50.37,41.8,2.51,US Census ACS,2023,https://data.census.gov
66108,Kansas City KS,38.9962,-94.578,49.28,40.9,2.64,US Census ACS,2023,https://data.census.gov
66109,Kansas City KS,39.2597,-94.7773,54.61,50.9,2.18,US Census ACS,2023,https://data.census.gov
66110,Kansas City KS,39.1839,-94.5731,52.96,56.9,2.92,US Census ACS,2023,https://data.census.gov
68501,Lincoln NE,40.9359,-96.579,50.89,58.2,2.38,US Census ACS,2023,https://data.census.gov
68502,Lincoln NE,40.8606,-96.69,45.03,59.8,2.56,US Census ACS,2023,https://data.census.gov
68503,Lincoln NE,40.7792,-96.5399,47.98,52.8,2.81,US Census ACS,2023,https://data.census.gov
68504,Lincoln NE,40.7621,-96.8301,38.21,54.8,2.41,US Census ACS,2023,https://data.census.gov
68505,Lincoln NE,40.8326,-96.5664,39.71,53.7,2.62,US Census ACS,2023,https://data.census.gov
68506,Lincoln NE,40.755,-96.5533,53.1,49.2,2.25,US Census ACS,2023,https://data.census.gov
68507,Lincoln NE,40.7392,-96.8584,38.81,59.8,2.83,US Census ACS,2023,https://data.census.gov
68508,Lincoln NE,40.8472,-96.8042,46.61,45.5,2.58,US Census ACS,2023,https://data.census.gov
68509,Lincoln NE,40.7477,-96.6747,43.92,55.9,2.81,US Census ACS,2023,https://data.census.gov
68510,Lincoln NE,40.7885,-96.6955,46.76,50.2,2.36,US Census ACS,2023,https://data.census.gov
53701,Madison WI,43.1115,-89.2574,48.8,47.2,2.12,US Census ACS,2023,https://data.census.gov
53702,Madison WI,43.1459,-89.308,53.77,49.6,2.24,US Census ACS,2023,https://data.census.gov
53703,Madison WI,42.968,-89.447,43.5,40.6,2.2,US Census ACS,2023,https://data.census.gov
53704,Madison WI,43.0892,-89.5189,50.73,56.7,2.83,US Census ACS,2023,https://data.census.gov
53705,Madison WI,42.9577,-89.5271,52.28,42.8,2.08,US Census ACS,2023,https://data.census.gov
53706,Madison WI,43.0212,-89.5086,48.47,47.6,2.82,US Census ACS,2023,https://data.census.gov
53707,Madison WI,43.1038,-89.3219,57.41,40.9,2.29,US Census ACS,2023,https://data.census.gov
53708,Madison WI,42.9813,-89.4513,44.84,45.9,2.69,US Census ACS,2023,https://data.census.gov
53709,Madison WI,43.1809,-89.5727,45.44,45.6,2.5,US Census ACS,2023,https://data.census.gov
53710,Madison WI,43.0885,-89.2825,52.32,42.4,2.8,US Census ACS,2023,https://data.census.gov
53711,Madison WI,43.1248,-89.4847,46.67,55.2,2.23,US Census ACS,2023,https://data.census.gov
53712,Madison WI,43.142,-89.2285,48.42,43.9,2.51,US Census ACS,2023,https://data.census.gov
53713,Madison WI,43.1649,-89.4684,47.46,43.6,2.34,US Census ACS,2023,https://data.census.gov
53714,Madison WI,42.9325,-89.2533,58.82,49.3,2.96,US Census ACS,2023,https://data.census.gov
53715,Madison WI,43.0923,-89.5347,59.87,55.8,2.12,US Census ACS,2023,https://data.census.gov
54301,Green Bay,44.5754,-88.1087,47.63,56.6,2.34,US Census ACS,2023,https://data.census.gov
54302,Green Bay,44.6095,-88.0614,48.75,63.5,2.87,US Census ACS,2023,https://data.census.gov
54303,Green Bay,44.4123,-88.1275,42.21,51.6,2.13,US Census ACS,2023,https://data.census.gov
54304,Green Bay,44.5143,-87.8681,35.08,50.9,2.65,US Census ACS,2023,https://data.census.gov
54305,Green Bay,44.6082,-88.1399,40.5,62.1,2.88,US Census ACS,2023,https://data.census.gov
54306,Green Bay,44.5735,-87.9856,36.49,55.2,2.52,US Census ACS,2023,https://data.census.gov
54307,Green Bay,44.4297,-87.9844,45.19,65.0,2.35,US Census ACS,2023,https://data.census.gov
54308,Green Bay,44.4101,-87.9208,40.95,58.2,2.84,US Census ACS,2023,https://data.census.gov
54309,Green Bay,44.5047,-87.9614,48.96,53.2,2.86,US Census ACS,2023,https://data.census.gov
54310,Green Bay,44.5906,-88.0885,35.43,58.4,2.89,US Census ACS,2023,https://data.census.gov
47201,Columbus IN,39.3389,-86.052,54.46,43.3,2.89,US Census ACS,2023,https://data.census.gov
47202,Columbus IN,39.2979,-85.8772,44.57,41.8,2.39,US Census ACS,2023,https://data.census.gov
47203,Columbus IN,39.0799,-85.9561,44.31,49.7,2.81,US Census ACS,2023,https://data.census.gov
47204,Columbus IN,39.1234,-85.804,52.98,48.5,2.73,US Census ACS,2023,https://data.census.gov
47205,Columbus IN,39.1461,-85.8341,47.81,39.6,2.79,US Census ACS,2023,https://data.census.gov
47206,Columbus IN,39.2813,-86.0424,49.63,47.7,2.77,US Census ACS,2023,https://data.census.gov
47207,Columbus IN,39.0835,-85.8065,60.2,51.4,2.73,US Census ACS,2023,https://data.census.gov
47208,Columbus IN,39.2302,-85.9562,43.46,52.2,2.13,US Census ACS,2023,https://data.census.gov
47209,Columbus IN,39.0581,-85.903,48.87,52.8,2.32,US Census ACS,2023,https://data.census.gov
47210,Columbus IN,39.1773,-85.7527,55.94,44.5,2.47,US Census ACS,2023,https://data.census.gov
46801,Fort Wayne,41.1968,-84.96,40.83,54.8,2.35,US Census ACS,2023,https://data.census.gov
46802,Fort Wayne,41.2061,-85.2366,39.99,53.8,2.92,US Census ACS,2023,https://data.census.gov
46803,Fort Wayne,41.1311,-85.0959,38.61,61.8,2.3,US Census ACS,2023,https://data.census.gov
46804,Fort Wayne,41.2302,-85.0068,37.88,50.0,2.59,US Census ACS,2023,https://data.census.gov
46805,Fort Wayne,41.0117,-85.2626,45.91,59.5,2.4,US Census ACS,2023,https://data.census.gov
46806,Fort Wayne,41.1451,-85.2343,47.41,62.6,2.14,US Census ACS,2023,https://data.census.gov
46807,Fort Wayne,41.2443,-84.9516,45.63,58.4,2.36,US Census ACS,2023,https://data.census.gov
46808,Fort Wayne,41.0224,-84.9804,50.45,63.0,2.75,US Census ACS,2023,https://data.census.gov
46809,Fort Wayne,41.0561,-85.2798,40.75,51.0,2.15,US Census ACS,2023,https://data.census.gov
46810,Fort Wayne,41.0588,-85.0202,43.22,56.8,2.36,US Census ACS,2023,https://data.census.gov
47901,Lafayette IN,40.4308,-86.6989,59.95,52.8,2.64,US Census ACS,2023,https://data.census.gov
47902,Lafayette IN,40.4802,-86.7547,58.45,57.5,2.26,US Census ACS,2023,https://data.census.gov
47903,Lafayette IN,40.4898,-86.9805,46.4,45.9,2.77,US Census ACS,2023,https://data.census.gov
47904,Lafayette IN,40.5311,-86.9986,58.89,42.5,2.92,US Census ACS,2023,https://data.census.gov
47905,Lafayette IN,40.3313,-86.8578,49.92,42.1,2.83,US Census ACS,2023,https://data.census.gov
47906,Lafayette IN,40.3853,-86.7086,49.58,46.6,2.54,US Census ACS,2023,https://data.census.gov
47907,Lafayette IN,40.2707,-86.8772,44.0,54.8,2.93,US Census ACS,2023,https://data.census.gov
47908,Lafayette IN,40.5256,-86.8862,48.48,55.4,2.15,US Census ACS,2023,https://data.census.gov
47909,Lafayette IN,40.5527,-86.8872,57.75,48.0,2.72,US Census ACS,2023,https://data.census.gov
47910,Lafayette IN,40.3805,-87.0086,43.05,53.6,2.88,US Census ACS,2023,https://data.census.gov
47501,Vincennes,38.7083,-87.5371,50.01,56.0,2.77,US Census ACS,2023,https://data.census.gov
47502,Vincennes,38.6583,-87.4345,47.17,53.7,2.63,US Census ACS,2023,https://data.census.gov
47503,Vincennes,38.7918,-87.3584,44.56,46.5,2.58,US Census ACS,2023,https://data.census.gov
47504,Vincennes,38.6575,-87.4223,55.44,40.1,2.6,US Census ACS,2023,https://data.census.gov
47505,Vincennes,38.619,-87.5316,58.05,43.6,2.39,US Census ACS,2023,https://data.census.gov
47506,Vincennes,38.5733,-87.5124,47.47,53.7,2.68,US Census ACS,2023,https://data.census.gov
47507,Vincennes,38.765,-87.6093,59.86,52.4,2.61,US Census ACS,2023,https://data.census.gov
47508,Vincennes,38.8205,-87.6649,46.9,43.6,2.36,US Census ACS,2023,https://data.census.gov
47509,Vincennes,38.6576,-87.4466,47.9,56.0,2.09,US Census ACS,2023,https://data.census.gov
47510,Vincennes,38.7536,-87.3799,60.81,42.5,2.86,US Census ACS,2023,https://data.census.gov
40601,Lexington,38.006,-84.5784,51.93,58.1,2.38,US Census ACS,2023,https://data.census.gov
40602,Lexington,38.1332,-84.486,43.48,50.6,2.25,US Census ACS,2023,https://data.census.gov
40603,Lexington,38.1364,-84.4982,38.19,57.7,2.52,US Census ACS,2023,https://data.census.gov
40604,Lexington,38.1782,-84.324,53.14,54.1,2.45,US Census ACS,2023,https://data.census.gov
40605,Lexington,38.0809,-84.3398,41.64,48.5,2.93,US Census ACS,2023,https://data.census.gov
40606,Lexington,38.1198,-84.6788,43.69,61.5,2.47,US Census ACS,2023,https://data.census.gov
40607,Lexington,38.0777,-84.5881,39.38,60.0,2.46,US Census ACS,2023,https://data.census.gov
40608,Lexington,37.9708,-84.4147,49.88,52.8,2.48,US Census ACS,2023,https://data.census.gov
40609,Lexington,38.0465,-84.4889,53.08,56.0,2.68,US Census ACS,2023,https://data.census.gov
40610,Lexington,38.1586,-84.603,52.27,46.9,2.97,US Census ACS,2023,https://data.census.gov
40611,Lexington,37.9947,-84.6519,49.39,55.1,2.93,US Census ACS,2023,https://data.census.gov
40612,Lexington,38.0432,-84.5447,41.73,50.2,2.72,US Census ACS,2023,https://data.census.gov
40613,Lexington,38.1431,-84.5392,53.83,49.3,2.71,US Census ACS,2023,https://data.census.gov
40614,Lexington,37.8913,-84.4176,40.77,51.2,2.38,US Census ACS,2023,https://data.census.gov
40615,Lexington,38.0832,-84.3843,53.04,60.6,2.9,US Census ACS,2023,https://data.census.gov
37660,Kingsport,36.6554,-82.4133,39.42,51.3,2.23,US Census ACS,2023,https://data.census.gov
37661,Kingsport,36.596,-82.5538,50.14,59.2,2.14,US Census ACS,2023,https://data.census.gov
37662,Kingsport,36.6214,-82.41,40.52,54.3,2.41,US Census ACS,2023,https://data.census.gov
37663,Kingsport,36.6844,-82.7363,39.25,53.5,2.97,US Census ACS,2023,https://data.census.gov
37664,Kingsport,36.4909,-82.6425,48.13,57.1,2.74,US Census ACS,2023,https://data.census.gov
37665,Kingsport,36.4456,-82.5524,40.83,55.2,2.72,US Census ACS,2023,https://data.census.gov
37666,Kingsport,36.6568,-82.7302,48.17,52.3,2.88,US Census ACS,2023,https://data.census.gov
37667,Kingsport,36.4232,-82.5806,40.04,61.0,2.8,US Census ACS,2023,https://data.census.gov
37668,Kingsport,36.5526,-82.4312,42.56,52.5,2.09,US Census ACS,2023,https://data.census.gov
37669,Kingsport,36.4969,-82.6474,47.95,55.7,2.37,US Census ACS,2023,https://data.census.gov
37601,Johnson City,36.4091,-82.458,52.01,47.5,2.95,US Census ACS,2023,https://data.census.gov
37602,Johnson City,36.1858,-82.4348,40.59,59.1,2.64,US Census ACS,2023,https://data.census.gov
37603,Johnson City,36.3112,-82.1967,37.47,55.4,2.4,US Census ACS,2023,https://data.census.gov
37604,Johnson City,36.42,-82.4946,49.01,61.3,2.74,US Census ACS,2023,https://data.census.gov
37605,Johnson City,36.3076,-82.3129,41.62,52.2,2.66,US Census ACS,2023,https://data.census.gov
37606,Johnson City,36.3907,-82.3269,38.18,55.6,2.93,US Census ACS,2023,https://data.census.gov
37607,Johnson City,36.2673,-82.254,46.58,55.4,2.8,US Census ACS,2023,https://data.census.gov
37608,Johnson City,36.3732,-82.3433,44.22,48.0,2.53,US Census ACS,2023,https://data.census.gov
37609,Johnson City,36.1947,-82.2876,48.23,51.4,2.62,US Census ACS,2023,https://data.census.gov
37610,Johnson City,36.361,-82.2936,46.9,54.5,2.24,US Census ACS,2023,https://data.census.gov
37201,Nashville,36.0208,-86.6646,46.44,44.3,2.77,US Census ACS,2023,https://data.census.gov
37202,Nashville,36.0437,-86.8936,53.56,44.5,2.92,US Census ACS,2023,https://data.census.gov
37203,Nashville,36.2552,-86.9376,51.27,44.3,2.62,US Census ACS,2023,https://data.census.gov
37204,Nashville,36.061,-86.7206,46.85,52.3,2.31,US Census ACS,2023,https://data.census.gov
37205,Nashville,36.273,-86.7606,43.14,50.0,2.13,US Census ACS,2023,https://data.census.gov
37206,Nashville,36.0539,-86.9444,56.49,44.1,2.71,US Census ACS,2023,https://data.census.gov
37207,Nashville,36.1991,-86.8882,54.43,48.8,2.39,US Census ACS,2023,https://data.census.gov
37208,Nashville,36.1133,-86.8843,53.5,54.1,2.95,US Census ACS,2023,https://data.census.gov
37209,Nashville,36.0776,-86.7782,57.09,42.8,2.58,US Census ACS,2023,https://data.census.gov
37210,Nashville,36.0648,-86.7019,52.21,50.6,2.78,US Census ACS,2023,https://data.census.gov
42101,Bowling Green,36.9433,-86.4594,40.16,54.1,2.15,US Census ACS,2023,https://data.census.gov
42102,Bowling Green,37.091,-86.3387,41.74,55.6,2.69,US Census ACS,2023,https://data.census.gov
42103,Bowling Green,36.8589,-86.5973,41.61,54.1,2.92,US Census ACS,2023,https://data.census.gov
42104,Bowling Green,36.8858,-86.4204,38.64,53.6,2.22,US Census ACS,2023,https://data.census.gov
42105,Bowling Green,36.9149,-86.3951,50.78,59.8,2.27,US Census ACS,2023,https://data.census.gov
42106,Bowling Green,36.9807,-86.5756,43.69,51.8,2.38,US Census ACS,2023,https://data.census.gov
42107,Bowling Green,36.8426,-86.5608,46.16,55.3,2.46,US Census ACS,2023,https://data.census.gov
42108,Bowling Green,36.8899,-86.6549,49.4,62.5,2.2,US Census ACS,2023,https://data.census.gov
42109,Bowling Green,36.8522,-86.3383,48.01,48.3,2.21,US Census ACS,2023,https://data.census.gov
42110,Bowling Green,36.885,-86.4697,44.23,49.4,2.93,US Census ACS,2023,https://data.census.gov
25301,Charleston WV,38.4928,-81.7149,49.5,51.7,2.91,US Census ACS,2023,https://data.census.gov
25302,Charleston WV,38.4804,-81.6704,51.83,40.6,2.86,US Census ACS,2023,https://data.census.gov
25303,Charleston WV,38.3293,-81.619,48.16,53.2,2.13,US Census ACS,2023,https://data.census.gov
25304,Charleston WV,38.4376,-81.4872,56.55,49.7,2.26,US Census ACS,2023,https://data.census.gov
25305,Charleston WV,38.3208,-81.5498,56.92,47.0,2.52,US Census ACS,2023,https://data.census.gov
25306,Charleston WV,38.2937,-81.5395,58.8,44.4,2.66,US Census ACS,2023,https://data.census.gov
25307,Charleston WV,38.4838,-81.5533,49.48,54.7,2.47,US Census ACS,2023,https://data.census.gov
25308,Charleston WV,38.4646,-81.6056,47.21,41.4,2.37,US Census ACS,2023,https://data.census.gov
25309,Charleston WV,38.4046,-81.4693,55.03,47.0,2.3,US Census ACS,2023,https://data.census.gov
25310,Charleston WV,38.4688,-81.4851,52.95,53.7,2.29,US Census ACS,2023,https://data.census.gov
26101,Parkersburg,39.3149,-81.4232,59.28,49.8,2.97,US Census ACS,2023,https://data.census.gov
26102,Parkersburg,39.3786,-81.3911,43.35,51.1,2.85,US Census ACS,2023,https://data.census.gov
26103,Parkersburg,39.2679,-81.5006,60.7,57.4,2.54,US Census ACS,2023,https://data.census.gov
26104,Parkersburg,39.3074,-81.4347,55.74,47.3,2.69,US Census ACS,2023,https://data.census.gov
26105,Parkersburg,39.2244,-81.4021,58.7,44.4,2.46,US Census ACS,2023,https://data.census.gov
26106,Parkersburg,39.2993,-81.5073,49.09,56.5,2.6,US Census ACS,2023,https://data.census.gov
26107,Parkersburg,39.3285,-81.5729,52.71,55.1,2.38,US Census ACS,2023,https://data.census.gov
26108,Parkersburg,39.3579,-81.4881,60.39,49.1,2.95,US Census ACS,2023,https://data.census.gov
26109,Parkersburg,39.4096,-81.5983,44.98,50.5,2.85,US Census ACS,2023,https://data.census.gov
26110,Parkersburg,39.234,-81.4862,57.05,51.5,2.4,US Census ACS,2023,https://data.census.gov
24501,Lynchburg,37.2848,-79.1518,57.84,40.6,2.5,US Census ACS,2023,https://data.census.gov
24502,Lynchburg,37.3604,-79.2192,52.81,46.2,2.54,US Census ACS,2023,https://data.census.gov
24503,Lynchburg,37.4103,-79.127,47.15,39.0,2.36,US Census ACS,2023,https://data.census.gov
24504,Lynchburg,37.5413,-79.0926,45.29,39.4,2.34,US Census ACS,2023,https://data.census.gov
24505,Lynchburg,37.4301,-79.2763,49.73,49.4,2.92,US Census ACS,2023,https://data.census.gov
24506,Lynchburg,37.3068,-79.1192,45.21,46.6,2.34,US Census ACS,2023,https://data.census.gov
24507,Lynchburg,37.4278,-78.9677,53.85,55.7,2.47,US Census ACS,2023,https://data.census.gov
24508,Lynchburg,37.5609,-79.2215,44.06,40.2,2.22,US Census ACS,2023,https://data.census.gov
24509,Lynchburg,37.2748,-79.1749,47.7,50.0,2.79,US Census ACS,2023,https://data.census.gov
24510,Lynchburg,37.4547,-79.1406,54.03,39.0,2.12,US Census ACS,2023,https://data.census.gov
22901,Charlottesville,37.8927,-78.5234,59.12,43.2,2.89,US Census ACS,2023,https://data.census.gov
22902,Charlottesville,38.0076,-78.5321,45.12,53.4,2.43,US Census ACS,2023,https://data.census.gov
22903,Charlottesville,38.0744,-78.5173,43.34,49.1,2.34,US Census ACS,2023,https://data.census.gov
22904,Charlottesville,37.8947,-78.3537,44.84,47.9,2.93,US Census ACS,2023,https://data.census.gov
22905,Charlottesville,38.0246,-78.5513,58.58,56.6,2.62,US Census ACS,2023,https://data.census.gov
22906,Charlottesville,38.1246,-78.4651,61.01,45.5,2.5,US Census ACS,2023,https://data.census.gov
22907,Charlottesville,38.1051,-78.6006,51.22,39.2,2.62,US Census ACS,2023,https://data.census.gov
22908,Charlottesville,38.0808,-78.6067,44.37,57.1,2.18,US Census ACS,2023,https://data.census.gov
22909,Charlottesville,37.9528,-78.3938,58.81,44.9,2.27,US Census ACS,2023,https://data.census.gov
22910,Charlottesville,38.0364,-78.4357,53.03,42.0,2.85,US Census ACS,2023,https://data.census.gov
23451,Virginia Beach,36.9739,-75.9662,43.08,56.8,2.26,US Census ACS,2023,https://data.census.gov
23452,Virginia Beach,36.7449,-76.1031,45.36,52.9,2.63,US Census ACS,2023,https://data.census.gov
23453,Virginia Beach,36.79,-76.0295,36.39,54.2,2.24,US Census ACS,2023,https://data.census.gov
23454,Virginia Beach,36.8282,-75.8688,35.56,54.6,2.48,US Census ACS,2023,https://data.census.gov
23455,Virginia Beach,36.936,-76.1366,43.57,53.7,2.37,US Census ACS,2023,https://data.census.gov
23456,Virginia Beach,36.8455,-76.0243,46.31,59.0,2.5,US Census ACS,2023,https://data.census.gov
23457,Virginia Beach,36.7627,-75.8397,45.46,60.8,2.27,US Census ACS,2023,https://data.census.gov
23458,Virginia Beach,36.8858,-76.0096,44.67,63.7,2.21,US Census ACS,2023,https://data.census.gov
23459,Virginia Beach,36.8071,-76.0947,37.34,53.0,2.51,US Census ACS,2023,https://data.census.gov
23460,Virginia Beach,36.7453,-75.8398,35.36,60.7,2.49,US Census ACS,2023,https://data.census.gov
23601,Newport News,37.1125,-76.5177,44.47,55.5,2.41,US Census ACS,2023,https://data.census.gov
23602,Newport News,36.9948,-76.4527,48.93,50.9,2.24,US Census ACS,2023,https://data.census.gov
23603,Newport News,36.9823,-76.5844,39.88,53.6,2.9,US Census ACS,2023,https://data.census.gov
23604,Newport News,36.9445,-76.6169,48.63,53.7,2.25,US Census ACS,2023,https://data.census.gov
23605,Newport News,37.0609,-76.635,50.71,46.4,2.25,US Census ACS,2023,https://data.census.gov
23606,Newport News,36.9444,-76.3611,41.55,49.5,2.78,US Census ACS,2023,https://data.census.gov
23607,Newport News,37.1419,-76.6161,52.16,60.2,2.93,US Census ACS,2023,https://data.census.gov
23608,Newport News,37.2114,-76.4137,39.63,49.8,2.13,US Census ACS,2023,https://data.census.gov
23609,Newport News,37.0603,-76.582,52.84,61.8,2.12,US Census ACS,2023,https://data.census.gov
23610,Newport News,37.015,-76.5189,41.03,45.3,2.18,US Census ACS,2023,https://data.census.gov
23301,Richmond VA,37.4927,-77.601,55.76,48.2,2.39,US Census ACS,2023,https://data.census.gov
23302,Richmond VA,37.6892,-77.5453,50.58,52.2,2.68,US Census ACS,2023,https://data.census.gov
23303,Richmond VA,37.6332,-77.5566,45.58,49.7,2.68,US Census ACS,2023,https://data.census.gov
23304,Richmond VA,37.5591,-77.2818,59.55,53.6,2.69,US Census ACS,2023,https://data.census.gov
23305,Richmond VA,37.667,-77.563,49.95,51.5,2.66,US Census ACS,2023,https://data.census.gov
23306,Richmond VA,37.4218,-77.4612,48.96,53.1,2.21,US Census ACS,2023,https://data.census.gov
23307,Richmond VA,37.4294,-77.3005,44.68,46.4,2.2,US Census ACS,2023,https://data.census.gov
23308,Richmond VA,37.4311,-77.35,50.23,44.3,2.89,US Census ACS,2023,https://data.census.gov
23309,Richmond VA,37.3942,-77.5942,56.82,55.2,2.67,US Census ACS,2023,https://data.census.gov
23310,Richmond VA,37.5728,-77.2893,44.16,56.9,2.53,US Census ACS,2023,https://data.census.gov
