zip_code,metro,lat,lng,median_household_income,median_wage_growth_yoy_pct,rent_to_income_ratio_pct,pct_cost_burdened_renters,data_source,as_of_date,source_url
10001,New York,40.564,-74.0031,95018.32,4.28,62.0,44.79,US Census ACS / BLS,2023,https://data.census.gov
10002,New York,40.7872,-73.9938,95788.79,4.45,47.2,44.75,US Census ACS / BLS,2023,https://data.census.gov
10003,New York,40.8358,-74.1131,91960.05,4.06,37.1,38.88,US Census ACS / BLS,2023,https://data.census.gov
10004,New York,40.5966,-73.9574,70528.53,4.0,43.6,42.51,US Census ACS / BLS,2023,https://data.census.gov
10005,New York,40.6223,-73.9097,75998.58,4.1,49.4,45.13,US Census ACS / BLS,2023,https://data.census.gov
10006,New York,40.7455,-74.1688,82929.88,3.36,51.6,35.28,US Census ACS / BLS,2023,https://data.census.gov
10007,New York,40.753,-74.0236,74900.44,3.15,47.2,41.86,US Census ACS / BLS,2023,https://data.census.gov
10008,New York,40.8409,-73.8729,84674.51,3.17,42.4,39.5,US Census ACS / BLS,2023,https://data.census.gov
10009,New York,40.6863,-73.8916,81200.01,3.15,49.1,32.88,US Census ACS / BLS,2023,https://data.census.gov
10010,New York,40.6582,-74.1744,75791.94,4.01,36.9,36.18,US Census ACS / BLS,2023,https://data.census.gov
10011,New York,40.6164,-74.0364,91779.98,4.01,52.0,41.9,US Census ACS / BLS,2023,https://data.census.gov
10012,New York,40.7651,-74.0813,72745.48,4.16,40.8,38.05,US Census ACS / BLS,2023,https://data.census.gov
10013,New York,40.5718,-73.9069,87295.89,4.32,42.1,44.88,US Census ACS / BLS,2023,https://data.census.gov
10014,New York,40.8483,-73.9022,85108.46,4.34,45.1,40.28,US Census ACS / BLS,2023,https://data.census.gov
10015,New York,40.7876,-73.9791,83499.62,3.64,42.6,43.68,US Census ACS / BLS,2023,https://data.census.gov
10016,New York,40.8492,-73.9492,96331.96,4.22,55.6,42.99,US Census ACS / BLS,2023,https://data.census.gov
10017,New York,40.7315,-74.0492,72364.67,3.64,52.2,44.6,US Census ACS / BLS,2023,https://data.census.gov
10018,New York,40.7465,-74.0062,87042.02,3.87,48.9,32.47,US Census ACS / BLS,2023,https://data.census.gov
10019,New York,40.8496,-73.9842,71420.03,3.51,42.7,34.69,US Census ACS / BLS,2023,https://data.census.gov
10020,New York,40.7937,-74.0435,78188.97,4.44,50.8,39.63,US Census ACS / BLS,2023,https://data.census.gov
10021,New York,40.8501,-73.9875,76893.04,3.29,47.4,37.2,US Census ACS / BLS,2023,https://data.census.gov
10022,New York,40.61,-74.0677,89114.32,3.34,47.9,33.74,US Census ACS / BLS,2023,https://data.census.gov
10023,New York,40.6564,-74.081,70965.42,3.84,45.4,38.58,US Census ACS / BLS,2023,https://data.census.gov
10024,New York,40.8034,-74.1215,84822.11,3.53,40.3,34.92,US Census ACS / BLS,2023,https://data.census.gov
10025,New York,40.8144,-73.9565,73696.02,4.21,42.6,34.16,US Census ACS / BLS,2023,https://data.census.gov
10026,New York,40.8152,-74.1239,90732.02,4.31,46.4,32.0,US Census ACS / BLS,2023,https://data.census.gov
10027,New York,40.7701,-73.9228,78974.2,3.31,43.8,44.28,US Census ACS / BLS,2023,https://data.census.gov
10028,New York,40.8363,-73.9296,70437.02,3.75,48.3,33.79,US Census ACS / BLS,2023,https://data.census.gov
10029,New York,40.6248,-74.0618,76001.54,3.2,55.3,40.42,US Census ACS / BLS,2023,https://data.census.gov
10030,New York,40.8296,-74.1136,70806.02,4.16,42.2,38.33,US Census ACS / BLS,2023,https://data.census.gov
10031,New York,40.7547,-73.8801,75222.21,4.21,47.9,35.75,US Census ACS / BLS,2023,https://data.census.gov
10032,New York,40.7883,-74.1199,72816.33,4.43,45.6,31.64,US Census ACS / BLS,2023,https://data.census.gov
10033,New York,40.6653,-73.844,91679.61,4.45,38.4,35.16,US Census ACS / BLS,2023,https://data.census.gov
10034,New York,40.819,-74.1257,70307.13,3.33,39.8,38.42,US Census ACS / BLS,2023,https://data.census.gov
10035,New York,40.841,-73.8655,75856.89,4.08,43.8,43.68,US Census ACS / BLS,2023,https://data.census.gov
10036,New York,40.8428,-74.1198,79313.68,4.4,46.0,39.77,US Census ACS / BLS,2023,https://data.census.gov
10037,New York,40.7695,-73.8682,95413.89,4.2,39.2,36.27,US Census ACS / BLS,2023,https://data.census.gov
10038,New York,40.6597,-74.0256,71080.55,3.54,40.2,44.01,US Census ACS / BLS,2023,https://data.census.gov
10039,New York,40.8624,-74.1386,80910.71,4.48,35.8,36.4,US Census ACS / BLS,2023,https://data.census.gov
10040,New York,40.8485,-74.0837,95673.66,3.73,50.1,32.14,US Census ACS / BLS,2023,https://data.census.gov
10041,New York,40.7061,-73.8581,90218.37,3.17,47.3,43.14,US Census ACS / BLS,2023,https://data.census.gov
10042,New York,40.592,-74.102,70622.99,3.64,41.3,40.18,US Census ACS / BLS,2023,https://data.census.gov
10043,New York,40.854,-74.0088,73138.1,4.34,47.7,33.89,US Census ACS / BLS,2023,https://data.census.gov
10044,New York,40.6682,-74.0982,96408.71,4.35,46.9,37.21,US Census ACS / BLS,2023,https://data.census.gov
10045,New York,40.8559,-74.1667,92275.91,3.92,41.3,31.95,US Census ACS / BLS,2023,https://data.census.gov
10046,New York,40.7917,-73.9853,71310.81,4.36,45.0,40.32,US Census ACS / BLS,2023,https://data.census.gov
10047,New York,40.7567,-73.9596,75030.33,3.47,45.0,42.34,US Census ACS / BLS,2023,https://data.census.gov
10048,New York,40.7048,-73.9293,81191.15,3.78,47.7,36.08,US Census ACS / BLS,2023,https://data.census.gov
10049,New York,40.8035,-74.1252,87850.86,3.68,38.4,40.29,US Census ACS / BLS,2023,https://data.census.gov
10050,New York,40.6196,-73.9172,90091.43,3.65,45.1,33.28,US Census ACS / BLS,2023,https://data.census.gov
10051,New York,40.643,-73.924,89167.46,4.22,48.0,35.87,US Census ACS / BLS,2023,https://data.census.gov
10052,New York,40.6472,-73.9063,83062.72,3.23,48.1,38.3,US Census ACS / BLS,2023,https://data.census.gov
10053,New York,40.851,-74.0213,92884.02,3.41,44.0,33.0,US Census ACS / BLS,2023,https://data.census.gov
10054,New York,40.6703,-74.059,75753.57,3.35,44.0,36.29,US Census ACS / BLS,2023,https://data.census.gov
10055,New York,40.7919,-73.9193,76338.06,3.5,34.7,32.48,US Census ACS / BLS,2023,https://data.census.gov
10056,New York,40.7687,-74.0027,93418.34,4.04,55.4,41.25,US Census ACS / BLS,2023,https://data.census.gov
10057,New York,40.7865,-73.9435,68411.94,3.62,45.5,39.6,US Census ACS / BLS,2023,https://data.census.gov
10058,New York,40.762,-74.0912,70174.29,3.71,42.5,40.79,US Census ACS / BLS,2023,https://data.census.gov
10059,New York,40.8554,-73.9114,85235.39,3.56,51.2,42.68,US Census ACS / BLS,2023,https://data.census.gov
10060,New York,40.7568,-73.9228,88547.54,3.99,47.9,36.58,US Census ACS / BLS,2023,https://data.census.gov
10061,New York,40.6937,-74.1749,94988.8,4.28,38.6,43.01,US Census ACS / BLS,2023,https://data.census.gov
10062,New York,40.6367,-73.8556,87425.78,3.16,42.8,37.03,US Census ACS / BLS,2023,https://data.census.gov
10063,New York,40.7167,-73.9992,75555.78,4.14,40.0,33.52,US Census ACS / BLS,2023,https://data.census.gov
10064,New York,40.6219,-74.1213,89571.88,4.2,45.8,36.8,US Census ACS / BLS,2023,https://data.census.gov
10065,New York,40.6587,-73.9155,83313.64,3.62,57.2,37.9,US Census ACS / BLS,2023,https://data.census.gov
10066,New York,40.8151,-73.837,82360.14,4.12,49.0,41.62,US Census ACS / BLS,2023,https://data.census.gov
10067,New York,40.8289,-73.9201,92839.74,3.95,61.9,33.55,US Census ACS / BLS,2023,https://data.census.gov
10068,New York,40.6768,-73.9826,79765.34,4.17,49.3,44.96,US Census ACS / BLS,2023,https://data.census.gov
10069,New York,40.5917,-73.9744,82699.62,3.88,43.6,39.13,US Census ACS / BLS,2023,https://data.census.gov
10070,New York,40.5835,-73.9129,83703.3,3.29,34.0,38.2,US Census ACS / BLS,2023,https://data.census.gov
10071,New York,40.5696,-73.881,91050.83,3.52,35.7,44.9,US Census ACS / BLS,2023,https://data.census.gov
10072,New York,40.6973,-73.8572,91532.01,3.92,51.1,38.94,US Census ACS / BLS,2023,https://data.census.gov
10073,New York,40.6683,-73.8412,68158.07,4.28,48.1,37.13,US Census ACS / BLS,2023,https://data.census.gov
10074,New York,40.6544,-73.9861,79118.85,4.39,40.6,37.25,US Census ACS / BLS,2023,https://data.census.gov
10075,New York,40.8282,-73.9756,94584.38,4.33,44.2,44.43,US Census ACS / BLS,2023,https://data.census.gov
10076,New York,40.5789,-73.8746,82298.15,3.46,55.3,42.51,US Census ACS / BLS,2023,https://data.census.gov
10077,New York,40.8013,-73.9942,92733.47,4.19,44.3,34.26,US Census ACS / BLS,2023,https://data.census.gov
10078,New York,40.7908,-74.0033,93447.86,3.52,52.4,31.83,US Census ACS / BLS,2023,https://data.census.gov
10079,New York,40.5863,-74.0558,75756.52,3.51,57.4,34.24,US Census ACS / BLS,2023,https://data.census.gov
10080,New York,40.6942,-74.0887,92205.06,4.24,45.4,41.07,US Census ACS / BLS,2023,https://data.census.gov
90001,Los Angeles,34.1214,-118.2314,80705.1,3.81,37.1,42.72,US Census ACS / BLS,2023,https://data.census.gov
90002,Los Angeles,34.0392,-118.3354,78793.5,3.13,38.4,33.05,US Census ACS / BLS,2023,https://data.census.gov
90003,Los Angeles,33.9029,-118.243,66748.8,3.95,57.7,35.88,US Census ACS / BLS,2023,https://data.census.gov
90004,Los Angeles,34.1509,-118.1387,67453.5,3.25,44.6,41.47,US Census ACS / BLS,2023,https://data.census.gov
90005,Los Angeles,33.9751,-118.415,84236.7,3.29,33.5,34.34,US Census ACS / BLS,2023,https://data.census.gov
90006,Los Angeles,33.999,-118.3099,68811.6,4.14,56.0,39.39,US Census ACS / BLS,2023,https://data.census.gov
90007,Los Angeles,34.0868,-118.1844,68903.4,4.13,44.6,35.66,US Census ACS / BLS,2023,https://data.census.gov
90008,Los Angeles,34.0856,-118.2297,69840.3,3.16,47.5,33.93,US Census ACS / BLS,2023,https://data.census.gov
90009,Los Angeles,34.1576,-118.2875,70871.7,3.96,39.9,45.02,US Census ACS / BLS,2023,https://data.census.gov
90010,Los Angeles,33.948,-118.2617,88340.7,3.48,42.2,32.51,US Census ACS / BLS,2023,https://data.census.gov
90011,Los Angeles,34.161,-118.072,80502.6,3.61,37.3,38.84,US Census ACS / BLS,2023,https://data.census.gov
90012,Los Angeles,34.0257,-118.3151,85724.4,3.78,43.7,38.94,US Census ACS / BLS,2023,https://data.census.gov
90013,Los Angeles,34.0993,-118.269,82608.6,3.66,54.5,35.55,US Census ACS / BLS,2023,https://data.census.gov
90014,Los Angeles,33.9242,-118.2933,76390.5,4.17,36.4,40.22,US Census ACS / BLS,2023,https://data.census.gov
90015,Los Angeles,34.1921,-118.1397,79492.8,3.64,34.3,32.12,US Census ACS / BLS,2023,https://data.census.gov
90016,Los Angeles,34.1713,-118.2349,66735.3,4.34,38.7,35.63,US Census ACS / BLS,2023,https://data.census.gov
90017,Los Angeles,34.1716,-118.1116,84628.2,4.26,44.2,40.39,US Census ACS / BLS,2023,https://data.census.gov
90018,Los Angeles,33.9229,-118.1455,71846.4,3.43,50.7,42.08,US Census ACS / BLS,2023,https://data.census.gov
90019,Los Angeles,33.9689,-118.1972,68244.6,4.42,48.8,44.8,US Census ACS / BLS,2023,https://data.census.gov
90020,Los Angeles,33.9238,-118.0834,79139.1,4.16,45.8,43.21,US Census ACS / BLS,2023,https://data.census.gov
90021,Los Angeles,34.1068,-118.1598,73350.3,4.44,41.6,45.14,US Census ACS / BLS,2023,https://data.census.gov
90022,Los Angeles,34.0847,-118.1458,67699.2,3.71,48.9,44.35,US Census ACS / BLS,2023,https://data.census.gov
90023,Los Angeles,34.1212,-118.3214,79006.8,3.53,41.7,37.38,US Census ACS / BLS,2023,https://data.census.gov
90024,Los Angeles,33.9381,-118.3817,76695.6,3.73,43.8,43.38,US Census ACS / BLS,2023,https://data.census.gov
90025,Los Angeles,34.1683,-118.421,79414.5,4.44,56.0,35.9,US Census ACS / BLS,2023,https://data.census.gov
90026,Los Angeles,34.018,-118.0865,66654.3,3.93,32.8,34.75,US Census ACS / BLS,2023,https://data.census.gov
90027,Los Angeles,34.0829,-118.2324,86237.4,3.39,44.4,35.2,US Census ACS / BLS,2023,https://data.census.gov
90028,Los Angeles,34.0628,-118.3854,82805.7,4.3,33.6,44.8,US Census ACS / BLS,2023,https://data.census.gov
90029,Los Angeles,33.9948,-118.3634,74235.9,3.95,48.6,44.86,US Census ACS / BLS,2023,https://data.census.gov
90030,Los Angeles,33.9549,-118.1002,86539.8,3.29,49.2,33.17,US Census ACS / BLS,2023,https://data.census.gov
90031,Los Angeles,34.0853,-118.1248,81957.9,3.63,51.0,38.18,US Census ACS / BLS,2023,https://data.census.gov
90032,Los Angeles,34.0964,-118.3443,82997.4,3.42,32.3,41.99,US Census ACS / BLS,2023,https://data.census.gov
90033,Los Angeles,34.0182,-118.3844,63360.3,3.28,48.1,39.36,US Census ACS / BLS,2023,https://data.census.gov
90034,Los Angeles,33.9229,-118.1975,76163.7,3.68,49.7,31.91,US Census ACS / BLS,2023,https://data.census.gov
90035,Los Angeles,34.1844,-118.1729,79938.3,4.44,34.6,43.31,US Census ACS / BLS,2023,https://data.census.gov
90036,Los Angeles,34.0083,-118.1578,80813.1,4.3,43.1,32.66,US Census ACS / BLS,2023,https://data.census.gov
90037,Los Angeles,33.9468,-118.3693,62612.4,4.38,57.5,37.01,US Census ACS / BLS,2023,https://data.census.gov
90038,Los Angeles,34.0832,-118.4076,84428.4,4.21,45.3,38.96,US Census ACS / BLS,2023,https://data.census.gov
90039,Los Angeles,33.9634,-118.0968,66781.2,3.81,42.8,32.98,US Census ACS / BLS,2023,https://data.census.gov
90040,Los Angeles,34.1224,-118.2212,87042.0,3.79,45.6,37.73,US Census ACS / BLS,2023,https://data.census.gov
90041,Los Angeles,34.1348,-118.2771,84995.4,3.4,50.5,42.31,US Census ACS / BLS,2023,https://data.census.gov
90042,Los Angeles,34.0297,-118.2394,76474.2,3.32,31.7,37.07,US Census ACS / BLS,2023,https://data.census.gov
90043,Los Angeles,34.1872,-118.1309,79160.7,4.33,55.7,36.76,US Census ACS / BLS,2023,https://data.census.gov
90044,Los Angeles,34.0132,-118.1634,79492.8,3.94,52.6,44.9,US Census ACS / BLS,2023,https://data.census.gov
90045,Los Angeles,34.1026,-118.1199,82176.6,4.09,52.7,38.38,US Census ACS / BLS,2023,https://data.census.gov
90046,Los Angeles,33.9073,-118.1468,61705.2,4.27,47.3,35.67,US Census ACS / BLS,2023,https://data.census.gov
90047,Los Angeles,34.1758,-118.0821,84471.6,3.57,30.9,34.52,US Census ACS / BLS,2023,https://data.census.gov
90048,Los Angeles,34.1469,-118.2681,86728.8,4.09,46.8,37.93,US Census ACS / BLS,2023,https://data.census.gov
90049,Los Angeles,34.0295,-118.4192,87031.2,3.88,39.8,33.04,US Census ACS / BLS,2023,https://data.census.gov
90050,Los Angeles,34.0881,-118.0957,73282.8,3.55,31.2,33.43,US Census ACS / BLS,2023,https://data.census.gov
90051,Los Angeles,34.0655,-118.4031,66732.6,3.74,44.3,39.37,US Census ACS / BLS,2023,https://data.census.gov
90052,Los Angeles,34.0743,-118.1046,63222.6,3.52,42.1,41.3,US Census ACS / BLS,2023,https://data.census.gov
90053,Los Angeles,33.9527,-118.2702,61713.3,3.88,47.6,36.71,US Census ACS / BLS,2023,https://data.census.gov
90054,Los Angeles,34.0598,-118.2157,73407.0,3.31,37.1,33.47,US Census ACS / BLS,2023,https://data.census.gov
90055,Los Angeles,34.0001,-118.2148,81755.4,3.36,40.4,37.35,US Census ACS / BLS,2023,https://data.census.gov
90056,Los Angeles,34.0884,-118.3838,68590.2,3.75,33.9,45.14,US Census ACS / BLS,2023,https://data.census.gov
90057,Los Angeles,34.1417,-118.4208,61786.2,4.3,58.7,39.24,US Census ACS / BLS,2023,https://data.census.gov
90058,Los Angeles,33.9248,-118.1827,71719.5,4.26,57.4,31.93,US Census ACS / BLS,2023,https://data.census.gov
90059,Los Angeles,34.0479,-118.173,70817.7,3.92,55.0,31.94,US Census ACS / BLS,2023,https://data.census.gov
90060,Los Angeles,34.1424,-118.228,86510.1,3.42,50.0,38.84,US Census ACS / BLS,2023,https://data.census.gov
90061,Los Angeles,34.0107,-118.2141,71355.0,4.07,40.8,42.74,US Census ACS / BLS,2023,https://data.census.gov
90062,Los Angeles,33.9245,-118.0951,68109.6,3.67,52.0,44.81,US Census ACS / BLS,2023,https://data.census.gov
90063,Los Angeles,33.9377,-118.2025,69381.3,3.42,37.0,32.34,US Census ACS / BLS,2023,https://data.census.gov
90064,Los Angeles,34.0515,-118.3478,73145.1,4.36,56.0,32.69,US Census ACS / BLS,2023,https://data.census.gov
90065,Los Angeles,34.0036,-118.3985,66878.4,4.15,50.8,41.91,US Census ACS / BLS,2023,https://data.census.gov
90066,Los Angeles,33.9078,-118.0645,84247.5,3.19,48.9,36.12,US Census ACS / BLS,2023,https://data.census.gov
90067,Los Angeles,34.0193,-118.2298,65212.5,3.68,39.1,38.66,US Census ACS / BLS,2023,https://data.census.gov
90068,Los Angeles,34.1604,-118.0666,62469.3,4.03,30.9,31.76,US Census ACS / BLS,2023,https://data.census.gov
90069,Los Angeles,34.1507,-118.2329,72040.8,3.68,37.2,44.38,US Census ACS / BLS,2023,https://data.census.gov
90070,Los Angeles,34.1998,-118.1668,68082.6,4.27,36.1,38.03,US Census ACS / BLS,2023,https://data.census.gov
90071,Los Angeles,33.9779,-118.1879,77443.5,4.27,33.6,32.91,US Census ACS / BLS,2023,https://data.census.gov
90072,Los Angeles,33.9839,-118.106,65963.1,3.36,36.7,33.81,US Census ACS / BLS,2023,https://data.census.gov
90073,Los Angeles,33.9542,-118.391,63732.9,3.54,43.9,35.91,US Census ACS / BLS,2023,https://data.census.gov
90074,Los Angeles,34.0595,-118.3353,71684.4,3.88,54.3,40.67,US Census ACS / BLS,2023,https://data.census.gov
90075,Los Angeles,34.0552,-118.1555,76301.4,3.65,38.5,40.08,US Census ACS / BLS,2023,https://data.census.gov
90076,Los Angeles,34.1445,-118.2757,62226.3,4.01,37.6,36.26,US Census ACS / BLS,2023,https://data.census.gov
90077,Los Angeles,34.1051,-118.3696,63387.3,4.28,50.2,39.32,US Census ACS / BLS,2023,https://data.census.gov
90078,Los Angeles,34.1916,-118.2034,64837.2,3.31,52.5,42.7,US Census ACS / BLS,2023,https://data.census.gov
90079,Los Angeles,33.9753,-118.3549,79233.6,4.4,36.7,41.19,US Census ACS / BLS,2023,https://data.census.gov
90080,Los Angeles,33.9908,-118.0727,83240.4,3.54,31.7,39.38,US Census ACS / BLS,2023,https://data.census.gov
60601,Chicago,41.8072,-87.7025,56922.8,3.78,29.7,45.0,US Census ACS / BLS,2023,https://data.census.gov
60602,Chicago,41.7627,-87.717,56969.31,4.19,25.5,37.56,US Census ACS / BLS,2023,https://data.census.gov
60603,Chicago,41.8959,-87.4839,78217.95,3.94,39.8,34.98,US Census ACS / BLS,2023,https://data.census.gov
60604,Chicago,41.9676,-87.6706,72636.51,3.84,30.3,36.63,US Census ACS / BLS,2023,https://data.census.gov
60605,Chicago,41.8354,-87.5089,69468.8,4.26,29.1,36.19,US Census ACS / BLS,2023,https://data.census.gov
60606,Chicago,41.9104,-87.512,59172.51,4.15,30.6,43.93,US Census ACS / BLS,2023,https://data.census.gov
60607,Chicago,41.7836,-87.7617,67206.85,3.72,33.5,33.77,US Census ACS / BLS,2023,https://data.census.gov
60608,Chicago,41.9675,-87.5971,75211.81,3.86,35.1,43.97,US Census ACS / BLS,2023,https://data.census.gov
60609,Chicago,41.9584,-87.4849,58234.93,3.57,39.0,38.54,US Census ACS / BLS,2023,https://data.census.gov
60610,Chicago,41.9527,-87.7464,64232.53,3.64,28.2,38.52,US Census ACS / BLS,2023,https://data.census.gov
60611,Chicago,41.9986,-87.533,57725.74,4.42,29.0,34.93,US Census ACS / BLS,2023,https://data.census.gov
60612,Chicago,41.8096,-87.6634,68577.73,3.62,35.3,39.1,US Census ACS / BLS,2023,https://data.census.gov
60613,Chicago,42.0224,-87.483,69290.1,4.28,37.9,40.66,US Census ACS / BLS,2023,https://data.census.gov
60614,Chicago,41.8415,-87.5368,65280.27,4.23,36.8,33.93,US Census ACS / BLS,2023,https://data.census.gov
60615,Chicago,41.8751,-87.7045,64234.98,3.61,33.7,36.09,US Census ACS / BLS,2023,https://data.census.gov
60616,Chicago,41.8192,-87.6943,74761.38,3.32,28.6,39.37,US Census ACS / BLS,2023,https://data.census.gov
60617,Chicago,41.7678,-87.4937,57157.81,3.24,36.6,38.45,US Census ACS / BLS,2023,https://data.census.gov
60618,Chicago,41.823,-87.5055,67424.72,3.69,25.0,40.85,US Census ACS / BLS,2023,https://data.census.gov
60619,Chicago,41.9999,-87.8035,55916.67,4.46,31.0,36.08,US Census ACS / BLS,2023,https://data.census.gov
60620,Chicago,41.7287,-87.5826,61113.78,3.65,32.4,37.11,US Census ACS / BLS,2023,https://data.census.gov
60621,Chicago,41.8316,-87.6411,72727.09,4.4,38.7,40.58,US Census ACS / BLS,2023,https://data.census.gov
60622,Chicago,41.8746,-87.6585,58753.9,4.17,24.9,41.94,US Census ACS / BLS,2023,https://data.census.gov
60623,Chicago,41.7497,-87.4588,71951.07,3.54,42.3,41.09,US Census ACS / BLS,2023,https://data.census.gov
60624,Chicago,41.8158,-87.6753,76306.06,3.96,30.4,45.34,US Census ACS / BLS,2023,https://data.census.gov
60625,Chicago,41.7448,-87.6703,64487.12,3.76,33.3,33.35,US Census ACS / BLS,2023,https://data.census.gov
60626,Chicago,41.893,-87.7586,58915.47,4.34,43.7,39.25,US Census ACS / BLS,2023,https://data.census.gov
60627,Chicago,41.994,-87.7613,60643.76,4.24,41.0,40.45,US Census ACS / BLS,2023,https://data.census.gov
60628,Chicago,41.9111,-87.4579,78878.91,3.35,34.4,40.74,US Census ACS / BLS,2023,https://data.census.gov
60629,Chicago,41.7587,-87.7174,68178.7,4.37,33.8,38.27,US Census ACS / BLS,2023,https://data.census.gov
60630,Chicago,41.9099,-87.7597,77082.08,3.5,38.3,40.17,US Census ACS / BLS,2023,https://data.census.gov
60631,Chicago,41.7453,-87.7891,62181.1,3.25,30.3,35.18,US Census ACS / BLS,2023,https://data.census.gov
60632,Chicago,41.7612,-87.4761,57725.74,3.31,35.0,36.11,US Census ACS / BLS,2023,https://data.census.gov
60633,Chicago,41.7567,-87.7062,63454.06,3.6,29.5,38.94,US Census ACS / BLS,2023,https://data.census.gov
60634,Chicago,41.7451,-87.692,56256.94,3.35,41.3,43.63,US Census ACS / BLS,2023,https://data.census.gov
60635,Chicago,41.7298,-87.641,77329.33,3.58,30.9,36.25,US Census ACS / BLS,2023,https://data.census.gov
60636,Chicago,41.8036,-87.5102,63713.55,4.36,35.2,43.26,US Census ACS / BLS,2023,https://data.census.gov
60637,Chicago,41.8807,-87.4958,75419.89,3.25,30.6,45.33,US Census ACS / BLS,2023,https://data.census.gov
60638,Chicago,41.9056,-87.6452,67265.6,3.34,33.7,36.93,US Census ACS / BLS,2023,https://data.census.gov
60639,Chicago,42.0167,-87.7278,65275.38,3.27,28.1,41.03,US Census ACS / BLS,2023,https://data.census.gov
60640,Chicago,41.7747,-87.5077,62873.89,3.14,34.7,40.73,US Census ACS / BLS,2023,https://data.census.gov
60641,Chicago,41.8668,-87.4603,67392.9,3.81,33.9,32.11,US Census ACS / BLS,2023,https://data.census.gov
60642,Chicago,41.8879,-87.7336,67277.84,4.24,31.9,41.14,US Census ACS / BLS,2023,https://data.census.gov
60643,Chicago,41.8464,-87.6119,63906.94,3.86,28.4,32.2,US Census ACS / BLS,2023,https://data.census.gov
60644,Chicago,42.0268,-87.5098,78673.28,3.17,33.3,44.94,US Census ACS / BLS,2023,https://data.census.gov
60645,Chicago,41.9197,-87.5425,72031.86,3.7,34.7,40.55,US Census ACS / BLS,2023,https://data.census.gov
60646,Chicago,41.8791,-87.4616,64198.26,3.39,44.3,43.04,US Census ACS / BLS,2023,https://data.census.gov
60647,Chicago,41.8829,-87.7851,59091.73,4.16,35.2,41.23,US Census ACS / BLS,2023,https://data.census.gov
60648,Chicago,41.9674,-87.5685,59955.87,4.08,32.6,36.03,US Census ACS / BLS,2023,https://data.census.gov
60649,Chicago,42.02,-87.6902,57400.16,3.94,34.9,44.47,US Census ACS / BLS,2023,https://data.census.gov
60650,Chicago,41.8255,-87.751,64773.54,3.57,25.6,33.9,US Census ACS / BLS,2023,https://data.census.gov
60651,Chicago,41.969,-87.4976,56736.75,3.93,29.6,36.25,US Census ACS / BLS,2023,https://data.census.gov
60652,Chicago,41.9804,-87.6468,79527.63,4.2,28.5,44.85,US Census ACS / BLS,2023,https://data.census.gov
60653,Chicago,41.7616,-87.5119,67738.06,4.11,30.2,43.11,US Census ACS / BLS,2023,https://data.census.gov
60654,Chicago,41.9076,-87.7347,58210.45,3.63,35.4,40.99,US Census ACS / BLS,2023,https://data.census.gov
60655,Chicago,41.9484,-87.7766,80085.78,4.36,39.9,39.17,US Census ACS / BLS,2023,https://data.census.gov
60656,Chicago,41.991,-87.714,68198.29,4.28,35.0,41.83,US Census ACS / BLS,2023,https://data.census.gov
60657,Chicago,41.868,-87.6822,66927.78,3.52,39.8,43.09,US Census ACS / BLS,2023,https://data.census.gov
60658,Chicago,41.9236,-87.6054,77334.22,3.37,28.5,41.56,US Census ACS / BLS,2023,https://data.census.gov
60659,Chicago,41.9055,-87.4745,64036.69,4.29,29.8,35.3,US Census ACS / BLS,2023,https://data.census.gov
60660,Chicago,41.8173,-87.7665,70484.72,4.04,30.0,32.95,US Census ACS / BLS,2023,https://data.census.gov
77001,Houston,29.6917,-95.326,60711.82,4.2,27.2,42.12,US Census ACS / BLS,2023,https://data.census.gov
77002,Houston,29.6157,-95.3071,54747.18,4.08,28.9,37.17,US Census ACS / BLS,2023,https://data.census.gov
77003,Houston,29.8466,-95.4814,54619.26,3.9,30.5,36.17,US Census ACS / BLS,2023,https://data.census.gov
77004,Houston,29.8623,-95.3853,73837.34,4.15,26.1,39.37,US Census ACS / BLS,2023,https://data.census.gov
77005,Houston,29.7669,-95.3295,76241.67,3.85,22.0,44.63,US Census ACS / BLS,2023,https://data.census.gov
77006,Houston,29.8467,-95.3418,76367.22,3.87,27.6,32.47,US Census ACS / BLS,2023,https://data.census.gov
77007,Houston,29.6131,-95.3485,77369.22,4.24,32.7,37.35,US Census ACS / BLS,2023,https://data.census.gov
77008,Houston,29.6244,-95.4477,54384.75,3.43,25.1,44.8,US Census ACS / BLS,2023,https://data.census.gov
77009,Houston,29.9088,-95.3015,72160.23,3.93,21.2,45.22,US Census ACS / BLS,2023,https://data.census.gov
77010,Houston,29.7477,-95.3275,55247.0,3.17,27.8,44.07,US Census ACS / BLS,2023,https://data.census.gov
77011,Houston,29.8815,-95.2784,74152.39,3.15,20.4,34.94,US Census ACS / BLS,2023,https://data.census.gov
77012,Houston,29.6888,-95.3084,65205.43,3.55,35.1,36.01,US Census ACS / BLS,2023,https://data.census.gov
77013,Houston,29.6306,-95.3437,70492.59,3.59,24.9,37.26,US Census ACS / BLS,2023,https://data.census.gov
77014,Houston,29.8647,-95.4386,69637.46,3.62,33.1,42.62,US Census ACS / BLS,2023,https://data.census.gov
77015,Houston,29.7156,-95.5347,65593.91,4.29,33.0,41.15,US Census ACS / BLS,2023,https://data.census.gov
77016,Houston,29.8395,-95.4703,71733.84,4.24,24.6,32.66,US Census ACS / BLS,2023,https://data.census.gov
77017,Houston,29.7942,-95.5358,76620.68,4.37,22.2,35.55,US Census ACS / BLS,2023,https://data.census.gov
77018,Houston,29.614,-95.3916,69298.72,3.16,30.7,34.78,US Census ACS / BLS,2023,https://data.census.gov
77019,Houston,29.7373,-95.4333,61931.75,4.22,25.0,32.33,US Census ACS / BLS,2023,https://data.census.gov
77020,Houston,29.6881,-95.2791,62213.64,4.46,28.4,33.32,US Census ACS / BLS,2023,https://data.census.gov
77021,Houston,29.8884,-95.316,66060.57,3.98,25.4,34.2,US Census ACS / BLS,2023,https://data.census.gov
77022,Houston,29.7545,-95.3964,76052.17,3.32,23.9,44.85,US Census ACS / BLS,2023,https://data.census.gov
77023,Houston,29.7969,-95.297,55249.36,3.68,27.5,31.84,US Census ACS / BLS,2023,https://data.census.gov
77024,Houston,29.8002,-95.1947,57741.34,3.57,26.5,33.18,US Census ACS / BLS,2023,https://data.census.gov
77025,Houston,29.776,-95.3977,61147.68,3.82,29.8,40.07,US Census ACS / BLS,2023,https://data.census.gov
77026,Houston,29.6192,-95.2907,55573.89,3.69,21.5,37.31,US Census ACS / BLS,2023,https://data.census.gov
77027,Houston,29.8782,-95.3682,72539.24,4.26,23.6,35.49,US Census ACS / BLS,2023,https://data.census.gov
77028,Houston,29.7631,-95.3391,64388.2,4.0,32.9,34.88,US Census ACS / BLS,2023,https://data.census.gov
77029,Houston,29.8845,-95.5273,66197.96,3.44,21.7,32.36,US Census ACS / BLS,2023,https://data.census.gov
77030,Houston,29.825,-95.4896,71373.79,4.45,29.4,39.68,US Census ACS / BLS,2023,https://data.census.gov
77031,Houston,29.6834,-95.4352,67673.72,4.1,18.8,44.27,US Census ACS / BLS,2023,https://data.census.gov
77032,Houston,29.7184,-95.1915,62917.17,3.45,26.4,36.04,US Census ACS / BLS,2023,https://data.census.gov
77033,Houston,29.6612,-95.3171,56871.99,3.23,32.8,44.26,US Census ACS / BLS,2023,https://data.census.gov
77034,Houston,29.7844,-95.394,76698.85,3.98,21.8,35.2,US Census ACS / BLS,2023,https://data.census.gov
77035,Houston,29.7679,-95.3761,70525.76,3.51,26.8,41.45,US Census ACS / BLS,2023,https://data.census.gov
77036,Houston,29.84,-95.2991,62388.93,3.47,32.3,44.76,US Census ACS / BLS,2023,https://data.census.gov
77037,Houston,29.6624,-95.2271,59690.86,3.96,24.3,37.66,US Census ACS / BLS,2023,https://data.census.gov
77038,Houston,29.7191,-95.3538,63497.53,4.1,24.9,36.79,US Census ACS / BLS,2023,https://data.census.gov
77039,Houston,29.8859,-95.3262,65352.3,4.27,29.3,38.66,US Census ACS / BLS,2023,https://data.census.gov
77040,Houston,29.8035,-95.265,54176.3,3.41,20.5,38.67,US Census ACS / BLS,2023,https://data.census.gov
77041,Houston,29.6945,-95.3577,74562.19,3.46,20.4,42.59,US Census ACS / BLS,2023,https://data.census.gov
77042,Houston,29.7941,-95.3364,71944.67,3.3,27.5,33.45,US Census ACS / BLS,2023,https://data.census.gov
77043,Houston,29.8216,-95.2114,54330.27,4.25,19.1,43.4,US Census ACS / BLS,2023,https://data.census.gov
77044,Houston,29.6706,-95.2427,77217.62,3.76,30.2,35.44,US Census ACS / BLS,2023,https://data.census.gov
77045,Houston,29.6475,-95.4786,57314.96,3.5,24.0,35.69,US Census ACS / BLS,2023,https://data.census.gov
77046,Houston,29.7142,-95.2791,70521.02,3.6,25.2,44.21,US Census ACS / BLS,2023,https://data.census.gov
77047,Houston,29.6122,-95.2381,75957.41,4.09,22.3,42.25,US Census ACS / BLS,2023,https://data.census.gov
77048,Houston,29.6742,-95.43,59754.82,3.93,27.5,44.99,US Census ACS / BLS,2023,https://data.census.gov
77049,Houston,29.7632,-95.4358,70196.49,4.36,20.1,41.58,US Census ACS / BLS,2023,https://data.census.gov
77050,Houston,29.7323,-95.3053,71537.23,3.92,29.1,37.13,US Census ACS / BLS,2023,https://data.census.gov
77051,Houston,29.6459,-95.3738,74687.74,3.53,24.5,40.92,US Census ACS / BLS,2023,https://data.census.gov
77052,Houston,29.6681,-95.342,64906.96,4.21,24.2,34.4,US Census ACS / BLS,2023,https://data.census.gov
77053,Houston,29.7597,-95.3379,62161.52,4.32,28.2,39.15,US Census ACS / BLS,2023,https://data.census.gov
77054,Houston,29.6752,-95.3449,55893.68,4.0,22.8,36.02,US Census ACS / BLS,2023,https://data.census.gov
77055,Houston,29.8998,-95.1999,77468.71,3.7,19.1,40.25,US Census ACS / BLS,2023,https://data.census.gov
85001,Phoenix,33.4865,-112.0511,60253.7,4.26,26.6,35.14,US Census ACS / BLS,2023,https://data.census.gov
85002,Phoenix,33.5169,-112.2465,72268.05,3.4,25.8,31.73,US Census ACS / BLS,2023,https://data.census.gov
85003,Phoenix,33.4488,-112.2494,59042.89,3.84,32.3,43.55,US Census ACS / BLS,2023,https://data.census.gov
85004,Phoenix,33.4699,-112.0968,57356.15,3.37,34.0,45.32,US Census ACS / BLS,2023,https://data.census.gov
85005,Phoenix,33.5034,-112.1015,74152.07,3.58,27.1,43.03,US Census ACS / BLS,2023,https://data.census.gov
85006,Phoenix,33.5588,-112.155,74911.6,4.17,32.8,33.83,US Census ACS / BLS,2023,https://data.census.gov
85007,Phoenix,33.5321,-112.1235,78662.39,4.0,25.8,34.07,US Census ACS / BLS,2023,https://data.census.gov
85008,Phoenix,33.4675,-112.1974,69673.82,3.26,29.0,32.45,US Census ACS / BLS,2023,https://data.census.gov
85009,Phoenix,33.4386,-111.9574,59388.13,3.79,28.0,38.24,US Census ACS / BLS,2023,https://data.census.gov
85010,Phoenix,33.381,-112.1999,73875.88,3.47,26.7,44.1,US Census ACS / BLS,2023,https://data.census.gov
85011,Phoenix,33.4355,-111.9244,62667.91,3.23,18.9,39.14,US Census ACS / BLS,2023,https://data.census.gov
85012,Phoenix,33.4386,-111.9931,73974.52,4.17,33.8,38.53,US Census ACS / BLS,2023,https://data.census.gov
85013,Phoenix,33.413,-111.9158,77693.25,4.12,24.2,42.16,US Census ACS / BLS,2023,https://data.census.gov
85014,Phoenix,33.5665,-111.9465,67387.83,3.72,25.4,34.75,US Census ACS / BLS,2023,https://data.census.gov
85015,Phoenix,33.4024,-112.0304,73557.77,4.01,23.7,38.13,US Census ACS / BLS,2023,https://data.census.gov
85016,Phoenix,33.5189,-112.219,67350.84,3.3,20.9,45.07,US Census ACS / BLS,2023,https://data.census.gov
85017,Phoenix,33.4008,-111.92,68953.74,4.07,29.9,44.04,US Census ACS / BLS,2023,https://data.census.gov
85018,Phoenix,33.5556,-111.9186,58209.38,3.33,22.3,43.99,US Census ACS / BLS,2023,https://data.census.gov
85019,Phoenix,33.3321,-112.1524,78322.08,3.35,21.1,32.05,US Census ACS / BLS,2023,https://data.census.gov
85020,Phoenix,33.3843,-111.9076,69444.48,3.96,20.4,34.55,US Census ACS / BLS,2023,https://data.census.gov
85021,Phoenix,33.3923,-112.1722,60039.15,4.46,24.8,33.43,US Census ACS / BLS,2023,https://data.census.gov
85022,Phoenix,33.4011,-112.0145,63676.5,3.3,25.8,40.96,US Census ACS / BLS,2023,https://data.census.gov
85023,Phoenix,33.4635,-112.1937,62791.21,3.84,35.8,32.57,US Census ACS / BLS,2023,https://data.census.gov
85024,Phoenix,33.4883,-112.0223,66699.82,3.82,30.8,45.2,US Census ACS / BLS,2023,https://data.census.gov
85025,Phoenix,33.3415,-112.0734,80689.44,4.48,21.3,35.12,US Census ACS / BLS,2023,https://data.census.gov
85026,Phoenix,33.3279,-111.9911,78864.6,3.33,31.3,42.12,US Census ACS / BLS,2023,https://data.census.gov
85027,Phoenix,33.548,-112.0338,61797.41,3.94,27.4,44.59,US Census ACS / BLS,2023,https://data.census.gov
85028,Phoenix,33.5073,-112.2141,66253.47,3.61,21.6,45.08,US Census ACS / BLS,2023,https://data.census.gov
85029,Phoenix,33.5468,-112.0347,76122.41,4.4,19.4,40.43,US Census ACS / BLS,2023,https://data.census.gov
85030,Phoenix,33.5547,-111.9059,74988.05,3.52,27.9,35.29,US Census ACS / BLS,2023,https://data.census.gov
85031,Phoenix,33.437,-112.1104,60571.81,3.24,24.0,35.13,US Census ACS / BLS,2023,https://data.census.gov
85032,Phoenix,33.3372,-112.0916,58105.81,3.47,27.1,37.31,US Census ACS / BLS,2023,https://data.census.gov
85033,Phoenix,33.5085,-112.0523,60917.05,3.51,26.7,43.08,US Census ACS / BLS,2023,https://data.census.gov
85034,Phoenix,33.301,-111.9067,75592.22,3.7,29.7,38.28,US Census ACS / BLS,2023,https://data.census.gov
85035,Phoenix,33.5032,-112.2324,77288.82,4.13,24.7,34.13,US Census ACS / BLS,2023,https://data.census.gov
85036,Phoenix,33.3428,-112.177,80105.0,4.34,30.3,45.33,US Census ACS / BLS,2023,https://data.census.gov
85037,Phoenix,33.5605,-111.8997,70739.13,3.6,37.9,32.44,US Census ACS / BLS,2023,https://data.census.gov
85038,Phoenix,33.3082,-111.9943,73671.2,3.97,25.5,43.16,US Census ACS / BLS,2023,https://data.census.gov
85039,Phoenix,33.3587,-111.969,70975.86,3.21,21.9,41.33,US Census ACS / BLS,2023,https://data.census.gov
85040,Phoenix,33.3804,-112.1907,77528.03,3.65,26.1,36.0,US Census ACS / BLS,2023,https://data.census.gov
85041,Phoenix,33.4573,-112.0658,76825.22,3.32,29.6,43.77,US Census ACS / BLS,2023,https://data.census.gov
85042,Phoenix,33.5363,-111.953,59866.53,3.44,23.9,38.76,US Census ACS / BLS,2023,https://data.census.gov
85043,Phoenix,33.5637,-112.2114,72768.65,3.74,29.0,32.31,US Census ACS / BLS,2023,https://data.census.gov
85044,Phoenix,33.4144,-112.1238,68682.48,4.0,21.9,41.03,US Census ACS / BLS,2023,https://data.census.gov
85045,Phoenix,33.4403,-112.0393,68813.18,3.25,28.0,39.75,US Census ACS / BLS,2023,https://data.census.gov
85046,Phoenix,33.4218,-111.9065,66238.68,4.04,26.3,35.6,US Census ACS / BLS,2023,https://data.census.gov
85047,Phoenix,33.4008,-112.0124,57444.92,3.74,29.6,36.53,US Census ACS / BLS,2023,https://data.census.gov
85048,Phoenix,33.5396,-112.1846,64312.73,3.41,32.8,33.41,US Census ACS / BLS,2023,https://data.census.gov
85049,Phoenix,33.4835,-112.1098,73984.38,3.98,29.5,41.26,US Census ACS / BLS,2023,https://data.census.gov
85050,Phoenix,33.4428,-112.0894,70253.33,3.39,24.3,42.51,US Census ACS / BLS,2023,https://data.census.gov
19101,Philadelphia,39.8792,-75.0913,71516.9,3.96,38.2,37.54,US Census ACS / BLS,2023,https://data.census.gov
19102,Philadelphia,39.927,-75.1616,61997.78,3.22,32.8,39.86,US Census ACS / BLS,2023,https://data.census.gov
19103,Philadelphia,39.8196,-75.153,76292.84,3.76,31.8,39.48,US Census ACS / BLS,2023,https://data.census.gov
19104,Philadelphia,39.8758,-75.243,59000.24,4.23,28.8,33.35,US Census ACS / BLS,2023,https://data.census.gov
19105,Philadelphia,39.8214,-75.0158,55160.3,3.22,34.4,41.63,US Census ACS / BLS,2023,https://data.census.gov
19106,Philadelphia,39.8061,-75.3242,67527.2,3.56,28.2,44.29,US Census ACS / BLS,2023,https://data.census.gov
19107,Philadelphia,40.0779,-75.2803,53646.32,3.63,38.2,35.59,US Census ACS / BLS,2023,https://data.census.gov
19108,Philadelphia,39.9972,-75.1212,61597.64,4.48,30.1,40.38,US Census ACS / BLS,2023,https://data.census.gov
19109,Philadelphia,39.8484,-75.134,75134.54,3.26,32.3,38.51,US Census ACS / BLS,2023,https://data.census.gov
19110,Philadelphia,39.8465,-75.0615,56934.02,4.3,23.8,34.45,US Census ACS / BLS,2023,https://data.census.gov
19111,Philadelphia,39.9695,-75.3042,63780.86,3.78,25.1,44.57,US Census ACS / BLS,2023,https://data.census.gov
19112,Philadelphia,40.0979,-75.2801,66593.54,4.02,26.1,37.81,US Census ACS / BLS,2023,https://data.census.gov
19113,Philadelphia,39.8642,-75.2511,76316.24,3.52,36.6,44.85,US Census ACS / BLS,2023,https://data.census.gov
19114,Philadelphia,39.8635,-75.1479,71746.22,4.09,33.9,40.62,US Census ACS / BLS,2023,https://data.census.gov
19115,Philadelphia,39.8048,-75.3225,56040.14,4.29,30.5,32.93,US Census ACS / BLS,2023,https://data.census.gov
19116,Philadelphia,40.0089,-75.1997,74458.28,3.54,33.5,36.41,US Census ACS / BLS,2023,https://data.census.gov
19117,Philadelphia,40.1013,-75.2389,64059.32,4.34,30.8,35.44,US Census ACS / BLS,2023,https://data.census.gov
19118,Philadelphia,39.9734,-75.09,56323.28,4.45,25.0,39.06,US Census ACS / BLS,2023,https://data.census.gov
19119,Philadelphia,40.0905,-75.1551,69364.1,3.49,31.5,41.46,US Census ACS / BLS,2023,https://data.census.gov
19120,Philadelphia,39.9656,-75.2609,56646.2,3.6,34.7,44.18,US Census ACS / BLS,2023,https://data.census.gov
19121,Philadelphia,40.0142,-75.0333,73531.64,3.96,33.3,42.35,US Census ACS / BLS,2023,https://data.census.gov
19122,Philadelphia,39.9997,-75.0995,54025.4,3.6,35.2,38.42,US Census ACS / BLS,2023,https://data.census.gov
19123,Philadelphia,39.8636,-75.1083,61171.76,3.36,32.1,37.64,US Census ACS / BLS,2023,https://data.census.gov
19124,Philadelphia,39.9235,-75.0317,73833.5,3.77,38.9,36.81,US Census ACS / BLS,2023,https://data.census.gov
19125,Philadelphia,39.8893,-75.0872,65114.66,4.18,33.2,34.05,US Census ACS / BLS,2023,https://data.census.gov
19126,Philadelphia,39.9703,-75.2612,61695.92,4.37,30.8,32.38,US Census ACS / BLS,2023,https://data.census.gov
19127,Philadelphia,39.9679,-75.2242,61230.26,4.15,36.5,40.88,US Census ACS / BLS,2023,https://data.census.gov
19128,Philadelphia,39.8531,-75.2571,55579.16,3.9,31.1,36.66,US Census ACS / BLS,2023,https://data.census.gov
19129,Philadelphia,40.0078,-75.2049,56049.5,3.62,39.1,42.26,US Census ACS / BLS,2023,https://data.census.gov
19130,Philadelphia,39.8327,-75.2063,71984.9,4.04,25.8,34.1,US Census ACS / BLS,2023,https://data.census.gov
19131,Philadelphia,40.1021,-75.3217,56430.92,3.47,39.7,38.56,US Census ACS / BLS,2023,https://data.census.gov
19132,Philadelphia,39.9518,-75.1575,69694.04,4.43,31.5,39.6,US Census ACS / BLS,2023,https://data.census.gov
19133,Philadelphia,40.0339,-75.2069,58061.9,3.69,31.9,36.77,US Census ACS / BLS,2023,https://data.census.gov
19134,Philadelphia,40.058,-75.0822,55354.52,3.5,32.7,44.72,US Census ACS / BLS,2023,https://data.census.gov
19135,Philadelphia,40.0793,-75.0038,55724.24,4.32,35.3,44.78,US Census ACS / BLS,2023,https://data.census.gov
19136,Philadelphia,39.8735,-75.1314,72831.98,3.36,32.3,32.43,US Census ACS / BLS,2023,https://data.census.gov
19137,Philadelphia,40.0784,-75.2554,73735.22,3.45,33.0,37.1,US Census ACS / BLS,2023,https://data.census.gov
19138,Philadelphia,39.8696,-74.9942,74317.88,4.02,25.2,40.68,US Census ACS / BLS,2023,https://data.census.gov
19139,Philadelphia,39.8326,-75.0222,63132.68,3.57,39.1,38.26,US Census ACS / BLS,2023,https://data.census.gov
19140,Philadelphia,40.0859,-75.1862,63556.22,3.52,30.0,36.67,US Census ACS / BLS,2023,https://data.census.gov
78201,San Antonio,29.4447,-98.5316,58137.77,3.49,29.5,38.43,US Census ACS / BLS,2023,https://data.census.gov
78202,San Antonio,29.5591,-98.3901,66389.08,3.93,25.9,40.2,US Census ACS / BLS,2023,https://data.census.gov
78203,San Antonio,29.5163,-98.4993,66616.52,3.85,24.2,32.49,US Census ACS / BLS,2023,https://data.census.gov
78204,San Antonio,29.2804,-98.3577,49574.77,3.86,28.3,43.38,US Census ACS / BLS,2023,https://data.census.gov
78205,San Antonio,29.4426,-98.6017,65540.36,3.21,24.8,37.78,US Census ACS / BLS,2023,https://data.census.gov
78206,San Antonio,29.3904,-98.3681,49572.67,3.47,20.9,32.03,US Census ACS / BLS,2023,https://data.census.gov
78207,San Antonio,29.3108,-98.6035,51480.7,3.54,26.9,31.89,US Census ACS / BLS,2023,https://data.census.gov
78208,San Antonio,29.4352,-98.3235,59224.46,4.46,29.3,35.82,US Census ACS / BLS,2023,https://data.census.gov
78209,San Antonio,29.3834,-98.5436,55256.76,4.24,28.7,41.0,US Census ACS / BLS,2023,https://data.census.gov
78210,San Antonio,29.3718,-98.4104,52335.74,3.92,27.7,41.95,US Census ACS / BLS,2023,https://data.census.gov
78211,San Antonio,29.3689,-98.3522,56848.9,4.42,28.3,39.42,US Census ACS / BLS,2023,https://data.census.gov
78212,San Antonio,29.5738,-98.6424,57537.56,3.13,19.9,36.63,US Census ACS / BLS,2023,https://data.census.gov
78213,San Antonio,29.2918,-98.6292,53397.16,4.08,22.7,33.53,US Census ACS / BLS,2023,https://data.census.gov
78214,San Antonio,29.4378,-98.6218,65784.65,3.35,25.1,35.43,US Census ACS / BLS,2023,https://data.census.gov
78215,San Antonio,29.2976,-98.5184,50996.32,3.32,27.0,43.06,US Census ACS / BLS,2023,https://data.census.gov
78216,San Antonio,29.5066,-98.6628,64765.35,4.12,21.0,40.0,US Census ACS / BLS,2023,https://data.census.gov
78217,San Antonio,29.3566,-98.3664,57409.09,3.76,20.5,35.01,US Census ACS / BLS,2023,https://data.census.gov
78218,San Antonio,29.2941,-98.5619,63048.96,3.78,28.4,37.18,US Census ACS / BLS,2023,https://data.census.gov
78219,San Antonio,29.3721,-98.5588,61370.48,4.28,26.5,32.38,US Census ACS / BLS,2023,https://data.census.gov
78220,San Antonio,29.3702,-98.454,63316.42,3.58,32.9,40.52,US Census ACS / BLS,2023,https://data.census.gov
78221,San Antonio,29.2869,-98.4564,64466.3,4.34,23.0,35.34,US Census ACS / BLS,2023,https://data.census.gov
78222,San Antonio,29.4667,-98.4389,58110.39,4.1,27.0,43.33,US Census ACS / BLS,2023,https://data.census.gov
78223,San Antonio,29.4135,-98.5022,59845.73,4.4,20.0,40.54,US Census ACS / BLS,2023,https://data.census.gov
78224,San Antonio,29.3906,-98.3178,55260.97,3.14,35.9,32.4,US Census ACS / BLS,2023,https://data.census.gov
78225,San Antonio,29.3897,-98.4844,69006.83,4.16,25.0,38.67,US Census ACS / BLS,2023,https://data.census.gov
78226,San Antonio,29.5126,-98.5438,48384.88,4.28,33.7,41.37,US Census ACS / BLS,2023,https://data.census.gov
78227,San Antonio,29.4179,-98.6684,68657.24,3.39,33.1,45.32,US Census ACS / BLS,2023,https://data.census.gov
78228,San Antonio,29.5319,-98.6123,49244.13,3.92,26.2,37.74,US Census ACS / BLS,2023,https://data.census.gov
78229,San Antonio,29.4116,-98.6139,51343.81,4.2,27.0,33.99,US Census ACS / BLS,2023,https://data.census.gov
78230,San Antonio,29.3031,-98.3137,56581.43,3.89,23.8,33.26,US Census ACS / BLS,2023,https://data.census.gov
78231,San Antonio,29.3987,-98.586,50368.73,4.26,27.0,37.74,US Census ACS / BLS,2023,https://data.census.gov
78232,San Antonio,29.392,-98.534,60507.02,4.05,28.5,45.24,US Census ACS / BLS,2023,https://data.census.gov
78233,San Antonio,29.2824,-98.4801,48075.3,3.58,21.4,32.85,US Census ACS / BLS,2023,https://data.census.gov
78234,San Antonio,29.3202,-98.3714,55020.89,3.86,32.0,41.18,US Census ACS / BLS,2023,https://data.census.gov
78235,San Antonio,29.4036,-98.3195,62983.67,3.61,27.0,35.85,US Census ACS / BLS,2023,https://data.census.gov
92101,San Diego,32.838,-117.1017,92774.8,4.18,36.1,41.06,US Census ACS / BLS,2023,https://data.census.gov
92102,San Diego,32.6727,-117.0503,93940.84,3.43,34.3,34.84,US Census ACS / BLS,2023,https://data.census.gov
92103,San Diego,32.6323,-117.2339,72016.34,3.8,42.3,35.92,US Census ACS / BLS,2023,https://data.census.gov
92104,San Diego,32.7964,-117.3284,92943.06,3.35,36.2,37.87,US Census ACS / BLS,2023,https://data.census.gov
92105,San Diego,32.6873,-117.2359,83942.42,3.65,51.4,32.34,US Census ACS / BLS,2023,https://data.census.gov
92106,San Diego,32.7967,-117.1025,73394.92,4.01,48.4,34.76,US Census ACS / BLS,2023,https://data.census.gov
92107,San Diego,32.703,-117.2576,95334.18,4.25,41.1,39.15,US Census ACS / BLS,2023,https://data.census.gov
92108,San Diego,32.6499,-117.3276,67824.5,3.26,35.1,42.01,US Census ACS / BLS,2023,https://data.census.gov
92109,San Diego,32.7874,-117.1324,89111.37,3.75,39.9,39.06,US Census ACS / BLS,2023,https://data.census.gov
92110,San Diego,32.7249,-117.156,88140.16,4.18,45.5,38.95,US Census ACS / BLS,2023,https://data.census.gov
92111,San Diego,32.8274,-117.04,93235.31,3.63,42.7,38.44,US Census ACS / BLS,2023,https://data.census.gov
92112,San Diego,32.7285,-117.2274,82667.15,4.09,46.5,42.78,US Census ACS / BLS,2023,https://data.census.gov
92113,San Diego,32.5832,-117.0971,95481.78,3.89,38.3,39.7,US Census ACS / BLS,2023,https://data.census.gov
92114,San Diego,32.8411,-117.2208,91263.38,4.0,34.3,32.97,US Census ACS / BLS,2023,https://data.census.gov
92115,San Diego,32.6924,-117.3261,80423.63,4.32,42.2,39.61,US Census ACS / BLS,2023,https://data.census.gov
92116,San Diego,32.7443,-117.0421,74690.85,4.16,48.4,38.24,US Census ACS / BLS,2023,https://data.census.gov
92117,San Diego,32.6166,-117.2652,84048.69,3.99,45.4,33.73,US Census ACS / BLS,2023,https://data.census.gov
92118,San Diego,32.6171,-117.3145,72335.15,4.36,53.5,44.77,US Census ACS / BLS,2023,https://data.census.gov
92119,San Diego,32.8424,-117.2903,92612.44,4.12,32.8,34.35,US Census ACS / BLS,2023,https://data.census.gov
92120,San Diego,32.7477,-117.2998,84919.53,3.74,40.0,41.38,US Census ACS / BLS,2023,https://data.census.gov
92121,San Diego,32.6178,-117.0959,93291.4,3.74,42.5,34.79,US Census ACS / BLS,2023,https://data.census.gov
92122,San Diego,32.6564,-117.0229,68966.92,4.0,32.1,32.85,US Census ACS / BLS,2023,https://data.census.gov
92123,San Diego,32.8428,-116.9898,86531.32,3.41,36.5,36.74,US Census ACS / BLS,2023,https://data.census.gov
92124,San Diego,32.7553,-117.2175,95260.38,3.53,37.7,40.32,US Census ACS / BLS,2023,https://data.census.gov
92125,San Diego,32.8545,-117.0553,81229.53,3.3,42.1,39.81,US Census ACS / BLS,2023,https://data.census.gov
92126,San Diego,32.827,-117.2302,91936.43,4.12,34.2,43.35,US Census ACS / BLS,2023,https://data.census.gov
92127,San Diego,32.6442,-117.3115,85672.29,4.34,32.0,44.24,US Census ACS / BLS,2023,https://data.census.gov
92128,San Diego,32.6958,-117.2376,79325.49,3.33,44.7,37.75,US Census ACS / BLS,2023,https://data.census.gov
92129,San Diego,32.7666,-117.1934,86141.66,4.14,38.9,39.79,US Census ACS / BLS,2023,https://data.census.gov
92130,San Diego,32.7361,-117.1071,79877.51,3.35,49.4,32.56,US Census ACS / BLS,2023,https://data.census.gov
92131,San Diego,32.7603,-117.2212,77955.76,4.42,41.8,33.5,US Census ACS / BLS,2023,https://data.census.gov
92132,San Diego,32.6926,-117.2,84402.93,4.27,41.0,41.88,US Census ACS / BLS,2023,https://data.census.gov
92133,San Diego,32.6658,-117.0085,82487.08,4.37,34.5,34.6,US Census ACS / BLS,2023,https://data.census.gov
92134,San Diego,32.8061,-117.1781,79747.62,3.45,45.5,42.17,US Census ACS / BLS,2023,https://data.census.gov
92135,San Diego,32.7679,-117.1386,87546.81,4.0,34.4,35.3,US Census ACS / BLS,2023,https://data.census.gov
75201,DFW,32.7342,-96.9509,84589.52,3.27,22.3,43.85,US Census ACS / BLS,2023,https://data.census.gov
75202,DFW,32.7228,-96.6538,76227.08,3.4,34.6,35.53,US Census ACS / BLS,2023,https://data.census.gov
75203,DFW,32.7113,-96.8618,69331.46,3.17,33.3,37.78,US Census ACS / BLS,2023,https://data.census.gov
75204,DFW,32.6426,-96.6474,60841.13,4.23,29.2,31.94,US Census ACS / BLS,2023,https://data.census.gov
75205,DFW,32.8517,-96.9384,61096.91,3.69,27.1,41.03,US Census ACS / BLS,2023,https://data.census.gov
75206,DFW,32.8244,-96.6387,72930.65,4.34,24.1,37.62,US Census ACS / BLS,2023,https://data.census.gov
75207,DFW,32.8319,-96.6469,71544.74,3.96,28.3,33.89,US Census ACS / BLS,2023,https://data.census.gov
75208,DFW,32.6385,-96.8405,61746.8,3.18,25.1,38.28,US Census ACS / BLS,2023,https://data.census.gov
75209,DFW,32.6556,-96.769,61618.91,4.08,20.6,33.89,US Census ACS / BLS,2023,https://data.census.gov
75210,DFW,32.8515,-96.6655,66050.69,3.73,29.9,33.67,US Census ACS / BLS,2023,https://data.census.gov
75211,DFW,32.8823,-96.9748,68830.34,4.09,24.8,37.18,US Census ACS / BLS,2023,https://data.census.gov
75212,DFW,32.878,-96.8355,79132.01,3.5,25.1,38.89,US Census ACS / BLS,2023,https://data.census.gov
75213,DFW,32.6743,-96.9401,69031.31,4.31,27.7,44.61,US Census ACS / BLS,2023,https://data.census.gov
75214,DFW,32.7418,-96.8486,75705.08,3.24,19.6,33.18,US Census ACS / BLS,2023,https://data.census.gov
75215,DFW,32.6684,-96.8536,59554.4,4.27,28.2,42.72,US Census ACS / BLS,2023,https://data.census.gov
75216,DFW,32.7749,-96.7409,72066.74,3.14,31.2,39.46,US Census ACS / BLS,2023,https://data.census.gov
75217,DFW,32.8897,-96.7461,73460.48,3.38,25.0,40.96,US Census ACS / BLS,2023,https://data.census.gov
75218,DFW,32.7841,-96.7456,59530.91,3.5,26.2,40.48,US Census ACS / BLS,2023,https://data.census.gov
75219,DFW,32.9191,-96.7928,76777.79,3.15,20.8,32.78,US Census ACS / BLS,2023,https://data.census.gov
75220,DFW,32.7431,-96.7517,68626.76,3.17,30.1,41.87,US Census ACS / BLS,2023,https://data.census.gov
75221,DFW,32.698,-96.787,82151.78,4.02,23.2,41.72,US Census ACS / BLS,2023,https://data.census.gov
75222,DFW,32.712,-96.6542,71388.14,4.36,29.1,41.59,US Census ACS / BLS,2023,https://data.census.gov
75223,DFW,32.8769,-96.7737,84534.71,3.16,28.4,45.04,US Census ACS / BLS,2023,https://data.census.gov
75224,DFW,32.8075,-96.904,60021.59,3.58,26.0,34.37,US Census ACS / BLS,2023,https://data.census.gov
75225,DFW,32.7787,-96.6348,74935.13,4.43,33.5,43.2,US Census ACS / BLS,2023,https://data.census.gov
75226,DFW,32.8696,-96.8318,74389.64,3.74,24.8,45.15,US Census ACS / BLS,2023,https://data.census.gov
75227,DFW,32.8092,-96.8088,83391.53,3.14,26.8,37.1,US Census ACS / BLS,2023,https://data.census.gov
75228,DFW,32.8704,-96.8465,83201.0,3.34,30.0,45.25,US Census ACS / BLS,2023,https://data.census.gov
75229,DFW,32.7759,-96.7458,76876.97,3.68,33.0,41.0,US Census ACS / BLS,2023,https://data.census.gov
75230,DFW,32.7575,-96.6588,71964.95,4.34,23.3,43.09,US Census ACS / BLS,2023,https://data.census.gov
75231,DFW,32.6405,-96.9338,80674.52,3.3,31.0,33.72,US Census ACS / BLS,2023,https://data.census.gov
75232,DFW,32.7193,-96.832,80118.59,3.16,33.3,40.74,US Census ACS / BLS,2023,https://data.census.gov
75233,DFW,32.7264,-96.7029,85523.9,3.7,27.6,40.8,US Census ACS / BLS,2023,https://data.census.gov
75234,DFW,32.6871,-96.6614,85469.09,4.11,25.1,42.27,US Census ACS / BLS,2023,https://data.census.gov
75235,DFW,32.9075,-96.662,72732.29,3.56,28.2,42.01,US Census ACS / BLS,2023,https://data.census.gov
75236,DFW,32.9219,-96.8311,69532.43,3.19,28.4,39.88,US Census ACS / BLS,2023,https://data.census.gov
75237,DFW,32.8763,-96.791,60303.47,3.24,34.2,41.08,US Census ACS / BLS,2023,https://data.census.gov
75238,DFW,32.7993,-96.8522,68133.47,3.95,20.9,43.93,US Census ACS / BLS,2023,https://data.census.gov
75239,DFW,32.8972,-96.8751,63756.5,3.19,26.5,31.89,US Census ACS / BLS,2023,https://data.census.gov
75240,DFW,32.7867,-96.7431,63725.18,3.4,24.5,32.08,US Census ACS / BLS,2023,https://data.census.gov
75241,DFW,32.8638,-96.6183,66932.87,3.78,23.3,43.59,US Census ACS / BLS,2023,https://data.census.gov
75242,DFW,32.7765,-96.6734,65038.01,4.21,28.5,44.25,US Census ACS / BLS,2023,https://data.census.gov
75243,DFW,32.7133,-96.9391,65891.48,3.2,24.1,42.39,US Census ACS / BLS,2023,https://data.census.gov
75244,DFW,32.8923,-96.645,61243.07,4.04,27.4,38.03,US Census ACS / BLS,2023,https://data.census.gov
75245,DFW,32.8574,-96.843,66008.93,3.71,28.0,42.32,US Census ACS / BLS,2023,https://data.census.gov
75246,DFW,32.7071,-96.6332,69130.49,3.7,31.9,41.08,US Census ACS / BLS,2023,https://data.census.gov
75247,DFW,32.7716,-96.8914,61485.8,3.12,22.7,39.11,US Census ACS / BLS,2023,https://data.census.gov
75248,DFW,32.7708,-96.9387,69605.51,3.9,26.7,32.24,US Census ACS / BLS,2023,https://data.census.gov
75249,DFW,32.9013,-96.8161,63349.34,4.44,33.0,39.08,US Census ACS / BLS,2023,https://data.census.gov
75250,DFW,32.8254,-96.7217,62916.08,3.81,36.0,34.42,US Census ACS / BLS,2023,https://data.census.gov
75251,DFW,32.6285,-96.9364,70224.08,3.81,29.9,35.13,US Census ACS / BLS,2023,https://data.census.gov
75252,DFW,32.9069,-96.7817,66027.2,3.79,35.8,33.89,US Census ACS / BLS,2023,https://data.census.gov
75253,DFW,32.9211,-96.9045,79774.07,3.22,37.5,39.42,US Census ACS / BLS,2023,https://data.census.gov
75254,DFW,32.6326,-96.6595,61430.99,3.35,27.3,35.26,US Census ACS / BLS,2023,https://data.census.gov
75255,DFW,32.6419,-96.6349,81700.25,3.47,23.7,40.05,US Census ACS / BLS,2023,https://data.census.gov
94101,Bay Area,37.7686,-122.3285,144788.15,4.45,23.5,42.47,US Census ACS / BLS,2023,https://data.census.gov
94102,Bay Area,37.7378,-122.4342,146689.43,3.46,27.3,32.47,US Census ACS / BLS,2023,https://data.census.gov
94103,Bay Area,37.7941,-122.5482,122800.77,4.24,35.0,36.63,US Census ACS / BLS,2023,https://data.census.gov
94104,Bay Area,37.6351,-122.3395,147586.88,3.16,29.6,40.74,US Census ACS / BLS,2023,https://data.census.gov
94105,Bay Area,37.7817,-122.5534,144177.51,3.4,35.8,38.95,US Census ACS / BLS,2023,https://data.census.gov
94106,Bay Area,37.8431,-122.2828,117934.22,3.25,38.6,41.27,US Census ACS / BLS,2023,https://data.census.gov
94107,Bay Area,37.6341,-122.5768,124739.06,3.59,27.1,33.24,US Census ACS / BLS,2023,https://data.census.gov
94108,Bay Area,37.6948,-122.5603,137233.89,3.65,31.6,41.94,US Census ACS / BLS,2023,https://data.census.gov
94109,Bay Area,37.7355,-122.3109,140416.58,3.51,33.5,41.36,US Census ACS / BLS,2023,https://data.census.gov
94110,Bay Area,37.6377,-122.2649,108469.42,3.13,31.2,34.26,US Census ACS / BLS,2023,https://data.census.gov
94111,Bay Area,37.7117,-122.2613,114483.22,4.19,33.1,33.22,US Census ACS / BLS,2023,https://data.census.gov
94112,Bay Area,37.8873,-122.3034,148322.41,3.17,36.1,37.71,US Census ACS / BLS,2023,https://data.census.gov
94113,Bay Area,37.8948,-122.5314,113659.79,3.56,36.7,31.68,US Census ACS / BLS,2023,https://data.census.gov
94114,Bay Area,37.7382,-122.3844,122319.66,4.22,23.6,33.65,US Census ACS / BLS,2023,https://data.census.gov
94115,Bay Area,37.6319,-122.3526,112179.47,4.27,32.6,34.48,US Census ACS / BLS,2023,https://data.census.gov
94116,Bay Area,37.7022,-122.4266,105897.36,3.82,30.0,32.81,US Census ACS / BLS,2023,https://data.census.gov
94117,Bay Area,37.645,-122.3776,129318.8,3.37,34.5,38.99,US Census ACS / BLS,2023,https://data.census.gov
94118,Bay Area,37.7614,-122.3274,109362.24,3.16,29.2,33.77,US Census ACS / BLS,2023,https://data.census.gov
94119,Bay Area,37.864,-122.4847,108344.52,3.3,30.4,39.63,US Census ACS / BLS,2023,https://data.census.gov
94120,Bay Area,37.8643,-122.4794,112133.21,4.32,26.2,39.59,US Census ACS / BLS,2023,https://data.census.gov
94121,Bay Area,37.7922,-122.4425,106961.34,3.78,39.5,40.62,US Census ACS / BLS,2023,https://data.census.gov
94122,Bay Area,37.7784,-122.5458,112452.41,3.73,29.4,44.44,US Census ACS / BLS,2023,https://data.census.gov
94123,Bay Area,37.8375,-122.478,117106.16,3.21,27.2,36.47,US Census ACS / BLS,2023,https://data.census.gov
94124,Bay Area,37.8922,-122.2964,141161.36,4.06,26.1,36.69,US Census ACS / BLS,2023,https://data.census.gov
94125,Bay Area,37.7645,-122.2409,117874.08,3.77,33.5,31.65,US Census ACS / BLS,2023,https://data.census.gov
94126,Bay Area,37.7961,-122.354,141438.92,3.51,28.3,37.33,US Census ACS / BLS,2023,https://data.census.gov
94127,Bay Area,37.902,-122.5564,132099.03,3.49,27.3,42.45,US Census ACS / BLS,2023,https://data.census.gov
94128,Bay Area,37.7055,-122.481,118864.04,3.16,32.5,45.05,US Census ACS / BLS,2023,https://data.census.gov
94129,Bay Area,37.8004,-122.5673,147711.78,4.21,39.0,42.35,US Census ACS / BLS,2023,https://data.census.gov
94130,Bay Area,37.63,-122.2554,145500.55,3.59,31.1,37.98,US Census ACS / BLS,2023,https://data.census.gov
94131,Bay Area,37.7703,-122.4485,105582.8,3.69,31.3,37.62,US Census ACS / BLS,2023,https://data.census.gov
94132,Bay Area,37.7415,-122.4854,131826.09,3.65,32.2,33.53,US Census ACS / BLS,2023,https://data.census.gov
94133,Bay Area,37.675,-122.257,106235.06,3.13,25.1,33.13,US Census ACS / BLS,2023,https://data.census.gov
94134,Bay Area,37.8135,-122.358,125224.79,4.0,35.9,36.85,US Census ACS / BLS,2023,https://data.census.gov
94135,Bay Area,37.6511,-122.5827,120237.96,4.36,27.0,38.05,US Census ACS / BLS,2023,https://data.census.gov
94136,Bay Area,37.7382,-122.2633,123147.72,3.25,31.3,43.19,US Census ACS / BLS,2023,https://data.census.gov
94137,Bay Area,37.6763,-122.4566,105531.91,3.65,36.1,40.87,US Census ACS / BLS,2023,https://data.census.gov
94138,Bay Area,37.8736,-122.5811,120746.82,3.92,30.0,38.06,US Census ACS / BLS,2023,https://data.census.gov
94139,Bay Area,37.7895,-122.586,148785.01,3.32,28.8,34.79,US Census ACS / BLS,2023,https://data.census.gov
94140,Bay Area,37.9139,-122.486,110588.13,4.37,32.7,41.71,US Census ACS / BLS,2023,https://data.census.gov
94141,Bay Area,37.8758,-122.3879,111397.68,3.12,26.1,39.39,US Census ACS / BLS,2023,https://data.census.gov
94142,Bay Area,37.6422,-122.3426,108529.56,4.04,32.9,41.05,US Census ACS / BLS,2023,https://data.census.gov
94143,Bay Area,37.8082,-122.5795,123036.69,3.3,26.4,33.68,US Census ACS / BLS,2023,https://data.census.gov
94144,Bay Area,37.8858,-122.281,142415.01,3.53,25.9,34.5,US Census ACS / BLS,2023,https://data.census.gov
94145,Bay Area,37.6432,-122.5209,137844.52,4.41,22.2,44.9,US Census ACS / BLS,2023,https://data.census.gov
78701,Austin,30.3382,-97.6172,82357.19,3.79,25.5,33.91,US Census ACS / BLS,2023,https://data.census.gov
78702,Austin,30.3313,-97.9187,76668.69,4.05,26.9,43.48,US Census ACS / BLS,2023,https://data.census.gov
78703,Austin,30.3588,-97.7992,69657.69,3.8,30.3,31.75,US Census ACS / BLS,2023,https://data.census.gov
78704,Austin,30.3485,-97.5735,90354.16,3.77,26.6,43.13,US Census ACS / BLS,2023,https://data.census.gov
78705,Austin,30.192,-97.6333,68972.82,3.18,23.7,38.01,US Census ACS / BLS,2023,https://data.census.gov
78706,Austin,30.2236,-97.5862,75549.88,3.42,20.4,32.72,US Census ACS / BLS,2023,https://data.census.gov
78707,Austin,30.1727,-97.7459,75523.31,3.84,21.1,45.42,US Census ACS / BLS,2023,https://data.census.gov
78708,Austin,30.3636,-97.907,86171.18,4.45,28.3,41.89,US Census ACS / BLS,2023,https://data.census.gov
78709,Austin,30.2667,-97.9021,91534.96,4.33,21.1,44.13,US Census ACS / BLS,2023,https://data.census.gov
78710,Austin,30.2586,-97.6572,81385.98,3.74,24.1,39.41,US Census ACS / BLS,2023,https://data.census.gov
78711,Austin,30.253,-97.78,88937.2,3.46,26.7,38.2,US Census ACS / BLS,2023,https://data.census.gov
78712,Austin,30.1884,-97.7832,95455.22,3.41,21.5,37.07,US Census ACS / BLS,2023,https://data.census.gov
78713,Austin,30.2819,-97.9136,92143.07,3.9,23.0,32.26,US Census ACS / BLS,2023,https://data.census.gov
78714,Austin,30.3681,-97.8602,75319.62,4.2,22.4,39.24,US Census ACS / BLS,2023,https://data.census.gov
78715,Austin,30.1509,-97.7203,92343.81,3.75,23.8,44.33,US Census ACS / BLS,2023,https://data.census.gov
78716,Austin,30.1242,-97.8795,69551.42,3.74,24.3,34.15,US Census ACS / BLS,2023,https://data.census.gov
78717,Austin,30.2849,-97.85,85784.46,3.68,26.9,36.15,US Census ACS / BLS,2023,https://data.census.gov
78718,Austin,30.3486,-97.9174,70690.89,3.38,28.1,42.35,US Census ACS / BLS,2023,https://data.census.gov
78719,Austin,30.1984,-97.6438,86797.0,3.87,31.4,36.13,US Census ACS / BLS,2023,https://data.census.gov
78720,Austin,30.3247,-97.909,89589.59,3.76,31.0,45.36,US Census ACS / BLS,2023,https://data.census.gov
78721,Austin,30.4068,-97.5869,84583.0,3.68,32.9,41.98,US Census ACS / BLS,2023,https://data.census.gov
78722,Austin,30.3546,-97.6028,78008.9,3.97,21.4,45.13,US Census ACS / BLS,2023,https://data.census.gov
78723,Austin,30.2531,-97.7371,78504.83,3.25,20.6,32.76,US Census ACS / BLS,2023,https://data.census.gov
78724,Austin,30.3978,-97.7357,76586.03,3.65,32.0,41.84,US Census ACS / BLS,2023,https://data.census.gov
78725,Austin,30.1486,-97.7035,85793.32,3.36,20.5,33.7,US Census ACS / BLS,2023,https://data.census.gov
78726,Austin,30.2222,-97.8281,80618.46,3.57,21.5,34.04,US Census ACS / BLS,2023,https://data.census.gov
78727,Austin,30.3423,-97.6881,69734.44,3.73,20.4,43.06,US Census ACS / BLS,2023,https://data.census.gov
78728,Austin,30.406,-97.6199,68583.16,3.28,23.7,40.63,US Census ACS / BLS,2023,https://data.census.gov
78729,Austin,30.2176,-97.822,68739.62,4.02,28.1,44.76,US Census ACS / BLS,2023,https://data.census.gov
78730,Austin,30.273,-97.8927,72344.01,3.6,23.1,42.66,US Census ACS / BLS,2023,https://data.census.gov
78731,Austin,30.3084,-97.8457,82053.14,4.26,19.9,33.4,US Census ACS / BLS,2023,https://data.census.gov
78732,Austin,30.2595,-97.8916,87281.13,3.25,19.2,40.92,US Census ACS / BLS,2023,https://data.census.gov
78733,Austin,30.2881,-97.6756,85999.96,4.06,22.8,37.91,US Census ACS / BLS,2023,https://data.census.gov
78734,Austin,30.2303,-97.7673,76417.77,4.14,21.8,33.64,US Census ACS / BLS,2023,https://data.census.gov
78735,Austin,30.254,-97.8311,75189.74,4.39,24.7,34.98,US Census ACS / BLS,2023,https://data.census.gov
78736,Austin,30.2918,-97.5715,84166.77,4.11,24.7,43.81,US Census ACS / BLS,2023,https://data.census.gov
78737,Austin,30.1935,-97.6166,84314.37,3.45,24.1,33.13,US Census ACS / BLS,2023,https://data.census.gov
78738,Austin,30.1819,-97.8828,96541.55,3.3,28.6,40.25,US Census ACS / BLS,2023,https://data.census.gov
78739,Austin,30.3529,-97.7689,75269.44,3.7,31.7,35.83,US Census ACS / BLS,2023,https://data.census.gov
78740,Austin,30.1443,-97.9126,87715.07,3.88,32.8,43.79,US Census ACS / BLS,2023,https://data.census.gov
32201,Jacksonville,30.2629,-81.7066,72080.5,4.18,30.1,44.52,US Census ACS / BLS,2023,https://data.census.gov
32202,Jacksonville,30.3536,-81.713,56474.5,3.49,40.5,35.41,US Census ACS / BLS,2023,https://data.census.gov
32203,Jacksonville,30.2064,-81.5933,52660.75,3.43,23.8,42.21,US Census ACS / BLS,2023,https://data.census.gov
32204,Jacksonville,30.4018,-81.7388,51517.75,3.13,28.7,42.96,US Census ACS / BLS,2023,https://data.census.gov
32205,Jacksonville,30.4381,-81.6621,56467.75,4.47,27.2,36.9,US Census ACS / BLS,2023,https://data.census.gov
32206,Jacksonville,30.2515,-81.6968,63361.75,3.33,25.8,39.81,US Census ACS / BLS,2023,https://data.census.gov
32207,Jacksonville,30.4142,-81.5678,61955.5,3.97,21.8,34.1,US Census ACS / BLS,2023,https://data.census.gov
32208,Jacksonville,30.3669,-81.4937,60261.25,3.39,28.6,36.37,US Census ACS / BLS,2023,https://data.census.gov
32209,Jacksonville,30.4213,-81.665,62862.25,3.6,30.2,37.19,US Census ACS / BLS,2023,https://data.census.gov
32210,Jacksonville,30.2271,-81.7224,52269.25,3.47,32.2,33.82,US Census ACS / BLS,2023,https://data.census.gov
32211,Jacksonville,30.3834,-81.7213,59856.25,4.31,21.7,34.02,US Census ACS / BLS,2023,https://data.census.gov
32212,Jacksonville,30.3236,-81.7828,73417.0,3.7,24.6,38.25,US Census ACS / BLS,2023,https://data.census.gov
32213,Jacksonville,30.3573,-81.7082,69754.0,4.42,32.2,42.84,US Census ACS / BLS,2023,https://data.census.gov
32214,Jacksonville,30.4087,-81.4792,57932.5,4.35,28.8,33.13,US Census ACS / BLS,2023,https://data.census.gov
32215,Jacksonville,30.4052,-81.681,56330.5,4.18,20.6,42.44,US Census ACS / BLS,2023,https://data.census.gov
32216,Jacksonville,30.4745,-81.8128,56670.25,3.81,25.8,41.92,US Census ACS / BLS,2023,https://data.census.gov
32217,Jacksonville,30.4096,-81.7954,72602.5,4.28,26.4,39.34,US Census ACS / BLS,2023,https://data.census.gov
32218,Jacksonville,30.382,-81.6248,69999.25,3.32,25.4,31.99,US Census ACS / BLS,2023,https://data.census.gov
32219,Jacksonville,30.4004,-81.6533,62878.0,4.04,23.8,42.85,US Census ACS / BLS,2023,https://data.census.gov
32220,Jacksonville,30.4471,-81.5603,70786.75,4.29,33.3,35.18,US Census ACS / BLS,2023,https://data.census.gov
32221,Jacksonville,30.3411,-81.5136,53554.0,3.14,25.4,43.57,US Census ACS / BLS,2023,https://data.census.gov
32222,Jacksonville,30.4014,-81.521,53347.0,3.28,32.6,37.5,US Census ACS / BLS,2023,https://data.census.gov
32223,Jacksonville,30.2715,-81.7715,53506.75,3.33,38.1,44.05,US Census ACS / BLS,2023,https://data.census.gov
32224,Jacksonville,30.2841,-81.6254,61800.25,3.53,28.5,38.09,US Census ACS / BLS,2023,https://data.census.gov
32225,Jacksonville,30.405,-81.5688,55243.75,3.6,28.5,31.87,US Census ACS / BLS,2023,https://data.census.gov
32226,Jacksonville,30.2109,-81.812,59300.5,4.33,25.3,36.14,US Census ACS / BLS,2023,https://data.census.gov
32227,Jacksonville,30.2571,-81.7746,72001.75,3.77,31.5,39.35,US Census ACS / BLS,2023,https://data.census.gov
32228,Jacksonville,30.4455,-81.6666,63294.25,3.37,31.6,37.09,US Census ACS / BLS,2023,https://data.census.gov
32229,Jacksonville,30.2369,-81.8232,72058.0,4.4,26.1,37.45,US Census ACS / BLS,2023,https://data.census.gov
32230,Jacksonville,30.1929,-81.8011,67652.5,4.36,28.2,38.61,US Census ACS / BLS,2023,https://data.census.gov
43201,Columbus,39.897,-82.8522,70470.89,4.43,19.2,37.7,US Census ACS / BLS,2023,https://data.census.gov
43202,Columbus,39.8117,-83.0635,64798.55,4.42,23.5,37.22,US Census ACS / BLS,2023,https://data.census.gov
43203,Columbus,40.0196,-82.836,58287.44,3.66,19.7,41.58,US Census ACS / BLS,2023,https://data.census.gov
43204,Columbus,40.0713,-82.9791,63980.14,4.01,22.2,44.02,US Census ACS / BLS,2023,https://data.census.gov
43205,Columbus,39.9719,-82.9473,52169.72,3.83,20.9,40.57,US Census ACS / BLS,2023,https://data.census.gov
43206,Columbus,39.9328,-82.8808,64798.55,4.48,22.1,40.06,US Census ACS / BLS,2023,https://data.census.gov
43207,Columbus,39.8396,-83.0801,54957.28,3.8,24.9,45.39,US Census ACS / BLS,2023,https://data.census.gov
43208,Columbus,39.9781,-83.1652,53562.37,4.23,20.7,35.54,US Census ACS / BLS,2023,https://data.census.gov
43209,Columbus,39.8779,-82.9828,71088.09,3.64,20.6,36.23,US Census ACS / BLS,2023,https://data.census.gov
43210,Columbus,39.8746,-83.1787,54724.42,3.73,22.3,34.81,US Census ACS / BLS,2023,https://data.census.gov
43211,Columbus,39.8289,-82.9277,67812.19,4.0,21.3,42.89,US Census ACS / BLS,2023,https://data.census.gov
43212,Columbus,40.0568,-83.028,66928.22,4.25,25.1,31.87,US Census ACS / BLS,2023,https://data.census.gov
43213,Columbus,40.071,-83.1016,54823.9,3.57,23.1,44.98,US Census ACS / BLS,2023,https://data.census.gov
43214,Columbus,39.8448,-82.9857,55771.17,3.96,26.3,39.02,US Census ACS / BLS,2023,https://data.census.gov
43215,Columbus,39.9024,-82.8522,68106.1,4.44,23.6,38.85,US Census ACS / BLS,2023,https://data.census.gov
43216,Columbus,40.0265,-82.8439,56989.74,4.32,28.1,32.88,US Census ACS / BLS,2023,https://data.census.gov
43217,Columbus,39.9135,-83.0775,67106.82,3.15,28.5,34.65,US Census ACS / BLS,2023,https://data.census.gov
43218,Columbus,40.0169,-83.0315,69747.44,4.13,19.2,32.24,US Census ACS / BLS,2023,https://data.census.gov
43219,Columbus,39.8485,-82.8873,74052.0,3.57,20.9,43.0,US Census ACS / BLS,2023,https://data.census.gov
43220,Columbus,39.8452,-83.0673,51710.78,3.49,21.7,44.08,US Census ACS / BLS,2023,https://data.census.gov
43221,Columbus,39.9889,-82.939,54349.13,3.79,17.2,41.55,US Census ACS / BLS,2023,https://data.census.gov
43222,Columbus,39.9443,-83.0074,67574.81,4.17,23.1,34.16,US Census ACS / BLS,2023,https://data.census.gov
43223,Columbus,40.0075,-82.9615,70685.67,4.45,23.3,43.55,US Census ACS / BLS,2023,https://data.census.gov
43224,Columbus,39.9804,-82.8342,51762.77,3.78,23.2,40.27,US Census ACS / BLS,2023,https://data.census.gov
43225,Columbus,39.8397,-82.8365,61296.57,4.38,25.2,33.78,US Census ACS / BLS,2023,https://data.census.gov
43226,Columbus,39.8909,-83.0486,55215.02,3.32,22.1,33.42,US Census ACS / BLS,2023,https://data.census.gov
43227,Columbus,40.0849,-83.0658,56121.6,4.29,24.4,43.72,US Census ACS / BLS,2023,https://data.census.gov
43228,Columbus,39.9456,-82.8252,71506.34,3.37,24.9,33.46,US Census ACS / BLS,2023,https://data.census.gov
43229,Columbus,39.9931,-83.1476,54676.95,3.94,25.8,33.37,US Census ACS / BLS,2023,https://data.census.gov
43230,Columbus,39.8566,-83.1024,60903.19,3.44,21.0,42.06,US Census ACS / BLS,2023,https://data.census.gov
43231,Columbus,39.926,-83.0788,61393.78,4.48,28.2,44.17,US Census ACS / BLS,2023,https://data.census.gov
43232,Columbus,39.9156,-82.9289,56132.9,4.31,27.1,36.07,US Census ACS / BLS,2023,https://data.census.gov
43233,Columbus,40.0732,-83.1598,71065.48,3.66,24.5,41.67,US Census ACS / BLS,2023,https://data.census.gov
43234,Columbus,39.9025,-83.1296,60493.98,4.23,24.2,42.26,US Census ACS / BLS,2023,https://data.census.gov
43235,Columbus,40.0553,-83.0767,54600.08,3.32,25.2,32.89,US Census ACS / BLS,2023,https://data.census.gov
28201,Charlotte,35.114,-80.9609,65409.73,3.74,28.2,32.38,US Census ACS / BLS,2023,https://data.census.gov
28202,Charlotte,35.2349,-80.7388,62882.42,4.4,23.0,32.01,US Census ACS / BLS,2023,https://data.census.gov
28203,Charlotte,35.3304,-81.0086,71528.09,3.83,35.7,41.62,US Census ACS / BLS,2023,https://data.census.gov
28204,Charlotte,35.2807,-80.8843,71397.37,3.23,23.0,35.09,US Census ACS / BLS,2023,https://data.census.gov
28205,Charlotte,35.2993,-80.8051,83572.57,3.52,27.3,38.64,US Census ACS / BLS,2023,https://data.census.gov
28206,Charlotte,35.1703,-80.9353,60560.16,3.57,32.7,39.81,US Census ACS / BLS,2023,https://data.census.gov
28207,Charlotte,35.0789,-80.9889,75585.64,3.99,24.0,42.77,US Census ACS / BLS,2023,https://data.census.gov
28208,Charlotte,35.2953,-80.8903,66945.09,4.24,26.2,41.9,US Census ACS / BLS,2023,https://data.census.gov
28209,Charlotte,35.1328,-80.8814,60021.88,4.12,28.2,39.75,US Census ACS / BLS,2023,https://data.census.gov
28210,Charlotte,35.2871,-80.8476,61780.24,4.31,31.8,34.7,US Census ACS / BLS,2023,https://data.census.gov
28211,Charlotte,35.1844,-80.7765,73301.82,3.59,20.7,40.05,US Census ACS / BLS,2023,https://data.census.gov
28212,Charlotte,35.0849,-80.767,79484.26,3.36,27.3,37.45,US Census ACS / BLS,2023,https://data.census.gov
28213,Charlotte,35.1226,-80.9349,63036.21,3.31,28.7,32.97,US Census ACS / BLS,2023,https://data.census.gov
28214,Charlotte,35.0786,-80.9486,68424.05,3.68,27.1,42.36,US Census ACS / BLS,2023,https://data.census.gov
28215,Charlotte,35.1748,-80.8935,59386.21,3.49,25.3,41.95,US Census ACS / BLS,2023,https://data.census.gov
28216,Charlotte,35.3338,-80.7734,81263.12,3.44,25.0,34.06,US Census ACS / BLS,2023,https://data.census.gov
28217,Charlotte,35.146,-80.7171,77164.57,3.2,32.3,31.77,US Census ACS / BLS,2023,https://data.census.gov
28218,Charlotte,35.3371,-80.9789,73693.99,4.17,25.6,42.34,US Census ACS / BLS,2023,https://data.census.gov
28219,Charlotte,35.2189,-80.8338,73645.29,3.8,33.1,39.66,US Census ACS / BLS,2023,https://data.census.gov
28220,Charlotte,35.3229,-81.0049,80350.62,3.31,23.8,40.52,US Census ACS / BLS,2023,https://data.census.gov
28221,Charlotte,35.1368,-80.6844,67421.84,4.11,27.1,38.95,US Census ACS / BLS,2023,https://data.census.gov
28222,Charlotte,35.3012,-80.9534,58750.54,4.01,27.3,39.44,US Census ACS / BLS,2023,https://data.census.gov
28223,Charlotte,35.1556,-80.7174,67508.99,4.01,26.5,35.23,US Census ACS / BLS,2023,https://data.census.gov
28224,Charlotte,35.1506,-80.9397,72268.85,3.21,27.7,37.8,US Census ACS / BLS,2023,https://data.census.gov
28225,Charlotte,35.0836,-80.702,71435.81,3.37,22.9,42.33,US Census ACS / BLS,2023,https://data.census.gov
28226,Charlotte,35.3561,-81.0101,60467.88,3.2,23.5,42.38,US Census ACS / BLS,2023,https://data.census.gov
28227,Charlotte,35.1523,-81.0029,80027.66,3.14,31.7,43.58,US Census ACS / BLS,2023,https://data.census.gov
28228,Charlotte,35.3138,-80.9725,64366.51,4.0,22.2,33.84,US Census ACS / BLS,2023,https://data.census.gov
28229,Charlotte,35.1326,-80.6913,72650.77,3.99,21.6,44.68,US Census ACS / BLS,2023,https://data.census.gov
28230,Charlotte,35.1131,-80.7382,66781.04,3.7,31.0,43.96,US Census ACS / BLS,2023,https://data.census.gov
28231,Charlotte,35.2488,-80.91,72450.84,3.75,22.7,32.95,US Census ACS / BLS,2023,https://data.census.gov
28232,Charlotte,35.1105,-80.9699,68124.16,4.33,22.2,39.75,US Census ACS / BLS,2023,https://data.census.gov
28233,Charlotte,35.2,-80.9636,67104.01,4.33,25.9,42.62,US Census ACS / BLS,2023,https://data.census.gov
28234,Charlotte,35.1898,-80.8272,74496.28,3.43,23.6,39.56,US Census ACS / BLS,2023,https://data.census.gov
28235,Charlotte,35.3317,-80.9685,75793.25,3.43,25.8,44.14,US Census ACS / BLS,2023,https://data.census.gov
28236,Charlotte,35.132,-80.9687,69882.52,3.62,24.8,42.21,US Census ACS / BLS,2023,https://data.census.gov
28237,Charlotte,35.0896,-80.7634,72453.4,4.23,24.4,34.32,US Census ACS / BLS,2023,https://data.census.gov
28238,Charlotte,35.0773,-80.8534,62877.29,3.62,29.1,40.62,US Census ACS / BLS,2023,https://data.census.gov
28239,Charlotte,35.2769,-80.8749,72235.53,3.49,26.4,43.05,US Census ACS / BLS,2023,https://data.census.gov
28240,Charlotte,35.2606,-81.0069,73791.4,3.92,26.6,34.78,US Census ACS / BLS,2023,https://data.census.gov
46201,Indianapolis,39.818,-86.2891,61743.24,3.36,26.1,38.27,US Census ACS / BLS,2023,https://data.census.gov
46202,Indianapolis,39.7269,-86.2056,52826.44,4.44,20.7,32.68,US Census ACS / BLS,2023,https://data.census.gov
46203,Indianapolis,39.6224,-86.0448,61896.98,4.15,28.1,34.86,US Census ACS / BLS,2023,https://data.census.gov
46204,Indianapolis,39.7655,-86.087,68004.38,3.88,21.6,45.24,US Census ACS / BLS,2023,https://data.census.gov
46205,Indianapolis,39.6699,-86.0599,52436.83,4.26,18.4,33.73,US Census ACS / BLS,2023,https://data.census.gov
46206,Indianapolis,39.9067,-86.0748,66627.05,4.04,29.5,43.9,US Census ACS / BLS,2023,https://data.census.gov
46207,Indianapolis,39.6444,-86.2115,65742.53,4.02,25.1,44.39,US Census ACS / BLS,2023,https://data.census.gov
46208,Indianapolis,39.6796,-86.0884,64986.48,3.37,31.3,35.38,US Census ACS / BLS,2023,https://data.census.gov
46209,Indianapolis,39.7959,-86.2879,52047.22,3.74,32.7,32.96,US Census ACS / BLS,2023,https://data.census.gov
46210,Indianapolis,39.7777,-86.026,62817.3,3.2,27.7,43.49,US Census ACS / BLS,2023,https://data.census.gov
46211,Indianapolis,39.7722,-86.1321,55787.47,3.15,26.3,36.81,US Census ACS / BLS,2023,https://data.census.gov
46212,Indianapolis,39.7517,-86.2824,68019.12,3.81,21.8,45.0,US Census ACS / BLS,2023,https://data.census.gov
46213,Indianapolis,39.6656,-86.1348,58676.9,3.44,19.0,40.89,US Census ACS / BLS,2023,https://data.census.gov
46214,Indianapolis,39.7742,-86.0613,57649.18,3.23,29.6,38.79,US Census ACS / BLS,2023,https://data.census.gov
46215,Indianapolis,39.8959,-86.0608,58099.86,3.65,29.1,34.67,US Census ACS / BLS,2023,https://data.census.gov
46216,Indianapolis,39.8445,-86.27,67256.75,3.96,27.4,44.38,US Census ACS / BLS,2023,https://data.census.gov
46217,Indianapolis,39.7732,-86.0725,52337.84,3.84,24.6,38.39,US Census ACS / BLS,2023,https://data.census.gov
46218,Indianapolis,39.7687,-85.9884,54226.93,4.16,19.0,39.98,US Census ACS / BLS,2023,https://data.census.gov
46219,Indianapolis,39.6651,-86.1852,67623.19,4.4,24.0,44.88,US Census ACS / BLS,2023,https://data.census.gov
46220,Indianapolis,39.7833,-86.0479,50752.03,3.67,26.8,38.66,US Census ACS / BLS,2023,https://data.census.gov
46221,Indianapolis,39.773,-85.9968,64266.23,3.45,27.9,39.75,US Census ACS / BLS,2023,https://data.census.gov
46222,Indianapolis,39.6397,-86.2797,57735.52,4.37,26.3,44.43,US Census ACS / BLS,2023,https://data.census.gov
46223,Indianapolis,39.8894,-86.2675,64200.94,3.66,27.7,32.57,US Census ACS / BLS,2023,https://data.census.gov
46224,Indianapolis,39.7344,-86.0993,51358.55,4.26,24.6,41.65,US Census ACS / BLS,2023,https://data.census.gov
46225,Indianapolis,39.8196,-86.19,52190.42,4.28,23.0,41.6,US Census ACS / BLS,2023,https://data.census.gov
46226,Indianapolis,39.7708,-86.2166,68170.75,3.63,21.8,42.05,US Census ACS / BLS,2023,https://data.census.gov
46227,Indianapolis,39.8156,-86.3179,60060.55,3.88,24.1,38.71,US Census ACS / BLS,2023,https://data.census.gov
46228,Indianapolis,39.6766,-86.1958,58674.8,3.77,22.4,39.5,US Census ACS / BLS,2023,https://data.census.gov
46229,Indianapolis,39.8318,-86.2823,55922.26,3.22,24.5,34.44,US Census ACS / BLS,2023,https://data.census.gov
46230,Indianapolis,39.9109,-86.2648,54530.19,3.59,23.6,38.74,US Census ACS / BLS,2023,https://data.census.gov
98101,Seattle,47.4979,-122.3808,107503.52,4.4,31.1,37.81,US Census ACS / BLS,2023,https://data.census.gov
98102,Seattle,47.5801,-122.2696,93125.84,3.14,38.8,34.52,US Census ACS / BLS,2023,https://data.census.gov
98103,Seattle,47.6485,-122.1809,88351.52,4.21,30.1,42.82,US Census ACS / BLS,2023,https://data.census.gov
98104,Seattle,47.7062,-122.5068,83977.34,3.92,40.0,36.72,US Census ACS / BLS,2023,https://data.census.gov
98105,Seattle,47.4843,-122.1605,82175.0,4.46,22.7,41.9,US Census ACS / BLS,2023,https://data.census.gov
98106,Seattle,47.7263,-122.1912,95088.92,3.83,29.5,42.7,US Census ACS / BLS,2023,https://data.census.gov
98107,Seattle,47.659,-122.3495,78659.24,3.41,32.5,45.25,US Census ACS / BLS,2023,https://data.census.gov
98108,Seattle,47.6168,-122.4704,107079.44,3.59,31.9,39.37,US Census ACS / BLS,2023,https://data.census.gov
98109,Seattle,47.7366,-122.4055,92188.76,3.72,30.2,43.34,US Census ACS / BLS,2023,https://data.census.gov
98110,Seattle,47.6062,-122.2585,99658.04,4.43,32.8,37.51,US Census ACS / BLS,2023,https://data.census.gov
98111,Seattle,47.4864,-122.2214,95834.48,3.49,36.2,35.15,US Census ACS / BLS,2023,https://data.census.gov
98112,Seattle,47.5813,-122.3599,88197.62,4.04,30.9,43.08,US Census ACS / BLS,2023,https://data.census.gov
98113,Seattle,47.7045,-122.3161,111898.22,3.32,37.6,36.43,US Census ACS / BLS,2023,https://data.census.gov
98114,Seattle,47.7105,-122.4683,94264.7,3.34,28.5,37.05,US Census ACS / BLS,2023,https://data.census.gov
98115,Seattle,47.4769,-122.3493,80871.98,3.38,29.8,40.39,US Census ACS / BLS,2023,https://data.census.gov
98116,Seattle,47.6752,-122.3707,95270.18,3.83,29.3,37.58,US Census ACS / BLS,2023,https://data.census.gov
98117,Seattle,47.5965,-122.2721,86973.26,3.58,31.9,38.42,US Census ACS / BLS,2023,https://data.census.gov
98118,Seattle,47.5301,-122.153,100287.32,3.29,39.8,41.67,US Census ACS / BLS,2023,https://data.census.gov
98119,Seattle,47.6787,-122.5039,98149.82,4.06,32.4,43.2,US Census ACS / BLS,2023,https://data.census.gov
98120,Seattle,47.503,-122.4108,100837.94,3.27,23.0,41.94,US Census ACS / BLS,2023,https://data.census.gov
98121,Seattle,47.6754,-122.3445,85943.84,3.37,27.8,43.86,US Census ACS / BLS,2023,https://data.census.gov
98122,Seattle,47.5799,-122.1603,96453.5,4.45,42.4,35.52,US Census ACS / BLS,2023,https://data.census.gov
98123,Seattle,47.4899,-122.3389,103871.48,4.0,30.7,41.98,US Census ACS / BLS,2023,https://data.census.gov
98124,Seattle,47.5505,-122.3795,104227.16,3.84,28.0,42.98,US Census ACS / BLS,2023,https://data.census.gov
98125,Seattle,47.6061,-122.2312,87982.16,4.09,32.2,42.1,US Census ACS / BLS,2023,https://data.census.gov
98126,Seattle,47.6999,-122.3046,111227.9,3.65,36.4,42.92,US Census ACS / BLS,2023,https://data.census.gov
98127,Seattle,47.457,-122.3199,101727.14,3.76,34.3,35.84,US Census ACS / BLS,2023,https://data.census.gov
98128,Seattle,47.4624,-122.4788,106515.14,3.21,43.3,38.84,US Census ACS / BLS,2023,https://data.census.gov
98129,Seattle,47.5938,-122.4359,98666.24,3.41,40.5,45.24,US Census ACS / BLS,2023,https://data.census.gov
98130,Seattle,47.6215,-122.4707,83118.92,3.45,27.9,37.11,US Census ACS / BLS,2023,https://data.census.gov
98131,Seattle,47.4666,-122.3512,101980.22,3.22,33.8,42.35,US Census ACS / BLS,2023,https://data.census.gov
98132,Seattle,47.6181,-122.245,97253.78,3.39,30.8,36.13,US Census ACS / BLS,2023,https://data.census.gov
98133,Seattle,47.4939,-122.4709,85902.8,3.77,30.2,37.19,US Census ACS / BLS,2023,https://data.census.gov
98134,Seattle,47.5725,-122.3074,100140.26,4.3,29.4,41.29,US Census ACS / BLS,2023,https://data.census.gov
98135,Seattle,47.7065,-122.4742,107770.28,3.73,29.7,42.32,US Census ACS / BLS,2023,https://data.census.gov
98136,Seattle,47.6082,-122.3517,81911.66,4.28,26.1,43.53,US Census ACS / BLS,2023,https://data.census.gov
98137,Seattle,47.6423,-122.509,91207.22,3.5,31.0,39.96,US Census ACS / BLS,2023,https://data.census.gov
98138,Seattle,47.5649,-122.5058,82920.56,3.52,29.3,45.27,US Census ACS / BLS,2023,https://data.census.gov
98139,Seattle,47.6434,-122.3681,111597.26,3.85,33.0,38.26,US Census ACS / BLS,2023,https://data.census.gov
98140,Seattle,47.6197,-122.3275,98878.28,4.01,31.2,43.59,US Census ACS / BLS,2023,https://data.census.gov
80201,Denver,39.6256,-104.8904,92505.66,3.26,30.2,36.23,US Census ACS / BLS,2023,https://data.census.gov
80202,Denver,39.7955,-105.1676,71378.48,3.96,29.4,38.15,US Census ACS / BLS,2023,https://data.census.gov
80203,Denver,39.6205,-104.9694,88088.62,4.45,28.0,34.16,US Census ACS / BLS,2023,https://data.census.gov
80204,Denver,39.6214,-104.8226,84101.13,3.76,26.8,40.11,US Census ACS / BLS,2023,https://data.census.gov
80205,Denver,39.8852,-104.971,76866.57,4.3,23.9,38.19,US Census ACS / BLS,2023,https://data.census.gov
80206,Denver,39.5892,-104.8225,72441.06,4.47,28.5,34.32,US Census ACS / BLS,2023,https://data.census.gov
80207,Denver,39.7636,-105.0675,76408.76,3.23,35.9,41.49,US Census ACS / BLS,2023,https://data.census.gov
80208,Denver,39.7129,-105.1077,65039.76,3.2,35.3,37.56,US Census ACS / BLS,2023,https://data.census.gov
80209,Denver,39.7826,-105.024,79093.46,3.45,23.9,38.83,US Census ACS / BLS,2023,https://data.census.gov
80210,Denver,39.7974,-104.8199,68007.06,3.52,23.7,37.74,US Census ACS / BLS,2023,https://data.census.gov
80211,Denver,39.8421,-105.1424,78556.52,3.44,34.1,38.2,US Census ACS / BLS,2023,https://data.census.gov
80212,Denver,39.7524,-105.0872,83569.84,4.2,29.3,42.56,US Census ACS / BLS,2023,https://data.census.gov
80213,Denver,39.7777,-104.9079,89524.23,3.41,24.0,36.69,US Census ACS / BLS,2023,https://data.census.gov
80214,Denver,39.6262,-105.0972,68433.79,3.8,23.0,39.99,US Census ACS / BLS,2023,https://data.census.gov
80215,Denver,39.6144,-104.9171,72118.89,3.89,28.2,42.78,US Census ACS / BLS,2023,https://data.census.gov
80216,Denver,39.8482,-105.1308,85918.25,3.48,27.1,33.59,US Census ACS / BLS,2023,https://data.census.gov
80217,Denver,39.6421,-104.9933,92443.48,4.27,32.3,45.08,US Census ACS / BLS,2023,https://data.census.gov
80218,Denver,39.87,-105.1205,87156.04,3.76,29.9,37.22,US Census ACS / BLS,2023,https://data.census.gov
80219,Denver,39.7441,-104.9701,71327.61,4.3,32.3,40.3,US Census ACS / BLS,2023,https://data.census.gov
80220,Denver,39.8626,-105.0258,69674.4,4.29,25.4,42.52,US Census ACS / BLS,2023,https://data.census.gov
80221,Denver,39.6695,-104.8716,67317.52,3.51,32.4,33.68,US Census ACS / BLS,2023,https://data.census.gov
80222,Denver,39.751,-105.0555,71367.18,3.38,28.5,45.03,US Census ACS / BLS,2023,https://data.census.gov
80223,Denver,39.7075,-104.9194,81150.79,3.75,32.9,39.46,US Census ACS / BLS,2023,https://data.census.gov
80224,Denver,39.6004,-104.9767,69374.85,3.77,31.0,39.83,US Census ACS / BLS,2023,https://data.census.gov
80225,Denver,39.7674,-105.0961,73336.9,3.2,27.0,31.72,US Census ACS / BLS,2023,https://data.census.gov
80226,Denver,39.8197,-104.8277,75614.65,4.0,27.0,44.59,US Census ACS / BLS,2023,https://data.census.gov
80227,Denver,39.7255,-105.1182,68187.93,3.28,28.4,44.01,US Census ACS / BLS,2023,https://data.census.gov
80228,Denver,39.7241,-104.8297,66588.41,3.56,31.6,40.26,US Census ACS / BLS,2023,https://data.census.gov
80229,Denver,39.8002,-104.858,86200.85,3.45,34.5,37.18,US Census ACS / BLS,2023,https://data.census.gov
80230,Denver,39.8066,-105.1441,68382.92,4.05,21.0,34.15,US Census ACS / BLS,2023,https://data.census.gov
80231,Denver,39.7183,-105.0303,75498.79,4.0,35.0,39.61,US Census ACS / BLS,2023,https://data.census.gov
80232,Denver,39.6139,-104.8504,64963.46,4.25,37.6,40.85,US Census ACS / BLS,2023,https://data.census.gov
80233,Denver,39.8433,-104.9956,77937.63,3.2,31.4,40.17,US Census ACS / BLS,2023,https://data.census.gov
80234,Denver,39.711,-104.9693,83776.14,3.4,28.8,40.01,US Census ACS / BLS,2023,https://data.census.gov
80235,Denver,39.6442,-105.056,83287.24,4.01,27.8,43.93,US Census ACS / BLS,2023,https://data.census.gov
80236,Denver,39.7299,-105.025,65144.32,4.03,30.2,42.88,US Census ACS / BLS,2023,https://data.census.gov
80237,Denver,39.747,-105.0579,78163.71,3.92,28.8,34.18,US Census ACS / BLS,2023,https://data.census.gov
80238,Denver,39.6272,-104.8347,65296.93,3.9,22.2,39.94,US Census ACS / BLS,2023,https://data.census.gov
80239,Denver,39.7318,-104.8504,77717.2,3.79,24.1,32.98,US Census ACS / BLS,2023,https://data.census.gov
80240,Denver,39.8095,-105.1393,68349.01,3.73,26.8,37.76,US Census ACS / BLS,2023,https://data.census.gov
37201,Nashville,36.0208,-86.6646,82908.68,3.85,31.1,36.07,US Census ACS / BLS,2023,https://data.census.gov
37202,Nashville,36.0437,-86.8936,61167.38,4.35,22.4,36.41,US Census ACS / BLS,2023,https://data.census.gov
37203,Nashville,36.2552,-86.9376,78975.41,4.24,28.9,38.89,US Census ACS / BLS,2023,https://data.census.gov
37204,Nashville,36.061,-86.7206,78367.28,4.44,32.3,42.66,US Census ACS / BLS,2023,https://data.census.gov
37205,Nashville,36.273,-86.7606,74875.1,3.87,27.5,34.51,US Census ACS / BLS,2023,https://data.census.gov
37206,Nashville,36.0539,-86.9444,79995.92,3.34,26.0,44.43,US Census ACS / BLS,2023,https://data.census.gov
37207,Nashville,36.1991,-86.8882,78894.5,4.02,30.7,38.42,US Census ACS / BLS,2023,https://data.census.gov
37208,Nashville,36.1133,-86.8843,73063.76,3.43,40.9,32.11,US Census ACS / BLS,2023,https://data.census.gov
37209,Nashville,36.0776,-86.7782,84258.05,3.26,33.4,40.93,US Census ACS / BLS,2023,https://data.census.gov
37210,Nashville,36.0648,-86.7019,61083.86,4.15,23.8,42.07,US Census ACS / BLS,2023,https://data.census.gov
37211,Nashville,36.1831,-86.7614,77881.82,4.25,25.6,42.87,US Census ACS / BLS,2023,https://data.census.gov
37212,Nashville,36.2249,-86.8918,75125.66,4.28,38.2,33.31,US Census ACS / BLS,2023,https://data.census.gov
37213,Nashville,36.1193,-86.6146,83485.49,3.55,34.1,36.95,US Census ACS / BLS,2023,https://data.census.gov
37214,Nashville,36.2372,-86.9343,76109.63,4.07,28.4,39.69,US Census ACS / BLS,2023,https://data.census.gov
37215,Nashville,36.1308,-86.804,71288.96,3.13,31.7,40.43,US Census ACS / BLS,2023,https://data.census.gov
37216,Nashville,36.1976,-86.8175,70636.46,3.49,27.8,43.85,US Census ACS / BLS,2023,https://data.census.gov
37217,Nashville,36.047,-86.7987,61232.63,4.04,28.2,37.49,US Census ACS / BLS,2023,https://data.census.gov
37218,Nashville,36.0669,-86.7894,63816.53,3.16,24.7,40.4,US Census ACS / BLS,2023,https://data.census.gov
37219,Nashville,36.2677,-86.8998,59541.35,4.38,28.4,42.51,US Census ACS / BLS,2023,https://data.census.gov
37220,Nashville,36.0888,-86.7075,72776.66,4.09,24.8,32.94,US Census ACS / BLS,2023,https://data.census.gov
37221,Nashville,36.0932,-86.8885,69694.25,3.36,21.3,44.91,US Census ACS / BLS,2023,https://data.census.gov
37222,Nashville,36.0957,-86.7309,65854.94,3.4,36.3,35.82,US Census ACS / BLS,2023,https://data.census.gov
37223,Nashville,36.1804,-86.9233,73191.65,4.33,24.9,40.29,US Census ACS / BLS,2023,https://data.census.gov
37224,Nashville,36.1991,-86.8106,76381.07,3.58,34.2,41.45,US Census ACS / BLS,2023,https://data.census.gov
37225,Nashville,36.0932,-86.9133,76952.66,3.47,26.4,31.78,US Census ACS / BLS,2023,https://data.census.gov
37226,Nashville,36.0599,-86.712,59697.95,3.15,33.7,39.8,US Census ACS / BLS,2023,https://data.census.gov
37227,Nashville,36.2288,-86.9448,65760.98,3.93,33.3,33.44,US Census ACS / BLS,2023,https://data.census.gov
37228,Nashville,36.032,-86.7091,66922.43,4.06,29.6,38.0,US Census ACS / BLS,2023,https://data.census.gov
37229,Nashville,36.0883,-86.6111,76777.79,4.07,24.5,44.92,US Census ACS / BLS,2023,https://data.census.gov
37230,Nashville,36.1872,-86.8513,69208.79,3.37,24.2,45.3,US Census ACS / BLS,2023,https://data.census.gov
37231,Nashville,36.2605,-86.9274,72716.63,3.24,30.4,35.29,US Census ACS / BLS,2023,https://data.census.gov
37232,Nashville,36.2478,-86.6341,69292.31,3.21,26.8,43.36,US Census ACS / BLS,2023,https://data.census.gov
37233,Nashville,36.3052,-86.6856,70239.74,4.23,28.8,36.18,US Census ACS / BLS,2023,https://data.census.gov
37234,Nashville,36.0397,-86.6274,84811.37,3.86,37.1,41.74,US Census ACS / BLS,2023,https://data.census.gov
37235,Nashville,36.1547,-86.957,80859.83,3.46,25.5,44.8,US Census ACS / BLS,2023,https://data.census.gov
73101,Oklahoma City,35.6037,-97.591,60419.26,4.36,24.0,33.74,US Census ACS / BLS,2023,https://data.census.gov
73102,Oklahoma City,35.4681,-97.3571,56065.24,3.58,21.9,35.94,US Census ACS / BLS,2023,https://data.census.gov
73103,Oklahoma City,35.4548,-97.6706,53871.4,3.94,22.7,33.97,US Census ACS / BLS,2023,https://data.census.gov
73104,Oklahoma City,35.4168,-97.4255,63761.5,3.48,24.4,42.48,US Census ACS / BLS,2023,https://data.census.gov
73105,Oklahoma City,35.4295,-97.4105,56087.02,3.74,23.8,41.15,US Census ACS / BLS,2023,https://data.census.gov
73106,Oklahoma City,35.5475,-97.6195,45343.54,3.45,22.5,41.99,US Census ACS / BLS,2023,https://data.census.gov
73107,Oklahoma City,35.5533,-97.6583,49786.66,3.14,22.8,37.24,US Census ACS / BLS,2023,https://data.census.gov
73108,Oklahoma City,35.3279,-97.5559,53631.82,4.12,18.2,33.79,US Census ACS / BLS,2023,https://data.census.gov
73109,Oklahoma City,35.4958,-97.3883,56532.52,4.04,21.8,43.31,US Census ACS / BLS,2023,https://data.census.gov
73110,Oklahoma City,35.4209,-97.4156,60688.54,3.54,23.0,36.46,US Census ACS / BLS,2023,https://data.census.gov
73111,Oklahoma City,35.5567,-97.6376,50543.02,4.35,30.0,40.58,US Census ACS / BLS,2023,https://data.census.gov
73112,Oklahoma City,35.3984,-97.5047,49050.1,4.41,19.7,44.27,US Census ACS / BLS,2023,https://data.census.gov
73113,Oklahoma City,35.5518,-97.4942,55883.08,3.23,22.0,45.28,US Census ACS / BLS,2023,https://data.census.gov
73114,Oklahoma City,35.3548,-97.4308,51944.86,3.53,27.9,39.92,US Census ACS / BLS,2023,https://data.census.gov
73115,Oklahoma City,35.5467,-97.4573,47428.48,4.08,27.1,37.83,US Census ACS / BLS,2023,https://data.census.gov
73116,Oklahoma City,35.4305,-97.5983,51952.78,3.41,23.1,39.38,US Census ACS / BLS,2023,https://data.census.gov
73117,Oklahoma City,35.5923,-97.652,49020.4,4.03,24.5,42.64,US Census ACS / BLS,2023,https://data.census.gov
73118,Oklahoma City,35.3641,-97.637,63418.96,3.22,28.1,38.15,US Census ACS / BLS,2023,https://data.census.gov
73119,Oklahoma City,35.5716,-97.4115,56924.56,3.61,20.4,36.52,US Census ACS / BLS,2023,https://data.census.gov
73120,Oklahoma City,35.4239,-97.5125,46501.84,3.48,24.6,37.19,US Census ACS / BLS,2023,https://data.census.gov
73121,Oklahoma City,35.3321,-97.6073,47656.18,3.42,29.5,40.07,US Census ACS / BLS,2023,https://data.census.gov
73122,Oklahoma City,35.3422,-97.6863,60173.74,3.95,25.5,38.49,US Census ACS / BLS,2023,https://data.census.gov
73123,Oklahoma City,35.4703,-97.5255,46650.34,3.87,19.1,44.64,US Census ACS / BLS,2023,https://data.census.gov
73124,Oklahoma City,35.4068,-97.4963,57997.72,3.29,25.2,43.73,US Census ACS / BLS,2023,https://data.census.gov
73125,Oklahoma City,35.336,-97.5992,59241.16,3.74,20.5,42.8,US Census ACS / BLS,2023,https://data.census.gov
20001,DC Metro,38.8522,-76.9887,106632.96,3.36,25.3,37.66,US Census ACS / BLS,2023,https://data.census.gov
20002,DC Metro,39.0445,-77.0157,89581.38,4.37,28.2,36.82,US Census ACS / BLS,2023,https://data.census.gov
20003,DC Metro,38.9831,-77.2136,108488.94,3.45,21.6,41.04,US Census ACS / BLS,2023,https://data.census.gov
20004,DC Metro,38.9602,-77.0049,121571.52,3.71,24.3,42.98,US Census ACS / BLS,2023,https://data.census.gov
20005,DC Metro,38.9425,-77.149,88024.02,3.72,20.0,36.95,US Census ACS / BLS,2023,https://data.census.gov
20006,DC Metro,39.0088,-77.1003,94476.48,4.08,24.1,34.31,US Census ACS / BLS,2023,https://data.census.gov
20007,DC Metro,38.872,-76.8676,101575.32,3.94,24.3,39.46,US Census ACS / BLS,2023,https://data.census.gov
20008,DC Metro,38.9171,-76.9756,114162.72,4.29,26.6,40.83,US Census ACS / BLS,2023,https://data.census.gov
20009,DC Metro,38.7857,-77.0455,114291.24,3.22,25.3,39.65,US Census ACS / BLS,2023,https://data.census.gov
20010,DC Metro,38.7584,-76.9012,99859.2,4.19,30.9,35.53,US Census ACS / BLS,2023,https://data.census.gov
20011,DC Metro,38.794,-77.2078,86557.38,4.41,22.1,34.29,US Census ACS / BLS,2023,https://data.census.gov
20012,DC Metro,38.7665,-76.9568,104928.18,4.34,27.1,31.66,US Census ACS / BLS,2023,https://data.census.gov
20013,DC Metro,38.9812,-76.995,98169.54,4.25,23.6,36.51,US Census ACS / BLS,2023,https://data.census.gov
20014,DC Metro,39.0348,-77.0962,123669.42,3.69,33.7,33.84,US Census ACS / BLS,2023,https://data.census.gov
20015,DC Metro,38.9911,-77.1869,103661.88,3.69,28.2,34.22,US Census ACS / BLS,2023,https://data.census.gov
20016,DC Metro,38.8253,-76.9366,109656.96,3.52,20.0,45.41,US Census ACS / BLS,2023,https://data.census.gov
20017,DC Metro,38.9662,-76.977,105374.22,3.62,21.5,39.17,US Census ACS / BLS,2023,https://data.census.gov
20018,DC Metro,38.8646,-77.21,103246.08,3.35,29.2,36.82,US Census ACS / BLS,2023,https://data.census.gov
20019,DC Metro,38.9553,-76.8956,123831.96,3.37,25.5,36.27,US Census ACS / BLS,2023,https://data.census.gov
20020,DC Metro,38.7979,-77.1619,109377.24,4.44,26.4,35.02,US Census ACS / BLS,2023,https://data.census.gov
20021,DC Metro,39.0079,-77.1623,107562.84,3.62,32.2,38.01,US Census ACS / BLS,2023,https://data.census.gov
20022,DC Metro,38.9866,-77.0719,109993.38,4.48,36.2,39.3,US Census ACS / BLS,2023,https://data.census.gov
20023,DC Metro,38.9536,-77.156,109237.38,3.15,24.3,37.53,US Census ACS / BLS,2023,https://data.census.gov
20024,DC Metro,38.8401,-77.1032,94158.96,4.06,28.1,32.69,US Census ACS / BLS,2023,https://data.census.gov
20025,DC Metro,38.7892,-77.0699,108844.26,3.89,33.3,34.82,US Census ACS / BLS,2023,https://data.census.gov
20026,DC Metro,38.9616,-77.1038,100721.04,4.16,25.1,31.96,US Census ACS / BLS,2023,https://data.census.gov
20027,DC Metro,38.8274,-77.1586,111384.42,4.05,33.7,41.4,US Census ACS / BLS,2023,https://data.census.gov
20028,DC Metro,39.0115,-77.1344,94661.7,4.31,27.7,39.1,US Census ACS / BLS,2023,https://data.census.gov
20029,DC Metro,38.8472,-76.9973,118056.12,3.17,25.3,36.73,US Census ACS / BLS,2023,https://data.census.gov
20030,DC Metro,38.9185,-77.1125,112204.68,4.36,28.9,44.95,US Census ACS / BLS,2023,https://data.census.gov
20031,DC Metro,38.7612,-77.1986,117852.0,3.88,22.9,33.09,US Census ACS / BLS,2023,https://data.census.gov
20032,DC Metro,38.7593,-77.1012,108428.46,4.48,29.4,33.93,US Census ACS / BLS,2023,https://data.census.gov
20033,DC Metro,38.7699,-77.1005,110382.72,3.2,28.5,36.05,US Census ACS / BLS,2023,https://data.census.gov
20034,DC Metro,38.9067,-76.9561,123680.76,3.42,28.5,38.15,US Census ACS / BLS,2023,https://data.census.gov
20035,DC Metro,38.7968,-76.9933,93089.22,3.48,30.1,35.44,US Census ACS / BLS,2023,https://data.census.gov
20036,DC Metro,38.7817,-76.9203,86171.82,4.03,29.9,44.97,US Census ACS / BLS,2023,https://data.census.gov
20037,DC Metro,38.8108,-76.8749,114245.88,3.18,27.3,31.95,US Census ACS / BLS,2023,https://data.census.gov
20038,DC Metro,38.9192,-77.2011,94196.76,4.44,22.9,41.72,US Census ACS / BLS,2023,https://data.census.gov
20039,DC Metro,38.8452,-77.1042,90567.96,3.74,30.2,44.34,US Census ACS / BLS,2023,https://data.census.gov
20040,DC Metro,38.8013,-77.0232,119280.84,3.73,31.7,39.8,US Census ACS / BLS,2023,https://data.census.gov
20041,DC Metro,38.7759,-77.015,122539.2,3.12,33.4,43.01,US Census ACS / BLS,2023,https://data.census.gov
20042,DC Metro,38.8429,-77.0214,96135.9,3.26,21.6,35.39,US Census ACS / BLS,2023,https://data.census.gov
20043,DC Metro,38.9096,-76.9566,95682.3,3.91,29.3,36.15,US Census ACS / BLS,2023,https://data.census.gov
20044,DC Metro,38.9256,-77.0429,102626.16,3.62,31.0,41.04,US Census ACS / BLS,2023,https://data.census.gov
20045,DC Metro,38.9869,-77.1316,111516.72,4.04,24.2,38.23,US Census ACS / BLS,2023,https://data.census.gov
02101,Boston,42.2888,-71.2358,79107.26,4.27,30.5,41.4,US Census ACS / BLS,2023,https://data.census.gov
02102,Boston,42.3949,-71.127,111152.66,4.31,40.8,33.67,US Census ACS / BLS,2023,https://data.census.gov
02103,Boston,42.4624,-71.2124,103693.64,3.71,39.0,34.24,US Census ACS / BLS,2023,https://data.census.gov
02104,Boston,42.3011,-70.971,96843.38,3.32,40.2,38.61,US Census ACS / BLS,2023,https://data.census.gov
02105,Boston,42.3122,-70.9078,103064.36,3.97,42.5,35.5,US Census ACS / BLS,2023,https://data.census.gov
02106,Boston,42.4218,-71.1243,98686.76,4.37,39.1,42.39,US Census ACS / BLS,2023,https://data.census.gov
02107,Boston,42.2993,-71.057,110537.06,3.83,29.8,43.4,US Census ACS / BLS,2023,https://data.census.gov
02108,Boston,42.4827,-70.9577,87151.1,4.11,43.6,33.85,US Census ACS / BLS,2023,https://data.census.gov
02109,Boston,42.3871,-71.0184,99032.18,4.26,28.5,37.98,US Census ACS / BLS,2023,https://data.census.gov
02110,Boston,42.2128,-71.1224,102934.4,3.98,39.0,35.86,US Census ACS / BLS,2023,https://data.census.gov
02111,Boston,42.2683,-71.1002,80707.82,3.26,35.0,42.05,US Census ACS / BLS,2023,https://data.census.gov
02112,Boston,42.229,-71.074,100550.66,4.1,36.0,45.26,US Census ACS / BLS,2023,https://data.census.gov
02113,Boston,42.4654,-70.9379,103727.84,4.3,34.5,37.38,US Census ACS / BLS,2023,https://data.census.gov
02114,Boston,42.2752,-71.0315,95389.88,3.72,46.2,38.53,US Census ACS / BLS,2023,https://data.census.gov
02115,Boston,42.4287,-71.09,96145.7,4.01,38.9,37.11,US Census ACS / BLS,2023,https://data.census.gov
02116,Boston,42.4749,-70.9787,104192.96,3.2,34.4,41.51,US Census ACS / BLS,2023,https://data.census.gov
02117,Boston,42.4059,-71.1689,105369.44,3.3,44.7,33.45,US Census ACS / BLS,2023,https://data.census.gov
02118,Boston,42.2179,-71.1725,83799.5,4.02,32.1,40.91,US Census ACS / BLS,2023,https://data.census.gov
02119,Boston,42.2587,-70.8882,108519.26,4.26,38.1,34.72,US Census ACS / BLS,2023,https://data.census.gov
02120,Boston,42.3015,-70.9349,99285.26,3.94,34.0,34.12,US Census ACS / BLS,2023,https://data.census.gov
02121,Boston,42.4944,-71.2319,94517.78,4.22,44.2,31.82,US Census ACS / BLS,2023,https://data.census.gov
02122,Boston,42.5039,-70.929,90212.0,3.29,40.6,33.12,US Census ACS / BLS,2023,https://data.census.gov
02123,Boston,42.4874,-70.887,104182.7,3.43,45.4,44.48,US Census ACS / BLS,2023,https://data.census.gov
02124,Boston,42.3576,-71.1333,90683.96,3.48,27.7,45.03,US Census ACS / BLS,2023,https://data.census.gov
02125,Boston,42.2331,-71.1867,91757.84,3.37,28.3,36.26,US Census ACS / BLS,2023,https://data.census.gov
02126,Boston,42.4779,-70.9171,83796.08,3.4,39.1,38.09,US Census ACS / BLS,2023,https://data.census.gov
02127,Boston,42.4419,-71.1238,87954.8,4.06,45.8,33.53,US Census ACS / BLS,2023,https://data.census.gov
02128,Boston,42.3162,-70.9911,111754.58,4.15,36.9,36.55,US Census ACS / BLS,2023,https://data.census.gov
02129,Boston,42.3318,-71.0208,100444.64,3.42,44.2,38.48,US Census ACS / BLS,2023,https://data.census.gov
02130,Boston,42.2201,-71.1511,103341.38,4.24,31.0,33.57,US Census ACS / BLS,2023,https://data.census.gov
02131,Boston,42.2459,-71.0242,84678.44,3.99,35.0,35.9,US Census ACS / BLS,2023,https://data.census.gov
02132,Boston,42.4292,-71.0688,86662.04,3.5,44.1,34.82,US Census ACS / BLS,2023,https://data.census.gov
02133,Boston,42.3126,-70.8861,85690.76,4.0,43.8,39.58,US Census ACS / BLS,2023,https://data.census.gov
02134,Boston,42.4447,-70.9739,90998.6,3.99,39.1,33.85,US Census ACS / BLS,2023,https://data.census.gov
02135,Boston,42.2554,-71.0226,97698.38,3.79,40.1,36.46,US Census ACS / BLS,2023,https://data.census.gov
02136,Boston,42.3511,-70.9958,110027.48,4.1,35.9,34.29,US Census ACS / BLS,2023,https://data.census.gov
02137,Boston,42.4714,-71.1196,88782.44,3.33,33.6,34.42,US Census ACS / BLS,2023,https://data.census.gov
02138,Boston,42.3347,-71.1223,87209.24,3.74,37.4,44.32,US Census ACS / BLS,2023,https://data.census.gov
02139,Boston,42.4636,-70.9143,110571.26,4.0,38.7,36.18,US Census ACS / BLS,2023,https://data.census.gov
02140,Boston,42.3181,-71.1547,78207.8,3.9,41.8,41.57,US Census ACS / BLS,2023,https://data.census.gov
89101,Las Vegas,36.0881,-115.066,62990.5,3.43,34.2,40.05,US Census ACS / BLS,2023,https://data.census.gov
89102,Las Vegas,36.1985,-115.2699,54278.5,3.91,23.1,31.67,US Census ACS / BLS,2023,https://data.census.gov
89103,Las Vegas,36.1595,-115.116,64547.5,3.15,21.2,39.93,US Census ACS / BLS,2023,https://data.census.gov
89104,Las Vegas,36.0799,-115.1755,62722.75,4.2,39.9,45.11,US Census ACS / BLS,2023,https://data.census.gov
89105,Las Vegas,36.0909,-115.203,73151.5,4.45,31.2,41.74,US Census ACS / BLS,2023,https://data.census.gov
89106,Las Vegas,36.2842,-115.2977,52741.75,3.91,31.9,37.42,US Census ACS / BLS,2023,https://data.census.gov
89107,Las Vegas,36.0821,-114.966,66554.5,4.29,41.5,40.29,US Census ACS / BLS,2023,https://data.census.gov
89108,Las Vegas,36.0827,-115.2645,61159.0,3.26,35.7,39.27,US Census ACS / BLS,2023,https://data.census.gov
89109,Las Vegas,36.2104,-115.2103,57752.5,3.29,30.7,32.05,US Census ACS / BLS,2023,https://data.census.gov
89110,Las Vegas,36.2844,-115.1276,68406.25,4.01,25.5,39.69,US Census ACS / BLS,2023,https://data.census.gov
89111,Las Vegas,36.3006,-115.2032,65893.0,4.32,29.2,34.31,US Census ACS / BLS,2023,https://data.census.gov
89112,Las Vegas,36.1278,-115.1449,63071.5,4.27,30.5,38.46,US Census ACS / BLS,2023,https://data.census.gov
89113,Las Vegas,36.0502,-115.2217,65764.75,4.09,31.9,40.64,US Census ACS / BLS,2023,https://data.census.gov
89114,Las Vegas,36.2666,-115.2042,69074.5,4.13,26.7,33.92,US Census ACS / BLS,2023,https://data.census.gov
89115,Las Vegas,36.1032,-114.983,53506.75,3.25,28.8,33.13,US Census ACS / BLS,2023,https://data.census.gov
89116,Las Vegas,36.1385,-114.975,72341.5,4.31,31.5,34.66,US Census ACS / BLS,2023,https://data.census.gov
89117,Las Vegas,36.301,-115.2698,59890.0,3.97,33.2,32.36,US Census ACS / BLS,2023,https://data.census.gov
89118,Las Vegas,36.2468,-115.2981,51558.25,4.22,26.8,42.18,US Census ACS / BLS,2023,https://data.census.gov
89119,Las Vegas,36.1507,-115.0383,65312.5,3.52,30.8,36.44,US Census ACS / BLS,2023,https://data.census.gov
89120,Las Vegas,36.1585,-115.102,64088.5,4.2,24.1,35.6,US Census ACS / BLS,2023,https://data.census.gov
89121,Las Vegas,36.3044,-115.2709,58828.0,4.22,27.9,32.82,US Census ACS / BLS,2023,https://data.census.gov
89122,Las Vegas,36.0702,-115.2357,71077.0,4.42,28.3,37.45,US Census ACS / BLS,2023,https://data.census.gov
89123,Las Vegas,36.222,-115.2371,72818.5,3.74,37.9,34.4,US Census ACS / BLS,2023,https://data.census.gov
89124,Las Vegas,36.0827,-115.0777,56326.0,3.21,34.8,37.16,US Census ACS / BLS,2023,https://data.census.gov
89125,Las Vegas,36.103,-114.9972,66109.0,3.65,32.7,39.43,US Census ACS / BLS,2023,https://data.census.gov
89126,Las Vegas,36.1679,-115.2606,58029.25,3.25,30.6,44.6,US Census ACS / BLS,2023,https://data.census.gov
89127,Las Vegas,36.1609,-115.3072,55333.75,3.42,38.2,44.73,US Census ACS / BLS,2023,https://data.census.gov
89128,Las Vegas,36.2017,-115.1096,53090.5,4.17,27.2,44.89,US Census ACS / BLS,2023,https://data.census.gov
89129,Las Vegas,36.2464,-115.2331,66066.25,3.5,35.3,36.15,US Census ACS / BLS,2023,https://data.census.gov
89130,Las Vegas,36.1026,-115.2511,64117.75,4.23,29.3,36.89,US Census ACS / BLS,2023,https://data.census.gov
89131,Las Vegas,36.2754,-115.027,51729.25,3.9,33.7,44.8,US Census ACS / BLS,2023,https://data.census.gov
89132,Las Vegas,36.1857,-115.0072,55709.5,4.11,30.5,35.27,US Census ACS / BLS,2023,https://data.census.gov
89133,Las Vegas,36.13,-115.0453,63334.75,4.45,25.1,39.83,US Census ACS / BLS,2023,https://data.census.gov
89134,Las Vegas,36.0332,-115.2496,58353.25,3.63,26.2,41.46,US Census ACS / BLS,2023,https://data.census.gov
89135,Las Vegas,36.0297,-115.299,53441.5,4.31,37.6,33.97,US Census ACS / BLS,2023,https://data.census.gov
38101,Memphis,35.0347,-90.0124,46385.87,3.67,23.5,36.44,US Census ACS / BLS,2023,https://data.census.gov
38102,Memphis,35.294,-90.0607,59875.5,4.46,28.8,43.22,US Census ACS / BLS,2023,https://data.census.gov
38103,Memphis,35.2591,-90.1138,47290.05,3.54,26.2,34.31,US Census ACS / BLS,2023,https://data.census.gov
38104,Memphis,35.1223,-90.0692,46342.82,3.34,26.1,44.12,US Census ACS / BLS,2023,https://data.census.gov
38105,Memphis,35.2454,-90.124,47934.02,3.66,28.4,34.12,US Census ACS / BLS,2023,https://data.census.gov
38106,Memphis,35.0063,-89.9722,55755.23,4.17,20.8,38.95,US Census ACS / BLS,2023,https://data.census.gov
38107,Memphis,35.1312,-90.0383,49042.24,3.89,28.8,38.56,US Census ACS / BLS,2023,https://data.census.gov
38108,Memphis,35.299,-90.2098,56762.37,3.36,29.4,34.41,US Census ACS / BLS,2023,https://data.census.gov
38109,Memphis,35.2124,-90.1748,48630.4,3.99,21.1,43.36,US Census ACS / BLS,2023,https://data.census.gov
38110,Memphis,35.1476,-89.9807,49257.52,4.36,24.4,36.58,US Census ACS / BLS,2023,https://data.census.gov
38111,Memphis,35.2569,-89.9095,58020.35,4.01,26.2,39.32,US Census ACS / BLS,2023,https://data.census.gov
38112,Memphis,35.2609,-90.1995,45002.46,3.59,18.9,37.06,US Census ACS / BLS,2023,https://data.census.gov
38113,Memphis,35.138,-90.0297,47980.82,3.73,26.1,37.24,US Census ACS / BLS,2023,https://data.census.gov
38114,Memphis,35.0541,-90.0841,53478.88,3.98,30.3,33.47,US Census ACS / BLS,2023,https://data.census.gov
38115,Memphis,35.2038,-90.1041,60927.57,3.8,33.5,32.08,US Census ACS / BLS,2023,https://data.census.gov
38116,Memphis,35.0455,-89.971,60556.91,4.36,22.1,33.67,US Census ACS / BLS,2023,https://data.census.gov
38117,Memphis,35.232,-90.0571,54617.06,3.48,19.3,44.65,US Census ACS / BLS,2023,https://data.census.gov
38118,Memphis,35.2229,-90.0467,43300.82,4.21,19.8,32.19,US Census ACS / BLS,2023,https://data.census.gov
38119,Memphis,35.0606,-90.0138,57353.92,3.55,21.7,39.58,US Census ACS / BLS,2023,https://data.census.gov
38120,Memphis,35.0379,-90.2229,47679.42,3.35,29.0,44.14,US Census ACS / BLS,2023,https://data.census.gov
38121,Memphis,35.2494,-90.1093,57340.82,3.63,29.9,34.91,US Census ACS / BLS,2023,https://data.census.gov
38122,Memphis,35.2792,-89.8938,54789.28,4.47,21.9,33.85,US Census ACS / BLS,2023,https://data.census.gov
38123,Memphis,35.1025,-90.0006,54643.26,3.87,18.8,34.83,US Census ACS / BLS,2023,https://data.census.gov
38124,Memphis,35.1225,-89.9388,52297.65,3.27,18.6,41.99,US Census ACS / BLS,2023,https://data.census.gov
38125,Memphis,35.0114,-90.0239,47866.62,4.32,19.1,41.8,US Census ACS / BLS,2023,https://data.census.gov
40201,Louisville,38.2239,-85.7344,58133.56,3.55,23.6,36.42,US Census ACS / BLS,2023,https://data.census.gov
40202,Louisville,38.1542,-85.7337,54302.74,4.28,23.4,36.02,US Census ACS / BLS,2023,https://data.census.gov
40203,Louisville,38.3797,-85.6344,52283.09,4.23,18.0,39.07,US Census ACS / BLS,2023,https://data.census.gov
40204,Louisville,38.1507,-85.5987,65586.69,3.5,29.5,39.6,US Census ACS / BLS,2023,https://data.census.gov
40205,Louisville,38.3187,-85.8167,52872.77,3.56,28.6,32.65,US Census ACS / BLS,2023,https://data.census.gov
40206,Louisville,38.1181,-85.7972,48502.82,3.98,20.3,37.5,US Census ACS / BLS,2023,https://data.census.gov
40207,Louisville,38.3589,-85.6096,68747.8,3.54,19.6,42.6,US Census ACS / BLS,2023,https://data.census.gov
40208,Louisville,38.238,-85.8908,66199.54,4.39,17.7,42.22,US Census ACS / BLS,2023,https://data.census.gov
40209,Louisville,38.3919,-85.6878,66544.92,3.24,28.3,37.13,US Census ACS / BLS,2023,https://data.census.gov
40210,Louisville,38.1672,-85.8342,65272.9,3.12,25.6,38.17,US Census ACS / BLS,2023,https://data.census.gov
40211,Louisville,38.2952,-85.6491,67856.96,3.4,17.7,44.72,US Census ACS / BLS,2023,https://data.census.gov
40212,Louisville,38.3548,-85.8855,64209.37,3.97,19.5,40.24,US Census ACS / BLS,2023,https://data.census.gov
40213,Louisville,38.376,-85.6054,67534.74,4.06,23.5,36.17,US Census ACS / BLS,2023,https://data.census.gov
40214,Louisville,38.2477,-85.7564,54315.38,3.47,25.2,45.02,US Census ACS / BLS,2023,https://data.census.gov
40215,Louisville,38.1695,-85.6305,52154.62,4.32,27.5,36.74,US Census ACS / BLS,2023,https://data.census.gov
40216,Louisville,38.1775,-85.8448,61378.9,4.12,25.0,44.81,US Census ACS / BLS,2023,https://data.census.gov
40217,Louisville,38.1058,-85.6206,55098.81,3.24,29.2,33.44,US Census ACS / BLS,2023,https://data.census.gov
40218,Louisville,38.2934,-85.7714,55077.75,3.68,23.9,39.3,US Census ACS / BLS,2023,https://data.census.gov
40219,Louisville,38.1829,-85.781,66987.18,4.44,21.7,40.25,US Census ACS / BLS,2023,https://data.census.gov
40220,Louisville,38.2687,-85.6054,68208.66,3.54,24.6,31.82,US Census ACS / BLS,2023,https://data.census.gov
40221,Louisville,38.3321,-85.7819,61353.63,3.75,24.5,41.77,US Census ACS / BLS,2023,https://data.census.gov
40222,Louisville,38.3324,-85.7193,63583.88,4.19,24.2,41.35,US Census ACS / BLS,2023,https://data.census.gov
40223,Louisville,38.3881,-85.8208,63510.17,4.34,27.3,34.63,US Census ACS / BLS,2023,https://data.census.gov
40224,Louisville,38.1365,-85.901,67869.59,3.18,17.9,41.83,US Census ACS / BLS,2023,https://data.census.gov
40225,Louisville,38.2037,-85.937,53637.25,3.76,19.9,42.94,US Census ACS / BLS,2023,https://data.census.gov
97201,Portland,45.5758,-122.7217,71076.9,4.29,33.6,42.38,US Census ACS / BLS,2023,https://data.census.gov
97202,Portland,45.3654,-122.7149,72467.4,3.39,32.6,37.71,US Census ACS / BLS,2023,https://data.census.gov
97203,Portland,45.4034,-122.6156,74997.3,3.18,37.9,40.19,US Census ACS / BLS,2023,https://data.census.gov
97204,Portland,45.473,-122.5729,70642.2,4.07,31.6,44.23,US Census ACS / BLS,2023,https://data.census.gov
97205,Portland,45.5416,-122.7433,70690.8,4.07,29.1,35.67,US Census ACS / BLS,2023,https://data.census.gov
97206,Portland,45.6335,-122.5799,83802.0,3.58,29.5,44.66,US Census ACS / BLS,2023,https://data.census.gov
97207,Portland,45.528,-122.6786,77546.1,3.3,23.8,36.13,US Census ACS / BLS,2023,https://data.census.gov
97208,Portland,45.5849,-122.4972,80977.8,3.95,36.6,42.02,US Census ACS / BLS,2023,https://data.census.gov
97209,Portland,45.5541,-122.8055,73947.0,3.12,31.7,44.29,US Census ACS / BLS,2023,https://data.census.gov
97210,Portland,45.4677,-122.6188,71722.2,3.42,26.4,44.63,US Census ACS / BLS,2023,https://data.census.gov
97211,Portland,45.5918,-122.6433,75367.2,4.36,32.2,36.71,US Census ACS / BLS,2023,https://data.census.gov
97212,Portland,45.616,-122.6937,82462.8,4.33,26.4,38.23,US Census ACS / BLS,2023,https://data.census.gov
97213,Portland,45.4458,-122.6381,73223.4,3.15,31.7,41.29,US Census ACS / BLS,2023,https://data.census.gov
97214,Portland,45.6394,-122.8185,79727.7,3.25,32.6,41.89,US Census ACS / BLS,2023,https://data.census.gov
97215,Portland,45.4166,-122.6499,84063.9,3.66,30.3,43.44,US Census ACS / BLS,2023,https://data.census.gov
97216,Portland,45.3858,-122.7448,62895.9,3.72,27.3,39.29,US Census ACS / BLS,2023,https://data.census.gov
97217,Portland,45.3892,-122.822,86696.4,4.2,25.2,39.68,US Census ACS / BLS,2023,https://data.census.gov
97218,Portland,45.3887,-122.7348,67912.5,3.33,30.2,33.52,US Census ACS / BLS,2023,https://data.census.gov
97219,Portland,45.5247,-122.5518,79741.2,3.97,32.2,39.59,US Census ACS / BLS,2023,https://data.census.gov
97220,Portland,45.4349,-122.6732,71841.0,4.08,30.4,40.76,US Census ACS / BLS,2023,https://data.census.gov
97221,Portland,45.6099,-122.6183,69289.5,3.71,27.9,33.16,US Census ACS / BLS,2023,https://data.census.gov
97222,Portland,45.5721,-122.6025,84663.3,3.43,29.3,43.84,US Census ACS / BLS,2023,https://data.census.gov
97223,Portland,45.6546,-122.8095,62104.8,3.43,30.5,33.52,US Census ACS / BLS,2023,https://data.census.gov
97224,Portland,45.4131,-122.658,85017.0,3.52,33.8,37.45,US Census ACS / BLS,2023,https://data.census.gov
97225,Portland,45.4825,-122.5811,63028.2,3.95,29.2,42.9,US Census ACS / BLS,2023,https://data.census.gov
97226,Portland,45.3769,-122.6534,85246.5,4.15,29.5,34.89,US Census ACS / BLS,2023,https://data.census.gov
97227,Portland,45.3755,-122.6924,66346.5,3.44,33.5,39.39,US Census ACS / BLS,2023,https://data.census.gov
97228,Portland,45.5661,-122.7239,69834.9,3.93,29.8,35.51,US Census ACS / BLS,2023,https://data.census.gov
97229,Portland,45.6222,-122.5005,74241.3,4.42,26.9,35.89,US Census ACS / BLS,2023,https://data.census.gov
97230,Portland,45.5447,-122.8046,77081.7,4.09,29.6,43.42,US Census ACS / BLS,2023,https://data.census.gov
21201,Baltimore,39.3796,-76.6571,70786.94,4.25,23.4,41.72,US Census ACS / BLS,2023,https://data.census.gov
21202,Baltimore,39.1582,-76.5462,68106.82,3.99,29.1,40.56,US Census ACS / BLS,2023,https://data.census.gov
21203,Baltimore,39.2915,-76.7551,69309.5,3.73,25.1,35.17,US Census ACS / BLS,2023,https://data.census.gov
21204,Baltimore,39.3704,-76.4717,73617.41,4.18,28.7,44.42,US Census ACS / BLS,2023,https://data.census.gov
21205,Baltimore,39.154,-76.5859,78783.26,3.97,32.3,31.59,US Census ACS / BLS,2023,https://data.census.gov
21206,Baltimore,39.2262,-76.7575,81315.65,4.46,26.1,37.64,US Census ACS / BLS,2023,https://data.census.gov
21207,Baltimore,39.3048,-76.7334,62256.67,3.25,36.2,36.94,US Census ACS / BLS,2023,https://data.census.gov
21208,Baltimore,39.2216,-76.4502,83702.88,3.4,27.7,38.55,US Census ACS / BLS,2023,https://data.census.gov
21209,Baltimore,39.3417,-76.6553,69978.24,3.98,25.6,39.54,US Census ACS / BLS,2023,https://data.census.gov
21210,Baltimore,39.1741,-76.523,83065.25,3.35,25.3,37.39,US Census ACS / BLS,2023,https://data.census.gov
21211,Baltimore,39.369,-76.6612,76668.19,3.84,22.3,35.73,US Census ACS / BLS,2023,https://data.census.gov
21212,Baltimore,39.2257,-76.5263,76090.18,3.28,24.3,31.97,US Census ACS / BLS,2023,https://data.census.gov
21213,Baltimore,39.2809,-76.5413,72972.0,4.28,29.2,40.39,US Census ACS / BLS,2023,https://data.census.gov
21214,Baltimore,39.253,-76.5165,82282.46,3.7,30.5,41.96,US Census ACS / BLS,2023,https://data.census.gov
21215,Baltimore,39.2202,-76.554,65102.69,4.18,20.9,33.97,US Census ACS / BLS,2023,https://data.census.gov
21216,Baltimore,39.3427,-76.7269,74882.3,4.15,29.6,33.78,US Census ACS / BLS,2023,https://data.census.gov
21217,Baltimore,39.2473,-76.623,62775.07,3.91,30.1,35.61,US Census ACS / BLS,2023,https://data.census.gov
21218,Baltimore,39.1862,-76.5519,76232.74,3.27,27.1,34.43,US Census ACS / BLS,2023,https://data.census.gov
21219,Baltimore,39.2884,-76.4817,70024.9,3.75,24.6,36.83,US Census ACS / BLS,2023,https://data.census.gov
21220,Baltimore,39.3772,-76.6115,63508.61,3.47,25.5,31.74,US Census ACS / BLS,2023,https://data.census.gov
21221,Baltimore,39.4223,-76.572,82090.66,4.18,22.3,39.08,US Census ACS / BLS,2023,https://data.census.gov
21222,Baltimore,39.4079,-76.7707,70110.43,3.44,29.3,38.66,US Census ACS / BLS,2023,https://data.census.gov
21223,Baltimore,39.3875,-76.5626,83355.55,3.89,28.5,36.41,US Census ACS / BLS,2023,https://data.census.gov
21224,Baltimore,39.2042,-76.5738,84394.94,4.27,24.6,40.68,US Census ACS / BLS,2023,https://data.census.gov
21225,Baltimore,39.2698,-76.4831,67370.69,3.94,27.3,34.36,US Census ACS / BLS,2023,https://data.census.gov
21226,Baltimore,39.1759,-76.5722,84223.87,3.42,28.0,40.48,US Census ACS / BLS,2023,https://data.census.gov
21227,Baltimore,39.2285,-76.645,81567.07,4.19,23.7,37.69,US Census ACS / BLS,2023,https://data.census.gov
21228,Baltimore,39.2639,-76.7443,63093.89,4.13,31.6,35.09,US Census ACS / BLS,2023,https://data.census.gov
21229,Baltimore,39.2434,-76.5752,70766.21,4.23,27.9,36.57,US Census ACS / BLS,2023,https://data.census.gov
21230,Baltimore,39.3834,-76.7883,75745.44,3.88,29.6,33.18,US Census ACS / BLS,2023,https://data.census.gov
53201,Milwaukee,43.1134,-87.9816,46313.74,3.28,27.4,45.18,US Census ACS / BLS,2023,https://data.census.gov
53202,Milwaukee,43.1113,-87.8676,51725.08,3.31,21.6,43.6,US Census ACS / BLS,2023,https://data.census.gov
53203,Milwaukee,42.9786,-87.964,46792.9,3.5,22.7,37.06,US Census ACS / BLS,2023,https://data.census.gov
53204,Milwaukee,43.1,-88.0117,53303.14,3.74,29.1,43.8,US Census ACS / BLS,2023,https://data.census.gov
53205,Milwaukee,42.9748,-88.0353,62852.68,3.79,22.7,31.77,US Census ACS / BLS,2023,https://data.census.gov
53206,Milwaukee,43.0959,-88.0676,47291.86,3.2,23.6,40.68,US Census ACS / BLS,2023,https://data.census.gov
53207,Milwaukee,43.0927,-87.9479,47327.5,3.8,18.1,40.07,US Census ACS / BLS,2023,https://data.census.gov
53208,Milwaukee,43.0382,-87.7345,54990.1,3.63,34.1,44.37,US Census ACS / BLS,2023,https://data.census.gov
53209,Milwaukee,43.0882,-87.8522,55368.28,3.3,23.2,44.89,US Census ACS / BLS,2023,https://data.census.gov
53210,Milwaukee,43.0598,-87.9298,48105.64,3.34,28.9,37.62,US Census ACS / BLS,2023,https://data.census.gov
53211,Milwaukee,43.0803,-87.7934,50948.92,3.17,27.1,32.21,US Census ACS / BLS,2023,https://data.census.gov
53212,Milwaukee,42.901,-88.0004,58809.52,4.38,20.1,37.14,US Census ACS / BLS,2023,https://data.census.gov
53213,Milwaukee,42.9736,-87.8744,46840.42,3.34,20.2,39.82,US Census ACS / BLS,2023,https://data.census.gov
53214,Milwaukee,42.9068,-87.7769,45703.9,4.36,22.8,33.64,US Census ACS / BLS,2023,https://data.census.gov
53215,Milwaukee,43.109,-87.8633,53417.98,4.26,30.8,36.62,US Census ACS / BLS,2023,https://data.census.gov
53216,Milwaukee,42.9586,-87.7873,52327.0,4.41,24.6,39.72,US Census ACS / BLS,2023,https://data.census.gov
53217,Milwaukee,43.0688,-87.8276,53790.22,3.88,30.5,42.26,US Census ACS / BLS,2023,https://data.census.gov
53218,Milwaukee,43.1754,-87.8512,60631.12,3.89,29.3,41.46,US Census ACS / BLS,2023,https://data.census.gov
53219,Milwaukee,43.0593,-87.9237,51608.26,3.39,23.6,34.34,US Census ACS / BLS,2023,https://data.census.gov
53220,Milwaukee,43.0174,-87.9144,62246.8,3.5,28.0,36.54,US Census ACS / BLS,2023,https://data.census.gov
53221,Milwaukee,43.1138,-87.9222,54588.16,4.26,26.2,35.7,US Census ACS / BLS,2023,https://data.census.gov
53222,Milwaukee,43.0871,-87.7596,56772.1,3.18,20.2,44.02,US Census ACS / BLS,2023,https://data.census.gov
53223,Milwaukee,42.9971,-87.9375,49414.42,3.9,21.5,35.25,US Census ACS / BLS,2023,https://data.census.gov
53224,Milwaukee,43.0084,-87.9231,52505.2,3.2,22.0,31.7,US Census ACS / BLS,2023,https://data.census.gov
53225,Milwaukee,43.1033,-87.7329,48632.32,3.26,25.6,36.25,US Census ACS / BLS,2023,https://data.census.gov
87101,Albuquerque,35.0513,-106.5882,51955.07,3.92,30.4,37.63,US Census ACS / BLS,2023,https://data.census.gov
87102,Albuquerque,35.178,-106.6923,56951.44,3.34,24.9,36.81,US Census ACS / BLS,2023,https://data.census.gov
87103,Albuquerque,35.0156,-106.5415,44208.74,3.64,34.3,40.91,US Census ACS / BLS,2023,https://data.census.gov
87104,Albuquerque,35.0453,-106.5942,52529.78,4.12,25.2,42.42,US Census ACS / BLS,2023,https://data.census.gov
87105,Albuquerque,35.2162,-106.5438,53302.91,3.75,26.3,43.45,US Census ACS / BLS,2023,https://data.census.gov
87106,Albuquerque,35.074,-106.6172,43319.54,4.07,26.9,44.39,US Census ACS / BLS,2023,https://data.census.gov
87107,Albuquerque,35.0949,-106.5486,44912.61,4.22,28.5,32.9,US Census ACS / BLS,2023,https://data.census.gov
87108,Albuquerque,35.1928,-106.7783,46363.41,3.16,30.7,33.94,US Census ACS / BLS,2023,https://data.census.gov
87109,Albuquerque,35.1016,-106.8155,44137.6,3.61,24.1,35.56,US Census ACS / BLS,2023,https://data.census.gov
87110,Albuquerque,34.9659,-106.695,57273.42,3.26,25.2,33.61,US Census ACS / BLS,2023,https://data.census.gov
87111,Albuquerque,35.1004,-106.5183,47634.5,4.01,28.0,33.23,US Census ACS / BLS,2023,https://data.census.gov
87112,Albuquerque,35.0832,-106.8261,57191.06,3.3,20.8,42.66,US Census ACS / BLS,2023,https://data.census.gov
87113,Albuquerque,35.1041,-106.6336,50652.16,4.25,27.5,33.02,US Census ACS / BLS,2023,https://data.census.gov
87114,Albuquerque,35.2069,-106.6469,54368.08,3.35,32.6,39.45,US Census ACS / BLS,2023,https://data.census.gov
87115,Albuquerque,35.1921,-106.8198,47445.42,4.09,19.9,36.25,US Census ACS / BLS,2023,https://data.census.gov
87116,Albuquerque,34.9509,-106.5024,55614.83,3.98,28.1,43.18,US Census ACS / BLS,2023,https://data.census.gov
87117,Albuquerque,35.1703,-106.6454,54652.62,4.34,33.2,42.78,US Census ACS / BLS,2023,https://data.census.gov
87118,Albuquerque,35.1675,-106.6662,49379.2,4.16,20.4,35.63,US Census ACS / BLS,2023,https://data.census.gov
87119,Albuquerque,34.9818,-106.4873,58241.25,3.91,23.9,45.2,US Census ACS / BLS,2023,https://data.census.gov
87120,Albuquerque,34.9893,-106.7459,56880.3,4.36,27.7,41.99,US Census ACS / BLS,2023,https://data.census.gov
85701,Tucson,32.1363,-111.1227,51986.9,3.99,29.9,36.0,US Census ACS / BLS,2023,https://data.census.gov
85702,Tucson,32.1053,-110.8087,44356.62,4.17,25.2,34.86,US Census ACS / BLS,2023,https://data.census.gov
85703,Tucson,32.0904,-110.9615,55169.3,3.57,33.4,40.8,US Census ACS / BLS,2023,https://data.census.gov
85704,Tucson,32.211,-111.1082,46457.01,4.08,29.6,41.01,US Census ACS / BLS,2023,https://data.census.gov
85705,Tucson,32.1088,-111.0119,52007.49,3.22,26.3,32.58,US Census ACS / BLS,2023,https://data.census.gov
85706,Tucson,32.1215,-110.9034,43514.22,4.05,23.9,36.35,US Census ACS / BLS,2023,https://data.census.gov
85707,Tucson,32.2916,-111.0123,43828.72,3.84,36.6,38.38,US Census ACS / BLS,2023,https://data.census.gov
85708,Tucson,32.2497,-110.8065,49045.98,4.45,37.5,44.02,US Census ACS / BLS,2023,https://data.census.gov
85709,Tucson,32.2826,-110.9478,48171.76,3.28,26.4,42.55,US Census ACS / BLS,2023,https://data.census.gov
85710,Tucson,32.2231,-111.0911,45916.0,3.18,34.7,36.82,US Census ACS / BLS,2023,https://data.census.gov
85711,Tucson,32.2585,-111.1532,58988.18,3.51,25.1,45.39,US Census ACS / BLS,2023,https://data.census.gov
85712,Tucson,32.1616,-111.1077,47655.09,3.15,32.8,42.28,US Census ACS / BLS,2023,https://data.census.gov
85713,Tucson,32.1849,-110.9392,43768.82,4.16,26.1,42.38,US Census ACS / BLS,2023,https://data.census.gov
85714,Tucson,32.0923,-111.1434,60248.03,4.43,29.5,32.9,US Census ACS / BLS,2023,https://data.census.gov
85715,Tucson,32.3179,-110.9779,59433.71,3.43,30.7,44.23,US Census ACS / BLS,2023,https://data.census.gov
85716,Tucson,32.2808,-110.991,55985.49,3.93,30.5,31.83,US Census ACS / BLS,2023,https://data.census.gov
85717,Tucson,32.2857,-110.9968,43162.29,3.17,34.0,34.38,US Census ACS / BLS,2023,https://data.census.gov
85718,Tucson,32.3553,-110.8792,54748.1,3.53,22.1,40.26,US Census ACS / BLS,2023,https://data.census.gov
85719,Tucson,32.2921,-111.0884,53426.46,3.21,21.4,34.03,US Census ACS / BLS,2023,https://data.census.gov
85720,Tucson,32.1838,-110.8789,53248.62,3.98,25.2,34.26,US Census ACS / BLS,2023,https://data.census.gov
95801,Sacramento,38.7251,-121.5944,83497.94,3.12,30.2,37.6,US Census ACS / BLS,2023,https://data.census.gov
95802,Sacramento,38.4783,-121.6476,86344.08,4.12,26.9,37.67,US Census ACS / BLS,2023,https://data.census.gov
95803,Sacramento,38.6889,-121.3186,84862.34,4.31,29.1,32.66,US Census ACS / BLS,2023,https://data.census.gov
95804,Sacramento,38.5041,-121.489,75262.43,3.41,37.9,34.69,US Census ACS / BLS,2023,https://data.census.gov
95805,Sacramento,38.7081,-121.4369,77933.92,3.41,21.6,37.61,US Census ACS / BLS,2023,https://data.census.gov
95806,Sacramento,38.6904,-121.4421,62226.95,3.12,30.7,42.05,US Census ACS / BLS,2023,https://data.census.gov
95807,Sacramento,38.447,-121.4647,72978.42,4.07,32.0,35.72,US Census ACS / BLS,2023,https://data.census.gov
95808,Sacramento,38.6032,-121.6437,84960.58,3.28,34.0,43.62,US Census ACS / BLS,2023,https://data.census.gov
95809,Sacramento,38.4769,-121.4569,63343.03,3.89,29.7,36.5,US Census ACS / BLS,2023,https://data.census.gov
95810,Sacramento,38.6255,-121.4699,88123.26,3.8,33.6,36.57,US Census ACS / BLS,2023,https://data.census.gov
95811,Sacramento,38.6928,-121.4255,79497.52,3.83,27.3,44.6,US Census ACS / BLS,2023,https://data.census.gov
95812,Sacramento,38.4455,-121.4415,88930.99,3.23,28.4,32.45,US Census ACS / BLS,2023,https://data.census.gov
95813,Sacramento,38.5012,-121.6023,89138.37,3.94,24.8,32.07,US Census ACS / BLS,2023,https://data.census.gov
95814,Sacramento,38.576,-121.4759,76940.64,3.14,34.1,44.26,US Census ACS / BLS,2023,https://data.census.gov
95815,Sacramento,38.7236,-121.6069,67507.18,4.12,33.3,42.65,US Census ACS / BLS,2023,https://data.census.gov
95816,Sacramento,38.5001,-121.3769,78157.68,3.61,30.5,38.64,US Census ACS / BLS,2023,https://data.census.gov
95817,Sacramento,38.473,-121.4989,76192.95,4.18,30.6,39.66,US Census ACS / BLS,2023,https://data.census.gov
95818,Sacramento,38.6175,-121.4987,86627.88,3.2,36.9,32.49,US Census ACS / BLS,2023,https://data.census.gov
95819,Sacramento,38.434,-121.4017,86958.06,3.55,33.0,32.03,US Census ACS / BLS,2023,https://data.census.gov
95820,Sacramento,38.602,-121.5599,82600.17,3.59,33.7,38.37,US Census ACS / BLS,2023,https://data.census.gov
95821,Sacramento,38.6919,-121.4002,67569.94,4.21,30.9,32.37,US Census ACS / BLS,2023,https://data.census.gov
95822,Sacramento,38.4626,-121.3907,78231.36,4.07,25.7,33.95,US Census ACS / BLS,2023,https://data.census.gov
95823,Sacramento,38.5487,-121.4317,69818.47,3.62,26.2,32.19,US Census ACS / BLS,2023,https://data.census.gov
95824,Sacramento,38.6269,-121.4565,67886.48,4.31,30.8,33.54,US Census ACS / BLS,2023,https://data.census.gov
95825,Sacramento,38.7213,-121.4743,75971.91,3.51,28.5,44.19,US Census ACS / BLS,2023,https://data.census.gov
95826,Sacramento,38.5565,-121.4319,87738.5,3.39,30.4,32.21,US Census ACS / BLS,2023,https://data.census.gov
95827,Sacramento,38.4517,-121.6387,85173.43,4.16,23.1,44.31,US Census ACS / BLS,2023,https://data.census.gov
95828,Sacramento,38.4366,-121.5179,84322.04,4.29,20.9,39.29,US Census ACS / BLS,2023,https://data.census.gov
95829,Sacramento,38.6534,-121.3376,72476.32,4.48,26.9,41.43,US Census ACS / BLS,2023,https://data.census.gov
95830,Sacramento,38.5922,-121.3149,75535.31,3.37,29.6,32.88,US Census ACS / BLS,2023,https://data.census.gov
64101,Kansas City,38.969,-94.4333,60283.73,4.23,18.9,39.47,US Census ACS / BLS,2023,https://data.census.gov
64102,Kansas City,39.0462,-94.4435,53008.48,3.37,21.3,43.95,US Census ACS / BLS,2023,https://data.census.gov
64103,Kansas City,39.0029,-94.7421,52400.32,3.77,23.7,34.8,US Census ACS / BLS,2023,https://data.census.gov
64104,Kansas City,39.0096,-94.4265,54541.3,3.57,22.7,44.91,US Census ACS / BLS,2023,https://data.census.gov
64105,Kansas City,39.1862,-94.4403,63663.63,3.33,21.9,33.2,US Census ACS / BLS,2023,https://data.census.gov
64106,Kansas City,39.2317,-94.7505,58206.05,4.36,30.4,39.37,US Census ACS / BLS,2023,https://data.census.gov
64107,Kansas City,39.0568,-94.6538,61411.87,4.48,23.6,43.78,US Census ACS / BLS,2023,https://data.census.gov
64108,Kansas City,38.9743,-94.7185,68691.64,3.89,26.6,32.84,US Census ACS / BLS,2023,https://data.census.gov
64109,Kansas City,39.1963,-94.4661,61823.33,4.15,26.2,45.38,US Census ACS / BLS,2023,https://data.census.gov
64110,Kansas City,39.1656,-94.5876,63688.49,3.32,22.1,40.9,US Census ACS / BLS,2023,https://data.census.gov
64111,Kansas City,39.0758,-94.6524,67606.46,4.39,27.8,43.67,US Census ACS / BLS,2023,https://data.census.gov
64112,Kansas City,39.2113,-94.4348,55615.18,3.39,20.6,41.92,US Census ACS / BLS,2023,https://data.census.gov
64113,Kansas City,39.2336,-94.6566,68705.21,3.4,21.6,38.04,US Census ACS / BLS,2023,https://data.census.gov
64114,Kansas City,39.0123,-94.4802,58827.77,4.11,27.0,40.1,US Census ACS / BLS,2023,https://data.census.gov
64115,Kansas City,39.1903,-94.5881,59420.1,3.55,20.6,43.21,US Census ACS / BLS,2023,https://data.census.gov
64116,Kansas City,39.1881,-94.5895,60830.84,3.82,22.6,41.55,US Census ACS / BLS,2023,https://data.census.gov
64117,Kansas City,39.123,-94.6753,53496.81,3.39,24.2,41.09,US Census ACS / BLS,2023,https://data.census.gov
64118,Kansas City,39.2085,-94.6533,73798.79,3.29,23.4,43.76,US Census ACS / BLS,2023,https://data.census.gov
64119,Kansas City,39.2263,-94.6758,52854.74,4.01,23.3,44.72,US Census ACS / BLS,2023,https://data.census.gov
64120,Kansas City,38.9944,-94.5759,67694.63,3.37,19.6,44.72,US Census ACS / BLS,2023,https://data.census.gov
64121,Kansas City,39.2193,-94.5736,59872.26,3.76,25.5,42.4,US Census ACS / BLS,2023,https://data.census.gov
64122,Kansas City,39.0791,-94.4067,53630.2,3.89,17.8,42.31,US Census ACS / BLS,2023,https://data.census.gov
64123,Kansas City,39.0617,-94.6968,52079.29,3.53,23.9,34.74,US Census ACS / BLS,2023,https://data.census.gov
64124,Kansas City,39.229,-94.5116,60787.89,3.53,22.4,39.7,US Census ACS / BLS,2023,https://data.census.gov
64125,Kansas City,39.1423,-94.4428,52305.37,3.66,26.1,33.29,US Census ACS / BLS,2023,https://data.census.gov
64126,Kansas City,39.1737,-94.4544,73394.11,4.25,23.9,41.7,US Census ACS / BLS,2023,https://data.census.gov
64127,Kansas City,38.9591,-94.6261,52086.07,4.28,22.1,45.14,US Census ACS / BLS,2023,https://data.census.gov
64128,Kansas City,39.1564,-94.6735,71388.78,3.8,23.3,39.68,US Census ACS / BLS,2023,https://data.census.gov
64129,Kansas City,38.9953,-94.6705,58054.58,3.12,20.6,33.74,US Census ACS / BLS,2023,https://data.census.gov
64130,Kansas City,39.2402,-94.4648,52221.72,4.26,22.1,41.4,US Census ACS / BLS,2023,https://data.census.gov
30301,Atlanta,33.6469,-84.4303,77961.88,4.3,30.1,32.51,US Census ACS / BLS,2023,https://data.census.gov
30302,Atlanta,33.7843,-84.5077,73378.02,3.67,29.2,32.67,US Census ACS / BLS,2023,https://data.census.gov
30303,Atlanta,33.8691,-84.2169,64612.95,4.43,26.8,44.16,US Census ACS / BLS,2023,https://data.census.gov
30304,Atlanta,33.6691,-84.3432,79430.08,4.12,29.5,35.64,US Census ACS / BLS,2023,https://data.census.gov
30305,Atlanta,33.6405,-84.5007,65730.07,3.45,24.5,36.0,US Census ACS / BLS,2023,https://data.census.gov
30306,Atlanta,33.6416,-84.261,68862.9,3.25,25.3,40.43,US Census ACS / BLS,2023,https://data.census.gov
30307,Atlanta,33.6855,-84.3346,61347.54,3.73,30.5,40.25,US Census ACS / BLS,2023,https://data.census.gov
30308,Atlanta,33.6175,-84.5153,73073.57,4.32,21.5,44.51,US Census ACS / BLS,2023,https://data.census.gov
30309,Atlanta,33.8503,-84.3847,59422.66,3.67,25.9,42.07,US Census ACS / BLS,2023,https://data.census.gov
30310,Atlanta,33.6767,-84.3137,74829.04,3.36,20.7,43.48,US Census ACS / BLS,2023,https://data.census.gov
30311,Atlanta,33.8121,-84.4768,61588.15,3.98,38.9,39.54,US Census ACS / BLS,2023,https://data.census.gov
30312,Atlanta,33.7825,-84.4446,72302.64,3.46,22.1,34.81,US Census ACS / BLS,2023,https://data.census.gov
30313,Atlanta,33.7139,-84.3013,69901.45,4.3,26.0,34.52,US Census ACS / BLS,2023,https://data.census.gov
30314,Atlanta,33.829,-84.2776,57539.52,3.98,32.7,33.0,US Census ACS / BLS,2023,https://data.census.gov
30315,Atlanta,33.6185,-84.2108,77686.89,3.84,23.1,42.13,US Census ACS / BLS,2023,https://data.census.gov
30316,Atlanta,33.679,-84.4161,60655.17,3.32,37.6,34.21,US Census ACS / BLS,2023,https://data.census.gov
30317,Atlanta,33.7681,-84.2439,63208.58,3.12,27.3,42.05,US Census ACS / BLS,2023,https://data.census.gov
30318,Atlanta,33.7312,-84.4282,74986.17,3.29,30.2,40.22,US Census ACS / BLS,2023,https://data.census.gov
30319,Atlanta,33.6901,-84.3939,66012.42,4.03,32.7,38.16,US Census ACS / BLS,2023,https://data.census.gov
30320,Atlanta,33.8346,-84.2937,68867.81,3.76,27.9,40.29,US Census ACS / BLS,2023,https://data.census.gov
30321,Atlanta,33.7097,-84.5555,57573.89,3.86,31.0,45.38,US Census ACS / BLS,2023,https://data.census.gov
30322,Atlanta,33.8129,-84.3516,77456.1,4.27,21.9,37.3,US Census ACS / BLS,2023,https://data.census.gov
30323,Atlanta,33.85,-84.5186,64671.88,3.84,26.8,43.36,US Census ACS / BLS,2023,https://data.census.gov
30324,Atlanta,33.8471,-84.2499,59506.14,3.13,23.1,38.93,US Census ACS / BLS,2023,https://data.census.gov
30325,Atlanta,33.7929,-84.5162,67151.63,4.23,36.0,33.21,US Census ACS / BLS,2023,https://data.census.gov
30326,Atlanta,33.7343,-84.4713,62607.05,3.69,32.8,38.01,US Census ACS / BLS,2023,https://data.census.gov
30327,Atlanta,33.8831,-84.3554,77210.58,3.16,34.4,32.07,US Census ACS / BLS,2023,https://data.census.gov
30328,Atlanta,33.6154,-84.4774,71232.17,4.13,31.5,37.65,US Census ACS / BLS,2023,https://data.census.gov
30329,Atlanta,33.8191,-84.3446,79314.69,4.03,24.9,37.14,US Census ACS / BLS,2023,https://data.census.gov
30330,Atlanta,33.812,-84.3085,61092.2,3.24,24.4,33.74,US Census ACS / BLS,2023,https://data.census.gov
30331,Atlanta,33.6354,-84.2173,61239.51,3.59,30.8,39.23,US Census ACS / BLS,2023,https://data.census.gov
30332,Atlanta,33.7829,-84.5458,58678.73,3.54,28.5,41.37,US Census ACS / BLS,2023,https://data.census.gov
30333,Atlanta,33.8461,-84.2304,62391.0,3.54,21.6,34.84,US Census ACS / BLS,2023,https://data.census.gov
30334,Atlanta,33.7964,-84.4668,69616.65,3.96,26.7,34.65,US Census ACS / BLS,2023,https://data.census.gov
30335,Atlanta,33.857,-84.2456,56667.93,3.57,33.3,41.34,US Census ACS / BLS,2023,https://data.census.gov
30336,Atlanta,33.7576,-84.2388,63213.49,3.49,25.7,35.25,US Census ACS / BLS,2023,https://data.census.gov
30337,Atlanta,33.7821,-84.5509,61126.57,3.64,29.2,38.88,US Census ACS / BLS,2023,https://data.census.gov
30338,Atlanta,33.7561,-84.4666,60959.62,4.08,23.3,32.65,US Census ACS / BLS,2023,https://data.census.gov
30339,Atlanta,33.8044,-84.301,62383.63,3.8,29.8,35.75,US Census ACS / BLS,2023,https://data.census.gov
30340,Atlanta,33.6427,-84.5585,80075.8,4.06,27.8,42.48,US Census ACS / BLS,2023,https://data.census.gov
30341,Atlanta,33.7157,-84.3463,78686.16,3.45,31.9,34.6,US Census ACS / BLS,2023,https://data.census.gov
30342,Atlanta,33.8401,-84.2498,72086.58,3.58,28.7,41.21,US Census ACS / BLS,2023,https://data.census.gov
30343,Atlanta,33.8916,-84.4861,71229.72,3.73,30.5,42.17,US Census ACS / BLS,2023,https://data.census.gov
30344,Atlanta,33.6707,-84.5146,69353.94,3.36,27.1,40.79,US Census ACS / BLS,2023,https://data.census.gov
30345,Atlanta,33.6784,-84.2327,73724.2,4.17,28.5,35.19,US Census ACS / BLS,2023,https://data.census.gov
30346,Atlanta,33.8724,-84.4921,65678.51,3.44,28.6,36.84,US Census ACS / BLS,2023,https://data.census.gov
30347,Atlanta,33.7646,-84.4745,57257.17,3.81,30.1,36.85,US Census ACS / BLS,2023,https://data.census.gov
30348,Atlanta,33.7457,-84.2163,67267.02,3.16,26.2,41.7,US Census ACS / BLS,2023,https://data.census.gov
30349,Atlanta,33.6097,-84.5652,62140.57,3.76,33.6,42.95,US Census ACS / BLS,2023,https://data.census.gov
30350,Atlanta,33.7522,-84.4205,76017.36,3.96,29.8,40.29,US Census ACS / BLS,2023,https://data.census.gov
68101,Omaha,41.2361,-96.0665,60602.77,3.17,22.5,39.91,US Census ACS / BLS,2023,https://data.census.gov
68102,Omaha,41.1386,-95.8628,61533.51,3.88,22.6,36.54,US Census ACS / BLS,2023,https://data.census.gov
68103,Omaha,41.3973,-96.0745,51909.13,4.19,18.3,38.65,US Census ACS / BLS,2023,https://data.census.gov
68104,Omaha,41.3093,-95.9123,58759.14,3.6,27.1,37.93,US Census ACS / BLS,2023,https://data.census.gov
68105,Omaha,41.2773,-95.8126,67609.02,3.75,26.9,33.82,US Census ACS / BLS,2023,https://data.census.gov
68106,Omaha,41.3644,-95.8281,62598.18,3.29,18.0,35.45,US Census ACS / BLS,2023,https://data.census.gov
68107,Omaha,41.3361,-96.0439,54612.08,4.16,27.0,43.47,US Census ACS / BLS,2023,https://data.census.gov
68108,Omaha,41.2045,-95.8951,62379.44,3.45,19.5,36.83,US Census ACS / BLS,2023,https://data.census.gov
68109,Omaha,41.1369,-95.8479,62633.89,3.92,24.6,45.37,US Census ACS / BLS,2023,https://data.census.gov
68110,Omaha,41.2698,-95.8211,67013.07,3.35,24.1,43.24,US Census ACS / BLS,2023,https://data.census.gov
68111,Omaha,41.2656,-95.993,72262.74,3.68,18.2,34.2,US Census ACS / BLS,2023,https://data.census.gov
68112,Omaha,41.2546,-95.9994,60236.72,3.96,24.5,40.6,US Census ACS / BLS,2023,https://data.census.gov
68113,Omaha,41.2894,-95.9594,53748.3,4.03,23.4,34.13,US Census ACS / BLS,2023,https://data.census.gov
68114,Omaha,41.2942,-96.0055,57754.74,3.77,24.0,35.24,US Census ACS / BLS,2023,https://data.census.gov
68115,Omaha,41.2873,-95.9191,57937.76,4.4,24.1,40.35,US Census ACS / BLS,2023,https://data.census.gov
68116,Omaha,41.3885,-95.8924,51672.54,4.37,25.0,35.29,US Census ACS / BLS,2023,https://data.census.gov
68117,Omaha,41.2679,-96.0172,73153.3,3.95,25.0,35.81,US Census ACS / BLS,2023,https://data.census.gov
68118,Omaha,41.3808,-95.8245,57399.85,3.39,19.5,37.49,US Census ACS / BLS,2023,https://data.census.gov
68119,Omaha,41.1069,-95.8789,64988.65,3.4,25.8,36.56,US Census ACS / BLS,2023,https://data.census.gov
68120,Omaha,41.3087,-95.9284,71829.73,4.28,17.8,40.59,US Census ACS / BLS,2023,https://data.census.gov
27601,Raleigh-Durham,35.8508,-78.6334,76326.81,3.92,31.3,43.06,US Census ACS / BLS,2023,https://data.census.gov
27602,Raleigh-Durham,35.7796,-78.7659,87984.06,3.35,24.2,36.39,US Census ACS / BLS,2023,https://data.census.gov
27603,Raleigh-Durham,35.802,-78.8069,79723.66,4.06,28.1,34.23,US Census ACS / BLS,2023,https://data.census.gov
27604,Raleigh-Durham,35.6392,-78.7836,71073.27,3.92,23.9,38.18,US Census ACS / BLS,2023,https://data.census.gov
27605,Raleigh-Durham,35.7972,-78.7508,82577.92,3.92,20.4,32.34,US Census ACS / BLS,2023,https://data.census.gov
27606,Raleigh-Durham,35.6972,-78.7052,84963.06,3.31,25.9,40.41,US Census ACS / BLS,2023,https://data.census.gov
27607,Raleigh-Durham,35.7707,-78.6226,92095.89,3.19,32.0,36.34,US Census ACS / BLS,2023,https://data.census.gov
27608,Raleigh-Durham,35.853,-78.5836,76680.06,4.26,28.3,40.9,US Census ACS / BLS,2023,https://data.census.gov
27609,Raleigh-Durham,35.8998,-78.7203,74275.13,4.15,22.4,45.31,US Census ACS / BLS,2023,https://data.census.gov
27610,Raleigh-Durham,35.8639,-78.5264,84570.25,4.37,27.2,39.35,US Census ACS / BLS,2023,https://data.census.gov
27611,Raleigh-Durham,35.837,-78.6657,69527.45,3.35,25.7,37.4,US Census ACS / BLS,2023,https://data.census.gov
27612,Raleigh-Durham,35.8887,-78.7934,68795.52,3.27,28.8,44.46,US Census ACS / BLS,2023,https://data.census.gov
27613,Raleigh-Durham,35.7799,-78.6616,71658.25,4.28,30.5,45.35,US Census ACS / BLS,2023,https://data.census.gov
27614,Raleigh-Durham,35.6692,-78.7297,91259.39,3.36,28.7,40.8,US Census ACS / BLS,2023,https://data.census.gov
27615,Raleigh-Durham,35.8889,-78.7542,87243.64,4.37,20.2,38.24,US Census ACS / BLS,2023,https://data.census.gov
27616,Raleigh-Durham,35.8911,-78.467,64960.63,4.2,29.5,33.77,US Census ACS / BLS,2023,https://data.census.gov
27617,Raleigh-Durham,35.717,-78.4878,87984.06,3.67,26.5,41.23,US Census ACS / BLS,2023,https://data.census.gov
27618,Raleigh-Durham,35.7076,-78.5006,67566.21,3.79,24.0,37.38,US Census ACS / BLS,2023,https://data.census.gov
27619,Raleigh-Durham,35.8838,-78.6927,91426.12,3.76,21.7,38.03,US Census ACS / BLS,2023,https://data.census.gov
27620,Raleigh-Durham,35.9064,-78.5947,80206.9,3.23,25.5,44.53,US Census ACS / BLS,2023,https://data.census.gov
27621,Raleigh-Durham,35.6376,-78.4659,73718.41,3.78,26.1,40.73,US Census ACS / BLS,2023,https://data.census.gov
27622,Raleigh-Durham,35.6989,-78.7593,71680.86,3.69,29.2,40.55,US Census ACS / BLS,2023,https://data.census.gov
27623,Raleigh-Durham,35.9188,-78.7907,76326.81,3.68,24.9,31.99,US Census ACS / BLS,2023,https://data.census.gov
27624,Raleigh-Durham,35.6915,-78.6916,77217.0,4.41,22.2,38.78,US Census ACS / BLS,2023,https://data.census.gov
27625,Raleigh-Durham,35.84,-78.7867,85033.71,4.03,20.3,37.39,US Census ACS / BLS,2023,https://data.census.gov
27626,Raleigh-Durham,35.9111,-78.6602,70431.77,3.85,31.6,42.05,US Census ACS / BLS,2023,https://data.census.gov
27627,Raleigh-Durham,35.7371,-78.5578,77968.71,4.45,33.2,36.33,US Census ACS / BLS,2023,https://data.census.gov
27628,Raleigh-Durham,35.9139,-78.4949,80365.16,3.53,20.8,31.83,US Census ACS / BLS,2023,https://data.census.gov
27629,Raleigh-Durham,35.7701,-78.6401,71240.01,4.15,22.9,44.21,US Census ACS / BLS,2023,https://data.census.gov
27630,Raleigh-Durham,35.6633,-78.5875,86347.8,4.32,34.6,42.85,US Census ACS / BLS,2023,https://data.census.gov
27631,Raleigh-Durham,35.9181,-78.5901,85977.6,3.17,31.4,32.56,US Census ACS / BLS,2023,https://data.census.gov
27632,Raleigh-Durham,35.7884,-78.5421,73407.55,4.01,20.3,38.96,US Census ACS / BLS,2023,https://data.census.gov
27633,Raleigh-Durham,35.9076,-78.4736,91920.67,3.99,19.8,39.08,US Census ACS / BLS,2023,https://data.census.gov
27634,Raleigh-Durham,35.8847,-78.7091,75784.21,4.2,33.7,43.53,US Census ACS / BLS,2023,https://data.census.gov
27635,Raleigh-Durham,35.7174,-78.4605,88246.87,4.06,25.3,43.58,US Census ACS / BLS,2023,https://data.census.gov
55401,Minneapolis,45.0901,-93.4362,71959.8,4.44,21.7,43.6,US Census ACS / BLS,2023,https://data.census.gov
55402,Minneapolis,44.9461,-93.3549,77878.2,3.65,26.9,32.05,US Census ACS / BLS,2023,https://data.census.gov
55403,Minneapolis,44.9389,-93.2056,82052.4,3.84,27.3,34.77,US Census ACS / BLS,2023,https://data.census.gov
55404,Minneapolis,44.9838,-93.1439,79816.8,3.22,31.7,41.24,US Census ACS / BLS,2023,https://data.census.gov
55405,Minneapolis,45.0293,-93.1425,82335.9,3.19,24.7,39.73,US Census ACS / BLS,2023,https://data.census.gov
55406,Minneapolis,44.8357,-93.1993,85008.9,3.78,26.1,33.54,US Census ACS / BLS,2023,https://data.census.gov
55407,Minneapolis,45.0536,-93.2202,79830.3,4.05,23.5,43.83,US Census ACS / BLS,2023,https://data.census.gov
55408,Minneapolis,44.8572,-93.3421,77735.1,4.3,24.8,41.53,US Census ACS / BLS,2023,https://data.census.gov
55409,Minneapolis,44.8772,-93.3331,64613.1,3.75,26.9,34.21,US Census ACS / BLS,2023,https://data.census.gov
55410,Minneapolis,45.1116,-93.382,87182.4,3.56,22.2,38.18,US Census ACS / BLS,2023,https://data.census.gov
55411,Minneapolis,44.9096,-93.239,77705.4,3.51,27.4,37.92,US Census ACS / BLS,2023,https://data.census.gov
55412,Minneapolis,44.8889,-93.323,73323.3,4.08,22.7,45.29,US Census ACS / BLS,2023,https://data.census.gov
55413,Minneapolis,44.8421,-93.3285,74238.6,4.24,20.1,38.19,US Census ACS / BLS,2023,https://data.census.gov
55414,Minneapolis,44.8698,-93.3194,83534.7,4.02,22.1,42.78,US Census ACS / BLS,2023,https://data.census.gov
55415,Minneapolis,44.9872,-93.3829,77705.4,3.15,22.7,42.78,US Census ACS / BLS,2023,https://data.census.gov
55416,Minneapolis,44.8801,-93.0865,84630.9,3.86,19.9,43.73,US Census ACS / BLS,2023,https://data.census.gov
55417,Minneapolis,44.9709,-93.2924,77840.4,3.66,24.9,40.85,US Census ACS / BLS,2023,https://data.census.gov
55418,Minneapolis,45.1121,-93.1039,61618.8,4.02,31.0,34.75,US Census ACS / BLS,2023,https://data.census.gov
55419,Minneapolis,44.87,-93.3642,67634.4,4.48,24.8,44.56,US Census ACS / BLS,2023,https://data.census.gov
55420,Minneapolis,44.9393,-93.1102,74011.8,4.04,25.6,42.96,US Census ACS / BLS,2023,https://data.census.gov
55421,Minneapolis,45.0844,-93.1116,71633.1,3.6,24.9,33.07,US Census ACS / BLS,2023,https://data.census.gov
55422,Minneapolis,44.912,-93.3073,71684.4,4.08,19.6,43.72,US Census ACS / BLS,2023,https://data.census.gov
55423,Minneapolis,44.9847,-93.1845,73002.0,3.5,25.5,35.65,US Census ACS / BLS,2023,https://data.census.gov
55424,Minneapolis,44.96,-93.2417,74497.8,3.92,32.1,34.33,US Census ACS / BLS,2023,https://data.census.gov
55425,Minneapolis,44.8654,-93.1232,72016.5,3.28,22.5,44.63,US Census ACS / BLS,2023,https://data.census.gov
55426,Minneapolis,45.0066,-93.4325,81558.3,3.52,24.9,34.15,US Census ACS / BLS,2023,https://data.census.gov
55427,Minneapolis,44.9101,-93.3012,69413.7,3.66,19.9,40.61,US Census ACS / BLS,2023,https://data.census.gov
55428,Minneapolis,45.0968,-93.4219,84747.0,3.54,26.2,33.48,US Census ACS / BLS,2023,https://data.census.gov
55429,Minneapolis,45.12,-93.2742,66403.2,4.01,22.9,44.32,US Census ACS / BLS,2023,https://data.census.gov
55430,Minneapolis,45.038,-93.1797,74581.5,4.43,22.5,35.21,US Census ACS / BLS,2023,https://data.census.gov
33601,Tampa Bay,27.9986,-82.5116,77272.1,4.36,37.7,34.49,US Census ACS / BLS,2023,https://data.census.gov
33602,Tampa Bay,27.9669,-82.4874,59162.62,3.77,26.0,43.43,US Census ACS / BLS,2023,https://data.census.gov
33603,Tampa Bay,27.9849,-82.3721,65906.6,4.1,32.6,39.37,US Census ACS / BLS,2023,https://data.census.gov
33604,Tampa Bay,27.8212,-82.284,71624.88,3.43,28.1,33.75,US Census ACS / BLS,2023,https://data.census.gov
33605,Tampa Bay,27.8902,-82.5817,74060.01,4.12,22.9,42.67,US Census ACS / BLS,2023,https://data.census.gov
33606,Tampa Bay,27.9975,-82.5008,65269.39,3.84,31.7,42.97,US Census ACS / BLS,2023,https://data.census.gov
33607,Tampa Bay,27.8167,-82.4116,65430.47,3.42,26.8,40.58,US Census ACS / BLS,2023,https://data.census.gov
33608,Tampa Bay,28.0567,-82.4245,71598.82,3.61,39.7,37.88,US Census ACS / BLS,2023,https://data.census.gov
33609,Tampa Bay,28.0279,-82.4925,67519.75,3.5,32.9,37.88,US Census ACS / BLS,2023,https://data.census.gov
33610,Tampa Bay,27.9879,-82.6369,54268.68,3.92,34.5,37.45,US Census ACS / BLS,2023,https://data.census.gov
33611,Tampa Bay,27.9889,-82.4287,66972.56,3.45,32.7,32.55,US Census ACS / BLS,2023,https://data.census.gov
33612,Tampa Bay,28.0964,-82.5693,55329.9,4.3,26.1,40.48,US Census ACS / BLS,2023,https://data.census.gov
33613,Tampa Bay,28.075,-82.6132,76850.45,3.77,30.3,36.13,US Census ACS / BLS,2023,https://data.census.gov
33614,Tampa Bay,28.0243,-82.5429,62234.96,4.13,33.8,40.41,US Census ACS / BLS,2023,https://data.census.gov
33615,Tampa Bay,27.8632,-82.5799,68824.96,4.42,29.8,43.05,US Census ACS / BLS,2023,https://data.census.gov
33616,Tampa Bay,27.8793,-82.5428,74457.96,3.16,28.8,35.67,US Census ACS / BLS,2023,https://data.census.gov
33617,Tampa Bay,27.8741,-82.3869,72278.67,3.85,30.6,34.18,US Census ACS / BLS,2023,https://data.census.gov
33618,Tampa Bay,27.9153,-82.3565,68201.96,3.95,30.8,40.48,US Census ACS / BLS,2023,https://data.census.gov
33619,Tampa Bay,27.8973,-82.377,74119.23,3.61,38.3,36.13,US Census ACS / BLS,2023,https://data.census.gov
33620,Tampa Bay,28.0208,-82.4247,69564.02,4.48,28.2,38.89,US Census ACS / BLS,2023,https://data.census.gov
33621,Tampa Bay,27.9501,-82.3987,68742.05,4.07,42.4,37.6,US Census ACS / BLS,2023,https://data.census.gov
33622,Tampa Bay,27.9814,-82.6047,61185.58,4.11,36.3,39.79,US Census ACS / BLS,2023,https://data.census.gov
33623,Tampa Bay,27.9174,-82.5239,73396.74,3.37,36.8,34.97,US Census ACS / BLS,2023,https://data.census.gov
33624,Tampa Bay,27.9226,-82.369,76814.92,4.31,33.1,40.63,US Census ACS / BLS,2023,https://data.census.gov
33625,Tampa Bay,27.9608,-82.6035,70428.64,3.64,34.7,34.15,US Census ACS / BLS,2023,https://data.census.gov
33626,Tampa Bay,27.8313,-82.5546,76973.63,4.02,23.1,36.29,US Census ACS / BLS,2023,https://data.census.gov
33627,Tampa Bay,27.8189,-82.5018,59257.37,3.65,32.5,38.53,US Census ACS / BLS,2023,https://data.census.gov
33628,Tampa Bay,27.9677,-82.3873,77442.65,3.44,28.7,36.62,US Census ACS / BLS,2023,https://data.census.gov
33629,Tampa Bay,27.8192,-82.4463,58785.98,3.12,28.7,40.41,US Census ACS / BLS,2023,https://data.census.gov
33630,Tampa Bay,28.0678,-82.4595,56061.86,4.07,30.8,39.92,US Census ACS / BLS,2023,https://data.census.gov
33631,Tampa Bay,27.8376,-82.6007,68372.52,3.19,32.9,33.29,US Census ACS / BLS,2023,https://data.census.gov
33632,Tampa Bay,27.8238,-82.5809,72408.95,4.0,29.0,36.76,US Census ACS / BLS,2023,https://data.census.gov
33633,Tampa Bay,27.9445,-82.5952,61277.96,3.19,28.6,33.73,US Census ACS / BLS,2023,https://data.census.gov
33634,Tampa Bay,27.8879,-82.389,64099.2,4.08,31.1,37.03,US Census ACS / BLS,2023,https://data.census.gov
33635,Tampa Bay,27.9175,-82.3407,67396.57,4.48,35.9,31.68,US Census ACS / BLS,2023,https://data.census.gov
33636,Tampa Bay,27.867,-82.5172,68907.87,3.16,33.6,32.27,US Census ACS / BLS,2023,https://data.census.gov
33637,Tampa Bay,27.8428,-82.4047,72262.09,3.79,32.0,32.87,US Census ACS / BLS,2023,https://data.census.gov
33638,Tampa Bay,27.8969,-82.5837,60309.12,3.55,35.2,38.34,US Census ACS / BLS,2023,https://data.census.gov
33639,Tampa Bay,27.8519,-82.4583,54413.18,3.75,38.3,43.8,US Census ACS / BLS,2023,https://data.census.gov
33640,Tampa Bay,27.819,-82.3059,66406.41,4.04,31.7,36.98,US Census ACS / BLS,2023,https://data.census.gov
70112,New Orleans,30.0007,-90.0178,56071.18,3.17,35.4,43.84,US Census ACS / BLS,2023,https://data.census.gov
70113,New Orleans,29.9955,-90.2026,56920.6,3.23,28.1,31.7,US Census ACS / BLS,2023,https://data.census.gov
70114,New Orleans,30.0978,-90.036,57627.46,3.75,26.1,35.51,US Census ACS / BLS,2023,https://data.census.gov
70115,New Orleans,30.0186,-89.901,52620.04,3.17,36.6,36.78,US Census ACS / BLS,2023,https://data.census.gov
70116,New Orleans,30.0939,-90.0688,58369.96,3.36,32.5,33.52,US Census ACS / BLS,2023,https://data.census.gov
70117,New Orleans,30.0938,-89.9313,59462.92,3.87,25.1,36.8,US Census ACS / BLS,2023,https://data.census.gov
70118,New Orleans,29.8235,-90.0269,58722.4,4.3,32.3,38.55,US Census ACS / BLS,2023,https://data.census.gov
70119,New Orleans,29.9,-90.1187,58187.8,3.5,33.9,32.19,US Census ACS / BLS,2023,https://data.census.gov
70120,New Orleans,30.0111,-89.9881,46719.64,3.8,28.4,32.98,US Census ACS / BLS,2023,https://data.census.gov
70121,New Orleans,29.8391,-89.9342,48527.38,3.33,29.3,31.65,US Census ACS / BLS,2023,https://data.census.gov
70122,New Orleans,29.962,-90.212,49444.12,3.85,24.7,34.62,US Census ACS / BLS,2023,https://data.census.gov
70123,New Orleans,29.8127,-90.0026,64545.58,4.44,28.9,40.11,US Census ACS / BLS,2023,https://data.census.gov
70124,New Orleans,29.9329,-90.072,60157.9,4.35,25.6,40.32,US Census ACS / BLS,2023,https://data.census.gov
70125,New Orleans,29.8626,-90.0181,47083.96,3.55,27.7,33.59,US Census ACS / BLS,2023,https://data.census.gov
70126,New Orleans,29.9915,-90.0393,57112.66,3.39,30.4,34.32,US Census ACS / BLS,2023,https://data.census.gov
70127,New Orleans,29.8438,-90.215,58383.82,3.18,31.7,38.15,US Census ACS / BLS,2023,https://data.census.gov
70128,New Orleans,29.8668,-90.1334,52657.66,4.22,26.5,40.14,US Census ACS / BLS,2023,https://data.census.gov
70129,New Orleans,29.8485,-89.896,55405.9,3.16,26.7,34.7,US Census ACS / BLS,2023,https://data.census.gov
70130,New Orleans,29.8377,-89.9451,60470.74,4.14,29.2,33.08,US Census ACS / BLS,2023,https://data.census.gov
70131,New Orleans,30.0326,-90.1951,55774.18,4.37,27.5,37.44,US Census ACS / BLS,2023,https://data.census.gov
70132,New Orleans,30.0371,-90.2343,62597.26,3.86,20.4,34.28,US Census ACS / BLS,2023,https://data.census.gov
70133,New Orleans,29.968,-89.9595,64862.38,3.96,31.8,38.85,US Census ACS / BLS,2023,https://data.census.gov
70134,New Orleans,29.8787,-89.9503,57356.2,3.96,28.9,35.46,US Census ACS / BLS,2023,https://data.census.gov
70135,New Orleans,30.016,-90.1856,62262.64,4.13,27.7,41.11,US Census ACS / BLS,2023,https://data.census.gov
70136,New Orleans,29.9351,-89.9513,45187.12,3.25,26.6,44.82,US Census ACS / BLS,2023,https://data.census.gov
23220,Richmond,37.4159,-77.5995,72176.81,4.03,28.2,35.23,US Census ACS / BLS,2023,https://data.census.gov
23221,Richmond,37.6849,-77.4639,56211.1,3.65,27.7,41.32,US Census ACS / BLS,2023,https://data.census.gov
23222,Richmond,37.4054,-77.4226,70701.05,3.39,24.0,36.35,US Census ACS / BLS,2023,https://data.census.gov
23223,Richmond,37.4967,-77.585,69646.93,4.32,28.2,34.82,US Census ACS / BLS,2023,https://data.census.gov
23224,Richmond,37.5448,-77.5774,67233.12,3.4,23.2,42.05,US Census ACS / BLS,2023,https://data.census.gov
23225,Richmond,37.4723,-77.4837,65335.72,3.39,24.7,38.76,US Census ACS / BLS,2023,https://data.census.gov
23226,Richmond,37.6595,-77.4309,54067.33,4.35,31.4,40.23,US Census ACS / BLS,2023,https://data.census.gov
23227,Richmond,37.4189,-77.5338,59129.46,3.59,26.0,43.22,US Census ACS / BLS,2023,https://data.census.gov
23228,Richmond,37.5328,-77.4454,54259.21,3.93,32.7,41.69,US Census ACS / BLS,2023,https://data.census.gov
23229,Richmond,37.526,-77.5971,54192.88,3.51,27.5,43.0,US Census ACS / BLS,2023,https://data.census.gov
23230,Richmond,37.5885,-77.5539,63805.47,3.26,24.8,37.5,US Census ACS / BLS,2023,https://data.census.gov
23231,Richmond,37.5199,-77.5093,71610.67,4.15,25.0,33.14,US Census ACS / BLS,2023,https://data.census.gov
23232,Richmond,37.4466,-77.5103,67292.34,3.6,29.8,45.16,US Census ACS / BLS,2023,https://data.census.gov
23233,Richmond,37.4853,-77.4535,58009.02,4.44,21.9,33.25,US Census ACS / BLS,2023,https://data.census.gov
23234,Richmond,37.6252,-77.5046,59605.59,3.86,26.6,38.09,US Census ACS / BLS,2023,https://data.census.gov
23235,Richmond,37.4086,-77.3644,66046.36,3.86,25.3,40.72,US Census ACS / BLS,2023,https://data.census.gov
23236,Richmond,37.4421,-77.4001,65897.12,3.47,18.2,43.58,US Census ACS / BLS,2023,https://data.census.gov
23237,Richmond,37.6444,-77.5962,73254.61,4.12,21.7,41.69,US Census ACS / BLS,2023,https://data.census.gov
23238,Richmond,37.5241,-77.3425,69059.47,4.08,29.2,35.54,US Census ACS / BLS,2023,https://data.census.gov
23239,Richmond,37.6458,-77.611,59546.37,4.14,23.5,37.71,US Census ACS / BLS,2023,https://data.census.gov
23240,Richmond,37.5877,-77.2828,76296.15,3.25,26.5,36.61,US Census ACS / BLS,2023,https://data.census.gov
23241,Richmond,37.5335,-77.3148,59529.79,4.19,27.6,35.05,US Census ACS / BLS,2023,https://data.census.gov
23242,Richmond,37.618,-77.5881,68715.99,4.36,25.6,44.87,US Census ACS / BLS,2023,https://data.census.gov
23243,Richmond,37.6746,-77.4299,63118.52,4.21,27.1,35.58,US Census ACS / BLS,2023,https://data.census.gov
23244,Richmond,37.4129,-77.5491,64070.78,4.25,27.5,32.31,US Census ACS / BLS,2023,https://data.census.gov
35201,Birmingham,33.4901,-86.7203,51447.76,3.87,29.0,44.67,US Census ACS / BLS,2023,https://data.census.gov
35202,Birmingham,33.3741,-86.8958,52664.56,3.84,31.4,44.88,US Census ACS / BLS,2023,https://data.census.gov
35203,Birmingham,33.456,-86.7176,51073.36,3.98,23.0,36.66,US Census ACS / BLS,2023,https://data.census.gov
35204,Birmingham,33.4961,-86.9773,53514.45,3.6,26.1,33.7,US Census ACS / BLS,2023,https://data.census.gov
35205,Birmingham,33.6097,-86.9059,57647.82,4.24,30.0,32.25,US Census ACS / BLS,2023,https://data.census.gov
35206,Birmingham,33.5145,-86.707,50859.95,3.93,28.9,33.59,US Census ACS / BLS,2023,https://data.census.gov
35207,Birmingham,33.6256,-86.8317,47239.5,3.31,26.3,38.24,US Census ACS / BLS,2023,https://data.census.gov
35208,Birmingham,33.5024,-86.9896,61139.1,4.13,28.8,36.1,US Census ACS / BLS,2023,https://data.census.gov
35209,Birmingham,33.5363,-86.6368,45535.98,3.88,23.9,43.22,US Census ACS / BLS,2023,https://data.census.gov
35210,Birmingham,33.5389,-86.7826,47832.93,3.72,24.7,34.25,US Census ACS / BLS,2023,https://data.census.gov
35211,Birmingham,33.3983,-86.887,45449.87,3.36,32.0,37.96,US Census ACS / BLS,2023,https://data.census.gov
35212,Birmingham,33.4121,-86.9251,59456.18,4.25,27.3,37.51,US Census ACS / BLS,2023,https://data.census.gov
35213,Birmingham,33.5525,-86.756,50131.74,3.6,30.3,39.6,US Census ACS / BLS,2023,https://data.census.gov
35214,Birmingham,33.6606,-86.8263,55691.58,4.07,26.7,44.38,US Census ACS / BLS,2023,https://data.census.gov
35215,Birmingham,33.4282,-86.7244,56245.7,4.33,19.1,41.9,US Census ACS / BLS,2023,https://data.census.gov
35216,Birmingham,33.4336,-86.7062,61024.91,3.6,25.5,42.62,US Census ACS / BLS,2023,https://data.census.gov
35217,Birmingham,33.6403,-86.6336,43890.5,3.66,29.5,43.71,US Census ACS / BLS,2023,https://data.census.gov
35218,Birmingham,33.3932,-86.7566,51897.04,4.24,29.2,36.81,US Census ACS / BLS,2023,https://data.census.gov
35219,Birmingham,33.5263,-86.9559,61167.18,4.35,25.0,38.02,US Census ACS / BLS,2023,https://data.census.gov
35220,Birmingham,33.4906,-86.97,57617.87,3.79,21.9,36.35,US Census ACS / BLS,2023,https://data.census.gov
35221,Birmingham,33.5274,-86.9599,48469.41,3.22,26.3,45.29,US Census ACS / BLS,2023,https://data.census.gov
35222,Birmingham,33.3758,-86.956,56406.69,3.88,22.3,39.41,US Census ACS / BLS,2023,https://data.census.gov
35223,Birmingham,33.5678,-86.8921,56943.95,3.79,24.6,31.78,US Census ACS / BLS,2023,https://data.census.gov
35224,Birmingham,33.6499,-86.6487,58312.38,3.62,22.1,31.69,US Census ACS / BLS,2023,https://data.census.gov
35225,Birmingham,33.4204,-86.957,45476.08,3.35,22.8,37.87,US Census ACS / BLS,2023,https://data.census.gov
39201,Jackson,32.2271,-90.2321,41716.79,3.77,30.1,39.78,US Census ACS / BLS,2023,https://data.census.gov
39202,Jackson,32.1528,-90.3527,49795.53,3.68,26.5,36.84,US Census ACS / BLS,2023,https://data.census.gov
39203,Jackson,32.1656,-90.2184,43555.33,3.41,28.0,32.45,US Census ACS / BLS,2023,https://data.census.gov
39204,Jackson,32.2514,-90.3531,49140.78,4.06,23.0,38.1,US Census ACS / BLS,2023,https://data.census.gov
39205,Jackson,32.1709,-90.3045,48707.77,3.49,23.5,37.38,US Census ACS / BLS,2023,https://data.census.gov
39206,Jackson,32.2849,-90.3222,41393.78,3.17,31.2,39.21,US Census ACS / BLS,2023,https://data.census.gov
39207,Jackson,32.2956,-90.2128,53401.02,4.32,30.7,36.71,US Census ACS / BLS,2023,https://data.census.gov
39208,Jackson,32.2655,-90.2881,44220.55,3.62,34.3,45.24,US Census ACS / BLS,2023,https://data.census.gov
39209,Jackson,32.1819,-90.1096,56227.8,4.05,24.2,43.52,US Census ACS / BLS,2023,https://data.census.gov
39210,Jackson,32.1713,-90.305,46083.54,3.53,22.2,40.07,US Census ACS / BLS,2023,https://data.census.gov
39211,Jackson,32.4482,-90.2347,49968.39,3.35,21.6,38.43,US Census ACS / BLS,2023,https://data.census.gov
39212,Jackson,32.296,-90.2763,40208.25,3.85,21.7,34.21,US Census ACS / BLS,2023,https://data.census.gov
39213,Jackson,32.1967,-90.2215,55143.53,3.67,24.0,39.17,US Census ACS / BLS,2023,https://data.census.gov
39214,Jackson,32.3854,-90.3628,45568.47,3.24,27.8,36.0,US Census ACS / BLS,2023,https://data.census.gov
39215,Jackson,32.3652,-90.304,42823.75,3.52,22.8,35.82,US Census ACS / BLS,2023,https://data.census.gov
72201,Little Rock,34.7682,-92.3894,55487.08,3.74,19.5,31.91,US Census ACS / BLS,2023,https://data.census.gov
72202,Little Rock,34.7976,-92.1628,59845.06,3.56,19.4,36.02,US Census ACS / BLS,2023,https://data.census.gov
72203,Little Rock,34.6219,-92.3923,62496.28,3.35,24.2,38.17,US Census ACS / BLS,2023,https://data.census.gov
72204,Little Rock,34.7488,-92.4652,54861.4,3.95,26.6,32.71,US Census ACS / BLS,2023,https://data.census.gov
72205,Little Rock,34.7948,-92.249,54091.18,3.2,22.4,38.39,US Census ACS / BLS,2023,https://data.census.gov
72206,Little Rock,34.6569,-92.1649,61165.72,3.19,25.5,43.38,US Census ACS / BLS,2023,https://data.census.gov
72207,Little Rock,34.7913,-92.2076,58668.94,3.75,28.7,35.58,US Census ACS / BLS,2023,https://data.census.gov
72208,Little Rock,34.7869,-92.3467,59639.14,3.81,24.1,33.23,US Census ACS / BLS,2023,https://data.census.gov
72209,Little Rock,34.8213,-92.4585,45749.44,4.13,19.9,43.15,US Census ACS / BLS,2023,https://data.census.gov
72210,Little Rock,34.8875,-92.1108,60589.54,3.24,22.5,44.97,US Census ACS / BLS,2023,https://data.census.gov
72211,Little Rock,34.6962,-92.2345,55100.98,3.94,22.8,40.81,US Census ACS / BLS,2023,https://data.census.gov
72212,Little Rock,34.6491,-92.124,50891.5,4.19,24.4,45.2,US Census ACS / BLS,2023,https://data.census.gov
72213,Little Rock,34.8331,-92.4152,63969.4,4.13,21.9,37.84,US Census ACS / BLS,2023,https://data.census.gov
72214,Little Rock,34.6539,-92.422,62094.34,4.22,19.5,32.28,US Census ACS / BLS,2023,https://data.census.gov
72215,Little Rock,34.5972,-92.1171,60229.18,4.06,24.7,31.86,US Census ACS / BLS,2023,https://data.census.gov
72216,Little Rock,34.8815,-92.2356,64323.82,3.81,22.7,36.28,US Census ACS / BLS,2023,https://data.census.gov
72217,Little Rock,34.6064,-92.3915,54158.5,4.06,19.6,32.92,US Census ACS / BLS,2023,https://data.census.gov
72218,Little Rock,34.8266,-92.1155,56199.88,4.07,26.1,40.07,US Census ACS / BLS,2023,https://data.census.gov
72219,Little Rock,34.6087,-92.1653,46289.98,3.97,22.3,43.38,US Census ACS / BLS,2023,https://data.census.gov
72220,Little Rock,34.7655,-92.4348,57906.64,3.23,20.6,32.46,US Census ACS / BLS,2023,https://data.census.gov
37401,Chattanooga,35.1461,-85.4534,67115.65,3.74,29.6,35.32,US Census ACS / BLS,2023,https://data.census.gov
37402,Chattanooga,34.9016,-85.1394,54325.91,4.32,26.9,34.59,US Census ACS / BLS,2023,https://data.census.gov
37403,Chattanooga,34.9809,-85.4578,56524.57,4.39,33.6,45.14,US Census ACS / BLS,2023,https://data.census.gov
37404,Chattanooga,34.9264,-85.3973,68461.38,4.31,24.1,41.08,US Census ACS / BLS,2023,https://data.census.gov
37405,Chattanooga,34.953,-85.1991,48418.58,3.65,23.3,35.95,US Census ACS / BLS,2023,https://data.census.gov
37406,Chattanooga,34.9671,-85.1632,53506.67,3.28,26.4,31.77,US Census ACS / BLS,2023,https://data.census.gov
37407,Chattanooga,35.0358,-85.4468,63482.8,3.25,32.8,40.85,US Census ACS / BLS,2023,https://data.census.gov
37408,Chattanooga,35.1555,-85.4106,65304.49,3.83,18.5,31.73,US Census ACS / BLS,2023,https://data.census.gov
37409,Chattanooga,34.8976,-85.3465,53660.41,4.37,28.6,43.88,US Census ACS / BLS,2023,https://data.census.gov
37410,Chattanooga,35.0951,-85.3763,48243.78,3.47,23.4,32.01,US Census ACS / BLS,2023,https://data.census.gov
37411,Chattanooga,34.9414,-85.4732,61953.84,4.19,32.1,44.19,US Census ACS / BLS,2023,https://data.census.gov
37412,Chattanooga,35.0932,-85.1884,59081.26,3.12,28.5,40.0,US Census ACS / BLS,2023,https://data.census.gov
37413,Chattanooga,35.0907,-85.371,53047.57,3.28,26.2,36.51,US Census ACS / BLS,2023,https://data.census.gov
37414,Chattanooga,35.0638,-85.1962,48736.58,4.07,28.3,43.73,US Census ACS / BLS,2023,https://data.census.gov
37415,Chattanooga,35.1133,-85.1357,64361.0,3.54,30.6,41.25,US Census ACS / BLS,2023,https://data.census.gov
37416,Chattanooga,35.1223,-85.2977,60591.26,4.48,32.1,34.89,US Census ACS / BLS,2023,https://data.census.gov
37417,Chattanooga,35.0357,-85.4008,59464.55,3.37,24.1,32.06,US Census ACS / BLS,2023,https://data.census.gov
37418,Chattanooga,35.053,-85.3714,56741.49,3.54,20.1,37.18,US Census ACS / BLS,2023,https://data.census.gov
37419,Chattanooga,35.1174,-85.1895,68332.91,3.77,23.4,33.57,US Census ACS / BLS,2023,https://data.census.gov
37420,Chattanooga,35.0582,-85.3824,53788.88,3.73,30.1,33.51,US Census ACS / BLS,2023,https://data.census.gov
37901,Knoxville,35.9806,-83.8556,64028.25,4.34,24.9,41.92,US Census ACS / BLS,2023,https://data.census.gov
37902,Knoxville,36.1059,-83.8437,52123.03,3.51,21.6,32.77,US Census ACS / BLS,2023,https://data.census.gov
37903,Knoxville,35.9361,-83.8778,48513.35,4.05,31.7,43.31,US Census ACS / BLS,2023,https://data.census.gov
37904,Knoxville,35.9969,-84.0337,57213.23,3.4,28.2,42.76,US Census ACS / BLS,2023,https://data.census.gov
37905,Knoxville,35.8953,-84.0148,59740.43,4.31,32.2,36.12,US Census ACS / BLS,2023,https://data.census.gov
37906,Knoxville,35.8615,-83.9467,68543.51,3.82,27.9,40.98,US Census ACS / BLS,2023,https://data.census.gov
37907,Knoxville,35.9189,-83.7765,61572.65,3.27,26.0,34.73,US Census ACS / BLS,2023,https://data.census.gov
37908,Knoxville,35.8884,-83.8143,64059.84,4.44,23.3,40.18,US Census ACS / BLS,2023,https://data.census.gov
37909,Knoxville,36.0959,-83.7466,58708.49,4.18,22.6,35.37,US Census ACS / BLS,2023,https://data.census.gov
37910,Knoxville,35.9395,-83.7964,60231.13,3.51,22.2,34.85,US Census ACS / BLS,2023,https://data.census.gov
37911,Knoxville,35.9424,-83.9064,55482.1,3.84,24.1,35.46,US Census ACS / BLS,2023,https://data.census.gov
37912,Knoxville,35.8986,-84.0266,48978.77,3.67,28.6,38.62,US Census ACS / BLS,2023,https://data.census.gov
37913,Knoxville,35.826,-83.9278,61553.7,3.32,28.1,32.4,US Census ACS / BLS,2023,https://data.census.gov
37914,Knoxville,35.9466,-83.8265,58325.2,3.77,30.9,32.92,US Census ACS / BLS,2023,https://data.census.gov
37915,Knoxville,35.9807,-84.0089,53976.31,4.42,34.1,39.19,US Census ACS / BLS,2023,https://data.census.gov
37916,Knoxville,35.8224,-83.9231,57449.11,3.5,22.2,31.73,US Census ACS / BLS,2023,https://data.census.gov
37917,Knoxville,35.8801,-83.8696,54898.74,3.95,20.2,31.6,US Census ACS / BLS,2023,https://data.census.gov
37918,Knoxville,35.9267,-83.9212,54633.38,3.93,22.8,31.87,US Census ACS / BLS,2023,https://data.census.gov
37919,Knoxville,35.9123,-84.0963,50792.04,4.12,21.4,41.72,US Census ACS / BLS,2023,https://data.census.gov
37920,Knoxville,36.0378,-83.7642,58874.87,3.92,26.0,31.96,US Census ACS / BLS,2023,https://data.census.gov
35801,Huntsville,34.7079,-86.7432,74514.44,4.08,29.0,45.01,US Census ACS / BLS,2023,https://data.census.gov
35802,Huntsville,34.7481,-86.4382,74088.56,3.21,30.1,41.94,US Census ACS / BLS,2023,https://data.census.gov
35803,Huntsville,34.7966,-86.6401,61478.3,3.83,28.3,35.25,US Census ACS / BLS,2023,https://data.census.gov
35804,Huntsville,34.7559,-86.582,75721.88,3.14,25.5,33.67,US Census ACS / BLS,2023,https://data.census.gov
35805,Huntsville,34.8125,-86.4995,68870.36,3.95,21.6,34.03,US Census ACS / BLS,2023,https://data.census.gov
35806,Huntsville,34.7077,-86.736,76119.68,3.32,24.1,40.89,US Census ACS / BLS,2023,https://data.census.gov
35807,Huntsville,34.8121,-86.7147,58342.7,3.38,28.4,32.45,US Census ACS / BLS,2023,https://data.census.gov
35808,Huntsville,34.7777,-86.4916,75281.96,4.41,20.7,38.22,US Census ACS / BLS,2023,https://data.census.gov
35809,Huntsville,34.8185,-86.5026,72071.48,4.0,22.6,36.14,US Census ACS / BLS,2023,https://data.census.gov
35810,Huntsville,34.6263,-86.621,72478.64,3.92,30.7,37.82,US Census ACS / BLS,2023,https://data.census.gov
35811,Huntsville,34.8674,-86.6693,68049.02,3.95,23.2,34.1,US Census ACS / BLS,2023,https://data.census.gov
35812,Huntsville,34.8036,-86.6961,60455.72,3.29,29.1,37.85,US Census ACS / BLS,2023,https://data.census.gov
35813,Huntsville,34.727,-86.7408,62996.96,3.4,19.6,34.79,US Census ACS / BLS,2023,https://data.census.gov
35814,Huntsville,34.7605,-86.5112,70379.66,4.0,24.3,39.11,US Census ACS / BLS,2023,https://data.census.gov
35815,Huntsville,34.6437,-86.6057,65395.46,4.11,18.9,35.48,US Census ACS / BLS,2023,https://data.census.gov
35816,Huntsville,34.5926,-86.656,54470.0,3.3,17.5,38.04,US Census ACS / BLS,2023,https://data.census.gov
35817,Huntsville,34.7372,-86.4676,55408.34,3.61,22.8,44.57,US Census ACS / BLS,2023,https://data.census.gov
35818,Huntsville,34.8734,-86.6638,72541.82,3.93,22.9,33.34,US Census ACS / BLS,2023,https://data.census.gov
35819,Huntsville,34.7794,-86.5838,72490.34,3.45,26.1,42.75,US Census ACS / BLS,2023,https://data.census.gov
35820,Huntsville,34.604,-86.6983,58267.82,3.99,23.7,42.69,US Census ACS / BLS,2023,https://data.census.gov
80901,Colorado Springs,38.6889,-104.726,81214.79,4.34,26.8,34.89,US Census ACS / BLS,2023,https://data.census.gov
80902,Colorado Springs,38.6976,-104.8922,79194.65,3.7,20.8,36.63,US Census ACS / BLS,2023,https://data.census.gov
80903,Colorado Springs,38.7572,-104.7671,65064.11,4.32,25.1,37.7,US Census ACS / BLS,2023,https://data.census.gov
80904,Colorado Springs,38.7692,-104.9203,76177.49,3.67,18.5,36.02,US Census ACS / BLS,2023,https://data.census.gov
80905,Colorado Springs,38.897,-104.7245,69618.56,4.23,26.9,33.33,US Census ACS / BLS,2023,https://data.census.gov
80906,Colorado Springs,38.9338,-104.7896,61522.34,3.25,19.8,42.18,US Census ACS / BLS,2023,https://data.census.gov
80907,Colorado Springs,38.7351,-104.7152,74684.57,4.33,25.6,44.04,US Census ACS / BLS,2023,https://data.census.gov
80908,Colorado Springs,38.7261,-104.9324,74710.67,4.39,22.3,38.78,US Census ACS / BLS,2023,https://data.census.gov
80909,Colorado Springs,38.7516,-104.6453,67522.73,3.93,23.7,34.47,US Census ACS / BLS,2023,https://data.census.gov
80910,Colorado Springs,38.7266,-104.8132,75002.99,3.8,19.8,31.81,US Census ACS / BLS,2023,https://data.census.gov
80911,Colorado Springs,38.745,-104.9654,71667.41,3.82,23.7,43.01,US Census ACS / BLS,2023,https://data.census.gov
80912,Colorado Springs,38.8741,-104.9725,65774.03,3.91,27.7,35.12,US Census ACS / BLS,2023,https://data.census.gov
80913,Colorado Springs,38.6908,-104.9241,65690.51,3.8,25.5,40.58,US Census ACS / BLS,2023,https://data.census.gov
80914,Colorado Springs,38.7963,-104.7415,80797.19,3.64,23.7,35.38,US Census ACS / BLS,2023,https://data.census.gov
80915,Colorado Springs,38.9103,-104.9924,77568.62,4.45,24.9,42.39,US Census ACS / BLS,2023,https://data.census.gov
80916,Colorado Springs,38.8286,-104.7344,65719.22,4.23,25.9,35.58,US Census ACS / BLS,2023,https://data.census.gov
80917,Colorado Springs,38.7612,-104.9417,72432.14,4.14,22.4,33.55,US Census ACS / BLS,2023,https://data.census.gov
80918,Colorado Springs,38.8939,-104.8331,85101.08,3.24,21.3,32.09,US Census ACS / BLS,2023,https://data.census.gov
80919,Colorado Springs,38.8516,-104.8742,61738.97,3.3,22.5,37.41,US Census ACS / BLS,2023,https://data.census.gov
80920,Colorado Springs,38.8249,-104.9132,74055.56,4.43,27.2,34.7,US Census ACS / BLS,2023,https://data.census.gov
80521,Fort Collins,40.6156,-105.0487,79594.56,4.09,25.0,39.42,US Census ACS / BLS,2023,https://data.census.gov
80522,Fort Collins,40.5813,-105.0875,65766.24,3.36,21.9,36.27,US Census ACS / BLS,2023,https://data.census.gov
80523,Fort Collins,40.7337,-105.2207,66981.89,3.7,21.8,32.14,US Census ACS / BLS,2023,https://data.census.gov
80524,Fort Collins,40.5595,-105.1563,76261.25,4.15,27.7,44.97,US Census ACS / BLS,2023,https://data.census.gov
80525,Fort Collins,40.5862,-104.9995,73767.74,4.02,25.4,44.25,US Census ACS / BLS,2023,https://data.census.gov
80526,Fort Collins,40.4926,-105.1942,78575.9,4.07,34.8,39.16,US Census ACS / BLS,2023,https://data.census.gov
80527,Fort Collins,40.6055,-104.9815,66585.31,3.32,30.4,33.84,US Census ACS / BLS,2023,https://data.census.gov
80528,Fort Collins,40.5814,-105.0669,78609.6,4.26,25.5,44.03,US Census ACS / BLS,2023,https://data.census.gov
80529,Fort Collins,40.4537,-104.9633,79413.12,4.08,35.5,40.44,US Census ACS / BLS,2023,https://data.census.gov
80530,Fort Collins,40.6692,-104.9353,73622.59,3.76,25.0,36.44,US Census ACS / BLS,2023,https://data.census.gov
80531,Fort Collins,40.7276,-104.9174,84786.34,4.43,28.9,35.46,US Census ACS / BLS,2023,https://data.census.gov
80532,Fort Collins,40.5228,-105.1228,61987.1,4.32,34.1,32.5,US Census ACS / BLS,2023,https://data.census.gov
80533,Fort Collins,40.7307,-105.1286,66108.38,3.7,29.8,34.06,US Census ACS / BLS,2023,https://data.census.gov
80534,Fort Collins,40.6703,-105.1334,68319.36,3.97,22.4,45.04,US Census ACS / BLS,2023,https://data.census.gov
80535,Fort Collins,40.5431,-105.0584,76025.38,4.06,25.3,43.56,US Census ACS / BLS,2023,https://data.census.gov
83701,Boise,43.7247,-116.0441,63021.4,4.43,26.6,33.14,US Census ACS / BLS,2023,https://data.census.gov
83702,Boise,43.6019,-116.2558,66299.82,3.36,33.6,42.76,US Census ACS / BLS,2023,https://data.census.gov
83703,Boise,43.6464,-116.2294,59425.56,3.25,26.7,44.58,US Census ACS / BLS,2023,https://data.census.gov
83704,Boise,43.6846,-116.3613,58693.6,3.15,21.5,41.7,US Census ACS / BLS,2023,https://data.census.gov
83705,Boise,43.7173,-116.1541,59224.21,3.13,24.9,33.78,US Census ACS / BLS,2023,https://data.census.gov
83706,Boise,43.5021,-116.1499,66797.26,3.82,24.8,38.56,US Census ACS / BLS,2023,https://data.census.gov
83707,Boise,43.5185,-116.0558,58667.54,3.99,23.8,37.61,US Census ACS / BLS,2023,https://data.census.gov
83708,Boise,43.7088,-116.1862,74211.61,3.86,23.1,32.91,US Census ACS / BLS,2023,https://data.census.gov
83709,Boise,43.718,-116.3356,56727.5,3.55,27.8,38.0,US Census ACS / BLS,2023,https://data.census.gov
83710,Boise,43.5694,-116.3151,57232.05,3.73,21.8,41.45,US Census ACS / BLS,2023,https://data.census.gov
83711,Boise,43.514,-116.3647,66482.21,3.5,22.3,42.79,US Census ACS / BLS,2023,https://data.census.gov
83712,Boise,43.5914,-116.2544,63206.16,3.35,23.1,44.27,US Census ACS / BLS,2023,https://data.census.gov
83713,Boise,43.677,-116.2647,68571.5,3.34,24.2,44.39,US Census ACS / BLS,2023,https://data.census.gov
83714,Boise,43.5255,-116.2124,72041.79,3.58,25.5,35.07,US Census ACS / BLS,2023,https://data.census.gov
83715,Boise,43.6774,-116.1641,69218.18,3.33,29.6,42.45,US Census ACS / BLS,2023,https://data.census.gov
83716,Boise,43.5902,-116.2899,74019.74,3.59,22.8,37.87,US Census ACS / BLS,2023,https://data.census.gov
83717,Boise,43.7008,-116.3328,57073.34,3.94,31.4,43.74,US Census ACS / BLS,2023,https://data.census.gov
83718,Boise,43.5903,-116.2651,65224.38,4.38,21.9,41.23,US Census ACS / BLS,2023,https://data.census.gov
83719,Boise,43.4972,-116.3332,71515.91,3.37,25.2,38.0,US Census ACS / BLS,2023,https://data.census.gov
83720,Boise,43.699,-116.2283,63514.11,3.73,19.5,44.38,US Census ACS / BLS,2023,https://data.census.gov
84101,Salt Lake City,40.8773,-111.9314,66650.99,3.76,24.9,44.46,US Census ACS / BLS,2023,https://data.census.gov
84102,Salt Lake City,40.6363,-112.0239,81877.73,3.32,23.1,33.84,US Census ACS / BLS,2023,https://data.census.gov
84103,Salt Lake City,40.7514,-111.8461,67126.01,3.96,26.9,42.43,US Census ACS / BLS,2023,https://data.census.gov
84104,Salt Lake City,40.823,-111.9307,85385.57,3.55,28.4,45.32,US Census ACS / BLS,2023,https://data.census.gov
84105,Salt Lake City,40.6169,-111.754,83430.68,3.16,24.1,39.84,US Census ACS / BLS,2023,https://data.census.gov
84106,Salt Lake City,40.825,-111.9304,75697.25,4.46,18.1,44.48,US Census ACS / BLS,2023,https://data.census.gov
84107,Salt Lake City,40.7135,-111.8584,81269.6,3.59,20.9,33.79,US Census ACS / BLS,2023,https://data.census.gov
84108,Salt Lake City,40.6178,-112.023,76039.16,3.79,21.7,36.67,US Census ACS / BLS,2023,https://data.census.gov
84109,Salt Lake City,40.6842,-111.832,64333.31,3.23,23.9,40.54,US Census ACS / BLS,2023,https://data.census.gov
84110,Salt Lake City,40.6812,-111.8502,61966.04,4.38,20.8,37.35,US Census ACS / BLS,2023,https://data.census.gov
84111,Salt Lake City,40.7174,-111.7903,83174.9,3.44,25.4,44.43,US Census ACS / BLS,2023,https://data.census.gov
84112,Salt Lake City,40.8392,-111.8342,61642.4,3.6,32.0,34.65,US Census ACS / BLS,2023,https://data.census.gov
84113,Salt Lake City,40.8892,-111.8919,60293.03,3.62,21.1,36.74,US Census ACS / BLS,2023,https://data.census.gov
84114,Salt Lake City,40.8178,-111.7551,79468.7,3.86,21.5,44.16,US Census ACS / BLS,2023,https://data.census.gov
84115,Salt Lake City,40.8422,-111.9471,84874.01,3.73,24.2,44.97,US Census ACS / BLS,2023,https://data.census.gov
84116,Salt Lake City,40.8637,-111.9126,69696.86,4.03,33.3,33.73,US Census ACS / BLS,2023,https://data.census.gov
84117,Salt Lake City,40.7678,-111.8173,79332.98,3.67,24.4,41.1,US Census ACS / BLS,2023,https://data.census.gov
84118,Salt Lake City,40.7497,-111.8455,79854.98,3.18,25.9,43.95,US Census ACS / BLS,2023,https://data.census.gov
84119,Salt Lake City,40.8466,-111.8149,73217.75,4.1,23.9,34.62,US Census ACS / BLS,2023,https://data.census.gov
84120,Salt Lake City,40.8174,-111.8833,67867.25,3.42,28.4,34.24,US Census ACS / BLS,2023,https://data.census.gov
84121,Salt Lake City,40.7933,-111.7582,83167.07,4.44,23.4,36.23,US Census ACS / BLS,2023,https://data.census.gov
84122,Salt Lake City,40.6815,-111.9512,62796.02,4.25,21.4,34.1,US Census ACS / BLS,2023,https://data.census.gov
84123,Salt Lake City,40.7958,-111.9414,69589.85,4.16,29.2,38.07,US Census ACS / BLS,2023,https://data.census.gov
84124,Salt Lake City,40.7031,-111.7985,81593.24,3.68,23.1,34.07,US Census ACS / BLS,2023,https://data.census.gov
84125,Salt Lake City,40.8587,-111.7259,64061.87,3.39,29.5,38.83,US Census ACS / BLS,2023,https://data.census.gov
84126,Salt Lake City,40.6944,-112.0675,83412.41,3.49,22.4,38.52,US Census ACS / BLS,2023,https://data.census.gov
84127,Salt Lake City,40.7442,-112.0667,81948.2,3.28,26.4,44.12,US Census ACS / BLS,2023,https://data.census.gov
84128,Salt Lake City,40.8542,-111.9549,77881.82,4.38,28.7,31.62,US Census ACS / BLS,2023,https://data.census.gov
84129,Salt Lake City,40.7484,-111.8172,66144.65,3.64,30.0,38.27,US Census ACS / BLS,2023,https://data.census.gov
84130,Salt Lake City,40.7792,-111.7822,69493.28,4.37,23.8,35.3,US Census ACS / BLS,2023,https://data.census.gov
89501,Reno,39.4008,-119.9316,62269.22,4.37,32.6,43.06,US Census ACS / BLS,2023,https://data.census.gov
89502,Reno,39.3829,-119.8015,73325.72,3.88,26.2,42.31,US Census ACS / BLS,2023,https://data.census.gov
89503,Reno,39.6474,-119.9435,75129.86,3.73,28.7,36.1,US Census ACS / BLS,2023,https://data.census.gov
89504,Reno,39.5015,-119.7962,69406.22,3.88,30.3,44.46,US Census ACS / BLS,2023,https://data.census.gov
89505,Reno,39.6072,-119.9909,69221.36,4.29,30.2,42.27,US Census ACS / BLS,2023,https://data.census.gov
89506,Reno,39.539,-119.9151,72214.22,4.06,29.1,42.8,US Census ACS / BLS,2023,https://data.census.gov
89507,Reno,39.613,-119.7196,74247.68,4.26,35.7,44.17,US Census ACS / BLS,2023,https://data.census.gov
89508,Reno,39.4903,-119.9834,69537.26,3.59,33.0,33.27,US Census ACS / BLS,2023,https://data.census.gov
89509,Reno,39.4744,-119.7708,58972.16,4.08,34.0,44.79,US Census ACS / BLS,2023,https://data.census.gov
89510,Reno,39.4756,-119.6483,62908.04,4.47,24.4,36.12,US Census ACS / BLS,2023,https://data.census.gov
89511,Reno,39.6468,-119.9826,70506.02,3.44,26.6,35.35,US Census ACS / BLS,2023,https://data.census.gov
89512,Reno,39.6637,-119.9181,75834.2,3.51,30.1,37.16,US Census ACS / BLS,2023,https://data.census.gov
89513,Reno,39.6736,-119.6495,70756.4,4.23,32.1,37.11,US Census ACS / BLS,2023,https://data.census.gov
89514,Reno,39.589,-119.9675,58890.26,3.84,28.1,43.16,US Census ACS / BLS,2023,https://data.census.gov
89515,Reno,39.6568,-119.839,64349.48,3.22,33.7,40.85,US Census ACS / BLS,2023,https://data.census.gov
32301,Tallahassee,30.5905,-84.2476,51485.5,3.46,27.5,42.86,US Census ACS / BLS,2023,https://data.census.gov
32302,Tallahassee,30.5402,-84.2703,60173.74,3.82,30.7,35.2,US Census ACS / BLS,2023,https://data.census.gov
32303,Tallahassee,30.3944,-84.1612,52224.04,3.44,26.9,37.4,US Census ACS / BLS,2023,https://data.census.gov
32304,Tallahassee,30.3974,-84.269,49293.64,3.87,28.2,37.21,US Census ACS / BLS,2023,https://data.census.gov
32305,Tallahassee,30.3641,-84.1975,51523.12,4.01,22.1,34.73,US Census ACS / BLS,2023,https://data.census.gov
32306,Tallahassee,30.3177,-84.4342,58344.22,3.69,23.9,33.36,US Census ACS / BLS,2023,https://data.census.gov
32307,Tallahassee,30.3535,-84.1511,48961.0,3.46,29.5,31.59,US Census ACS / BLS,2023,https://data.census.gov
32308,Tallahassee,30.3849,-84.2306,59455.0,3.36,23.7,35.32,US Census ACS / BLS,2023,https://data.census.gov
32309,Tallahassee,30.4286,-84.2102,64074.34,3.31,23.2,37.39,US Census ACS / BLS,2023,https://data.census.gov
32310,Tallahassee,30.5122,-84.4036,45899.92,3.54,22.8,33.5,US Census ACS / BLS,2023,https://data.census.gov
32311,Tallahassee,30.3031,-84.3612,53813.98,4.3,21.9,35.65,US Census ACS / BLS,2023,https://data.census.gov
32312,Tallahassee,30.3315,-84.1262,63543.7,3.93,23.5,32.22,US Census ACS / BLS,2023,https://data.census.gov
32313,Tallahassee,30.4697,-84.3331,54152.56,3.2,33.5,42.4,US Census ACS / BLS,2023,https://data.census.gov
32314,Tallahassee,30.5859,-84.2822,54586.18,4.41,29.4,36.6,US Census ACS / BLS,2023,https://data.census.gov
32315,Tallahassee,30.4252,-84.1236,53020.0,3.24,32.3,42.77,US Census ACS / BLS,2023,https://data.census.gov
32601,Gainesville,29.5759,-82.3427,57567.33,4.31,36.0,44.48,US Census ACS / BLS,2023,https://data.census.gov
32602,Gainesville,29.7319,-82.1685,60667.36,4.02,37.0,32.15,US Census ACS / BLS,2023,https://data.census.gov
32603,Gainesville,29.5254,-82.2665,55002.69,3.59,38.4,37.15,US Census ACS / BLS,2023,https://data.census.gov
32604,Gainesville,29.5349,-82.1629,59049.95,4.05,27.1,43.6,US Census ACS / BLS,2023,https://data.census.gov
32605,Gainesville,29.7162,-82.2602,49890.26,4.07,29.4,40.09,US Census ACS / BLS,2023,https://data.census.gov
32606,Gainesville,29.5085,-82.4095,50951.68,4.1,37.4,43.65,US Census ACS / BLS,2023,https://data.census.gov
32607,Gainesville,29.7182,-82.455,60755.34,4.13,29.6,34.44,US Census ACS / BLS,2023,https://data.census.gov
32608,Gainesville,29.5656,-82.3986,50199.14,4.1,27.8,33.88,US Census ACS / BLS,2023,https://data.census.gov
32609,Gainesville,29.6681,-82.1764,44388.45,3.25,28.9,40.05,US Census ACS / BLS,2023,https://data.census.gov
32610,Gainesville,29.7204,-82.4582,61051.12,4.28,36.5,33.52,US Census ACS / BLS,2023,https://data.census.gov
32611,Gainesville,29.7424,-82.4406,56041.65,4.04,35.1,32.32,US Census ACS / BLS,2023,https://data.census.gov
32612,Gainesville,29.6499,-82.2905,47761.79,3.55,29.0,33.31,US Census ACS / BLS,2023,https://data.census.gov
32613,Gainesville,29.7811,-82.2597,47516.56,3.25,32.7,42.03,US Census ACS / BLS,2023,https://data.census.gov
32614,Gainesville,29.5171,-82.286,60364.1,4.06,23.4,32.82,US Census ACS / BLS,2023,https://data.census.gov
32615,Gainesville,29.5239,-82.2676,54446.7,4.13,32.7,33.76,US Census ACS / BLS,2023,https://data.census.gov
34201,Bradenton,27.5224,-82.5544,57889.26,3.37,34.3,44.95,US Census ACS / BLS,2023,https://data.census.gov
34202,Bradenton,27.5379,-82.6255,64834.85,3.95,33.1,35.18,US Census ACS / BLS,2023,https://data.census.gov
34203,Bradenton,27.3712,-82.6118,52447.36,3.25,32.7,37.34,US Census ACS / BLS,2023,https://data.census.gov
34204,Bradenton,27.6075,-82.486,58135.66,3.87,33.6,41.29,US Census ACS / BLS,2023,https://data.census.gov
34205,Bradenton,27.6163,-82.5212,58992.8,3.37,36.9,39.06,US Census ACS / BLS,2023,https://data.census.gov
34206,Bradenton,27.5039,-82.5677,64737.97,3.91,41.4,38.3,US Census ACS / BLS,2023,https://data.census.gov
34207,Bradenton,27.4793,-82.4632,64887.5,4.15,35.1,33.98,US Census ACS / BLS,2023,https://data.census.gov
34208,Bradenton,27.4071,-82.6673,52470.52,3.19,35.1,45.39,US Census ACS / BLS,2023,https://data.census.gov
34209,Bradenton,27.5284,-82.4593,57419.62,3.94,30.8,38.08,US Census ACS / BLS,2023,https://data.census.gov
34210,Bradenton,27.5195,-82.7443,58685.33,4.03,31.6,41.27,US Census ACS / BLS,2023,https://data.census.gov
34211,Bradenton,27.5849,-82.4356,56394.0,4.18,30.6,45.06,US Census ACS / BLS,2023,https://data.census.gov
34212,Bradenton,27.5312,-82.7127,60835.55,3.52,31.0,34.48,US Census ACS / BLS,2023,https://data.census.gov
34213,Bradenton,27.4925,-82.5154,60488.06,3.51,37.9,42.66,US Census ACS / BLS,2023,https://data.census.gov
34214,Bradenton,27.5645,-82.7151,51834.51,4.27,33.1,34.86,US Census ACS / BLS,2023,https://data.census.gov
34215,Bradenton,27.4423,-82.4399,58215.69,3.29,34.7,34.24,US Census ACS / BLS,2023,https://data.census.gov
34101,Naples,26.0832,-81.9686,69790.53,4.34,34.4,43.25,US Census ACS / BLS,2023,https://data.census.gov
34102,Naples,26.1254,-81.9501,79428.81,3.56,32.9,36.19,US Census ACS / BLS,2023,https://data.census.gov
34103,Naples,26.272,-81.9541,88208.06,3.14,31.4,36.68,US Census ACS / BLS,2023,https://data.census.gov
34104,Naples,26.2264,-81.898,96296.54,4.22,32.8,38.71,US Census ACS / BLS,2023,https://data.census.gov
34105,Naples,26.1227,-81.8102,71520.4,4.45,38.7,40.82,US Census ACS / BLS,2023,https://data.census.gov
34106,Naples,26.0522,-81.8199,69681.3,4.41,28.1,33.3,US Census ACS / BLS,2023,https://data.census.gov
34107,Naples,26.2024,-81.6868,90283.31,3.5,36.1,33.09,US Census ACS / BLS,2023,https://data.census.gov
34108,Naples,26.1194,-81.6176,87718.02,3.74,26.0,34.17,US Census ACS / BLS,2023,https://data.census.gov
34109,Naples,26.2919,-81.7136,87514.34,3.38,36.4,42.36,US Census ACS / BLS,2023,https://data.census.gov
34110,Naples,26.2087,-81.9122,78401.51,3.32,38.3,35.26,US Census ACS / BLS,2023,https://data.census.gov
34111,Naples,26.1317,-81.655,70501.96,3.25,33.4,39.95,US Census ACS / BLS,2023,https://data.census.gov
34112,Naples,26.2823,-81.7252,93441.95,4.15,32.6,38.46,US Census ACS / BLS,2023,https://data.census.gov
34113,Naples,26.2828,-81.9213,92069.27,3.6,43.3,38.93,US Census ACS / BLS,2023,https://data.census.gov
34114,Naples,26.1011,-81.9585,91877.39,4.31,33.9,39.66,US Census ACS / BLS,2023,https://data.census.gov
34115,Naples,26.1366,-81.9444,71414.13,4.17,40.1,36.2,US Census ACS / BLS,2023,https://data.census.gov
33901,Fort Myers,26.5658,-81.8248,60674.19,3.19,40.9,41.63,US Census ACS / BLS,2023,https://data.census.gov
33902,Fort Myers,26.7253,-81.6952,58393.09,4.24,42.8,40.85,US Census ACS / BLS,2023,https://data.census.gov
33903,Fort Myers,26.5693,-81.8814,67289.84,4.47,26.7,44.16,US Census ACS / BLS,2023,https://data.census.gov
33904,Fort Myers,26.7609,-81.8204,69048.66,3.14,31.6,39.79,US Census ACS / BLS,2023,https://data.census.gov
33905,Fort Myers,26.6128,-81.9642,68521.9,4.14,45.9,36.61,US Census ACS / BLS,2023,https://data.census.gov
33906,Fort Myers,26.6223,-81.7403,52614.44,4.36,44.7,37.58,US Census ACS / BLS,2023,https://data.census.gov
33907,Fort Myers,26.7652,-82.0271,55750.4,4.22,43.3,41.88,US Census ACS / BLS,2023,https://data.census.gov
33908,Fort Myers,26.6913,-82.009,67742.94,3.44,35.6,32.41,US Census ACS / BLS,2023,https://data.census.gov
33909,Fort Myers,26.5124,-81.8548,51060.97,3.29,35.9,34.99,US Census ACS / BLS,2023,https://data.census.gov
33910,Fort Myers,26.6152,-81.8194,71711.43,4.32,29.0,40.69,US Census ACS / BLS,2023,https://data.census.gov
33911,Fort Myers,26.6955,-82.0171,53623.3,4.41,34.7,35.79,US Census ACS / BLS,2023,https://data.census.gov
33912,Fort Myers,26.7652,-81.9255,55185.7,4.28,40.9,34.78,US Census ACS / BLS,2023,https://data.census.gov
33913,Fort Myers,26.6781,-81.9457,64881.51,3.64,33.7,33.02,US Census ACS / BLS,2023,https://data.census.gov
33914,Fort Myers,26.7557,-81.9375,57957.85,4.2,31.6,32.56,US Census ACS / BLS,2023,https://data.census.gov
33915,Fort Myers,26.7142,-81.8661,51900.2,4.29,36.3,32.74,US Census ACS / BLS,2023,https://data.census.gov
29401,Charleston,32.8378,-79.9581,79443.73,3.43,30.0,38.72,US Census ACS / BLS,2023,https://data.census.gov
29402,Charleston,32.7984,-80.0783,68038.01,3.57,29.9,34.93,US Census ACS / BLS,2023,https://data.census.gov
29403,Charleston,32.7493,-80.0996,80088.44,3.42,33.3,43.05,US Census ACS / BLS,2023,https://data.census.gov
29404,Charleston,32.8686,-79.902,69282.89,3.86,24.6,35.07,US Census ACS / BLS,2023,https://data.census.gov
29405,Charleston,32.6568,-79.8185,84452.08,3.25,22.6,33.74,US Census ACS / BLS,2023,https://data.census.gov
29406,Charleston,32.7558,-79.8329,65663.56,3.59,32.6,34.19,US Census ACS / BLS,2023,https://data.census.gov
29407,Charleston,32.6832,-79.7675,65558.73,3.8,26.7,44.55,US Census ACS / BLS,2023,https://data.census.gov
29408,Charleston,32.9212,-79.9332,70053.4,4.09,23.6,43.68,US Census ACS / BLS,2023,https://data.census.gov
29409,Charleston,32.7374,-80.0304,80088.44,4.23,22.9,43.11,US Census ACS / BLS,2023,https://data.census.gov
29410,Charleston,32.6646,-79.8561,61331.38,4.35,32.4,35.64,US Census ACS / BLS,2023,https://data.census.gov
29411,Charleston,32.6555,-79.961,61711.4,4.0,22.4,41.69,US Census ACS / BLS,2023,https://data.census.gov
29412,Charleston,32.784,-80.086,63949.56,3.73,24.1,33.56,US Census ACS / BLS,2023,https://data.census.gov
29413,Charleston,32.8466,-80.0877,69563.31,3.67,29.7,40.72,US Census ACS / BLS,2023,https://data.census.gov
29414,Charleston,32.6435,-80.0742,60812.46,3.94,37.1,40.5,US Census ACS / BLS,2023,https://data.census.gov
29415,Charleston,32.8374,-80.0955,84171.65,4.05,41.6,37.55,US Census ACS / BLS,2023,https://data.census.gov
29416,Charleston,32.7279,-79.7631,62455.7,3.58,26.6,39.3,US Census ACS / BLS,2023,https://data.census.gov
29417,Charleston,32.7218,-79.8965,70713.84,3.65,28.2,43.1,US Census ACS / BLS,2023,https://data.census.gov
29418,Charleston,32.7093,-79.8765,71114.83,4.28,24.4,43.24,US Census ACS / BLS,2023,https://data.census.gov
29419,Charleston,32.763,-80.0967,81464.36,3.97,27.7,38.4,US Census ACS / BLS,2023,https://data.census.gov
29420,Charleston,32.8974,-80.0862,80311.21,3.51,24.0,44.98,US Census ACS / BLS,2023,https://data.census.gov
29601,Greenville,34.7105,-82.5104,53902.3,4.26,31.7,34.69,US Census ACS / BLS,2023,https://data.census.gov
29602,Greenville,34.9545,-82.3343,60890.7,4.24,23.4,41.49,US Census ACS / BLS,2023,https://data.census.gov
29603,Greenville,34.9081,-82.4877,63109.3,3.9,24.2,39.66,US Census ACS / BLS,2023,https://data.census.gov
29604,Greenville,34.7513,-82.3972,58069.45,3.78,21.1,39.97,US Census ACS / BLS,2023,https://data.census.gov
29605,Greenville,34.8501,-82.2702,66638.1,3.34,23.5,32.13,US Census ACS / BLS,2023,https://data.census.gov
29606,Greenville,34.715,-82.555,53290.74,4.09,25.5,42.7,US Census ACS / BLS,2023,https://data.census.gov
29607,Greenville,34.9625,-82.2166,67452.78,4.01,31.2,44.8,US Census ACS / BLS,2023,https://data.census.gov
29608,Greenville,34.9785,-82.2244,60924.18,4.09,34.4,36.37,US Census ACS / BLS,2023,https://data.census.gov
29609,Greenville,34.7826,-82.5169,67182.7,3.98,27.9,40.65,US Census ACS / BLS,2023,https://data.census.gov
29610,Greenville,34.9734,-82.2151,67794.27,3.47,31.0,35.23,US Census ACS / BLS,2023,https://data.census.gov
29611,Greenville,34.8064,-82.2351,72262.74,3.84,23.2,32.0,US Census ACS / BLS,2023,https://data.census.gov
29612,Greenville,34.946,-82.2401,55703.53,3.75,36.7,42.06,US Census ACS / BLS,2023,https://data.census.gov
29613,Greenville,34.7493,-82.3711,57614.12,4.42,23.5,43.63,US Census ACS / BLS,2023,https://data.census.gov
29614,Greenville,34.7388,-82.5453,59866.21,3.15,25.9,37.07,US Census ACS / BLS,2023,https://data.census.gov
29615,Greenville,34.8471,-82.2164,72365.41,4.3,20.4,33.83,US Census ACS / BLS,2023,https://data.census.gov
29616,Greenville,34.9207,-82.5295,58986.8,3.17,20.7,34.87,US Census ACS / BLS,2023,https://data.census.gov
29617,Greenville,34.8917,-82.5078,53103.25,3.4,24.7,43.78,US Census ACS / BLS,2023,https://data.census.gov
29618,Greenville,34.8045,-82.453,68881.26,4.45,28.0,37.84,US Census ACS / BLS,2023,https://data.census.gov
29619,Greenville,34.7132,-82.5286,60834.9,3.98,28.9,44.35,US Census ACS / BLS,2023,https://data.census.gov
29620,Greenville,34.7837,-82.4538,55803.97,4.02,24.1,36.83,US Census ACS / BLS,2023,https://data.census.gov
29201,Columbia SC,33.9151,-81.0628,60637.59,4.37,24.5,40.89,US Census ACS / BLS,2023,https://data.census.gov
29202,Columbia SC,34.0366,-81.0949,64032.46,3.2,29.8,43.57,US Census ACS / BLS,2023,https://data.census.gov
29203,Columbia SC,34.1143,-81.2031,48957.71,4.42,24.8,41.05,US Census ACS / BLS,2023,https://data.census.gov
29204,Columbia SC,33.944,-81.045,64700.06,4.3,24.6,38.72,US Census ACS / BLS,2023,https://data.census.gov
29205,Columbia SC,33.9654,-81.0432,64061.95,3.78,27.0,43.01,US Census ACS / BLS,2023,https://data.census.gov
29206,Columbia SC,34.0438,-80.9795,66397.5,3.63,23.2,44.57,US Census ACS / BLS,2023,https://data.census.gov
29207,Columbia SC,33.9863,-81.0268,49515.8,3.33,27.5,33.99,US Census ACS / BLS,2023,https://data.census.gov
29208,Columbia SC,33.8914,-81.1355,61692.7,3.87,24.3,32.12,US Census ACS / BLS,2023,https://data.census.gov
29209,Columbia SC,34.0882,-81.0932,54399.62,3.59,27.9,34.45,US Census ACS / BLS,2023,https://data.census.gov
29210,Columbia SC,33.9085,-80.8851,48822.93,3.62,27.8,37.88,US Census ACS / BLS,2023,https://data.census.gov
29211,Columbia SC,33.8665,-80.9504,60052.12,3.94,25.1,35.8,US Census ACS / BLS,2023,https://data.census.gov
29212,Columbia SC,33.9038,-81.0049,52695.86,3.98,27.8,33.09,US Census ACS / BLS,2023,https://data.census.gov
29213,Columbia SC,34.1246,-81.0741,53782.56,4.08,25.5,34.44,US Census ACS / BLS,2023,https://data.census.gov
29214,Columbia SC,34.0972,-81.1769,67037.72,4.17,24.8,45.2,US Census ACS / BLS,2023,https://data.census.gov
29215,Columbia SC,34.0429,-81.0454,51042.65,4.15,26.4,31.66,US Census ACS / BLS,2023,https://data.census.gov
29216,Columbia SC,34.0369,-81.0253,64320.98,3.86,20.7,38.11,US Census ACS / BLS,2023,https://data.census.gov
29217,Columbia SC,34.0824,-80.8984,59247.63,3.96,23.0,32.37,US Census ACS / BLS,2023,https://data.census.gov
29218,Columbia SC,33.9306,-80.9884,58266.23,3.78,23.8,36.11,US Census ACS / BLS,2023,https://data.census.gov
29219,Columbia SC,34.1067,-81.1547,58742.19,3.42,22.4,32.2,US Census ACS / BLS,2023,https://data.census.gov
29220,Columbia SC,33.862,-81.0269,49538.97,3.93,29.3,43.49,US Census ACS / BLS,2023,https://data.census.gov
28801,Asheville,35.573,-82.678,52784.07,4.3,33.4,41.87,US Census ACS / BLS,2023,https://data.census.gov
28802,Asheville,35.7064,-82.6224,72575.22,4.42,34.5,40.32,US Census ACS / BLS,2023,https://data.census.gov
28803,Asheville,35.5252,-82.6693,66408.2,4.15,23.5,32.45,US Census ACS / BLS,2023,https://data.census.gov
28804,Asheville,35.6788,-82.4915,72347.55,4.29,28.8,36.59,US Census ACS / BLS,2023,https://data.census.gov
28805,Asheville,35.6534,-82.4921,71052.99,3.98,34.9,31.94,US Census ACS / BLS,2023,https://data.census.gov
28806,Asheville,35.4896,-82.6949,56388.75,4.18,26.2,42.3,US Census ACS / BLS,2023,https://data.census.gov
28807,Asheville,35.7407,-82.5032,62185.26,4.05,30.3,37.47,US Census ACS / BLS,2023,https://data.census.gov
28808,Asheville,35.5171,-82.6369,66017.6,3.17,30.7,41.14,US Census ACS / BLS,2023,https://data.census.gov
28809,Asheville,35.4711,-82.5963,63825.78,4.2,31.3,36.78,US Census ACS / BLS,2023,https://data.census.gov
28810,Asheville,35.5202,-82.5261,69789.68,4.18,29.2,38.84,US Census ACS / BLS,2023,https://data.census.gov
28811,Asheville,35.6102,-82.5894,71427.97,3.72,35.6,41.26,US Census ACS / BLS,2023,https://data.census.gov
28812,Asheville,35.6689,-82.6992,65687.26,3.34,25.6,43.75,US Census ACS / BLS,2023,https://data.census.gov
28813,Asheville,35.504,-82.524,51145.78,3.84,31.5,39.14,US Census ACS / BLS,2023,https://data.census.gov
28814,Asheville,35.6386,-82.4758,54478.16,4.19,26.2,36.91,US Census ACS / BLS,2023,https://data.census.gov
28815,Asheville,35.6241,-82.497,51132.39,3.81,35.3,42.34,US Census ACS / BLS,2023,https://data.census.gov
28401,Wilmington,34.3649,-78.0166,55868.7,4.32,26.4,40.08,US Census ACS / BLS,2023,https://data.census.gov
28402,Wilmington,34.1659,-77.8993,58299.34,4.2,38.4,39.91,US Census ACS / BLS,2023,https://data.census.gov
28403,Wilmington,34.2612,-77.8858,56069.58,3.76,25.0,42.01,US Census ACS / BLS,2023,https://data.census.gov
28404,Wilmington,34.2521,-77.8046,52243.93,3.44,31.1,32.67,US Census ACS / BLS,2023,https://data.census.gov
28405,Wilmington,34.0912,-77.9694,57368.6,3.77,25.1,41.99,US Census ACS / BLS,2023,https://data.census.gov
28406,Wilmington,34.2061,-77.9729,70142.34,3.6,25.0,37.65,US Census ACS / BLS,2023,https://data.census.gov
28407,Wilmington,34.3221,-77.826,54288.44,3.53,30.7,40.59,US Census ACS / BLS,2023,https://data.census.gov
28408,Wilmington,34.3666,-77.8505,62600.41,3.66,23.8,40.72,US Census ACS / BLS,2023,https://data.census.gov
28409,Wilmington,34.2809,-77.9844,54176.84,3.66,31.4,39.08,US Census ACS / BLS,2023,https://data.census.gov
28410,Wilmington,34.205,-77.7853,66872.46,3.99,30.2,34.67,US Census ACS / BLS,2023,https://data.census.gov
28411,Wilmington,34.3567,-77.9451,56973.54,3.8,30.6,32.23,US Census ACS / BLS,2023,https://data.census.gov
28412,Wilmington,34.3258,-77.8794,71202.54,4.14,29.8,44.73,US Census ACS / BLS,2023,https://data.census.gov
28413,Wilmington,34.3283,-77.8124,72666.73,3.28,33.5,32.97,US Census ACS / BLS,2023,https://data.census.gov
28414,Wilmington,34.2851,-78.0868,67430.46,4.12,26.3,45.2,US Census ACS / BLS,2023,https://data.census.gov
28415,Wilmington,34.2604,-78.0358,55944.58,4.33,30.9,32.74,US Census ACS / BLS,2023,https://data.census.gov
27101,Winston-Salem,35.9973,-80.1492,61336.0,3.96,30.2,44.65,US Census ACS / BLS,2023,https://data.census.gov
27102,Winston-Salem,36.0029,-80.4242,51608.26,4.42,24.3,39.2,US Census ACS / BLS,2023,https://data.census.gov
27103,Winston-Salem,36.223,-80.168,46913.68,3.81,35.5,41.84,US Census ACS / BLS,2023,https://data.census.gov
27104,Winston-Salem,35.985,-80.1287,58401.64,4.08,25.6,33.42,US Census ACS / BLS,2023,https://data.census.gov
27105,Winston-Salem,36.2445,-80.2856,45664.3,3.69,32.4,37.96,US Census ACS / BLS,2023,https://data.census.gov
27106,Winston-Salem,36.2495,-80.2037,48840.22,4.43,21.0,38.03,US Census ACS / BLS,2023,https://data.census.gov
27107,Winston-Salem,36.1911,-80.345,46381.06,3.31,32.5,43.25,US Census ACS / BLS,2023,https://data.census.gov
27108,Winston-Salem,36.2195,-80.0711,63102.16,3.73,24.9,34.1,US Census ACS / BLS,2023,https://data.census.gov
27109,Winston-Salem,36.0873,-80.3974,54465.4,3.63,28.3,41.31,US Census ACS / BLS,2023,https://data.census.gov
27110,Winston-Salem,36.2393,-80.3048,60136.12,3.85,20.9,36.67,US Census ACS / BLS,2023,https://data.census.gov
27111,Winston-Salem,36.1759,-80.2725,64248.58,3.5,25.8,35.26,US Census ACS / BLS,2023,https://data.census.gov
27112,Winston-Salem,36.0104,-80.1828,55166.32,3.21,38.8,35.41,US Census ACS / BLS,2023,https://data.census.gov
27113,Winston-Salem,35.9638,-80.3199,51309.28,4.2,22.5,44.41,US Census ACS / BLS,2023,https://data.census.gov
27114,Winston-Salem,36.0353,-80.0996,46693.9,3.86,24.4,38.17,US Census ACS / BLS,2023,https://data.census.gov
27115,Winston-Salem,36.1689,-80.3089,51905.26,3.62,29.9,34.68,US Census ACS / BLS,2023,https://data.census.gov
27401,Greensboro,35.9595,-79.8407,63462.52,3.12,25.5,38.33,US Census ACS / BLS,2023,https://data.census.gov
27402,Greensboro,36.0916,-79.887,49574.8,4.01,31.4,44.31,US Census ACS / BLS,2023,https://data.census.gov
27403,Greensboro,36.0934,-79.8383,55522.72,4.28,27.3,43.91,US Census ACS / BLS,2023,https://data.census.gov
27404,Greensboro,36.1839,-79.8369,45612.82,3.97,27.4,36.21,US Census ACS / BLS,2023,https://data.census.gov
27405,Greensboro,36.1583,-79.7881,46622.62,3.32,26.8,41.9,US Census ACS / BLS,2023,https://data.census.gov
27406,Greensboro,36.1104,-79.9492,61737.94,3.56,27.7,32.59,US Census ACS / BLS,2023,https://data.census.gov
27407,Greensboro,36.1398,-79.8158,57277.0,4.32,32.7,44.85,US Census ACS / BLS,2023,https://data.census.gov
27408,Greensboro,36.1592,-79.6758,51713.2,4.43,21.5,44.66,US Census ACS / BLS,2023,https://data.census.gov
27409,Greensboro,36.0295,-79.7582,59918.32,3.6,34.7,38.54,US Census ACS / BLS,2023,https://data.census.gov
27410,Greensboro,35.9436,-79.9177,62565.58,3.71,28.6,40.66,US Census ACS / BLS,2023,https://data.census.gov
27411,Greensboro,35.9339,-79.9034,55283.14,3.63,30.1,32.78,US Census ACS / BLS,2023,https://data.census.gov
27412,Greensboro,36.0767,-79.9471,58989.7,3.6,30.6,34.28,US Census ACS / BLS,2023,https://data.census.gov
27413,Greensboro,35.9547,-79.684,58102.66,3.94,28.7,42.72,US Census ACS / BLS,2023,https://data.census.gov
27414,Greensboro,36.1511,-79.8327,46812.7,4.1,31.7,36.36,US Census ACS / BLS,2023,https://data.census.gov
27415,Greensboro,35.9316,-79.8185,59009.5,4.05,29.2,40.11,US Census ACS / BLS,2023,https://data.census.gov
43001,Grand Rapids,42.8743,-85.7216,51277.47,3.4,21.6,37.51,US Census ACS / BLS,2023,https://data.census.gov
43002,Grand Rapids,42.8528,-85.5014,57431.1,3.73,26.1,40.45,US Census ACS / BLS,2023,https://data.census.gov
43003,Grand Rapids,42.8491,-85.781,72787.26,3.27,21.0,45.4,US Census ACS / BLS,2023,https://data.census.gov
43004,Grand Rapids,43.0914,-85.5842,71983.74,4.11,28.2,43.58,US Census ACS / BLS,2023,https://data.census.gov
43005,Grand Rapids,42.9423,-85.7296,52592.12,4.43,33.5,42.1,US Census ACS / BLS,2023,https://data.census.gov
43006,Grand Rapids,42.9598,-85.5206,54156.75,3.78,29.2,33.61,US Census ACS / BLS,2023,https://data.census.gov
43007,Grand Rapids,43.0938,-85.8338,59549.26,3.7,21.4,35.83,US Census ACS / BLS,2023,https://data.census.gov
43008,Grand Rapids,42.9741,-85.5531,57350.74,4.03,24.6,33.66,US Census ACS / BLS,2023,https://data.census.gov
43009,Grand Rapids,43.0076,-85.5104,72501.56,3.65,20.8,40.64,US Census ACS / BLS,2023,https://data.census.gov
43010,Grand Rapids,43.079,-85.6645,64408.33,4.3,18.9,32.8,US Census ACS / BLS,2023,https://data.census.gov
43011,Grand Rapids,42.848,-85.6731,56127.61,4.31,23.8,42.41,US Census ACS / BLS,2023,https://data.census.gov
43012,Grand Rapids,42.9436,-85.8077,71028.44,4.25,21.0,44.53,US Census ACS / BLS,2023,https://data.census.gov
43013,Grand Rapids,42.9982,-85.7607,58056.06,4.09,29.2,31.98,US Census ACS / BLS,2023,https://data.census.gov
43014,Grand Rapids,42.9773,-85.6825,56944.52,4.18,28.1,41.38,US Census ACS / BLS,2023,https://data.census.gov
43015,Grand Rapids,43.0342,-85.5218,65876.98,3.29,31.7,32.06,US Census ACS / BLS,2023,https://data.census.gov
48201,Detroit,42.1973,-83.2206,48046.34,3.61,28.2,34.82,US Census ACS / BLS,2023,https://data.census.gov
48202,Detroit,42.4177,-83.0689,43480.53,3.42,24.1,36.58,US Census ACS / BLS,2023,https://data.census.gov
48203,Detroit,42.2453,-82.9203,44790.93,3.2,30.4,33.97,US Census ACS / BLS,2023,https://data.census.gov
48204,Detroit,42.3573,-83.0502,55607.34,3.24,30.3,33.32,US Census ACS / BLS,2023,https://data.census.gov
48205,Detroit,42.3991,-83.0134,56474.08,3.28,27.3,38.31,US Census ACS / BLS,2023,https://data.census.gov
48206,Detroit,42.3306,-83.0813,48038.85,3.91,22.6,33.7,US Census ACS / BLS,2023,https://data.census.gov
48207,Detroit,42.4278,-82.9771,45708.21,3.99,25.2,35.38,US Census ACS / BLS,2023,https://data.census.gov
48208,Detroit,42.302,-83.0174,61109.15,3.82,22.5,43.79,US Census ACS / BLS,2023,https://data.census.gov
48209,Detroit,42.4095,-83.1609,55831.98,3.7,28.1,44.11,US Census ACS / BLS,2023,https://data.census.gov
48210,Detroit,42.3559,-83.1481,42793.5,3.29,32.2,34.72,US Census ACS / BLS,2023,https://data.census.gov
48211,Detroit,42.3471,-82.9015,60073.94,3.84,27.5,41.37,US Census ACS / BLS,2023,https://data.census.gov
48212,Detroit,42.4259,-82.9867,59499.23,4.37,33.4,43.15,US Census ACS / BLS,2023,https://data.census.gov
48213,Detroit,42.2223,-82.9804,49669.36,4.48,24.7,36.74,US Census ACS / BLS,2023,https://data.census.gov
48214,Detroit,42.3393,-83.1273,57149.87,4.09,24.2,33.99,US Census ACS / BLS,2023,https://data.census.gov
48215,Detroit,42.3572,-83.1742,53634.26,3.24,22.5,33.47,US Census ACS / BLS,2023,https://data.census.gov
48216,Detroit,42.1875,-83.005,51597.52,3.42,23.8,36.59,US Census ACS / BLS,2023,https://data.census.gov
48217,Detroit,42.2142,-83.1564,49890.26,4.0,27.1,41.92,US Census ACS / BLS,2023,https://data.census.gov
48218,Detroit,42.235,-82.9388,50897.39,3.36,30.2,39.23,US Census ACS / BLS,2023,https://data.census.gov
48219,Detroit,42.2016,-82.9326,56094.06,3.21,36.4,45.39,US Census ACS / BLS,2023,https://data.census.gov
48220,Detroit,42.216,-82.8858,49371.71,3.76,25.0,32.53,US Census ACS / BLS,2023,https://data.census.gov
48221,Detroit,42.2089,-82.8904,48128.7,3.27,24.9,40.12,US Census ACS / BLS,2023,https://data.census.gov
48222,Detroit,42.3252,-83.0244,50481.81,3.15,27.7,35.31,US Census ACS / BLS,2023,https://data.census.gov
48223,Detroit,42.2834,-83.1586,58104.59,4.17,28.3,42.18,US Census ACS / BLS,2023,https://data.census.gov
48224,Detroit,42.2125,-83.1802,45895.41,4.34,22.7,36.04,US Census ACS / BLS,2023,https://data.census.gov
48225,Detroit,42.2286,-83.0667,53690.42,3.92,22.3,39.71,US Census ACS / BLS,2023,https://data.census.gov
44101,Cleveland,41.4554,-81.6311,43003.17,4.42,28.8,37.72,US Census ACS / BLS,2023,https://data.census.gov
44102,Cleveland,41.351,-81.8176,51239.97,3.28,31.7,41.79,US Census ACS / BLS,2023,https://data.census.gov
44103,Cleveland,41.5309,-81.673,47868.5,4.06,29.7,32.56,US Census ACS / BLS,2023,https://data.census.gov
44104,Cleveland,41.5694,-81.8496,60032.75,3.13,25.2,44.13,US Census ACS / BLS,2023,https://data.census.gov
44105,Cleveland,41.4309,-81.6931,50727.04,4.23,32.6,34.75,US Census ACS / BLS,2023,https://data.census.gov
44106,Cleveland,41.4878,-81.5888,53712.88,3.77,21.3,42.94,US Census ACS / BLS,2023,https://data.census.gov
44107,Cleveland,41.4322,-81.6131,60620.56,4.02,30.1,39.1,US Census ACS / BLS,2023,https://data.census.gov
44108,Cleveland,41.3693,-81.8196,58080.26,3.2,24.4,35.15,US Census ACS / BLS,2023,https://data.census.gov
44109,Cleveland,41.4538,-81.8648,47509.07,3.85,27.0,32.44,US Census ACS / BLS,2023,https://data.census.gov
44110,Cleveland,41.4196,-81.5907,50826.26,3.9,28.3,44.1,US Census ACS / BLS,2023,https://data.census.gov
44111,Cleveland,41.4227,-81.7312,55485.66,3.13,20.2,43.18,US Census ACS / BLS,2023,https://data.census.gov
44112,Cleveland,41.519,-81.8288,49759.22,3.15,26.2,40.62,US Census ACS / BLS,2023,https://data.census.gov
44113,Cleveland,41.6069,-81.5239,43064.94,3.12,35.6,40.02,US Census ACS / BLS,2023,https://data.census.gov
44114,Cleveland,41.6238,-81.8331,49017.9,3.14,25.8,40.31,US Census ACS / BLS,2023,https://data.census.gov
44115,Cleveland,41.3969,-81.6232,55028.9,4.22,36.4,32.8,US Census ACS / BLS,2023,https://data.census.gov
44116,Cleveland,41.64,-81.7835,56328.06,3.19,22.8,44.47,US Census ACS / BLS,2023,https://data.census.gov
44117,Cleveland,41.3571,-81.6929,45161.58,3.94,26.8,32.22,US Census ACS / BLS,2023,https://data.census.gov
44118,Cleveland,41.4846,-81.7242,57533.63,4.27,25.6,37.03,US Census ACS / BLS,2023,https://data.census.gov
44119,Cleveland,41.4413,-81.7524,51185.68,4.35,25.5,39.27,US Census ACS / BLS,2023,https://data.census.gov
44120,Cleveland,41.3535,-81.5433,48643.5,3.97,26.3,36.0,US Census ACS / BLS,2023,https://data.census.gov
45201,Cincinnati,39.0155,-84.3903,68704.93,4.19,24.2,43.75,US Census ACS / BLS,2023,https://data.census.gov
45202,Cincinnati,39.1867,-84.3378,54321.92,4.36,25.4,33.91,US Census ACS / BLS,2023,https://data.census.gov
45203,Cincinnati,39.0536,-84.6602,71724.82,4.06,26.5,32.03,US Census ACS / BLS,2023,https://data.census.gov
45204,Cincinnati,39.1058,-84.4079,67218.42,3.68,20.9,39.04,US Census ACS / BLS,2023,https://data.census.gov
45205,Cincinnati,39.1155,-84.5335,68323.26,3.48,19.2,40.51,US Census ACS / BLS,2023,https://data.census.gov
45206,Cincinnati,38.9712,-84.6044,71215.93,3.85,22.9,32.04,US Census ACS / BLS,2023,https://data.census.gov
45207,Cincinnati,39.208,-84.3521,69443.72,3.5,22.9,37.0,US Census ACS / BLS,2023,https://data.census.gov
45208,Cincinnati,39.2018,-84.5587,65627.0,4.15,21.2,33.4,US Census ACS / BLS,2023,https://data.census.gov
45209,Cincinnati,39.2051,-84.6332,60973.28,3.38,21.7,42.15,US Census ACS / BLS,2023,https://data.census.gov
45210,Cincinnati,39.0084,-84.3704,65981.89,3.44,25.6,42.36,US Census ACS / BLS,2023,https://data.census.gov
45211,Cincinnati,39.2116,-84.4967,57551.62,3.84,26.3,41.13,US Census ACS / BLS,2023,https://data.census.gov
45212,Cincinnati,38.9616,-84.5632,57618.58,4.2,34.5,34.74,US Census ACS / BLS,2023,https://data.census.gov
45213,Cincinnati,39.0754,-84.6851,58756.9,3.24,19.4,32.89,US Census ACS / BLS,2023,https://data.census.gov
45214,Cincinnati,39.1589,-84.6154,61843.76,4.07,24.2,41.0,US Census ACS / BLS,2023,https://data.census.gov
45215,Cincinnati,39.165,-84.399,67720.62,4.31,31.3,36.02,US Census ACS / BLS,2023,https://data.census.gov
45216,Cincinnati,39.0157,-84.5888,63100.38,3.9,18.1,38.92,US Census ACS / BLS,2023,https://data.census.gov
45217,Cincinnati,39.1828,-84.5521,52871.12,3.2,21.7,31.86,US Census ACS / BLS,2023,https://data.census.gov
45218,Cincinnati,39.0353,-84.5898,59114.02,3.87,27.1,32.92,US Census ACS / BLS,2023,https://data.census.gov
45219,Cincinnati,39.1363,-84.5017,66015.37,4.13,21.7,38.98,US Census ACS / BLS,2023,https://data.census.gov
45220,Cincinnati,39.0779,-84.4413,54676.81,3.41,26.2,40.36,US Census ACS / BLS,2023,https://data.census.gov
15201,Pittsburgh,40.4524,-79.9771,55029.46,4.19,34.6,43.27,US Census ACS / BLS,2023,https://data.census.gov
15202,Pittsburgh,40.5581,-79.9257,71523.94,3.22,25.2,39.48,US Census ACS / BLS,2023,https://data.census.gov
15203,Pittsburgh,40.3635,-80.0336,62029.02,4.33,24.8,45.34,US Census ACS / BLS,2023,https://data.census.gov
15204,Pittsburgh,40.3473,-80.0178,55565.14,4.0,28.5,44.75,US Census ACS / BLS,2023,https://data.census.gov
15205,Pittsburgh,40.3558,-79.9812,59674.26,3.22,22.2,31.98,US Census ACS / BLS,2023,https://data.census.gov
15206,Pittsburgh,40.3223,-79.8985,66618.01,3.95,26.4,44.79,US Census ACS / BLS,2023,https://data.census.gov
15207,Pittsburgh,40.3241,-80.0968,69191.5,4.23,24.2,32.5,US Census ACS / BLS,2023,https://data.census.gov
15208,Pittsburgh,40.5668,-80.0882,61482.18,3.63,36.8,35.14,US Census ACS / BLS,2023,https://data.census.gov
15209,Pittsburgh,40.4743,-80.1519,61375.04,3.49,31.1,39.32,US Census ACS / BLS,2023,https://data.census.gov
15210,Pittsburgh,40.4457,-79.9638,56009.31,3.14,27.4,38.57,US Census ACS / BLS,2023,https://data.census.gov
15211,Pittsburgh,40.3792,-79.884,65937.25,4.07,26.6,42.07,US Census ACS / BLS,2023,https://data.census.gov
15212,Pittsburgh,40.5621,-80.0021,69870.03,3.65,31.7,39.01,US Census ACS / BLS,2023,https://data.census.gov
15213,Pittsburgh,40.554,-79.9498,69644.6,4.21,23.3,34.2,US Census ACS / BLS,2023,https://data.census.gov
15214,Pittsburgh,40.3166,-79.9746,56640.97,4.06,32.0,31.7,US Census ACS / BLS,2023,https://data.census.gov
15215,Pittsburgh,40.41,-79.8984,72358.71,3.71,23.2,41.17,US Census ACS / BLS,2023,https://data.census.gov
15216,Pittsburgh,40.4183,-80.127,69079.9,3.18,24.3,35.01,US Census ACS / BLS,2023,https://data.census.gov
15217,Pittsburgh,40.3513,-80.0798,52373.38,4.36,29.1,43.78,US Census ACS / BLS,2023,https://data.census.gov
15218,Pittsburgh,40.297,-80.0886,67615.71,3.99,23.8,44.65,US Census ACS / BLS,2023,https://data.census.gov
15219,Pittsburgh,40.4321,-80.0909,71780.62,4.0,33.7,40.55,US Census ACS / BLS,2023,https://data.census.gov
15220,Pittsburgh,40.5455,-79.824,51978.32,3.79,28.0,40.53,US Census ACS / BLS,2023,https://data.census.gov
02901,Providence,41.6886,-71.4873,69182.5,3.37,32.8,40.02,US Census ACS / BLS,2023,https://data.census.gov
02902,Providence,41.925,-71.3528,77585.76,3.96,38.3,43.07,US Census ACS / BLS,2023,https://data.census.gov
02903,Providence,41.8031,-71.3068,84260.16,3.65,28.2,39.94,US Census ACS / BLS,2023,https://data.census.gov
02904,Providence,41.9018,-71.2444,62777.66,3.37,33.8,32.31,US Census ACS / BLS,2023,https://data.census.gov
02905,Providence,41.9237,-71.4427,78731.42,3.62,31.3,34.15,US Census ACS / BLS,2023,https://data.census.gov
02906,Providence,41.674,-71.479,71313.12,4.33,33.7,36.11,US Census ACS / BLS,2023,https://data.census.gov
02907,Providence,41.735,-71.3862,60276.38,3.93,23.5,33.64,US Census ACS / BLS,2023,https://data.census.gov
02908,Providence,41.847,-71.3514,73967.33,3.84,30.1,37.3,US Census ACS / BLS,2023,https://data.census.gov
02909,Providence,41.8401,-71.4123,60667.78,3.22,25.2,33.43,US Census ACS / BLS,2023,https://data.census.gov
02910,Providence,41.7101,-71.4958,81999.94,3.24,37.5,40.11,US Census ACS / BLS,2023,https://data.census.gov
02911,Providence,41.8589,-71.5509,75418.85,3.21,33.1,32.38,US Census ACS / BLS,2023,https://data.census.gov
02912,Providence,41.7267,-71.4433,73192.32,4.33,26.0,40.88,US Census ACS / BLS,2023,https://data.census.gov
02913,Providence,41.9216,-71.4887,72463.97,3.92,27.3,43.15,US Census ACS / BLS,2023,https://data.census.gov
02914,Providence,41.9424,-71.2618,65901.02,3.58,28.6,41.62,US Census ACS / BLS,2023,https://data.census.gov
02915,Providence,41.9646,-71.4094,74905.63,3.62,32.3,33.73,US Census ACS / BLS,2023,https://data.census.gov
06101,Hartford,41.852,-72.6067,60087.17,3.12,25.7,31.97,US Census ACS / BLS,2023,https://data.census.gov
06102,Hartford,41.7674,-72.5334,62523.65,3.72,24.6,39.44,US Census ACS / BLS,2023,https://data.census.gov
06103,Hartford,41.8517,-72.8215,60478.56,4.39,30.6,37.25,US Census ACS / BLS,2023,https://data.census.gov
06104,Hartford,41.7749,-72.6497,63060.19,3.23,20.8,44.64,US Census ACS / BLS,2023,https://data.census.gov
06105,Hartford,41.7886,-72.7471,78676.99,4.2,26.3,33.34,US Census ACS / BLS,2023,https://data.census.gov
06106,Hartford,41.8591,-72.8545,62728.42,4.08,31.9,38.33,US Census ACS / BLS,2023,https://data.census.gov
06107,Hartford,41.8736,-72.7358,75919.1,3.72,23.2,35.81,US Census ACS / BLS,2023,https://data.census.gov
06108,Hartford,41.8232,-72.6952,61893.79,3.74,28.1,35.2,US Census ACS / BLS,2023,https://data.census.gov
06109,Hartford,41.8731,-72.7441,82953.79,3.63,35.1,42.37,US Census ACS / BLS,2023,https://data.census.gov
06110,Hartford,41.8755,-72.7274,59978.3,4.31,28.1,34.29,US Census ACS / BLS,2023,https://data.census.gov
06111,Hartford,41.7231,-72.6872,63459.36,3.93,27.8,36.69,US Census ACS / BLS,2023,https://data.census.gov
06112,Hartford,41.8704,-72.6832,59485.82,3.94,22.1,35.36,US Census ACS / BLS,2023,https://data.census.gov
06113,Hartford,41.7682,-72.5119,62220.38,3.24,21.6,40.11,US Census ACS / BLS,2023,https://data.census.gov
06114,Hartford,41.8081,-72.6731,81372.67,3.36,27.9,44.3,US Census ACS / BLS,2023,https://data.census.gov
06115,Hartford,41.6548,-72.7291,61603.49,3.53,20.4,34.46,US Census ACS / BLS,2023,https://data.census.gov
13201,Syracuse,43.0458,-76.2187,52483.42,4.26,27.1,44.28,US Census ACS / BLS,2023,https://data.census.gov
13202,Syracuse,43.1113,-76.0913,61060.78,3.32,32.4,33.78,US Census ACS / BLS,2023,https://data.census.gov
13203,Syracuse,43.0189,-76.1631,58748.14,3.33,31.9,43.78,US Census ACS / BLS,2023,https://data.census.gov
13204,Syracuse,43.0695,-76.1434,48466.0,3.53,30.8,40.7,US Census ACS / BLS,2023,https://data.census.gov
13205,Syracuse,43.1546,-75.972,58457.08,3.44,20.6,38.53,US Census ACS / BLS,2023,https://data.census.gov
13206,Syracuse,43.0608,-76.302,53479.36,3.36,28.9,43.0,US Census ACS / BLS,2023,https://data.census.gov
13207,Syracuse,43.1056,-76.0005,51586.48,3.48,29.2,40.07,US Census ACS / BLS,2023,https://data.census.gov
13208,Syracuse,42.9504,-76.0265,45632.62,4.43,24.6,41.53,US Census ACS / BLS,2023,https://data.census.gov
13209,Syracuse,43.0588,-76.107,62890.3,3.32,30.3,37.66,US Census ACS / BLS,2023,https://data.census.gov
13210,Syracuse,43.0808,-76.0087,53651.62,4.26,23.0,37.34,US Census ACS / BLS,2023,https://data.census.gov
13211,Syracuse,43.1012,-76.2866,54922.78,4.3,30.1,33.48,US Census ACS / BLS,2023,https://data.census.gov
13212,Syracuse,43.0903,-76.2432,58950.1,4.33,30.9,38.88,US Census ACS / BLS,2023,https://data.census.gov
13213,Syracuse,43.0426,-76.1731,47260.18,3.14,24.3,38.55,US Census ACS / BLS,2023,https://data.census.gov
13214,Syracuse,43.0321,-75.9805,55661.32,3.2,34.8,37.92,US Census ACS / BLS,2023,https://data.census.gov
13215,Syracuse,43.1131,-76.2484,64016.92,4.23,25.3,40.06,US Census ACS / BLS,2023,https://data.census.gov
14601,Rochester,43.2324,-77.5741,54805.96,4.07,26.6,36.94,US Census ACS / BLS,2023,https://data.census.gov
14602,Rochester,43.2999,-77.5609,58985.74,4.4,29.9,39.41,US Census ACS / BLS,2023,https://data.census.gov
14603,Rochester,43.219,-77.6987,53774.38,4.19,28.5,34.64,US Census ACS / BLS,2023,https://data.census.gov
14604,Rochester,43.0244,-77.6337,51653.8,4.35,28.3,42.31,US Census ACS / BLS,2023,https://data.census.gov
14605,Rochester,43.2342,-77.5454,51214.24,3.95,37.8,37.74,US Census ACS / BLS,2023,https://data.census.gov
14606,Rochester,43.0173,-77.7037,54267.4,3.84,24.3,34.34,US Census ACS / BLS,2023,https://data.census.gov
14607,Rochester,43.198,-77.6964,45921.7,3.48,23.2,31.74,US Census ACS / BLS,2023,https://data.census.gov
14608,Rochester,43.0127,-77.6433,45256.42,3.84,21.5,40.95,US Census ACS / BLS,2023,https://data.census.gov
14609,Rochester,43.1293,-77.6597,55368.28,4.46,27.1,38.48,US Census ACS / BLS,2023,https://data.census.gov
14610,Rochester,43.0485,-77.4909,51531.04,3.72,32.3,41.62,US Census ACS / BLS,2023,https://data.census.gov
14611,Rochester,43.016,-77.6971,57393.82,3.81,31.9,43.07,US Census ACS / BLS,2023,https://data.census.gov
14612,Rochester,43.2691,-77.5385,53362.54,3.19,33.4,43.43,US Census ACS / BLS,2023,https://data.census.gov
14613,Rochester,43.1696,-77.5655,54772.3,4.31,29.2,44.45,US Census ACS / BLS,2023,https://data.census.gov
14614,Rochester,43.1531,-77.7712,58413.52,3.14,37.6,38.94,US Census ACS / BLS,2023,https://data.census.gov
14615,Rochester,43.2199,-77.4738,51040.0,3.8,24.9,37.6,US Census ACS / BLS,2023,https://data.census.gov
14201,Buffalo,43.0176,-79.0061,64022.86,3.32,38.6,44.07,US Census ACS / BLS,2023,https://data.census.gov
14202,Buffalo,42.7703,-78.7556,51202.36,3.34,28.2,33.38,US Census ACS / BLS,2023,https://data.census.gov
14203,Buffalo,42.9612,-78.7407,48024.46,4.38,32.1,44.58,US Census ACS / BLS,2023,https://data.census.gov
14204,Buffalo,42.8122,-78.8327,56498.86,4.3,33.7,35.0,US Census ACS / BLS,2023,https://data.census.gov
14205,Buffalo,42.9099,-78.9059,62096.32,3.58,28.8,34.5,US Census ACS / BLS,2023,https://data.census.gov
14206,Buffalo,42.7579,-78.7402,57498.76,3.58,26.1,32.23,US Census ACS / BLS,2023,https://data.census.gov
14207,Buffalo,43.0005,-78.9477,54738.64,3.76,34.6,41.46,US Census ACS / BLS,2023,https://data.census.gov
14208,Buffalo,42.9388,-79.0249,47380.96,3.62,32.2,35.36,US Census ACS / BLS,2023,https://data.census.gov
14209,Buffalo,43.0004,-78.9587,50899.42,4.1,27.9,43.66,US Census ACS / BLS,2023,https://data.census.gov
14210,Buffalo,42.7699,-78.9534,57344.32,3.29,22.4,37.53,US Census ACS / BLS,2023,https://data.census.gov
14211,Buffalo,42.7398,-78.9726,55940.5,3.49,20.4,39.78,US Census ACS / BLS,2023,https://data.census.gov
14212,Buffalo,42.9702,-78.8329,50903.38,3.94,28.0,40.61,US Census ACS / BLS,2023,https://data.census.gov
14213,Buffalo,42.8028,-78.9216,54013.96,4.18,36.4,42.31,US Census ACS / BLS,2023,https://data.census.gov
14214,Buffalo,42.9193,-79.0486,53819.92,3.48,27.8,37.92,US Census ACS / BLS,2023,https://data.census.gov
14215,Buffalo,42.9497,-78.8541,61320.16,3.87,25.4,39.62,US Census ACS / BLS,2023,https://data.census.gov
99501,Anchorage,61.2239,-149.7788,78067.94,3.18,23.0,34.46,US Census ACS / BLS,2023,https://data.census.gov
99502,Anchorage,61.1348,-149.9297,72042.9,4.27,25.6,38.38,US Census ACS / BLS,2023,https://data.census.gov
99503,Anchorage,61.3439,-149.7859,78363.14,4.23,29.5,35.31,US Census ACS / BLS,2023,https://data.census.gov
99504,Anchorage,61.0994,-150.0187,72432.57,3.84,25.0,33.07,US Census ACS / BLS,2023,https://data.census.gov
99505,Anchorage,61.1344,-149.8803,83809.58,4.32,31.2,44.34,US Census ACS / BLS,2023,https://data.census.gov
99506,Anchorage,61.1651,-149.7952,93359.3,3.2,26.5,32.28,US Census ACS / BLS,2023,https://data.census.gov
99507,Anchorage,61.357,-149.7265,88340.9,3.99,26.0,40.46,US Census ACS / BLS,2023,https://data.census.gov
99508,Anchorage,61.3087,-149.9868,74463.54,3.9,29.6,39.89,US Census ACS / BLS,2023,https://data.census.gov
99509,Anchorage,61.2596,-150.0544,83157.18,3.97,27.1,41.22,US Census ACS / BLS,2023,https://data.census.gov
99510,Anchorage,61.2513,-149.7347,85822.84,3.79,27.5,36.7,US Census ACS / BLS,2023,https://data.census.gov
96801,Honolulu,21.4344,-157.8729,95862.59,3.16,41.0,44.29,US Census ACS / BLS,2023,https://data.census.gov
96802,Honolulu,21.1685,-157.912,68677.62,3.36,42.2,42.39,US Census ACS / BLS,2023,https://data.census.gov
96803,Honolulu,21.2913,-157.7544,75983.82,3.99,38.6,43.21,US Census ACS / BLS,2023,https://data.census.gov
96804,Honolulu,21.3188,-157.7852,87225.04,3.54,43.9,40.92,US Census ACS / BLS,2023,https://data.census.gov
96805,Honolulu,21.3697,-157.7216,85362.33,3.13,41.7,36.13,US Census ACS / BLS,2023,https://data.census.gov
96806,Honolulu,21.3152,-157.7718,90513.57,3.83,41.0,37.05,US Census ACS / BLS,2023,https://data.census.gov
96807,Honolulu,21.4447,-157.7036,70481.3,3.39,39.2,42.07,US Census ACS / BLS,2023,https://data.census.gov
96808,Honolulu,21.1859,-157.7462,93341.58,4.12,33.6,40.73,US Census ACS / BLS,2023,https://data.census.gov
96809,Honolulu,21.2634,-157.9212,91402.12,3.24,52.4,42.34,US Census ACS / BLS,2023,https://data.census.gov
96810,Honolulu,21.4019,-157.8454,73513.0,4.41,45.2,32.91,US Census ACS / BLS,2023,https://data.census.gov
76101,Fort Worth,32.7547,-97.1585,65716.43,4.38,25.8,36.25,US Census ACS / BLS,2023,https://data.census.gov
76102,Fort Worth,32.6582,-97.2675,59236.98,4.03,25.6,40.47,US Census ACS / BLS,2023,https://data.census.gov
76103,Fort Worth,32.7886,-97.1679,51649.73,3.45,20.4,38.51,US Census ACS / BLS,2023,https://data.census.gov
76104,Fort Worth,32.7475,-97.3862,55391.36,4.02,24.9,35.71,US Census ACS / BLS,2023,https://data.census.gov
76105,Fort Worth,32.9002,-97.2705,58879.77,3.36,26.0,35.83,US Census ACS / BLS,2023,https://data.census.gov
76106,Fort Worth,32.8599,-97.4859,51559.3,4.25,29.8,39.28,US Census ACS / BLS,2023,https://data.census.gov
76107,Fort Worth,32.8788,-97.2149,54322.0,4.13,25.2,41.43,US Census ACS / BLS,2023,https://data.census.gov
76108,Fort Worth,32.7816,-97.2837,60001.13,3.17,27.5,42.37,US Census ACS / BLS,2023,https://data.census.gov
76109,Fort Worth,32.6143,-97.3858,60193.3,3.35,19.5,39.08,US Census ACS / BLS,2023,https://data.census.gov
76110,Fort Worth,32.7352,-97.3326,59822.53,4.23,25.1,36.67,US Census ACS / BLS,2023,https://data.census.gov
76111,Fort Worth,32.8995,-97.311,52346.06,3.33,18.7,31.83,US Census ACS / BLS,2023,https://data.census.gov
76112,Fort Worth,32.7093,-97.5105,70461.85,3.49,21.3,39.92,US Census ACS / BLS,2023,https://data.census.gov
76113,Fort Worth,32.7693,-97.4406,62451.84,4.4,21.6,40.8,US Census ACS / BLS,2023,https://data.census.gov
76114,Fort Worth,32.8259,-97.2174,62257.41,3.76,19.9,34.6,US Census ACS / BLS,2023,https://data.census.gov
76115,Fort Worth,32.8768,-97.1927,72763.35,4.48,27.9,32.48,US Census ACS / BLS,2023,https://data.census.gov
78401,Corpus Christi,27.7965,-97.2803,62617.06,4.34,19.9,34.85,US Census ACS / BLS,2023,https://data.census.gov
78402,Corpus Christi,27.8657,-97.2384,64587.16,3.72,24.9,39.82,US Census ACS / BLS,2023,https://data.census.gov
78403,Corpus Christi,27.8911,-97.5661,61488.46,4.37,26.4,44.39,US Census ACS / BLS,2023,https://data.census.gov
78404,Corpus Christi,27.8449,-97.4315,59066.92,3.6,26.2,45.08,US Census ACS / BLS,2023,https://data.census.gov
78405,Corpus Christi,27.6976,-97.5432,47398.78,3.88,27.5,40.16,US Census ACS / BLS,2023,https://data.census.gov
78406,Corpus Christi,27.8832,-97.2819,46436.5,4.42,23.0,31.64,US Census ACS / BLS,2023,https://data.census.gov
78407,Corpus Christi,27.8981,-97.3536,55100.98,4.42,24.2,34.11,US Census ACS / BLS,2023,https://data.census.gov
78408,Corpus Christi,27.8209,-97.5554,49654.0,3.64,22.8,38.53,US Census ACS / BLS,2023,https://data.census.gov
78409,Corpus Christi,27.8942,-97.4693,61149.88,3.15,27.1,34.65,US Census ACS / BLS,2023,https://data.census.gov
78410,Corpus Christi,27.8702,-97.2471,49913.38,4.25,26.6,38.65,US Census ACS / BLS,2023,https://data.census.gov
78411,Corpus Christi,27.846,-97.3758,61785.46,3.62,24.4,42.2,US Census ACS / BLS,2023,https://data.census.gov
78412,Corpus Christi,27.7306,-97.4006,61066.72,3.13,30.1,40.57,US Census ACS / BLS,2023,https://data.census.gov
78413,Corpus Christi,27.8118,-97.3349,59330.26,3.44,29.5,45.4,US Census ACS / BLS,2023,https://data.census.gov
78414,Corpus Christi,27.8473,-97.3811,57583.9,4.12,22.3,31.64,US Census ACS / BLS,2023,https://data.census.gov
78415,Corpus Christi,27.862,-97.2876,52530.94,3.65,26.0,39.67,US Census ACS / BLS,2023,https://data.census.gov
79401,Lubbock,33.5153,-101.7663,45084.83,3.66,24.8,33.76,US Census ACS / BLS,2023,https://data.census.gov
79402,Lubbock,33.7197,-102.015,59456.18,3.99,25.1,45.13,US Census ACS / BLS,2023,https://data.census.gov
79403,Lubbock,33.5141,-101.7007,52846.14,4.28,20.9,33.98,US Census ACS / BLS,2023,https://data.census.gov
79404,Lubbock,33.6251,-101.988,60472.67,3.36,20.1,44.79,US Census ACS / BLS,2023,https://data.census.gov
79405,Lubbock,33.6265,-101.9366,60197.49,4.37,31.8,36.54,US Census ACS / BLS,2023,https://data.census.gov
79406,Lubbock,33.522,-101.6911,53462.03,3.55,27.1,34.28,US Census ACS / BLS,2023,https://data.census.gov
79407,Lubbock,33.5654,-101.9654,46734.06,3.85,27.0,44.17,US Census ACS / BLS,2023,https://data.census.gov
79408,Lubbock,33.4399,-101.7233,45002.46,3.42,28.6,43.75,US Census ACS / BLS,2023,https://data.census.gov
79409,Lubbock,33.6062,-101.936,53864.51,3.49,26.2,36.4,US Census ACS / BLS,2023,https://data.census.gov
79410,Lubbock,33.6885,-101.9207,49180.77,3.76,20.5,41.07,US Census ACS / BLS,2023,https://data.census.gov
79101,Amarillo,35.119,-101.738,55722.7,4.04,25.6,40.23,US Census ACS / BLS,2023,https://data.census.gov
79102,Amarillo,35.1821,-101.8009,54318.88,4.34,19.9,37.87,US Census ACS / BLS,2023,https://data.census.gov
79103,Amarillo,35.28,-101.7577,61274.62,4.18,27.6,33.35,US Census ACS / BLS,2023,https://data.census.gov
79104,Amarillo,35.2449,-101.8237,60312.34,4.17,19.6,32.96,US Census ACS / BLS,2023,https://data.census.gov
79105,Amarillo,35.1416,-101.7652,62682.4,3.18,33.3,44.29,US Census ACS / BLS,2023,https://data.census.gov
79106,Amarillo,35.0753,-101.959,51671.62,3.44,24.0,38.37,US Census ACS / BLS,2023,https://data.census.gov
79107,Amarillo,35.2465,-101.9093,57082.96,3.67,23.2,43.53,US Census ACS / BLS,2023,https://data.census.gov
79108,Amarillo,35.3533,-102.0021,57025.54,4.17,26.6,32.26,US Census ACS / BLS,2023,https://data.census.gov
79109,Amarillo,35.3543,-101.6868,52065.64,3.49,22.3,40.1,US Census ACS / BLS,2023,https://data.census.gov
79110,Amarillo,35.2963,-101.8671,59441.14,4.08,24.4,42.95,US Census ACS / BLS,2023,https://data.census.gov
76201,Denton,33.2099,-97.0283,52350.58,3.87,24.4,39.33,US Census ACS / BLS,2023,https://data.census.gov
76202,Denton,33.1825,-97.2035,58863.95,4.13,25.8,34.35,US Census ACS / BLS,2023,https://data.census.gov
76203,Denton,33.135,-97.2498,60437.46,4.04,18.0,40.5,US Census ACS / BLS,2023,https://data.census.gov
76204,Denton,33.1825,-97.0021,66971.18,4.2,30.9,33.23,US Census ACS / BLS,2023,https://data.census.gov
76205,Denton,33.0919,-97.2902,52658.05,4.23,23.7,41.03,US Census ACS / BLS,2023,https://data.census.gov
76206,Denton,33.2081,-97.0504,64690.03,4.28,32.1,38.36,US Census ACS / BLS,2023,https://data.census.gov
76207,Denton,33.1922,-97.0169,71601.29,3.35,23.3,40.19,US Census ACS / BLS,2023,https://data.census.gov
76208,Denton,33.1471,-96.9693,52909.0,3.26,29.3,44.96,US Census ACS / BLS,2023,https://data.census.gov
76209,Denton,33.2857,-97.0391,57701.9,4.41,28.0,39.61,US Census ACS / BLS,2023,https://data.census.gov
76210,Denton,33.2026,-96.9928,70667.58,3.45,18.3,40.24,US Census ACS / BLS,2023,https://data.census.gov
75401,Greenville TX,33.1181,-96.1485,55805.08,4.02,26.1,42.81,US Census ACS / BLS,2023,https://data.census.gov
75402,Greenville TX,33.1258,-96.0154,66641.1,3.2,25.8,36.46,US Census ACS / BLS,2023,https://data.census.gov
75403,Greenville TX,33.1463,-96.0361,54823.9,3.97,24.1,44.15,US Census ACS / BLS,2023,https://data.census.gov
75404,Greenville TX,33.2625,-96.1611,65171.58,3.19,33.7,34.65,US Census ACS / BLS,2023,https://data.census.gov
75405,Greenville TX,33.2091,-96.2445,60369.64,4.33,19.5,39.98,US Census ACS / BLS,2023,https://data.census.gov
75406,Greenville TX,33.055,-96.173,68420.35,4.34,22.0,35.49,US Census ACS / BLS,2023,https://data.census.gov
75407,Greenville TX,33.2114,-96.043,66641.1,3.66,23.1,35.91,US Census ACS / BLS,2023,https://data.census.gov
75408,Greenville TX,33.114,-96.1377,73346.63,4.42,23.7,43.03,US Census ACS / BLS,2023,https://data.census.gov
75409,Greenville TX,33.065,-96.1166,61852.72,4.12,22.0,36.33,US Census ACS / BLS,2023,https://data.census.gov
75410,Greenville TX,33.3071,-95.9658,61366.65,3.12,24.9,38.11,US Census ACS / BLS,2023,https://data.census.gov
36101,Montgomery,32.3959,-86.2919,50537.97,3.44,20.3,33.44,US Census ACS / BLS,2023,https://data.census.gov
36102,Montgomery,32.2358,-86.2049,53621.15,3.37,24.3,33.32,US Census ACS / BLS,2023,https://data.census.gov
36103,Montgomery,32.4886,-86.4499,45032.42,4.44,24.7,33.3,US Census ACS / BLS,2023,https://data.census.gov
36104,Montgomery,32.3342,-86.1669,52621.5,3.49,24.0,42.8,US Census ACS / BLS,2023,https://data.census.gov
36105,Montgomery,32.3037,-86.432,45848.61,3.46,22.4,41.35,US Census ACS / BLS,2023,https://data.census.gov
36106,Montgomery,32.4883,-86.3256,51391.6,4.1,24.6,45.16,US Census ACS / BLS,2023,https://data.census.gov
36107,Montgomery,32.3615,-86.2148,47162.75,4.35,23.2,40.02,US Census ACS / BLS,2023,https://data.census.gov
36108,Montgomery,32.2218,-86.463,55919.97,3.22,22.5,39.17,US Census ACS / BLS,2023,https://data.census.gov
36109,Montgomery,32.2646,-86.1847,43330.77,3.58,21.6,40.44,US Census ACS / BLS,2023,https://data.census.gov
36110,Montgomery,32.4829,-86.4256,43057.46,3.95,26.6,37.12,US Census ACS / BLS,2023,https://data.census.gov
36601,Mobile,30.611,-87.8918,48463.33,4.41,35.0,33.33,US Census ACS / BLS,2023,https://data.census.gov
36602,Mobile,30.5864,-88.2037,56393.67,3.93,25.7,34.12,US Census ACS / BLS,2023,https://data.census.gov
36603,Mobile,30.7569,-88.1984,47132.88,4.34,21.0,43.58,US Census ACS / BLS,2023,https://data.census.gov
36604,Mobile,30.7953,-87.919,54920.04,3.18,35.9,44.62,US Census ACS / BLS,2023,https://data.census.gov
36605,Mobile,30.5644,-88.0322,41580.6,3.24,29.7,42.9,US Census ACS / BLS,2023,https://data.census.gov
36606,Mobile,30.7494,-88.1855,53427.21,3.17,22.0,39.23,US Census ACS / BLS,2023,https://data.census.gov
36607,Mobile,30.6156,-87.9536,56372.71,4.14,19.4,43.04,US Census ACS / BLS,2023,https://data.census.gov
36608,Mobile,30.6756,-88.1351,48286.99,3.95,23.3,36.83,US Census ACS / BLS,2023,https://data.census.gov
36609,Mobile,30.5489,-88.0187,40812.36,4.04,22.3,36.07,US Census ACS / BLS,2023,https://data.census.gov
36610,Mobile,30.5534,-88.1658,45814.65,4.44,22.1,33.2,US Census ACS / BLS,2023,https://data.census.gov
31201,Macon,32.9122,-83.5236,57064.13,3.5,20.7,31.7,US Census ACS / BLS,2023,https://data.census.gov
31202,Macon,32.8308,-83.8022,40639.51,3.27,33.8,44.97,US Census ACS / BLS,2023,https://data.census.gov
31203,Macon,32.881,-83.6344,47487.32,4.02,25.0,43.84,US Census ACS / BLS,2023,https://data.census.gov
31204,Macon,32.8412,-83.5994,55887.33,3.43,35.6,31.99,US Census ACS / BLS,2023,https://data.census.gov
31205,Macon,32.8797,-83.7902,47841.76,3.99,24.8,34.02,US Census ACS / BLS,2023,https://data.census.gov
31206,Macon,32.7735,-83.6513,56056.69,4.07,25.9,38.53,US Census ACS / BLS,2023,https://data.census.gov
31207,Macon,32.934,-83.7794,43082.16,3.43,33.6,39.91,US Census ACS / BLS,2023,https://data.census.gov
31208,Macon,32.7645,-83.4904,45610.37,3.93,25.2,34.49,US Census ACS / BLS,2023,https://data.census.gov
31209,Macon,32.9827,-83.6256,51681.21,3.53,29.0,33.94,US Census ACS / BLS,2023,https://data.census.gov
31210,Macon,32.8647,-83.7167,55328.61,3.65,30.8,34.27,US Census ACS / BLS,2023,https://data.census.gov
30901,Augusta,33.4576,-81.844,47557.18,4.37,25.6,38.44,US Census ACS / BLS,2023,https://data.census.gov
30902,Augusta,33.4432,-82.0922,55970.2,4.04,22.0,39.52,US Census ACS / BLS,2023,https://data.census.gov
30903,Augusta,33.4799,-81.9335,57979.9,3.44,19.9,45.03,US Census ACS / BLS,2023,https://data.census.gov
30904,Augusta,33.3942,-81.9079,60858.82,3.84,30.2,42.6,US Census ACS / BLS,2023,https://data.census.gov
30905,Augusta,33.393,-81.9894,59841.1,4.0,32.5,41.9,US Census ACS / BLS,2023,https://data.census.gov
30906,Augusta,33.3948,-82.168,54970.3,4.32,19.3,36.49,US Census ACS / BLS,2023,https://data.census.gov
30907,Augusta,33.418,-81.9768,47917.54,3.56,22.0,41.5,US Census ACS / BLS,2023,https://data.census.gov
30908,Augusta,33.5507,-82.1129,63690.22,3.15,28.7,40.81,US Census ACS / BLS,2023,https://data.census.gov
30909,Augusta,33.5734,-82.1482,60751.9,4.41,20.9,44.99,US Census ACS / BLS,2023,https://data.census.gov
30910,Augusta,33.5498,-81.9518,56843.38,4.11,28.1,37.83,US Census ACS / BLS,2023,https://data.census.gov
70801,Baton Rouge,30.5762,-91.2582,47097.82,3.19,27.9,37.37,US Census ACS / BLS,2023,https://data.census.gov
70802,Baton Rouge,30.5067,-91.0399,59247.1,4.2,29.7,39.74,US Census ACS / BLS,2023,https://data.census.gov
70803,Baton Rouge,30.5539,-91.1479,52439.86,3.43,28.6,44.36,US Census ACS / BLS,2023,https://data.census.gov
70804,Baton Rouge,30.3378,-91.3183,63020.98,4.34,26.5,44.13,US Census ACS / BLS,2023,https://data.census.gov
70805,Baton Rouge,30.5312,-91.2347,57199.78,3.74,26.2,35.67,US Census ACS / BLS,2023,https://data.census.gov
70806,Baton Rouge,30.5972,-91.0817,59251.06,3.58,34.0,42.07,US Census ACS / BLS,2023,https://data.census.gov
70807,Baton Rouge,30.4069,-91.1238,60785.56,3.19,21.0,38.83,US Census ACS / BLS,2023,https://data.census.gov
70808,Baton Rouge,30.3899,-91.2711,64640.62,3.19,20.0,38.11,US Census ACS / BLS,2023,https://data.census.gov
70809,Baton Rouge,30.5456,-91.3632,59591.62,3.24,27.3,33.71,US Census ACS / BLS,2023,https://data.census.gov
70810,Baton Rouge,30.3322,-91.1683,52837.84,4.13,26.4,37.03,US Census ACS / BLS,2023,https://data.census.gov
70811,Baton Rouge,30.3089,-91.3416,50135.14,3.62,28.0,40.34,US Census ACS / BLS,2023,https://data.census.gov
70812,Baton Rouge,30.4158,-91.2374,58944.16,3.47,20.8,35.33,US Census ACS / BLS,2023,https://data.census.gov
70813,Baton Rouge,30.3226,-91.3601,58029.4,3.18,26.5,43.17,US Census ACS / BLS,2023,https://data.census.gov
70814,Baton Rouge,30.5252,-91.3368,64620.82,3.32,28.9,44.43,US Census ACS / BLS,2023,https://data.census.gov
70815,Baton Rouge,30.5757,-91.0282,58670.92,3.84,22.9,39.1,US Census ACS / BLS,2023,https://data.census.gov
71101,Shreveport,32.5358,-93.8159,48315.9,3.24,23.2,41.52,US Census ACS / BLS,2023,https://data.census.gov
71102,Shreveport,32.4687,-93.6927,45060.5,3.65,30.3,39.19,US Census ACS / BLS,2023,https://data.census.gov
71103,Shreveport,32.6235,-93.7468,49910.85,3.56,24.6,33.42,US Census ACS / BLS,2023,https://data.census.gov
71104,Shreveport,32.5257,-93.9166,53922.54,4.1,24.7,37.06,US Census ACS / BLS,2023,https://data.census.gov
71105,Shreveport,32.4053,-93.7802,54257.63,3.49,27.1,35.11,US Census ACS / BLS,2023,https://data.census.gov
71106,Shreveport,32.4774,-93.6079,49577.63,4.21,31.0,39.68,US Census ACS / BLS,2023,https://data.census.gov
71107,Shreveport,32.58,-93.6863,58714.86,3.91,26.6,32.82,US Census ACS / BLS,2023,https://data.census.gov
71108,Shreveport,32.4673,-93.6525,47567.1,4.29,28.2,44.48,US Census ACS / BLS,2023,https://data.census.gov
71109,Shreveport,32.5288,-93.7222,45043.65,3.17,18.9,40.91,US Census ACS / BLS,2023,https://data.census.gov
71110,Shreveport,32.6259,-93.6311,45253.31,3.48,27.4,37.87,US Census ACS / BLS,2023,https://data.census.gov
70501,Lafayette,30.3512,-92.1268,48712.77,3.83,19.4,43.97,US Census ACS / BLS,2023,https://data.census.gov
70502,Lafayette,30.3597,-92.1401,50380.72,3.69,28.2,40.56,US Census ACS / BLS,2023,https://data.census.gov
70503,Lafayette,30.2337,-92.0247,44268.64,3.24,33.7,32.72,US Census ACS / BLS,2023,https://data.census.gov
70504,Lafayette,30.183,-91.9374,48390.78,3.66,24.9,44.92,US Census ACS / BLS,2023,https://data.census.gov
70505,Lafayette,30.3388,-92.1054,55772.08,3.27,23.4,34.5,US Census ACS / BLS,2023,https://data.census.gov
70506,Lafayette,30.0771,-92.1089,54734.99,3.56,23.3,42.07,US Census ACS / BLS,2023,https://data.census.gov
70507,Lafayette,30.3403,-92.1842,53037.09,3.42,27.9,37.76,US Census ACS / BLS,2023,https://data.census.gov
70508,Lafayette,30.295,-92.1503,56256.93,3.84,24.2,33.34,US Census ACS / BLS,2023,https://data.census.gov
70509,Lafayette,30.1123,-92.1867,55377.09,4.01,33.0,41.32,US Census ACS / BLS,2023,https://data.census.gov
70510,Lafayette,30.088,-92.1943,45045.52,3.71,27.8,43.3,US Census ACS / BLS,2023,https://data.census.gov
74101,Tulsa,36.1745,-96.0746,53994.16,4.05,29.3,37.65,US Census ACS / BLS,2023,https://data.census.gov
74102,Tulsa,36.1187,-95.8542,53520.94,3.26,25.6,40.4,US Census ACS / BLS,2023,https://data.census.gov
74103,Tulsa,36.0864,-95.8175,48178.9,4.24,24.4,39.43,US Census ACS / BLS,2023,https://data.census.gov
74104,Tulsa,36.166,-96.0692,61316.2,4.02,23.0,38.57,US Census ACS / BLS,2023,https://data.census.gov
74105,Tulsa,36.2434,-95.8459,50820.22,4.39,17.1,43.4,US Census ACS / BLS,2023,https://data.census.gov
74106,Tulsa,36.0844,-96.0303,54899.02,3.53,27.1,40.83,US Census ACS / BLS,2023,https://data.census.gov
74107,Tulsa,36.2812,-95.9983,62365.6,4.32,24.3,44.34,US Census ACS / BLS,2023,https://data.census.gov
74108,Tulsa,36.2384,-95.9567,49774.78,4.25,30.1,35.92,US Census ACS / BLS,2023,https://data.census.gov
74109,Tulsa,36.0999,-96.1434,56694.88,3.67,19.6,43.66,US Census ACS / BLS,2023,https://data.census.gov
74110,Tulsa,36.0791,-96.0878,51725.08,3.79,28.8,43.82,US Census ACS / BLS,2023,https://data.census.gov
74111,Tulsa,36.1083,-96.0022,61334.02,3.31,19.9,31.92,US Census ACS / BLS,2023,https://data.census.gov
74112,Tulsa,36.116,-95.9311,46682.02,3.66,16.9,34.06,US Census ACS / BLS,2023,https://data.census.gov
74113,Tulsa,36.151,-95.9039,45583.12,3.39,23.7,42.21,US Census ACS / BLS,2023,https://data.census.gov
74114,Tulsa,36.2011,-95.9272,48844.18,4.14,22.2,39.17,US Census ACS / BLS,2023,https://data.census.gov
74115,Tulsa,36.2697,-95.9837,54605.98,4.48,20.2,44.96,US Census ACS / BLS,2023,https://data.census.gov
67201,Wichita,37.5655,-97.2979,57419.56,3.71,23.9,40.05,US Census ACS / BLS,2023,https://data.census.gov
67202,Wichita,37.5796,-97.2017,50685.58,3.6,19.5,42.04,US Census ACS / BLS,2023,https://data.census.gov
67203,Wichita,37.8148,-97.3073,59666.86,3.15,27.3,38.53,US Census ACS / BLS,2023,https://data.census.gov
67204,Wichita,37.5886,-97.4371,64854.46,3.4,20.4,37.94,US Census ACS / BLS,2023,https://data.census.gov
67205,Wichita,37.5617,-97.1932,45272.26,3.8,30.1,36.37,US Census ACS / BLS,2023,https://data.census.gov
67206,Wichita,37.6108,-97.3717,52289.38,3.56,20.2,32.61,US Census ACS / BLS,2023,https://data.census.gov
67207,Wichita,37.7449,-97.4853,62860.6,4.28,23.5,36.14,US Census ACS / BLS,2023,https://data.census.gov
67208,Wichita,37.5525,-97.2897,62749.72,3.54,27.7,44.95,US Census ACS / BLS,2023,https://data.census.gov
67209,Wichita,37.652,-97.4215,59060.98,4.1,22.6,31.89,US Census ACS / BLS,2023,https://data.census.gov
67210,Wichita,37.7183,-97.3327,51041.98,4.33,26.6,38.43,US Census ACS / BLS,2023,https://data.census.gov
57101,Sioux Falls,43.6647,-96.8655,54806.26,3.82,29.8,33.03,US Census ACS / BLS,2023,https://data.census.gov
57102,Sioux Falls,43.4412,-96.7373,67736.24,3.16,29.8,37.97,US Census ACS / BLS,2023,https://data.census.gov
57103,Sioux Falls,43.5347,-96.7066,62520.06,3.63,26.8,37.35,US Census ACS / BLS,2023,https://data.census.gov
57104,Sioux Falls,43.5353,-96.6422,51217.21,3.5,17.7,45.12,US Census ACS / BLS,2023,https://data.census.gov
57105,Sioux Falls,43.5328,-96.6177,66294.37,3.81,24.9,34.91,US Census ACS / BLS,2023,https://data.census.gov
57106,Sioux Falls,43.4462,-96.7464,58375.23,3.18,19.5,35.7,US Census ACS / BLS,2023,https://data.census.gov
57107,Sioux Falls,43.5053,-96.735,68541.99,3.96,27.1,42.3,US Census ACS / BLS,2023,https://data.census.gov
57108,Sioux Falls,43.6601,-96.5606,62022.32,3.14,28.3,33.29,US Census ACS / BLS,2023,https://data.census.gov
57109,Sioux Falls,43.5044,-96.8466,56937.82,3.51,26.2,37.48,US Census ACS / BLS,2023,https://data.census.gov
57110,Sioux Falls,43.4048,-96.7543,52027.42,3.22,21.1,34.6,US Census ACS / BLS,2023,https://data.census.gov
58101,Fargo,46.8219,-96.8051,62174.1,3.82,19.0,34.38,US Census ACS / BLS,2023,https://data.census.gov
58102,Fargo,46.9293,-96.9542,52393.47,4.27,18.0,44.81,US Census ACS / BLS,2023,https://data.census.gov
58103,Fargo,46.8685,-96.96,69986.1,4.02,24.4,37.05,US Census ACS / BLS,2023,https://data.census.gov
58104,Fargo,46.854,-96.8947,56886.49,3.5,21.1,42.79,US Census ACS / BLS,2023,https://data.census.gov
58105,Fargo,46.7526,-96.6571,61000.06,3.79,21.3,44.73,US Census ACS / BLS,2023,https://data.census.gov
58106,Fargo,46.7333,-96.9637,64258.78,4.11,28.3,34.08,US Census ACS / BLS,2023,https://data.census.gov
58107,Fargo,46.834,-96.6454,71097.63,3.65,26.4,44.12,US Census ACS / BLS,2023,https://data.census.gov
58108,Fargo,46.7681,-96.6802,63718.64,4.45,18.6,33.65,US Census ACS / BLS,2023,https://data.census.gov
58109,Fargo,46.9197,-96.6369,51395.77,3.49,19.2,43.01,US Census ACS / BLS,2023,https://data.census.gov
58110,Fargo,46.8312,-96.8584,58763.6,4.26,17.5,44.84,US Census ACS / BLS,2023,https://data.census.gov
59101,Billings,45.7226,-108.5036,53096.0,4.23,21.1,44.28,US Census ACS / BLS,2023,https://data.census.gov
59102,Billings,45.7348,-108.5551,59593.01,3.43,24.3,45.06,US Census ACS / BLS,2023,https://data.census.gov
59103,Billings,45.8289,-108.4262,53578.28,3.22,24.9,32.75,US Census ACS / BLS,2023,https://data.census.gov
59104,Billings,45.9326,-108.4693,58451.56,3.45,20.8,40.62,US Census ACS / BLS,2023,https://data.census.gov
59105,Billings,45.6543,-108.569,63826.07,3.77,17.4,38.55,US Census ACS / BLS,2023,https://data.census.gov
59106,Billings,45.7321,-108.3896,64158.82,3.15,17.0,35.5,US Census ACS / BLS,2023,https://data.census.gov
59107,Billings,45.6753,-108.3374,61854.86,3.26,29.5,33.87,US Census ACS / BLS,2023,https://data.census.gov
59108,Billings,45.9179,-108.4563,62728.85,4.02,22.3,36.06,US Census ACS / BLS,2023,https://data.census.gov
59109,Billings,45.925,-108.4504,67827.47,3.59,28.6,38.92,US Census ACS / BLS,2023,https://data.census.gov
59110,Billings,45.8482,-108.3526,63434.36,3.61,20.0,44.26,US Census ACS / BLS,2023,https://data.census.gov
59715,Bozeman,45.82,-111.0576,68062.75,4.35,25.1,42.91,US Census ACS / BLS,2023,https://data.census.gov
59716,Bozeman,45.6464,-111.0746,83651.04,3.2,31.6,35.5,US Census ACS / BLS,2023,https://data.census.gov
59717,Bozeman,45.6607,-111.0085,74895.26,3.78,29.0,41.47,US Census ACS / BLS,2023,https://data.census.gov
59718,Bozeman,45.5657,-111.215,60584.83,3.78,33.6,37.84,US Census ACS / BLS,2023,https://data.census.gov
59719,Bozeman,45.7141,-110.925,69353.57,4.23,27.3,44.52,US Census ACS / BLS,2023,https://data.census.gov
59720,Bozeman,45.7795,-110.9759,82124.35,3.61,33.2,41.39,US Census ACS / BLS,2023,https://data.census.gov
59721,Bozeman,45.7382,-111.0428,83044.51,4.41,30.0,33.61,US Census ACS / BLS,2023,https://data.census.gov
59722,Bozeman,45.5393,-111.1085,71258.69,3.21,27.4,39.65,US Census ACS / BLS,2023,https://data.census.gov
59723,Bozeman,45.6453,-111.0969,81059.04,3.62,36.0,39.49,US Census ACS / BLS,2023,https://data.census.gov
59724,Bozeman,45.5952,-111.2139,61528.32,4.39,30.8,37.91,US Census ACS / BLS,2023,https://data.census.gov
50301,Des Moines,41.5086,-93.7149,73039.47,3.53,21.9,38.7,US Census ACS / BLS,2023,https://data.census.gov
50302,Des Moines,41.5788,-93.6806,51598.88,3.98,20.7,43.0,US Census ACS / BLS,2023,https://data.census.gov
50303,Des Moines,41.6731,-93.4509,64408.33,3.21,17.5,33.17,US Census ACS / BLS,2023,https://data.census.gov
50304,Des Moines,41.4961,-93.6251,64926.15,3.59,19.1,39.85,US Census ACS / BLS,2023,https://data.census.gov
50305,Des Moines,41.67,-93.6116,57565.02,4.45,16.3,33.46,US Census ACS / BLS,2023,https://data.census.gov
50306,Des Moines,41.5114,-93.5099,67508.58,3.72,20.3,37.99,US Census ACS / BLS,2023,https://data.census.gov
50307,Des Moines,41.7073,-93.527,55091.96,3.92,28.1,38.39,US Census ACS / BLS,2023,https://data.census.gov
50308,Des Moines,41.6494,-93.6248,55038.39,3.3,22.2,40.11,US Census ACS / BLS,2023,https://data.census.gov
50309,Des Moines,41.6649,-93.6598,54324.15,4.19,24.9,37.26,US Census ACS / BLS,2023,https://data.census.gov
50310,Des Moines,41.4964,-93.5153,52844.34,3.12,19.3,39.42,US Census ACS / BLS,2023,https://data.census.gov
50311,Des Moines,41.6239,-93.6891,66245.26,3.24,17.8,42.67,US Census ACS / BLS,2023,https://data.census.gov
50312,Des Moines,41.5786,-93.5743,64497.61,3.86,31.7,34.95,US Census ACS / BLS,2023,https://data.census.gov
50313,Des Moines,41.6442,-93.4532,62149.54,3.57,22.1,39.11,US Census ACS / BLS,2023,https://data.census.gov
50314,Des Moines,41.5605,-93.5765,67086.73,3.27,26.6,32.43,US Census ACS / BLS,2023,https://data.census.gov
50315,Des Moines,41.6548,-93.4897,53353.23,3.16,26.2,36.85,US Census ACS / BLS,2023,https://data.census.gov
52401,Cedar Rapids,41.8816,-91.536,69365.6,3.34,25.4,41.63,US Census ACS / BLS,2023,https://data.census.gov
52402,Cedar Rapids,41.9925,-91.6004,60243.42,4.44,20.5,39.39,US Census ACS / BLS,2023,https://data.census.gov
52403,Cedar Rapids,41.962,-91.7474,54491.55,3.45,19.9,45.28,US Census ACS / BLS,2023,https://data.census.gov
52404,Cedar Rapids,41.9366,-91.5163,70307.5,3.9,16.7,42.67,US Census ACS / BLS,2023,https://data.census.gov
52405,Cedar Rapids,42.1062,-91.7485,59359.54,3.4,26.0,41.63,US Census ACS / BLS,2023,https://data.census.gov
52406,Cedar Rapids,42.0435,-91.6675,56861.94,4.3,20.1,35.6,US Census ACS / BLS,2023,https://data.census.gov
52407,Cedar Rapids,42.1199,-91.6108,56192.34,4.02,19.2,41.84,US Census ACS / BLS,2023,https://data.census.gov
52408,Cedar Rapids,41.9025,-91.6681,54060.78,4.22,22.4,37.67,US Census ACS / BLS,2023,https://data.census.gov
52409,Cedar Rapids,42.079,-91.5166,56600.79,3.48,26.9,42.46,US Census ACS / BLS,2023,https://data.census.gov
52410,Cedar Rapids,42.0351,-91.543,53025.13,4.48,20.2,41.63,US Census ACS / BLS,2023,https://data.census.gov
66101,Kansas City KS,39.1364,-94.499,54141.14,3.45,22.0,37.13,US Census ACS / BLS,2023,https://data.census.gov
66102,Kansas City KS,39.0606,-94.6368,67294.47,3.4,27.3,34.34,US Census ACS / BLS,2023,https://data.census.gov
66103,Kansas City KS,39.034,-94.5227,55809.61,3.71,31.1,40.56,US Census ACS / BLS,2023,https://data.census.gov
66104,Kansas City KS,39.2453,-94.4841,54851.03,4.36,23.6,45.25,US Census ACS / BLS,2023,https://data.census.gov
66105,Kansas City KS,39.2634,-94.5186,66638.84,3.99,20.1,37.28,US Census ACS / BLS,2023,https://data.census.gov
66106,Kansas City KS,39.0409,-94.6519,51545.74,3.47,20.5,44.37,US Census ACS / BLS,2023,https://data.census.gov
66107,Kansas City KS,39.0177,-94.4766,61929.59,4.05,22.9,37.69,US Census ACS / BLS,2023,https://data.census.gov
66108,Kansas City KS,38.9962,-94.578,52888.65,3.49,24.9,40.31,US Census ACS / BLS,2023,https://data.census.gov
66109,Kansas City KS,39.2597,-94.7773,62031.33,3.97,27.6,42.3,US Census ACS / BLS,2023,https://data.census.gov
66110,Kansas City KS,39.1839,-94.5731,68829.55,4.4,19.1,35.56,US Census ACS / BLS,2023,https://data.census.gov
68501,Lincoln NE,40.9359,-96.579,64832.41,3.57,21.2,40.9,US Census ACS / BLS,2023,https://data.census.gov
68502,Lincoln NE,40.8606,-96.69,62308.02,3.76,24.3,38.66,US Census ACS / BLS,2023,https://data.census.gov
68503,Lincoln NE,40.7792,-96.5399,52976.02,3.31,26.1,34.41,US Census ACS / BLS,2023,https://data.census.gov
68504,Lincoln NE,40.7621,-96.8301,51565.4,4.06,21.7,37.44,US Census ACS / BLS,2023,https://data.census.gov
68505,Lincoln NE,40.8326,-96.5664,66981.82,3.81,21.3,35.53,US Census ACS / BLS,2023,https://data.census.gov
68506,Lincoln NE,40.755,-96.5533,59361.78,4.42,17.6,34.66,US Census ACS / BLS,2023,https://data.census.gov
68507,Lincoln NE,40.7392,-96.8584,60002.36,3.9,21.0,34.79,US Census ACS / BLS,2023,https://data.census.gov
68508,Lincoln NE,40.8472,-96.8042,53116.64,4.17,25.4,33.45,US Census ACS / BLS,2023,https://data.census.gov
68509,Lincoln NE,40.7477,-96.6747,66243.03,4.17,24.0,34.89,US Census ACS / BLS,2023,https://data.census.gov
68510,Lincoln NE,40.7885,-96.6955,72617.62,3.42,21.6,37.72,US Census ACS / BLS,2023,https://data.census.gov
53701,Madison WI,43.1115,-89.2574,59755.39,3.15,22.1,32.8,US Census ACS / BLS,2023,https://data.census.gov
53702,Madison WI,43.1459,-89.308,78329.66,4.19,22.8,31.9,US Census ACS / BLS,2023,https://data.census.gov
53703,Madison WI,42.968,-89.447,84449.38,3.69,33.3,33.3,US Census ACS / BLS,2023,https://data.census.gov
53704,Madison WI,43.0892,-89.5189,80055.94,3.89,30.4,41.24,US Census ACS / BLS,2023,https://data.census.gov
53705,Madison WI,42.9577,-89.5271,59646.53,3.92,33.2,31.7,US Census ACS / BLS,2023,https://data.census.gov
53706,Madison WI,43.0212,-89.5086,66313.15,3.76,24.6,31.92,US Census ACS / BLS,2023,https://data.census.gov
53707,Madison WI,43.1038,-89.3219,66541.25,3.65,23.0,40.01,US Census ACS / BLS,2023,https://data.census.gov
53708,Madison WI,42.9813,-89.4513,68213.09,3.45,25.5,32.82,US Census ACS / BLS,2023,https://data.census.gov
53709,Madison WI,43.1809,-89.5727,76118.69,4.39,20.7,37.93,US Census ACS / BLS,2023,https://data.census.gov
53710,Madison WI,43.0885,-89.2825,75058.56,4.47,19.2,34.23,US Census ACS / BLS,2023,https://data.census.gov
53711,Madison WI,43.1248,-89.4847,64872.0,3.92,21.6,32.36,US Census ACS / BLS,2023,https://data.census.gov
53712,Madison WI,43.142,-89.2285,68721.12,3.38,24.5,37.46,US Census ACS / BLS,2023,https://data.census.gov
53713,Madison WI,43.1649,-89.4684,83083.39,4.36,29.1,42.38,US Census ACS / BLS,2023,https://data.census.gov
53714,Madison WI,42.9325,-89.2533,60328.22,3.22,20.3,43.85,US Census ACS / BLS,2023,https://data.census.gov
53715,Madison WI,43.0923,-89.5347,82671.26,4.41,28.3,35.26,US Census ACS / BLS,2023,https://data.census.gov
54301,Green Bay,44.5754,-88.1087,48656.56,3.94,23.3,34.62,US Census ACS / BLS,2023,https://data.census.gov
54302,Green Bay,44.6095,-88.0614,66121.61,3.45,27.6,44.94,US Census ACS / BLS,2023,https://data.census.gov
54303,Green Bay,44.4123,-88.1275,67979.11,3.26,22.9,41.17,US Census ACS / BLS,2023,https://data.census.gov
54304,Green Bay,44.5143,-87.8681,56939.45,3.39,23.2,44.78,US Census ACS / BLS,2023,https://data.census.gov
54305,Green Bay,44.6082,-88.1399,60469.11,3.17,28.3,41.77,US Census ACS / BLS,2023,https://data.census.gov
54306,Green Bay,44.5735,-87.9856,66176.37,3.63,18.6,39.92,US Census ACS / BLS,2023,https://data.census.gov
54307,Green Bay,44.4297,-87.9844,67412.59,3.29,17.2,42.71,US Census ACS / BLS,2023,https://data.census.gov
54308,Green Bay,44.4101,-87.9208,49372.6,4.19,25.0,41.13,US Census ACS / BLS,2023,https://data.census.gov
54309,Green Bay,44.5047,-87.9614,54031.07,4.29,17.9,34.77,US Census ACS / BLS,2023,https://data.census.gov
54310,Green Bay,44.5906,-88.0885,48001.59,4.35,24.1,38.55,US Census ACS / BLS,2023,https://data.census.gov
47201,Columbus IN,39.3389,-86.052,56293.42,4.13,33.4,43.45,US Census ACS / BLS,2023,https://data.census.gov
47202,Columbus IN,39.2979,-85.8772,68106.1,3.3,24.8,44.83,US Census ACS / BLS,2023,https://data.census.gov
47203,Columbus IN,39.0799,-85.9561,60679.37,4.44,24.7,34.38,US Census ACS / BLS,2023,https://data.census.gov
47204,Columbus IN,39.1234,-85.804,63907.79,4.25,22.6,33.41,US Census ACS / BLS,2023,https://data.census.gov
47205,Columbus IN,39.1461,-85.8341,58658.21,3.49,23.7,36.5,US Census ACS / BLS,2023,https://data.census.gov
47206,Columbus IN,39.2813,-86.0424,69584.66,4.24,23.2,44.87,US Census ACS / BLS,2023,https://data.census.gov
47207,Columbus IN,39.0835,-85.8065,60891.88,3.13,28.0,44.72,US Census ACS / BLS,2023,https://data.census.gov
47208,Columbus IN,39.2302,-85.9562,54310.7,3.55,29.0,39.62,US Census ACS / BLS,2023,https://data.census.gov
47209,Columbus IN,39.0581,-85.903,61956.72,3.3,24.5,39.11,US Census ACS / BLS,2023,https://data.census.gov
47210,Columbus IN,39.1773,-85.7527,65449.66,3.66,23.7,44.88,US Census ACS / BLS,2023,https://data.census.gov
46801,Fort Wayne,41.1968,-84.96,55736.56,3.5,23.5,35.41,US Census ACS / BLS,2023,https://data.census.gov
46802,Fort Wayne,41.2061,-85.2366,63937.72,3.19,17.2,40.12,US Census ACS / BLS,2023,https://data.census.gov
46803,Fort Wayne,41.1311,-85.0959,54756.46,3.48,20.0,35.06,US Census ACS / BLS,2023,https://data.census.gov
46804,Fort Wayne,41.2302,-85.0068,61195.42,4.34,28.1,41.87,US Census ACS / BLS,2023,https://data.census.gov
46805,Fort Wayne,41.0117,-85.2626,55928.62,4.39,19.3,40.66,US Census ACS / BLS,2023,https://data.census.gov
46806,Fort Wayne,41.1451,-85.2343,49467.88,4.19,25.6,33.43,US Census ACS / BLS,2023,https://data.census.gov
46807,Fort Wayne,41.2443,-84.9516,45416.8,4.37,21.7,34.29,US Census ACS / BLS,2023,https://data.census.gov
46808,Fort Wayne,41.0224,-84.9804,62712.1,3.83,20.6,41.05,US Census ACS / BLS,2023,https://data.census.gov
46809,Fort Wayne,41.0561,-85.2798,52045.84,4.07,27.7,40.76,US Census ACS / BLS,2023,https://data.census.gov
46810,Fort Wayne,41.0588,-85.0202,56530.54,4.02,18.4,42.14,US Census ACS / BLS,2023,https://data.census.gov
47901,Lafayette IN,40.4308,-86.6989,53831.41,3.14,29.4,32.91,US Census ACS / BLS,2023,https://data.census.gov
47902,Lafayette IN,40.4802,-86.7547,64418.73,4.09,27.5,38.57,US Census ACS / BLS,2023,https://data.census.gov
47903,Lafayette IN,40.4898,-86.9805,70045.86,4.32,21.3,32.6,US Census ACS / BLS,2023,https://data.census.gov
47904,Lafayette IN,40.5311,-86.9986,62194.11,3.33,31.3,42.66,US Census ACS / BLS,2023,https://data.census.gov
47905,Lafayette IN,40.3313,-86.8578,55255.71,4.37,25.0,43.03,US Census ACS / BLS,2023,https://data.census.gov
47906,Lafayette IN,40.3853,-86.7086,55364.23,4.02,25.7,35.79,US Census ACS / BLS,2023,https://data.census.gov
47907,Lafayette IN,40.2707,-86.8772,51631.65,3.74,29.7,42.85,US Census ACS / BLS,2023,https://data.census.gov
47908,Lafayette IN,40.5256,-86.8862,59354.54,3.36,23.9,36.58,US Census ACS / BLS,2023,https://data.census.gov
47909,Lafayette IN,40.5527,-86.8872,54141.14,4.0,24.0,32.83,US Census ACS / BLS,2023,https://data.census.gov
47910,Lafayette IN,40.3805,-87.0086,54667.9,3.21,17.5,32.8,US Census ACS / BLS,2023,https://data.census.gov
47501,Vincennes,38.7083,-87.5371,63204.68,3.15,24.5,41.89,US Census ACS / BLS,2023,https://data.census.gov
47502,Vincennes,38.6583,-87.4345,62053.94,3.66,23.0,43.19,US Census ACS / BLS,2023,https://data.census.gov
47503,Vincennes,38.7918,-87.3584,59928.78,4.0,26.2,40.13,US Census ACS / BLS,2023,https://data.census.gov
47504,Vincennes,38.6575,-87.4223,71022.53,4.19,24.4,45.1,US Census ACS / BLS,2023,https://data.census.gov
47505,Vincennes,38.619,-87.5316,65956.08,3.21,26.4,37.48,US Census ACS / BLS,2023,https://data.census.gov
47506,Vincennes,38.5733,-87.5124,55800.56,3.19,22.9,34.57,US Census ACS / BLS,2023,https://data.census.gov
47507,Vincennes,38.765,-87.6093,66353.98,4.34,27.1,41.22,US Census ACS / BLS,2023,https://data.census.gov
47508,Vincennes,38.8205,-87.6649,54351.39,3.35,32.1,33.18,US Census ACS / BLS,2023,https://data.census.gov
47509,Vincennes,38.6576,-87.4466,64730.72,3.72,25.1,35.91,US Census ACS / BLS,2023,https://data.census.gov
47510,Vincennes,38.7536,-87.3799,57584.33,3.35,33.3,33.18,US Census ACS / BLS,2023,https://data.census.gov
40601,Lexington,38.006,-84.5784,64151.65,3.92,24.9,38.72,US Census ACS / BLS,2023,https://data.census.gov
40602,Lexington,38.1332,-84.486,70700.34,3.38,28.2,41.91,US Census ACS / BLS,2023,https://data.census.gov
40603,Lexington,38.1364,-84.4982,59297.05,3.87,24.4,38.85,US Census ACS / BLS,2023,https://data.census.gov
40604,Lexington,38.1782,-84.324,67905.87,4.15,24.0,39.08,US Census ACS / BLS,2023,https://data.census.gov
40605,Lexington,38.0809,-84.3398,64321.28,3.17,29.3,32.76,US Census ACS / BLS,2023,https://data.census.gov
40606,Lexington,38.1198,-84.6788,51335.5,4.12,27.8,33.85,US Census ACS / BLS,2023,https://data.census.gov
40607,Lexington,38.0777,-84.5881,58571.65,3.17,32.2,35.67,US Census ACS / BLS,2023,https://data.census.gov
40608,Lexington,37.9708,-84.4147,59685.42,3.69,30.7,35.9,US Census ACS / BLS,2023,https://data.census.gov
40609,Lexington,38.0465,-84.4889,70510.62,3.56,22.5,32.46,US Census ACS / BLS,2023,https://data.census.gov
40610,Lexington,38.1586,-84.603,55692.37,3.33,20.5,36.77,US Census ACS / BLS,2023,https://data.census.gov
40611,Lexington,37.9947,-84.6519,73110.9,3.69,23.5,40.91,US Census ACS / BLS,2023,https://data.census.gov
40612,Lexington,38.0432,-84.5447,69033.03,3.2,22.1,39.67,US Census ACS / BLS,2023,https://data.census.gov
40613,Lexington,38.1431,-84.5392,53821.95,3.53,28.6,44.62,US Census ACS / BLS,2023,https://data.census.gov
40614,Lexington,37.8913,-84.4176,66260.89,3.29,32.7,36.33,US Census ACS / BLS,2023,https://data.census.gov
40615,Lexington,38.0832,-84.3843,56357.5,3.53,27.9,34.59,US Census ACS / BLS,2023,https://data.census.gov
37660,Kingsport,36.6554,-82.4133,43106.13,3.32,29.3,37.86,US Census ACS / BLS,2023,https://data.census.gov
37661,Kingsport,36.596,-82.5538,45176.56,3.8,26.5,38.12,US Census ACS / BLS,2023,https://data.census.gov
37662,Kingsport,36.6214,-82.41,57393.23,4.31,29.2,38.9,US Census ACS / BLS,2023,https://data.census.gov
37663,Kingsport,36.6844,-82.7363,44493.28,3.7,26.5,44.1,US Census ACS / BLS,2023,https://data.census.gov
37664,Kingsport,36.4909,-82.6425,53087.63,3.95,23.0,42.83,US Census ACS / BLS,2023,https://data.census.gov
37665,Kingsport,36.4456,-82.5524,44847.09,4.46,21.9,40.8,US Census ACS / BLS,2023,https://data.census.gov
37666,Kingsport,36.6568,-82.7302,46956.83,4.15,21.2,34.33,US Census ACS / BLS,2023,https://data.census.gov
37667,Kingsport,36.4232,-82.5806,51571.31,4.07,29.9,35.48,US Census ACS / BLS,2023,https://data.census.gov
37668,Kingsport,36.5526,-82.4312,46696.62,3.29,24.5,43.08,US Census ACS / BLS,2023,https://data.census.gov
37669,Kingsport,36.4969,-82.6474,57919.26,4.05,21.3,43.45,US Census ACS / BLS,2023,https://data.census.gov
37601,Johnson City,36.4091,-82.458,64862.38,3.9,23.8,33.93,US Census ACS / BLS,2023,https://data.census.gov
37602,Johnson City,36.1858,-82.4348,50616.28,3.36,26.0,45.33,US Census ACS / BLS,2023,https://data.census.gov
37603,Johnson City,36.3112,-82.1967,57199.78,3.55,27.8,41.59,US Census ACS / BLS,2023,https://data.census.gov
37604,Johnson City,36.42,-82.4946,58366.0,3.7,19.4,37.69,US Census ACS / BLS,2023,https://data.census.gov
37605,Johnson City,36.3076,-82.3129,61403.32,4.31,30.5,35.95,US Census ACS / BLS,2023,https://data.census.gov
37606,Johnson City,36.3907,-82.3269,48174.94,3.59,30.9,33.63,US Census ACS / BLS,2023,https://data.census.gov
37607,Johnson City,36.2673,-82.254,61268.68,3.28,23.8,40.21,US Census ACS / BLS,2023,https://data.census.gov
37608,Johnson City,36.3732,-82.3433,54706.96,4.39,23.9,38.56,US Census ACS / BLS,2023,https://data.census.gov
37609,Johnson City,36.1947,-82.2876,62234.92,3.2,25.9,45.07,US Census ACS / BLS,2023,https://data.census.gov
37610,Johnson City,36.361,-82.2936,56704.78,3.34,23.8,43.59,US Census ACS / BLS,2023,https://data.census.gov
37201,Nashville,36.0208,-86.6646,82908.68,3.85,31.1,36.07,US Census ACS / BLS,2023,https://data.census.gov
37202,Nashville,36.0437,-86.8936,61167.38,4.35,22.4,36.41,US Census ACS / BLS,2023,https://data.census.gov
37203,Nashville,36.2552,-86.9376,78975.41,4.24,28.9,38.89,US Census ACS / BLS,2023,https://data.census.gov
37204,Nashville,36.061,-86.7206,78367.28,4.44,32.3,42.66,US Census ACS / BLS,2023,https://data.census.gov
37205,Nashville,36.273,-86.7606,74875.1,3.87,27.5,34.51,US Census ACS / BLS,2023,https://data.census.gov
37206,Nashville,36.0539,-86.9444,79995.92,3.34,26.0,44.43,US Census ACS / BLS,2023,https://data.census.gov
37207,Nashville,36.1991,-86.8882,78894.5,4.02,30.7,38.42,US Census ACS / BLS,2023,https://data.census.gov
37208,Nashville,36.1133,-86.8843,73063.76,3.43,40.9,32.11,US Census ACS / BLS,2023,https://data.census.gov
37209,Nashville,36.0776,-86.7782,84258.05,3.26,33.4,40.93,US Census ACS / BLS,2023,https://data.census.gov
37210,Nashville,36.0648,-86.7019,61083.86,4.15,23.8,42.07,US Census ACS / BLS,2023,https://data.census.gov
42101,Bowling Green,36.9433,-86.4594,45458.38,3.35,26.5,43.54,US Census ACS / BLS,2023,https://data.census.gov
42102,Bowling Green,37.091,-86.3387,46693.9,4.24,29.4,40.19,US Census ACS / BLS,2023,https://data.census.gov
42103,Bowling Green,36.8589,-86.5973,62230.96,4.18,26.8,42.91,US Census ACS / BLS,2023,https://data.census.gov
42104,Bowling Green,36.8858,-86.4204,61914.16,3.41,28.2,32.7,US Census ACS / BLS,2023,https://data.census.gov
42105,Bowling Green,36.9149,-86.3951,64171.36,3.53,24.3,40.8,US Census ACS / BLS,2023,https://data.census.gov
42106,Bowling Green,36.9807,-86.5756,50582.62,4.35,25.8,34.81,US Census ACS / BLS,2023,https://data.census.gov
42107,Bowling Green,36.8426,-86.5608,51455.8,3.53,20.0,42.35,US Census ACS / BLS,2023,https://data.census.gov
42108,Bowling Green,36.8899,-86.6549,60165.82,3.5,33.5,33.17,US Census ACS / BLS,2023,https://data.census.gov
42109,Bowling Green,36.8522,-86.3383,55021.78,3.84,25.9,39.88,US Census ACS / BLS,2023,https://data.census.gov
42110,Bowling Green,36.885,-86.4697,54950.5,4.3,27.9,32.21,US Census ACS / BLS,2023,https://data.census.gov
25301,Charleston WV,38.4928,-81.7149,63618.41,4.24,27.2,36.37,US Census ACS / BLS,2023,https://data.census.gov
25302,Charleston WV,38.4804,-81.6704,63541.54,4.2,29.1,41.58,US Census ACS / BLS,2023,https://data.census.gov
25303,Charleston WV,38.3293,-81.619,70468.63,3.81,25.7,41.81,US Census ACS / BLS,2023,https://data.census.gov
25304,Charleston WV,38.4376,-81.4872,61486.48,3.64,24.8,37.84,US Census ACS / BLS,2023,https://data.census.gov
25305,Charleston WV,38.3208,-81.5498,67864.19,4.4,27.4,41.27,US Census ACS / BLS,2023,https://data.census.gov
25306,Charleston WV,38.2937,-81.5395,70981.84,3.26,24.3,34.88,US Census ACS / BLS,2023,https://data.census.gov
25307,Charleston WV,38.4838,-81.5533,65698.35,3.5,19.1,40.16,US Census ACS / BLS,2023,https://data.census.gov
25308,Charleston WV,38.4646,-81.6056,63023.82,3.45,26.3,33.96,US Census ACS / BLS,2023,https://data.census.gov
25309,Charleston WV,38.4046,-81.4693,61194.83,3.69,26.1,39.47,US Census ACS / BLS,2023,https://data.census.gov
25310,Charleston WV,38.4688,-81.4851,74090.44,3.89,27.0,42.01,US Census ACS / BLS,2023,https://data.census.gov
26101,Parkersburg,39.3149,-81.4232,55215.02,4.33,21.8,36.66,US Census ACS / BLS,2023,https://data.census.gov
26102,Parkersburg,39.3786,-81.3911,65234.88,3.36,21.4,45.01,US Census ACS / BLS,2023,https://data.census.gov
26103,Parkersburg,39.2679,-81.5006,52282.76,3.65,20.5,43.17,US Census ACS / BLS,2023,https://data.census.gov
26104,Parkersburg,39.3074,-81.4347,52339.28,3.91,22.4,37.2,US Census ACS / BLS,2023,https://data.census.gov
26105,Parkersburg,39.2244,-81.4021,58131.45,3.96,18.8,39.94,US Census ACS / BLS,2023,https://data.census.gov
26106,Parkersburg,39.2993,-81.5073,61020.75,4.2,23.2,36.16,US Census ACS / BLS,2023,https://data.census.gov
26107,Parkersburg,39.3285,-81.5729,66505.45,3.14,25.7,33.7,US Census ACS / BLS,2023,https://data.census.gov
26108,Parkersburg,39.3579,-81.4881,71445.3,3.45,28.1,44.79,US Census ACS / BLS,2023,https://data.census.gov
26109,Parkersburg,39.4096,-81.5983,71522.17,4.22,24.5,40.69,US Census ACS / BLS,2023,https://data.census.gov
26110,Parkersburg,39.234,-81.4862,60057.65,4.27,31.4,40.4,US Census ACS / BLS,2023,https://data.census.gov
24501,Lynchburg,37.2848,-79.1518,68598.95,4.42,21.3,43.36,US Census ACS / BLS,2023,https://data.census.gov
24502,Lynchburg,37.3604,-79.2192,64463.95,4.31,22.2,39.31,US Census ACS / BLS,2023,https://data.census.gov
24503,Lynchburg,37.4103,-79.127,60195.56,3.21,29.6,38.85,US Census ACS / BLS,2023,https://data.census.gov
24504,Lynchburg,37.5413,-79.0926,72544.05,4.36,23.5,32.16,US Census ACS / BLS,2023,https://data.census.gov
24505,Lynchburg,37.4301,-79.2763,69225.19,3.21,27.2,35.8,US Census ACS / BLS,2023,https://data.census.gov
24506,Lynchburg,37.3068,-79.1192,68275.66,3.64,26.8,41.28,US Census ACS / BLS,2023,https://data.census.gov
24507,Lynchburg,37.4278,-78.9677,64434.56,3.93,20.5,41.91,US Census ACS / BLS,2023,https://data.census.gov
24508,Lynchburg,37.5609,-79.2215,55843.52,3.35,30.4,44.87,US Census ACS / BLS,2023,https://data.census.gov
24509,Lynchburg,37.2748,-79.1749,73611.15,3.91,23.7,34.74,US Census ACS / BLS,2023,https://data.census.gov
24510,Lynchburg,37.4547,-79.1406,63152.68,3.49,23.1,42.68,US Census ACS / BLS,2023,https://data.census.gov
22901,Charlottesville,37.8927,-78.5234,61947.68,4.47,22.0,36.76,US Census ACS / BLS,2023,https://data.census.gov
22902,Charlottesville,38.0076,-78.5321,60209.12,3.21,24.2,35.17,US Census ACS / BLS,2023,https://data.census.gov
22903,Charlottesville,38.0744,-78.5173,53234.56,3.9,24.4,43.43,US Census ACS / BLS,2023,https://data.census.gov
22904,Charlottesville,37.8947,-78.3537,73066.29,3.95,24.8,35.21,US Census ACS / BLS,2023,https://data.census.gov
22905,Charlottesville,38.0246,-78.5513,70975.05,3.17,25.2,34.99,US Census ACS / BLS,2023,https://data.census.gov
22906,Charlottesville,38.1246,-78.4651,61041.1,4.35,20.0,32.51,US Census ACS / BLS,2023,https://data.census.gov
22907,Charlottesville,38.1051,-78.6006,70014.21,3.44,23.2,43.82,US Census ACS / BLS,2023,https://data.census.gov
22908,Charlottesville,38.0808,-78.6067,58780.3,3.91,22.4,39.14,US Census ACS / BLS,2023,https://data.census.gov
22909,Charlottesville,37.9528,-78.3938,53428.98,4.14,23.2,43.06,US Census ACS / BLS,2023,https://data.census.gov
22910,Charlottesville,38.0364,-78.4357,56035.69,3.24,25.5,38.66,US Census ACS / BLS,2023,https://data.census.gov
23451,Virginia Beach,36.9739,-75.9662,75201.12,4.01,26.6,38.01,US Census ACS / BLS,2023,https://data.census.gov
23452,Virginia Beach,36.7449,-76.1031,65310.05,4.48,21.6,31.93,US Census ACS / BLS,2023,https://data.census.gov
23453,Virginia Beach,36.79,-76.0295,59081.47,3.24,26.3,39.2,US Census ACS / BLS,2023,https://data.census.gov
23454,Virginia Beach,36.8282,-75.8688,65297.09,3.71,32.0,41.87,US Census ACS / BLS,2023,https://data.census.gov
23455,Virginia Beach,36.936,-76.1366,60569.28,4.46,22.0,38.3,US Census ACS / BLS,2023,https://data.census.gov
23456,Virginia Beach,36.8455,-76.0243,63487.87,4.04,22.7,42.0,US Census ACS / BLS,2023,https://data.census.gov
23457,Virginia Beach,36.7627,-75.8397,77790.53,3.52,25.4,34.56,US Census ACS / BLS,2023,https://data.census.gov
23458,Virginia Beach,36.8858,-76.0096,60527.81,3.99,27.1,41.73,US Census ACS / BLS,2023,https://data.census.gov
23459,Virginia Beach,36.8071,-76.0947,81525.6,3.41,20.1,44.17,US Census ACS / BLS,2023,https://data.census.gov
23460,Virginia Beach,36.7453,-75.8398,76712.26,3.36,21.2,35.62,US Census ACS / BLS,2023,https://data.census.gov
23601,Newport News,37.1125,-76.5177,51779.67,3.66,28.6,36.23,US Census ACS / BLS,2023,https://data.census.gov
23602,Newport News,36.9948,-76.4527,59212.23,3.5,25.8,38.88,US Census ACS / BLS,2023,https://data.census.gov
23603,Newport News,36.9823,-76.5844,58357.38,4.27,27.2,32.87,US Census ACS / BLS,2023,https://data.census.gov
23604,Newport News,36.9445,-76.6169,72432.37,3.33,30.4,33.95,US Census ACS / BLS,2023,https://data.census.gov
23605,Newport News,37.0609,-76.635,52545.25,4.4,25.8,34.76,US Census ACS / BLS,2023,https://data.census.gov
23606,Newport News,36.9444,-76.3611,61584.85,3.15,24.3,40.9,US Census ACS / BLS,2023,https://data.census.gov
23607,Newport News,37.1419,-76.6161,72086.41,3.49,23.9,43.95,US Census ACS / BLS,2023,https://data.census.gov
23608,Newport News,37.2114,-76.4137,54926.79,3.74,25.5,34.7,US Census ACS / BLS,2023,https://data.census.gov
23609,Newport News,37.0603,-76.582,69126.78,4.16,29.4,41.06,US Census ACS / BLS,2023,https://data.census.gov
23610,Newport News,37.015,-76.5189,51627.9,3.5,23.3,34.53,US Census ACS / BLS,2023,https://data.census.gov
23301,Richmond VA,37.4927,-77.601,58279.06,3.5,29.6,32.0,US Census ACS / BLS,2023,https://data.census.gov
23302,Richmond VA,37.6892,-77.5453,68320.4,4.41,32.8,33.63,US Census ACS / BLS,2023,https://data.census.gov
23303,Richmond VA,37.6332,-77.5566,56234.79,3.54,23.4,39.26,US Census ACS / BLS,2023,https://data.census.gov
23304,Richmond VA,37.5591,-77.2818,54031.8,3.58,24.8,38.48,US Census ACS / BLS,2023,https://data.census.gov
23305,Richmond VA,37.667,-77.563,67635.82,4.28,20.7,31.73,US Census ACS / BLS,2023,https://data.census.gov
23306,Richmond VA,37.4218,-77.4612,75509.71,4.35,25.3,43.29,US Census ACS / BLS,2023,https://data.census.gov
23307,Richmond VA,37.4294,-77.3005,67647.66,3.71,24.1,39.79,US Census ACS / BLS,2023,https://data.census.gov
23308,Richmond VA,37.4311,-77.35,62365.24,3.21,21.9,39.68,US Census ACS / BLS,2023,https://data.census.gov
23309,Richmond VA,37.3942,-77.5942,57104.14,4.21,23.5,42.69,US Census ACS / BLS,2023,https://data.census.gov
23310,Richmond VA,37.5728,-77.2893,76720.17,4.46,22.7,43.61,US Census ACS / BLS,2023,https://data.census.gov
