zip_code,metro,lat,lng,pct_age_25_34,pct_age_18_34,college_educated_pct,data_source,as_of_date,source_url
10001,New York,40.564,-74.0031,12.8,21.2,33.27,US Census ACS,2023,https://data.census.gov
10002,New York,40.7872,-73.9938,14.65,24.36,33.22,US Census ACS,2023,https://data.census.gov
10003,New York,40.8358,-74.1131,11.79,22.63,40.68,US Census ACS,2023,https://data.census.gov
10004,New York,40.5966,-73.9574,12.99,20.96,42.64,US Census ACS,2023,https://data.census.gov
10005,New York,40.6223,-73.9097,13.42,21.79,32.0,US Census ACS,2023,https://data.census.gov
10006,New York,40.7455,-74.1688,14.42,18.85,40.52,US Census ACS,2023,https://data.census.gov
10007,New York,40.753,-74.0236,16.43,21.64,44.42,US Census ACS,2023,https://data.census.gov
10008,New York,40.8409,-73.8729,16.67,18.76,36.85,US Census ACS,2023,https://data.census.gov
10009,New York,40.6863,-73.8916,16.19,18.49,37.79,US Census ACS,2023,https://data.census.gov
10010,New York,40.6582,-74.1744,12.79,24.61,31.75,US Census ACS,2023,https://data.census.gov
10011,New York,40.6164,-74.0364,11.71,20.94,38.5,US Census ACS,2023,https://data.census.gov
10012,New York,40.7651,-74.0813,14.81,24.51,40.86,US Census ACS,2023,https://data.census.gov
10013,New York,40.5718,-73.9069,13.88,24.33,37.98,US Census ACS,2023,https://data.census.gov
10014,New York,40.8483,-73.9022,13.87,20.99,34.27,US Census ACS,2023,https://data.census.gov
10015,New York,40.7876,-73.9791,16.4,22.79,42.73,US Census ACS,2023,https://data.census.gov
10016,New York,40.8492,-73.9492,12.57,23.38,35.88,US Census ACS,2023,https://data.census.gov
10017,New York,40.7315,-74.0492,14.9,20.57,32.69,US Census ACS,2023,https://data.census.gov
10018,New York,40.7465,-74.0062,15.07,25.98,38.26,US Census ACS,2023,https://data.census.gov
10019,New York,40.8496,-73.9842,12.95,26.34,38.64,US Census ACS,2023,https://data.census.gov
10020,New York,40.7937,-74.0435,12.34,20.67,44.42,US Census ACS,2023,https://data.census.gov
10021,New York,40.8501,-73.9875,14.57,25.05,37.61,US Census ACS,2023,https://data.census.gov
10022,New York,40.61,-74.0677,14.92,19.58,42.48,US Census ACS,2023,https://data.census.gov
10023,New York,40.6564,-74.081,16.13,22.7,35.95,US Census ACS,2023,https://data.census.gov
10024,New York,40.8034,-74.1215,12.58,18.93,40.04,US Census ACS,2023,https://data.census.gov
10025,New York,40.8144,-73.9565,15.48,25.71,34.16,US Census ACS,2023,https://data.census.gov
10026,New York,40.8152,-74.1239,11.98,25.82,37.24,US Census ACS,2023,https://data.census.gov
10027,New York,40.7701,-73.9228,12.16,22.78,43.72,US Census ACS,2023,https://data.census.gov
10028,New York,40.8363,-73.9296,13.45,20.63,32.32,US Census ACS,2023,https://data.census.gov
10029,New York,40.6248,-74.0618,12.83,21.69,39.05,US Census ACS,2023,https://data.census.gov
10030,New York,40.8296,-74.1136,11.83,21.5,34.64,US Census ACS,2023,https://data.census.gov
10031,New York,40.7547,-73.8801,14.26,20.96,40.89,US Census ACS,2023,https://data.census.gov
10032,New York,40.7883,-74.1199,15.95,21.17,40.45,US Census ACS,2023,https://data.census.gov
10033,New York,40.6653,-73.844,16.49,21.21,35.82,US Census ACS,2023,https://data.census.gov
10034,New York,40.819,-74.1257,14.55,25.13,36.12,US Census ACS,2023,https://data.census.gov
10035,New York,40.841,-73.8655,16.34,24.42,36.52,US Census ACS,2023,https://data.census.gov
10036,New York,40.8428,-74.1198,12.06,24.58,32.22,US Census ACS,2023,https://data.census.gov
10037,New York,40.7695,-73.8682,14.59,22.48,37.09,US Census ACS,2023,https://data.census.gov
10038,New York,40.6597,-74.0256,12.41,21.13,40.2,US Census ACS,2023,https://data.census.gov
10039,New York,40.8624,-74.1386,12.4,19.51,36.21,US Census ACS,2023,https://data.census.gov
10040,New York,40.8485,-74.0837,14.8,25.96,37.39,US Census ACS,2023,https://data.census.gov
10041,New York,40.7061,-73.8581,12.78,21.75,39.45,US Census ACS,2023,https://data.census.gov
10042,New York,40.592,-74.102,13.68,22.54,45.12,US Census ACS,2023,https://data.census.gov
10043,New York,40.854,-74.0088,15.15,26.32,41.12,US Census ACS,2023,https://data.census.gov
10044,New York,40.6682,-74.0982,13.61,21.57,36.23,US Census ACS,2023,https://data.census.gov
10045,New York,40.8559,-74.1667,15.38,22.38,41.89,US Census ACS,2023,https://data.census.gov
10046,New York,40.7917,-73.9853,15.86,21.97,44.39,US Census ACS,2023,https://data.census.gov
10047,New York,40.7567,-73.9596,15.84,21.15,41.93,US Census ACS,2023,https://data.census.gov
10048,New York,40.7048,-73.9293,12.95,25.46,31.76,US Census ACS,2023,https://data.census.gov
10049,New York,40.8035,-74.1252,16.16,19.91,32.17,US Census ACS,2023,https://data.census.gov
10050,New York,40.6196,-73.9172,13.84,18.89,34.95,US Census ACS,2023,https://data.census.gov
10051,New York,40.643,-73.924,14.68,23.14,45.13,US Census ACS,2023,https://data.census.gov
10052,New York,40.6472,-73.9063,15.67,25.08,39.14,US Census ACS,2023,https://data.census.gov
10053,New York,40.851,-74.0213,12.6,23.19,32.02,US Census ACS,2023,https://data.census.gov
10054,New York,40.6703,-74.059,14.33,24.64,37.17,US Census ACS,2023,https://data.census.gov
10055,New York,40.7919,-73.9193,14.51,24.51,38.33,US Census ACS,2023,https://data.census.gov
10056,New York,40.7687,-74.0027,15.99,25.11,37.23,US Census ACS,2023,https://data.census.gov
10057,New York,40.7865,-73.9435,14.3,18.63,35.39,US Census ACS,2023,https://data.census.gov
10058,New York,40.762,-74.0912,14.04,21.71,38.0,US Census ACS,2023,https://data.census.gov
10059,New York,40.8554,-73.9114,13.46,24.87,31.98,US Census ACS,2023,https://data.census.gov
10060,New York,40.7568,-73.9228,15.37,25.28,32.23,US Census ACS,2023,https://data.census.gov
10061,New York,40.6937,-74.1749,15.1,20.43,33.19,US Census ACS,2023,https://data.census.gov
10062,New York,40.6367,-73.8556,14.52,23.71,45.13,US Census ACS,2023,https://data.census.gov
10063,New York,40.7167,-73.9992,15.96,24.87,37.95,US Census ACS,2023,https://data.census.gov
10064,New York,40.6219,-74.1213,15.14,23.67,40.48,US Census ACS,2023,https://data.census.gov
10065,New York,40.6587,-73.9155,16.12,21.13,45.13,US Census ACS,2023,https://data.census.gov
10066,New York,40.8151,-73.837,13.17,26.54,44.67,US Census ACS,2023,https://data.census.gov
10067,New York,40.8289,-73.9201,14.2,22.49,31.81,US Census ACS,2023,https://data.census.gov
10068,New York,40.6768,-73.9826,16.62,19.84,41.94,US Census ACS,2023,https://data.census.gov
10069,New York,40.5917,-73.9744,15.56,24.42,35.28,US Census ACS,2023,https://data.census.gov
10070,New York,40.5835,-73.9129,16.54,21.88,33.6,US Census ACS,2023,https://data.census.gov
10071,New York,40.5696,-73.881,16.11,19.11,33.84,US Census ACS,2023,https://data.census.gov
10072,New York,40.6973,-73.8572,12.19,21.22,39.79,US Census ACS,2023,https://data.census.gov
10073,New York,40.6683,-73.8412,15.09,21.24,42.98,US Census ACS,2023,https://data.census.gov
10074,New York,40.6544,-73.9861,15.81,18.82,37.58,US Census ACS,2023,https://data.census.gov
10075,New York,40.8282,-73.9756,13.55,22.88,32.95,US Census ACS,2023,https://data.census.gov
10076,New York,40.5789,-73.8746,14.13,24.62,44.05,US Census ACS,2023,https://data.census.gov
10077,New York,40.8013,-73.9942,13.25,22.38,36.98,US Census ACS,2023,https://data.census.gov
10078,New York,40.7908,-74.0033,15.2,23.49,35.12,US Census ACS,2023,https://data.census.gov
10079,New York,40.5863,-74.0558,15.06,23.06,39.3,US Census ACS,2023,https://data.census.gov
10080,New York,40.6942,-74.0887,11.78,19.83,43.46,US Census ACS,2023,https://data.census.gov
90001,Los Angeles,34.1214,-118.2314,13.47,20.94,37.65,US Census ACS,2023,https://data.census.gov
90002,Los Angeles,34.0392,-118.3354,15.39,22.36,38.26,US Census ACS,2023,https://data.census.gov
90003,Los Angeles,33.9029,-118.243,14.8,23.43,33.01,US Census ACS,2023,https://data.census.gov
90004,Los Angeles,34.1509,-118.1387,13.85,23.4,41.24,US Census ACS,2023,https://data.census.gov
90005,Los Angeles,33.9751,-118.415,13.09,22.27,32.07,US Census ACS,2023,https://data.census.gov
90006,Los Angeles,33.999,-118.3099,13.34,20.39,36.16,US Census ACS,2023,https://data.census.gov
90007,Los Angeles,34.0868,-118.1844,15.88,18.92,32.32,US Census ACS,2023,https://data.census.gov
90008,Los Angeles,34.0856,-118.2297,12.73,24.28,42.44,US Census ACS,2023,https://data.census.gov
90009,Los Angeles,34.1576,-118.2875,12.08,24.95,42.11,US Census ACS,2023,https://data.census.gov
90010,Los Angeles,33.948,-118.2617,16.22,19.1,37.22,US Census ACS,2023,https://data.census.gov
90011,Los Angeles,34.161,-118.072,14.76,23.24,41.91,US Census ACS,2023,https://data.census.gov
90012,Los Angeles,34.0257,-118.3151,14.96,18.88,35.47,US Census ACS,2023,https://data.census.gov
90013,Los Angeles,34.0993,-118.269,16.41,24.0,44.69,US Census ACS,2023,https://data.census.gov
90014,Los Angeles,33.9242,-118.2933,12.63,24.17,32.3,US Census ACS,2023,https://data.census.gov
90015,Los Angeles,34.1921,-118.1397,14.16,18.57,36.67,US Census ACS,2023,https://data.census.gov
90016,Los Angeles,34.1713,-118.2349,12.7,21.47,43.89,US Census ACS,2023,https://data.census.gov
90017,Los Angeles,34.1716,-118.1116,14.44,18.79,44.1,US Census ACS,2023,https://data.census.gov
90018,Los Angeles,33.9229,-118.1455,12.68,21.19,36.46,US Census ACS,2023,https://data.census.gov
90019,Los Angeles,33.9689,-118.1972,16.47,24.05,36.42,US Census ACS,2023,https://data.census.gov
90020,Los Angeles,33.9238,-118.0834,13.51,18.62,33.5,US Census ACS,2023,https://data.census.gov
90021,Los Angeles,34.1068,-118.1598,12.09,22.52,42.33,US Census ACS,2023,https://data.census.gov
90022,Los Angeles,34.0847,-118.1458,15.91,22.29,36.76,US Census ACS,2023,https://data.census.gov
90023,Los Angeles,34.1212,-118.3214,15.87,19.13,43.06,US Census ACS,2023,https://data.census.gov
90024,Los Angeles,33.9381,-118.3817,12.47,22.51,40.7,US Census ACS,2023,https://data.census.gov
90025,Los Angeles,34.1683,-118.421,14.74,22.99,40.9,US Census ACS,2023,https://data.census.gov
90026,Los Angeles,34.018,-118.0865,14.28,20.53,43.83,US Census ACS,2023,https://data.census.gov
90027,Los Angeles,34.0829,-118.2324,15.52,18.62,34.3,US Census ACS,2023,https://data.census.gov
90028,Los Angeles,34.0628,-118.3854,16.22,24.78,38.2,US Census ACS,2023,https://data.census.gov
90029,Los Angeles,33.9948,-118.3634,11.71,20.59,45.26,US Census ACS,2023,https://data.census.gov
90030,Los Angeles,33.9549,-118.1002,11.86,25.18,37.35,US Census ACS,2023,https://data.census.gov
90031,Los Angeles,34.0853,-118.1248,14.5,21.34,38.68,US Census ACS,2023,https://data.census.gov
90032,Los Angeles,34.0964,-118.3443,14.22,20.23,40.94,US Census ACS,2023,https://data.census.gov
90033,Los Angeles,34.0182,-118.3844,16.0,21.84,33.41,US Census ACS,2023,https://data.census.gov
90034,Los Angeles,33.9229,-118.1975,15.56,21.5,44.0,US Census ACS,2023,https://data.census.gov
90035,Los Angeles,34.1844,-118.1729,16.02,25.96,38.13,US Census ACS,2023,https://data.census.gov
90036,Los Angeles,34.0083,-118.1578,12.73,20.5,37.53,US Census ACS,2023,https://data.census.gov
90037,Los Angeles,33.9468,-118.3693,14.53,19.75,32.78,US Census ACS,2023,https://data.census.gov
90038,Los Angeles,34.0832,-118.4076,15.77,24.06,33.89,US Census ACS,2023,https://data.census.gov
90039,Los Angeles,33.9634,-118.0968,14.22,21.17,39.47,US Census ACS,2023,https://data.census.gov
90040,Los Angeles,34.1224,-118.2212,16.66,25.06,34.22,US Census ACS,2023,https://data.census.gov
90041,Los Angeles,34.1348,-118.2771,15.32,22.49,32.08,US Census ACS,2023,https://data.census.gov
90042,Los Angeles,34.0297,-118.2394,16.45,21.79,40.97,US Census ACS,2023,https://data.census.gov
90043,Los Angeles,34.1872,-118.1309,16.66,21.53,36.4,US Census ACS,2023,https://data.census.gov
90044,Los Angeles,34.0132,-118.1634,13.44,19.11,32.9,US Census ACS,2023,https://data.census.gov
90045,Los Angeles,34.1026,-118.1199,12.71,26.09,32.66,US Census ACS,2023,https://data.census.gov
90046,Los Angeles,33.9073,-118.1468,14.86,21.02,34.04,US Census ACS,2023,https://data.census.gov
90047,Los Angeles,34.1758,-118.0821,12.81,24.54,34.78,US Census ACS,2023,https://data.census.gov
90048,Los Angeles,34.1469,-118.2681,15.43,22.61,40.67,US Census ACS,2023,https://data.census.gov
90049,Los Angeles,34.0295,-118.4192,15.52,21.07,32.23,US Census ACS,2023,https://data.census.gov
90050,Los Angeles,34.0881,-118.0957,16.56,26.22,43.6,US Census ACS,2023,https://data.census.gov
90051,Los Angeles,34.0655,-118.4031,15.04,26.03,44.9,US Census ACS,2023,https://data.census.gov
90052,Los Angeles,34.0743,-118.1046,12.48,26.08,35.79,US Census ACS,2023,https://data.census.gov
90053,Los Angeles,33.9527,-118.2702,14.43,19.84,33.15,US Census ACS,2023,https://data.census.gov
90054,Los Angeles,34.0598,-118.2157,13.35,23.67,43.09,US Census ACS,2023,https://data.census.gov
90055,Los Angeles,34.0001,-118.2148,15.75,22.55,40.6,US Census ACS,2023,https://data.census.gov
90056,Los Angeles,34.0884,-118.3838,12.38,24.11,41.43,US Census ACS,2023,https://data.census.gov
90057,Los Angeles,34.1417,-118.4208,12.81,19.59,36.99,US Census ACS,2023,https://data.census.gov
90058,Los Angeles,33.9248,-118.1827,13.82,24.16,39.28,US Census ACS,2023,https://data.census.gov
90059,Los Angeles,34.0479,-118.173,12.0,19.46,40.75,US Census ACS,2023,https://data.census.gov
90060,Los Angeles,34.1424,-118.228,14.69,21.5,32.54,US Census ACS,2023,https://data.census.gov
90061,Los Angeles,34.0107,-118.2141,13.34,18.5,36.12,US Census ACS,2023,https://data.census.gov
90062,Los Angeles,33.9245,-118.0951,16.71,23.77,32.34,US Census ACS,2023,https://data.census.gov
90063,Los Angeles,33.9377,-118.2025,14.83,20.52,34.88,US Census ACS,2023,https://data.census.gov
90064,Los Angeles,34.0515,-118.3478,12.87,22.93,35.64,US Census ACS,2023,https://data.census.gov
90065,Los Angeles,34.0036,-118.3985,15.35,22.67,45.03,US Census ACS,2023,https://data.census.gov
90066,Los Angeles,33.9078,-118.0645,14.3,23.08,43.58,US Census ACS,2023,https://data.census.gov
90067,Los Angeles,34.0193,-118.2298,14.78,22.46,44.96,US Census ACS,2023,https://data.census.gov
90068,Los Angeles,34.1604,-118.0666,15.63,21.1,35.06,US Census ACS,2023,https://data.census.gov
90069,Los Angeles,34.1507,-118.2329,16.23,21.73,40.58,US Census ACS,2023,https://data.census.gov
90070,Los Angeles,34.1998,-118.1668,13.41,24.07,33.08,US Census ACS,2023,https://data.census.gov
90071,Los Angeles,33.9779,-118.1879,13.09,20.39,42.28,US Census ACS,2023,https://data.census.gov
90072,Los Angeles,33.9839,-118.106,11.82,22.89,41.38,US Census ACS,2023,https://data.census.gov
90073,Los Angeles,33.9542,-118.391,16.22,20.36,41.3,US Census ACS,2023,https://data.census.gov
90074,Los Angeles,34.0595,-118.3353,13.61,18.93,32.63,US Census ACS,2023,https://data.census.gov
90075,Los Angeles,34.0552,-118.1555,16.19,22.09,31.74,US Census ACS,2023,https://data.census.gov
90076,Los Angeles,34.1445,-118.2757,14.5,21.18,35.03,US Census ACS,2023,https://data.census.gov
90077,Los Angeles,34.1051,-118.3696,14.66,22.54,41.88,US Census ACS,2023,https://data.census.gov
90078,Los Angeles,34.1916,-118.2034,12.84,18.63,34.29,US Census ACS,2023,https://data.census.gov
90079,Los Angeles,33.9753,-118.3549,13.4,19.87,35.02,US Census ACS,2023,https://data.census.gov
90080,Los Angeles,33.9908,-118.0727,16.71,24.59,32.21,US Census ACS,2023,https://data.census.gov
60601,Chicago,41.8072,-87.7025,13.81,25.96,39.5,US Census ACS,2023,https://data.census.gov
60602,Chicago,41.7627,-87.717,15.93,18.97,34.16,US Census ACS,2023,https://data.census.gov
60603,Chicago,41.8959,-87.4839,16.31,19.52,45.41,US Census ACS,2023,https://data.census.gov
60604,Chicago,41.9676,-87.6706,16.42,18.9,36.83,US Census ACS,2023,https://data.census.gov
60605,Chicago,41.8354,-87.5089,12.98,19.5,40.76,US Census ACS,2023,https://data.census.gov
60606,Chicago,41.9104,-87.512,14.17,21.35,42.69,US Census ACS,2023,https://data.census.gov
60607,Chicago,41.7836,-87.7617,11.98,19.0,33.71,US Census ACS,2023,https://data.census.gov
60608,Chicago,41.9675,-87.5971,12.01,25.92,39.81,US Census ACS,2023,https://data.census.gov
60609,Chicago,41.9584,-87.4849,12.71,21.26,35.32,US Census ACS,2023,https://data.census.gov
60610,Chicago,41.9527,-87.7464,15.55,26.3,43.0,US Census ACS,2023,https://data.census.gov
60611,Chicago,41.9986,-87.533,14.43,21.59,39.04,US Census ACS,2023,https://data.census.gov
60612,Chicago,41.8096,-87.6634,13.21,20.16,36.43,US Census ACS,2023,https://data.census.gov
60613,Chicago,42.0224,-87.483,15.19,19.03,36.51,US Census ACS,2023,https://data.census.gov
60614,Chicago,41.8415,-87.5368,13.43,22.25,32.8,US Census ACS,2023,https://data.census.gov
60615,Chicago,41.8751,-87.7045,16.25,18.64,40.11,US Census ACS,2023,https://data.census.gov
60616,Chicago,41.8192,-87.6943,16.31,24.95,32.67,US Census ACS,2023,https://data.census.gov
60617,Chicago,41.7678,-87.4937,15.0,20.94,33.51,US Census ACS,2023,https://data.census.gov
60618,Chicago,41.823,-87.5055,13.54,22.09,37.99,US Census ACS,2023,https://data.census.gov
60619,Chicago,41.9999,-87.8035,16.12,21.54,38.76,US Census ACS,2023,https://data.census.gov
60620,Chicago,41.7287,-87.5826,15.74,19.38,44.0,US Census ACS,2023,https://data.census.gov
60621,Chicago,41.8316,-87.6411,11.83,18.46,40.18,US Census ACS,2023,https://data.census.gov
60622,Chicago,41.8746,-87.6585,15.7,26.43,37.75,US Census ACS,2023,https://data.census.gov
60623,Chicago,41.7497,-87.4588,11.85,19.36,40.79,US Census ACS,2023,https://data.census.gov
60624,Chicago,41.8158,-87.6753,13.02,19.5,36.12,US Census ACS,2023,https://data.census.gov
60625,Chicago,41.7448,-87.6703,16.56,18.66,35.73,US Census ACS,2023,https://data.census.gov
60626,Chicago,41.893,-87.7586,16.34,19.13,33.35,US Census ACS,2023,https://data.census.gov
60627,Chicago,41.994,-87.7613,14.61,19.59,33.55,US Census ACS,2023,https://data.census.gov
60628,Chicago,41.9111,-87.4579,14.5,25.43,33.42,US Census ACS,2023,https://data.census.gov
60629,Chicago,41.7587,-87.7174,15.23,19.42,35.0,US Census ACS,2023,https://data.census.gov
60630,Chicago,41.9099,-87.7597,16.73,20.8,41.37,US Census ACS,2023,https://data.census.gov
60631,Chicago,41.7453,-87.7891,13.74,19.79,32.13,US Census ACS,2023,https://data.census.gov
60632,Chicago,41.7612,-87.4761,14.04,20.35,44.92,US Census ACS,2023,https://data.census.gov
60633,Chicago,41.7567,-87.7062,13.88,20.85,41.58,US Census ACS,2023,https://data.census.gov
60634,Chicago,41.7451,-87.692,14.01,22.03,41.62,US Census ACS,2023,https://data.census.gov
60635,Chicago,41.7298,-87.641,14.65,24.67,37.0,US Census ACS,2023,https://data.census.gov
60636,Chicago,41.8036,-87.5102,14.19,25.25,35.48,US Census ACS,2023,https://data.census.gov
60637,Chicago,41.8807,-87.4958,14.74,25.82,41.22,US Census ACS,2023,https://data.census.gov
60638,Chicago,41.9056,-87.6452,12.34,24.74,33.75,US Census ACS,2023,https://data.census.gov
60639,Chicago,42.0167,-87.7278,13.25,24.85,39.06,US Census ACS,2023,https://data.census.gov
60640,Chicago,41.7747,-87.5077,15.28,20.87,33.28,US Census ACS,2023,https://data.census.gov
60641,Chicago,41.8668,-87.4603,13.64,18.8,31.79,US Census ACS,2023,https://data.census.gov
60642,Chicago,41.8879,-87.7336,12.88,24.14,43.31,US Census ACS,2023,https://data.census.gov
60643,Chicago,41.8464,-87.6119,12.29,22.11,34.15,US Census ACS,2023,https://data.census.gov
60644,Chicago,42.0268,-87.5098,14.09,24.25,34.41,US Census ACS,2023,https://data.census.gov
60645,Chicago,41.9197,-87.5425,13.64,21.18,33.89,US Census ACS,2023,https://data.census.gov
60646,Chicago,41.8791,-87.4616,15.7,23.54,38.66,US Census ACS,2023,https://data.census.gov
60647,Chicago,41.8829,-87.7851,16.58,21.37,33.94,US Census ACS,2023,https://data.census.gov
60648,Chicago,41.9674,-87.5685,13.59,21.6,32.29,US Census ACS,2023,https://data.census.gov
60649,Chicago,42.02,-87.6902,13.09,24.12,34.12,US Census ACS,2023,https://data.census.gov
60650,Chicago,41.8255,-87.751,14.43,23.82,42.84,US Census ACS,2023,https://data.census.gov
60651,Chicago,41.969,-87.4976,15.33,25.14,34.11,US Census ACS,2023,https://data.census.gov
60652,Chicago,41.9804,-87.6468,14.1,19.19,45.01,US Census ACS,2023,https://data.census.gov
60653,Chicago,41.7616,-87.5119,16.02,23.09,38.22,US Census ACS,2023,https://data.census.gov
60654,Chicago,41.9076,-87.7347,13.66,23.54,39.92,US Census ACS,2023,https://data.census.gov
60655,Chicago,41.9484,-87.7766,14.7,21.04,38.28,US Census ACS,2023,https://data.census.gov
60656,Chicago,41.991,-87.714,14.23,19.61,42.05,US Census ACS,2023,https://data.census.gov
60657,Chicago,41.868,-87.6822,11.86,19.26,43.66,US Census ACS,2023,https://data.census.gov
60658,Chicago,41.9236,-87.6054,12.2,21.95,32.62,US Census ACS,2023,https://data.census.gov
60659,Chicago,41.9055,-87.4745,15.58,26.35,44.41,US Census ACS,2023,https://data.census.gov
60660,Chicago,41.8173,-87.7665,13.89,18.49,41.3,US Census ACS,2023,https://data.census.gov
77001,Houston,29.6917,-95.326,16.28,19.67,36.18,US Census ACS,2023,https://data.census.gov
77002,Houston,29.6157,-95.3071,13.78,25.46,40.38,US Census ACS,2023,https://data.census.gov
77003,Houston,29.8466,-95.4814,15.23,24.99,39.13,US Census ACS,2023,https://data.census.gov
77004,Houston,29.8623,-95.3853,16.45,26.51,34.97,US Census ACS,2023,https://data.census.gov
77005,Houston,29.7669,-95.3295,12.44,24.27,42.32,US Census ACS,2023,https://data.census.gov
77006,Houston,29.8467,-95.3418,14.9,22.17,39.97,US Census ACS,2023,https://data.census.gov
77007,Houston,29.6131,-95.3485,14.76,24.55,44.94,US Census ACS,2023,https://data.census.gov
77008,Houston,29.6244,-95.4477,13.5,23.37,32.91,US Census ACS,2023,https://data.census.gov
77009,Houston,29.9088,-95.3015,12.75,23.93,36.41,US Census ACS,2023,https://data.census.gov
77010,Houston,29.7477,-95.3275,12.32,22.19,39.39,US Census ACS,2023,https://data.census.gov
77011,Houston,29.8815,-95.2784,11.79,21.65,44.92,US Census ACS,2023,https://data.census.gov
77012,Houston,29.6888,-95.3084,13.3,23.35,35.0,US Census ACS,2023,https://data.census.gov
77013,Houston,29.6306,-95.3437,13.34,18.71,35.12,US Census ACS,2023,https://data.census.gov
77014,Houston,29.8647,-95.4386,13.76,22.69,42.67,US Census ACS,2023,https://data.census.gov
77015,Houston,29.7156,-95.5347,14.12,25.96,38.86,US Census ACS,2023,https://data.census.gov
77016,Houston,29.8395,-95.4703,15.58,26.42,33.77,US Census ACS,2023,https://data.census.gov
77017,Houston,29.7942,-95.5358,16.72,24.95,44.68,US Census ACS,2023,https://data.census.gov
77018,Houston,29.614,-95.3916,15.28,20.59,31.73,US Census ACS,2023,https://data.census.gov
77019,Houston,29.7373,-95.4333,14.74,22.14,36.5,US Census ACS,2023,https://data.census.gov
77020,Houston,29.6881,-95.2791,14.46,21.84,43.17,US Census ACS,2023,https://data.census.gov
77021,Houston,29.8884,-95.316,14.08,18.81,32.39,US Census ACS,2023,https://data.census.gov
77022,Houston,29.7545,-95.3964,12.92,22.92,32.87,US Census ACS,2023,https://data.census.gov
77023,Houston,29.7969,-95.297,15.86,24.38,33.35,US Census ACS,2023,https://data.census.gov
77024,Houston,29.8002,-95.1947,12.82,24.53,39.17,US Census ACS,2023,https://data.census.gov
77025,Houston,29.776,-95.3977,13.12,21.81,33.66,US Census ACS,2023,https://data.census.gov
77026,Houston,29.6192,-95.2907,12.54,23.83,45.02,US Census ACS,2023,https://data.census.gov
77027,Houston,29.8782,-95.3682,13.39,22.67,32.26,US Census ACS,2023,https://data.census.gov
77028,Houston,29.7631,-95.3391,12.93,20.69,36.11,US Census ACS,2023,https://data.census.gov
77029,Houston,29.8845,-95.5273,14.53,18.89,32.07,US Census ACS,2023,https://data.census.gov
77030,Houston,29.825,-95.4896,12.44,22.29,37.38,US Census ACS,2023,https://data.census.gov
77031,Houston,29.6834,-95.4352,14.91,25.54,35.67,US Census ACS,2023,https://data.census.gov
77032,Houston,29.7184,-95.1915,15.59,20.15,39.99,US Census ACS,2023,https://data.census.gov
77033,Houston,29.6612,-95.3171,12.28,18.5,36.62,US Census ACS,2023,https://data.census.gov
77034,Houston,29.7844,-95.394,14.46,22.35,42.09,US Census ACS,2023,https://data.census.gov
77035,Houston,29.7679,-95.3761,16.01,24.52,38.93,US Census ACS,2023,https://data.census.gov
77036,Houston,29.84,-95.2991,13.65,26.07,33.3,US Census ACS,2023,https://data.census.gov
77037,Houston,29.6624,-95.2271,16.02,24.5,39.13,US Census ACS,2023,https://data.census.gov
77038,Houston,29.7191,-95.3538,15.71,19.58,40.96,US Census ACS,2023,https://data.census.gov
77039,Houston,29.8859,-95.3262,11.66,25.55,39.49,US Census ACS,2023,https://data.census.gov
77040,Houston,29.8035,-95.265,12.18,25.61,33.63,US Census ACS,2023,https://data.census.gov
77041,Houston,29.6945,-95.3577,12.38,25.47,34.15,US Census ACS,2023,https://data.census.gov
77042,Houston,29.7941,-95.3364,16.4,18.49,44.36,US Census ACS,2023,https://data.census.gov
77043,Houston,29.8216,-95.2114,13.77,20.13,33.48,US Census ACS,2023,https://data.census.gov
77044,Houston,29.6706,-95.2427,16.62,24.23,40.05,US Census ACS,2023,https://data.census.gov
77045,Houston,29.6475,-95.4786,15.55,24.76,43.1,US Census ACS,2023,https://data.census.gov
77046,Houston,29.7142,-95.2791,16.46,24.39,34.47,US Census ACS,2023,https://data.census.gov
77047,Houston,29.6122,-95.2381,14.68,24.75,32.59,US Census ACS,2023,https://data.census.gov
77048,Houston,29.6742,-95.43,12.05,24.15,34.82,US Census ACS,2023,https://data.census.gov
77049,Houston,29.7632,-95.4358,15.21,23.92,34.14,US Census ACS,2023,https://data.census.gov
77050,Houston,29.7323,-95.3053,12.32,25.59,36.15,US Census ACS,2023,https://data.census.gov
77051,Houston,29.6459,-95.3738,16.23,18.69,42.86,US Census ACS,2023,https://data.census.gov
77052,Houston,29.6681,-95.342,13.47,22.15,40.4,US Census ACS,2023,https://data.census.gov
77053,Houston,29.7597,-95.3379,15.66,26.28,37.55,US Census ACS,2023,https://data.census.gov
77054,Houston,29.6752,-95.3449,14.76,22.76,32.43,US Census ACS,2023,https://data.census.gov
77055,Houston,29.8998,-95.1999,11.96,26.19,33.71,US Census ACS,2023,https://data.census.gov
85001,Phoenix,33.4865,-112.0511,15.44,19.1,32.28,US Census ACS,2023,https://data.census.gov
85002,Phoenix,33.5169,-112.2465,14.91,22.57,41.83,US Census ACS,2023,https://data.census.gov
85003,Phoenix,33.4488,-112.2494,12.93,20.71,40.31,US Census ACS,2023,https://data.census.gov
85004,Phoenix,33.4699,-112.0968,13.76,25.5,33.05,US Census ACS,2023,https://data.census.gov
85005,Phoenix,33.5034,-112.1015,13.5,23.41,34.93,US Census ACS,2023,https://data.census.gov
85006,Phoenix,33.5588,-112.155,12.83,25.17,45.29,US Census ACS,2023,https://data.census.gov
85007,Phoenix,33.5321,-112.1235,16.05,24.17,33.2,US Census ACS,2023,https://data.census.gov
85008,Phoenix,33.4675,-112.1974,14.05,20.76,42.57,US Census ACS,2023,https://data.census.gov
85009,Phoenix,33.4386,-111.9574,12.38,24.25,41.79,US Census ACS,2023,https://data.census.gov
85010,Phoenix,33.381,-112.1999,16.02,20.98,41.73,US Census ACS,2023,https://data.census.gov
85011,Phoenix,33.4355,-111.9244,12.32,20.3,42.63,US Census ACS,2023,https://data.census.gov
85012,Phoenix,33.4386,-111.9931,14.04,20.56,44.24,US Census ACS,2023,https://data.census.gov
85013,Phoenix,33.413,-111.9158,13.86,22.24,41.4,US Census ACS,2023,https://data.census.gov
85014,Phoenix,33.5665,-111.9465,12.32,20.95,44.28,US Census ACS,2023,https://data.census.gov
85015,Phoenix,33.4024,-112.0304,12.74,25.49,37.32,US Census ACS,2023,https://data.census.gov
85016,Phoenix,33.5189,-112.219,16.41,18.78,44.01,US Census ACS,2023,https://data.census.gov
85017,Phoenix,33.4008,-111.92,12.62,18.78,31.98,US Census ACS,2023,https://data.census.gov
85018,Phoenix,33.5556,-111.9186,13.27,19.82,41.93,US Census ACS,2023,https://data.census.gov
85019,Phoenix,33.3321,-112.1524,16.54,25.95,42.78,US Census ACS,2023,https://data.census.gov
85020,Phoenix,33.3843,-111.9076,12.59,25.33,38.53,US Census ACS,2023,https://data.census.gov
85021,Phoenix,33.3923,-112.1722,11.95,24.94,37.58,US Census ACS,2023,https://data.census.gov
85022,Phoenix,33.4011,-112.0145,14.69,26.42,38.48,US Census ACS,2023,https://data.census.gov
85023,Phoenix,33.4635,-112.1937,12.45,25.63,37.47,US Census ACS,2023,https://data.census.gov
85024,Phoenix,33.4883,-112.0223,16.74,26.1,34.79,US Census ACS,2023,https://data.census.gov
85025,Phoenix,33.3415,-112.0734,13.32,19.67,33.49,US Census ACS,2023,https://data.census.gov
85026,Phoenix,33.3279,-111.9911,13.29,22.12,34.91,US Census ACS,2023,https://data.census.gov
85027,Phoenix,33.548,-112.0338,16.3,18.68,37.01,US Census ACS,2023,https://data.census.gov
85028,Phoenix,33.5073,-112.2141,13.77,22.99,42.51,US Census ACS,2023,https://data.census.gov
85029,Phoenix,33.5468,-112.0347,12.94,26.08,38.88,US Census ACS,2023,https://data.census.gov
85030,Phoenix,33.5547,-111.9059,14.42,22.35,42.28,US Census ACS,2023,https://data.census.gov
85031,Phoenix,33.437,-112.1104,12.34,23.69,35.22,US Census ACS,2023,https://data.census.gov
85032,Phoenix,33.3372,-112.0916,11.75,19.16,33.9,US Census ACS,2023,https://data.census.gov
85033,Phoenix,33.5085,-112.0523,15.03,25.13,37.68,US Census ACS,2023,https://data.census.gov
85034,Phoenix,33.301,-111.9067,14.45,19.06,37.2,US Census ACS,2023,https://data.census.gov
85035,Phoenix,33.5032,-112.2324,12.93,21.97,43.11,US Census ACS,2023,https://data.census.gov
85036,Phoenix,33.3428,-112.177,15.35,26.01,40.23,US Census ACS,2023,https://data.census.gov
85037,Phoenix,33.5605,-111.8997,15.4,21.26,35.59,US Census ACS,2023,https://data.census.gov
85038,Phoenix,33.3082,-111.9943,15.71,24.9,35.1,US Census ACS,2023,https://data.census.gov
85039,Phoenix,33.3587,-111.969,15.43,20.33,34.02,US Census ACS,2023,https://data.census.gov
85040,Phoenix,33.3804,-112.1907,15.63,19.87,43.69,US Census ACS,2023,https://data.census.gov
85041,Phoenix,33.4573,-112.0658,15.1,24.97,39.26,US Census ACS,2023,https://data.census.gov
85042,Phoenix,33.5363,-111.953,14.29,21.6,34.58,US Census ACS,2023,https://data.census.gov
85043,Phoenix,33.5637,-112.2114,13.56,25.95,40.78,US Census ACS,2023,https://data.census.gov
85044,Phoenix,33.4144,-112.1238,14.99,25.29,34.52,US Census ACS,2023,https://data.census.gov
85045,Phoenix,33.4403,-112.0393,16.11,19.68,36.55,US Census ACS,2023,https://data.census.gov
85046,Phoenix,33.4218,-111.9065,12.93,25.55,39.91,US Census ACS,2023,https://data.census.gov
85047,Phoenix,33.4008,-112.0124,15.91,19.32,38.77,US Census ACS,2023,https://data.census.gov
85048,Phoenix,33.5396,-112.1846,14.62,22.2,45.15,US Census ACS,2023,https://data.census.gov
85049,Phoenix,33.4835,-112.1098,11.82,26.32,36.91,US Census ACS,2023,https://data.census.gov
85050,Phoenix,33.4428,-112.0894,12.15,20.08,42.75,US Census ACS,2023,https://data.census.gov
19101,Philadelphia,39.8792,-75.0913,14.26,21.14,33.5,US Census ACS,2023,https://data.census.gov
19102,Philadelphia,39.927,-75.1616,16.71,26.25,36.96,US Census ACS,2023,https://data.census.gov
19103,Philadelphia,39.8196,-75.153,16.49,21.57,36.88,US Census ACS,2023,https://data.census.gov
19104,Philadelphia,39.8758,-75.243,15.3,18.67,40.13,US Census ACS,2023,https://data.census.gov
19105,Philadelphia,39.8214,-75.0158,14.58,26.18,36.07,US Census ACS,2023,https://data.census.gov
19106,Philadelphia,39.8061,-75.3242,14.07,21.61,39.73,US Census ACS,2023,https://data.census.gov
19107,Philadelphia,40.0779,-75.2803,15.51,20.43,40.13,US Census ACS,2023,https://data.census.gov
19108,Philadelphia,39.9972,-75.1212,15.29,24.9,41.74,US Census ACS,2023,https://data.census.gov
19109,Philadelphia,39.8484,-75.134,14.24,18.49,34.99,US Census ACS,2023,https://data.census.gov
19110,Philadelphia,39.8465,-75.0615,11.82,24.28,32.91,US Census ACS,2023,https://data.census.gov
19111,Philadelphia,39.9695,-75.3042,16.17,23.86,32.46,US Census ACS,2023,https://data.census.gov
19112,Philadelphia,40.0979,-75.2801,15.98,24.14,37.59,US Census ACS,2023,https://data.census.gov
19113,Philadelphia,39.8642,-75.2511,12.02,21.29,44.43,US Census ACS,2023,https://data.census.gov
19114,Philadelphia,39.8635,-75.1479,16.29,19.05,33.91,US Census ACS,2023,https://data.census.gov
19115,Philadelphia,39.8048,-75.3225,15.59,23.45,35.17,US Census ACS,2023,https://data.census.gov
19116,Philadelphia,40.0089,-75.1997,13.99,24.07,44.29,US Census ACS,2023,https://data.census.gov
19117,Philadelphia,40.1013,-75.2389,12.7,19.62,32.55,US Census ACS,2023,https://data.census.gov
19118,Philadelphia,39.9734,-75.09,14.19,24.61,33.1,US Census ACS,2023,https://data.census.gov
19119,Philadelphia,40.0905,-75.1551,15.47,20.02,42.91,US Census ACS,2023,https://data.census.gov
19120,Philadelphia,39.9656,-75.2609,14.2,19.51,44.59,US Census ACS,2023,https://data.census.gov
19121,Philadelphia,40.0142,-75.0333,15.65,19.97,32.67,US Census ACS,2023,https://data.census.gov
19122,Philadelphia,39.9997,-75.0995,15.06,26.49,44.81,US Census ACS,2023,https://data.census.gov
19123,Philadelphia,39.8636,-75.1083,16.01,18.48,39.5,US Census ACS,2023,https://data.census.gov
19124,Philadelphia,39.9235,-75.0317,15.44,25.7,37.17,US Census ACS,2023,https://data.census.gov
19125,Philadelphia,39.8893,-75.0872,13.82,24.91,39.53,US Census ACS,2023,https://data.census.gov
19126,Philadelphia,39.9703,-75.2612,15.54,21.33,35.22,US Census ACS,2023,https://data.census.gov
19127,Philadelphia,39.9679,-75.2242,15.07,19.37,34.46,US Census ACS,2023,https://data.census.gov
19128,Philadelphia,39.8531,-75.2571,14.71,21.53,32.13,US Census ACS,2023,https://data.census.gov
19129,Philadelphia,40.0078,-75.2049,16.13,20.78,44.29,US Census ACS,2023,https://data.census.gov
19130,Philadelphia,39.8327,-75.2063,11.66,25.73,34.78,US Census ACS,2023,https://data.census.gov
19131,Philadelphia,40.1021,-75.3217,16.71,19.13,35.7,US Census ACS,2023,https://data.census.gov
19132,Philadelphia,39.9518,-75.1575,15.23,21.64,32.76,US Census ACS,2023,https://data.census.gov
19133,Philadelphia,40.0339,-75.2069,13.12,22.16,43.24,US Census ACS,2023,https://data.census.gov
19134,Philadelphia,40.058,-75.0822,14.59,18.88,44.08,US Census ACS,2023,https://data.census.gov
19135,Philadelphia,40.0793,-75.0038,13.93,20.82,35.14,US Census ACS,2023,https://data.census.gov
19136,Philadelphia,39.8735,-75.1314,13.28,24.13,45.0,US Census ACS,2023,https://data.census.gov
19137,Philadelphia,40.0784,-75.2554,15.09,19.41,37.68,US Census ACS,2023,https://data.census.gov
19138,Philadelphia,39.8696,-74.9942,13.09,23.27,36.57,US Census ACS,2023,https://data.census.gov
19139,Philadelphia,39.8326,-75.0222,15.3,21.64,32.44,US Census ACS,2023,https://data.census.gov
19140,Philadelphia,40.0859,-75.1862,16.57,20.45,35.55,US Census ACS,2023,https://data.census.gov
78201,San Antonio,29.4447,-98.5316,12.32,25.1,43.03,US Census ACS,2023,https://data.census.gov
78202,San Antonio,29.5591,-98.3901,15.16,18.72,34.19,US Census ACS,2023,https://data.census.gov
78203,San Antonio,29.5163,-98.4993,13.96,18.57,36.86,US Census ACS,2023,https://data.census.gov
78204,San Antonio,29.2804,-98.3577,13.7,20.16,42.88,US Census ACS,2023,https://data.census.gov
78205,San Antonio,29.4426,-98.6017,12.46,20.5,40.36,US Census ACS,2023,https://data.census.gov
78206,San Antonio,29.3904,-98.3681,12.28,23.06,33.01,US Census ACS,2023,https://data.census.gov
78207,San Antonio,29.3108,-98.6035,13.99,20.5,38.38,US Census ACS,2023,https://data.census.gov
78208,San Antonio,29.4352,-98.3235,12.55,26.06,41.0,US Census ACS,2023,https://data.census.gov
78209,San Antonio,29.3834,-98.5436,13.51,24.03,39.07,US Census ACS,2023,https://data.census.gov
78210,San Antonio,29.3718,-98.4104,15.47,24.0,33.38,US Census ACS,2023,https://data.census.gov
78211,San Antonio,29.3689,-98.3522,15.5,23.67,42.98,US Census ACS,2023,https://data.census.gov
78212,San Antonio,29.5738,-98.6424,11.8,18.92,40.43,US Census ACS,2023,https://data.census.gov
78213,San Antonio,29.2918,-98.6292,12.09,25.56,45.33,US Census ACS,2023,https://data.census.gov
78214,San Antonio,29.4378,-98.6218,11.95,22.26,43.51,US Census ACS,2023,https://data.census.gov
78215,San Antonio,29.2976,-98.5184,15.99,22.0,38.27,US Census ACS,2023,https://data.census.gov
78216,San Antonio,29.5066,-98.6628,13.55,23.93,36.78,US Census ACS,2023,https://data.census.gov
78217,San Antonio,29.3566,-98.3664,13.92,22.69,39.02,US Census ACS,2023,https://data.census.gov
78218,San Antonio,29.2941,-98.5619,12.52,23.51,39.68,US Census ACS,2023,https://data.census.gov
78219,San Antonio,29.3721,-98.5588,12.78,20.71,38.98,US Census ACS,2023,https://data.census.gov
78220,San Antonio,29.3702,-98.454,14.19,19.31,37.63,US Census ACS,2023,https://data.census.gov
78221,San Antonio,29.2869,-98.4564,12.55,25.83,35.29,US Census ACS,2023,https://data.census.gov
78222,San Antonio,29.4667,-98.4389,13.44,18.71,41.46,US Census ACS,2023,https://data.census.gov
78223,San Antonio,29.4135,-98.5022,13.28,23.54,41.0,US Census ACS,2023,https://data.census.gov
78224,San Antonio,29.3906,-98.3178,13.29,22.58,43.38,US Census ACS,2023,https://data.census.gov
78225,San Antonio,29.3897,-98.4844,15.24,26.06,42.68,US Census ACS,2023,https://data.census.gov
78226,San Antonio,29.5126,-98.5438,13.18,24.4,43.93,US Census ACS,2023,https://data.census.gov
78227,San Antonio,29.4179,-98.6684,15.02,26.36,32.05,US Census ACS,2023,https://data.census.gov
78228,San Antonio,29.5319,-98.6123,12.81,19.08,34.9,US Census ACS,2023,https://data.census.gov
78229,San Antonio,29.4116,-98.6139,12.15,22.08,43.19,US Census ACS,2023,https://data.census.gov
78230,San Antonio,29.3031,-98.3137,14.33,19.24,36.46,US Census ACS,2023,https://data.census.gov
78231,San Antonio,29.3987,-98.586,12.95,20.09,32.43,US Census ACS,2023,https://data.census.gov
78232,San Antonio,29.392,-98.534,16.56,19.54,43.46,US Census ACS,2023,https://data.census.gov
78233,San Antonio,29.2824,-98.4801,16.68,24.9,34.71,US Census ACS,2023,https://data.census.gov
78234,San Antonio,29.3202,-98.3714,15.0,18.66,33.47,US Census ACS,2023,https://data.census.gov
78235,San Antonio,29.4036,-98.3195,13.12,19.72,38.7,US Census ACS,2023,https://data.census.gov
92101,San Diego,32.838,-117.1017,13.21,22.96,40.81,US Census ACS,2023,https://data.census.gov
92102,San Diego,32.6727,-117.0503,16.34,20.68,37.87,US Census ACS,2023,https://data.census.gov
92103,San Diego,32.6323,-117.2339,14.83,24.95,39.06,US Census ACS,2023,https://data.census.gov
92104,San Diego,32.7964,-117.3284,16.68,21.37,37.08,US Census ACS,2023,https://data.census.gov
92105,San Diego,32.6873,-117.2359,13.97,22.43,34.24,US Census ACS,2023,https://data.census.gov
92106,San Diego,32.7967,-117.1025,13.03,25.22,42.32,US Census ACS,2023,https://data.census.gov
92107,San Diego,32.703,-117.2576,13.03,22.8,37.89,US Census ACS,2023,https://data.census.gov
92108,San Diego,32.6499,-117.3276,11.97,23.34,41.98,US Census ACS,2023,https://data.census.gov
92109,San Diego,32.7874,-117.1324,11.95,24.99,36.75,US Census ACS,2023,https://data.census.gov
92110,San Diego,32.7249,-117.156,15.95,26.2,42.8,US Census ACS,2023,https://data.census.gov
92111,San Diego,32.8274,-117.04,14.16,19.39,34.68,US Census ACS,2023,https://data.census.gov
92112,San Diego,32.7285,-117.2274,13.97,20.0,35.17,US Census ACS,2023,https://data.census.gov
92113,San Diego,32.5832,-117.0971,13.27,19.05,39.52,US Census ACS,2023,https://data.census.gov
92114,San Diego,32.8411,-117.2208,13.02,20.73,40.87,US Census ACS,2023,https://data.census.gov
92115,San Diego,32.6924,-117.3261,14.86,23.89,38.81,US Census ACS,2023,https://data.census.gov
92116,San Diego,32.7443,-117.0421,14.08,22.49,34.09,US Census ACS,2023,https://data.census.gov
92117,San Diego,32.6166,-117.2652,12.51,26.23,31.81,US Census ACS,2023,https://data.census.gov
92118,San Diego,32.6171,-117.3145,13.43,20.38,41.25,US Census ACS,2023,https://data.census.gov
92119,San Diego,32.8424,-117.2903,12.14,21.41,40.85,US Census ACS,2023,https://data.census.gov
92120,San Diego,32.7477,-117.2998,15.72,21.11,36.01,US Census ACS,2023,https://data.census.gov
92121,San Diego,32.6178,-117.0959,14.0,22.79,33.2,US Census ACS,2023,https://data.census.gov
92122,San Diego,32.6564,-117.0229,14.58,20.93,36.11,US Census ACS,2023,https://data.census.gov
92123,San Diego,32.8428,-116.9898,15.09,22.52,31.64,US Census ACS,2023,https://data.census.gov
92124,San Diego,32.7553,-117.2175,15.06,22.52,35.2,US Census ACS,2023,https://data.census.gov
92125,San Diego,32.8545,-117.0553,15.72,23.52,36.09,US Census ACS,2023,https://data.census.gov
92126,San Diego,32.827,-117.2302,13.36,20.05,37.62,US Census ACS,2023,https://data.census.gov
92127,San Diego,32.6442,-117.3115,14.58,21.1,34.9,US Census ACS,2023,https://data.census.gov
92128,San Diego,32.6958,-117.2376,13.56,19.78,40.81,US Census ACS,2023,https://data.census.gov
92129,San Diego,32.7666,-117.1934,14.91,22.96,32.75,US Census ACS,2023,https://data.census.gov
92130,San Diego,32.7361,-117.1071,11.99,22.23,40.27,US Census ACS,2023,https://data.census.gov
92131,San Diego,32.7603,-117.2212,14.02,19.33,33.13,US Census ACS,2023,https://data.census.gov
92132,San Diego,32.6926,-117.2,14.79,23.4,33.6,US Census ACS,2023,https://data.census.gov
92133,San Diego,32.6658,-117.0085,16.52,23.41,40.33,US Census ACS,2023,https://data.census.gov
92134,San Diego,32.8061,-117.1781,14.15,24.19,41.03,US Census ACS,2023,https://data.census.gov
92135,San Diego,32.7679,-117.1386,13.72,20.0,44.07,US Census ACS,2023,https://data.census.gov
75201,DFW,32.7342,-96.9509,14.74,23.05,43.61,US Census ACS,2023,https://data.census.gov
75202,DFW,32.7228,-96.6538,12.57,21.0,31.81,US Census ACS,2023,https://data.census.gov
75203,DFW,32.7113,-96.8618,13.4,20.52,41.89,US Census ACS,2023,https://data.census.gov
75204,DFW,32.6426,-96.6474,14.05,22.68,31.92,US Census ACS,2023,https://data.census.gov
75205,DFW,32.8517,-96.9384,14.88,23.71,35.94,US Census ACS,2023,https://data.census.gov
75206,DFW,32.8244,-96.6387,16.19,22.9,34.69,US Census ACS,2023,https://data.census.gov
75207,DFW,32.8319,-96.6469,14.55,26.48,44.45,US Census ACS,2023,https://data.census.gov
75208,DFW,32.6385,-96.8405,14.6,18.63,42.03,US Census ACS,2023,https://data.census.gov
75209,DFW,32.6556,-96.769,14.63,21.74,42.25,US Census ACS,2023,https://data.census.gov
75210,DFW,32.8515,-96.6655,12.84,23.99,43.73,US Census ACS,2023,https://data.census.gov
75211,DFW,32.8823,-96.9748,12.02,23.42,39.85,US Census ACS,2023,https://data.census.gov
75212,DFW,32.878,-96.8355,11.69,18.81,32.06,US Census ACS,2023,https://data.census.gov
75213,DFW,32.6743,-96.9401,13.08,25.95,33.26,US Census ACS,2023,https://data.census.gov
75214,DFW,32.7418,-96.8486,14.81,24.48,36.5,US Census ACS,2023,https://data.census.gov
75215,DFW,32.6684,-96.8536,13.87,20.93,41.14,US Census ACS,2023,https://data.census.gov
75216,DFW,32.7749,-96.7409,12.52,26.26,34.16,US Census ACS,2023,https://data.census.gov
75217,DFW,32.8897,-96.7461,15.81,22.01,44.31,US Census ACS,2023,https://data.census.gov
75218,DFW,32.7841,-96.7456,15.7,21.0,35.51,US Census ACS,2023,https://data.census.gov
75219,DFW,32.9191,-96.7928,11.82,23.15,42.89,US Census ACS,2023,https://data.census.gov
75220,DFW,32.7431,-96.7517,16.48,19.07,38.71,US Census ACS,2023,https://data.census.gov
75221,DFW,32.698,-96.787,15.92,24.61,44.94,US Census ACS,2023,https://data.census.gov
75222,DFW,32.712,-96.6542,13.93,26.12,34.32,US Census ACS,2023,https://data.census.gov
75223,DFW,32.8769,-96.7737,11.78,18.47,32.92,US Census ACS,2023,https://data.census.gov
75224,DFW,32.8075,-96.904,11.67,20.41,34.2,US Census ACS,2023,https://data.census.gov
75225,DFW,32.7787,-96.6348,13.17,25.19,32.79,US Census ACS,2023,https://data.census.gov
75226,DFW,32.8696,-96.8318,16.66,22.15,43.69,US Census ACS,2023,https://data.census.gov
75227,DFW,32.8092,-96.8088,15.64,22.11,33.64,US Census ACS,2023,https://data.census.gov
75228,DFW,32.8704,-96.8465,11.9,19.5,32.66,US Census ACS,2023,https://data.census.gov
75229,DFW,32.7759,-96.7458,16.02,25.86,34.52,US Census ACS,2023,https://data.census.gov
75230,DFW,32.7575,-96.6588,14.76,26.32,37.62,US Census ACS,2023,https://data.census.gov
75231,DFW,32.6405,-96.9338,12.01,25.12,36.12,US Census ACS,2023,https://data.census.gov
75232,DFW,32.7193,-96.832,16.35,19.06,33.09,US Census ACS,2023,https://data.census.gov
75233,DFW,32.7264,-96.7029,14.93,21.42,35.25,US Census ACS,2023,https://data.census.gov
75234,DFW,32.6871,-96.6614,16.23,18.54,40.76,US Census ACS,2023,https://data.census.gov
75235,DFW,32.9075,-96.662,13.73,20.81,43.53,US Census ACS,2023,https://data.census.gov
75236,DFW,32.9219,-96.8311,16.12,21.17,41.88,US Census ACS,2023,https://data.census.gov
75237,DFW,32.8763,-96.791,12.64,19.84,37.56,US Census ACS,2023,https://data.census.gov
75238,DFW,32.7993,-96.8522,13.96,21.61,45.09,US Census ACS,2023,https://data.census.gov
75239,DFW,32.8972,-96.8751,15.01,19.26,44.35,US Census ACS,2023,https://data.census.gov
75240,DFW,32.7867,-96.7431,13.86,21.35,40.29,US Census ACS,2023,https://data.census.gov
75241,DFW,32.8638,-96.6183,13.4,21.99,32.42,US Census ACS,2023,https://data.census.gov
75242,DFW,32.7765,-96.6734,13.44,20.97,36.17,US Census ACS,2023,https://data.census.gov
75243,DFW,32.7133,-96.9391,13.13,19.12,31.8,US Census ACS,2023,https://data.census.gov
75244,DFW,32.8923,-96.645,15.58,23.72,44.52,US Census ACS,2023,https://data.census.gov
75245,DFW,32.8574,-96.843,13.8,19.51,38.8,US Census ACS,2023,https://data.census.gov
75246,DFW,32.7071,-96.6332,14.76,21.49,40.96,US Census ACS,2023,https://data.census.gov
75247,DFW,32.7716,-96.8914,14.5,19.35,39.31,US Census ACS,2023,https://data.census.gov
75248,DFW,32.7708,-96.9387,14.15,26.1,34.64,US Census ACS,2023,https://data.census.gov
75249,DFW,32.9013,-96.8161,13.27,26.2,39.97,US Census ACS,2023,https://data.census.gov
75250,DFW,32.8254,-96.7217,15.06,22.31,41.78,US Census ACS,2023,https://data.census.gov
75251,DFW,32.6285,-96.9364,15.16,26.14,43.11,US Census ACS,2023,https://data.census.gov
75252,DFW,32.9069,-96.7817,15.02,19.53,40.19,US Census ACS,2023,https://data.census.gov
75253,DFW,32.9211,-96.9045,14.32,19.27,31.97,US Census ACS,2023,https://data.census.gov
75254,DFW,32.6326,-96.6595,15.08,25.89,44.76,US Census ACS,2023,https://data.census.gov
75255,DFW,32.6419,-96.6349,15.24,21.5,38.7,US Census ACS,2023,https://data.census.gov
94101,Bay Area,37.7686,-122.3285,16.33,19.48,32.25,US Census ACS,2023,https://data.census.gov
94102,Bay Area,37.7378,-122.4342,13.98,25.6,31.92,US Census ACS,2023,https://data.census.gov
94103,Bay Area,37.7941,-122.5482,16.16,24.25,41.18,US Census ACS,2023,https://data.census.gov
94104,Bay Area,37.6351,-122.3395,12.48,23.37,36.33,US Census ACS,2023,https://data.census.gov
94105,Bay Area,37.7817,-122.5534,12.19,26.1,33.94,US Census ACS,2023,https://data.census.gov
94106,Bay Area,37.8431,-122.2828,15.69,24.92,36.27,US Census ACS,2023,https://data.census.gov
94107,Bay Area,37.6341,-122.5768,13.35,18.6,36.43,US Census ACS,2023,https://data.census.gov
94108,Bay Area,37.6948,-122.5603,13.65,24.8,37.26,US Census ACS,2023,https://data.census.gov
94109,Bay Area,37.7355,-122.3109,15.63,24.88,43.7,US Census ACS,2023,https://data.census.gov
94110,Bay Area,37.6377,-122.2649,15.79,25.63,44.37,US Census ACS,2023,https://data.census.gov
94111,Bay Area,37.7117,-122.2613,13.79,23.18,41.64,US Census ACS,2023,https://data.census.gov
94112,Bay Area,37.8873,-122.3034,15.51,20.3,44.7,US Census ACS,2023,https://data.census.gov
94113,Bay Area,37.8948,-122.5314,13.72,21.49,43.88,US Census ACS,2023,https://data.census.gov
94114,Bay Area,37.7382,-122.3844,14.28,21.9,33.54,US Census ACS,2023,https://data.census.gov
94115,Bay Area,37.6319,-122.3526,14.14,21.01,34.52,US Census ACS,2023,https://data.census.gov
94116,Bay Area,37.7022,-122.4266,12.87,22.18,39.75,US Census ACS,2023,https://data.census.gov
94117,Bay Area,37.645,-122.3776,14.12,23.87,44.51,US Census ACS,2023,https://data.census.gov
94118,Bay Area,37.7614,-122.3274,13.42,21.33,38.43,US Census ACS,2023,https://data.census.gov
94119,Bay Area,37.864,-122.4847,11.81,24.93,32.09,US Census ACS,2023,https://data.census.gov
94120,Bay Area,37.8643,-122.4794,12.36,24.74,45.18,US Census ACS,2023,https://data.census.gov
94121,Bay Area,37.7922,-122.4425,15.91,19.8,38.31,US Census ACS,2023,https://data.census.gov
94122,Bay Area,37.7784,-122.5458,13.32,24.9,35.82,US Census ACS,2023,https://data.census.gov
94123,Bay Area,37.8375,-122.478,13.1,22.08,41.0,US Census ACS,2023,https://data.census.gov
94124,Bay Area,37.8922,-122.2964,13.68,20.6,41.08,US Census ACS,2023,https://data.census.gov
94125,Bay Area,37.7645,-122.2409,12.67,24.87,33.07,US Census ACS,2023,https://data.census.gov
94126,Bay Area,37.7961,-122.354,13.0,19.67,40.31,US Census ACS,2023,https://data.census.gov
94127,Bay Area,37.902,-122.5564,13.27,20.29,37.79,US Census ACS,2023,https://data.census.gov
94128,Bay Area,37.7055,-122.481,12.22,25.3,35.82,US Census ACS,2023,https://data.census.gov
94129,Bay Area,37.8004,-122.5673,14.14,26.14,38.96,US Census ACS,2023,https://data.census.gov
94130,Bay Area,37.63,-122.2554,14.73,21.27,34.43,US Census ACS,2023,https://data.census.gov
94131,Bay Area,37.7703,-122.4485,12.13,22.24,43.11,US Census ACS,2023,https://data.census.gov
94132,Bay Area,37.7415,-122.4854,13.33,25.79,32.82,US Census ACS,2023,https://data.census.gov
94133,Bay Area,37.675,-122.257,12.36,26.22,33.71,US Census ACS,2023,https://data.census.gov
94134,Bay Area,37.8135,-122.358,14.56,24.94,36.65,US Census ACS,2023,https://data.census.gov
94135,Bay Area,37.6511,-122.5827,15.9,18.89,39.62,US Census ACS,2023,https://data.census.gov
94136,Bay Area,37.7382,-122.2633,14.68,23.54,38.19,US Census ACS,2023,https://data.census.gov
94137,Bay Area,37.6763,-122.4566,12.07,20.32,38.12,US Census ACS,2023,https://data.census.gov
94138,Bay Area,37.8736,-122.5811,13.7,19.96,32.35,US Census ACS,2023,https://data.census.gov
94139,Bay Area,37.7895,-122.586,15.29,22.83,36.08,US Census ACS,2023,https://data.census.gov
94140,Bay Area,37.9139,-122.486,16.18,25.55,38.13,US Census ACS,2023,https://data.census.gov
94141,Bay Area,37.8758,-122.3879,11.88,25.63,35.55,US Census ACS,2023,https://data.census.gov
94142,Bay Area,37.6422,-122.3426,15.38,24.53,41.31,US Census ACS,2023,https://data.census.gov
94143,Bay Area,37.8082,-122.5795,14.67,22.43,41.32,US Census ACS,2023,https://data.census.gov
94144,Bay Area,37.8858,-122.281,14.47,22.85,36.34,US Census ACS,2023,https://data.census.gov
94145,Bay Area,37.6432,-122.5209,15.8,20.47,39.41,US Census ACS,2023,https://data.census.gov
78701,Austin,30.3382,-97.6172,14.74,18.84,39.26,US Census ACS,2023,https://data.census.gov
78702,Austin,30.3313,-97.9187,16.74,18.94,35.64,US Census ACS,2023,https://data.census.gov
78703,Austin,30.3588,-97.7992,16.54,21.08,34.54,US Census ACS,2023,https://data.census.gov
78704,Austin,30.3485,-97.5735,13.19,23.92,36.96,US Census ACS,2023,https://data.census.gov
78705,Austin,30.192,-97.6333,12.7,19.48,37.72,US Census ACS,2023,https://data.census.gov
78706,Austin,30.2236,-97.5862,15.77,25.24,37.04,US Census ACS,2023,https://data.census.gov
78707,Austin,30.1727,-97.7459,13.35,18.66,31.83,US Census ACS,2023,https://data.census.gov
78708,Austin,30.3636,-97.907,15.24,22.18,32.38,US Census ACS,2023,https://data.census.gov
78709,Austin,30.2667,-97.9021,15.83,25.51,31.86,US Census ACS,2023,https://data.census.gov
78710,Austin,30.2586,-97.6572,16.05,22.59,38.76,US Census ACS,2023,https://data.census.gov
78711,Austin,30.253,-97.78,15.14,20.81,43.55,US Census ACS,2023,https://data.census.gov
78712,Austin,30.1884,-97.7832,13.8,20.85,40.34,US Census ACS,2023,https://data.census.gov
78713,Austin,30.2819,-97.9136,16.41,25.42,43.07,US Census ACS,2023,https://data.census.gov
78714,Austin,30.3681,-97.8602,12.93,24.37,32.53,US Census ACS,2023,https://data.census.gov
78715,Austin,30.1509,-97.7203,12.98,22.64,42.68,US Census ACS,2023,https://data.census.gov
78716,Austin,30.1242,-97.8795,11.8,25.52,39.06,US Census ACS,2023,https://data.census.gov
78717,Austin,30.2849,-97.85,13.3,20.83,42.88,US Census ACS,2023,https://data.census.gov
78718,Austin,30.3486,-97.9174,16.33,21.67,39.89,US Census ACS,2023,https://data.census.gov
78719,Austin,30.1984,-97.6438,15.1,19.35,38.25,US Census ACS,2023,https://data.census.gov
78720,Austin,30.3247,-97.909,14.15,19.34,33.27,US Census ACS,2023,https://data.census.gov
78721,Austin,30.4068,-97.5869,15.2,21.73,44.82,US Census ACS,2023,https://data.census.gov
78722,Austin,30.3546,-97.6028,13.23,23.51,44.22,US Census ACS,2023,https://data.census.gov
78723,Austin,30.2531,-97.7371,12.91,24.26,40.1,US Census ACS,2023,https://data.census.gov
78724,Austin,30.3978,-97.7357,14.37,25.25,41.86,US Census ACS,2023,https://data.census.gov
78725,Austin,30.1486,-97.7035,13.18,24.28,36.81,US Census ACS,2023,https://data.census.gov
78726,Austin,30.2222,-97.8281,12.95,24.0,42.66,US Census ACS,2023,https://data.census.gov
78727,Austin,30.3423,-97.6881,16.53,24.62,37.74,US Census ACS,2023,https://data.census.gov
78728,Austin,30.406,-97.6199,12.0,24.51,35.06,US Census ACS,2023,https://data.census.gov
78729,Austin,30.2176,-97.822,16.74,20.21,33.26,US Census ACS,2023,https://data.census.gov
78730,Austin,30.273,-97.8927,13.91,25.57,43.54,US Census ACS,2023,https://data.census.gov
78731,Austin,30.3084,-97.8457,16.47,19.85,36.92,US Census ACS,2023,https://data.census.gov
78732,Austin,30.2595,-97.8916,12.2,25.65,35.07,US Census ACS,2023,https://data.census.gov
78733,Austin,30.2881,-97.6756,12.88,25.19,38.76,US Census ACS,2023,https://data.census.gov
78734,Austin,30.2303,-97.7673,13.87,26.33,44.22,US Census ACS,2023,https://data.census.gov
78735,Austin,30.254,-97.8311,14.4,23.32,38.14,US Census ACS,2023,https://data.census.gov
78736,Austin,30.2918,-97.5715,15.44,23.81,38.32,US Census ACS,2023,https://data.census.gov
78737,Austin,30.1935,-97.6166,15.93,24.57,39.42,US Census ACS,2023,https://data.census.gov
78738,Austin,30.1819,-97.8828,16.37,22.15,44.26,US Census ACS,2023,https://data.census.gov
78739,Austin,30.3529,-97.7689,13.39,19.0,36.23,US Census ACS,2023,https://data.census.gov
78740,Austin,30.1443,-97.9126,15.13,23.01,39.46,US Census ACS,2023,https://data.census.gov
32201,Jacksonville,30.2629,-81.7066,16.58,26.12,37.34,US Census ACS,2023,https://data.census.gov
32202,Jacksonville,30.3536,-81.713,12.15,22.06,39.49,US Census ACS,2023,https://data.census.gov
32203,Jacksonville,30.2064,-81.5933,12.9,24.43,43.83,US Census ACS,2023,https://data.census.gov
32204,Jacksonville,30.4018,-81.7388,13.49,20.05,39.37,US Census ACS,2023,https://data.census.gov
32205,Jacksonville,30.4381,-81.6621,15.05,19.85,36.33,US Census ACS,2023,https://data.census.gov
32206,Jacksonville,30.2515,-81.6968,16.2,22.78,43.31,US Census ACS,2023,https://data.census.gov
32207,Jacksonville,30.4142,-81.5678,13.87,25.13,42.28,US Census ACS,2023,https://data.census.gov
32208,Jacksonville,30.3669,-81.4937,11.94,21.79,44.37,US Census ACS,2023,https://data.census.gov
32209,Jacksonville,30.4213,-81.665,14.84,21.47,32.46,US Census ACS,2023,https://data.census.gov
32210,Jacksonville,30.2271,-81.7224,14.69,26.13,32.44,US Census ACS,2023,https://data.census.gov
32211,Jacksonville,30.3834,-81.7213,13.39,20.58,34.11,US Census ACS,2023,https://data.census.gov
32212,Jacksonville,30.3236,-81.7828,14.27,20.68,35.87,US Census ACS,2023,https://data.census.gov
32213,Jacksonville,30.3573,-81.7082,13.85,22.28,33.41,US Census ACS,2023,https://data.census.gov
32214,Jacksonville,30.4087,-81.4792,13.05,23.44,41.08,US Census ACS,2023,https://data.census.gov
32215,Jacksonville,30.4052,-81.681,12.23,19.22,38.37,US Census ACS,2023,https://data.census.gov
32216,Jacksonville,30.4745,-81.8128,13.54,25.97,41.95,US Census ACS,2023,https://data.census.gov
32217,Jacksonville,30.4096,-81.7954,15.87,20.48,33.71,US Census ACS,2023,https://data.census.gov
32218,Jacksonville,30.382,-81.6248,15.46,22.92,39.78,US Census ACS,2023,https://data.census.gov
32219,Jacksonville,30.4004,-81.6533,11.75,26.14,44.65,US Census ACS,2023,https://data.census.gov
32220,Jacksonville,30.4471,-81.5603,12.96,21.07,39.3,US Census ACS,2023,https://data.census.gov
32221,Jacksonville,30.3411,-81.5136,15.1,23.06,40.94,US Census ACS,2023,https://data.census.gov
32222,Jacksonville,30.4014,-81.521,16.05,19.32,37.88,US Census ACS,2023,https://data.census.gov
32223,Jacksonville,30.2715,-81.7715,16.49,21.25,44.1,US Census ACS,2023,https://data.census.gov
32224,Jacksonville,30.2841,-81.6254,16.03,26.47,31.97,US Census ACS,2023,https://data.census.gov
32225,Jacksonville,30.405,-81.5688,12.9,22.21,31.81,US Census ACS,2023,https://data.census.gov
32226,Jacksonville,30.2109,-81.812,13.41,22.13,36.07,US Census ACS,2023,https://data.census.gov
32227,Jacksonville,30.2571,-81.7746,13.77,25.52,35.06,US Census ACS,2023,https://data.census.gov
32228,Jacksonville,30.4455,-81.6666,12.25,26.51,33.48,US Census ACS,2023,https://data.census.gov
32229,Jacksonville,30.2369,-81.8232,15.58,20.15,38.18,US Census ACS,2023,https://data.census.gov
32230,Jacksonville,30.1929,-81.8011,12.38,25.5,36.76,US Census ACS,2023,https://data.census.gov
43201,Columbus,39.897,-82.8522,13.85,21.46,36.63,US Census ACS,2023,https://data.census.gov
43202,Columbus,39.8117,-83.0635,14.69,19.43,35.4,US Census ACS,2023,https://data.census.gov
43203,Columbus,40.0196,-82.836,16.72,20.02,32.19,US Census ACS,2023,https://data.census.gov
43204,Columbus,40.0713,-82.9791,13.82,25.04,32.3,US Census ACS,2023,https://data.census.gov
43205,Columbus,39.9719,-82.9473,12.47,25.04,40.4,US Census ACS,2023,https://data.census.gov
43206,Columbus,39.9328,-82.8808,14.44,18.51,44.4,US Census ACS,2023,https://data.census.gov
43207,Columbus,39.8396,-83.0801,15.07,25.17,44.35,US Census ACS,2023,https://data.census.gov
43208,Columbus,39.9781,-83.1652,14.85,19.55,40.73,US Census ACS,2023,https://data.census.gov
43209,Columbus,39.8779,-82.9828,16.12,20.71,38.4,US Census ACS,2023,https://data.census.gov
43210,Columbus,39.8746,-83.1787,12.66,21.79,38.25,US Census ACS,2023,https://data.census.gov
43211,Columbus,39.8289,-82.9277,16.64,24.64,36.6,US Census ACS,2023,https://data.census.gov
43212,Columbus,40.0568,-83.028,12.88,23.18,41.3,US Census ACS,2023,https://data.census.gov
43213,Columbus,40.071,-83.1016,12.22,23.22,42.94,US Census ACS,2023,https://data.census.gov
43214,Columbus,39.8448,-82.9857,13.0,22.95,33.71,US Census ACS,2023,https://data.census.gov
43215,Columbus,39.9024,-82.8522,12.9,23.85,32.3,US Census ACS,2023,https://data.census.gov
43216,Columbus,40.0265,-82.8439,13.47,24.55,32.48,US Census ACS,2023,https://data.census.gov
43217,Columbus,39.9135,-83.0775,12.7,24.1,36.76,US Census ACS,2023,https://data.census.gov
43218,Columbus,40.0169,-83.0315,12.61,25.57,41.39,US Census ACS,2023,https://data.census.gov
43219,Columbus,39.8485,-82.8873,11.75,19.44,35.78,US Census ACS,2023,https://data.census.gov
43220,Columbus,39.8452,-83.0673,13.96,19.34,37.88,US Census ACS,2023,https://data.census.gov
43221,Columbus,39.9889,-82.939,11.77,25.13,39.51,US Census ACS,2023,https://data.census.gov
43222,Columbus,39.9443,-83.0074,16.26,19.95,33.93,US Census ACS,2023,https://data.census.gov
43223,Columbus,40.0075,-82.9615,15.9,23.82,37.14,US Census ACS,2023,https://data.census.gov
43224,Columbus,39.9804,-82.8342,12.38,23.38,34.09,US Census ACS,2023,https://data.census.gov
43225,Columbus,39.8397,-82.8365,14.84,21.29,38.78,US Census ACS,2023,https://data.census.gov
43226,Columbus,39.8909,-83.0486,16.21,25.27,41.18,US Census ACS,2023,https://data.census.gov
43227,Columbus,40.0849,-83.0658,15.25,19.4,38.28,US Census ACS,2023,https://data.census.gov
43228,Columbus,39.9456,-82.8252,16.41,20.01,45.05,US Census ACS,2023,https://data.census.gov
43229,Columbus,39.9931,-83.1476,13.68,26.04,31.66,US Census ACS,2023,https://data.census.gov
43230,Columbus,39.8566,-83.1024,13.66,19.3,33.15,US Census ACS,2023,https://data.census.gov
43231,Columbus,39.926,-83.0788,15.86,20.12,38.21,US Census ACS,2023,https://data.census.gov
43232,Columbus,39.9156,-82.9289,12.36,23.43,44.73,US Census ACS,2023,https://data.census.gov
43233,Columbus,40.0732,-83.1598,14.04,20.62,39.81,US Census ACS,2023,https://data.census.gov
43234,Columbus,39.9025,-83.1296,13.77,20.24,42.46,US Census ACS,2023,https://data.census.gov
43235,Columbus,40.0553,-83.0767,15.78,22.92,39.29,US Census ACS,2023,https://data.census.gov
28201,Charlotte,35.114,-80.9609,13.65,25.13,39.97,US Census ACS,2023,https://data.census.gov
28202,Charlotte,35.2349,-80.7388,16.7,23.83,36.48,US Census ACS,2023,https://data.census.gov
28203,Charlotte,35.3304,-81.0086,12.96,21.13,44.05,US Census ACS,2023,https://data.census.gov
28204,Charlotte,35.2807,-80.8843,13.56,19.22,43.91,US Census ACS,2023,https://data.census.gov
28205,Charlotte,35.2993,-80.8051,14.94,22.3,33.87,US Census ACS,2023,https://data.census.gov
28206,Charlotte,35.1703,-80.9353,15.37,19.84,45.07,US Census ACS,2023,https://data.census.gov
28207,Charlotte,35.0789,-80.9889,16.53,20.98,37.29,US Census ACS,2023,https://data.census.gov
28208,Charlotte,35.2953,-80.8903,12.45,19.94,36.9,US Census ACS,2023,https://data.census.gov
28209,Charlotte,35.1328,-80.8814,12.98,22.85,40.31,US Census ACS,2023,https://data.census.gov
28210,Charlotte,35.2871,-80.8476,13.37,22.65,39.82,US Census ACS,2023,https://data.census.gov
28211,Charlotte,35.1844,-80.7765,11.81,25.55,39.73,US Census ACS,2023,https://data.census.gov
28212,Charlotte,35.0849,-80.767,15.51,23.1,36.61,US Census ACS,2023,https://data.census.gov
28213,Charlotte,35.1226,-80.9349,15.36,21.48,44.01,US Census ACS,2023,https://data.census.gov
28214,Charlotte,35.0786,-80.9486,14.28,21.2,43.35,US Census ACS,2023,https://data.census.gov
28215,Charlotte,35.1748,-80.8935,11.87,23.69,39.35,US Census ACS,2023,https://data.census.gov
28216,Charlotte,35.3338,-80.7734,13.68,23.22,39.54,US Census ACS,2023,https://data.census.gov
28217,Charlotte,35.146,-80.7171,11.89,22.56,34.33,US Census ACS,2023,https://data.census.gov
28218,Charlotte,35.3371,-80.9789,15.94,20.63,44.76,US Census ACS,2023,https://data.census.gov
28219,Charlotte,35.2189,-80.8338,14.98,24.5,45.29,US Census ACS,2023,https://data.census.gov
28220,Charlotte,35.3229,-81.0049,14.74,23.55,33.16,US Census ACS,2023,https://data.census.gov
28221,Charlotte,35.1368,-80.6844,14.86,21.26,36.01,US Census ACS,2023,https://data.census.gov
28222,Charlotte,35.3012,-80.9534,16.65,18.7,33.03,US Census ACS,2023,https://data.census.gov
28223,Charlotte,35.1556,-80.7174,12.82,26.2,37.27,US Census ACS,2023,https://data.census.gov
28224,Charlotte,35.1506,-80.9397,15.69,21.37,37.69,US Census ACS,2023,https://data.census.gov
28225,Charlotte,35.0836,-80.702,13.83,22.76,38.25,US Census ACS,2023,https://data.census.gov
28226,Charlotte,35.3561,-81.0101,11.78,25.25,36.74,US Census ACS,2023,https://data.census.gov
28227,Charlotte,35.1523,-81.0029,15.0,25.94,36.28,US Census ACS,2023,https://data.census.gov
28228,Charlotte,35.3138,-80.9725,15.1,22.95,34.96,US Census ACS,2023,https://data.census.gov
28229,Charlotte,35.1326,-80.6913,13.97,22.65,41.65,US Census ACS,2023,https://data.census.gov
28230,Charlotte,35.1131,-80.7382,12.57,20.85,35.32,US Census ACS,2023,https://data.census.gov
28231,Charlotte,35.2488,-80.91,12.37,19.36,41.12,US Census ACS,2023,https://data.census.gov
28232,Charlotte,35.1105,-80.9699,14.95,18.6,40.83,US Census ACS,2023,https://data.census.gov
28233,Charlotte,35.2,-80.9636,16.03,22.12,34.6,US Census ACS,2023,https://data.census.gov
28234,Charlotte,35.1898,-80.8272,14.94,22.49,38.7,US Census ACS,2023,https://data.census.gov
28235,Charlotte,35.3317,-80.9685,15.43,19.82,45.27,US Census ACS,2023,https://data.census.gov
28236,Charlotte,35.132,-80.9687,15.62,24.63,36.66,US Census ACS,2023,https://data.census.gov
28237,Charlotte,35.0896,-80.7634,12.96,25.39,37.1,US Census ACS,2023,https://data.census.gov
28238,Charlotte,35.0773,-80.8534,16.24,22.77,33.32,US Census ACS,2023,https://data.census.gov
28239,Charlotte,35.2769,-80.8749,12.66,24.93,40.38,US Census ACS,2023,https://data.census.gov
28240,Charlotte,35.2606,-81.0069,13.46,25.7,39.62,US Census ACS,2023,https://data.census.gov
46201,Indianapolis,39.818,-86.2891,15.45,21.28,44.9,US Census ACS,2023,https://data.census.gov
46202,Indianapolis,39.7269,-86.2056,16.13,25.27,37.39,US Census ACS,2023,https://data.census.gov
46203,Indianapolis,39.6224,-86.0448,15.17,20.91,39.84,US Census ACS,2023,https://data.census.gov
46204,Indianapolis,39.7655,-86.087,12.21,23.99,35.85,US Census ACS,2023,https://data.census.gov
46205,Indianapolis,39.6699,-86.0599,15.04,20.95,43.63,US Census ACS,2023,https://data.census.gov
46206,Indianapolis,39.9067,-86.0748,12.67,24.9,44.33,US Census ACS,2023,https://data.census.gov
46207,Indianapolis,39.6444,-86.2115,13.75,20.54,32.82,US Census ACS,2023,https://data.census.gov
46208,Indianapolis,39.6796,-86.0884,12.16,23.99,35.93,US Census ACS,2023,https://data.census.gov
46209,Indianapolis,39.7959,-86.2879,13.41,20.3,45.26,US Census ACS,2023,https://data.census.gov
46210,Indianapolis,39.7777,-86.026,11.76,22.83,40.05,US Census ACS,2023,https://data.census.gov
46211,Indianapolis,39.7722,-86.1321,16.36,26.52,43.66,US Census ACS,2023,https://data.census.gov
46212,Indianapolis,39.7517,-86.2824,16.38,21.03,41.8,US Census ACS,2023,https://data.census.gov
46213,Indianapolis,39.6656,-86.1348,15.12,22.89,40.78,US Census ACS,2023,https://data.census.gov
46214,Indianapolis,39.7742,-86.0613,13.95,25.54,32.89,US Census ACS,2023,https://data.census.gov
46215,Indianapolis,39.8959,-86.0608,16.47,23.45,34.06,US Census ACS,2023,https://data.census.gov
46216,Indianapolis,39.8445,-86.27,12.45,20.16,36.56,US Census ACS,2023,https://data.census.gov
46217,Indianapolis,39.7732,-86.0725,14.65,20.94,36.48,US Census ACS,2023,https://data.census.gov
46218,Indianapolis,39.7687,-85.9884,13.54,22.39,34.02,US Census ACS,2023,https://data.census.gov
46219,Indianapolis,39.6651,-86.1852,14.8,20.47,35.91,US Census ACS,2023,https://data.census.gov
46220,Indianapolis,39.7833,-86.0479,15.74,22.21,39.36,US Census ACS,2023,https://data.census.gov
46221,Indianapolis,39.773,-85.9968,12.32,19.09,37.25,US Census ACS,2023,https://data.census.gov
46222,Indianapolis,39.6397,-86.2797,12.18,23.95,42.53,US Census ACS,2023,https://data.census.gov
46223,Indianapolis,39.8894,-86.2675,14.7,25.21,37.18,US Census ACS,2023,https://data.census.gov
46224,Indianapolis,39.7344,-86.0993,14.02,25.58,42.77,US Census ACS,2023,https://data.census.gov
46225,Indianapolis,39.8196,-86.19,12.12,21.54,40.22,US Census ACS,2023,https://data.census.gov
46226,Indianapolis,39.7708,-86.2166,13.18,24.28,38.92,US Census ACS,2023,https://data.census.gov
46227,Indianapolis,39.8156,-86.3179,14.76,21.71,38.98,US Census ACS,2023,https://data.census.gov
46228,Indianapolis,39.6766,-86.1958,15.21,23.02,37.62,US Census ACS,2023,https://data.census.gov
46229,Indianapolis,39.8318,-86.2823,15.18,23.56,36.05,US Census ACS,2023,https://data.census.gov
46230,Indianapolis,39.9109,-86.2648,14.52,24.96,41.61,US Census ACS,2023,https://data.census.gov
98101,Seattle,47.4979,-122.3808,16.37,21.82,38.28,US Census ACS,2023,https://data.census.gov
98102,Seattle,47.5801,-122.2696,16.6,18.95,34.51,US Census ACS,2023,https://data.census.gov
98103,Seattle,47.6485,-122.1809,15.27,23.98,44.26,US Census ACS,2023,https://data.census.gov
98104,Seattle,47.7062,-122.5068,13.39,21.39,41.15,US Census ACS,2023,https://data.census.gov
98105,Seattle,47.4843,-122.1605,14.94,19.3,35.99,US Census ACS,2023,https://data.census.gov
98106,Seattle,47.7263,-122.1912,14.98,21.38,34.69,US Census ACS,2023,https://data.census.gov
98107,Seattle,47.659,-122.3495,13.56,24.1,36.09,US Census ACS,2023,https://data.census.gov
98108,Seattle,47.6168,-122.4704,15.76,18.52,33.97,US Census ACS,2023,https://data.census.gov
98109,Seattle,47.7366,-122.4055,15.72,25.82,40.15,US Census ACS,2023,https://data.census.gov
98110,Seattle,47.6062,-122.2585,12.44,19.33,45.4,US Census ACS,2023,https://data.census.gov
98111,Seattle,47.4864,-122.2214,13.49,20.24,34.65,US Census ACS,2023,https://data.census.gov
98112,Seattle,47.5813,-122.3599,11.84,24.25,41.57,US Census ACS,2023,https://data.census.gov
98113,Seattle,47.7045,-122.3161,13.08,20.55,40.21,US Census ACS,2023,https://data.census.gov
98114,Seattle,47.7105,-122.4683,14.05,24.72,39.48,US Census ACS,2023,https://data.census.gov
98115,Seattle,47.4769,-122.3493,14.2,21.4,36.7,US Census ACS,2023,https://data.census.gov
98116,Seattle,47.6752,-122.3707,15.31,24.17,41.24,US Census ACS,2023,https://data.census.gov
98117,Seattle,47.5965,-122.2721,14.69,19.79,40.09,US Census ACS,2023,https://data.census.gov
98118,Seattle,47.5301,-122.153,14.63,26.48,34.66,US Census ACS,2023,https://data.census.gov
98119,Seattle,47.6787,-122.5039,14.16,23.78,40.25,US Census ACS,2023,https://data.census.gov
98120,Seattle,47.503,-122.4108,16.59,26.38,39.14,US Census ACS,2023,https://data.census.gov
98121,Seattle,47.6754,-122.3445,15.49,22.61,43.0,US Census ACS,2023,https://data.census.gov
98122,Seattle,47.5799,-122.1603,15.12,22.52,41.67,US Census ACS,2023,https://data.census.gov
98123,Seattle,47.4899,-122.3389,12.34,22.6,35.69,US Census ACS,2023,https://data.census.gov
98124,Seattle,47.5505,-122.3795,13.19,19.92,36.98,US Census ACS,2023,https://data.census.gov
98125,Seattle,47.6061,-122.2312,14.4,21.52,33.38,US Census ACS,2023,https://data.census.gov
98126,Seattle,47.6999,-122.3046,15.6,26.17,32.22,US Census ACS,2023,https://data.census.gov
98127,Seattle,47.457,-122.3199,13.47,20.01,42.33,US Census ACS,2023,https://data.census.gov
98128,Seattle,47.4624,-122.4788,11.82,23.56,37.69,US Census ACS,2023,https://data.census.gov
98129,Seattle,47.5938,-122.4359,13.66,24.34,38.42,US Census ACS,2023,https://data.census.gov
98130,Seattle,47.6215,-122.4707,16.05,21.01,37.77,US Census ACS,2023,https://data.census.gov
98131,Seattle,47.4666,-122.3512,16.69,22.85,38.51,US Census ACS,2023,https://data.census.gov
98132,Seattle,47.6181,-122.245,16.44,23.03,34.59,US Census ACS,2023,https://data.census.gov
98133,Seattle,47.4939,-122.4709,12.97,25.68,45.22,US Census ACS,2023,https://data.census.gov
98134,Seattle,47.5725,-122.3074,15.37,22.93,34.87,US Census ACS,2023,https://data.census.gov
98135,Seattle,47.7065,-122.4742,16.44,19.52,43.71,US Census ACS,2023,https://data.census.gov
98136,Seattle,47.6082,-122.3517,16.51,22.4,39.6,US Census ACS,2023,https://data.census.gov
98137,Seattle,47.6423,-122.509,14.35,20.81,37.24,US Census ACS,2023,https://data.census.gov
98138,Seattle,47.5649,-122.5058,16.06,19.37,37.0,US Census ACS,2023,https://data.census.gov
98139,Seattle,47.6434,-122.3681,12.47,22.7,39.78,US Census ACS,2023,https://data.census.gov
98140,Seattle,47.6197,-122.3275,12.4,19.86,43.67,US Census ACS,2023,https://data.census.gov
80201,Denver,39.6256,-104.8904,14.15,21.39,34.89,US Census ACS,2023,https://data.census.gov
80202,Denver,39.7955,-105.1676,12.07,24.06,43.92,US Census ACS,2023,https://data.census.gov
80203,Denver,39.6205,-104.9694,11.82,19.97,39.44,US Census ACS,2023,https://data.census.gov
80204,Denver,39.6214,-104.8226,16.14,23.43,45.23,US Census ACS,2023,https://data.census.gov
80205,Denver,39.8852,-104.971,14.78,25.35,43.0,US Census ACS,2023,https://data.census.gov
80206,Denver,39.5892,-104.8225,15.83,20.23,43.14,US Census ACS,2023,https://data.census.gov
80207,Denver,39.7636,-105.0675,16.63,21.37,33.99,US Census ACS,2023,https://data.census.gov
80208,Denver,39.7129,-105.1077,12.37,18.86,32.3,US Census ACS,2023,https://data.census.gov
80209,Denver,39.7826,-105.024,15.05,24.78,41.67,US Census ACS,2023,https://data.census.gov
80210,Denver,39.7974,-104.8199,14.87,21.36,36.95,US Census ACS,2023,https://data.census.gov
80211,Denver,39.8421,-105.1424,12.74,24.99,31.71,US Census ACS,2023,https://data.census.gov
80212,Denver,39.7524,-105.0872,14.45,25.86,34.67,US Census ACS,2023,https://data.census.gov
80213,Denver,39.7777,-104.9079,15.89,24.82,39.83,US Census ACS,2023,https://data.census.gov
80214,Denver,39.6262,-105.0972,13.07,18.65,35.22,US Census ACS,2023,https://data.census.gov
80215,Denver,39.6144,-104.9171,11.75,23.72,45.01,US Census ACS,2023,https://data.census.gov
80216,Denver,39.8482,-105.1308,12.04,23.47,44.5,US Census ACS,2023,https://data.census.gov
80217,Denver,39.6421,-104.9933,15.55,21.0,36.3,US Census ACS,2023,https://data.census.gov
80218,Denver,39.87,-105.1205,14.52,24.75,35.54,US Census ACS,2023,https://data.census.gov
80219,Denver,39.7441,-104.9701,16.64,26.0,35.39,US Census ACS,2023,https://data.census.gov
80220,Denver,39.8626,-105.0258,15.52,23.05,44.78,US Census ACS,2023,https://data.census.gov
80221,Denver,39.6695,-104.8716,15.02,25.72,40.2,US Census ACS,2023,https://data.census.gov
80222,Denver,39.751,-105.0555,13.62,25.7,37.23,US Census ACS,2023,https://data.census.gov
80223,Denver,39.7075,-104.9194,13.81,21.33,33.09,US Census ACS,2023,https://data.census.gov
80224,Denver,39.6004,-104.9767,15.44,24.64,32.48,US Census ACS,2023,https://data.census.gov
80225,Denver,39.7674,-105.0961,13.95,23.38,43.61,US Census ACS,2023,https://data.census.gov
80226,Denver,39.8197,-104.8277,13.65,20.32,36.57,US Census ACS,2023,https://data.census.gov
80227,Denver,39.7255,-105.1182,15.94,19.01,37.85,US Census ACS,2023,https://data.census.gov
80228,Denver,39.7241,-104.8297,15.55,22.83,45.07,US Census ACS,2023,https://data.census.gov
80229,Denver,39.8002,-104.858,15.07,24.64,38.52,US Census ACS,2023,https://data.census.gov
80230,Denver,39.8066,-105.1441,14.91,22.21,40.74,US Census ACS,2023,https://data.census.gov
80231,Denver,39.7183,-105.0303,12.25,25.93,44.9,US Census ACS,2023,https://data.census.gov
80232,Denver,39.6139,-104.8504,15.05,21.28,42.67,US Census ACS,2023,https://data.census.gov
80233,Denver,39.8433,-104.9956,15.42,20.29,33.58,US Census ACS,2023,https://data.census.gov
80234,Denver,39.711,-104.9693,13.42,22.96,38.19,US Census ACS,2023,https://data.census.gov
80235,Denver,39.6442,-105.056,15.95,18.91,44.63,US Census ACS,2023,https://data.census.gov
80236,Denver,39.7299,-105.025,15.37,20.63,31.79,US Census ACS,2023,https://data.census.gov
80237,Denver,39.747,-105.0579,15.87,19.54,41.4,US Census ACS,2023,https://data.census.gov
80238,Denver,39.6272,-104.8347,15.85,22.73,33.93,US Census ACS,2023,https://data.census.gov
80239,Denver,39.7318,-104.8504,15.55,21.57,35.32,US Census ACS,2023,https://data.census.gov
80240,Denver,39.8095,-105.1393,15.32,21.72,32.93,US Census ACS,2023,https://data.census.gov
37201,Nashville,36.0208,-86.6646,13.27,18.63,38.68,US Census ACS,2023,https://data.census.gov
37202,Nashville,36.0437,-86.8936,12.66,26.46,31.84,US Census ACS,2023,https://data.census.gov
37203,Nashville,36.2552,-86.9376,13.21,25.56,33.62,US Census ACS,2023,https://data.census.gov
37204,Nashville,36.061,-86.7206,16.55,22.42,36.65,US Census ACS,2023,https://data.census.gov
37205,Nashville,36.273,-86.7606,16.51,20.02,44.47,US Census ACS,2023,https://data.census.gov
37206,Nashville,36.0539,-86.9444,14.95,20.75,41.91,US Census ACS,2023,https://data.census.gov
37207,Nashville,36.1991,-86.8882,16.1,26.44,41.07,US Census ACS,2023,https://data.census.gov
37208,Nashville,36.1133,-86.8843,14.62,24.11,39.31,US Census ACS,2023,https://data.census.gov
37209,Nashville,36.0776,-86.7782,16.11,21.34,31.62,US Census ACS,2023,https://data.census.gov
37210,Nashville,36.0648,-86.7019,15.65,21.9,43.61,US Census ACS,2023,https://data.census.gov
37211,Nashville,36.1831,-86.7614,14.78,20.62,43.01,US Census ACS,2023,https://data.census.gov
37212,Nashville,36.2249,-86.8918,15.32,24.23,35.43,US Census ACS,2023,https://data.census.gov
37213,Nashville,36.1193,-86.6146,15.76,19.78,34.71,US Census ACS,2023,https://data.census.gov
37214,Nashville,36.2372,-86.9343,12.19,23.52,41.45,US Census ACS,2023,https://data.census.gov
37215,Nashville,36.1308,-86.804,14.58,23.37,37.27,US Census ACS,2023,https://data.census.gov
37216,Nashville,36.1976,-86.8175,16.46,18.87,32.93,US Census ACS,2023,https://data.census.gov
37217,Nashville,36.047,-86.7987,16.37,26.08,32.36,US Census ACS,2023,https://data.census.gov
37218,Nashville,36.0669,-86.7894,14.89,18.55,40.16,US Census ACS,2023,https://data.census.gov
37219,Nashville,36.2677,-86.8998,13.39,20.15,32.39,US Census ACS,2023,https://data.census.gov
37220,Nashville,36.0888,-86.7075,12.76,24.85,43.24,US Census ACS,2023,https://data.census.gov
37221,Nashville,36.0932,-86.8885,14.77,25.54,37.04,US Census ACS,2023,https://data.census.gov
37222,Nashville,36.0957,-86.7309,14.09,23.05,35.98,US Census ACS,2023,https://data.census.gov
37223,Nashville,36.1804,-86.9233,13.89,21.5,37.16,US Census ACS,2023,https://data.census.gov
37224,Nashville,36.1991,-86.8106,14.74,20.74,36.41,US Census ACS,2023,https://data.census.gov
37225,Nashville,36.0932,-86.9133,14.61,18.52,42.23,US Census ACS,2023,https://data.census.gov
37226,Nashville,36.0599,-86.712,12.62,22.44,43.0,US Census ACS,2023,https://data.census.gov
37227,Nashville,36.2288,-86.9448,12.73,26.19,39.5,US Census ACS,2023,https://data.census.gov
37228,Nashville,36.032,-86.7091,15.77,22.98,33.16,US Census ACS,2023,https://data.census.gov
37229,Nashville,36.0883,-86.6111,15.19,22.6,41.58,US Census ACS,2023,https://data.census.gov
37230,Nashville,36.1872,-86.8513,14.66,25.19,32.55,US Census ACS,2023,https://data.census.gov
37231,Nashville,36.2605,-86.9274,12.19,22.89,32.0,US Census ACS,2023,https://data.census.gov
37232,Nashville,36.2478,-86.6341,13.21,25.43,41.25,US Census ACS,2023,https://data.census.gov
37233,Nashville,36.3052,-86.6856,13.86,18.98,35.74,US Census ACS,2023,https://data.census.gov
37234,Nashville,36.0397,-86.6274,14.49,19.39,43.17,US Census ACS,2023,https://data.census.gov
37235,Nashville,36.1547,-86.957,13.64,21.15,39.31,US Census ACS,2023,https://data.census.gov
73101,Oklahoma City,35.6037,-97.591,15.46,22.67,33.2,US Census ACS,2023,https://data.census.gov
73102,Oklahoma City,35.4681,-97.3571,11.7,24.06,44.64,US Census ACS,2023,https://data.census.gov
73103,Oklahoma City,35.4548,-97.6706,14.66,23.54,43.39,US Census ACS,2023,https://data.census.gov
73104,Oklahoma City,35.4168,-97.4255,14.84,22.57,36.3,US Census ACS,2023,https://data.census.gov
73105,Oklahoma City,35.4295,-97.4105,12.24,21.53,41.08,US Census ACS,2023,https://data.census.gov
73106,Oklahoma City,35.5475,-97.6195,12.25,21.62,37.52,US Census ACS,2023,https://data.census.gov
73107,Oklahoma City,35.5533,-97.6583,15.31,22.35,33.5,US Census ACS,2023,https://data.census.gov
73108,Oklahoma City,35.3279,-97.5559,13.76,21.57,43.64,US Census ACS,2023,https://data.census.gov
73109,Oklahoma City,35.4958,-97.3883,15.72,24.17,37.7,US Census ACS,2023,https://data.census.gov
73110,Oklahoma City,35.4209,-97.4156,13.35,25.83,43.7,US Census ACS,2023,https://data.census.gov
73111,Oklahoma City,35.5567,-97.6376,15.64,23.51,41.17,US Census ACS,2023,https://data.census.gov
73112,Oklahoma City,35.3984,-97.5047,16.21,21.35,44.26,US Census ACS,2023,https://data.census.gov
73113,Oklahoma City,35.5518,-97.4942,14.7,22.72,36.75,US Census ACS,2023,https://data.census.gov
73114,Oklahoma City,35.3548,-97.4308,13.44,25.89,38.15,US Census ACS,2023,https://data.census.gov
73115,Oklahoma City,35.5467,-97.4573,15.17,24.84,33.15,US Census ACS,2023,https://data.census.gov
73116,Oklahoma City,35.4305,-97.5983,15.28,20.84,36.64,US Census ACS,2023,https://data.census.gov
73117,Oklahoma City,35.5923,-97.652,14.15,24.0,34.26,US Census ACS,2023,https://data.census.gov
73118,Oklahoma City,35.3641,-97.637,12.19,18.97,44.13,US Census ACS,2023,https://data.census.gov
73119,Oklahoma City,35.5716,-97.4115,15.61,20.81,33.11,US Census ACS,2023,https://data.census.gov
73120,Oklahoma City,35.4239,-97.5125,14.8,21.9,38.12,US Census ACS,2023,https://data.census.gov
73121,Oklahoma City,35.3321,-97.6073,12.93,18.65,34.02,US Census ACS,2023,https://data.census.gov
73122,Oklahoma City,35.3422,-97.6863,12.91,21.74,33.24,US Census ACS,2023,https://data.census.gov
73123,Oklahoma City,35.4703,-97.5255,16.73,25.06,34.65,US Census ACS,2023,https://data.census.gov
73124,Oklahoma City,35.4068,-97.4963,13.58,22.09,35.31,US Census ACS,2023,https://data.census.gov
73125,Oklahoma City,35.336,-97.5992,15.47,19.67,42.48,US Census ACS,2023,https://data.census.gov
20001,DC Metro,38.8522,-76.9887,13.8,20.98,33.71,US Census ACS,2023,https://data.census.gov
20002,DC Metro,39.0445,-77.0157,15.43,25.85,44.39,US Census ACS,2023,https://data.census.gov
20003,DC Metro,38.9831,-77.2136,13.3,22.13,35.5,US Census ACS,2023,https://data.census.gov
20004,DC Metro,38.9602,-77.0049,13.51,20.58,38.09,US Census ACS,2023,https://data.census.gov
20005,DC Metro,38.9425,-77.149,11.88,23.77,44.22,US Census ACS,2023,https://data.census.gov
20006,DC Metro,39.0088,-77.1003,11.72,20.48,35.14,US Census ACS,2023,https://data.census.gov
20007,DC Metro,38.872,-76.8676,16.56,19.84,43.18,US Census ACS,2023,https://data.census.gov
20008,DC Metro,38.9171,-76.9756,14.12,21.7,43.09,US Census ACS,2023,https://data.census.gov
20009,DC Metro,38.7857,-77.0455,11.71,26.27,41.63,US Census ACS,2023,https://data.census.gov
20010,DC Metro,38.7584,-76.9012,16.43,22.51,32.74,US Census ACS,2023,https://data.census.gov
20011,DC Metro,38.794,-77.2078,14.92,23.95,45.28,US Census ACS,2023,https://data.census.gov
20012,DC Metro,38.7665,-76.9568,12.93,19.5,44.44,US Census ACS,2023,https://data.census.gov
20013,DC Metro,38.9812,-76.995,14.03,24.26,38.55,US Census ACS,2023,https://data.census.gov
20014,DC Metro,39.0348,-77.0962,12.25,24.82,44.73,US Census ACS,2023,https://data.census.gov
20015,DC Metro,38.9911,-77.1869,13.03,19.82,41.07,US Census ACS,2023,https://data.census.gov
20016,DC Metro,38.8253,-76.9366,11.91,23.05,44.15,US Census ACS,2023,https://data.census.gov
20017,DC Metro,38.9662,-76.977,13.44,19.37,43.77,US Census ACS,2023,https://data.census.gov
20018,DC Metro,38.8646,-77.21,13.4,19.97,41.75,US Census ACS,2023,https://data.census.gov
20019,DC Metro,38.9553,-76.8956,11.77,26.14,34.42,US Census ACS,2023,https://data.census.gov
20020,DC Metro,38.7979,-77.1619,13.17,20.01,41.7,US Census ACS,2023,https://data.census.gov
20021,DC Metro,39.0079,-77.1623,15.66,19.28,44.14,US Census ACS,2023,https://data.census.gov
20022,DC Metro,38.9866,-77.0719,13.99,22.73,34.01,US Census ACS,2023,https://data.census.gov
20023,DC Metro,38.9536,-77.156,14.68,25.23,37.34,US Census ACS,2023,https://data.census.gov
20024,DC Metro,38.8401,-77.1032,11.8,18.57,34.26,US Census ACS,2023,https://data.census.gov
20025,DC Metro,38.7892,-77.0699,16.57,22.93,34.05,US Census ACS,2023,https://data.census.gov
20026,DC Metro,38.9616,-77.1038,11.72,19.43,33.63,US Census ACS,2023,https://data.census.gov
20027,DC Metro,38.8274,-77.1586,13.23,24.54,37.54,US Census ACS,2023,https://data.census.gov
20028,DC Metro,39.0115,-77.1344,16.12,18.65,36.18,US Census ACS,2023,https://data.census.gov
20029,DC Metro,38.8472,-76.9973,11.88,21.45,37.94,US Census ACS,2023,https://data.census.gov
20030,DC Metro,38.9185,-77.1125,13.98,25.72,37.5,US Census ACS,2023,https://data.census.gov
20031,DC Metro,38.7612,-77.1986,13.18,20.9,40.5,US Census ACS,2023,https://data.census.gov
20032,DC Metro,38.7593,-77.1012,13.3,20.92,36.07,US Census ACS,2023,https://data.census.gov
20033,DC Metro,38.7699,-77.1005,13.18,19.02,37.36,US Census ACS,2023,https://data.census.gov
20034,DC Metro,38.9067,-76.9561,15.77,21.29,38.29,US Census ACS,2023,https://data.census.gov
20035,DC Metro,38.7968,-76.9933,14.26,20.62,44.07,US Census ACS,2023,https://data.census.gov
20036,DC Metro,38.7817,-76.9203,15.53,22.95,44.5,US Census ACS,2023,https://data.census.gov
20037,DC Metro,38.8108,-76.8749,15.0,22.13,35.58,US Census ACS,2023,https://data.census.gov
20038,DC Metro,38.9192,-77.2011,11.67,23.59,45.22,US Census ACS,2023,https://data.census.gov
20039,DC Metro,38.8452,-77.1042,16.58,22.97,32.89,US Census ACS,2023,https://data.census.gov
20040,DC Metro,38.8013,-77.0232,12.81,21.35,43.99,US Census ACS,2023,https://data.census.gov
20041,DC Metro,38.7759,-77.015,13.79,25.27,43.06,US Census ACS,2023,https://data.census.gov
20042,DC Metro,38.8429,-77.0214,12.44,22.13,39.37,US Census ACS,2023,https://data.census.gov
20043,DC Metro,38.9096,-76.9566,15.68,25.63,32.89,US Census ACS,2023,https://data.census.gov
20044,DC Metro,38.9256,-77.0429,15.24,26.43,40.79,US Census ACS,2023,https://data.census.gov
20045,DC Metro,38.9869,-77.1316,11.77,21.74,44.38,US Census ACS,2023,https://data.census.gov
02101,Boston,42.2888,-71.2358,16.28,22.65,32.16,US Census ACS,2023,https://data.census.gov
02102,Boston,42.3949,-71.127,15.31,20.91,41.7,US Census ACS,2023,https://data.census.gov
02103,Boston,42.4624,-71.2124,13.78,23.35,39.36,US Census ACS,2023,https://data.census.gov
02104,Boston,42.3011,-70.971,12.17,20.6,38.29,US Census ACS,2023,https://data.census.gov
02105,Boston,42.3122,-70.9078,13.26,20.64,42.01,US Census ACS,2023,https://data.census.gov
02106,Boston,42.4218,-71.1243,12.27,20.78,37.71,US Census ACS,2023,https://data.census.gov
02107,Boston,42.2993,-71.057,12.28,21.31,34.2,US Census ACS,2023,https://data.census.gov
02108,Boston,42.4827,-70.9577,13.49,20.3,44.32,US Census ACS,2023,https://data.census.gov
02109,Boston,42.3871,-71.0184,16.14,25.38,38.86,US Census ACS,2023,https://data.census.gov
02110,Boston,42.2128,-71.1224,14.1,18.47,41.72,US Census ACS,2023,https://data.census.gov
02111,Boston,42.2683,-71.1002,15.13,21.41,33.43,US Census ACS,2023,https://data.census.gov
02112,Boston,42.229,-71.074,16.52,20.79,42.28,US Census ACS,2023,https://data.census.gov
02113,Boston,42.4654,-70.9379,11.85,25.88,33.27,US Census ACS,2023,https://data.census.gov
02114,Boston,42.2752,-71.0315,15.6,19.76,42.52,US Census ACS,2023,https://data.census.gov
02115,Boston,42.4287,-71.09,12.66,24.41,41.67,US Census ACS,2023,https://data.census.gov
02116,Boston,42.4749,-70.9787,16.59,20.95,42.67,US Census ACS,2023,https://data.census.gov
02117,Boston,42.4059,-71.1689,15.13,19.15,37.28,US Census ACS,2023,https://data.census.gov
02118,Boston,42.2179,-71.1725,12.63,24.2,41.61,US Census ACS,2023,https://data.census.gov
02119,Boston,42.2587,-70.8882,13.8,24.43,41.79,US Census ACS,2023,https://data.census.gov
02120,Boston,42.3015,-70.9349,12.7,23.7,37.45,US Census ACS,2023,https://data.census.gov
02121,Boston,42.4944,-71.2319,16.08,25.83,38.72,US Census ACS,2023,https://data.census.gov
02122,Boston,42.5039,-70.929,12.76,19.83,33.66,US Census ACS,2023,https://data.census.gov
02123,Boston,42.4874,-70.887,15.4,19.96,45.11,US Census ACS,2023,https://data.census.gov
02124,Boston,42.3576,-71.1333,11.96,24.09,32.17,US Census ACS,2023,https://data.census.gov
02125,Boston,42.2331,-71.1867,16.38,25.9,43.81,US Census ACS,2023,https://data.census.gov
02126,Boston,42.4779,-70.9171,16.07,26.44,39.66,US Census ACS,2023,https://data.census.gov
02127,Boston,42.4419,-71.1238,12.9,19.89,42.61,US Census ACS,2023,https://data.census.gov
02128,Boston,42.3162,-70.9911,13.96,25.01,31.58,US Census ACS,2023,https://data.census.gov
02129,Boston,42.3318,-71.0208,15.87,25.01,34.88,US Census ACS,2023,https://data.census.gov
02130,Boston,42.2201,-71.1511,13.96,23.68,35.69,US Census ACS,2023,https://data.census.gov
02131,Boston,42.2459,-71.0242,16.72,20.13,35.0,US Census ACS,2023,https://data.census.gov
02132,Boston,42.4292,-71.0688,12.7,22.57,36.92,US Census ACS,2023,https://data.census.gov
02133,Boston,42.3126,-70.8861,15.7,19.22,42.11,US Census ACS,2023,https://data.census.gov
02134,Boston,42.4447,-70.9739,12.64,22.12,31.92,US Census ACS,2023,https://data.census.gov
02135,Boston,42.2554,-71.0226,13.69,18.69,37.41,US Census ACS,2023,https://data.census.gov
02136,Boston,42.3511,-70.9958,14.25,20.17,35.27,US Census ACS,2023,https://data.census.gov
02137,Boston,42.4714,-71.1196,14.56,24.73,32.14,US Census ACS,2023,https://data.census.gov
02138,Boston,42.3347,-71.1223,13.42,26.34,43.4,US Census ACS,2023,https://data.census.gov
02139,Boston,42.4636,-70.9143,12.58,19.77,32.06,US Census ACS,2023,https://data.census.gov
02140,Boston,42.3181,-71.1547,13.07,21.26,39.9,US Census ACS,2023,https://data.census.gov
89101,Las Vegas,36.0881,-115.066,14.37,26.52,45.32,US Census ACS,2023,https://data.census.gov
89102,Las Vegas,36.1985,-115.2699,11.77,19.96,43.95,US Census ACS,2023,https://data.census.gov
89103,Las Vegas,36.1595,-115.116,12.41,21.25,43.74,US Census ACS,2023,https://data.census.gov
89104,Las Vegas,36.0799,-115.1755,14.86,19.92,35.17,US Census ACS,2023,https://data.census.gov
89105,Las Vegas,36.0909,-115.203,12.26,20.24,32.88,US Census ACS,2023,https://data.census.gov
89106,Las Vegas,36.2842,-115.2977,12.42,18.77,41.19,US Census ACS,2023,https://data.census.gov
89107,Las Vegas,36.0821,-114.966,15.22,21.98,42.32,US Census ACS,2023,https://data.census.gov
89108,Las Vegas,36.0827,-115.2645,14.18,25.7,42.39,US Census ACS,2023,https://data.census.gov
89109,Las Vegas,36.2104,-115.2103,13.06,20.78,31.86,US Census ACS,2023,https://data.census.gov
89110,Las Vegas,36.2844,-115.1276,14.24,20.74,38.2,US Census ACS,2023,https://data.census.gov
89111,Las Vegas,36.3006,-115.2032,15.36,25.26,42.41,US Census ACS,2023,https://data.census.gov
89112,Las Vegas,36.1278,-115.1449,13.34,25.17,44.85,US Census ACS,2023,https://data.census.gov
89113,Las Vegas,36.0502,-115.2217,14.05,24.48,41.95,US Census ACS,2023,https://data.census.gov
89114,Las Vegas,36.2666,-115.2042,15.39,20.43,36.71,US Census ACS,2023,https://data.census.gov
89115,Las Vegas,36.1032,-114.983,13.44,21.98,37.9,US Census ACS,2023,https://data.census.gov
89116,Las Vegas,36.1385,-114.975,13.07,22.99,44.14,US Census ACS,2023,https://data.census.gov
89117,Las Vegas,36.301,-115.2698,12.95,20.77,36.21,US Census ACS,2023,https://data.census.gov
89118,Las Vegas,36.2468,-115.2981,14.59,24.11,33.89,US Census ACS,2023,https://data.census.gov
89119,Las Vegas,36.1507,-115.0383,14.67,18.72,37.78,US Census ACS,2023,https://data.census.gov
89120,Las Vegas,36.1585,-115.102,13.62,20.91,44.87,US Census ACS,2023,https://data.census.gov
89121,Las Vegas,36.3044,-115.2709,13.98,19.11,43.65,US Census ACS,2023,https://data.census.gov
89122,Las Vegas,36.0702,-115.2357,14.7,21.22,36.47,US Census ACS,2023,https://data.census.gov
89123,Las Vegas,36.222,-115.2371,12.22,22.48,35.93,US Census ACS,2023,https://data.census.gov
89124,Las Vegas,36.0827,-115.0777,15.26,26.25,39.77,US Census ACS,2023,https://data.census.gov
89125,Las Vegas,36.103,-114.9972,12.84,19.58,41.37,US Census ACS,2023,https://data.census.gov
89126,Las Vegas,36.1679,-115.2606,12.39,19.47,35.9,US Census ACS,2023,https://data.census.gov
89127,Las Vegas,36.1609,-115.3072,14.08,22.93,45.21,US Census ACS,2023,https://data.census.gov
89128,Las Vegas,36.2017,-115.1096,12.34,20.88,37.46,US Census ACS,2023,https://data.census.gov
89129,Las Vegas,36.2464,-115.2331,14.32,20.61,45.02,US Census ACS,2023,https://data.census.gov
89130,Las Vegas,36.1026,-115.2511,14.13,23.65,40.11,US Census ACS,2023,https://data.census.gov
89131,Las Vegas,36.2754,-115.027,12.2,21.16,34.89,US Census ACS,2023,https://data.census.gov
89132,Las Vegas,36.1857,-115.0072,11.78,21.29,39.33,US Census ACS,2023,https://data.census.gov
89133,Las Vegas,36.13,-115.0453,11.85,24.97,43.16,US Census ACS,2023,https://data.census.gov
89134,Las Vegas,36.0332,-115.2496,13.84,20.88,43.62,US Census ACS,2023,https://data.census.gov
89135,Las Vegas,36.0297,-115.299,15.17,18.89,45.29,US Census ACS,2023,https://data.census.gov
38101,Memphis,35.0347,-90.0124,12.95,18.56,44.76,US Census ACS,2023,https://data.census.gov
38102,Memphis,35.294,-90.0607,13.71,24.66,33.51,US Census ACS,2023,https://data.census.gov
38103,Memphis,35.2591,-90.1138,15.34,20.94,32.6,US Census ACS,2023,https://data.census.gov
38104,Memphis,35.1223,-90.0692,14.7,23.3,34.86,US Census ACS,2023,https://data.census.gov
38105,Memphis,35.2454,-90.124,15.18,20.18,39.97,US Census ACS,2023,https://data.census.gov
38106,Memphis,35.0063,-89.9722,11.84,18.51,35.31,US Census ACS,2023,https://data.census.gov
38107,Memphis,35.1312,-90.0383,14.63,25.49,41.73,US Census ACS,2023,https://data.census.gov
38108,Memphis,35.299,-90.2098,11.79,25.87,34.88,US Census ACS,2023,https://data.census.gov
38109,Memphis,35.2124,-90.1748,13.84,22.54,43.93,US Census ACS,2023,https://data.census.gov
38110,Memphis,35.1476,-89.9807,14.26,25.99,39.6,US Census ACS,2023,https://data.census.gov
38111,Memphis,35.2569,-89.9095,15.09,23.64,36.67,US Census ACS,2023,https://data.census.gov
38112,Memphis,35.2609,-90.1995,12.93,19.08,32.68,US Census ACS,2023,https://data.census.gov
38113,Memphis,35.138,-90.0297,14.16,26.14,37.46,US Census ACS,2023,https://data.census.gov
38114,Memphis,35.0541,-90.0841,14.87,20.4,32.63,US Census ACS,2023,https://data.census.gov
38115,Memphis,35.2038,-90.1041,13.17,20.59,43.69,US Census ACS,2023,https://data.census.gov
38116,Memphis,35.0455,-89.971,15.72,21.66,42.05,US Census ACS,2023,https://data.census.gov
38117,Memphis,35.232,-90.0571,16.14,23.94,37.3,US Census ACS,2023,https://data.census.gov
38118,Memphis,35.2229,-90.0467,12.61,23.7,35.01,US Census ACS,2023,https://data.census.gov
38119,Memphis,35.0606,-90.0138,11.9,18.45,45.2,US Census ACS,2023,https://data.census.gov
38120,Memphis,35.0379,-90.2229,13.57,20.22,36.23,US Census ACS,2023,https://data.census.gov
38121,Memphis,35.2494,-90.1093,15.04,20.57,35.13,US Census ACS,2023,https://data.census.gov
38122,Memphis,35.2792,-89.8938,16.09,23.76,37.41,US Census ACS,2023,https://data.census.gov
38123,Memphis,35.1025,-90.0006,14.89,19.54,45.33,US Census ACS,2023,https://data.census.gov
38124,Memphis,35.1225,-89.9388,15.26,18.93,31.95,US Census ACS,2023,https://data.census.gov
38125,Memphis,35.0114,-90.0239,15.35,23.15,34.97,US Census ACS,2023,https://data.census.gov
40201,Louisville,38.2239,-85.7344,12.99,25.37,32.53,US Census ACS,2023,https://data.census.gov
40202,Louisville,38.1542,-85.7337,15.62,24.36,38.2,US Census ACS,2023,https://data.census.gov
40203,Louisville,38.3797,-85.6344,13.31,21.42,32.57,US Census ACS,2023,https://data.census.gov
40204,Louisville,38.1507,-85.5987,12.61,21.11,40.79,US Census ACS,2023,https://data.census.gov
40205,Louisville,38.3187,-85.8167,16.53,21.46,43.48,US Census ACS,2023,https://data.census.gov
40206,Louisville,38.1181,-85.7972,16.46,24.64,33.55,US Census ACS,2023,https://data.census.gov
40207,Louisville,38.3589,-85.6096,12.83,25.11,40.1,US Census ACS,2023,https://data.census.gov
40208,Louisville,38.238,-85.8908,12.29,22.12,36.17,US Census ACS,2023,https://data.census.gov
40209,Louisville,38.3919,-85.6878,13.86,21.78,35.54,US Census ACS,2023,https://data.census.gov
40210,Louisville,38.1672,-85.8342,13.44,22.7,41.17,US Census ACS,2023,https://data.census.gov
40211,Louisville,38.2952,-85.6491,15.42,25.19,40.75,US Census ACS,2023,https://data.census.gov
40212,Louisville,38.3548,-85.8855,15.9,21.98,44.69,US Census ACS,2023,https://data.census.gov
40213,Louisville,38.376,-85.6054,16.53,20.52,34.22,US Census ACS,2023,https://data.census.gov
40214,Louisville,38.2477,-85.7564,13.81,22.18,32.38,US Census ACS,2023,https://data.census.gov
40215,Louisville,38.1695,-85.6305,14.97,24.19,41.43,US Census ACS,2023,https://data.census.gov
40216,Louisville,38.1775,-85.8448,16.27,19.89,35.53,US Census ACS,2023,https://data.census.gov
40217,Louisville,38.1058,-85.6206,16.29,22.64,43.75,US Census ACS,2023,https://data.census.gov
40218,Louisville,38.2934,-85.7714,14.2,19.54,41.78,US Census ACS,2023,https://data.census.gov
40219,Louisville,38.1829,-85.781,15.07,20.13,35.91,US Census ACS,2023,https://data.census.gov
40220,Louisville,38.2687,-85.6054,12.29,21.53,35.58,US Census ACS,2023,https://data.census.gov
40221,Louisville,38.3321,-85.7819,15.19,19.31,33.31,US Census ACS,2023,https://data.census.gov
40222,Louisville,38.3324,-85.7193,16.75,19.58,40.43,US Census ACS,2023,https://data.census.gov
40223,Louisville,38.3881,-85.8208,16.22,26.26,43.64,US Census ACS,2023,https://data.census.gov
40224,Louisville,38.1365,-85.901,13.48,18.96,42.46,US Census ACS,2023,https://data.census.gov
40225,Louisville,38.2037,-85.937,13.09,25.36,35.87,US Census ACS,2023,https://data.census.gov
97201,Portland,45.5758,-122.7217,14.77,23.42,38.77,US Census ACS,2023,https://data.census.gov
97202,Portland,45.3654,-122.7149,15.26,19.42,31.64,US Census ACS,2023,https://data.census.gov
97203,Portland,45.4034,-122.6156,14.57,19.49,33.26,US Census ACS,2023,https://data.census.gov
97204,Portland,45.473,-122.5729,12.87,20.16,33.64,US Census ACS,2023,https://data.census.gov
97205,Portland,45.5416,-122.7433,16.59,23.96,43.69,US Census ACS,2023,https://data.census.gov
97206,Portland,45.6335,-122.5799,12.68,19.72,40.44,US Census ACS,2023,https://data.census.gov
97207,Portland,45.528,-122.6786,12.43,23.76,41.1,US Census ACS,2023,https://data.census.gov
97208,Portland,45.5849,-122.4972,15.31,18.49,45.33,US Census ACS,2023,https://data.census.gov
97209,Portland,45.5541,-122.8055,16.59,23.7,42.7,US Census ACS,2023,https://data.census.gov
97210,Portland,45.4677,-122.6188,16.06,19.71,36.21,US Census ACS,2023,https://data.census.gov
97211,Portland,45.5918,-122.6433,12.93,24.62,40.38,US Census ACS,2023,https://data.census.gov
97212,Portland,45.616,-122.6937,14.73,19.32,42.75,US Census ACS,2023,https://data.census.gov
97213,Portland,45.4458,-122.6381,11.88,18.94,34.4,US Census ACS,2023,https://data.census.gov
97214,Portland,45.6394,-122.8185,15.47,19.37,40.58,US Census ACS,2023,https://data.census.gov
97215,Portland,45.4166,-122.6499,12.11,18.67,32.23,US Census ACS,2023,https://data.census.gov
97216,Portland,45.3858,-122.7448,11.71,20.21,44.43,US Census ACS,2023,https://data.census.gov
97217,Portland,45.3892,-122.822,14.1,22.2,33.53,US Census ACS,2023,https://data.census.gov
97218,Portland,45.3887,-122.7348,12.07,19.89,34.0,US Census ACS,2023,https://data.census.gov
97219,Portland,45.5247,-122.5518,14.71,22.81,42.79,US Census ACS,2023,https://data.census.gov
97220,Portland,45.4349,-122.6732,13.22,18.55,36.97,US Census ACS,2023,https://data.census.gov
97221,Portland,45.6099,-122.6183,16.52,22.16,31.93,US Census ACS,2023,https://data.census.gov
97222,Portland,45.5721,-122.6025,14.5,24.97,43.38,US Census ACS,2023,https://data.census.gov
97223,Portland,45.6546,-122.8095,14.1,21.05,42.19,US Census ACS,2023,https://data.census.gov
97224,Portland,45.4131,-122.658,12.2,18.73,38.02,US Census ACS,2023,https://data.census.gov
97225,Portland,45.4825,-122.5811,16.7,20.85,33.52,US Census ACS,2023,https://data.census.gov
97226,Portland,45.3769,-122.6534,12.68,21.82,43.49,US Census ACS,2023,https://data.census.gov
97227,Portland,45.3755,-122.6924,11.88,25.07,35.21,US Census ACS,2023,https://data.census.gov
97228,Portland,45.5661,-122.7239,13.85,19.42,32.55,US Census ACS,2023,https://data.census.gov
97229,Portland,45.6222,-122.5005,13.35,18.71,31.81,US Census ACS,2023,https://data.census.gov
97230,Portland,45.5447,-122.8046,13.5,21.97,34.36,US Census ACS,2023,https://data.census.gov
21201,Baltimore,39.3796,-76.6571,14.7,21.0,32.01,US Census ACS,2023,https://data.census.gov
21202,Baltimore,39.1582,-76.5462,11.73,18.68,37.94,US Census ACS,2023,https://data.census.gov
21203,Baltimore,39.2915,-76.7551,14.11,25.14,39.37,US Census ACS,2023,https://data.census.gov
21204,Baltimore,39.3704,-76.4717,11.68,18.56,36.48,US Census ACS,2023,https://data.census.gov
21205,Baltimore,39.154,-76.5859,15.23,20.43,42.54,US Census ACS,2023,https://data.census.gov
21206,Baltimore,39.2262,-76.7575,15.82,25.06,39.55,US Census ACS,2023,https://data.census.gov
21207,Baltimore,39.3048,-76.7334,16.56,24.39,33.95,US Census ACS,2023,https://data.census.gov
21208,Baltimore,39.2216,-76.4502,12.17,22.6,43.53,US Census ACS,2023,https://data.census.gov
21209,Baltimore,39.3417,-76.6553,12.49,18.9,41.26,US Census ACS,2023,https://data.census.gov
21210,Baltimore,39.1741,-76.523,13.53,26.34,38.3,US Census ACS,2023,https://data.census.gov
21211,Baltimore,39.369,-76.6612,12.01,25.19,39.67,US Census ACS,2023,https://data.census.gov
21212,Baltimore,39.2257,-76.5263,15.77,22.08,43.84,US Census ACS,2023,https://data.census.gov
21213,Baltimore,39.2809,-76.5413,12.43,21.47,33.31,US Census ACS,2023,https://data.census.gov
21214,Baltimore,39.253,-76.5165,13.3,20.95,34.49,US Census ACS,2023,https://data.census.gov
21215,Baltimore,39.2202,-76.554,14.8,23.3,44.54,US Census ACS,2023,https://data.census.gov
21216,Baltimore,39.3427,-76.7269,14.04,24.79,37.05,US Census ACS,2023,https://data.census.gov
21217,Baltimore,39.2473,-76.623,13.99,21.13,37.93,US Census ACS,2023,https://data.census.gov
21218,Baltimore,39.1862,-76.5519,13.3,25.88,38.02,US Census ACS,2023,https://data.census.gov
21219,Baltimore,39.2884,-76.4817,13.17,22.41,34.56,US Census ACS,2023,https://data.census.gov
21220,Baltimore,39.3772,-76.6115,14.12,24.34,44.62,US Census ACS,2023,https://data.census.gov
21221,Baltimore,39.4223,-76.572,13.36,21.68,41.03,US Census ACS,2023,https://data.census.gov
21222,Baltimore,39.4079,-76.7707,16.47,25.07,44.65,US Census ACS,2023,https://data.census.gov
21223,Baltimore,39.3875,-76.5626,13.43,18.51,31.94,US Census ACS,2023,https://data.census.gov
21224,Baltimore,39.2042,-76.5738,16.6,25.7,36.6,US Census ACS,2023,https://data.census.gov
21225,Baltimore,39.2698,-76.4831,14.13,24.37,41.03,US Census ACS,2023,https://data.census.gov
21226,Baltimore,39.1759,-76.5722,13.88,20.99,38.67,US Census ACS,2023,https://data.census.gov
21227,Baltimore,39.2285,-76.645,12.55,25.09,34.36,US Census ACS,2023,https://data.census.gov
21228,Baltimore,39.2639,-76.7443,13.66,19.11,31.58,US Census ACS,2023,https://data.census.gov
21229,Baltimore,39.2434,-76.5752,16.67,25.01,41.03,US Census ACS,2023,https://data.census.gov
21230,Baltimore,39.3834,-76.7883,15.8,19.95,37.72,US Census ACS,2023,https://data.census.gov
53201,Milwaukee,43.1134,-87.9816,15.15,25.38,37.7,US Census ACS,2023,https://data.census.gov
53202,Milwaukee,43.1113,-87.8676,13.9,24.04,35.41,US Census ACS,2023,https://data.census.gov
53203,Milwaukee,42.9786,-87.964,13.95,18.51,39.39,US Census ACS,2023,https://data.census.gov
53204,Milwaukee,43.1,-88.0117,14.8,21.26,32.46,US Census ACS,2023,https://data.census.gov
53205,Milwaukee,42.9748,-88.0353,12.95,19.38,37.39,US Census ACS,2023,https://data.census.gov
53206,Milwaukee,43.0959,-88.0676,15.99,24.72,35.07,US Census ACS,2023,https://data.census.gov
53207,Milwaukee,43.0927,-87.9479,13.93,20.71,33.03,US Census ACS,2023,https://data.census.gov
53208,Milwaukee,43.0382,-87.7345,14.38,21.43,44.41,US Census ACS,2023,https://data.census.gov
53209,Milwaukee,43.0882,-87.8522,13.36,24.85,37.04,US Census ACS,2023,https://data.census.gov
53210,Milwaukee,43.0598,-87.9298,14.5,19.82,38.95,US Census ACS,2023,https://data.census.gov
53211,Milwaukee,43.0803,-87.7934,12.57,23.69,36.96,US Census ACS,2023,https://data.census.gov
53212,Milwaukee,42.901,-88.0004,12.32,26.15,38.77,US Census ACS,2023,https://data.census.gov
53213,Milwaukee,42.9736,-87.8744,16.17,20.14,35.01,US Census ACS,2023,https://data.census.gov
53214,Milwaukee,42.9068,-87.7769,14.97,21.25,43.48,US Census ACS,2023,https://data.census.gov
53215,Milwaukee,43.109,-87.8633,14.18,24.32,43.5,US Census ACS,2023,https://data.census.gov
53216,Milwaukee,42.9586,-87.7873,13.76,18.66,39.63,US Census ACS,2023,https://data.census.gov
53217,Milwaukee,43.0688,-87.8276,12.24,21.33,36.9,US Census ACS,2023,https://data.census.gov
53218,Milwaukee,43.1754,-87.8512,15.04,24.44,41.1,US Census ACS,2023,https://data.census.gov
53219,Milwaukee,43.0593,-87.9237,12.81,19.69,37.54,US Census ACS,2023,https://data.census.gov
53220,Milwaukee,43.0174,-87.9144,11.83,18.63,36.53,US Census ACS,2023,https://data.census.gov
53221,Milwaukee,43.1138,-87.9222,14.14,20.6,38.44,US Census ACS,2023,https://data.census.gov
53222,Milwaukee,43.0871,-87.7596,12.57,24.36,32.19,US Census ACS,2023,https://data.census.gov
53223,Milwaukee,42.9971,-87.9375,15.89,18.69,38.6,US Census ACS,2023,https://data.census.gov
53224,Milwaukee,43.0084,-87.9231,14.96,19.56,41.16,US Census ACS,2023,https://data.census.gov
53225,Milwaukee,43.1033,-87.7329,15.87,23.89,39.36,US Census ACS,2023,https://data.census.gov
87101,Albuquerque,35.0513,-106.5882,16.19,19.41,33.78,US Census ACS,2023,https://data.census.gov
87102,Albuquerque,35.178,-106.6923,12.6,18.55,33.08,US Census ACS,2023,https://data.census.gov
87103,Albuquerque,35.0156,-106.5415,14.0,19.08,35.78,US Census ACS,2023,https://data.census.gov
87104,Albuquerque,35.0453,-106.5942,16.39,19.08,37.11,US Census ACS,2023,https://data.census.gov
87105,Albuquerque,35.2162,-106.5438,14.86,21.28,33.38,US Census ACS,2023,https://data.census.gov
87106,Albuquerque,35.074,-106.6172,16.72,25.15,39.56,US Census ACS,2023,https://data.census.gov
87107,Albuquerque,35.0949,-106.5486,15.47,21.81,45.12,US Census ACS,2023,https://data.census.gov
87108,Albuquerque,35.1928,-106.7783,13.99,18.88,37.24,US Census ACS,2023,https://data.census.gov
87109,Albuquerque,35.1016,-106.8155,14.28,25.93,36.76,US Census ACS,2023,https://data.census.gov
87110,Albuquerque,34.9659,-106.695,16.46,19.85,43.48,US Census ACS,2023,https://data.census.gov
87111,Albuquerque,35.1004,-106.5183,15.56,21.1,37.01,US Census ACS,2023,https://data.census.gov
87112,Albuquerque,35.0832,-106.8261,15.56,19.34,40.73,US Census ACS,2023,https://data.census.gov
87113,Albuquerque,35.1041,-106.6336,13.39,23.79,43.36,US Census ACS,2023,https://data.census.gov
87114,Albuquerque,35.2069,-106.6469,15.3,20.76,39.17,US Census ACS,2023,https://data.census.gov
87115,Albuquerque,35.1921,-106.8198,14.05,23.58,40.35,US Census ACS,2023,https://data.census.gov
87116,Albuquerque,34.9509,-106.5024,16.01,18.63,44.26,US Census ACS,2023,https://data.census.gov
87117,Albuquerque,35.1703,-106.6454,13.41,26.49,43.89,US Census ACS,2023,https://data.census.gov
87118,Albuquerque,35.1675,-106.6662,14.27,22.66,33.27,US Census ACS,2023,https://data.census.gov
87119,Albuquerque,34.9818,-106.4873,14.02,21.47,38.84,US Census ACS,2023,https://data.census.gov
87120,Albuquerque,34.9893,-106.7459,16.23,22.76,43.53,US Census ACS,2023,https://data.census.gov
85701,Tucson,32.1363,-111.1227,15.69,22.38,39.36,US Census ACS,2023,https://data.census.gov
85702,Tucson,32.1053,-110.8087,15.94,23.72,44.37,US Census ACS,2023,https://data.census.gov
85703,Tucson,32.0904,-110.9615,14.83,20.0,42.09,US Census ACS,2023,https://data.census.gov
85704,Tucson,32.211,-111.1082,14.11,22.09,43.27,US Census ACS,2023,https://data.census.gov
85705,Tucson,32.1088,-111.0119,14.72,24.59,36.76,US Census ACS,2023,https://data.census.gov
85706,Tucson,32.1215,-110.9034,12.23,23.98,32.99,US Census ACS,2023,https://data.census.gov
85707,Tucson,32.2916,-111.0123,15.21,22.12,34.15,US Census ACS,2023,https://data.census.gov
85708,Tucson,32.2497,-110.8065,11.69,20.3,44.38,US Census ACS,2023,https://data.census.gov
85709,Tucson,32.2826,-110.9478,12.85,23.64,32.81,US Census ACS,2023,https://data.census.gov
85710,Tucson,32.2231,-111.0911,15.57,21.12,36.11,US Census ACS,2023,https://data.census.gov
85711,Tucson,32.2585,-111.1532,14.04,24.12,40.04,US Census ACS,2023,https://data.census.gov
85712,Tucson,32.1616,-111.1077,14.23,22.86,38.94,US Census ACS,2023,https://data.census.gov
85713,Tucson,32.1849,-110.9392,13.52,19.98,34.44,US Census ACS,2023,https://data.census.gov
85714,Tucson,32.0923,-111.1434,16.65,20.96,42.2,US Census ACS,2023,https://data.census.gov
85715,Tucson,32.3179,-110.9779,12.58,20.75,33.99,US Census ACS,2023,https://data.census.gov
85716,Tucson,32.2808,-110.991,13.81,19.46,37.48,US Census ACS,2023,https://data.census.gov
85717,Tucson,32.2857,-110.9968,13.15,20.21,42.8,US Census ACS,2023,https://data.census.gov
85718,Tucson,32.3553,-110.8792,13.53,26.07,32.67,US Census ACS,2023,https://data.census.gov
85719,Tucson,32.2921,-111.0884,12.42,20.03,36.62,US Census ACS,2023,https://data.census.gov
85720,Tucson,32.1838,-110.8789,15.34,19.79,41.63,US Census ACS,2023,https://data.census.gov
95801,Sacramento,38.7251,-121.5944,16.34,22.95,43.11,US Census ACS,2023,https://data.census.gov
95802,Sacramento,38.4783,-121.6476,15.65,19.52,43.27,US Census ACS,2023,https://data.census.gov
95803,Sacramento,38.6889,-121.3186,12.65,21.59,40.03,US Census ACS,2023,https://data.census.gov
95804,Sacramento,38.5041,-121.489,13.61,20.59,36.04,US Census ACS,2023,https://data.census.gov
95805,Sacramento,38.7081,-121.4369,14.0,24.0,45.3,US Census ACS,2023,https://data.census.gov
95806,Sacramento,38.6904,-121.4421,14.67,19.8,38.41,US Census ACS,2023,https://data.census.gov
95807,Sacramento,38.447,-121.4647,14.61,24.84,40.71,US Census ACS,2023,https://data.census.gov
95808,Sacramento,38.6032,-121.6437,16.38,22.28,40.86,US Census ACS,2023,https://data.census.gov
95809,Sacramento,38.4769,-121.4569,12.95,19.75,33.54,US Census ACS,2023,https://data.census.gov
95810,Sacramento,38.6255,-121.4699,14.4,25.72,37.74,US Census ACS,2023,https://data.census.gov
95811,Sacramento,38.6928,-121.4255,12.64,21.25,44.92,US Census ACS,2023,https://data.census.gov
95812,Sacramento,38.4455,-121.4415,12.0,19.17,44.81,US Census ACS,2023,https://data.census.gov
95813,Sacramento,38.5012,-121.6023,11.65,19.67,34.29,US Census ACS,2023,https://data.census.gov
95814,Sacramento,38.576,-121.4759,16.32,21.98,41.14,US Census ACS,2023,https://data.census.gov
95815,Sacramento,38.7236,-121.6069,15.25,23.51,31.96,US Census ACS,2023,https://data.census.gov
95816,Sacramento,38.5001,-121.3769,15.5,21.61,45.05,US Census ACS,2023,https://data.census.gov
95817,Sacramento,38.473,-121.4989,16.3,24.44,38.88,US Census ACS,2023,https://data.census.gov
95818,Sacramento,38.6175,-121.4987,12.02,23.01,34.14,US Census ACS,2023,https://data.census.gov
95819,Sacramento,38.434,-121.4017,13.42,23.46,44.74,US Census ACS,2023,https://data.census.gov
95820,Sacramento,38.602,-121.5599,12.9,24.6,35.3,US Census ACS,2023,https://data.census.gov
95821,Sacramento,38.6919,-121.4002,12.29,24.79,41.02,US Census ACS,2023,https://data.census.gov
95822,Sacramento,38.4626,-121.3907,13.64,25.45,39.86,US Census ACS,2023,https://data.census.gov
95823,Sacramento,38.5487,-121.4317,16.14,22.93,34.57,US Census ACS,2023,https://data.census.gov
95824,Sacramento,38.6269,-121.4565,12.56,22.94,32.61,US Census ACS,2023,https://data.census.gov
95825,Sacramento,38.7213,-121.4743,15.5,20.75,32.99,US Census ACS,2023,https://data.census.gov
95826,Sacramento,38.5565,-121.4319,13.84,25.85,40.17,US Census ACS,2023,https://data.census.gov
95827,Sacramento,38.4517,-121.6387,15.35,25.43,43.85,US Census ACS,2023,https://data.census.gov
95828,Sacramento,38.4366,-121.5179,16.52,25.64,36.4,US Census ACS,2023,https://data.census.gov
95829,Sacramento,38.6534,-121.3376,16.75,18.53,38.0,US Census ACS,2023,https://data.census.gov
95830,Sacramento,38.5922,-121.3149,13.0,24.53,41.82,US Census ACS,2023,https://data.census.gov
64101,Kansas City,38.969,-94.4333,16.36,25.47,37.08,US Census ACS,2023,https://data.census.gov
64102,Kansas City,39.0462,-94.4435,14.86,19.78,42.76,US Census ACS,2023,https://data.census.gov
64103,Kansas City,39.0029,-94.7421,14.84,18.78,45.39,US Census ACS,2023,https://data.census.gov
64104,Kansas City,39.0096,-94.4265,12.86,22.51,34.22,US Census ACS,2023,https://data.census.gov
64105,Kansas City,39.1862,-94.4403,14.99,18.54,43.33,US Census ACS,2023,https://data.census.gov
64106,Kansas City,39.2317,-94.7505,11.84,20.42,39.69,US Census ACS,2023,https://data.census.gov
64107,Kansas City,39.0568,-94.6538,12.57,21.17,43.72,US Census ACS,2023,https://data.census.gov
64108,Kansas City,38.9743,-94.7185,11.88,22.9,45.4,US Census ACS,2023,https://data.census.gov
64109,Kansas City,39.1963,-94.4661,13.31,21.98,38.43,US Census ACS,2023,https://data.census.gov
64110,Kansas City,39.1656,-94.5876,14.54,21.2,38.95,US Census ACS,2023,https://data.census.gov
64111,Kansas City,39.0758,-94.6524,14.87,23.37,34.19,US Census ACS,2023,https://data.census.gov
64112,Kansas City,39.2113,-94.4348,16.22,19.74,34.45,US Census ACS,2023,https://data.census.gov
64113,Kansas City,39.2336,-94.6566,11.69,21.5,32.05,US Census ACS,2023,https://data.census.gov
64114,Kansas City,39.0123,-94.4802,16.45,20.48,37.15,US Census ACS,2023,https://data.census.gov
64115,Kansas City,39.1903,-94.5881,12.92,19.87,37.76,US Census ACS,2023,https://data.census.gov
64116,Kansas City,39.1881,-94.5895,13.43,21.88,43.34,US Census ACS,2023,https://data.census.gov
64117,Kansas City,39.123,-94.6753,11.79,19.06,33.62,US Census ACS,2023,https://data.census.gov
64118,Kansas City,39.2085,-94.6533,14.41,24.35,37.36,US Census ACS,2023,https://data.census.gov
64119,Kansas City,39.2263,-94.6758,14.27,25.65,32.18,US Census ACS,2023,https://data.census.gov
64120,Kansas City,38.9944,-94.5759,14.67,19.05,40.73,US Census ACS,2023,https://data.census.gov
64121,Kansas City,39.2193,-94.5736,16.1,23.53,32.4,US Census ACS,2023,https://data.census.gov
64122,Kansas City,39.0791,-94.4067,15.78,20.73,42.94,US Census ACS,2023,https://data.census.gov
64123,Kansas City,39.0617,-94.6968,13.05,26.19,31.63,US Census ACS,2023,https://data.census.gov
64124,Kansas City,39.229,-94.5116,15.12,25.6,38.81,US Census ACS,2023,https://data.census.gov
64125,Kansas City,39.1423,-94.4428,15.33,23.47,38.0,US Census ACS,2023,https://data.census.gov
64126,Kansas City,39.1737,-94.4544,14.83,23.39,34.92,US Census ACS,2023,https://data.census.gov
64127,Kansas City,38.9591,-94.6261,12.48,19.9,36.26,US Census ACS,2023,https://data.census.gov
64128,Kansas City,39.1564,-94.6735,12.31,20.91,38.29,US Census ACS,2023,https://data.census.gov
64129,Kansas City,38.9953,-94.6705,15.93,24.66,41.41,US Census ACS,2023,https://data.census.gov
64130,Kansas City,39.2402,-94.4648,12.78,23.34,35.8,US Census ACS,2023,https://data.census.gov
30301,Atlanta,33.6469,-84.4303,15.09,21.15,36.07,US Census ACS,2023,https://data.census.gov
30302,Atlanta,33.7843,-84.5077,13.25,25.68,32.02,US Census ACS,2023,https://data.census.gov
30303,Atlanta,33.8691,-84.2169,15.61,24.7,35.93,US Census ACS,2023,https://data.census.gov
30304,Atlanta,33.6691,-84.3432,15.73,21.82,45.03,US Census ACS,2023,https://data.census.gov
30305,Atlanta,33.6405,-84.5007,15.47,19.11,32.05,US Census ACS,2023,https://data.census.gov
30306,Atlanta,33.6416,-84.261,12.29,21.14,40.87,US Census ACS,2023,https://data.census.gov
30307,Atlanta,33.6855,-84.3346,15.45,25.84,44.45,US Census ACS,2023,https://data.census.gov
30308,Atlanta,33.6175,-84.5153,15.67,19.67,38.48,US Census ACS,2023,https://data.census.gov
30309,Atlanta,33.8503,-84.3847,14.33,24.28,36.13,US Census ACS,2023,https://data.census.gov
30310,Atlanta,33.6767,-84.3137,15.1,23.01,43.54,US Census ACS,2023,https://data.census.gov
30311,Atlanta,33.8121,-84.4768,11.64,22.19,32.64,US Census ACS,2023,https://data.census.gov
30312,Atlanta,33.7825,-84.4446,15.32,23.31,44.23,US Census ACS,2023,https://data.census.gov
30313,Atlanta,33.7139,-84.3013,12.24,25.07,41.95,US Census ACS,2023,https://data.census.gov
30314,Atlanta,33.829,-84.2776,14.91,24.46,37.07,US Census ACS,2023,https://data.census.gov
30315,Atlanta,33.6185,-84.2108,14.38,26.47,38.16,US Census ACS,2023,https://data.census.gov
30316,Atlanta,33.679,-84.4161,14.23,20.6,31.78,US Census ACS,2023,https://data.census.gov
30317,Atlanta,33.7681,-84.2439,13.25,25.93,40.62,US Census ACS,2023,https://data.census.gov
30318,Atlanta,33.7312,-84.4282,11.99,26.35,43.67,US Census ACS,2023,https://data.census.gov
30319,Atlanta,33.6901,-84.3939,13.86,25.93,39.18,US Census ACS,2023,https://data.census.gov
30320,Atlanta,33.8346,-84.2937,15.84,25.54,35.3,US Census ACS,2023,https://data.census.gov
30321,Atlanta,33.7097,-84.5555,14.29,19.5,43.86,US Census ACS,2023,https://data.census.gov
30322,Atlanta,33.8129,-84.3516,14.45,22.35,33.66,US Census ACS,2023,https://data.census.gov
30323,Atlanta,33.85,-84.5186,13.04,19.45,38.53,US Census ACS,2023,https://data.census.gov
30324,Atlanta,33.8471,-84.2499,11.95,19.95,32.7,US Census ACS,2023,https://data.census.gov
30325,Atlanta,33.7929,-84.5162,12.59,20.38,40.24,US Census ACS,2023,https://data.census.gov
30326,Atlanta,33.7343,-84.4713,11.79,25.66,33.13,US Census ACS,2023,https://data.census.gov
30327,Atlanta,33.8831,-84.3554,13.0,23.37,43.7,US Census ACS,2023,https://data.census.gov
30328,Atlanta,33.6154,-84.4774,14.66,26.4,37.77,US Census ACS,2023,https://data.census.gov
30329,Atlanta,33.8191,-84.3446,14.56,23.2,32.45,US Census ACS,2023,https://data.census.gov
30330,Atlanta,33.812,-84.3085,15.07,23.07,37.32,US Census ACS,2023,https://data.census.gov
30331,Atlanta,33.6354,-84.2173,14.64,23.76,41.24,US Census ACS,2023,https://data.census.gov
30332,Atlanta,33.7829,-84.5458,12.95,24.53,42.73,US Census ACS,2023,https://data.census.gov
30333,Atlanta,33.8461,-84.2304,15.84,25.12,33.92,US Census ACS,2023,https://data.census.gov
30334,Atlanta,33.7964,-84.4668,14.76,22.6,41.27,US Census ACS,2023,https://data.census.gov
30335,Atlanta,33.857,-84.2456,15.56,19.0,43.44,US Census ACS,2023,https://data.census.gov
30336,Atlanta,33.7576,-84.2388,14.25,22.71,39.42,US Census ACS,2023,https://data.census.gov
30337,Atlanta,33.7821,-84.5509,12.46,22.39,45.03,US Census ACS,2023,https://data.census.gov
30338,Atlanta,33.7561,-84.4666,14.48,22.3,44.79,US Census ACS,2023,https://data.census.gov
30339,Atlanta,33.8044,-84.301,14.85,24.68,40.98,US Census ACS,2023,https://data.census.gov
30340,Atlanta,33.6427,-84.5585,13.53,24.27,37.71,US Census ACS,2023,https://data.census.gov
30341,Atlanta,33.7157,-84.3463,14.79,21.33,39.9,US Census ACS,2023,https://data.census.gov
30342,Atlanta,33.8401,-84.2498,11.7,21.41,45.1,US Census ACS,2023,https://data.census.gov
30343,Atlanta,33.8916,-84.4861,13.97,26.07,38.7,US Census ACS,2023,https://data.census.gov
30344,Atlanta,33.6707,-84.5146,13.22,23.9,35.64,US Census ACS,2023,https://data.census.gov
30345,Atlanta,33.6784,-84.2327,14.54,18.78,40.57,US Census ACS,2023,https://data.census.gov
30346,Atlanta,33.8724,-84.4921,16.52,18.75,32.38,US Census ACS,2023,https://data.census.gov
30347,Atlanta,33.7646,-84.4745,13.55,21.71,44.18,US Census ACS,2023,https://data.census.gov
30348,Atlanta,33.7457,-84.2163,13.68,25.7,33.32,US Census ACS,2023,https://data.census.gov
30349,Atlanta,33.6097,-84.5652,15.03,19.97,36.72,US Census ACS,2023,https://data.census.gov
30350,Atlanta,33.7522,-84.4205,13.71,22.35,31.97,US Census ACS,2023,https://data.census.gov
68101,Omaha,41.2361,-96.0665,15.33,25.97,42.11,US Census ACS,2023,https://data.census.gov
68102,Omaha,41.1386,-95.8628,12.07,18.86,35.3,US Census ACS,2023,https://data.census.gov
68103,Omaha,41.3973,-96.0745,14.65,18.61,33.75,US Census ACS,2023,https://data.census.gov
68104,Omaha,41.3093,-95.9123,15.47,19.84,44.81,US Census ACS,2023,https://data.census.gov
68105,Omaha,41.2773,-95.8126,12.02,26.48,31.94,US Census ACS,2023,https://data.census.gov
68106,Omaha,41.3644,-95.8281,11.81,20.17,37.24,US Census ACS,2023,https://data.census.gov
68107,Omaha,41.3361,-96.0439,15.38,24.0,33.62,US Census ACS,2023,https://data.census.gov
68108,Omaha,41.2045,-95.8951,13.98,23.91,35.27,US Census ACS,2023,https://data.census.gov
68109,Omaha,41.1369,-95.8479,13.05,19.64,36.38,US Census ACS,2023,https://data.census.gov
68110,Omaha,41.2698,-95.8211,13.8,21.01,41.9,US Census ACS,2023,https://data.census.gov
68111,Omaha,41.2656,-95.993,13.68,22.99,34.04,US Census ACS,2023,https://data.census.gov
68112,Omaha,41.2546,-95.9994,13.21,20.08,38.03,US Census ACS,2023,https://data.census.gov
68113,Omaha,41.2894,-95.9594,15.46,19.44,40.26,US Census ACS,2023,https://data.census.gov
68114,Omaha,41.2942,-96.0055,13.59,18.56,38.12,US Census ACS,2023,https://data.census.gov
68115,Omaha,41.2873,-95.9191,14.78,24.37,44.08,US Census ACS,2023,https://data.census.gov
68116,Omaha,41.3885,-95.8924,14.53,24.77,34.97,US Census ACS,2023,https://data.census.gov
68117,Omaha,41.2679,-96.0172,15.5,24.37,42.33,US Census ACS,2023,https://data.census.gov
68118,Omaha,41.3808,-95.8245,13.56,23.26,41.52,US Census ACS,2023,https://data.census.gov
68119,Omaha,41.1069,-95.8789,16.64,20.51,35.22,US Census ACS,2023,https://data.census.gov
68120,Omaha,41.3087,-95.9284,15.57,23.68,41.93,US Census ACS,2023,https://data.census.gov
27601,Raleigh-Durham,35.8508,-78.6334,13.64,21.11,39.56,US Census ACS,2023,https://data.census.gov
27602,Raleigh-Durham,35.7796,-78.7659,15.79,25.72,40.02,US Census ACS,2023,https://data.census.gov
27603,Raleigh-Durham,35.802,-78.8069,12.52,21.67,36.9,US Census ACS,2023,https://data.census.gov
27604,Raleigh-Durham,35.6392,-78.7836,15.43,25.39,43.73,US Census ACS,2023,https://data.census.gov
27605,Raleigh-Durham,35.7972,-78.7508,15.3,24.4,41.49,US Census ACS,2023,https://data.census.gov
27606,Raleigh-Durham,35.6972,-78.7052,15.73,18.47,43.59,US Census ACS,2023,https://data.census.gov
27607,Raleigh-Durham,35.7707,-78.6226,14.54,22.6,34.85,US Census ACS,2023,https://data.census.gov
27608,Raleigh-Durham,35.853,-78.5836,15.45,24.28,44.96,US Census ACS,2023,https://data.census.gov
27609,Raleigh-Durham,35.8998,-78.7203,16.05,25.21,36.28,US Census ACS,2023,https://data.census.gov
27610,Raleigh-Durham,35.8639,-78.5264,11.87,26.49,36.67,US Census ACS,2023,https://data.census.gov
27611,Raleigh-Durham,35.837,-78.6657,11.95,24.15,39.35,US Census ACS,2023,https://data.census.gov
27612,Raleigh-Durham,35.8887,-78.7934,15.99,20.77,43.7,US Census ACS,2023,https://data.census.gov
27613,Raleigh-Durham,35.7799,-78.6616,11.65,18.78,36.29,US Census ACS,2023,https://data.census.gov
27614,Raleigh-Durham,35.6692,-78.7297,15.49,21.42,36.49,US Census ACS,2023,https://data.census.gov
27615,Raleigh-Durham,35.8889,-78.7542,13.24,22.94,39.49,US Census ACS,2023,https://data.census.gov
27616,Raleigh-Durham,35.8911,-78.467,15.22,25.89,43.29,US Census ACS,2023,https://data.census.gov
27617,Raleigh-Durham,35.717,-78.4878,15.22,24.73,39.64,US Census ACS,2023,https://data.census.gov
27618,Raleigh-Durham,35.7076,-78.5006,16.6,21.63,44.07,US Census ACS,2023,https://data.census.gov
27619,Raleigh-Durham,35.8838,-78.6927,11.68,21.44,41.59,US Census ACS,2023,https://data.census.gov
27620,Raleigh-Durham,35.9064,-78.5947,14.83,26.08,34.52,US Census ACS,2023,https://data.census.gov
27621,Raleigh-Durham,35.6376,-78.4659,13.53,23.81,44.71,US Census ACS,2023,https://data.census.gov
27622,Raleigh-Durham,35.6989,-78.7593,11.81,21.17,41.05,US Census ACS,2023,https://data.census.gov
27623,Raleigh-Durham,35.9188,-78.7907,14.03,26.19,39.97,US Census ACS,2023,https://data.census.gov
27624,Raleigh-Durham,35.6915,-78.6916,13.48,20.05,40.05,US Census ACS,2023,https://data.census.gov
27625,Raleigh-Durham,35.84,-78.7867,12.75,21.1,37.58,US Census ACS,2023,https://data.census.gov
27626,Raleigh-Durham,35.9111,-78.6602,15.34,23.37,43.38,US Census ACS,2023,https://data.census.gov
27627,Raleigh-Durham,35.7371,-78.5578,15.46,25.48,44.86,US Census ACS,2023,https://data.census.gov
27628,Raleigh-Durham,35.9139,-78.4949,13.67,21.0,36.95,US Census ACS,2023,https://data.census.gov
27629,Raleigh-Durham,35.7701,-78.6401,15.37,18.84,37.25,US Census ACS,2023,https://data.census.gov
27630,Raleigh-Durham,35.6633,-78.5875,16.16,20.43,36.84,US Census ACS,2023,https://data.census.gov
27631,Raleigh-Durham,35.9181,-78.5901,15.42,23.01,35.48,US Census ACS,2023,https://data.census.gov
27632,Raleigh-Durham,35.7884,-78.5421,13.68,24.43,37.2,US Census ACS,2023,https://data.census.gov
27633,Raleigh-Durham,35.9076,-78.4736,15.72,24.97,35.68,US Census ACS,2023,https://data.census.gov
27634,Raleigh-Durham,35.8847,-78.7091,15.47,24.27,32.06,US Census ACS,2023,https://data.census.gov
27635,Raleigh-Durham,35.7174,-78.4605,13.26,25.21,31.73,US Census ACS,2023,https://data.census.gov
55401,Minneapolis,45.0901,-93.4362,11.91,23.49,42.7,US Census ACS,2023,https://data.census.gov
55402,Minneapolis,44.9461,-93.3549,16.65,19.34,43.45,US Census ACS,2023,https://data.census.gov
55403,Minneapolis,44.9389,-93.2056,16.03,19.38,34.92,US Census ACS,2023,https://data.census.gov
55404,Minneapolis,44.9838,-93.1439,16.23,26.0,45.31,US Census ACS,2023,https://data.census.gov
55405,Minneapolis,45.0293,-93.1425,13.78,23.41,40.02,US Census ACS,2023,https://data.census.gov
55406,Minneapolis,44.8357,-93.1993,15.8,19.9,34.48,US Census ACS,2023,https://data.census.gov
55407,Minneapolis,45.0536,-93.2202,15.24,23.66,39.3,US Census ACS,2023,https://data.census.gov
55408,Minneapolis,44.8572,-93.3421,13.25,24.28,35.97,US Census ACS,2023,https://data.census.gov
55409,Minneapolis,44.8772,-93.3331,13.67,24.7,36.25,US Census ACS,2023,https://data.census.gov
55410,Minneapolis,45.1116,-93.382,16.45,26.41,36.84,US Census ACS,2023,https://data.census.gov
55411,Minneapolis,44.9096,-93.239,15.19,21.26,43.61,US Census ACS,2023,https://data.census.gov
55412,Minneapolis,44.8889,-93.323,16.16,25.24,35.14,US Census ACS,2023,https://data.census.gov
55413,Minneapolis,44.8421,-93.3285,11.87,19.88,34.44,US Census ACS,2023,https://data.census.gov
55414,Minneapolis,44.8698,-93.3194,15.25,20.44,32.93,US Census ACS,2023,https://data.census.gov
55415,Minneapolis,44.9872,-93.3829,13.09,19.5,32.34,US Census ACS,2023,https://data.census.gov
55416,Minneapolis,44.8801,-93.0865,12.57,21.55,42.65,US Census ACS,2023,https://data.census.gov
55417,Minneapolis,44.9709,-93.2924,13.06,21.09,41.63,US Census ACS,2023,https://data.census.gov
55418,Minneapolis,45.1121,-93.1039,15.63,23.87,39.37,US Census ACS,2023,https://data.census.gov
55419,Minneapolis,44.87,-93.3642,11.65,24.88,41.19,US Census ACS,2023,https://data.census.gov
55420,Minneapolis,44.9393,-93.1102,12.8,21.89,36.03,US Census ACS,2023,https://data.census.gov
55421,Minneapolis,45.0844,-93.1116,15.64,23.48,45.12,US Census ACS,2023,https://data.census.gov
55422,Minneapolis,44.912,-93.3073,13.44,20.03,38.51,US Census ACS,2023,https://data.census.gov
55423,Minneapolis,44.9847,-93.1845,15.38,19.69,38.96,US Census ACS,2023,https://data.census.gov
55424,Minneapolis,44.96,-93.2417,12.93,26.28,31.85,US Census ACS,2023,https://data.census.gov
55425,Minneapolis,44.8654,-93.1232,13.74,22.08,36.37,US Census ACS,2023,https://data.census.gov
55426,Minneapolis,45.0066,-93.4325,11.79,21.45,41.18,US Census ACS,2023,https://data.census.gov
55427,Minneapolis,44.9101,-93.3012,11.67,25.47,45.13,US Census ACS,2023,https://data.census.gov
55428,Minneapolis,45.0968,-93.4219,12.44,23.27,42.39,US Census ACS,2023,https://data.census.gov
55429,Minneapolis,45.12,-93.2742,13.57,20.47,44.58,US Census ACS,2023,https://data.census.gov
55430,Minneapolis,45.038,-93.1797,14.18,22.31,33.65,US Census ACS,2023,https://data.census.gov
33601,Tampa Bay,27.9986,-82.5116,12.06,21.16,37.66,US Census ACS,2023,https://data.census.gov
33602,Tampa Bay,27.9669,-82.4874,15.75,25.0,34.45,US Census ACS,2023,https://data.census.gov
33603,Tampa Bay,27.9849,-82.3721,14.8,20.01,32.6,US Census ACS,2023,https://data.census.gov
33604,Tampa Bay,27.8212,-82.284,13.89,19.45,43.41,US Census ACS,2023,https://data.census.gov
33605,Tampa Bay,27.8902,-82.5817,15.02,23.45,36.28,US Census ACS,2023,https://data.census.gov
33606,Tampa Bay,27.9975,-82.5008,12.88,24.67,38.66,US Census ACS,2023,https://data.census.gov
33607,Tampa Bay,27.8167,-82.4116,15.85,21.97,32.34,US Census ACS,2023,https://data.census.gov
33608,Tampa Bay,28.0567,-82.4245,16.21,21.02,39.81,US Census ACS,2023,https://data.census.gov
33609,Tampa Bay,28.0279,-82.4925,15.53,20.18,41.16,US Census ACS,2023,https://data.census.gov
33610,Tampa Bay,27.9879,-82.6369,11.87,18.88,32.55,US Census ACS,2023,https://data.census.gov
33611,Tampa Bay,27.9889,-82.4287,13.28,25.21,38.71,US Census ACS,2023,https://data.census.gov
33612,Tampa Bay,28.0964,-82.5693,15.52,20.83,41.09,US Census ACS,2023,https://data.census.gov
33613,Tampa Bay,28.075,-82.6132,12.29,25.77,38.59,US Census ACS,2023,https://data.census.gov
33614,Tampa Bay,28.0243,-82.5429,12.48,22.75,39.38,US Census ACS,2023,https://data.census.gov
33615,Tampa Bay,27.8632,-82.5799,13.51,21.42,31.94,US Census ACS,2023,https://data.census.gov
33616,Tampa Bay,27.8793,-82.5428,15.82,19.53,35.32,US Census ACS,2023,https://data.census.gov
33617,Tampa Bay,27.8741,-82.3869,16.56,22.05,44.06,US Census ACS,2023,https://data.census.gov
33618,Tampa Bay,27.9153,-82.3565,13.59,23.13,32.09,US Census ACS,2023,https://data.census.gov
33619,Tampa Bay,27.8973,-82.377,15.93,23.89,39.59,US Census ACS,2023,https://data.census.gov
33620,Tampa Bay,28.0208,-82.4247,11.78,23.22,43.23,US Census ACS,2023,https://data.census.gov
33621,Tampa Bay,27.9501,-82.3987,13.67,23.52,40.03,US Census ACS,2023,https://data.census.gov
33622,Tampa Bay,27.9814,-82.6047,14.95,20.27,37.42,US Census ACS,2023,https://data.census.gov
33623,Tampa Bay,27.9174,-82.5239,12.79,19.98,44.82,US Census ACS,2023,https://data.census.gov
33624,Tampa Bay,27.9226,-82.369,14.95,21.86,36.11,US Census ACS,2023,https://data.census.gov
33625,Tampa Bay,27.9608,-82.6035,13.82,26.51,34.83,US Census ACS,2023,https://data.census.gov
33626,Tampa Bay,27.8313,-82.5546,14.98,21.01,41.32,US Census ACS,2023,https://data.census.gov
33627,Tampa Bay,27.8189,-82.5018,14.29,21.37,43.01,US Census ACS,2023,https://data.census.gov
33628,Tampa Bay,27.9677,-82.3873,15.49,25.1,43.99,US Census ACS,2023,https://data.census.gov
33629,Tampa Bay,27.8192,-82.4463,12.67,21.69,31.99,US Census ACS,2023,https://data.census.gov
33630,Tampa Bay,28.0678,-82.4595,14.21,20.12,31.99,US Census ACS,2023,https://data.census.gov
33631,Tampa Bay,27.8376,-82.6007,11.73,24.6,41.63,US Census ACS,2023,https://data.census.gov
33632,Tampa Bay,27.8238,-82.5809,16.6,19.54,42.75,US Census ACS,2023,https://data.census.gov
33633,Tampa Bay,27.9445,-82.5952,16.62,20.3,37.98,US Census ACS,2023,https://data.census.gov
33634,Tampa Bay,27.8879,-82.389,16.05,23.94,34.16,US Census ACS,2023,https://data.census.gov
33635,Tampa Bay,27.9175,-82.3407,15.17,18.69,38.12,US Census ACS,2023,https://data.census.gov
33636,Tampa Bay,27.867,-82.5172,12.75,23.7,44.94,US Census ACS,2023,https://data.census.gov
33637,Tampa Bay,27.8428,-82.4047,16.57,23.52,42.39,US Census ACS,2023,https://data.census.gov
33638,Tampa Bay,27.8969,-82.5837,16.03,19.55,41.55,US Census ACS,2023,https://data.census.gov
33639,Tampa Bay,27.8519,-82.4583,16.31,20.21,39.45,US Census ACS,2023,https://data.census.gov
33640,Tampa Bay,27.819,-82.3059,14.46,21.6,34.13,US Census ACS,2023,https://data.census.gov
70112,New Orleans,30.0007,-90.0178,12.54,25.88,37.93,US Census ACS,2023,https://data.census.gov
70113,New Orleans,29.9955,-90.2026,13.01,18.53,39.73,US Census ACS,2023,https://data.census.gov
70114,New Orleans,30.0978,-90.036,13.84,24.72,40.21,US Census ACS,2023,https://data.census.gov
70115,New Orleans,30.0186,-89.901,13.41,24.42,42.27,US Census ACS,2023,https://data.census.gov
70116,New Orleans,30.0939,-90.0688,13.31,21.91,34.6,US Census ACS,2023,https://data.census.gov
70117,New Orleans,30.0938,-89.9313,16.75,19.16,43.43,US Census ACS,2023,https://data.census.gov
70118,New Orleans,29.8235,-90.0269,13.16,19.92,38.67,US Census ACS,2023,https://data.census.gov
70119,New Orleans,29.9,-90.1187,13.94,20.55,40.37,US Census ACS,2023,https://data.census.gov
70120,New Orleans,30.0111,-89.9881,13.41,21.44,41.53,US Census ACS,2023,https://data.census.gov
70121,New Orleans,29.8391,-89.9342,15.14,22.8,33.48,US Census ACS,2023,https://data.census.gov
70122,New Orleans,29.962,-90.212,13.56,22.62,45.2,US Census ACS,2023,https://data.census.gov
70123,New Orleans,29.8127,-90.0026,15.58,22.3,35.99,US Census ACS,2023,https://data.census.gov
70124,New Orleans,29.9329,-90.072,15.99,21.95,43.78,US Census ACS,2023,https://data.census.gov
70125,New Orleans,29.8626,-90.0181,12.39,18.63,32.72,US Census ACS,2023,https://data.census.gov
70126,New Orleans,29.9915,-90.0393,14.01,23.05,35.68,US Census ACS,2023,https://data.census.gov
70127,New Orleans,29.8438,-90.215,12.75,19.77,45.32,US Census ACS,2023,https://data.census.gov
70128,New Orleans,29.8668,-90.1334,12.39,20.03,38.36,US Census ACS,2023,https://data.census.gov
70129,New Orleans,29.8485,-89.896,15.12,23.93,34.84,US Census ACS,2023,https://data.census.gov
70130,New Orleans,29.8377,-89.9451,13.42,26.25,34.73,US Census ACS,2023,https://data.census.gov
70131,New Orleans,30.0326,-90.1951,12.15,18.81,37.73,US Census ACS,2023,https://data.census.gov
70132,New Orleans,30.0371,-90.2343,15.88,24.4,36.03,US Census ACS,2023,https://data.census.gov
70133,New Orleans,29.968,-89.9595,12.13,25.76,35.67,US Census ACS,2023,https://data.census.gov
70134,New Orleans,29.8787,-89.9503,14.56,20.6,32.38,US Census ACS,2023,https://data.census.gov
70135,New Orleans,30.016,-90.1856,15.19,26.33,42.78,US Census ACS,2023,https://data.census.gov
70136,New Orleans,29.9351,-89.9513,13.79,18.82,32.17,US Census ACS,2023,https://data.census.gov
23220,Richmond,37.4159,-77.5995,15.92,23.91,44.48,US Census ACS,2023,https://data.census.gov
23221,Richmond,37.6849,-77.4639,14.43,25.06,35.03,US Census ACS,2023,https://data.census.gov
23222,Richmond,37.4054,-77.4226,12.92,25.28,35.84,US Census ACS,2023,https://data.census.gov
23223,Richmond,37.4967,-77.585,16.56,24.12,40.06,US Census ACS,2023,https://data.census.gov
23224,Richmond,37.5448,-77.5774,16.16,23.52,41.54,US Census ACS,2023,https://data.census.gov
23225,Richmond,37.4723,-77.4837,14.4,24.47,32.01,US Census ACS,2023,https://data.census.gov
23226,Richmond,37.6595,-77.4309,11.68,19.1,33.09,US Census ACS,2023,https://data.census.gov
23227,Richmond,37.4189,-77.5338,13.62,23.24,32.58,US Census ACS,2023,https://data.census.gov
23228,Richmond,37.5328,-77.4454,16.22,26.23,39.53,US Census ACS,2023,https://data.census.gov
23229,Richmond,37.526,-77.5971,14.01,19.51,31.59,US Census ACS,2023,https://data.census.gov
23230,Richmond,37.5885,-77.5539,15.62,22.99,41.85,US Census ACS,2023,https://data.census.gov
23231,Richmond,37.5199,-77.5093,13.59,24.99,38.27,US Census ACS,2023,https://data.census.gov
23232,Richmond,37.4466,-77.5103,15.21,19.92,35.34,US Census ACS,2023,https://data.census.gov
23233,Richmond,37.4853,-77.4535,11.68,20.27,44.04,US Census ACS,2023,https://data.census.gov
23234,Richmond,37.6252,-77.5046,13.32,20.02,33.96,US Census ACS,2023,https://data.census.gov
23235,Richmond,37.4086,-77.3644,15.23,19.48,33.45,US Census ACS,2023,https://data.census.gov
23236,Richmond,37.4421,-77.4001,13.75,19.7,38.77,US Census ACS,2023,https://data.census.gov
23237,Richmond,37.6444,-77.5962,14.57,18.92,38.63,US Census ACS,2023,https://data.census.gov
23238,Richmond,37.5241,-77.3425,12.43,23.08,36.96,US Census ACS,2023,https://data.census.gov
23239,Richmond,37.6458,-77.611,13.53,25.59,42.69,US Census ACS,2023,https://data.census.gov
23240,Richmond,37.5877,-77.2828,14.52,18.65,39.51,US Census ACS,2023,https://data.census.gov
23241,Richmond,37.5335,-77.3148,12.26,24.29,45.32,US Census ACS,2023,https://data.census.gov
23242,Richmond,37.618,-77.5881,15.62,21.23,38.3,US Census ACS,2023,https://data.census.gov
23243,Richmond,37.6746,-77.4299,13.93,19.93,39.52,US Census ACS,2023,https://data.census.gov
23244,Richmond,37.4129,-77.5491,16.46,25.87,44.32,US Census ACS,2023,https://data.census.gov
35201,Birmingham,33.4901,-86.7203,12.74,18.76,43.84,US Census ACS,2023,https://data.census.gov
35202,Birmingham,33.3741,-86.8958,14.12,23.79,34.44,US Census ACS,2023,https://data.census.gov
35203,Birmingham,33.456,-86.7176,13.44,25.91,32.08,US Census ACS,2023,https://data.census.gov
35204,Birmingham,33.4961,-86.9773,14.41,21.78,43.86,US Census ACS,2023,https://data.census.gov
35205,Birmingham,33.6097,-86.9059,15.56,21.42,39.3,US Census ACS,2023,https://data.census.gov
35206,Birmingham,33.5145,-86.707,15.75,20.73,43.05,US Census ACS,2023,https://data.census.gov
35207,Birmingham,33.6256,-86.8317,13.76,26.06,37.19,US Census ACS,2023,https://data.census.gov
35208,Birmingham,33.5024,-86.9896,14.06,20.44,43.8,US Census ACS,2023,https://data.census.gov
35209,Birmingham,33.5363,-86.6368,16.01,19.29,33.87,US Census ACS,2023,https://data.census.gov
35210,Birmingham,33.5389,-86.7826,14.2,24.77,43.33,US Census ACS,2023,https://data.census.gov
35211,Birmingham,33.3983,-86.887,12.33,24.14,33.9,US Census ACS,2023,https://data.census.gov
35212,Birmingham,33.4121,-86.9251,12.27,19.84,32.67,US Census ACS,2023,https://data.census.gov
35213,Birmingham,33.5525,-86.756,15.36,20.47,40.66,US Census ACS,2023,https://data.census.gov
35214,Birmingham,33.6606,-86.8263,12.94,23.03,36.73,US Census ACS,2023,https://data.census.gov
35215,Birmingham,33.4282,-86.7244,15.96,22.29,40.32,US Census ACS,2023,https://data.census.gov
35216,Birmingham,33.4336,-86.7062,15.5,23.68,40.63,US Census ACS,2023,https://data.census.gov
35217,Birmingham,33.6403,-86.6336,11.89,21.96,35.65,US Census ACS,2023,https://data.census.gov
35218,Birmingham,33.3932,-86.7566,12.47,21.21,36.27,US Census ACS,2023,https://data.census.gov
35219,Birmingham,33.5263,-86.9559,15.79,24.34,33.95,US Census ACS,2023,https://data.census.gov
35220,Birmingham,33.4906,-86.97,13.91,23.0,35.18,US Census ACS,2023,https://data.census.gov
35221,Birmingham,33.5274,-86.9599,14.65,20.76,37.09,US Census ACS,2023,https://data.census.gov
35222,Birmingham,33.3758,-86.956,13.48,19.39,35.05,US Census ACS,2023,https://data.census.gov
35223,Birmingham,33.5678,-86.8921,13.92,25.17,34.46,US Census ACS,2023,https://data.census.gov
35224,Birmingham,33.6499,-86.6487,14.64,18.77,38.69,US Census ACS,2023,https://data.census.gov
35225,Birmingham,33.4204,-86.957,12.44,19.74,39.51,US Census ACS,2023,https://data.census.gov
39201,Jackson,32.2271,-90.2321,16.03,19.63,42.79,US Census ACS,2023,https://data.census.gov
39202,Jackson,32.1528,-90.3527,12.08,20.79,43.79,US Census ACS,2023,https://data.census.gov
39203,Jackson,32.1656,-90.2184,13.43,22.71,38.34,US Census ACS,2023,https://data.census.gov
39204,Jackson,32.2514,-90.3531,14.28,23.46,40.99,US Census ACS,2023,https://data.census.gov
39205,Jackson,32.1709,-90.3045,15.19,20.15,40.03,US Census ACS,2023,https://data.census.gov
39206,Jackson,32.2849,-90.3222,12.06,19.69,37.02,US Census ACS,2023,https://data.census.gov
39207,Jackson,32.2956,-90.2128,16.54,20.74,37.83,US Census ACS,2023,https://data.census.gov
39208,Jackson,32.2655,-90.2881,14.1,24.42,34.56,US Census ACS,2023,https://data.census.gov
39209,Jackson,32.1819,-90.1096,15.67,26.48,36.07,US Census ACS,2023,https://data.census.gov
39210,Jackson,32.1713,-90.305,11.99,25.41,44.67,US Census ACS,2023,https://data.census.gov
39211,Jackson,32.4482,-90.2347,15.2,22.14,35.55,US Census ACS,2023,https://data.census.gov
39212,Jackson,32.296,-90.2763,14.4,23.42,44.38,US Census ACS,2023,https://data.census.gov
39213,Jackson,32.1967,-90.2215,12.31,22.09,43.93,US Census ACS,2023,https://data.census.gov
39214,Jackson,32.3854,-90.3628,12.71,26.49,44.07,US Census ACS,2023,https://data.census.gov
39215,Jackson,32.3652,-90.304,15.46,19.79,37.9,US Census ACS,2023,https://data.census.gov
72201,Little Rock,34.7682,-92.3894,13.74,20.04,42.05,US Census ACS,2023,https://data.census.gov
72202,Little Rock,34.7976,-92.1628,16.59,23.26,38.4,US Census ACS,2023,https://data.census.gov
72203,Little Rock,34.6219,-92.3923,16.25,18.88,42.01,US Census ACS,2023,https://data.census.gov
72204,Little Rock,34.7488,-92.4652,13.04,20.67,42.26,US Census ACS,2023,https://data.census.gov
72205,Little Rock,34.7948,-92.249,14.97,26.06,44.75,US Census ACS,2023,https://data.census.gov
72206,Little Rock,34.6569,-92.1649,13.79,24.56,31.63,US Census ACS,2023,https://data.census.gov
72207,Little Rock,34.7913,-92.2076,14.2,22.86,45.02,US Census ACS,2023,https://data.census.gov
72208,Little Rock,34.7869,-92.3467,14.47,22.05,37.46,US Census ACS,2023,https://data.census.gov
72209,Little Rock,34.8213,-92.4585,13.29,23.46,38.26,US Census ACS,2023,https://data.census.gov
72210,Little Rock,34.8875,-92.1108,13.83,23.08,33.62,US Census ACS,2023,https://data.census.gov
72211,Little Rock,34.6962,-92.2345,12.91,26.28,37.48,US Census ACS,2023,https://data.census.gov
72212,Little Rock,34.6491,-92.124,16.32,20.92,42.5,US Census ACS,2023,https://data.census.gov
72213,Little Rock,34.8331,-92.4152,15.76,23.4,39.3,US Census ACS,2023,https://data.census.gov
72214,Little Rock,34.6539,-92.422,13.77,21.44,41.14,US Census ACS,2023,https://data.census.gov
72215,Little Rock,34.5972,-92.1171,12.32,24.69,39.57,US Census ACS,2023,https://data.census.gov
72216,Little Rock,34.8815,-92.2356,12.29,24.06,41.41,US Census ACS,2023,https://data.census.gov
72217,Little Rock,34.6064,-92.3915,12.66,21.95,40.34,US Census ACS,2023,https://data.census.gov
72218,Little Rock,34.8266,-92.1155,16.3,24.33,44.77,US Census ACS,2023,https://data.census.gov
72219,Little Rock,34.6087,-92.1653,13.46,22.61,40.64,US Census ACS,2023,https://data.census.gov
72220,Little Rock,34.7655,-92.4348,12.44,20.17,36.63,US Census ACS,2023,https://data.census.gov
37401,Chattanooga,35.1461,-85.4534,16.16,22.91,31.79,US Census ACS,2023,https://data.census.gov
37402,Chattanooga,34.9016,-85.1394,12.08,24.7,40.56,US Census ACS,2023,https://data.census.gov
37403,Chattanooga,34.9809,-85.4578,14.13,22.72,38.57,US Census ACS,2023,https://data.census.gov
37404,Chattanooga,34.9264,-85.3973,13.74,24.3,38.6,US Census ACS,2023,https://data.census.gov
37405,Chattanooga,34.953,-85.1991,12.85,25.4,34.49,US Census ACS,2023,https://data.census.gov
37406,Chattanooga,34.9671,-85.1632,12.45,21.7,39.45,US Census ACS,2023,https://data.census.gov
37407,Chattanooga,35.0358,-85.4468,15.56,26.14,38.54,US Census ACS,2023,https://data.census.gov
37408,Chattanooga,35.1555,-85.4106,16.09,24.18,37.26,US Census ACS,2023,https://data.census.gov
37409,Chattanooga,34.8976,-85.3465,15.15,26.16,40.42,US Census ACS,2023,https://data.census.gov
37410,Chattanooga,35.0951,-85.3763,12.54,22.09,44.6,US Census ACS,2023,https://data.census.gov
37411,Chattanooga,34.9414,-85.4732,15.24,25.86,35.94,US Census ACS,2023,https://data.census.gov
37412,Chattanooga,35.0932,-85.1884,12.53,23.23,39.57,US Census ACS,2023,https://data.census.gov
37413,Chattanooga,35.0907,-85.371,15.85,22.24,32.76,US Census ACS,2023,https://data.census.gov
37414,Chattanooga,35.0638,-85.1962,15.54,25.91,38.61,US Census ACS,2023,https://data.census.gov
37415,Chattanooga,35.1133,-85.1357,15.33,26.06,42.2,US Census ACS,2023,https://data.census.gov
37416,Chattanooga,35.1223,-85.2977,12.11,23.39,40.91,US Census ACS,2023,https://data.census.gov
37417,Chattanooga,35.0357,-85.4008,13.59,25.22,32.78,US Census ACS,2023,https://data.census.gov
37418,Chattanooga,35.053,-85.3714,16.64,25.35,42.43,US Census ACS,2023,https://data.census.gov
37419,Chattanooga,35.1174,-85.1895,15.64,22.23,41.33,US Census ACS,2023,https://data.census.gov
37420,Chattanooga,35.0582,-85.3824,13.77,22.08,40.66,US Census ACS,2023,https://data.census.gov
37901,Knoxville,35.9806,-83.8556,14.57,20.7,44.85,US Census ACS,2023,https://data.census.gov
37902,Knoxville,36.1059,-83.8437,15.23,20.55,41.77,US Census ACS,2023,https://data.census.gov
37903,Knoxville,35.9361,-83.8778,16.13,20.98,41.41,US Census ACS,2023,https://data.census.gov
37904,Knoxville,35.9969,-84.0337,16.74,25.13,32.89,US Census ACS,2023,https://data.census.gov
37905,Knoxville,35.8953,-84.0148,15.09,22.65,35.21,US Census ACS,2023,https://data.census.gov
37906,Knoxville,35.8615,-83.9467,11.87,23.72,32.99,US Census ACS,2023,https://data.census.gov
37907,Knoxville,35.9189,-83.7765,13.08,22.05,37.26,US Census ACS,2023,https://data.census.gov
37908,Knoxville,35.8884,-83.8143,15.59,19.7,40.61,US Census ACS,2023,https://data.census.gov
37909,Knoxville,36.0959,-83.7466,13.03,19.17,43.98,US Census ACS,2023,https://data.census.gov
37910,Knoxville,35.9395,-83.7964,13.24,25.62,36.95,US Census ACS,2023,https://data.census.gov
37911,Knoxville,35.9424,-83.9064,15.63,21.54,36.38,US Census ACS,2023,https://data.census.gov
37912,Knoxville,35.8986,-84.0266,11.9,19.6,43.28,US Census ACS,2023,https://data.census.gov
37913,Knoxville,35.826,-83.9278,13.87,19.73,43.12,US Census ACS,2023,https://data.census.gov
37914,Knoxville,35.9466,-83.8265,11.77,21.23,44.15,US Census ACS,2023,https://data.census.gov
37915,Knoxville,35.9807,-84.0089,11.65,23.38,32.82,US Census ACS,2023,https://data.census.gov
37916,Knoxville,35.8224,-83.9231,14.97,24.26,32.72,US Census ACS,2023,https://data.census.gov
37917,Knoxville,35.8801,-83.8696,14.26,18.8,38.46,US Census ACS,2023,https://data.census.gov
37918,Knoxville,35.9267,-83.9212,12.49,20.8,35.74,US Census ACS,2023,https://data.census.gov
37919,Knoxville,35.9123,-84.0963,15.41,26.35,41.53,US Census ACS,2023,https://data.census.gov
37920,Knoxville,36.0378,-83.7642,13.54,20.67,38.13,US Census ACS,2023,https://data.census.gov
35801,Huntsville,34.7079,-86.7432,12.66,20.72,41.83,US Census ACS,2023,https://data.census.gov
35802,Huntsville,34.7481,-86.4382,12.49,18.48,37.12,US Census ACS,2023,https://data.census.gov
35803,Huntsville,34.7966,-86.6401,14.57,26.14,40.4,US Census ACS,2023,https://data.census.gov
35804,Huntsville,34.7559,-86.582,13.33,21.89,34.11,US Census ACS,2023,https://data.census.gov
35805,Huntsville,34.8125,-86.4995,14.49,21.61,36.26,US Census ACS,2023,https://data.census.gov
35806,Huntsville,34.7077,-86.736,12.65,24.36,44.09,US Census ACS,2023,https://data.census.gov
35807,Huntsville,34.8121,-86.7147,12.53,26.37,33.54,US Census ACS,2023,https://data.census.gov
35808,Huntsville,34.7777,-86.4916,13.67,19.8,33.26,US Census ACS,2023,https://data.census.gov
35809,Huntsville,34.8185,-86.5026,16.13,18.6,34.54,US Census ACS,2023,https://data.census.gov
35810,Huntsville,34.6263,-86.621,12.65,22.64,33.26,US Census ACS,2023,https://data.census.gov
35811,Huntsville,34.8674,-86.6693,15.07,21.31,34.24,US Census ACS,2023,https://data.census.gov
35812,Huntsville,34.8036,-86.6961,16.01,24.54,43.28,US Census ACS,2023,https://data.census.gov
35813,Huntsville,34.727,-86.7408,12.42,21.76,35.4,US Census ACS,2023,https://data.census.gov
35814,Huntsville,34.7605,-86.5112,16.19,20.03,37.27,US Census ACS,2023,https://data.census.gov
35815,Huntsville,34.6437,-86.6057,15.25,21.61,44.14,US Census ACS,2023,https://data.census.gov
35816,Huntsville,34.5926,-86.656,13.06,23.51,31.79,US Census ACS,2023,https://data.census.gov
35817,Huntsville,34.7372,-86.4676,12.21,21.78,32.43,US Census ACS,2023,https://data.census.gov
35818,Huntsville,34.8734,-86.6638,11.93,21.73,45.35,US Census ACS,2023,https://data.census.gov
35819,Huntsville,34.7794,-86.5838,16.73,23.95,34.34,US Census ACS,2023,https://data.census.gov
35820,Huntsville,34.604,-86.6983,11.91,23.55,32.19,US Census ACS,2023,https://data.census.gov
80901,Colorado Springs,38.6889,-104.726,13.91,26.32,36.91,US Census ACS,2023,https://data.census.gov
80902,Colorado Springs,38.6976,-104.8922,15.95,25.69,44.05,US Census ACS,2023,https://data.census.gov
80903,Colorado Springs,38.7572,-104.7671,15.4,24.99,41.15,US Census ACS,2023,https://data.census.gov
80904,Colorado Springs,38.7692,-104.9203,13.42,20.65,36.94,US Census ACS,2023,https://data.census.gov
80905,Colorado Springs,38.897,-104.7245,12.58,23.71,40.87,US Census ACS,2023,https://data.census.gov
80906,Colorado Springs,38.9338,-104.7896,12.76,20.71,45.41,US Census ACS,2023,https://data.census.gov
80907,Colorado Springs,38.7351,-104.7152,15.92,24.14,41.55,US Census ACS,2023,https://data.census.gov
80908,Colorado Springs,38.7261,-104.9324,12.67,25.58,44.83,US Census ACS,2023,https://data.census.gov
80909,Colorado Springs,38.7516,-104.6453,12.43,24.67,34.21,US Census ACS,2023,https://data.census.gov
80910,Colorado Springs,38.7266,-104.8132,14.97,22.04,45.22,US Census ACS,2023,https://data.census.gov
80911,Colorado Springs,38.745,-104.9654,13.2,25.51,42.12,US Census ACS,2023,https://data.census.gov
80912,Colorado Springs,38.8741,-104.9725,13.57,22.59,32.15,US Census ACS,2023,https://data.census.gov
80913,Colorado Springs,38.6908,-104.9241,11.9,25.84,43.85,US Census ACS,2023,https://data.census.gov
80914,Colorado Springs,38.7963,-104.7415,11.75,24.85,34.74,US Census ACS,2023,https://data.census.gov
80915,Colorado Springs,38.9103,-104.9924,15.19,21.64,43.32,US Census ACS,2023,https://data.census.gov
80916,Colorado Springs,38.8286,-104.7344,13.47,20.58,34.76,US Census ACS,2023,https://data.census.gov
80917,Colorado Springs,38.7612,-104.9417,16.3,20.99,45.28,US Census ACS,2023,https://data.census.gov
80918,Colorado Springs,38.8939,-104.8331,12.04,23.3,44.26,US Census ACS,2023,https://data.census.gov
80919,Colorado Springs,38.8516,-104.8742,14.43,25.67,34.23,US Census ACS,2023,https://data.census.gov
80920,Colorado Springs,38.8249,-104.9132,16.52,20.38,44.35,US Census ACS,2023,https://data.census.gov
80521,Fort Collins,40.6156,-105.0487,15.93,21.29,34.27,US Census ACS,2023,https://data.census.gov
80522,Fort Collins,40.5813,-105.0875,13.75,20.47,33.93,US Census ACS,2023,https://data.census.gov
80523,Fort Collins,40.7337,-105.2207,12.92,20.23,44.0,US Census ACS,2023,https://data.census.gov
80524,Fort Collins,40.5595,-105.1563,15.31,25.67,31.72,US Census ACS,2023,https://data.census.gov
80525,Fort Collins,40.5862,-104.9995,16.0,21.91,33.06,US Census ACS,2023,https://data.census.gov
80526,Fort Collins,40.4926,-105.1942,13.04,20.45,40.47,US Census ACS,2023,https://data.census.gov
80527,Fort Collins,40.6055,-104.9815,13.0,22.5,45.3,US Census ACS,2023,https://data.census.gov
80528,Fort Collins,40.5814,-105.0669,13.35,19.51,36.03,US Census ACS,2023,https://data.census.gov
80529,Fort Collins,40.4537,-104.9633,14.17,21.48,32.96,US Census ACS,2023,https://data.census.gov
80530,Fort Collins,40.6692,-104.9353,15.53,21.7,43.18,US Census ACS,2023,https://data.census.gov
80531,Fort Collins,40.7276,-104.9174,16.21,24.26,42.76,US Census ACS,2023,https://data.census.gov
80532,Fort Collins,40.5228,-105.1228,13.47,20.27,36.47,US Census ACS,2023,https://data.census.gov
80533,Fort Collins,40.7307,-105.1286,15.81,22.02,44.32,US Census ACS,2023,https://data.census.gov
80534,Fort Collins,40.6703,-105.1334,13.29,22.88,34.4,US Census ACS,2023,https://data.census.gov
80535,Fort Collins,40.5431,-105.0584,15.81,22.4,44.98,US Census ACS,2023,https://data.census.gov
83701,Boise,43.7247,-116.0441,13.92,23.91,39.76,US Census ACS,2023,https://data.census.gov
83702,Boise,43.6019,-116.2558,14.1,22.41,36.46,US Census ACS,2023,https://data.census.gov
83703,Boise,43.6464,-116.2294,16.0,25.79,43.3,US Census ACS,2023,https://data.census.gov
83704,Boise,43.6846,-116.3613,14.8,20.17,36.44,US Census ACS,2023,https://data.census.gov
83705,Boise,43.7173,-116.1541,14.7,21.05,43.35,US Census ACS,2023,https://data.census.gov
83706,Boise,43.5021,-116.1499,16.67,25.78,36.59,US Census ACS,2023,https://data.census.gov
83707,Boise,43.5185,-116.0558,14.38,18.87,37.86,US Census ACS,2023,https://data.census.gov
83708,Boise,43.7088,-116.1862,15.97,24.48,45.37,US Census ACS,2023,https://data.census.gov
83709,Boise,43.718,-116.3356,13.66,24.12,37.15,US Census ACS,2023,https://data.census.gov
83710,Boise,43.5694,-116.3151,11.64,21.67,34.27,US Census ACS,2023,https://data.census.gov
83711,Boise,43.514,-116.3647,15.91,26.09,42.99,US Census ACS,2023,https://data.census.gov
83712,Boise,43.5914,-116.2544,14.58,19.49,45.17,US Census ACS,2023,https://data.census.gov
83713,Boise,43.677,-116.2647,13.42,20.71,38.5,US Census ACS,2023,https://data.census.gov
83714,Boise,43.5255,-116.2124,15.29,22.68,37.46,US Census ACS,2023,https://data.census.gov
83715,Boise,43.6774,-116.1641,15.02,20.95,36.34,US Census ACS,2023,https://data.census.gov
83716,Boise,43.5902,-116.2899,14.69,23.8,38.14,US Census ACS,2023,https://data.census.gov
83717,Boise,43.7008,-116.3328,14.71,22.74,41.18,US Census ACS,2023,https://data.census.gov
83718,Boise,43.5903,-116.2651,14.64,25.06,42.68,US Census ACS,2023,https://data.census.gov
83719,Boise,43.4972,-116.3332,12.99,23.71,43.39,US Census ACS,2023,https://data.census.gov
83720,Boise,43.699,-116.2283,14.73,21.7,33.97,US Census ACS,2023,https://data.census.gov
84101,Salt Lake City,40.8773,-111.9314,12.09,18.56,34.33,US Census ACS,2023,https://data.census.gov
84102,Salt Lake City,40.6363,-112.0239,14.69,19.71,40.78,US Census ACS,2023,https://data.census.gov
84103,Salt Lake City,40.7514,-111.8461,16.6,25.1,45.09,US Census ACS,2023,https://data.census.gov
84104,Salt Lake City,40.823,-111.9307,14.19,22.89,34.93,US Census ACS,2023,https://data.census.gov
84105,Salt Lake City,40.6169,-111.754,16.32,24.29,42.79,US Census ACS,2023,https://data.census.gov
84106,Salt Lake City,40.825,-111.9304,16.27,25.34,34.1,US Census ACS,2023,https://data.census.gov
84107,Salt Lake City,40.7135,-111.8584,13.64,19.03,31.9,US Census ACS,2023,https://data.census.gov
84108,Salt Lake City,40.6178,-112.023,13.74,25.18,40.17,US Census ACS,2023,https://data.census.gov
84109,Salt Lake City,40.6842,-111.832,13.61,24.11,35.31,US Census ACS,2023,https://data.census.gov
84110,Salt Lake City,40.6812,-111.8502,13.56,18.85,34.47,US Census ACS,2023,https://data.census.gov
84111,Salt Lake City,40.7174,-111.7903,12.57,26.45,42.1,US Census ACS,2023,https://data.census.gov
84112,Salt Lake City,40.8392,-111.8342,16.44,19.27,33.93,US Census ACS,2023,https://data.census.gov
84113,Salt Lake City,40.8892,-111.8919,12.12,24.98,38.02,US Census ACS,2023,https://data.census.gov
84114,Salt Lake City,40.8178,-111.7551,12.37,18.77,44.29,US Census ACS,2023,https://data.census.gov
84115,Salt Lake City,40.8422,-111.9471,13.59,25.39,39.01,US Census ACS,2023,https://data.census.gov
84116,Salt Lake City,40.8637,-111.9126,12.59,25.22,35.92,US Census ACS,2023,https://data.census.gov
84117,Salt Lake City,40.7678,-111.8173,15.62,20.77,32.72,US Census ACS,2023,https://data.census.gov
84118,Salt Lake City,40.7497,-111.8455,15.3,23.07,32.08,US Census ACS,2023,https://data.census.gov
84119,Salt Lake City,40.8466,-111.8149,13.4,24.84,32.8,US Census ACS,2023,https://data.census.gov
84120,Salt Lake City,40.8174,-111.8833,13.25,22.51,39.46,US Census ACS,2023,https://data.census.gov
84121,Salt Lake City,40.7933,-111.7582,13.69,24.93,39.72,US Census ACS,2023,https://data.census.gov
84122,Salt Lake City,40.6815,-111.9512,13.54,24.04,40.65,US Census ACS,2023,https://data.census.gov
84123,Salt Lake City,40.7958,-111.9414,14.14,21.65,42.83,US Census ACS,2023,https://data.census.gov
84124,Salt Lake City,40.7031,-111.7985,11.89,20.82,43.75,US Census ACS,2023,https://data.census.gov
84125,Salt Lake City,40.8587,-111.7259,14.31,24.93,45.41,US Census ACS,2023,https://data.census.gov
84126,Salt Lake City,40.6944,-112.0675,15.06,24.44,44.04,US Census ACS,2023,https://data.census.gov
84127,Salt Lake City,40.7442,-112.0667,14.67,26.2,43.18,US Census ACS,2023,https://data.census.gov
84128,Salt Lake City,40.8542,-111.9549,12.47,23.81,44.3,US Census ACS,2023,https://data.census.gov
84129,Salt Lake City,40.7484,-111.8172,12.0,20.67,41.58,US Census ACS,2023,https://data.census.gov
84130,Salt Lake City,40.7792,-111.7822,16.73,26.51,44.93,US Census ACS,2023,https://data.census.gov
89501,Reno,39.4008,-119.9316,14.9,20.86,35.68,US Census ACS,2023,https://data.census.gov
89502,Reno,39.3829,-119.8015,11.68,25.47,44.6,US Census ACS,2023,https://data.census.gov
89503,Reno,39.6474,-119.9435,12.6,20.42,33.04,US Census ACS,2023,https://data.census.gov
89504,Reno,39.5015,-119.7962,15.54,22.19,38.07,US Census ACS,2023,https://data.census.gov
89505,Reno,39.6072,-119.9909,15.99,21.74,36.93,US Census ACS,2023,https://data.census.gov
89506,Reno,39.539,-119.9151,15.21,23.36,39.95,US Census ACS,2023,https://data.census.gov
89507,Reno,39.613,-119.7196,13.8,26.49,39.98,US Census ACS,2023,https://data.census.gov
89508,Reno,39.4903,-119.9834,16.3,20.38,42.85,US Census ACS,2023,https://data.census.gov
89509,Reno,39.4744,-119.7708,16.31,23.4,31.64,US Census ACS,2023,https://data.census.gov
89510,Reno,39.4756,-119.6483,14.35,21.52,44.06,US Census ACS,2023,https://data.census.gov
89511,Reno,39.6468,-119.9826,15.73,25.62,35.32,US Census ACS,2023,https://data.census.gov
89512,Reno,39.6637,-119.9181,14.5,19.84,43.28,US Census ACS,2023,https://data.census.gov
89513,Reno,39.6736,-119.6495,15.77,25.23,45.1,US Census ACS,2023,https://data.census.gov
89514,Reno,39.589,-119.9675,12.14,19.74,39.53,US Census ACS,2023,https://data.census.gov
89515,Reno,39.6568,-119.839,13.92,24.57,32.77,US Census ACS,2023,https://data.census.gov
32301,Tallahassee,30.5905,-84.2476,12.73,22.77,36.25,US Census ACS,2023,https://data.census.gov
32302,Tallahassee,30.5402,-84.2703,12.82,26.55,36.21,US Census ACS,2023,https://data.census.gov
32303,Tallahassee,30.3944,-84.1612,16.21,25.66,40.01,US Census ACS,2023,https://data.census.gov
32304,Tallahassee,30.3974,-84.269,15.8,18.94,37.95,US Census ACS,2023,https://data.census.gov
32305,Tallahassee,30.3641,-84.1975,13.41,21.94,35.47,US Census ACS,2023,https://data.census.gov
32306,Tallahassee,30.3177,-84.4342,12.73,26.35,35.18,US Census ACS,2023,https://data.census.gov
32307,Tallahassee,30.3535,-84.1511,11.96,24.68,42.37,US Census ACS,2023,https://data.census.gov
32308,Tallahassee,30.3849,-84.2306,13.58,18.45,40.98,US Census ACS,2023,https://data.census.gov
32309,Tallahassee,30.4286,-84.2102,12.68,23.98,41.09,US Census ACS,2023,https://data.census.gov
32310,Tallahassee,30.5122,-84.4036,13.84,23.32,43.21,US Census ACS,2023,https://data.census.gov
32311,Tallahassee,30.3031,-84.3612,14.66,25.65,44.24,US Census ACS,2023,https://data.census.gov
32312,Tallahassee,30.3315,-84.1262,14.51,25.55,37.48,US Census ACS,2023,https://data.census.gov
32313,Tallahassee,30.4697,-84.3331,15.29,25.16,33.44,US Census ACS,2023,https://data.census.gov
32314,Tallahassee,30.5859,-84.2822,14.98,25.31,42.65,US Census ACS,2023,https://data.census.gov
32315,Tallahassee,30.4252,-84.1236,11.77,21.17,36.66,US Census ACS,2023,https://data.census.gov
32601,Gainesville,29.5759,-82.3427,13.56,26.03,44.04,US Census ACS,2023,https://data.census.gov
32602,Gainesville,29.7319,-82.1685,12.93,18.75,42.72,US Census ACS,2023,https://data.census.gov
32603,Gainesville,29.5254,-82.2665,16.69,23.75,38.7,US Census ACS,2023,https://data.census.gov
32604,Gainesville,29.5349,-82.1629,12.85,22.45,35.82,US Census ACS,2023,https://data.census.gov
32605,Gainesville,29.7162,-82.2602,12.95,26.15,35.95,US Census ACS,2023,https://data.census.gov
32606,Gainesville,29.5085,-82.4095,14.99,20.58,34.64,US Census ACS,2023,https://data.census.gov
32607,Gainesville,29.7182,-82.455,12.5,22.92,43.8,US Census ACS,2023,https://data.census.gov
32608,Gainesville,29.5656,-82.3986,12.5,21.17,44.0,US Census ACS,2023,https://data.census.gov
32609,Gainesville,29.6681,-82.1764,13.59,23.05,40.81,US Census ACS,2023,https://data.census.gov
32610,Gainesville,29.7204,-82.4582,16.25,18.51,33.36,US Census ACS,2023,https://data.census.gov
32611,Gainesville,29.7424,-82.4406,15.78,23.26,44.76,US Census ACS,2023,https://data.census.gov
32612,Gainesville,29.6499,-82.2905,16.64,21.5,34.04,US Census ACS,2023,https://data.census.gov
32613,Gainesville,29.7811,-82.2597,14.26,25.83,43.18,US Census ACS,2023,https://data.census.gov
32614,Gainesville,29.5171,-82.286,16.42,23.73,41.41,US Census ACS,2023,https://data.census.gov
32615,Gainesville,29.5239,-82.2676,14.28,25.51,38.22,US Census ACS,2023,https://data.census.gov
34201,Bradenton,27.5224,-82.5544,14.37,20.58,36.36,US Census ACS,2023,https://data.census.gov
34202,Bradenton,27.5379,-82.6255,13.3,18.67,33.8,US Census ACS,2023,https://data.census.gov
34203,Bradenton,27.3712,-82.6118,14.64,22.63,35.74,US Census ACS,2023,https://data.census.gov
34204,Bradenton,27.6075,-82.486,15.61,21.83,39.34,US Census ACS,2023,https://data.census.gov
34205,Bradenton,27.6163,-82.5212,16.34,24.8,40.75,US Census ACS,2023,https://data.census.gov
34206,Bradenton,27.5039,-82.5677,16.6,19.63,38.8,US Census ACS,2023,https://data.census.gov
34207,Bradenton,27.4793,-82.4632,12.91,20.01,44.89,US Census ACS,2023,https://data.census.gov
34208,Bradenton,27.4071,-82.6673,14.28,22.56,35.46,US Census ACS,2023,https://data.census.gov
34209,Bradenton,27.5284,-82.4593,15.43,19.38,32.18,US Census ACS,2023,https://data.census.gov
34210,Bradenton,27.5195,-82.7443,13.21,22.5,33.65,US Census ACS,2023,https://data.census.gov
34211,Bradenton,27.5849,-82.4356,13.13,22.48,36.63,US Census ACS,2023,https://data.census.gov
34212,Bradenton,27.5312,-82.7127,13.93,22.13,37.63,US Census ACS,2023,https://data.census.gov
34213,Bradenton,27.4925,-82.5154,14.31,21.95,42.85,US Census ACS,2023,https://data.census.gov
34214,Bradenton,27.5645,-82.7151,16.09,23.48,40.93,US Census ACS,2023,https://data.census.gov
34215,Bradenton,27.4423,-82.4399,12.78,18.47,33.24,US Census ACS,2023,https://data.census.gov
34101,Naples,26.0832,-81.9686,16.04,19.69,37.52,US Census ACS,2023,https://data.census.gov
34102,Naples,26.1254,-81.9501,15.7,25.44,43.69,US Census ACS,2023,https://data.census.gov
34103,Naples,26.272,-81.9541,12.6,24.78,45.21,US Census ACS,2023,https://data.census.gov
34104,Naples,26.2264,-81.898,12.08,19.06,33.37,US Census ACS,2023,https://data.census.gov
34105,Naples,26.1227,-81.8102,16.06,24.7,36.38,US Census ACS,2023,https://data.census.gov
34106,Naples,26.0522,-81.8199,15.98,20.32,34.19,US Census ACS,2023,https://data.census.gov
34107,Naples,26.2024,-81.6868,13.34,21.76,36.87,US Census ACS,2023,https://data.census.gov
34108,Naples,26.1194,-81.6176,12.35,19.12,35.12,US Census ACS,2023,https://data.census.gov
34109,Naples,26.2919,-81.7136,12.12,20.82,43.84,US Census ACS,2023,https://data.census.gov
34110,Naples,26.2087,-81.9122,13.53,21.98,45.17,US Census ACS,2023,https://data.census.gov
34111,Naples,26.1317,-81.655,16.18,18.72,35.11,US Census ACS,2023,https://data.census.gov
34112,Naples,26.2823,-81.7252,12.47,20.72,42.28,US Census ACS,2023,https://data.census.gov
34113,Naples,26.2828,-81.9213,13.03,23.53,33.02,US Census ACS,2023,https://data.census.gov
34114,Naples,26.1011,-81.9585,11.78,24.92,41.41,US Census ACS,2023,https://data.census.gov
34115,Naples,26.1366,-81.9444,13.07,23.29,38.81,US Census ACS,2023,https://data.census.gov
33901,Fort Myers,26.5658,-81.8248,12.6,24.84,44.08,US Census ACS,2023,https://data.census.gov
33902,Fort Myers,26.7253,-81.6952,12.81,25.99,36.38,US Census ACS,2023,https://data.census.gov
33903,Fort Myers,26.5693,-81.8814,13.61,24.18,37.8,US Census ACS,2023,https://data.census.gov
33904,Fort Myers,26.7609,-81.8204,13.62,21.85,38.47,US Census ACS,2023,https://data.census.gov
33905,Fort Myers,26.6128,-81.9642,14.32,26.11,34.36,US Census ACS,2023,https://data.census.gov
33906,Fort Myers,26.6223,-81.7403,15.28,22.43,32.89,US Census ACS,2023,https://data.census.gov
33907,Fort Myers,26.7652,-82.0271,15.01,19.79,40.55,US Census ACS,2023,https://data.census.gov
33908,Fort Myers,26.6913,-82.009,15.75,19.44,38.9,US Census ACS,2023,https://data.census.gov
33909,Fort Myers,26.5124,-81.8548,12.58,25.35,41.48,US Census ACS,2023,https://data.census.gov
33910,Fort Myers,26.6152,-81.8194,12.9,21.82,41.25,US Census ACS,2023,https://data.census.gov
33911,Fort Myers,26.6955,-82.0171,14.7,23.93,33.57,US Census ACS,2023,https://data.census.gov
33912,Fort Myers,26.7652,-81.9255,16.35,25.29,36.74,US Census ACS,2023,https://data.census.gov
33913,Fort Myers,26.6781,-81.9457,16.33,20.24,33.49,US Census ACS,2023,https://data.census.gov
33914,Fort Myers,26.7557,-81.9375,14.9,21.43,34.56,US Census ACS,2023,https://data.census.gov
33915,Fort Myers,26.7142,-81.8661,15.07,21.29,39.86,US Census ACS,2023,https://data.census.gov
29401,Charleston,32.8378,-79.9581,13.92,24.91,32.29,US Census ACS,2023,https://data.census.gov
29402,Charleston,32.7984,-80.0783,12.79,22.03,39.62,US Census ACS,2023,https://data.census.gov
29403,Charleston,32.7493,-80.0996,14.32,23.51,38.06,US Census ACS,2023,https://data.census.gov
29404,Charleston,32.8686,-79.902,13.63,23.02,40.99,US Census ACS,2023,https://data.census.gov
29405,Charleston,32.6568,-79.8185,14.5,18.73,44.14,US Census ACS,2023,https://data.census.gov
29406,Charleston,32.7558,-79.8329,13.25,20.89,40.08,US Census ACS,2023,https://data.census.gov
29407,Charleston,32.6832,-79.7675,13.5,24.08,44.51,US Census ACS,2023,https://data.census.gov
29408,Charleston,32.9212,-79.9332,15.45,26.2,44.74,US Census ACS,2023,https://data.census.gov
29409,Charleston,32.7374,-80.0304,11.66,25.19,42.16,US Census ACS,2023,https://data.census.gov
29410,Charleston,32.6646,-79.8561,16.63,26.19,45.35,US Census ACS,2023,https://data.census.gov
29411,Charleston,32.6555,-79.961,14.4,24.02,44.66,US Census ACS,2023,https://data.census.gov
29412,Charleston,32.784,-80.086,12.17,21.66,34.19,US Census ACS,2023,https://data.census.gov
29413,Charleston,32.8466,-80.0877,16.25,22.06,38.21,US Census ACS,2023,https://data.census.gov
29414,Charleston,32.6435,-80.0742,16.14,25.16,40.78,US Census ACS,2023,https://data.census.gov
29415,Charleston,32.8374,-80.0955,14.49,26.01,39.02,US Census ACS,2023,https://data.census.gov
29416,Charleston,32.7279,-79.7631,12.7,26.47,44.34,US Census ACS,2023,https://data.census.gov
29417,Charleston,32.7218,-79.8965,13.61,20.91,32.45,US Census ACS,2023,https://data.census.gov
29418,Charleston,32.7093,-79.8765,12.83,21.68,44.36,US Census ACS,2023,https://data.census.gov
29419,Charleston,32.763,-80.0967,12.49,25.38,34.36,US Census ACS,2023,https://data.census.gov
29420,Charleston,32.8974,-80.0862,15.38,21.78,36.14,US Census ACS,2023,https://data.census.gov
29601,Greenville,34.7105,-82.5104,13.94,18.94,32.37,US Census ACS,2023,https://data.census.gov
29602,Greenville,34.9545,-82.3343,12.51,20.99,41.24,US Census ACS,2023,https://data.census.gov
29603,Greenville,34.9081,-82.4877,15.17,18.68,34.64,US Census ACS,2023,https://data.census.gov
29604,Greenville,34.7513,-82.3972,16.28,25.5,42.57,US Census ACS,2023,https://data.census.gov
29605,Greenville,34.8501,-82.2702,12.04,19.11,35.57,US Census ACS,2023,https://data.census.gov
29606,Greenville,34.715,-82.555,15.8,19.71,34.92,US Census ACS,2023,https://data.census.gov
29607,Greenville,34.9625,-82.2166,13.78,22.55,38.07,US Census ACS,2023,https://data.census.gov
29608,Greenville,34.9785,-82.2244,14.18,21.5,44.82,US Census ACS,2023,https://data.census.gov
29609,Greenville,34.7826,-82.5169,12.35,19.16,41.66,US Census ACS,2023,https://data.census.gov
29610,Greenville,34.9734,-82.2151,15.03,26.52,42.99,US Census ACS,2023,https://data.census.gov
29611,Greenville,34.8064,-82.2351,15.05,19.11,40.19,US Census ACS,2023,https://data.census.gov
29612,Greenville,34.946,-82.2401,16.11,18.72,44.5,US Census ACS,2023,https://data.census.gov
29613,Greenville,34.7493,-82.3711,14.97,24.82,34.14,US Census ACS,2023,https://data.census.gov
29614,Greenville,34.7388,-82.5453,13.74,24.09,38.54,US Census ACS,2023,https://data.census.gov
29615,Greenville,34.8471,-82.2164,16.67,22.01,39.96,US Census ACS,2023,https://data.census.gov
29616,Greenville,34.9207,-82.5295,16.68,18.52,37.47,US Census ACS,2023,https://data.census.gov
29617,Greenville,34.8917,-82.5078,16.49,19.12,44.98,US Census ACS,2023,https://data.census.gov
29618,Greenville,34.8045,-82.453,15.96,24.87,36.98,US Census ACS,2023,https://data.census.gov
29619,Greenville,34.7132,-82.5286,14.33,18.74,32.96,US Census ACS,2023,https://data.census.gov
29620,Greenville,34.7837,-82.4538,15.05,25.51,35.29,US Census ACS,2023,https://data.census.gov
29201,Columbia SC,33.9151,-81.0628,13.2,21.05,36.4,US Census ACS,2023,https://data.census.gov
29202,Columbia SC,34.0366,-81.0949,13.36,18.72,40.45,US Census ACS,2023,https://data.census.gov
29203,Columbia SC,34.1143,-81.2031,12.84,26.23,38.64,US Census ACS,2023,https://data.census.gov
29204,Columbia SC,33.944,-81.045,12.64,18.7,40.9,US Census ACS,2023,https://data.census.gov
29205,Columbia SC,33.9654,-81.0432,14.42,22.57,41.77,US Census ACS,2023,https://data.census.gov
29206,Columbia SC,34.0438,-80.9795,11.83,25.35,41.28,US Census ACS,2023,https://data.census.gov
29207,Columbia SC,33.9863,-81.0268,16.17,21.72,42.99,US Census ACS,2023,https://data.census.gov
29208,Columbia SC,33.8914,-81.1355,15.94,22.52,34.38,US Census ACS,2023,https://data.census.gov
29209,Columbia SC,34.0882,-81.0932,13.07,26.45,42.43,US Census ACS,2023,https://data.census.gov
29210,Columbia SC,33.9085,-80.8851,14.88,22.18,44.95,US Census ACS,2023,https://data.census.gov
29211,Columbia SC,33.8665,-80.9504,16.16,21.73,43.29,US Census ACS,2023,https://data.census.gov
29212,Columbia SC,33.9038,-81.0049,14.95,23.91,41.48,US Census ACS,2023,https://data.census.gov
29213,Columbia SC,34.1246,-81.0741,12.26,19.33,45.09,US Census ACS,2023,https://data.census.gov
29214,Columbia SC,34.0972,-81.1769,12.97,26.26,42.77,US Census ACS,2023,https://data.census.gov
29215,Columbia SC,34.0429,-81.0454,16.56,26.41,33.46,US Census ACS,2023,https://data.census.gov
29216,Columbia SC,34.0369,-81.0253,15.78,18.73,33.31,US Census ACS,2023,https://data.census.gov
29217,Columbia SC,34.0824,-80.8984,16.37,18.86,40.24,US Census ACS,2023,https://data.census.gov
29218,Columbia SC,33.9306,-80.9884,14.62,19.28,34.66,US Census ACS,2023,https://data.census.gov
29219,Columbia SC,34.1067,-81.1547,12.39,21.07,41.11,US Census ACS,2023,https://data.census.gov
29220,Columbia SC,33.862,-81.0269,12.95,26.1,34.53,US Census ACS,2023,https://data.census.gov
28801,Asheville,35.573,-82.678,12.82,26.05,44.66,US Census ACS,2023,https://data.census.gov
28802,Asheville,35.7064,-82.6224,12.43,20.1,42.3,US Census ACS,2023,https://data.census.gov
28803,Asheville,35.5252,-82.6693,15.47,22.06,36.98,US Census ACS,2023,https://data.census.gov
28804,Asheville,35.6788,-82.4915,12.79,23.17,36.86,US Census ACS,2023,https://data.census.gov
28805,Asheville,35.6534,-82.4921,12.75,22.16,31.71,US Census ACS,2023,https://data.census.gov
28806,Asheville,35.4896,-82.6949,15.1,24.25,43.38,US Census ACS,2023,https://data.census.gov
28807,Asheville,35.7407,-82.5032,15.2,18.55,33.17,US Census ACS,2023,https://data.census.gov
28808,Asheville,35.5171,-82.6369,16.63,20.41,35.71,US Census ACS,2023,https://data.census.gov
28809,Asheville,35.4711,-82.5963,12.32,22.39,33.03,US Census ACS,2023,https://data.census.gov
28810,Asheville,35.5202,-82.5261,15.65,25.7,35.59,US Census ACS,2023,https://data.census.gov
28811,Asheville,35.6102,-82.5894,15.97,19.05,32.14,US Census ACS,2023,https://data.census.gov
28812,Asheville,35.6689,-82.6992,16.25,20.55,32.03,US Census ACS,2023,https://data.census.gov
28813,Asheville,35.504,-82.524,16.43,23.69,42.2,US Census ACS,2023,https://data.census.gov
28814,Asheville,35.6386,-82.4758,12.94,26.34,42.57,US Census ACS,2023,https://data.census.gov
28815,Asheville,35.6241,-82.497,13.55,24.53,42.9,US Census ACS,2023,https://data.census.gov
28401,Wilmington,34.3649,-78.0166,14.36,26.24,41.64,US Census ACS,2023,https://data.census.gov
28402,Wilmington,34.1659,-77.8993,13.44,20.81,32.18,US Census ACS,2023,https://data.census.gov
28403,Wilmington,34.2612,-77.8858,12.51,25.92,36.9,US Census ACS,2023,https://data.census.gov
28404,Wilmington,34.2521,-77.8046,14.07,26.3,33.23,US Census ACS,2023,https://data.census.gov
28405,Wilmington,34.0912,-77.9694,16.19,26.38,34.83,US Census ACS,2023,https://data.census.gov
28406,Wilmington,34.2061,-77.9729,12.63,23.45,41.12,US Census ACS,2023,https://data.census.gov
28407,Wilmington,34.3221,-77.826,14.34,23.9,38.8,US Census ACS,2023,https://data.census.gov
28408,Wilmington,34.3666,-77.8505,15.96,25.02,38.99,US Census ACS,2023,https://data.census.gov
28409,Wilmington,34.2809,-77.9844,16.61,25.1,43.82,US Census ACS,2023,https://data.census.gov
28410,Wilmington,34.205,-77.7853,16.46,25.98,32.14,US Census ACS,2023,https://data.census.gov
28411,Wilmington,34.3567,-77.9451,11.93,20.0,31.86,US Census ACS,2023,https://data.census.gov
28412,Wilmington,34.3258,-77.8794,15.19,20.86,32.73,US Census ACS,2023,https://data.census.gov
28413,Wilmington,34.3283,-77.8124,14.76,18.5,31.63,US Census ACS,2023,https://data.census.gov
28414,Wilmington,34.2851,-78.0868,14.99,20.3,39.24,US Census ACS,2023,https://data.census.gov
28415,Wilmington,34.2604,-78.0358,12.11,24.86,42.28,US Census ACS,2023,https://data.census.gov
27101,Winston-Salem,35.9973,-80.1492,13.29,18.64,45.29,US Census ACS,2023,https://data.census.gov
27102,Winston-Salem,36.0029,-80.4242,15.02,19.76,40.75,US Census ACS,2023,https://data.census.gov
27103,Winston-Salem,36.223,-80.168,15.75,19.33,41.21,US Census ACS,2023,https://data.census.gov
27104,Winston-Salem,35.985,-80.1287,14.39,19.69,35.15,US Census ACS,2023,https://data.census.gov
27105,Winston-Salem,36.2445,-80.2856,14.27,21.68,45.12,US Census ACS,2023,https://data.census.gov
27106,Winston-Salem,36.2495,-80.2037,12.16,20.8,41.31,US Census ACS,2023,https://data.census.gov
27107,Winston-Salem,36.1911,-80.345,13.91,23.46,33.18,US Census ACS,2023,https://data.census.gov
27108,Winston-Salem,36.2195,-80.0711,11.71,26.27,36.91,US Census ACS,2023,https://data.census.gov
27109,Winston-Salem,36.0873,-80.3974,13.22,19.25,31.57,US Census ACS,2023,https://data.census.gov
27110,Winston-Salem,36.2393,-80.3048,12.8,25.13,44.08,US Census ACS,2023,https://data.census.gov
27111,Winston-Salem,36.1759,-80.2725,16.59,25.45,42.74,US Census ACS,2023,https://data.census.gov
27112,Winston-Salem,36.0104,-80.1828,14.19,19.38,34.53,US Census ACS,2023,https://data.census.gov
27113,Winston-Salem,35.9638,-80.3199,12.3,22.13,35.49,US Census ACS,2023,https://data.census.gov
27114,Winston-Salem,36.0353,-80.0996,13.25,18.81,37.6,US Census ACS,2023,https://data.census.gov
27115,Winston-Salem,36.1689,-80.3089,16.7,22.63,32.83,US Census ACS,2023,https://data.census.gov
27401,Greensboro,35.9595,-79.8407,12.25,24.92,36.71,US Census ACS,2023,https://data.census.gov
27402,Greensboro,36.0916,-79.887,11.65,26.01,41.36,US Census ACS,2023,https://data.census.gov
27403,Greensboro,36.0934,-79.8383,15.42,19.92,34.82,US Census ACS,2023,https://data.census.gov
27404,Greensboro,36.1839,-79.8369,15.78,22.36,45.33,US Census ACS,2023,https://data.census.gov
27405,Greensboro,36.1583,-79.7881,14.89,23.29,40.64,US Census ACS,2023,https://data.census.gov
27406,Greensboro,36.1104,-79.9492,15.04,22.28,40.76,US Census ACS,2023,https://data.census.gov
27407,Greensboro,36.1398,-79.8158,15.23,20.24,40.83,US Census ACS,2023,https://data.census.gov
27408,Greensboro,36.1592,-79.6758,16.56,24.47,31.97,US Census ACS,2023,https://data.census.gov
27409,Greensboro,36.0295,-79.7582,11.84,24.27,42.83,US Census ACS,2023,https://data.census.gov
27410,Greensboro,35.9436,-79.9177,14.48,24.99,31.73,US Census ACS,2023,https://data.census.gov
27411,Greensboro,35.9339,-79.9034,14.03,25.45,32.65,US Census ACS,2023,https://data.census.gov
27412,Greensboro,36.0767,-79.9471,12.72,22.79,34.71,US Census ACS,2023,https://data.census.gov
27413,Greensboro,35.9547,-79.684,14.02,25.25,43.17,US Census ACS,2023,https://data.census.gov
27414,Greensboro,36.1511,-79.8327,14.77,21.11,34.51,US Census ACS,2023,https://data.census.gov
27415,Greensboro,35.9316,-79.8185,16.68,25.52,34.82,US Census ACS,2023,https://data.census.gov
43001,Grand Rapids,42.8743,-85.7216,12.58,23.17,35.61,US Census ACS,2023,https://data.census.gov
43002,Grand Rapids,42.8528,-85.5014,12.13,26.41,40.05,US Census ACS,2023,https://data.census.gov
43003,Grand Rapids,42.8491,-85.781,12.93,21.43,42.84,US Census ACS,2023,https://data.census.gov
43004,Grand Rapids,43.0914,-85.5842,15.94,23.26,44.15,US Census ACS,2023,https://data.census.gov
43005,Grand Rapids,42.9423,-85.7296,14.14,24.91,41.39,US Census ACS,2023,https://data.census.gov
43006,Grand Rapids,42.9598,-85.5206,14.21,19.63,33.98,US Census ACS,2023,https://data.census.gov
43007,Grand Rapids,43.0938,-85.8338,14.9,21.89,33.26,US Census ACS,2023,https://data.census.gov
43008,Grand Rapids,42.9741,-85.5531,12.52,21.72,33.34,US Census ACS,2023,https://data.census.gov
43009,Grand Rapids,43.0076,-85.5104,13.69,19.76,40.3,US Census ACS,2023,https://data.census.gov
43010,Grand Rapids,43.079,-85.6645,13.07,22.44,44.16,US Census ACS,2023,https://data.census.gov
43011,Grand Rapids,42.848,-85.6731,14.05,20.15,36.87,US Census ACS,2023,https://data.census.gov
43012,Grand Rapids,42.9436,-85.8077,12.76,21.92,44.99,US Census ACS,2023,https://data.census.gov
43013,Grand Rapids,42.9982,-85.7607,14.39,26.54,42.78,US Census ACS,2023,https://data.census.gov
43014,Grand Rapids,42.9773,-85.6825,11.68,25.9,33.59,US Census ACS,2023,https://data.census.gov
43015,Grand Rapids,43.0342,-85.5218,12.92,20.37,32.55,US Census ACS,2023,https://data.census.gov
48201,Detroit,42.1973,-83.2206,11.98,23.68,44.74,US Census ACS,2023,https://data.census.gov
48202,Detroit,42.4177,-83.0689,13.51,24.47,35.07,US Census ACS,2023,https://data.census.gov
48203,Detroit,42.2453,-82.9203,16.42,19.07,45.13,US Census ACS,2023,https://data.census.gov
48204,Detroit,42.3573,-83.0502,14.38,19.36,44.14,US Census ACS,2023,https://data.census.gov
48205,Detroit,42.3991,-83.0134,16.29,21.32,43.86,US Census ACS,2023,https://data.census.gov
48206,Detroit,42.3306,-83.0813,16.26,25.79,38.68,US Census ACS,2023,https://data.census.gov
48207,Detroit,42.4278,-82.9771,13.68,20.32,42.84,US Census ACS,2023,https://data.census.gov
48208,Detroit,42.302,-83.0174,13.71,20.55,44.35,US Census ACS,2023,https://data.census.gov
48209,Detroit,42.4095,-83.1609,13.11,21.3,43.5,US Census ACS,2023,https://data.census.gov
48210,Detroit,42.3559,-83.1481,14.17,22.61,37.31,US Census ACS,2023,https://data.census.gov
48211,Detroit,42.3471,-82.9015,14.68,23.77,41.98,US Census ACS,2023,https://data.census.gov
48212,Detroit,42.4259,-82.9867,16.42,25.18,34.94,US Census ACS,2023,https://data.census.gov
48213,Detroit,42.2223,-82.9804,16.13,24.96,38.2,US Census ACS,2023,https://data.census.gov
48214,Detroit,42.3393,-83.1273,13.36,20.0,40.23,US Census ACS,2023,https://data.census.gov
48215,Detroit,42.3572,-83.1742,15.87,20.12,35.11,US Census ACS,2023,https://data.census.gov
48216,Detroit,42.1875,-83.005,12.84,22.5,40.73,US Census ACS,2023,https://data.census.gov
48217,Detroit,42.2142,-83.1564,13.76,20.45,36.62,US Census ACS,2023,https://data.census.gov
48218,Detroit,42.235,-82.9388,11.93,23.01,31.88,US Census ACS,2023,https://data.census.gov
48219,Detroit,42.2016,-82.9326,14.71,20.71,40.42,US Census ACS,2023,https://data.census.gov
48220,Detroit,42.216,-82.8858,14.72,25.76,37.48,US Census ACS,2023,https://data.census.gov
48221,Detroit,42.2089,-82.8904,13.7,18.81,39.49,US Census ACS,2023,https://data.census.gov
48222,Detroit,42.3252,-83.0244,14.81,26.21,44.88,US Census ACS,2023,https://data.census.gov
48223,Detroit,42.2834,-83.1586,15.68,20.84,36.87,US Census ACS,2023,https://data.census.gov
48224,Detroit,42.2125,-83.1802,13.26,23.89,34.55,US Census ACS,2023,https://data.census.gov
48225,Detroit,42.2286,-83.0667,16.03,23.14,32.7,US Census ACS,2023,https://data.census.gov
44101,Cleveland,41.4554,-81.6311,13.85,21.51,45.08,US Census ACS,2023,https://data.census.gov
44102,Cleveland,41.351,-81.8176,11.81,23.42,41.62,US Census ACS,2023,https://data.census.gov
44103,Cleveland,41.5309,-81.673,14.1,22.17,35.4,US Census ACS,2023,https://data.census.gov
44104,Cleveland,41.5694,-81.8496,16.44,18.77,40.0,US Census ACS,2023,https://data.census.gov
44105,Cleveland,41.4309,-81.6931,15.44,24.27,39.83,US Census ACS,2023,https://data.census.gov
44106,Cleveland,41.4878,-81.5888,12.24,22.53,42.52,US Census ACS,2023,https://data.census.gov
44107,Cleveland,41.4322,-81.6131,13.54,25.31,35.25,US Census ACS,2023,https://data.census.gov
44108,Cleveland,41.3693,-81.8196,16.6,20.86,45.14,US Census ACS,2023,https://data.census.gov
44109,Cleveland,41.4538,-81.8648,15.93,20.4,37.5,US Census ACS,2023,https://data.census.gov
44110,Cleveland,41.4196,-81.5907,14.15,21.76,37.11,US Census ACS,2023,https://data.census.gov
44111,Cleveland,41.4227,-81.7312,13.09,20.27,32.44,US Census ACS,2023,https://data.census.gov
44112,Cleveland,41.519,-81.8288,14.83,20.41,34.25,US Census ACS,2023,https://data.census.gov
44113,Cleveland,41.6069,-81.5239,15.78,25.74,40.98,US Census ACS,2023,https://data.census.gov
44114,Cleveland,41.6238,-81.8331,16.54,23.26,40.52,US Census ACS,2023,https://data.census.gov
44115,Cleveland,41.3969,-81.6232,12.31,25.45,42.97,US Census ACS,2023,https://data.census.gov
44116,Cleveland,41.64,-81.7835,13.69,23.67,32.38,US Census ACS,2023,https://data.census.gov
44117,Cleveland,41.3571,-81.6929,15.01,22.22,31.6,US Census ACS,2023,https://data.census.gov
44118,Cleveland,41.4846,-81.7242,13.61,24.95,34.26,US Census ACS,2023,https://data.census.gov
44119,Cleveland,41.4413,-81.7524,16.69,22.76,34.78,US Census ACS,2023,https://data.census.gov
44120,Cleveland,41.3535,-81.5433,16.48,20.55,33.19,US Census ACS,2023,https://data.census.gov
45201,Cincinnati,39.0155,-84.3903,15.38,24.72,41.8,US Census ACS,2023,https://data.census.gov
45202,Cincinnati,39.1867,-84.3378,11.94,19.46,32.54,US Census ACS,2023,https://data.census.gov
45203,Cincinnati,39.0536,-84.6602,13.1,21.87,41.32,US Census ACS,2023,https://data.census.gov
45204,Cincinnati,39.1058,-84.4079,14.43,26.22,42.7,US Census ACS,2023,https://data.census.gov
45205,Cincinnati,39.1155,-84.5335,12.32,26.37,36.58,US Census ACS,2023,https://data.census.gov
45206,Cincinnati,38.9712,-84.6044,14.49,22.82,34.52,US Census ACS,2023,https://data.census.gov
45207,Cincinnati,39.208,-84.3521,14.38,26.14,32.19,US Census ACS,2023,https://data.census.gov
45208,Cincinnati,39.2018,-84.5587,12.16,20.35,38.22,US Census ACS,2023,https://data.census.gov
45209,Cincinnati,39.2051,-84.6332,11.87,25.39,37.17,US Census ACS,2023,https://data.census.gov
45210,Cincinnati,39.0084,-84.3704,13.79,21.29,44.83,US Census ACS,2023,https://data.census.gov
45211,Cincinnati,39.2116,-84.4967,11.98,21.96,38.56,US Census ACS,2023,https://data.census.gov
45212,Cincinnati,38.9616,-84.5632,15.49,24.71,43.46,US Census ACS,2023,https://data.census.gov
45213,Cincinnati,39.0754,-84.6851,13.04,20.81,35.89,US Census ACS,2023,https://data.census.gov
45214,Cincinnati,39.1589,-84.6154,15.26,19.34,41.36,US Census ACS,2023,https://data.census.gov
45215,Cincinnati,39.165,-84.399,13.65,20.44,43.48,US Census ACS,2023,https://data.census.gov
45216,Cincinnati,39.0157,-84.5888,13.07,22.55,35.64,US Census ACS,2023,https://data.census.gov
45217,Cincinnati,39.1828,-84.5521,13.22,18.49,32.32,US Census ACS,2023,https://data.census.gov
45218,Cincinnati,39.0353,-84.5898,15.09,19.61,42.03,US Census ACS,2023,https://data.census.gov
45219,Cincinnati,39.1363,-84.5017,12.0,25.9,32.57,US Census ACS,2023,https://data.census.gov
45220,Cincinnati,39.0779,-84.4413,16.33,21.14,34.69,US Census ACS,2023,https://data.census.gov
15201,Pittsburgh,40.4524,-79.9771,13.05,25.18,40.19,US Census ACS,2023,https://data.census.gov
15202,Pittsburgh,40.5581,-79.9257,13.95,25.85,37.06,US Census ACS,2023,https://data.census.gov
15203,Pittsburgh,40.3635,-80.0336,15.39,18.66,42.24,US Census ACS,2023,https://data.census.gov
15204,Pittsburgh,40.3473,-80.0178,14.29,20.78,39.48,US Census ACS,2023,https://data.census.gov
15205,Pittsburgh,40.3558,-79.9812,16.31,20.17,39.25,US Census ACS,2023,https://data.census.gov
15206,Pittsburgh,40.3223,-79.8985,14.11,24.94,33.02,US Census ACS,2023,https://data.census.gov
15207,Pittsburgh,40.3241,-80.0968,14.08,23.26,37.24,US Census ACS,2023,https://data.census.gov
15208,Pittsburgh,40.5668,-80.0882,16.51,26.21,33.48,US Census ACS,2023,https://data.census.gov
15209,Pittsburgh,40.4743,-80.1519,13.12,25.33,32.58,US Census ACS,2023,https://data.census.gov
15210,Pittsburgh,40.4457,-79.9638,12.07,19.6,43.37,US Census ACS,2023,https://data.census.gov
15211,Pittsburgh,40.3792,-79.884,15.06,18.85,39.16,US Census ACS,2023,https://data.census.gov
15212,Pittsburgh,40.5621,-80.0021,14.72,25.59,42.97,US Census ACS,2023,https://data.census.gov
15213,Pittsburgh,40.554,-79.9498,11.98,21.63,42.84,US Census ACS,2023,https://data.census.gov
15214,Pittsburgh,40.3166,-79.9746,15.73,21.43,44.56,US Census ACS,2023,https://data.census.gov
15215,Pittsburgh,40.41,-79.8984,12.67,23.78,36.61,US Census ACS,2023,https://data.census.gov
15216,Pittsburgh,40.4183,-80.127,15.87,22.52,34.01,US Census ACS,2023,https://data.census.gov
15217,Pittsburgh,40.3513,-80.0798,15.01,21.94,42.39,US Census ACS,2023,https://data.census.gov
15218,Pittsburgh,40.297,-80.0886,14.69,23.8,38.68,US Census ACS,2023,https://data.census.gov
15219,Pittsburgh,40.4321,-80.0909,15.9,25.25,37.09,US Census ACS,2023,https://data.census.gov
15220,Pittsburgh,40.5455,-79.824,14.92,18.89,43.46,US Census ACS,2023,https://data.census.gov
02901,Providence,41.6886,-71.4873,14.87,26.39,34.84,US Census ACS,2023,https://data.census.gov
02902,Providence,41.925,-71.3528,13.33,26.39,41.84,US Census ACS,2023,https://data.census.gov
02903,Providence,41.8031,-71.3068,14.23,21.35,33.53,US Census ACS,2023,https://data.census.gov
02904,Providence,41.9018,-71.2444,14.23,20.44,37.28,US Census ACS,2023,https://data.census.gov
02905,Providence,41.9237,-71.4427,15.58,23.66,34.73,US Census ACS,2023,https://data.census.gov
02906,Providence,41.674,-71.479,13.05,21.69,36.5,US Census ACS,2023,https://data.census.gov
02907,Providence,41.735,-71.3862,15.88,19.02,45.23,US Census ACS,2023,https://data.census.gov
02908,Providence,41.847,-71.3514,14.54,23.88,33.01,US Census ACS,2023,https://data.census.gov
02909,Providence,41.8401,-71.4123,12.97,22.1,40.0,US Census ACS,2023,https://data.census.gov
02910,Providence,41.7101,-71.4958,13.23,20.12,41.61,US Census ACS,2023,https://data.census.gov
02911,Providence,41.8589,-71.5509,13.86,19.19,42.76,US Census ACS,2023,https://data.census.gov
02912,Providence,41.7267,-71.4433,12.53,24.87,40.47,US Census ACS,2023,https://data.census.gov
02913,Providence,41.9216,-71.4887,11.74,26.33,42.23,US Census ACS,2023,https://data.census.gov
02914,Providence,41.9424,-71.2618,12.33,24.42,43.05,US Census ACS,2023,https://data.census.gov
02915,Providence,41.9646,-71.4094,12.96,20.75,33.42,US Census ACS,2023,https://data.census.gov
06101,Hartford,41.852,-72.6067,16.48,26.3,32.52,US Census ACS,2023,https://data.census.gov
06102,Hartford,41.7674,-72.5334,14.18,23.29,33.04,US Census ACS,2023,https://data.census.gov
06103,Hartford,41.8517,-72.8215,11.69,22.29,36.1,US Census ACS,2023,https://data.census.gov
06104,Hartford,41.7749,-72.6497,11.98,24.77,40.44,US Census ACS,2023,https://data.census.gov
06105,Hartford,41.7886,-72.7471,14.65,19.62,43.97,US Census ACS,2023,https://data.census.gov
06106,Hartford,41.8591,-72.8545,14.49,21.22,37.41,US Census ACS,2023,https://data.census.gov
06107,Hartford,41.8736,-72.7358,14.4,19.35,33.9,US Census ACS,2023,https://data.census.gov
06108,Hartford,41.8232,-72.6952,15.72,23.13,32.24,US Census ACS,2023,https://data.census.gov
06109,Hartford,41.8731,-72.7441,15.24,18.63,41.0,US Census ACS,2023,https://data.census.gov
06110,Hartford,41.8755,-72.7274,13.03,22.55,44.1,US Census ACS,2023,https://data.census.gov
06111,Hartford,41.7231,-72.6872,15.79,23.57,32.17,US Census ACS,2023,https://data.census.gov
06112,Hartford,41.8704,-72.6832,12.75,23.33,34.04,US Census ACS,2023,https://data.census.gov
06113,Hartford,41.7682,-72.5119,12.1,19.72,42.03,US Census ACS,2023,https://data.census.gov
06114,Hartford,41.8081,-72.6731,15.26,23.39,42.76,US Census ACS,2023,https://data.census.gov
06115,Hartford,41.6548,-72.7291,13.94,19.77,36.05,US Census ACS,2023,https://data.census.gov
13201,Syracuse,43.0458,-76.2187,13.95,25.31,33.95,US Census ACS,2023,https://data.census.gov
13202,Syracuse,43.1113,-76.0913,12.61,19.72,37.79,US Census ACS,2023,https://data.census.gov
13203,Syracuse,43.0189,-76.1631,13.37,18.64,32.16,US Census ACS,2023,https://data.census.gov
13204,Syracuse,43.0695,-76.1434,15.32,23.87,43.81,US Census ACS,2023,https://data.census.gov
13205,Syracuse,43.1546,-75.972,13.87,18.89,42.77,US Census ACS,2023,https://data.census.gov
13206,Syracuse,43.0608,-76.302,13.32,23.93,35.18,US Census ACS,2023,https://data.census.gov
13207,Syracuse,43.1056,-76.0005,14.24,25.84,36.34,US Census ACS,2023,https://data.census.gov
13208,Syracuse,42.9504,-76.0265,13.89,26.49,45.25,US Census ACS,2023,https://data.census.gov
13209,Syracuse,43.0588,-76.107,13.86,19.82,34.21,US Census ACS,2023,https://data.census.gov
13210,Syracuse,43.0808,-76.0087,14.06,22.15,42.73,US Census ACS,2023,https://data.census.gov
13211,Syracuse,43.1012,-76.2866,13.03,20.62,43.92,US Census ACS,2023,https://data.census.gov
13212,Syracuse,43.0903,-76.2432,13.19,24.9,42.56,US Census ACS,2023,https://data.census.gov
13213,Syracuse,43.0426,-76.1731,15.46,19.02,41.1,US Census ACS,2023,https://data.census.gov
13214,Syracuse,43.0321,-75.9805,13.35,23.93,31.92,US Census ACS,2023,https://data.census.gov
13215,Syracuse,43.1131,-76.2484,12.01,25.45,38.67,US Census ACS,2023,https://data.census.gov
14601,Rochester,43.2324,-77.5741,14.86,24.14,36.27,US Census ACS,2023,https://data.census.gov
14602,Rochester,43.2999,-77.5609,12.43,22.88,42.35,US Census ACS,2023,https://data.census.gov
14603,Rochester,43.219,-77.6987,15.77,25.12,44.09,US Census ACS,2023,https://data.census.gov
14604,Rochester,43.0244,-77.6337,15.34,20.58,41.54,US Census ACS,2023,https://data.census.gov
14605,Rochester,43.2342,-77.5454,11.71,21.42,33.84,US Census ACS,2023,https://data.census.gov
14606,Rochester,43.0173,-77.7037,13.88,23.49,33.32,US Census ACS,2023,https://data.census.gov
14607,Rochester,43.198,-77.6964,16.63,21.37,35.14,US Census ACS,2023,https://data.census.gov
14608,Rochester,43.0127,-77.6433,14.61,19.19,40.44,US Census ACS,2023,https://data.census.gov
14609,Rochester,43.1293,-77.6597,14.5,20.47,40.52,US Census ACS,2023,https://data.census.gov
14610,Rochester,43.0485,-77.4909,13.33,22.53,36.6,US Census ACS,2023,https://data.census.gov
14611,Rochester,43.016,-77.6971,14.87,23.38,35.89,US Census ACS,2023,https://data.census.gov
14612,Rochester,43.2691,-77.5385,15.84,26.13,42.55,US Census ACS,2023,https://data.census.gov
14613,Rochester,43.1696,-77.5655,12.24,20.11,39.63,US Census ACS,2023,https://data.census.gov
14614,Rochester,43.1531,-77.7712,13.39,21.42,37.4,US Census ACS,2023,https://data.census.gov
14615,Rochester,43.2199,-77.4738,12.57,20.82,39.54,US Census ACS,2023,https://data.census.gov
14201,Buffalo,43.0176,-79.0061,12.68,23.9,40.37,US Census ACS,2023,https://data.census.gov
14202,Buffalo,42.7703,-78.7556,14.51,18.77,38.56,US Census ACS,2023,https://data.census.gov
14203,Buffalo,42.9612,-78.7407,12.71,24.67,44.0,US Census ACS,2023,https://data.census.gov
14204,Buffalo,42.8122,-78.8327,14.12,25.78,40.22,US Census ACS,2023,https://data.census.gov
14205,Buffalo,42.9099,-78.9059,12.41,25.87,34.83,US Census ACS,2023,https://data.census.gov
14206,Buffalo,42.7579,-78.7402,15.88,21.38,35.61,US Census ACS,2023,https://data.census.gov
14207,Buffalo,43.0005,-78.9477,16.59,22.13,37.13,US Census ACS,2023,https://data.census.gov
14208,Buffalo,42.9388,-79.0249,12.87,24.81,44.25,US Census ACS,2023,https://data.census.gov
14209,Buffalo,43.0004,-78.9587,16.75,18.59,36.64,US Census ACS,2023,https://data.census.gov
14210,Buffalo,42.7699,-78.9534,14.06,21.81,44.89,US Census ACS,2023,https://data.census.gov
14211,Buffalo,42.7398,-78.9726,13.02,23.33,44.36,US Census ACS,2023,https://data.census.gov
14212,Buffalo,42.9702,-78.8329,14.44,24.1,37.82,US Census ACS,2023,https://data.census.gov
14213,Buffalo,42.8028,-78.9216,11.91,19.9,35.08,US Census ACS,2023,https://data.census.gov
14214,Buffalo,42.9193,-79.0486,16.69,19.94,35.1,US Census ACS,2023,https://data.census.gov
14215,Buffalo,42.9497,-78.8541,14.15,21.83,40.7,US Census ACS,2023,https://data.census.gov
99501,Anchorage,61.2239,-149.7788,13.29,18.8,42.63,US Census ACS,2023,https://data.census.gov
99502,Anchorage,61.1348,-149.9297,13.66,25.45,34.64,US Census ACS,2023,https://data.census.gov
99503,Anchorage,61.3439,-149.7859,15.56,23.17,41.26,US Census ACS,2023,https://data.census.gov
99504,Anchorage,61.0994,-150.0187,16.64,19.6,36.21,US Census ACS,2023,https://data.census.gov
99505,Anchorage,61.1344,-149.8803,16.36,20.39,39.77,US Census ACS,2023,https://data.census.gov
99506,Anchorage,61.1651,-149.7952,15.6,20.99,33.2,US Census ACS,2023,https://data.census.gov
99507,Anchorage,61.357,-149.7265,15.53,25.21,31.9,US Census ACS,2023,https://data.census.gov
99508,Anchorage,61.3087,-149.9868,13.81,21.92,33.27,US Census ACS,2023,https://data.census.gov
99509,Anchorage,61.2596,-150.0544,13.56,20.83,45.05,US Census ACS,2023,https://data.census.gov
99510,Anchorage,61.2513,-149.7347,12.6,21.07,38.06,US Census ACS,2023,https://data.census.gov
96801,Honolulu,21.4344,-157.8729,13.28,21.97,38.33,US Census ACS,2023,https://data.census.gov
96802,Honolulu,21.1685,-157.912,12.67,22.92,42.47,US Census ACS,2023,https://data.census.gov
96803,Honolulu,21.2913,-157.7544,12.43,20.36,38.79,US Census ACS,2023,https://data.census.gov
96804,Honolulu,21.3188,-157.7852,13.22,26.44,37.34,US Census ACS,2023,https://data.census.gov
96805,Honolulu,21.3697,-157.7216,14.04,20.44,38.06,US Census ACS,2023,https://data.census.gov
96806,Honolulu,21.3152,-157.7718,11.69,23.48,43.17,US Census ACS,2023,https://data.census.gov
96807,Honolulu,21.4447,-157.7036,14.36,25.57,34.44,US Census ACS,2023,https://data.census.gov
96808,Honolulu,21.1859,-157.7462,15.82,22.29,34.36,US Census ACS,2023,https://data.census.gov
96809,Honolulu,21.2634,-157.9212,12.57,21.82,37.2,US Census ACS,2023,https://data.census.gov
96810,Honolulu,21.4019,-157.8454,14.04,20.94,39.38,US Census ACS,2023,https://data.census.gov
76101,Fort Worth,32.7547,-97.1585,16.46,24.47,37.78,US Census ACS,2023,https://data.census.gov
76102,Fort Worth,32.6582,-97.2675,14.19,19.45,36.29,US Census ACS,2023,https://data.census.gov
76103,Fort Worth,32.7886,-97.1679,15.65,20.16,41.0,US Census ACS,2023,https://data.census.gov
76104,Fort Worth,32.7475,-97.3862,15.07,23.5,45.37,US Census ACS,2023,https://data.census.gov
76105,Fort Worth,32.9002,-97.2705,15.04,22.01,35.14,US Census ACS,2023,https://data.census.gov
76106,Fort Worth,32.8599,-97.4859,13.67,21.43,38.9,US Census ACS,2023,https://data.census.gov
76107,Fort Worth,32.8788,-97.2149,14.94,18.59,45.0,US Census ACS,2023,https://data.census.gov
76108,Fort Worth,32.7816,-97.2837,13.57,19.4,37.72,US Census ACS,2023,https://data.census.gov
76109,Fort Worth,32.6143,-97.3858,11.84,19.97,38.45,US Census ACS,2023,https://data.census.gov
76110,Fort Worth,32.7352,-97.3326,12.35,19.27,45.1,US Census ACS,2023,https://data.census.gov
76111,Fort Worth,32.8995,-97.311,16.39,23.27,33.18,US Census ACS,2023,https://data.census.gov
76112,Fort Worth,32.7093,-97.5105,14.03,18.5,44.03,US Census ACS,2023,https://data.census.gov
76113,Fort Worth,32.7693,-97.4406,15.22,24.35,32.36,US Census ACS,2023,https://data.census.gov
76114,Fort Worth,32.8259,-97.2174,13.82,19.36,42.83,US Census ACS,2023,https://data.census.gov
76115,Fort Worth,32.8768,-97.1927,11.85,24.21,43.99,US Census ACS,2023,https://data.census.gov
78401,Corpus Christi,27.7965,-97.2803,11.65,24.34,31.58,US Census ACS,2023,https://data.census.gov
78402,Corpus Christi,27.8657,-97.2384,12.34,26.12,33.95,US Census ACS,2023,https://data.census.gov
78403,Corpus Christi,27.8911,-97.5661,13.49,22.41,33.62,US Census ACS,2023,https://data.census.gov
78404,Corpus Christi,27.8449,-97.4315,14.96,18.88,34.83,US Census ACS,2023,https://data.census.gov
78405,Corpus Christi,27.6976,-97.5432,12.61,23.11,40.23,US Census ACS,2023,https://data.census.gov
78406,Corpus Christi,27.8832,-97.2819,13.7,25.97,39.88,US Census ACS,2023,https://data.census.gov
78407,Corpus Christi,27.8981,-97.3536,15.02,24.48,35.97,US Census ACS,2023,https://data.census.gov
78408,Corpus Christi,27.8209,-97.5554,13.72,18.9,42.79,US Census ACS,2023,https://data.census.gov
78409,Corpus Christi,27.8942,-97.4693,13.04,22.8,42.34,US Census ACS,2023,https://data.census.gov
78410,Corpus Christi,27.8702,-97.2471,16.15,20.36,36.24,US Census ACS,2023,https://data.census.gov
78411,Corpus Christi,27.846,-97.3758,15.47,23.54,39.19,US Census ACS,2023,https://data.census.gov
78412,Corpus Christi,27.7306,-97.4006,16.47,23.91,37.49,US Census ACS,2023,https://data.census.gov
78413,Corpus Christi,27.8118,-97.3349,12.83,20.5,42.02,US Census ACS,2023,https://data.census.gov
78414,Corpus Christi,27.8473,-97.3811,16.55,25.14,42.89,US Census ACS,2023,https://data.census.gov
78415,Corpus Christi,27.862,-97.2876,14.19,24.69,36.7,US Census ACS,2023,https://data.census.gov
79401,Lubbock,33.5153,-101.7663,14.3,24.54,44.17,US Census ACS,2023,https://data.census.gov
79402,Lubbock,33.7197,-102.015,13.28,21.09,43.76,US Census ACS,2023,https://data.census.gov
79403,Lubbock,33.5141,-101.7007,15.59,26.23,36.23,US Census ACS,2023,https://data.census.gov
79404,Lubbock,33.6251,-101.988,14.68,20.36,32.98,US Census ACS,2023,https://data.census.gov
79405,Lubbock,33.6265,-101.9366,13.0,23.11,37.73,US Census ACS,2023,https://data.census.gov
79406,Lubbock,33.522,-101.6911,15.35,22.93,39.65,US Census ACS,2023,https://data.census.gov
79407,Lubbock,33.5654,-101.9654,13.08,24.38,31.73,US Census ACS,2023,https://data.census.gov
79408,Lubbock,33.4399,-101.7233,13.58,23.8,32.76,US Census ACS,2023,https://data.census.gov
79409,Lubbock,33.6062,-101.936,14.93,22.66,40.61,US Census ACS,2023,https://data.census.gov
79410,Lubbock,33.6885,-101.9207,11.93,25.54,38.1,US Census ACS,2023,https://data.census.gov
79101,Amarillo,35.119,-101.738,15.27,21.74,43.12,US Census ACS,2023,https://data.census.gov
79102,Amarillo,35.1821,-101.8009,15.03,20.53,33.24,US Census ACS,2023,https://data.census.gov
79103,Amarillo,35.28,-101.7577,15.21,22.8,43.01,US Census ACS,2023,https://data.census.gov
79104,Amarillo,35.2449,-101.8237,16.12,25.26,35.16,US Census ACS,2023,https://data.census.gov
79105,Amarillo,35.1416,-101.7652,11.72,24.26,39.88,US Census ACS,2023,https://data.census.gov
79106,Amarillo,35.0753,-101.959,15.81,19.75,37.32,US Census ACS,2023,https://data.census.gov
79107,Amarillo,35.2465,-101.9093,15.95,25.9,33.97,US Census ACS,2023,https://data.census.gov
79108,Amarillo,35.3533,-102.0021,14.64,25.0,38.39,US Census ACS,2023,https://data.census.gov
79109,Amarillo,35.3543,-101.6868,15.73,22.88,42.35,US Census ACS,2023,https://data.census.gov
79110,Amarillo,35.2963,-101.8671,12.12,20.04,37.84,US Census ACS,2023,https://data.census.gov
76201,Denton,33.2099,-97.0283,14.76,25.1,37.5,US Census ACS,2023,https://data.census.gov
76202,Denton,33.1825,-97.2035,16.09,20.08,33.18,US Census ACS,2023,https://data.census.gov
76203,Denton,33.135,-97.2498,16.23,24.28,36.13,US Census ACS,2023,https://data.census.gov
76204,Denton,33.1825,-97.0021,16.14,20.91,37.22,US Census ACS,2023,https://data.census.gov
76205,Denton,33.0919,-97.2902,14.85,23.27,42.85,US Census ACS,2023,https://data.census.gov
76206,Denton,33.2081,-97.0504,12.24,23.17,44.99,US Census ACS,2023,https://data.census.gov
76207,Denton,33.1922,-97.0169,13.04,25.91,44.9,US Census ACS,2023,https://data.census.gov
76208,Denton,33.1471,-96.9693,13.78,19.51,45.05,US Census ACS,2023,https://data.census.gov
76209,Denton,33.2857,-97.0391,11.91,19.78,36.19,US Census ACS,2023,https://data.census.gov
76210,Denton,33.2026,-96.9928,15.61,22.45,40.72,US Census ACS,2023,https://data.census.gov
75401,Greenville TX,33.1181,-96.1485,12.7,22.87,39.72,US Census ACS,2023,https://data.census.gov
75402,Greenville TX,33.1258,-96.0154,12.65,24.02,41.39,US Census ACS,2023,https://data.census.gov
75403,Greenville TX,33.1463,-96.0361,12.02,23.72,34.79,US Census ACS,2023,https://data.census.gov
75404,Greenville TX,33.2625,-96.1611,13.07,22.3,32.57,US Census ACS,2023,https://data.census.gov
75405,Greenville TX,33.2091,-96.2445,14.92,20.97,40.39,US Census ACS,2023,https://data.census.gov
75406,Greenville TX,33.055,-96.173,14.14,21.17,43.8,US Census ACS,2023,https://data.census.gov
75407,Greenville TX,33.2114,-96.043,13.43,23.84,33.91,US Census ACS,2023,https://data.census.gov
75408,Greenville TX,33.114,-96.1377,11.76,21.48,37.62,US Census ACS,2023,https://data.census.gov
75409,Greenville TX,33.065,-96.1166,11.75,26.51,35.99,US Census ACS,2023,https://data.census.gov
75410,Greenville TX,33.3071,-95.9658,12.04,18.77,37.56,US Census ACS,2023,https://data.census.gov
36101,Montgomery,32.3959,-86.2919,14.46,19.63,44.69,US Census ACS,2023,https://data.census.gov
36102,Montgomery,32.2358,-86.2049,13.94,19.37,33.19,US Census ACS,2023,https://data.census.gov
36103,Montgomery,32.4886,-86.4499,13.12,25.88,43.94,US Census ACS,2023,https://data.census.gov
36104,Montgomery,32.3342,-86.1669,15.84,25.07,35.31,US Census ACS,2023,https://data.census.gov
36105,Montgomery,32.3037,-86.432,15.22,24.51,37.54,US Census ACS,2023,https://data.census.gov
36106,Montgomery,32.4883,-86.3256,15.39,25.56,41.41,US Census ACS,2023,https://data.census.gov
36107,Montgomery,32.3615,-86.2148,13.05,22.7,39.37,US Census ACS,2023,https://data.census.gov
36108,Montgomery,32.2218,-86.463,12.63,19.7,38.27,US Census ACS,2023,https://data.census.gov
36109,Montgomery,32.2646,-86.1847,14.19,21.14,34.18,US Census ACS,2023,https://data.census.gov
36110,Montgomery,32.4829,-86.4256,15.88,25.87,41.6,US Census ACS,2023,https://data.census.gov
36601,Mobile,30.611,-87.8918,13.32,24.01,36.53,US Census ACS,2023,https://data.census.gov
36602,Mobile,30.5864,-88.2037,15.98,20.8,38.04,US Census ACS,2023,https://data.census.gov
36603,Mobile,30.7569,-88.1984,13.28,19.67,31.91,US Census ACS,2023,https://data.census.gov
36604,Mobile,30.7953,-87.919,15.17,20.92,44.42,US Census ACS,2023,https://data.census.gov
36605,Mobile,30.5644,-88.0322,15.74,23.28,34.31,US Census ACS,2023,https://data.census.gov
36606,Mobile,30.7494,-88.1855,12.71,26.44,36.7,US Census ACS,2023,https://data.census.gov
36607,Mobile,30.6156,-87.9536,12.97,23.06,35.12,US Census ACS,2023,https://data.census.gov
36608,Mobile,30.6756,-88.1351,13.59,26.08,39.13,US Census ACS,2023,https://data.census.gov
36609,Mobile,30.5489,-88.0187,11.74,23.71,39.87,US Census ACS,2023,https://data.census.gov
36610,Mobile,30.5534,-88.1658,12.2,20.03,36.42,US Census ACS,2023,https://data.census.gov
31201,Macon,32.9122,-83.5236,15.37,18.6,39.79,US Census ACS,2023,https://data.census.gov
31202,Macon,32.8308,-83.8022,12.49,21.3,43.66,US Census ACS,2023,https://data.census.gov
31203,Macon,32.881,-83.6344,14.92,23.07,43.22,US Census ACS,2023,https://data.census.gov
31204,Macon,32.8412,-83.5994,12.15,22.79,36.23,US Census ACS,2023,https://data.census.gov
31205,Macon,32.8797,-83.7902,13.63,21.87,40.99,US Census ACS,2023,https://data.census.gov
31206,Macon,32.7735,-83.6513,16.35,18.8,37.32,US Census ACS,2023,https://data.census.gov
31207,Macon,32.934,-83.7794,16.48,20.51,36.45,US Census ACS,2023,https://data.census.gov
31208,Macon,32.7645,-83.4904,12.29,18.76,40.36,US Census ACS,2023,https://data.census.gov
31209,Macon,32.9827,-83.6256,16.03,21.11,35.43,US Census ACS,2023,https://data.census.gov
31210,Macon,32.8647,-83.7167,14.5,22.08,33.03,US Census ACS,2023,https://data.census.gov
30901,Augusta,33.4576,-81.844,15.11,25.01,38.35,US Census ACS,2023,https://data.census.gov
30902,Augusta,33.4432,-82.0922,13.03,21.4,45.13,US Census ACS,2023,https://data.census.gov
30903,Augusta,33.4799,-81.9335,11.81,26.01,43.91,US Census ACS,2023,https://data.census.gov
30904,Augusta,33.3942,-81.9079,16.56,21.16,41.0,US Census ACS,2023,https://data.census.gov
30905,Augusta,33.393,-81.9894,15.62,25.66,32.24,US Census ACS,2023,https://data.census.gov
30906,Augusta,33.3948,-82.168,15.96,26.09,40.86,US Census ACS,2023,https://data.census.gov
30907,Augusta,33.418,-81.9768,16.68,26.49,37.73,US Census ACS,2023,https://data.census.gov
30908,Augusta,33.5507,-82.1129,16.09,24.86,43.92,US Census ACS,2023,https://data.census.gov
30909,Augusta,33.5734,-82.1482,15.24,22.67,36.36,US Census ACS,2023,https://data.census.gov
30910,Augusta,33.5498,-81.9518,12.85,25.97,42.02,US Census ACS,2023,https://data.census.gov
70801,Baton Rouge,30.5762,-91.2582,13.01,21.76,40.92,US Census ACS,2023,https://data.census.gov
70802,Baton Rouge,30.5067,-91.0399,14.49,24.37,34.77,US Census ACS,2023,https://data.census.gov
70803,Baton Rouge,30.5539,-91.1479,13.58,24.56,35.01,US Census ACS,2023,https://data.census.gov
70804,Baton Rouge,30.3378,-91.3183,16.36,19.02,36.86,US Census ACS,2023,https://data.census.gov
70805,Baton Rouge,30.5312,-91.2347,16.15,22.15,42.15,US Census ACS,2023,https://data.census.gov
70806,Baton Rouge,30.5972,-91.0817,13.15,20.06,43.99,US Census ACS,2023,https://data.census.gov
70807,Baton Rouge,30.4069,-91.1238,15.1,20.97,38.5,US Census ACS,2023,https://data.census.gov
70808,Baton Rouge,30.3899,-91.2711,13.43,18.95,31.71,US Census ACS,2023,https://data.census.gov
70809,Baton Rouge,30.5456,-91.3632,12.73,24.46,35.23,US Census ACS,2023,https://data.census.gov
70810,Baton Rouge,30.3322,-91.1683,15.62,24.14,32.1,US Census ACS,2023,https://data.census.gov
70811,Baton Rouge,30.3089,-91.3416,15.0,24.52,35.7,US Census ACS,2023,https://data.census.gov
70812,Baton Rouge,30.4158,-91.2374,15.74,26.26,36.49,US Census ACS,2023,https://data.census.gov
70813,Baton Rouge,30.3226,-91.3601,15.49,23.85,39.07,US Census ACS,2023,https://data.census.gov
70814,Baton Rouge,30.5252,-91.3368,12.53,26.06,32.86,US Census ACS,2023,https://data.census.gov
70815,Baton Rouge,30.5757,-91.0282,12.77,18.63,43.46,US Census ACS,2023,https://data.census.gov
71101,Shreveport,32.5358,-93.8159,12.7,25.68,41.46,US Census ACS,2023,https://data.census.gov
71102,Shreveport,32.4687,-93.6927,13.82,18.93,38.5,US Census ACS,2023,https://data.census.gov
71103,Shreveport,32.6235,-93.7468,12.85,20.4,40.16,US Census ACS,2023,https://data.census.gov
71104,Shreveport,32.5257,-93.9166,13.07,24.05,34.84,US Census ACS,2023,https://data.census.gov
71105,Shreveport,32.4053,-93.7802,15.29,21.02,33.71,US Census ACS,2023,https://data.census.gov
71106,Shreveport,32.4774,-93.6079,15.23,22.58,42.59,US Census ACS,2023,https://data.census.gov
71107,Shreveport,32.58,-93.6863,14.9,22.74,41.62,US Census ACS,2023,https://data.census.gov
71108,Shreveport,32.4673,-93.6525,13.98,21.45,33.3,US Census ACS,2023,https://data.census.gov
71109,Shreveport,32.5288,-93.7222,12.37,22.88,41.94,US Census ACS,2023,https://data.census.gov
71110,Shreveport,32.6259,-93.6311,15.73,26.48,35.07,US Census ACS,2023,https://data.census.gov
70501,Lafayette,30.3512,-92.1268,16.0,25.65,34.38,US Census ACS,2023,https://data.census.gov
70502,Lafayette,30.3597,-92.1401,11.85,21.82,38.22,US Census ACS,2023,https://data.census.gov
70503,Lafayette,30.2337,-92.0247,12.36,18.46,37.64,US Census ACS,2023,https://data.census.gov
70504,Lafayette,30.183,-91.9374,15.62,24.83,44.8,US Census ACS,2023,https://data.census.gov
70505,Lafayette,30.3388,-92.1054,16.16,25.82,38.89,US Census ACS,2023,https://data.census.gov
70506,Lafayette,30.0771,-92.1089,12.26,25.29,44.19,US Census ACS,2023,https://data.census.gov
70507,Lafayette,30.3403,-92.1842,15.96,26.55,39.22,US Census ACS,2023,https://data.census.gov
70508,Lafayette,30.295,-92.1503,14.38,24.96,44.2,US Census ACS,2023,https://data.census.gov
70509,Lafayette,30.1123,-92.1867,15.97,24.98,41.37,US Census ACS,2023,https://data.census.gov
70510,Lafayette,30.088,-92.1943,13.51,21.09,34.84,US Census ACS,2023,https://data.census.gov
74101,Tulsa,36.1745,-96.0746,15.87,20.42,45.04,US Census ACS,2023,https://data.census.gov
74102,Tulsa,36.1187,-95.8542,15.7,23.2,37.18,US Census ACS,2023,https://data.census.gov
74103,Tulsa,36.0864,-95.8175,12.23,24.85,38.6,US Census ACS,2023,https://data.census.gov
74104,Tulsa,36.166,-96.0692,12.17,19.4,40.96,US Census ACS,2023,https://data.census.gov
74105,Tulsa,36.2434,-95.8459,11.95,22.07,36.59,US Census ACS,2023,https://data.census.gov
74106,Tulsa,36.0844,-96.0303,12.51,20.45,36.7,US Census ACS,2023,https://data.census.gov
74107,Tulsa,36.2812,-95.9983,14.58,21.46,34.81,US Census ACS,2023,https://data.census.gov
74108,Tulsa,36.2384,-95.9567,16.41,25.62,43.51,US Census ACS,2023,https://data.census.gov
74109,Tulsa,36.0999,-96.1434,12.15,25.53,32.51,US Census ACS,2023,https://data.census.gov
74110,Tulsa,36.0791,-96.0878,15.16,19.61,38.82,US Census ACS,2023,https://data.census.gov
74111,Tulsa,36.1083,-96.0022,12.32,24.21,33.7,US Census ACS,2023,https://data.census.gov
74112,Tulsa,36.116,-95.9311,14.07,23.45,34.89,US Census ACS,2023,https://data.census.gov
74113,Tulsa,36.151,-95.9039,14.16,25.04,37.22,US Census ACS,2023,https://data.census.gov
74114,Tulsa,36.2011,-95.9272,14.98,25.64,35.23,US Census ACS,2023,https://data.census.gov
74115,Tulsa,36.2697,-95.9837,11.81,23.22,42.5,US Census ACS,2023,https://data.census.gov
67201,Wichita,37.5655,-97.2979,15.97,24.99,41.62,US Census ACS,2023,https://data.census.gov
67202,Wichita,37.5796,-97.2017,13.33,23.95,34.13,US Census ACS,2023,https://data.census.gov
67203,Wichita,37.8148,-97.3073,12.87,18.84,40.35,US Census ACS,2023,https://data.census.gov
67204,Wichita,37.5886,-97.4371,13.89,24.24,38.08,US Census ACS,2023,https://data.census.gov
67205,Wichita,37.5617,-97.1932,16.17,19.3,31.59,US Census ACS,2023,https://data.census.gov
67206,Wichita,37.6108,-97.3717,12.81,19.07,38.79,US Census ACS,2023,https://data.census.gov
67207,Wichita,37.7449,-97.4853,15.32,26.31,36.82,US Census ACS,2023,https://data.census.gov
67208,Wichita,37.5525,-97.2897,11.99,23.02,44.5,US Census ACS,2023,https://data.census.gov
67209,Wichita,37.652,-97.4215,13.53,22.29,37.64,US Census ACS,2023,https://data.census.gov
67210,Wichita,37.7183,-97.3327,12.99,20.91,40.5,US Census ACS,2023,https://data.census.gov
57101,Sioux Falls,43.6647,-96.8655,13.38,24.01,35.61,US Census ACS,2023,https://data.census.gov
57102,Sioux Falls,43.4412,-96.7373,15.91,25.02,41.29,US Census ACS,2023,https://data.census.gov
57103,Sioux Falls,43.5347,-96.7066,14.75,21.07,44.86,US Census ACS,2023,https://data.census.gov
57104,Sioux Falls,43.5353,-96.6422,15.09,23.26,40.95,US Census ACS,2023,https://data.census.gov
57105,Sioux Falls,43.5328,-96.6177,15.95,21.95,36.63,US Census ACS,2023,https://data.census.gov
57106,Sioux Falls,43.4462,-96.7464,12.13,21.51,39.46,US Census ACS,2023,https://data.census.gov
57107,Sioux Falls,43.5053,-96.735,12.26,20.88,39.08,US Census ACS,2023,https://data.census.gov
57108,Sioux Falls,43.6601,-96.5606,14.48,20.55,34.62,US Census ACS,2023,https://data.census.gov
57109,Sioux Falls,43.5044,-96.8466,16.33,22.42,35.4,US Census ACS,2023,https://data.census.gov
57110,Sioux Falls,43.4048,-96.7543,16.68,18.5,38.69,US Census ACS,2023,https://data.census.gov
58101,Fargo,46.8219,-96.8051,12.54,23.84,38.88,US Census ACS,2023,https://data.census.gov
58102,Fargo,46.9293,-96.9542,15.22,20.82,38.34,US Census ACS,2023,https://data.census.gov
58103,Fargo,46.8685,-96.96,13.8,25.4,37.94,US Census ACS,2023,https://data.census.gov
58104,Fargo,46.854,-96.8947,13.42,24.61,32.13,US Census ACS,2023,https://data.census.gov
58105,Fargo,46.7526,-96.6571,16.21,20.21,32.47,US Census ACS,2023,https://data.census.gov
58106,Fargo,46.7333,-96.9637,13.58,20.59,40.94,US Census ACS,2023,https://data.census.gov
58107,Fargo,46.834,-96.6454,15.81,24.56,32.59,US Census ACS,2023,https://data.census.gov
58108,Fargo,46.7681,-96.6802,13.25,26.07,43.41,US Census ACS,2023,https://data.census.gov
58109,Fargo,46.9197,-96.6369,15.39,21.53,40.61,US Census ACS,2023,https://data.census.gov
58110,Fargo,46.8312,-96.8584,16.69,19.11,35.3,US Census ACS,2023,https://data.census.gov
59101,Billings,45.7226,-108.5036,16.0,19.97,41.22,US Census ACS,2023,https://data.census.gov
59102,Billings,45.7348,-108.5551,16.19,23.56,33.25,US Census ACS,2023,https://data.census.gov
59103,Billings,45.8289,-108.4262,11.75,25.44,45.25,US Census ACS,2023,https://data.census.gov
59104,Billings,45.9326,-108.4693,16.51,21.59,33.25,US Census ACS,2023,https://data.census.gov
59105,Billings,45.6543,-108.569,12.57,24.81,37.66,US Census ACS,2023,https://data.census.gov
59106,Billings,45.7321,-108.3896,12.65,25.17,43.88,US Census ACS,2023,https://data.census.gov
59107,Billings,45.6753,-108.3374,15.26,19.37,33.24,US Census ACS,2023,https://data.census.gov
59108,Billings,45.9179,-108.4563,15.63,25.64,37.99,US Census ACS,2023,https://data.census.gov
59109,Billings,45.925,-108.4504,16.63,23.92,41.52,US Census ACS,2023,https://data.census.gov
59110,Billings,45.8482,-108.3526,13.33,20.07,40.2,US Census ACS,2023,https://data.census.gov
59715,Bozeman,45.82,-111.0576,13.45,24.91,35.64,US Census ACS,2023,https://data.census.gov
59716,Bozeman,45.6464,-111.0746,13.85,26.04,36.02,US Census ACS,2023,https://data.census.gov
59717,Bozeman,45.6607,-111.0085,14.76,18.62,32.71,US Census ACS,2023,https://data.census.gov
59718,Bozeman,45.5657,-111.215,13.05,25.75,37.59,US Census ACS,2023,https://data.census.gov
59719,Bozeman,45.7141,-110.925,13.42,18.96,32.0,US Census ACS,2023,https://data.census.gov
59720,Bozeman,45.7795,-110.9759,11.73,25.4,38.32,US Census ACS,2023,https://data.census.gov
59721,Bozeman,45.7382,-111.0428,12.83,23.44,40.36,US Census ACS,2023,https://data.census.gov
59722,Bozeman,45.5393,-111.1085,11.96,20.31,36.36,US Census ACS,2023,https://data.census.gov
59723,Bozeman,45.6453,-111.0969,13.88,25.24,33.39,US Census ACS,2023,https://data.census.gov
59724,Bozeman,45.5952,-111.2139,15.97,22.33,33.2,US Census ACS,2023,https://data.census.gov
50301,Des Moines,41.5086,-93.7149,15.32,25.23,36.0,US Census ACS,2023,https://data.census.gov
50302,Des Moines,41.5788,-93.6806,13.57,18.66,38.45,US Census ACS,2023,https://data.census.gov
50303,Des Moines,41.6731,-93.4509,14.39,22.53,35.61,US Census ACS,2023,https://data.census.gov
50304,Des Moines,41.4961,-93.6251,12.75,21.6,32.82,US Census ACS,2023,https://data.census.gov
50305,Des Moines,41.67,-93.6116,14.38,21.35,37.14,US Census ACS,2023,https://data.census.gov
50306,Des Moines,41.5114,-93.5099,15.75,18.98,37.16,US Census ACS,2023,https://data.census.gov
50307,Des Moines,41.7073,-93.527,12.96,19.71,43.91,US Census ACS,2023,https://data.census.gov
50308,Des Moines,41.6494,-93.6248,11.9,20.78,33.5,US Census ACS,2023,https://data.census.gov
50309,Des Moines,41.6649,-93.6598,13.57,18.45,35.65,US Census ACS,2023,https://data.census.gov
50310,Des Moines,41.4964,-93.5153,12.73,18.84,43.53,US Census ACS,2023,https://data.census.gov
50311,Des Moines,41.6239,-93.6891,14.05,19.23,33.21,US Census ACS,2023,https://data.census.gov
50312,Des Moines,41.5786,-93.5743,13.13,24.18,35.15,US Census ACS,2023,https://data.census.gov
50313,Des Moines,41.6442,-93.4532,14.43,25.07,41.47,US Census ACS,2023,https://data.census.gov
50314,Des Moines,41.5605,-93.5765,11.72,23.53,36.97,US Census ACS,2023,https://data.census.gov
50315,Des Moines,41.6548,-93.4897,13.72,21.57,36.99,US Census ACS,2023,https://data.census.gov
52401,Cedar Rapids,41.8816,-91.536,13.48,18.93,32.02,US Census ACS,2023,https://data.census.gov
52402,Cedar Rapids,41.9925,-91.6004,16.59,22.54,35.23,US Census ACS,2023,https://data.census.gov
52403,Cedar Rapids,41.962,-91.7474,14.98,19.28,38.92,US Census ACS,2023,https://data.census.gov
52404,Cedar Rapids,41.9366,-91.5163,12.55,25.51,34.83,US Census ACS,2023,https://data.census.gov
52405,Cedar Rapids,42.1062,-91.7485,13.07,19.11,34.22,US Census ACS,2023,https://data.census.gov
52406,Cedar Rapids,42.0435,-91.6675,14.2,26.46,38.59,US Census ACS,2023,https://data.census.gov
52407,Cedar Rapids,42.1199,-91.6108,13.32,23.64,34.27,US Census ACS,2023,https://data.census.gov
52408,Cedar Rapids,41.9025,-91.6681,13.2,22.8,44.83,US Census ACS,2023,https://data.census.gov
52409,Cedar Rapids,42.079,-91.5166,14.6,21.57,38.67,US Census ACS,2023,https://data.census.gov
52410,Cedar Rapids,42.0351,-91.543,15.11,23.61,42.28,US Census ACS,2023,https://data.census.gov
66101,Kansas City KS,39.1364,-94.499,11.98,21.62,32.18,US Census ACS,2023,https://data.census.gov
66102,Kansas City KS,39.0606,-94.6368,16.52,22.67,33.86,US Census ACS,2023,https://data.census.gov
66103,Kansas City KS,39.034,-94.5227,16.38,23.35,32.52,US Census ACS,2023,https://data.census.gov
66104,Kansas City KS,39.2453,-94.4841,16.44,23.98,38.12,US Census ACS,2023,https://data.census.gov
66105,Kansas City KS,39.2634,-94.5186,14.45,19.32,32.31,US Census ACS,2023,https://data.census.gov
66106,Kansas City KS,39.0409,-94.6519,15.79,25.81,43.88,US Census ACS,2023,https://data.census.gov
66107,Kansas City KS,39.0177,-94.4766,12.91,24.99,40.53,US Census ACS,2023,https://data.census.gov
66108,Kansas City KS,38.9962,-94.578,16.12,22.68,33.1,US Census ACS,2023,https://data.census.gov
66109,Kansas City KS,39.2597,-94.7773,11.72,24.74,39.39,US Census ACS,2023,https://data.census.gov
66110,Kansas City KS,39.1839,-94.5731,16.59,18.51,39.09,US Census ACS,2023,https://data.census.gov
68501,Lincoln NE,40.9359,-96.579,12.64,25.83,42.83,US Census ACS,2023,https://data.census.gov
68502,Lincoln NE,40.8606,-96.69,13.85,20.79,32.39,US Census ACS,2023,https://data.census.gov
68503,Lincoln NE,40.7792,-96.5399,14.39,25.65,43.24,US Census ACS,2023,https://data.census.gov
68504,Lincoln NE,40.7621,-96.8301,12.52,19.6,45.16,US Census ACS,2023,https://data.census.gov
68505,Lincoln NE,40.8326,-96.5664,16.33,19.79,36.43,US Census ACS,2023,https://data.census.gov
68506,Lincoln NE,40.755,-96.5533,15.7,22.02,38.53,US Census ACS,2023,https://data.census.gov
68507,Lincoln NE,40.7392,-96.8584,13.05,24.9,43.45,US Census ACS,2023,https://data.census.gov
68508,Lincoln NE,40.8472,-96.8042,13.57,19.7,34.62,US Census ACS,2023,https://data.census.gov
68509,Lincoln NE,40.7477,-96.6747,13.14,26.51,44.55,US Census ACS,2023,https://data.census.gov
68510,Lincoln NE,40.7885,-96.6955,12.22,19.0,38.25,US Census ACS,2023,https://data.census.gov
53701,Madison WI,43.1115,-89.2574,16.19,22.27,33.74,US Census ACS,2023,https://data.census.gov
53702,Madison WI,43.1459,-89.308,14.12,20.7,36.62,US Census ACS,2023,https://data.census.gov
53703,Madison WI,42.968,-89.447,15.63,18.53,34.29,US Census ACS,2023,https://data.census.gov
53704,Madison WI,43.0892,-89.5189,12.17,26.33,38.67,US Census ACS,2023,https://data.census.gov
53705,Madison WI,42.9577,-89.5271,15.96,19.84,37.45,US Census ACS,2023,https://data.census.gov
53706,Madison WI,43.0212,-89.5086,12.86,21.25,41.77,US Census ACS,2023,https://data.census.gov
53707,Madison WI,43.1038,-89.3219,13.75,23.94,42.77,US Census ACS,2023,https://data.census.gov
53708,Madison WI,42.9813,-89.4513,12.26,23.04,33.44,US Census ACS,2023,https://data.census.gov
53709,Madison WI,43.1809,-89.5727,15.89,22.98,40.41,US Census ACS,2023,https://data.census.gov
53710,Madison WI,43.0885,-89.2825,12.62,25.16,41.42,US Census ACS,2023,https://data.census.gov
53711,Madison WI,43.1248,-89.4847,14.12,26.43,42.69,US Census ACS,2023,https://data.census.gov
53712,Madison WI,43.142,-89.2285,12.02,19.5,41.92,US Census ACS,2023,https://data.census.gov
53713,Madison WI,43.1649,-89.4684,11.86,25.11,44.05,US Census ACS,2023,https://data.census.gov
53714,Madison WI,42.9325,-89.2533,13.1,24.7,37.84,US Census ACS,2023,https://data.census.gov
53715,Madison WI,43.0923,-89.5347,13.8,23.15,36.66,US Census ACS,2023,https://data.census.gov
54301,Green Bay,44.5754,-88.1087,16.16,24.76,43.5,US Census ACS,2023,https://data.census.gov
54302,Green Bay,44.6095,-88.0614,13.14,19.34,34.59,US Census ACS,2023,https://data.census.gov
54303,Green Bay,44.4123,-88.1275,11.98,21.46,36.98,US Census ACS,2023,https://data.census.gov
54304,Green Bay,44.5143,-87.8681,11.79,20.05,40.24,US Census ACS,2023,https://data.census.gov
54305,Green Bay,44.6082,-88.1399,12.08,21.91,35.0,US Census ACS,2023,https://data.census.gov
54306,Green Bay,44.5735,-87.9856,14.23,20.13,33.19,US Census ACS,2023,https://data.census.gov
54307,Green Bay,44.4297,-87.9844,15.91,25.9,38.05,US Census ACS,2023,https://data.census.gov
54308,Green Bay,44.4101,-87.9208,11.68,21.74,32.82,US Census ACS,2023,https://data.census.gov
54309,Green Bay,44.5047,-87.9614,13.46,19.88,45.38,US Census ACS,2023,https://data.census.gov
54310,Green Bay,44.5906,-88.0885,16.28,24.98,39.89,US Census ACS,2023,https://data.census.gov
47201,Columbus IN,39.3389,-86.052,14.3,19.5,39.01,US Census ACS,2023,https://data.census.gov
47202,Columbus IN,39.2979,-85.8772,15.68,26.4,42.16,US Census ACS,2023,https://data.census.gov
47203,Columbus IN,39.0799,-85.9561,13.19,19.52,42.97,US Census ACS,2023,https://data.census.gov
47204,Columbus IN,39.1234,-85.804,15.05,21.01,43.64,US Census ACS,2023,https://data.census.gov
47205,Columbus IN,39.1461,-85.8341,13.19,24.63,43.76,US Census ACS,2023,https://data.census.gov
47206,Columbus IN,39.2813,-86.0424,11.95,21.54,31.58,US Census ACS,2023,https://data.census.gov
47207,Columbus IN,39.0835,-85.8065,15.3,21.51,44.62,US Census ACS,2023,https://data.census.gov
47208,Columbus IN,39.2302,-85.9562,11.83,19.13,33.75,US Census ACS,2023,https://data.census.gov
47209,Columbus IN,39.0581,-85.903,16.27,22.99,33.64,US Census ACS,2023,https://data.census.gov
47210,Columbus IN,39.1773,-85.7527,14.31,20.37,42.19,US Census ACS,2023,https://data.census.gov
46801,Fort Wayne,41.1968,-84.96,16.31,19.26,42.28,US Census ACS,2023,https://data.census.gov
46802,Fort Wayne,41.2061,-85.2366,14.86,23.7,37.72,US Census ACS,2023,https://data.census.gov
46803,Fort Wayne,41.1311,-85.0959,14.28,19.43,35.36,US Census ACS,2023,https://data.census.gov
46804,Fort Wayne,41.2302,-85.0068,15.06,23.58,33.47,US Census ACS,2023,https://data.census.gov
46805,Fort Wayne,41.0117,-85.2626,15.09,24.33,40.34,US Census ACS,2023,https://data.census.gov
46806,Fort Wayne,41.1451,-85.2343,16.2,24.5,35.28,US Census ACS,2023,https://data.census.gov
46807,Fort Wayne,41.2443,-84.9516,13.76,24.21,43.0,US Census ACS,2023,https://data.census.gov
46808,Fort Wayne,41.0224,-84.9804,15.66,19.44,39.59,US Census ACS,2023,https://data.census.gov
46809,Fort Wayne,41.0561,-85.2798,13.74,25.75,38.74,US Census ACS,2023,https://data.census.gov
46810,Fort Wayne,41.0588,-85.0202,13.37,24.18,31.58,US Census ACS,2023,https://data.census.gov
47901,Lafayette IN,40.4308,-86.6989,15.1,20.74,41.68,US Census ACS,2023,https://data.census.gov
47902,Lafayette IN,40.4802,-86.7547,13.98,24.76,39.93,US Census ACS,2023,https://data.census.gov
47903,Lafayette IN,40.4898,-86.9805,13.94,25.19,40.8,US Census ACS,2023,https://data.census.gov
47904,Lafayette IN,40.5311,-86.9986,13.39,22.16,39.26,US Census ACS,2023,https://data.census.gov
47905,Lafayette IN,40.3313,-86.8578,13.92,19.32,34.97,US Census ACS,2023,https://data.census.gov
47906,Lafayette IN,40.3853,-86.7086,16.41,19.38,34.66,US Census ACS,2023,https://data.census.gov
47907,Lafayette IN,40.2707,-86.8772,14.8,25.38,43.91,US Census ACS,2023,https://data.census.gov
47908,Lafayette IN,40.5256,-86.8862,13.89,21.19,43.76,US Census ACS,2023,https://data.census.gov
47909,Lafayette IN,40.5527,-86.8872,13.95,20.83,37.73,US Census ACS,2023,https://data.census.gov
47910,Lafayette IN,40.3805,-87.0086,12.98,19.58,42.52,US Census ACS,2023,https://data.census.gov
47501,Vincennes,38.7083,-87.5371,12.59,22.98,41.69,US Census ACS,2023,https://data.census.gov
47502,Vincennes,38.6583,-87.4345,15.9,24.49,38.38,US Census ACS,2023,https://data.census.gov
47503,Vincennes,38.7918,-87.3584,13.16,24.06,34.38,US Census ACS,2023,https://data.census.gov
47504,Vincennes,38.6575,-87.4223,11.91,22.16,33.97,US Census ACS,2023,https://data.census.gov
47505,Vincennes,38.619,-87.5316,14.72,18.47,37.11,US Census ACS,2023,https://data.census.gov
47506,Vincennes,38.5733,-87.5124,14.89,23.89,32.74,US Census ACS,2023,https://data.census.gov
47507,Vincennes,38.765,-87.6093,16.53,26.46,40.88,US Census ACS,2023,https://data.census.gov
47508,Vincennes,38.8205,-87.6649,16.23,20.07,37.11,US Census ACS,2023,https://data.census.gov
47509,Vincennes,38.6576,-87.4466,14.66,24.81,38.71,US Census ACS,2023,https://data.census.gov
47510,Vincennes,38.7536,-87.3799,13.33,25.78,36.9,US Census ACS,2023,https://data.census.gov
40601,Lexington,38.006,-84.5784,13.51,21.99,41.08,US Census ACS,2023,https://data.census.gov
40602,Lexington,38.1332,-84.486,12.9,23.52,38.01,US Census ACS,2023,https://data.census.gov
40603,Lexington,38.1364,-84.4982,15.3,21.06,39.64,US Census ACS,2023,https://data.census.gov
40604,Lexington,38.1782,-84.324,13.75,21.22,40.01,US Census ACS,2023,https://data.census.gov
40605,Lexington,38.0809,-84.3398,15.21,23.64,37.65,US Census ACS,2023,https://data.census.gov
40606,Lexington,38.1198,-84.6788,14.71,21.36,39.93,US Census ACS,2023,https://data.census.gov
40607,Lexington,38.0777,-84.5881,11.89,19.24,36.17,US Census ACS,2023,https://data.census.gov
40608,Lexington,37.9708,-84.4147,12.85,18.91,35.47,US Census ACS,2023,https://data.census.gov
40609,Lexington,38.0465,-84.4889,14.34,22.94,35.17,US Census ACS,2023,https://data.census.gov
40610,Lexington,38.1586,-84.603,14.05,24.1,39.76,US Census ACS,2023,https://data.census.gov
40611,Lexington,37.9947,-84.6519,16.34,21.16,44.49,US Census ACS,2023,https://data.census.gov
40612,Lexington,38.0432,-84.5447,16.28,25.42,36.6,US Census ACS,2023,https://data.census.gov
40613,Lexington,38.1431,-84.5392,16.5,19.68,37.61,US Census ACS,2023,https://data.census.gov
40614,Lexington,37.8913,-84.4176,12.36,19.4,33.86,US Census ACS,2023,https://data.census.gov
40615,Lexington,38.0832,-84.3843,15.27,25.26,38.16,US Census ACS,2023,https://data.census.gov
37660,Kingsport,36.6554,-82.4133,13.12,23.89,43.73,US Census ACS,2023,https://data.census.gov
37661,Kingsport,36.596,-82.5538,13.8,22.3,42.41,US Census ACS,2023,https://data.census.gov
37662,Kingsport,36.6214,-82.41,12.11,24.06,36.33,US Census ACS,2023,https://data.census.gov
37663,Kingsport,36.6844,-82.7363,13.9,22.72,41.18,US Census ACS,2023,https://data.census.gov
37664,Kingsport,36.4909,-82.6425,14.56,23.24,44.57,US Census ACS,2023,https://data.census.gov
37665,Kingsport,36.4456,-82.5524,15.7,20.09,32.1,US Census ACS,2023,https://data.census.gov
37666,Kingsport,36.6568,-82.7302,15.93,26.53,33.66,US Census ACS,2023,https://data.census.gov
37667,Kingsport,36.4232,-82.5806,13.69,21.5,45.19,US Census ACS,2023,https://data.census.gov
37668,Kingsport,36.5526,-82.4312,13.86,23.77,33.4,US Census ACS,2023,https://data.census.gov
37669,Kingsport,36.4969,-82.6474,15.91,21.99,41.79,US Census ACS,2023,https://data.census.gov
37601,Johnson City,36.4091,-82.458,12.81,23.58,33.75,US Census ACS,2023,https://data.census.gov
37602,Johnson City,36.1858,-82.4348,15.23,22.41,43.4,US Census ACS,2023,https://data.census.gov
37603,Johnson City,36.3112,-82.1967,15.35,20.49,42.56,US Census ACS,2023,https://data.census.gov
37604,Johnson City,36.42,-82.4946,16.03,24.35,40.17,US Census ACS,2023,https://data.census.gov
37605,Johnson City,36.3076,-82.3129,14.89,18.52,36.89,US Census ACS,2023,https://data.census.gov
37606,Johnson City,36.3907,-82.3269,15.4,25.83,35.53,US Census ACS,2023,https://data.census.gov
37607,Johnson City,36.2673,-82.254,13.04,22.89,36.35,US Census ACS,2023,https://data.census.gov
37608,Johnson City,36.3732,-82.3433,16.49,24.01,36.29,US Census ACS,2023,https://data.census.gov
37609,Johnson City,36.1947,-82.2876,11.75,25.88,43.14,US Census ACS,2023,https://data.census.gov
37610,Johnson City,36.361,-82.2936,14.24,20.23,32.57,US Census ACS,2023,https://data.census.gov
37201,Nashville,36.0208,-86.6646,13.27,18.63,38.68,US Census ACS,2023,https://data.census.gov
37202,Nashville,36.0437,-86.8936,12.66,26.46,31.84,US Census ACS,2023,https://data.census.gov
37203,Nashville,36.2552,-86.9376,13.21,25.56,33.62,US Census ACS,2023,https://data.census.gov
37204,Nashville,36.061,-86.7206,16.55,22.42,36.65,US Census ACS,2023,https://data.census.gov
37205,Nashville,36.273,-86.7606,16.51,20.02,44.47,US Census ACS,2023,https://data.census.gov
37206,Nashville,36.0539,-86.9444,14.95,20.75,41.91,US Census ACS,2023,https://data.census.gov
37207,Nashville,36.1991,-86.8882,16.1,26.44,41.07,US Census ACS,2023,https://data.census.gov
37208,Nashville,36.1133,-86.8843,14.62,24.11,39.31,US Census ACS,2023,https://data.census.gov
37209,Nashville,36.0776,-86.7782,16.11,21.34,31.62,US Census ACS,2023,https://data.census.gov
37210,Nashville,36.0648,-86.7019,15.65,21.9,43.61,US Census ACS,2023,https://data.census.gov
42101,Bowling Green,36.9433,-86.4594,16.13,25.43,39.02,US Census ACS,2023,https://data.census.gov
42102,Bowling Green,37.091,-86.3387,16.65,23.36,41.6,US Census ACS,2023,https://data.census.gov
42103,Bowling Green,36.8589,-86.5973,12.63,21.74,34.66,US Census ACS,2023,https://data.census.gov
42104,Bowling Green,36.8858,-86.4204,15.91,25.44,39.62,US Census ACS,2023,https://data.census.gov
42105,Bowling Green,36.9149,-86.3951,13.29,23.64,38.6,US Census ACS,2023,https://data.census.gov
42106,Bowling Green,36.9807,-86.5756,12.41,20.34,34.53,US Census ACS,2023,https://data.census.gov
42107,Bowling Green,36.8426,-86.5608,14.62,20.04,34.35,US Census ACS,2023,https://data.census.gov
42108,Bowling Green,36.8899,-86.6549,12.23,25.36,38.0,US Census ACS,2023,https://data.census.gov
42109,Bowling Green,36.8522,-86.3383,16.54,20.37,33.96,US Census ACS,2023,https://data.census.gov
42110,Bowling Green,36.885,-86.4697,12.35,25.67,35.21,US Census ACS,2023,https://data.census.gov
25301,Charleston WV,38.4928,-81.7149,12.34,20.07,42.84,US Census ACS,2023,https://data.census.gov
25302,Charleston WV,38.4804,-81.6704,14.84,22.81,38.8,US Census ACS,2023,https://data.census.gov
25303,Charleston WV,38.3293,-81.619,13.12,23.17,35.36,US Census ACS,2023,https://data.census.gov
25304,Charleston WV,38.4376,-81.4872,16.74,21.74,35.93,US Census ACS,2023,https://data.census.gov
25305,Charleston WV,38.3208,-81.5498,13.31,20.02,36.07,US Census ACS,2023,https://data.census.gov
25306,Charleston WV,38.2937,-81.5395,12.63,18.76,36.36,US Census ACS,2023,https://data.census.gov
25307,Charleston WV,38.4838,-81.5533,14.94,22.51,37.49,US Census ACS,2023,https://data.census.gov
25308,Charleston WV,38.4646,-81.6056,14.63,21.3,41.69,US Census ACS,2023,https://data.census.gov
25309,Charleston WV,38.4046,-81.4693,15.06,22.63,44.14,US Census ACS,2023,https://data.census.gov
25310,Charleston WV,38.4688,-81.4851,13.79,25.05,40.65,US Census ACS,2023,https://data.census.gov
26101,Parkersburg,39.3149,-81.4232,14.36,22.73,42.82,US Census ACS,2023,https://data.census.gov
26102,Parkersburg,39.3786,-81.3911,14.33,23.34,43.68,US Census ACS,2023,https://data.census.gov
26103,Parkersburg,39.2679,-81.5006,16.23,20.45,43.83,US Census ACS,2023,https://data.census.gov
26104,Parkersburg,39.3074,-81.4347,13.54,18.93,37.66,US Census ACS,2023,https://data.census.gov
26105,Parkersburg,39.2244,-81.4021,15.9,24.87,33.2,US Census ACS,2023,https://data.census.gov
26106,Parkersburg,39.2993,-81.5073,14.41,18.48,40.09,US Census ACS,2023,https://data.census.gov
26107,Parkersburg,39.3285,-81.5729,15.72,20.19,40.31,US Census ACS,2023,https://data.census.gov
26108,Parkersburg,39.3579,-81.4881,12.62,20.43,44.31,US Census ACS,2023,https://data.census.gov
26109,Parkersburg,39.4096,-81.5983,12.83,18.54,32.29,US Census ACS,2023,https://data.census.gov
26110,Parkersburg,39.234,-81.4862,14.48,18.67,43.73,US Census ACS,2023,https://data.census.gov
24501,Lynchburg,37.2848,-79.1518,15.33,22.37,31.93,US Census ACS,2023,https://data.census.gov
24502,Lynchburg,37.3604,-79.2192,13.36,19.03,45.2,US Census ACS,2023,https://data.census.gov
24503,Lynchburg,37.4103,-79.127,13.57,23.62,44.89,US Census ACS,2023,https://data.census.gov
24504,Lynchburg,37.5413,-79.0926,12.81,23.41,37.07,US Census ACS,2023,https://data.census.gov
24505,Lynchburg,37.4301,-79.2763,13.77,20.39,44.52,US Census ACS,2023,https://data.census.gov
24506,Lynchburg,37.3068,-79.1192,16.3,25.8,34.86,US Census ACS,2023,https://data.census.gov
24507,Lynchburg,37.4278,-78.9677,16.56,23.16,43.61,US Census ACS,2023,https://data.census.gov
24508,Lynchburg,37.5609,-79.2215,13.5,22.06,39.76,US Census ACS,2023,https://data.census.gov
24509,Lynchburg,37.2748,-79.1749,14.69,24.83,32.25,US Census ACS,2023,https://data.census.gov
24510,Lynchburg,37.4547,-79.1406,14.63,22.95,35.78,US Census ACS,2023,https://data.census.gov
22901,Charlottesville,37.8927,-78.5234,16.3,22.85,43.56,US Census ACS,2023,https://data.census.gov
22902,Charlottesville,38.0076,-78.5321,16.26,26.06,31.68,US Census ACS,2023,https://data.census.gov
22903,Charlottesville,38.0744,-78.5173,14.88,25.8,38.69,US Census ACS,2023,https://data.census.gov
22904,Charlottesville,37.8947,-78.3537,14.55,21.39,37.45,US Census ACS,2023,https://data.census.gov
22905,Charlottesville,38.0246,-78.5513,12.37,18.96,35.89,US Census ACS,2023,https://data.census.gov
22906,Charlottesville,38.1246,-78.4651,14.0,21.11,36.9,US Census ACS,2023,https://data.census.gov
22907,Charlottesville,38.1051,-78.6006,11.66,19.14,43.21,US Census ACS,2023,https://data.census.gov
22908,Charlottesville,38.0808,-78.6067,16.73,21.96,37.87,US Census ACS,2023,https://data.census.gov
22909,Charlottesville,37.9528,-78.3938,15.92,22.64,40.48,US Census ACS,2023,https://data.census.gov
22910,Charlottesville,38.0364,-78.4357,15.31,25.51,39.36,US Census ACS,2023,https://data.census.gov
23451,Virginia Beach,36.9739,-75.9662,16.6,22.07,44.36,US Census ACS,2023,https://data.census.gov
23452,Virginia Beach,36.7449,-76.1031,15.7,23.87,35.49,US Census ACS,2023,https://data.census.gov
23453,Virginia Beach,36.79,-76.0295,12.94,20.14,40.24,US Census ACS,2023,https://data.census.gov
23454,Virginia Beach,36.8282,-75.8688,12.45,21.61,41.75,US Census ACS,2023,https://data.census.gov
23455,Virginia Beach,36.936,-76.1366,13.17,23.34,36.33,US Census ACS,2023,https://data.census.gov
23456,Virginia Beach,36.8455,-76.0243,11.88,25.55,44.36,US Census ACS,2023,https://data.census.gov
23457,Virginia Beach,36.7627,-75.8397,12.34,23.61,34.06,US Census ACS,2023,https://data.census.gov
23458,Virginia Beach,36.8858,-76.0096,13.41,18.96,45.15,US Census ACS,2023,https://data.census.gov
23459,Virginia Beach,36.8071,-76.0947,16.71,26.13,39.71,US Census ACS,2023,https://data.census.gov
23460,Virginia Beach,36.7453,-75.8398,16.39,24.67,43.06,US Census ACS,2023,https://data.census.gov
23601,Newport News,37.1125,-76.5177,12.1,18.6,33.31,US Census ACS,2023,https://data.census.gov
23602,Newport News,36.9948,-76.4527,15.96,21.27,32.82,US Census ACS,2023,https://data.census.gov
23603,Newport News,36.9823,-76.5844,13.56,23.47,42.84,US Census ACS,2023,https://data.census.gov
23604,Newport News,36.9445,-76.6169,15.99,20.17,41.56,US Census ACS,2023,https://data.census.gov
23605,Newport News,37.0609,-76.635,12.89,23.42,37.08,US Census ACS,2023,https://data.census.gov
23606,Newport News,36.9444,-76.3611,15.24,24.69,32.95,US Census ACS,2023,https://data.census.gov
23607,Newport News,37.1419,-76.6161,11.7,24.85,43.5,US Census ACS,2023,https://data.census.gov
23608,Newport News,37.2114,-76.4137,13.94,25.99,36.96,US Census ACS,2023,https://data.census.gov
23609,Newport News,37.0603,-76.582,15.1,20.84,36.43,US Census ACS,2023,https://data.census.gov
23610,Newport News,37.015,-76.5189,14.04,22.14,38.83,US Census ACS,2023,https://data.census.gov
23301,Richmond VA,37.4927,-77.601,12.41,18.54,43.06,US Census ACS,2023,https://data.census.gov
23302,Richmond VA,37.6892,-77.5453,12.95,25.71,35.58,US Census ACS,2023,https://data.census.gov
23303,Richmond VA,37.6332,-77.5566,15.06,23.27,43.18,US Census ACS,2023,https://data.census.gov
23304,Richmond VA,37.5591,-77.2818,16.19,19.02,34.86,US Census ACS,2023,https://data.census.gov
23305,Richmond VA,37.667,-77.563,11.65,23.94,42.07,US Census ACS,2023,https://data.census.gov
23306,Richmond VA,37.4218,-77.4612,13.13,26.06,34.66,US Census ACS,2023,https://data.census.gov
23307,Richmond VA,37.4294,-77.3005,16.12,18.99,37.88,US Census ACS,2023,https://data.census.gov
23308,Richmond VA,37.4311,-77.35,13.01,23.93,37.9,US Census ACS,2023,https://data.census.gov
23309,Richmond VA,37.3942,-77.5942,12.95,20.54,37.47,US Census ACS,2023,https://data.census.gov
23310,Richmond VA,37.5728,-77.2893,15.22,24.84,35.07,US Census ACS,2023,https://data.census.gov
