zip_code,metro,lat,lng,price_per_unit,price_per_unit_class_a,price_per_unit_class_b,price_per_unit_yoy_chg_pct,data_source,as_of_date,source_url
10001,New York,40.564,-74.0031,541447.68,629151.0,470955.0,-4.93,CoStar/Real Capital Analytics,2025-Q4,https://www.rcanalytics.com
10002,New York,40.7872,-73.9938,529939.2,635520.0,436547.0,-4.39,CoStar/Real Capital Analytics,2025-Q4,https://www.rcanalytics.com
10003,New York,40.8358,-74.1131,566140.8,619167.0,400268.0,-4.45,CoStar/Real Capital Analytics,2025-Q4,https://www.rcanalytics.com
10004,New York,40.5966,-73.9574,394412.16,685768.0,485352.0,-4.5,CoStar/Real Capital Analytics,2025-Q4,https://www.rcanalytics.com
10005,New York,40.6223,-73.9097,516529.92,635310.0,508383.0,-4.68,CoStar/Real Capital Analytics,2025-Q4,https://www.rcanalytics.com
10006,New York,40.7455,-74.1688,455272.32,547573.0,434659.0,-4.61,CoStar/Real Capital Analytics,2025-Q4,https://www.rcanalytics.com
10007,New York,40.753,-74.0236,490005.12,631227.0,429373.0,-4.64,CoStar/Real Capital Analytics,2025-Q4,https://www.rcanalytics.com
10008,New York,40.8409,-73.8729,400978.56,741265.0,490720.0,-4.01,CoStar/Real Capital Analytics,2025-Q4,https://www.rcanalytics.com
10009,New York,40.6863,-73.8916,431633.28,579462.0,410462.0,-4.4,CoStar/Real Capital Analytics,2025-Q4,https://www.rcanalytics.com
10010,New York,40.6582,-74.1744,500511.36,656958.0,420673.0,-4.45,CoStar/Real Capital Analytics,2025-Q4,https://www.rcanalytics.com
10011,New York,40.6164,-74.0364,431857.92,730021.0,380634.0,-3.96,CoStar/Real Capital Analytics,2025-Q4,https://www.rcanalytics.com
10012,New York,40.7651,-74.0813,432410.88,733987.0,461696.0,-4.25,CoStar/Real Capital Analytics,2025-Q4,https://www.rcanalytics.com
10013,New York,40.5718,-73.9069,550571.52,622479.0,378533.0,-4.59,CoStar/Real Capital Analytics,2025-Q4,https://www.rcanalytics.com
10014,New York,40.8483,-73.9022,410154.24,573840.0,445051.0,-4.73,CoStar/Real Capital Analytics,2025-Q4,https://www.rcanalytics.com
10015,New York,40.7876,-73.9791,553353.6,760884.0,460514.0,-5.16,CoStar/Real Capital Analytics,2025-Q4,https://www.rcanalytics.com
10016,New York,40.8492,-73.9492,543296.64,584734.0,394062.0,-4.24,CoStar/Real Capital Analytics,2025-Q4,https://www.rcanalytics.com
10017,New York,40.7315,-74.0492,475576.32,691413.0,380207.0,-5.11,CoStar/Real Capital Analytics,2025-Q4,https://www.rcanalytics.com
10018,New York,40.7465,-74.0062,469632.0,652876.0,465965.0,-4.03,CoStar/Real Capital Analytics,2025-Q4,https://www.rcanalytics.com
10019,New York,40.8496,-73.9842,502913.28,736740.0,429209.0,-4.67,CoStar/Real Capital Analytics,2025-Q4,https://www.rcanalytics.com
10020,New York,40.7937,-74.0435,452524.8,694749.0,477111.0,-3.8,CoStar/Real Capital Analytics,2025-Q4,https://www.rcanalytics.com
10021,New York,40.8501,-73.9875,446079.36,648607.0,420673.0,-4.95,CoStar/Real Capital Analytics,2025-Q4,https://www.rcanalytics.com
10022,New York,40.61,-74.0677,501375.36,632160.0,378599.0,-3.77,CoStar/Real Capital Analytics,2025-Q4,https://www.rcanalytics.com
10023,New York,40.6564,-74.081,523476.48,662043.0,386527.0,-4.66,CoStar/Real Capital Analytics,2025-Q4,https://www.rcanalytics.com
10024,New York,40.8034,-74.1215,453838.08,597985.0,530578.0,-4.51,CoStar/Real Capital Analytics,2025-Q4,https://www.rcanalytics.com
10025,New York,40.8144,-73.9565,450330.24,642331.0,469609.0,-4.11,CoStar/Real Capital Analytics,2025-Q4,https://www.rcanalytics.com
10026,New York,40.8152,-74.1239,414802.56,648607.0,519743.0,-5.17,CoStar/Real Capital Analytics,2025-Q4,https://www.rcanalytics.com
10027,New York,40.7701,-73.9228,537179.52,551959.0,380864.0,-4.36,CoStar/Real Capital Analytics,2025-Q4,https://www.rcanalytics.com
10028,New York,40.8363,-73.9296,431391.36,690060.0,413647.0,-4.7,CoStar/Real Capital Analytics,2025-Q4,https://www.rcanalytics.com
10029,New York,40.6248,-74.0618,429628.8,755659.0,476504.0,-3.84,CoStar/Real Capital Analytics,2025-Q4,https://www.rcanalytics.com
10030,New York,40.8296,-74.1136,494843.52,626095.0,428175.0,-4.69,CoStar/Real Capital Analytics,2025-Q4,https://www.rcanalytics.com
10031,New York,40.7547,-73.8801,551159.04,581119.0,375726.0,-4.66,CoStar/Real Capital Analytics,2025-Q4,https://www.rcanalytics.com
10032,New York,40.7883,-74.1199,484786.56,741895.0,404716.0,-4.12,CoStar/Real Capital Analytics,2025-Q4,https://www.rcanalytics.com
10033,New York,40.6653,-73.844,510015.36,700278.0,436022.0,-4.45,CoStar/Real Capital Analytics,2025-Q4,https://www.rcanalytics.com
10034,New York,40.819,-74.1257,522197.76,633140.0,413400.0,-3.83,CoStar/Real Capital Analytics,2025-Q4,https://www.rcanalytics.com
10035,New York,40.841,-73.8655,529973.76,701864.0,520072.0,-3.7,CoStar/Real Capital Analytics,2025-Q4,https://www.rcanalytics.com
10036,New York,40.8428,-74.1198,480414.72,583032.0,432558.0,-3.88,CoStar/Real Capital Analytics,2025-Q4,https://www.rcanalytics.com
10037,New York,40.7695,-73.8682,557829.12,625768.0,524816.0,-4.91,CoStar/Real Capital Analytics,2025-Q4,https://www.rcanalytics.com
10038,New York,40.6597,-74.0256,545940.48,740146.0,476947.0,-4.34,CoStar/Real Capital Analytics,2025-Q4,https://www.rcanalytics.com
10039,New York,40.8624,-74.1386,394429.44,614128.0,485007.0,-4.89,CoStar/Real Capital Analytics,2025-Q4,https://www.rcanalytics.com
10040,New York,40.8485,-74.0837,501358.08,727478.0,527869.0,-4.41,CoStar/Real Capital Analytics,2025-Q4,https://www.rcanalytics.com
10041,New York,40.7061,-73.8581,408702.72,762167.0,439863.0,-4.7,CoStar/Real Capital Analytics,2025-Q4,https://www.rcanalytics.com
10042,New York,40.592,-74.102,440860.8,557464.0,490703.0,-4.89,CoStar/Real Capital Analytics,2025-Q4,https://www.rcanalytics.com
10043,New York,40.854,-74.0088,512209.92,681872.0,525850.0,-5.24,CoStar/Real Capital Analytics,2025-Q4,https://www.rcanalytics.com
10044,New York,40.6682,-74.0982,525671.04,763194.0,420410.0,-3.94,CoStar/Real Capital Analytics,2025-Q4,https://www.rcanalytics.com
10045,New York,40.8559,-74.1667,397211.52,717051.0,419146.0,-5.03,CoStar/Real Capital Analytics,2025-Q4,https://www.rcanalytics.com
10046,New York,40.7917,-73.9853,464499.84,546453.0,471973.0,-4.06,CoStar/Real Capital Analytics,2025-Q4,https://www.rcanalytics.com
10047,New York,40.7567,-73.9596,540704.64,705060.0,493724.0,-3.7,CoStar/Real Capital Analytics,2025-Q4,https://www.rcanalytics.com
10048,New York,40.7048,-73.9293,527036.16,600784.0,473368.0,-4.78,CoStar/Real Capital Analytics,2025-Q4,https://www.rcanalytics.com
10049,New York,40.8035,-74.1252,465571.2,758971.0,415682.0,-4.42,CoStar/Real Capital Analytics,2025-Q4,https://www.rcanalytics.com
10050,New York,40.6196,-73.9172,441828.48,552425.0,493790.0,-4.05,CoStar/Real Capital Analytics,2025-Q4,https://www.rcanalytics.com
10051,New York,40.643,-73.924,494221.44,620800.0,457018.0,-4.44,CoStar/Real Capital Analytics,2025-Q4,https://www.rcanalytics.com
10052,New York,40.6472,-73.9063,554787.84,616927.0,406982.0,-5.08,CoStar/Real Capital Analytics,2025-Q4,https://www.rcanalytics.com
10053,New York,40.851,-74.0213,446252.16,726032.0,530660.0,-5.06,CoStar/Real Capital Analytics,2025-Q4,https://www.rcanalytics.com
10054,New York,40.6703,-74.059,520158.72,594416.0,445051.0,-4.65,CoStar/Real Capital Analytics,2025-Q4,https://www.rcanalytics.com
10055,New York,40.7919,-73.9193,532704.0,746561.0,536323.0,-4.15,CoStar/Real Capital Analytics,2025-Q4,https://www.rcanalytics.com
10056,New York,40.7687,-74.0027,436920.96,555388.0,447414.0,-3.85,CoStar/Real Capital Analytics,2025-Q4,https://www.rcanalytics.com
10057,New York,40.7865,-73.9435,412936.32,620100.0,476192.0,-4.95,CoStar/Real Capital Analytics,2025-Q4,https://www.rcanalytics.com
10058,New York,40.762,-74.0912,442174.08,706343.0,479836.0,-4.98,CoStar/Real Capital Analytics,2025-Q4,https://www.rcanalytics.com
10059,New York,40.8554,-73.9114,538838.4,584478.0,455442.0,-3.8,CoStar/Real Capital Analytics,2025-Q4,https://www.rcanalytics.com
10060,New York,40.7568,-73.9228,492389.76,683808.0,471136.0,-4.08,CoStar/Real Capital Analytics,2025-Q4,https://www.rcanalytics.com
10061,New York,40.6937,-74.1749,548428.8,742245.0,457822.0,-4.5,CoStar/Real Capital Analytics,2025-Q4,https://www.rcanalytics.com
10062,New York,40.6367,-73.8556,414940.8,572581.0,517675.0,-4.65,CoStar/Real Capital Analytics,2025-Q4,https://www.rcanalytics.com
10063,New York,40.7167,-73.9992,466832.64,595115.0,474796.0,-3.96,CoStar/Real Capital Analytics,2025-Q4,https://www.rcanalytics.com
10064,New York,40.6219,-74.1213,449224.32,639509.0,528066.0,-4.08,CoStar/Real Capital Analytics,2025-Q4,https://www.rcanalytics.com
10065,New York,40.6587,-73.9155,413109.12,612635.0,447037.0,-3.69,CoStar/Real Capital Analytics,2025-Q4,https://www.rcanalytics.com
10066,New York,40.8151,-73.837,548342.4,760418.0,459891.0,-5.13,CoStar/Real Capital Analytics,2025-Q4,https://www.rcanalytics.com
10067,New York,40.8289,-73.9201,429058.56,680659.0,497335.0,-3.99,CoStar/Real Capital Analytics,2025-Q4,https://www.rcanalytics.com
10068,New York,40.6768,-73.9826,431443.2,741545.0,403206.0,-4.4,CoStar/Real Capital Analytics,2025-Q4,https://www.rcanalytics.com
10069,New York,40.5917,-73.9744,491404.8,550209.0,469543.0,-5.23,CoStar/Real Capital Analytics,2025-Q4,https://www.rcanalytics.com
10070,New York,40.5835,-73.9129,416478.72,614081.0,533648.0,-4.3,CoStar/Real Capital Analytics,2025-Q4,https://www.rcanalytics.com
10071,New York,40.5696,-73.881,532410.24,598265.0,385066.0,-4.69,CoStar/Real Capital Analytics,2025-Q4,https://www.rcanalytics.com
10072,New York,40.6973,-73.8572,505591.68,582868.0,472038.0,-4.72,CoStar/Real Capital Analytics,2025-Q4,https://www.rcanalytics.com
10073,New York,40.6683,-73.8412,525118.08,633747.0,414714.0,-5.29,CoStar/Real Capital Analytics,2025-Q4,https://www.rcanalytics.com
10074,New York,40.6544,-73.9861,521143.68,688591.0,418079.0,-5.23,CoStar/Real Capital Analytics,2025-Q4,https://www.rcanalytics.com
10075,New York,40.8282,-73.9756,542138.88,554898.0,388957.0,-4.56,CoStar/Real Capital Analytics,2025-Q4,https://www.rcanalytics.com
10076,New York,40.5789,-73.8746,447323.52,689174.0,446922.0,-5.17,CoStar/Real Capital Analytics,2025-Q4,https://www.rcanalytics.com
10077,New York,40.8013,-73.9942,440048.64,612938.0,384049.0,-4.37,CoStar/Real Capital Analytics,2025-Q4,https://www.rcanalytics.com
10078,New York,40.7908,-74.0033,406145.28,746141.0,520384.0,-3.94,CoStar/Real Capital Analytics,2025-Q4,https://www.rcanalytics.com
10079,New York,40.5863,-74.0558,399457.92,617627.0,474714.0,-3.95,CoStar/Real Capital Analytics,2025-Q4,https://www.rcanalytics.com
10080,New York,40.6942,-74.0887,535537.92,573957.0,408098.0,-4.86,CoStar/Real Capital Analytics,2025-Q4,https://www.rcanalytics.com
90001,Los Angeles,34.1214,-118.2314,401340.8,433421.0,382093.0,-5.17,CoStar/Real Capital Analytics,2025-Q4,https://www.rcanalytics.com
90002,Los Angeles,34.0392,-118.3354,430369.76,442508.0,365146.0,-4.84,CoStar/Real Capital Analytics,2025-Q4,https://www.rcanalytics.com
90003,Los Angeles,33.9029,-118.243,360191.36,479296.0,310303.0,-4.46,CoStar/Real Capital Analytics,2025-Q4,https://www.rcanalytics.com
90004,Los Angeles,34.1509,-118.1387,357263.84,527257.0,360493.0,-4.87,CoStar/Real Capital Analytics,2025-Q4,https://www.rcanalytics.com
90005,Los Angeles,33.9751,-118.415,425882.72,566871.0,402171.0,-5.07,CoStar/Real Capital Analytics,2025-Q4,https://www.rcanalytics.com
90006,Los Angeles,33.999,-118.3099,398098.64,550601.0,417870.0,-4.13,CoStar/Real Capital Analytics,2025-Q4,https://www.rcanalytics.com
90007,Los Angeles,34.0868,-118.1844,443680.4,578488.0,347068.0,-4.59,CoStar/Real Capital Analytics,2025-Q4,https://www.rcanalytics.com
90008,Los Angeles,34.0856,-118.2297,356785.04,477818.0,419248.0,-3.97,CoStar/Real Capital Analytics,2025-Q4,https://www.rcanalytics.com
90009,Los Angeles,34.1576,-118.2875,404063.12,574886.0,406408.0,-3.88,CoStar/Real Capital Analytics,2025-Q4,https://www.rcanalytics.com
90010,Los Angeles,33.948,-118.2617,356388.32,595681.0,357205.0,-4.45,CoStar/Real Capital Analytics,2025-Q4,https://www.rcanalytics.com
90011,Los Angeles,34.161,-118.072,417141.2,536971.0,377089.0,-5.29,CoStar/Real Capital Analytics,2025-Q4,https://www.rcanalytics.com
90012,Los Angeles,34.0257,-118.3151,329821.76,472943.0,317931.0,-4.66,CoStar/Real Capital Analytics,2025-Q4,https://www.rcanalytics.com
90013,Los Angeles,34.0993,-118.269,357619.52,444391.0,381599.0,-4.13,CoStar/Real Capital Analytics,2025-Q4,https://www.rcanalytics.com
90014,Los Angeles,33.9242,-118.2933,389206.64,475307.0,335580.0,-4.92,CoStar/Real Capital Analytics,2025-Q4,https://www.rcanalytics.com
90015,Los Angeles,34.1921,-118.1397,369028.64,426348.0,420691.0,-5.14,CoStar/Real Capital Analytics,2025-Q4,https://www.rcanalytics.com
90016,Los Angeles,34.1713,-118.2349,331217.12,459646.0,370890.0,-3.71,CoStar/Real Capital Analytics,2025-Q4,https://www.rcanalytics.com
90017,Los Angeles,34.1716,-118.1116,396935.84,477504.0,406070.0,-5.17,CoStar/Real Capital Analytics,2025-Q4,https://www.rcanalytics.com
90018,Los Angeles,33.9229,-118.1455,422325.92,475824.0,409033.0,-4.28,CoStar/Real Capital Analytics,2025-Q4,https://www.rcanalytics.com
90019,Los Angeles,33.9689,-118.1972,321189.68,586669.0,356088.0,-4.18,CoStar/Real Capital Analytics,2025-Q4,https://www.rcanalytics.com
90020,Los Angeles,33.9238,-118.0834,371942.48,463690.0,342078.0,-5.22,CoStar/Real Capital Analytics,2025-Q4,https://www.rcanalytics.com
90021,Los Angeles,34.1068,-118.1598,344432.0,603216.0,336269.0,-4.65,CoStar/Real Capital Analytics,2025-Q4,https://www.rcanalytics.com
90022,Los Angeles,34.0847,-118.1458,378577.28,471170.0,336217.0,-5.05,CoStar/Real Capital Analytics,2025-Q4,https://www.rcanalytics.com
90023,Los Angeles,34.1212,-118.3214,321203.36,593557.0,408435.0,-4.05,CoStar/Real Capital Analytics,2025-Q4,https://www.rcanalytics.com
90024,Los Angeles,33.9381,-118.3817,430041.44,602551.0,329667.0,-3.93,CoStar/Real Capital Analytics,2025-Q4,https://www.rcanalytics.com
90025,Los Angeles,34.1683,-118.421,360793.28,542715.0,409917.0,-4.98,CoStar/Real Capital Analytics,2025-Q4,https://www.rcanalytics.com
90026,Los Angeles,34.018,-118.0865,322051.52,508309.0,310991.0,-3.7,CoStar/Real Capital Analytics,2025-Q4,https://www.rcanalytics.com
90027,Los Angeles,34.0829,-118.2324,389753.84,466387.0,419729.0,-4.59,CoStar/Real Capital Analytics,2025-Q4,https://www.rcanalytics.com
90028,Los Angeles,34.0628,-118.3854,372489.68,529326.0,385562.0,-4.56,CoStar/Real Capital Analytics,2025-Q4,https://www.rcanalytics.com
90029,Los Angeles,33.9948,-118.3634,439863.68,594666.0,411126.0,-5.09,CoStar/Real Capital Analytics,2025-Q4,https://www.rcanalytics.com
90030,Los Angeles,33.9549,-118.1002,316866.8,598581.0,356399.0,-4.8,CoStar/Real Capital Analytics,2025-Q4,https://www.rcanalytics.com
90031,Los Angeles,34.0853,-118.1248,323802.56,488936.0,378480.0,-3.82,CoStar/Real Capital Analytics,2025-Q4,https://www.rcanalytics.com
90032,Los Angeles,34.0964,-118.3443,388946.72,482694.0,296423.0,-4.18,CoStar/Real Capital Analytics,2025-Q4,https://www.rcanalytics.com
90033,Los Angeles,34.0182,-118.3844,386785.28,454844.0,352267.0,-4.74,CoStar/Real Capital Analytics,2025-Q4,https://www.rcanalytics.com
90034,Los Angeles,33.9229,-118.1975,330396.32,587149.0,381651.0,-3.84,CoStar/Real Capital Analytics,2025-Q4,https://www.rcanalytics.com
90035,Los Angeles,34.1844,-118.1729,402968.72,584914.0,394972.0,-4.1,CoStar/Real Capital Analytics,2025-Q4,https://www.rcanalytics.com
90036,Los Angeles,34.0083,-118.1578,369452.72,567407.0,409761.0,-3.87,CoStar/Real Capital Analytics,2025-Q4,https://www.rcanalytics.com
90037,Los Angeles,33.9468,-118.3693,384788.0,475861.0,411372.0,-3.9,CoStar/Real Capital Analytics,2025-Q4,https://www.rcanalytics.com
90038,Los Angeles,34.0832,-118.4076,357824.72,463063.0,361273.0,-5.16,CoStar/Real Capital Analytics,2025-Q4,https://www.rcanalytics.com
90039,Los Angeles,33.9634,-118.0968,336634.4,535494.0,343286.0,-4.61,CoStar/Real Capital Analytics,2025-Q4,https://www.rcanalytics.com
90040,Los Angeles,34.1224,-118.2212,422791.04,568164.0,411035.0,-4.74,CoStar/Real Capital Analytics,2025-Q4,https://www.rcanalytics.com
90041,Los Angeles,34.1348,-118.2771,354815.12,532244.0,313357.0,-4.56,CoStar/Real Capital Analytics,2025-Q4,https://www.rcanalytics.com
90042,Los Angeles,34.0297,-118.2394,420889.52,601166.0,415167.0,-3.85,CoStar/Real Capital Analytics,2025-Q4,https://www.rcanalytics.com
90043,Los Angeles,34.1872,-118.1309,399097.28,534238.0,412815.0,-5.21,CoStar/Real Capital Analytics,2025-Q4,https://www.rcanalytics.com
90044,Los Angeles,34.0132,-118.1634,379521.2,474494.0,330394.0,-4.2,CoStar/Real Capital Analytics,2025-Q4,https://www.rcanalytics.com
90045,Los Angeles,34.1026,-118.1199,372106.64,486184.0,338907.0,-5.16,CoStar/Real Capital Analytics,2025-Q4,https://www.rcanalytics.com
90046,Los Angeles,33.9073,-118.1468,353488.16,486295.0,422445.0,-4.73,CoStar/Real Capital Analytics,2025-Q4,https://www.rcanalytics.com
90047,Los Angeles,34.1758,-118.0821,339055.76,478391.0,326444.0,-3.74,CoStar/Real Capital Analytics,2025-Q4,https://www.rcanalytics.com
90048,Los Angeles,34.1469,-118.2681,422449.04,431833.0,311134.0,-4.41,CoStar/Real Capital Analytics,2025-Q4,https://www.rcanalytics.com
90049,Los Angeles,34.0295,-118.4192,418700.72,555015.0,396453.0,-4.96,CoStar/Real Capital Analytics,2025-Q4,https://www.rcanalytics.com
90050,Los Angeles,34.0881,-118.0957,342886.16,516324.0,425395.0,-3.81,CoStar/Real Capital Analytics,2025-Q4,https://www.rcanalytics.com
90051,Los Angeles,34.0655,-118.4031,348700.16,510193.0,308678.0,-4.34,CoStar/Real Capital Analytics,2025-Q4,https://www.rcanalytics.com
90052,Los Angeles,34.0743,-118.1046,403433.84,521772.0,421990.0,-4.18,CoStar/Real Capital Analytics,2025-Q4,https://www.rcanalytics.com
90053,Los Angeles,33.9527,-118.2702,355772.72,447568.0,317074.0,-4.0,CoStar/Real Capital Analytics,2025-Q4,https://www.rcanalytics.com
90054,Los Angeles,34.0598,-118.2157,446033.36,523767.0,334670.0,-4.72,CoStar/Real Capital Analytics,2025-Q4,https://www.rcanalytics.com
90055,Los Angeles,34.0001,-118.2148,412517.36,479148.0,319907.0,-3.76,CoStar/Real Capital Analytics,2025-Q4,https://www.rcanalytics.com
90056,Los Angeles,34.0884,-118.3838,421956.56,450209.0,400547.0,-3.99,CoStar/Real Capital Analytics,2025-Q4,https://www.rcanalytics.com
90057,Los Angeles,34.1417,-118.4208,335033.84,505373.0,388071.0,-4.27,CoStar/Real Capital Analytics,2025-Q4,https://www.rcanalytics.com
90058,Los Angeles,33.9248,-118.1827,406361.36,421805.0,384445.0,-4.66,CoStar/Real Capital Analytics,2025-Q4,https://www.rcanalytics.com
90059,Los Angeles,34.0479,-118.173,312188.24,480866.0,420002.0,-4.9,CoStar/Real Capital Analytics,2025-Q4,https://www.rcanalytics.com
90060,Los Angeles,34.1424,-118.228,368823.44,550305.0,369304.0,-4.94,CoStar/Real Capital Analytics,2025-Q4,https://www.rcanalytics.com
90061,Los Angeles,34.0107,-118.2141,419589.92,523841.0,316255.0,-4.51,CoStar/Real Capital Analytics,2025-Q4,https://www.rcanalytics.com
90062,Los Angeles,33.9245,-118.0951,387264.08,420734.0,350746.0,-4.95,CoStar/Real Capital Analytics,2025-Q4,https://www.rcanalytics.com
90063,Los Angeles,33.9377,-118.2025,352024.4,518023.0,392346.0,-4.17,CoStar/Real Capital Analytics,2025-Q4,https://www.rcanalytics.com
90064,Los Angeles,34.0515,-118.3478,316401.68,483045.0,414206.0,-4.89,CoStar/Real Capital Analytics,2025-Q4,https://www.rcanalytics.com
90065,Los Angeles,34.0036,-118.3985,421436.72,546926.0,336061.0,-5.3,CoStar/Real Capital Analytics,2025-Q4,https://www.rcanalytics.com
90066,Los Angeles,33.9078,-118.0645,403598.0,447199.0,369265.0,-5.09,CoStar/Real Capital Analytics,2025-Q4,https://www.rcanalytics.com
90067,Los Angeles,34.0193,-118.2298,408468.08,487570.0,351461.0,-4.82,CoStar/Real Capital Analytics,2025-Q4,https://www.rcanalytics.com
90068,Los Angeles,34.1604,-118.0666,343830.08,487219.0,333929.0,-4.29,CoStar/Real Capital Analytics,2025-Q4,https://www.rcanalytics.com
90069,Los Angeles,34.1507,-118.2329,429234.32,543177.0,357686.0,-4.3,CoStar/Real Capital Analytics,2025-Q4,https://www.rcanalytics.com
90070,Los Angeles,34.1998,-118.1668,370424.0,424520.0,353046.0,-4.45,CoStar/Real Capital Analytics,2025-Q4,https://www.rcanalytics.com
90071,Los Angeles,33.9779,-118.1879,437770.64,521957.0,385238.0,-4.29,CoStar/Real Capital Analytics,2025-Q4,https://www.rcanalytics.com
90072,Los Angeles,33.9839,-118.106,393310.64,526519.0,396245.0,-4.48,CoStar/Real Capital Analytics,2025-Q4,https://www.rcanalytics.com
90073,Los Angeles,33.9542,-118.391,442175.6,457836.0,374295.0,-4.57,CoStar/Real Capital Analytics,2025-Q4,https://www.rcanalytics.com
90074,Los Angeles,34.0595,-118.3353,325115.84,438001.0,296969.0,-3.85,CoStar/Real Capital Analytics,2025-Q4,https://www.rcanalytics.com
90075,Los Angeles,34.0552,-118.1555,439015.52,591046.0,382404.0,-3.83,CoStar/Real Capital Analytics,2025-Q4,https://www.rcanalytics.com
90076,Los Angeles,34.1445,-118.2757,396566.48,481106.0,342013.0,-4.25,CoStar/Real Capital Analytics,2025-Q4,https://www.rcanalytics.com
90077,Los Angeles,34.1051,-118.3696,365704.4,588386.0,363040.0,-4.68,CoStar/Real Capital Analytics,2025-Q4,https://www.rcanalytics.com
90078,Los Angeles,34.1916,-118.2034,383502.08,544377.0,355100.0,-5.27,CoStar/Real Capital Analytics,2025-Q4,https://www.rcanalytics.com
90079,Los Angeles,33.9753,-118.3549,342065.36,466368.0,325560.0,-3.93,CoStar/Real Capital Analytics,2025-Q4,https://www.rcanalytics.com
90080,Los Angeles,33.9908,-118.0727,352653.68,571765.0,322805.0,-5.12,CoStar/Real Capital Analytics,2025-Q4,https://www.rcanalytics.com
60601,Chicago,41.8072,-87.7025,196979.64,260587.0,183289.0,-4.19,CoStar/Real Capital Analytics,2025-Q4,https://www.rcanalytics.com
60602,Chicago,41.7627,-87.717,195582.66,295093.0,155673.0,-4.13,CoStar/Real Capital Analytics,2025-Q4,https://www.rcanalytics.com
60603,Chicago,41.8959,-87.4839,184666.56,307233.0,190092.0,-4.75,CoStar/Real Capital Analytics,2025-Q4,https://www.rcanalytics.com
60604,Chicago,41.9676,-87.6706,224231.28,264340.0,203023.0,-4.04,CoStar/Real Capital Analytics,2025-Q4,https://www.rcanalytics.com
60605,Chicago,41.8354,-87.5089,213617.04,306276.0,172979.0,-5.16,CoStar/Real Capital Analytics,2025-Q4,https://www.rcanalytics.com
60606,Chicago,41.9104,-87.512,211440.84,246561.0,202629.0,-5.26,CoStar/Real Capital Analytics,2025-Q4,https://www.rcanalytics.com
60607,Chicago,41.7836,-87.7617,178868.04,295102.0,211172.0,-4.21,CoStar/Real Capital Analytics,2025-Q4,https://www.rcanalytics.com
60608,Chicago,41.9675,-87.5971,225719.52,287710.0,179768.0,-4.4,CoStar/Real Capital Analytics,2025-Q4,https://www.rcanalytics.com
60609,Chicago,41.9584,-87.4849,162595.68,288108.0,197047.0,-4.31,CoStar/Real Capital Analytics,2025-Q4,https://www.rcanalytics.com
60610,Chicago,41.9527,-87.7464,185684.46,231028.0,190512.0,-4.62,CoStar/Real Capital Analytics,2025-Q4,https://www.rcanalytics.com
60611,Chicago,41.9986,-87.533,162700.98,231758.0,170451.0,-4.92,CoStar/Real Capital Analytics,2025-Q4,https://www.rcanalytics.com
60612,Chicago,41.8096,-87.6634,204715.68,295614.0,190365.0,-5.03,CoStar/Real Capital Analytics,2025-Q4,https://www.rcanalytics.com
60613,Chicago,42.0224,-87.483,210977.52,247215.0,181149.0,-5.02,CoStar/Real Capital Analytics,2025-Q4,https://www.rcanalytics.com
60614,Chicago,41.8415,-87.5368,212128.8,253479.0,181795.0,-4.52,CoStar/Real Capital Analytics,2025-Q4,https://www.rcanalytics.com
60615,Chicago,41.8751,-87.7045,183051.96,277276.0,203490.0,-4.34,CoStar/Real Capital Analytics,2025-Q4,https://www.rcanalytics.com
60616,Chicago,41.8192,-87.6943,169615.68,300116.0,161882.0,-4.67,CoStar/Real Capital Analytics,2025-Q4,https://www.rcanalytics.com
60617,Chicago,41.7678,-87.4937,183522.3,305802.0,166557.0,-5.08,CoStar/Real Capital Analytics,2025-Q4,https://www.rcanalytics.com
60618,Chicago,41.823,-87.5055,193799.58,258976.0,191172.0,-4.44,CoStar/Real Capital Analytics,2025-Q4,https://www.rcanalytics.com
60619,Chicago,41.9999,-87.8035,163550.4,222205.0,208892.0,-4.96,CoStar/Real Capital Analytics,2025-Q4,https://www.rcanalytics.com
60620,Chicago,41.7287,-87.5826,165333.48,286658.0,216741.0,-4.43,CoStar/Real Capital Analytics,2025-Q4,https://www.rcanalytics.com
60621,Chicago,41.8316,-87.6411,198875.04,261734.0,199088.0,-4.31,CoStar/Real Capital Analytics,2025-Q4,https://www.rcanalytics.com
60622,Chicago,41.8746,-87.6585,162904.56,268150.0,161235.0,-4.35,CoStar/Real Capital Analytics,2025-Q4,https://www.rcanalytics.com
60623,Chicago,41.7497,-87.4588,228843.42,257479.0,202436.0,-5.02,CoStar/Real Capital Analytics,2025-Q4,https://www.rcanalytics.com
60624,Chicago,41.8158,-87.6753,200749.38,260663.0,152285.0,-4.75,CoStar/Real Capital Analytics,2025-Q4,https://www.rcanalytics.com
60625,Chicago,41.7448,-87.6703,201795.36,257270.0,196194.0,-4.56,CoStar/Real Capital Analytics,2025-Q4,https://www.rcanalytics.com
60626,Chicago,41.893,-87.7586,223739.88,265799.0,202323.0,-4.41,CoStar/Real Capital Analytics,2025-Q4,https://www.rcanalytics.com
60627,Chicago,41.994,-87.7613,193624.08,262842.0,160301.0,-5.11,CoStar/Real Capital Analytics,2025-Q4,https://www.rcanalytics.com
60628,Chicago,41.9111,-87.4579,170282.58,218803.0,192919.0,-5.29,CoStar/Real Capital Analytics,2025-Q4,https://www.rcanalytics.com
60629,Chicago,41.7587,-87.7174,212550.0,305404.0,162722.0,-4.4,CoStar/Real Capital Analytics,2025-Q4,https://www.rcanalytics.com
60630,Chicago,41.9099,-87.7597,197871.18,221343.0,198221.0,-4.43,CoStar/Real Capital Analytics,2025-Q4,https://www.rcanalytics.com
60631,Chicago,41.7453,-87.7891,188022.12,285587.0,153092.0,-4.7,CoStar/Real Capital Analytics,2025-Q4,https://www.rcanalytics.com
60632,Chicago,41.7612,-87.4761,213315.18,309365.0,154132.0,-4.24,CoStar/Real Capital Analytics,2025-Q4,https://www.rcanalytics.com
60633,Chicago,41.7567,-87.7062,177000.72,225408.0,217661.0,-3.93,CoStar/Real Capital Analytics,2025-Q4,https://www.rcanalytics.com
60634,Chicago,41.7451,-87.692,225951.18,289568.0,206304.0,-4.78,CoStar/Real Capital Analytics,2025-Q4,https://www.rcanalytics.com
60635,Chicago,41.7298,-87.641,175568.64,309953.0,184810.0,-5.15,CoStar/Real Capital Analytics,2025-Q4,https://www.rcanalytics.com
60636,Chicago,41.8036,-87.5102,215982.78,289549.0,192946.0,-5.08,CoStar/Real Capital Analytics,2025-Q4,https://www.rcanalytics.com
60637,Chicago,41.8807,-87.4958,205164.96,294571.0,192739.0,-3.7,CoStar/Real Capital Analytics,2025-Q4,https://www.rcanalytics.com
60638,Chicago,41.9056,-87.6452,189699.9,246182.0,196967.0,-4.14,CoStar/Real Capital Analytics,2025-Q4,https://www.rcanalytics.com
60639,Chicago,42.0167,-87.7278,227902.74,244542.0,198715.0,-4.53,CoStar/Real Capital Analytics,2025-Q4,https://www.rcanalytics.com
60640,Chicago,41.7747,-87.5077,212135.82,252901.0,193433.0,-3.75,CoStar/Real Capital Analytics,2025-Q4,https://www.rcanalytics.com
60641,Chicago,41.8668,-87.4603,224582.28,259601.0,159314.0,-3.69,CoStar/Real Capital Analytics,2025-Q4,https://www.rcanalytics.com
60642,Chicago,41.8879,-87.7336,201254.82,274385.0,162055.0,-5.06,CoStar/Real Capital Analytics,2025-Q4,https://www.rcanalytics.com
60643,Chicago,41.8464,-87.6119,178102.86,257251.0,179741.0,-4.31,CoStar/Real Capital Analytics,2025-Q4,https://www.rcanalytics.com
60644,Chicago,42.0268,-87.5098,199162.86,280650.0,163049.0,-5.3,CoStar/Real Capital Analytics,2025-Q4,https://www.rcanalytics.com
60645,Chicago,41.9197,-87.5425,224940.3,292269.0,170992.0,-4.93,CoStar/Real Capital Analytics,2025-Q4,https://www.rcanalytics.com
60646,Chicago,41.8791,-87.4616,229011.9,216794.0,153692.0,-4.07,CoStar/Real Capital Analytics,2025-Q4,https://www.rcanalytics.com
60647,Chicago,41.8829,-87.7851,178671.48,295197.0,207985.0,-4.8,CoStar/Real Capital Analytics,2025-Q4,https://www.rcanalytics.com
60648,Chicago,41.9674,-87.5685,167636.04,275608.0,187344.0,-4.76,CoStar/Real Capital Analytics,2025-Q4,https://www.rcanalytics.com
60649,Chicago,42.02,-87.6902,218566.14,294098.0,166710.0,-4.09,CoStar/Real Capital Analytics,2025-Q4,https://www.rcanalytics.com
60650,Chicago,41.8255,-87.751,204947.34,254598.0,194827.0,-3.88,CoStar/Real Capital Analytics,2025-Q4,https://www.rcanalytics.com
60651,Chicago,41.969,-87.4976,207446.46,306266.0,197754.0,-4.03,CoStar/Real Capital Analytics,2025-Q4,https://www.rcanalytics.com
60652,Chicago,41.9804,-87.6468,163037.94,217798.0,164443.0,-5.23,CoStar/Real Capital Analytics,2025-Q4,https://www.rcanalytics.com
60653,Chicago,41.7616,-87.5119,223206.36,226650.0,193426.0,-3.82,CoStar/Real Capital Analytics,2025-Q4,https://www.rcanalytics.com
60654,Chicago,41.9076,-87.7347,163768.02,309934.0,164236.0,-3.98,CoStar/Real Capital Analytics,2025-Q4,https://www.rcanalytics.com
60655,Chicago,41.9484,-87.7766,211651.44,281000.0,193546.0,-5.1,CoStar/Real Capital Analytics,2025-Q4,https://www.rcanalytics.com
60656,Chicago,41.991,-87.714,193939.98,226546.0,215147.0,-4.38,CoStar/Real Capital Analytics,2025-Q4,https://www.rcanalytics.com
60657,Chicago,41.868,-87.6822,218622.3,218187.0,158654.0,-4.77,CoStar/Real Capital Analytics,2025-Q4,https://www.rcanalytics.com
60658,Chicago,41.9236,-87.6054,221844.48,289928.0,183890.0,-4.26,CoStar/Real Capital Analytics,2025-Q4,https://www.rcanalytics.com
60659,Chicago,41.9055,-87.4745,186702.36,269154.0,173593.0,-4.07,CoStar/Real Capital Analytics,2025-Q4,https://www.rcanalytics.com
60660,Chicago,41.8173,-87.7665,194066.34,251735.0,196054.0,-4.89,CoStar/Real Capital Analytics,2025-Q4,https://www.rcanalytics.com
77001,Houston,29.6917,-95.326,151284.54,252557.0,154905.0,-4.98,CoStar/Real Capital Analytics,2025-Q4,https://www.rcanalytics.com
77002,Houston,29.6157,-95.3071,180295.5,207337.0,149651.0,-4.6,CoStar/Real Capital Analytics,2025-Q4,https://www.rcanalytics.com
77003,Houston,29.8466,-95.4814,176933.46,245364.0,169232.0,-5.05,CoStar/Real Capital Analytics,2025-Q4,https://www.rcanalytics.com
77004,Houston,29.8623,-95.3853,151136.04,260953.0,135087.0,-4.23,CoStar/Real Capital Analytics,2025-Q4,https://www.rcanalytics.com
77005,Houston,29.7669,-95.3295,156084.06,196648.0,137479.0,-4.98,CoStar/Real Capital Analytics,2025-Q4,https://www.rcanalytics.com
77006,Houston,29.8467,-95.3418,188029.38,209871.0,177973.0,-5.31,CoStar/Real Capital Analytics,2025-Q4,https://www.rcanalytics.com
77007,Houston,29.6131,-95.3485,143117.04,220825.0,182561.0,-4.56,CoStar/Real Capital Analytics,2025-Q4,https://www.rcanalytics.com
77008,Houston,29.6244,-95.4477,179778.72,252909.0,166896.0,-3.93,CoStar/Real Capital Analytics,2025-Q4,https://www.rcanalytics.com
77009,Houston,29.9088,-95.3015,136262.28,198549.0,178081.0,-5.08,CoStar/Real Capital Analytics,2025-Q4,https://www.rcanalytics.com
77010,Houston,29.7477,-95.3275,158002.68,243920.0,179632.0,-4.25,CoStar/Real Capital Analytics,2025-Q4,https://www.rcanalytics.com
77011,Houston,29.8815,-95.2784,157996.74,229839.0,158539.0,-5.25,CoStar/Real Capital Analytics,2025-Q4,https://www.rcanalytics.com
77012,Houston,29.6888,-95.3084,171409.26,218516.0,145001.0,-3.84,CoStar/Real Capital Analytics,2025-Q4,https://www.rcanalytics.com
77013,Houston,29.6306,-95.3437,182576.46,232036.0,157517.0,-4.17,CoStar/Real Capital Analytics,2025-Q4,https://www.rcanalytics.com
77014,Houston,29.8647,-95.4386,157420.56,233463.0,164221.0,-4.18,CoStar/Real Capital Analytics,2025-Q4,https://www.rcanalytics.com
77015,Houston,29.7156,-95.5347,188219.46,207586.0,176303.0,-4.5,CoStar/Real Capital Analytics,2025-Q4,https://www.rcanalytics.com
77016,Houston,29.8395,-95.4703,194195.1,184868.0,165491.0,-4.47,CoStar/Real Capital Analytics,2025-Q4,https://www.rcanalytics.com
77017,Houston,29.7942,-95.5358,153975.36,219623.0,135008.0,-5.19,CoStar/Real Capital Analytics,2025-Q4,https://www.rcanalytics.com
77018,Houston,29.614,-95.3916,186336.48,247521.0,144612.0,-3.95,CoStar/Real Capital Analytics,2025-Q4,https://www.rcanalytics.com
77019,Houston,29.7373,-95.4333,180022.26,197691.0,155717.0,-3.77,CoStar/Real Capital Analytics,2025-Q4,https://www.rcanalytics.com
77020,Houston,29.6881,-95.2791,159915.36,216583.0,180101.0,-4.36,CoStar/Real Capital Analytics,2025-Q4,https://www.rcanalytics.com
77021,Houston,29.8884,-95.316,187952.16,207690.0,147795.0,-4.76,CoStar/Real Capital Analytics,2025-Q4,https://www.rcanalytics.com
77022,Houston,29.7545,-95.3964,156084.06,197009.0,170592.0,-4.53,CoStar/Real Capital Analytics,2025-Q4,https://www.rcanalytics.com
77023,Houston,29.7969,-95.297,190880.58,259261.0,180033.0,-4.29,CoStar/Real Capital Analytics,2025-Q4,https://www.rcanalytics.com
77024,Houston,29.8002,-95.1947,172151.76,249902.0,176077.0,-5.19,CoStar/Real Capital Analytics,2025-Q4,https://www.rcanalytics.com
77025,Houston,29.776,-95.3977,164346.6,188894.0,147366.0,-3.7,CoStar/Real Capital Analytics,2025-Q4,https://www.rcanalytics.com
77026,Houston,29.6192,-95.2907,161566.68,222726.0,174915.0,-4.18,CoStar/Real Capital Analytics,2025-Q4,https://www.rcanalytics.com
77027,Houston,29.8782,-95.3682,173529.84,236519.0,171078.0,-4.92,CoStar/Real Capital Analytics,2025-Q4,https://www.rcanalytics.com
77028,Houston,29.7631,-95.3391,172692.3,190530.0,174446.0,-3.97,CoStar/Real Capital Analytics,2025-Q4,https://www.rcanalytics.com
77029,Houston,29.8845,-95.5273,192424.98,183305.0,180202.0,-4.39,CoStar/Real Capital Analytics,2025-Q4,https://www.rcanalytics.com
77030,Houston,29.825,-95.4896,140366.82,258338.0,147541.0,-4.29,CoStar/Real Capital Analytics,2025-Q4,https://www.rcanalytics.com
77031,Houston,29.6834,-95.4352,143806.08,212149.0,131063.0,-4.03,CoStar/Real Capital Analytics,2025-Q4,https://www.rcanalytics.com
77032,Houston,29.7184,-95.1915,165724.68,233263.0,143359.0,-5.31,CoStar/Real Capital Analytics,2025-Q4,https://www.rcanalytics.com
77033,Houston,29.6612,-95.3171,138721.44,237762.0,159374.0,-4.27,CoStar/Real Capital Analytics,2025-Q4,https://www.rcanalytics.com
77034,Houston,29.7844,-95.394,175977.12,256269.0,128857.0,-3.87,CoStar/Real Capital Analytics,2025-Q4,https://www.rcanalytics.com
77035,Houston,29.7679,-95.3761,183117.0,192294.0,154510.0,-4.83,CoStar/Real Capital Analytics,2025-Q4,https://www.rcanalytics.com
77036,Houston,29.84,-95.2991,147447.3,251747.0,150249.0,-4.51,CoStar/Real Capital Analytics,2025-Q4,https://www.rcanalytics.com
77037,Houston,29.6624,-95.2271,182986.32,217722.0,167257.0,-4.4,CoStar/Real Capital Analytics,2025-Q4,https://www.rcanalytics.com
77038,Houston,29.7191,-95.3538,177592.8,259269.0,161247.0,-4.69,CoStar/Real Capital Analytics,2025-Q4,https://www.rcanalytics.com
77039,Houston,29.8859,-95.3262,172906.14,243351.0,164684.0,-4.73,CoStar/Real Capital Analytics,2025-Q4,https://www.rcanalytics.com
77040,Houston,29.8035,-95.265,144406.02,252340.0,181918.0,-4.28,CoStar/Real Capital Analytics,2025-Q4,https://www.rcanalytics.com
77041,Houston,29.6945,-95.3577,155787.06,222261.0,135228.0,-4.72,CoStar/Real Capital Analytics,2025-Q4,https://www.rcanalytics.com
77042,Houston,29.7941,-95.3364,157485.9,236142.0,145876.0,-5.21,CoStar/Real Capital Analytics,2025-Q4,https://www.rcanalytics.com
77043,Houston,29.8216,-95.2114,150476.7,250792.0,166710.0,-4.28,CoStar/Real Capital Analytics,2025-Q4,https://www.rcanalytics.com
77044,Houston,29.6706,-95.2427,167987.82,213697.0,169503.0,-4.73,CoStar/Real Capital Analytics,2025-Q4,https://www.rcanalytics.com
77045,Houston,29.6475,-95.4786,152823.0,250079.0,137361.0,-4.06,CoStar/Real Capital Analytics,2025-Q4,https://www.rcanalytics.com
77046,Houston,29.7142,-95.2791,143372.46,219222.0,180044.0,-4.31,CoStar/Real Capital Analytics,2025-Q4,https://www.rcanalytics.com
77047,Houston,29.6122,-95.2381,153945.66,254730.0,148099.0,-5.14,CoStar/Real Capital Analytics,2025-Q4,https://www.rcanalytics.com
77048,Houston,29.6742,-95.43,171320.16,221114.0,140064.0,-3.91,CoStar/Real Capital Analytics,2025-Q4,https://www.rcanalytics.com
77049,Houston,29.7632,-95.4358,193761.48,238114.0,183803.0,-4.9,CoStar/Real Capital Analytics,2025-Q4,https://www.rcanalytics.com
77050,Houston,29.7323,-95.3053,140562.84,252637.0,169639.0,-4.44,CoStar/Real Capital Analytics,2025-Q4,https://www.rcanalytics.com
77051,Houston,29.6459,-95.3738,142903.2,229694.0,142140.0,-4.69,CoStar/Real Capital Analytics,2025-Q4,https://www.rcanalytics.com
77052,Houston,29.6681,-95.342,157497.78,237256.0,153844.0,-4.36,CoStar/Real Capital Analytics,2025-Q4,https://www.rcanalytics.com
77053,Houston,29.7597,-95.3379,171189.48,223063.0,133546.0,-3.81,CoStar/Real Capital Analytics,2025-Q4,https://www.rcanalytics.com
77054,Houston,29.6752,-95.3449,178780.8,186223.0,183780.0,-5.05,CoStar/Real Capital Analytics,2025-Q4,https://www.rcanalytics.com
77055,Houston,29.8998,-95.1999,164305.02,215324.0,140098.0,-4.21,CoStar/Real Capital Analytics,2025-Q4,https://www.rcanalytics.com
85001,Phoenix,33.4865,-112.0511,215255.42,256416.0,200809.0,-4.29,CoStar/Real Capital Analytics,2025-Q4,https://www.rcanalytics.com
85002,Phoenix,33.5169,-112.2465,227399.48,313687.0,225758.0,-5.11,CoStar/Real Capital Analytics,2025-Q4,https://www.rcanalytics.com
85003,Phoenix,33.4488,-112.2494,201702.68,282925.0,207051.0,-4.12,CoStar/Real Capital Analytics,2025-Q4,https://www.rcanalytics.com
85004,Phoenix,33.4699,-112.0968,235642.58,329340.0,175272.0,-5.06,CoStar/Real Capital Analytics,2025-Q4,https://www.rcanalytics.com
85005,Phoenix,33.5034,-112.1015,196362.08,339914.0,168198.0,-4.98,CoStar/Real Capital Analytics,2025-Q4,https://www.rcanalytics.com
85006,Phoenix,33.5588,-112.155,178180.82,307146.0,180198.0,-4.6,CoStar/Real Capital Analytics,2025-Q4,https://www.rcanalytics.com
85007,Phoenix,33.5321,-112.1235,252902.78,311461.0,171514.0,-4.26,CoStar/Real Capital Analytics,2025-Q4,https://www.rcanalytics.com
85008,Phoenix,33.4675,-112.1974,239984.72,332830.0,237441.0,-4.21,CoStar/Real Capital Analytics,2025-Q4,https://www.rcanalytics.com
85009,Phoenix,33.4386,-111.9574,239210.72,256834.0,214110.0,-4.52,CoStar/Real Capital Analytics,2025-Q4,https://www.rcanalytics.com
85010,Phoenix,33.381,-112.1999,189372.86,306989.0,228471.0,-4.25,CoStar/Real Capital Analytics,2025-Q4,https://www.rcanalytics.com
85011,Phoenix,33.4355,-111.9244,213777.08,315923.0,219110.0,-4.23,CoStar/Real Capital Analytics,2025-Q4,https://www.rcanalytics.com
85012,Phoenix,33.4386,-111.9931,207151.64,332558.0,201603.0,-5.23,CoStar/Real Capital Analytics,2025-Q4,https://www.rcanalytics.com
85013,Phoenix,33.413,-111.9158,194458.04,313206.0,176581.0,-5.12,CoStar/Real Capital Analytics,2025-Q4,https://www.rcanalytics.com
85014,Phoenix,33.5665,-111.9465,224458.28,245131.0,173198.0,-5.14,CoStar/Real Capital Analytics,2025-Q4,https://www.rcanalytics.com
85015,Phoenix,33.4024,-112.0304,219582.08,287690.0,185368.0,-5.05,CoStar/Real Capital Analytics,2025-Q4,https://www.rcanalytics.com
85016,Phoenix,33.5189,-112.219,198041.66,302329.0,216677.0,-3.95,CoStar/Real Capital Analytics,2025-Q4,https://www.rcanalytics.com
85017,Phoenix,33.4008,-111.92,204752.24,265078.0,232772.0,-5.13,CoStar/Real Capital Analytics,2025-Q4,https://www.rcanalytics.com
85018,Phoenix,33.5556,-111.9186,213993.8,271557.0,198059.0,-5.23,CoStar/Real Capital Analytics,2025-Q4,https://www.rcanalytics.com
85019,Phoenix,33.3321,-112.1524,180998.18,328253.0,211110.0,-4.85,CoStar/Real Capital Analytics,2025-Q4,https://www.rcanalytics.com
85020,Phoenix,33.3843,-111.9076,238970.78,296864.0,171117.0,-4.14,CoStar/Real Capital Analytics,2025-Q4,https://www.rcanalytics.com
85021,Phoenix,33.3923,-112.1722,185123.6,250324.0,179044.0,-3.92,CoStar/Real Capital Analytics,2025-Q4,https://www.rcanalytics.com
85022,Phoenix,33.4011,-112.0145,246347.0,295036.0,193875.0,-4.58,CoStar/Real Capital Analytics,2025-Q4,https://www.rcanalytics.com
85023,Phoenix,33.4635,-112.1937,234899.54,292026.0,226052.0,-5.02,CoStar/Real Capital Analytics,2025-Q4,https://www.rcanalytics.com
85024,Phoenix,33.4883,-112.0223,241393.4,305004.0,212662.0,-5.23,CoStar/Real Capital Analytics,2025-Q4,https://www.rcanalytics.com
85025,Phoenix,33.3415,-112.0734,198815.66,291086.0,203551.0,-3.88,CoStar/Real Capital Analytics,2025-Q4,https://www.rcanalytics.com
85026,Phoenix,33.3279,-111.9911,205317.26,255006.0,190676.0,-4.18,CoStar/Real Capital Analytics,2025-Q4,https://www.rcanalytics.com
85027,Phoenix,33.548,-112.0338,207492.2,272884.0,224618.0,-4.64,CoStar/Real Capital Analytics,2025-Q4,https://www.rcanalytics.com
85028,Phoenix,33.5073,-112.2141,177971.84,308055.0,195206.0,-4.63,CoStar/Real Capital Analytics,2025-Q4,https://www.rcanalytics.com
85029,Phoenix,33.5468,-112.0347,218962.88,254828.0,187470.0,-3.71,CoStar/Real Capital Analytics,2025-Q4,https://www.rcanalytics.com
85030,Phoenix,33.5547,-111.9059,185239.7,315965.0,182206.0,-3.78,CoStar/Real Capital Analytics,2025-Q4,https://www.rcanalytics.com
85031,Phoenix,33.437,-112.1104,214582.04,268986.0,212963.0,-4.52,CoStar/Real Capital Analytics,2025-Q4,https://www.rcanalytics.com
85032,Phoenix,33.3372,-112.0916,199001.42,238371.0,220544.0,-5.05,CoStar/Real Capital Analytics,2025-Q4,https://www.rcanalytics.com
85033,Phoenix,33.5085,-112.0523,235379.42,258140.0,175162.0,-4.32,CoStar/Real Capital Analytics,2025-Q4,https://www.rcanalytics.com
85034,Phoenix,33.301,-111.9067,240456.86,302820.0,195375.0,-4.3,CoStar/Real Capital Analytics,2025-Q4,https://www.rcanalytics.com
85035,Phoenix,33.5032,-112.2324,237972.32,260847.0,189948.0,-4.23,CoStar/Real Capital Analytics,2025-Q4,https://www.rcanalytics.com
85036,Phoenix,33.3428,-112.177,233158.04,257148.0,170860.0,-4.82,CoStar/Real Capital Analytics,2025-Q4,https://www.rcanalytics.com
85037,Phoenix,33.5605,-111.8997,230557.4,285893.0,177184.0,-4.31,CoStar/Real Capital Analytics,2025-Q4,https://www.rcanalytics.com
85038,Phoenix,33.3082,-111.9943,186501.32,330332.0,206676.0,-4.74,CoStar/Real Capital Analytics,2025-Q4,https://www.rcanalytics.com
85039,Phoenix,33.3587,-111.969,241362.44,317313.0,235265.0,-4.7,CoStar/Real Capital Analytics,2025-Q4,https://www.rcanalytics.com
85040,Phoenix,33.3804,-112.1907,243707.66,294294.0,202993.0,-3.93,CoStar/Real Capital Analytics,2025-Q4,https://www.rcanalytics.com
85041,Phoenix,33.4573,-112.0658,212801.84,316184.0,220184.0,-5.23,CoStar/Real Capital Analytics,2025-Q4,https://www.rcanalytics.com
85042,Phoenix,33.5363,-111.953,211052.6,263563.0,178706.0,-4.61,CoStar/Real Capital Analytics,2025-Q4,https://www.rcanalytics.com
85043,Phoenix,33.5637,-112.2114,213297.2,331241.0,226618.0,-4.9,CoStar/Real Capital Analytics,2025-Q4,https://www.rcanalytics.com
85044,Phoenix,33.4144,-112.1238,183366.62,278035.0,169176.0,-3.71,CoStar/Real Capital Analytics,2025-Q4,https://www.rcanalytics.com
85045,Phoenix,33.4403,-112.0393,222182.72,291389.0,177860.0,-4.21,CoStar/Real Capital Analytics,2025-Q4,https://www.rcanalytics.com
85046,Phoenix,33.4218,-111.9065,182940.92,284075.0,197654.0,-4.01,CoStar/Real Capital Analytics,2025-Q4,https://www.rcanalytics.com
85047,Phoenix,33.4008,-112.0124,218668.76,289226.0,180500.0,-4.71,CoStar/Real Capital Analytics,2025-Q4,https://www.rcanalytics.com
85048,Phoenix,33.5396,-112.1846,224357.66,239729.0,223618.0,-4.97,CoStar/Real Capital Analytics,2025-Q4,https://www.rcanalytics.com
85049,Phoenix,33.4835,-112.1098,207863.72,256040.0,188015.0,-4.93,CoStar/Real Capital Analytics,2025-Q4,https://www.rcanalytics.com
85050,Phoenix,33.4428,-112.0894,226664.18,305317.0,205676.0,-4.79,CoStar/Real Capital Analytics,2025-Q4,https://www.rcanalytics.com
19101,Philadelphia,39.8792,-75.0913,239211.84,297911.0,200635.0,-4.09,CoStar/Real Capital Analytics,2025-Q4,https://www.rcanalytics.com
19102,Philadelphia,39.927,-75.1616,221128.32,252055.0,208779.0,-3.81,CoStar/Real Capital Analytics,2025-Q4,https://www.rcanalytics.com
19103,Philadelphia,39.8196,-75.153,190132.32,326130.0,187520.0,-3.72,CoStar/Real Capital Analytics,2025-Q4,https://www.rcanalytics.com
19104,Philadelphia,39.8758,-75.243,173182.8,247912.0,182120.0,-4.2,CoStar/Real Capital Analytics,2025-Q4,https://www.rcanalytics.com
19105,Philadelphia,39.8214,-75.0158,185067.12,271212.0,167425.0,-3.86,CoStar/Real Capital Analytics,2025-Q4,https://www.rcanalytics.com
19106,Philadelphia,39.8061,-75.3242,216887.16,252341.0,212686.0,-4.34,CoStar/Real Capital Analytics,2025-Q4,https://www.rcanalytics.com
19107,Philadelphia,40.0779,-75.2803,234290.28,289093.0,213907.0,-3.83,CoStar/Real Capital Analytics,2025-Q4,https://www.rcanalytics.com
19108,Philadelphia,39.9972,-75.1212,228718.56,270998.0,212162.0,-5.3,CoStar/Real Capital Analytics,2025-Q4,https://www.rcanalytics.com
19109,Philadelphia,39.8484,-75.134,239559.6,255811.0,210905.0,-4.23,CoStar/Real Capital Analytics,2025-Q4,https://www.rcanalytics.com
19110,Philadelphia,39.8465,-75.0615,202954.08,254913.0,203457.0,-4.33,CoStar/Real Capital Analytics,2025-Q4,https://www.rcanalytics.com
19111,Philadelphia,39.9695,-75.3042,194373.48,280959.0,204635.0,-3.92,CoStar/Real Capital Analytics,2025-Q4,https://www.rcanalytics.com
19112,Philadelphia,40.0979,-75.2801,174861.12,321415.0,212327.0,-4.87,CoStar/Real Capital Analytics,2025-Q4,https://www.rcanalytics.com
19113,Philadelphia,39.8642,-75.2511,221884.32,236358.0,164876.0,-4.16,CoStar/Real Capital Analytics,2025-Q4,https://www.rcanalytics.com
19114,Philadelphia,39.8635,-75.1479,182458.92,306831.0,172036.0,-3.87,CoStar/Real Capital Analytics,2025-Q4,https://www.rcanalytics.com
19115,Philadelphia,39.8048,-75.3225,214158.0,320507.0,173537.0,-5.14,CoStar/Real Capital Analytics,2025-Q4,https://www.rcanalytics.com
19116,Philadelphia,40.0089,-75.1997,181173.72,261894.0,201497.0,-5.06,CoStar/Real Capital Analytics,2025-Q4,https://www.rcanalytics.com
19117,Philadelphia,40.1013,-75.2389,241177.44,307586.0,172884.0,-3.78,CoStar/Real Capital Analytics,2025-Q4,https://www.rcanalytics.com
19118,Philadelphia,39.9734,-75.09,203710.08,324191.0,185079.0,-3.96,CoStar/Real Capital Analytics,2025-Q4,https://www.rcanalytics.com
19119,Philadelphia,40.0905,-75.1551,232264.2,259965.0,229909.0,-4.22,CoStar/Real Capital Analytics,2025-Q4,https://www.rcanalytics.com
19120,Philadelphia,39.9656,-75.2609,188249.88,232919.0,169695.0,-4.26,CoStar/Real Capital Analytics,2025-Q4,https://www.rcanalytics.com
19121,Philadelphia,40.0142,-75.0333,201321.12,261210.0,233600.0,-4.32,CoStar/Real Capital Analytics,2025-Q4,https://www.rcanalytics.com
19122,Philadelphia,39.9997,-75.0995,186601.8,328682.0,222152.0,-4.19,CoStar/Real Capital Analytics,2025-Q4,https://www.rcanalytics.com
19123,Philadelphia,39.8636,-75.1083,212041.2,244186.0,208765.0,-4.55,CoStar/Real Capital Analytics,2025-Q4,https://www.rcanalytics.com
19124,Philadelphia,39.9235,-75.0317,206409.0,267334.0,180489.0,-3.75,CoStar/Real Capital Analytics,2025-Q4,https://www.rcanalytics.com
19125,Philadelphia,39.8893,-75.0872,220886.4,300626.0,211077.0,-4.65,CoStar/Real Capital Analytics,2025-Q4,https://www.rcanalytics.com
19126,Philadelphia,39.9703,-75.2612,179676.84,294522.0,210172.0,-4.49,CoStar/Real Capital Analytics,2025-Q4,https://www.rcanalytics.com
19127,Philadelphia,39.9679,-75.2242,241381.56,305351.0,181739.0,-3.96,CoStar/Real Capital Analytics,2025-Q4,https://www.rcanalytics.com
19128,Philadelphia,39.8531,-75.2571,217998.48,245717.0,222626.0,-4.36,CoStar/Real Capital Analytics,2025-Q4,https://www.rcanalytics.com
19129,Philadelphia,40.0078,-75.2049,192075.24,249402.0,204987.0,-4.39,CoStar/Real Capital Analytics,2025-Q4,https://www.rcanalytics.com
19130,Philadelphia,39.8327,-75.2063,222738.6,321170.0,204312.0,-4.01,CoStar/Real Capital Analytics,2025-Q4,https://www.rcanalytics.com
19131,Philadelphia,40.1021,-75.3217,231969.36,308209.0,167590.0,-4.91,CoStar/Real Capital Analytics,2025-Q4,https://www.rcanalytics.com
19132,Philadelphia,39.9518,-75.1575,219427.32,323752.0,202086.0,-4.85,CoStar/Real Capital Analytics,2025-Q4,https://www.rcanalytics.com
19133,Philadelphia,40.0339,-75.2069,209637.12,274059.0,191736.0,-4.91,CoStar/Real Capital Analytics,2025-Q4,https://www.rcanalytics.com
19134,Philadelphia,40.058,-75.0822,199680.6,275958.0,199608.0,-4.92,CoStar/Real Capital Analytics,2025-Q4,https://www.rcanalytics.com
19135,Philadelphia,40.0793,-75.0038,241011.12,319639.0,218223.0,-5.12,CoStar/Real Capital Analytics,2025-Q4,https://www.rcanalytics.com
19136,Philadelphia,39.8735,-75.1314,186851.28,307433.0,214360.0,-4.19,CoStar/Real Capital Analytics,2025-Q4,https://www.rcanalytics.com
19137,Philadelphia,40.0784,-75.2554,240807.0,282541.0,220507.0,-4.72,CoStar/Real Capital Analytics,2025-Q4,https://www.rcanalytics.com
19138,Philadelphia,39.8696,-74.9942,235205.04,260394.0,186005.0,-3.86,CoStar/Real Capital Analytics,2025-Q4,https://www.rcanalytics.com
19139,Philadelphia,39.8326,-75.0222,218421.84,262323.0,212614.0,-3.85,CoStar/Real Capital Analytics,2025-Q4,https://www.rcanalytics.com
19140,Philadelphia,40.0859,-75.1862,219926.28,260761.0,197870.0,-4.55,CoStar/Real Capital Analytics,2025-Q4,https://www.rcanalytics.com
78201,San Antonio,29.4447,-98.5316,146174.65,214360.0,136494.0,-5.29,CoStar/Real Capital Analytics,2025-Q4,https://www.rcanalytics.com
78202,San Antonio,29.5591,-98.3901,160206.94,183614.0,138353.0,-4.91,CoStar/Real Capital Analytics,2025-Q4,https://www.rcanalytics.com
78203,San Antonio,29.5163,-98.4993,136829.26,195923.0,150970.0,-4.98,CoStar/Real Capital Analytics,2025-Q4,https://www.rcanalytics.com
78204,San Antonio,29.2804,-98.3577,150087.99,189081.0,128161.0,-5.22,CoStar/Real Capital Analytics,2025-Q4,https://www.rcanalytics.com
78205,San Antonio,29.4426,-98.6017,146715.01,230485.0,172336.0,-4.81,CoStar/Real Capital Analytics,2025-Q4,https://www.rcanalytics.com
78206,San Antonio,29.3904,-98.3681,151219.9,180688.0,148122.0,-5.16,CoStar/Real Capital Analytics,2025-Q4,https://www.rcanalytics.com
78207,San Antonio,29.3108,-98.6035,145475.02,234685.0,167267.0,-4.19,CoStar/Real Capital Analytics,2025-Q4,https://www.rcanalytics.com
78208,San Antonio,29.4352,-98.3235,153227.77,235929.0,144329.0,-3.74,CoStar/Real Capital Analytics,2025-Q4,https://www.rcanalytics.com
78209,San Antonio,29.3834,-98.5436,174870.61,236452.0,150089.0,-4.61,CoStar/Real Capital Analytics,2025-Q4,https://www.rcanalytics.com
78210,San Antonio,29.3718,-98.4104,131994.46,243163.0,170401.0,-4.61,CoStar/Real Capital Analytics,2025-Q4,https://www.rcanalytics.com
78211,San Antonio,29.3689,-98.3522,132824.91,232758.0,148117.0,-4.6,CoStar/Real Capital Analytics,2025-Q4,https://www.rcanalytics.com
78212,San Antonio,29.5738,-98.6424,177014.98,228343.0,126070.0,-5.16,CoStar/Real Capital Analytics,2025-Q4,https://www.rcanalytics.com
78213,San Antonio,29.2918,-98.6292,175939.95,190724.0,149235.0,-4.06,CoStar/Real Capital Analytics,2025-Q4,https://www.rcanalytics.com
78214,San Antonio,29.4378,-98.6218,181878.22,221854.0,170952.0,-5.01,CoStar/Real Capital Analytics,2025-Q4,https://www.rcanalytics.com
78215,San Antonio,29.2976,-98.5184,154484.82,209791.0,160956.0,-4.7,CoStar/Real Capital Analytics,2025-Q4,https://www.rcanalytics.com
78216,San Antonio,29.5066,-98.6628,170217.82,191208.0,130026.0,-5.1,CoStar/Real Capital Analytics,2025-Q4,https://www.rcanalytics.com
78217,San Antonio,29.3566,-98.3664,163096.45,195309.0,160410.0,-4.71,CoStar/Real Capital Analytics,2025-Q4,https://www.rcanalytics.com
78218,San Antonio,29.2941,-98.5619,181861.16,249275.0,134635.0,-4.43,CoStar/Real Capital Analytics,2025-Q4,https://www.rcanalytics.com
78219,San Antonio,29.3721,-98.5588,140441.14,196883.0,148111.0,-4.51,CoStar/Real Capital Analytics,2025-Q4,https://www.rcanalytics.com
78220,San Antonio,29.3702,-98.454,145719.61,198127.0,148355.0,-4.76,CoStar/Real Capital Analytics,2025-Q4,https://www.rcanalytics.com
78221,San Antonio,29.2869,-98.4564,146134.83,233680.0,150657.0,-4.3,CoStar/Real Capital Analytics,2025-Q4,https://www.rcanalytics.com
78222,San Antonio,29.4667,-98.4389,185706.25,197466.0,150057.0,-4.96,CoStar/Real Capital Analytics,2025-Q4,https://www.rcanalytics.com
78223,San Antonio,29.4135,-98.5022,131528.05,233326.0,163371.0,-4.31,CoStar/Real Capital Analytics,2025-Q4,https://www.rcanalytics.com
78224,San Antonio,29.3906,-98.3178,174079.98,230516.0,158281.0,-4.61,CoStar/Real Capital Analytics,2025-Q4,https://www.rcanalytics.com
78225,San Antonio,29.3897,-98.4844,155576.91,221632.0,130544.0,-4.51,CoStar/Real Capital Analytics,2025-Q4,https://www.rcanalytics.com
78226,San Antonio,29.5126,-98.5438,152869.42,250849.0,173465.0,-3.97,CoStar/Real Capital Analytics,2025-Q4,https://www.rcanalytics.com
78227,San Antonio,29.4179,-98.6684,176150.41,202442.0,160794.0,-4.63,CoStar/Real Capital Analytics,2025-Q4,https://www.rcanalytics.com
78228,San Antonio,29.5319,-98.6123,167305.57,200069.0,149327.0,-5.02,CoStar/Real Capital Analytics,2025-Q4,https://www.rcanalytics.com
78229,San Antonio,29.4116,-98.6139,150514.59,209845.0,176713.0,-4.57,CoStar/Real Capital Analytics,2025-Q4,https://www.rcanalytics.com
78230,San Antonio,29.3031,-98.3137,185683.5,245551.0,130474.0,-4.54,CoStar/Real Capital Analytics,2025-Q4,https://www.rcanalytics.com
78231,San Antonio,29.3987,-98.586,182583.54,220718.0,126119.0,-3.9,CoStar/Real Capital Analytics,2025-Q4,https://www.rcanalytics.com
78232,San Antonio,29.392,-98.534,170160.94,249682.0,160659.0,-3.86,CoStar/Real Capital Analytics,2025-Q4,https://www.rcanalytics.com
78233,San Antonio,29.2824,-98.4801,138000.99,183468.0,176772.0,-5.26,CoStar/Real Capital Analytics,2025-Q4,https://www.rcanalytics.com
78234,San Antonio,29.3202,-98.3714,169415.82,215427.0,132457.0,-4.91,CoStar/Real Capital Analytics,2025-Q4,https://www.rcanalytics.com
78235,San Antonio,29.4036,-98.3195,147767.29,184458.0,150230.0,-4.79,CoStar/Real Capital Analytics,2025-Q4,https://www.rcanalytics.com
92101,San Diego,32.838,-117.1017,386161.44,475003.0,424826.0,-5.1,CoStar/Real Capital Analytics,2025-Q4,https://www.rcanalytics.com
92102,San Diego,32.6727,-117.0503,479436.72,558958.0,372771.0,-5.03,CoStar/Real Capital Analytics,2025-Q4,https://www.rcanalytics.com
92103,San Diego,32.6323,-117.2339,375138.96,626623.0,373662.0,-4.33,CoStar/Real Capital Analytics,2025-Q4,https://www.rcanalytics.com
92104,San Diego,32.7964,-117.3284,425382.72,642504.0,365589.0,-4.61,CoStar/Real Capital Analytics,2025-Q4,https://www.rcanalytics.com
92105,San Diego,32.6873,-117.2359,469502.88,466553.0,470116.0,-4.71,CoStar/Real Capital Analytics,2025-Q4,https://www.rcanalytics.com
92106,San Diego,32.7967,-117.1025,410232.48,655956.0,372211.0,-3.83,CoStar/Real Capital Analytics,2025-Q4,https://www.rcanalytics.com
92107,San Diego,32.703,-117.2576,447881.28,479596.0,449777.0,-5.08,CoStar/Real Capital Analytics,2025-Q4,https://www.rcanalytics.com
92108,San Diego,32.6499,-117.3276,355377.12,578022.0,431290.0,-4.17,CoStar/Real Capital Analytics,2025-Q4,https://www.rcanalytics.com
92109,San Diego,32.7874,-117.1324,476548.8,486985.0,365704.0,-3.97,CoStar/Real Capital Analytics,2025-Q4,https://www.rcanalytics.com
92110,San Diego,32.7249,-117.156,370134.24,624541.0,408250.0,-5.02,CoStar/Real Capital Analytics,2025-Q4,https://www.rcanalytics.com
92111,San Diego,32.8274,-117.04,419727.84,499293.0,334247.0,-3.97,CoStar/Real Capital Analytics,2025-Q4,https://www.rcanalytics.com
92112,San Diego,32.7285,-117.2274,450557.52,608865.0,374854.0,-5.13,CoStar/Real Capital Analytics,2025-Q4,https://www.rcanalytics.com
92113,San Diego,32.5832,-117.0971,389215.68,612376.0,374667.0,-4.13,CoStar/Real Capital Analytics,2025-Q4,https://www.rcanalytics.com
92114,San Diego,32.8411,-117.2208,459342.24,668570.0,354615.0,-3.75,CoStar/Real Capital Analytics,2025-Q4,https://www.rcanalytics.com
92115,San Diego,32.6924,-117.3261,469200.48,558468.0,359284.0,-3.78,CoStar/Real Capital Analytics,2025-Q4,https://www.rcanalytics.com
92116,San Diego,32.7443,-117.0421,377588.4,607987.0,344402.0,-4.55,CoStar/Real Capital Analytics,2025-Q4,https://www.rcanalytics.com
92117,San Diego,32.6166,-117.2652,385224.0,576451.0,441575.0,-3.86,CoStar/Real Capital Analytics,2025-Q4,https://www.rcanalytics.com
92118,San Diego,32.6171,-117.3145,366928.8,658078.0,424654.0,-4.51,CoStar/Real Capital Analytics,2025-Q4,https://www.rcanalytics.com
92119,San Diego,32.8424,-117.2903,390833.52,582574.0,358781.0,-4.24,CoStar/Real Capital Analytics,2025-Q4,https://www.rcanalytics.com
92120,San Diego,32.7477,-117.2998,455017.92,506478.0,389118.0,-5.26,CoStar/Real Capital Analytics,2025-Q4,https://www.rcanalytics.com
92121,San Diego,32.6178,-117.0959,455894.88,587167.0,406886.0,-4.19,CoStar/Real Capital Analytics,2025-Q4,https://www.rcanalytics.com
92122,San Diego,32.6564,-117.0229,437675.28,544690.0,347074.0,-4.08,CoStar/Real Capital Analytics,2025-Q4,https://www.rcanalytics.com
92123,San Diego,32.8428,-116.9898,424566.24,661528.0,380916.0,-4.36,CoStar/Real Capital Analytics,2025-Q4,https://www.rcanalytics.com
92124,San Diego,32.7553,-117.2175,384558.72,600925.0,362357.0,-4.49,CoStar/Real Capital Analytics,2025-Q4,https://www.rcanalytics.com
92125,San Diego,32.8545,-117.0553,422887.92,612498.0,470346.0,-4.6,CoStar/Real Capital Analytics,2025-Q4,https://www.rcanalytics.com
92126,San Diego,32.827,-117.2302,392118.72,552487.0,359197.0,-4.2,CoStar/Real Capital Analytics,2025-Q4,https://www.rcanalytics.com
92127,San Diego,32.6442,-117.3115,387098.88,533912.0,332021.0,-4.87,CoStar/Real Capital Analytics,2025-Q4,https://www.rcanalytics.com
92128,San Diego,32.6958,-117.2376,445688.88,594250.0,372714.0,-4.62,CoStar/Real Capital Analytics,2025-Q4,https://www.rcanalytics.com
92129,San Diego,32.7666,-117.1934,457180.08,630665.0,465635.0,-4.84,CoStar/Real Capital Analytics,2025-Q4,https://www.rcanalytics.com
92130,San Diego,32.7361,-117.1071,415448.88,621765.0,416194.0,-3.7,CoStar/Real Capital Analytics,2025-Q4,https://www.rcanalytics.com
92131,San Diego,32.7603,-117.2212,450179.52,529136.0,332681.0,-4.39,CoStar/Real Capital Analytics,2025-Q4,https://www.rcanalytics.com
92132,San Diego,32.6926,-117.2,423160.08,668713.0,349459.0,-5.23,CoStar/Real Capital Analytics,2025-Q4,https://www.rcanalytics.com
92133,San Diego,32.6658,-117.0085,432171.6,652138.0,394246.0,-4.9,CoStar/Real Capital Analytics,2025-Q4,https://www.rcanalytics.com
92134,San Diego,32.8061,-117.1781,459871.44,649975.0,465175.0,-4.43,CoStar/Real Capital Analytics,2025-Q4,https://www.rcanalytics.com
92135,San Diego,32.7679,-117.1386,408327.36,493884.0,420417.0,-5.31,CoStar/Real Capital Analytics,2025-Q4,https://www.rcanalytics.com
75201,DFW,32.7342,-96.9509,211073.9,241487.0,183007.0,-5.15,CoStar/Real Capital Analytics,2025-Q4,https://www.rcanalytics.com
75202,DFW,32.7228,-96.6538,173265.08,279654.0,166728.0,-4.47,CoStar/Real Capital Analytics,2025-Q4,https://www.rcanalytics.com
75203,DFW,32.7113,-96.8618,155902.46,271643.0,198261.0,-4.18,CoStar/Real Capital Analytics,2025-Q4,https://www.rcanalytics.com
75204,DFW,32.6426,-96.6474,199711.94,248545.0,179280.0,-3.83,CoStar/Real Capital Analytics,2025-Q4,https://www.rcanalytics.com
75205,DFW,32.8517,-96.9384,160218.14,213588.0,170657.0,-5.0,CoStar/Real Capital Analytics,2025-Q4,https://www.rcanalytics.com
75206,DFW,32.8244,-96.6387,206445.2,224809.0,182273.0,-5.14,CoStar/Real Capital Analytics,2025-Q4,https://www.rcanalytics.com
75207,DFW,32.8319,-96.6469,155422.94,261321.0,177123.0,-4.03,CoStar/Real Capital Analytics,2025-Q4,https://www.rcanalytics.com
75208,DFW,32.6385,-96.8405,158386.64,285561.0,146943.0,-4.49,CoStar/Real Capital Analytics,2025-Q4,https://www.rcanalytics.com
75209,DFW,32.6556,-96.769,161137.22,213966.0,167240.0,-4.92,CoStar/Real Capital Analytics,2025-Q4,https://www.rcanalytics.com
75210,DFW,32.8515,-96.6655,155336.36,275078.0,144836.0,-4.72,CoStar/Real Capital Analytics,2025-Q4,https://www.rcanalytics.com
75211,DFW,32.8823,-96.9748,176435.24,262895.0,159053.0,-4.7,CoStar/Real Capital Analytics,2025-Q4,https://www.rcanalytics.com
75212,DFW,32.878,-96.8355,175969.04,229952.0,203412.0,-4.22,CoStar/Real Capital Analytics,2025-Q4,https://www.rcanalytics.com
75213,DFW,32.6743,-96.9401,186551.78,239806.0,160470.0,-4.97,CoStar/Real Capital Analytics,2025-Q4,https://www.rcanalytics.com
75214,DFW,32.7418,-96.8486,206451.86,292664.0,197154.0,-4.09,CoStar/Real Capital Analytics,2025-Q4,https://www.rcanalytics.com
75215,DFW,32.6684,-96.8536,206791.52,280895.0,198647.0,-5.12,CoStar/Real Capital Analytics,2025-Q4,https://www.rcanalytics.com
75216,DFW,32.7749,-96.7409,177833.84,271895.0,204854.0,-3.75,CoStar/Real Capital Analytics,2025-Q4,https://www.rcanalytics.com
75217,DFW,32.8897,-96.7461,195369.62,255055.0,193769.0,-4.51,CoStar/Real Capital Analytics,2025-Q4,https://www.rcanalytics.com
75218,DFW,32.7841,-96.7456,183461.54,255252.0,167569.0,-5.03,CoStar/Real Capital Analytics,2025-Q4,https://www.rcanalytics.com
75219,DFW,32.9191,-96.7928,210174.8,287935.0,196218.0,-4.65,CoStar/Real Capital Analytics,2025-Q4,https://www.rcanalytics.com
75220,DFW,32.7431,-96.7517,169615.4,219001.0,149651.0,-4.94,CoStar/Real Capital Analytics,2025-Q4,https://www.rcanalytics.com
75221,DFW,32.698,-96.787,202902.08,282522.0,170543.0,-5.17,CoStar/Real Capital Analytics,2025-Q4,https://www.rcanalytics.com
75222,DFW,32.712,-96.6542,187464.2,204948.0,188309.0,-4.19,CoStar/Real Capital Analytics,2025-Q4,https://www.rcanalytics.com
75223,DFW,32.8769,-96.7737,187284.38,285831.0,201393.0,-5.05,CoStar/Real Capital Analytics,2025-Q4,https://www.rcanalytics.com
75224,DFW,32.8075,-96.904,192032.96,230356.0,159249.0,-5.13,CoStar/Real Capital Analytics,2025-Q4,https://www.rcanalytics.com
75225,DFW,32.7787,-96.6348,186158.84,224458.0,147987.0,-4.67,CoStar/Real Capital Analytics,2025-Q4,https://www.rcanalytics.com
75226,DFW,32.8696,-96.8318,208936.04,290596.0,148234.0,-4.92,CoStar/Real Capital Analytics,2025-Q4,https://www.rcanalytics.com
75227,DFW,32.8092,-96.8088,156854.84,238008.0,177616.0,-4.53,CoStar/Real Capital Analytics,2025-Q4,https://www.rcanalytics.com
75228,DFW,32.8704,-96.8465,195083.24,253032.0,176857.0,-4.6,CoStar/Real Capital Analytics,2025-Q4,https://www.rcanalytics.com
75229,DFW,32.7759,-96.7458,201410.24,267858.0,171220.0,-4.05,CoStar/Real Capital Analytics,2025-Q4,https://www.rcanalytics.com
75230,DFW,32.7575,-96.6588,190174.82,212788.0,148316.0,-4.67,CoStar/Real Capital Analytics,2025-Q4,https://www.rcanalytics.com
75231,DFW,32.6405,-96.9338,169821.86,214236.0,198027.0,-3.76,CoStar/Real Capital Analytics,2025-Q4,https://www.rcanalytics.com
75232,DFW,32.7193,-96.832,163521.5,284887.0,202988.0,-4.7,CoStar/Real Capital Analytics,2025-Q4,https://www.rcanalytics.com
75233,DFW,32.7264,-96.7029,170288.06,292520.0,195073.0,-4.89,CoStar/Real Capital Analytics,2025-Q4,https://www.rcanalytics.com
75234,DFW,32.6871,-96.6614,216948.02,216456.0,158958.0,-4.27,CoStar/Real Capital Analytics,2025-Q4,https://www.rcanalytics.com
75235,DFW,32.9075,-96.662,176368.64,208328.0,204506.0,-4.56,CoStar/Real Capital Analytics,2025-Q4,https://www.rcanalytics.com
75236,DFW,32.9219,-96.8311,152059.64,208517.0,187246.0,-4.13,CoStar/Real Capital Analytics,2025-Q4,https://www.rcanalytics.com
75237,DFW,32.8763,-96.791,164607.08,205829.0,186354.0,-4.63,CoStar/Real Capital Analytics,2025-Q4,https://www.rcanalytics.com
75238,DFW,32.7993,-96.8522,202702.28,243393.0,148500.0,-4.52,CoStar/Real Capital Analytics,2025-Q4,https://www.rcanalytics.com
75239,DFW,32.8972,-96.8751,162249.44,241586.0,189283.0,-4.18,CoStar/Real Capital Analytics,2025-Q4,https://www.rcanalytics.com
75240,DFW,32.7867,-96.7431,166778.24,237136.0,156952.0,-4.79,CoStar/Real Capital Analytics,2025-Q4,https://www.rcanalytics.com
75241,DFW,32.8638,-96.6183,171806.54,221977.0,144887.0,-5.14,CoStar/Real Capital Analytics,2025-Q4,https://www.rcanalytics.com
75242,DFW,32.7765,-96.6734,163348.34,208625.0,175611.0,-5.02,CoStar/Real Capital Analytics,2025-Q4,https://www.rcanalytics.com
75243,DFW,32.7133,-96.9391,155256.44,210603.0,150455.0,-4.92,CoStar/Real Capital Analytics,2025-Q4,https://www.rcanalytics.com
75244,DFW,32.8923,-96.645,152392.64,223047.0,167322.0,-4.4,CoStar/Real Capital Analytics,2025-Q4,https://www.rcanalytics.com
75245,DFW,32.8574,-96.843,193011.98,273531.0,171910.0,-3.91,CoStar/Real Capital Analytics,2025-Q4,https://www.rcanalytics.com
75246,DFW,32.7071,-96.6332,174463.88,234996.0,184728.0,-4.91,CoStar/Real Capital Analytics,2025-Q4,https://www.rcanalytics.com
75247,DFW,32.7716,-96.8914,209049.26,269108.0,162659.0,-5.15,CoStar/Real Capital Analytics,2025-Q4,https://www.rcanalytics.com
75248,DFW,32.7708,-96.9387,211906.4,226661.0,202418.0,-5.26,CoStar/Real Capital Analytics,2025-Q4,https://www.rcanalytics.com
75249,DFW,32.9013,-96.8161,175955.72,206359.0,201912.0,-4.28,CoStar/Real Capital Analytics,2025-Q4,https://www.rcanalytics.com
75250,DFW,32.8254,-96.7217,201983.0,263263.0,167525.0,-4.38,CoStar/Real Capital Analytics,2025-Q4,https://www.rcanalytics.com
75251,DFW,32.6285,-96.9364,164986.7,282909.0,176402.0,-4.01,CoStar/Real Capital Analytics,2025-Q4,https://www.rcanalytics.com
75252,DFW,32.9069,-96.7817,198653.0,238008.0,167715.0,-3.78,CoStar/Real Capital Analytics,2025-Q4,https://www.rcanalytics.com
75253,DFW,32.9211,-96.9045,189575.42,219576.0,158148.0,-4.11,CoStar/Real Capital Analytics,2025-Q4,https://www.rcanalytics.com
75254,DFW,32.6326,-96.6595,207124.52,221878.0,179496.0,-4.8,CoStar/Real Capital Analytics,2025-Q4,https://www.rcanalytics.com
75255,DFW,32.6419,-96.6349,210754.22,206072.0,203956.0,-5.18,CoStar/Real Capital Analytics,2025-Q4,https://www.rcanalytics.com
94101,Bay Area,37.7686,-122.3285,426034.56,601927.0,496991.0,-5.24,CoStar/Real Capital Analytics,2025-Q4,https://www.rcanalytics.com
94102,Bay Area,37.7378,-122.4342,434087.04,532223.0,395261.0,-5.04,CoStar/Real Capital Analytics,2025-Q4,https://www.rcanalytics.com
94103,Bay Area,37.7941,-122.5482,420055.68,723116.0,409165.0,-3.72,CoStar/Real Capital Analytics,2025-Q4,https://www.rcanalytics.com
94104,Bay Area,37.6351,-122.3395,425827.2,710426.0,415452.0,-4.57,CoStar/Real Capital Analytics,2025-Q4,https://www.rcanalytics.com
94105,Bay Area,37.7817,-122.5534,402067.2,704827.0,430046.0,-4.9,CoStar/Real Capital Analytics,2025-Q4,https://www.rcanalytics.com
94106,Bay Area,37.8431,-122.2828,539477.76,709469.0,397231.0,-4.07,CoStar/Real Capital Analytics,2025-Q4,https://www.rcanalytics.com
94107,Bay Area,37.6341,-122.5768,500528.64,751880.0,525604.0,-4.23,CoStar/Real Capital Analytics,2025-Q4,https://www.rcanalytics.com
94108,Bay Area,37.6948,-122.5603,506144.64,546407.0,442079.0,-3.91,CoStar/Real Capital Analytics,2025-Q4,https://www.rcanalytics.com
94109,Bay Area,37.7355,-122.3109,438839.04,751366.0,476733.0,-4.38,CoStar/Real Capital Analytics,2025-Q4,https://www.rcanalytics.com
94110,Bay Area,37.6377,-122.2649,523079.04,598801.0,533730.0,-4.37,CoStar/Real Capital Analytics,2025-Q4,https://www.rcanalytics.com
94111,Bay Area,37.7117,-122.2613,439080.96,724772.0,456657.0,-5.27,CoStar/Real Capital Analytics,2025-Q4,https://www.rcanalytics.com
94112,Bay Area,37.8873,-122.3034,485460.48,655675.0,383638.0,-5.29,CoStar/Real Capital Analytics,2025-Q4,https://www.rcanalytics.com
94113,Bay Area,37.8948,-122.5314,469165.44,665076.0,413072.0,-4.34,CoStar/Real Capital Analytics,2025-Q4,https://www.rcanalytics.com
94114,Bay Area,37.7382,-122.3844,397937.28,611492.0,460399.0,-5.17,CoStar/Real Capital Analytics,2025-Q4,https://www.rcanalytics.com
94115,Bay Area,37.6319,-122.3526,512918.4,667852.0,496942.0,-3.91,CoStar/Real Capital Analytics,2025-Q4,https://www.rcanalytics.com
94116,Bay Area,37.7022,-122.4266,508581.12,682385.0,481428.0,-4.86,CoStar/Real Capital Analytics,2025-Q4,https://www.rcanalytics.com
94117,Bay Area,37.645,-122.3776,405989.76,576873.0,425007.0,-4.57,CoStar/Real Capital Analytics,2025-Q4,https://www.rcanalytics.com
94118,Bay Area,37.7614,-122.3274,464707.2,552868.0,508843.0,-4.37,CoStar/Real Capital Analytics,2025-Q4,https://www.rcanalytics.com
94119,Bay Area,37.864,-122.4847,399008.64,599198.0,501948.0,-4.63,CoStar/Real Capital Analytics,2025-Q4,https://www.rcanalytics.com
94120,Bay Area,37.8643,-122.4794,473882.88,554175.0,499847.0,-4.38,CoStar/Real Capital Analytics,2025-Q4,https://www.rcanalytics.com
94121,Bay Area,37.7922,-122.4425,474746.88,756265.0,389581.0,-3.73,CoStar/Real Capital Analytics,2025-Q4,https://www.rcanalytics.com
94122,Bay Area,37.7784,-122.5458,496778.88,739026.0,456657.0,-5.24,CoStar/Real Capital Analytics,2025-Q4,https://www.rcanalytics.com
94123,Bay Area,37.8375,-122.478,462443.52,640815.0,415518.0,-5.03,CoStar/Real Capital Analytics,2025-Q4,https://www.rcanalytics.com
94124,Bay Area,37.8922,-122.2964,562442.88,556134.0,458430.0,-3.96,CoStar/Real Capital Analytics,2025-Q4,https://www.rcanalytics.com
94125,Bay Area,37.7645,-122.2409,451937.28,668202.0,410511.0,-5.07,CoStar/Real Capital Analytics,2025-Q4,https://www.rcanalytics.com
94126,Bay Area,37.7961,-122.354,549171.84,532643.0,438123.0,-4.34,CoStar/Real Capital Analytics,2025-Q4,https://www.rcanalytics.com
94127,Bay Area,37.902,-122.5564,554286.72,553848.0,383097.0,-4.88,CoStar/Real Capital Analytics,2025-Q4,https://www.rcanalytics.com
94128,Bay Area,37.7055,-122.481,465726.72,592409.0,507185.0,-4.4,CoStar/Real Capital Analytics,2025-Q4,https://www.rcanalytics.com
94129,Bay Area,37.8004,-122.5673,502464.0,729461.0,496236.0,-4.92,CoStar/Real Capital Analytics,2025-Q4,https://www.rcanalytics.com
94130,Bay Area,37.63,-122.2554,460698.24,539875.0,512537.0,-3.83,CoStar/Real Capital Analytics,2025-Q4,https://www.rcanalytics.com
94131,Bay Area,37.7703,-122.4485,404002.56,757315.0,492312.0,-4.42,CoStar/Real Capital Analytics,2025-Q4,https://www.rcanalytics.com
94132,Bay Area,37.7415,-122.4854,500234.88,756988.0,527771.0,-4.56,CoStar/Real Capital Analytics,2025-Q4,https://www.rcanalytics.com
94133,Bay Area,37.675,-122.257,550018.56,631530.0,436498.0,-4.02,CoStar/Real Capital Analytics,2025-Q4,https://www.rcanalytics.com
94134,Bay Area,37.8135,-122.358,484233.6,541764.0,465965.0,-4.08,CoStar/Real Capital Analytics,2025-Q4,https://www.rcanalytics.com
94135,Bay Area,37.6511,-122.5827,437266.56,554175.0,503902.0,-3.79,CoStar/Real Capital Analytics,2025-Q4,https://www.rcanalytics.com
94136,Bay Area,37.7382,-122.2633,491594.88,709446.0,396755.0,-4.19,CoStar/Real Capital Analytics,2025-Q4,https://www.rcanalytics.com
94137,Bay Area,37.6763,-122.4566,399613.44,632137.0,517823.0,-4.6,CoStar/Real Capital Analytics,2025-Q4,https://www.rcanalytics.com
94138,Bay Area,37.8736,-122.5811,528556.8,632580.0,504575.0,-4.78,CoStar/Real Capital Analytics,2025-Q4,https://www.rcanalytics.com
94139,Bay Area,37.7895,-122.586,514715.52,650053.0,521500.0,-4.12,CoStar/Real Capital Analytics,2025-Q4,https://www.rcanalytics.com
94140,Bay Area,37.9139,-122.486,517774.08,568731.0,444476.0,-4.91,CoStar/Real Capital Analytics,2025-Q4,https://www.rcanalytics.com
94141,Bay Area,37.8758,-122.3879,430268.16,636033.0,462681.0,-4.63,CoStar/Real Capital Analytics,2025-Q4,https://www.rcanalytics.com
94142,Bay Area,37.6422,-122.3426,426915.84,744368.0,387102.0,-4.95,CoStar/Real Capital Analytics,2025-Q4,https://www.rcanalytics.com
94143,Bay Area,37.8082,-122.5795,435141.12,581305.0,492394.0,-4.7,CoStar/Real Capital Analytics,2025-Q4,https://www.rcanalytics.com
94144,Bay Area,37.8858,-122.281,530958.72,619073.0,532663.0,-4.89,CoStar/Real Capital Analytics,2025-Q4,https://www.rcanalytics.com
94145,Bay Area,37.6432,-122.5209,477891.84,746188.0,443557.0,-4.17,CoStar/Real Capital Analytics,2025-Q4,https://www.rcanalytics.com
78701,Austin,30.3382,-97.6172,205997.4,257703.0,183624.0,-5.14,CoStar/Real Capital Analytics,2025-Q4,https://www.rcanalytics.com
78702,Austin,30.3313,-97.9187,252847.8,344013.0,212088.0,-4.25,CoStar/Real Capital Analytics,2025-Q4,https://www.rcanalytics.com
78703,Austin,30.3588,-97.7992,233391.6,266407.0,175329.0,-4.3,CoStar/Real Capital Analytics,2025-Q4,https://www.rcanalytics.com
78704,Austin,30.3485,-97.5735,197824.5,258840.0,235242.0,-4.49,CoStar/Real Capital Analytics,2025-Q4,https://www.rcanalytics.com
78705,Austin,30.192,-97.6333,259319.7,265827.0,191912.0,-4.06,CoStar/Real Capital Analytics,2025-Q4,https://www.rcanalytics.com
78706,Austin,30.2236,-97.5862,246780.9,348912.0,251902.0,-4.02,CoStar/Real Capital Analytics,2025-Q4,https://www.rcanalytics.com
78707,Austin,30.1727,-97.7459,198877.5,342383.0,179330.0,-5.25,CoStar/Real Capital Analytics,2025-Q4,https://www.rcanalytics.com
78708,Austin,30.3636,-97.907,243281.7,264657.0,225639.0,-3.9,CoStar/Real Capital Analytics,2025-Q4,https://www.rcanalytics.com
78709,Austin,30.2667,-97.9021,195888.6,338130.0,224077.0,-5.06,CoStar/Real Capital Analytics,2025-Q4,https://www.rcanalytics.com
78710,Austin,30.2586,-97.6572,190485.9,302153.0,234673.0,-4.18,CoStar/Real Capital Analytics,2025-Q4,https://www.rcanalytics.com
78711,Austin,30.253,-97.78,234412.2,285653.0,233257.0,-5.23,CoStar/Real Capital Analytics,2025-Q4,https://www.rcanalytics.com
78712,Austin,30.1884,-97.7832,219524.4,350858.0,183547.0,-3.93,CoStar/Real Capital Analytics,2025-Q4,https://www.rcanalytics.com
78713,Austin,30.2819,-97.9136,218592.9,328190.0,181139.0,-4.3,CoStar/Real Capital Analytics,2025-Q4,https://www.rcanalytics.com
78714,Austin,30.3681,-97.8602,243532.8,307260.0,181577.0,-4.41,CoStar/Real Capital Analytics,2025-Q4,https://www.rcanalytics.com
78715,Austin,30.1509,-97.7203,216770.4,301333.0,183001.0,-4.69,CoStar/Real Capital Analytics,2025-Q4,https://www.rcanalytics.com
78716,Austin,30.1242,-97.8795,223728.3,295068.0,209448.0,-5.3,CoStar/Real Capital Analytics,2025-Q4,https://www.rcanalytics.com
78717,Austin,30.2849,-97.85,240754.5,284373.0,185486.0,-4.45,CoStar/Real Capital Analytics,2025-Q4,https://www.rcanalytics.com
78718,Austin,30.3486,-97.9174,206151.3,279824.0,181708.0,-3.92,CoStar/Real Capital Analytics,2025-Q4,https://www.rcanalytics.com
78719,Austin,30.1984,-97.6438,216576.0,324767.0,226293.0,-4.1,CoStar/Real Capital Analytics,2025-Q4,https://www.rcanalytics.com
78720,Austin,30.3247,-97.909,262405.8,339704.0,185294.0,-4.43,CoStar/Real Capital Analytics,2025-Q4,https://www.rcanalytics.com
78721,Austin,30.4068,-97.5869,237020.4,304242.0,203062.0,-4.19,CoStar/Real Capital Analytics,2025-Q4,https://www.rcanalytics.com
78722,Austin,30.3546,-97.6028,221176.8,336839.0,249747.0,-5.27,CoStar/Real Capital Analytics,2025-Q4,https://www.rcanalytics.com
78723,Austin,30.2531,-97.7371,188930.7,312651.0,177845.0,-3.96,CoStar/Real Capital Analytics,2025-Q4,https://www.rcanalytics.com
78724,Austin,30.3978,-97.7357,256841.1,288846.0,245984.0,-4.67,CoStar/Real Capital Analytics,2025-Q4,https://www.rcanalytics.com
78725,Austin,30.1486,-97.7035,261223.2,261289.0,235573.0,-4.97,CoStar/Real Capital Analytics,2025-Q4,https://www.rcanalytics.com
78726,Austin,30.2222,-97.8281,237287.7,298731.0,178415.0,-4.7,CoStar/Real Capital Analytics,2025-Q4,https://www.rcanalytics.com
78727,Austin,30.3423,-97.6881,216219.6,307807.0,190026.0,-4.78,CoStar/Real Capital Analytics,2025-Q4,https://www.rcanalytics.com
78728,Austin,30.406,-97.6199,200554.2,357506.0,221114.0,-5.11,CoStar/Real Capital Analytics,2025-Q4,https://www.rcanalytics.com
78729,Austin,30.2176,-97.822,261085.5,296631.0,195128.0,-4.86,CoStar/Real Capital Analytics,2025-Q4,https://www.rcanalytics.com
78730,Austin,30.273,-97.8927,201599.1,252902.0,175406.0,-5.05,CoStar/Real Capital Analytics,2025-Q4,https://www.rcanalytics.com
78731,Austin,30.3084,-97.8457,226846.8,312378.0,175544.0,-3.72,CoStar/Real Capital Analytics,2025-Q4,https://www.rcanalytics.com
78732,Austin,30.2595,-97.8916,254111.4,303991.0,185025.0,-5.03,CoStar/Real Capital Analytics,2025-Q4,https://www.rcanalytics.com
78733,Austin,30.2881,-97.6756,238624.2,315778.0,175660.0,-3.75,CoStar/Real Capital Analytics,2025-Q4,https://www.rcanalytics.com
78734,Austin,30.2303,-97.7673,248198.4,329469.0,241044.0,-4.41,CoStar/Real Capital Analytics,2025-Q4,https://www.rcanalytics.com
78735,Austin,30.254,-97.8311,187740.0,288025.0,241252.0,-4.92,CoStar/Real Capital Analytics,2025-Q4,https://www.rcanalytics.com
78736,Austin,30.2918,-97.5715,209610.0,264756.0,232110.0,-4.8,CoStar/Real Capital Analytics,2025-Q4,https://www.rcanalytics.com
78737,Austin,30.1935,-97.6166,258517.8,320645.0,218721.0,-4.07,CoStar/Real Capital Analytics,2025-Q4,https://www.rcanalytics.com
78738,Austin,30.1819,-97.8828,244350.9,254214.0,220191.0,-5.13,CoStar/Real Capital Analytics,2025-Q4,https://www.rcanalytics.com
78739,Austin,30.3529,-97.7689,189295.2,266002.0,212534.0,-4.71,CoStar/Real Capital Analytics,2025-Q4,https://www.rcanalytics.com
78740,Austin,30.1443,-97.9126,252677.7,344909.0,191327.0,-4.95,CoStar/Real Capital Analytics,2025-Q4,https://www.rcanalytics.com
32201,Jacksonville,30.2629,-81.7066,165228.7,253915.0,193871.0,-5.03,CoStar/Real Capital Analytics,2025-Q4,https://www.rcanalytics.com
32202,Jacksonville,30.3536,-81.713,175346.5,255914.0,170637.0,-4.69,CoStar/Real Capital Analytics,2025-Q4,https://www.rcanalytics.com
32203,Jacksonville,30.2064,-81.5933,155690.5,222744.0,151647.0,-4.61,CoStar/Real Capital Analytics,2025-Q4,https://www.rcanalytics.com
32204,Jacksonville,30.4018,-81.7388,162337.0,273485.0,140628.0,-4.82,CoStar/Real Capital Analytics,2025-Q4,https://www.rcanalytics.com
32205,Jacksonville,30.4381,-81.6621,161864.5,201660.0,172804.0,-5.08,CoStar/Real Capital Analytics,2025-Q4,https://www.rcanalytics.com
32206,Jacksonville,30.2515,-81.6968,164189.2,238198.0,193021.0,-4.12,CoStar/Real Capital Analytics,2025-Q4,https://www.rcanalytics.com
32207,Jacksonville,30.4142,-81.5678,183442.0,256985.0,159397.0,-4.27,CoStar/Real Capital Analytics,2025-Q4,https://www.rcanalytics.com
32208,Jacksonville,30.3669,-81.4937,197806.0,221706.0,174420.0,-4.14,CoStar/Real Capital Analytics,2025-Q4,https://www.rcanalytics.com
32209,Jacksonville,30.4213,-81.665,172996.6,271044.0,166848.0,-4.46,CoStar/Real Capital Analytics,2025-Q4,https://www.rcanalytics.com
32210,Jacksonville,30.2271,-81.7224,195865.6,203888.0,157518.0,-4.56,CoStar/Real Capital Analytics,2025-Q4,https://www.rcanalytics.com
32211,Jacksonville,30.3834,-81.7213,163471.0,195486.0,194206.0,-4.34,CoStar/Real Capital Analytics,2025-Q4,https://www.rcanalytics.com
32212,Jacksonville,30.3236,-81.7828,164674.3,262156.0,169787.0,-4.84,CoStar/Real Capital Analytics,2025-Q4,https://www.rcanalytics.com
32213,Jacksonville,30.3573,-81.7082,162198.4,255318.0,159445.0,-4.43,CoStar/Real Capital Analytics,2025-Q4,https://www.rcanalytics.com
32214,Jacksonville,30.4087,-81.4792,170016.7,220073.0,138893.0,-5.08,CoStar/Real Capital Analytics,2025-Q4,https://www.rcanalytics.com
32215,Jacksonville,30.4052,-81.681,176052.1,194133.0,190112.0,-3.74,CoStar/Real Capital Analytics,2025-Q4,https://www.rcanalytics.com
32216,Jacksonville,30.4745,-81.8128,181489.0,243267.0,181212.0,-4.44,CoStar/Real Capital Analytics,2025-Q4,https://www.rcanalytics.com
32217,Jacksonville,30.4096,-81.7954,146807.5,228306.0,170302.0,-5.23,CoStar/Real Capital Analytics,2025-Q4,https://www.rcanalytics.com
32218,Jacksonville,30.382,-81.6248,158134.9,228630.0,172427.0,-4.72,CoStar/Real Capital Analytics,2025-Q4,https://www.rcanalytics.com
32219,Jacksonville,30.4004,-81.6533,166482.4,195579.0,183403.0,-5.26,CoStar/Real Capital Analytics,2025-Q4,https://www.rcanalytics.com
32220,Jacksonville,30.4471,-81.5603,183857.8,218636.0,141215.0,-4.04,CoStar/Real Capital Analytics,2025-Q4,https://www.rcanalytics.com
32221,Jacksonville,30.3411,-81.5136,197944.6,250657.0,164042.0,-4.42,CoStar/Real Capital Analytics,2025-Q4,https://www.rcanalytics.com
32222,Jacksonville,30.4014,-81.521,163004.8,217947.0,151515.0,-5.3,CoStar/Real Capital Analytics,2025-Q4,https://www.rcanalytics.com
32223,Jacksonville,30.2715,-81.7715,198379.3,251636.0,183289.0,-4.9,CoStar/Real Capital Analytics,2025-Q4,https://www.rcanalytics.com
32224,Jacksonville,30.2841,-81.6254,188488.3,250862.0,170374.0,-4.25,CoStar/Real Capital Analytics,2025-Q4,https://www.rcanalytics.com
32225,Jacksonville,30.405,-81.5688,185010.7,244517.0,137157.0,-4.1,CoStar/Real Capital Analytics,2025-Q4,https://www.rcanalytics.com
32226,Jacksonville,30.2109,-81.812,153277.6,231674.0,171780.0,-4.37,CoStar/Real Capital Analytics,2025-Q4,https://www.rcanalytics.com
32227,Jacksonville,30.2571,-81.7746,175157.5,219257.0,169949.0,-4.62,CoStar/Real Capital Analytics,2025-Q4,https://www.rcanalytics.com
32228,Jacksonville,30.4455,-81.6666,183423.1,246124.0,140245.0,-4.83,CoStar/Real Capital Analytics,2025-Q4,https://www.rcanalytics.com
32229,Jacksonville,30.2369,-81.8232,198807.7,208175.0,141706.0,-4.31,CoStar/Real Capital Analytics,2025-Q4,https://www.rcanalytics.com
32230,Jacksonville,30.1929,-81.8011,162078.7,236616.0,190884.0,-4.98,CoStar/Real Capital Analytics,2025-Q4,https://www.rcanalytics.com
43201,Columbus,39.897,-82.8522,170082.74,226877.0,123406.0,-5.3,CoStar/Real Capital Analytics,2025-Q4,https://www.rcanalytics.com
43202,Columbus,39.8117,-83.0635,128216.0,195193.0,169270.0,-5.19,CoStar/Real Capital Analytics,2025-Q4,https://www.rcanalytics.com
43203,Columbus,40.0196,-82.836,129521.72,197574.0,136738.0,-5.08,CoStar/Real Capital Analytics,2025-Q4,https://www.rcanalytics.com
43204,Columbus,40.0713,-82.9791,145575.38,191344.0,144886.0,-4.91,CoStar/Real Capital Analytics,2025-Q4,https://www.rcanalytics.com
43205,Columbus,39.9719,-82.9473,165384.38,188421.0,170012.0,-5.3,CoStar/Real Capital Analytics,2025-Q4,https://www.rcanalytics.com
43206,Columbus,39.9328,-82.8808,163955.9,178071.0,163445.0,-4.62,CoStar/Real Capital Analytics,2025-Q4,https://www.rcanalytics.com
43207,Columbus,39.8396,-83.0801,160473.98,246553.0,171046.0,-5.26,CoStar/Real Capital Analytics,2025-Q4,https://www.rcanalytics.com
43208,Columbus,39.9781,-83.1652,134069.42,196037.0,142087.0,-4.48,CoStar/Real Capital Analytics,2025-Q4,https://www.rcanalytics.com
43209,Columbus,39.8779,-82.9828,146055.26,207977.0,133923.0,-5.21,CoStar/Real Capital Analytics,2025-Q4,https://www.rcanalytics.com
43210,Columbus,39.8746,-83.1787,152533.64,177513.0,125860.0,-4.29,CoStar/Real Capital Analytics,2025-Q4,https://www.rcanalytics.com
43211,Columbus,39.8289,-82.9277,135363.98,213853.0,146969.0,-5.04,CoStar/Real Capital Analytics,2025-Q4,https://www.rcanalytics.com
43212,Columbus,40.0568,-83.028,161294.24,197913.0,137438.0,-5.18,CoStar/Real Capital Analytics,2025-Q4,https://www.rcanalytics.com
43213,Columbus,40.071,-83.1016,155206.46,172496.0,128097.0,-5.17,CoStar/Real Capital Analytics,2025-Q4,https://www.rcanalytics.com
43214,Columbus,39.8448,-82.9857,146669.06,241672.0,146073.0,-4.92,CoStar/Real Capital Analytics,2025-Q4,https://www.rcanalytics.com
43215,Columbus,39.9024,-82.8522,174340.28,175352.0,155048.0,-4.4,CoStar/Real Capital Analytics,2025-Q4,https://www.rcanalytics.com
43216,Columbus,40.0265,-82.8439,129225.98,236158.0,140152.0,-4.0,CoStar/Real Capital Analytics,2025-Q4,https://www.rcanalytics.com
43217,Columbus,39.9135,-83.0775,180584.3,192225.0,159797.0,-4.08,CoStar/Real Capital Analytics,2025-Q4,https://www.rcanalytics.com
43218,Columbus,40.0169,-83.0315,162678.08,179977.0,146306.0,-4.29,CoStar/Real Capital Analytics,2025-Q4,https://www.rcanalytics.com
43219,Columbus,39.8485,-82.8873,162237.26,202531.0,158716.0,-5.13,CoStar/Real Capital Analytics,2025-Q4,https://www.rcanalytics.com
43220,Columbus,39.8452,-83.0673,135698.78,225597.0,156373.0,-4.32,CoStar/Real Capital Analytics,2025-Q4,https://www.rcanalytics.com
43221,Columbus,39.9889,-82.939,176337.92,212128.0,172069.0,-4.25,CoStar/Real Capital Analytics,2025-Q4,https://www.rcanalytics.com
43222,Columbus,39.9443,-83.0074,166812.86,174719.0,131935.0,-5.09,CoStar/Real Capital Analytics,2025-Q4,https://www.rcanalytics.com
43223,Columbus,40.0075,-82.9615,151931.0,206523.0,163095.0,-4.02,CoStar/Real Capital Analytics,2025-Q4,https://www.rcanalytics.com
43224,Columbus,39.9804,-82.8342,164474.84,198094.0,171401.0,-5.01,CoStar/Real Capital Analytics,2025-Q4,https://www.rcanalytics.com
43225,Columbus,39.8397,-82.8365,137997.74,191502.0,150171.0,-4.49,CoStar/Real Capital Analytics,2025-Q4,https://www.rcanalytics.com
43226,Columbus,39.8909,-83.0486,142277.6,226034.0,154269.0,-4.42,CoStar/Real Capital Analytics,2025-Q4,https://www.rcanalytics.com
43227,Columbus,40.0849,-83.0658,147215.9,186417.0,148225.0,-5.1,CoStar/Real Capital Analytics,2025-Q4,https://www.rcanalytics.com
43228,Columbus,39.9456,-82.8252,178915.88,222177.0,137910.0,-4.74,CoStar/Real Capital Analytics,2025-Q4,https://www.rcanalytics.com
43229,Columbus,39.9931,-83.1476,155200.88,244331.0,159236.0,-4.14,CoStar/Real Capital Analytics,2025-Q4,https://www.rcanalytics.com
43230,Columbus,39.8566,-83.1024,148276.1,173092.0,173294.0,-4.14,CoStar/Real Capital Analytics,2025-Q4,https://www.rcanalytics.com
43231,Columbus,39.926,-83.0788,150798.26,174395.0,144594.0,-5.06,CoStar/Real Capital Analytics,2025-Q4,https://www.rcanalytics.com
43232,Columbus,39.9156,-82.9289,174323.54,185288.0,156368.0,-4.07,CoStar/Real Capital Analytics,2025-Q4,https://www.rcanalytics.com
43233,Columbus,40.0732,-83.1598,140140.46,188271.0,129910.0,-4.84,CoStar/Real Capital Analytics,2025-Q4,https://www.rcanalytics.com
43234,Columbus,39.9025,-83.1296,144275.24,234666.0,151258.0,-4.23,CoStar/Real Capital Analytics,2025-Q4,https://www.rcanalytics.com
43235,Columbus,40.0553,-83.0767,130364.3,192640.0,134506.0,-5.25,CoStar/Real Capital Analytics,2025-Q4,https://www.rcanalytics.com
28201,Charlotte,35.114,-80.9609,183029.74,282529.0,193053.0,-4.31,CoStar/Real Capital Analytics,2025-Q4,https://www.rcanalytics.com
28202,Charlotte,35.2349,-80.7388,188121.94,305483.0,193130.0,-5.27,CoStar/Real Capital Analytics,2025-Q4,https://www.rcanalytics.com
28203,Charlotte,35.3304,-81.0086,238807.78,320896.0,204040.0,-4.52,CoStar/Real Capital Analytics,2025-Q4,https://www.rcanalytics.com
28204,Charlotte,35.2807,-80.8843,195413.38,311272.0,213813.0,-3.81,CoStar/Real Capital Analytics,2025-Q4,https://www.rcanalytics.com
28205,Charlotte,35.2993,-80.8051,215885.5,272884.0,229216.0,-4.18,CoStar/Real Capital Analytics,2025-Q4,https://www.rcanalytics.com
28206,Charlotte,35.1703,-80.9353,174764.14,283296.0,174117.0,-5.02,CoStar/Real Capital Analytics,2025-Q4,https://www.rcanalytics.com
28207,Charlotte,35.0789,-80.9889,169863.82,303909.0,176402.0,-4.83,CoStar/Real Capital Analytics,2025-Q4,https://www.rcanalytics.com
28208,Charlotte,35.2953,-80.8903,193088.68,272645.0,166601.0,-4.89,CoStar/Real Capital Analytics,2025-Q4,https://www.rcanalytics.com
28209,Charlotte,35.1328,-80.8814,237376.06,281263.0,215671.0,-4.3,CoStar/Real Capital Analytics,2025-Q4,https://www.rcanalytics.com
28210,Charlotte,35.2871,-80.8476,172867.48,249720.0,214935.0,-4.79,CoStar/Real Capital Analytics,2025-Q4,https://www.rcanalytics.com
28211,Charlotte,35.1844,-80.7765,208653.1,306250.0,170639.0,-5.08,CoStar/Real Capital Analytics,2025-Q4,https://www.rcanalytics.com
28212,Charlotte,35.0849,-80.767,206003.68,325907.0,187557.0,-4.7,CoStar/Real Capital Analytics,2025-Q4,https://www.rcanalytics.com
28213,Charlotte,35.1226,-80.9349,223132.66,257143.0,213434.0,-4.83,CoStar/Real Capital Analytics,2025-Q4,https://www.rcanalytics.com
28214,Charlotte,35.0786,-80.9486,170040.94,300691.0,176227.0,-4.28,CoStar/Real Capital Analytics,2025-Q4,https://www.rcanalytics.com
28215,Charlotte,35.1748,-80.8935,195715.96,236968.0,193383.0,-4.87,CoStar/Real Capital Analytics,2025-Q4,https://www.rcanalytics.com
28216,Charlotte,35.3338,-80.7734,234202.66,234198.0,198227.0,-4.13,CoStar/Real Capital Analytics,2025-Q4,https://www.rcanalytics.com
28217,Charlotte,35.146,-80.7171,240881.56,242358.0,213645.0,-4.46,CoStar/Real Capital Analytics,2025-Q4,https://www.rcanalytics.com
28218,Charlotte,35.3371,-80.9789,225376.18,289513.0,211661.0,-4.61,CoStar/Real Capital Analytics,2025-Q4,https://www.rcanalytics.com
28219,Charlotte,35.2189,-80.8338,209464.9,254523.0,228214.0,-3.72,CoStar/Real Capital Analytics,2025-Q4,https://www.rcanalytics.com
28220,Charlotte,35.3229,-81.0049,174896.98,271828.0,206255.0,-3.98,CoStar/Real Capital Analytics,2025-Q4,https://www.rcanalytics.com
28221,Charlotte,35.1368,-80.6844,172262.32,251115.0,183000.0,-5.04,CoStar/Real Capital Analytics,2025-Q4,https://www.rcanalytics.com
28222,Charlotte,35.3012,-80.9534,201029.56,322938.0,219050.0,-5.25,CoStar/Real Capital Analytics,2025-Q4,https://www.rcanalytics.com
28223,Charlotte,35.1556,-80.7174,218475.88,276760.0,193404.0,-4.89,CoStar/Real Capital Analytics,2025-Q4,https://www.rcanalytics.com
28224,Charlotte,35.1506,-80.9397,176830.54,294634.0,171431.0,-5.02,CoStar/Real Capital Analytics,2025-Q4,https://www.rcanalytics.com
28225,Charlotte,35.0836,-80.702,238984.9,303849.0,188069.0,-5.15,CoStar/Real Capital Analytics,2025-Q4,https://www.rcanalytics.com
28226,Charlotte,35.3561,-81.0101,240763.48,273014.0,214023.0,-5.1,CoStar/Real Capital Analytics,2025-Q4,https://www.rcanalytics.com
28227,Charlotte,35.1523,-81.0029,183317.56,229715.0,220193.0,-4.71,CoStar/Real Capital Analytics,2025-Q4,https://www.rcanalytics.com
28228,Charlotte,35.3138,-80.9725,177753.04,264675.0,190207.0,-5.03,CoStar/Real Capital Analytics,2025-Q4,https://www.rcanalytics.com
28229,Charlotte,35.1326,-80.6913,236660.2,321623.0,207370.0,-4.68,CoStar/Real Capital Analytics,2025-Q4,https://www.rcanalytics.com
28230,Charlotte,35.1131,-80.7382,177627.58,237117.0,189604.0,-3.79,CoStar/Real Capital Analytics,2025-Q4,https://www.rcanalytics.com
28231,Charlotte,35.2488,-80.91,174896.98,266787.0,225626.0,-4.13,CoStar/Real Capital Analytics,2025-Q4,https://www.rcanalytics.com
28232,Charlotte,35.1105,-80.9699,196977.94,232833.0,168585.0,-3.95,CoStar/Real Capital Analytics,2025-Q4,https://www.rcanalytics.com
28233,Charlotte,35.2,-80.9636,177708.76,293667.0,207559.0,-4.25,CoStar/Real Capital Analytics,2025-Q4,https://www.rcanalytics.com
28234,Charlotte,35.1898,-80.8272,202195.6,254074.0,182894.0,-4.66,CoStar/Real Capital Analytics,2025-Q4,https://www.rcanalytics.com
28235,Charlotte,35.3317,-80.9685,220151.14,278792.0,188251.0,-5.1,CoStar/Real Capital Analytics,2025-Q4,https://www.rcanalytics.com
28236,Charlotte,35.132,-80.9687,196490.86,273642.0,209515.0,-5.09,CoStar/Real Capital Analytics,2025-Q4,https://www.rcanalytics.com
28237,Charlotte,35.0896,-80.7634,189708.64,277886.0,177797.0,-5.26,CoStar/Real Capital Analytics,2025-Q4,https://www.rcanalytics.com
28238,Charlotte,35.0773,-80.8534,188114.56,250408.0,218468.0,-4.59,CoStar/Real Capital Analytics,2025-Q4,https://www.rcanalytics.com
28239,Charlotte,35.2769,-80.8749,204608.86,241202.0,164385.0,-5.26,CoStar/Real Capital Analytics,2025-Q4,https://www.rcanalytics.com
28240,Charlotte,35.2606,-81.0069,202859.8,275644.0,162499.0,-4.36,CoStar/Real Capital Analytics,2025-Q4,https://www.rcanalytics.com
46201,Indianapolis,39.818,-86.2891,141262.48,167442.0,161285.0,-5.22,CoStar/Real Capital Analytics,2025-Q4,https://www.rcanalytics.com
46202,Indianapolis,39.7269,-86.2056,142504.84,220344.0,154804.0,-3.85,CoStar/Real Capital Analytics,2025-Q4,https://www.rcanalytics.com
46203,Indianapolis,39.6224,-86.0448,135525.7,173425.0,159951.0,-4.56,CoStar/Real Capital Analytics,2025-Q4,https://www.rcanalytics.com
46204,Indianapolis,39.7655,-86.087,134460.82,207223.0,143527.0,-4.83,CoStar/Real Capital Analytics,2025-Q4,https://www.rcanalytics.com
46205,Indianapolis,39.6699,-86.0599,145302.76,182755.0,134373.0,-4.64,CoStar/Real Capital Analytics,2025-Q4,https://www.rcanalytics.com
46206,Indianapolis,39.9067,-86.0748,159662.98,177498.0,147732.0,-5.07,CoStar/Real Capital Analytics,2025-Q4,https://www.rcanalytics.com
46207,Indianapolis,39.6444,-86.2115,142614.46,183270.0,145427.0,-4.25,CoStar/Real Capital Analytics,2025-Q4,https://www.rcanalytics.com
46208,Indianapolis,39.6796,-86.0884,123237.82,202205.0,152339.0,-4.2,CoStar/Real Capital Analytics,2025-Q4,https://www.rcanalytics.com
46209,Indianapolis,39.7959,-86.2879,162607.06,208829.0,117795.0,-4.4,CoStar/Real Capital Analytics,2025-Q4,https://www.rcanalytics.com
46210,Indianapolis,39.7777,-86.026,133328.08,193248.0,140596.0,-4.17,CoStar/Real Capital Analytics,2025-Q4,https://www.rcanalytics.com
46211,Indianapolis,39.7722,-86.1321,151457.14,162375.0,144420.0,-3.8,CoStar/Real Capital Analytics,2025-Q4,https://www.rcanalytics.com
46212,Indianapolis,39.7517,-86.2824,156400.48,208702.0,158494.0,-4.69,CoStar/Real Capital Analytics,2025-Q4,https://www.rcanalytics.com
46213,Indianapolis,39.6656,-86.1348,164689.84,218921.0,118311.0,-3.87,CoStar/Real Capital Analytics,2025-Q4,https://www.rcanalytics.com
46214,Indianapolis,39.7742,-86.0613,163379.62,211444.0,161642.0,-4.76,CoStar/Real Capital Analytics,2025-Q4,https://www.rcanalytics.com
46215,Indianapolis,39.8959,-86.0608,170713.72,223114.0,116942.0,-3.85,CoStar/Real Capital Analytics,2025-Q4,https://www.rcanalytics.com
46216,Indianapolis,39.8445,-86.27,138151.36,204728.0,145258.0,-4.67,CoStar/Real Capital Analytics,2025-Q4,https://www.rcanalytics.com
46217,Indianapolis,39.7732,-86.0725,146492.92,160719.0,142074.0,-4.58,CoStar/Real Capital Analytics,2025-Q4,https://www.rcanalytics.com
46218,Indianapolis,39.7687,-85.9884,129141.64,176216.0,142773.0,-4.39,CoStar/Real Capital Analytics,2025-Q4,https://www.rcanalytics.com
46219,Indianapolis,39.6651,-86.1852,143835.94,168647.0,147524.0,-5.16,CoStar/Real Capital Analytics,2025-Q4,https://www.rcanalytics.com
46220,Indianapolis,39.7833,-86.0479,120267.64,184249.0,132925.0,-3.8,CoStar/Real Capital Analytics,2025-Q4,https://www.rcanalytics.com
46221,Indianapolis,39.773,-85.9968,139169.26,169599.0,115668.0,-4.37,CoStar/Real Capital Analytics,2025-Q4,https://www.rcanalytics.com
46222,Indianapolis,39.6397,-86.2797,143543.62,177238.0,130758.0,-4.65,CoStar/Real Capital Analytics,2025-Q4,https://www.rcanalytics.com
46223,Indianapolis,39.8894,-86.2675,131433.22,188407.0,142843.0,-4.79,CoStar/Real Capital Analytics,2025-Q4,https://www.rcanalytics.com
46224,Indianapolis,39.7344,-86.0993,169361.74,198477.0,130931.0,-4.01,CoStar/Real Capital Analytics,2025-Q4,https://www.rcanalytics.com
46225,Indianapolis,39.8196,-86.19,123107.32,197371.0,125005.0,-4.55,CoStar/Real Capital Analytics,2025-Q4,https://www.rcanalytics.com
46226,Indianapolis,39.7708,-86.2166,151008.22,225538.0,158186.0,-3.72,CoStar/Real Capital Analytics,2025-Q4,https://www.rcanalytics.com
46227,Indianapolis,39.8156,-86.3179,165337.12,182664.0,138722.0,-5.14,CoStar/Real Capital Analytics,2025-Q4,https://www.rcanalytics.com
46228,Indianapolis,39.6766,-86.1958,158540.68,229590.0,132241.0,-4.84,CoStar/Real Capital Analytics,2025-Q4,https://www.rcanalytics.com
46229,Indianapolis,39.8318,-86.2823,120763.54,191966.0,160180.0,-5.26,CoStar/Real Capital Analytics,2025-Q4,https://www.rcanalytics.com
46230,Indianapolis,39.9109,-86.2648,128170.72,193495.0,123939.0,-4.47,CoStar/Real Capital Analytics,2025-Q4,https://www.rcanalytics.com
98101,Seattle,47.4979,-122.3808,363556.64,578377.0,390826.0,-4.24,CoStar/Real Capital Analytics,2025-Q4,https://www.rcanalytics.com
98102,Seattle,47.5801,-122.2696,375170.96,484633.0,296657.0,-4.33,CoStar/Real Capital Analytics,2025-Q4,https://www.rcanalytics.com
98103,Seattle,47.6485,-122.1809,376538.96,444114.0,319231.0,-4.44,CoStar/Real Capital Analytics,2025-Q4,https://www.rcanalytics.com
98104,Seattle,47.7062,-122.5068,369370.64,586226.0,340648.0,-4.83,CoStar/Real Capital Analytics,2025-Q4,https://www.rcanalytics.com
98105,Seattle,47.4843,-122.1605,372202.4,428343.0,378324.0,-3.79,CoStar/Real Capital Analytics,2025-Q4,https://www.rcanalytics.com
98106,Seattle,47.7263,-122.1912,324322.4,540203.0,423693.0,-4.88,CoStar/Real Capital Analytics,2025-Q4,https://www.rcanalytics.com
98107,Seattle,47.659,-122.3495,320067.92,467015.0,331408.0,-4.1,CoStar/Real Capital Analytics,2025-Q4,https://www.rcanalytics.com
98108,Seattle,47.6168,-122.4704,322366.16,591304.0,422445.0,-3.97,CoStar/Real Capital Analytics,2025-Q4,https://www.rcanalytics.com
98109,Seattle,47.7366,-122.4055,347564.72,427770.0,299256.0,-3.77,CoStar/Real Capital Analytics,2025-Q4,https://www.rcanalytics.com
98110,Seattle,47.6062,-122.2585,443023.76,441769.0,347497.0,-4.39,CoStar/Real Capital Analytics,2025-Q4,https://www.rcanalytics.com
98111,Seattle,47.4864,-122.2214,420109.76,537673.0,353306.0,-4.07,CoStar/Real Capital Analytics,2025-Q4,https://www.rcanalytics.com
98112,Seattle,47.5813,-122.3599,421081.04,476766.0,388253.0,-4.23,CoStar/Real Capital Analytics,2025-Q4,https://www.rcanalytics.com
98113,Seattle,47.7045,-122.3161,434624.24,522770.0,399416.0,-5.1,CoStar/Real Capital Analytics,2025-Q4,https://www.rcanalytics.com
98114,Seattle,47.7105,-122.4683,326743.76,573390.0,311056.0,-3.75,CoStar/Real Capital Analytics,2025-Q4,https://www.rcanalytics.com
98115,Seattle,47.4769,-122.3493,426566.72,467347.0,422757.0,-5.18,CoStar/Real Capital Analytics,2025-Q4,https://www.rcanalytics.com
98116,Seattle,47.6752,-122.3707,370957.52,502972.0,356308.0,-4.24,CoStar/Real Capital Analytics,2025-Q4,https://www.rcanalytics.com
98117,Seattle,47.5965,-122.2721,420246.56,580704.0,300452.0,-4.68,CoStar/Real Capital Analytics,2025-Q4,https://www.rcanalytics.com
98118,Seattle,47.5301,-122.153,442900.64,443468.0,363222.0,-4.8,CoStar/Real Capital Analytics,2025-Q4,https://www.rcanalytics.com
98119,Seattle,47.6787,-122.5039,349302.08,515493.0,351123.0,-5.04,CoStar/Real Capital Analytics,2025-Q4,https://www.rcanalytics.com
98120,Seattle,47.503,-122.4108,381272.24,534054.0,350707.0,-3.7,CoStar/Real Capital Analytics,2025-Q4,https://www.rcanalytics.com
98121,Seattle,47.6754,-122.3445,314636.96,483507.0,337373.0,-4.4,CoStar/Real Capital Analytics,2025-Q4,https://www.rcanalytics.com
98122,Seattle,47.5799,-122.1603,313323.68,512852.0,356841.0,-4.7,CoStar/Real Capital Analytics,2025-Q4,https://www.rcanalytics.com
98123,Seattle,47.4899,-122.3389,410862.08,568127.0,363989.0,-4.26,CoStar/Real Capital Analytics,2025-Q4,https://www.rcanalytics.com
98124,Seattle,47.5505,-122.3795,363173.6,600224.0,397558.0,-5.15,CoStar/Real Capital Analytics,2025-Q4,https://www.rcanalytics.com
98125,Seattle,47.6061,-122.2312,444514.88,530378.0,397506.0,-4.5,CoStar/Real Capital Analytics,2025-Q4,https://www.rcanalytics.com
98126,Seattle,47.6999,-122.3046,434090.72,436155.0,376322.0,-5.3,CoStar/Real Capital Analytics,2025-Q4,https://www.rcanalytics.com
98127,Seattle,47.457,-122.3199,402640.4,464115.0,417169.0,-3.84,CoStar/Real Capital Analytics,2025-Q4,https://www.rcanalytics.com
98128,Seattle,47.4624,-122.4788,400684.16,564304.0,301569.0,-4.59,CoStar/Real Capital Analytics,2025-Q4,https://www.rcanalytics.com
98129,Seattle,47.5938,-122.4359,390041.12,468529.0,330810.0,-4.51,CoStar/Real Capital Analytics,2025-Q4,https://www.rcanalytics.com
98130,Seattle,47.6215,-122.4707,318180.08,520461.0,362521.0,-4.5,CoStar/Real Capital Analytics,2025-Q4,https://www.rcanalytics.com
98131,Seattle,47.4666,-122.3512,367086.08,451077.0,328562.0,-5.06,CoStar/Real Capital Analytics,2025-Q4,https://www.rcanalytics.com
98132,Seattle,47.6181,-122.245,392667.68,429580.0,394426.0,-4.62,CoStar/Real Capital Analytics,2025-Q4,https://www.rcanalytics.com
98133,Seattle,47.4939,-122.4709,366484.16,493886.0,321544.0,-4.83,CoStar/Real Capital Analytics,2025-Q4,https://www.rcanalytics.com
98134,Seattle,47.5725,-122.3074,350204.96,458630.0,393724.0,-5.27,CoStar/Real Capital Analytics,2025-Q4,https://www.rcanalytics.com
98135,Seattle,47.7065,-122.4742,403324.4,588109.0,340154.0,-3.98,CoStar/Real Capital Analytics,2025-Q4,https://www.rcanalytics.com
98136,Seattle,47.6082,-122.3517,375102.56,531542.0,296228.0,-4.61,CoStar/Real Capital Analytics,2025-Q4,https://www.rcanalytics.com
98137,Seattle,47.6423,-122.509,412175.36,585930.0,386004.0,-4.17,CoStar/Real Capital Analytics,2025-Q4,https://www.rcanalytics.com
98138,Seattle,47.5649,-122.5058,437141.36,595995.0,302232.0,-5.13,CoStar/Real Capital Analytics,2025-Q4,https://www.rcanalytics.com
98139,Seattle,47.6434,-122.3681,366785.12,539317.0,318659.0,-5.11,CoStar/Real Capital Analytics,2025-Q4,https://www.rcanalytics.com
98140,Seattle,47.6197,-122.3275,433023.68,440661.0,388837.0,-3.79,CoStar/Real Capital Analytics,2025-Q4,https://www.rcanalytics.com
80201,Denver,39.6256,-104.8904,289350.24,361009.0,312311.0,-4.27,CoStar/Real Capital Analytics,2025-Q4,https://www.rcanalytics.com
80202,Denver,39.7955,-105.1676,280383.0,398116.0,268840.0,-4.92,CoStar/Real Capital Analytics,2025-Q4,https://www.rcanalytics.com
80203,Denver,39.6205,-104.9694,248022.96,336535.0,296170.0,-4.05,CoStar/Real Capital Analytics,2025-Q4,https://www.rcanalytics.com
80204,Denver,39.6214,-104.8226,322449.0,415555.0,270233.0,-4.91,CoStar/Real Capital Analytics,2025-Q4,https://www.rcanalytics.com
80205,Denver,39.8852,-104.971,244934.7,409377.0,238790.0,-4.38,CoStar/Real Capital Analytics,2025-Q4,https://www.rcanalytics.com
80206,Denver,39.5892,-104.8225,286795.5,410250.0,244774.0,-4.51,CoStar/Real Capital Analytics,2025-Q4,https://www.rcanalytics.com
80207,Denver,39.7636,-105.0675,334658.4,371495.0,317623.0,-4.65,CoStar/Real Capital Analytics,2025-Q4,https://www.rcanalytics.com
80208,Denver,39.7129,-105.1077,240399.78,367035.0,230612.0,-4.54,CoStar/Real Capital Analytics,2025-Q4,https://www.rcanalytics.com
80209,Denver,39.7826,-105.024,234849.12,338654.0,257592.0,-4.77,CoStar/Real Capital Analytics,2025-Q4,https://www.rcanalytics.com
80210,Denver,39.7974,-104.8199,296429.64,362949.0,288694.0,-4.28,CoStar/Real Capital Analytics,2025-Q4,https://www.rcanalytics.com
80211,Denver,39.8421,-105.1424,274586.1,411427.0,261549.0,-4.19,CoStar/Real Capital Analytics,2025-Q4,https://www.rcanalytics.com
80212,Denver,39.7524,-105.0872,280321.44,403463.0,276199.0,-4.35,CoStar/Real Capital Analytics,2025-Q4,https://www.rcanalytics.com
80213,Denver,39.7777,-104.9079,298717.62,349305.0,270204.0,-4.74,CoStar/Real Capital Analytics,2025-Q4,https://www.rcanalytics.com
80214,Denver,39.6262,-105.0972,331128.96,316963.0,287242.0,-4.81,CoStar/Real Capital Analytics,2025-Q4,https://www.rcanalytics.com
80215,Denver,39.6144,-104.9171,255625.62,382451.0,270419.0,-5.28,CoStar/Real Capital Analytics,2025-Q4,https://www.rcanalytics.com
80216,Denver,39.8482,-105.1308,306607.56,388684.0,258927.0,-3.97,CoStar/Real Capital Analytics,2025-Q4,https://www.rcanalytics.com
80217,Denver,39.6421,-104.9933,328050.96,353170.0,301648.0,-5.08,CoStar/Real Capital Analytics,2025-Q4,https://www.rcanalytics.com
80218,Denver,39.87,-105.1205,284507.52,350316.0,224949.0,-4.13,CoStar/Real Capital Analytics,2025-Q4,https://www.rcanalytics.com
80219,Denver,39.7441,-104.9701,313153.44,449074.0,251675.0,-4.47,CoStar/Real Capital Analytics,2025-Q4,https://www.rcanalytics.com
80220,Denver,39.8626,-105.0258,285625.86,337726.0,265828.0,-5.09,CoStar/Real Capital Analytics,2025-Q4,https://www.rcanalytics.com
80221,Denver,39.6695,-104.8716,335202.18,345967.0,246178.0,-4.33,CoStar/Real Capital Analytics,2025-Q4,https://www.rcanalytics.com
80222,Denver,39.751,-105.0555,322182.24,324401.0,315693.0,-5.29,CoStar/Real Capital Analytics,2025-Q4,https://www.rcanalytics.com
80223,Denver,39.7075,-104.9194,268409.58,331327.0,305449.0,-3.9,CoStar/Real Capital Analytics,2025-Q4,https://www.rcanalytics.com
80224,Denver,39.6004,-104.9767,241097.46,399017.0,237961.0,-4.96,CoStar/Real Capital Analytics,2025-Q4,https://www.rcanalytics.com
80225,Denver,39.7674,-105.0961,240676.8,327725.0,228136.0,-5.19,CoStar/Real Capital Analytics,2025-Q4,https://www.rcanalytics.com
80226,Denver,39.8197,-104.8277,280300.92,425389.0,261081.0,-4.04,CoStar/Real Capital Analytics,2025-Q4,https://www.rcanalytics.com
80227,Denver,39.7255,-105.1182,332975.76,348945.0,289445.0,-4.13,CoStar/Real Capital Analytics,2025-Q4,https://www.rcanalytics.com
80228,Denver,39.7241,-104.8297,276863.82,424932.0,237318.0,-5.31,CoStar/Real Capital Analytics,2025-Q4,https://www.rcanalytics.com
80229,Denver,39.8002,-104.858,294572.58,332144.0,310654.0,-4.53,CoStar/Real Capital Analytics,2025-Q4,https://www.rcanalytics.com
80230,Denver,39.8066,-105.1441,243980.52,441775.0,281608.0,-4.74,CoStar/Real Capital Analytics,2025-Q4,https://www.rcanalytics.com
80231,Denver,39.7183,-105.0303,234613.14,404612.0,307360.0,-3.9,CoStar/Real Capital Analytics,2025-Q4,https://www.rcanalytics.com
80232,Denver,39.6139,-104.8504,305879.1,375719.0,295088.0,-4.25,CoStar/Real Capital Analytics,2025-Q4,https://www.rcanalytics.com
80233,Denver,39.8433,-104.9956,313728.0,430029.0,257864.0,-5.08,CoStar/Real Capital Analytics,2025-Q4,https://www.rcanalytics.com
80234,Denver,39.711,-104.9693,300810.66,329886.0,238400.0,-5.03,CoStar/Real Capital Analytics,2025-Q4,https://www.rcanalytics.com
80235,Denver,39.6442,-105.056,330102.96,393255.0,312877.0,-4.0,CoStar/Real Capital Analytics,2025-Q4,https://www.rcanalytics.com
80236,Denver,39.7299,-105.025,245334.84,319913.0,276238.0,-5.12,CoStar/Real Capital Analytics,2025-Q4,https://www.rcanalytics.com
80237,Denver,39.747,-105.0579,315913.38,429724.0,292301.0,-3.81,CoStar/Real Capital Analytics,2025-Q4,https://www.rcanalytics.com
80238,Denver,39.6272,-104.8347,259042.2,354984.0,265604.0,-3.82,CoStar/Real Capital Analytics,2025-Q4,https://www.rcanalytics.com
80239,Denver,39.7318,-104.8504,238450.38,391329.0,262952.0,-3.82,CoStar/Real Capital Analytics,2025-Q4,https://www.rcanalytics.com
80240,Denver,39.8095,-105.1393,244585.86,404460.0,295926.0,-4.7,CoStar/Real Capital Analytics,2025-Q4,https://www.rcanalytics.com
37201,Nashville,36.0208,-86.6646,191263.5,283433.0,251563.0,-3.81,CoStar/Real Capital Analytics,2025-Q4,https://www.rcanalytics.com
37202,Nashville,36.0437,-86.8936,213198.3,334762.0,244907.0,-5.01,CoStar/Real Capital Analytics,2025-Q4,https://www.rcanalytics.com
37203,Nashville,36.2552,-86.9376,250944.3,250190.0,194066.0,-4.76,CoStar/Real Capital Analytics,2025-Q4,https://www.rcanalytics.com
37204,Nashville,36.061,-86.7206,263483.1,286287.0,231525.0,-5.18,CoStar/Real Capital Analytics,2025-Q4,https://www.rcanalytics.com
37205,Nashville,36.273,-86.7606,224983.8,314816.0,236058.0,-4.06,CoStar/Real Capital Analytics,2025-Q4,https://www.rcanalytics.com
37206,Nashville,36.0539,-86.9444,197071.2,328157.0,208440.0,-5.04,CoStar/Real Capital Analytics,2025-Q4,https://www.rcanalytics.com
37207,Nashville,36.1991,-86.8882,225170.1,257298.0,220368.0,-5.22,CoStar/Real Capital Analytics,2025-Q4,https://www.rcanalytics.com
37208,Nashville,36.1133,-86.8843,246716.1,311361.0,244191.0,-4.1,CoStar/Real Capital Analytics,2025-Q4,https://www.rcanalytics.com
37209,Nashville,36.0776,-86.7782,191312.1,307195.0,242722.0,-4.0,CoStar/Real Capital Analytics,2025-Q4,https://www.rcanalytics.com
37210,Nashville,36.0648,-86.7019,256071.6,318950.0,202615.0,-4.13,CoStar/Real Capital Analytics,2025-Q4,https://www.rcanalytics.com
37211,Nashville,36.1831,-86.7614,204806.7,282427.0,235250.0,-3.97,CoStar/Real Capital Analytics,2025-Q4,https://www.rcanalytics.com
37212,Nashville,36.2249,-86.8918,215012.7,335483.0,191365.0,-5.14,CoStar/Real Capital Analytics,2025-Q4,https://www.rcanalytics.com
37213,Nashville,36.1193,-86.6146,184597.2,300885.0,203708.0,-4.46,CoStar/Real Capital Analytics,2025-Q4,https://www.rcanalytics.com
37214,Nashville,36.2372,-86.9343,185569.2,264636.0,210187.0,-3.92,CoStar/Real Capital Analytics,2025-Q4,https://www.rcanalytics.com
37215,Nashville,36.1308,-86.804,244261.8,262558.0,223176.0,-4.88,CoStar/Real Capital Analytics,2025-Q4,https://www.rcanalytics.com
37216,Nashville,36.1976,-86.8175,232824.6,295264.0,211403.0,-3.94,CoStar/Real Capital Analytics,2025-Q4,https://www.rcanalytics.com
37217,Nashville,36.047,-86.7987,257934.6,282700.0,190188.0,-4.21,CoStar/Real Capital Analytics,2025-Q4,https://www.rcanalytics.com
37218,Nashville,36.0669,-86.7894,233715.6,351470.0,177437.0,-4.23,CoStar/Real Capital Analytics,2025-Q4,https://www.rcanalytics.com
37219,Nashville,36.2677,-86.8998,224821.8,315778.0,241691.0,-4.59,CoStar/Real Capital Analytics,2025-Q4,https://www.rcanalytics.com
37220,Nashville,36.0888,-86.7075,245387.7,311951.0,244869.0,-3.79,CoStar/Real Capital Analytics,2025-Q4,https://www.rcanalytics.com
37221,Nashville,36.0932,-86.8885,193434.3,281650.0,193781.0,-4.12,CoStar/Real Capital Analytics,2025-Q4,https://www.rcanalytics.com
37222,Nashville,36.0957,-86.7309,232273.8,334674.0,241352.0,-4.97,CoStar/Real Capital Analytics,2025-Q4,https://www.rcanalytics.com
37223,Nashville,36.1804,-86.9233,199898.1,265073.0,244999.0,-4.8,CoStar/Real Capital Analytics,2025-Q4,https://www.rcanalytics.com
37224,Nashville,36.1991,-86.8106,236647.8,273635.0,181469.0,-3.9,CoStar/Real Capital Analytics,2025-Q4,https://www.rcanalytics.com
37225,Nashville,36.0932,-86.9133,250839.0,332771.0,179269.0,-5.22,CoStar/Real Capital Analytics,2025-Q4,https://www.rcanalytics.com
37226,Nashville,36.0599,-86.712,231593.4,264187.0,194982.0,-4.09,CoStar/Real Capital Analytics,2025-Q4,https://www.rcanalytics.com
37227,Nashville,36.2288,-86.9448,235295.1,277342.0,203323.0,-4.56,CoStar/Real Capital Analytics,2025-Q4,https://www.rcanalytics.com
37228,Nashville,36.032,-86.7091,211643.1,262449.0,190526.0,-5.15,CoStar/Real Capital Analytics,2025-Q4,https://www.rcanalytics.com
37229,Nashville,36.0883,-86.6111,218179.8,258249.0,187764.0,-4.39,CoStar/Real Capital Analytics,2025-Q4,https://www.rcanalytics.com
37230,Nashville,36.1872,-86.8513,194333.4,325937.0,245300.0,-4.64,CoStar/Real Capital Analytics,2025-Q4,https://www.rcanalytics.com
37231,Nashville,36.2605,-86.9274,244180.8,335319.0,231495.0,-4.71,CoStar/Real Capital Analytics,2025-Q4,https://www.rcanalytics.com
37232,Nashville,36.2478,-86.6341,210687.3,285926.0,221699.0,-3.83,CoStar/Real Capital Analytics,2025-Q4,https://www.rcanalytics.com
37233,Nashville,36.3052,-86.6856,223347.6,264657.0,177176.0,-4.44,CoStar/Real Capital Analytics,2025-Q4,https://www.rcanalytics.com
37234,Nashville,36.0397,-86.6274,264900.6,270387.0,204370.0,-4.07,CoStar/Real Capital Analytics,2025-Q4,https://www.rcanalytics.com
37235,Nashville,36.1547,-86.957,216357.3,250453.0,245046.0,-4.48,CoStar/Real Capital Analytics,2025-Q4,https://www.rcanalytics.com
73101,Oklahoma City,35.6037,-97.591,145261.57,198032.0,107684.0,-3.7,CoStar/Real Capital Analytics,2025-Q4,https://www.rcanalytics.com
73102,Oklahoma City,35.4681,-97.3571,128161.28,145099.0,129983.0,-4.21,CoStar/Real Capital Analytics,2025-Q4,https://www.rcanalytics.com
73103,Oklahoma City,35.4548,-97.6706,135041.02,150013.0,123942.0,-4.43,CoStar/Real Capital Analytics,2025-Q4,https://www.rcanalytics.com
73104,Oklahoma City,35.4168,-97.4255,109521.92,169932.0,112827.0,-5.08,CoStar/Real Capital Analytics,2025-Q4,https://www.rcanalytics.com
73105,Oklahoma City,35.4295,-97.4105,125829.63,161764.0,126796.0,-4.69,CoStar/Real Capital Analytics,2025-Q4,https://www.rcanalytics.com
73106,Oklahoma City,35.5475,-97.6195,114802.69,201353.0,109461.0,-4.33,CoStar/Real Capital Analytics,2025-Q4,https://www.rcanalytics.com
73107,Oklahoma City,35.5533,-97.6583,122369.02,157491.0,103516.0,-5.18,CoStar/Real Capital Analytics,2025-Q4,https://www.rcanalytics.com
73108,Oklahoma City,35.3279,-97.5559,130718.72,191873.0,132019.0,-3.81,CoStar/Real Capital Analytics,2025-Q4,https://www.rcanalytics.com
73109,Oklahoma City,35.4958,-97.3883,136220.67,151624.0,134615.0,-4.24,CoStar/Real Capital Analytics,2025-Q4,https://www.rcanalytics.com
73110,Oklahoma City,35.4209,-97.4156,125857.28,200937.0,143282.0,-4.23,CoStar/Real Capital Analytics,2025-Q4,https://www.rcanalytics.com
73111,Oklahoma City,35.5567,-97.6376,114627.58,169260.0,110783.0,-4.15,CoStar/Real Capital Analytics,2025-Q4,https://www.rcanalytics.com
73112,Oklahoma City,35.3984,-97.5047,117221.89,150909.0,105814.0,-4.21,CoStar/Real Capital Analytics,2025-Q4,https://www.rcanalytics.com
73113,Oklahoma City,35.5518,-97.4942,111438.85,158100.0,110779.0,-4.88,CoStar/Real Capital Analytics,2025-Q4,https://www.rcanalytics.com
73114,Oklahoma City,35.3548,-97.4308,124253.7,159637.0,120821.0,-3.82,CoStar/Real Capital Analytics,2025-Q4,https://www.rcanalytics.com
73115,Oklahoma City,35.5467,-97.4573,145948.16,174343.0,104155.0,-4.95,CoStar/Real Capital Analytics,2025-Q4,https://www.rcanalytics.com
73116,Oklahoma City,35.4305,-97.5983,135736.83,143096.0,115712.0,-4.03,CoStar/Real Capital Analytics,2025-Q4,https://www.rcanalytics.com
73117,Oklahoma City,35.5923,-97.652,140340.22,173074.0,106686.0,-3.73,CoStar/Real Capital Analytics,2025-Q4,https://www.rcanalytics.com
73118,Oklahoma City,35.3641,-97.637,146459.65,168881.0,141426.0,-4.42,CoStar/Real Capital Analytics,2025-Q4,https://www.rcanalytics.com
73119,Oklahoma City,35.5716,-97.4115,114194.43,161416.0,117362.0,-4.04,CoStar/Real Capital Analytics,2025-Q4,https://www.rcanalytics.com
73120,Oklahoma City,35.4239,-97.5125,106817.02,197640.0,123167.0,-4.91,CoStar/Real Capital Analytics,2025-Q4,https://www.rcanalytics.com
73121,Oklahoma City,35.3321,-97.6073,121981.95,154187.0,118838.0,-3.7,CoStar/Real Capital Analytics,2025-Q4,https://www.rcanalytics.com
73122,Oklahoma City,35.3422,-97.6863,127622.14,187537.0,120488.0,-4.68,CoStar/Real Capital Analytics,2025-Q4,https://www.rcanalytics.com
73123,Oklahoma City,35.4703,-97.5255,136699.9,157117.0,111737.0,-4.73,CoStar/Real Capital Analytics,2025-Q4,https://www.rcanalytics.com
73124,Oklahoma City,35.4068,-97.4963,138450.94,199182.0,118549.0,-4.06,CoStar/Real Capital Analytics,2025-Q4,https://www.rcanalytics.com
73125,Oklahoma City,35.336,-97.5992,149602.3,196172.0,118461.0,-3.87,CoStar/Real Capital Analytics,2025-Q4,https://www.rcanalytics.com
20001,DC Metro,38.8522,-76.9887,320929.76,594444.0,405355.0,-4.34,CoStar/Real Capital Analytics,2025-Q4,https://www.rcanalytics.com
20002,DC Metro,39.0445,-77.0157,396799.04,491319.0,410437.0,-4.9,CoStar/Real Capital Analytics,2025-Q4,https://www.rcanalytics.com
20003,DC Metro,38.9831,-77.2136,332297.84,509510.0,366471.0,-5.05,CoStar/Real Capital Analytics,2025-Q4,https://www.rcanalytics.com
20004,DC Metro,38.9602,-77.0049,330752.0,549493.0,409995.0,-3.89,CoStar/Real Capital Analytics,2025-Q4,https://www.rcanalytics.com
20005,DC Metro,38.9425,-77.149,415609.04,519261.0,408682.0,-4.69,CoStar/Real Capital Analytics,2025-Q4,https://www.rcanalytics.com
20006,DC Metro,39.0088,-77.1003,362161.28,556437.0,316372.0,-3.81,CoStar/Real Capital Analytics,2025-Q4,https://www.rcanalytics.com
20007,DC Metro,38.872,-76.8676,425472.32,480570.0,314721.0,-3.95,CoStar/Real Capital Analytics,2025-Q4,https://www.rcanalytics.com
20008,DC Metro,38.9171,-76.9756,375102.56,484929.0,382859.0,-5.01,CoStar/Real Capital Analytics,2025-Q4,https://www.rcanalytics.com
20009,DC Metro,38.7857,-77.0455,411122.0,458963.0,412126.0,-3.76,CoStar/Real Capital Analytics,2025-Q4,https://www.rcanalytics.com
20010,DC Metro,38.7584,-76.9012,338399.12,594407.0,303168.0,-4.89,CoStar/Real Capital Analytics,2025-Q4,https://www.rcanalytics.com
20011,DC Metro,38.794,-77.2078,364924.64,502547.0,338751.0,-5.13,CoStar/Real Capital Analytics,2025-Q4,https://www.rcanalytics.com
20012,DC Metro,38.7665,-76.9568,343488.08,576179.0,328640.0,-5.21,CoStar/Real Capital Analytics,2025-Q4,https://www.rcanalytics.com
20013,DC Metro,38.9812,-76.995,385184.72,458852.0,334670.0,-4.11,CoStar/Real Capital Analytics,2025-Q4,https://www.rcanalytics.com
20014,DC Metro,39.0348,-77.0962,415568.0,471207.0,385368.0,-4.82,CoStar/Real Capital Analytics,2025-Q4,https://www.rcanalytics.com
20015,DC Metro,38.9911,-77.1869,330081.68,436986.0,302518.0,-4.16,CoStar/Real Capital Analytics,2025-Q4,https://www.rcanalytics.com
20016,DC Metro,38.8253,-76.9366,321682.16,458095.0,340882.0,-4.91,CoStar/Real Capital Analytics,2025-Q4,https://www.rcanalytics.com
20017,DC Metro,38.9662,-76.977,353939.6,457171.0,395725.0,-5.19,CoStar/Real Capital Analytics,2025-Q4,https://www.rcanalytics.com
20018,DC Metro,38.8646,-77.21,386032.88,438943.0,356737.0,-4.32,CoStar/Real Capital Analytics,2025-Q4,https://www.rcanalytics.com
20019,DC Metro,38.9553,-76.8956,405171.2,588608.0,410632.0,-4.38,CoStar/Real Capital Analytics,2025-Q4,https://www.rcanalytics.com
20020,DC Metro,38.7979,-77.1619,311832.56,476341.0,298879.0,-5.26,CoStar/Real Capital Analytics,2025-Q4,https://www.rcanalytics.com
20021,DC Metro,39.0079,-77.1623,318809.36,476821.0,340245.0,-4.25,CoStar/Real Capital Analytics,2025-Q4,https://www.rcanalytics.com
20022,DC Metro,38.9866,-77.0719,316401.68,567961.0,421821.0,-3.95,CoStar/Real Capital Analytics,2025-Q4,https://www.rcanalytics.com
20023,DC Metro,38.9536,-77.156,380889.2,427235.0,394803.0,-4.51,CoStar/Real Capital Analytics,2025-Q4,https://www.rcanalytics.com
20024,DC Metro,38.8401,-77.1032,368905.52,559225.0,362858.0,-4.97,CoStar/Real Capital Analytics,2025-Q4,https://www.rcanalytics.com
20025,DC Metro,38.7892,-77.0699,338070.8,468215.0,368837.0,-4.54,CoStar/Real Capital Analytics,2025-Q4,https://www.rcanalytics.com
20026,DC Metro,38.9616,-77.1038,380041.04,559964.0,346860.0,-4.83,CoStar/Real Capital Analytics,2025-Q4,https://www.rcanalytics.com
20027,DC Metro,38.8274,-77.1586,426689.84,602256.0,318945.0,-4.2,CoStar/Real Capital Analytics,2025-Q4,https://www.rcanalytics.com
20028,DC Metro,39.0115,-77.1344,384377.6,583326.0,361663.0,-4.75,CoStar/Real Capital Analytics,2025-Q4,https://www.rcanalytics.com
20029,DC Metro,38.8472,-76.9973,431108.48,585561.0,316073.0,-4.97,CoStar/Real Capital Analytics,2025-Q4,https://www.rcanalytics.com
20030,DC Metro,38.9185,-77.1125,404213.6,575717.0,384068.0,-5.19,CoStar/Real Capital Analytics,2025-Q4,https://www.rcanalytics.com
20031,DC Metro,38.7612,-77.1986,399931.76,577065.0,403185.0,-4.65,CoStar/Real Capital Analytics,2025-Q4,https://www.rcanalytics.com
20032,DC Metro,38.7593,-77.1012,386498.0,580094.0,333838.0,-5.06,CoStar/Real Capital Analytics,2025-Q4,https://www.rcanalytics.com
20033,DC Metro,38.7699,-77.1005,412558.4,427290.0,364392.0,-4.89,CoStar/Real Capital Analytics,2025-Q4,https://www.rcanalytics.com
20034,DC Metro,38.9067,-76.9561,342448.4,581830.0,376192.0,-4.43,CoStar/Real Capital Analytics,2025-Q4,https://www.rcanalytics.com
20035,DC Metro,38.7968,-76.9933,371915.12,542937.0,302960.0,-4.97,CoStar/Real Capital Analytics,2025-Q4,https://www.rcanalytics.com
20036,DC Metro,38.7817,-76.9203,443187.92,529381.0,328835.0,-5.3,CoStar/Real Capital Analytics,2025-Q4,https://www.rcanalytics.com
20037,DC Metro,38.8108,-76.8749,347701.52,551229.0,335437.0,-4.59,CoStar/Real Capital Analytics,2025-Q4,https://www.rcanalytics.com
20038,DC Metro,38.9192,-77.2011,344541.44,429340.0,361364.0,-4.52,CoStar/Real Capital Analytics,2025-Q4,https://www.rcanalytics.com
20039,DC Metro,38.8452,-77.1042,443105.84,475325.0,403653.0,-4.4,CoStar/Real Capital Analytics,2025-Q4,https://www.rcanalytics.com
20040,DC Metro,38.8013,-77.0232,354883.52,473146.0,343105.0,-3.8,CoStar/Real Capital Analytics,2025-Q4,https://www.rcanalytics.com
20041,DC Metro,38.7759,-77.015,417018.08,448344.0,360337.0,-5.18,CoStar/Real Capital Analytics,2025-Q4,https://www.rcanalytics.com
20042,DC Metro,38.8429,-77.0214,422257.52,438833.0,307755.0,-5.29,CoStar/Real Capital Analytics,2025-Q4,https://www.rcanalytics.com
20043,DC Metro,38.9096,-76.9566,400136.96,504061.0,411100.0,-4.24,CoStar/Real Capital Analytics,2025-Q4,https://www.rcanalytics.com
20044,DC Metro,38.9256,-77.0429,326388.08,491633.0,311602.0,-4.88,CoStar/Real Capital Analytics,2025-Q4,https://www.rcanalytics.com
20045,DC Metro,38.9869,-77.1316,351887.6,502067.0,387083.0,-4.0,CoStar/Real Capital Analytics,2025-Q4,https://www.rcanalytics.com
02101,Boston,42.2888,-71.2358,487227.6,613514.0,377406.0,-4.12,CoStar/Real Capital Analytics,2025-Q4,https://www.rcanalytics.com
02102,Boston,42.3949,-71.127,509648.4,632541.0,436318.0,-3.95,CoStar/Real Capital Analytics,2025-Q4,https://www.rcanalytics.com
02103,Boston,42.4624,-71.2124,472566.6,521617.0,401599.0,-3.85,CoStar/Real Capital Analytics,2025-Q4,https://www.rcanalytics.com
02104,Boston,42.3011,-70.971,518266.8,606713.0,452170.0,-3.88,CoStar/Real Capital Analytics,2025-Q4,https://www.rcanalytics.com
02105,Boston,42.3122,-70.9078,521053.2,651284.0,378945.0,-4.44,CoStar/Real Capital Analytics,2025-Q4,https://www.rcanalytics.com
02106,Boston,42.4218,-71.1243,385086.6,532989.0,430793.0,-5.18,CoStar/Real Capital Analytics,2025-Q4,https://www.rcanalytics.com
02107,Boston,42.2993,-71.057,487843.2,551272.0,485428.0,-4.44,CoStar/Real Capital Analytics,2025-Q4,https://www.rcanalytics.com
02108,Boston,42.4827,-70.9577,378136.8,504449.0,487583.0,-4.58,CoStar/Real Capital Analytics,2025-Q4,https://www.rcanalytics.com
02109,Boston,42.3871,-71.0184,469456.2,598490.0,428439.0,-5.31,CoStar/Real Capital Analytics,2025-Q4,https://www.rcanalytics.com
02110,Boston,42.2128,-71.1224,519773.4,682164.0,414680.0,-4.99,CoStar/Real Capital Analytics,2025-Q4,https://www.rcanalytics.com
02111,Boston,42.2683,-71.1002,427255.2,706396.0,407924.0,-3.74,CoStar/Real Capital Analytics,2025-Q4,https://www.rcanalytics.com
02112,Boston,42.229,-71.074,377213.4,652312.0,377498.0,-3.94,CoStar/Real Capital Analytics,2025-Q4,https://www.rcanalytics.com
02113,Boston,42.4654,-70.9379,397431.0,554596.0,369957.0,-5.01,CoStar/Real Capital Analytics,2025-Q4,https://www.rcanalytics.com
02114,Boston,42.2752,-71.0315,489949.2,512540.0,459357.0,-4.57,CoStar/Real Capital Analytics,2025-Q4,https://www.rcanalytics.com
02115,Boston,42.4287,-71.09,394158.6,548867.0,492877.0,-3.89,CoStar/Real Capital Analytics,2025-Q4,https://www.rcanalytics.com
02116,Boston,42.4749,-70.9787,481541.4,628605.0,484828.0,-4.73,CoStar/Real Capital Analytics,2025-Q4,https://www.rcanalytics.com
02117,Boston,42.4059,-71.1689,522576.0,714379.0,470515.0,-5.03,CoStar/Real Capital Analytics,2025-Q4,https://www.rcanalytics.com
02118,Boston,42.2179,-71.1725,414408.6,591185.0,455310.0,-5.16,CoStar/Real Capital Analytics,2025-Q4,https://www.rcanalytics.com
02119,Boston,42.2587,-70.8882,516987.0,683936.0,494847.0,-3.93,CoStar/Real Capital Analytics,2025-Q4,https://www.rcanalytics.com
02120,Boston,42.3015,-70.9349,461323.8,507335.0,392226.0,-4.06,CoStar/Real Capital Analytics,2025-Q4,https://www.rcanalytics.com
02121,Boston,42.4944,-71.2319,377634.6,507051.0,466037.0,-5.2,CoStar/Real Capital Analytics,2025-Q4,https://www.rcanalytics.com
02122,Boston,42.5039,-70.929,387921.6,693668.0,433533.0,-3.99,CoStar/Real Capital Analytics,2025-Q4,https://www.rcanalytics.com
02123,Boston,42.4874,-70.887,421358.4,715188.0,477610.0,-3.97,CoStar/Real Capital Analytics,2025-Q4,https://www.rcanalytics.com
02124,Boston,42.3576,-71.1333,507801.6,539287.0,357953.0,-4.76,CoStar/Real Capital Analytics,2025-Q4,https://www.rcanalytics.com
02125,Boston,42.2331,-71.1867,528894.0,527237.0,364878.0,-4.86,CoStar/Real Capital Analytics,2025-Q4,https://www.rcanalytics.com
02126,Boston,42.4779,-70.9171,422314.2,521288.0,374666.0,-4.09,CoStar/Real Capital Analytics,2025-Q4,https://www.rcanalytics.com
02127,Boston,42.4419,-71.1238,429085.8,581890.0,436934.0,-5.15,CoStar/Real Capital Analytics,2025-Q4,https://www.rcanalytics.com
02128,Boston,42.3162,-70.9911,456334.2,580075.0,485043.0,-4.23,CoStar/Real Capital Analytics,2025-Q4,https://www.rcanalytics.com
02129,Boston,42.3318,-71.0208,399439.8,508516.0,367325.0,-3.74,CoStar/Real Capital Analytics,2025-Q4,https://www.rcanalytics.com
02130,Boston,42.2201,-71.1511,485737.2,607675.0,502896.0,-3.99,CoStar/Real Capital Analytics,2025-Q4,https://www.rcanalytics.com
02131,Boston,42.2459,-71.0242,477135.0,536597.0,408970.0,-3.86,CoStar/Real Capital Analytics,2025-Q4,https://www.rcanalytics.com
02132,Boston,42.4292,-71.0688,417114.0,534301.0,480688.0,-4.53,CoStar/Real Capital Analytics,2025-Q4,https://www.rcanalytics.com
02133,Boston,42.3126,-70.8861,405433.8,535045.0,434826.0,-4.84,CoStar/Real Capital Analytics,2025-Q4,https://www.rcanalytics.com
02134,Boston,42.4447,-70.9739,401416.2,529074.0,364524.0,-3.93,CoStar/Real Capital Analytics,2025-Q4,https://www.rcanalytics.com
02135,Boston,42.2554,-71.0226,519579.0,573317.0,424068.0,-4.73,CoStar/Real Capital Analytics,2025-Q4,https://www.rcanalytics.com
02136,Boston,42.3511,-70.9958,476908.2,599605.0,478933.0,-3.71,CoStar/Real Capital Analytics,2025-Q4,https://www.rcanalytics.com
02137,Boston,42.4714,-71.1196,389331.0,552628.0,481057.0,-3.93,CoStar/Real Capital Analytics,2025-Q4,https://www.rcanalytics.com
02138,Boston,42.3347,-71.1223,505549.8,509479.0,492784.0,-4.21,CoStar/Real Capital Analytics,2025-Q4,https://www.rcanalytics.com
02139,Boston,42.4636,-70.9143,409386.6,694061.0,439396.0,-3.75,CoStar/Real Capital Analytics,2025-Q4,https://www.rcanalytics.com
02140,Boston,42.3181,-71.1547,394887.6,661410.0,404646.0,-4.27,CoStar/Real Capital Analytics,2025-Q4,https://www.rcanalytics.com
89101,Las Vegas,36.0881,-115.066,215133.36,276034.0,156273.0,-3.74,CoStar/Real Capital Analytics,2025-Q4,https://www.rcanalytics.com
89102,Las Vegas,36.1985,-115.2699,213209.88,294543.0,159588.0,-4.5,CoStar/Real Capital Analytics,2025-Q4,https://www.rcanalytics.com
89103,Las Vegas,36.1595,-115.116,179541.96,277882.0,199575.0,-3.75,CoStar/Real Capital Analytics,2025-Q4,https://www.rcanalytics.com
89104,Las Vegas,36.0799,-115.1755,221275.86,269382.0,187011.0,-4.97,CoStar/Real Capital Analytics,2025-Q4,https://www.rcanalytics.com
89105,Las Vegas,36.0909,-115.203,222483.3,290932.0,207411.0,-5.17,CoStar/Real Capital Analytics,2025-Q4,https://www.rcanalytics.com
89106,Las Vegas,36.2842,-115.2977,171651.48,263165.0,216574.0,-3.84,CoStar/Real Capital Analytics,2025-Q4,https://www.rcanalytics.com
89107,Las Vegas,36.0821,-114.966,161774.34,287814.0,204897.0,-4.2,CoStar/Real Capital Analytics,2025-Q4,https://www.rcanalytics.com
89108,Las Vegas,36.0827,-115.2645,184336.62,260066.0,176140.0,-5.16,CoStar/Real Capital Analytics,2025-Q4,https://www.rcanalytics.com
89109,Las Vegas,36.2104,-115.2103,194438.4,302532.0,156840.0,-4.17,CoStar/Real Capital Analytics,2025-Q4,https://www.rcanalytics.com
89110,Las Vegas,36.2844,-115.1276,204392.76,236260.0,186917.0,-4.1,CoStar/Real Capital Analytics,2025-Q4,https://www.rcanalytics.com
89111,Las Vegas,36.3006,-115.2032,160152.72,226650.0,162555.0,-3.88,CoStar/Real Capital Analytics,2025-Q4,https://www.rcanalytics.com
89112,Las Vegas,36.1278,-115.1449,190289.58,230185.0,181375.0,-4.48,CoStar/Real Capital Analytics,2025-Q4,https://www.rcanalytics.com
89113,Las Vegas,36.0502,-115.2217,194712.18,295434.0,210992.0,-5.07,CoStar/Real Capital Analytics,2025-Q4,https://www.rcanalytics.com
89114,Las Vegas,36.2666,-115.2042,211117.92,276717.0,200289.0,-4.51,CoStar/Real Capital Analytics,2025-Q4,https://www.rcanalytics.com
89115,Las Vegas,36.1032,-114.983,166407.54,222679.0,166137.0,-5.09,CoStar/Real Capital Analytics,2025-Q4,https://www.rcanalytics.com
89116,Las Vegas,36.1385,-114.975,170984.58,298561.0,198308.0,-4.65,CoStar/Real Capital Analytics,2025-Q4,https://www.rcanalytics.com
89117,Las Vegas,36.301,-115.2698,215505.42,269183.0,202749.0,-3.99,CoStar/Real Capital Analytics,2025-Q4,https://www.rcanalytics.com
89118,Las Vegas,36.2468,-115.2981,184898.22,295472.0,175587.0,-4.86,CoStar/Real Capital Analytics,2025-Q4,https://www.rcanalytics.com
89119,Las Vegas,36.1507,-115.0383,189313.8,310502.0,188851.0,-4.29,CoStar/Real Capital Analytics,2025-Q4,https://www.rcanalytics.com
89120,Las Vegas,36.1585,-115.102,180819.6,265686.0,176500.0,-5.07,CoStar/Real Capital Analytics,2025-Q4,https://www.rcanalytics.com
89121,Las Vegas,36.3044,-115.2709,210352.74,243396.0,158761.0,-4.78,CoStar/Real Capital Analytics,2025-Q4,https://www.rcanalytics.com
89122,Las Vegas,36.0702,-115.2357,178615.32,227588.0,198895.0,-4.43,CoStar/Real Capital Analytics,2025-Q4,https://www.rcanalytics.com
89123,Las Vegas,36.222,-115.2371,174333.12,248589.0,199542.0,-3.91,CoStar/Real Capital Analytics,2025-Q4,https://www.rcanalytics.com
89124,Las Vegas,36.0827,-115.0777,221619.84,246220.0,199555.0,-4.82,CoStar/Real Capital Analytics,2025-Q4,https://www.rcanalytics.com
89125,Las Vegas,36.103,-114.9972,172023.54,255403.0,162702.0,-4.5,CoStar/Real Capital Analytics,2025-Q4,https://www.rcanalytics.com
89126,Las Vegas,36.1679,-115.2606,175631.82,305394.0,170331.0,-4.72,CoStar/Real Capital Analytics,2025-Q4,https://www.rcanalytics.com
89127,Las Vegas,36.1609,-115.3072,228457.32,285237.0,204690.0,-4.41,CoStar/Real Capital Analytics,2025-Q4,https://www.rcanalytics.com
89128,Las Vegas,36.2017,-115.1096,210071.94,230877.0,163676.0,-3.8,CoStar/Real Capital Analytics,2025-Q4,https://www.rcanalytics.com
89129,Las Vegas,36.2464,-115.2331,217976.46,286374.0,208365.0,-3.72,CoStar/Real Capital Analytics,2025-Q4,https://www.rcanalytics.com
89130,Las Vegas,36.1026,-115.2511,197878.2,288620.0,185550.0,-4.25,CoStar/Real Capital Analytics,2025-Q4,https://www.rcanalytics.com
89131,Las Vegas,36.2754,-115.027,195800.28,227427.0,168598.0,-3.96,CoStar/Real Capital Analytics,2025-Q4,https://www.rcanalytics.com
89132,Las Vegas,36.1857,-115.0072,194782.38,237435.0,172979.0,-3.69,CoStar/Real Capital Analytics,2025-Q4,https://www.rcanalytics.com
89133,Las Vegas,36.13,-115.0453,177709.74,226877.0,214013.0,-4.64,CoStar/Real Capital Analytics,2025-Q4,https://www.rcanalytics.com
89134,Las Vegas,36.0332,-115.2496,221339.04,239491.0,190865.0,-4.31,CoStar/Real Capital Analytics,2025-Q4,https://www.rcanalytics.com
89135,Las Vegas,36.0297,-115.299,211279.38,229332.0,169044.0,-4.64,CoStar/Real Capital Analytics,2025-Q4,https://www.rcanalytics.com
38101,Memphis,35.0347,-90.0124,125480.73,133488.0,104162.0,-3.8,CoStar/Real Capital Analytics,2025-Q4,https://www.rcanalytics.com
38102,Memphis,35.294,-90.0607,117273.59,144751.0,92895.0,-4.52,CoStar/Real Capital Analytics,2025-Q4,https://www.rcanalytics.com
38103,Memphis,35.2591,-90.1138,100629.93,144246.0,122399.0,-4.59,CoStar/Real Capital Analytics,2025-Q4,https://www.rcanalytics.com
38104,Memphis,35.1223,-90.0692,126020.22,158962.0,127371.0,-4.41,CoStar/Real Capital Analytics,2025-Q4,https://www.rcanalytics.com
38105,Memphis,35.2454,-90.124,106683.33,167306.0,130434.0,-4.55,CoStar/Real Capital Analytics,2025-Q4,https://www.rcanalytics.com
38106,Memphis,35.0063,-89.9722,136805.9,151030.0,105542.0,-3.83,CoStar/Real Capital Analytics,2025-Q4,https://www.rcanalytics.com
38107,Memphis,35.1312,-90.0383,99996.98,133270.0,121834.0,-4.47,CoStar/Real Capital Analytics,2025-Q4,https://www.rcanalytics.com
38108,Memphis,35.299,-90.2098,108871.05,142107.0,129570.0,-4.65,CoStar/Real Capital Analytics,2025-Q4,https://www.rcanalytics.com
38109,Memphis,35.2124,-90.1748,132201.06,149109.0,94351.0,-4.33,CoStar/Real Capital Analytics,2025-Q4,https://www.rcanalytics.com
38110,Memphis,35.1476,-89.9807,103165.98,163876.0,92398.0,-4.09,CoStar/Real Capital Analytics,2025-Q4,https://www.rcanalytics.com
38111,Memphis,35.2569,-89.9095,138636.78,162408.0,127605.0,-3.85,CoStar/Real Capital Analytics,2025-Q4,https://www.rcanalytics.com
38112,Memphis,35.2609,-90.1995,128165.46,149516.0,111095.0,-3.86,CoStar/Real Capital Analytics,2025-Q4,https://www.rcanalytics.com
38113,Memphis,35.138,-90.0297,103429.36,138540.0,108504.0,-4.23,CoStar/Real Capital Analytics,2025-Q4,https://www.rcanalytics.com
38114,Memphis,35.0541,-90.0841,104261.97,159948.0,105094.0,-4.58,CoStar/Real Capital Analytics,2025-Q4,https://www.rcanalytics.com
38115,Memphis,35.2038,-90.1041,131534.13,148415.0,120389.0,-4.44,CoStar/Real Capital Analytics,2025-Q4,https://www.rcanalytics.com
38116,Memphis,35.0455,-89.971,97078.6,138546.0,92947.0,-4.21,CoStar/Real Capital Analytics,2025-Q4,https://www.rcanalytics.com
38117,Memphis,35.232,-90.0571,104669.78,166033.0,128372.0,-5.18,CoStar/Real Capital Analytics,2025-Q4,https://www.rcanalytics.com
38118,Memphis,35.2229,-90.0467,107885.51,158509.0,121015.0,-4.58,CoStar/Real Capital Analytics,2025-Q4,https://www.rcanalytics.com
38119,Memphis,35.0606,-90.0138,98709.83,181562.0,129316.0,-3.69,CoStar/Real Capital Analytics,2025-Q4,https://www.rcanalytics.com
38120,Memphis,35.0379,-90.2229,113331.45,142812.0,104214.0,-4.04,CoStar/Real Capital Analytics,2025-Q4,https://www.rcanalytics.com
38121,Memphis,35.2494,-90.1093,110434.31,162276.0,129461.0,-4.02,CoStar/Real Capital Analytics,2025-Q4,https://www.rcanalytics.com
38122,Memphis,35.2792,-89.8938,105468.4,179119.0,96184.0,-3.8,CoStar/Real Capital Analytics,2025-Q4,https://www.rcanalytics.com
38123,Memphis,35.1025,-90.0006,128263.17,143111.0,129574.0,-4.38,CoStar/Real Capital Analytics,2025-Q4,https://www.rcanalytics.com
38124,Memphis,35.1225,-89.9388,123208.05,131492.0,100687.0,-4.39,CoStar/Real Capital Analytics,2025-Q4,https://www.rcanalytics.com
38125,Memphis,35.0114,-90.0239,132995.44,180668.0,99598.0,-4.35,CoStar/Real Capital Analytics,2025-Q4,https://www.rcanalytics.com
40201,Louisville,38.2239,-85.7344,113731.32,180284.0,130468.0,-3.69,CoStar/Real Capital Analytics,2025-Q4,https://www.rcanalytics.com
40202,Louisville,38.1542,-85.7337,127080.34,204442.0,126215.0,-4.37,CoStar/Real Capital Analytics,2025-Q4,https://www.rcanalytics.com
40203,Louisville,38.3797,-85.6344,120299.02,219036.0,114954.0,-4.83,CoStar/Real Capital Analytics,2025-Q4,https://www.rcanalytics.com
40204,Louisville,38.1507,-85.5987,135575.62,154503.0,133672.0,-4.63,CoStar/Real Capital Analytics,2025-Q4,https://www.rcanalytics.com
40205,Louisville,38.3187,-85.8167,116448.82,216038.0,112703.0,-5.16,CoStar/Real Capital Analytics,2025-Q4,https://www.rcanalytics.com
40206,Louisville,38.1181,-85.7972,159849.26,210699.0,127725.0,-4.27,CoStar/Real Capital Analytics,2025-Q4,https://www.rcanalytics.com
40207,Louisville,38.3589,-85.6096,122683.66,164691.0,153207.0,-4.91,CoStar/Real Capital Analytics,2025-Q4,https://www.rcanalytics.com
40208,Louisville,38.238,-85.8908,143469.77,213764.0,120269.0,-4.53,CoStar/Real Capital Analytics,2025-Q4,https://www.rcanalytics.com
40209,Louisville,38.3919,-85.6878,144055.99,193590.0,124247.0,-5.15,CoStar/Real Capital Analytics,2025-Q4,https://www.rcanalytics.com
40210,Louisville,38.1672,-85.8342,124134.31,163430.0,146793.0,-4.8,CoStar/Real Capital Analytics,2025-Q4,https://www.rcanalytics.com
40211,Louisville,38.2952,-85.6491,131367.72,205113.0,129382.0,-4.93,CoStar/Real Capital Analytics,2025-Q4,https://www.rcanalytics.com
40212,Louisville,38.3548,-85.8855,140503.87,166944.0,130350.0,-4.36,CoStar/Real Capital Analytics,2025-Q4,https://www.rcanalytics.com
40213,Louisville,38.376,-85.6054,114769.63,215890.0,123997.0,-4.82,CoStar/Real Capital Analytics,2025-Q4,https://www.rcanalytics.com
40214,Louisville,38.2477,-85.7564,129082.44,172464.0,135447.0,-4.05,CoStar/Real Capital Analytics,2025-Q4,https://www.rcanalytics.com
40215,Louisville,38.1695,-85.6305,130100.88,159862.0,125111.0,-4.03,CoStar/Real Capital Analytics,2025-Q4,https://www.rcanalytics.com
40216,Louisville,38.1775,-85.8448,120825.62,219405.0,150167.0,-4.39,CoStar/Real Capital Analytics,2025-Q4,https://www.rcanalytics.com
40217,Louisville,38.1058,-85.6206,125520.38,164858.0,130973.0,-3.92,CoStar/Real Capital Analytics,2025-Q4,https://www.rcanalytics.com
40218,Louisville,38.2934,-85.7714,137796.31,164033.0,109900.0,-5.03,CoStar/Real Capital Analytics,2025-Q4,https://www.rcanalytics.com
40219,Louisville,38.1829,-85.781,125734.01,217406.0,136211.0,-4.75,CoStar/Real Capital Analytics,2025-Q4,https://www.rcanalytics.com
40220,Louisville,38.2687,-85.6054,160673.95,152947.0,121873.0,-4.22,CoStar/Real Capital Analytics,2025-Q4,https://www.rcanalytics.com
40221,Louisville,38.3321,-85.7819,159372.34,174858.0,131657.0,-3.97,CoStar/Real Capital Analytics,2025-Q4,https://www.rcanalytics.com
40222,Louisville,38.3324,-85.7193,137170.34,204750.0,122482.0,-4.21,CoStar/Real Capital Analytics,2025-Q4,https://www.rcanalytics.com
40223,Louisville,38.3881,-85.8208,148492.42,191310.0,149370.0,-3.91,CoStar/Real Capital Analytics,2025-Q4,https://www.rcanalytics.com
40224,Louisville,38.1365,-85.901,141775.68,202738.0,131124.0,-3.84,CoStar/Real Capital Analytics,2025-Q4,https://www.rcanalytics.com
40225,Louisville,38.2037,-85.937,121049.18,204885.0,146099.0,-4.77,CoStar/Real Capital Analytics,2025-Q4,https://www.rcanalytics.com
97201,Portland,45.5758,-122.7217,238501.68,315495.0,253488.0,-5.19,CoStar/Real Capital Analytics,2025-Q4,https://www.rcanalytics.com
97202,Portland,45.3654,-122.7149,315595.32,331507.0,254463.0,-4.21,CoStar/Real Capital Analytics,2025-Q4,https://www.rcanalytics.com
97203,Portland,45.4034,-122.6156,272195.52,421926.0,285799.0,-3.9,CoStar/Real Capital Analytics,2025-Q4,https://www.rcanalytics.com
97204,Portland,45.473,-122.5729,257646.84,430998.0,316083.0,-5.02,CoStar/Real Capital Analytics,2025-Q4,https://www.rcanalytics.com
97205,Portland,45.5416,-122.7433,322746.54,392977.0,284035.0,-4.14,CoStar/Real Capital Analytics,2025-Q4,https://www.rcanalytics.com
97206,Portland,45.6335,-122.5799,242687.76,398795.0,256256.0,-4.75,CoStar/Real Capital Analytics,2025-Q4,https://www.rcanalytics.com
97207,Portland,45.528,-122.6786,332657.7,347615.0,257670.0,-5.29,CoStar/Real Capital Analytics,2025-Q4,https://www.rcanalytics.com
97208,Portland,45.5849,-122.4972,271210.56,453229.0,290566.0,-4.97,CoStar/Real Capital Analytics,2025-Q4,https://www.rcanalytics.com
97209,Portland,45.5541,-122.8055,309593.22,338972.0,259229.0,-3.78,CoStar/Real Capital Analytics,2025-Q4,https://www.rcanalytics.com
97210,Portland,45.4677,-122.6188,280311.18,364181.0,238946.0,-4.38,CoStar/Real Capital Analytics,2025-Q4,https://www.rcanalytics.com
97211,Portland,45.5918,-122.6433,332503.8,333543.0,314699.0,-4.58,CoStar/Real Capital Analytics,2025-Q4,https://www.rcanalytics.com
97212,Portland,45.616,-122.6937,263720.76,408975.0,230573.0,-4.02,CoStar/Real Capital Analytics,2025-Q4,https://www.rcanalytics.com
97213,Portland,45.4458,-122.6381,299148.54,346771.0,278255.0,-4.22,CoStar/Real Capital Analytics,2025-Q4,https://www.rcanalytics.com
97214,Portland,45.6394,-122.8185,234161.7,408975.0,240866.0,-4.92,CoStar/Real Capital Analytics,2025-Q4,https://www.rcanalytics.com
97215,Portland,45.4166,-122.6499,283204.5,321991.0,316678.0,-3.79,CoStar/Real Capital Analytics,2025-Q4,https://www.rcanalytics.com
97216,Portland,45.3858,-122.7448,284507.52,328169.0,312604.0,-4.06,CoStar/Real Capital Analytics,2025-Q4,https://www.rcanalytics.com
97217,Portland,45.3892,-122.822,264849.36,350413.0,260438.0,-4.84,CoStar/Real Capital Analytics,2025-Q4,https://www.rcanalytics.com
97218,Portland,45.3887,-122.7348,299969.34,388753.0,287271.0,-3.78,CoStar/Real Capital Analytics,2025-Q4,https://www.rcanalytics.com
97219,Portland,45.5247,-122.5518,268891.8,349873.0,319007.0,-5.06,CoStar/Real Capital Analytics,2025-Q4,https://www.rcanalytics.com
97220,Portland,45.4349,-122.6732,301651.98,347048.0,242299.0,-3.77,CoStar/Real Capital Analytics,2025-Q4,https://www.rcanalytics.com
97221,Portland,45.6099,-122.6183,332257.56,433339.0,241587.0,-4.78,CoStar/Real Capital Analytics,2025-Q4,https://www.rcanalytics.com
97222,Portland,45.5721,-122.6025,246586.56,360760.0,263664.0,-3.8,CoStar/Real Capital Analytics,2025-Q4,https://www.rcanalytics.com
97223,Portland,45.6546,-122.8095,240399.78,389736.0,296531.0,-4.39,CoStar/Real Capital Analytics,2025-Q4,https://www.rcanalytics.com
97224,Portland,45.4131,-122.658,279859.74,348613.0,268742.0,-4.86,CoStar/Real Capital Analytics,2025-Q4,https://www.rcanalytics.com
97225,Portland,45.4825,-122.5811,239650.8,340247.0,240544.0,-5.06,CoStar/Real Capital Analytics,2025-Q4,https://www.rcanalytics.com
97226,Portland,45.3769,-122.6534,280290.66,421732.0,309719.0,-4.63,CoStar/Real Capital Analytics,2025-Q4,https://www.rcanalytics.com
97227,Portland,45.3755,-122.6924,301056.9,339471.0,228974.0,-4.53,CoStar/Real Capital Analytics,2025-Q4,https://www.rcanalytics.com
97228,Portland,45.5661,-122.7239,254702.22,383434.0,270779.0,-4.42,CoStar/Real Capital Analytics,2025-Q4,https://www.rcanalytics.com
97229,Portland,45.6222,-122.5005,307920.84,417549.0,311892.0,-4.64,CoStar/Real Capital Analytics,2025-Q4,https://www.rcanalytics.com
97230,Portland,45.5447,-122.8046,303652.68,345773.0,244560.0,-4.38,CoStar/Real Capital Analytics,2025-Q4,https://www.rcanalytics.com
21201,Baltimore,39.3796,-76.6571,225803.76,303774.0,166990.0,-3.91,CoStar/Real Capital Analytics,2025-Q4,https://www.rcanalytics.com
21202,Baltimore,39.1582,-76.5462,216439.08,283531.0,161688.0,-4.29,CoStar/Real Capital Analytics,2025-Q4,https://www.rcanalytics.com
21203,Baltimore,39.2915,-76.7551,193006.32,247253.0,190292.0,-4.89,CoStar/Real Capital Analytics,2025-Q4,https://www.rcanalytics.com
21204,Baltimore,39.3704,-76.4717,197955.42,290724.0,195187.0,-4.87,CoStar/Real Capital Analytics,2025-Q4,https://www.rcanalytics.com
21205,Baltimore,39.154,-76.5859,193483.68,308986.0,164623.0,-5.06,CoStar/Real Capital Analytics,2025-Q4,https://www.rcanalytics.com
21206,Baltimore,39.2262,-76.7575,174789.42,259649.0,172959.0,-4.07,CoStar/Real Capital Analytics,2025-Q4,https://www.rcanalytics.com
21207,Baltimore,39.3048,-76.7334,173532.84,268387.0,168624.0,-5.04,CoStar/Real Capital Analytics,2025-Q4,https://www.rcanalytics.com
21208,Baltimore,39.2216,-76.4502,168752.22,296761.0,171358.0,-3.97,CoStar/Real Capital Analytics,2025-Q4,https://www.rcanalytics.com
21209,Baltimore,39.3417,-76.6553,170935.44,264473.0,191392.0,-4.58,CoStar/Real Capital Analytics,2025-Q4,https://www.rcanalytics.com
21210,Baltimore,39.1741,-76.523,207151.62,252986.0,181542.0,-4.31,CoStar/Real Capital Analytics,2025-Q4,https://www.rcanalytics.com
21211,Baltimore,39.369,-76.6612,228415.2,310436.0,155079.0,-4.61,CoStar/Real Capital Analytics,2025-Q4,https://www.rcanalytics.com
21212,Baltimore,39.2257,-76.5263,207446.46,293150.0,203676.0,-4.03,CoStar/Real Capital Analytics,2025-Q4,https://www.rcanalytics.com
21213,Baltimore,39.2809,-76.5413,206295.18,265439.0,215807.0,-4.91,CoStar/Real Capital Analytics,2025-Q4,https://www.rcanalytics.com
21214,Baltimore,39.253,-76.5165,177049.86,231815.0,202283.0,-3.78,CoStar/Real Capital Analytics,2025-Q4,https://www.rcanalytics.com
21215,Baltimore,39.2202,-76.554,184322.58,261355.0,175960.0,-5.28,CoStar/Real Capital Analytics,2025-Q4,https://www.rcanalytics.com
21216,Baltimore,39.3427,-76.7269,216909.42,241860.0,214514.0,-4.01,CoStar/Real Capital Analytics,2025-Q4,https://www.rcanalytics.com
21217,Baltimore,39.2473,-76.623,160229.94,252143.0,190385.0,-4.14,CoStar/Real Capital Analytics,2025-Q4,https://www.rcanalytics.com
21218,Baltimore,39.1862,-76.5519,195161.46,263506.0,163189.0,-5.11,CoStar/Real Capital Analytics,2025-Q4,https://www.rcanalytics.com
21219,Baltimore,39.2884,-76.4817,173469.66,288563.0,191439.0,-4.07,CoStar/Real Capital Analytics,2025-Q4,https://www.rcanalytics.com
21220,Baltimore,39.3772,-76.6115,203732.88,307820.0,208471.0,-4.14,CoStar/Real Capital Analytics,2025-Q4,https://www.rcanalytics.com
21221,Baltimore,39.4223,-76.572,170682.72,256133.0,186130.0,-4.51,CoStar/Real Capital Analytics,2025-Q4,https://www.rcanalytics.com
21222,Baltimore,39.4079,-76.7707,172697.46,288279.0,202103.0,-4.83,CoStar/Real Capital Analytics,2025-Q4,https://www.rcanalytics.com
21223,Baltimore,39.3875,-76.5626,194038.26,268292.0,213046.0,-3.96,CoStar/Real Capital Analytics,2025-Q4,https://www.rcanalytics.com
21224,Baltimore,39.2042,-76.5738,229938.54,278442.0,210726.0,-3.77,CoStar/Real Capital Analytics,2025-Q4,https://www.rcanalytics.com
21225,Baltimore,39.2698,-76.4831,211054.74,294723.0,194407.0,-4.4,CoStar/Real Capital Analytics,2025-Q4,https://www.rcanalytics.com
21226,Baltimore,39.1759,-76.5722,185038.62,307669.0,159368.0,-4.94,CoStar/Real Capital Analytics,2025-Q4,https://www.rcanalytics.com
21227,Baltimore,39.2285,-76.645,194957.88,248400.0,160168.0,-4.51,CoStar/Real Capital Analytics,2025-Q4,https://www.rcanalytics.com
21228,Baltimore,39.2639,-76.7443,175224.66,256578.0,189765.0,-4.25,CoStar/Real Capital Analytics,2025-Q4,https://www.rcanalytics.com
21229,Baltimore,39.2434,-76.5752,228527.52,267600.0,205464.0,-5.05,CoStar/Real Capital Analytics,2025-Q4,https://www.rcanalytics.com
21230,Baltimore,39.3834,-76.7883,214269.9,287568.0,211719.0,-3.79,CoStar/Real Capital Analytics,2025-Q4,https://www.rcanalytics.com
53201,Milwaukee,43.1134,-87.9816,116118.9,166103.0,147078.0,-3.97,CoStar/Real Capital Analytics,2025-Q4,https://www.rcanalytics.com
53202,Milwaukee,43.1113,-87.8676,114607.44,209741.0,145587.0,-3.9,CoStar/Real Capital Analytics,2025-Q4,https://www.rcanalytics.com
53203,Milwaukee,42.9786,-87.964,141060.42,183352.0,134201.0,-4.38,CoStar/Real Capital Analytics,2025-Q4,https://www.rcanalytics.com
53204,Milwaukee,43.1,-88.0117,122820.84,187840.0,120226.0,-4.93,CoStar/Real Capital Analytics,2025-Q4,https://www.rcanalytics.com
53205,Milwaukee,42.9748,-88.0353,155562.66,202215.0,114865.0,-4.42,CoStar/Real Capital Analytics,2025-Q4,https://www.rcanalytics.com
53206,Milwaukee,43.0959,-88.0676,152452.26,212831.0,125549.0,-3.9,CoStar/Real Capital Analytics,2025-Q4,https://www.rcanalytics.com
53207,Milwaukee,43.0927,-87.9479,147801.24,180059.0,147143.0,-4.31,CoStar/Real Capital Analytics,2025-Q4,https://www.rcanalytics.com
53208,Milwaukee,43.0382,-87.7345,132283.26,203337.0,133777.0,-4.36,CoStar/Real Capital Analytics,2025-Q4,https://www.rcanalytics.com
53209,Milwaukee,43.0882,-87.8522,128040.48,212247.0,137696.0,-4.42,CoStar/Real Capital Analytics,2025-Q4,https://www.rcanalytics.com
53210,Milwaukee,43.0598,-87.9298,122509.8,162862.0,151104.0,-4.68,CoStar/Real Capital Analytics,2025-Q4,https://www.rcanalytics.com
53211,Milwaukee,43.0803,-87.7934,145186.56,201487.0,115996.0,-4.35,CoStar/Real Capital Analytics,2025-Q4,https://www.rcanalytics.com
53212,Milwaukee,42.901,-88.0004,130441.32,158598.0,114958.0,-4.75,CoStar/Real Capital Analytics,2025-Q4,https://www.rcanalytics.com
53213,Milwaukee,42.9736,-87.8744,122072.4,158388.0,146413.0,-3.69,CoStar/Real Capital Analytics,2025-Q4,https://www.rcanalytics.com
53214,Milwaukee,42.9068,-87.7769,134305.02,202838.0,141173.0,-5.03,CoStar/Real Capital Analytics,2025-Q4,https://www.rcanalytics.com
53215,Milwaukee,43.109,-87.8633,147028.5,150370.0,134404.0,-4.01,CoStar/Real Capital Analytics,2025-Q4,https://www.rcanalytics.com
53216,Milwaukee,42.9586,-87.7873,111365.82,149452.0,115752.0,-4.73,CoStar/Real Capital Analytics,2025-Q4,https://www.rcanalytics.com
53217,Milwaukee,43.0688,-87.8276,121591.26,200595.0,108992.0,-4.08,CoStar/Real Capital Analytics,2025-Q4,https://www.rcanalytics.com
53218,Milwaukee,43.1754,-87.8512,116162.64,208186.0,133283.0,-3.75,CoStar/Real Capital Analytics,2025-Q4,https://www.rcanalytics.com
53219,Milwaukee,43.0593,-87.9237,123617.88,157981.0,105354.0,-4.0,CoStar/Real Capital Analytics,2025-Q4,https://www.rcanalytics.com
53220,Milwaukee,43.0174,-87.9144,148885.02,204846.0,132036.0,-3.88,CoStar/Real Capital Analytics,2025-Q4,https://www.rcanalytics.com
53221,Milwaukee,43.1138,-87.9222,129464.46,174987.0,107469.0,-4.71,CoStar/Real Capital Analytics,2025-Q4,https://www.rcanalytics.com
53222,Milwaukee,43.0871,-87.7596,132638.04,209905.0,145499.0,-4.75,CoStar/Real Capital Analytics,2025-Q4,https://www.rcanalytics.com
53223,Milwaukee,42.9971,-87.9375,127403.82,201133.0,128393.0,-4.75,CoStar/Real Capital Analytics,2025-Q4,https://www.rcanalytics.com
53224,Milwaukee,43.0084,-87.9231,127583.64,214064.0,129649.0,-4.17,CoStar/Real Capital Analytics,2025-Q4,https://www.rcanalytics.com
53225,Milwaukee,43.1033,-87.7329,135583.2,181666.0,105719.0,-4.31,CoStar/Real Capital Analytics,2025-Q4,https://www.rcanalytics.com
87101,Albuquerque,35.0513,-106.5882,134338.58,216474.0,139454.0,-3.96,CoStar/Real Capital Analytics,2025-Q4,https://www.rcanalytics.com
87102,Albuquerque,35.178,-106.6923,116702.18,215957.0,124625.0,-4.95,CoStar/Real Capital Analytics,2025-Q4,https://www.rcanalytics.com
87103,Albuquerque,35.0156,-106.5415,132445.78,192329.0,152650.0,-3.93,CoStar/Real Capital Analytics,2025-Q4,https://www.rcanalytics.com
87104,Albuquerque,35.0453,-106.5942,118709.26,198694.0,137004.0,-3.9,CoStar/Real Capital Analytics,2025-Q4,https://www.rcanalytics.com
87105,Albuquerque,35.2162,-106.5438,113646.86,190398.0,140770.0,-5.13,CoStar/Real Capital Analytics,2025-Q4,https://www.rcanalytics.com
87106,Albuquerque,35.074,-106.6172,113870.42,173242.0,150059.0,-5.18,CoStar/Real Capital Analytics,2025-Q4,https://www.rcanalytics.com
87107,Albuquerque,35.0949,-106.5486,151830.91,173148.0,117748.0,-4.91,CoStar/Real Capital Analytics,2025-Q4,https://www.rcanalytics.com
87108,Albuquerque,35.1928,-106.7783,136221.46,210176.0,116587.0,-4.59,CoStar/Real Capital Analytics,2025-Q4,https://www.rcanalytics.com
87109,Albuquerque,35.1016,-106.8155,149093.54,208560.0,129410.0,-4.86,CoStar/Real Capital Analytics,2025-Q4,https://www.rcanalytics.com
87110,Albuquerque,34.9659,-106.695,126911.42,205709.0,116380.0,-5.09,CoStar/Real Capital Analytics,2025-Q4,https://www.rcanalytics.com
87111,Albuquerque,35.1004,-106.5183,142510.94,215408.0,111665.0,-5.0,CoStar/Real Capital Analytics,2025-Q4,https://www.rcanalytics.com
87112,Albuquerque,35.0832,-106.8261,154150.97,159412.0,126456.0,-4.92,CoStar/Real Capital Analytics,2025-Q4,https://www.rcanalytics.com
87113,Albuquerque,35.1041,-106.6336,125500.51,215200.0,113935.0,-4.0,CoStar/Real Capital Analytics,2025-Q4,https://www.rcanalytics.com
87114,Albuquerque,35.2069,-106.6469,158656.94,201578.0,146948.0,-4.82,CoStar/Real Capital Analytics,2025-Q4,https://www.rcanalytics.com
87115,Albuquerque,35.1921,-106.8198,122827.73,182571.0,124261.0,-4.89,CoStar/Real Capital Analytics,2025-Q4,https://www.rcanalytics.com
87116,Albuquerque,34.9509,-106.5024,119692.92,207400.0,151380.0,-5.12,CoStar/Real Capital Analytics,2025-Q4,https://www.rcanalytics.com
87117,Albuquerque,35.1703,-106.6454,118758.94,204670.0,131983.0,-5.08,CoStar/Real Capital Analytics,2025-Q4,https://www.rcanalytics.com
87118,Albuquerque,35.1675,-106.6662,160122.5,216226.0,115195.0,-4.81,CoStar/Real Capital Analytics,2025-Q4,https://www.rcanalytics.com
87119,Albuquerque,34.9818,-106.4873,114873.96,194321.0,117824.0,-4.64,CoStar/Real Capital Analytics,2025-Q4,https://www.rcanalytics.com
87120,Albuquerque,34.9893,-106.7459,152561.21,168929.0,128084.0,-5.13,CoStar/Real Capital Analytics,2025-Q4,https://www.rcanalytics.com
85701,Tucson,32.1363,-111.1227,162043.3,183101.0,139386.0,-4.26,CoStar/Real Capital Analytics,2025-Q4,https://www.rcanalytics.com
85702,Tucson,32.1053,-110.8087,149275.18,201282.0,114061.0,-3.83,CoStar/Real Capital Analytics,2025-Q4,https://www.rcanalytics.com
85703,Tucson,32.0904,-110.9615,126197.56,173989.0,159173.0,-5.18,CoStar/Real Capital Analytics,2025-Q4,https://www.rcanalytics.com
85704,Tucson,32.211,-111.1082,165770.38,202487.0,141033.0,-4.91,CoStar/Real Capital Analytics,2025-Q4,https://www.rcanalytics.com
85705,Tucson,32.1088,-111.0119,151337.08,213184.0,129379.0,-5.01,CoStar/Real Capital Analytics,2025-Q4,https://www.rcanalytics.com
85706,Tucson,32.1215,-110.9034,165728.62,176596.0,116808.0,-3.89,CoStar/Real Capital Analytics,2025-Q4,https://www.rcanalytics.com
85707,Tucson,32.2916,-111.0123,142358.68,183566.0,162049.0,-4.3,CoStar/Real Capital Analytics,2025-Q4,https://www.rcanalytics.com
85708,Tucson,32.2497,-110.8065,134058.88,211472.0,113029.0,-4.51,CoStar/Real Capital Analytics,2025-Q4,https://www.rcanalytics.com
85709,Tucson,32.2826,-110.9478,158973.94,190641.0,143696.0,-4.74,CoStar/Real Capital Analytics,2025-Q4,https://www.rcanalytics.com
85710,Tucson,32.2231,-111.0911,159746.5,204185.0,141841.0,-4.41,CoStar/Real Capital Analytics,2025-Q4,https://www.rcanalytics.com
85711,Tucson,32.2585,-111.1532,168396.04,223304.0,122799.0,-4.7,CoStar/Real Capital Analytics,2025-Q4,https://www.rcanalytics.com
85712,Tucson,32.1616,-111.1077,131417.56,223734.0,144241.0,-3.87,CoStar/Real Capital Analytics,2025-Q4,https://www.rcanalytics.com
85713,Tucson,32.1849,-110.9392,131829.94,194136.0,132965.0,-4.1,CoStar/Real Capital Analytics,2025-Q4,https://www.rcanalytics.com
85714,Tucson,32.0923,-111.1434,141774.04,166308.0,155528.0,-3.97,CoStar/Real Capital Analytics,2025-Q4,https://www.rcanalytics.com
85715,Tucson,32.3179,-110.9779,127841.86,174045.0,145084.0,-4.28,CoStar/Real Capital Analytics,2025-Q4,https://www.rcanalytics.com
85716,Tucson,32.2808,-110.991,163499.68,206624.0,140944.0,-4.16,CoStar/Real Capital Analytics,2025-Q4,https://www.rcanalytics.com
85717,Tucson,32.2857,-110.9968,164397.52,199217.0,120899.0,-4.0,CoStar/Real Capital Analytics,2025-Q4,https://www.rcanalytics.com
85718,Tucson,32.3553,-110.8792,170849.44,191423.0,144306.0,-4.91,CoStar/Real Capital Analytics,2025-Q4,https://www.rcanalytics.com
85719,Tucson,32.2921,-111.0884,142932.88,171078.0,154660.0,-4.06,CoStar/Real Capital Analytics,2025-Q4,https://www.rcanalytics.com
85720,Tucson,32.1838,-110.8789,166689.1,202804.0,145223.0,-4.78,CoStar/Real Capital Analytics,2025-Q4,https://www.rcanalytics.com
95801,Sacramento,38.7251,-121.5944,198655.84,309564.0,252553.0,-4.81,CoStar/Real Capital Analytics,2025-Q4,https://www.rcanalytics.com
95802,Sacramento,38.4783,-121.6476,249838.84,298691.0,215197.0,-5.2,CoStar/Real Capital Analytics,2025-Q4,https://www.rcanalytics.com
95803,Sacramento,38.6889,-121.3186,205212.34,348258.0,187317.0,-4.22,CoStar/Real Capital Analytics,2025-Q4,https://www.rcanalytics.com
95804,Sacramento,38.5041,-121.489,221768.56,315183.0,188988.0,-4.75,CoStar/Real Capital Analytics,2025-Q4,https://www.rcanalytics.com
95805,Sacramento,38.7081,-121.4369,254652.58,279389.0,203310.0,-4.66,CoStar/Real Capital Analytics,2025-Q4,https://www.rcanalytics.com
95806,Sacramento,38.6904,-121.4421,255650.86,361472.0,250640.0,-4.2,CoStar/Real Capital Analytics,2025-Q4,https://www.rcanalytics.com
95807,Sacramento,38.447,-121.4647,230761.54,277551.0,249226.0,-3.83,CoStar/Real Capital Analytics,2025-Q4,https://www.rcanalytics.com
95808,Sacramento,38.6032,-121.6437,241717.24,270241.0,193778.0,-5.04,CoStar/Real Capital Analytics,2025-Q4,https://www.rcanalytics.com
95809,Sacramento,38.4769,-121.4569,223612.84,340914.0,261080.0,-5.05,CoStar/Real Capital Analytics,2025-Q4,https://www.rcanalytics.com
95810,Sacramento,38.6255,-121.4699,196134.76,334918.0,232685.0,-5.1,CoStar/Real Capital Analytics,2025-Q4,https://www.rcanalytics.com
95811,Sacramento,38.6928,-121.4255,220101.94,304093.0,226167.0,-3.72,CoStar/Real Capital Analytics,2025-Q4,https://www.rcanalytics.com
95812,Sacramento,38.4455,-121.4415,251209.36,330704.0,217174.0,-3.93,CoStar/Real Capital Analytics,2025-Q4,https://www.rcanalytics.com
95813,Sacramento,38.5012,-121.6023,270295.12,289714.0,249033.0,-4.66,CoStar/Real Capital Analytics,2025-Q4,https://www.rcanalytics.com
95814,Sacramento,38.576,-121.4759,244153.72,314520.0,187108.0,-3.9,CoStar/Real Capital Analytics,2025-Q4,https://www.rcanalytics.com
95815,Sacramento,38.7236,-121.6069,218232.28,283786.0,226200.0,-4.02,CoStar/Real Capital Analytics,2025-Q4,https://www.rcanalytics.com
95816,Sacramento,38.5001,-121.3769,268687.72,353295.0,257351.0,-5.02,CoStar/Real Capital Analytics,2025-Q4,https://www.rcanalytics.com
95817,Sacramento,38.473,-121.4989,207978.76,334610.0,187960.0,-3.92,CoStar/Real Capital Analytics,2025-Q4,https://www.rcanalytics.com
95818,Sacramento,38.6175,-121.4987,192936.88,326627.0,205569.0,-4.74,CoStar/Real Capital Analytics,2025-Q4,https://www.rcanalytics.com
95819,Sacramento,38.434,-121.4017,194645.8,293883.0,210270.0,-4.5,CoStar/Real Capital Analytics,2025-Q4,https://www.rcanalytics.com
95820,Sacramento,38.602,-121.5599,205542.28,268105.0,192468.0,-4.58,CoStar/Real Capital Analytics,2025-Q4,https://www.rcanalytics.com
95821,Sacramento,38.6919,-121.4002,250752.52,287247.0,208848.0,-4.44,CoStar/Real Capital Analytics,2025-Q4,https://www.rcanalytics.com
95822,Sacramento,38.4626,-121.3907,228181.24,262623.0,253823.0,-4.95,CoStar/Real Capital Analytics,2025-Q4,https://www.rcanalytics.com
95823,Sacramento,38.5487,-121.4317,241683.4,356824.0,248301.0,-4.02,CoStar/Real Capital Analytics,2025-Q4,https://www.rcanalytics.com
95824,Sacramento,38.6269,-121.4565,249128.2,373476.0,211194.0,-4.81,CoStar/Real Capital Analytics,2025-Q4,https://www.rcanalytics.com
95825,Sacramento,38.7213,-121.4743,205296.94,305121.0,238633.0,-4.42,CoStar/Real Capital Analytics,2025-Q4,https://www.rcanalytics.com
95826,Sacramento,38.5565,-121.4319,195128.02,346613.0,218886.0,-4.99,CoStar/Real Capital Analytics,2025-Q4,https://www.rcanalytics.com
95827,Sacramento,38.4517,-121.6387,263137.96,277299.0,248068.0,-4.97,CoStar/Real Capital Analytics,2025-Q4,https://www.rcanalytics.com
95828,Sacramento,38.4366,-121.5179,203757.22,372139.0,190628.0,-4.22,CoStar/Real Capital Analytics,2025-Q4,https://www.rcanalytics.com
95829,Sacramento,38.6534,-121.3376,260659.18,281274.0,226320.0,-5.09,CoStar/Real Capital Analytics,2025-Q4,https://www.rcanalytics.com
95830,Sacramento,38.5922,-121.3149,232546.6,272685.0,247265.0,-5.15,CoStar/Real Capital Analytics,2025-Q4,https://www.rcanalytics.com
64101,Kansas City,38.969,-94.4333,166391.56,225770.0,155548.0,-3.79,CoStar/Real Capital Analytics,2025-Q4,https://www.rcanalytics.com
64102,Kansas City,39.0462,-94.4435,165091.78,167788.0,153088.0,-4.7,CoStar/Real Capital Analytics,2025-Q4,https://www.rcanalytics.com
64103,Kansas City,39.0029,-94.7421,170839.0,214375.0,121569.0,-4.06,CoStar/Real Capital Analytics,2025-Q4,https://www.rcanalytics.com
64104,Kansas City,39.0096,-94.4265,143929.9,166223.0,140939.0,-5.29,CoStar/Real Capital Analytics,2025-Q4,https://www.rcanalytics.com
64105,Kansas City,39.1862,-94.4403,121619.62,184736.0,118088.0,-5.12,CoStar/Real Capital Analytics,2025-Q4,https://www.rcanalytics.com
64106,Kansas City,39.2317,-94.7505,121301.2,208477.0,135266.0,-3.81,CoStar/Real Capital Analytics,2025-Q4,https://www.rcanalytics.com
64107,Kansas City,39.0568,-94.6538,132320.62,166590.0,161826.0,-4.43,CoStar/Real Capital Analytics,2025-Q4,https://www.rcanalytics.com
64108,Kansas City,38.9743,-94.7185,167477.32,179676.0,119813.0,-4.16,CoStar/Real Capital Analytics,2025-Q4,https://www.rcanalytics.com
64109,Kansas City,39.1963,-94.4661,143783.74,175307.0,123518.0,-5.23,CoStar/Real Capital Analytics,2025-Q4,https://www.rcanalytics.com
64110,Kansas City,39.1656,-94.5876,136011.16,227588.0,129449.0,-4.97,CoStar/Real Capital Analytics,2025-Q4,https://www.rcanalytics.com
64111,Kansas City,39.0758,-94.6524,168996.34,191790.0,154397.0,-3.84,CoStar/Real Capital Analytics,2025-Q4,https://www.rcanalytics.com
64112,Kansas City,39.2113,-94.4348,129585.34,188802.0,141028.0,-3.71,CoStar/Real Capital Analytics,2025-Q4,https://www.rcanalytics.com
64113,Kansas City,39.2336,-94.6566,140354.2,212240.0,151387.0,-4.77,CoStar/Real Capital Analytics,2025-Q4,https://www.rcanalytics.com
64114,Kansas City,39.0123,-94.4802,139508.56,190070.0,159158.0,-4.96,CoStar/Real Capital Analytics,2025-Q4,https://www.rcanalytics.com
64115,Kansas City,39.1903,-94.5881,139096.18,203163.0,158573.0,-5.21,CoStar/Real Capital Analytics,2025-Q4,https://www.rcanalytics.com
64116,Kansas City,39.1881,-94.5895,144462.34,206187.0,127430.0,-4.29,CoStar/Real Capital Analytics,2025-Q4,https://www.rcanalytics.com
64117,Kansas City,39.123,-94.6753,165791.26,170113.0,157045.0,-5.2,CoStar/Real Capital Analytics,2025-Q4,https://www.rcanalytics.com
64118,Kansas City,39.2085,-94.6533,129073.78,213917.0,151432.0,-5.14,CoStar/Real Capital Analytics,2025-Q4,https://www.rcanalytics.com
64119,Kansas City,39.2263,-94.6758,135635.32,192022.0,147648.0,-4.37,CoStar/Real Capital Analytics,2025-Q4,https://www.rcanalytics.com
64120,Kansas City,38.9944,-94.5759,153920.98,215024.0,113124.0,-4.69,CoStar/Real Capital Analytics,2025-Q4,https://www.rcanalytics.com
64121,Kansas City,39.2193,-94.5736,125826.94,220104.0,143101.0,-4.49,CoStar/Real Capital Analytics,2025-Q4,https://www.rcanalytics.com
64122,Kansas City,39.0791,-94.4067,152678.62,166364.0,119347.0,-4.24,CoStar/Real Capital Analytics,2025-Q4,https://www.rcanalytics.com
64123,Kansas City,39.0617,-94.6968,131626.36,175920.0,145337.0,-4.29,CoStar/Real Capital Analytics,2025-Q4,https://www.rcanalytics.com
64124,Kansas City,39.229,-94.5116,128322.1,165892.0,150807.0,-4.21,CoStar/Real Capital Analytics,2025-Q4,https://www.rcanalytics.com
64125,Kansas City,39.1423,-94.4428,121264.66,213748.0,120592.0,-5.14,CoStar/Real Capital Analytics,2025-Q4,https://www.rcanalytics.com
64126,Kansas City,39.1737,-94.4544,147787.48,209287.0,147306.0,-4.0,CoStar/Real Capital Analytics,2025-Q4,https://www.rcanalytics.com
64127,Kansas City,38.9591,-94.6261,132649.48,162756.0,120155.0,-4.37,CoStar/Real Capital Analytics,2025-Q4,https://www.rcanalytics.com
64128,Kansas City,39.1564,-94.6735,147390.76,207533.0,160408.0,-4.07,CoStar/Real Capital Analytics,2025-Q4,https://www.rcanalytics.com
64129,Kansas City,38.9953,-94.6705,126187.12,160529.0,147876.0,-5.07,CoStar/Real Capital Analytics,2025-Q4,https://www.rcanalytics.com
64130,Kansas City,39.2402,-94.4648,126860.5,222042.0,151372.0,-4.52,CoStar/Real Capital Analytics,2025-Q4,https://www.rcanalytics.com
30301,Atlanta,33.6469,-84.4303,166948.08,225588.0,175267.0,-4.6,CoStar/Real Capital Analytics,2025-Q4,https://www.rcanalytics.com
30302,Atlanta,33.7843,-84.5077,208583.7,306380.0,212800.0,-4.36,CoStar/Real Capital Analytics,2025-Q4,https://www.rcanalytics.com
30303,Atlanta,33.8691,-84.2169,219548.94,265117.0,188151.0,-4.18,CoStar/Real Capital Analytics,2025-Q4,https://www.rcanalytics.com
30304,Atlanta,33.6691,-84.3432,212318.34,251015.0,168411.0,-4.58,CoStar/Real Capital Analytics,2025-Q4,https://www.rcanalytics.com
30305,Atlanta,33.6405,-84.5007,187004.22,273599.0,182362.0,-4.75,CoStar/Real Capital Analytics,2025-Q4,https://www.rcanalytics.com
30306,Atlanta,33.6416,-84.261,182771.16,264757.0,216208.0,-4.81,CoStar/Real Capital Analytics,2025-Q4,https://www.rcanalytics.com
30307,Atlanta,33.6855,-84.3346,223803.06,270652.0,184050.0,-4.79,CoStar/Real Capital Analytics,2025-Q4,https://www.rcanalytics.com
30308,Atlanta,33.6175,-84.5153,196614.6,224281.0,176073.0,-4.05,CoStar/Real Capital Analytics,2025-Q4,https://www.rcanalytics.com
30309,Atlanta,33.8503,-84.3847,177330.66,245528.0,212179.0,-4.36,CoStar/Real Capital Analytics,2025-Q4,https://www.rcanalytics.com
30310,Atlanta,33.6767,-84.3137,175561.62,246220.0,195874.0,-5.14,CoStar/Real Capital Analytics,2025-Q4,https://www.rcanalytics.com
30311,Atlanta,33.8121,-84.4768,197478.06,224470.0,216448.0,-4.64,CoStar/Real Capital Analytics,2025-Q4,https://www.rcanalytics.com
30312,Atlanta,33.7825,-84.4446,221381.16,308180.0,202069.0,-4.83,CoStar/Real Capital Analytics,2025-Q4,https://www.rcanalytics.com
30313,Atlanta,33.7139,-84.3013,223662.66,283010.0,177154.0,-5.18,CoStar/Real Capital Analytics,2025-Q4,https://www.rcanalytics.com
30314,Atlanta,33.829,-84.2776,225171.96,289369.0,155893.0,-4.8,CoStar/Real Capital Analytics,2025-Q4,https://www.rcanalytics.com
30315,Atlanta,33.6185,-84.2108,171672.54,281417.0,188031.0,-4.76,CoStar/Real Capital Analytics,2025-Q4,https://www.rcanalytics.com
30316,Atlanta,33.679,-84.4161,167249.94,281863.0,189725.0,-3.72,CoStar/Real Capital Analytics,2025-Q4,https://www.rcanalytics.com
30317,Atlanta,33.7681,-84.2439,213975.06,293103.0,156947.0,-3.79,CoStar/Real Capital Analytics,2025-Q4,https://www.rcanalytics.com
30318,Atlanta,33.7312,-84.4282,223613.52,277333.0,164776.0,-4.47,CoStar/Real Capital Analytics,2025-Q4,https://www.rcanalytics.com
30319,Atlanta,33.6901,-84.3939,185993.34,259819.0,168297.0,-3.87,CoStar/Real Capital Analytics,2025-Q4,https://www.rcanalytics.com
30320,Atlanta,33.8346,-84.2937,185417.7,278375.0,198735.0,-4.69,CoStar/Real Capital Analytics,2025-Q4,https://www.rcanalytics.com
30321,Atlanta,33.7097,-84.5555,196642.68,286459.0,169831.0,-4.99,CoStar/Real Capital Analytics,2025-Q4,https://www.rcanalytics.com
30322,Atlanta,33.8129,-84.3516,194529.66,282090.0,174253.0,-5.24,CoStar/Real Capital Analytics,2025-Q4,https://www.rcanalytics.com
30323,Atlanta,33.85,-84.5186,212837.82,250503.0,215481.0,-4.1,CoStar/Real Capital Analytics,2025-Q4,https://www.rcanalytics.com
30324,Atlanta,33.8471,-84.2499,223697.76,282157.0,162769.0,-4.72,CoStar/Real Capital Analytics,2025-Q4,https://www.rcanalytics.com
30325,Atlanta,33.7929,-84.5162,224083.86,302437.0,155673.0,-4.78,CoStar/Real Capital Analytics,2025-Q4,https://www.rcanalytics.com
30326,Atlanta,33.7343,-84.4713,199071.6,225806.0,177987.0,-4.33,CoStar/Real Capital Analytics,2025-Q4,https://www.rcanalytics.com
30327,Atlanta,33.8831,-84.3554,210401.88,217732.0,185410.0,-4.13,CoStar/Real Capital Analytics,2025-Q4,https://www.rcanalytics.com
30328,Atlanta,33.6154,-84.4774,168078.3,286336.0,193333.0,-4.09,CoStar/Real Capital Analytics,2025-Q4,https://www.rcanalytics.com
30329,Atlanta,33.8191,-84.3446,164526.18,296040.0,213947.0,-4.49,CoStar/Real Capital Analytics,2025-Q4,https://www.rcanalytics.com
30330,Atlanta,33.812,-84.3085,216172.32,222082.0,200722.0,-5.04,CoStar/Real Capital Analytics,2025-Q4,https://www.rcanalytics.com
30331,Atlanta,33.6354,-84.2173,213434.52,270386.0,198528.0,-3.82,CoStar/Real Capital Analytics,2025-Q4,https://www.rcanalytics.com
30332,Atlanta,33.7829,-84.5458,171595.32,265259.0,189351.0,-3.84,CoStar/Real Capital Analytics,2025-Q4,https://www.rcanalytics.com
30333,Atlanta,33.8461,-84.2304,178559.16,233767.0,204297.0,-4.53,CoStar/Real Capital Analytics,2025-Q4,https://www.rcanalytics.com
30334,Atlanta,33.7964,-84.4668,229854.3,256550.0,159181.0,-5.14,CoStar/Real Capital Analytics,2025-Q4,https://www.rcanalytics.com
30335,Atlanta,33.857,-84.2456,203452.08,230488.0,152105.0,-3.83,CoStar/Real Capital Analytics,2025-Q4,https://www.rcanalytics.com
30336,Atlanta,33.7576,-84.2388,214529.64,217599.0,192099.0,-4.41,CoStar/Real Capital Analytics,2025-Q4,https://www.rcanalytics.com
30337,Atlanta,33.7821,-84.5509,166955.1,280868.0,215194.0,-4.56,CoStar/Real Capital Analytics,2025-Q4,https://www.rcanalytics.com
30338,Atlanta,33.7561,-84.4666,211188.12,249120.0,213873.0,-5.15,CoStar/Real Capital Analytics,2025-Q4,https://www.rcanalytics.com
30339,Atlanta,33.8044,-84.301,180019.32,307801.0,212079.0,-4.34,CoStar/Real Capital Analytics,2025-Q4,https://www.rcanalytics.com
30340,Atlanta,33.6427,-84.5585,217007.7,254635.0,213026.0,-3.9,CoStar/Real Capital Analytics,2025-Q4,https://www.rcanalytics.com
30341,Atlanta,33.7157,-84.3463,200012.28,216273.0,190545.0,-4.65,CoStar/Real Capital Analytics,2025-Q4,https://www.rcanalytics.com
30342,Atlanta,33.8401,-84.2498,226435.56,252550.0,158301.0,-3.72,CoStar/Real Capital Analytics,2025-Q4,https://www.rcanalytics.com
30343,Atlanta,33.8916,-84.4861,177400.86,294524.0,190885.0,-4.66,CoStar/Real Capital Analytics,2025-Q4,https://www.rcanalytics.com
30344,Atlanta,33.6707,-84.5146,194950.86,224101.0,188391.0,-5.0,CoStar/Real Capital Analytics,2025-Q4,https://www.rcanalytics.com
30345,Atlanta,33.6784,-84.2327,187242.9,224944.0,206204.0,-3.97,CoStar/Real Capital Analytics,2025-Q4,https://www.rcanalytics.com
30346,Atlanta,33.8724,-84.4921,187530.72,218774.0,170832.0,-3.74,CoStar/Real Capital Analytics,2025-Q4,https://www.rcanalytics.com
30347,Atlanta,33.7646,-84.4745,222483.3,252351.0,198641.0,-4.77,CoStar/Real Capital Analytics,2025-Q4,https://www.rcanalytics.com
30348,Atlanta,33.7457,-84.2163,217014.72,226347.0,210239.0,-4.87,CoStar/Real Capital Analytics,2025-Q4,https://www.rcanalytics.com
30349,Atlanta,33.6097,-84.5652,186702.36,248788.0,162509.0,-3.88,CoStar/Real Capital Analytics,2025-Q4,https://www.rcanalytics.com
30350,Atlanta,33.7522,-84.4205,174691.14,228375.0,162022.0,-3.91,CoStar/Real Capital Analytics,2025-Q4,https://www.rcanalytics.com
68101,Omaha,41.2361,-96.0665,154401.22,189429.0,147777.0,-4.18,CoStar/Real Capital Analytics,2025-Q4,https://www.rcanalytics.com
68102,Omaha,41.1386,-95.8628,125310.16,215538.0,151005.0,-4.84,CoStar/Real Capital Analytics,2025-Q4,https://www.rcanalytics.com
68103,Omaha,41.3973,-96.0745,146576.44,184165.0,124658.0,-4.5,CoStar/Real Capital Analytics,2025-Q4,https://www.rcanalytics.com
68104,Omaha,41.3093,-95.9123,125174.44,206560.0,117150.0,-4.19,CoStar/Real Capital Analytics,2025-Q4,https://www.rcanalytics.com
68105,Omaha,41.2773,-95.8126,161322.94,201726.0,139287.0,-5.07,CoStar/Real Capital Analytics,2025-Q4,https://www.rcanalytics.com
68106,Omaha,41.3644,-95.8281,154416.88,170832.0,134789.0,-3.75,CoStar/Real Capital Analytics,2025-Q4,https://www.rcanalytics.com
68107,Omaha,41.3361,-96.0439,135703.18,178506.0,159436.0,-4.24,CoStar/Real Capital Analytics,2025-Q4,https://www.rcanalytics.com
68108,Omaha,41.2045,-95.8951,154035.82,220154.0,120284.0,-4.34,CoStar/Real Capital Analytics,2025-Q4,https://www.rcanalytics.com
68109,Omaha,41.1369,-95.8479,119829.16,216976.0,143775.0,-4.39,CoStar/Real Capital Analytics,2025-Q4,https://www.rcanalytics.com
68110,Omaha,41.2698,-95.8211,119014.84,215926.0,133708.0,-3.94,CoStar/Real Capital Analytics,2025-Q4,https://www.rcanalytics.com
68111,Omaha,41.2656,-95.993,126338.5,179641.0,158325.0,-3.75,CoStar/Real Capital Analytics,2025-Q4,https://www.rcanalytics.com
68112,Omaha,41.2546,-95.9994,139529.44,179119.0,138464.0,-4.87,CoStar/Real Capital Analytics,2025-Q4,https://www.rcanalytics.com
68113,Omaha,41.2894,-95.9594,141085.0,174531.0,120205.0,-4.25,CoStar/Real Capital Analytics,2025-Q4,https://www.rcanalytics.com
68114,Omaha,41.2942,-96.0055,130874.68,185243.0,129260.0,-4.86,CoStar/Real Capital Analytics,2025-Q4,https://www.rcanalytics.com
68115,Omaha,41.2873,-95.9191,147876.22,208054.0,113748.0,-4.97,CoStar/Real Capital Analytics,2025-Q4,https://www.rcanalytics.com
68116,Omaha,41.3885,-95.8924,144556.3,215679.0,124936.0,-4.83,CoStar/Real Capital Analytics,2025-Q4,https://www.rcanalytics.com
68117,Omaha,41.2679,-96.0172,170113.42,189549.0,138925.0,-4.91,CoStar/Real Capital Analytics,2025-Q4,https://www.rcanalytics.com
68118,Omaha,41.3808,-95.8245,166224.52,218011.0,130267.0,-3.75,CoStar/Real Capital Analytics,2025-Q4,https://www.rcanalytics.com
68119,Omaha,41.1069,-95.8789,131193.1,214671.0,159089.0,-4.33,CoStar/Real Capital Analytics,2025-Q4,https://www.rcanalytics.com
68120,Omaha,41.3087,-95.9284,131730.76,165286.0,156614.0,-5.3,CoStar/Real Capital Analytics,2025-Q4,https://www.rcanalytics.com
27601,Raleigh-Durham,35.8508,-78.6334,240329.8,275015.0,226971.0,-3.82,CoStar/Real Capital Analytics,2025-Q4,https://www.rcanalytics.com
27602,Raleigh-Durham,35.7796,-78.7659,260532.28,312259.0,259465.0,-3.89,CoStar/Real Capital Analytics,2025-Q4,https://www.rcanalytics.com
27603,Raleigh-Durham,35.802,-78.8069,201506.86,307222.0,227494.0,-5.3,CoStar/Real Capital Analytics,2025-Q4,https://www.rcanalytics.com
27604,Raleigh-Durham,35.6392,-78.7836,200356.3,261641.0,193385.0,-4.77,CoStar/Real Capital Analytics,2025-Q4,https://www.rcanalytics.com
27605,Raleigh-Durham,35.7972,-78.7508,229915.54,301112.0,201888.0,-4.22,CoStar/Real Capital Analytics,2025-Q4,https://www.rcanalytics.com
27606,Raleigh-Durham,35.6972,-78.7052,239568.4,312385.0,235675.0,-4.51,CoStar/Real Capital Analytics,2025-Q4,https://www.rcanalytics.com
27607,Raleigh-Durham,35.7707,-78.6226,243874.54,301752.0,251380.0,-4.48,CoStar/Real Capital Analytics,2025-Q4,https://www.rcanalytics.com
27608,Raleigh-Durham,35.853,-78.5836,232165.9,261333.0,241888.0,-4.79,CoStar/Real Capital Analytics,2025-Q4,https://www.rcanalytics.com
27609,Raleigh-Durham,35.8998,-78.7203,224467.3,271052.0,184881.0,-3.95,CoStar/Real Capital Analytics,2025-Q4,https://www.rcanalytics.com
27610,Raleigh-Durham,35.8639,-78.5264,219027.52,265524.0,218355.0,-5.22,CoStar/Real Capital Analytics,2025-Q4,https://www.rcanalytics.com
27611,Raleigh-Durham,35.837,-78.6657,257901.22,362923.0,185283.0,-5.14,CoStar/Real Capital Analytics,2025-Q4,https://www.rcanalytics.com
27612,Raleigh-Durham,35.8887,-78.7934,229610.98,363962.0,262125.0,-5.14,CoStar/Real Capital Analytics,2025-Q4,https://www.rcanalytics.com
27613,Raleigh-Durham,35.7799,-78.6616,228274.3,373910.0,256443.0,-3.85,CoStar/Real Capital Analytics,2025-Q4,https://www.rcanalytics.com
27614,Raleigh-Durham,35.6692,-78.7297,196997.68,297960.0,206131.0,-4.09,CoStar/Real Capital Analytics,2025-Q4,https://www.rcanalytics.com
27615,Raleigh-Durham,35.8889,-78.7542,249779.62,334233.0,189414.0,-3.79,CoStar/Real Capital Analytics,2025-Q4,https://www.rcanalytics.com
27616,Raleigh-Durham,35.8911,-78.467,270845.02,304561.0,223877.0,-5.08,CoStar/Real Capital Analytics,2025-Q4,https://www.rcanalytics.com
27617,Raleigh-Durham,35.717,-78.4878,247520.8,317456.0,215125.0,-4.47,CoStar/Real Capital Analytics,2025-Q4,https://www.rcanalytics.com
27618,Raleigh-Durham,35.7076,-78.5006,232868.08,340663.0,215462.0,-4.51,CoStar/Real Capital Analytics,2025-Q4,https://www.rcanalytics.com
27619,Raleigh-Durham,35.8838,-78.6927,231269.14,369444.0,236101.0,-4.53,CoStar/Real Capital Analytics,2025-Q4,https://www.rcanalytics.com
27620,Raleigh-Durham,35.9064,-78.5947,269939.8,272411.0,197636.0,-3.79,CoStar/Real Capital Analytics,2025-Q4,https://www.rcanalytics.com
27621,Raleigh-Durham,35.6376,-78.4659,193199.14,261104.0,196648.0,-5.19,CoStar/Real Capital Analytics,2025-Q4,https://www.rcanalytics.com
27622,Raleigh-Durham,35.6989,-78.7593,203224.24,272503.0,255382.0,-5.07,CoStar/Real Capital Analytics,2025-Q4,https://www.rcanalytics.com
27623,Raleigh-Durham,35.9188,-78.7907,264880.72,332897.0,239260.0,-4.57,CoStar/Real Capital Analytics,2025-Q4,https://www.rcanalytics.com
27624,Raleigh-Durham,35.6915,-78.6916,235177.66,357475.0,256772.0,-4.74,CoStar/Real Capital Analytics,2025-Q4,https://www.rcanalytics.com
27625,Raleigh-Durham,35.84,-78.7867,254407.24,269819.0,197749.0,-4.19,CoStar/Real Capital Analytics,2025-Q4,https://www.rcanalytics.com
27626,Raleigh-Durham,35.9111,-78.6602,207505.0,334153.0,202386.0,-4.52,CoStar/Real Capital Analytics,2025-Q4,https://www.rcanalytics.com
27627,Raleigh-Durham,35.7371,-78.5578,252089.2,298360.0,183829.0,-4.89,CoStar/Real Capital Analytics,2025-Q4,https://www.rcanalytics.com
27628,Raleigh-Durham,35.9139,-78.4949,220355.74,280452.0,208502.0,-5.16,CoStar/Real Capital Analytics,2025-Q4,https://www.rcanalytics.com
27629,Raleigh-Durham,35.7701,-78.6401,273983.68,350439.0,247891.0,-5.31,CoStar/Real Capital Analytics,2025-Q4,https://www.rcanalytics.com
27630,Raleigh-Durham,35.6633,-78.5875,268823.08,263834.0,207072.0,-5.23,CoStar/Real Capital Analytics,2025-Q4,https://www.rcanalytics.com
27631,Raleigh-Durham,35.9181,-78.5901,195102.64,347047.0,252681.0,-4.96,CoStar/Real Capital Analytics,2025-Q4,https://www.rcanalytics.com
27632,Raleigh-Durham,35.7884,-78.5421,242191.0,297001.0,250278.0,-3.92,CoStar/Real Capital Analytics,2025-Q4,https://www.rcanalytics.com
27633,Raleigh-Durham,35.9076,-78.4736,229348.72,264622.0,207192.0,-3.76,CoStar/Real Capital Analytics,2025-Q4,https://www.rcanalytics.com
27634,Raleigh-Durham,35.8847,-78.7091,236785.06,361746.0,186352.0,-4.07,CoStar/Real Capital Analytics,2025-Q4,https://www.rcanalytics.com
27635,Raleigh-Durham,35.7174,-78.4605,253992.7,317250.0,245384.0,-4.64,CoStar/Real Capital Analytics,2025-Q4,https://www.rcanalytics.com
55401,Minneapolis,45.0901,-93.4362,181023.18,285682.0,198508.0,-4.07,CoStar/Real Capital Analytics,2025-Q4,https://www.rcanalytics.com
55402,Minneapolis,44.9461,-93.3549,166260.12,293823.0,171865.0,-4.23,CoStar/Real Capital Analytics,2025-Q4,https://www.rcanalytics.com
55403,Minneapolis,44.9389,-93.2056,220538.76,232687.0,173813.0,-4.51,CoStar/Real Capital Analytics,2025-Q4,https://www.rcanalytics.com
55404,Minneapolis,44.9838,-93.1439,228920.64,250238.0,185770.0,-5.3,CoStar/Real Capital Analytics,2025-Q4,https://www.rcanalytics.com
55405,Minneapolis,45.0293,-93.1425,202490.34,305726.0,156333.0,-4.48,CoStar/Real Capital Analytics,2025-Q4,https://www.rcanalytics.com
55406,Minneapolis,44.8357,-93.1993,162827.34,270064.0,160501.0,-3.71,CoStar/Real Capital Analytics,2025-Q4,https://www.rcanalytics.com
55407,Minneapolis,45.0536,-93.2202,179520.9,219921.0,176754.0,-4.18,CoStar/Real Capital Analytics,2025-Q4,https://www.rcanalytics.com
55408,Minneapolis,44.8572,-93.3421,188050.2,271855.0,180335.0,-5.2,CoStar/Real Capital Analytics,2025-Q4,https://www.rcanalytics.com
55409,Minneapolis,44.8772,-93.3331,222806.22,236771.0,177754.0,-4.45,CoStar/Real Capital Analytics,2025-Q4,https://www.rcanalytics.com
55410,Minneapolis,45.1116,-93.382,186786.6,239700.0,159261.0,-4.47,CoStar/Real Capital Analytics,2025-Q4,https://www.rcanalytics.com
55411,Minneapolis,44.9096,-93.239,227643.0,231786.0,195540.0,-4.75,CoStar/Real Capital Analytics,2025-Q4,https://www.rcanalytics.com
55412,Minneapolis,44.8889,-93.323,206414.52,233976.0,192699.0,-4.31,CoStar/Real Capital Analytics,2025-Q4,https://www.rcanalytics.com
55413,Minneapolis,44.8421,-93.3285,213715.32,274300.0,214614.0,-3.92,CoStar/Real Capital Analytics,2025-Q4,https://www.rcanalytics.com
55414,Minneapolis,44.8698,-93.3194,226618.08,262662.0,217094.0,-3.7,CoStar/Real Capital Analytics,2025-Q4,https://www.rcanalytics.com
55415,Minneapolis,44.9872,-93.3829,201626.88,261212.0,204804.0,-4.65,CoStar/Real Capital Analytics,2025-Q4,https://www.rcanalytics.com
55416,Minneapolis,44.8801,-93.0865,209573.52,270017.0,172772.0,-4.24,CoStar/Real Capital Analytics,2025-Q4,https://www.rcanalytics.com
55417,Minneapolis,44.9709,-93.2924,181156.56,228706.0,179595.0,-4.48,CoStar/Real Capital Analytics,2025-Q4,https://www.rcanalytics.com
55418,Minneapolis,45.1121,-93.1039,218875.02,301556.0,214153.0,-3.82,CoStar/Real Capital Analytics,2025-Q4,https://www.rcanalytics.com
55419,Minneapolis,44.87,-93.3642,178215.18,233521.0,210385.0,-5.0,CoStar/Real Capital Analytics,2025-Q4,https://www.rcanalytics.com
55420,Minneapolis,44.9393,-93.1102,222055.08,258938.0,179728.0,-5.27,CoStar/Real Capital Analytics,2025-Q4,https://www.rcanalytics.com
55421,Minneapolis,45.0844,-93.1116,201128.46,291567.0,211893.0,-4.67,CoStar/Real Capital Analytics,2025-Q4,https://www.rcanalytics.com
55422,Minneapolis,44.912,-93.3073,187334.16,261080.0,182256.0,-3.88,CoStar/Real Capital Analytics,2025-Q4,https://www.rcanalytics.com
55423,Minneapolis,44.9847,-93.1845,228001.02,283123.0,154953.0,-5.08,CoStar/Real Capital Analytics,2025-Q4,https://www.rcanalytics.com
55424,Minneapolis,44.96,-93.2417,210289.56,274992.0,176153.0,-3.8,CoStar/Real Capital Analytics,2025-Q4,https://www.rcanalytics.com
55425,Minneapolis,44.8654,-93.1232,200117.58,256038.0,206931.0,-4.78,CoStar/Real Capital Analytics,2025-Q4,https://www.rcanalytics.com
55426,Minneapolis,45.0066,-93.4325,171286.44,301736.0,173239.0,-4.76,CoStar/Real Capital Analytics,2025-Q4,https://www.rcanalytics.com
55427,Minneapolis,44.9101,-93.3012,171202.2,288895.0,186964.0,-4.34,CoStar/Real Capital Analytics,2025-Q4,https://www.rcanalytics.com
55428,Minneapolis,45.0968,-93.4219,184926.3,254541.0,157720.0,-3.83,CoStar/Real Capital Analytics,2025-Q4,https://www.rcanalytics.com
55429,Minneapolis,45.12,-93.2742,203051.94,247054.0,211559.0,-4.34,CoStar/Real Capital Analytics,2025-Q4,https://www.rcanalytics.com
55430,Minneapolis,45.038,-93.1797,192922.08,272405.0,180535.0,-4.02,CoStar/Real Capital Analytics,2025-Q4,https://www.rcanalytics.com
33601,Tampa Bay,27.9986,-82.5116,239396.48,244776.0,189860.0,-4.74,CoStar/Real Capital Analytics,2025-Q4,https://www.rcanalytics.com
33602,Tampa Bay,27.9669,-82.4874,192840.38,306874.0,190956.0,-4.72,CoStar/Real Capital Analytics,2025-Q4,https://www.rcanalytics.com
33603,Tampa Bay,27.9849,-82.3721,247546.7,269906.0,188015.0,-5.09,CoStar/Real Capital Analytics,2025-Q4,https://www.rcanalytics.com
33604,Tampa Bay,27.8212,-82.284,227082.14,319737.0,173860.0,-3.78,CoStar/Real Capital Analytics,2025-Q4,https://www.rcanalytics.com
33605,Tampa Bay,27.8902,-82.5817,212987.6,257649.0,199404.0,-4.16,CoStar/Real Capital Analytics,2025-Q4,https://www.rcanalytics.com
33606,Tampa Bay,27.9975,-82.5008,182174.66,265799.0,172228.0,-4.17,CoStar/Real Capital Analytics,2025-Q4,https://www.rcanalytics.com
33607,Tampa Bay,27.8167,-82.4116,192252.14,342056.0,182853.0,-4.94,CoStar/Real Capital Analytics,2025-Q4,https://www.rcanalytics.com
33608,Tampa Bay,28.0567,-82.4245,186779.96,278599.0,220206.0,-4.78,CoStar/Real Capital Analytics,2025-Q4,https://www.rcanalytics.com
33609,Tampa Bay,28.0279,-82.4925,181516.76,334554.0,172103.0,-4.56,CoStar/Real Capital Analytics,2025-Q4,https://www.rcanalytics.com
33610,Tampa Bay,27.9879,-82.6369,226300.4,337584.0,230199.0,-4.06,CoStar/Real Capital Analytics,2025-Q4,https://www.rcanalytics.com
33611,Tampa Bay,27.9889,-82.4287,216586.7,342411.0,198948.0,-3.72,CoStar/Real Capital Analytics,2025-Q4,https://www.rcanalytics.com
33612,Tampa Bay,28.0964,-82.5693,191501.36,314722.0,224875.0,-4.04,CoStar/Real Capital Analytics,2025-Q4,https://www.rcanalytics.com
33613,Tampa Bay,28.075,-82.6132,203715.08,292455.0,208103.0,-4.11,CoStar/Real Capital Analytics,2025-Q4,https://www.rcanalytics.com
33614,Tampa Bay,28.0243,-82.5429,188180.9,300971.0,195184.0,-4.57,CoStar/Real Capital Analytics,2025-Q4,https://www.rcanalytics.com
33615,Tampa Bay,27.8632,-82.5799,181168.46,265057.0,189323.0,-4.79,CoStar/Real Capital Analytics,2025-Q4,https://www.rcanalytics.com
33616,Tampa Bay,27.8793,-82.5428,204342.02,305004.0,167698.0,-5.2,CoStar/Real Capital Analytics,2025-Q4,https://www.rcanalytics.com
33617,Tampa Bay,27.8741,-82.3869,245797.46,285611.0,217743.0,-3.85,CoStar/Real Capital Analytics,2025-Q4,https://www.rcanalytics.com
33618,Tampa Bay,27.9153,-82.3565,176973.38,254494.0,218927.0,-4.6,CoStar/Real Capital Analytics,2025-Q4,https://www.rcanalytics.com
33619,Tampa Bay,27.8973,-82.377,193776.92,283019.0,223338.0,-4.76,CoStar/Real Capital Analytics,2025-Q4,https://www.rcanalytics.com
33620,Tampa Bay,28.0208,-82.4247,231579.08,281745.0,187103.0,-4.56,CoStar/Real Capital Analytics,2025-Q4,https://www.rcanalytics.com
33621,Tampa Bay,27.9501,-82.3987,187701.02,323154.0,239691.0,-4.91,CoStar/Real Capital Analytics,2025-Q4,https://www.rcanalytics.com
33622,Tampa Bay,27.9814,-82.6047,191996.72,250638.0,232721.0,-5.0,CoStar/Real Capital Analytics,2025-Q4,https://www.rcanalytics.com
33623,Tampa Bay,27.9174,-82.5239,195433.28,245267.0,203831.0,-3.89,CoStar/Real Capital Analytics,2025-Q4,https://www.rcanalytics.com
33624,Tampa Bay,27.9226,-82.369,197600.48,304795.0,214912.0,-5.22,CoStar/Real Capital Analytics,2025-Q4,https://www.rcanalytics.com
33625,Tampa Bay,27.9608,-82.6035,196772.3,296916.0,226941.0,-4.35,CoStar/Real Capital Analytics,2025-Q4,https://www.rcanalytics.com
33626,Tampa Bay,27.8313,-82.5546,246060.62,335766.0,205221.0,-4.54,CoStar/Real Capital Analytics,2025-Q4,https://www.rcanalytics.com
33627,Tampa Bay,27.8189,-82.5018,231470.72,339851.0,176750.0,-4.33,CoStar/Real Capital Analytics,2025-Q4,https://www.rcanalytics.com
33628,Tampa Bay,27.9677,-82.3873,233978.48,268474.0,200588.0,-4.77,CoStar/Real Capital Analytics,2025-Q4,https://www.rcanalytics.com
33629,Tampa Bay,27.8192,-82.4463,228134.78,247775.0,218699.0,-4.53,CoStar/Real Capital Analytics,2025-Q4,https://www.rcanalytics.com
33630,Tampa Bay,28.0678,-82.4595,235131.74,284085.0,222956.0,-4.46,CoStar/Real Capital Analytics,2025-Q4,https://www.rcanalytics.com
33631,Tampa Bay,27.8376,-82.6007,237709.16,301190.0,210250.0,-4.65,CoStar/Real Capital Analytics,2025-Q4,https://www.rcanalytics.com
33632,Tampa Bay,27.8238,-82.5809,189148.4,293500.0,238559.0,-4.31,CoStar/Real Capital Analytics,2025-Q4,https://www.rcanalytics.com
33633,Tampa Bay,27.9445,-82.5952,185433.2,312674.0,182353.0,-5.29,CoStar/Real Capital Analytics,2025-Q4,https://www.rcanalytics.com
33634,Tampa Bay,27.8879,-82.389,206021.6,247796.0,211302.0,-5.11,CoStar/Real Capital Analytics,2025-Q4,https://www.rcanalytics.com
33635,Tampa Bay,27.9175,-82.3407,179248.94,312674.0,176934.0,-4.16,CoStar/Real Capital Analytics,2025-Q4,https://www.rcanalytics.com
33636,Tampa Bay,27.867,-82.5172,231617.78,263375.0,231978.0,-5.19,CoStar/Real Capital Analytics,2025-Q4,https://www.rcanalytics.com
33637,Tampa Bay,27.8428,-82.4047,237035.78,293280.0,223397.0,-3.92,CoStar/Real Capital Analytics,2025-Q4,https://www.rcanalytics.com
33638,Tampa Bay,27.8969,-82.5837,221671.88,289080.0,238236.0,-4.83,CoStar/Real Capital Analytics,2025-Q4,https://www.rcanalytics.com
33639,Tampa Bay,27.8519,-82.4583,221733.8,337824.0,223456.0,-4.98,CoStar/Real Capital Analytics,2025-Q4,https://www.rcanalytics.com
33640,Tampa Bay,27.819,-82.3059,230712.2,279529.0,222897.0,-4.29,CoStar/Real Capital Analytics,2025-Q4,https://www.rcanalytics.com
70112,New Orleans,30.0007,-90.0178,129811.88,182967.0,123830.0,-5.14,CoStar/Real Capital Analytics,2025-Q4,https://www.rcanalytics.com
70113,New Orleans,29.9955,-90.2026,173698.58,198380.0,172732.0,-4.31,CoStar/Real Capital Analytics,2025-Q4,https://www.rcanalytics.com
70114,New Orleans,30.0978,-90.036,162315.38,214455.0,165597.0,-5.17,CoStar/Real Capital Analytics,2025-Q4,https://www.rcanalytics.com
70115,New Orleans,30.0186,-89.901,173815.76,178982.0,121005.0,-4.7,CoStar/Real Capital Analytics,2025-Q4,https://www.rcanalytics.com
70116,New Orleans,30.0939,-90.0688,142662.62,240723.0,156166.0,-4.1,CoStar/Real Capital Analytics,2025-Q4,https://www.rcanalytics.com
70117,New Orleans,30.0938,-89.9313,157259.9,188700.0,125675.0,-4.58,CoStar/Real Capital Analytics,2025-Q4,https://www.rcanalytics.com
70118,New Orleans,29.8235,-90.0269,137595.98,207932.0,155986.0,-4.68,CoStar/Real Capital Analytics,2025-Q4,https://www.rcanalytics.com
70119,New Orleans,29.9,-90.1187,174669.5,201129.0,136420.0,-4.41,CoStar/Real Capital Analytics,2025-Q4,https://www.rcanalytics.com
70120,New Orleans,30.0111,-89.9881,160853.42,173001.0,145230.0,-4.89,CoStar/Real Capital Analytics,2025-Q4,https://www.rcanalytics.com
70121,New Orleans,29.8391,-89.9342,127289.72,238312.0,143587.0,-4.58,CoStar/Real Capital Analytics,2025-Q4,https://www.rcanalytics.com
70122,New Orleans,29.962,-90.212,145435.88,175186.0,132572.0,-5.02,CoStar/Real Capital Analytics,2025-Q4,https://www.rcanalytics.com
70123,New Orleans,29.8127,-90.0026,167002.58,242440.0,166148.0,-5.23,CoStar/Real Capital Analytics,2025-Q4,https://www.rcanalytics.com
70124,New Orleans,29.9329,-90.072,128924.66,221996.0,169106.0,-4.13,CoStar/Real Capital Analytics,2025-Q4,https://www.rcanalytics.com
70125,New Orleans,29.8626,-90.0181,176745.26,238674.0,167484.0,-4.42,CoStar/Real Capital Analytics,2025-Q4,https://www.rcanalytics.com
70126,New Orleans,29.9915,-90.0393,134086.16,209092.0,147123.0,-4.35,CoStar/Real Capital Analytics,2025-Q4,https://www.rcanalytics.com
70127,New Orleans,29.8438,-90.215,155485.46,177408.0,136505.0,-4.33,CoStar/Real Capital Analytics,2025-Q4,https://www.rcanalytics.com
70128,New Orleans,29.8668,-90.1334,137685.26,174523.0,148172.0,-3.73,CoStar/Real Capital Analytics,2025-Q4,https://www.rcanalytics.com
70129,New Orleans,29.8485,-89.896,171020.18,217830.0,163455.0,-5.14,CoStar/Real Capital Analytics,2025-Q4,https://www.rcanalytics.com
70130,New Orleans,29.8377,-89.9451,145246.16,203600.0,153908.0,-4.37,CoStar/Real Capital Analytics,2025-Q4,https://www.rcanalytics.com
70131,New Orleans,30.0326,-90.1951,155546.84,203216.0,159050.0,-3.9,CoStar/Real Capital Analytics,2025-Q4,https://www.rcanalytics.com
70132,New Orleans,30.0371,-90.2343,143639.12,205371.0,123083.0,-3.8,CoStar/Real Capital Analytics,2025-Q4,https://www.rcanalytics.com
70133,New Orleans,29.968,-89.9595,139526.66,184610.0,144350.0,-5.05,CoStar/Real Capital Analytics,2025-Q4,https://www.rcanalytics.com
70134,New Orleans,29.8787,-89.9503,180238.34,218598.0,165151.0,-3.93,CoStar/Real Capital Analytics,2025-Q4,https://www.rcanalytics.com
70135,New Orleans,30.016,-90.1856,169524.74,218591.0,149233.0,-3.98,CoStar/Real Capital Analytics,2025-Q4,https://www.rcanalytics.com
70136,New Orleans,29.9351,-89.9513,166913.3,201318.0,173538.0,-4.22,CoStar/Real Capital Analytics,2025-Q4,https://www.rcanalytics.com
23220,Richmond,37.4159,-77.5995,192584.61,242108.0,174761.0,-4.68,CoStar/Real Capital Analytics,2025-Q4,https://www.rcanalytics.com
23221,Richmond,37.6849,-77.4639,200709.95,261633.0,145413.0,-4.98,CoStar/Real Capital Analytics,2025-Q4,https://www.rcanalytics.com
23222,Richmond,37.4054,-77.4226,160044.78,203292.0,173794.0,-4.56,CoStar/Real Capital Analytics,2025-Q4,https://www.rcanalytics.com
23223,Richmond,37.4967,-77.585,203241.11,251736.0,178262.0,-3.78,CoStar/Real Capital Analytics,2025-Q4,https://www.rcanalytics.com
23224,Richmond,37.5448,-77.5774,164523.98,243285.0,197651.0,-4.32,CoStar/Real Capital Analytics,2025-Q4,https://www.rcanalytics.com
23225,Richmond,37.4723,-77.4837,184369.55,222315.0,168309.0,-3.89,CoStar/Real Capital Analytics,2025-Q4,https://www.rcanalytics.com
23226,Richmond,37.6595,-77.4309,189002.54,242393.0,150788.0,-4.97,CoStar/Real Capital Analytics,2025-Q4,https://www.rcanalytics.com
23227,Richmond,37.4189,-77.5338,165914.51,219919.0,156346.0,-5.26,CoStar/Real Capital Analytics,2025-Q4,https://www.rcanalytics.com
23228,Richmond,37.5328,-77.4454,209444.06,281028.0,182529.0,-3.95,CoStar/Real Capital Analytics,2025-Q4,https://www.rcanalytics.com
23229,Richmond,37.526,-77.5971,152790.93,281547.0,183948.0,-4.53,CoStar/Real Capital Analytics,2025-Q4,https://www.rcanalytics.com
23230,Richmond,37.5885,-77.5539,196948.46,237895.0,169216.0,-4.03,CoStar/Real Capital Analytics,2025-Q4,https://www.rcanalytics.com
23231,Richmond,37.5199,-77.5093,207214.07,200351.0,199307.0,-4.24,CoStar/Real Capital Analytics,2025-Q4,https://www.rcanalytics.com
23232,Richmond,37.4466,-77.5103,201831.35,225490.0,178645.0,-4.58,CoStar/Real Capital Analytics,2025-Q4,https://www.rcanalytics.com
23233,Richmond,37.4853,-77.4535,191943.81,197453.0,189451.0,-5.28,CoStar/Real Capital Analytics,2025-Q4,https://www.rcanalytics.com
23234,Richmond,37.6252,-77.5046,156366.59,249020.0,186651.0,-5.21,CoStar/Real Capital Analytics,2025-Q4,https://www.rcanalytics.com
23235,Richmond,37.4086,-77.3644,163062.95,275448.0,152950.0,-4.83,CoStar/Real Capital Analytics,2025-Q4,https://www.rcanalytics.com
23236,Richmond,37.4421,-77.4001,159359.13,267818.0,144256.0,-4.26,CoStar/Real Capital Analytics,2025-Q4,https://www.rcanalytics.com
23237,Richmond,37.6444,-77.5962,166638.62,233267.0,150703.0,-5.1,CoStar/Real Capital Analytics,2025-Q4,https://www.rcanalytics.com
23238,Richmond,37.5241,-77.3425,175398.35,260820.0,161424.0,-4.5,CoStar/Real Capital Analytics,2025-Q4,https://www.rcanalytics.com
23239,Richmond,37.6458,-77.611,205381.38,235430.0,175431.0,-4.39,CoStar/Real Capital Analytics,2025-Q4,https://www.rcanalytics.com
23240,Richmond,37.5877,-77.2828,202401.66,274237.0,171298.0,-5.03,CoStar/Real Capital Analytics,2025-Q4,https://www.rcanalytics.com
23241,Richmond,37.5335,-77.3148,201222.59,254574.0,177763.0,-4.78,CoStar/Real Capital Analytics,2025-Q4,https://www.rcanalytics.com
23242,Richmond,37.618,-77.5881,192975.5,205567.0,161704.0,-4.78,CoStar/Real Capital Analytics,2025-Q4,https://www.rcanalytics.com
23243,Richmond,37.6746,-77.4299,147260.82,257697.0,176965.0,-4.64,CoStar/Real Capital Analytics,2025-Q4,https://www.rcanalytics.com
23244,Richmond,37.4129,-77.5491,202760.51,261538.0,179705.0,-4.31,CoStar/Real Capital Analytics,2025-Q4,https://www.rcanalytics.com
35201,Birmingham,33.4901,-86.7203,116237.62,206863.0,106932.0,-4.95,CoStar/Real Capital Analytics,2025-Q4,https://www.rcanalytics.com
35202,Birmingham,33.3741,-86.8958,132441.94,197523.0,122520.0,-4.51,CoStar/Real Capital Analytics,2025-Q4,https://www.rcanalytics.com
35203,Birmingham,33.456,-86.7176,154985.42,200114.0,118367.0,-4.38,CoStar/Real Capital Analytics,2025-Q4,https://www.rcanalytics.com
35204,Birmingham,33.4961,-86.9773,153963.74,168077.0,112033.0,-5.02,CoStar/Real Capital Analytics,2025-Q4,https://www.rcanalytics.com
35205,Birmingham,33.6097,-86.9059,122277.41,167397.0,134239.0,-3.85,CoStar/Real Capital Analytics,2025-Q4,https://www.rcanalytics.com
35206,Birmingham,33.5145,-86.707,135606.77,167326.0,107654.0,-5.2,CoStar/Real Capital Analytics,2025-Q4,https://www.rcanalytics.com
35207,Birmingham,33.6256,-86.8317,152961.07,152584.0,107026.0,-3.74,CoStar/Real Capital Analytics,2025-Q4,https://www.rcanalytics.com
35208,Birmingham,33.5024,-86.9896,139170.77,178835.0,104530.0,-3.97,CoStar/Real Capital Analytics,2025-Q4,https://www.rcanalytics.com
35209,Birmingham,33.5363,-86.6368,142174.03,154823.0,143792.0,-4.02,CoStar/Real Capital Analytics,2025-Q4,https://www.rcanalytics.com
35210,Birmingham,33.5389,-86.7826,136809.02,209070.0,123346.0,-4.57,CoStar/Real Capital Analytics,2025-Q4,https://www.rcanalytics.com
35211,Birmingham,33.3983,-86.887,150865.44,198248.0,112692.0,-3.73,CoStar/Real Capital Analytics,2025-Q4,https://www.rcanalytics.com
35212,Birmingham,33.4121,-86.9251,144887.42,178129.0,120561.0,-3.93,CoStar/Real Capital Analytics,2025-Q4,https://www.rcanalytics.com
35213,Birmingham,33.5525,-86.756,143846.74,151038.0,106476.0,-4.59,CoStar/Real Capital Analytics,2025-Q4,https://www.rcanalytics.com
35214,Birmingham,33.6606,-86.8263,142977.12,155901.0,134095.0,-4.03,CoStar/Real Capital Analytics,2025-Q4,https://www.rcanalytics.com
35215,Birmingham,33.4282,-86.7244,132399.17,149627.0,141345.0,-4.8,CoStar/Real Capital Analytics,2025-Q4,https://www.rcanalytics.com
35216,Birmingham,33.4336,-86.7062,137288.98,188612.0,140383.0,-4.66,CoStar/Real Capital Analytics,2025-Q4,https://www.rcanalytics.com
35217,Birmingham,33.6403,-86.6336,121982.78,203527.0,139395.0,-4.84,CoStar/Real Capital Analytics,2025-Q4,https://www.rcanalytics.com
35218,Birmingham,33.3932,-86.7566,135701.81,160674.0,129260.0,-4.1,CoStar/Real Capital Analytics,2025-Q4,https://www.rcanalytics.com
35219,Birmingham,33.5263,-86.9559,148475.18,180740.0,104936.0,-3.98,CoStar/Real Capital Analytics,2025-Q4,https://www.rcanalytics.com
35220,Birmingham,33.4906,-86.97,151806.34,150153.0,130316.0,-4.23,CoStar/Real Capital Analytics,2025-Q4,https://www.rcanalytics.com
35221,Birmingham,33.5274,-86.9599,111647.18,170515.0,107844.0,-4.76,CoStar/Real Capital Analytics,2025-Q4,https://www.rcanalytics.com
35222,Birmingham,33.3758,-86.956,110193.07,151827.0,112051.0,-4.27,CoStar/Real Capital Analytics,2025-Q4,https://www.rcanalytics.com
35223,Birmingham,33.5678,-86.8921,148608.24,151737.0,116525.0,-3.97,CoStar/Real Capital Analytics,2025-Q4,https://www.rcanalytics.com
35224,Birmingham,33.6499,-86.6487,144274.42,161302.0,111776.0,-4.42,CoStar/Real Capital Analytics,2025-Q4,https://www.rcanalytics.com
35225,Birmingham,33.4204,-86.957,139455.89,149396.0,128194.0,-3.88,CoStar/Real Capital Analytics,2025-Q4,https://www.rcanalytics.com
39201,Jackson,32.2271,-90.2321,116378.75,175199.0,124173.0,-4.63,CoStar/Real Capital Analytics,2025-Q4,https://www.rcanalytics.com
39202,Jackson,32.1528,-90.3527,112431.42,131294.0,97054.0,-5.07,CoStar/Real Capital Analytics,2025-Q4,https://www.rcanalytics.com
39203,Jackson,32.1656,-90.2184,113189.44,135959.0,106561.0,-5.09,CoStar/Real Capital Analytics,2025-Q4,https://www.rcanalytics.com
39204,Jackson,32.2514,-90.3531,109556.61,148223.0,114187.0,-4.37,CoStar/Real Capital Analytics,2025-Q4,https://www.rcanalytics.com
39205,Jackson,32.1709,-90.3045,125837.82,149458.0,100915.0,-4.91,CoStar/Real Capital Analytics,2025-Q4,https://www.rcanalytics.com
39206,Jackson,32.2849,-90.3222,130599.62,143634.0,91032.0,-4.99,CoStar/Real Capital Analytics,2025-Q4,https://www.rcanalytics.com
39207,Jackson,32.2956,-90.2128,93872.13,146595.0,114371.0,-4.09,CoStar/Real Capital Analytics,2025-Q4,https://www.rcanalytics.com
39208,Jackson,32.2655,-90.2881,117951.23,174894.0,109150.0,-3.93,CoStar/Real Capital Analytics,2025-Q4,https://www.rcanalytics.com
39209,Jackson,32.1819,-90.1096,108258.3,163572.0,104596.0,-3.73,CoStar/Real Capital Analytics,2025-Q4,https://www.rcanalytics.com
39210,Jackson,32.1713,-90.305,106552.77,132394.0,123576.0,-5.31,CoStar/Real Capital Analytics,2025-Q4,https://www.rcanalytics.com
39211,Jackson,32.4482,-90.2347,101355.52,130140.0,106814.0,-4.81,CoStar/Real Capital Analytics,2025-Q4,https://www.rcanalytics.com
39212,Jackson,32.296,-90.2763,131962.43,174323.0,93806.0,-3.8,CoStar/Real Capital Analytics,2025-Q4,https://www.rcanalytics.com
39213,Jackson,32.1967,-90.2215,105081.09,155914.0,102865.0,-5.17,CoStar/Real Capital Analytics,2025-Q4,https://www.rcanalytics.com
39214,Jackson,32.3854,-90.3628,103794.88,155952.0,93128.0,-3.98,CoStar/Real Capital Analytics,2025-Q4,https://www.rcanalytics.com
39215,Jackson,32.3652,-90.304,116064.26,153731.0,106936.0,-4.92,CoStar/Real Capital Analytics,2025-Q4,https://www.rcanalytics.com
72201,Little Rock,34.7682,-92.3894,120728.26,150518.0,117897.0,-4.75,CoStar/Real Capital Analytics,2025-Q4,https://www.rcanalytics.com
72202,Little Rock,34.7976,-92.1628,149639.42,181337.0,130546.0,-4.12,CoStar/Real Capital Analytics,2025-Q4,https://www.rcanalytics.com
72203,Little Rock,34.6219,-92.3923,125432.74,187021.0,119874.0,-5.22,CoStar/Real Capital Analytics,2025-Q4,https://www.rcanalytics.com
72204,Little Rock,34.7488,-92.4652,152637.94,191152.0,118303.0,-4.34,CoStar/Real Capital Analytics,2025-Q4,https://www.rcanalytics.com
72205,Little Rock,34.7948,-92.249,110216.83,178874.0,130736.0,-3.88,CoStar/Real Capital Analytics,2025-Q4,https://www.rcanalytics.com
72206,Little Rock,34.6569,-92.1649,152143.73,186674.0,136979.0,-4.24,CoStar/Real Capital Analytics,2025-Q4,https://www.rcanalytics.com
72207,Little Rock,34.7913,-92.2076,152072.45,174947.0,104209.0,-4.61,CoStar/Real Capital Analytics,2025-Q4,https://www.rcanalytics.com
72208,Little Rock,34.7869,-92.3467,132874.37,149319.0,124073.0,-4.55,CoStar/Real Capital Analytics,2025-Q4,https://www.rcanalytics.com
72209,Little Rock,34.8213,-92.4585,142672.99,165530.0,122881.0,-4.41,CoStar/Real Capital Analytics,2025-Q4,https://www.rcanalytics.com
72210,Little Rock,34.8875,-92.1108,128873.18,159987.0,111450.0,-4.29,CoStar/Real Capital Analytics,2025-Q4,https://www.rcanalytics.com
72211,Little Rock,34.6962,-92.2345,139360.85,163484.0,114295.0,-4.03,CoStar/Real Capital Analytics,2025-Q4,https://www.rcanalytics.com
72212,Little Rock,34.6491,-92.124,149568.14,206247.0,103911.0,-5.23,CoStar/Real Capital Analytics,2025-Q4,https://www.rcanalytics.com
72213,Little Rock,34.8331,-92.4152,116584.51,209885.0,104828.0,-3.72,CoStar/Real Capital Analytics,2025-Q4,https://www.rcanalytics.com
72214,Little Rock,34.6539,-92.422,132993.17,150275.0,137097.0,-4.31,CoStar/Real Capital Analytics,2025-Q4,https://www.rcanalytics.com
72215,Little Rock,34.5972,-92.1171,137403.02,200018.0,114705.0,-5.16,CoStar/Real Capital Analytics,2025-Q4,https://www.rcanalytics.com
72216,Little Rock,34.8815,-92.2356,146707.44,182036.0,104209.0,-4.79,CoStar/Real Capital Analytics,2025-Q4,https://www.rcanalytics.com
72217,Little Rock,34.6064,-92.3915,148232.83,195110.0,124213.0,-3.89,CoStar/Real Capital Analytics,2025-Q4,https://www.rcanalytics.com
72218,Little Rock,34.8266,-92.1155,114602.93,205349.0,106160.0,-4.79,CoStar/Real Capital Analytics,2025-Q4,https://www.rcanalytics.com
72219,Little Rock,34.6087,-92.1653,145866.34,186437.0,130537.0,-5.22,CoStar/Real Capital Analytics,2025-Q4,https://www.rcanalytics.com
72220,Little Rock,34.7655,-92.4348,141532.51,180182.0,141923.0,-4.51,CoStar/Real Capital Analytics,2025-Q4,https://www.rcanalytics.com
37401,Chattanooga,35.1461,-85.4534,179964.92,232128.0,151422.0,-4.98,CoStar/Real Capital Analytics,2025-Q4,https://www.rcanalytics.com
37402,Chattanooga,34.9016,-85.1394,144230.6,205114.0,137639.0,-5.27,CoStar/Real Capital Analytics,2025-Q4,https://www.rcanalytics.com
37403,Chattanooga,34.9809,-85.4578,129075.32,205838.0,125574.0,-5.03,CoStar/Real Capital Analytics,2025-Q4,https://www.rcanalytics.com
37404,Chattanooga,34.9264,-85.3973,144671.42,187216.0,151671.0,-3.97,CoStar/Real Capital Analytics,2025-Q4,https://www.rcanalytics.com
37405,Chattanooga,34.953,-85.1991,136580.42,182417.0,129142.0,-3.97,CoStar/Real Capital Analytics,2025-Q4,https://www.rcanalytics.com
37406,Chattanooga,34.9671,-85.1632,170105.06,178643.0,153314.0,-5.25,CoStar/Real Capital Analytics,2025-Q4,https://www.rcanalytics.com
37407,Chattanooga,35.0358,-85.4468,127976.06,212308.0,156145.0,-5.24,CoStar/Real Capital Analytics,2025-Q4,https://www.rcanalytics.com
37408,Chattanooga,35.1555,-85.4106,146769.5,238056.0,136521.0,-4.63,CoStar/Real Capital Analytics,2025-Q4,https://www.rcanalytics.com
37409,Chattanooga,34.8976,-85.3465,167197.88,227013.0,125548.0,-3.73,CoStar/Real Capital Analytics,2025-Q4,https://www.rcanalytics.com
37410,Chattanooga,35.0951,-85.3763,177409.28,227314.0,157937.0,-3.85,CoStar/Real Capital Analytics,2025-Q4,https://www.rcanalytics.com
37411,Chattanooga,34.9414,-85.4732,165708.02,191517.0,132222.0,-4.38,CoStar/Real Capital Analytics,2025-Q4,https://www.rcanalytics.com
37412,Chattanooga,35.0932,-85.1884,181482.68,180150.0,161791.0,-4.17,CoStar/Real Capital Analytics,2025-Q4,https://www.rcanalytics.com
37413,Chattanooga,35.0907,-85.371,169323.86,184918.0,141875.0,-4.67,CoStar/Real Capital Analytics,2025-Q4,https://www.rcanalytics.com
37414,Chattanooga,35.0638,-85.1962,181248.32,239600.0,159151.0,-3.91,CoStar/Real Capital Analytics,2025-Q4,https://www.rcanalytics.com
37415,Chattanooga,35.1133,-85.1357,157700.72,183525.0,159469.0,-4.07,CoStar/Real Capital Analytics,2025-Q4,https://www.rcanalytics.com
37416,Chattanooga,35.1223,-85.2977,167058.38,243796.0,168046.0,-4.58,CoStar/Real Capital Analytics,2025-Q4,https://www.rcanalytics.com
37417,Chattanooga,35.0357,-85.4008,170244.56,209235.0,145755.0,-5.3,CoStar/Real Capital Analytics,2025-Q4,https://www.rcanalytics.com
37418,Chattanooga,35.053,-85.3714,150089.6,207224.0,145389.0,-4.0,CoStar/Real Capital Analytics,2025-Q4,https://www.rcanalytics.com
37419,Chattanooga,35.1174,-85.1895,164123.3,219284.0,157105.0,-3.75,CoStar/Real Capital Analytics,2025-Q4,https://www.rcanalytics.com
37420,Chattanooga,35.0582,-85.3824,134839.46,192986.0,135132.0,-4.22,CoStar/Real Capital Analytics,2025-Q4,https://www.rcanalytics.com
37901,Knoxville,35.9806,-83.8556,137132.84,193152.0,172271.0,-4.07,CoStar/Real Capital Analytics,2025-Q4,https://www.rcanalytics.com
37902,Knoxville,36.1059,-83.8437,161841.08,195502.0,157142.0,-3.79,CoStar/Real Capital Analytics,2025-Q4,https://www.rcanalytics.com
37903,Knoxville,35.9361,-83.8778,156601.46,207819.0,124996.0,-5.0,CoStar/Real Capital Analytics,2025-Q4,https://www.rcanalytics.com
37904,Knoxville,35.9969,-84.0337,134789.24,223962.0,137077.0,-4.91,CoStar/Real Capital Analytics,2025-Q4,https://www.rcanalytics.com
37905,Knoxville,35.8953,-84.0148,137266.76,240685.0,160513.0,-4.19,CoStar/Real Capital Analytics,2025-Q4,https://www.rcanalytics.com
37906,Knoxville,35.8615,-83.9467,146105.48,232037.0,155127.0,-4.83,CoStar/Real Capital Analytics,2025-Q4,https://www.rcanalytics.com
37907,Knoxville,35.9189,-83.7765,146423.54,184376.0,131729.0,-3.81,CoStar/Real Capital Analytics,2025-Q4,https://www.rcanalytics.com
37908,Knoxville,35.8884,-83.8143,161372.36,224241.0,125468.0,-4.0,CoStar/Real Capital Analytics,2025-Q4,https://www.rcanalytics.com
37909,Knoxville,36.0959,-83.7466,133768.1,206177.0,122622.0,-5.13,CoStar/Real Capital Analytics,2025-Q4,https://www.rcanalytics.com
37910,Knoxville,35.9395,-83.7964,143823.26,180466.0,160730.0,-4.91,CoStar/Real Capital Analytics,2025-Q4,https://www.rcanalytics.com
37911,Knoxville,35.9424,-83.9064,167342.96,198983.0,136277.0,-4.08,CoStar/Real Capital Analytics,2025-Q4,https://www.rcanalytics.com
37912,Knoxville,35.8986,-84.0266,143521.94,207148.0,159591.0,-5.17,CoStar/Real Capital Analytics,2025-Q4,https://www.rcanalytics.com
37913,Knoxville,35.826,-83.9278,132880.88,237476.0,173395.0,-4.38,CoStar/Real Capital Analytics,2025-Q4,https://www.rcanalytics.com
37914,Knoxville,35.9466,-83.8265,141066.74,188595.0,148877.0,-5.15,CoStar/Real Capital Analytics,2025-Q4,https://www.rcanalytics.com
37915,Knoxville,35.9807,-84.0089,134733.44,218862.0,132036.0,-4.14,CoStar/Real Capital Analytics,2025-Q4,https://www.rcanalytics.com
37916,Knoxville,35.8224,-83.9231,157159.46,212519.0,125569.0,-4.48,CoStar/Real Capital Analytics,2025-Q4,https://www.rcanalytics.com
37917,Knoxville,35.8801,-83.8696,140676.14,245665.0,140571.0,-4.2,CoStar/Real Capital Analytics,2025-Q4,https://www.rcanalytics.com
37918,Knoxville,35.9267,-83.9212,130062.98,216429.0,133976.0,-4.58,CoStar/Real Capital Analytics,2025-Q4,https://www.rcanalytics.com
37919,Knoxville,35.9123,-84.0963,180149.06,214033.0,165024.0,-4.37,CoStar/Real Capital Analytics,2025-Q4,https://www.rcanalytics.com
37920,Knoxville,36.0378,-83.7642,142595.66,197182.0,137040.0,-4.77,CoStar/Real Capital Analytics,2025-Q4,https://www.rcanalytics.com
35801,Huntsville,34.7079,-86.7432,159581.18,190305.0,125235.0,-4.07,CoStar/Real Capital Analytics,2025-Q4,https://www.rcanalytics.com
35802,Huntsville,34.7481,-86.4382,182241.56,188097.0,123401.0,-5.19,CoStar/Real Capital Analytics,2025-Q4,https://www.rcanalytics.com
35803,Huntsville,34.7966,-86.6401,152276.96,196346.0,165687.0,-5.16,CoStar/Real Capital Analytics,2025-Q4,https://www.rcanalytics.com
35804,Huntsville,34.7559,-86.582,136909.64,240158.0,122728.0,-4.67,CoStar/Real Capital Analytics,2025-Q4,https://www.rcanalytics.com
35805,Huntsville,34.8125,-86.4995,138354.86,186433.0,152535.0,-5.13,CoStar/Real Capital Analytics,2025-Q4,https://www.rcanalytics.com
35806,Huntsville,34.7077,-86.736,180723.8,233378.0,134782.0,-4.59,CoStar/Real Capital Analytics,2025-Q4,https://www.rcanalytics.com
35807,Huntsville,34.8121,-86.7147,143293.16,233747.0,142665.0,-5.05,CoStar/Real Capital Analytics,2025-Q4,https://www.rcanalytics.com
35808,Huntsville,34.7777,-86.4916,182704.7,235367.0,131554.0,-3.92,CoStar/Real Capital Analytics,2025-Q4,https://www.rcanalytics.com
35809,Huntsville,34.8185,-86.5026,173174.06,222734.0,164102.0,-4.4,CoStar/Real Capital Analytics,2025-Q4,https://www.rcanalytics.com
35810,Huntsville,34.6263,-86.621,173095.94,230501.0,145204.0,-4.38,CoStar/Real Capital Analytics,2025-Q4,https://www.rcanalytics.com
35811,Huntsville,34.8674,-86.6693,139827.98,178982.0,144822.0,-5.22,CoStar/Real Capital Analytics,2025-Q4,https://www.rcanalytics.com
35812,Huntsville,34.8036,-86.6961,128043.02,210855.0,140348.0,-4.32,CoStar/Real Capital Analytics,2025-Q4,https://www.rcanalytics.com
35813,Huntsville,34.727,-86.7408,138522.26,184971.0,163413.0,-3.76,CoStar/Real Capital Analytics,2025-Q4,https://www.rcanalytics.com
35814,Huntsville,34.7605,-86.5112,146373.32,231962.0,149996.0,-5.08,CoStar/Real Capital Analytics,2025-Q4,https://www.rcanalytics.com
35815,Huntsville,34.6437,-86.6057,176890.34,199231.0,130939.0,-4.65,CoStar/Real Capital Analytics,2025-Q4,https://www.rcanalytics.com
35816,Huntsville,34.5926,-86.656,133461.2,203585.0,131782.0,-4.77,CoStar/Real Capital Analytics,2025-Q4,https://www.rcanalytics.com
35817,Huntsville,34.7372,-86.4676,177587.84,240188.0,131533.0,-3.74,CoStar/Real Capital Analytics,2025-Q4,https://www.rcanalytics.com
35818,Huntsville,34.8734,-86.6638,132691.16,216482.0,145829.0,-5.1,CoStar/Real Capital Analytics,2025-Q4,https://www.rcanalytics.com
35819,Huntsville,34.7794,-86.5838,166656.62,217627.0,151528.0,-3.98,CoStar/Real Capital Analytics,2025-Q4,https://www.rcanalytics.com
35820,Huntsville,34.604,-86.6983,136396.28,219126.0,172923.0,-4.56,CoStar/Real Capital Analytics,2025-Q4,https://www.rcanalytics.com
80901,Colorado Springs,38.6889,-104.726,207843.8,273163.0,160002.0,-4.21,CoStar/Real Capital Analytics,2025-Q4,https://www.rcanalytics.com
80902,Colorado Springs,38.6976,-104.8922,156195.5,287737.0,189897.0,-4.1,CoStar/Real Capital Analytics,2025-Q4,https://www.rcanalytics.com
80903,Colorado Springs,38.7572,-104.7671,189428.9,272560.0,176598.0,-5.1,CoStar/Real Capital Analytics,2025-Q4,https://www.rcanalytics.com
80904,Colorado Springs,38.7692,-104.9203,203628.02,291288.0,172865.0,-4.17,CoStar/Real Capital Analytics,2025-Q4,https://www.rcanalytics.com
80905,Colorado Springs,38.897,-104.7245,196601.72,211781.0,158294.0,-5.25,CoStar/Real Capital Analytics,2025-Q4,https://www.rcanalytics.com
80906,Colorado Springs,38.9338,-104.7896,180391.28,238934.0,183678.0,-4.24,CoStar/Real Capital Analytics,2025-Q4,https://www.rcanalytics.com
80907,Colorado Springs,38.7351,-104.7152,197627.36,236821.0,154415.0,-4.08,CoStar/Real Capital Analytics,2025-Q4,https://www.rcanalytics.com
80908,Colorado Springs,38.7261,-104.9324,200391.26,215827.0,168904.0,-4.63,CoStar/Real Capital Analytics,2025-Q4,https://www.rcanalytics.com
80909,Colorado Springs,38.7516,-104.6453,166818.2,274116.0,181976.0,-4.04,CoStar/Real Capital Analytics,2025-Q4,https://www.rcanalytics.com
80910,Colorado Springs,38.7266,-104.8132,174184.16,206063.0,201956.0,-4.43,CoStar/Real Capital Analytics,2025-Q4,https://www.rcanalytics.com
80911,Colorado Springs,38.745,-104.9654,187450.88,216474.0,163862.0,-4.59,CoStar/Real Capital Analytics,2025-Q4,https://www.rcanalytics.com
80912,Colorado Springs,38.8741,-104.9725,161709.98,244508.0,201197.0,-4.4,CoStar/Real Capital Analytics,2025-Q4,https://www.rcanalytics.com
80913,Colorado Springs,38.6908,-104.9241,178986.02,249282.0,165424.0,-3.74,CoStar/Real Capital Analytics,2025-Q4,https://www.rcanalytics.com
80914,Colorado Springs,38.7963,-104.7415,164860.16,209929.0,148835.0,-4.93,CoStar/Real Capital Analytics,2025-Q4,https://www.rcanalytics.com
80915,Colorado Springs,38.9103,-104.9924,208223.42,293581.0,154036.0,-3.84,CoStar/Real Capital Analytics,2025-Q4,https://www.rcanalytics.com
80916,Colorado Springs,38.8286,-104.7344,164673.68,229475.0,158635.0,-4.41,CoStar/Real Capital Analytics,2025-Q4,https://www.rcanalytics.com
80917,Colorado Springs,38.7612,-104.9417,165066.62,205802.0,161774.0,-4.41,CoStar/Real Capital Analytics,2025-Q4,https://www.rcanalytics.com
80918,Colorado Springs,38.8939,-104.8331,164087.6,285255.0,176459.0,-4.29,CoStar/Real Capital Analytics,2025-Q4,https://www.rcanalytics.com
80919,Colorado Springs,38.8516,-104.8742,202815.5,240948.0,145020.0,-4.06,CoStar/Real Capital Analytics,2025-Q4,https://www.rcanalytics.com
80920,Colorado Springs,38.8249,-104.9132,206804.84,223155.0,207277.0,-4.05,CoStar/Real Capital Analytics,2025-Q4,https://www.rcanalytics.com
80521,Fort Collins,40.6156,-105.0487,239099.42,356029.0,248854.0,-4.18,CoStar/Real Capital Analytics,2025-Q4,https://www.rcanalytics.com
80522,Fort Collins,40.5813,-105.0875,243579.98,296756.0,214434.0,-4.8,CoStar/Real Capital Analytics,2025-Q4,https://www.rcanalytics.com
80523,Fort Collins,40.7337,-105.2207,268778.72,342169.0,208803.0,-4.91,CoStar/Real Capital Analytics,2025-Q4,https://www.rcanalytics.com
80524,Fort Collins,40.5595,-105.1563,282264.5,323499.0,270673.0,-3.69,CoStar/Real Capital Analytics,2025-Q4,https://www.rcanalytics.com
80525,Fort Collins,40.5862,-104.9995,267332.24,375401.0,223164.0,-4.27,CoStar/Real Capital Analytics,2025-Q4,https://www.rcanalytics.com
80526,Fort Collins,40.4926,-105.1942,214271.12,325761.0,214325.0,-4.01,CoStar/Real Capital Analytics,2025-Q4,https://www.rcanalytics.com
80527,Fort Collins,40.6055,-104.9815,204780.8,325058.0,226172.0,-4.86,CoStar/Real Capital Analytics,2025-Q4,https://www.rcanalytics.com
80528,Fort Collins,40.5814,-105.0669,256351.34,384153.0,219302.0,-3.93,CoStar/Real Capital Analytics,2025-Q4,https://www.rcanalytics.com
80529,Fort Collins,40.4537,-104.9633,220745.0,324177.0,252600.0,-4.97,CoStar/Real Capital Analytics,2025-Q4,https://www.rcanalytics.com
80530,Fort Collins,40.6692,-104.9353,204974.84,273061.0,223935.0,-4.82,CoStar/Real Capital Analytics,2025-Q4,https://www.rcanalytics.com
80531,Fort Collins,40.7276,-104.9174,252779.24,381450.0,192899.0,-4.11,CoStar/Real Capital Analytics,2025-Q4,https://www.rcanalytics.com
80532,Fort Collins,40.5228,-105.1228,252973.28,383998.0,239411.0,-4.27,CoStar/Real Capital Analytics,2025-Q4,https://www.rcanalytics.com
80533,Fort Collins,40.7307,-105.1286,278066.18,283646.0,260267.0,-4.74,CoStar/Real Capital Analytics,2025-Q4,https://www.rcanalytics.com
80534,Fort Collins,40.6703,-105.1334,280835.66,288171.0,269098.0,-3.76,CoStar/Real Capital Analytics,2025-Q4,https://www.rcanalytics.com
80535,Fort Collins,40.5431,-105.0584,230632.22,284027.0,236646.0,-4.41,CoStar/Real Capital Analytics,2025-Q4,https://www.rcanalytics.com
83701,Boise,43.7247,-116.0441,196640.72,276729.0,182066.0,-5.23,CoStar/Real Capital Analytics,2025-Q4,https://www.rcanalytics.com
83702,Boise,43.6019,-116.2558,209852.9,247002.0,209581.0,-4.58,CoStar/Real Capital Analytics,2025-Q4,https://www.rcanalytics.com
83703,Boise,43.6464,-116.2294,208498.4,319862.0,208625.0,-4.91,CoStar/Real Capital Analytics,2025-Q4,https://www.rcanalytics.com
83704,Boise,43.6846,-116.3613,212832.8,287690.0,240375.0,-3.83,CoStar/Real Capital Analytics,2025-Q4,https://www.rcanalytics.com
83705,Boise,43.7173,-116.1541,249713.9,297470.0,225949.0,-3.72,CoStar/Real Capital Analytics,2025-Q4,https://www.rcanalytics.com
83706,Boise,43.5021,-116.1499,185982.74,294534.0,237530.0,-4.61,CoStar/Real Capital Analytics,2025-Q4,https://www.rcanalytics.com
83707,Boise,43.5185,-116.0558,241161.2,335755.0,229125.0,-3.71,CoStar/Real Capital Analytics,2025-Q4,https://www.rcanalytics.com
83708,Boise,43.7088,-116.1862,210247.64,287397.0,175514.0,-4.2,CoStar/Real Capital Analytics,2025-Q4,https://www.rcanalytics.com
83709,Boise,43.718,-116.3356,206501.48,335285.0,236324.0,-5.07,CoStar/Real Capital Analytics,2025-Q4,https://www.rcanalytics.com
83710,Boise,43.5694,-116.3151,245503.34,249112.0,179367.0,-5.29,CoStar/Real Capital Analytics,2025-Q4,https://www.rcanalytics.com
83711,Boise,43.514,-116.3647,203335.82,313833.0,205647.0,-3.88,CoStar/Real Capital Analytics,2025-Q4,https://www.rcanalytics.com
83712,Boise,43.5914,-116.2544,189752.12,275789.0,234199.0,-4.15,CoStar/Real Capital Analytics,2025-Q4,https://www.rcanalytics.com
83713,Boise,43.677,-116.2647,230193.62,298264.0,181235.0,-4.8,CoStar/Real Capital Analytics,2025-Q4,https://www.rcanalytics.com
83714,Boise,43.5255,-116.2124,195247.52,264211.0,225493.0,-4.12,CoStar/Real Capital Analytics,2025-Q4,https://www.rcanalytics.com
83715,Boise,43.6774,-116.1641,180882.08,283072.0,211338.0,-4.16,CoStar/Real Capital Analytics,2025-Q4,https://www.rcanalytics.com
83716,Boise,43.5902,-116.2899,231331.4,326498.0,234721.0,-4.41,CoStar/Real Capital Analytics,2025-Q4,https://www.rcanalytics.com
83717,Boise,43.7008,-116.3328,230627.06,326780.0,219610.0,-4.69,CoStar/Real Capital Analytics,2025-Q4,https://www.rcanalytics.com
83718,Boise,43.5903,-116.2651,222925.76,262226.0,180184.0,-4.37,CoStar/Real Capital Analytics,2025-Q4,https://www.rcanalytics.com
83719,Boise,43.4972,-116.3332,188614.34,275088.0,185294.0,-5.17,CoStar/Real Capital Analytics,2025-Q4,https://www.rcanalytics.com
83720,Boise,43.699,-116.2283,247066.82,291964.0,202787.0,-4.39,CoStar/Real Capital Analytics,2025-Q4,https://www.rcanalytics.com
84101,Salt Lake City,40.8773,-111.9314,254654.1,284220.0,193335.0,-4.82,CoStar/Real Capital Analytics,2025-Q4,https://www.rcanalytics.com
84102,Salt Lake City,40.6363,-112.0239,208719.0,339147.0,221453.0,-5.21,CoStar/Real Capital Analytics,2025-Q4,https://www.rcanalytics.com
84103,Salt Lake City,40.7514,-111.8461,198043.2,266166.0,176322.0,-4.98,CoStar/Real Capital Analytics,2025-Q4,https://www.rcanalytics.com
84104,Salt Lake City,40.823,-111.9307,198602.1,298567.0,218282.0,-3.86,CoStar/Real Capital Analytics,2025-Q4,https://www.rcanalytics.com
84105,Salt Lake City,40.6169,-111.754,239004.9,342154.0,177099.0,-3.88,CoStar/Real Capital Analytics,2025-Q4,https://www.rcanalytics.com
84106,Salt Lake City,40.825,-111.9304,253852.2,344516.0,220968.0,-4.35,CoStar/Real Capital Analytics,2025-Q4,https://www.rcanalytics.com
84107,Salt Lake City,40.7135,-111.8584,205470.9,306265.0,196382.0,-4.39,CoStar/Real Capital Analytics,2025-Q4,https://www.rcanalytics.com
84108,Salt Lake City,40.6178,-112.023,200003.4,311951.0,212588.0,-4.5,CoStar/Real Capital Analytics,2025-Q4,https://www.rcanalytics.com
84109,Salt Lake City,40.6842,-111.832,243711.0,336894.0,202315.0,-4.75,CoStar/Real Capital Analytics,2025-Q4,https://www.rcanalytics.com
84110,Salt Lake City,40.6812,-111.8502,256104.0,282788.0,187933.0,-4.19,CoStar/Real Capital Analytics,2025-Q4,https://www.rcanalytics.com
84111,Salt Lake City,40.7174,-111.7903,250798.5,350913.0,239159.0,-5.22,CoStar/Real Capital Analytics,2025-Q4,https://www.rcanalytics.com
84112,Salt Lake City,40.8392,-111.8342,186128.1,296544.0,227455.0,-4.03,CoStar/Real Capital Analytics,2025-Q4,https://www.rcanalytics.com
84113,Salt Lake City,40.8892,-111.8919,252499.5,357157.0,251094.0,-3.93,CoStar/Real Capital Analytics,2025-Q4,https://www.rcanalytics.com
84114,Salt Lake City,40.8178,-111.7551,203834.7,295691.0,243599.0,-3.96,CoStar/Real Capital Analytics,2025-Q4,https://www.rcanalytics.com
84115,Salt Lake City,40.8422,-111.9471,221711.4,282449.0,178992.0,-4.07,CoStar/Real Capital Analytics,2025-Q4,https://www.rcanalytics.com
84116,Salt Lake City,40.8637,-111.9126,261757.8,292826.0,238151.0,-4.59,CoStar/Real Capital Analytics,2025-Q4,https://www.rcanalytics.com
84117,Salt Lake City,40.7678,-111.8173,204393.6,271470.0,205947.0,-4.95,CoStar/Real Capital Analytics,2025-Q4,https://www.rcanalytics.com
84118,Salt Lake City,40.7497,-111.8455,253552.5,351394.0,193050.0,-4.62,CoStar/Real Capital Analytics,2025-Q4,https://www.rcanalytics.com
84119,Salt Lake City,40.8466,-111.8149,200465.1,280622.0,219090.0,-4.53,CoStar/Real Capital Analytics,2025-Q4,https://www.rcanalytics.com
84120,Salt Lake City,40.8174,-111.8833,212801.4,302689.0,242445.0,-3.77,CoStar/Real Capital Analytics,2025-Q4,https://www.rcanalytics.com
84121,Salt Lake City,40.7933,-111.7582,249559.2,324461.0,252148.0,-5.1,CoStar/Real Capital Analytics,2025-Q4,https://www.rcanalytics.com
84122,Salt Lake City,40.6815,-111.9512,239158.8,279890.0,188349.0,-3.87,CoStar/Real Capital Analytics,2025-Q4,https://www.rcanalytics.com
84123,Salt Lake City,40.7958,-111.9414,213830.1,346484.0,204539.0,-4.3,CoStar/Real Capital Analytics,2025-Q4,https://www.rcanalytics.com
84124,Salt Lake City,40.7031,-111.7985,216948.6,278742.0,236643.0,-4.07,CoStar/Real Capital Analytics,2025-Q4,https://www.rcanalytics.com
84125,Salt Lake City,40.8587,-111.7259,201696.3,343018.0,193951.0,-4.53,CoStar/Real Capital Analytics,2025-Q4,https://www.rcanalytics.com
84126,Salt Lake City,40.6944,-112.0675,253034.1,261235.0,222322.0,-4.65,CoStar/Real Capital Analytics,2025-Q4,https://www.rcanalytics.com
84127,Salt Lake City,40.7442,-112.0667,243759.6,321869.0,209910.0,-4.61,CoStar/Real Capital Analytics,2025-Q4,https://www.rcanalytics.com
84128,Salt Lake City,40.8542,-111.9549,228483.0,341629.0,186287.0,-3.8,CoStar/Real Capital Analytics,2025-Q4,https://www.rcanalytics.com
84129,Salt Lake City,40.7484,-111.8172,218268.9,293241.0,211195.0,-4.1,CoStar/Real Capital Analytics,2025-Q4,https://www.rcanalytics.com
84130,Salt Lake City,40.7792,-111.7822,190323.9,308561.0,246131.0,-4.95,CoStar/Real Capital Analytics,2025-Q4,https://www.rcanalytics.com
89501,Reno,39.4008,-119.9316,249956.84,327404.0,243844.0,-4.23,CoStar/Real Capital Analytics,2025-Q4,https://www.rcanalytics.com
89502,Reno,39.3829,-119.8015,209808.2,364209.0,266031.0,-4.77,CoStar/Real Capital Analytics,2025-Q4,https://www.rcanalytics.com
89503,Reno,39.6474,-119.9435,260126.3,283324.0,262546.0,-5.25,CoStar/Real Capital Analytics,2025-Q4,https://www.rcanalytics.com
89504,Reno,39.5015,-119.7962,201129.32,369984.0,248595.0,-4.87,CoStar/Real Capital Analytics,2025-Q4,https://www.rcanalytics.com
89505,Reno,39.6072,-119.9909,231770.0,373294.0,215648.0,-4.1,CoStar/Real Capital Analytics,2025-Q4,https://www.rcanalytics.com
89506,Reno,39.539,-119.9151,208388.18,319069.0,195413.0,-3.89,CoStar/Real Capital Analytics,2025-Q4,https://www.rcanalytics.com
89507,Reno,39.613,-119.7196,273321.02,346086.0,226910.0,-5.1,CoStar/Real Capital Analytics,2025-Q4,https://www.rcanalytics.com
89508,Reno,39.4903,-119.9834,269369.66,356040.0,261088.0,-4.76,CoStar/Real Capital Analytics,2025-Q4,https://www.rcanalytics.com
89509,Reno,39.4744,-119.7708,278383.7,377211.0,251058.0,-4.3,CoStar/Real Capital Analytics,2025-Q4,https://www.rcanalytics.com
89510,Reno,39.4756,-119.6483,244876.52,370531.0,200784.0,-4.6,CoStar/Real Capital Analytics,2025-Q4,https://www.rcanalytics.com
89511,Reno,39.6468,-119.9826,246614.06,274811.0,255784.0,-3.93,CoStar/Real Capital Analytics,2025-Q4,https://www.rcanalytics.com
89512,Reno,39.6637,-119.9181,225622.46,313294.0,229390.0,-5.02,CoStar/Real Capital Analytics,2025-Q4,https://www.rcanalytics.com
89513,Reno,39.6736,-119.6495,233419.34,358350.0,247950.0,-4.84,CoStar/Real Capital Analytics,2025-Q4,https://www.rcanalytics.com
89514,Reno,39.589,-119.9675,286674.5,286551.0,237618.0,-4.51,CoStar/Real Capital Analytics,2025-Q4,https://www.rcanalytics.com
89515,Reno,39.6568,-119.839,243438.86,292207.0,198488.0,-3.89,CoStar/Real Capital Analytics,2025-Q4,https://www.rcanalytics.com
32301,Tallahassee,30.5905,-84.2476,146886.45,179416.0,129399.0,-5.25,CoStar/Real Capital Analytics,2025-Q4,https://www.rcanalytics.com
32302,Tallahassee,30.5402,-84.2703,169312.0,226341.0,137421.0,-4.17,CoStar/Real Capital Analytics,2025-Q4,https://www.rcanalytics.com
32303,Tallahassee,30.3944,-84.1612,168587.39,167519.0,123416.0,-5.11,CoStar/Real Capital Analytics,2025-Q4,https://www.rcanalytics.com
32304,Tallahassee,30.3974,-84.269,123629.73,173712.0,119402.0,-4.95,CoStar/Real Capital Analytics,2025-Q4,https://www.rcanalytics.com
32305,Tallahassee,30.3641,-84.1975,156348.98,223536.0,117256.0,-4.54,CoStar/Real Capital Analytics,2025-Q4,https://www.rcanalytics.com
32306,Tallahassee,30.3177,-84.4342,172876.43,174258.0,145515.0,-3.8,CoStar/Real Capital Analytics,2025-Q4,https://www.rcanalytics.com
32307,Tallahassee,30.3535,-84.1511,127844.18,185760.0,133716.0,-4.92,CoStar/Real Capital Analytics,2025-Q4,https://www.rcanalytics.com
32308,Tallahassee,30.3849,-84.2306,168635.34,171194.0,153502.0,-4.04,CoStar/Real Capital Analytics,2025-Q4,https://www.rcanalytics.com
32309,Tallahassee,30.4286,-84.2102,124764.59,199066.0,124681.0,-4.35,CoStar/Real Capital Analytics,2025-Q4,https://www.rcanalytics.com
32310,Tallahassee,30.5122,-84.4036,133459.89,212682.0,118010.0,-3.69,CoStar/Real Capital Analytics,2025-Q4,https://www.rcanalytics.com
32311,Tallahassee,30.3031,-84.3612,143769.57,190449.0,141061.0,-4.62,CoStar/Real Capital Analytics,2025-Q4,https://www.rcanalytics.com
32312,Tallahassee,30.3315,-84.1262,158330.99,234534.0,155598.0,-3.71,CoStar/Real Capital Analytics,2025-Q4,https://www.rcanalytics.com
32313,Tallahassee,30.4697,-84.3331,160824.5,165181.0,119230.0,-5.3,CoStar/Real Capital Analytics,2025-Q4,https://www.rcanalytics.com
32314,Tallahassee,30.5859,-84.2822,137935.41,225687.0,125972.0,-5.05,CoStar/Real Capital Analytics,2025-Q4,https://www.rcanalytics.com
32315,Tallahassee,30.4252,-84.1236,135292.72,173827.0,152146.0,-4.45,CoStar/Real Capital Analytics,2025-Q4,https://www.rcanalytics.com
32601,Gainesville,29.5759,-82.3427,147193.58,223179.0,146624.0,-5.04,CoStar/Real Capital Analytics,2025-Q4,https://www.rcanalytics.com
32602,Gainesville,29.7319,-82.1685,173040.14,195487.0,127371.0,-4.53,CoStar/Real Capital Analytics,2025-Q4,https://www.rcanalytics.com
32603,Gainesville,29.5254,-82.2665,148700.18,223148.0,135519.0,-4.81,CoStar/Real Capital Analytics,2025-Q4,https://www.rcanalytics.com
32604,Gainesville,29.5349,-82.1629,175729.7,174613.0,171120.0,-4.55,CoStar/Real Capital Analytics,2025-Q4,https://www.rcanalytics.com
32605,Gainesville,29.7162,-82.2602,168559.4,232052.0,167844.0,-4.69,CoStar/Real Capital Analytics,2025-Q4,https://www.rcanalytics.com
32606,Gainesville,29.5085,-82.4095,138890.54,193212.0,128373.0,-4.66,CoStar/Real Capital Analytics,2025-Q4,https://www.rcanalytics.com
32607,Gainesville,29.7182,-82.455,159402.62,236874.0,159914.0,-3.82,CoStar/Real Capital Analytics,2025-Q4,https://www.rcanalytics.com
32608,Gainesville,29.5656,-82.3986,140804.48,184218.0,156813.0,-5.28,CoStar/Real Capital Analytics,2025-Q4,https://www.rcanalytics.com
32609,Gainesville,29.6681,-82.1764,161422.58,223947.0,151183.0,-3.92,CoStar/Real Capital Analytics,2025-Q4,https://www.rcanalytics.com
32610,Gainesville,29.7204,-82.4582,162187.04,191013.0,163020.0,-5.09,CoStar/Real Capital Analytics,2025-Q4,https://www.rcanalytics.com
32611,Gainesville,29.7424,-82.4406,167627.54,175404.0,143598.0,-4.23,CoStar/Real Capital Analytics,2025-Q4,https://www.rcanalytics.com
32612,Gainesville,29.6499,-82.2905,158733.02,245273.0,147711.0,-5.28,CoStar/Real Capital Analytics,2025-Q4,https://www.rcanalytics.com
32613,Gainesville,29.7811,-82.2597,168860.72,219585.0,149142.0,-4.8,CoStar/Real Capital Analytics,2025-Q4,https://www.rcanalytics.com
32614,Gainesville,29.5171,-82.286,145954.82,184700.0,156967.0,-4.51,CoStar/Real Capital Analytics,2025-Q4,https://www.rcanalytics.com
32615,Gainesville,29.5239,-82.2676,182766.08,173265.0,163015.0,-4.81,CoStar/Real Capital Analytics,2025-Q4,https://www.rcanalytics.com
34201,Bradenton,27.5224,-82.5544,164113.49,275027.0,171015.0,-4.62,CoStar/Real Capital Analytics,2025-Q4,https://www.rcanalytics.com
34202,Bradenton,27.5379,-82.6255,189916.85,243503.0,186475.0,-4.8,CoStar/Real Capital Analytics,2025-Q4,https://www.rcanalytics.com
34203,Bradenton,27.3712,-82.6118,177891.91,313557.0,186448.0,-4.51,CoStar/Real Capital Analytics,2025-Q4,https://www.rcanalytics.com
34204,Bradenton,27.6075,-82.486,178447.9,226673.0,171245.0,-5.22,CoStar/Real Capital Analytics,2025-Q4,https://www.rcanalytics.com
34205,Bradenton,27.6163,-82.5212,206453.81,223795.0,190673.0,-5.13,CoStar/Real Capital Analytics,2025-Q4,https://www.rcanalytics.com
34206,Bradenton,27.5039,-82.5677,228807.22,271091.0,202754.0,-4.58,CoStar/Real Capital Analytics,2025-Q4,https://www.rcanalytics.com
34207,Bradenton,27.4793,-82.4632,227467.15,306118.0,166350.0,-5.04,CoStar/Real Capital Analytics,2025-Q4,https://www.rcanalytics.com
34208,Bradenton,27.4071,-82.6673,225628.13,255127.0,163634.0,-4.71,CoStar/Real Capital Analytics,2025-Q4,https://www.rcanalytics.com
34209,Bradenton,27.5284,-82.4593,204044.54,305743.0,202246.0,-4.16,CoStar/Real Capital Analytics,2025-Q4,https://www.rcanalytics.com
34210,Bradenton,27.5195,-82.7443,223311.53,260689.0,204887.0,-3.76,CoStar/Real Capital Analytics,2025-Q4,https://www.rcanalytics.com
34211,Bradenton,27.5849,-82.4356,168176.45,237873.0,185608.0,-4.21,CoStar/Real Capital Analytics,2025-Q4,https://www.rcanalytics.com
34212,Bradenton,27.5312,-82.7127,168974.78,301865.0,201765.0,-4.71,CoStar/Real Capital Analytics,2025-Q4,https://www.rcanalytics.com
34213,Bradenton,27.4925,-82.5154,199782.0,311113.0,156741.0,-4.2,CoStar/Real Capital Analytics,2025-Q4,https://www.rcanalytics.com
34214,Bradenton,27.5645,-82.7151,222841.08,313615.0,194140.0,-3.77,CoStar/Real Capital Analytics,2025-Q4,https://www.rcanalytics.com
34215,Bradenton,27.4423,-82.4399,181983.38,296563.0,155170.0,-4.95,CoStar/Real Capital Analytics,2025-Q4,https://www.rcanalytics.com
34101,Naples,26.0832,-81.9686,354729.7,434549.0,355133.0,-4.29,CoStar/Real Capital Analytics,2025-Q4,https://www.rcanalytics.com
34102,Naples,26.1254,-81.9501,341110.9,388348.0,328012.0,-4.06,CoStar/Real Capital Analytics,2025-Q4,https://www.rcanalytics.com
34103,Naples,26.272,-81.9541,342608.5,483987.0,352310.0,-3.85,CoStar/Real Capital Analytics,2025-Q4,https://www.rcanalytics.com
34104,Naples,26.2264,-81.898,279007.3,385900.0,261722.0,-3.77,CoStar/Real Capital Analytics,2025-Q4,https://www.rcanalytics.com
34105,Naples,26.1227,-81.8102,299774.8,366204.0,284264.0,-4.92,CoStar/Real Capital Analytics,2025-Q4,https://www.rcanalytics.com
34106,Naples,26.0522,-81.8199,304127.2,461511.0,314130.0,-4.87,CoStar/Real Capital Analytics,2025-Q4,https://www.rcanalytics.com
34107,Naples,26.2024,-81.6868,306081.1,456314.0,290210.0,-4.7,CoStar/Real Capital Analytics,2025-Q4,https://www.rcanalytics.com
34108,Naples,26.1194,-81.6176,267541.3,430774.0,254487.0,-5.3,CoStar/Real Capital Analytics,2025-Q4,https://www.rcanalytics.com
34109,Naples,26.2919,-81.7136,370267.3,431974.0,299425.0,-4.55,CoStar/Real Capital Analytics,2025-Q4,https://www.rcanalytics.com
34110,Naples,26.2087,-81.9122,346762.0,475173.0,343885.0,-4.45,CoStar/Real Capital Analytics,2025-Q4,https://www.rcanalytics.com
34111,Naples,26.1317,-81.655,291304.0,401316.0,321621.0,-3.91,CoStar/Real Capital Analytics,2025-Q4,https://www.rcanalytics.com
34112,Naples,26.2823,-81.7252,290789.2,407144.0,341017.0,-4.11,CoStar/Real Capital Analytics,2025-Q4,https://www.rcanalytics.com
34113,Naples,26.2828,-81.9213,363235.6,513271.0,315008.0,-3.97,CoStar/Real Capital Analytics,2025-Q4,https://www.rcanalytics.com
34114,Naples,26.1011,-81.9585,300827.8,360502.0,305271.0,-4.68,CoStar/Real Capital Analytics,2025-Q4,https://www.rcanalytics.com
34115,Naples,26.1366,-81.9444,371495.8,436270.0,340672.0,-4.23,CoStar/Real Capital Analytics,2025-Q4,https://www.rcanalytics.com
33901,Fort Myers,26.5658,-81.8248,195783.3,252224.0,246208.0,-4.68,CoStar/Real Capital Analytics,2025-Q4,https://www.rcanalytics.com
33902,Fort Myers,26.7253,-81.6952,241434.9,340842.0,190827.0,-5.3,CoStar/Real Capital Analytics,2025-Q4,https://www.rcanalytics.com
33903,Fort Myers,26.5693,-81.8814,189765.0,334116.0,179984.0,-3.99,CoStar/Real Capital Analytics,2025-Q4,https://www.rcanalytics.com
33904,Fort Myers,26.7609,-81.8204,264941.1,272498.0,183901.0,-5.28,CoStar/Real Capital Analytics,2025-Q4,https://www.rcanalytics.com
33905,Fort Myers,26.6128,-81.9642,185909.4,290366.0,233549.0,-4.71,CoStar/Real Capital Analytics,2025-Q4,https://www.rcanalytics.com
33906,Fort Myers,26.6223,-81.7403,185666.4,311164.0,184324.0,-4.87,CoStar/Real Capital Analytics,2025-Q4,https://www.rcanalytics.com
33907,Fort Myers,26.7652,-82.0271,201267.0,318862.0,199391.0,-3.98,CoStar/Real Capital Analytics,2025-Q4,https://www.rcanalytics.com
33908,Fort Myers,26.6913,-82.009,243071.1,271076.0,249601.0,-5.18,CoStar/Real Capital Analytics,2025-Q4,https://www.rcanalytics.com
33909,Fort Myers,26.5124,-81.8548,221517.0,330442.0,251694.0,-4.47,CoStar/Real Capital Analytics,2025-Q4,https://www.rcanalytics.com
33910,Fort Myers,26.6152,-81.8194,249664.5,347610.0,190196.0,-3.9,CoStar/Real Capital Analytics,2025-Q4,https://www.rcanalytics.com
33911,Fort Myers,26.6955,-82.0171,245063.7,305204.0,223438.0,-4.52,CoStar/Real Capital Analytics,2025-Q4,https://www.rcanalytics.com
33912,Fort Myers,26.7652,-81.9255,198594.0,284964.0,217467.0,-4.51,CoStar/Real Capital Analytics,2025-Q4,https://www.rcanalytics.com
33913,Fort Myers,26.6781,-81.9457,194940.9,299463.0,209902.0,-4.04,CoStar/Real Capital Analytics,2025-Q4,https://www.rcanalytics.com
33914,Fort Myers,26.7557,-81.9375,193361.4,301902.0,223592.0,-4.88,CoStar/Real Capital Analytics,2025-Q4,https://www.rcanalytics.com
33915,Fort Myers,26.7142,-81.8661,227478.6,280404.0,177853.0,-4.12,CoStar/Real Capital Analytics,2025-Q4,https://www.rcanalytics.com
29401,Charleston,32.8378,-79.9581,275534.84,286468.0,230932.0,-4.43,CoStar/Real Capital Analytics,2025-Q4,https://www.rcanalytics.com
29402,Charleston,32.7984,-80.0783,273629.72,389833.0,262856.0,-5.08,CoStar/Real Capital Analytics,2025-Q4,https://www.rcanalytics.com
29403,Charleston,32.7493,-80.0996,244303.22,369603.0,203398.0,-4.19,CoStar/Real Capital Analytics,2025-Q4,https://www.rcanalytics.com
29404,Charleston,32.8686,-79.902,207056.36,271798.0,247195.0,-3.84,CoStar/Real Capital Analytics,2025-Q4,https://www.rcanalytics.com
29405,Charleston,32.6568,-79.8185,257727.26,372579.0,223734.0,-4.06,CoStar/Real Capital Analytics,2025-Q4,https://www.rcanalytics.com
29406,Charleston,32.7558,-79.8329,229344.5,381521.0,232616.0,-3.99,CoStar/Real Capital Analytics,2025-Q4,https://www.rcanalytics.com
29407,Charleston,32.6832,-79.7675,279653.78,325237.0,273095.0,-4.72,CoStar/Real Capital Analytics,2025-Q4,https://www.rcanalytics.com
29408,Charleston,32.9212,-79.9332,260964.2,337442.0,263970.0,-5.26,CoStar/Real Capital Analytics,2025-Q4,https://www.rcanalytics.com
29409,Charleston,32.7374,-80.0304,223990.76,378426.0,214517.0,-4.27,CoStar/Real Capital Analytics,2025-Q4,https://www.rcanalytics.com
29410,Charleston,32.6646,-79.8561,281876.42,328059.0,219520.0,-4.4,CoStar/Real Capital Analytics,2025-Q4,https://www.rcanalytics.com
29411,Charleston,32.6555,-79.961,256219.04,300137.0,222251.0,-4.69,CoStar/Real Capital Analytics,2025-Q4,https://www.rcanalytics.com
29412,Charleston,32.784,-80.086,227862.74,367757.0,257468.0,-3.84,CoStar/Real Capital Analytics,2025-Q4,https://www.rcanalytics.com
29413,Charleston,32.8466,-80.0877,262578.26,389642.0,261699.0,-4.85,CoStar/Real Capital Analytics,2025-Q4,https://www.rcanalytics.com
29414,Charleston,32.6435,-80.0742,272888.84,281003.0,222444.0,-4.7,CoStar/Real Capital Analytics,2025-Q4,https://www.rcanalytics.com
29415,Charleston,32.8374,-80.0955,271318.88,388618.0,260309.0,-4.13,CoStar/Real Capital Analytics,2025-Q4,https://www.rcanalytics.com
29416,Charleston,32.7279,-79.7631,202884.5,279859.0,264062.0,-5.15,CoStar/Real Capital Analytics,2025-Q4,https://www.rcanalytics.com
29417,Charleston,32.7218,-79.8965,258794.48,362435.0,262202.0,-4.99,CoStar/Real Capital Analytics,2025-Q4,https://www.rcanalytics.com
29418,Charleston,32.7093,-79.8765,271777.52,349361.0,261331.0,-4.41,CoStar/Real Capital Analytics,2025-Q4,https://www.rcanalytics.com
29419,Charleston,32.763,-80.0967,237996.92,334322.0,227044.0,-5.02,CoStar/Real Capital Analytics,2025-Q4,https://www.rcanalytics.com
29420,Charleston,32.8974,-80.0862,227254.16,321915.0,248754.0,-5.01,CoStar/Real Capital Analytics,2025-Q4,https://www.rcanalytics.com
29601,Greenville,34.7105,-82.5104,180099.48,231771.0,144578.0,-4.68,CoStar/Real Capital Analytics,2025-Q4,https://www.rcanalytics.com
29602,Greenville,34.9545,-82.3343,135573.24,205581.0,156191.0,-4.1,CoStar/Real Capital Analytics,2025-Q4,https://www.rcanalytics.com
29603,Greenville,34.9081,-82.4877,162321.06,222261.0,129997.0,-5.2,CoStar/Real Capital Analytics,2025-Q4,https://www.rcanalytics.com
29604,Greenville,34.7513,-82.3972,151237.02,187226.0,151948.0,-4.94,CoStar/Real Capital Analytics,2025-Q4,https://www.rcanalytics.com
29605,Greenville,34.8501,-82.2702,186253.32,218484.0,161626.0,-5.11,CoStar/Real Capital Analytics,2025-Q4,https://www.rcanalytics.com
29606,Greenville,34.715,-82.555,148463.04,198701.0,137378.0,-3.75,CoStar/Real Capital Analytics,2025-Q4,https://www.rcanalytics.com
29607,Greenville,34.9625,-82.2166,156262.26,252773.0,167697.0,-4.11,CoStar/Real Capital Analytics,2025-Q4,https://www.rcanalytics.com
29608,Greenville,34.9785,-82.2244,185558.34,195686.0,177889.0,-4.16,CoStar/Real Capital Analytics,2025-Q4,https://www.rcanalytics.com
29609,Greenville,34.7826,-82.5169,188783.76,238323.0,146068.0,-5.21,CoStar/Real Capital Analytics,2025-Q4,https://www.rcanalytics.com
29610,Greenville,34.9734,-82.2151,173904.06,190891.0,147591.0,-4.01,CoStar/Real Capital Analytics,2025-Q4,https://www.rcanalytics.com
29611,Greenville,34.8064,-82.2351,173684.28,230296.0,151288.0,-4.39,CoStar/Real Capital Analytics,2025-Q4,https://www.rcanalytics.com
29612,Greenville,34.946,-82.2401,156487.98,204266.0,138952.0,-4.86,CoStar/Real Capital Analytics,2025-Q4,https://www.rcanalytics.com
29613,Greenville,34.7493,-82.3711,187803.66,255411.0,145374.0,-3.8,CoStar/Real Capital Analytics,2025-Q4,https://www.rcanalytics.com
29614,Greenville,34.7388,-82.5453,151219.2,227449.0,130787.0,-5.14,CoStar/Real Capital Analytics,2025-Q4,https://www.rcanalytics.com
29615,Greenville,34.8471,-82.2164,172983.36,227425.0,130386.0,-4.23,CoStar/Real Capital Analytics,2025-Q4,https://www.rcanalytics.com
29616,Greenville,34.9207,-82.5295,175507.86,187130.0,176393.0,-4.15,CoStar/Real Capital Analytics,2025-Q4,https://www.rcanalytics.com
29617,Greenville,34.8917,-82.5078,178673.88,244393.0,155667.0,-4.69,CoStar/Real Capital Analytics,2025-Q4,https://www.rcanalytics.com
29618,Greenville,34.8045,-82.453,168795.66,212526.0,183142.0,-4.91,CoStar/Real Capital Analytics,2025-Q4,https://www.rcanalytics.com
29619,Greenville,34.7132,-82.5286,176268.18,193713.0,176371.0,-3.8,CoStar/Real Capital Analytics,2025-Q4,https://www.rcanalytics.com
29620,Greenville,34.7837,-82.4538,153999.12,246735.0,179582.0,-3.95,CoStar/Real Capital Analytics,2025-Q4,https://www.rcanalytics.com
29201,Columbia SC,33.9151,-81.0628,167683.34,174131.0,142479.0,-4.59,CoStar/Real Capital Analytics,2025-Q4,https://www.rcanalytics.com
29202,Columbia SC,34.0366,-81.0949,160747.4,190463.0,148284.0,-5.0,CoStar/Real Capital Analytics,2025-Q4,https://www.rcanalytics.com
29203,Columbia SC,34.1143,-81.2031,141574.52,215201.0,139473.0,-4.02,CoStar/Real Capital Analytics,2025-Q4,https://www.rcanalytics.com
29204,Columbia SC,33.944,-81.045,127473.86,215947.0,144663.0,-4.82,CoStar/Real Capital Analytics,2025-Q4,https://www.rcanalytics.com
29205,Columbia SC,33.9654,-81.0432,134711.12,187841.0,142940.0,-5.19,CoStar/Real Capital Analytics,2025-Q4,https://www.rcanalytics.com
29206,Columbia SC,34.0438,-80.9795,137551.34,187932.0,134024.0,-4.06,CoStar/Real Capital Analytics,2025-Q4,https://www.rcanalytics.com
29207,Columbia SC,33.9863,-81.0268,176946.14,241303.0,131591.0,-4.72,CoStar/Real Capital Analytics,2025-Q4,https://www.rcanalytics.com
29208,Columbia SC,33.8914,-81.1355,170038.1,187412.0,132397.0,-4.22,CoStar/Real Capital Analytics,2025-Q4,https://www.rcanalytics.com
29209,Columbia SC,34.0882,-81.0932,145793.0,232459.0,170262.0,-5.26,CoStar/Real Capital Analytics,2025-Q4,https://www.rcanalytics.com
29210,Columbia SC,33.9085,-80.8851,174518.84,187638.0,160932.0,-4.36,CoStar/Real Capital Analytics,2025-Q4,https://www.rcanalytics.com
29211,Columbia SC,33.8665,-80.9504,157834.64,241695.0,145411.0,-4.25,CoStar/Real Capital Analytics,2025-Q4,https://www.rcanalytics.com
29212,Columbia SC,33.9038,-81.0049,137037.98,225092.0,143879.0,-4.9,CoStar/Real Capital Analytics,2025-Q4,https://www.rcanalytics.com
29213,Columbia SC,34.1246,-81.0741,134571.62,194628.0,166387.0,-4.35,CoStar/Real Capital Analytics,2025-Q4,https://www.rcanalytics.com
29214,Columbia SC,34.0972,-81.1769,136474.4,218659.0,148114.0,-3.83,CoStar/Real Capital Analytics,2025-Q4,https://www.rcanalytics.com
29215,Columbia SC,34.0429,-81.0454,148437.92,191329.0,167161.0,-4.95,CoStar/Real Capital Analytics,2025-Q4,https://www.rcanalytics.com
29216,Columbia SC,34.0369,-81.0253,179206.04,237582.0,152975.0,-4.74,CoStar/Real Capital Analytics,2025-Q4,https://www.rcanalytics.com
29217,Columbia SC,34.0824,-80.8984,149241.44,185837.0,171396.0,-3.86,CoStar/Real Capital Analytics,2025-Q4,https://www.rcanalytics.com
29218,Columbia SC,33.9306,-80.9884,180746.12,189740.0,169249.0,-5.07,CoStar/Real Capital Analytics,2025-Q4,https://www.rcanalytics.com
29219,Columbia SC,34.1067,-81.1547,174061.28,224700.0,127578.0,-5.04,CoStar/Real Capital Analytics,2025-Q4,https://www.rcanalytics.com
29220,Columbia SC,33.862,-81.0269,163978.22,244068.0,153860.0,-4.43,CoStar/Real Capital Analytics,2025-Q4,https://www.rcanalytics.com
28801,Asheville,35.573,-82.678,279027.56,377830.0,246877.0,-4.6,CoStar/Real Capital Analytics,2025-Q4,https://www.rcanalytics.com
28802,Asheville,35.7064,-82.6224,250838.84,383998.0,241850.0,-4.07,CoStar/Real Capital Analytics,2025-Q4,https://www.rcanalytics.com
28803,Asheville,35.5252,-82.6693,213812.48,321951.0,254183.0,-4.09,CoStar/Real Capital Analytics,2025-Q4,https://www.rcanalytics.com
28804,Asheville,35.6788,-82.4915,227421.74,342836.0,213780.0,-3.97,CoStar/Real Capital Analytics,2025-Q4,https://www.rcanalytics.com
28805,Asheville,35.6534,-82.4921,259614.74,271275.0,254460.0,-4.83,CoStar/Real Capital Analytics,2025-Q4,https://www.rcanalytics.com
28806,Asheville,35.4896,-82.6949,266961.8,381402.0,230806.0,-4.46,CoStar/Real Capital Analytics,2025-Q4,https://www.rcanalytics.com
28807,Asheville,35.7407,-82.5032,228947.6,274597.0,237685.0,-5.28,CoStar/Real Capital Analytics,2025-Q4,https://www.rcanalytics.com
28808,Asheville,35.5171,-82.6369,267932.0,330488.0,192883.0,-5.04,CoStar/Real Capital Analytics,2025-Q4,https://www.rcanalytics.com
28809,Asheville,35.4711,-82.5963,215611.76,359041.0,195841.0,-3.72,CoStar/Real Capital Analytics,2025-Q4,https://www.rcanalytics.com
28810,Asheville,35.5202,-82.5261,264183.5,342371.0,270430.0,-4.76,CoStar/Real Capital Analytics,2025-Q4,https://www.rcanalytics.com
28811,Asheville,35.6102,-82.5894,226592.66,358374.0,193168.0,-5.02,CoStar/Real Capital Analytics,2025-Q4,https://www.rcanalytics.com
28812,Asheville,35.6689,-82.6992,258256.46,305007.0,261029.0,-3.98,CoStar/Real Capital Analytics,2025-Q4,https://www.rcanalytics.com
28813,Asheville,35.504,-82.524,216290.9,350599.0,226776.0,-3.8,CoStar/Real Capital Analytics,2025-Q4,https://www.rcanalytics.com
28814,Asheville,35.6386,-82.4758,204639.68,339621.0,252675.0,-5.15,CoStar/Real Capital Analytics,2025-Q4,https://www.rcanalytics.com
28815,Asheville,35.6241,-82.497,208158.86,285611.0,206314.0,-5.1,CoStar/Real Capital Analytics,2025-Q4,https://www.rcanalytics.com
28401,Wilmington,34.3649,-78.0166,183405.32,294785.0,172603.0,-4.49,CoStar/Real Capital Analytics,2025-Q4,https://www.rcanalytics.com
28402,Wilmington,34.1659,-77.8993,211338.98,253198.0,238897.0,-4.63,CoStar/Real Capital Analytics,2025-Q4,https://www.rcanalytics.com
28403,Wilmington,34.2612,-77.8858,220038.74,257566.0,189257.0,-4.13,CoStar/Real Capital Analytics,2025-Q4,https://www.rcanalytics.com
28404,Wilmington,34.2521,-77.8046,212453.54,278662.0,231611.0,-3.99,CoStar/Real Capital Analytics,2025-Q4,https://www.rcanalytics.com
28405,Wilmington,34.0912,-77.9694,209063.42,243877.0,219956.0,-5.12,CoStar/Real Capital Analytics,2025-Q4,https://www.rcanalytics.com
28406,Wilmington,34.2061,-77.9729,223444.34,241840.0,220596.0,-4.31,CoStar/Real Capital Analytics,2025-Q4,https://www.rcanalytics.com
28407,Wilmington,34.3221,-77.826,179310.86,274796.0,200588.0,-4.56,CoStar/Real Capital Analytics,2025-Q4,https://www.rcanalytics.com
28408,Wilmington,34.3666,-77.8505,212739.92,301650.0,188647.0,-3.92,CoStar/Real Capital Analytics,2025-Q4,https://www.rcanalytics.com
28409,Wilmington,34.2809,-77.9844,204636.14,336215.0,199294.0,-3.96,CoStar/Real Capital Analytics,2025-Q4,https://www.rcanalytics.com
28410,Wilmington,34.205,-77.7853,245325.32,334951.0,189581.0,-5.2,CoStar/Real Capital Analytics,2025-Q4,https://www.rcanalytics.com
28411,Wilmington,34.3567,-77.9451,225627.02,271212.0,228485.0,-4.4,CoStar/Real Capital Analytics,2025-Q4,https://www.rcanalytics.com
28412,Wilmington,34.3258,-77.8794,182817.08,335996.0,197390.0,-4.39,CoStar/Real Capital Analytics,2025-Q4,https://www.rcanalytics.com
28413,Wilmington,34.3283,-77.8124,183954.86,246573.0,197125.0,-3.87,CoStar/Real Capital Analytics,2025-Q4,https://www.rcanalytics.com
28414,Wilmington,34.2851,-78.0868,229373.18,280125.0,208544.0,-5.04,CoStar/Real Capital Analytics,2025-Q4,https://www.rcanalytics.com
28415,Wilmington,34.2604,-78.0358,232012.52,317626.0,226037.0,-4.76,CoStar/Real Capital Analytics,2025-Q4,https://www.rcanalytics.com
27101,Winston-Salem,35.9973,-80.1492,173112.68,209318.0,143227.0,-4.69,CoStar/Real Capital Analytics,2025-Q4,https://www.rcanalytics.com
27102,Winston-Salem,36.0029,-80.4242,131223.62,204436.0,169875.0,-4.09,CoStar/Real Capital Analytics,2025-Q4,https://www.rcanalytics.com
27103,Winston-Salem,36.223,-80.168,134019.2,196361.0,172568.0,-5.31,CoStar/Real Capital Analytics,2025-Q4,https://www.rcanalytics.com
27104,Winston-Salem,35.985,-80.1287,128511.74,206689.0,142447.0,-3.78,CoStar/Real Capital Analytics,2025-Q4,https://www.rcanalytics.com
27105,Winston-Salem,36.2445,-80.2856,144872.3,181227.0,156368.0,-5.0,CoStar/Real Capital Analytics,2025-Q4,https://www.rcanalytics.com
27106,Winston-Salem,36.2495,-80.2037,144275.24,233725.0,158356.0,-3.89,CoStar/Real Capital Analytics,2025-Q4,https://www.rcanalytics.com
27107,Winston-Salem,36.1911,-80.345,171500.06,188474.0,168756.0,-4.96,CoStar/Real Capital Analytics,2025-Q4,https://www.rcanalytics.com
27108,Winston-Salem,36.2195,-80.0711,136279.1,177988.0,168873.0,-4.84,CoStar/Real Capital Analytics,2025-Q4,https://www.rcanalytics.com
27109,Winston-Salem,36.0873,-80.3974,146496.08,198380.0,136584.0,-5.1,CoStar/Real Capital Analytics,2025-Q4,https://www.rcanalytics.com
27110,Winston-Salem,36.2393,-80.3048,180394.58,190402.0,170214.0,-4.11,CoStar/Real Capital Analytics,2025-Q4,https://www.rcanalytics.com
27111,Winston-Salem,36.1759,-80.2725,134342.84,199050.0,129322.0,-5.07,CoStar/Real Capital Analytics,2025-Q4,https://www.rcanalytics.com
27112,Winston-Salem,36.0104,-80.1828,161874.56,201032.0,157555.0,-5.07,CoStar/Real Capital Analytics,2025-Q4,https://www.rcanalytics.com
27113,Winston-Salem,35.9638,-80.3199,137261.18,197868.0,125277.0,-4.89,CoStar/Real Capital Analytics,2025-Q4,https://www.rcanalytics.com
27114,Winston-Salem,36.0353,-80.0996,162231.68,196338.0,163063.0,-4.78,CoStar/Real Capital Analytics,2025-Q4,https://www.rcanalytics.com
27115,Winston-Salem,36.1689,-80.3089,167750.3,214726.0,152911.0,-4.72,CoStar/Real Capital Analytics,2025-Q4,https://www.rcanalytics.com
27401,Greensboro,35.9595,-79.8407,139158.38,187043.0,168666.0,-5.03,CoStar/Real Capital Analytics,2025-Q4,https://www.rcanalytics.com
27402,Greensboro,36.0916,-79.887,128651.24,239819.0,135074.0,-3.88,CoStar/Real Capital Analytics,2025-Q4,https://www.rcanalytics.com
27403,Greensboro,36.0934,-79.8383,167041.64,184045.0,169270.0,-4.07,CoStar/Real Capital Analytics,2025-Q4,https://www.rcanalytics.com
27404,Greensboro,36.1839,-79.8369,156182.96,192572.0,164457.0,-5.14,CoStar/Real Capital Analytics,2025-Q4,https://www.rcanalytics.com
27405,Greensboro,36.1583,-79.7881,150245.84,244489.0,171878.0,-4.07,CoStar/Real Capital Analytics,2025-Q4,https://www.rcanalytics.com
27406,Greensboro,36.1104,-79.9492,157734.2,213355.0,156389.0,-3.71,CoStar/Real Capital Analytics,2025-Q4,https://www.rcanalytics.com
27407,Greensboro,36.1398,-79.8158,140391.56,193574.0,166238.0,-3.82,CoStar/Real Capital Analytics,2025-Q4,https://www.rcanalytics.com
27408,Greensboro,36.1592,-79.6758,133823.9,174026.0,165973.0,-4.32,CoStar/Real Capital Analytics,2025-Q4,https://www.rcanalytics.com
27409,Greensboro,36.0295,-79.7582,148493.72,245996.0,172186.0,-5.0,CoStar/Real Capital Analytics,2025-Q4,https://www.rcanalytics.com
27410,Greensboro,35.9436,-79.9177,166550.6,205928.0,159363.0,-4.33,CoStar/Real Capital Analytics,2025-Q4,https://www.rcanalytics.com
27411,Greensboro,35.9339,-79.9034,129214.82,197596.0,137979.0,-3.85,CoStar/Real Capital Analytics,2025-Q4,https://www.rcanalytics.com
27412,Greensboro,36.0767,-79.9471,180880.04,193514.0,122362.0,-4.68,CoStar/Real Capital Analytics,2025-Q4,https://www.rcanalytics.com
27413,Greensboro,35.9547,-79.684,152740.1,204120.0,156866.0,-4.68,CoStar/Real Capital Analytics,2025-Q4,https://www.rcanalytics.com
27414,Greensboro,36.1511,-79.8327,161880.14,200941.0,150717.0,-3.74,CoStar/Real Capital Analytics,2025-Q4,https://www.rcanalytics.com
27415,Greensboro,35.9316,-79.8185,155719.82,216873.0,138848.0,-4.34,CoStar/Real Capital Analytics,2025-Q4,https://www.rcanalytics.com
43001,Grand Rapids,42.8743,-85.7216,156387.0,228852.0,171106.0,-4.18,CoStar/Real Capital Analytics,2025-Q4,https://www.rcanalytics.com
43002,Grand Rapids,42.8528,-85.5014,155911.8,245219.0,184265.0,-4.83,CoStar/Real Capital Analytics,2025-Q4,https://www.rcanalytics.com
43003,Grand Rapids,42.8491,-85.781,146443.44,203272.0,154154.0,-4.87,CoStar/Real Capital Analytics,2025-Q4,https://www.rcanalytics.com
43004,Grand Rapids,43.0914,-85.5842,149496.6,209214.0,134172.0,-4.34,CoStar/Real Capital Analytics,2025-Q4,https://www.rcanalytics.com
43005,Grand Rapids,42.9423,-85.7296,192127.98,201339.0,136373.0,-3.99,CoStar/Real Capital Analytics,2025-Q4,https://www.rcanalytics.com
43006,Grand Rapids,42.9598,-85.5206,178947.12,201371.0,150735.0,-4.55,CoStar/Real Capital Analytics,2025-Q4,https://www.rcanalytics.com
43007,Grand Rapids,43.0938,-85.8338,136387.02,218949.0,182160.0,-4.59,CoStar/Real Capital Analytics,2025-Q4,https://www.rcanalytics.com
43008,Grand Rapids,42.9741,-85.5531,156387.0,200393.0,142851.0,-4.35,CoStar/Real Capital Analytics,2025-Q4,https://www.rcanalytics.com
43009,Grand Rapids,43.0076,-85.5104,179220.36,215838.0,149741.0,-4.64,CoStar/Real Capital Analytics,2025-Q4,https://www.rcanalytics.com
43010,Grand Rapids,43.079,-85.6645,175585.08,214779.0,177996.0,-4.12,CoStar/Real Capital Analytics,2025-Q4,https://www.rcanalytics.com
43011,Grand Rapids,42.848,-85.6731,187756.14,239927.0,181348.0,-3.89,CoStar/Real Capital Analytics,2025-Q4,https://www.rcanalytics.com
43012,Grand Rapids,42.9436,-85.8077,160265.82,235508.0,179570.0,-3.93,CoStar/Real Capital Analytics,2025-Q4,https://www.rcanalytics.com
43013,Grand Rapids,42.9982,-85.7607,189906.42,240536.0,152196.0,-4.47,CoStar/Real Capital Analytics,2025-Q4,https://www.rcanalytics.com
43014,Grand Rapids,42.9773,-85.6825,179065.92,205365.0,144584.0,-4.46,CoStar/Real Capital Analytics,2025-Q4,https://www.rcanalytics.com
43015,Grand Rapids,43.0342,-85.5218,182915.04,218869.0,165457.0,-4.86,CoStar/Real Capital Analytics,2025-Q4,https://www.rcanalytics.com
48201,Detroit,42.1973,-83.2206,112017.84,185674.0,140537.0,-5.05,CoStar/Real Capital Analytics,2025-Q4,https://www.rcanalytics.com
48202,Detroit,42.4177,-83.0689,123959.62,206696.0,105975.0,-3.72,CoStar/Real Capital Analytics,2025-Q4,https://www.rcanalytics.com
48203,Detroit,42.2453,-82.9203,140753.18,204541.0,137499.0,-3.74,CoStar/Real Capital Analytics,2025-Q4,https://www.rcanalytics.com
48204,Detroit,42.3573,-83.0502,111362.06,175826.0,131002.0,-4.9,CoStar/Real Capital Analytics,2025-Q4,https://www.rcanalytics.com
48205,Detroit,42.3991,-83.0134,113272.37,152514.0,126037.0,-4.63,CoStar/Real Capital Analytics,2025-Q4,https://www.rcanalytics.com
48206,Detroit,42.3306,-83.0813,138728.83,164888.0,102991.0,-4.1,CoStar/Real Capital Analytics,2025-Q4,https://www.rcanalytics.com
48207,Detroit,42.4278,-82.9771,153360.24,176615.0,138654.0,-4.9,CoStar/Real Capital Analytics,2025-Q4,https://www.rcanalytics.com
48208,Detroit,42.302,-83.0174,137716.66,194880.0,106390.0,-3.91,CoStar/Real Capital Analytics,2025-Q4,https://www.rcanalytics.com
48209,Detroit,42.4095,-83.1609,113310.38,184108.0,140514.0,-4.41,CoStar/Real Capital Analytics,2025-Q4,https://www.rcanalytics.com
48210,Detroit,42.3559,-83.1481,127951.3,175486.0,122755.0,-4.83,CoStar/Real Capital Analytics,2025-Q4,https://www.rcanalytics.com
48211,Detroit,42.3471,-82.9015,144692.59,202449.0,116267.0,-4.84,CoStar/Real Capital Analytics,2025-Q4,https://www.rcanalytics.com
48212,Detroit,42.4259,-82.9867,126406.9,206696.0,136469.0,-4.95,CoStar/Real Capital Analytics,2025-Q4,https://www.rcanalytics.com
48213,Detroit,42.2223,-82.9804,133458.86,150217.0,110620.0,-4.9,CoStar/Real Capital Analytics,2025-Q4,https://www.rcanalytics.com
48214,Detroit,42.3393,-83.1273,154557.74,148696.0,143205.0,-3.78,CoStar/Real Capital Analytics,2025-Q4,https://www.rcanalytics.com
48215,Detroit,42.3572,-83.1742,117050.21,208948.0,142844.0,-4.79,CoStar/Real Capital Analytics,2025-Q4,https://www.rcanalytics.com
48216,Detroit,42.1875,-83.005,122624.3,161200.0,137616.0,-4.78,CoStar/Real Capital Analytics,2025-Q4,https://www.rcanalytics.com
48217,Detroit,42.2142,-83.1564,110953.39,153655.0,140352.0,-4.07,CoStar/Real Capital Analytics,2025-Q4,https://www.rcanalytics.com
48218,Detroit,42.235,-82.9388,122762.11,205304.0,133386.0,-4.99,CoStar/Real Capital Analytics,2025-Q4,https://www.rcanalytics.com
48219,Detroit,42.2016,-82.9326,145120.27,155702.0,108882.0,-5.26,CoStar/Real Capital Analytics,2025-Q4,https://www.rcanalytics.com
48220,Detroit,42.216,-82.8858,116342.16,167448.0,134447.0,-3.84,CoStar/Real Capital Analytics,2025-Q4,https://www.rcanalytics.com
48221,Detroit,42.2089,-82.8904,150927.22,188105.0,134835.0,-4.5,CoStar/Real Capital Analytics,2025-Q4,https://www.rcanalytics.com
48222,Detroit,42.3252,-83.0244,124330.27,190998.0,129219.0,-4.89,CoStar/Real Capital Analytics,2025-Q4,https://www.rcanalytics.com
48223,Detroit,42.2834,-83.1586,150917.71,153360.0,105699.0,-4.75,CoStar/Real Capital Analytics,2025-Q4,https://www.rcanalytics.com
48224,Detroit,42.2125,-83.1802,118580.35,150878.0,137855.0,-4.23,CoStar/Real Capital Analytics,2025-Q4,https://www.rcanalytics.com
48225,Detroit,42.2286,-83.0667,121094.16,191742.0,112976.0,-4.4,CoStar/Real Capital Analytics,2025-Q4,https://www.rcanalytics.com
44101,Cleveland,41.4554,-81.6311,142872.58,194693.0,113875.0,-5.09,CoStar/Real Capital Analytics,2025-Q4,https://www.rcanalytics.com
44102,Cleveland,41.351,-81.8176,133420.85,189318.0,105902.0,-4.91,CoStar/Real Capital Analytics,2025-Q4,https://www.rcanalytics.com
44103,Cleveland,41.5309,-81.673,147386.98,147946.0,117319.0,-4.25,CoStar/Real Capital Analytics,2025-Q4,https://www.rcanalytics.com
44104,Cleveland,41.5694,-81.8496,131890.7,196355.0,119391.0,-5.26,CoStar/Real Capital Analytics,2025-Q4,https://www.rcanalytics.com
44105,Cleveland,41.4309,-81.6931,124891.01,150082.0,147399.0,-4.76,CoStar/Real Capital Analytics,2025-Q4,https://www.rcanalytics.com
44106,Cleveland,41.4878,-81.5888,155204.02,158223.0,129337.0,-4.02,CoStar/Real Capital Analytics,2025-Q4,https://www.rcanalytics.com
44107,Cleveland,41.4322,-81.6131,119545.01,162489.0,104178.0,-3.91,CoStar/Real Capital Analytics,2025-Q4,https://www.rcanalytics.com
44108,Cleveland,41.3693,-81.8196,120257.81,202616.0,130880.0,-4.9,CoStar/Real Capital Analytics,2025-Q4,https://www.rcanalytics.com
44109,Cleveland,41.4538,-81.8648,133805.76,182947.0,113107.0,-4.16,CoStar/Real Capital Analytics,2025-Q4,https://www.rcanalytics.com
44110,Cleveland,41.4196,-81.5907,147301.44,146612.0,116060.0,-5.03,CoStar/Real Capital Analytics,2025-Q4,https://www.rcanalytics.com
44111,Cleveland,41.4227,-81.7312,138467.47,208056.0,112073.0,-3.74,CoStar/Real Capital Analytics,2025-Q4,https://www.rcanalytics.com
44112,Cleveland,41.519,-81.8288,112226.93,184731.0,106954.0,-3.73,CoStar/Real Capital Analytics,2025-Q4,https://www.rcanalytics.com
44113,Cleveland,41.6069,-81.5239,120324.34,147766.0,138153.0,-5.0,CoStar/Real Capital Analytics,2025-Q4,https://www.rcanalytics.com
44114,Cleveland,41.6238,-81.8331,125703.6,151859.0,139182.0,-4.04,CoStar/Real Capital Analytics,2025-Q4,https://www.rcanalytics.com
44115,Cleveland,41.3969,-81.6232,154025.52,171464.0,132546.0,-3.73,CoStar/Real Capital Analytics,2025-Q4,https://www.rcanalytics.com
44116,Cleveland,41.64,-81.7835,112093.87,202456.0,103957.0,-4.2,CoStar/Real Capital Analytics,2025-Q4,https://www.rcanalytics.com
44117,Cleveland,41.3571,-81.6929,135825.36,204682.0,143078.0,-4.25,CoStar/Real Capital Analytics,2025-Q4,https://www.rcanalytics.com
44118,Cleveland,41.4846,-81.7242,131776.66,171823.0,147268.0,-4.94,CoStar/Real Capital Analytics,2025-Q4,https://www.rcanalytics.com
44119,Cleveland,41.4413,-81.7524,122310.67,172715.0,123247.0,-5.25,CoStar/Real Capital Analytics,2025-Q4,https://www.rcanalytics.com
44120,Cleveland,41.3535,-81.5433,117653.71,198183.0,131932.0,-4.48,CoStar/Real Capital Analytics,2025-Q4,https://www.rcanalytics.com
45201,Cincinnati,39.0155,-84.3903,177096.8,179879.0,137947.0,-4.14,CoStar/Real Capital Analytics,2025-Q4,https://www.rcanalytics.com
45202,Cincinnati,39.1867,-84.3378,164809.64,205702.0,145352.0,-4.46,CoStar/Real Capital Analytics,2025-Q4,https://www.rcanalytics.com
45203,Cincinnati,39.0536,-84.6602,178491.8,227623.0,154952.0,-5.21,CoStar/Real Capital Analytics,2025-Q4,https://www.rcanalytics.com
45204,Cincinnati,39.1058,-84.4079,137088.2,200858.0,162930.0,-4.4,CoStar/Real Capital Analytics,2025-Q4,https://www.rcanalytics.com
45205,Cincinnati,39.1155,-84.5335,163068.68,206485.0,147038.0,-4.32,CoStar/Real Capital Analytics,2025-Q4,https://www.rcanalytics.com
45206,Cincinnati,38.9712,-84.6044,173882.72,237265.0,171152.0,-3.94,CoStar/Real Capital Analytics,2025-Q4,https://www.rcanalytics.com
45207,Cincinnati,39.208,-84.3521,177571.1,197875.0,171110.0,-3.83,CoStar/Real Capital Analytics,2025-Q4,https://www.rcanalytics.com
45208,Cincinnati,39.2018,-84.5587,172191.98,200301.0,168486.0,-5.29,CoStar/Real Capital Analytics,2025-Q4,https://www.rcanalytics.com
45209,Cincinnati,39.2051,-84.6332,130381.04,234930.0,148125.0,-4.55,CoStar/Real Capital Analytics,2025-Q4,https://www.rcanalytics.com
45210,Cincinnati,39.0084,-84.3704,181650.08,227284.0,170649.0,-4.96,CoStar/Real Capital Analytics,2025-Q4,https://www.rcanalytics.com
45211,Cincinnati,39.2116,-84.4967,173001.08,179562.0,130303.0,-4.62,CoStar/Real Capital Analytics,2025-Q4,https://www.rcanalytics.com
45212,Cincinnati,38.9616,-84.5632,155876.06,225107.0,172774.0,-4.08,CoStar/Real Capital Analytics,2025-Q4,https://www.rcanalytics.com
45213,Cincinnati,39.0754,-84.6851,142350.14,241642.0,173198.0,-3.73,CoStar/Real Capital Analytics,2025-Q4,https://www.rcanalytics.com
45214,Cincinnati,39.1589,-84.6154,143918.12,212745.0,131464.0,-3.95,CoStar/Real Capital Analytics,2025-Q4,https://www.rcanalytics.com
45215,Cincinnati,39.165,-84.399,156607.04,234177.0,145384.0,-4.33,CoStar/Real Capital Analytics,2025-Q4,https://www.rcanalytics.com
45216,Cincinnati,39.0157,-84.5888,168955.58,186478.0,126703.0,-5.3,CoStar/Real Capital Analytics,2025-Q4,https://www.rcanalytics.com
45217,Cincinnati,39.1828,-84.5521,138929.6,245092.0,168512.0,-4.81,CoStar/Real Capital Analytics,2025-Q4,https://www.rcanalytics.com
45218,Cincinnati,39.0353,-84.5898,165272.78,232022.0,136902.0,-4.01,CoStar/Real Capital Analytics,2025-Q4,https://www.rcanalytics.com
45219,Cincinnati,39.1363,-84.5017,142121.36,177152.0,172976.0,-3.94,CoStar/Real Capital Analytics,2025-Q4,https://www.rcanalytics.com
45220,Cincinnati,39.0779,-84.4413,132897.62,220256.0,167516.0,-3.87,CoStar/Real Capital Analytics,2025-Q4,https://www.rcanalytics.com
15201,Pittsburgh,40.4524,-79.9771,136315.74,250945.0,147862.0,-4.7,CoStar/Real Capital Analytics,2025-Q4,https://www.rcanalytics.com
15202,Pittsburgh,40.5581,-79.9257,163515.0,246406.0,184023.0,-4.65,CoStar/Real Capital Analytics,2025-Q4,https://www.rcanalytics.com
15203,Pittsburgh,40.3635,-80.0336,164281.26,189062.0,167331.0,-4.27,CoStar/Real Capital Analytics,2025-Q4,https://www.rcanalytics.com
15204,Pittsburgh,40.3473,-80.0178,147916.56,224426.0,171681.0,-4.21,CoStar/Real Capital Analytics,2025-Q4,https://www.rcanalytics.com
15205,Pittsburgh,40.3558,-79.9812,185023.74,212935.0,172776.0,-3.93,CoStar/Real Capital Analytics,2025-Q4,https://www.rcanalytics.com
15206,Pittsburgh,40.3223,-79.8985,146479.08,199711.0,174881.0,-3.92,CoStar/Real Capital Analytics,2025-Q4,https://www.rcanalytics.com
15207,Pittsburgh,40.3241,-80.0968,165011.88,236078.0,158894.0,-3.8,CoStar/Real Capital Analytics,2025-Q4,https://www.rcanalytics.com
15208,Pittsburgh,40.5668,-80.0882,140842.02,199294.0,145357.0,-4.5,CoStar/Real Capital Analytics,2025-Q4,https://www.rcanalytics.com
15209,Pittsburgh,40.4743,-80.1519,193119.96,186215.0,168612.0,-5.09,CoStar/Real Capital Analytics,2025-Q4,https://www.rcanalytics.com
15210,Pittsburgh,40.4457,-79.9638,143206.14,248924.0,167144.0,-5.06,CoStar/Real Capital Analytics,2025-Q4,https://www.rcanalytics.com
15211,Pittsburgh,40.3792,-79.884,163378.38,200120.0,171631.0,-3.9,CoStar/Real Capital Analytics,2025-Q4,https://www.rcanalytics.com
15212,Pittsburgh,40.5621,-80.0021,184459.44,246133.0,151536.0,-4.23,CoStar/Real Capital Analytics,2025-Q4,https://www.rcanalytics.com
15213,Pittsburgh,40.554,-79.9498,163479.36,252950.0,149064.0,-5.03,CoStar/Real Capital Analytics,2025-Q4,https://www.rcanalytics.com
15214,Pittsburgh,40.3166,-79.9746,178561.02,259477.0,132987.0,-4.26,CoStar/Real Capital Analytics,2025-Q4,https://www.rcanalytics.com
15215,Pittsburgh,40.41,-79.8984,156291.96,255315.0,154278.0,-4.03,CoStar/Real Capital Analytics,2025-Q4,https://www.rcanalytics.com
15216,Pittsburgh,40.4183,-80.127,137937.36,249894.0,143246.0,-4.06,CoStar/Real Capital Analytics,2025-Q4,https://www.rcanalytics.com
15217,Pittsburgh,40.3513,-80.0798,171682.5,250616.0,142377.0,-4.02,CoStar/Real Capital Analytics,2025-Q4,https://www.rcanalytics.com
15218,Pittsburgh,40.297,-80.0886,168219.48,236422.0,166614.0,-4.32,CoStar/Real Capital Analytics,2025-Q4,https://www.rcanalytics.com
15219,Pittsburgh,40.4321,-80.0909,171385.5,233255.0,151118.0,-5.12,CoStar/Real Capital Analytics,2025-Q4,https://www.rcanalytics.com
15220,Pittsburgh,40.5455,-79.824,150601.44,225348.0,170152.0,-4.82,CoStar/Real Capital Analytics,2025-Q4,https://www.rcanalytics.com
02901,Providence,41.6886,-71.4873,309244.38,417632.0,277924.0,-4.96,CoStar/Real Capital Analytics,2025-Q4,https://www.rcanalytics.com
02902,Providence,41.925,-71.3528,239927.82,422563.0,273606.0,-5.21,CoStar/Real Capital Analytics,2025-Q4,https://www.rcanalytics.com
02903,Providence,41.8031,-71.3068,282342.66,388614.0,293597.0,-3.76,CoStar/Real Capital Analytics,2025-Q4,https://www.rcanalytics.com
02904,Providence,41.9018,-71.2444,328912.8,338377.0,238185.0,-4.79,CoStar/Real Capital Analytics,2025-Q4,https://www.rcanalytics.com
02905,Providence,41.9237,-71.4427,246494.22,356508.0,275204.0,-4.31,CoStar/Real Capital Analytics,2025-Q4,https://www.rcanalytics.com
02906,Providence,41.674,-71.479,304463.22,382021.0,228799.0,-5.24,CoStar/Real Capital Analytics,2025-Q4,https://www.rcanalytics.com
02907,Providence,41.735,-71.3862,330554.4,327421.0,290312.0,-4.39,CoStar/Real Capital Analytics,2025-Q4,https://www.rcanalytics.com
02908,Providence,41.847,-71.3514,292705.26,369680.0,314144.0,-4.63,CoStar/Real Capital Analytics,2025-Q4,https://www.rcanalytics.com
02909,Providence,41.8401,-71.4123,324080.34,326991.0,274629.0,-5.07,CoStar/Real Capital Analytics,2025-Q4,https://www.rcanalytics.com
02910,Providence,41.7101,-71.4958,279572.46,316769.0,298539.0,-5.11,CoStar/Real Capital Analytics,2025-Q4,https://www.rcanalytics.com
02911,Providence,41.8589,-71.5509,300841.44,419239.0,298266.0,-3.76,CoStar/Real Capital Analytics,2025-Q4,https://www.rcanalytics.com
02912,Providence,41.7267,-71.4433,303139.68,429613.0,287564.0,-5.22,CoStar/Real Capital Analytics,2025-Q4,https://www.rcanalytics.com
02913,Providence,41.9216,-71.4887,292951.5,397382.0,253771.0,-4.61,CoStar/Real Capital Analytics,2025-Q4,https://www.rcanalytics.com
02914,Providence,41.9424,-71.2618,303498.78,410748.0,239287.0,-5.0,CoStar/Real Capital Analytics,2025-Q4,https://www.rcanalytics.com
02915,Providence,41.9646,-71.4094,253337.64,429101.0,291453.0,-3.97,CoStar/Real Capital Analytics,2025-Q4,https://www.rcanalytics.com
06101,Hartford,41.852,-72.6067,242291.24,318640.0,183140.0,-4.14,CoStar/Real Capital Analytics,2025-Q4,https://www.rcanalytics.com
06102,Hartford,41.7674,-72.5334,244357.82,240252.0,181000.0,-4.94,CoStar/Real Capital Analytics,2025-Q4,https://www.rcanalytics.com
06103,Hartford,41.8517,-72.8215,249853.22,258757.0,237052.0,-5.26,CoStar/Real Capital Analytics,2025-Q4,https://www.rcanalytics.com
06104,Hartford,41.7749,-72.6497,189752.12,244024.0,208360.0,-4.28,CoStar/Real Capital Analytics,2025-Q4,https://www.rcanalytics.com
06105,Hartford,41.7886,-72.7471,178637.48,340990.0,188926.0,-4.48,CoStar/Real Capital Analytics,2025-Q4,https://www.rcanalytics.com
06106,Hartford,41.8591,-72.8545,219961.34,275496.0,170970.0,-4.08,CoStar/Real Capital Analytics,2025-Q4,https://www.rcanalytics.com
06107,Hartford,41.8736,-72.7358,240371.72,326236.0,240059.0,-4.49,CoStar/Real Capital Analytics,2025-Q4,https://www.rcanalytics.com
06108,Hartford,41.8232,-72.6952,200828.06,341502.0,214485.0,-5.13,CoStar/Real Capital Analytics,2025-Q4,https://www.rcanalytics.com
06109,Hartford,41.8731,-72.7441,199140.74,313938.0,223287.0,-5.29,CoStar/Real Capital Analytics,2025-Q4,https://www.rcanalytics.com
06110,Hartford,41.8755,-72.7274,240929.0,339663.0,216206.0,-4.85,CoStar/Real Capital Analytics,2025-Q4,https://www.rcanalytics.com
06111,Hartford,41.7231,-72.6872,250573.04,312893.0,210228.0,-5.14,CoStar/Real Capital Analytics,2025-Q4,https://www.rcanalytics.com
06112,Hartford,41.8704,-72.6832,197213.48,339486.0,227824.0,-3.88,CoStar/Real Capital Analytics,2025-Q4,https://www.rcanalytics.com
06113,Hartford,41.7682,-72.5119,181439.36,333206.0,173014.0,-4.69,CoStar/Real Capital Analytics,2025-Q4,https://www.rcanalytics.com
06114,Hartford,41.8081,-72.6731,193358.96,266802.0,234978.0,-4.31,CoStar/Real Capital Analytics,2025-Q4,https://www.rcanalytics.com
06115,Hartford,41.6548,-72.7291,194674.76,255403.0,172698.0,-4.04,CoStar/Real Capital Analytics,2025-Q4,https://www.rcanalytics.com
13201,Syracuse,43.0458,-76.2187,128126.72,206621.0,148777.0,-4.82,CoStar/Real Capital Analytics,2025-Q4,https://www.rcanalytics.com
13202,Syracuse,43.1113,-76.0913,138310.22,224082.0,161123.0,-5.03,CoStar/Real Capital Analytics,2025-Q4,https://www.rcanalytics.com
13203,Syracuse,43.0189,-76.1631,162990.56,241197.0,133054.0,-4.29,CoStar/Real Capital Analytics,2025-Q4,https://www.rcanalytics.com
13204,Syracuse,43.0695,-76.1434,134058.26,211374.0,143518.0,-3.7,CoStar/Real Capital Analytics,2025-Q4,https://www.rcanalytics.com
13205,Syracuse,43.1546,-75.972,135391.88,216888.0,135636.0,-4.51,CoStar/Real Capital Analytics,2025-Q4,https://www.rcanalytics.com
13206,Syracuse,43.0608,-76.302,154207.64,207480.0,138445.0,-5.06,CoStar/Real Capital Analytics,2025-Q4,https://www.rcanalytics.com
13207,Syracuse,43.1056,-76.0005,135966.62,218960.0,147425.0,-4.47,CoStar/Real Capital Analytics,2025-Q4,https://www.rcanalytics.com
13208,Syracuse,42.9504,-76.0265,145095.5,180685.0,152880.0,-4.83,CoStar/Real Capital Analytics,2025-Q4,https://www.rcanalytics.com
13209,Syracuse,43.0588,-76.107,156389.42,182312.0,165098.0,-5.18,CoStar/Real Capital Analytics,2025-Q4,https://www.rcanalytics.com
13210,Syracuse,43.0808,-76.0087,150251.42,212715.0,150362.0,-5.11,CoStar/Real Capital Analytics,2025-Q4,https://www.rcanalytics.com
13211,Syracuse,43.1012,-76.2866,152879.6,216934.0,135720.0,-4.96,CoStar/Real Capital Analytics,2025-Q4,https://www.rcanalytics.com
13212,Syracuse,43.0903,-76.2432,142093.46,231759.0,155117.0,-5.01,CoStar/Real Capital Analytics,2025-Q4,https://www.rcanalytics.com
13213,Syracuse,43.0426,-76.1731,149765.96,220851.0,171417.0,-4.18,CoStar/Real Capital Analytics,2025-Q4,https://www.rcanalytics.com
13214,Syracuse,43.0321,-75.9805,134420.96,182666.0,141562.0,-5.24,CoStar/Real Capital Analytics,2025-Q4,https://www.rcanalytics.com
13215,Syracuse,43.1131,-76.2484,152539.22,208745.0,128320.0,-4.03,CoStar/Real Capital Analytics,2025-Q4,https://www.rcanalytics.com
14601,Rochester,43.2324,-77.5741,136859.42,239209.0,169154.0,-5.12,CoStar/Real Capital Analytics,2025-Q4,https://www.rcanalytics.com
14602,Rochester,43.2999,-77.5609,167912.12,235352.0,156405.0,-5.06,CoStar/Real Capital Analytics,2025-Q4,https://www.rcanalytics.com
14603,Rochester,43.219,-77.6987,179183.72,225114.0,171730.0,-5.31,CoStar/Real Capital Analytics,2025-Q4,https://www.rcanalytics.com
14604,Rochester,43.0244,-77.6337,170557.04,219194.0,152244.0,-4.39,CoStar/Real Capital Analytics,2025-Q4,https://www.rcanalytics.com
14605,Rochester,43.2342,-77.5454,171946.46,242350.0,170945.0,-4.26,CoStar/Real Capital Analytics,2025-Q4,https://www.rcanalytics.com
14606,Rochester,43.0173,-77.7037,166271.6,220949.0,145522.0,-4.48,CoStar/Real Capital Analytics,2025-Q4,https://www.rcanalytics.com
14607,Rochester,43.198,-77.6964,180645.68,237619.0,169429.0,-5.06,CoStar/Real Capital Analytics,2025-Q4,https://www.rcanalytics.com
14608,Rochester,43.0127,-77.6433,147483.74,218410.0,133202.0,-4.28,CoStar/Real Capital Analytics,2025-Q4,https://www.rcanalytics.com
14609,Rochester,43.1293,-77.6597,154799.12,238907.0,137724.0,-4.55,CoStar/Real Capital Analytics,2025-Q4,https://www.rcanalytics.com
14610,Rochester,43.0485,-77.4909,149587.4,214719.0,148077.0,-4.42,CoStar/Real Capital Analytics,2025-Q4,https://www.rcanalytics.com
14611,Rochester,43.016,-77.6971,146384.48,193898.0,152646.0,-5.15,CoStar/Real Capital Analytics,2025-Q4,https://www.rcanalytics.com
14612,Rochester,43.2691,-77.5385,170752.34,214214.0,150240.0,-5.19,CoStar/Real Capital Analytics,2025-Q4,https://www.rcanalytics.com
14613,Rochester,43.1696,-77.5655,161216.12,230802.0,141673.0,-4.83,CoStar/Real Capital Analytics,2025-Q4,https://www.rcanalytics.com
14614,Rochester,43.1531,-77.7712,157622.6,176610.0,139219.0,-4.78,CoStar/Real Capital Analytics,2025-Q4,https://www.rcanalytics.com
14615,Rochester,43.2199,-77.4738,128835.38,230847.0,159819.0,-4.18,CoStar/Real Capital Analytics,2025-Q4,https://www.rcanalytics.com
14201,Buffalo,43.0176,-79.0061,177465.08,234727.0,129428.0,-5.0,CoStar/Real Capital Analytics,2025-Q4,https://www.rcanalytics.com
14202,Buffalo,42.7703,-78.7556,156121.58,204866.0,164234.0,-4.0,CoStar/Real Capital Analytics,2025-Q4,https://www.rcanalytics.com
14203,Buffalo,42.9612,-78.7407,146975.96,183276.0,140958.0,-4.63,CoStar/Real Capital Analytics,2025-Q4,https://www.rcanalytics.com
14204,Buffalo,42.8122,-78.8327,181209.26,187992.0,166217.0,-4.83,CoStar/Real Capital Analytics,2025-Q4,https://www.rcanalytics.com
14205,Buffalo,42.9099,-78.9059,151713.38,183713.0,149217.0,-3.93,CoStar/Real Capital Analytics,2025-Q4,https://www.rcanalytics.com
14206,Buffalo,42.7579,-78.7402,166651.04,224474.0,138307.0,-3.84,CoStar/Real Capital Analytics,2025-Q4,https://www.rcanalytics.com
14207,Buffalo,43.0005,-78.9477,173257.76,173077.0,152397.0,-4.79,CoStar/Real Capital Analytics,2025-Q4,https://www.rcanalytics.com
14208,Buffalo,42.9388,-79.0249,175060.1,212806.0,159464.0,-4.51,CoStar/Real Capital Analytics,2025-Q4,https://www.rcanalytics.com
14209,Buffalo,43.0004,-78.9587,130939.04,195352.0,123141.0,-4.95,CoStar/Real Capital Analytics,2025-Q4,https://www.rcanalytics.com
14210,Buffalo,42.7699,-78.9534,138209.78,186222.0,143815.0,-4.19,CoStar/Real Capital Analytics,2025-Q4,https://www.rcanalytics.com
14211,Buffalo,42.7398,-78.9726,165278.36,173355.0,133457.0,-4.61,CoStar/Real Capital Analytics,2025-Q4,https://www.rcanalytics.com
14212,Buffalo,42.9702,-78.8329,132378.68,213521.0,147192.0,-5.06,CoStar/Real Capital Analytics,2025-Q4,https://www.rcanalytics.com
14213,Buffalo,42.8028,-78.9216,176477.42,185137.0,122749.0,-4.17,CoStar/Real Capital Analytics,2025-Q4,https://www.rcanalytics.com
14214,Buffalo,42.9193,-79.0486,168297.14,223608.0,163938.0,-3.8,CoStar/Real Capital Analytics,2025-Q4,https://www.rcanalytics.com
14215,Buffalo,42.9497,-78.8541,127300.88,242418.0,169551.0,-5.22,CoStar/Real Capital Analytics,2025-Q4,https://www.rcanalytics.com
99501,Anchorage,61.2239,-149.7788,220719.86,238277.0,234272.0,-4.6,CoStar/Real Capital Analytics,2025-Q4,https://www.rcanalytics.com
99502,Anchorage,61.1348,-149.9297,181145.24,320928.0,234838.0,-3.88,CoStar/Real Capital Analytics,2025-Q4,https://www.rcanalytics.com
99503,Anchorage,61.3439,-149.7859,238599.26,309299.0,232081.0,-4.6,CoStar/Real Capital Analytics,2025-Q4,https://www.rcanalytics.com
99504,Anchorage,61.0994,-150.0187,184829.48,266207.0,202610.0,-3.74,CoStar/Real Capital Analytics,2025-Q4,https://www.rcanalytics.com
99505,Anchorage,61.1344,-149.8803,208382.3,337657.0,174478.0,-4.63,CoStar/Real Capital Analytics,2025-Q4,https://www.rcanalytics.com
99506,Anchorage,61.1651,-149.7952,228583.7,264556.0,168706.0,-5.15,CoStar/Real Capital Analytics,2025-Q4,https://www.rcanalytics.com
99507,Anchorage,61.357,-149.7265,216215.18,252383.0,182287.0,-5.23,CoStar/Real Capital Analytics,2025-Q4,https://www.rcanalytics.com
99508,Anchorage,61.3087,-149.9868,190340.36,266719.0,188022.0,-4.86,CoStar/Real Capital Analytics,2025-Q4,https://www.rcanalytics.com
99509,Anchorage,61.2596,-150.0544,252523.52,336884.0,222721.0,-5.15,CoStar/Real Capital Analytics,2025-Q4,https://www.rcanalytics.com
99510,Anchorage,61.2513,-149.7347,184341.86,311200.0,203022.0,-4.06,CoStar/Real Capital Analytics,2025-Q4,https://www.rcanalytics.com
96801,Honolulu,21.4344,-157.8729,607014.2,999722.0,588912.0,-3.88,CoStar/Real Capital Analytics,2025-Q4,https://www.rcanalytics.com
96802,Honolulu,21.1685,-157.912,616280.6,903372.0,507061.0,-4.34,CoStar/Real Capital Analytics,2025-Q4,https://www.rcanalytics.com
96803,Honolulu,21.2913,-157.7544,566368.4,767977.0,588268.0,-5.09,CoStar/Real Capital Analytics,2025-Q4,https://www.rcanalytics.com
96804,Honolulu,21.3188,-157.7852,731783.0,938469.0,565126.0,-4.56,CoStar/Real Capital Analytics,2025-Q4,https://www.rcanalytics.com
96805,Honolulu,21.3697,-157.7216,638440.4,972396.0,581487.0,-4.5,CoStar/Real Capital Analytics,2025-Q4,https://www.rcanalytics.com
96806,Honolulu,21.3152,-157.7718,680279.6,947093.0,537094.0,-3.83,CoStar/Real Capital Analytics,2025-Q4,https://www.rcanalytics.com
96807,Honolulu,21.4447,-157.7036,585065.0,1029353.0,548365.0,-3.93,CoStar/Real Capital Analytics,2025-Q4,https://www.rcanalytics.com
96808,Honolulu,21.1859,-157.7462,613028.0,918346.0,720091.0,-4.15,CoStar/Real Capital Analytics,2025-Q4,https://www.rcanalytics.com
96809,Honolulu,21.2634,-157.9212,544559.6,992045.0,522356.0,-4.16,CoStar/Real Capital Analytics,2025-Q4,https://www.rcanalytics.com
96810,Honolulu,21.4019,-157.8454,600462.2,939543.0,542674.0,-4.08,CoStar/Real Capital Analytics,2025-Q4,https://www.rcanalytics.com
76101,Fort Worth,32.7547,-97.1585,142891.4,217664.0,156627.0,-5.29,CoStar/Real Capital Analytics,2025-Q4,https://www.rcanalytics.com
76102,Fort Worth,32.6582,-97.2675,136050.32,199879.0,121901.0,-4.18,CoStar/Real Capital Analytics,2025-Q4,https://www.rcanalytics.com
76103,Fort Worth,32.7886,-97.1679,146094.32,235171.0,158446.0,-4.99,CoStar/Real Capital Analytics,2025-Q4,https://www.rcanalytics.com
76104,Fort Worth,32.7475,-97.3862,152410.88,223050.0,142596.0,-5.23,CoStar/Real Capital Analytics,2025-Q4,https://www.rcanalytics.com
76105,Fort Worth,32.9002,-97.2705,170919.74,215065.0,151316.0,-4.17,CoStar/Real Capital Analytics,2025-Q4,https://www.rcanalytics.com
76106,Fort Worth,32.8599,-97.4859,168034.88,181973.0,129269.0,-4.29,CoStar/Real Capital Analytics,2025-Q4,https://www.rcanalytics.com
76107,Fort Worth,32.8788,-97.2149,153884.0,197431.0,149169.0,-5.17,CoStar/Real Capital Analytics,2025-Q4,https://www.rcanalytics.com
76108,Fort Worth,32.7816,-97.2837,139191.86,196956.0,150701.0,-4.73,CoStar/Real Capital Analytics,2025-Q4,https://www.rcanalytics.com
76109,Fort Worth,32.6143,-97.3858,151752.44,182606.0,136526.0,-4.81,CoStar/Real Capital Analytics,2025-Q4,https://www.rcanalytics.com
76110,Fort Worth,32.7352,-97.3326,169580.54,198380.0,171062.0,-4.52,CoStar/Real Capital Analytics,2025-Q4,https://www.rcanalytics.com
76111,Fort Worth,32.8995,-97.311,160077.8,228098.0,163842.0,-3.82,CoStar/Real Capital Analytics,2025-Q4,https://www.rcanalytics.com
76112,Fort Worth,32.7093,-97.5105,136496.72,191721.0,127339.0,-3.93,CoStar/Real Capital Analytics,2025-Q4,https://www.rcanalytics.com
76113,Fort Worth,32.7693,-97.4406,149877.56,189431.0,170601.0,-4.16,CoStar/Real Capital Analytics,2025-Q4,https://www.rcanalytics.com
76114,Fort Worth,32.8259,-97.2174,133974.56,178802.0,140189.0,-3.72,CoStar/Real Capital Analytics,2025-Q4,https://www.rcanalytics.com
76115,Fort Worth,32.8768,-97.1927,139281.14,181355.0,161907.0,-4.28,CoStar/Real Capital Analytics,2025-Q4,https://www.rcanalytics.com
78401,Corpus Christi,27.7965,-97.2803,160311.29,216065.0,151824.0,-4.57,CoStar/Real Capital Analytics,2025-Q4,https://www.rcanalytics.com
78402,Corpus Christi,27.8657,-97.2384,142436.42,181813.0,128693.0,-4.47,CoStar/Real Capital Analytics,2025-Q4,https://www.rcanalytics.com
78403,Corpus Christi,27.8911,-97.5661,142347.0,175046.0,135631.0,-3.83,CoStar/Real Capital Analytics,2025-Q4,https://www.rcanalytics.com
78404,Corpus Christi,27.8449,-97.4315,145302.96,205884.0,136561.0,-3.9,CoStar/Real Capital Analytics,2025-Q4,https://www.rcanalytics.com
78405,Corpus Christi,27.6976,-97.5432,141338.5,174577.0,151314.0,-5.09,CoStar/Real Capital Analytics,2025-Q4,https://www.rcanalytics.com
78406,Corpus Christi,27.8832,-97.2819,148725.91,166059.0,119197.0,-4.83,CoStar/Real Capital Analytics,2025-Q4,https://www.rcanalytics.com
78407,Corpus Christi,27.8981,-97.3536,138993.6,188493.0,125512.0,-4.39,CoStar/Real Capital Analytics,2025-Q4,https://www.rcanalytics.com
78408,Corpus Christi,27.8209,-97.5554,153589.58,181096.0,124280.0,-3.97,CoStar/Real Capital Analytics,2025-Q4,https://www.rcanalytics.com
78409,Corpus Christi,27.8942,-97.4693,152620.82,215810.0,141342.0,-4.77,CoStar/Real Capital Analytics,2025-Q4,https://www.rcanalytics.com
78410,Corpus Christi,27.8702,-97.2471,160599.43,169875.0,119749.0,-4.49,CoStar/Real Capital Analytics,2025-Q4,https://www.rcanalytics.com
78411,Corpus Christi,27.846,-97.3758,114402.0,217440.0,148105.0,-3.9,CoStar/Real Capital Analytics,2025-Q4,https://www.rcanalytics.com
78412,Corpus Christi,27.7306,-97.4006,157315.58,214180.0,126395.0,-3.96,CoStar/Real Capital Analytics,2025-Q4,https://www.rcanalytics.com
78413,Corpus Christi,27.8118,-97.3349,142510.94,178721.0,149870.0,-4.11,CoStar/Real Capital Analytics,2025-Q4,https://www.rcanalytics.com
78414,Corpus Christi,27.8473,-97.3811,144821.06,202255.0,138675.0,-5.19,CoStar/Real Capital Analytics,2025-Q4,https://www.rcanalytics.com
78415,Corpus Christi,27.862,-97.2876,162015.31,213442.0,115945.0,-5.3,CoStar/Real Capital Analytics,2025-Q4,https://www.rcanalytics.com
79401,Lubbock,33.5153,-101.7663,121576.82,149006.0,124869.0,-5.0,CoStar/Real Capital Analytics,2025-Q4,https://www.rcanalytics.com
79402,Lubbock,33.7197,-102.015,128751.69,151357.0,116785.0,-4.07,CoStar/Real Capital Analytics,2025-Q4,https://www.rcanalytics.com
79403,Lubbock,33.5141,-101.7007,100935.78,187578.0,110421.0,-4.23,CoStar/Real Capital Analytics,2025-Q4,https://www.rcanalytics.com
79404,Lubbock,33.6251,-101.988,118705.17,171274.0,114598.0,-4.01,CoStar/Real Capital Analytics,2025-Q4,https://www.rcanalytics.com
79405,Lubbock,33.6265,-101.9366,107371.5,158354.0,103690.0,-3.94,CoStar/Real Capital Analytics,2025-Q4,https://www.rcanalytics.com
79406,Lubbock,33.522,-101.6911,115064.63,149247.0,125050.0,-4.38,CoStar/Real Capital Analytics,2025-Q4,https://www.rcanalytics.com
79407,Lubbock,33.5654,-101.9654,124966.72,142950.0,119986.0,-3.72,CoStar/Real Capital Analytics,2025-Q4,https://www.rcanalytics.com
79408,Lubbock,33.4399,-101.7233,119372.1,149935.0,123230.0,-4.92,CoStar/Real Capital Analytics,2025-Q4,https://www.rcanalytics.com
79409,Lubbock,33.6062,-101.936,102448.07,139291.0,127371.0,-4.86,CoStar/Real Capital Analytics,2025-Q4,https://www.rcanalytics.com
79410,Lubbock,33.6885,-101.9207,102745.43,137255.0,124986.0,-4.75,CoStar/Real Capital Analytics,2025-Q4,https://www.rcanalytics.com
79101,Amarillo,35.119,-101.738,143252.74,176538.0,137115.0,-4.18,CoStar/Real Capital Analytics,2025-Q4,https://www.rcanalytics.com
79102,Amarillo,35.1821,-101.8009,151754.06,156228.0,135354.0,-4.79,CoStar/Real Capital Analytics,2025-Q4,https://www.rcanalytics.com
79103,Amarillo,35.28,-101.7577,143471.33,207941.0,130745.0,-4.94,CoStar/Real Capital Analytics,2025-Q4,https://www.rcanalytics.com
79104,Amarillo,35.2449,-101.8237,130959.31,195457.0,139855.0,-4.5,CoStar/Real Capital Analytics,2025-Q4,https://www.rcanalytics.com
79105,Amarillo,35.1416,-101.7652,150233.42,150474.0,130555.0,-3.81,CoStar/Real Capital Analytics,2025-Q4,https://www.rcanalytics.com
79106,Amarillo,35.0753,-101.959,142791.79,161642.0,116859.0,-4.88,CoStar/Real Capital Analytics,2025-Q4,https://www.rcanalytics.com
79107,Amarillo,35.2465,-101.9093,135117.31,193295.0,120263.0,-4.22,CoStar/Real Capital Analytics,2025-Q4,https://www.rcanalytics.com
79108,Amarillo,35.3533,-102.0021,133900.8,166884.0,112538.0,-3.84,CoStar/Real Capital Analytics,2025-Q4,https://www.rcanalytics.com
79109,Amarillo,35.3543,-101.6868,139256.3,162245.0,125278.0,-4.6,CoStar/Real Capital Analytics,2025-Q4,https://www.rcanalytics.com
79110,Amarillo,35.2963,-101.8671,114203.76,185032.0,133571.0,-4.58,CoStar/Real Capital Analytics,2025-Q4,https://www.rcanalytics.com
76201,Denton,33.2099,-97.0283,166416.68,221205.0,172462.0,-3.73,CoStar/Real Capital Analytics,2025-Q4,https://www.rcanalytics.com
76202,Denton,33.1825,-97.2035,139158.38,193981.0,153590.0,-4.27,CoStar/Real Capital Analytics,2025-Q4,https://www.rcanalytics.com
76203,Denton,33.135,-97.2498,132858.56,195434.0,161218.0,-4.54,CoStar/Real Capital Analytics,2025-Q4,https://www.rcanalytics.com
76204,Denton,33.1825,-97.0021,137953.1,199163.0,153219.0,-4.9,CoStar/Real Capital Analytics,2025-Q4,https://www.rcanalytics.com
76205,Denton,33.0919,-97.2902,177632.48,208534.0,142145.0,-4.25,CoStar/Real Capital Analytics,2025-Q4,https://www.rcanalytics.com
76206,Denton,33.2081,-97.0504,154408.52,185973.0,164489.0,-4.27,CoStar/Real Capital Analytics,2025-Q4,https://www.rcanalytics.com
76207,Denton,33.1922,-97.0169,164050.76,184798.0,127101.0,-4.79,CoStar/Real Capital Analytics,2025-Q4,https://www.rcanalytics.com
76208,Denton,33.1471,-96.9693,173893.88,200286.0,154253.0,-4.11,CoStar/Real Capital Analytics,2025-Q4,https://www.rcanalytics.com
76209,Denton,33.2857,-97.0391,130169.0,230885.0,165629.0,-4.86,CoStar/Real Capital Analytics,2025-Q4,https://www.rcanalytics.com
76210,Denton,33.2026,-96.9928,154804.7,241521.0,149768.0,-4.71,CoStar/Real Capital Analytics,2025-Q4,https://www.rcanalytics.com
75401,Greenville TX,33.1181,-96.1485,140793.32,246260.0,121498.0,-3.94,CoStar/Real Capital Analytics,2025-Q4,https://www.rcanalytics.com
75402,Greenville TX,33.1258,-96.0154,143784.2,202832.0,156362.0,-4.02,CoStar/Real Capital Analytics,2025-Q4,https://www.rcanalytics.com
75403,Greenville TX,33.1463,-96.0361,164061.92,213890.0,139675.0,-3.77,CoStar/Real Capital Analytics,2025-Q4,https://www.rcanalytics.com
75404,Greenville TX,33.2625,-96.1611,149559.5,177423.0,170580.0,-4.06,CoStar/Real Capital Analytics,2025-Q4,https://www.rcanalytics.com
75405,Greenville TX,33.2091,-96.2445,132289.4,228693.0,137820.0,-4.67,CoStar/Real Capital Analytics,2025-Q4,https://www.rcanalytics.com
75406,Greenville TX,33.055,-96.173,156194.12,212956.0,148077.0,-4.56,CoStar/Real Capital Analytics,2025-Q4,https://www.rcanalytics.com
75407,Greenville TX,33.2114,-96.043,141518.72,212015.0,133849.0,-4.62,CoStar/Real Capital Analytics,2025-Q4,https://www.rcanalytics.com
75408,Greenville TX,33.114,-96.1377,132875.3,221363.0,127318.0,-5.07,CoStar/Real Capital Analytics,2025-Q4,https://www.rcanalytics.com
75409,Greenville TX,33.065,-96.1166,171176.42,171683.0,150759.0,-4.76,CoStar/Real Capital Analytics,2025-Q4,https://www.rcanalytics.com
75410,Greenville TX,33.3071,-95.9658,140865.86,194922.0,129285.0,-5.2,CoStar/Real Capital Analytics,2025-Q4,https://www.rcanalytics.com
36101,Montgomery,32.3959,-86.2919,132273.28,138718.0,128307.0,-4.58,CoStar/Real Capital Analytics,2025-Q4,https://www.rcanalytics.com
36102,Montgomery,32.2358,-86.2049,122923.43,169330.0,92931.0,-4.81,CoStar/Real Capital Analytics,2025-Q4,https://www.rcanalytics.com
36103,Montgomery,32.4886,-86.4499,130535.85,166727.0,125898.0,-4.96,CoStar/Real Capital Analytics,2025-Q4,https://www.rcanalytics.com
36104,Montgomery,32.3342,-86.1669,98522.92,147647.0,100276.0,-4.04,CoStar/Real Capital Analytics,2025-Q4,https://www.rcanalytics.com
36105,Montgomery,32.3037,-86.432,124095.88,161233.0,106236.0,-3.79,CoStar/Real Capital Analytics,2025-Q4,https://www.rcanalytics.com
36106,Montgomery,32.4883,-86.3256,104580.57,133459.0,114538.0,-3.78,CoStar/Real Capital Analytics,2025-Q4,https://www.rcanalytics.com
36107,Montgomery,32.3615,-86.2148,116411.25,157006.0,119796.0,-5.23,CoStar/Real Capital Analytics,2025-Q4,https://www.rcanalytics.com
36108,Montgomery,32.2218,-86.463,127676.94,144378.0,130442.0,-3.78,CoStar/Real Capital Analytics,2025-Q4,https://www.rcanalytics.com
36109,Montgomery,32.2646,-86.1847,112919.39,185112.0,111910.0,-4.67,CoStar/Real Capital Analytics,2025-Q4,https://www.rcanalytics.com
36110,Montgomery,32.4829,-86.4256,114520.89,166658.0,118585.0,-4.81,CoStar/Real Capital Analytics,2025-Q4,https://www.rcanalytics.com
36601,Mobile,30.611,-87.8918,111984.83,173247.0,107302.0,-4.2,CoStar/Real Capital Analytics,2025-Q4,https://www.rcanalytics.com
36602,Mobile,30.5864,-88.2037,115073.13,131217.0,110425.0,-3.91,CoStar/Real Capital Analytics,2025-Q4,https://www.rcanalytics.com
36603,Mobile,30.7569,-88.1984,117490.24,154987.0,98411.0,-5.09,CoStar/Real Capital Analytics,2025-Q4,https://www.rcanalytics.com
36604,Mobile,30.7953,-87.919,119516.54,180800.0,125744.0,-4.8,CoStar/Real Capital Analytics,2025-Q4,https://www.rcanalytics.com
36605,Mobile,30.5644,-88.0322,110102.97,159535.0,110284.0,-4.59,CoStar/Real Capital Analytics,2025-Q4,https://www.rcanalytics.com
36606,Mobile,30.7494,-88.1855,120140.99,133511.0,127564.0,-4.63,CoStar/Real Capital Analytics,2025-Q4,https://www.rcanalytics.com
36607,Mobile,30.6156,-87.9536,99924.76,180209.0,94420.0,-4.19,CoStar/Real Capital Analytics,2025-Q4,https://www.rcanalytics.com
36608,Mobile,30.6756,-88.1351,136406.58,176636.0,119679.0,-4.15,CoStar/Real Capital Analytics,2025-Q4,https://www.rcanalytics.com
36609,Mobile,30.5489,-88.0187,127213.91,168309.0,131382.0,-4.02,CoStar/Real Capital Analytics,2025-Q4,https://www.rcanalytics.com
36610,Mobile,30.5534,-88.1658,114074.85,137364.0,101535.0,-3.71,CoStar/Real Capital Analytics,2025-Q4,https://www.rcanalytics.com
31201,Macon,32.9122,-83.5236,111980.58,166979.0,116164.0,-3.94,CoStar/Real Capital Analytics,2025-Q4,https://www.rcanalytics.com
31202,Macon,32.8308,-83.8022,106823.51,187211.0,93686.0,-4.49,CoStar/Real Capital Analytics,2025-Q4,https://www.rcanalytics.com
31203,Macon,32.881,-83.6344,97953.69,137617.0,122625.0,-5.14,CoStar/Real Capital Analytics,2025-Q4,https://www.rcanalytics.com
31204,Macon,32.8412,-83.5994,116007.69,179194.0,124852.0,-3.9,CoStar/Real Capital Analytics,2025-Q4,https://www.rcanalytics.com
31205,Macon,32.8797,-83.7902,111806.42,168613.0,112035.0,-4.99,CoStar/Real Capital Analytics,2025-Q4,https://www.rcanalytics.com
31206,Macon,32.7735,-83.6513,126487.5,145324.0,100251.0,-4.96,CoStar/Real Capital Analytics,2025-Q4,https://www.rcanalytics.com
31207,Macon,32.934,-83.7794,103760.7,141430.0,106604.0,-4.1,CoStar/Real Capital Analytics,2025-Q4,https://www.rcanalytics.com
31208,Macon,32.7645,-83.4904,117409.53,151260.0,101168.0,-4.32,CoStar/Real Capital Analytics,2025-Q4,https://www.rcanalytics.com
31209,Macon,32.9827,-83.6256,123662.58,160613.0,129699.0,-3.82,CoStar/Real Capital Analytics,2025-Q4,https://www.rcanalytics.com
31210,Macon,32.8647,-83.7167,136852.62,170494.0,106386.0,-4.44,CoStar/Real Capital Analytics,2025-Q4,https://www.rcanalytics.com
30901,Augusta,33.4576,-81.844,113860.49,174684.0,149728.0,-4.62,CoStar/Real Capital Analytics,2025-Q4,https://www.rcanalytics.com
30902,Augusta,33.4432,-82.0922,141239.14,161532.0,120396.0,-4.49,CoStar/Real Capital Analytics,2025-Q4,https://www.rcanalytics.com
30903,Augusta,33.4799,-81.9335,143817.53,208332.0,129840.0,-3.88,CoStar/Real Capital Analytics,2025-Q4,https://www.rcanalytics.com
30904,Augusta,33.3942,-81.9079,158607.26,206615.0,126701.0,-4.16,CoStar/Real Capital Analytics,2025-Q4,https://www.rcanalytics.com
30905,Augusta,33.393,-81.9894,153082.85,161015.0,147958.0,-4.39,CoStar/Real Capital Analytics,2025-Q4,https://www.rcanalytics.com
30906,Augusta,33.3948,-82.168,125729.04,185938.0,152650.0,-4.08,CoStar/Real Capital Analytics,2025-Q4,https://www.rcanalytics.com
30907,Augusta,33.418,-81.9768,151642.13,206112.0,134795.0,-4.13,CoStar/Real Capital Analytics,2025-Q4,https://www.rcanalytics.com
30908,Augusta,33.5507,-82.1129,114620.59,182229.0,137080.0,-4.13,CoStar/Real Capital Analytics,2025-Q4,https://www.rcanalytics.com
30909,Augusta,33.5734,-82.1482,126076.8,189814.0,137132.0,-4.54,CoStar/Real Capital Analytics,2025-Q4,https://www.rcanalytics.com
30910,Augusta,33.5498,-81.9518,139112.83,177098.0,108361.0,-3.86,CoStar/Real Capital Analytics,2025-Q4,https://www.rcanalytics.com
70801,Baton Rouge,30.5762,-91.2582,149719.51,154516.0,152697.0,-4.04,CoStar/Real Capital Analytics,2025-Q4,https://www.rcanalytics.com
70802,Baton Rouge,30.5067,-91.0399,129663.7,191592.0,153372.0,-4.65,CoStar/Real Capital Analytics,2025-Q4,https://www.rcanalytics.com
70803,Baton Rouge,30.5539,-91.1479,143092.2,199506.0,151064.0,-4.91,CoStar/Real Capital Analytics,2025-Q4,https://www.rcanalytics.com
70804,Baton Rouge,30.3378,-91.3183,149510.86,207071.0,119834.0,-3.94,CoStar/Real Capital Analytics,2025-Q4,https://www.rcanalytics.com
70805,Baton Rouge,30.5312,-91.2347,125267.02,200136.0,146207.0,-4.73,CoStar/Real Capital Analytics,2025-Q4,https://www.rcanalytics.com
70806,Baton Rouge,30.5972,-91.0817,158016.07,190619.0,124115.0,-3.87,CoStar/Real Capital Analytics,2025-Q4,https://www.rcanalytics.com
70807,Baton Rouge,30.4069,-91.1238,162025.25,192658.0,142790.0,-5.02,CoStar/Real Capital Analytics,2025-Q4,https://www.rcanalytics.com
70808,Baton Rouge,30.3899,-91.2711,154508.66,201679.0,132219.0,-4.6,CoStar/Real Capital Analytics,2025-Q4,https://www.rcanalytics.com
70809,Baton Rouge,30.5456,-91.3632,129087.41,170063.0,140053.0,-4.24,CoStar/Real Capital Analytics,2025-Q4,https://www.rcanalytics.com
70810,Baton Rouge,30.3322,-91.1683,157857.1,169526.0,146373.0,-4.57,CoStar/Real Capital Analytics,2025-Q4,https://www.rcanalytics.com
70811,Baton Rouge,30.3089,-91.3416,134080.25,184261.0,112878.0,-5.04,CoStar/Real Capital Analytics,2025-Q4,https://www.rcanalytics.com
70812,Baton Rouge,30.4158,-91.2374,148542.1,166133.0,114256.0,-3.79,CoStar/Real Capital Analytics,2025-Q4,https://www.rcanalytics.com
70813,Baton Rouge,30.3226,-91.3601,122176.92,156944.0,150422.0,-3.87,CoStar/Real Capital Analytics,2025-Q4,https://www.rcanalytics.com
70814,Baton Rouge,30.5252,-91.3368,140558.52,202309.0,151725.0,-4.73,CoStar/Real Capital Analytics,2025-Q4,https://www.rcanalytics.com
70815,Baton Rouge,30.5757,-91.0282,126687.86,194154.0,152669.0,-4.44,CoStar/Real Capital Analytics,2025-Q4,https://www.rcanalytics.com
71101,Shreveport,32.5358,-93.8159,130548.59,147618.0,99311.0,-5.1,CoStar/Real Capital Analytics,2025-Q4,https://www.rcanalytics.com
71102,Shreveport,32.4687,-93.6927,106288.26,134136.0,126313.0,-5.01,CoStar/Real Capital Analytics,2025-Q4,https://www.rcanalytics.com
71103,Shreveport,32.6235,-93.7468,131151.81,146477.0,127960.0,-4.86,CoStar/Real Capital Analytics,2025-Q4,https://www.rcanalytics.com
71104,Shreveport,32.5257,-93.9166,100583.2,162437.0,120603.0,-4.72,CoStar/Real Capital Analytics,2025-Q4,https://www.rcanalytics.com
71105,Shreveport,32.4053,-93.7802,126589.46,150010.0,107891.0,-4.32,CoStar/Real Capital Analytics,2025-Q4,https://www.rcanalytics.com
71106,Shreveport,32.4774,-93.6079,128369.37,169238.0,130841.0,-4.51,CoStar/Real Capital Analytics,2025-Q4,https://www.rcanalytics.com
71107,Shreveport,32.58,-93.6863,132783.04,178494.0,105639.0,-4.04,CoStar/Real Capital Analytics,2025-Q4,https://www.rcanalytics.com
71108,Shreveport,32.4673,-93.6525,102821.9,137984.0,104376.0,-4.64,CoStar/Real Capital Analytics,2025-Q4,https://www.rcanalytics.com
71109,Shreveport,32.5288,-93.7222,134567.2,156851.0,126430.0,-4.43,CoStar/Real Capital Analytics,2025-Q4,https://www.rcanalytics.com
71110,Shreveport,32.6259,-93.6311,103527.06,165912.0,120865.0,-4.88,CoStar/Real Capital Analytics,2025-Q4,https://www.rcanalytics.com
70501,Lafayette,30.3512,-92.1268,123322.85,183512.0,132935.0,-4.5,CoStar/Real Capital Analytics,2025-Q4,https://www.rcanalytics.com
70502,Lafayette,30.3597,-92.1401,125637.07,209365.0,142297.0,-4.77,CoStar/Real Capital Analytics,2025-Q4,https://www.rcanalytics.com
70503,Lafayette,30.2337,-92.0247,113500.46,190896.0,126966.0,-3.8,CoStar/Real Capital Analytics,2025-Q4,https://www.rcanalytics.com
70504,Lafayette,30.183,-91.9374,109209.41,180734.0,135047.0,-4.49,CoStar/Real Capital Analytics,2025-Q4,https://www.rcanalytics.com
70505,Lafayette,30.3388,-92.1054,121098.91,164394.0,102873.0,-4.52,CoStar/Real Capital Analytics,2025-Q4,https://www.rcanalytics.com
70506,Lafayette,30.0771,-92.1089,125185.63,167730.0,116692.0,-3.98,CoStar/Real Capital Analytics,2025-Q4,https://www.rcanalytics.com
70507,Lafayette,30.3403,-92.1842,140135.42,187091.0,119048.0,-4.89,CoStar/Real Capital Analytics,2025-Q4,https://www.rcanalytics.com
70508,Lafayette,30.295,-92.1503,135640.03,153777.0,129314.0,-4.53,CoStar/Real Capital Analytics,2025-Q4,https://www.rcanalytics.com
70509,Lafayette,30.1123,-92.1867,151877.62,152501.0,141137.0,-5.04,CoStar/Real Capital Analytics,2025-Q4,https://www.rcanalytics.com
70510,Lafayette,30.088,-92.1943,124106.93,200576.0,147615.0,-4.89,CoStar/Real Capital Analytics,2025-Q4,https://www.rcanalytics.com
74101,Tulsa,36.1745,-96.0746,135404.06,155567.0,99537.0,-4.35,CoStar/Real Capital Analytics,2025-Q4,https://www.rcanalytics.com
74102,Tulsa,36.1187,-95.8542,124227.57,162907.0,101240.0,-4.25,CoStar/Real Capital Analytics,2025-Q4,https://www.rcanalytics.com
74103,Tulsa,36.0864,-95.8175,138364.91,173476.0,120881.0,-4.53,CoStar/Real Capital Analytics,2025-Q4,https://www.rcanalytics.com
74104,Tulsa,36.166,-96.0692,130157.78,148513.0,125732.0,-5.0,CoStar/Real Capital Analytics,2025-Q4,https://www.rcanalytics.com
74105,Tulsa,36.2434,-95.8459,138628.29,155332.0,99416.0,-5.05,CoStar/Real Capital Analytics,2025-Q4,https://www.rcanalytics.com
74106,Tulsa,36.0844,-96.0303,103025.8,166268.0,92939.0,-4.23,CoStar/Real Capital Analytics,2025-Q4,https://www.rcanalytics.com
74107,Tulsa,36.2812,-95.9983,137676.74,183162.0,95259.0,-4.19,CoStar/Real Capital Analytics,2025-Q4,https://www.rcanalytics.com
74108,Tulsa,36.2384,-95.9567,124737.33,148656.0,128073.0,-4.87,CoStar/Real Capital Analytics,2025-Q4,https://www.rcanalytics.com
74109,Tulsa,36.0999,-96.1434,104402.15,184665.0,109949.0,-5.18,CoStar/Real Capital Analytics,2025-Q4,https://www.rcanalytics.com
74110,Tulsa,36.0791,-96.0878,97749.78,131062.0,123840.0,-5.18,CoStar/Real Capital Analytics,2025-Q4,https://www.rcanalytics.com
74111,Tulsa,36.1083,-96.0022,100413.28,187114.0,99093.0,-3.73,CoStar/Real Capital Analytics,2025-Q4,https://www.rcanalytics.com
74112,Tulsa,36.116,-95.9311,138539.08,137743.0,96623.0,-4.81,CoStar/Real Capital Analytics,2025-Q4,https://www.rcanalytics.com
74113,Tulsa,36.151,-95.9039,133241.82,137582.0,110006.0,-5.25,CoStar/Real Capital Analytics,2025-Q4,https://www.rcanalytics.com
74114,Tulsa,36.2011,-95.9272,125085.66,151380.0,128101.0,-4.78,CoStar/Real Capital Analytics,2025-Q4,https://www.rcanalytics.com
74115,Tulsa,36.2697,-95.9837,121436.63,158377.0,123928.0,-5.25,CoStar/Real Capital Analytics,2025-Q4,https://www.rcanalytics.com
67201,Wichita,37.5655,-97.2979,98824.53,137359.0,92221.0,-5.17,CoStar/Real Capital Analytics,2025-Q4,https://www.rcanalytics.com
67202,Wichita,37.5796,-97.2017,126763.62,138873.0,107919.0,-4.26,CoStar/Real Capital Analytics,2025-Q4,https://www.rcanalytics.com
67203,Wichita,37.8148,-97.3073,128760.18,153026.0,100272.0,-4.78,CoStar/Real Capital Analytics,2025-Q4,https://www.rcanalytics.com
67204,Wichita,37.5886,-97.4371,100889.06,144653.0,129219.0,-3.81,CoStar/Real Capital Analytics,2025-Q4,https://www.rcanalytics.com
67205,Wichita,37.5617,-97.1932,119168.2,151719.0,92737.0,-4.0,CoStar/Real Capital Analytics,2025-Q4,https://www.rcanalytics.com
67206,Wichita,37.6108,-97.3717,110136.95,181333.0,127012.0,-4.47,CoStar/Real Capital Analytics,2025-Q4,https://www.rcanalytics.com
67207,Wichita,37.7449,-97.4853,98386.98,133562.0,129332.0,-4.22,CoStar/Real Capital Analytics,2025-Q4,https://www.rcanalytics.com
67208,Wichita,37.5525,-97.2897,101063.22,159151.0,123436.0,-4.74,CoStar/Real Capital Analytics,2025-Q4,https://www.rcanalytics.com
67209,Wichita,37.652,-97.4215,123399.21,135736.0,119638.0,-4.89,CoStar/Real Capital Analytics,2025-Q4,https://www.rcanalytics.com
67210,Wichita,37.7183,-97.3327,104924.66,184103.0,110905.0,-5.17,CoStar/Real Capital Analytics,2025-Q4,https://www.rcanalytics.com
57101,Sioux Falls,43.6647,-96.8655,156113.38,212839.0,142912.0,-3.87,CoStar/Real Capital Analytics,2025-Q4,https://www.rcanalytics.com
57102,Sioux Falls,43.4412,-96.7373,159647.32,230682.0,134184.0,-4.83,CoStar/Real Capital Analytics,2025-Q4,https://www.rcanalytics.com
57103,Sioux Falls,43.5347,-96.7066,151879.96,188012.0,149890.0,-3.99,CoStar/Real Capital Analytics,2025-Q4,https://www.rcanalytics.com
57104,Sioux Falls,43.5353,-96.6422,130592.8,230301.0,154635.0,-3.93,CoStar/Real Capital Analytics,2025-Q4,https://www.rcanalytics.com
57105,Sioux Falls,43.5328,-96.6177,120982.78,174313.0,138767.0,-4.06,CoStar/Real Capital Analytics,2025-Q4,https://www.rcanalytics.com
57106,Sioux Falls,43.4462,-96.7464,147223.72,187054.0,113957.0,-4.13,CoStar/Real Capital Analytics,2025-Q4,https://www.rcanalytics.com
57107,Sioux Falls,43.5053,-96.735,124615.9,217835.0,138330.0,-5.09,CoStar/Real Capital Analytics,2025-Q4,https://www.rcanalytics.com
57108,Sioux Falls,43.6601,-96.5606,138876.94,193911.0,113347.0,-4.56,CoStar/Real Capital Analytics,2025-Q4,https://www.rcanalytics.com
57109,Sioux Falls,43.5044,-96.8466,140442.94,189380.0,144762.0,-3.71,CoStar/Real Capital Analytics,2025-Q4,https://www.rcanalytics.com
57110,Sioux Falls,43.4048,-96.7543,162925.48,203565.0,156629.0,-4.4,CoStar/Real Capital Analytics,2025-Q4,https://www.rcanalytics.com
58101,Fargo,46.8219,-96.8051,142677.1,182234.0,121747.0,-4.24,CoStar/Real Capital Analytics,2025-Q4,https://www.rcanalytics.com
58102,Fargo,46.9293,-96.9542,130775.5,216440.0,159297.0,-4.68,CoStar/Real Capital Analytics,2025-Q4,https://www.rcanalytics.com
58103,Fargo,46.8685,-96.96,138161.8,166970.0,118807.0,-5.0,CoStar/Real Capital Analytics,2025-Q4,https://www.rcanalytics.com
58104,Fargo,46.854,-96.8947,153357.22,161466.0,151496.0,-5.12,CoStar/Real Capital Analytics,2025-Q4,https://www.rcanalytics.com
58105,Fargo,46.7526,-96.6571,169105.96,212642.0,134765.0,-5.01,CoStar/Real Capital Analytics,2025-Q4,https://www.rcanalytics.com
58106,Fargo,46.7333,-96.9637,163484.02,172107.0,114165.0,-4.65,CoStar/Real Capital Analytics,2025-Q4,https://www.rcanalytics.com
58107,Fargo,46.834,-96.6454,164470.6,177992.0,122575.0,-4.84,CoStar/Real Capital Analytics,2025-Q4,https://www.rcanalytics.com
58108,Fargo,46.7681,-96.6802,165686.86,205722.0,141990.0,-4.51,CoStar/Real Capital Analytics,2025-Q4,https://www.rcanalytics.com
58109,Fargo,46.9197,-96.6369,121353.4,171212.0,127044.0,-4.18,CoStar/Real Capital Analytics,2025-Q4,https://www.rcanalytics.com
58110,Fargo,46.8312,-96.8584,131882.14,164497.0,143879.0,-4.57,CoStar/Real Capital Analytics,2025-Q4,https://www.rcanalytics.com
59101,Billings,45.7226,-108.5036,166595.14,187435.0,123171.0,-4.86,CoStar/Real Capital Analytics,2025-Q4,https://www.rcanalytics.com
59102,Billings,45.7348,-108.5551,157183.48,162361.0,158305.0,-3.77,CoStar/Real Capital Analytics,2025-Q4,https://www.rcanalytics.com
59103,Billings,45.8289,-108.4262,169920.28,216785.0,123671.0,-4.48,CoStar/Real Capital Analytics,2025-Q4,https://www.rcanalytics.com
59104,Billings,45.9326,-108.4693,151728.58,214840.0,150837.0,-4.0,CoStar/Real Capital Analytics,2025-Q4,https://www.rcanalytics.com
59105,Billings,45.6543,-108.569,154594.36,216214.0,139496.0,-5.14,CoStar/Real Capital Analytics,2025-Q4,https://www.rcanalytics.com
59106,Billings,45.7321,-108.3896,146586.88,225192.0,140834.0,-4.84,CoStar/Real Capital Analytics,2025-Q4,https://www.rcanalytics.com
59107,Billings,45.6753,-108.3374,140964.94,229815.0,128139.0,-4.03,CoStar/Real Capital Analytics,2025-Q4,https://www.rcanalytics.com
59108,Billings,45.9179,-108.4563,126442.9,194474.0,123771.0,-4.53,CoStar/Real Capital Analytics,2025-Q4,https://www.rcanalytics.com
59109,Billings,45.925,-108.4504,122209.48,196560.0,133297.0,-3.87,CoStar/Real Capital Analytics,2025-Q4,https://www.rcanalytics.com
59110,Billings,45.8482,-108.3526,123363.1,177858.0,133287.0,-4.68,CoStar/Real Capital Analytics,2025-Q4,https://www.rcanalytics.com
59715,Bozeman,45.82,-111.0576,322890.18,334720.0,304572.0,-4.8,CoStar/Real Capital Analytics,2025-Q4,https://www.rcanalytics.com
59716,Bozeman,45.6464,-111.0746,255307.56,362588.0,239306.0,-4.29,CoStar/Real Capital Analytics,2025-Q4,https://www.rcanalytics.com
59717,Bozeman,45.6607,-111.0085,304381.14,318985.0,269327.0,-4.33,CoStar/Real Capital Analytics,2025-Q4,https://www.rcanalytics.com
59718,Bozeman,45.5657,-111.215,292889.94,366744.0,306151.0,-4.69,CoStar/Real Capital Analytics,2025-Q4,https://www.rcanalytics.com
59719,Bozeman,45.7141,-110.925,239127.54,386606.0,305264.0,-4.81,CoStar/Real Capital Analytics,2025-Q4,https://www.rcanalytics.com
59720,Bozeman,45.7795,-110.9759,309285.42,419031.0,314446.0,-4.6,CoStar/Real Capital Analytics,2025-Q4,https://www.rcanalytics.com
59721,Bozeman,45.7382,-111.0428,275581.32,392271.0,305469.0,-4.22,CoStar/Real Capital Analytics,2025-Q4,https://www.rcanalytics.com
59722,Bozeman,45.5393,-111.1085,259606.5,438589.0,240983.0,-4.2,CoStar/Real Capital Analytics,2025-Q4,https://www.rcanalytics.com
59723,Bozeman,45.6453,-111.0969,320509.86,415111.0,286374.0,-3.75,CoStar/Real Capital Analytics,2025-Q4,https://www.rcanalytics.com
59724,Bozeman,45.5952,-111.2139,234992.76,370013.0,316210.0,-4.98,CoStar/Real Capital Analytics,2025-Q4,https://www.rcanalytics.com
50301,Des Moines,41.5086,-93.7149,124114.44,202302.0,114695.0,-4.98,CoStar/Real Capital Analytics,2025-Q4,https://www.rcanalytics.com
50302,Des Moines,41.5788,-93.6806,145814.66,176656.0,126484.0,-4.75,CoStar/Real Capital Analytics,2025-Q4,https://www.rcanalytics.com
50303,Des Moines,41.6731,-93.4509,156600.19,158561.0,119608.0,-4.11,CoStar/Real Capital Analytics,2025-Q4,https://www.rcanalytics.com
50304,Des Moines,41.4961,-93.6251,137721.79,197440.0,150913.0,-3.85,CoStar/Real Capital Analytics,2025-Q4,https://www.rcanalytics.com
50305,Des Moines,41.67,-93.6116,138889.27,159010.0,115181.0,-4.44,CoStar/Real Capital Analytics,2025-Q4,https://www.rcanalytics.com
50306,Des Moines,41.5114,-93.5099,121744.7,179654.0,135569.0,-4.04,CoStar/Real Capital Analytics,2025-Q4,https://www.rcanalytics.com
50307,Des Moines,41.7073,-93.527,136738.13,192383.0,114931.0,-4.83,CoStar/Real Capital Analytics,2025-Q4,https://www.rcanalytics.com
50308,Des Moines,41.6494,-93.6248,148557.0,202101.0,144943.0,-4.92,CoStar/Real Capital Analytics,2025-Q4,https://www.rcanalytics.com
50309,Des Moines,41.6649,-93.6598,143911.92,215535.0,137509.0,-5.19,CoStar/Real Capital Analytics,2025-Q4,https://www.rcanalytics.com
50310,Des Moines,41.4964,-93.5153,133543.7,171532.0,130822.0,-4.18,CoStar/Real Capital Analytics,2025-Q4,https://www.rcanalytics.com
50311,Des Moines,41.6239,-93.6891,157037.38,184328.0,136150.0,-5.23,CoStar/Real Capital Analytics,2025-Q4,https://www.rcanalytics.com
50312,Des Moines,41.5786,-93.5743,124581.43,166354.0,128825.0,-4.59,CoStar/Real Capital Analytics,2025-Q4,https://www.rcanalytics.com
50313,Des Moines,41.6442,-93.4532,116995.3,178413.0,120953.0,-4.71,CoStar/Real Capital Analytics,2025-Q4,https://www.rcanalytics.com
50314,Des Moines,41.5605,-93.5765,114158.57,178252.0,117895.0,-4.74,CoStar/Real Capital Analytics,2025-Q4,https://www.rcanalytics.com
50315,Des Moines,41.6548,-93.4897,116458.75,200780.0,113486.0,-3.92,CoStar/Real Capital Analytics,2025-Q4,https://www.rcanalytics.com
52401,Cedar Rapids,41.8816,-91.536,147657.79,206011.0,142602.0,-4.57,CoStar/Real Capital Analytics,2025-Q4,https://www.rcanalytics.com
52402,Cedar Rapids,41.9925,-91.6004,133811.98,166448.0,141299.0,-4.9,CoStar/Real Capital Analytics,2025-Q4,https://www.rcanalytics.com
52403,Cedar Rapids,41.962,-91.7474,153763.46,156414.0,123048.0,-4.26,CoStar/Real Capital Analytics,2025-Q4,https://www.rcanalytics.com
52404,Cedar Rapids,41.9366,-91.5163,122350.8,192054.0,153471.0,-3.96,CoStar/Real Capital Analytics,2025-Q4,https://www.rcanalytics.com
52405,Cedar Rapids,42.1062,-91.7485,138953.86,215065.0,132502.0,-3.79,CoStar/Real Capital Analytics,2025-Q4,https://www.rcanalytics.com
52406,Cedar Rapids,42.0435,-91.6675,151557.67,155992.0,121859.0,-4.2,CoStar/Real Capital Analytics,2025-Q4,https://www.rcanalytics.com
52407,Cedar Rapids,42.1199,-91.6108,145690.46,189103.0,128707.0,-3.99,CoStar/Real Capital Analytics,2025-Q4,https://www.rcanalytics.com
52408,Cedar Rapids,41.9025,-91.6681,114456.65,197594.0,134088.0,-4.43,CoStar/Real Capital Analytics,2025-Q4,https://www.rcanalytics.com
52409,Cedar Rapids,42.079,-91.5166,129748.15,155637.0,118201.0,-4.71,CoStar/Real Capital Analytics,2025-Q4,https://www.rcanalytics.com
52410,Cedar Rapids,42.0351,-91.543,134293.87,207299.0,124648.0,-4.4,CoStar/Real Capital Analytics,2025-Q4,https://www.rcanalytics.com
66101,Kansas City KS,39.1364,-94.499,146853.2,234388.0,141753.0,-4.48,CoStar/Real Capital Analytics,2025-Q4,https://www.rcanalytics.com
66102,Kansas City KS,39.0606,-94.6368,169083.92,181039.0,131543.0,-5.03,CoStar/Real Capital Analytics,2025-Q4,https://www.rcanalytics.com
66103,Kansas City KS,39.034,-94.5227,166678.94,193273.0,169573.0,-4.18,CoStar/Real Capital Analytics,2025-Q4,https://www.rcanalytics.com
66104,Kansas City KS,39.2453,-94.4841,151133.06,193182.0,152901.0,-3.74,CoStar/Real Capital Analytics,2025-Q4,https://www.rcanalytics.com
66105,Kansas City KS,39.2634,-94.5186,134080.58,183065.0,171597.0,-3.89,CoStar/Real Capital Analytics,2025-Q4,https://www.rcanalytics.com
66106,Kansas City KS,39.0409,-94.6519,153225.56,172670.0,141801.0,-3.92,CoStar/Real Capital Analytics,2025-Q4,https://www.rcanalytics.com
66107,Kansas City KS,39.0177,-94.4766,170992.28,172384.0,122940.0,-5.13,CoStar/Real Capital Analytics,2025-Q4,https://www.rcanalytics.com
66108,Kansas City KS,38.9962,-94.578,149252.6,199706.0,125744.0,-5.15,CoStar/Real Capital Analytics,2025-Q4,https://www.rcanalytics.com
66109,Kansas City KS,39.2597,-94.7773,133355.18,237122.0,148708.0,-3.71,CoStar/Real Capital Analytics,2025-Q4,https://www.rcanalytics.com
66110,Kansas City KS,39.1839,-94.5731,140586.86,234079.0,133987.0,-4.58,CoStar/Real Capital Analytics,2025-Q4,https://www.rcanalytics.com
68501,Lincoln NE,40.9359,-96.579,141815.42,213275.0,119277.0,-4.51,CoStar/Real Capital Analytics,2025-Q4,https://www.rcanalytics.com
68502,Lincoln NE,40.8606,-96.69,141646.51,181592.0,138255.0,-4.68,CoStar/Real Capital Analytics,2025-Q4,https://www.rcanalytics.com
68503,Lincoln NE,40.7792,-96.5399,125341.54,197353.0,110612.0,-5.09,CoStar/Real Capital Analytics,2025-Q4,https://www.rcanalytics.com
68504,Lincoln NE,40.7621,-96.8301,135416.64,179640.0,119584.0,-4.3,CoStar/Real Capital Analytics,2025-Q4,https://www.rcanalytics.com
68505,Lincoln NE,40.8326,-96.5664,124829.83,206870.0,133181.0,-4.14,CoStar/Real Capital Analytics,2025-Q4,https://www.rcanalytics.com
68506,Lincoln NE,40.755,-96.5533,120472.9,209968.0,137245.0,-4.47,CoStar/Real Capital Analytics,2025-Q4,https://www.rcanalytics.com
68507,Lincoln NE,40.7392,-96.8584,116106.02,171706.0,108488.0,-4.63,CoStar/Real Capital Analytics,2025-Q4,https://www.rcanalytics.com
68508,Lincoln NE,40.8472,-96.8042,145452.0,158427.0,142838.0,-5.28,CoStar/Real Capital Analytics,2025-Q4,https://www.rcanalytics.com
68509,Lincoln NE,40.7477,-96.6747,144284.52,204013.0,148076.0,-3.7,CoStar/Real Capital Analytics,2025-Q4,https://www.rcanalytics.com
68510,Lincoln NE,40.7885,-96.6955,142923.29,161565.0,136915.0,-4.83,CoStar/Real Capital Analytics,2025-Q4,https://www.rcanalytics.com
53701,Madison WI,43.1115,-89.2574,245967.74,250293.0,225721.0,-4.64,CoStar/Real Capital Analytics,2025-Q4,https://www.rcanalytics.com
53702,Madison WI,43.1459,-89.308,189519.92,302308.0,170529.0,-5.27,CoStar/Real Capital Analytics,2025-Q4,https://www.rcanalytics.com
53703,Madison WI,42.968,-89.447,248088.5,333822.0,170272.0,-4.59,CoStar/Real Capital Analytics,2025-Q4,https://www.rcanalytics.com
53704,Madison WI,43.0892,-89.5189,217143.98,280877.0,185941.0,-5.07,CoStar/Real Capital Analytics,2025-Q4,https://www.rcanalytics.com
53705,Madison WI,42.9577,-89.5271,218072.78,270428.0,199360.0,-4.77,CoStar/Real Capital Analytics,2025-Q4,https://www.rcanalytics.com
53706,Madison WI,43.0212,-89.5086,215448.92,244003.0,181198.0,-3.7,CoStar/Real Capital Analytics,2025-Q4,https://www.rcanalytics.com
53707,Madison WI,43.1038,-89.3219,203653.16,309664.0,176419.0,-4.13,CoStar/Real Capital Analytics,2025-Q4,https://www.rcanalytics.com
53708,Madison WI,42.9813,-89.4513,217430.36,342108.0,192853.0,-4.63,CoStar/Real Capital Analytics,2025-Q4,https://www.rcanalytics.com
53709,Madison WI,43.1809,-89.5727,194535.44,308672.0,189125.0,-4.48,CoStar/Real Capital Analytics,2025-Q4,https://www.rcanalytics.com
53710,Madison WI,43.0885,-89.2825,177360.38,239217.0,181963.0,-4.36,CoStar/Real Capital Analytics,2025-Q4,https://www.rcanalytics.com
53711,Madison WI,43.1248,-89.4847,248692.22,289853.0,222610.0,-5.27,CoStar/Real Capital Analytics,2025-Q4,https://www.rcanalytics.com
53712,Madison WI,43.142,-89.2285,219969.08,298588.0,173169.0,-4.84,CoStar/Real Capital Analytics,2025-Q4,https://www.rcanalytics.com
53713,Madison WI,43.1649,-89.4684,202453.46,287272.0,214007.0,-3.83,CoStar/Real Capital Analytics,2025-Q4,https://www.rcanalytics.com
53714,Madison WI,42.9325,-89.2533,229009.4,330834.0,188654.0,-3.8,CoStar/Real Capital Analytics,2025-Q4,https://www.rcanalytics.com
53715,Madison WI,43.0923,-89.5347,236880.98,339977.0,199551.0,-4.96,CoStar/Real Capital Analytics,2025-Q4,https://www.rcanalytics.com
54301,Green Bay,44.5754,-88.1087,113357.9,172644.0,131585.0,-5.2,CoStar/Real Capital Analytics,2025-Q4,https://www.rcanalytics.com
54302,Green Bay,44.6095,-88.0614,129343.63,200666.0,145855.0,-5.25,CoStar/Real Capital Analytics,2025-Q4,https://www.rcanalytics.com
54303,Green Bay,44.4123,-88.1275,126235.82,199755.0,110250.0,-5.23,CoStar/Real Capital Analytics,2025-Q4,https://www.rcanalytics.com
54304,Green Bay,44.5143,-87.8681,120110.5,175692.0,120452.0,-5.09,CoStar/Real Capital Analytics,2025-Q4,https://www.rcanalytics.com
54305,Green Bay,44.6082,-88.1399,124748.45,201115.0,113265.0,-4.96,CoStar/Real Capital Analytics,2025-Q4,https://www.rcanalytics.com
54306,Green Bay,44.5735,-87.9856,122125.34,159885.0,138681.0,-4.07,CoStar/Real Capital Analytics,2025-Q4,https://www.rcanalytics.com
54307,Green Bay,44.4297,-87.9844,149373.31,154663.0,108584.0,-4.21,CoStar/Real Capital Analytics,2025-Q4,https://www.rcanalytics.com
54308,Green Bay,44.4101,-87.9208,145410.14,153335.0,127779.0,-4.35,CoStar/Real Capital Analytics,2025-Q4,https://www.rcanalytics.com
54309,Green Bay,44.5047,-87.9614,114165.74,161476.0,121468.0,-3.91,CoStar/Real Capital Analytics,2025-Q4,https://www.rcanalytics.com
54310,Green Bay,44.5906,-88.0885,118936.75,190973.0,116362.0,-3.86,CoStar/Real Capital Analytics,2025-Q4,https://www.rcanalytics.com
47201,Columbus IN,39.3389,-86.052,168559.4,178417.0,146359.0,-4.49,CoStar/Real Capital Analytics,2025-Q4,https://www.rcanalytics.com
47202,Columbus IN,39.2979,-85.8772,155652.86,186628.0,143820.0,-4.14,CoStar/Real Capital Analytics,2025-Q4,https://www.rcanalytics.com
47203,Columbus IN,39.0799,-85.9561,170568.2,205755.0,129126.0,-4.13,CoStar/Real Capital Analytics,2025-Q4,https://www.rcanalytics.com
47204,Columbus IN,39.1234,-85.804,155172.98,243939.0,154194.0,-4.11,CoStar/Real Capital Analytics,2025-Q4,https://www.rcanalytics.com
47205,Columbus IN,39.1461,-85.8341,169223.42,199126.0,152726.0,-4.45,CoStar/Real Capital Analytics,2025-Q4,https://www.rcanalytics.com
47206,Columbus IN,39.2813,-86.0424,147104.3,202071.0,158117.0,-4.45,CoStar/Real Capital Analytics,2025-Q4,https://www.rcanalytics.com
47207,Columbus IN,39.0835,-85.8065,149453.48,245521.0,140253.0,-3.99,CoStar/Real Capital Analytics,2025-Q4,https://www.rcanalytics.com
47208,Columbus IN,39.2302,-85.9562,140893.76,204587.0,160126.0,-4.16,CoStar/Real Capital Analytics,2025-Q4,https://www.rcanalytics.com
47209,Columbus IN,39.0581,-85.903,140547.8,192075.0,128272.0,-5.22,CoStar/Real Capital Analytics,2025-Q4,https://www.rcanalytics.com
47210,Columbus IN,39.1773,-85.7527,146607.68,217988.0,158149.0,-4.58,CoStar/Real Capital Analytics,2025-Q4,https://www.rcanalytics.com
46801,Fort Wayne,41.1968,-84.96,135692.92,161370.0,104610.0,-5.26,CoStar/Real Capital Analytics,2025-Q4,https://www.rcanalytics.com
46802,Fort Wayne,41.2061,-85.2366,135667.43,136223.0,116680.0,-4.89,CoStar/Real Capital Analytics,2025-Q4,https://www.rcanalytics.com
46803,Fort Wayne,41.1311,-85.0959,137910.38,142210.0,125720.0,-4.47,CoStar/Real Capital Analytics,2025-Q4,https://www.rcanalytics.com
46804,Fort Wayne,41.2302,-85.0068,126869.82,151065.0,124961.0,-5.23,CoStar/Real Capital Analytics,2025-Q4,https://www.rcanalytics.com
46805,Fort Wayne,41.0117,-85.2626,104066.56,140203.0,118174.0,-3.72,CoStar/Real Capital Analytics,2025-Q4,https://www.rcanalytics.com
46806,Fort Wayne,41.1451,-85.2343,128399.1,169531.0,116333.0,-4.52,CoStar/Real Capital Analytics,2025-Q4,https://www.rcanalytics.com
46807,Fort Wayne,41.2443,-84.9516,108378.28,187320.0,114687.0,-5.14,CoStar/Real Capital Analytics,2025-Q4,https://www.rcanalytics.com
46808,Fort Wayne,41.0224,-84.9804,107528.68,180903.0,108335.0,-4.73,CoStar/Real Capital Analytics,2025-Q4,https://www.rcanalytics.com
46809,Fort Wayne,41.0561,-85.2798,97754.03,133201.0,129695.0,-5.09,CoStar/Real Capital Analytics,2025-Q4,https://www.rcanalytics.com
46810,Fort Wayne,41.0588,-85.0202,138390.4,159461.0,113274.0,-4.02,CoStar/Real Capital Analytics,2025-Q4,https://www.rcanalytics.com
47901,Lafayette IN,40.4308,-86.6989,149068.46,206681.0,151454.0,-4.9,CoStar/Real Capital Analytics,2025-Q4,https://www.rcanalytics.com
47902,Lafayette IN,40.4802,-86.7547,162884.54,208610.0,136123.0,-3.7,CoStar/Real Capital Analytics,2025-Q4,https://www.rcanalytics.com
47903,Lafayette IN,40.4898,-86.9805,158933.9,191148.0,168608.0,-3.87,CoStar/Real Capital Analytics,2025-Q4,https://www.rcanalytics.com
47904,Lafayette IN,40.5311,-86.9986,173241.02,183095.0,129757.0,-3.7,CoStar/Real Capital Analytics,2025-Q4,https://www.rcanalytics.com
47905,Lafayette IN,40.3313,-86.8578,181354.34,195141.0,129635.0,-5.05,CoStar/Real Capital Analytics,2025-Q4,https://www.rcanalytics.com
47906,Lafayette IN,40.3853,-86.7086,165540.62,203736.0,132010.0,-4.47,CoStar/Real Capital Analytics,2025-Q4,https://www.rcanalytics.com
47907,Lafayette IN,40.2707,-86.8772,143164.82,187201.0,141578.0,-5.29,CoStar/Real Capital Analytics,2025-Q4,https://www.rcanalytics.com
47908,Lafayette IN,40.5256,-86.8862,133037.12,221792.0,173400.0,-4.09,CoStar/Real Capital Analytics,2025-Q4,https://www.rcanalytics.com
47909,Lafayette IN,40.5527,-86.8872,178396.94,226131.0,149482.0,-5.06,CoStar/Real Capital Analytics,2025-Q4,https://www.rcanalytics.com
47910,Lafayette IN,40.3805,-87.0086,166120.94,201785.0,141456.0,-4.28,CoStar/Real Capital Analytics,2025-Q4,https://www.rcanalytics.com
47501,Vincennes,38.7083,-87.5371,135765.74,185257.0,132020.0,-3.75,CoStar/Real Capital Analytics,2025-Q4,https://www.rcanalytics.com
47502,Vincennes,38.6583,-87.4345,168966.74,217280.0,164218.0,-4.04,CoStar/Real Capital Analytics,2025-Q4,https://www.rcanalytics.com
47503,Vincennes,38.7918,-87.3584,137741.06,220640.0,147600.0,-4.52,CoStar/Real Capital Analytics,2025-Q4,https://www.rcanalytics.com
47504,Vincennes,38.6575,-87.4223,157092.5,202282.0,158594.0,-5.17,CoStar/Real Capital Analytics,2025-Q4,https://www.rcanalytics.com
47505,Vincennes,38.619,-87.5316,142009.76,186772.0,127525.0,-3.77,CoStar/Real Capital Analytics,2025-Q4,https://www.rcanalytics.com
47506,Vincennes,38.5733,-87.5124,132841.82,230094.0,149233.0,-4.43,CoStar/Real Capital Analytics,2025-Q4,https://www.rcanalytics.com
47507,Vincennes,38.765,-87.6093,152210.0,176933.0,153410.0,-4.91,CoStar/Real Capital Analytics,2025-Q4,https://www.rcanalytics.com
47508,Vincennes,38.8205,-87.6649,164011.7,194418.0,137586.0,-5.11,CoStar/Real Capital Analytics,2025-Q4,https://www.rcanalytics.com
47509,Vincennes,38.6576,-87.4466,174675.08,184662.0,173522.0,-3.89,CoStar/Real Capital Analytics,2025-Q4,https://www.rcanalytics.com
47510,Vincennes,38.7536,-87.3799,152131.88,201453.0,172281.0,-4.73,CoStar/Real Capital Analytics,2025-Q4,https://www.rcanalytics.com
40601,Lexington,38.006,-84.5784,146069.22,226118.0,173352.0,-5.09,CoStar/Real Capital Analytics,2025-Q4,https://www.rcanalytics.com
40602,Lexington,38.1332,-84.486,148962.0,199543.0,160243.0,-4.09,CoStar/Real Capital Analytics,2025-Q4,https://www.rcanalytics.com
40603,Lexington,38.1364,-84.4982,170749.92,195157.0,144866.0,-4.93,CoStar/Real Capital Analytics,2025-Q4,https://www.rcanalytics.com
40604,Lexington,38.1782,-84.324,179778.72,236021.0,140120.0,-5.19,CoStar/Real Capital Analytics,2025-Q4,https://www.rcanalytics.com
40605,Lexington,38.0809,-84.3398,188979.78,245388.0,140792.0,-3.85,CoStar/Real Capital Analytics,2025-Q4,https://www.rcanalytics.com
40606,Lexington,38.1198,-84.6788,181608.24,186504.0,141153.0,-5.02,CoStar/Real Capital Analytics,2025-Q4,https://www.rcanalytics.com
40607,Lexington,38.0777,-84.5881,153268.5,205766.0,184711.0,-4.36,CoStar/Real Capital Analytics,2025-Q4,https://www.rcanalytics.com
40608,Lexington,37.9708,-84.4147,146853.3,219077.0,148297.0,-4.88,CoStar/Real Capital Analytics,2025-Q4,https://www.rcanalytics.com
40609,Lexington,38.0465,-84.4889,152757.66,189704.0,161152.0,-4.15,CoStar/Real Capital Analytics,2025-Q4,https://www.rcanalytics.com
40610,Lexington,38.1586,-84.603,142196.34,228700.0,144742.0,-5.08,CoStar/Real Capital Analytics,2025-Q4,https://www.rcanalytics.com
40611,Lexington,37.9947,-84.6519,145997.94,248050.0,157106.0,-4.83,CoStar/Real Capital Analytics,2025-Q4,https://www.rcanalytics.com
40612,Lexington,38.0432,-84.5447,161845.86,188517.0,131780.0,-4.66,CoStar/Real Capital Analytics,2025-Q4,https://www.rcanalytics.com
40613,Lexington,38.1431,-84.5392,165100.98,198404.0,150644.0,-5.28,CoStar/Real Capital Analytics,2025-Q4,https://www.rcanalytics.com
40614,Lexington,37.8913,-84.4176,189526.26,238836.0,151700.0,-3.89,CoStar/Real Capital Analytics,2025-Q4,https://www.rcanalytics.com
40615,Lexington,38.0832,-84.3843,145807.86,241186.0,172618.0,-4.13,CoStar/Real Capital Analytics,2025-Q4,https://www.rcanalytics.com
37660,Kingsport,36.6554,-82.4133,153669.07,211598.0,141266.0,-5.03,CoStar/Real Capital Analytics,2025-Q4,https://www.rcanalytics.com
37661,Kingsport,36.596,-82.5538,162189.19,199620.0,145693.0,-5.01,CoStar/Real Capital Analytics,2025-Q4,https://www.rcanalytics.com
37662,Kingsport,36.6214,-82.41,126359.98,167125.0,115478.0,-4.85,CoStar/Real Capital Analytics,2025-Q4,https://www.rcanalytics.com
37663,Kingsport,36.6844,-82.7363,134030.57,172142.0,121047.0,-4.89,CoStar/Real Capital Analytics,2025-Q4,https://www.rcanalytics.com
37664,Kingsport,36.4909,-82.6425,139997.14,208070.0,124148.0,-4.66,CoStar/Real Capital Analytics,2025-Q4,https://www.rcanalytics.com
37665,Kingsport,36.4456,-82.5524,121943.42,196099.0,123133.0,-3.81,CoStar/Real Capital Analytics,2025-Q4,https://www.rcanalytics.com
37666,Kingsport,36.6568,-82.7302,139232.06,177467.0,122841.0,-3.91,CoStar/Real Capital Analytics,2025-Q4,https://www.rcanalytics.com
37667,Kingsport,36.4232,-82.5806,149794.03,155603.0,121505.0,-5.18,CoStar/Real Capital Analytics,2025-Q4,https://www.rcanalytics.com
37668,Kingsport,36.5526,-82.4312,131814.84,211176.0,138878.0,-4.76,CoStar/Real Capital Analytics,2025-Q4,https://www.rcanalytics.com
37669,Kingsport,36.4969,-82.6474,128625.38,195924.0,107530.0,-5.28,CoStar/Real Capital Analytics,2025-Q4,https://www.rcanalytics.com
37601,Johnson City,36.4091,-82.458,153550.36,185468.0,145322.0,-5.15,CoStar/Real Capital Analytics,2025-Q4,https://www.rcanalytics.com
37602,Johnson City,36.1858,-82.4348,135400.42,213804.0,160259.0,-4.23,CoStar/Real Capital Analytics,2025-Q4,https://www.rcanalytics.com
37603,Johnson City,36.3112,-82.1967,148340.8,217314.0,141370.0,-5.11,CoStar/Real Capital Analytics,2025-Q4,https://www.rcanalytics.com
37604,Johnson City,36.42,-82.4946,149729.32,179746.0,141782.0,-4.4,CoStar/Real Capital Analytics,2025-Q4,https://www.rcanalytics.com
37605,Johnson City,36.3076,-82.3129,127486.9,189330.0,141068.0,-3.92,CoStar/Real Capital Analytics,2025-Q4,https://www.rcanalytics.com
37606,Johnson City,36.3907,-82.3269,130650.22,175863.0,123761.0,-4.62,CoStar/Real Capital Analytics,2025-Q4,https://www.rcanalytics.com
37607,Johnson City,36.2673,-82.254,141288.58,177308.0,127301.0,-4.9,CoStar/Real Capital Analytics,2025-Q4,https://www.rcanalytics.com
37608,Johnson City,36.3732,-82.3433,140787.46,207004.0,159044.0,-4.6,CoStar/Real Capital Analytics,2025-Q4,https://www.rcanalytics.com
37609,Johnson City,36.1947,-82.2876,165185.74,220696.0,132915.0,-3.79,CoStar/Real Capital Analytics,2025-Q4,https://www.rcanalytics.com
37610,Johnson City,36.361,-82.2936,138026.08,191254.0,143542.0,-5.14,CoStar/Real Capital Analytics,2025-Q4,https://www.rcanalytics.com
37201,Nashville,36.0208,-86.6646,191263.5,283433.0,251563.0,-3.81,CoStar/Real Capital Analytics,2025-Q4,https://www.rcanalytics.com
37202,Nashville,36.0437,-86.8936,213198.3,334762.0,244907.0,-5.01,CoStar/Real Capital Analytics,2025-Q4,https://www.rcanalytics.com
37203,Nashville,36.2552,-86.9376,250944.3,250190.0,194066.0,-4.76,CoStar/Real Capital Analytics,2025-Q4,https://www.rcanalytics.com
37204,Nashville,36.061,-86.7206,263483.1,286287.0,231525.0,-5.18,CoStar/Real Capital Analytics,2025-Q4,https://www.rcanalytics.com
37205,Nashville,36.273,-86.7606,224983.8,314816.0,236058.0,-4.06,CoStar/Real Capital Analytics,2025-Q4,https://www.rcanalytics.com
37206,Nashville,36.0539,-86.9444,197071.2,328157.0,208440.0,-5.04,CoStar/Real Capital Analytics,2025-Q4,https://www.rcanalytics.com
37207,Nashville,36.1991,-86.8882,225170.1,257298.0,220368.0,-5.22,CoStar/Real Capital Analytics,2025-Q4,https://www.rcanalytics.com
37208,Nashville,36.1133,-86.8843,246716.1,311361.0,244191.0,-4.1,CoStar/Real Capital Analytics,2025-Q4,https://www.rcanalytics.com
37209,Nashville,36.0776,-86.7782,191312.1,307195.0,242722.0,-4.0,CoStar/Real Capital Analytics,2025-Q4,https://www.rcanalytics.com
37210,Nashville,36.0648,-86.7019,256071.6,318950.0,202615.0,-4.13,CoStar/Real Capital Analytics,2025-Q4,https://www.rcanalytics.com
42101,Bowling Green,36.9433,-86.4594,129330.84,190592.0,140978.0,-3.92,CoStar/Real Capital Analytics,2025-Q4,https://www.rcanalytics.com
42102,Bowling Green,37.091,-86.3387,139048.25,158245.0,116653.0,-4.81,CoStar/Real Capital Analytics,2025-Q4,https://www.rcanalytics.com
42103,Bowling Green,36.8589,-86.5973,130602.65,159292.0,154519.0,-3.77,CoStar/Real Capital Analytics,2025-Q4,https://www.rcanalytics.com
42104,Bowling Green,36.8858,-86.4204,113363.69,171022.0,140506.0,-4.01,CoStar/Real Capital Analytics,2025-Q4,https://www.rcanalytics.com
42105,Bowling Green,36.9149,-86.3951,115644.0,217473.0,123336.0,-3.78,CoStar/Real Capital Analytics,2025-Q4,https://www.rcanalytics.com
42106,Bowling Green,36.9807,-86.5756,158721.53,162102.0,149157.0,-4.74,CoStar/Real Capital Analytics,2025-Q4,https://www.rcanalytics.com
42107,Bowling Green,36.8426,-86.5608,142183.06,194455.0,141672.0,-4.66,CoStar/Real Capital Analytics,2025-Q4,https://www.rcanalytics.com
42108,Bowling Green,36.8899,-86.6549,121342.3,192175.0,124898.0,-4.9,CoStar/Real Capital Analytics,2025-Q4,https://www.rcanalytics.com
42109,Bowling Green,36.8522,-86.3383,137244.86,188050.0,133474.0,-5.25,CoStar/Real Capital Analytics,2025-Q4,https://www.rcanalytics.com
42110,Bowling Green,36.885,-86.4697,143673.46,202323.0,153008.0,-4.19,CoStar/Real Capital Analytics,2025-Q4,https://www.rcanalytics.com
25301,Charleston WV,38.4928,-81.7149,146853.2,209627.0,137682.0,-4.24,CoStar/Real Capital Analytics,2025-Q4,https://www.rcanalytics.com
25302,Charleston WV,38.4804,-81.6704,160976.18,233228.0,159972.0,-4.25,CoStar/Real Capital Analytics,2025-Q4,https://www.rcanalytics.com
25303,Charleston WV,38.3293,-81.619,171237.8,194515.0,137390.0,-3.86,CoStar/Real Capital Analytics,2025-Q4,https://www.rcanalytics.com
25304,Charleston WV,38.4376,-81.4872,134750.18,216700.0,141053.0,-5.05,CoStar/Real Capital Analytics,2025-Q4,https://www.rcanalytics.com
25305,Charleston WV,38.3208,-81.5498,141323.42,184278.0,126725.0,-4.84,CoStar/Real Capital Analytics,2025-Q4,https://www.rcanalytics.com
25306,Charleston WV,38.2937,-81.5395,128416.88,199299.0,151030.0,-4.68,CoStar/Real Capital Analytics,2025-Q4,https://www.rcanalytics.com
25307,Charleston WV,38.4838,-81.5533,144258.5,244150.0,131034.0,-5.18,CoStar/Real Capital Analytics,2025-Q4,https://www.rcanalytics.com
25308,Charleston WV,38.4646,-81.6056,174691.82,197868.0,155991.0,-4.24,CoStar/Real Capital Analytics,2025-Q4,https://www.rcanalytics.com
25309,Charleston WV,38.4046,-81.4693,138946.34,185596.0,152482.0,-4.91,CoStar/Real Capital Analytics,2025-Q4,https://www.rcanalytics.com
25310,Charleston WV,38.4688,-81.4851,142467.32,227066.0,171131.0,-3.74,CoStar/Real Capital Analytics,2025-Q4,https://www.rcanalytics.com
26101,Parkersburg,39.3149,-81.4232,131882.06,219849.0,129030.0,-4.48,CoStar/Real Capital Analytics,2025-Q4,https://www.rcanalytics.com
26102,Parkersburg,39.3786,-81.3911,152890.76,187412.0,145692.0,-4.69,CoStar/Real Capital Analytics,2025-Q4,https://www.rcanalytics.com
26103,Parkersburg,39.2679,-81.5006,143856.74,225883.0,140603.0,-5.01,CoStar/Real Capital Analytics,2025-Q4,https://www.rcanalytics.com
26104,Parkersburg,39.3074,-81.4347,148644.38,213431.0,151252.0,-5.03,CoStar/Real Capital Analytics,2025-Q4,https://www.rcanalytics.com
26105,Parkersburg,39.2244,-81.4021,177336.74,218809.0,153897.0,-4.45,CoStar/Real Capital Analytics,2025-Q4,https://www.rcanalytics.com
26106,Parkersburg,39.2993,-81.5073,158961.8,217913.0,131617.0,-5.07,CoStar/Real Capital Analytics,2025-Q4,https://www.rcanalytics.com
26107,Parkersburg,39.3285,-81.5729,179881.22,185687.0,172583.0,-3.93,CoStar/Real Capital Analytics,2025-Q4,https://www.rcanalytics.com
26108,Parkersburg,39.3579,-81.4881,146144.54,200482.0,137512.0,-3.73,CoStar/Real Capital Analytics,2025-Q4,https://www.rcanalytics.com
26109,Parkersburg,39.4096,-81.5983,178045.4,235736.0,122929.0,-4.8,CoStar/Real Capital Analytics,2025-Q4,https://www.rcanalytics.com
26110,Parkersburg,39.234,-81.4862,168319.46,204030.0,131087.0,-5.0,CoStar/Real Capital Analytics,2025-Q4,https://www.rcanalytics.com
24501,Lynchburg,37.2848,-79.1518,133394.24,191291.0,133669.0,-3.87,CoStar/Real Capital Analytics,2025-Q4,https://www.rcanalytics.com
24502,Lynchburg,37.3604,-79.2192,159631.4,208429.0,128940.0,-3.99,CoStar/Real Capital Analytics,2025-Q4,https://www.rcanalytics.com
24503,Lynchburg,37.4103,-79.127,176711.78,213032.0,138901.0,-4.22,CoStar/Real Capital Analytics,2025-Q4,https://www.rcanalytics.com
24504,Lynchburg,37.5413,-79.0926,180188.12,223947.0,141414.0,-4.89,CoStar/Real Capital Analytics,2025-Q4,https://www.rcanalytics.com
24505,Lynchburg,37.4301,-79.2763,166087.46,175547.0,160741.0,-3.91,CoStar/Real Capital Analytics,2025-Q4,https://www.rcanalytics.com
24506,Lynchburg,37.3068,-79.1192,142076.72,179080.0,143799.0,-4.7,CoStar/Real Capital Analytics,2025-Q4,https://www.rcanalytics.com
24507,Lynchburg,37.4278,-78.9677,172783.46,199826.0,139696.0,-3.76,CoStar/Real Capital Analytics,2025-Q4,https://www.rcanalytics.com
24508,Lynchburg,37.5609,-79.2215,153175.34,235073.0,165056.0,-4.96,CoStar/Real Capital Analytics,2025-Q4,https://www.rcanalytics.com
24509,Lynchburg,37.2748,-79.1749,175037.78,218862.0,159008.0,-4.79,CoStar/Real Capital Analytics,2025-Q4,https://www.rcanalytics.com
24510,Lynchburg,37.4547,-79.1406,127830.98,228768.0,156437.0,-4.75,CoStar/Real Capital Analytics,2025-Q4,https://www.rcanalytics.com
22901,Charlottesville,37.8927,-78.5234,147333.08,238877.0,155938.0,-4.03,CoStar/Real Capital Analytics,2025-Q4,https://www.rcanalytics.com
22902,Charlottesville,38.0076,-78.5321,164865.44,217130.0,158838.0,-3.8,CoStar/Real Capital Analytics,2025-Q4,https://www.rcanalytics.com
22903,Charlottesville,38.0744,-78.5173,167560.58,177837.0,145039.0,-4.78,CoStar/Real Capital Analytics,2025-Q4,https://www.rcanalytics.com
22904,Charlottesville,37.8947,-78.3537,174150.56,201612.0,146911.0,-4.39,CoStar/Real Capital Analytics,2025-Q4,https://www.rcanalytics.com
22905,Charlottesville,38.0246,-78.5513,135269.12,218772.0,149042.0,-4.42,CoStar/Real Capital Analytics,2025-Q4,https://www.rcanalytics.com
22906,Charlottesville,38.1246,-78.4651,169340.6,195547.0,138774.0,-4.96,CoStar/Real Capital Analytics,2025-Q4,https://www.rcanalytics.com
22907,Charlottesville,38.1051,-78.6006,150206.78,224873.0,122107.0,-4.93,CoStar/Real Capital Analytics,2025-Q4,https://www.rcanalytics.com
22908,Charlottesville,38.0808,-78.6067,146005.04,242049.0,137767.0,-3.75,CoStar/Real Capital Analytics,2025-Q4,https://www.rcanalytics.com
22909,Charlottesville,37.9528,-78.3938,127122.32,233815.0,150733.0,-5.06,CoStar/Real Capital Analytics,2025-Q4,https://www.rcanalytics.com
22910,Charlottesville,38.0364,-78.4357,155479.88,203886.0,168523.0,-4.76,CoStar/Real Capital Analytics,2025-Q4,https://www.rcanalytics.com
23451,Virginia Beach,36.9739,-75.9662,184645.5,296003.0,189145.0,-5.04,CoStar/Real Capital Analytics,2025-Q4,https://www.rcanalytics.com
23452,Virginia Beach,36.7449,-76.1031,214999.98,267628.0,192099.0,-4.61,CoStar/Real Capital Analytics,2025-Q4,https://www.rcanalytics.com
23453,Virginia Beach,36.79,-76.0295,172718.52,234658.0,184957.0,-4.49,CoStar/Real Capital Analytics,2025-Q4,https://www.rcanalytics.com
23454,Virginia Beach,36.8282,-75.8688,194424.36,307925.0,210159.0,-4.97,CoStar/Real Capital Analytics,2025-Q4,https://www.rcanalytics.com
23455,Virginia Beach,36.936,-76.1366,180103.56,304958.0,214700.0,-3.84,CoStar/Real Capital Analytics,2025-Q4,https://www.rcanalytics.com
23456,Virginia Beach,36.8455,-76.0243,191040.72,225901.0,157447.0,-3.75,CoStar/Real Capital Analytics,2025-Q4,https://www.rcanalytics.com
23457,Virginia Beach,36.7627,-75.8397,215266.74,308285.0,165450.0,-4.42,CoStar/Real Capital Analytics,2025-Q4,https://www.rcanalytics.com
23458,Virginia Beach,36.8858,-76.0096,179640.24,226053.0,198715.0,-5.1,CoStar/Real Capital Analytics,2025-Q4,https://www.rcanalytics.com
23459,Virginia Beach,36.8071,-76.0947,208569.66,217088.0,209045.0,-4.58,CoStar/Real Capital Analytics,2025-Q4,https://www.rcanalytics.com
23460,Virginia Beach,36.7453,-75.8398,162244.68,229341.0,189178.0,-4.83,CoStar/Real Capital Analytics,2025-Q4,https://www.rcanalytics.com
23601,Newport News,37.1125,-76.5177,176158.75,245914.0,171310.0,-4.75,CoStar/Real Capital Analytics,2025-Q4,https://www.rcanalytics.com
23602,Newport News,36.9948,-76.4527,169784.16,198517.0,165030.0,-5.04,CoStar/Real Capital Analytics,2025-Q4,https://www.rcanalytics.com
23603,Newport News,36.9823,-76.5844,194175.74,221379.0,188127.0,-3.84,CoStar/Real Capital Analytics,2025-Q4,https://www.rcanalytics.com
23604,Newport News,36.9445,-76.6169,161123.42,252274.0,158704.0,-4.0,CoStar/Real Capital Analytics,2025-Q4,https://www.rcanalytics.com
23605,Newport News,37.0609,-76.635,152384.06,256005.0,153659.0,-4.25,CoStar/Real Capital Analytics,2025-Q4,https://www.rcanalytics.com
23606,Newport News,36.9444,-76.3611,152124.0,261370.0,150499.0,-4.42,CoStar/Real Capital Analytics,2025-Q4,https://www.rcanalytics.com
23607,Newport News,37.1419,-76.6161,192288.77,260496.0,132239.0,-4.09,CoStar/Real Capital Analytics,2025-Q4,https://www.rcanalytics.com
23608,Newport News,37.2114,-76.4137,165090.91,245922.0,163415.0,-4.36,CoStar/Real Capital Analytics,2025-Q4,https://www.rcanalytics.com
23609,Newport News,37.0603,-76.582,144564.0,198885.0,178888.0,-4.37,CoStar/Real Capital Analytics,2025-Q4,https://www.rcanalytics.com
23610,Newport News,37.015,-76.5189,155819.33,247441.0,148063.0,-4.84,CoStar/Real Capital Analytics,2025-Q4,https://www.rcanalytics.com
23301,Richmond VA,37.4927,-77.601,205759.46,218656.0,192038.0,-4.29,CoStar/Real Capital Analytics,2025-Q4,https://www.rcanalytics.com
23302,Richmond VA,37.6892,-77.5453,175737.98,273528.0,175912.0,-5.25,CoStar/Real Capital Analytics,2025-Q4,https://www.rcanalytics.com
23303,Richmond VA,37.6332,-77.5566,197954.51,250075.0,187911.0,-5.11,CoStar/Real Capital Analytics,2025-Q4,https://www.rcanalytics.com
23304,Richmond VA,37.5591,-77.2818,147337.72,200558.0,183290.0,-3.83,CoStar/Real Capital Analytics,2025-Q4,https://www.rcanalytics.com
23305,Richmond VA,37.667,-77.563,158686.29,252056.0,153126.0,-5.3,CoStar/Real Capital Analytics,2025-Q4,https://www.rcanalytics.com
23306,Richmond VA,37.4218,-77.4612,208784.03,253397.0,145784.0,-5.08,CoStar/Real Capital Analytics,2025-Q4,https://www.rcanalytics.com
23307,Richmond VA,37.4294,-77.3005,201735.23,250439.0,184861.0,-4.48,CoStar/Real Capital Analytics,2025-Q4,https://www.rcanalytics.com
23308,Richmond VA,37.4311,-77.35,187887.54,234694.0,148920.0,-4.02,CoStar/Real Capital Analytics,2025-Q4,https://www.rcanalytics.com
23309,Richmond VA,37.3942,-77.5942,205349.34,241494.0,154861.0,-4.5,CoStar/Real Capital Analytics,2025-Q4,https://www.rcanalytics.com
23310,Richmond VA,37.5728,-77.2893,196044.93,210247.0,198174.0,-3.7,CoStar/Real Capital Analytics,2025-Q4,https://www.rcanalytics.com
