zip_code,metro,lat,lng,gross_rent_multiplier,grm_class_a,grm_class_b,data_source,as_of_date,source_url
10001,New York,40.564,-74.0031,16.54,23.5,18.6,CoStar/Real Capital Analytics,2025-Q4,https://www.costar.com/multifamily
10002,New York,40.7872,-73.9938,16.44,22.0,14.9,CoStar/Real Capital Analytics,2025-Q4,https://www.costar.com/multifamily
10003,New York,40.8358,-74.1131,16.82,18.6,20.5,CoStar/Real Capital Analytics,2025-Q4,https://www.costar.com/multifamily
10004,New York,40.5966,-73.9574,19.88,25.6,15.3,CoStar/Real Capital Analytics,2025-Q4,https://www.costar.com/multifamily
10005,New York,40.6223,-73.9097,16.24,24.1,20.7,CoStar/Real Capital Analytics,2025-Q4,https://www.costar.com/multifamily
10006,New York,40.7455,-74.1688,17.63,19.3,18.8,CoStar/Real Capital Analytics,2025-Q4,https://www.costar.com/multifamily
10007,New York,40.753,-74.0236,16.17,23.4,20.1,CoStar/Real Capital Analytics,2025-Q4,https://www.costar.com/multifamily
10008,New York,40.8409,-73.8729,15.45,22.1,19.5,CoStar/Real Capital Analytics,2025-Q4,https://www.costar.com/multifamily
10009,New York,40.6863,-73.8916,19.02,24.7,17.1,CoStar/Real Capital Analytics,2025-Q4,https://www.costar.com/multifamily
10010,New York,40.6582,-74.1744,16.44,21.1,16.8,CoStar/Real Capital Analytics,2025-Q4,https://www.costar.com/multifamily
10011,New York,40.6164,-74.0364,15.35,22.4,15.8,CoStar/Real Capital Analytics,2025-Q4,https://www.costar.com/multifamily
10012,New York,40.7651,-74.0813,18.4,18.7,14.8,CoStar/Real Capital Analytics,2025-Q4,https://www.costar.com/multifamily
10013,New York,40.5718,-73.9069,20.62,22.3,15.2,CoStar/Real Capital Analytics,2025-Q4,https://www.costar.com/multifamily
10014,New York,40.8483,-73.9022,18.01,25.7,14.9,CoStar/Real Capital Analytics,2025-Q4,https://www.costar.com/multifamily
10015,New York,40.7876,-73.9791,19.23,24.3,18.2,CoStar/Real Capital Analytics,2025-Q4,https://www.costar.com/multifamily
10016,New York,40.8492,-73.9492,19.92,22.5,17.2,CoStar/Real Capital Analytics,2025-Q4,https://www.costar.com/multifamily
10017,New York,40.7315,-74.0492,21.09,20.0,15.6,CoStar/Real Capital Analytics,2025-Q4,https://www.costar.com/multifamily
10018,New York,40.7465,-74.0062,20.49,25.4,16.4,CoStar/Real Capital Analytics,2025-Q4,https://www.costar.com/multifamily
10019,New York,40.8496,-73.9842,18.03,24.6,15.7,CoStar/Real Capital Analytics,2025-Q4,https://www.costar.com/multifamily
10020,New York,40.7937,-74.0435,20.05,21.3,17.6,CoStar/Real Capital Analytics,2025-Q4,https://www.costar.com/multifamily
10021,New York,40.8501,-73.9875,17.3,25.6,18.9,CoStar/Real Capital Analytics,2025-Q4,https://www.costar.com/multifamily
10022,New York,40.61,-74.0677,20.53,23.8,14.6,CoStar/Real Capital Analytics,2025-Q4,https://www.costar.com/multifamily
10023,New York,40.6564,-74.081,19.64,20.0,17.3,CoStar/Real Capital Analytics,2025-Q4,https://www.costar.com/multifamily
10024,New York,40.8034,-74.1215,21.31,22.5,17.9,CoStar/Real Capital Analytics,2025-Q4,https://www.costar.com/multifamily
10025,New York,40.8144,-73.9565,17.66,22.0,14.6,CoStar/Real Capital Analytics,2025-Q4,https://www.costar.com/multifamily
10026,New York,40.8152,-74.1239,20.68,20.0,16.4,CoStar/Real Capital Analytics,2025-Q4,https://www.costar.com/multifamily
10027,New York,40.7701,-73.9228,15.47,25.1,19.9,CoStar/Real Capital Analytics,2025-Q4,https://www.costar.com/multifamily
10028,New York,40.8363,-73.9296,15.34,24.6,20.6,CoStar/Real Capital Analytics,2025-Q4,https://www.costar.com/multifamily
10029,New York,40.6248,-74.0618,19.3,20.9,19.8,CoStar/Real Capital Analytics,2025-Q4,https://www.costar.com/multifamily
10030,New York,40.8296,-74.1136,15.33,25.5,15.8,CoStar/Real Capital Analytics,2025-Q4,https://www.costar.com/multifamily
10031,New York,40.7547,-73.8801,17.63,20.9,19.8,CoStar/Real Capital Analytics,2025-Q4,https://www.costar.com/multifamily
10032,New York,40.7883,-74.1199,16.28,24.0,17.5,CoStar/Real Capital Analytics,2025-Q4,https://www.costar.com/multifamily
10033,New York,40.6653,-73.844,20.01,18.1,16.6,CoStar/Real Capital Analytics,2025-Q4,https://www.costar.com/multifamily
10034,New York,40.819,-74.1257,17.37,20.7,17.9,CoStar/Real Capital Analytics,2025-Q4,https://www.costar.com/multifamily
10035,New York,40.841,-73.8655,18.48,19.3,16.9,CoStar/Real Capital Analytics,2025-Q4,https://www.costar.com/multifamily
10036,New York,40.8428,-74.1198,20.05,18.5,16.0,CoStar/Real Capital Analytics,2025-Q4,https://www.costar.com/multifamily
10037,New York,40.7695,-73.8682,21.52,23.1,14.9,CoStar/Real Capital Analytics,2025-Q4,https://www.costar.com/multifamily
10038,New York,40.6597,-74.0256,18.26,24.9,20.3,CoStar/Real Capital Analytics,2025-Q4,https://www.costar.com/multifamily
10039,New York,40.8624,-74.1386,20.35,18.4,17.6,CoStar/Real Capital Analytics,2025-Q4,https://www.costar.com/multifamily
10040,New York,40.8485,-74.0837,21.19,18.9,17.6,CoStar/Real Capital Analytics,2025-Q4,https://www.costar.com/multifamily
10041,New York,40.7061,-73.8581,21.77,22.9,15.7,CoStar/Real Capital Analytics,2025-Q4,https://www.costar.com/multifamily
10042,New York,40.592,-74.102,19.42,18.1,19.4,CoStar/Real Capital Analytics,2025-Q4,https://www.costar.com/multifamily
10043,New York,40.854,-74.0088,17.68,20.3,20.7,CoStar/Real Capital Analytics,2025-Q4,https://www.costar.com/multifamily
10044,New York,40.6682,-74.0982,18.75,23.4,14.9,CoStar/Real Capital Analytics,2025-Q4,https://www.costar.com/multifamily
10045,New York,40.8559,-74.1667,21.22,19.0,19.9,CoStar/Real Capital Analytics,2025-Q4,https://www.costar.com/multifamily
10046,New York,40.7917,-73.9853,18.76,25.4,18.4,CoStar/Real Capital Analytics,2025-Q4,https://www.costar.com/multifamily
10047,New York,40.7567,-73.9596,21.41,23.6,19.8,CoStar/Real Capital Analytics,2025-Q4,https://www.costar.com/multifamily
10048,New York,40.7048,-73.9293,20.86,19.8,17.8,CoStar/Real Capital Analytics,2025-Q4,https://www.costar.com/multifamily
10049,New York,40.8035,-74.1252,18.91,24.1,18.9,CoStar/Real Capital Analytics,2025-Q4,https://www.costar.com/multifamily
10050,New York,40.6196,-73.9172,18.62,20.8,14.7,CoStar/Real Capital Analytics,2025-Q4,https://www.costar.com/multifamily
10051,New York,40.643,-73.924,16.85,25.0,17.3,CoStar/Real Capital Analytics,2025-Q4,https://www.costar.com/multifamily
10052,New York,40.6472,-73.9063,21.04,21.7,16.1,CoStar/Real Capital Analytics,2025-Q4,https://www.costar.com/multifamily
10053,New York,40.851,-74.0213,18.68,23.7,19.5,CoStar/Real Capital Analytics,2025-Q4,https://www.costar.com/multifamily
10054,New York,40.6703,-74.059,17.28,19.2,16.2,CoStar/Real Capital Analytics,2025-Q4,https://www.costar.com/multifamily
10055,New York,40.7919,-73.9193,17.17,21.0,16.5,CoStar/Real Capital Analytics,2025-Q4,https://www.costar.com/multifamily
10056,New York,40.7687,-74.0027,20.83,18.8,20.4,CoStar/Real Capital Analytics,2025-Q4,https://www.costar.com/multifamily
10057,New York,40.7865,-73.9435,17.11,19.5,15.5,CoStar/Real Capital Analytics,2025-Q4,https://www.costar.com/multifamily
10058,New York,40.762,-74.0912,20.12,18.9,20.4,CoStar/Real Capital Analytics,2025-Q4,https://www.costar.com/multifamily
10059,New York,40.8554,-73.9114,16.97,22.9,19.0,CoStar/Real Capital Analytics,2025-Q4,https://www.costar.com/multifamily
10060,New York,40.7568,-73.9228,17.52,24.3,17.8,CoStar/Real Capital Analytics,2025-Q4,https://www.costar.com/multifamily
10061,New York,40.6937,-74.1749,20.91,21.5,15.8,CoStar/Real Capital Analytics,2025-Q4,https://www.costar.com/multifamily
10062,New York,40.6367,-73.8556,17.87,23.1,18.1,CoStar/Real Capital Analytics,2025-Q4,https://www.costar.com/multifamily
10063,New York,40.7167,-73.9992,20.64,23.8,16.1,CoStar/Real Capital Analytics,2025-Q4,https://www.costar.com/multifamily
10064,New York,40.6219,-74.1213,16.31,24.4,20.1,CoStar/Real Capital Analytics,2025-Q4,https://www.costar.com/multifamily
10065,New York,40.6587,-73.9155,21.36,18.5,20.7,CoStar/Real Capital Analytics,2025-Q4,https://www.costar.com/multifamily
10066,New York,40.8151,-73.837,16.22,25.4,17.5,CoStar/Real Capital Analytics,2025-Q4,https://www.costar.com/multifamily
10067,New York,40.8289,-73.9201,17.1,24.2,16.6,CoStar/Real Capital Analytics,2025-Q4,https://www.costar.com/multifamily
10068,New York,40.6768,-73.9826,17.18,21.6,14.5,CoStar/Real Capital Analytics,2025-Q4,https://www.costar.com/multifamily
10069,New York,40.5917,-73.9744,17.96,25.5,18.2,CoStar/Real Capital Analytics,2025-Q4,https://www.costar.com/multifamily
10070,New York,40.5835,-73.9129,15.74,18.2,15.4,CoStar/Real Capital Analytics,2025-Q4,https://www.costar.com/multifamily
10071,New York,40.5696,-73.881,20.44,25.0,16.5,CoStar/Real Capital Analytics,2025-Q4,https://www.costar.com/multifamily
10072,New York,40.6973,-73.8572,18.73,21.8,18.7,CoStar/Real Capital Analytics,2025-Q4,https://www.costar.com/multifamily
10073,New York,40.6683,-73.8412,17.73,25.3,16.5,CoStar/Real Capital Analytics,2025-Q4,https://www.costar.com/multifamily
10074,New York,40.6544,-73.9861,15.69,18.2,16.9,CoStar/Real Capital Analytics,2025-Q4,https://www.costar.com/multifamily
10075,New York,40.8282,-73.9756,21.38,23.5,19.8,CoStar/Real Capital Analytics,2025-Q4,https://www.costar.com/multifamily
10076,New York,40.5789,-73.8746,19.77,20.9,18.1,CoStar/Real Capital Analytics,2025-Q4,https://www.costar.com/multifamily
10077,New York,40.8013,-73.9942,17.31,24.6,17.6,CoStar/Real Capital Analytics,2025-Q4,https://www.costar.com/multifamily
10078,New York,40.7908,-74.0033,19.65,22.9,20.2,CoStar/Real Capital Analytics,2025-Q4,https://www.costar.com/multifamily
10079,New York,40.5863,-74.0558,18.24,24.9,19.6,CoStar/Real Capital Analytics,2025-Q4,https://www.costar.com/multifamily
10080,New York,40.6942,-74.0887,21.01,23.5,14.6,CoStar/Real Capital Analytics,2025-Q4,https://www.costar.com/multifamily
90001,Los Angeles,34.1214,-118.2314,13.55,20.6,15.8,CoStar/Real Capital Analytics,2025-Q4,https://www.costar.com/multifamily
90002,Los Angeles,34.0392,-118.3354,13.52,22.5,15.4,CoStar/Real Capital Analytics,2025-Q4,https://www.costar.com/multifamily
90003,Los Angeles,33.9029,-118.243,15.25,16.4,16.1,CoStar/Real Capital Analytics,2025-Q4,https://www.costar.com/multifamily
90004,Los Angeles,34.1509,-118.1387,15.83,22.1,17.9,CoStar/Real Capital Analytics,2025-Q4,https://www.costar.com/multifamily
90005,Los Angeles,33.9751,-118.415,18.81,16.6,13.6,CoStar/Real Capital Analytics,2025-Q4,https://www.costar.com/multifamily
90006,Los Angeles,33.999,-118.3099,16.89,15.9,15.9,CoStar/Real Capital Analytics,2025-Q4,https://www.costar.com/multifamily
90007,Los Angeles,34.0868,-118.1844,19.02,21.9,15.0,CoStar/Real Capital Analytics,2025-Q4,https://www.costar.com/multifamily
90008,Los Angeles,34.0856,-118.2297,15.9,19.6,17.4,CoStar/Real Capital Analytics,2025-Q4,https://www.costar.com/multifamily
90009,Los Angeles,34.1576,-118.2875,16.74,19.1,12.9,CoStar/Real Capital Analytics,2025-Q4,https://www.costar.com/multifamily
90010,Los Angeles,33.948,-118.2617,17.91,19.5,16.3,CoStar/Real Capital Analytics,2025-Q4,https://www.costar.com/multifamily
90011,Los Angeles,34.161,-118.072,17.7,17.4,15.0,CoStar/Real Capital Analytics,2025-Q4,https://www.costar.com/multifamily
90012,Los Angeles,34.0257,-118.3151,16.62,19.9,12.8,CoStar/Real Capital Analytics,2025-Q4,https://www.costar.com/multifamily
90013,Los Angeles,34.0993,-118.269,15.66,20.0,17.0,CoStar/Real Capital Analytics,2025-Q4,https://www.costar.com/multifamily
90014,Los Angeles,33.9242,-118.2933,15.66,16.5,16.3,CoStar/Real Capital Analytics,2025-Q4,https://www.costar.com/multifamily
90015,Los Angeles,34.1921,-118.1397,15.88,16.6,17.6,CoStar/Real Capital Analytics,2025-Q4,https://www.costar.com/multifamily
90016,Los Angeles,34.1713,-118.2349,15.79,17.6,14.6,CoStar/Real Capital Analytics,2025-Q4,https://www.costar.com/multifamily
90017,Los Angeles,34.1716,-118.1116,14.34,20.9,18.1,CoStar/Real Capital Analytics,2025-Q4,https://www.costar.com/multifamily
90018,Los Angeles,33.9229,-118.1455,14.58,22.2,14.0,CoStar/Real Capital Analytics,2025-Q4,https://www.costar.com/multifamily
90019,Los Angeles,33.9689,-118.1972,15.9,22.2,18.1,CoStar/Real Capital Analytics,2025-Q4,https://www.costar.com/multifamily
90020,Los Angeles,33.9238,-118.0834,13.4,22.1,17.0,CoStar/Real Capital Analytics,2025-Q4,https://www.costar.com/multifamily
90021,Los Angeles,34.1068,-118.1598,17.53,20.9,12.7,CoStar/Real Capital Analytics,2025-Q4,https://www.costar.com/multifamily
90022,Los Angeles,34.0847,-118.1458,17.49,18.0,18.0,CoStar/Real Capital Analytics,2025-Q4,https://www.costar.com/multifamily
90023,Los Angeles,34.1212,-118.3214,14.81,17.8,14.9,CoStar/Real Capital Analytics,2025-Q4,https://www.costar.com/multifamily
90024,Los Angeles,33.9381,-118.3817,14.19,16.8,13.4,CoStar/Real Capital Analytics,2025-Q4,https://www.costar.com/multifamily
90025,Los Angeles,34.1683,-118.421,16.47,16.2,13.3,CoStar/Real Capital Analytics,2025-Q4,https://www.costar.com/multifamily
90026,Los Angeles,34.018,-118.0865,18.57,22.3,14.6,CoStar/Real Capital Analytics,2025-Q4,https://www.costar.com/multifamily
90027,Los Angeles,34.0829,-118.2324,15.8,19.5,14.1,CoStar/Real Capital Analytics,2025-Q4,https://www.costar.com/multifamily
90028,Los Angeles,34.0628,-118.3854,13.61,17.1,18.1,CoStar/Real Capital Analytics,2025-Q4,https://www.costar.com/multifamily
90029,Los Angeles,33.9948,-118.3634,17.05,21.1,12.9,CoStar/Real Capital Analytics,2025-Q4,https://www.costar.com/multifamily
90030,Los Angeles,33.9549,-118.1002,15.65,16.3,18.1,CoStar/Real Capital Analytics,2025-Q4,https://www.costar.com/multifamily
90031,Los Angeles,34.0853,-118.1248,14.74,17.8,16.0,CoStar/Real Capital Analytics,2025-Q4,https://www.costar.com/multifamily
90032,Los Angeles,34.0964,-118.3443,13.9,21.9,13.9,CoStar/Real Capital Analytics,2025-Q4,https://www.costar.com/multifamily
90033,Los Angeles,34.0182,-118.3844,17.64,21.3,17.9,CoStar/Real Capital Analytics,2025-Q4,https://www.costar.com/multifamily
90034,Los Angeles,33.9229,-118.1975,15.64,17.3,13.4,CoStar/Real Capital Analytics,2025-Q4,https://www.costar.com/multifamily
90035,Los Angeles,34.1844,-118.1729,13.83,18.9,14.8,CoStar/Real Capital Analytics,2025-Q4,https://www.costar.com/multifamily
90036,Los Angeles,34.0083,-118.1578,15.73,18.1,15.8,CoStar/Real Capital Analytics,2025-Q4,https://www.costar.com/multifamily
90037,Los Angeles,33.9468,-118.3693,13.58,16.1,17.0,CoStar/Real Capital Analytics,2025-Q4,https://www.costar.com/multifamily
90038,Los Angeles,34.0832,-118.4076,14.25,18.4,14.3,CoStar/Real Capital Analytics,2025-Q4,https://www.costar.com/multifamily
90039,Los Angeles,33.9634,-118.0968,15.64,21.5,17.1,CoStar/Real Capital Analytics,2025-Q4,https://www.costar.com/multifamily
90040,Los Angeles,34.1224,-118.2212,14.98,19.7,17.8,CoStar/Real Capital Analytics,2025-Q4,https://www.costar.com/multifamily
90041,Los Angeles,34.1348,-118.2771,14.81,18.7,17.9,CoStar/Real Capital Analytics,2025-Q4,https://www.costar.com/multifamily
90042,Los Angeles,34.0297,-118.2394,16.49,18.6,16.8,CoStar/Real Capital Analytics,2025-Q4,https://www.costar.com/multifamily
90043,Los Angeles,34.1872,-118.1309,14.82,18.5,12.8,CoStar/Real Capital Analytics,2025-Q4,https://www.costar.com/multifamily
90044,Los Angeles,34.0132,-118.1634,14.85,17.9,14.3,CoStar/Real Capital Analytics,2025-Q4,https://www.costar.com/multifamily
90045,Los Angeles,34.1026,-118.1199,15.08,21.6,14.0,CoStar/Real Capital Analytics,2025-Q4,https://www.costar.com/multifamily
90046,Los Angeles,33.9073,-118.1468,18.92,22.2,16.3,CoStar/Real Capital Analytics,2025-Q4,https://www.costar.com/multifamily
90047,Los Angeles,34.1758,-118.0821,17.94,17.4,14.1,CoStar/Real Capital Analytics,2025-Q4,https://www.costar.com/multifamily
90048,Los Angeles,34.1469,-118.2681,15.96,18.2,15.2,CoStar/Real Capital Analytics,2025-Q4,https://www.costar.com/multifamily
90049,Los Angeles,34.0295,-118.4192,18.98,17.5,12.8,CoStar/Real Capital Analytics,2025-Q4,https://www.costar.com/multifamily
90050,Los Angeles,34.0881,-118.0957,14.43,16.8,12.7,CoStar/Real Capital Analytics,2025-Q4,https://www.costar.com/multifamily
90051,Los Angeles,34.0655,-118.4031,14.68,19.9,16.7,CoStar/Real Capital Analytics,2025-Q4,https://www.costar.com/multifamily
90052,Los Angeles,34.0743,-118.1046,18.91,17.9,13.7,CoStar/Real Capital Analytics,2025-Q4,https://www.costar.com/multifamily
90053,Los Angeles,33.9527,-118.2702,16.47,20.1,16.3,CoStar/Real Capital Analytics,2025-Q4,https://www.costar.com/multifamily
90054,Los Angeles,34.0598,-118.2157,13.99,19.2,13.8,CoStar/Real Capital Analytics,2025-Q4,https://www.costar.com/multifamily
90055,Los Angeles,34.0001,-118.2148,16.79,16.0,15.7,CoStar/Real Capital Analytics,2025-Q4,https://www.costar.com/multifamily
90056,Los Angeles,34.0884,-118.3838,15.93,18.1,13.6,CoStar/Real Capital Analytics,2025-Q4,https://www.costar.com/multifamily
90057,Los Angeles,34.1417,-118.4208,17.07,21.4,14.6,CoStar/Real Capital Analytics,2025-Q4,https://www.costar.com/multifamily
90058,Los Angeles,33.9248,-118.1827,15.52,22.1,16.3,CoStar/Real Capital Analytics,2025-Q4,https://www.costar.com/multifamily
90059,Los Angeles,34.0479,-118.173,17.99,21.5,16.4,CoStar/Real Capital Analytics,2025-Q4,https://www.costar.com/multifamily
90060,Los Angeles,34.1424,-118.228,18.05,22.0,16.6,CoStar/Real Capital Analytics,2025-Q4,https://www.costar.com/multifamily
90061,Los Angeles,34.0107,-118.2141,14.4,16.6,14.3,CoStar/Real Capital Analytics,2025-Q4,https://www.costar.com/multifamily
90062,Los Angeles,33.9245,-118.0951,18.26,20.6,13.6,CoStar/Real Capital Analytics,2025-Q4,https://www.costar.com/multifamily
90063,Los Angeles,33.9377,-118.2025,18.75,21.1,17.0,CoStar/Real Capital Analytics,2025-Q4,https://www.costar.com/multifamily
90064,Los Angeles,34.0515,-118.3478,16.9,21.9,16.9,CoStar/Real Capital Analytics,2025-Q4,https://www.costar.com/multifamily
90065,Los Angeles,34.0036,-118.3985,15.53,19.8,17.2,CoStar/Real Capital Analytics,2025-Q4,https://www.costar.com/multifamily
90066,Los Angeles,33.9078,-118.0645,15.84,17.2,14.7,CoStar/Real Capital Analytics,2025-Q4,https://www.costar.com/multifamily
90067,Los Angeles,34.0193,-118.2298,14.09,18.1,17.0,CoStar/Real Capital Analytics,2025-Q4,https://www.costar.com/multifamily
90068,Los Angeles,34.1604,-118.0666,15.7,18.9,15.3,CoStar/Real Capital Analytics,2025-Q4,https://www.costar.com/multifamily
90069,Los Angeles,34.1507,-118.2329,13.34,17.6,14.2,CoStar/Real Capital Analytics,2025-Q4,https://www.costar.com/multifamily
90070,Los Angeles,34.1998,-118.1668,14.02,18.5,17.0,CoStar/Real Capital Analytics,2025-Q4,https://www.costar.com/multifamily
90071,Los Angeles,33.9779,-118.1879,18.81,21.0,16.4,CoStar/Real Capital Analytics,2025-Q4,https://www.costar.com/multifamily
90072,Los Angeles,33.9839,-118.106,17.71,18.9,17.9,CoStar/Real Capital Analytics,2025-Q4,https://www.costar.com/multifamily
90073,Los Angeles,33.9542,-118.391,15.52,16.0,15.3,CoStar/Real Capital Analytics,2025-Q4,https://www.costar.com/multifamily
90074,Los Angeles,34.0595,-118.3353,14.95,17.4,13.0,CoStar/Real Capital Analytics,2025-Q4,https://www.costar.com/multifamily
90075,Los Angeles,34.0552,-118.1555,17.06,16.2,13.8,CoStar/Real Capital Analytics,2025-Q4,https://www.costar.com/multifamily
90076,Los Angeles,34.1445,-118.2757,17.9,20.1,17.0,CoStar/Real Capital Analytics,2025-Q4,https://www.costar.com/multifamily
90077,Los Angeles,34.1051,-118.3696,18.86,17.0,17.7,CoStar/Real Capital Analytics,2025-Q4,https://www.costar.com/multifamily
90078,Los Angeles,34.1916,-118.2034,14.92,20.9,17.4,CoStar/Real Capital Analytics,2025-Q4,https://www.costar.com/multifamily
90079,Los Angeles,33.9753,-118.3549,13.99,16.5,16.1,CoStar/Real Capital Analytics,2025-Q4,https://www.costar.com/multifamily
90080,Los Angeles,33.9908,-118.0727,15.9,21.7,17.0,CoStar/Real Capital Analytics,2025-Q4,https://www.costar.com/multifamily
60601,Chicago,41.8072,-87.7025,11.65,14.1,11.0,CoStar/Real Capital Analytics,2025-Q4,https://www.costar.com/multifamily
60602,Chicago,41.7627,-87.717,11.81,10.8,8.9,CoStar/Real Capital Analytics,2025-Q4,https://www.costar.com/multifamily
60603,Chicago,41.8959,-87.4839,9.36,14.3,9.8,CoStar/Real Capital Analytics,2025-Q4,https://www.costar.com/multifamily
60604,Chicago,41.9676,-87.6706,9.81,10.6,10.5,CoStar/Real Capital Analytics,2025-Q4,https://www.costar.com/multifamily
60605,Chicago,41.8354,-87.5089,11.87,14.6,11.1,CoStar/Real Capital Analytics,2025-Q4,https://www.costar.com/multifamily
60606,Chicago,41.9104,-87.512,12.31,10.7,10.5,CoStar/Real Capital Analytics,2025-Q4,https://www.costar.com/multifamily
60607,Chicago,41.7836,-87.7617,11.58,13.0,11.6,CoStar/Real Capital Analytics,2025-Q4,https://www.costar.com/multifamily
60608,Chicago,41.9675,-87.5971,10.62,12.1,9.1,CoStar/Real Capital Analytics,2025-Q4,https://www.costar.com/multifamily
60609,Chicago,41.9584,-87.4849,10.52,10.9,10.6,CoStar/Real Capital Analytics,2025-Q4,https://www.costar.com/multifamily
60610,Chicago,41.9527,-87.7464,12.34,12.0,9.6,CoStar/Real Capital Analytics,2025-Q4,https://www.costar.com/multifamily
60611,Chicago,41.9986,-87.533,9.53,10.5,11.5,CoStar/Real Capital Analytics,2025-Q4,https://www.costar.com/multifamily
60612,Chicago,41.8096,-87.6634,10.72,12.1,9.4,CoStar/Real Capital Analytics,2025-Q4,https://www.costar.com/multifamily
60613,Chicago,42.0224,-87.483,12.34,13.1,11.0,CoStar/Real Capital Analytics,2025-Q4,https://www.costar.com/multifamily
60614,Chicago,41.8415,-87.5368,9.48,12.2,11.6,CoStar/Real Capital Analytics,2025-Q4,https://www.costar.com/multifamily
60615,Chicago,41.8751,-87.7045,12.13,12.1,10.3,CoStar/Real Capital Analytics,2025-Q4,https://www.costar.com/multifamily
60616,Chicago,41.8192,-87.6943,11.03,12.5,9.8,CoStar/Real Capital Analytics,2025-Q4,https://www.costar.com/multifamily
60617,Chicago,41.7678,-87.4937,9.99,10.6,9.5,CoStar/Real Capital Analytics,2025-Q4,https://www.costar.com/multifamily
60618,Chicago,41.823,-87.5055,11.27,14.4,8.8,CoStar/Real Capital Analytics,2025-Q4,https://www.costar.com/multifamily
60619,Chicago,41.9999,-87.8035,10.6,12.7,10.0,CoStar/Real Capital Analytics,2025-Q4,https://www.costar.com/multifamily
60620,Chicago,41.7287,-87.5826,9.87,14.5,10.0,CoStar/Real Capital Analytics,2025-Q4,https://www.costar.com/multifamily
60621,Chicago,41.8316,-87.6411,10.68,13.4,11.0,CoStar/Real Capital Analytics,2025-Q4,https://www.costar.com/multifamily
60622,Chicago,41.8746,-87.6585,11.58,13.2,11.4,CoStar/Real Capital Analytics,2025-Q4,https://www.costar.com/multifamily
60623,Chicago,41.7497,-87.4588,9.55,11.2,11.9,CoStar/Real Capital Analytics,2025-Q4,https://www.costar.com/multifamily
60624,Chicago,41.8158,-87.6753,11.78,13.8,8.8,CoStar/Real Capital Analytics,2025-Q4,https://www.costar.com/multifamily
60625,Chicago,41.7448,-87.6703,11.97,10.7,10.2,CoStar/Real Capital Analytics,2025-Q4,https://www.costar.com/multifamily
60626,Chicago,41.893,-87.7586,11.88,11.2,9.0,CoStar/Real Capital Analytics,2025-Q4,https://www.costar.com/multifamily
60627,Chicago,41.994,-87.7613,10.14,12.1,10.0,CoStar/Real Capital Analytics,2025-Q4,https://www.costar.com/multifamily
60628,Chicago,41.9111,-87.4579,10.07,11.1,11.9,CoStar/Real Capital Analytics,2025-Q4,https://www.costar.com/multifamily
60629,Chicago,41.7587,-87.7174,11.73,11.1,11.4,CoStar/Real Capital Analytics,2025-Q4,https://www.costar.com/multifamily
60630,Chicago,41.9099,-87.7597,10.83,13.4,10.2,CoStar/Real Capital Analytics,2025-Q4,https://www.costar.com/multifamily
60631,Chicago,41.7453,-87.7891,12.32,13.4,10.9,CoStar/Real Capital Analytics,2025-Q4,https://www.costar.com/multifamily
60632,Chicago,41.7612,-87.4761,10.79,11.4,10.4,CoStar/Real Capital Analytics,2025-Q4,https://www.costar.com/multifamily
60633,Chicago,41.7567,-87.7062,10.71,13.6,10.7,CoStar/Real Capital Analytics,2025-Q4,https://www.costar.com/multifamily
60634,Chicago,41.7451,-87.692,11.68,13.6,12.0,CoStar/Real Capital Analytics,2025-Q4,https://www.costar.com/multifamily
60635,Chicago,41.7298,-87.641,11.27,14.8,11.9,CoStar/Real Capital Analytics,2025-Q4,https://www.costar.com/multifamily
60636,Chicago,41.8036,-87.5102,10.83,13.3,11.4,CoStar/Real Capital Analytics,2025-Q4,https://www.costar.com/multifamily
60637,Chicago,41.8807,-87.4958,11.92,14.0,9.3,CoStar/Real Capital Analytics,2025-Q4,https://www.costar.com/multifamily
60638,Chicago,41.9056,-87.6452,10.29,10.7,11.9,CoStar/Real Capital Analytics,2025-Q4,https://www.costar.com/multifamily
60639,Chicago,42.0167,-87.7278,10.24,14.1,11.2,CoStar/Real Capital Analytics,2025-Q4,https://www.costar.com/multifamily
60640,Chicago,41.7747,-87.5077,9.75,11.3,11.4,CoStar/Real Capital Analytics,2025-Q4,https://www.costar.com/multifamily
60641,Chicago,41.8668,-87.4603,10.2,10.9,10.5,CoStar/Real Capital Analytics,2025-Q4,https://www.costar.com/multifamily
60642,Chicago,41.8879,-87.7336,12.28,11.0,8.6,CoStar/Real Capital Analytics,2025-Q4,https://www.costar.com/multifamily
60643,Chicago,41.8464,-87.6119,12.51,11.0,8.5,CoStar/Real Capital Analytics,2025-Q4,https://www.costar.com/multifamily
60644,Chicago,42.0268,-87.5098,12.68,12.9,10.3,CoStar/Real Capital Analytics,2025-Q4,https://www.costar.com/multifamily
60645,Chicago,41.9197,-87.5425,10.38,12.7,10.9,CoStar/Real Capital Analytics,2025-Q4,https://www.costar.com/multifamily
60646,Chicago,41.8791,-87.4616,12.38,10.8,11.2,CoStar/Real Capital Analytics,2025-Q4,https://www.costar.com/multifamily
60647,Chicago,41.8829,-87.7851,12.58,13.1,8.7,CoStar/Real Capital Analytics,2025-Q4,https://www.costar.com/multifamily
60648,Chicago,41.9674,-87.5685,9.82,11.3,8.8,CoStar/Real Capital Analytics,2025-Q4,https://www.costar.com/multifamily
60649,Chicago,42.02,-87.6902,10.04,10.6,10.5,CoStar/Real Capital Analytics,2025-Q4,https://www.costar.com/multifamily
60650,Chicago,41.8255,-87.751,11.02,10.5,11.6,CoStar/Real Capital Analytics,2025-Q4,https://www.costar.com/multifamily
60651,Chicago,41.969,-87.4976,11.65,11.4,11.1,CoStar/Real Capital Analytics,2025-Q4,https://www.costar.com/multifamily
60652,Chicago,41.9804,-87.6468,10.28,11.4,9.5,CoStar/Real Capital Analytics,2025-Q4,https://www.costar.com/multifamily
60653,Chicago,41.7616,-87.5119,11.02,12.4,8.4,CoStar/Real Capital Analytics,2025-Q4,https://www.costar.com/multifamily
60654,Chicago,41.9076,-87.7347,9.3,10.4,8.5,CoStar/Real Capital Analytics,2025-Q4,https://www.costar.com/multifamily
60655,Chicago,41.9484,-87.7766,10.39,13.1,10.9,CoStar/Real Capital Analytics,2025-Q4,https://www.costar.com/multifamily
60656,Chicago,41.991,-87.714,11.0,13.2,10.6,CoStar/Real Capital Analytics,2025-Q4,https://www.costar.com/multifamily
60657,Chicago,41.868,-87.6822,9.9,14.4,11.7,CoStar/Real Capital Analytics,2025-Q4,https://www.costar.com/multifamily
60658,Chicago,41.9236,-87.6054,10.24,14.0,9.5,CoStar/Real Capital Analytics,2025-Q4,https://www.costar.com/multifamily
60659,Chicago,41.9055,-87.4745,10.2,14.8,8.4,CoStar/Real Capital Analytics,2025-Q4,https://www.costar.com/multifamily
60660,Chicago,41.8173,-87.7665,9.68,14.1,10.5,CoStar/Real Capital Analytics,2025-Q4,https://www.costar.com/multifamily
77001,Houston,29.6917,-95.326,9.84,9.6,8.4,CoStar/Real Capital Analytics,2025-Q4,https://www.costar.com/multifamily
77002,Houston,29.6157,-95.3071,10.26,12.2,10.5,CoStar/Real Capital Analytics,2025-Q4,https://www.costar.com/multifamily
77003,Houston,29.8466,-95.4814,11.11,10.9,9.8,CoStar/Real Capital Analytics,2025-Q4,https://www.costar.com/multifamily
77004,Houston,29.8623,-95.3853,8.48,11.4,10.2,CoStar/Real Capital Analytics,2025-Q4,https://www.costar.com/multifamily
77005,Houston,29.7669,-95.3295,8.73,9.3,9.2,CoStar/Real Capital Analytics,2025-Q4,https://www.costar.com/multifamily
77006,Houston,29.8467,-95.3418,9.83,11.7,8.7,CoStar/Real Capital Analytics,2025-Q4,https://www.costar.com/multifamily
77007,Houston,29.6131,-95.3485,10.2,10.6,9.6,CoStar/Real Capital Analytics,2025-Q4,https://www.costar.com/multifamily
77008,Houston,29.6244,-95.4477,10.68,9.7,8.9,CoStar/Real Capital Analytics,2025-Q4,https://www.costar.com/multifamily
77009,Houston,29.9088,-95.3015,9.67,10.9,8.1,CoStar/Real Capital Analytics,2025-Q4,https://www.costar.com/multifamily
77010,Houston,29.7477,-95.3275,9.72,10.6,9.3,CoStar/Real Capital Analytics,2025-Q4,https://www.costar.com/multifamily
77011,Houston,29.8815,-95.2784,10.18,13.2,8.4,CoStar/Real Capital Analytics,2025-Q4,https://www.costar.com/multifamily
77012,Houston,29.6888,-95.3084,9.66,11.9,9.8,CoStar/Real Capital Analytics,2025-Q4,https://www.costar.com/multifamily
77013,Houston,29.6306,-95.3437,7.86,12.8,8.5,CoStar/Real Capital Analytics,2025-Q4,https://www.costar.com/multifamily
77014,Houston,29.8647,-95.4386,7.88,10.5,7.8,CoStar/Real Capital Analytics,2025-Q4,https://www.costar.com/multifamily
77015,Houston,29.7156,-95.5347,9.19,11.8,8.8,CoStar/Real Capital Analytics,2025-Q4,https://www.costar.com/multifamily
77016,Houston,29.8395,-95.4703,10.35,11.9,10.3,CoStar/Real Capital Analytics,2025-Q4,https://www.costar.com/multifamily
77017,Houston,29.7942,-95.5358,8.12,10.5,8.7,CoStar/Real Capital Analytics,2025-Q4,https://www.costar.com/multifamily
77018,Houston,29.614,-95.3916,10.62,11.8,7.8,CoStar/Real Capital Analytics,2025-Q4,https://www.costar.com/multifamily
77019,Houston,29.7373,-95.4333,8.84,11.3,10.4,CoStar/Real Capital Analytics,2025-Q4,https://www.costar.com/multifamily
77020,Houston,29.6881,-95.2791,8.38,12.3,8.0,CoStar/Real Capital Analytics,2025-Q4,https://www.costar.com/multifamily
77021,Houston,29.8884,-95.316,9.01,9.9,8.1,CoStar/Real Capital Analytics,2025-Q4,https://www.costar.com/multifamily
77022,Houston,29.7545,-95.3964,10.82,10.9,8.0,CoStar/Real Capital Analytics,2025-Q4,https://www.costar.com/multifamily
77023,Houston,29.7969,-95.297,7.89,10.7,8.6,CoStar/Real Capital Analytics,2025-Q4,https://www.costar.com/multifamily
77024,Houston,29.8002,-95.1947,9.03,10.3,8.1,CoStar/Real Capital Analytics,2025-Q4,https://www.costar.com/multifamily
77025,Houston,29.776,-95.3977,9.71,9.6,8.1,CoStar/Real Capital Analytics,2025-Q4,https://www.costar.com/multifamily
77026,Houston,29.6192,-95.2907,9.54,11.2,9.4,CoStar/Real Capital Analytics,2025-Q4,https://www.costar.com/multifamily
77027,Houston,29.8782,-95.3682,9.84,9.2,9.1,CoStar/Real Capital Analytics,2025-Q4,https://www.costar.com/multifamily
77028,Houston,29.7631,-95.3391,9.1,12.6,8.3,CoStar/Real Capital Analytics,2025-Q4,https://www.costar.com/multifamily
77029,Houston,29.8845,-95.5273,10.54,11.0,9.8,CoStar/Real Capital Analytics,2025-Q4,https://www.costar.com/multifamily
77030,Houston,29.825,-95.4896,10.54,13.1,7.7,CoStar/Real Capital Analytics,2025-Q4,https://www.costar.com/multifamily
77031,Houston,29.6834,-95.4352,10.58,9.8,10.2,CoStar/Real Capital Analytics,2025-Q4,https://www.costar.com/multifamily
77032,Houston,29.7184,-95.1915,11.16,10.1,9.9,CoStar/Real Capital Analytics,2025-Q4,https://www.costar.com/multifamily
77033,Houston,29.6612,-95.3171,8.87,10.3,7.8,CoStar/Real Capital Analytics,2025-Q4,https://www.costar.com/multifamily
77034,Houston,29.7844,-95.394,10.29,9.6,10.6,CoStar/Real Capital Analytics,2025-Q4,https://www.costar.com/multifamily
77035,Houston,29.7679,-95.3761,7.83,9.7,9.4,CoStar/Real Capital Analytics,2025-Q4,https://www.costar.com/multifamily
77036,Houston,29.84,-95.2991,9.64,13.0,9.2,CoStar/Real Capital Analytics,2025-Q4,https://www.costar.com/multifamily
77037,Houston,29.6624,-95.2271,10.39,12.3,8.4,CoStar/Real Capital Analytics,2025-Q4,https://www.costar.com/multifamily
77038,Houston,29.7191,-95.3538,8.28,10.3,8.2,CoStar/Real Capital Analytics,2025-Q4,https://www.costar.com/multifamily
77039,Houston,29.8859,-95.3262,10.58,9.7,9.4,CoStar/Real Capital Analytics,2025-Q4,https://www.costar.com/multifamily
77040,Houston,29.8035,-95.265,8.37,11.5,10.5,CoStar/Real Capital Analytics,2025-Q4,https://www.costar.com/multifamily
77041,Houston,29.6945,-95.3577,9.88,12.4,8.2,CoStar/Real Capital Analytics,2025-Q4,https://www.costar.com/multifamily
77042,Houston,29.7941,-95.3364,8.09,12.3,10.2,CoStar/Real Capital Analytics,2025-Q4,https://www.costar.com/multifamily
77043,Houston,29.8216,-95.2114,8.16,11.9,10.0,CoStar/Real Capital Analytics,2025-Q4,https://www.costar.com/multifamily
77044,Houston,29.6706,-95.2427,8.53,10.0,8.2,CoStar/Real Capital Analytics,2025-Q4,https://www.costar.com/multifamily
77045,Houston,29.6475,-95.4786,10.0,12.2,8.4,CoStar/Real Capital Analytics,2025-Q4,https://www.costar.com/multifamily
77046,Houston,29.7142,-95.2791,8.77,10.3,8.8,CoStar/Real Capital Analytics,2025-Q4,https://www.costar.com/multifamily
77047,Houston,29.6122,-95.2381,11.09,12.1,8.5,CoStar/Real Capital Analytics,2025-Q4,https://www.costar.com/multifamily
77048,Houston,29.6742,-95.43,9.96,9.3,9.0,CoStar/Real Capital Analytics,2025-Q4,https://www.costar.com/multifamily
77049,Houston,29.7632,-95.4358,9.39,10.7,9.7,CoStar/Real Capital Analytics,2025-Q4,https://www.costar.com/multifamily
77050,Houston,29.7323,-95.3053,10.26,10.5,10.0,CoStar/Real Capital Analytics,2025-Q4,https://www.costar.com/multifamily
77051,Houston,29.6459,-95.3738,8.71,10.4,10.1,CoStar/Real Capital Analytics,2025-Q4,https://www.costar.com/multifamily
77052,Houston,29.6681,-95.342,10.27,9.2,7.9,CoStar/Real Capital Analytics,2025-Q4,https://www.costar.com/multifamily
77053,Houston,29.7597,-95.3379,9.43,11.6,9.4,CoStar/Real Capital Analytics,2025-Q4,https://www.costar.com/multifamily
77054,Houston,29.6752,-95.3449,10.9,12.7,7.9,CoStar/Real Capital Analytics,2025-Q4,https://www.costar.com/multifamily
77055,Houston,29.8998,-95.1999,8.69,11.3,9.4,CoStar/Real Capital Analytics,2025-Q4,https://www.costar.com/multifamily
85001,Phoenix,33.4865,-112.0511,13.49,13.4,13.1,CoStar/Real Capital Analytics,2025-Q4,https://www.costar.com/multifamily
85002,Phoenix,33.5169,-112.2465,12.91,15.2,12.6,CoStar/Real Capital Analytics,2025-Q4,https://www.costar.com/multifamily
85003,Phoenix,33.4488,-112.2494,11.03,13.9,9.3,CoStar/Real Capital Analytics,2025-Q4,https://www.costar.com/multifamily
85004,Phoenix,33.4699,-112.0968,12.05,15.3,10.6,CoStar/Real Capital Analytics,2025-Q4,https://www.costar.com/multifamily
85005,Phoenix,33.5034,-112.1015,11.15,12.8,9.5,CoStar/Real Capital Analytics,2025-Q4,https://www.costar.com/multifamily
85006,Phoenix,33.5588,-112.155,13.42,14.0,12.0,CoStar/Real Capital Analytics,2025-Q4,https://www.costar.com/multifamily
85007,Phoenix,33.5321,-112.1235,10.76,14.2,10.8,CoStar/Real Capital Analytics,2025-Q4,https://www.costar.com/multifamily
85008,Phoenix,33.4675,-112.1974,10.29,12.2,9.6,CoStar/Real Capital Analytics,2025-Q4,https://www.costar.com/multifamily
85009,Phoenix,33.4386,-111.9574,12.34,12.6,10.5,CoStar/Real Capital Analytics,2025-Q4,https://www.costar.com/multifamily
85010,Phoenix,33.381,-112.1999,12.54,15.9,9.7,CoStar/Real Capital Analytics,2025-Q4,https://www.costar.com/multifamily
85011,Phoenix,33.4355,-111.9244,10.55,14.8,11.7,CoStar/Real Capital Analytics,2025-Q4,https://www.costar.com/multifamily
85012,Phoenix,33.4386,-111.9931,12.12,15.1,13.0,CoStar/Real Capital Analytics,2025-Q4,https://www.costar.com/multifamily
85013,Phoenix,33.413,-111.9158,11.17,12.6,10.2,CoStar/Real Capital Analytics,2025-Q4,https://www.costar.com/multifamily
85014,Phoenix,33.5665,-111.9465,12.18,15.5,9.9,CoStar/Real Capital Analytics,2025-Q4,https://www.costar.com/multifamily
85015,Phoenix,33.4024,-112.0304,13.26,13.6,10.0,CoStar/Real Capital Analytics,2025-Q4,https://www.costar.com/multifamily
85016,Phoenix,33.5189,-112.219,10.97,11.9,9.5,CoStar/Real Capital Analytics,2025-Q4,https://www.costar.com/multifamily
85017,Phoenix,33.4008,-111.92,12.8,13.2,11.9,CoStar/Real Capital Analytics,2025-Q4,https://www.costar.com/multifamily
85018,Phoenix,33.5556,-111.9186,11.27,16.4,12.6,CoStar/Real Capital Analytics,2025-Q4,https://www.costar.com/multifamily
85019,Phoenix,33.3321,-112.1524,9.85,11.4,12.6,CoStar/Real Capital Analytics,2025-Q4,https://www.costar.com/multifamily
85020,Phoenix,33.3843,-111.9076,11.85,15.0,10.4,CoStar/Real Capital Analytics,2025-Q4,https://www.costar.com/multifamily
85021,Phoenix,33.3923,-112.1722,10.37,14.0,12.1,CoStar/Real Capital Analytics,2025-Q4,https://www.costar.com/multifamily
85022,Phoenix,33.4011,-112.0145,11.26,12.8,13.2,CoStar/Real Capital Analytics,2025-Q4,https://www.costar.com/multifamily
85023,Phoenix,33.4635,-112.1937,13.63,14.7,10.7,CoStar/Real Capital Analytics,2025-Q4,https://www.costar.com/multifamily
85024,Phoenix,33.4883,-112.0223,13.34,15.4,9.8,CoStar/Real Capital Analytics,2025-Q4,https://www.costar.com/multifamily
85025,Phoenix,33.3415,-112.0734,11.47,15.9,12.6,CoStar/Real Capital Analytics,2025-Q4,https://www.costar.com/multifamily
85026,Phoenix,33.3279,-111.9911,12.11,12.5,12.0,CoStar/Real Capital Analytics,2025-Q4,https://www.costar.com/multifamily
85027,Phoenix,33.548,-112.0338,10.82,15.0,10.5,CoStar/Real Capital Analytics,2025-Q4,https://www.costar.com/multifamily
85028,Phoenix,33.5073,-112.2141,13.14,14.6,13.1,CoStar/Real Capital Analytics,2025-Q4,https://www.costar.com/multifamily
85029,Phoenix,33.5468,-112.0347,13.49,12.3,11.1,CoStar/Real Capital Analytics,2025-Q4,https://www.costar.com/multifamily
85030,Phoenix,33.5547,-111.9059,13.89,14.6,11.1,CoStar/Real Capital Analytics,2025-Q4,https://www.costar.com/multifamily
85031,Phoenix,33.437,-112.1104,9.78,14.6,12.2,CoStar/Real Capital Analytics,2025-Q4,https://www.costar.com/multifamily
85032,Phoenix,33.3372,-112.0916,10.77,15.0,10.8,CoStar/Real Capital Analytics,2025-Q4,https://www.costar.com/multifamily
85033,Phoenix,33.5085,-112.0523,11.55,12.0,13.2,CoStar/Real Capital Analytics,2025-Q4,https://www.costar.com/multifamily
85034,Phoenix,33.301,-111.9067,11.89,11.5,10.4,CoStar/Real Capital Analytics,2025-Q4,https://www.costar.com/multifamily
85035,Phoenix,33.5032,-112.2324,10.48,14.1,10.8,CoStar/Real Capital Analytics,2025-Q4,https://www.costar.com/multifamily
85036,Phoenix,33.3428,-112.177,11.76,13.0,12.0,CoStar/Real Capital Analytics,2025-Q4,https://www.costar.com/multifamily
85037,Phoenix,33.5605,-111.8997,11.68,15.4,11.4,CoStar/Real Capital Analytics,2025-Q4,https://www.costar.com/multifamily
85038,Phoenix,33.3082,-111.9943,11.55,11.8,10.1,CoStar/Real Capital Analytics,2025-Q4,https://www.costar.com/multifamily
85039,Phoenix,33.3587,-111.969,10.39,11.7,12.3,CoStar/Real Capital Analytics,2025-Q4,https://www.costar.com/multifamily
85040,Phoenix,33.3804,-112.1907,10.59,11.4,12.7,CoStar/Real Capital Analytics,2025-Q4,https://www.costar.com/multifamily
85041,Phoenix,33.4573,-112.0658,12.0,14.9,12.4,CoStar/Real Capital Analytics,2025-Q4,https://www.costar.com/multifamily
85042,Phoenix,33.5363,-111.953,13.89,12.2,9.6,CoStar/Real Capital Analytics,2025-Q4,https://www.costar.com/multifamily
85043,Phoenix,33.5637,-112.2114,11.92,16.1,11.5,CoStar/Real Capital Analytics,2025-Q4,https://www.costar.com/multifamily
85044,Phoenix,33.4144,-112.1238,12.81,12.8,12.7,CoStar/Real Capital Analytics,2025-Q4,https://www.costar.com/multifamily
85045,Phoenix,33.4403,-112.0393,9.83,12.6,9.8,CoStar/Real Capital Analytics,2025-Q4,https://www.costar.com/multifamily
85046,Phoenix,33.4218,-111.9065,13.01,11.7,11.3,CoStar/Real Capital Analytics,2025-Q4,https://www.costar.com/multifamily
85047,Phoenix,33.4008,-112.0124,11.17,13.9,11.2,CoStar/Real Capital Analytics,2025-Q4,https://www.costar.com/multifamily
85048,Phoenix,33.5396,-112.1846,12.88,13.8,10.7,CoStar/Real Capital Analytics,2025-Q4,https://www.costar.com/multifamily
85049,Phoenix,33.4835,-112.1098,10.54,13.1,12.1,CoStar/Real Capital Analytics,2025-Q4,https://www.costar.com/multifamily
85050,Phoenix,33.4428,-112.0894,13.13,12.5,13.1,CoStar/Real Capital Analytics,2025-Q4,https://www.costar.com/multifamily
19101,Philadelphia,39.8792,-75.0913,9.88,13.6,9.9,CoStar/Real Capital Analytics,2025-Q4,https://www.costar.com/multifamily
19102,Philadelphia,39.927,-75.1616,10.33,12.8,10.1,CoStar/Real Capital Analytics,2025-Q4,https://www.costar.com/multifamily
19103,Philadelphia,39.8196,-75.153,9.62,15.0,9.0,CoStar/Real Capital Analytics,2025-Q4,https://www.costar.com/multifamily
19104,Philadelphia,39.8758,-75.243,10.6,11.6,9.8,CoStar/Real Capital Analytics,2025-Q4,https://www.costar.com/multifamily
19105,Philadelphia,39.8214,-75.0158,9.7,12.1,12.1,CoStar/Real Capital Analytics,2025-Q4,https://www.costar.com/multifamily
19106,Philadelphia,39.8061,-75.3242,12.38,11.5,10.1,CoStar/Real Capital Analytics,2025-Q4,https://www.costar.com/multifamily
19107,Philadelphia,40.0779,-75.2803,11.17,11.3,10.2,CoStar/Real Capital Analytics,2025-Q4,https://www.costar.com/multifamily
19108,Philadelphia,39.9972,-75.1212,10.44,15.9,12.4,CoStar/Real Capital Analytics,2025-Q4,https://www.costar.com/multifamily
19109,Philadelphia,39.8484,-75.134,10.84,12.5,10.9,CoStar/Real Capital Analytics,2025-Q4,https://www.costar.com/multifamily
19110,Philadelphia,39.8465,-75.0615,10.96,15.1,10.5,CoStar/Real Capital Analytics,2025-Q4,https://www.costar.com/multifamily
19111,Philadelphia,39.9695,-75.3042,13.48,16.0,11.2,CoStar/Real Capital Analytics,2025-Q4,https://www.costar.com/multifamily
19112,Philadelphia,40.0979,-75.2801,12.2,11.8,11.9,CoStar/Real Capital Analytics,2025-Q4,https://www.costar.com/multifamily
19113,Philadelphia,39.8642,-75.2511,13.11,12.6,9.8,CoStar/Real Capital Analytics,2025-Q4,https://www.costar.com/multifamily
19114,Philadelphia,39.8635,-75.1479,9.74,12.7,10.3,CoStar/Real Capital Analytics,2025-Q4,https://www.costar.com/multifamily
19115,Philadelphia,39.8048,-75.3225,9.97,11.6,11.1,CoStar/Real Capital Analytics,2025-Q4,https://www.costar.com/multifamily
19116,Philadelphia,40.0089,-75.1997,12.35,12.7,12.6,CoStar/Real Capital Analytics,2025-Q4,https://www.costar.com/multifamily
19117,Philadelphia,40.1013,-75.2389,10.45,13.6,12.8,CoStar/Real Capital Analytics,2025-Q4,https://www.costar.com/multifamily
19118,Philadelphia,39.9734,-75.09,11.87,11.4,10.6,CoStar/Real Capital Analytics,2025-Q4,https://www.costar.com/multifamily
19119,Philadelphia,40.0905,-75.1551,11.65,14.0,9.7,CoStar/Real Capital Analytics,2025-Q4,https://www.costar.com/multifamily
19120,Philadelphia,39.9656,-75.2609,9.97,14.2,9.8,CoStar/Real Capital Analytics,2025-Q4,https://www.costar.com/multifamily
19121,Philadelphia,40.0142,-75.0333,12.3,12.9,9.9,CoStar/Real Capital Analytics,2025-Q4,https://www.costar.com/multifamily
19122,Philadelphia,39.9997,-75.0995,12.5,14.5,10.6,CoStar/Real Capital Analytics,2025-Q4,https://www.costar.com/multifamily
19123,Philadelphia,39.8636,-75.1083,13.37,11.2,10.1,CoStar/Real Capital Analytics,2025-Q4,https://www.costar.com/multifamily
19124,Philadelphia,39.9235,-75.0317,12.01,12.2,12.2,CoStar/Real Capital Analytics,2025-Q4,https://www.costar.com/multifamily
19125,Philadelphia,39.8893,-75.0872,10.11,13.1,9.2,CoStar/Real Capital Analytics,2025-Q4,https://www.costar.com/multifamily
19126,Philadelphia,39.9703,-75.2612,11.82,15.8,11.5,CoStar/Real Capital Analytics,2025-Q4,https://www.costar.com/multifamily
19127,Philadelphia,39.9679,-75.2242,12.16,13.8,12.8,CoStar/Real Capital Analytics,2025-Q4,https://www.costar.com/multifamily
19128,Philadelphia,39.8531,-75.2571,9.7,11.4,9.4,CoStar/Real Capital Analytics,2025-Q4,https://www.costar.com/multifamily
19129,Philadelphia,40.0078,-75.2049,11.38,12.3,9.1,CoStar/Real Capital Analytics,2025-Q4,https://www.costar.com/multifamily
19130,Philadelphia,39.8327,-75.2063,10.85,13.9,10.2,CoStar/Real Capital Analytics,2025-Q4,https://www.costar.com/multifamily
19131,Philadelphia,40.1021,-75.3217,10.96,13.1,9.8,CoStar/Real Capital Analytics,2025-Q4,https://www.costar.com/multifamily
19132,Philadelphia,39.9518,-75.1575,12.26,11.5,9.6,CoStar/Real Capital Analytics,2025-Q4,https://www.costar.com/multifamily
19133,Philadelphia,40.0339,-75.2069,13.29,11.5,10.9,CoStar/Real Capital Analytics,2025-Q4,https://www.costar.com/multifamily
19134,Philadelphia,40.058,-75.0822,11.85,13.1,12.7,CoStar/Real Capital Analytics,2025-Q4,https://www.costar.com/multifamily
19135,Philadelphia,40.0793,-75.0038,9.52,14.8,11.9,CoStar/Real Capital Analytics,2025-Q4,https://www.costar.com/multifamily
19136,Philadelphia,39.8735,-75.1314,10.82,11.5,11.8,CoStar/Real Capital Analytics,2025-Q4,https://www.costar.com/multifamily
19137,Philadelphia,40.0784,-75.2554,10.19,12.4,10.1,CoStar/Real Capital Analytics,2025-Q4,https://www.costar.com/multifamily
19138,Philadelphia,39.8696,-74.9942,12.39,12.0,11.9,CoStar/Real Capital Analytics,2025-Q4,https://www.costar.com/multifamily
19139,Philadelphia,39.8326,-75.0222,13.16,14.1,12.0,CoStar/Real Capital Analytics,2025-Q4,https://www.costar.com/multifamily
19140,Philadelphia,40.0859,-75.1862,11.56,12.8,9.9,CoStar/Real Capital Analytics,2025-Q4,https://www.costar.com/multifamily
78201,San Antonio,29.4447,-98.5316,8.11,12.2,10.4,CoStar/Real Capital Analytics,2025-Q4,https://www.costar.com/multifamily
78202,San Antonio,29.5591,-98.3901,11.06,10.8,8.4,CoStar/Real Capital Analytics,2025-Q4,https://www.costar.com/multifamily
78203,San Antonio,29.5163,-98.4993,10.01,11.2,8.5,CoStar/Real Capital Analytics,2025-Q4,https://www.costar.com/multifamily
78204,San Antonio,29.2804,-98.3577,10.17,11.1,10.7,CoStar/Real Capital Analytics,2025-Q4,https://www.costar.com/multifamily
78205,San Antonio,29.4426,-98.6017,10.66,10.2,9.9,CoStar/Real Capital Analytics,2025-Q4,https://www.costar.com/multifamily
78206,San Antonio,29.3904,-98.3681,10.34,13.1,8.6,CoStar/Real Capital Analytics,2025-Q4,https://www.costar.com/multifamily
78207,San Antonio,29.3108,-98.6035,8.84,12.6,8.9,CoStar/Real Capital Analytics,2025-Q4,https://www.costar.com/multifamily
78208,San Antonio,29.4352,-98.3235,8.82,13.4,9.0,CoStar/Real Capital Analytics,2025-Q4,https://www.costar.com/multifamily
78209,San Antonio,29.3834,-98.5436,8.34,9.9,8.7,CoStar/Real Capital Analytics,2025-Q4,https://www.costar.com/multifamily
78210,San Antonio,29.3718,-98.4104,8.62,12.8,10.7,CoStar/Real Capital Analytics,2025-Q4,https://www.costar.com/multifamily
78211,San Antonio,29.3689,-98.3522,10.57,10.9,8.4,CoStar/Real Capital Analytics,2025-Q4,https://www.costar.com/multifamily
78212,San Antonio,29.5738,-98.6424,8.93,13.0,8.1,CoStar/Real Capital Analytics,2025-Q4,https://www.costar.com/multifamily
78213,San Antonio,29.2918,-98.6292,10.98,11.6,11.0,CoStar/Real Capital Analytics,2025-Q4,https://www.costar.com/multifamily
78214,San Antonio,29.4378,-98.6218,11.07,10.9,9.4,CoStar/Real Capital Analytics,2025-Q4,https://www.costar.com/multifamily
78215,San Antonio,29.2976,-98.5184,10.73,9.6,8.7,CoStar/Real Capital Analytics,2025-Q4,https://www.costar.com/multifamily
78216,San Antonio,29.5066,-98.6628,8.48,11.1,9.4,CoStar/Real Capital Analytics,2025-Q4,https://www.costar.com/multifamily
78217,San Antonio,29.3566,-98.3664,9.48,9.8,10.6,CoStar/Real Capital Analytics,2025-Q4,https://www.costar.com/multifamily
78218,San Antonio,29.2941,-98.5619,8.64,10.1,7.8,CoStar/Real Capital Analytics,2025-Q4,https://www.costar.com/multifamily
78219,San Antonio,29.3721,-98.5588,10.88,12.6,10.2,CoStar/Real Capital Analytics,2025-Q4,https://www.costar.com/multifamily
78220,San Antonio,29.3702,-98.454,8.91,13.4,9.5,CoStar/Real Capital Analytics,2025-Q4,https://www.costar.com/multifamily
78221,San Antonio,29.2869,-98.4564,10.25,11.7,9.2,CoStar/Real Capital Analytics,2025-Q4,https://www.costar.com/multifamily
78222,San Antonio,29.4667,-98.4389,10.12,10.8,8.6,CoStar/Real Capital Analytics,2025-Q4,https://www.costar.com/multifamily
78223,San Antonio,29.4135,-98.5022,11.07,9.5,7.8,CoStar/Real Capital Analytics,2025-Q4,https://www.costar.com/multifamily
78224,San Antonio,29.3906,-98.3178,11.54,9.7,7.7,CoStar/Real Capital Analytics,2025-Q4,https://www.costar.com/multifamily
78225,San Antonio,29.3897,-98.4844,8.65,9.7,10.6,CoStar/Real Capital Analytics,2025-Q4,https://www.costar.com/multifamily
78226,San Antonio,29.5126,-98.5438,11.06,12.7,7.7,CoStar/Real Capital Analytics,2025-Q4,https://www.costar.com/multifamily
78227,San Antonio,29.4179,-98.6684,9.22,10.4,10.1,CoStar/Real Capital Analytics,2025-Q4,https://www.costar.com/multifamily
78228,San Antonio,29.5319,-98.6123,8.27,12.5,8.5,CoStar/Real Capital Analytics,2025-Q4,https://www.costar.com/multifamily
78229,San Antonio,29.4116,-98.6139,9.86,10.7,9.8,CoStar/Real Capital Analytics,2025-Q4,https://www.costar.com/multifamily
78230,San Antonio,29.3031,-98.3137,11.41,13.6,10.7,CoStar/Real Capital Analytics,2025-Q4,https://www.costar.com/multifamily
78231,San Antonio,29.3987,-98.586,9.76,12.0,7.9,CoStar/Real Capital Analytics,2025-Q4,https://www.costar.com/multifamily
78232,San Antonio,29.392,-98.534,8.42,11.2,10.2,CoStar/Real Capital Analytics,2025-Q4,https://www.costar.com/multifamily
78233,San Antonio,29.2824,-98.4801,8.48,10.1,10.1,CoStar/Real Capital Analytics,2025-Q4,https://www.costar.com/multifamily
78234,San Antonio,29.3202,-98.3714,8.62,13.6,9.0,CoStar/Real Capital Analytics,2025-Q4,https://www.costar.com/multifamily
78235,San Antonio,29.4036,-98.3195,9.85,10.4,10.3,CoStar/Real Capital Analytics,2025-Q4,https://www.costar.com/multifamily
92101,San Diego,32.838,-117.1017,18.27,23.2,13.1,CoStar/Real Capital Analytics,2025-Q4,https://www.costar.com/multifamily
92102,San Diego,32.6727,-117.0503,16.6,21.3,15.3,CoStar/Real Capital Analytics,2025-Q4,https://www.costar.com/multifamily
92103,San Diego,32.6323,-117.2339,19.66,17.6,13.2,CoStar/Real Capital Analytics,2025-Q4,https://www.costar.com/multifamily
92104,San Diego,32.7964,-117.3284,15.79,22.4,17.4,CoStar/Real Capital Analytics,2025-Q4,https://www.costar.com/multifamily
92105,San Diego,32.6873,-117.2359,18.88,21.3,18.8,CoStar/Real Capital Analytics,2025-Q4,https://www.costar.com/multifamily
92106,San Diego,32.7967,-117.1025,16.28,16.8,16.3,CoStar/Real Capital Analytics,2025-Q4,https://www.costar.com/multifamily
92107,San Diego,32.703,-117.2576,16.75,22.3,15.1,CoStar/Real Capital Analytics,2025-Q4,https://www.costar.com/multifamily
92108,San Diego,32.6499,-117.3276,17.78,17.2,18.0,CoStar/Real Capital Analytics,2025-Q4,https://www.costar.com/multifamily
92109,San Diego,32.7874,-117.1324,18.64,18.1,14.4,CoStar/Real Capital Analytics,2025-Q4,https://www.costar.com/multifamily
92110,San Diego,32.7249,-117.156,15.29,21.4,17.3,CoStar/Real Capital Analytics,2025-Q4,https://www.costar.com/multifamily
92111,San Diego,32.8274,-117.04,16.19,20.3,13.7,CoStar/Real Capital Analytics,2025-Q4,https://www.costar.com/multifamily
92112,San Diego,32.7285,-117.2274,14.74,18.8,14.0,CoStar/Real Capital Analytics,2025-Q4,https://www.costar.com/multifamily
92113,San Diego,32.5832,-117.0971,18.96,22.7,14.8,CoStar/Real Capital Analytics,2025-Q4,https://www.costar.com/multifamily
92114,San Diego,32.8411,-117.2208,16.76,21.2,17.5,CoStar/Real Capital Analytics,2025-Q4,https://www.costar.com/multifamily
92115,San Diego,32.6924,-117.3261,14.93,16.8,15.9,CoStar/Real Capital Analytics,2025-Q4,https://www.costar.com/multifamily
92116,San Diego,32.7443,-117.0421,17.59,19.4,18.2,CoStar/Real Capital Analytics,2025-Q4,https://www.costar.com/multifamily
92117,San Diego,32.6166,-117.2652,16.41,22.3,18.8,CoStar/Real Capital Analytics,2025-Q4,https://www.costar.com/multifamily
92118,San Diego,32.6171,-117.3145,13.91,17.1,16.0,CoStar/Real Capital Analytics,2025-Q4,https://www.costar.com/multifamily
92119,San Diego,32.8424,-117.2903,19.69,18.2,14.7,CoStar/Real Capital Analytics,2025-Q4,https://www.costar.com/multifamily
92120,San Diego,32.7477,-117.2998,14.43,21.0,15.2,CoStar/Real Capital Analytics,2025-Q4,https://www.costar.com/multifamily
92121,San Diego,32.6178,-117.0959,15.85,17.0,14.8,CoStar/Real Capital Analytics,2025-Q4,https://www.costar.com/multifamily
92122,San Diego,32.6564,-117.0229,15.81,18.1,16.8,CoStar/Real Capital Analytics,2025-Q4,https://www.costar.com/multifamily
92123,San Diego,32.8428,-116.9898,17.07,22.7,15.1,CoStar/Real Capital Analytics,2025-Q4,https://www.costar.com/multifamily
92124,San Diego,32.7553,-117.2175,14.11,22.3,16.2,CoStar/Real Capital Analytics,2025-Q4,https://www.costar.com/multifamily
92125,San Diego,32.8545,-117.0553,16.19,18.5,13.9,CoStar/Real Capital Analytics,2025-Q4,https://www.costar.com/multifamily
92126,San Diego,32.827,-117.2302,16.03,22.4,13.6,CoStar/Real Capital Analytics,2025-Q4,https://www.costar.com/multifamily
92127,San Diego,32.6442,-117.3115,17.01,20.1,17.5,CoStar/Real Capital Analytics,2025-Q4,https://www.costar.com/multifamily
92128,San Diego,32.6958,-117.2376,17.15,19.0,17.7,CoStar/Real Capital Analytics,2025-Q4,https://www.costar.com/multifamily
92129,San Diego,32.7666,-117.1934,18.73,22.7,15.3,CoStar/Real Capital Analytics,2025-Q4,https://www.costar.com/multifamily
92130,San Diego,32.7361,-117.1071,17.6,19.3,16.8,CoStar/Real Capital Analytics,2025-Q4,https://www.costar.com/multifamily
92131,San Diego,32.7603,-117.2212,18.21,18.1,18.1,CoStar/Real Capital Analytics,2025-Q4,https://www.costar.com/multifamily
92132,San Diego,32.6926,-117.2,17.4,16.5,18.8,CoStar/Real Capital Analytics,2025-Q4,https://www.costar.com/multifamily
92133,San Diego,32.6658,-117.0085,16.14,17.1,13.8,CoStar/Real Capital Analytics,2025-Q4,https://www.costar.com/multifamily
92134,San Diego,32.8061,-117.1781,17.52,23.3,16.8,CoStar/Real Capital Analytics,2025-Q4,https://www.costar.com/multifamily
92135,San Diego,32.7679,-117.1386,18.15,17.5,16.7,CoStar/Real Capital Analytics,2025-Q4,https://www.costar.com/multifamily
75201,DFW,32.7342,-96.9509,10.35,11.7,10.1,CoStar/Real Capital Analytics,2025-Q4,https://www.costar.com/multifamily
75202,DFW,32.7228,-96.6538,10.76,14.0,10.3,CoStar/Real Capital Analytics,2025-Q4,https://www.costar.com/multifamily
75203,DFW,32.7113,-96.8618,11.37,11.7,10.7,CoStar/Real Capital Analytics,2025-Q4,https://www.costar.com/multifamily
75204,DFW,32.6426,-96.6474,10.35,13.2,9.8,CoStar/Real Capital Analytics,2025-Q4,https://www.costar.com/multifamily
75205,DFW,32.8517,-96.9384,9.48,13.7,10.5,CoStar/Real Capital Analytics,2025-Q4,https://www.costar.com/multifamily
75206,DFW,32.8244,-96.6387,8.95,11.1,9.3,CoStar/Real Capital Analytics,2025-Q4,https://www.costar.com/multifamily
75207,DFW,32.8319,-96.6469,9.14,12.1,10.5,CoStar/Real Capital Analytics,2025-Q4,https://www.costar.com/multifamily
75208,DFW,32.6385,-96.8405,11.49,12.2,10.5,CoStar/Real Capital Analytics,2025-Q4,https://www.costar.com/multifamily
75209,DFW,32.6556,-96.769,11.85,12.6,9.6,CoStar/Real Capital Analytics,2025-Q4,https://www.costar.com/multifamily
75210,DFW,32.8515,-96.6655,8.8,14.0,9.8,CoStar/Real Capital Analytics,2025-Q4,https://www.costar.com/multifamily
75211,DFW,32.8823,-96.9748,9.45,12.8,11.2,CoStar/Real Capital Analytics,2025-Q4,https://www.costar.com/multifamily
75212,DFW,32.878,-96.8355,9.58,10.5,9.1,CoStar/Real Capital Analytics,2025-Q4,https://www.costar.com/multifamily
75213,DFW,32.6743,-96.9401,11.46,11.6,8.3,CoStar/Real Capital Analytics,2025-Q4,https://www.costar.com/multifamily
75214,DFW,32.7418,-96.8486,11.58,11.6,10.8,CoStar/Real Capital Analytics,2025-Q4,https://www.costar.com/multifamily
75215,DFW,32.6684,-96.8536,8.69,10.2,9.8,CoStar/Real Capital Analytics,2025-Q4,https://www.costar.com/multifamily
75216,DFW,32.7749,-96.7409,9.41,12.2,8.4,CoStar/Real Capital Analytics,2025-Q4,https://www.costar.com/multifamily
75217,DFW,32.8897,-96.7461,8.99,12.8,9.6,CoStar/Real Capital Analytics,2025-Q4,https://www.costar.com/multifamily
75218,DFW,32.7841,-96.7456,8.87,10.3,9.0,CoStar/Real Capital Analytics,2025-Q4,https://www.costar.com/multifamily
75219,DFW,32.9191,-96.7928,11.58,13.3,11.2,CoStar/Real Capital Analytics,2025-Q4,https://www.costar.com/multifamily
75220,DFW,32.7431,-96.7517,10.12,12.1,11.6,CoStar/Real Capital Analytics,2025-Q4,https://www.costar.com/multifamily
75221,DFW,32.698,-96.787,11.41,11.8,11.7,CoStar/Real Capital Analytics,2025-Q4,https://www.costar.com/multifamily
75222,DFW,32.712,-96.6542,12.38,11.1,9.6,CoStar/Real Capital Analytics,2025-Q4,https://www.costar.com/multifamily
75223,DFW,32.8769,-96.7737,9.68,10.8,10.6,CoStar/Real Capital Analytics,2025-Q4,https://www.costar.com/multifamily
75224,DFW,32.8075,-96.904,11.91,12.4,11.7,CoStar/Real Capital Analytics,2025-Q4,https://www.costar.com/multifamily
75225,DFW,32.7787,-96.6348,12.05,12.7,10.2,CoStar/Real Capital Analytics,2025-Q4,https://www.costar.com/multifamily
75226,DFW,32.8696,-96.8318,10.23,14.2,10.3,CoStar/Real Capital Analytics,2025-Q4,https://www.costar.com/multifamily
75227,DFW,32.8092,-96.8088,11.39,11.2,11.4,CoStar/Real Capital Analytics,2025-Q4,https://www.costar.com/multifamily
75228,DFW,32.8704,-96.8465,11.91,10.2,8.3,CoStar/Real Capital Analytics,2025-Q4,https://www.costar.com/multifamily
75229,DFW,32.7759,-96.7458,12.06,10.7,8.9,CoStar/Real Capital Analytics,2025-Q4,https://www.costar.com/multifamily
75230,DFW,32.7575,-96.6588,9.3,14.5,11.3,CoStar/Real Capital Analytics,2025-Q4,https://www.costar.com/multifamily
75231,DFW,32.6405,-96.9338,9.12,12.8,11.3,CoStar/Real Capital Analytics,2025-Q4,https://www.costar.com/multifamily
75232,DFW,32.7193,-96.832,11.0,11.3,11.1,CoStar/Real Capital Analytics,2025-Q4,https://www.costar.com/multifamily
75233,DFW,32.7264,-96.7029,9.63,12.7,8.8,CoStar/Real Capital Analytics,2025-Q4,https://www.costar.com/multifamily
75234,DFW,32.6871,-96.6614,11.39,12.9,8.8,CoStar/Real Capital Analytics,2025-Q4,https://www.costar.com/multifamily
75235,DFW,32.9075,-96.662,9.92,11.7,11.4,CoStar/Real Capital Analytics,2025-Q4,https://www.costar.com/multifamily
75236,DFW,32.9219,-96.8311,8.96,13.8,10.7,CoStar/Real Capital Analytics,2025-Q4,https://www.costar.com/multifamily
75237,DFW,32.8763,-96.791,10.29,12.7,10.8,CoStar/Real Capital Analytics,2025-Q4,https://www.costar.com/multifamily
75238,DFW,32.7993,-96.8522,11.84,11.7,9.6,CoStar/Real Capital Analytics,2025-Q4,https://www.costar.com/multifamily
75239,DFW,32.8972,-96.8751,11.08,11.5,8.9,CoStar/Real Capital Analytics,2025-Q4,https://www.costar.com/multifamily
75240,DFW,32.7867,-96.7431,11.83,11.8,10.1,CoStar/Real Capital Analytics,2025-Q4,https://www.costar.com/multifamily
75241,DFW,32.8638,-96.6183,10.47,12.0,10.5,CoStar/Real Capital Analytics,2025-Q4,https://www.costar.com/multifamily
75242,DFW,32.7765,-96.6734,12.26,12.0,9.7,CoStar/Real Capital Analytics,2025-Q4,https://www.costar.com/multifamily
75243,DFW,32.7133,-96.9391,12.31,12.6,9.1,CoStar/Real Capital Analytics,2025-Q4,https://www.costar.com/multifamily
75244,DFW,32.8923,-96.645,11.87,14.1,8.3,CoStar/Real Capital Analytics,2025-Q4,https://www.costar.com/multifamily
75245,DFW,32.8574,-96.843,10.89,11.1,10.6,CoStar/Real Capital Analytics,2025-Q4,https://www.costar.com/multifamily
75246,DFW,32.7071,-96.6332,8.62,10.4,9.1,CoStar/Real Capital Analytics,2025-Q4,https://www.costar.com/multifamily
75247,DFW,32.7716,-96.8914,10.66,10.9,8.4,CoStar/Real Capital Analytics,2025-Q4,https://www.costar.com/multifamily
75248,DFW,32.7708,-96.9387,9.0,13.3,10.6,CoStar/Real Capital Analytics,2025-Q4,https://www.costar.com/multifamily
75249,DFW,32.9013,-96.8161,10.71,12.3,8.6,CoStar/Real Capital Analytics,2025-Q4,https://www.costar.com/multifamily
75250,DFW,32.8254,-96.7217,11.31,12.8,11.0,CoStar/Real Capital Analytics,2025-Q4,https://www.costar.com/multifamily
75251,DFW,32.6285,-96.9364,9.64,11.6,8.6,CoStar/Real Capital Analytics,2025-Q4,https://www.costar.com/multifamily
75252,DFW,32.9069,-96.7817,11.24,12.1,11.0,CoStar/Real Capital Analytics,2025-Q4,https://www.costar.com/multifamily
75253,DFW,32.9211,-96.9045,11.95,12.8,11.7,CoStar/Real Capital Analytics,2025-Q4,https://www.costar.com/multifamily
75254,DFW,32.6326,-96.6595,9.73,12.8,8.8,CoStar/Real Capital Analytics,2025-Q4,https://www.costar.com/multifamily
75255,DFW,32.6419,-96.6349,9.0,14.4,9.8,CoStar/Real Capital Analytics,2025-Q4,https://www.costar.com/multifamily
94101,Bay Area,37.7686,-122.3285,18.57,21.1,17.1,CoStar/Real Capital Analytics,2025-Q4,https://www.costar.com/multifamily
94102,Bay Area,37.7378,-122.4342,15.41,21.9,15.0,CoStar/Real Capital Analytics,2025-Q4,https://www.costar.com/multifamily
94103,Bay Area,37.7941,-122.5482,20.64,19.5,14.9,CoStar/Real Capital Analytics,2025-Q4,https://www.costar.com/multifamily
94104,Bay Area,37.6351,-122.3395,15.25,24.4,19.4,CoStar/Real Capital Analytics,2025-Q4,https://www.costar.com/multifamily
94105,Bay Area,37.7817,-122.5534,16.36,24.0,18.4,CoStar/Real Capital Analytics,2025-Q4,https://www.costar.com/multifamily
94106,Bay Area,37.8431,-122.2828,17.8,19.6,15.2,CoStar/Real Capital Analytics,2025-Q4,https://www.costar.com/multifamily
94107,Bay Area,37.6341,-122.5768,19.27,18.5,18.9,CoStar/Real Capital Analytics,2025-Q4,https://www.costar.com/multifamily
94108,Bay Area,37.6948,-122.5603,21.28,19.1,20.5,CoStar/Real Capital Analytics,2025-Q4,https://www.costar.com/multifamily
94109,Bay Area,37.7355,-122.3109,15.93,22.4,18.8,CoStar/Real Capital Analytics,2025-Q4,https://www.costar.com/multifamily
94110,Bay Area,37.6377,-122.2649,17.75,25.6,16.2,CoStar/Real Capital Analytics,2025-Q4,https://www.costar.com/multifamily
94111,Bay Area,37.7117,-122.2613,16.97,24.0,18.1,CoStar/Real Capital Analytics,2025-Q4,https://www.costar.com/multifamily
94112,Bay Area,37.8873,-122.3034,18.0,25.0,15.7,CoStar/Real Capital Analytics,2025-Q4,https://www.costar.com/multifamily
94113,Bay Area,37.8948,-122.5314,21.74,19.4,20.2,CoStar/Real Capital Analytics,2025-Q4,https://www.costar.com/multifamily
94114,Bay Area,37.7382,-122.3844,16.3,20.6,17.9,CoStar/Real Capital Analytics,2025-Q4,https://www.costar.com/multifamily
94115,Bay Area,37.6319,-122.3526,19.49,25.3,15.7,CoStar/Real Capital Analytics,2025-Q4,https://www.costar.com/multifamily
94116,Bay Area,37.7022,-122.4266,16.11,19.6,20.2,CoStar/Real Capital Analytics,2025-Q4,https://www.costar.com/multifamily
94117,Bay Area,37.645,-122.3776,15.78,18.7,19.2,CoStar/Real Capital Analytics,2025-Q4,https://www.costar.com/multifamily
94118,Bay Area,37.7614,-122.3274,17.05,21.8,15.7,CoStar/Real Capital Analytics,2025-Q4,https://www.costar.com/multifamily
94119,Bay Area,37.864,-122.4847,15.92,21.0,19.1,CoStar/Real Capital Analytics,2025-Q4,https://www.costar.com/multifamily
94120,Bay Area,37.8643,-122.4794,20.57,20.5,19.1,CoStar/Real Capital Analytics,2025-Q4,https://www.costar.com/multifamily
94121,Bay Area,37.7922,-122.4425,16.82,25.4,15.1,CoStar/Real Capital Analytics,2025-Q4,https://www.costar.com/multifamily
94122,Bay Area,37.7784,-122.5458,21.41,18.3,19.6,CoStar/Real Capital Analytics,2025-Q4,https://www.costar.com/multifamily
94123,Bay Area,37.8375,-122.478,15.29,18.1,19.0,CoStar/Real Capital Analytics,2025-Q4,https://www.costar.com/multifamily
94124,Bay Area,37.8922,-122.2964,18.44,21.4,16.9,CoStar/Real Capital Analytics,2025-Q4,https://www.costar.com/multifamily
94125,Bay Area,37.7645,-122.2409,21.54,21.1,20.2,CoStar/Real Capital Analytics,2025-Q4,https://www.costar.com/multifamily
94126,Bay Area,37.7961,-122.354,21.61,24.4,18.3,CoStar/Real Capital Analytics,2025-Q4,https://www.costar.com/multifamily
94127,Bay Area,37.902,-122.5564,18.33,22.9,14.4,CoStar/Real Capital Analytics,2025-Q4,https://www.costar.com/multifamily
94128,Bay Area,37.7055,-122.481,19.91,20.3,14.9,CoStar/Real Capital Analytics,2025-Q4,https://www.costar.com/multifamily
94129,Bay Area,37.8004,-122.5673,16.71,18.1,16.8,CoStar/Real Capital Analytics,2025-Q4,https://www.costar.com/multifamily
94130,Bay Area,37.63,-122.2554,20.37,24.4,19.9,CoStar/Real Capital Analytics,2025-Q4,https://www.costar.com/multifamily
94131,Bay Area,37.7703,-122.4485,15.62,19.1,16.1,CoStar/Real Capital Analytics,2025-Q4,https://www.costar.com/multifamily
94132,Bay Area,37.7415,-122.4854,15.51,22.4,16.1,CoStar/Real Capital Analytics,2025-Q4,https://www.costar.com/multifamily
94133,Bay Area,37.675,-122.257,18.32,19.3,18.7,CoStar/Real Capital Analytics,2025-Q4,https://www.costar.com/multifamily
94134,Bay Area,37.8135,-122.358,21.02,25.0,18.2,CoStar/Real Capital Analytics,2025-Q4,https://www.costar.com/multifamily
94135,Bay Area,37.6511,-122.5827,18.47,24.1,20.1,CoStar/Real Capital Analytics,2025-Q4,https://www.costar.com/multifamily
94136,Bay Area,37.7382,-122.2633,20.18,19.8,19.6,CoStar/Real Capital Analytics,2025-Q4,https://www.costar.com/multifamily
94137,Bay Area,37.6763,-122.4566,21.0,24.1,18.2,CoStar/Real Capital Analytics,2025-Q4,https://www.costar.com/multifamily
94138,Bay Area,37.8736,-122.5811,16.24,19.6,19.9,CoStar/Real Capital Analytics,2025-Q4,https://www.costar.com/multifamily
94139,Bay Area,37.7895,-122.586,18.09,20.8,17.1,CoStar/Real Capital Analytics,2025-Q4,https://www.costar.com/multifamily
94140,Bay Area,37.9139,-122.486,17.03,25.5,15.2,CoStar/Real Capital Analytics,2025-Q4,https://www.costar.com/multifamily
94141,Bay Area,37.8758,-122.3879,15.68,22.1,19.7,CoStar/Real Capital Analytics,2025-Q4,https://www.costar.com/multifamily
94142,Bay Area,37.6422,-122.3426,15.56,24.0,17.6,CoStar/Real Capital Analytics,2025-Q4,https://www.costar.com/multifamily
94143,Bay Area,37.8082,-122.5795,21.04,23.4,15.2,CoStar/Real Capital Analytics,2025-Q4,https://www.costar.com/multifamily
94144,Bay Area,37.8858,-122.281,17.24,19.4,18.0,CoStar/Real Capital Analytics,2025-Q4,https://www.costar.com/multifamily
94145,Bay Area,37.6432,-122.5209,21.78,22.7,15.2,CoStar/Real Capital Analytics,2025-Q4,https://www.costar.com/multifamily
78701,Austin,30.3382,-97.6172,13.63,13.4,13.2,CoStar/Real Capital Analytics,2025-Q4,https://www.costar.com/multifamily
78702,Austin,30.3313,-97.9187,10.58,16.2,13.9,CoStar/Real Capital Analytics,2025-Q4,https://www.costar.com/multifamily
78703,Austin,30.3588,-97.7992,14.44,13.6,12.7,CoStar/Real Capital Analytics,2025-Q4,https://www.costar.com/multifamily
78704,Austin,30.3485,-97.5735,12.47,15.7,10.8,CoStar/Real Capital Analytics,2025-Q4,https://www.costar.com/multifamily
78705,Austin,30.192,-97.6333,11.54,16.1,11.6,CoStar/Real Capital Analytics,2025-Q4,https://www.costar.com/multifamily
78706,Austin,30.2236,-97.5862,11.07,13.0,13.7,CoStar/Real Capital Analytics,2025-Q4,https://www.costar.com/multifamily
78707,Austin,30.1727,-97.7459,11.37,17.1,9.9,CoStar/Real Capital Analytics,2025-Q4,https://www.costar.com/multifamily
78708,Austin,30.3636,-97.907,10.45,17.1,12.3,CoStar/Real Capital Analytics,2025-Q4,https://www.costar.com/multifamily
78709,Austin,30.2667,-97.9021,11.49,15.1,13.9,CoStar/Real Capital Analytics,2025-Q4,https://www.costar.com/multifamily
78710,Austin,30.2586,-97.6572,12.95,13.4,12.2,CoStar/Real Capital Analytics,2025-Q4,https://www.costar.com/multifamily
78711,Austin,30.253,-97.78,10.98,14.9,13.4,CoStar/Real Capital Analytics,2025-Q4,https://www.costar.com/multifamily
78712,Austin,30.1884,-97.7832,13.04,14.7,11.9,CoStar/Real Capital Analytics,2025-Q4,https://www.costar.com/multifamily
78713,Austin,30.2819,-97.9136,12.49,14.8,12.5,CoStar/Real Capital Analytics,2025-Q4,https://www.costar.com/multifamily
78714,Austin,30.3681,-97.8602,10.47,15.7,12.2,CoStar/Real Capital Analytics,2025-Q4,https://www.costar.com/multifamily
78715,Austin,30.1509,-97.7203,11.66,15.2,12.1,CoStar/Real Capital Analytics,2025-Q4,https://www.costar.com/multifamily
78716,Austin,30.1242,-97.8795,14.68,12.1,13.9,CoStar/Real Capital Analytics,2025-Q4,https://www.costar.com/multifamily
78717,Austin,30.2849,-97.85,10.81,14.4,10.4,CoStar/Real Capital Analytics,2025-Q4,https://www.costar.com/multifamily
78718,Austin,30.3486,-97.9174,12.34,13.4,10.2,CoStar/Real Capital Analytics,2025-Q4,https://www.costar.com/multifamily
78719,Austin,30.1984,-97.6438,11.42,15.5,10.6,CoStar/Real Capital Analytics,2025-Q4,https://www.costar.com/multifamily
78720,Austin,30.3247,-97.909,14.55,13.2,11.1,CoStar/Real Capital Analytics,2025-Q4,https://www.costar.com/multifamily
78721,Austin,30.4068,-97.5869,11.51,16.1,10.3,CoStar/Real Capital Analytics,2025-Q4,https://www.costar.com/multifamily
78722,Austin,30.3546,-97.6028,11.88,14.9,12.1,CoStar/Real Capital Analytics,2025-Q4,https://www.costar.com/multifamily
78723,Austin,30.2531,-97.7371,10.73,16.4,10.2,CoStar/Real Capital Analytics,2025-Q4,https://www.costar.com/multifamily
78724,Austin,30.3978,-97.7357,12.54,16.7,12.2,CoStar/Real Capital Analytics,2025-Q4,https://www.costar.com/multifamily
78725,Austin,30.1486,-97.7035,13.99,17.3,12.3,CoStar/Real Capital Analytics,2025-Q4,https://www.costar.com/multifamily
78726,Austin,30.2222,-97.8281,10.7,13.1,11.6,CoStar/Real Capital Analytics,2025-Q4,https://www.costar.com/multifamily
78727,Austin,30.3423,-97.6881,11.23,16.6,12.1,CoStar/Real Capital Analytics,2025-Q4,https://www.costar.com/multifamily
78728,Austin,30.406,-97.6199,11.85,16.9,12.8,CoStar/Real Capital Analytics,2025-Q4,https://www.costar.com/multifamily
78729,Austin,30.2176,-97.822,14.74,14.2,11.9,CoStar/Real Capital Analytics,2025-Q4,https://www.costar.com/multifamily
78730,Austin,30.273,-97.8927,14.58,15.2,10.8,CoStar/Real Capital Analytics,2025-Q4,https://www.costar.com/multifamily
78731,Austin,30.3084,-97.8457,10.48,14.4,11.7,CoStar/Real Capital Analytics,2025-Q4,https://www.costar.com/multifamily
78732,Austin,30.2595,-97.8916,10.8,12.2,10.5,CoStar/Real Capital Analytics,2025-Q4,https://www.costar.com/multifamily
78733,Austin,30.2881,-97.6756,12.84,13.3,12.0,CoStar/Real Capital Analytics,2025-Q4,https://www.costar.com/multifamily
78734,Austin,30.2303,-97.7673,12.51,12.8,12.2,CoStar/Real Capital Analytics,2025-Q4,https://www.costar.com/multifamily
78735,Austin,30.254,-97.8311,12.0,16.5,11.9,CoStar/Real Capital Analytics,2025-Q4,https://www.costar.com/multifamily
78736,Austin,30.2918,-97.5715,12.4,16.3,11.3,CoStar/Real Capital Analytics,2025-Q4,https://www.costar.com/multifamily
78737,Austin,30.1935,-97.6166,14.3,16.1,10.3,CoStar/Real Capital Analytics,2025-Q4,https://www.costar.com/multifamily
78738,Austin,30.1819,-97.8828,14.29,17.2,10.5,CoStar/Real Capital Analytics,2025-Q4,https://www.costar.com/multifamily
78739,Austin,30.3529,-97.7689,12.64,15.4,11.9,CoStar/Real Capital Analytics,2025-Q4,https://www.costar.com/multifamily
78740,Austin,30.1443,-97.9126,10.36,12.5,13.2,CoStar/Real Capital Analytics,2025-Q4,https://www.costar.com/multifamily
32201,Jacksonville,30.2629,-81.7066,10.03,12.3,10.3,CoStar/Real Capital Analytics,2025-Q4,https://www.costar.com/multifamily
32202,Jacksonville,30.3536,-81.713,11.99,10.7,9.9,CoStar/Real Capital Analytics,2025-Q4,https://www.costar.com/multifamily
32203,Jacksonville,30.2064,-81.5933,11.52,10.4,8.9,CoStar/Real Capital Analytics,2025-Q4,https://www.costar.com/multifamily
32204,Jacksonville,30.4018,-81.7388,11.19,14.1,9.2,CoStar/Real Capital Analytics,2025-Q4,https://www.costar.com/multifamily
32205,Jacksonville,30.4381,-81.6621,9.8,13.3,8.8,CoStar/Real Capital Analytics,2025-Q4,https://www.costar.com/multifamily
32206,Jacksonville,30.2515,-81.6968,10.03,10.2,10.9,CoStar/Real Capital Analytics,2025-Q4,https://www.costar.com/multifamily
32207,Jacksonville,30.4142,-81.5678,11.17,13.1,9.9,CoStar/Real Capital Analytics,2025-Q4,https://www.costar.com/multifamily
32208,Jacksonville,30.3669,-81.4937,9.81,12.5,10.9,CoStar/Real Capital Analytics,2025-Q4,https://www.costar.com/multifamily
32209,Jacksonville,30.4213,-81.665,11.71,11.5,10.9,CoStar/Real Capital Analytics,2025-Q4,https://www.costar.com/multifamily
32210,Jacksonville,30.2271,-81.7224,10.96,11.7,8.8,CoStar/Real Capital Analytics,2025-Q4,https://www.costar.com/multifamily
32211,Jacksonville,30.3834,-81.7213,10.16,12.4,9.4,CoStar/Real Capital Analytics,2025-Q4,https://www.costar.com/multifamily
32212,Jacksonville,30.3236,-81.7828,9.6,13.5,11.4,CoStar/Real Capital Analytics,2025-Q4,https://www.costar.com/multifamily
32213,Jacksonville,30.3573,-81.7082,11.04,10.8,10.7,CoStar/Real Capital Analytics,2025-Q4,https://www.costar.com/multifamily
32214,Jacksonville,30.4087,-81.4792,10.16,10.1,8.8,CoStar/Real Capital Analytics,2025-Q4,https://www.costar.com/multifamily
32215,Jacksonville,30.4052,-81.681,10.35,11.7,8.6,CoStar/Real Capital Analytics,2025-Q4,https://www.costar.com/multifamily
32216,Jacksonville,30.4745,-81.8128,11.2,10.6,8.5,CoStar/Real Capital Analytics,2025-Q4,https://www.costar.com/multifamily
32217,Jacksonville,30.4096,-81.7954,10.9,10.2,8.8,CoStar/Real Capital Analytics,2025-Q4,https://www.costar.com/multifamily
32218,Jacksonville,30.382,-81.6248,11.72,11.6,11.4,CoStar/Real Capital Analytics,2025-Q4,https://www.costar.com/multifamily
32219,Jacksonville,30.4004,-81.6533,9.77,12.4,8.0,CoStar/Real Capital Analytics,2025-Q4,https://www.costar.com/multifamily
32220,Jacksonville,30.4471,-81.5603,9.86,12.8,8.6,CoStar/Real Capital Analytics,2025-Q4,https://www.costar.com/multifamily
32221,Jacksonville,30.3411,-81.5136,8.45,10.9,8.2,CoStar/Real Capital Analytics,2025-Q4,https://www.costar.com/multifamily
32222,Jacksonville,30.4014,-81.521,10.37,13.1,10.6,CoStar/Real Capital Analytics,2025-Q4,https://www.costar.com/multifamily
32223,Jacksonville,30.2715,-81.7715,11.05,13.5,10.3,CoStar/Real Capital Analytics,2025-Q4,https://www.costar.com/multifamily
32224,Jacksonville,30.2841,-81.6254,9.55,13.4,10.5,CoStar/Real Capital Analytics,2025-Q4,https://www.costar.com/multifamily
32225,Jacksonville,30.405,-81.5688,11.19,11.7,8.7,CoStar/Real Capital Analytics,2025-Q4,https://www.costar.com/multifamily
32226,Jacksonville,30.2109,-81.812,9.47,13.9,11.1,CoStar/Real Capital Analytics,2025-Q4,https://www.costar.com/multifamily
32227,Jacksonville,30.2571,-81.7746,9.91,10.2,10.5,CoStar/Real Capital Analytics,2025-Q4,https://www.costar.com/multifamily
32228,Jacksonville,30.4455,-81.6666,8.73,11.1,11.3,CoStar/Real Capital Analytics,2025-Q4,https://www.costar.com/multifamily
32229,Jacksonville,30.2369,-81.8232,9.12,11.4,10.0,CoStar/Real Capital Analytics,2025-Q4,https://www.costar.com/multifamily
32230,Jacksonville,30.1929,-81.8011,11.11,12.1,8.3,CoStar/Real Capital Analytics,2025-Q4,https://www.costar.com/multifamily
43201,Columbus,39.897,-82.8522,8.39,13.1,8.2,CoStar/Real Capital Analytics,2025-Q4,https://www.costar.com/multifamily
43202,Columbus,39.8117,-83.0635,8.1,12.6,10.1,CoStar/Real Capital Analytics,2025-Q4,https://www.costar.com/multifamily
43203,Columbus,40.0196,-82.836,10.68,10.8,8.4,CoStar/Real Capital Analytics,2025-Q4,https://www.costar.com/multifamily
43204,Columbus,40.0713,-82.9791,9.46,12.7,8.7,CoStar/Real Capital Analytics,2025-Q4,https://www.costar.com/multifamily
43205,Columbus,39.9719,-82.9473,8.15,11.7,9.7,CoStar/Real Capital Analytics,2025-Q4,https://www.costar.com/multifamily
43206,Columbus,39.9328,-82.8808,9.45,10.8,8.8,CoStar/Real Capital Analytics,2025-Q4,https://www.costar.com/multifamily
43207,Columbus,39.8396,-83.0801,10.98,11.0,9.2,CoStar/Real Capital Analytics,2025-Q4,https://www.costar.com/multifamily
43208,Columbus,39.9781,-83.1652,9.65,11.8,9.7,CoStar/Real Capital Analytics,2025-Q4,https://www.costar.com/multifamily
43209,Columbus,39.8779,-82.9828,10.98,12.8,9.2,CoStar/Real Capital Analytics,2025-Q4,https://www.costar.com/multifamily
43210,Columbus,39.8746,-83.1787,9.83,11.1,10.0,CoStar/Real Capital Analytics,2025-Q4,https://www.costar.com/multifamily
43211,Columbus,39.8289,-82.9277,10.1,9.8,9.2,CoStar/Real Capital Analytics,2025-Q4,https://www.costar.com/multifamily
43212,Columbus,40.0568,-83.028,9.86,11.8,8.4,CoStar/Real Capital Analytics,2025-Q4,https://www.costar.com/multifamily
43213,Columbus,40.071,-83.1016,8.96,11.5,9.0,CoStar/Real Capital Analytics,2025-Q4,https://www.costar.com/multifamily
43214,Columbus,39.8448,-82.9857,8.36,10.5,10.0,CoStar/Real Capital Analytics,2025-Q4,https://www.costar.com/multifamily
43215,Columbus,39.9024,-82.8522,9.29,13.0,10.1,CoStar/Real Capital Analytics,2025-Q4,https://www.costar.com/multifamily
43216,Columbus,40.0265,-82.8439,8.16,11.2,8.3,CoStar/Real Capital Analytics,2025-Q4,https://www.costar.com/multifamily
43217,Columbus,39.9135,-83.0775,9.28,11.1,9.2,CoStar/Real Capital Analytics,2025-Q4,https://www.costar.com/multifamily
43218,Columbus,40.0169,-83.0315,11.12,11.5,9.2,CoStar/Real Capital Analytics,2025-Q4,https://www.costar.com/multifamily
43219,Columbus,39.8485,-82.8873,9.1,11.5,10.4,CoStar/Real Capital Analytics,2025-Q4,https://www.costar.com/multifamily
43220,Columbus,39.8452,-83.0673,11.12,11.8,9.8,CoStar/Real Capital Analytics,2025-Q4,https://www.costar.com/multifamily
43221,Columbus,39.9889,-82.939,10.61,12.3,8.3,CoStar/Real Capital Analytics,2025-Q4,https://www.costar.com/multifamily
43222,Columbus,39.9443,-83.0074,10.67,11.4,10.8,CoStar/Real Capital Analytics,2025-Q4,https://www.costar.com/multifamily
43223,Columbus,40.0075,-82.9615,8.17,12.7,7.8,CoStar/Real Capital Analytics,2025-Q4,https://www.costar.com/multifamily
43224,Columbus,39.9804,-82.8342,9.48,12.4,9.8,CoStar/Real Capital Analytics,2025-Q4,https://www.costar.com/multifamily
43225,Columbus,39.8397,-82.8365,10.51,11.8,9.3,CoStar/Real Capital Analytics,2025-Q4,https://www.costar.com/multifamily
43226,Columbus,39.8909,-83.0486,8.49,10.6,10.1,CoStar/Real Capital Analytics,2025-Q4,https://www.costar.com/multifamily
43227,Columbus,40.0849,-83.0658,8.44,10.8,8.1,CoStar/Real Capital Analytics,2025-Q4,https://www.costar.com/multifamily
43228,Columbus,39.9456,-82.8252,10.39,9.8,10.3,CoStar/Real Capital Analytics,2025-Q4,https://www.costar.com/multifamily
43229,Columbus,39.9931,-83.1476,10.95,12.5,8.5,CoStar/Real Capital Analytics,2025-Q4,https://www.costar.com/multifamily
43230,Columbus,39.8566,-83.1024,10.17,12.1,8.9,CoStar/Real Capital Analytics,2025-Q4,https://www.costar.com/multifamily
43231,Columbus,39.926,-83.0788,10.75,13.4,10.6,CoStar/Real Capital Analytics,2025-Q4,https://www.costar.com/multifamily
43232,Columbus,39.9156,-82.9289,10.93,9.5,9.8,CoStar/Real Capital Analytics,2025-Q4,https://www.costar.com/multifamily
43233,Columbus,40.0732,-83.1598,9.42,12.0,7.9,CoStar/Real Capital Analytics,2025-Q4,https://www.costar.com/multifamily
43234,Columbus,39.9025,-83.1296,9.2,11.1,8.3,CoStar/Real Capital Analytics,2025-Q4,https://www.costar.com/multifamily
43235,Columbus,40.0553,-83.0767,8.81,10.0,9.3,CoStar/Real Capital Analytics,2025-Q4,https://www.costar.com/multifamily
28201,Charlotte,35.114,-80.9609,9.9,11.9,10.2,CoStar/Real Capital Analytics,2025-Q4,https://www.costar.com/multifamily
28202,Charlotte,35.2349,-80.7388,10.5,14.3,10.6,CoStar/Real Capital Analytics,2025-Q4,https://www.costar.com/multifamily
28203,Charlotte,35.3304,-81.0086,12.9,11.4,9.8,CoStar/Real Capital Analytics,2025-Q4,https://www.costar.com/multifamily
28204,Charlotte,35.2807,-80.8843,11.56,13.9,9.9,CoStar/Real Capital Analytics,2025-Q4,https://www.costar.com/multifamily
28205,Charlotte,35.2993,-80.8051,10.56,14.1,11.0,CoStar/Real Capital Analytics,2025-Q4,https://www.costar.com/multifamily
28206,Charlotte,35.1703,-80.9353,10.53,15.6,12.2,CoStar/Real Capital Analytics,2025-Q4,https://www.costar.com/multifamily
28207,Charlotte,35.0789,-80.9889,12.97,11.9,12.4,CoStar/Real Capital Analytics,2025-Q4,https://www.costar.com/multifamily
28208,Charlotte,35.2953,-80.8903,10.6,15.4,9.2,CoStar/Real Capital Analytics,2025-Q4,https://www.costar.com/multifamily
28209,Charlotte,35.1328,-80.8814,11.38,13.2,11.5,CoStar/Real Capital Analytics,2025-Q4,https://www.costar.com/multifamily
28210,Charlotte,35.2871,-80.8476,10.16,11.0,12.0,CoStar/Real Capital Analytics,2025-Q4,https://www.costar.com/multifamily
28211,Charlotte,35.1844,-80.7765,12.39,14.4,11.1,CoStar/Real Capital Analytics,2025-Q4,https://www.costar.com/multifamily
28212,Charlotte,35.0849,-80.767,12.05,11.7,11.4,CoStar/Real Capital Analytics,2025-Q4,https://www.costar.com/multifamily
28213,Charlotte,35.1226,-80.9349,9.33,14.3,10.5,CoStar/Real Capital Analytics,2025-Q4,https://www.costar.com/multifamily
28214,Charlotte,35.0786,-80.9486,13.04,12.1,9.3,CoStar/Real Capital Analytics,2025-Q4,https://www.costar.com/multifamily
28215,Charlotte,35.1748,-80.8935,9.35,14.5,9.3,CoStar/Real Capital Analytics,2025-Q4,https://www.costar.com/multifamily
28216,Charlotte,35.3338,-80.7734,10.32,13.2,10.3,CoStar/Real Capital Analytics,2025-Q4,https://www.costar.com/multifamily
28217,Charlotte,35.146,-80.7171,9.96,13.2,9.8,CoStar/Real Capital Analytics,2025-Q4,https://www.costar.com/multifamily
28218,Charlotte,35.3371,-80.9789,13.17,12.1,10.4,CoStar/Real Capital Analytics,2025-Q4,https://www.costar.com/multifamily
28219,Charlotte,35.2189,-80.8338,12.42,13.9,9.7,CoStar/Real Capital Analytics,2025-Q4,https://www.costar.com/multifamily
28220,Charlotte,35.3229,-81.0049,12.9,13.3,10.4,CoStar/Real Capital Analytics,2025-Q4,https://www.costar.com/multifamily
28221,Charlotte,35.1368,-80.6844,10.3,14.5,9.8,CoStar/Real Capital Analytics,2025-Q4,https://www.costar.com/multifamily
28222,Charlotte,35.3012,-80.9534,12.2,13.3,11.6,CoStar/Real Capital Analytics,2025-Q4,https://www.costar.com/multifamily
28223,Charlotte,35.1556,-80.7174,10.29,11.4,11.6,CoStar/Real Capital Analytics,2025-Q4,https://www.costar.com/multifamily
28224,Charlotte,35.1506,-80.9397,10.78,12.5,12.3,CoStar/Real Capital Analytics,2025-Q4,https://www.costar.com/multifamily
28225,Charlotte,35.0836,-80.702,11.52,12.3,9.1,CoStar/Real Capital Analytics,2025-Q4,https://www.costar.com/multifamily
28226,Charlotte,35.3561,-81.0101,12.05,13.9,10.7,CoStar/Real Capital Analytics,2025-Q4,https://www.costar.com/multifamily
28227,Charlotte,35.1523,-81.0029,12.02,13.8,11.2,CoStar/Real Capital Analytics,2025-Q4,https://www.costar.com/multifamily
28228,Charlotte,35.3138,-80.9725,12.73,14.9,11.8,CoStar/Real Capital Analytics,2025-Q4,https://www.costar.com/multifamily
28229,Charlotte,35.1326,-80.6913,12.1,12.7,8.9,CoStar/Real Capital Analytics,2025-Q4,https://www.costar.com/multifamily
28230,Charlotte,35.1131,-80.7382,11.94,15.0,9.9,CoStar/Real Capital Analytics,2025-Q4,https://www.costar.com/multifamily
28231,Charlotte,35.2488,-80.91,10.75,14.2,11.6,CoStar/Real Capital Analytics,2025-Q4,https://www.costar.com/multifamily
28232,Charlotte,35.1105,-80.9699,12.61,12.2,9.9,CoStar/Real Capital Analytics,2025-Q4,https://www.costar.com/multifamily
28233,Charlotte,35.2,-80.9636,10.33,12.2,10.3,CoStar/Real Capital Analytics,2025-Q4,https://www.costar.com/multifamily
28234,Charlotte,35.1898,-80.8272,11.23,11.6,8.8,CoStar/Real Capital Analytics,2025-Q4,https://www.costar.com/multifamily
28235,Charlotte,35.3317,-80.9685,9.84,14.8,11.6,CoStar/Real Capital Analytics,2025-Q4,https://www.costar.com/multifamily
28236,Charlotte,35.132,-80.9687,12.61,14.8,9.8,CoStar/Real Capital Analytics,2025-Q4,https://www.costar.com/multifamily
28237,Charlotte,35.0896,-80.7634,11.12,11.6,9.2,CoStar/Real Capital Analytics,2025-Q4,https://www.costar.com/multifamily
28238,Charlotte,35.0773,-80.8534,11.8,14.2,9.5,CoStar/Real Capital Analytics,2025-Q4,https://www.costar.com/multifamily
28239,Charlotte,35.2769,-80.8749,12.04,14.0,10.7,CoStar/Real Capital Analytics,2025-Q4,https://www.costar.com/multifamily
28240,Charlotte,35.2606,-81.0069,12.78,13.2,9.8,CoStar/Real Capital Analytics,2025-Q4,https://www.costar.com/multifamily
46201,Indianapolis,39.818,-86.2891,7.94,10.8,7.3,CoStar/Real Capital Analytics,2025-Q4,https://www.costar.com/multifamily
46202,Indianapolis,39.7269,-86.2056,7.96,12.7,7.5,CoStar/Real Capital Analytics,2025-Q4,https://www.costar.com/multifamily
46203,Indianapolis,39.6224,-86.0448,7.91,12.2,8.9,CoStar/Real Capital Analytics,2025-Q4,https://www.costar.com/multifamily
46204,Indianapolis,39.7655,-86.087,8.37,10.9,9.0,CoStar/Real Capital Analytics,2025-Q4,https://www.costar.com/multifamily
46205,Indianapolis,39.6699,-86.0599,10.0,10.5,8.8,CoStar/Real Capital Analytics,2025-Q4,https://www.costar.com/multifamily
46206,Indianapolis,39.9067,-86.0748,10.4,10.8,9.2,CoStar/Real Capital Analytics,2025-Q4,https://www.costar.com/multifamily
46207,Indianapolis,39.6444,-86.2115,10.75,9.3,7.3,CoStar/Real Capital Analytics,2025-Q4,https://www.costar.com/multifamily
46208,Indianapolis,39.6796,-86.0884,10.74,12.7,10.1,CoStar/Real Capital Analytics,2025-Q4,https://www.costar.com/multifamily
46209,Indianapolis,39.7959,-86.2879,9.06,12.3,8.9,CoStar/Real Capital Analytics,2025-Q4,https://www.costar.com/multifamily
46210,Indianapolis,39.7777,-86.026,7.94,12.4,10.1,CoStar/Real Capital Analytics,2025-Q4,https://www.costar.com/multifamily
46211,Indianapolis,39.7722,-86.1321,8.01,12.5,9.3,CoStar/Real Capital Analytics,2025-Q4,https://www.costar.com/multifamily
46212,Indianapolis,39.7517,-86.2824,10.16,10.6,10.1,CoStar/Real Capital Analytics,2025-Q4,https://www.costar.com/multifamily
46213,Indianapolis,39.6656,-86.1348,8.23,12.2,9.5,CoStar/Real Capital Analytics,2025-Q4,https://www.costar.com/multifamily
46214,Indianapolis,39.7742,-86.0613,10.43,11.9,9.2,CoStar/Real Capital Analytics,2025-Q4,https://www.costar.com/multifamily
46215,Indianapolis,39.8959,-86.0608,9.98,9.8,8.2,CoStar/Real Capital Analytics,2025-Q4,https://www.costar.com/multifamily
46216,Indianapolis,39.8445,-86.27,7.72,11.8,9.6,CoStar/Real Capital Analytics,2025-Q4,https://www.costar.com/multifamily
46217,Indianapolis,39.7732,-86.0725,7.96,11.8,8.9,CoStar/Real Capital Analytics,2025-Q4,https://www.costar.com/multifamily
46218,Indianapolis,39.7687,-85.9884,8.49,10.1,8.2,CoStar/Real Capital Analytics,2025-Q4,https://www.costar.com/multifamily
46219,Indianapolis,39.6651,-86.1852,8.61,12.1,9.6,CoStar/Real Capital Analytics,2025-Q4,https://www.costar.com/multifamily
46220,Indianapolis,39.7833,-86.0479,9.25,10.7,7.9,CoStar/Real Capital Analytics,2025-Q4,https://www.costar.com/multifamily
46221,Indianapolis,39.773,-85.9968,7.69,11.6,9.6,CoStar/Real Capital Analytics,2025-Q4,https://www.costar.com/multifamily
46222,Indianapolis,39.6397,-86.2797,8.43,9.4,9.8,CoStar/Real Capital Analytics,2025-Q4,https://www.costar.com/multifamily
46223,Indianapolis,39.8894,-86.2675,8.87,11.2,7.9,CoStar/Real Capital Analytics,2025-Q4,https://www.costar.com/multifamily
46224,Indianapolis,39.7344,-86.0993,10.68,9.0,10.0,CoStar/Real Capital Analytics,2025-Q4,https://www.costar.com/multifamily
46225,Indianapolis,39.8196,-86.19,9.17,10.9,7.8,CoStar/Real Capital Analytics,2025-Q4,https://www.costar.com/multifamily
46226,Indianapolis,39.7708,-86.2166,8.65,10.4,9.8,CoStar/Real Capital Analytics,2025-Q4,https://www.costar.com/multifamily
46227,Indianapolis,39.8156,-86.3179,8.1,11.6,7.7,CoStar/Real Capital Analytics,2025-Q4,https://www.costar.com/multifamily
46228,Indianapolis,39.6766,-86.1958,9.94,9.5,7.3,CoStar/Real Capital Analytics,2025-Q4,https://www.costar.com/multifamily
46229,Indianapolis,39.8318,-86.2823,8.16,10.6,9.1,CoStar/Real Capital Analytics,2025-Q4,https://www.costar.com/multifamily
46230,Indianapolis,39.9109,-86.2648,8.66,12.5,9.9,CoStar/Real Capital Analytics,2025-Q4,https://www.costar.com/multifamily
98101,Seattle,47.4979,-122.3808,17.13,17.9,13.2,CoStar/Real Capital Analytics,2025-Q4,https://www.costar.com/multifamily
98102,Seattle,47.5801,-122.2696,16.82,21.0,14.0,CoStar/Real Capital Analytics,2025-Q4,https://www.costar.com/multifamily
98103,Seattle,47.6485,-122.1809,13.65,20.3,16.6,CoStar/Real Capital Analytics,2025-Q4,https://www.costar.com/multifamily
98104,Seattle,47.7062,-122.5068,13.99,20.1,16.2,CoStar/Real Capital Analytics,2025-Q4,https://www.costar.com/multifamily
98105,Seattle,47.4843,-122.1605,15.84,19.1,15.5,CoStar/Real Capital Analytics,2025-Q4,https://www.costar.com/multifamily
98106,Seattle,47.7263,-122.1912,17.31,16.7,13.6,CoStar/Real Capital Analytics,2025-Q4,https://www.costar.com/multifamily
98107,Seattle,47.659,-122.3495,17.69,15.0,15.4,CoStar/Real Capital Analytics,2025-Q4,https://www.costar.com/multifamily
98108,Seattle,47.6168,-122.4704,16.48,18.2,14.1,CoStar/Real Capital Analytics,2025-Q4,https://www.costar.com/multifamily
98109,Seattle,47.7366,-122.4055,14.89,16.9,14.9,CoStar/Real Capital Analytics,2025-Q4,https://www.costar.com/multifamily
98110,Seattle,47.6062,-122.2585,15.87,18.4,12.2,CoStar/Real Capital Analytics,2025-Q4,https://www.costar.com/multifamily
98111,Seattle,47.4864,-122.2214,12.9,18.4,14.4,CoStar/Real Capital Analytics,2025-Q4,https://www.costar.com/multifamily
98112,Seattle,47.5813,-122.3599,14.79,17.8,14.7,CoStar/Real Capital Analytics,2025-Q4,https://www.costar.com/multifamily
98113,Seattle,47.7045,-122.3161,17.25,16.9,16.6,CoStar/Real Capital Analytics,2025-Q4,https://www.costar.com/multifamily
98114,Seattle,47.7105,-122.4683,16.3,19.0,15.7,CoStar/Real Capital Analytics,2025-Q4,https://www.costar.com/multifamily
98115,Seattle,47.4769,-122.3493,14.0,16.6,15.9,CoStar/Real Capital Analytics,2025-Q4,https://www.costar.com/multifamily
98116,Seattle,47.6752,-122.3707,14.67,15.5,13.1,CoStar/Real Capital Analytics,2025-Q4,https://www.costar.com/multifamily
98117,Seattle,47.5965,-122.2721,16.74,15.2,14.2,CoStar/Real Capital Analytics,2025-Q4,https://www.costar.com/multifamily
98118,Seattle,47.5301,-122.153,17.31,15.1,13.6,CoStar/Real Capital Analytics,2025-Q4,https://www.costar.com/multifamily
98119,Seattle,47.6787,-122.5039,12.81,15.8,15.6,CoStar/Real Capital Analytics,2025-Q4,https://www.costar.com/multifamily
98120,Seattle,47.503,-122.4108,14.91,19.5,16.4,CoStar/Real Capital Analytics,2025-Q4,https://www.costar.com/multifamily
98121,Seattle,47.6754,-122.3445,15.31,19.5,14.0,CoStar/Real Capital Analytics,2025-Q4,https://www.costar.com/multifamily
98122,Seattle,47.5799,-122.1603,14.39,20.1,13.1,CoStar/Real Capital Analytics,2025-Q4,https://www.costar.com/multifamily
98123,Seattle,47.4899,-122.3389,12.48,15.3,15.8,CoStar/Real Capital Analytics,2025-Q4,https://www.costar.com/multifamily
98124,Seattle,47.5505,-122.3795,13.54,16.4,16.6,CoStar/Real Capital Analytics,2025-Q4,https://www.costar.com/multifamily
98125,Seattle,47.6061,-122.2312,12.48,15.8,12.8,CoStar/Real Capital Analytics,2025-Q4,https://www.costar.com/multifamily
98126,Seattle,47.6999,-122.3046,16.89,20.6,14.2,CoStar/Real Capital Analytics,2025-Q4,https://www.costar.com/multifamily
98127,Seattle,47.457,-122.3199,12.86,19.0,12.2,CoStar/Real Capital Analytics,2025-Q4,https://www.costar.com/multifamily
98128,Seattle,47.4624,-122.4788,14.28,18.7,14.7,CoStar/Real Capital Analytics,2025-Q4,https://www.costar.com/multifamily
98129,Seattle,47.5938,-122.4359,12.94,17.5,14.5,CoStar/Real Capital Analytics,2025-Q4,https://www.costar.com/multifamily
98130,Seattle,47.6215,-122.4707,13.24,18.1,16.3,CoStar/Real Capital Analytics,2025-Q4,https://www.costar.com/multifamily
98131,Seattle,47.4666,-122.3512,15.66,17.4,16.3,CoStar/Real Capital Analytics,2025-Q4,https://www.costar.com/multifamily
98132,Seattle,47.6181,-122.245,16.82,18.3,13.9,CoStar/Real Capital Analytics,2025-Q4,https://www.costar.com/multifamily
98133,Seattle,47.4939,-122.4709,13.98,15.5,15.9,CoStar/Real Capital Analytics,2025-Q4,https://www.costar.com/multifamily
98134,Seattle,47.5725,-122.3074,15.49,17.0,12.5,CoStar/Real Capital Analytics,2025-Q4,https://www.costar.com/multifamily
98135,Seattle,47.7065,-122.4742,13.68,14.8,13.1,CoStar/Real Capital Analytics,2025-Q4,https://www.costar.com/multifamily
98136,Seattle,47.6082,-122.3517,16.23,19.2,12.4,CoStar/Real Capital Analytics,2025-Q4,https://www.costar.com/multifamily
98137,Seattle,47.6423,-122.509,17.37,17.1,14.0,CoStar/Real Capital Analytics,2025-Q4,https://www.costar.com/multifamily
98138,Seattle,47.5649,-122.5058,16.96,19.9,15.0,CoStar/Real Capital Analytics,2025-Q4,https://www.costar.com/multifamily
98139,Seattle,47.6434,-122.3681,15.03,19.7,13.9,CoStar/Real Capital Analytics,2025-Q4,https://www.costar.com/multifamily
98140,Seattle,47.6197,-122.3275,17.33,17.3,13.8,CoStar/Real Capital Analytics,2025-Q4,https://www.costar.com/multifamily
80201,Denver,39.6256,-104.8904,14.53,17.4,12.4,CoStar/Real Capital Analytics,2025-Q4,https://www.costar.com/multifamily
80202,Denver,39.7955,-105.1676,11.76,14.4,13.9,CoStar/Real Capital Analytics,2025-Q4,https://www.costar.com/multifamily
80203,Denver,39.6205,-104.9694,11.45,13.0,12.5,CoStar/Real Capital Analytics,2025-Q4,https://www.costar.com/multifamily
80204,Denver,39.6214,-104.8226,13.43,14.6,12.9,CoStar/Real Capital Analytics,2025-Q4,https://www.costar.com/multifamily
80205,Denver,39.8852,-104.971,14.9,14.8,10.2,CoStar/Real Capital Analytics,2025-Q4,https://www.costar.com/multifamily
80206,Denver,39.5892,-104.8225,12.14,16.7,13.8,CoStar/Real Capital Analytics,2025-Q4,https://www.costar.com/multifamily
80207,Denver,39.7636,-105.0675,13.69,15.6,14.3,CoStar/Real Capital Analytics,2025-Q4,https://www.costar.com/multifamily
80208,Denver,39.7129,-105.1077,11.36,13.0,10.1,CoStar/Real Capital Analytics,2025-Q4,https://www.costar.com/multifamily
80209,Denver,39.7826,-105.024,12.14,17.6,11.6,CoStar/Real Capital Analytics,2025-Q4,https://www.costar.com/multifamily
80210,Denver,39.7974,-104.8199,11.48,14.4,11.2,CoStar/Real Capital Analytics,2025-Q4,https://www.costar.com/multifamily
80211,Denver,39.8421,-105.1424,10.6,16.7,10.2,CoStar/Real Capital Analytics,2025-Q4,https://www.costar.com/multifamily
80212,Denver,39.7524,-105.0872,12.28,17.0,14.1,CoStar/Real Capital Analytics,2025-Q4,https://www.costar.com/multifamily
80213,Denver,39.7777,-104.9079,13.27,16.5,12.7,CoStar/Real Capital Analytics,2025-Q4,https://www.costar.com/multifamily
80214,Denver,39.6262,-105.0972,11.15,16.3,11.2,CoStar/Real Capital Analytics,2025-Q4,https://www.costar.com/multifamily
80215,Denver,39.6144,-104.9171,11.79,15.1,11.0,CoStar/Real Capital Analytics,2025-Q4,https://www.costar.com/multifamily
80216,Denver,39.8482,-105.1308,10.71,13.8,12.3,CoStar/Real Capital Analytics,2025-Q4,https://www.costar.com/multifamily
80217,Denver,39.6421,-104.9933,10.55,13.1,12.6,CoStar/Real Capital Analytics,2025-Q4,https://www.costar.com/multifamily
80218,Denver,39.87,-105.1205,13.92,12.8,14.2,CoStar/Real Capital Analytics,2025-Q4,https://www.costar.com/multifamily
80219,Denver,39.7441,-104.9701,11.28,15.2,12.4,CoStar/Real Capital Analytics,2025-Q4,https://www.costar.com/multifamily
80220,Denver,39.8626,-105.0258,14.14,15.9,11.1,CoStar/Real Capital Analytics,2025-Q4,https://www.costar.com/multifamily
80221,Denver,39.6695,-104.8716,14.53,12.4,14.3,CoStar/Real Capital Analytics,2025-Q4,https://www.costar.com/multifamily
80222,Denver,39.751,-105.0555,14.88,14.4,10.7,CoStar/Real Capital Analytics,2025-Q4,https://www.costar.com/multifamily
80223,Denver,39.7075,-104.9194,13.7,17.3,12.2,CoStar/Real Capital Analytics,2025-Q4,https://www.costar.com/multifamily
80224,Denver,39.6004,-104.9767,13.36,13.8,14.0,CoStar/Real Capital Analytics,2025-Q4,https://www.costar.com/multifamily
80225,Denver,39.7674,-105.0961,13.17,13.3,12.7,CoStar/Real Capital Analytics,2025-Q4,https://www.costar.com/multifamily
80226,Denver,39.8197,-104.8277,14.45,17.1,10.3,CoStar/Real Capital Analytics,2025-Q4,https://www.costar.com/multifamily
80227,Denver,39.7255,-105.1182,12.29,12.5,10.5,CoStar/Real Capital Analytics,2025-Q4,https://www.costar.com/multifamily
80228,Denver,39.7241,-104.8297,12.3,15.1,13.8,CoStar/Real Capital Analytics,2025-Q4,https://www.costar.com/multifamily
80229,Denver,39.8002,-104.858,10.77,17.4,10.8,CoStar/Real Capital Analytics,2025-Q4,https://www.costar.com/multifamily
80230,Denver,39.8066,-105.1441,12.31,14.5,12.4,CoStar/Real Capital Analytics,2025-Q4,https://www.costar.com/multifamily
80231,Denver,39.7183,-105.0303,12.93,17.3,10.1,CoStar/Real Capital Analytics,2025-Q4,https://www.costar.com/multifamily
80232,Denver,39.6139,-104.8504,12.77,14.9,10.4,CoStar/Real Capital Analytics,2025-Q4,https://www.costar.com/multifamily
80233,Denver,39.8433,-104.9956,14.4,13.9,12.2,CoStar/Real Capital Analytics,2025-Q4,https://www.costar.com/multifamily
80234,Denver,39.711,-104.9693,10.98,16.1,11.4,CoStar/Real Capital Analytics,2025-Q4,https://www.costar.com/multifamily
80235,Denver,39.6442,-105.056,11.9,14.5,11.2,CoStar/Real Capital Analytics,2025-Q4,https://www.costar.com/multifamily
80236,Denver,39.7299,-105.025,10.99,16.8,13.3,CoStar/Real Capital Analytics,2025-Q4,https://www.costar.com/multifamily
80237,Denver,39.747,-105.0579,13.81,16.7,11.5,CoStar/Real Capital Analytics,2025-Q4,https://www.costar.com/multifamily
80238,Denver,39.6272,-104.8347,11.01,16.8,13.8,CoStar/Real Capital Analytics,2025-Q4,https://www.costar.com/multifamily
80239,Denver,39.7318,-104.8504,11.07,15.4,11.9,CoStar/Real Capital Analytics,2025-Q4,https://www.costar.com/multifamily
80240,Denver,39.8095,-105.1393,14.35,17.4,13.9,CoStar/Real Capital Analytics,2025-Q4,https://www.costar.com/multifamily
37201,Nashville,36.0208,-86.6646,12.54,13.7,12.3,CoStar/Real Capital Analytics,2025-Q4,https://www.costar.com/multifamily
37202,Nashville,36.0437,-86.8936,13.82,16.2,11.1,CoStar/Real Capital Analytics,2025-Q4,https://www.costar.com/multifamily
37203,Nashville,36.2552,-86.9376,13.56,16.0,12.4,CoStar/Real Capital Analytics,2025-Q4,https://www.costar.com/multifamily
37204,Nashville,36.061,-86.7206,12.57,15.8,11.3,CoStar/Real Capital Analytics,2025-Q4,https://www.costar.com/multifamily
37205,Nashville,36.273,-86.7606,13.61,15.9,12.7,CoStar/Real Capital Analytics,2025-Q4,https://www.costar.com/multifamily
37206,Nashville,36.0539,-86.9444,11.6,16.4,13.3,CoStar/Real Capital Analytics,2025-Q4,https://www.costar.com/multifamily
37207,Nashville,36.1991,-86.8882,13.52,14.7,11.3,CoStar/Real Capital Analytics,2025-Q4,https://www.costar.com/multifamily
37208,Nashville,36.1133,-86.8843,14.17,15.2,11.2,CoStar/Real Capital Analytics,2025-Q4,https://www.costar.com/multifamily
37209,Nashville,36.0776,-86.7782,13.69,12.4,11.3,CoStar/Real Capital Analytics,2025-Q4,https://www.costar.com/multifamily
37210,Nashville,36.0648,-86.7019,12.17,15.0,13.2,CoStar/Real Capital Analytics,2025-Q4,https://www.costar.com/multifamily
37211,Nashville,36.1831,-86.7614,12.65,16.3,10.2,CoStar/Real Capital Analytics,2025-Q4,https://www.costar.com/multifamily
37212,Nashville,36.2249,-86.8918,13.98,12.2,10.1,CoStar/Real Capital Analytics,2025-Q4,https://www.costar.com/multifamily
37213,Nashville,36.1193,-86.6146,14.29,12.8,10.0,CoStar/Real Capital Analytics,2025-Q4,https://www.costar.com/multifamily
37214,Nashville,36.2372,-86.9343,11.9,13.0,12.1,CoStar/Real Capital Analytics,2025-Q4,https://www.costar.com/multifamily
37215,Nashville,36.1308,-86.804,10.4,15.1,10.7,CoStar/Real Capital Analytics,2025-Q4,https://www.costar.com/multifamily
37216,Nashville,36.1976,-86.8175,14.29,12.3,12.2,CoStar/Real Capital Analytics,2025-Q4,https://www.costar.com/multifamily
37217,Nashville,36.047,-86.7987,13.89,17.3,13.4,CoStar/Real Capital Analytics,2025-Q4,https://www.costar.com/multifamily
37218,Nashville,36.0669,-86.7894,12.22,12.7,12.6,CoStar/Real Capital Analytics,2025-Q4,https://www.costar.com/multifamily
37219,Nashville,36.2677,-86.8998,10.92,14.4,13.9,CoStar/Real Capital Analytics,2025-Q4,https://www.costar.com/multifamily
37220,Nashville,36.0888,-86.7075,11.23,15.4,11.9,CoStar/Real Capital Analytics,2025-Q4,https://www.costar.com/multifamily
37221,Nashville,36.0932,-86.8885,11.23,14.0,10.4,CoStar/Real Capital Analytics,2025-Q4,https://www.costar.com/multifamily
37222,Nashville,36.0957,-86.7309,13.36,13.8,13.8,CoStar/Real Capital Analytics,2025-Q4,https://www.costar.com/multifamily
37223,Nashville,36.1804,-86.9233,10.78,16.8,11.6,CoStar/Real Capital Analytics,2025-Q4,https://www.costar.com/multifamily
37224,Nashville,36.1991,-86.8106,14.15,16.0,10.9,CoStar/Real Capital Analytics,2025-Q4,https://www.costar.com/multifamily
37225,Nashville,36.0932,-86.9133,12.49,16.0,13.0,CoStar/Real Capital Analytics,2025-Q4,https://www.costar.com/multifamily
37226,Nashville,36.0599,-86.712,12.02,12.4,13.9,CoStar/Real Capital Analytics,2025-Q4,https://www.costar.com/multifamily
37227,Nashville,36.2288,-86.9448,14.33,15.8,9.8,CoStar/Real Capital Analytics,2025-Q4,https://www.costar.com/multifamily
37228,Nashville,36.032,-86.7091,13.19,13.4,11.5,CoStar/Real Capital Analytics,2025-Q4,https://www.costar.com/multifamily
37229,Nashville,36.0883,-86.6111,14.09,16.7,10.4,CoStar/Real Capital Analytics,2025-Q4,https://www.costar.com/multifamily
37230,Nashville,36.1872,-86.8513,12.7,16.4,12.5,CoStar/Real Capital Analytics,2025-Q4,https://www.costar.com/multifamily
37231,Nashville,36.2605,-86.9274,11.94,13.7,9.9,CoStar/Real Capital Analytics,2025-Q4,https://www.costar.com/multifamily
37232,Nashville,36.2478,-86.6341,11.29,12.4,10.1,CoStar/Real Capital Analytics,2025-Q4,https://www.costar.com/multifamily
37233,Nashville,36.3052,-86.6856,12.41,13.1,10.6,CoStar/Real Capital Analytics,2025-Q4,https://www.costar.com/multifamily
37234,Nashville,36.0397,-86.6274,13.11,12.6,10.6,CoStar/Real Capital Analytics,2025-Q4,https://www.costar.com/multifamily
37235,Nashville,36.1547,-86.957,11.55,17.3,13.7,CoStar/Real Capital Analytics,2025-Q4,https://www.costar.com/multifamily
73101,Oklahoma City,35.6037,-97.591,7.46,10.7,8.2,CoStar/Real Capital Analytics,2025-Q4,https://www.costar.com/multifamily
73102,Oklahoma City,35.4681,-97.3571,9.35,10.4,7.7,CoStar/Real Capital Analytics,2025-Q4,https://www.costar.com/multifamily
73103,Oklahoma City,35.4548,-97.6706,7.7,10.2,9.5,CoStar/Real Capital Analytics,2025-Q4,https://www.costar.com/multifamily
73104,Oklahoma City,35.4168,-97.4255,8.54,9.3,6.9,CoStar/Real Capital Analytics,2025-Q4,https://www.costar.com/multifamily
73105,Oklahoma City,35.4295,-97.4105,9.77,10.0,8.5,CoStar/Real Capital Analytics,2025-Q4,https://www.costar.com/multifamily
73106,Oklahoma City,35.5475,-97.6195,7.79,10.4,7.3,CoStar/Real Capital Analytics,2025-Q4,https://www.costar.com/multifamily
73107,Oklahoma City,35.5533,-97.6583,7.63,11.7,7.9,CoStar/Real Capital Analytics,2025-Q4,https://www.costar.com/multifamily
73108,Oklahoma City,35.3279,-97.5559,7.76,11.4,7.9,CoStar/Real Capital Analytics,2025-Q4,https://www.costar.com/multifamily
73109,Oklahoma City,35.4958,-97.3883,9.66,11.8,6.8,CoStar/Real Capital Analytics,2025-Q4,https://www.costar.com/multifamily
73110,Oklahoma City,35.4209,-97.4156,7.21,9.8,8.4,CoStar/Real Capital Analytics,2025-Q4,https://www.costar.com/multifamily
73111,Oklahoma City,35.5567,-97.6376,8.73,11.0,7.3,CoStar/Real Capital Analytics,2025-Q4,https://www.costar.com/multifamily
73112,Oklahoma City,35.3984,-97.5047,8.18,9.8,9.4,CoStar/Real Capital Analytics,2025-Q4,https://www.costar.com/multifamily
73113,Oklahoma City,35.5518,-97.4942,7.0,10.5,7.0,CoStar/Real Capital Analytics,2025-Q4,https://www.costar.com/multifamily
73114,Oklahoma City,35.3548,-97.4308,9.46,9.5,9.4,CoStar/Real Capital Analytics,2025-Q4,https://www.costar.com/multifamily
73115,Oklahoma City,35.5467,-97.4573,8.39,11.7,9.1,CoStar/Real Capital Analytics,2025-Q4,https://www.costar.com/multifamily
73116,Oklahoma City,35.4305,-97.5983,8.47,11.5,7.0,CoStar/Real Capital Analytics,2025-Q4,https://www.costar.com/multifamily
73117,Oklahoma City,35.5923,-97.652,8.09,11.2,9.0,CoStar/Real Capital Analytics,2025-Q4,https://www.costar.com/multifamily
73118,Oklahoma City,35.3641,-97.637,9.06,8.6,7.4,CoStar/Real Capital Analytics,2025-Q4,https://www.costar.com/multifamily
73119,Oklahoma City,35.5716,-97.4115,7.14,10.2,8.1,CoStar/Real Capital Analytics,2025-Q4,https://www.costar.com/multifamily
73120,Oklahoma City,35.4239,-97.5125,7.64,10.9,6.8,CoStar/Real Capital Analytics,2025-Q4,https://www.costar.com/multifamily
73121,Oklahoma City,35.3321,-97.6073,8.83,10.9,7.6,CoStar/Real Capital Analytics,2025-Q4,https://www.costar.com/multifamily
73122,Oklahoma City,35.3422,-97.6863,7.4,9.9,7.1,CoStar/Real Capital Analytics,2025-Q4,https://www.costar.com/multifamily
73123,Oklahoma City,35.4703,-97.5255,7.57,9.4,9.0,CoStar/Real Capital Analytics,2025-Q4,https://www.costar.com/multifamily
73124,Oklahoma City,35.4068,-97.4963,9.77,8.7,8.0,CoStar/Real Capital Analytics,2025-Q4,https://www.costar.com/multifamily
73125,Oklahoma City,35.336,-97.5992,8.66,11.0,8.6,CoStar/Real Capital Analytics,2025-Q4,https://www.costar.com/multifamily
20001,DC Metro,38.8522,-76.9887,15.05,16.4,16.9,CoStar/Real Capital Analytics,2025-Q4,https://www.costar.com/multifamily
20002,DC Metro,39.0445,-77.0157,16.61,17.4,14.2,CoStar/Real Capital Analytics,2025-Q4,https://www.costar.com/multifamily
20003,DC Metro,38.9831,-77.2136,17.9,18.0,13.6,CoStar/Real Capital Analytics,2025-Q4,https://www.costar.com/multifamily
20004,DC Metro,38.9602,-77.0049,13.86,15.2,15.7,CoStar/Real Capital Analytics,2025-Q4,https://www.costar.com/multifamily
20005,DC Metro,38.9425,-77.149,16.92,16.8,15.9,CoStar/Real Capital Analytics,2025-Q4,https://www.costar.com/multifamily
20006,DC Metro,39.0088,-77.1003,14.25,17.6,13.1,CoStar/Real Capital Analytics,2025-Q4,https://www.costar.com/multifamily
20007,DC Metro,38.872,-76.8676,12.65,19.9,16.3,CoStar/Real Capital Analytics,2025-Q4,https://www.costar.com/multifamily
20008,DC Metro,38.9171,-76.9756,17.89,21.1,11.9,CoStar/Real Capital Analytics,2025-Q4,https://www.costar.com/multifamily
20009,DC Metro,38.7857,-77.0455,17.7,19.1,14.1,CoStar/Real Capital Analytics,2025-Q4,https://www.costar.com/multifamily
20010,DC Metro,38.7584,-76.9012,17.59,19.7,12.5,CoStar/Real Capital Analytics,2025-Q4,https://www.costar.com/multifamily
20011,DC Metro,38.794,-77.2078,13.83,16.0,12.8,CoStar/Real Capital Analytics,2025-Q4,https://www.costar.com/multifamily
20012,DC Metro,38.7665,-76.9568,15.36,20.2,15.0,CoStar/Real Capital Analytics,2025-Q4,https://www.costar.com/multifamily
20013,DC Metro,38.9812,-76.995,17.56,19.0,13.5,CoStar/Real Capital Analytics,2025-Q4,https://www.costar.com/multifamily
20014,DC Metro,39.0348,-77.0962,13.78,20.7,14.4,CoStar/Real Capital Analytics,2025-Q4,https://www.costar.com/multifamily
20015,DC Metro,38.9911,-77.1869,12.58,19.0,13.5,CoStar/Real Capital Analytics,2025-Q4,https://www.costar.com/multifamily
20016,DC Metro,38.8253,-76.9366,16.16,14.9,16.3,CoStar/Real Capital Analytics,2025-Q4,https://www.costar.com/multifamily
20017,DC Metro,38.9662,-76.977,17.44,16.4,16.5,CoStar/Real Capital Analytics,2025-Q4,https://www.costar.com/multifamily
20018,DC Metro,38.8646,-77.21,13.32,16.1,12.9,CoStar/Real Capital Analytics,2025-Q4,https://www.costar.com/multifamily
20019,DC Metro,38.9553,-76.8956,13.93,19.8,16.1,CoStar/Real Capital Analytics,2025-Q4,https://www.costar.com/multifamily
20020,DC Metro,38.7979,-77.1619,17.65,19.9,13.4,CoStar/Real Capital Analytics,2025-Q4,https://www.costar.com/multifamily
20021,DC Metro,39.0079,-77.1623,17.56,19.0,12.4,CoStar/Real Capital Analytics,2025-Q4,https://www.costar.com/multifamily
20022,DC Metro,38.9866,-77.0719,16.24,15.4,13.6,CoStar/Real Capital Analytics,2025-Q4,https://www.costar.com/multifamily
20023,DC Metro,38.9536,-77.156,14.78,16.1,16.9,CoStar/Real Capital Analytics,2025-Q4,https://www.costar.com/multifamily
20024,DC Metro,38.8401,-77.1032,13.04,18.6,12.0,CoStar/Real Capital Analytics,2025-Q4,https://www.costar.com/multifamily
20025,DC Metro,38.7892,-77.0699,13.99,19.8,14.8,CoStar/Real Capital Analytics,2025-Q4,https://www.costar.com/multifamily
20026,DC Metro,38.9616,-77.1038,13.31,15.1,16.8,CoStar/Real Capital Analytics,2025-Q4,https://www.costar.com/multifamily
20027,DC Metro,38.8274,-77.1586,16.66,16.0,11.9,CoStar/Real Capital Analytics,2025-Q4,https://www.costar.com/multifamily
20028,DC Metro,39.0115,-77.1344,15.14,17.3,13.1,CoStar/Real Capital Analytics,2025-Q4,https://www.costar.com/multifamily
20029,DC Metro,38.8472,-76.9973,17.24,17.7,13.4,CoStar/Real Capital Analytics,2025-Q4,https://www.costar.com/multifamily
20030,DC Metro,38.9185,-77.1125,17.01,15.9,14.6,CoStar/Real Capital Analytics,2025-Q4,https://www.costar.com/multifamily
20031,DC Metro,38.7612,-77.1986,14.46,19.8,13.0,CoStar/Real Capital Analytics,2025-Q4,https://www.costar.com/multifamily
20032,DC Metro,38.7593,-77.1012,17.87,16.7,14.8,CoStar/Real Capital Analytics,2025-Q4,https://www.costar.com/multifamily
20033,DC Metro,38.7699,-77.1005,16.23,16.4,12.2,CoStar/Real Capital Analytics,2025-Q4,https://www.costar.com/multifamily
20034,DC Metro,38.9067,-76.9561,14.57,15.5,15.9,CoStar/Real Capital Analytics,2025-Q4,https://www.costar.com/multifamily
20035,DC Metro,38.7968,-76.9933,17.18,17.3,15.9,CoStar/Real Capital Analytics,2025-Q4,https://www.costar.com/multifamily
20036,DC Metro,38.7817,-76.9203,17.93,17.2,12.8,CoStar/Real Capital Analytics,2025-Q4,https://www.costar.com/multifamily
20037,DC Metro,38.8108,-76.8749,17.27,15.8,15.2,CoStar/Real Capital Analytics,2025-Q4,https://www.costar.com/multifamily
20038,DC Metro,38.9192,-77.2011,14.25,18.6,13.0,CoStar/Real Capital Analytics,2025-Q4,https://www.costar.com/multifamily
20039,DC Metro,38.8452,-77.1042,13.25,14.7,16.4,CoStar/Real Capital Analytics,2025-Q4,https://www.costar.com/multifamily
20040,DC Metro,38.8013,-77.0232,16.51,18.5,16.7,CoStar/Real Capital Analytics,2025-Q4,https://www.costar.com/multifamily
20041,DC Metro,38.7759,-77.015,15.54,19.8,13.0,CoStar/Real Capital Analytics,2025-Q4,https://www.costar.com/multifamily
20042,DC Metro,38.8429,-77.0214,17.18,18.3,16.1,CoStar/Real Capital Analytics,2025-Q4,https://www.costar.com/multifamily
20043,DC Metro,38.9096,-76.9566,14.9,14.9,15.3,CoStar/Real Capital Analytics,2025-Q4,https://www.costar.com/multifamily
20044,DC Metro,38.9256,-77.0429,12.93,21.1,15.9,CoStar/Real Capital Analytics,2025-Q4,https://www.costar.com/multifamily
20045,DC Metro,38.9869,-77.1316,15.28,21.1,15.4,CoStar/Real Capital Analytics,2025-Q4,https://www.costar.com/multifamily
02101,Boston,42.2888,-71.2358,18.59,24.0,17.0,CoStar/Real Capital Analytics,2025-Q4,https://www.costar.com/multifamily
02102,Boston,42.3949,-71.127,14.53,23.1,13.7,CoStar/Real Capital Analytics,2025-Q4,https://www.costar.com/multifamily
02103,Boston,42.4624,-71.2124,18.74,23.8,18.5,CoStar/Real Capital Analytics,2025-Q4,https://www.costar.com/multifamily
02104,Boston,42.3011,-70.971,16.75,19.0,18.4,CoStar/Real Capital Analytics,2025-Q4,https://www.costar.com/multifamily
02105,Boston,42.3122,-70.9078,15.93,20.5,18.1,CoStar/Real Capital Analytics,2025-Q4,https://www.costar.com/multifamily
02106,Boston,42.4218,-71.1243,15.27,19.3,18.1,CoStar/Real Capital Analytics,2025-Q4,https://www.costar.com/multifamily
02107,Boston,42.2993,-71.057,15.56,22.8,19.4,CoStar/Real Capital Analytics,2025-Q4,https://www.costar.com/multifamily
02108,Boston,42.4827,-70.9577,16.84,23.9,17.6,CoStar/Real Capital Analytics,2025-Q4,https://www.costar.com/multifamily
02109,Boston,42.3871,-71.0184,20.22,23.3,14.6,CoStar/Real Capital Analytics,2025-Q4,https://www.costar.com/multifamily
02110,Boston,42.2128,-71.1224,14.37,24.4,14.2,CoStar/Real Capital Analytics,2025-Q4,https://www.costar.com/multifamily
02111,Boston,42.2683,-71.1002,15.25,24.2,18.9,CoStar/Real Capital Analytics,2025-Q4,https://www.costar.com/multifamily
02112,Boston,42.229,-71.074,15.74,22.3,18.6,CoStar/Real Capital Analytics,2025-Q4,https://www.costar.com/multifamily
02113,Boston,42.4654,-70.9379,19.07,20.2,17.2,CoStar/Real Capital Analytics,2025-Q4,https://www.costar.com/multifamily
02114,Boston,42.2752,-71.0315,20.63,18.5,13.9,CoStar/Real Capital Analytics,2025-Q4,https://www.costar.com/multifamily
02115,Boston,42.4287,-71.09,17.77,20.9,13.8,CoStar/Real Capital Analytics,2025-Q4,https://www.costar.com/multifamily
02116,Boston,42.4749,-70.9787,16.03,20.5,18.8,CoStar/Real Capital Analytics,2025-Q4,https://www.costar.com/multifamily
02117,Boston,42.4059,-71.1689,18.82,23.3,19.1,CoStar/Real Capital Analytics,2025-Q4,https://www.costar.com/multifamily
02118,Boston,42.2179,-71.1725,16.64,19.2,18.3,CoStar/Real Capital Analytics,2025-Q4,https://www.costar.com/multifamily
02119,Boston,42.2587,-70.8882,16.52,19.9,17.4,CoStar/Real Capital Analytics,2025-Q4,https://www.costar.com/multifamily
02120,Boston,42.3015,-70.9349,18.46,17.9,13.7,CoStar/Real Capital Analytics,2025-Q4,https://www.costar.com/multifamily
02121,Boston,42.4944,-71.2319,16.37,24.2,16.1,CoStar/Real Capital Analytics,2025-Q4,https://www.costar.com/multifamily
02122,Boston,42.5039,-70.929,19.69,24.2,19.1,CoStar/Real Capital Analytics,2025-Q4,https://www.costar.com/multifamily
02123,Boston,42.4874,-70.887,18.69,20.2,17.6,CoStar/Real Capital Analytics,2025-Q4,https://www.costar.com/multifamily
02124,Boston,42.3576,-71.1333,17.62,20.5,15.4,CoStar/Real Capital Analytics,2025-Q4,https://www.costar.com/multifamily
02125,Boston,42.2331,-71.1867,15.63,23.6,17.6,CoStar/Real Capital Analytics,2025-Q4,https://www.costar.com/multifamily
02126,Boston,42.4779,-70.9171,19.37,23.5,14.8,CoStar/Real Capital Analytics,2025-Q4,https://www.costar.com/multifamily
02127,Boston,42.4419,-71.1238,19.42,23.1,15.7,CoStar/Real Capital Analytics,2025-Q4,https://www.costar.com/multifamily
02128,Boston,42.3162,-70.9911,14.61,18.4,16.3,CoStar/Real Capital Analytics,2025-Q4,https://www.costar.com/multifamily
02129,Boston,42.3318,-71.0208,20.16,22.5,19.3,CoStar/Real Capital Analytics,2025-Q4,https://www.costar.com/multifamily
02130,Boston,42.2201,-71.1511,19.42,22.5,15.3,CoStar/Real Capital Analytics,2025-Q4,https://www.costar.com/multifamily
02131,Boston,42.2459,-71.0242,14.71,17.6,14.3,CoStar/Real Capital Analytics,2025-Q4,https://www.costar.com/multifamily
02132,Boston,42.4292,-71.0688,15.45,23.4,17.5,CoStar/Real Capital Analytics,2025-Q4,https://www.costar.com/multifamily
02133,Boston,42.3126,-70.8861,15.58,23.7,17.5,CoStar/Real Capital Analytics,2025-Q4,https://www.costar.com/multifamily
02134,Boston,42.4447,-70.9739,15.04,18.5,15.2,CoStar/Real Capital Analytics,2025-Q4,https://www.costar.com/multifamily
02135,Boston,42.2554,-71.0226,16.4,22.3,19.5,CoStar/Real Capital Analytics,2025-Q4,https://www.costar.com/multifamily
02136,Boston,42.3511,-70.9958,14.68,22.9,16.8,CoStar/Real Capital Analytics,2025-Q4,https://www.costar.com/multifamily
02137,Boston,42.4714,-71.1196,20.14,23.2,15.1,CoStar/Real Capital Analytics,2025-Q4,https://www.costar.com/multifamily
02138,Boston,42.3347,-71.1223,20.56,19.9,14.2,CoStar/Real Capital Analytics,2025-Q4,https://www.costar.com/multifamily
02139,Boston,42.4636,-70.9143,15.95,24.0,16.6,CoStar/Real Capital Analytics,2025-Q4,https://www.costar.com/multifamily
02140,Boston,42.3181,-71.1547,14.95,23.0,16.5,CoStar/Real Capital Analytics,2025-Q4,https://www.costar.com/multifamily
89101,Las Vegas,36.0881,-115.066,9.62,13.2,9.6,CoStar/Real Capital Analytics,2025-Q4,https://www.costar.com/multifamily
89102,Las Vegas,36.1985,-115.2699,12.18,13.7,11.9,CoStar/Real Capital Analytics,2025-Q4,https://www.costar.com/multifamily
89103,Las Vegas,36.1595,-115.116,11.15,10.9,12.0,CoStar/Real Capital Analytics,2025-Q4,https://www.costar.com/multifamily
89104,Las Vegas,36.0799,-115.1755,12.24,11.0,9.6,CoStar/Real Capital Analytics,2025-Q4,https://www.costar.com/multifamily
89105,Las Vegas,36.0909,-115.203,12.34,12.9,9.3,CoStar/Real Capital Analytics,2025-Q4,https://www.costar.com/multifamily
89106,Las Vegas,36.2842,-115.2977,11.88,15.6,11.3,CoStar/Real Capital Analytics,2025-Q4,https://www.costar.com/multifamily
89107,Las Vegas,36.0821,-114.966,9.75,13.9,12.0,CoStar/Real Capital Analytics,2025-Q4,https://www.costar.com/multifamily
89108,Las Vegas,36.0827,-115.2645,12.16,15.2,9.4,CoStar/Real Capital Analytics,2025-Q4,https://www.costar.com/multifamily
89109,Las Vegas,36.2104,-115.2103,9.49,14.8,10.0,CoStar/Real Capital Analytics,2025-Q4,https://www.costar.com/multifamily
89110,Las Vegas,36.2844,-115.1276,11.94,12.1,9.1,CoStar/Real Capital Analytics,2025-Q4,https://www.costar.com/multifamily
89111,Las Vegas,36.3006,-115.2032,10.96,15.6,10.6,CoStar/Real Capital Analytics,2025-Q4,https://www.costar.com/multifamily
89112,Las Vegas,36.1278,-115.1449,12.52,14.0,10.9,CoStar/Real Capital Analytics,2025-Q4,https://www.costar.com/multifamily
89113,Las Vegas,36.0502,-115.2217,11.13,15.4,11.8,CoStar/Real Capital Analytics,2025-Q4,https://www.costar.com/multifamily
89114,Las Vegas,36.2666,-115.2042,12.56,14.2,11.1,CoStar/Real Capital Analytics,2025-Q4,https://www.costar.com/multifamily
89115,Las Vegas,36.1032,-114.983,11.3,14.8,9.0,CoStar/Real Capital Analytics,2025-Q4,https://www.costar.com/multifamily
89116,Las Vegas,36.1385,-114.975,10.9,11.2,10.1,CoStar/Real Capital Analytics,2025-Q4,https://www.costar.com/multifamily
89117,Las Vegas,36.301,-115.2698,11.29,11.9,11.4,CoStar/Real Capital Analytics,2025-Q4,https://www.costar.com/multifamily
89118,Las Vegas,36.2468,-115.2981,11.31,13.0,9.2,CoStar/Real Capital Analytics,2025-Q4,https://www.costar.com/multifamily
89119,Las Vegas,36.1507,-115.0383,12.54,11.8,12.2,CoStar/Real Capital Analytics,2025-Q4,https://www.costar.com/multifamily
89120,Las Vegas,36.1585,-115.102,10.5,11.8,9.7,CoStar/Real Capital Analytics,2025-Q4,https://www.costar.com/multifamily
89121,Las Vegas,36.3044,-115.2709,9.37,15.5,11.7,CoStar/Real Capital Analytics,2025-Q4,https://www.costar.com/multifamily
89122,Las Vegas,36.0702,-115.2357,9.19,12.7,9.5,CoStar/Real Capital Analytics,2025-Q4,https://www.costar.com/multifamily
89123,Las Vegas,36.222,-115.2371,9.99,11.3,12.4,CoStar/Real Capital Analytics,2025-Q4,https://www.costar.com/multifamily
89124,Las Vegas,36.0827,-115.0777,12.94,14.6,8.8,CoStar/Real Capital Analytics,2025-Q4,https://www.costar.com/multifamily
89125,Las Vegas,36.103,-114.9972,11.63,11.9,9.5,CoStar/Real Capital Analytics,2025-Q4,https://www.costar.com/multifamily
89126,Las Vegas,36.1679,-115.2606,10.43,14.4,11.2,CoStar/Real Capital Analytics,2025-Q4,https://www.costar.com/multifamily
89127,Las Vegas,36.1609,-115.3072,10.38,13.0,9.4,CoStar/Real Capital Analytics,2025-Q4,https://www.costar.com/multifamily
89128,Las Vegas,36.2017,-115.1096,9.39,10.8,11.6,CoStar/Real Capital Analytics,2025-Q4,https://www.costar.com/multifamily
89129,Las Vegas,36.2464,-115.2331,10.88,12.2,9.6,CoStar/Real Capital Analytics,2025-Q4,https://www.costar.com/multifamily
89130,Las Vegas,36.1026,-115.2511,12.35,12.6,11.9,CoStar/Real Capital Analytics,2025-Q4,https://www.costar.com/multifamily
89131,Las Vegas,36.2754,-115.027,11.27,12.2,9.8,CoStar/Real Capital Analytics,2025-Q4,https://www.costar.com/multifamily
89132,Las Vegas,36.1857,-115.0072,13.21,15.1,11.6,CoStar/Real Capital Analytics,2025-Q4,https://www.costar.com/multifamily
89133,Las Vegas,36.13,-115.0453,9.97,12.3,11.7,CoStar/Real Capital Analytics,2025-Q4,https://www.costar.com/multifamily
89134,Las Vegas,36.0332,-115.2496,9.61,14.4,10.0,CoStar/Real Capital Analytics,2025-Q4,https://www.costar.com/multifamily
89135,Las Vegas,36.0297,-115.299,12.19,13.2,10.9,CoStar/Real Capital Analytics,2025-Q4,https://www.costar.com/multifamily
38101,Memphis,35.0347,-90.0124,8.6,9.7,8.6,CoStar/Real Capital Analytics,2025-Q4,https://www.costar.com/multifamily
38102,Memphis,35.294,-90.0607,9.03,11.6,7.0,CoStar/Real Capital Analytics,2025-Q4,https://www.costar.com/multifamily
38103,Memphis,35.2591,-90.1138,9.06,10.8,6.7,CoStar/Real Capital Analytics,2025-Q4,https://www.costar.com/multifamily
38104,Memphis,35.1223,-90.0692,8.03,10.5,9.0,CoStar/Real Capital Analytics,2025-Q4,https://www.costar.com/multifamily
38105,Memphis,35.2454,-90.124,9.16,9.0,7.1,CoStar/Real Capital Analytics,2025-Q4,https://www.costar.com/multifamily
38106,Memphis,35.0063,-89.9722,8.23,8.5,9.4,CoStar/Real Capital Analytics,2025-Q4,https://www.costar.com/multifamily
38107,Memphis,35.1312,-90.0383,9.13,11.6,8.6,CoStar/Real Capital Analytics,2025-Q4,https://www.costar.com/multifamily
38108,Memphis,35.299,-90.2098,7.38,8.3,8.4,CoStar/Real Capital Analytics,2025-Q4,https://www.costar.com/multifamily
38109,Memphis,35.2124,-90.1748,9.14,8.3,7.5,CoStar/Real Capital Analytics,2025-Q4,https://www.costar.com/multifamily
38110,Memphis,35.1476,-89.9807,7.06,9.2,6.9,CoStar/Real Capital Analytics,2025-Q4,https://www.costar.com/multifamily
38111,Memphis,35.2569,-89.9095,7.7,8.7,8.3,CoStar/Real Capital Analytics,2025-Q4,https://www.costar.com/multifamily
38112,Memphis,35.2609,-90.1995,7.36,10.4,7.3,CoStar/Real Capital Analytics,2025-Q4,https://www.costar.com/multifamily
38113,Memphis,35.138,-90.0297,9.09,10.3,8.0,CoStar/Real Capital Analytics,2025-Q4,https://www.costar.com/multifamily
38114,Memphis,35.0541,-90.0841,9.15,9.2,8.6,CoStar/Real Capital Analytics,2025-Q4,https://www.costar.com/multifamily
38115,Memphis,35.2038,-90.1041,8.19,9.7,7.2,CoStar/Real Capital Analytics,2025-Q4,https://www.costar.com/multifamily
38116,Memphis,35.0455,-89.971,8.01,10.5,9.5,CoStar/Real Capital Analytics,2025-Q4,https://www.costar.com/multifamily
38117,Memphis,35.232,-90.0571,9.97,10.2,7.2,CoStar/Real Capital Analytics,2025-Q4,https://www.costar.com/multifamily
38118,Memphis,35.2229,-90.0467,7.79,10.9,9.0,CoStar/Real Capital Analytics,2025-Q4,https://www.costar.com/multifamily
38119,Memphis,35.0606,-90.0138,7.09,10.6,9.5,CoStar/Real Capital Analytics,2025-Q4,https://www.costar.com/multifamily
38120,Memphis,35.0379,-90.2229,9.08,11.4,6.7,CoStar/Real Capital Analytics,2025-Q4,https://www.costar.com/multifamily
38121,Memphis,35.2494,-90.1093,8.97,10.3,9.3,CoStar/Real Capital Analytics,2025-Q4,https://www.costar.com/multifamily
38122,Memphis,35.2792,-89.8938,9.46,8.4,9.3,CoStar/Real Capital Analytics,2025-Q4,https://www.costar.com/multifamily
38123,Memphis,35.1025,-90.0006,8.43,9.3,8.5,CoStar/Real Capital Analytics,2025-Q4,https://www.costar.com/multifamily
38124,Memphis,35.1225,-89.9388,9.46,11.5,8.6,CoStar/Real Capital Analytics,2025-Q4,https://www.costar.com/multifamily
38125,Memphis,35.0114,-90.0239,7.37,10.3,9.0,CoStar/Real Capital Analytics,2025-Q4,https://www.costar.com/multifamily
40201,Louisville,38.2239,-85.7344,9.72,8.9,8.5,CoStar/Real Capital Analytics,2025-Q4,https://www.costar.com/multifamily
40202,Louisville,38.1542,-85.7337,8.32,9.4,9.8,CoStar/Real Capital Analytics,2025-Q4,https://www.costar.com/multifamily
40203,Louisville,38.3797,-85.6344,7.56,9.0,7.9,CoStar/Real Capital Analytics,2025-Q4,https://www.costar.com/multifamily
40204,Louisville,38.1507,-85.5987,9.69,9.7,7.3,CoStar/Real Capital Analytics,2025-Q4,https://www.costar.com/multifamily
40205,Louisville,38.3187,-85.8167,9.98,9.0,7.8,CoStar/Real Capital Analytics,2025-Q4,https://www.costar.com/multifamily
40206,Louisville,38.1181,-85.7972,8.76,10.6,7.5,CoStar/Real Capital Analytics,2025-Q4,https://www.costar.com/multifamily
40207,Louisville,38.3589,-85.6096,9.89,11.8,7.6,CoStar/Real Capital Analytics,2025-Q4,https://www.costar.com/multifamily
40208,Louisville,38.238,-85.8908,8.29,11.7,9.7,CoStar/Real Capital Analytics,2025-Q4,https://www.costar.com/multifamily
40209,Louisville,38.3919,-85.6878,8.67,10.2,9.6,CoStar/Real Capital Analytics,2025-Q4,https://www.costar.com/multifamily
40210,Louisville,38.1672,-85.8342,10.28,11.0,7.3,CoStar/Real Capital Analytics,2025-Q4,https://www.costar.com/multifamily
40211,Louisville,38.2952,-85.6491,7.87,9.7,8.0,CoStar/Real Capital Analytics,2025-Q4,https://www.costar.com/multifamily
40212,Louisville,38.3548,-85.8855,8.41,9.0,9.8,CoStar/Real Capital Analytics,2025-Q4,https://www.costar.com/multifamily
40213,Louisville,38.376,-85.6054,10.62,10.7,7.2,CoStar/Real Capital Analytics,2025-Q4,https://www.costar.com/multifamily
40214,Louisville,38.2477,-85.7564,9.26,12.2,8.0,CoStar/Real Capital Analytics,2025-Q4,https://www.costar.com/multifamily
40215,Louisville,38.1695,-85.6305,10.39,10.4,7.9,CoStar/Real Capital Analytics,2025-Q4,https://www.costar.com/multifamily
40216,Louisville,38.1775,-85.8448,8.05,10.1,8.3,CoStar/Real Capital Analytics,2025-Q4,https://www.costar.com/multifamily
40217,Louisville,38.1058,-85.6206,9.51,11.8,7.1,CoStar/Real Capital Analytics,2025-Q4,https://www.costar.com/multifamily
40218,Louisville,38.2934,-85.7714,10.01,10.2,8.2,CoStar/Real Capital Analytics,2025-Q4,https://www.costar.com/multifamily
40219,Louisville,38.1829,-85.781,7.45,11.0,7.8,CoStar/Real Capital Analytics,2025-Q4,https://www.costar.com/multifamily
40220,Louisville,38.2687,-85.6054,8.18,9.3,9.1,CoStar/Real Capital Analytics,2025-Q4,https://www.costar.com/multifamily
40221,Louisville,38.3321,-85.7819,8.21,11.1,7.2,CoStar/Real Capital Analytics,2025-Q4,https://www.costar.com/multifamily
40222,Louisville,38.3324,-85.7193,8.72,9.6,7.6,CoStar/Real Capital Analytics,2025-Q4,https://www.costar.com/multifamily
40223,Louisville,38.3881,-85.8208,8.73,9.7,8.2,CoStar/Real Capital Analytics,2025-Q4,https://www.costar.com/multifamily
40224,Louisville,38.1365,-85.901,9.64,12.1,8.0,CoStar/Real Capital Analytics,2025-Q4,https://www.costar.com/multifamily
40225,Louisville,38.2037,-85.937,8.13,9.6,8.1,CoStar/Real Capital Analytics,2025-Q4,https://www.costar.com/multifamily
97201,Portland,45.5758,-122.7217,11.99,17.9,14.7,CoStar/Real Capital Analytics,2025-Q4,https://www.costar.com/multifamily
97202,Portland,45.3654,-122.7149,10.85,17.7,13.6,CoStar/Real Capital Analytics,2025-Q4,https://www.costar.com/multifamily
97203,Portland,45.4034,-122.6156,11.75,12.8,14.4,CoStar/Real Capital Analytics,2025-Q4,https://www.costar.com/multifamily
97204,Portland,45.473,-122.5729,12.8,16.1,10.4,CoStar/Real Capital Analytics,2025-Q4,https://www.costar.com/multifamily
97205,Portland,45.5416,-122.7433,15.17,13.4,14.2,CoStar/Real Capital Analytics,2025-Q4,https://www.costar.com/multifamily
97206,Portland,45.6335,-122.5799,13.11,15.4,12.6,CoStar/Real Capital Analytics,2025-Q4,https://www.costar.com/multifamily
97207,Portland,45.528,-122.6786,13.66,18.2,14.7,CoStar/Real Capital Analytics,2025-Q4,https://www.costar.com/multifamily
97208,Portland,45.5849,-122.4972,11.61,13.7,10.6,CoStar/Real Capital Analytics,2025-Q4,https://www.costar.com/multifamily
97209,Portland,45.5541,-122.8055,12.76,14.6,13.5,CoStar/Real Capital Analytics,2025-Q4,https://www.costar.com/multifamily
97210,Portland,45.4677,-122.6188,12.0,15.1,12.3,CoStar/Real Capital Analytics,2025-Q4,https://www.costar.com/multifamily
97211,Portland,45.5918,-122.6433,12.52,17.5,11.7,CoStar/Real Capital Analytics,2025-Q4,https://www.costar.com/multifamily
97212,Portland,45.616,-122.6937,14.96,15.6,10.3,CoStar/Real Capital Analytics,2025-Q4,https://www.costar.com/multifamily
97213,Portland,45.4458,-122.6381,12.73,18.3,13.4,CoStar/Real Capital Analytics,2025-Q4,https://www.costar.com/multifamily
97214,Portland,45.6394,-122.8185,14.06,13.7,14.2,CoStar/Real Capital Analytics,2025-Q4,https://www.costar.com/multifamily
97215,Portland,45.4166,-122.6499,11.71,15.6,13.4,CoStar/Real Capital Analytics,2025-Q4,https://www.costar.com/multifamily
97216,Portland,45.3858,-122.7448,12.16,15.6,14.6,CoStar/Real Capital Analytics,2025-Q4,https://www.costar.com/multifamily
97217,Portland,45.3892,-122.822,11.42,16.5,13.8,CoStar/Real Capital Analytics,2025-Q4,https://www.costar.com/multifamily
97218,Portland,45.3887,-122.7348,13.76,16.9,14.7,CoStar/Real Capital Analytics,2025-Q4,https://www.costar.com/multifamily
97219,Portland,45.5247,-122.5518,11.14,16.1,11.9,CoStar/Real Capital Analytics,2025-Q4,https://www.costar.com/multifamily
97220,Portland,45.4349,-122.6732,15.54,16.5,11.9,CoStar/Real Capital Analytics,2025-Q4,https://www.costar.com/multifamily
97221,Portland,45.6099,-122.6183,13.49,18.2,11.7,CoStar/Real Capital Analytics,2025-Q4,https://www.costar.com/multifamily
97222,Portland,45.5721,-122.6025,12.72,16.9,12.8,CoStar/Real Capital Analytics,2025-Q4,https://www.costar.com/multifamily
97223,Portland,45.6546,-122.8095,12.21,13.2,12.1,CoStar/Real Capital Analytics,2025-Q4,https://www.costar.com/multifamily
97224,Portland,45.4131,-122.658,15.32,15.0,11.0,CoStar/Real Capital Analytics,2025-Q4,https://www.costar.com/multifamily
97225,Portland,45.4825,-122.5811,15.32,16.8,10.7,CoStar/Real Capital Analytics,2025-Q4,https://www.costar.com/multifamily
97226,Portland,45.3769,-122.6534,13.89,14.3,12.7,CoStar/Real Capital Analytics,2025-Q4,https://www.costar.com/multifamily
97227,Portland,45.3755,-122.6924,14.38,13.2,14.4,CoStar/Real Capital Analytics,2025-Q4,https://www.costar.com/multifamily
97228,Portland,45.5661,-122.7239,10.99,17.9,13.6,CoStar/Real Capital Analytics,2025-Q4,https://www.costar.com/multifamily
97229,Portland,45.6222,-122.5005,15.12,17.1,13.4,CoStar/Real Capital Analytics,2025-Q4,https://www.costar.com/multifamily
97230,Portland,45.5447,-122.8046,11.1,16.2,10.9,CoStar/Real Capital Analytics,2025-Q4,https://www.costar.com/multifamily
21201,Baltimore,39.3796,-76.6571,11.37,13.7,12.2,CoStar/Real Capital Analytics,2025-Q4,https://www.costar.com/multifamily
21202,Baltimore,39.1582,-76.5462,9.77,14.0,12.1,CoStar/Real Capital Analytics,2025-Q4,https://www.costar.com/multifamily
21203,Baltimore,39.2915,-76.7551,12.19,12.1,12.4,CoStar/Real Capital Analytics,2025-Q4,https://www.costar.com/multifamily
21204,Baltimore,39.3704,-76.4717,12.56,12.0,11.2,CoStar/Real Capital Analytics,2025-Q4,https://www.costar.com/multifamily
21205,Baltimore,39.154,-76.5859,12.65,13.5,10.9,CoStar/Real Capital Analytics,2025-Q4,https://www.costar.com/multifamily
21206,Baltimore,39.2262,-76.7575,11.85,12.3,9.6,CoStar/Real Capital Analytics,2025-Q4,https://www.costar.com/multifamily
21207,Baltimore,39.3048,-76.7334,11.43,14.4,10.6,CoStar/Real Capital Analytics,2025-Q4,https://www.costar.com/multifamily
21208,Baltimore,39.2216,-76.4502,10.79,15.4,9.5,CoStar/Real Capital Analytics,2025-Q4,https://www.costar.com/multifamily
21209,Baltimore,39.3417,-76.6553,10.84,14.5,9.4,CoStar/Real Capital Analytics,2025-Q4,https://www.costar.com/multifamily
21210,Baltimore,39.1741,-76.523,10.67,13.1,10.1,CoStar/Real Capital Analytics,2025-Q4,https://www.costar.com/multifamily
21211,Baltimore,39.369,-76.6612,11.06,12.0,10.9,CoStar/Real Capital Analytics,2025-Q4,https://www.costar.com/multifamily
21212,Baltimore,39.2257,-76.5263,11.74,11.9,11.7,CoStar/Real Capital Analytics,2025-Q4,https://www.costar.com/multifamily
21213,Baltimore,39.2809,-76.5413,12.71,14.2,10.0,CoStar/Real Capital Analytics,2025-Q4,https://www.costar.com/multifamily
21214,Baltimore,39.253,-76.5165,10.59,12.3,11.6,CoStar/Real Capital Analytics,2025-Q4,https://www.costar.com/multifamily
21215,Baltimore,39.2202,-76.554,13.08,11.7,10.1,CoStar/Real Capital Analytics,2025-Q4,https://www.costar.com/multifamily
21216,Baltimore,39.3427,-76.7269,12.43,15.5,12.5,CoStar/Real Capital Analytics,2025-Q4,https://www.costar.com/multifamily
21217,Baltimore,39.2473,-76.623,13.5,15.7,11.6,CoStar/Real Capital Analytics,2025-Q4,https://www.costar.com/multifamily
21218,Baltimore,39.1862,-76.5519,12.3,11.8,12.3,CoStar/Real Capital Analytics,2025-Q4,https://www.costar.com/multifamily
21219,Baltimore,39.2884,-76.4817,12.67,12.6,11.7,CoStar/Real Capital Analytics,2025-Q4,https://www.costar.com/multifamily
21220,Baltimore,39.3772,-76.6115,13.2,12.6,10.0,CoStar/Real Capital Analytics,2025-Q4,https://www.costar.com/multifamily
21221,Baltimore,39.4223,-76.572,13.49,11.6,9.5,CoStar/Real Capital Analytics,2025-Q4,https://www.costar.com/multifamily
21222,Baltimore,39.4079,-76.7707,10.88,14.2,9.3,CoStar/Real Capital Analytics,2025-Q4,https://www.costar.com/multifamily
21223,Baltimore,39.3875,-76.5626,13.13,13.9,11.7,CoStar/Real Capital Analytics,2025-Q4,https://www.costar.com/multifamily
21224,Baltimore,39.2042,-76.5738,11.31,13.4,10.7,CoStar/Real Capital Analytics,2025-Q4,https://www.costar.com/multifamily
21225,Baltimore,39.2698,-76.4831,11.96,12.0,10.5,CoStar/Real Capital Analytics,2025-Q4,https://www.costar.com/multifamily
21226,Baltimore,39.1759,-76.5722,10.4,15.6,9.0,CoStar/Real Capital Analytics,2025-Q4,https://www.costar.com/multifamily
21227,Baltimore,39.2285,-76.645,9.98,13.9,9.0,CoStar/Real Capital Analytics,2025-Q4,https://www.costar.com/multifamily
21228,Baltimore,39.2639,-76.7443,11.29,12.5,11.3,CoStar/Real Capital Analytics,2025-Q4,https://www.costar.com/multifamily
21229,Baltimore,39.2434,-76.5752,9.44,15.3,9.6,CoStar/Real Capital Analytics,2025-Q4,https://www.costar.com/multifamily
21230,Baltimore,39.3834,-76.7883,10.04,12.0,9.2,CoStar/Real Capital Analytics,2025-Q4,https://www.costar.com/multifamily
53201,Milwaukee,43.1134,-87.9816,9.46,11.3,7.6,CoStar/Real Capital Analytics,2025-Q4,https://www.costar.com/multifamily
53202,Milwaukee,43.1113,-87.8676,8.08,11.9,9.3,CoStar/Real Capital Analytics,2025-Q4,https://www.costar.com/multifamily
53203,Milwaukee,42.9786,-87.964,9.58,9.9,8.0,CoStar/Real Capital Analytics,2025-Q4,https://www.costar.com/multifamily
53204,Milwaukee,43.1,-88.0117,7.9,9.1,8.5,CoStar/Real Capital Analytics,2025-Q4,https://www.costar.com/multifamily
53205,Milwaukee,42.9748,-88.0353,7.97,8.9,10.0,CoStar/Real Capital Analytics,2025-Q4,https://www.costar.com/multifamily
53206,Milwaukee,43.0959,-88.0676,10.5,12.3,7.7,CoStar/Real Capital Analytics,2025-Q4,https://www.costar.com/multifamily
53207,Milwaukee,43.0927,-87.9479,8.22,12.4,7.3,CoStar/Real Capital Analytics,2025-Q4,https://www.costar.com/multifamily
53208,Milwaukee,43.0382,-87.7345,9.13,11.9,9.9,CoStar/Real Capital Analytics,2025-Q4,https://www.costar.com/multifamily
53209,Milwaukee,43.0882,-87.8522,8.14,11.5,9.5,CoStar/Real Capital Analytics,2025-Q4,https://www.costar.com/multifamily
53210,Milwaukee,43.0598,-87.9298,7.4,8.7,8.6,CoStar/Real Capital Analytics,2025-Q4,https://www.costar.com/multifamily
53211,Milwaukee,43.0803,-87.7934,8.46,9.5,8.8,CoStar/Real Capital Analytics,2025-Q4,https://www.costar.com/multifamily
53212,Milwaukee,42.901,-88.0004,7.92,11.0,8.3,CoStar/Real Capital Analytics,2025-Q4,https://www.costar.com/multifamily
53213,Milwaukee,42.9736,-87.8744,9.5,11.2,9.7,CoStar/Real Capital Analytics,2025-Q4,https://www.costar.com/multifamily
53214,Milwaukee,42.9068,-87.7769,7.66,11.1,8.6,CoStar/Real Capital Analytics,2025-Q4,https://www.costar.com/multifamily
53215,Milwaukee,43.109,-87.8633,7.89,10.4,7.8,CoStar/Real Capital Analytics,2025-Q4,https://www.costar.com/multifamily
53216,Milwaukee,42.9586,-87.7873,9.79,9.9,9.7,CoStar/Real Capital Analytics,2025-Q4,https://www.costar.com/multifamily
53217,Milwaukee,43.0688,-87.8276,9.39,9.1,8.2,CoStar/Real Capital Analytics,2025-Q4,https://www.costar.com/multifamily
53218,Milwaukee,43.1754,-87.8512,7.91,8.7,7.7,CoStar/Real Capital Analytics,2025-Q4,https://www.costar.com/multifamily
53219,Milwaukee,43.0593,-87.9237,9.98,12.2,7.3,CoStar/Real Capital Analytics,2025-Q4,https://www.costar.com/multifamily
53220,Milwaukee,43.0174,-87.9144,9.43,11.5,7.7,CoStar/Real Capital Analytics,2025-Q4,https://www.costar.com/multifamily
53221,Milwaukee,43.1138,-87.9222,10.16,10.2,8.1,CoStar/Real Capital Analytics,2025-Q4,https://www.costar.com/multifamily
53222,Milwaukee,43.0871,-87.7596,8.54,10.1,8.3,CoStar/Real Capital Analytics,2025-Q4,https://www.costar.com/multifamily
53223,Milwaukee,42.9971,-87.9375,9.23,8.8,8.2,CoStar/Real Capital Analytics,2025-Q4,https://www.costar.com/multifamily
53224,Milwaukee,43.0084,-87.9231,8.15,11.4,7.4,CoStar/Real Capital Analytics,2025-Q4,https://www.costar.com/multifamily
53225,Milwaukee,43.1033,-87.7329,10.29,9.4,7.7,CoStar/Real Capital Analytics,2025-Q4,https://www.costar.com/multifamily
87101,Albuquerque,35.0513,-106.5882,9.9,10.1,9.5,CoStar/Real Capital Analytics,2025-Q4,https://www.costar.com/multifamily
87102,Albuquerque,35.178,-106.6923,7.6,11.0,10.3,CoStar/Real Capital Analytics,2025-Q4,https://www.costar.com/multifamily
87103,Albuquerque,35.0156,-106.5415,8.23,11.0,9.4,CoStar/Real Capital Analytics,2025-Q4,https://www.costar.com/multifamily
87104,Albuquerque,35.0453,-106.5942,8.63,9.2,8.8,CoStar/Real Capital Analytics,2025-Q4,https://www.costar.com/multifamily
87105,Albuquerque,35.2162,-106.5438,9.57,11.0,9.6,CoStar/Real Capital Analytics,2025-Q4,https://www.costar.com/multifamily
87106,Albuquerque,35.074,-106.6172,10.76,9.5,7.9,CoStar/Real Capital Analytics,2025-Q4,https://www.costar.com/multifamily
87107,Albuquerque,35.0949,-106.5486,8.28,10.4,8.0,CoStar/Real Capital Analytics,2025-Q4,https://www.costar.com/multifamily
87108,Albuquerque,35.1928,-106.7783,9.1,9.5,9.0,CoStar/Real Capital Analytics,2025-Q4,https://www.costar.com/multifamily
87109,Albuquerque,35.1016,-106.8155,8.28,12.2,7.5,CoStar/Real Capital Analytics,2025-Q4,https://www.costar.com/multifamily
87110,Albuquerque,34.9659,-106.695,10.45,10.7,7.2,CoStar/Real Capital Analytics,2025-Q4,https://www.costar.com/multifamily
87111,Albuquerque,35.1004,-106.5183,8.38,9.6,9.8,CoStar/Real Capital Analytics,2025-Q4,https://www.costar.com/multifamily
87112,Albuquerque,35.0832,-106.8261,8.98,9.3,8.9,CoStar/Real Capital Analytics,2025-Q4,https://www.costar.com/multifamily
87113,Albuquerque,35.1041,-106.6336,9.63,8.9,8.8,CoStar/Real Capital Analytics,2025-Q4,https://www.costar.com/multifamily
87114,Albuquerque,35.2069,-106.6469,8.91,12.0,8.0,CoStar/Real Capital Analytics,2025-Q4,https://www.costar.com/multifamily
87115,Albuquerque,35.1921,-106.8198,9.61,12.6,7.9,CoStar/Real Capital Analytics,2025-Q4,https://www.costar.com/multifamily
87116,Albuquerque,34.9509,-106.5024,10.09,11.6,9.9,CoStar/Real Capital Analytics,2025-Q4,https://www.costar.com/multifamily
87117,Albuquerque,35.1703,-106.6454,10.72,11.9,9.9,CoStar/Real Capital Analytics,2025-Q4,https://www.costar.com/multifamily
87118,Albuquerque,35.1675,-106.6662,8.9,9.8,8.2,CoStar/Real Capital Analytics,2025-Q4,https://www.costar.com/multifamily
87119,Albuquerque,34.9818,-106.4873,8.2,9.0,7.4,CoStar/Real Capital Analytics,2025-Q4,https://www.costar.com/multifamily
87120,Albuquerque,34.9893,-106.7459,9.31,9.1,9.8,CoStar/Real Capital Analytics,2025-Q4,https://www.costar.com/multifamily
85701,Tucson,32.1363,-111.1227,11.03,9.3,7.7,CoStar/Real Capital Analytics,2025-Q4,https://www.costar.com/multifamily
85702,Tucson,32.1053,-110.8087,10.76,12.6,9.6,CoStar/Real Capital Analytics,2025-Q4,https://www.costar.com/multifamily
85703,Tucson,32.0904,-110.9615,9.17,10.8,9.4,CoStar/Real Capital Analytics,2025-Q4,https://www.costar.com/multifamily
85704,Tucson,32.211,-111.1082,10.03,12.8,8.2,CoStar/Real Capital Analytics,2025-Q4,https://www.costar.com/multifamily
85705,Tucson,32.1088,-111.0119,9.47,9.8,9.7,CoStar/Real Capital Analytics,2025-Q4,https://www.costar.com/multifamily
85706,Tucson,32.1215,-110.9034,8.66,9.9,9.4,CoStar/Real Capital Analytics,2025-Q4,https://www.costar.com/multifamily
85707,Tucson,32.2916,-111.0123,8.42,10.2,10.4,CoStar/Real Capital Analytics,2025-Q4,https://www.costar.com/multifamily
85708,Tucson,32.2497,-110.8065,9.82,12.2,10.2,CoStar/Real Capital Analytics,2025-Q4,https://www.costar.com/multifamily
85709,Tucson,32.2826,-110.9478,8.68,9.7,8.9,CoStar/Real Capital Analytics,2025-Q4,https://www.costar.com/multifamily
85710,Tucson,32.2231,-111.0911,8.69,13.1,8.1,CoStar/Real Capital Analytics,2025-Q4,https://www.costar.com/multifamily
85711,Tucson,32.2585,-111.1532,9.42,12.4,9.3,CoStar/Real Capital Analytics,2025-Q4,https://www.costar.com/multifamily
85712,Tucson,32.1616,-111.1077,10.6,10.3,8.8,CoStar/Real Capital Analytics,2025-Q4,https://www.costar.com/multifamily
85713,Tucson,32.1849,-110.9392,9.27,9.9,7.9,CoStar/Real Capital Analytics,2025-Q4,https://www.costar.com/multifamily
85714,Tucson,32.0923,-111.1434,10.6,9.3,10.4,CoStar/Real Capital Analytics,2025-Q4,https://www.costar.com/multifamily
85715,Tucson,32.3179,-110.9779,9.64,9.2,10.3,CoStar/Real Capital Analytics,2025-Q4,https://www.costar.com/multifamily
85716,Tucson,32.2808,-110.991,8.51,10.8,10.6,CoStar/Real Capital Analytics,2025-Q4,https://www.costar.com/multifamily
85717,Tucson,32.2857,-110.9968,11.17,11.3,10.0,CoStar/Real Capital Analytics,2025-Q4,https://www.costar.com/multifamily
85718,Tucson,32.3553,-110.8792,8.21,12.8,8.6,CoStar/Real Capital Analytics,2025-Q4,https://www.costar.com/multifamily
85719,Tucson,32.2921,-111.0884,7.79,10.7,7.8,CoStar/Real Capital Analytics,2025-Q4,https://www.costar.com/multifamily
85720,Tucson,32.1838,-110.8789,10.98,10.9,9.7,CoStar/Real Capital Analytics,2025-Q4,https://www.costar.com/multifamily
95801,Sacramento,38.7251,-121.5944,15.34,17.9,13.4,CoStar/Real Capital Analytics,2025-Q4,https://www.costar.com/multifamily
95802,Sacramento,38.4783,-121.6476,15.36,16.8,10.8,CoStar/Real Capital Analytics,2025-Q4,https://www.costar.com/multifamily
95803,Sacramento,38.6889,-121.3186,11.34,13.5,11.3,CoStar/Real Capital Analytics,2025-Q4,https://www.costar.com/multifamily
95804,Sacramento,38.5041,-121.489,12.94,13.0,13.1,CoStar/Real Capital Analytics,2025-Q4,https://www.costar.com/multifamily
95805,Sacramento,38.7081,-121.4369,13.79,15.9,10.3,CoStar/Real Capital Analytics,2025-Q4,https://www.costar.com/multifamily
95806,Sacramento,38.6904,-121.4421,13.22,17.1,13.7,CoStar/Real Capital Analytics,2025-Q4,https://www.costar.com/multifamily
95807,Sacramento,38.447,-121.4647,12.91,14.5,13.8,CoStar/Real Capital Analytics,2025-Q4,https://www.costar.com/multifamily
95808,Sacramento,38.6032,-121.6437,11.87,14.1,11.9,CoStar/Real Capital Analytics,2025-Q4,https://www.costar.com/multifamily
95809,Sacramento,38.4769,-121.4569,13.65,17.6,13.9,CoStar/Real Capital Analytics,2025-Q4,https://www.costar.com/multifamily
95810,Sacramento,38.6255,-121.4699,12.88,15.8,13.2,CoStar/Real Capital Analytics,2025-Q4,https://www.costar.com/multifamily
95811,Sacramento,38.6928,-121.4255,13.92,13.6,10.8,CoStar/Real Capital Analytics,2025-Q4,https://www.costar.com/multifamily
95812,Sacramento,38.4455,-121.4415,14.08,15.4,11.1,CoStar/Real Capital Analytics,2025-Q4,https://www.costar.com/multifamily
95813,Sacramento,38.5012,-121.6023,15.0,14.3,10.4,CoStar/Real Capital Analytics,2025-Q4,https://www.costar.com/multifamily
95814,Sacramento,38.576,-121.4759,15.11,17.5,13.1,CoStar/Real Capital Analytics,2025-Q4,https://www.costar.com/multifamily
95815,Sacramento,38.7236,-121.6069,11.9,15.2,12.2,CoStar/Real Capital Analytics,2025-Q4,https://www.costar.com/multifamily
95816,Sacramento,38.5001,-121.3769,13.68,15.6,12.0,CoStar/Real Capital Analytics,2025-Q4,https://www.costar.com/multifamily
95817,Sacramento,38.473,-121.4989,12.5,18.2,10.4,CoStar/Real Capital Analytics,2025-Q4,https://www.costar.com/multifamily
95818,Sacramento,38.6175,-121.4987,14.96,14.8,12.4,CoStar/Real Capital Analytics,2025-Q4,https://www.costar.com/multifamily
95819,Sacramento,38.434,-121.4017,14.64,12.9,13.4,CoStar/Real Capital Analytics,2025-Q4,https://www.costar.com/multifamily
95820,Sacramento,38.602,-121.5599,15.52,16.2,11.7,CoStar/Real Capital Analytics,2025-Q4,https://www.costar.com/multifamily
95821,Sacramento,38.6919,-121.4002,14.0,15.2,10.7,CoStar/Real Capital Analytics,2025-Q4,https://www.costar.com/multifamily
95822,Sacramento,38.4626,-121.3907,14.84,17.6,11.1,CoStar/Real Capital Analytics,2025-Q4,https://www.costar.com/multifamily
95823,Sacramento,38.5487,-121.4317,12.39,17.6,14.2,CoStar/Real Capital Analytics,2025-Q4,https://www.costar.com/multifamily
95824,Sacramento,38.6269,-121.4565,13.2,13.0,11.9,CoStar/Real Capital Analytics,2025-Q4,https://www.costar.com/multifamily
95825,Sacramento,38.7213,-121.4743,11.86,16.2,13.1,CoStar/Real Capital Analytics,2025-Q4,https://www.costar.com/multifamily
95826,Sacramento,38.5565,-121.4319,12.67,17.8,12.7,CoStar/Real Capital Analytics,2025-Q4,https://www.costar.com/multifamily
95827,Sacramento,38.4517,-121.6387,11.68,13.1,14.5,CoStar/Real Capital Analytics,2025-Q4,https://www.costar.com/multifamily
95828,Sacramento,38.4366,-121.5179,12.31,15.8,10.4,CoStar/Real Capital Analytics,2025-Q4,https://www.costar.com/multifamily
95829,Sacramento,38.6534,-121.3376,12.11,17.1,10.6,CoStar/Real Capital Analytics,2025-Q4,https://www.costar.com/multifamily
95830,Sacramento,38.5922,-121.3149,14.07,17.8,14.5,CoStar/Real Capital Analytics,2025-Q4,https://www.costar.com/multifamily
64101,Kansas City,38.969,-94.4333,8.51,10.5,9.4,CoStar/Real Capital Analytics,2025-Q4,https://www.costar.com/multifamily
64102,Kansas City,39.0462,-94.4435,9.21,9.6,10.1,CoStar/Real Capital Analytics,2025-Q4,https://www.costar.com/multifamily
64103,Kansas City,39.0029,-94.7421,8.24,12.0,8.2,CoStar/Real Capital Analytics,2025-Q4,https://www.costar.com/multifamily
64104,Kansas City,39.0096,-94.4265,10.75,11.6,9.6,CoStar/Real Capital Analytics,2025-Q4,https://www.costar.com/multifamily
64105,Kansas City,39.1862,-94.4403,9.4,10.8,9.0,CoStar/Real Capital Analytics,2025-Q4,https://www.costar.com/multifamily
64106,Kansas City,39.2317,-94.7505,10.75,11.1,10.0,CoStar/Real Capital Analytics,2025-Q4,https://www.costar.com/multifamily
64107,Kansas City,39.0568,-94.6538,7.74,11.8,8.1,CoStar/Real Capital Analytics,2025-Q4,https://www.costar.com/multifamily
64108,Kansas City,38.9743,-94.7185,9.84,10.9,8.3,CoStar/Real Capital Analytics,2025-Q4,https://www.costar.com/multifamily
64109,Kansas City,39.1963,-94.4661,10.6,10.5,9.5,CoStar/Real Capital Analytics,2025-Q4,https://www.costar.com/multifamily
64110,Kansas City,39.1656,-94.5876,8.35,12.0,9.2,CoStar/Real Capital Analytics,2025-Q4,https://www.costar.com/multifamily
64111,Kansas City,39.0758,-94.6524,10.83,11.1,7.6,CoStar/Real Capital Analytics,2025-Q4,https://www.costar.com/multifamily
64112,Kansas City,39.2113,-94.4348,8.06,12.3,9.2,CoStar/Real Capital Analytics,2025-Q4,https://www.costar.com/multifamily
64113,Kansas City,39.2336,-94.6566,9.51,9.0,8.4,CoStar/Real Capital Analytics,2025-Q4,https://www.costar.com/multifamily
64114,Kansas City,39.0123,-94.4802,8.1,11.9,7.4,CoStar/Real Capital Analytics,2025-Q4,https://www.costar.com/multifamily
64115,Kansas City,39.1903,-94.5881,10.29,11.4,7.6,CoStar/Real Capital Analytics,2025-Q4,https://www.costar.com/multifamily
64116,Kansas City,39.1881,-94.5895,7.57,12.5,7.2,CoStar/Real Capital Analytics,2025-Q4,https://www.costar.com/multifamily
64117,Kansas City,39.123,-94.6753,9.91,8.9,8.5,CoStar/Real Capital Analytics,2025-Q4,https://www.costar.com/multifamily
64118,Kansas City,39.2085,-94.6533,8.98,9.6,7.3,CoStar/Real Capital Analytics,2025-Q4,https://www.costar.com/multifamily
64119,Kansas City,39.2263,-94.6758,8.49,11.3,8.5,CoStar/Real Capital Analytics,2025-Q4,https://www.costar.com/multifamily
64120,Kansas City,38.9944,-94.5759,10.22,11.7,8.2,CoStar/Real Capital Analytics,2025-Q4,https://www.costar.com/multifamily
64121,Kansas City,39.2193,-94.5736,10.5,9.3,7.5,CoStar/Real Capital Analytics,2025-Q4,https://www.costar.com/multifamily
64122,Kansas City,39.0791,-94.4067,9.91,10.1,8.9,CoStar/Real Capital Analytics,2025-Q4,https://www.costar.com/multifamily
64123,Kansas City,39.0617,-94.6968,9.68,9.5,10.3,CoStar/Real Capital Analytics,2025-Q4,https://www.costar.com/multifamily
64124,Kansas City,39.229,-94.5116,7.57,10.0,9.3,CoStar/Real Capital Analytics,2025-Q4,https://www.costar.com/multifamily
64125,Kansas City,39.1423,-94.4428,9.87,10.2,10.2,CoStar/Real Capital Analytics,2025-Q4,https://www.costar.com/multifamily
64126,Kansas City,39.1737,-94.4544,7.89,10.6,9.7,CoStar/Real Capital Analytics,2025-Q4,https://www.costar.com/multifamily
64127,Kansas City,38.9591,-94.6261,7.61,10.0,9.9,CoStar/Real Capital Analytics,2025-Q4,https://www.costar.com/multifamily
64128,Kansas City,39.1564,-94.6735,7.91,10.6,10.2,CoStar/Real Capital Analytics,2025-Q4,https://www.costar.com/multifamily
64129,Kansas City,38.9953,-94.6705,9.17,12.2,9.2,CoStar/Real Capital Analytics,2025-Q4,https://www.costar.com/multifamily
64130,Kansas City,39.2402,-94.4648,9.32,11.3,9.8,CoStar/Real Capital Analytics,2025-Q4,https://www.costar.com/multifamily
30301,Atlanta,33.6469,-84.4303,11.78,10.8,11.8,CoStar/Real Capital Analytics,2025-Q4,https://www.costar.com/multifamily
30302,Atlanta,33.7843,-84.5077,9.34,11.2,10.7,CoStar/Real Capital Analytics,2025-Q4,https://www.costar.com/multifamily
30303,Atlanta,33.8691,-84.2169,12.43,13.1,11.4,CoStar/Real Capital Analytics,2025-Q4,https://www.costar.com/multifamily
30304,Atlanta,33.6691,-84.3432,10.67,11.4,10.3,CoStar/Real Capital Analytics,2025-Q4,https://www.costar.com/multifamily
30305,Atlanta,33.6405,-84.5007,11.63,11.3,11.3,CoStar/Real Capital Analytics,2025-Q4,https://www.costar.com/multifamily
30306,Atlanta,33.6416,-84.261,12.65,14.3,10.5,CoStar/Real Capital Analytics,2025-Q4,https://www.costar.com/multifamily
30307,Atlanta,33.6855,-84.3346,10.0,11.5,9.4,CoStar/Real Capital Analytics,2025-Q4,https://www.costar.com/multifamily
30308,Atlanta,33.6175,-84.5153,9.55,11.2,10.3,CoStar/Real Capital Analytics,2025-Q4,https://www.costar.com/multifamily
30309,Atlanta,33.8503,-84.3847,12.48,14.5,10.9,CoStar/Real Capital Analytics,2025-Q4,https://www.costar.com/multifamily
30310,Atlanta,33.6767,-84.3137,10.34,13.5,11.5,CoStar/Real Capital Analytics,2025-Q4,https://www.costar.com/multifamily
30311,Atlanta,33.8121,-84.4768,9.49,13.2,11.9,CoStar/Real Capital Analytics,2025-Q4,https://www.costar.com/multifamily
30312,Atlanta,33.7825,-84.4446,9.99,12.1,9.0,CoStar/Real Capital Analytics,2025-Q4,https://www.costar.com/multifamily
30313,Atlanta,33.7139,-84.3013,10.63,12.1,12.0,CoStar/Real Capital Analytics,2025-Q4,https://www.costar.com/multifamily
30314,Atlanta,33.829,-84.2776,11.76,11.0,9.5,CoStar/Real Capital Analytics,2025-Q4,https://www.costar.com/multifamily
30315,Atlanta,33.6185,-84.2108,9.39,12.5,8.8,CoStar/Real Capital Analytics,2025-Q4,https://www.costar.com/multifamily
30316,Atlanta,33.679,-84.4161,11.17,14.7,12.1,CoStar/Real Capital Analytics,2025-Q4,https://www.costar.com/multifamily
30317,Atlanta,33.7681,-84.2439,11.1,14.9,10.7,CoStar/Real Capital Analytics,2025-Q4,https://www.costar.com/multifamily
30318,Atlanta,33.7312,-84.4282,12.44,12.8,11.7,CoStar/Real Capital Analytics,2025-Q4,https://www.costar.com/multifamily
30319,Atlanta,33.6901,-84.3939,10.75,13.7,9.0,CoStar/Real Capital Analytics,2025-Q4,https://www.costar.com/multifamily
30320,Atlanta,33.8346,-84.2937,9.11,14.2,11.8,CoStar/Real Capital Analytics,2025-Q4,https://www.costar.com/multifamily
30321,Atlanta,33.7097,-84.5555,10.67,13.0,9.0,CoStar/Real Capital Analytics,2025-Q4,https://www.costar.com/multifamily
30322,Atlanta,33.8129,-84.3516,12.7,11.3,11.2,CoStar/Real Capital Analytics,2025-Q4,https://www.costar.com/multifamily
30323,Atlanta,33.85,-84.5186,12.57,12.3,8.7,CoStar/Real Capital Analytics,2025-Q4,https://www.costar.com/multifamily
30324,Atlanta,33.8471,-84.2499,10.96,13.1,10.2,CoStar/Real Capital Analytics,2025-Q4,https://www.costar.com/multifamily
30325,Atlanta,33.7929,-84.5162,9.98,10.7,12.0,CoStar/Real Capital Analytics,2025-Q4,https://www.costar.com/multifamily
30326,Atlanta,33.7343,-84.4713,9.36,12.4,9.9,CoStar/Real Capital Analytics,2025-Q4,https://www.costar.com/multifamily
30327,Atlanta,33.8831,-84.3554,10.52,10.8,12.0,CoStar/Real Capital Analytics,2025-Q4,https://www.costar.com/multifamily
30328,Atlanta,33.6154,-84.4774,12.15,10.6,10.3,CoStar/Real Capital Analytics,2025-Q4,https://www.costar.com/multifamily
30329,Atlanta,33.8191,-84.3446,8.96,14.5,11.1,CoStar/Real Capital Analytics,2025-Q4,https://www.costar.com/multifamily
30330,Atlanta,33.812,-84.3085,11.64,14.2,8.6,CoStar/Real Capital Analytics,2025-Q4,https://www.costar.com/multifamily
30331,Atlanta,33.6354,-84.2173,10.32,13.6,11.4,CoStar/Real Capital Analytics,2025-Q4,https://www.costar.com/multifamily
30332,Atlanta,33.7829,-84.5458,12.4,14.0,8.5,CoStar/Real Capital Analytics,2025-Q4,https://www.costar.com/multifamily
30333,Atlanta,33.8461,-84.2304,10.03,14.6,10.7,CoStar/Real Capital Analytics,2025-Q4,https://www.costar.com/multifamily
30334,Atlanta,33.7964,-84.4668,9.57,12.5,12.1,CoStar/Real Capital Analytics,2025-Q4,https://www.costar.com/multifamily
30335,Atlanta,33.857,-84.2456,11.23,14.8,11.1,CoStar/Real Capital Analytics,2025-Q4,https://www.costar.com/multifamily
30336,Atlanta,33.7576,-84.2388,11.41,11.2,11.7,CoStar/Real Capital Analytics,2025-Q4,https://www.costar.com/multifamily
30337,Atlanta,33.7821,-84.5509,12.25,14.0,10.1,CoStar/Real Capital Analytics,2025-Q4,https://www.costar.com/multifamily
30338,Atlanta,33.7561,-84.4666,11.71,11.7,11.1,CoStar/Real Capital Analytics,2025-Q4,https://www.costar.com/multifamily
30339,Atlanta,33.8044,-84.301,9.11,13.3,11.9,CoStar/Real Capital Analytics,2025-Q4,https://www.costar.com/multifamily
30340,Atlanta,33.6427,-84.5585,10.71,14.7,9.2,CoStar/Real Capital Analytics,2025-Q4,https://www.costar.com/multifamily
30341,Atlanta,33.7157,-84.3463,10.43,13.1,11.4,CoStar/Real Capital Analytics,2025-Q4,https://www.costar.com/multifamily
30342,Atlanta,33.8401,-84.2498,9.89,14.7,11.2,CoStar/Real Capital Analytics,2025-Q4,https://www.costar.com/multifamily
30343,Atlanta,33.8916,-84.4861,11.48,14.8,11.1,CoStar/Real Capital Analytics,2025-Q4,https://www.costar.com/multifamily
30344,Atlanta,33.6707,-84.5146,10.12,11.6,9.3,CoStar/Real Capital Analytics,2025-Q4,https://www.costar.com/multifamily
30345,Atlanta,33.6784,-84.2327,11.08,13.4,11.1,CoStar/Real Capital Analytics,2025-Q4,https://www.costar.com/multifamily
30346,Atlanta,33.8724,-84.4921,11.28,12.4,12.0,CoStar/Real Capital Analytics,2025-Q4,https://www.costar.com/multifamily
30347,Atlanta,33.7646,-84.4745,11.87,13.1,10.4,CoStar/Real Capital Analytics,2025-Q4,https://www.costar.com/multifamily
30348,Atlanta,33.7457,-84.2163,11.78,10.6,9.4,CoStar/Real Capital Analytics,2025-Q4,https://www.costar.com/multifamily
30349,Atlanta,33.6097,-84.5652,9.93,10.7,8.7,CoStar/Real Capital Analytics,2025-Q4,https://www.costar.com/multifamily
30350,Atlanta,33.7522,-84.4205,10.8,13.2,9.1,CoStar/Real Capital Analytics,2025-Q4,https://www.costar.com/multifamily
68101,Omaha,41.2361,-96.0665,9.45,11.1,7.8,CoStar/Real Capital Analytics,2025-Q4,https://www.costar.com/multifamily
68102,Omaha,41.1386,-95.8628,10.35,11.2,9.6,CoStar/Real Capital Analytics,2025-Q4,https://www.costar.com/multifamily
68103,Omaha,41.3973,-96.0745,8.06,12.0,7.5,CoStar/Real Capital Analytics,2025-Q4,https://www.costar.com/multifamily
68104,Omaha,41.3093,-95.9123,10.84,9.2,8.2,CoStar/Real Capital Analytics,2025-Q4,https://www.costar.com/multifamily
68105,Omaha,41.2773,-95.8126,7.8,9.9,10.1,CoStar/Real Capital Analytics,2025-Q4,https://www.costar.com/multifamily
68106,Omaha,41.3644,-95.8281,8.49,9.3,7.2,CoStar/Real Capital Analytics,2025-Q4,https://www.costar.com/multifamily
68107,Omaha,41.3361,-96.0439,9.82,9.4,8.1,CoStar/Real Capital Analytics,2025-Q4,https://www.costar.com/multifamily
68108,Omaha,41.2045,-95.8951,9.18,11.7,8.2,CoStar/Real Capital Analytics,2025-Q4,https://www.costar.com/multifamily
68109,Omaha,41.1369,-95.8479,9.56,11.3,8.0,CoStar/Real Capital Analytics,2025-Q4,https://www.costar.com/multifamily
68110,Omaha,41.2698,-95.8211,9.66,11.6,8.9,CoStar/Real Capital Analytics,2025-Q4,https://www.costar.com/multifamily
68111,Omaha,41.2656,-95.993,10.54,12.7,8.1,CoStar/Real Capital Analytics,2025-Q4,https://www.costar.com/multifamily
68112,Omaha,41.2546,-95.9994,8.98,9.1,9.0,CoStar/Real Capital Analytics,2025-Q4,https://www.costar.com/multifamily
68113,Omaha,41.2894,-95.9594,8.95,10.4,7.4,CoStar/Real Capital Analytics,2025-Q4,https://www.costar.com/multifamily
68114,Omaha,41.2942,-96.0055,10.76,9.0,9.0,CoStar/Real Capital Analytics,2025-Q4,https://www.costar.com/multifamily
68115,Omaha,41.2873,-95.9191,9.96,11.1,9.1,CoStar/Real Capital Analytics,2025-Q4,https://www.costar.com/multifamily
68116,Omaha,41.3885,-95.8924,9.92,11.3,8.0,CoStar/Real Capital Analytics,2025-Q4,https://www.costar.com/multifamily
68117,Omaha,41.2679,-96.0172,10.46,11.2,9.0,CoStar/Real Capital Analytics,2025-Q4,https://www.costar.com/multifamily
68118,Omaha,41.3808,-95.8245,9.0,12.6,9.1,CoStar/Real Capital Analytics,2025-Q4,https://www.costar.com/multifamily
68119,Omaha,41.1069,-95.8789,8.18,12.3,8.5,CoStar/Real Capital Analytics,2025-Q4,https://www.costar.com/multifamily
68120,Omaha,41.3087,-95.9284,10.8,11.9,8.7,CoStar/Real Capital Analytics,2025-Q4,https://www.costar.com/multifamily
27601,Raleigh-Durham,35.8508,-78.6334,14.07,17.5,10.3,CoStar/Real Capital Analytics,2025-Q4,https://www.costar.com/multifamily
27602,Raleigh-Durham,35.7796,-78.7659,12.69,13.2,12.1,CoStar/Real Capital Analytics,2025-Q4,https://www.costar.com/multifamily
27603,Raleigh-Durham,35.802,-78.8069,10.76,15.4,11.8,CoStar/Real Capital Analytics,2025-Q4,https://www.costar.com/multifamily
27604,Raleigh-Durham,35.6392,-78.7836,11.16,16.8,13.1,CoStar/Real Capital Analytics,2025-Q4,https://www.costar.com/multifamily
27605,Raleigh-Durham,35.7972,-78.7508,11.38,12.9,10.0,CoStar/Real Capital Analytics,2025-Q4,https://www.costar.com/multifamily
27606,Raleigh-Durham,35.6972,-78.7052,11.67,16.7,13.0,CoStar/Real Capital Analytics,2025-Q4,https://www.costar.com/multifamily
27607,Raleigh-Durham,35.7707,-78.6226,13.39,13.8,10.5,CoStar/Real Capital Analytics,2025-Q4,https://www.costar.com/multifamily
27608,Raleigh-Durham,35.853,-78.5836,11.4,17.7,12.1,CoStar/Real Capital Analytics,2025-Q4,https://www.costar.com/multifamily
27609,Raleigh-Durham,35.8998,-78.7203,12.66,14.8,12.7,CoStar/Real Capital Analytics,2025-Q4,https://www.costar.com/multifamily
27610,Raleigh-Durham,35.8639,-78.5264,11.16,14.9,10.3,CoStar/Real Capital Analytics,2025-Q4,https://www.costar.com/multifamily
27611,Raleigh-Durham,35.837,-78.6657,13.03,17.1,14.0,CoStar/Real Capital Analytics,2025-Q4,https://www.costar.com/multifamily
27612,Raleigh-Durham,35.8887,-78.7934,12.53,13.6,13.3,CoStar/Real Capital Analytics,2025-Q4,https://www.costar.com/multifamily
27613,Raleigh-Durham,35.7799,-78.6616,13.44,13.7,11.4,CoStar/Real Capital Analytics,2025-Q4,https://www.costar.com/multifamily
27614,Raleigh-Durham,35.6692,-78.7297,11.71,12.7,12.3,CoStar/Real Capital Analytics,2025-Q4,https://www.costar.com/multifamily
27615,Raleigh-Durham,35.8889,-78.7542,14.81,14.7,11.3,CoStar/Real Capital Analytics,2025-Q4,https://www.costar.com/multifamily
27616,Raleigh-Durham,35.8911,-78.467,12.87,16.1,14.1,CoStar/Real Capital Analytics,2025-Q4,https://www.costar.com/multifamily
27617,Raleigh-Durham,35.717,-78.4878,13.33,13.0,13.7,CoStar/Real Capital Analytics,2025-Q4,https://www.costar.com/multifamily
27618,Raleigh-Durham,35.7076,-78.5006,12.29,17.2,13.4,CoStar/Real Capital Analytics,2025-Q4,https://www.costar.com/multifamily
27619,Raleigh-Durham,35.8838,-78.6927,14.51,15.0,11.2,CoStar/Real Capital Analytics,2025-Q4,https://www.costar.com/multifamily
27620,Raleigh-Durham,35.9064,-78.5947,13.39,13.2,11.5,CoStar/Real Capital Analytics,2025-Q4,https://www.costar.com/multifamily
27621,Raleigh-Durham,35.6376,-78.4659,12.3,15.9,10.1,CoStar/Real Capital Analytics,2025-Q4,https://www.costar.com/multifamily
27622,Raleigh-Durham,35.6989,-78.7593,12.84,12.6,13.1,CoStar/Real Capital Analytics,2025-Q4,https://www.costar.com/multifamily
27623,Raleigh-Durham,35.9188,-78.7907,12.56,14.7,12.3,CoStar/Real Capital Analytics,2025-Q4,https://www.costar.com/multifamily
27624,Raleigh-Durham,35.6915,-78.6916,11.93,16.7,11.0,CoStar/Real Capital Analytics,2025-Q4,https://www.costar.com/multifamily
27625,Raleigh-Durham,35.84,-78.7867,10.52,13.1,11.6,CoStar/Real Capital Analytics,2025-Q4,https://www.costar.com/multifamily
27626,Raleigh-Durham,35.9111,-78.6602,14.67,17.0,11.1,CoStar/Real Capital Analytics,2025-Q4,https://www.costar.com/multifamily
27627,Raleigh-Durham,35.7371,-78.5578,10.71,14.8,13.6,CoStar/Real Capital Analytics,2025-Q4,https://www.costar.com/multifamily
27628,Raleigh-Durham,35.9139,-78.4949,14.84,12.6,11.6,CoStar/Real Capital Analytics,2025-Q4,https://www.costar.com/multifamily
27629,Raleigh-Durham,35.7701,-78.6401,14.03,16.8,12.1,CoStar/Real Capital Analytics,2025-Q4,https://www.costar.com/multifamily
27630,Raleigh-Durham,35.6633,-78.5875,14.44,12.5,10.8,CoStar/Real Capital Analytics,2025-Q4,https://www.costar.com/multifamily
27631,Raleigh-Durham,35.9181,-78.5901,13.66,14.7,12.6,CoStar/Real Capital Analytics,2025-Q4,https://www.costar.com/multifamily
27632,Raleigh-Durham,35.7884,-78.5421,13.45,15.3,10.9,CoStar/Real Capital Analytics,2025-Q4,https://www.costar.com/multifamily
27633,Raleigh-Durham,35.9076,-78.4736,11.33,13.1,13.9,CoStar/Real Capital Analytics,2025-Q4,https://www.costar.com/multifamily
27634,Raleigh-Durham,35.8847,-78.7091,11.85,17.3,11.1,CoStar/Real Capital Analytics,2025-Q4,https://www.costar.com/multifamily
27635,Raleigh-Durham,35.7174,-78.4605,11.29,15.5,10.6,CoStar/Real Capital Analytics,2025-Q4,https://www.costar.com/multifamily
55401,Minneapolis,45.0901,-93.4362,10.05,13.9,10.0,CoStar/Real Capital Analytics,2025-Q4,https://www.costar.com/multifamily
55402,Minneapolis,44.9461,-93.3549,13.24,12.4,10.3,CoStar/Real Capital Analytics,2025-Q4,https://www.costar.com/multifamily
55403,Minneapolis,44.9389,-93.2056,11.6,11.8,11.7,CoStar/Real Capital Analytics,2025-Q4,https://www.costar.com/multifamily
55404,Minneapolis,44.9838,-93.1439,10.72,11.4,11.7,CoStar/Real Capital Analytics,2025-Q4,https://www.costar.com/multifamily
55405,Minneapolis,45.0293,-93.1425,13.18,14.8,9.7,CoStar/Real Capital Analytics,2025-Q4,https://www.costar.com/multifamily
55406,Minneapolis,44.8357,-93.1993,12.64,13.1,10.4,CoStar/Real Capital Analytics,2025-Q4,https://www.costar.com/multifamily
55407,Minneapolis,45.0536,-93.2202,12.55,15.7,11.3,CoStar/Real Capital Analytics,2025-Q4,https://www.costar.com/multifamily
55408,Minneapolis,44.8572,-93.3421,10.26,13.7,9.9,CoStar/Real Capital Analytics,2025-Q4,https://www.costar.com/multifamily
55409,Minneapolis,44.8772,-93.3331,10.44,11.9,12.7,CoStar/Real Capital Analytics,2025-Q4,https://www.costar.com/multifamily
55410,Minneapolis,45.1116,-93.382,11.28,11.2,10.7,CoStar/Real Capital Analytics,2025-Q4,https://www.costar.com/multifamily
55411,Minneapolis,44.9096,-93.239,11.88,12.1,11.6,CoStar/Real Capital Analytics,2025-Q4,https://www.costar.com/multifamily
55412,Minneapolis,44.8889,-93.323,10.01,13.6,11.5,CoStar/Real Capital Analytics,2025-Q4,https://www.costar.com/multifamily
55413,Minneapolis,44.8421,-93.3285,11.29,12.3,9.1,CoStar/Real Capital Analytics,2025-Q4,https://www.costar.com/multifamily
55414,Minneapolis,44.8698,-93.3194,11.4,14.2,10.4,CoStar/Real Capital Analytics,2025-Q4,https://www.costar.com/multifamily
55415,Minneapolis,44.9872,-93.3829,12.89,12.0,10.4,CoStar/Real Capital Analytics,2025-Q4,https://www.costar.com/multifamily
55416,Minneapolis,44.8801,-93.0865,10.27,13.9,10.6,CoStar/Real Capital Analytics,2025-Q4,https://www.costar.com/multifamily
55417,Minneapolis,44.9709,-93.2924,9.88,12.1,11.2,CoStar/Real Capital Analytics,2025-Q4,https://www.costar.com/multifamily
55418,Minneapolis,45.1121,-93.1039,10.86,13.9,11.8,CoStar/Real Capital Analytics,2025-Q4,https://www.costar.com/multifamily
55419,Minneapolis,44.87,-93.3642,11.64,14.4,9.9,CoStar/Real Capital Analytics,2025-Q4,https://www.costar.com/multifamily
55420,Minneapolis,44.9393,-93.1102,11.41,13.5,12.5,CoStar/Real Capital Analytics,2025-Q4,https://www.costar.com/multifamily
55421,Minneapolis,45.0844,-93.1116,12.98,15.5,12.2,CoStar/Real Capital Analytics,2025-Q4,https://www.costar.com/multifamily
55422,Minneapolis,44.912,-93.3073,9.75,11.6,10.8,CoStar/Real Capital Analytics,2025-Q4,https://www.costar.com/multifamily
55423,Minneapolis,44.9847,-93.1845,10.94,14.3,12.6,CoStar/Real Capital Analytics,2025-Q4,https://www.costar.com/multifamily
55424,Minneapolis,44.96,-93.2417,10.52,15.4,9.3,CoStar/Real Capital Analytics,2025-Q4,https://www.costar.com/multifamily
55425,Minneapolis,44.8654,-93.1232,12.41,14.6,10.5,CoStar/Real Capital Analytics,2025-Q4,https://www.costar.com/multifamily
55426,Minneapolis,45.0066,-93.4325,11.53,11.9,12.4,CoStar/Real Capital Analytics,2025-Q4,https://www.costar.com/multifamily
55427,Minneapolis,44.9101,-93.3012,9.75,14.9,12.4,CoStar/Real Capital Analytics,2025-Q4,https://www.costar.com/multifamily
55428,Minneapolis,45.0968,-93.4219,9.8,13.3,11.7,CoStar/Real Capital Analytics,2025-Q4,https://www.costar.com/multifamily
55429,Minneapolis,45.12,-93.2742,11.05,13.3,11.6,CoStar/Real Capital Analytics,2025-Q4,https://www.costar.com/multifamily
55430,Minneapolis,45.038,-93.1797,9.96,13.1,12.8,CoStar/Real Capital Analytics,2025-Q4,https://www.costar.com/multifamily
33601,Tampa Bay,27.9986,-82.5116,13.62,15.5,12.9,CoStar/Real Capital Analytics,2025-Q4,https://www.costar.com/multifamily
33602,Tampa Bay,27.9669,-82.4874,11.69,17.1,12.7,CoStar/Real Capital Analytics,2025-Q4,https://www.costar.com/multifamily
33603,Tampa Bay,27.9849,-82.3721,14.73,13.1,12.6,CoStar/Real Capital Analytics,2025-Q4,https://www.costar.com/multifamily
33604,Tampa Bay,27.8212,-82.284,12.99,13.5,12.6,CoStar/Real Capital Analytics,2025-Q4,https://www.costar.com/multifamily
33605,Tampa Bay,27.8902,-82.5817,10.99,13.3,9.8,CoStar/Real Capital Analytics,2025-Q4,https://www.costar.com/multifamily
33606,Tampa Bay,27.9975,-82.5008,10.6,12.8,10.2,CoStar/Real Capital Analytics,2025-Q4,https://www.costar.com/multifamily
33607,Tampa Bay,27.8167,-82.4116,14.63,15.7,13.7,CoStar/Real Capital Analytics,2025-Q4,https://www.costar.com/multifamily
33608,Tampa Bay,28.0567,-82.4245,14.71,15.4,13.6,CoStar/Real Capital Analytics,2025-Q4,https://www.costar.com/multifamily
33609,Tampa Bay,28.0279,-82.4925,13.41,17.1,10.0,CoStar/Real Capital Analytics,2025-Q4,https://www.costar.com/multifamily
33610,Tampa Bay,27.9879,-82.6369,11.69,13.3,10.5,CoStar/Real Capital Analytics,2025-Q4,https://www.costar.com/multifamily
33611,Tampa Bay,27.9889,-82.4287,13.99,13.4,14.0,CoStar/Real Capital Analytics,2025-Q4,https://www.costar.com/multifamily
33612,Tampa Bay,28.0964,-82.5693,11.84,14.0,14.0,CoStar/Real Capital Analytics,2025-Q4,https://www.costar.com/multifamily
33613,Tampa Bay,28.075,-82.6132,10.43,12.3,12.9,CoStar/Real Capital Analytics,2025-Q4,https://www.costar.com/multifamily
33614,Tampa Bay,28.0243,-82.5429,13.45,12.4,9.8,CoStar/Real Capital Analytics,2025-Q4,https://www.costar.com/multifamily
33615,Tampa Bay,27.8632,-82.5799,14.74,12.7,11.5,CoStar/Real Capital Analytics,2025-Q4,https://www.costar.com/multifamily
33616,Tampa Bay,27.8793,-82.5428,13.84,13.1,11.8,CoStar/Real Capital Analytics,2025-Q4,https://www.costar.com/multifamily
33617,Tampa Bay,27.8741,-82.3869,13.88,15.8,13.0,CoStar/Real Capital Analytics,2025-Q4,https://www.costar.com/multifamily
33618,Tampa Bay,27.9153,-82.3565,14.17,16.0,11.1,CoStar/Real Capital Analytics,2025-Q4,https://www.costar.com/multifamily
33619,Tampa Bay,27.8973,-82.377,12.85,16.7,12.8,CoStar/Real Capital Analytics,2025-Q4,https://www.costar.com/multifamily
33620,Tampa Bay,28.0208,-82.4247,12.9,12.5,11.6,CoStar/Real Capital Analytics,2025-Q4,https://www.costar.com/multifamily
33621,Tampa Bay,27.9501,-82.3987,10.77,13.5,11.8,CoStar/Real Capital Analytics,2025-Q4,https://www.costar.com/multifamily
33622,Tampa Bay,27.9814,-82.6047,14.67,15.6,11.7,CoStar/Real Capital Analytics,2025-Q4,https://www.costar.com/multifamily
33623,Tampa Bay,27.9174,-82.5239,13.5,13.5,10.7,CoStar/Real Capital Analytics,2025-Q4,https://www.costar.com/multifamily
33624,Tampa Bay,27.9226,-82.369,10.9,16.3,13.0,CoStar/Real Capital Analytics,2025-Q4,https://www.costar.com/multifamily
33625,Tampa Bay,27.9608,-82.6035,14.41,12.9,14.0,CoStar/Real Capital Analytics,2025-Q4,https://www.costar.com/multifamily
33626,Tampa Bay,27.8313,-82.5546,12.42,16.4,10.4,CoStar/Real Capital Analytics,2025-Q4,https://www.costar.com/multifamily
33627,Tampa Bay,27.8189,-82.5018,12.0,15.5,11.6,CoStar/Real Capital Analytics,2025-Q4,https://www.costar.com/multifamily
33628,Tampa Bay,27.9677,-82.3873,13.39,17.0,10.6,CoStar/Real Capital Analytics,2025-Q4,https://www.costar.com/multifamily
33629,Tampa Bay,27.8192,-82.4463,12.17,16.2,13.1,CoStar/Real Capital Analytics,2025-Q4,https://www.costar.com/multifamily
33630,Tampa Bay,28.0678,-82.4595,13.33,16.9,11.4,CoStar/Real Capital Analytics,2025-Q4,https://www.costar.com/multifamily
33631,Tampa Bay,27.8376,-82.6007,10.3,14.5,11.0,CoStar/Real Capital Analytics,2025-Q4,https://www.costar.com/multifamily
33632,Tampa Bay,27.8238,-82.5809,14.37,14.5,13.2,CoStar/Real Capital Analytics,2025-Q4,https://www.costar.com/multifamily
33633,Tampa Bay,27.9445,-82.5952,14.58,13.9,10.0,CoStar/Real Capital Analytics,2025-Q4,https://www.costar.com/multifamily
33634,Tampa Bay,27.8879,-82.389,13.35,13.5,13.1,CoStar/Real Capital Analytics,2025-Q4,https://www.costar.com/multifamily
33635,Tampa Bay,27.9175,-82.3407,10.9,16.1,13.7,CoStar/Real Capital Analytics,2025-Q4,https://www.costar.com/multifamily
33636,Tampa Bay,27.867,-82.5172,12.45,12.8,11.4,CoStar/Real Capital Analytics,2025-Q4,https://www.costar.com/multifamily
33637,Tampa Bay,27.8428,-82.4047,13.88,16.2,13.8,CoStar/Real Capital Analytics,2025-Q4,https://www.costar.com/multifamily
33638,Tampa Bay,27.8969,-82.5837,10.98,17.0,12.4,CoStar/Real Capital Analytics,2025-Q4,https://www.costar.com/multifamily
33639,Tampa Bay,27.8519,-82.4583,11.9,16.9,11.2,CoStar/Real Capital Analytics,2025-Q4,https://www.costar.com/multifamily
33640,Tampa Bay,27.819,-82.3059,10.92,14.2,10.5,CoStar/Real Capital Analytics,2025-Q4,https://www.costar.com/multifamily
70112,New Orleans,30.0007,-90.0178,11.06,12.2,8.4,CoStar/Real Capital Analytics,2025-Q4,https://www.costar.com/multifamily
70113,New Orleans,29.9955,-90.2026,9.83,11.2,8.0,CoStar/Real Capital Analytics,2025-Q4,https://www.costar.com/multifamily
70114,New Orleans,30.0978,-90.036,10.84,10.5,10.4,CoStar/Real Capital Analytics,2025-Q4,https://www.costar.com/multifamily
70115,New Orleans,30.0186,-89.901,10.34,10.2,9.7,CoStar/Real Capital Analytics,2025-Q4,https://www.costar.com/multifamily
70116,New Orleans,30.0939,-90.0688,10.7,10.8,7.5,CoStar/Real Capital Analytics,2025-Q4,https://www.costar.com/multifamily
70117,New Orleans,30.0938,-89.9313,8.97,10.9,9.5,CoStar/Real Capital Analytics,2025-Q4,https://www.costar.com/multifamily
70118,New Orleans,29.8235,-90.0269,10.08,12.1,10.3,CoStar/Real Capital Analytics,2025-Q4,https://www.costar.com/multifamily
70119,New Orleans,29.9,-90.1187,9.89,11.2,8.4,CoStar/Real Capital Analytics,2025-Q4,https://www.costar.com/multifamily
70120,New Orleans,30.0111,-89.9881,10.27,11.4,7.8,CoStar/Real Capital Analytics,2025-Q4,https://www.costar.com/multifamily
70121,New Orleans,29.8391,-89.9342,8.84,11.8,7.5,CoStar/Real Capital Analytics,2025-Q4,https://www.costar.com/multifamily
70122,New Orleans,29.962,-90.212,9.61,12.0,7.8,CoStar/Real Capital Analytics,2025-Q4,https://www.costar.com/multifamily
70123,New Orleans,29.8127,-90.0026,10.76,10.8,8.2,CoStar/Real Capital Analytics,2025-Q4,https://www.costar.com/multifamily
70124,New Orleans,29.9329,-90.072,10.34,9.9,7.6,CoStar/Real Capital Analytics,2025-Q4,https://www.costar.com/multifamily
70125,New Orleans,29.8626,-90.0181,9.24,9.8,8.7,CoStar/Real Capital Analytics,2025-Q4,https://www.costar.com/multifamily
70126,New Orleans,29.9915,-90.0393,9.81,10.4,9.8,CoStar/Real Capital Analytics,2025-Q4,https://www.costar.com/multifamily
70127,New Orleans,29.8438,-90.215,9.51,13.2,8.4,CoStar/Real Capital Analytics,2025-Q4,https://www.costar.com/multifamily
70128,New Orleans,29.8668,-90.1334,8.91,13.1,9.9,CoStar/Real Capital Analytics,2025-Q4,https://www.costar.com/multifamily
70129,New Orleans,29.8485,-89.896,9.58,11.3,9.4,CoStar/Real Capital Analytics,2025-Q4,https://www.costar.com/multifamily
70130,New Orleans,29.8377,-89.9451,11.07,10.1,9.1,CoStar/Real Capital Analytics,2025-Q4,https://www.costar.com/multifamily
70131,New Orleans,30.0326,-90.1951,10.07,9.3,7.8,CoStar/Real Capital Analytics,2025-Q4,https://www.costar.com/multifamily
70132,New Orleans,30.0371,-90.2343,9.06,11.6,9.0,CoStar/Real Capital Analytics,2025-Q4,https://www.costar.com/multifamily
70133,New Orleans,29.968,-89.9595,11.19,9.2,9.6,CoStar/Real Capital Analytics,2025-Q4,https://www.costar.com/multifamily
70134,New Orleans,29.8787,-89.9503,8.21,10.8,8.8,CoStar/Real Capital Analytics,2025-Q4,https://www.costar.com/multifamily
70135,New Orleans,30.016,-90.1856,9.57,9.5,8.8,CoStar/Real Capital Analytics,2025-Q4,https://www.costar.com/multifamily
70136,New Orleans,29.9351,-89.9513,10.89,12.1,8.0,CoStar/Real Capital Analytics,2025-Q4,https://www.costar.com/multifamily
23220,Richmond,37.4159,-77.5995,12.56,13.6,11.2,CoStar/Real Capital Analytics,2025-Q4,https://www.costar.com/multifamily
23221,Richmond,37.6849,-77.4639,9.74,14.4,9.0,CoStar/Real Capital Analytics,2025-Q4,https://www.costar.com/multifamily
23222,Richmond,37.4054,-77.4226,12.08,13.9,9.8,CoStar/Real Capital Analytics,2025-Q4,https://www.costar.com/multifamily
23223,Richmond,37.4967,-77.585,12.0,11.4,9.4,CoStar/Real Capital Analytics,2025-Q4,https://www.costar.com/multifamily
23224,Richmond,37.5448,-77.5774,11.27,14.6,8.8,CoStar/Real Capital Analytics,2025-Q4,https://www.costar.com/multifamily
23225,Richmond,37.4723,-77.4837,12.06,12.7,11.0,CoStar/Real Capital Analytics,2025-Q4,https://www.costar.com/multifamily
23226,Richmond,37.6595,-77.4309,11.67,13.8,11.4,CoStar/Real Capital Analytics,2025-Q4,https://www.costar.com/multifamily
23227,Richmond,37.4189,-77.5338,11.01,14.1,12.1,CoStar/Real Capital Analytics,2025-Q4,https://www.costar.com/multifamily
23228,Richmond,37.5328,-77.4454,9.26,12.2,10.5,CoStar/Real Capital Analytics,2025-Q4,https://www.costar.com/multifamily
23229,Richmond,37.526,-77.5971,9.93,14.5,8.7,CoStar/Real Capital Analytics,2025-Q4,https://www.costar.com/multifamily
23230,Richmond,37.5885,-77.5539,11.57,10.9,11.9,CoStar/Real Capital Analytics,2025-Q4,https://www.costar.com/multifamily
23231,Richmond,37.5199,-77.5093,12.38,12.2,11.0,CoStar/Real Capital Analytics,2025-Q4,https://www.costar.com/multifamily
23232,Richmond,37.4466,-77.5103,9.27,14.7,9.6,CoStar/Real Capital Analytics,2025-Q4,https://www.costar.com/multifamily
23233,Richmond,37.4853,-77.4535,9.09,11.9,10.4,CoStar/Real Capital Analytics,2025-Q4,https://www.costar.com/multifamily
23234,Richmond,37.6252,-77.5046,12.32,14.5,9.9,CoStar/Real Capital Analytics,2025-Q4,https://www.costar.com/multifamily
23235,Richmond,37.4086,-77.3644,10.21,11.6,8.5,CoStar/Real Capital Analytics,2025-Q4,https://www.costar.com/multifamily
23236,Richmond,37.4421,-77.4001,11.51,10.8,10.9,CoStar/Real Capital Analytics,2025-Q4,https://www.costar.com/multifamily
23237,Richmond,37.6444,-77.5962,9.89,10.9,8.6,CoStar/Real Capital Analytics,2025-Q4,https://www.costar.com/multifamily
23238,Richmond,37.5241,-77.3425,12.65,12.2,9.6,CoStar/Real Capital Analytics,2025-Q4,https://www.costar.com/multifamily
23239,Richmond,37.6458,-77.611,12.0,12.0,9.0,CoStar/Real Capital Analytics,2025-Q4,https://www.costar.com/multifamily
23240,Richmond,37.5877,-77.2828,9.09,14.2,11.0,CoStar/Real Capital Analytics,2025-Q4,https://www.costar.com/multifamily
23241,Richmond,37.5335,-77.3148,11.45,12.0,10.1,CoStar/Real Capital Analytics,2025-Q4,https://www.costar.com/multifamily
23242,Richmond,37.618,-77.5881,8.96,12.5,8.4,CoStar/Real Capital Analytics,2025-Q4,https://www.costar.com/multifamily
23243,Richmond,37.6746,-77.4299,9.94,13.5,12.0,CoStar/Real Capital Analytics,2025-Q4,https://www.costar.com/multifamily
23244,Richmond,37.4129,-77.5491,10.47,11.4,10.6,CoStar/Real Capital Analytics,2025-Q4,https://www.costar.com/multifamily
35201,Birmingham,33.4901,-86.7203,8.31,12.4,8.1,CoStar/Real Capital Analytics,2025-Q4,https://www.costar.com/multifamily
35202,Birmingham,33.3741,-86.8958,8.11,11.8,8.2,CoStar/Real Capital Analytics,2025-Q4,https://www.costar.com/multifamily
35203,Birmingham,33.456,-86.7176,10.25,12.1,8.8,CoStar/Real Capital Analytics,2025-Q4,https://www.costar.com/multifamily
35204,Birmingham,33.4961,-86.9773,9.73,9.4,7.9,CoStar/Real Capital Analytics,2025-Q4,https://www.costar.com/multifamily
35205,Birmingham,33.6097,-86.9059,8.87,11.0,8.1,CoStar/Real Capital Analytics,2025-Q4,https://www.costar.com/multifamily
35206,Birmingham,33.5145,-86.707,9.8,12.3,7.1,CoStar/Real Capital Analytics,2025-Q4,https://www.costar.com/multifamily
35207,Birmingham,33.6256,-86.8317,10.08,10.3,9.5,CoStar/Real Capital Analytics,2025-Q4,https://www.costar.com/multifamily
35208,Birmingham,33.5024,-86.9896,10.11,12.4,7.2,CoStar/Real Capital Analytics,2025-Q4,https://www.costar.com/multifamily
35209,Birmingham,33.5363,-86.6368,10.42,10.4,8.2,CoStar/Real Capital Analytics,2025-Q4,https://www.costar.com/multifamily
35210,Birmingham,33.5389,-86.7826,7.5,9.8,7.2,CoStar/Real Capital Analytics,2025-Q4,https://www.costar.com/multifamily
35211,Birmingham,33.3983,-86.887,9.53,12.3,8.2,CoStar/Real Capital Analytics,2025-Q4,https://www.costar.com/multifamily
35212,Birmingham,33.4121,-86.9251,10.61,9.4,9.8,CoStar/Real Capital Analytics,2025-Q4,https://www.costar.com/multifamily
35213,Birmingham,33.5525,-86.756,9.84,11.6,7.3,CoStar/Real Capital Analytics,2025-Q4,https://www.costar.com/multifamily
35214,Birmingham,33.6606,-86.8263,8.83,11.5,9.6,CoStar/Real Capital Analytics,2025-Q4,https://www.costar.com/multifamily
35215,Birmingham,33.4282,-86.7244,9.41,12.5,8.2,CoStar/Real Capital Analytics,2025-Q4,https://www.costar.com/multifamily
35216,Birmingham,33.4336,-86.7062,8.94,12.3,9.5,CoStar/Real Capital Analytics,2025-Q4,https://www.costar.com/multifamily
35217,Birmingham,33.6403,-86.6336,8.96,11.4,7.2,CoStar/Real Capital Analytics,2025-Q4,https://www.costar.com/multifamily
35218,Birmingham,33.3932,-86.7566,9.67,11.4,9.1,CoStar/Real Capital Analytics,2025-Q4,https://www.costar.com/multifamily
35219,Birmingham,33.5263,-86.9559,9.43,12.5,9.5,CoStar/Real Capital Analytics,2025-Q4,https://www.costar.com/multifamily
35220,Birmingham,33.4906,-86.97,9.09,10.9,7.9,CoStar/Real Capital Analytics,2025-Q4,https://www.costar.com/multifamily
35221,Birmingham,33.5274,-86.9599,10.45,10.3,8.7,CoStar/Real Capital Analytics,2025-Q4,https://www.costar.com/multifamily
35222,Birmingham,33.3758,-86.956,8.89,9.6,9.5,CoStar/Real Capital Analytics,2025-Q4,https://www.costar.com/multifamily
35223,Birmingham,33.5678,-86.8921,8.62,10.8,7.4,CoStar/Real Capital Analytics,2025-Q4,https://www.costar.com/multifamily
35224,Birmingham,33.6499,-86.6487,7.49,9.4,7.8,CoStar/Real Capital Analytics,2025-Q4,https://www.costar.com/multifamily
35225,Birmingham,33.4204,-86.957,9.22,12.2,8.9,CoStar/Real Capital Analytics,2025-Q4,https://www.costar.com/multifamily
39201,Jackson,32.2271,-90.2321,7.43,10.3,7.4,CoStar/Real Capital Analytics,2025-Q4,https://www.costar.com/multifamily
39202,Jackson,32.1528,-90.3527,8.84,11.1,7.4,CoStar/Real Capital Analytics,2025-Q4,https://www.costar.com/multifamily
39203,Jackson,32.1656,-90.2184,8.98,10.6,8.3,CoStar/Real Capital Analytics,2025-Q4,https://www.costar.com/multifamily
39204,Jackson,32.2514,-90.3531,8.91,8.5,8.4,CoStar/Real Capital Analytics,2025-Q4,https://www.costar.com/multifamily
39205,Jackson,32.1709,-90.3045,8.72,9.3,7.4,CoStar/Real Capital Analytics,2025-Q4,https://www.costar.com/multifamily
39206,Jackson,32.2849,-90.3222,9.25,10.9,7.6,CoStar/Real Capital Analytics,2025-Q4,https://www.costar.com/multifamily
39207,Jackson,32.2956,-90.2128,9.31,8.9,8.5,CoStar/Real Capital Analytics,2025-Q4,https://www.costar.com/multifamily
39208,Jackson,32.2655,-90.2881,9.5,8.4,8.9,CoStar/Real Capital Analytics,2025-Q4,https://www.costar.com/multifamily
39209,Jackson,32.1819,-90.1096,8.33,9.3,7.0,CoStar/Real Capital Analytics,2025-Q4,https://www.costar.com/multifamily
39210,Jackson,32.1713,-90.305,7.93,8.6,6.7,CoStar/Real Capital Analytics,2025-Q4,https://www.costar.com/multifamily
39211,Jackson,32.4482,-90.2347,7.04,10.6,9.2,CoStar/Real Capital Analytics,2025-Q4,https://www.costar.com/multifamily
39212,Jackson,32.296,-90.2763,8.08,8.8,8.5,CoStar/Real Capital Analytics,2025-Q4,https://www.costar.com/multifamily
39213,Jackson,32.1967,-90.2215,6.75,10.2,6.6,CoStar/Real Capital Analytics,2025-Q4,https://www.costar.com/multifamily
39214,Jackson,32.3854,-90.3628,8.45,8.1,6.6,CoStar/Real Capital Analytics,2025-Q4,https://www.costar.com/multifamily
39215,Jackson,32.3652,-90.304,7.95,9.7,7.9,CoStar/Real Capital Analytics,2025-Q4,https://www.costar.com/multifamily
72201,Little Rock,34.7682,-92.3894,7.87,10.4,8.2,CoStar/Real Capital Analytics,2025-Q4,https://www.costar.com/multifamily
72202,Little Rock,34.7976,-92.1628,9.93,10.2,7.3,CoStar/Real Capital Analytics,2025-Q4,https://www.costar.com/multifamily
72203,Little Rock,34.6219,-92.3923,9.94,8.8,8.6,CoStar/Real Capital Analytics,2025-Q4,https://www.costar.com/multifamily
72204,Little Rock,34.7488,-92.4652,8.23,8.8,9.0,CoStar/Real Capital Analytics,2025-Q4,https://www.costar.com/multifamily
72205,Little Rock,34.7948,-92.249,9.44,12.5,7.1,CoStar/Real Capital Analytics,2025-Q4,https://www.costar.com/multifamily
72206,Little Rock,34.6569,-92.1649,10.46,11.9,9.1,CoStar/Real Capital Analytics,2025-Q4,https://www.costar.com/multifamily
72207,Little Rock,34.7913,-92.2076,10.38,9.2,7.3,CoStar/Real Capital Analytics,2025-Q4,https://www.costar.com/multifamily
72208,Little Rock,34.7869,-92.3467,8.46,11.3,8.7,CoStar/Real Capital Analytics,2025-Q4,https://www.costar.com/multifamily
72209,Little Rock,34.8213,-92.4585,9.2,9.3,9.2,CoStar/Real Capital Analytics,2025-Q4,https://www.costar.com/multifamily
72210,Little Rock,34.8875,-92.1108,10.14,10.9,8.8,CoStar/Real Capital Analytics,2025-Q4,https://www.costar.com/multifamily
72211,Little Rock,34.6962,-92.2345,10.47,10.5,9.5,CoStar/Real Capital Analytics,2025-Q4,https://www.costar.com/multifamily
72212,Little Rock,34.6491,-92.124,9.72,11.7,8.8,CoStar/Real Capital Analytics,2025-Q4,https://www.costar.com/multifamily
72213,Little Rock,34.8331,-92.4152,9.9,12.3,7.1,CoStar/Real Capital Analytics,2025-Q4,https://www.costar.com/multifamily
72214,Little Rock,34.6539,-92.422,8.45,11.1,7.3,CoStar/Real Capital Analytics,2025-Q4,https://www.costar.com/multifamily
72215,Little Rock,34.5972,-92.1171,9.91,8.9,9.3,CoStar/Real Capital Analytics,2025-Q4,https://www.costar.com/multifamily
72216,Little Rock,34.8815,-92.2356,9.88,9.5,7.4,CoStar/Real Capital Analytics,2025-Q4,https://www.costar.com/multifamily
72217,Little Rock,34.6064,-92.3915,8.55,12.1,8.8,CoStar/Real Capital Analytics,2025-Q4,https://www.costar.com/multifamily
72218,Little Rock,34.8266,-92.1155,8.88,10.2,9.6,CoStar/Real Capital Analytics,2025-Q4,https://www.costar.com/multifamily
72219,Little Rock,34.6087,-92.1653,7.8,11.3,7.7,CoStar/Real Capital Analytics,2025-Q4,https://www.costar.com/multifamily
72220,Little Rock,34.7655,-92.4348,10.03,11.7,8.1,CoStar/Real Capital Analytics,2025-Q4,https://www.costar.com/multifamily
37401,Chattanooga,35.1461,-85.4534,10.37,11.3,10.7,CoStar/Real Capital Analytics,2025-Q4,https://www.costar.com/multifamily
37402,Chattanooga,34.9016,-85.1394,8.19,11.1,10.4,CoStar/Real Capital Analytics,2025-Q4,https://www.costar.com/multifamily
37403,Chattanooga,34.9809,-85.4578,10.0,12.9,9.0,CoStar/Real Capital Analytics,2025-Q4,https://www.costar.com/multifamily
37404,Chattanooga,34.9264,-85.3973,11.42,12.7,7.8,CoStar/Real Capital Analytics,2025-Q4,https://www.costar.com/multifamily
37405,Chattanooga,34.953,-85.1991,9.26,10.3,9.7,CoStar/Real Capital Analytics,2025-Q4,https://www.costar.com/multifamily
37406,Chattanooga,34.9671,-85.1632,8.95,12.1,9.9,CoStar/Real Capital Analytics,2025-Q4,https://www.costar.com/multifamily
37407,Chattanooga,35.0358,-85.4468,10.61,12.4,10.3,CoStar/Real Capital Analytics,2025-Q4,https://www.costar.com/multifamily
37408,Chattanooga,35.1555,-85.4106,9.93,12.7,8.7,CoStar/Real Capital Analytics,2025-Q4,https://www.costar.com/multifamily
37409,Chattanooga,34.8976,-85.3465,10.52,12.4,9.7,CoStar/Real Capital Analytics,2025-Q4,https://www.costar.com/multifamily
37410,Chattanooga,35.0951,-85.3763,8.83,12.1,8.0,CoStar/Real Capital Analytics,2025-Q4,https://www.costar.com/multifamily
37411,Chattanooga,34.9414,-85.4732,10.6,10.4,8.5,CoStar/Real Capital Analytics,2025-Q4,https://www.costar.com/multifamily
37412,Chattanooga,35.0932,-85.1884,8.05,10.5,10.9,CoStar/Real Capital Analytics,2025-Q4,https://www.costar.com/multifamily
37413,Chattanooga,35.0907,-85.371,9.04,9.5,10.1,CoStar/Real Capital Analytics,2025-Q4,https://www.costar.com/multifamily
37414,Chattanooga,35.0638,-85.1962,8.62,13.1,9.7,CoStar/Real Capital Analytics,2025-Q4,https://www.costar.com/multifamily
37415,Chattanooga,35.1133,-85.1357,8.95,13.3,10.8,CoStar/Real Capital Analytics,2025-Q4,https://www.costar.com/multifamily
37416,Chattanooga,35.1223,-85.2977,11.45,10.7,9.7,CoStar/Real Capital Analytics,2025-Q4,https://www.costar.com/multifamily
37417,Chattanooga,35.0357,-85.4008,10.01,11.3,9.8,CoStar/Real Capital Analytics,2025-Q4,https://www.costar.com/multifamily
37418,Chattanooga,35.053,-85.3714,8.34,11.9,8.4,CoStar/Real Capital Analytics,2025-Q4,https://www.costar.com/multifamily
37419,Chattanooga,35.1174,-85.1895,10.07,10.8,10.2,CoStar/Real Capital Analytics,2025-Q4,https://www.costar.com/multifamily
37420,Chattanooga,35.0582,-85.3824,8.52,13.6,8.2,CoStar/Real Capital Analytics,2025-Q4,https://www.costar.com/multifamily
37901,Knoxville,35.9806,-83.8556,10.17,13.2,7.6,CoStar/Real Capital Analytics,2025-Q4,https://www.costar.com/multifamily
37902,Knoxville,36.1059,-83.8437,9.17,13.5,9.5,CoStar/Real Capital Analytics,2025-Q4,https://www.costar.com/multifamily
37903,Knoxville,35.9361,-83.8778,8.68,12.7,10.2,CoStar/Real Capital Analytics,2025-Q4,https://www.costar.com/multifamily
37904,Knoxville,35.9969,-84.0337,10.48,13.1,10.0,CoStar/Real Capital Analytics,2025-Q4,https://www.costar.com/multifamily
37905,Knoxville,35.8953,-84.0148,9.77,13.3,11.0,CoStar/Real Capital Analytics,2025-Q4,https://www.costar.com/multifamily
37906,Knoxville,35.8615,-83.9467,10.13,13.0,8.5,CoStar/Real Capital Analytics,2025-Q4,https://www.costar.com/multifamily
37907,Knoxville,35.9189,-83.7765,8.85,11.0,8.4,CoStar/Real Capital Analytics,2025-Q4,https://www.costar.com/multifamily
37908,Knoxville,35.8884,-83.8143,10.8,12.9,8.7,CoStar/Real Capital Analytics,2025-Q4,https://www.costar.com/multifamily
37909,Knoxville,36.0959,-83.7466,8.43,11.9,10.1,CoStar/Real Capital Analytics,2025-Q4,https://www.costar.com/multifamily
37910,Knoxville,35.9395,-83.7964,9.02,12.1,7.7,CoStar/Real Capital Analytics,2025-Q4,https://www.costar.com/multifamily
37911,Knoxville,35.9424,-83.9064,9.93,11.2,10.9,CoStar/Real Capital Analytics,2025-Q4,https://www.costar.com/multifamily
37912,Knoxville,35.8986,-84.0266,11.36,9.7,8.5,CoStar/Real Capital Analytics,2025-Q4,https://www.costar.com/multifamily
37913,Knoxville,35.826,-83.9278,8.94,11.6,9.6,CoStar/Real Capital Analytics,2025-Q4,https://www.costar.com/multifamily
37914,Knoxville,35.9466,-83.8265,8.62,13.6,8.4,CoStar/Real Capital Analytics,2025-Q4,https://www.costar.com/multifamily
37915,Knoxville,35.9807,-84.0089,10.41,11.2,8.1,CoStar/Real Capital Analytics,2025-Q4,https://www.costar.com/multifamily
37916,Knoxville,35.8224,-83.9231,10.46,13.5,7.8,CoStar/Real Capital Analytics,2025-Q4,https://www.costar.com/multifamily
37917,Knoxville,35.8801,-83.8696,9.29,12.8,10.5,CoStar/Real Capital Analytics,2025-Q4,https://www.costar.com/multifamily
37918,Knoxville,35.9267,-83.9212,9.11,10.2,10.1,CoStar/Real Capital Analytics,2025-Q4,https://www.costar.com/multifamily
37919,Knoxville,35.9123,-84.0963,8.08,9.9,8.9,CoStar/Real Capital Analytics,2025-Q4,https://www.costar.com/multifamily
37920,Knoxville,36.0378,-83.7642,8.97,12.7,9.3,CoStar/Real Capital Analytics,2025-Q4,https://www.costar.com/multifamily
35801,Huntsville,34.7079,-86.7432,10.97,13.1,8.7,CoStar/Real Capital Analytics,2025-Q4,https://www.costar.com/multifamily
35802,Huntsville,34.7481,-86.4382,9.37,12.4,8.5,CoStar/Real Capital Analytics,2025-Q4,https://www.costar.com/multifamily
35803,Huntsville,34.7966,-86.6401,10.19,12.8,9.5,CoStar/Real Capital Analytics,2025-Q4,https://www.costar.com/multifamily
35804,Huntsville,34.7559,-86.582,8.36,13.1,10.6,CoStar/Real Capital Analytics,2025-Q4,https://www.costar.com/multifamily
35805,Huntsville,34.8125,-86.4995,11.49,12.2,9.2,CoStar/Real Capital Analytics,2025-Q4,https://www.costar.com/multifamily
35806,Huntsville,34.7077,-86.736,8.11,10.1,8.9,CoStar/Real Capital Analytics,2025-Q4,https://www.costar.com/multifamily
35807,Huntsville,34.8121,-86.7147,8.63,13.2,8.7,CoStar/Real Capital Analytics,2025-Q4,https://www.costar.com/multifamily
35808,Huntsville,34.7777,-86.4916,8.87,12.6,9.8,CoStar/Real Capital Analytics,2025-Q4,https://www.costar.com/multifamily
35809,Huntsville,34.8185,-86.5026,10.45,13.5,8.4,CoStar/Real Capital Analytics,2025-Q4,https://www.costar.com/multifamily
35810,Huntsville,34.6263,-86.621,9.98,11.1,9.2,CoStar/Real Capital Analytics,2025-Q4,https://www.costar.com/multifamily
35811,Huntsville,34.8674,-86.6693,11.09,12.3,10.6,CoStar/Real Capital Analytics,2025-Q4,https://www.costar.com/multifamily
35812,Huntsville,34.8036,-86.6961,11.15,9.8,9.5,CoStar/Real Capital Analytics,2025-Q4,https://www.costar.com/multifamily
35813,Huntsville,34.727,-86.7408,9.86,13.2,10.6,CoStar/Real Capital Analytics,2025-Q4,https://www.costar.com/multifamily
35814,Huntsville,34.7605,-86.5112,8.37,10.9,9.3,CoStar/Real Capital Analytics,2025-Q4,https://www.costar.com/multifamily
35815,Huntsville,34.6437,-86.6057,10.59,11.3,9.5,CoStar/Real Capital Analytics,2025-Q4,https://www.costar.com/multifamily
35816,Huntsville,34.5926,-86.656,8.26,11.7,7.8,CoStar/Real Capital Analytics,2025-Q4,https://www.costar.com/multifamily
35817,Huntsville,34.7372,-86.4676,10.67,11.8,8.2,CoStar/Real Capital Analytics,2025-Q4,https://www.costar.com/multifamily
35818,Huntsville,34.8734,-86.6638,8.99,9.7,8.4,CoStar/Real Capital Analytics,2025-Q4,https://www.costar.com/multifamily
35819,Huntsville,34.7794,-86.5838,9.44,12.9,10.6,CoStar/Real Capital Analytics,2025-Q4,https://www.costar.com/multifamily
35820,Huntsville,34.604,-86.6983,8.77,11.2,9.7,CoStar/Real Capital Analytics,2025-Q4,https://www.costar.com/multifamily
80901,Colorado Springs,38.6889,-104.726,10.08,11.3,10.5,CoStar/Real Capital Analytics,2025-Q4,https://www.costar.com/multifamily
80902,Colorado Springs,38.6976,-104.8922,11.49,12.7,9.4,CoStar/Real Capital Analytics,2025-Q4,https://www.costar.com/multifamily
80903,Colorado Springs,38.7572,-104.7671,9.47,11.5,8.6,CoStar/Real Capital Analytics,2025-Q4,https://www.costar.com/multifamily
80904,Colorado Springs,38.7692,-104.9203,10.46,14.4,10.2,CoStar/Real Capital Analytics,2025-Q4,https://www.costar.com/multifamily
80905,Colorado Springs,38.897,-104.7245,11.44,13.9,10.8,CoStar/Real Capital Analytics,2025-Q4,https://www.costar.com/multifamily
80906,Colorado Springs,38.9338,-104.7896,10.36,14.5,10.1,CoStar/Real Capital Analytics,2025-Q4,https://www.costar.com/multifamily
80907,Colorado Springs,38.7351,-104.7152,10.7,10.9,9.8,CoStar/Real Capital Analytics,2025-Q4,https://www.costar.com/multifamily
80908,Colorado Springs,38.7261,-104.9324,10.66,13.6,10.7,CoStar/Real Capital Analytics,2025-Q4,https://www.costar.com/multifamily
80909,Colorado Springs,38.7516,-104.6453,9.95,14.0,8.6,CoStar/Real Capital Analytics,2025-Q4,https://www.costar.com/multifamily
80910,Colorado Springs,38.7266,-104.8132,11.64,15.2,12.2,CoStar/Real Capital Analytics,2025-Q4,https://www.costar.com/multifamily
80911,Colorado Springs,38.745,-104.9654,10.04,13.2,9.4,CoStar/Real Capital Analytics,2025-Q4,https://www.costar.com/multifamily
80912,Colorado Springs,38.8741,-104.9725,10.22,14.0,10.4,CoStar/Real Capital Analytics,2025-Q4,https://www.costar.com/multifamily
80913,Colorado Springs,38.6908,-104.9241,12.15,13.2,9.3,CoStar/Real Capital Analytics,2025-Q4,https://www.costar.com/multifamily
80914,Colorado Springs,38.7963,-104.7415,10.74,11.9,11.3,CoStar/Real Capital Analytics,2025-Q4,https://www.costar.com/multifamily
80915,Colorado Springs,38.9103,-104.9924,10.14,12.5,12.3,CoStar/Real Capital Analytics,2025-Q4,https://www.costar.com/multifamily
80916,Colorado Springs,38.8286,-104.7344,10.57,11.3,11.1,CoStar/Real Capital Analytics,2025-Q4,https://www.costar.com/multifamily
80917,Colorado Springs,38.7612,-104.9417,10.49,15.3,8.8,CoStar/Real Capital Analytics,2025-Q4,https://www.costar.com/multifamily
80918,Colorado Springs,38.8939,-104.8331,11.69,14.1,12.0,CoStar/Real Capital Analytics,2025-Q4,https://www.costar.com/multifamily
80919,Colorado Springs,38.8516,-104.8742,11.14,12.7,9.1,CoStar/Real Capital Analytics,2025-Q4,https://www.costar.com/multifamily
80920,Colorado Springs,38.8249,-104.9132,11.06,10.9,8.9,CoStar/Real Capital Analytics,2025-Q4,https://www.costar.com/multifamily
80521,Fort Collins,40.6156,-105.0487,10.57,16.6,9.8,CoStar/Real Capital Analytics,2025-Q4,https://www.costar.com/multifamily
80522,Fort Collins,40.5813,-105.0875,14.52,15.1,11.9,CoStar/Real Capital Analytics,2025-Q4,https://www.costar.com/multifamily
80523,Fort Collins,40.7337,-105.2207,11.78,12.8,12.8,CoStar/Real Capital Analytics,2025-Q4,https://www.costar.com/multifamily
80524,Fort Collins,40.5595,-105.1563,11.6,16.0,10.9,CoStar/Real Capital Analytics,2025-Q4,https://www.costar.com/multifamily
80525,Fort Collins,40.5862,-104.9995,12.94,13.1,13.3,CoStar/Real Capital Analytics,2025-Q4,https://www.costar.com/multifamily
80526,Fort Collins,40.4926,-105.1942,13.12,15.7,10.4,CoStar/Real Capital Analytics,2025-Q4,https://www.costar.com/multifamily
80527,Fort Collins,40.6055,-104.9815,11.62,14.2,11.7,CoStar/Real Capital Analytics,2025-Q4,https://www.costar.com/multifamily
80528,Fort Collins,40.5814,-105.0669,13.66,14.0,13.6,CoStar/Real Capital Analytics,2025-Q4,https://www.costar.com/multifamily
80529,Fort Collins,40.4537,-104.9633,13.33,14.6,12.6,CoStar/Real Capital Analytics,2025-Q4,https://www.costar.com/multifamily
80530,Fort Collins,40.6692,-104.9353,11.33,15.3,13.6,CoStar/Real Capital Analytics,2025-Q4,https://www.costar.com/multifamily
80531,Fort Collins,40.7276,-104.9174,12.53,12.1,12.8,CoStar/Real Capital Analytics,2025-Q4,https://www.costar.com/multifamily
80532,Fort Collins,40.5228,-105.1228,11.25,15.4,10.0,CoStar/Real Capital Analytics,2025-Q4,https://www.costar.com/multifamily
80533,Fort Collins,40.7307,-105.1286,11.6,14.5,12.4,CoStar/Real Capital Analytics,2025-Q4,https://www.costar.com/multifamily
80534,Fort Collins,40.6703,-105.1334,11.15,15.4,11.8,CoStar/Real Capital Analytics,2025-Q4,https://www.costar.com/multifamily
80535,Fort Collins,40.5431,-105.0584,13.5,12.1,13.3,CoStar/Real Capital Analytics,2025-Q4,https://www.costar.com/multifamily
83701,Boise,43.7247,-116.0441,13.83,15.9,11.1,CoStar/Real Capital Analytics,2025-Q4,https://www.costar.com/multifamily
83702,Boise,43.6019,-116.2558,10.54,16.2,11.3,CoStar/Real Capital Analytics,2025-Q4,https://www.costar.com/multifamily
83703,Boise,43.6464,-116.2294,12.08,15.8,12.9,CoStar/Real Capital Analytics,2025-Q4,https://www.costar.com/multifamily
83704,Boise,43.6846,-116.3613,14.42,12.4,11.4,CoStar/Real Capital Analytics,2025-Q4,https://www.costar.com/multifamily
83705,Boise,43.7173,-116.1541,12.37,17.1,12.9,CoStar/Real Capital Analytics,2025-Q4,https://www.costar.com/multifamily
83706,Boise,43.5021,-116.1499,12.86,17.3,12.8,CoStar/Real Capital Analytics,2025-Q4,https://www.costar.com/multifamily
83707,Boise,43.5185,-116.0558,12.32,16.2,11.5,CoStar/Real Capital Analytics,2025-Q4,https://www.costar.com/multifamily
83708,Boise,43.7088,-116.1862,14.4,13.9,13.1,CoStar/Real Capital Analytics,2025-Q4,https://www.costar.com/multifamily
83709,Boise,43.718,-116.3356,11.94,14.9,12.5,CoStar/Real Capital Analytics,2025-Q4,https://www.costar.com/multifamily
83710,Boise,43.5694,-116.3151,11.69,16.1,13.8,CoStar/Real Capital Analytics,2025-Q4,https://www.costar.com/multifamily
83711,Boise,43.514,-116.3647,14.13,16.8,11.6,CoStar/Real Capital Analytics,2025-Q4,https://www.costar.com/multifamily
83712,Boise,43.5914,-116.2544,10.46,17.3,9.9,CoStar/Real Capital Analytics,2025-Q4,https://www.costar.com/multifamily
83713,Boise,43.677,-116.2647,11.74,13.8,12.6,CoStar/Real Capital Analytics,2025-Q4,https://www.costar.com/multifamily
83714,Boise,43.5255,-116.2124,14.57,17.0,9.8,CoStar/Real Capital Analytics,2025-Q4,https://www.costar.com/multifamily
83715,Boise,43.6774,-116.1641,12.81,16.6,11.7,CoStar/Real Capital Analytics,2025-Q4,https://www.costar.com/multifamily
83716,Boise,43.5902,-116.2899,13.62,15.1,10.7,CoStar/Real Capital Analytics,2025-Q4,https://www.costar.com/multifamily
83717,Boise,43.7008,-116.3328,14.65,14.7,12.5,CoStar/Real Capital Analytics,2025-Q4,https://www.costar.com/multifamily
83718,Boise,43.5903,-116.2651,13.82,12.5,13.9,CoStar/Real Capital Analytics,2025-Q4,https://www.costar.com/multifamily
83719,Boise,43.4972,-116.3332,14.27,14.2,12.0,CoStar/Real Capital Analytics,2025-Q4,https://www.costar.com/multifamily
83720,Boise,43.699,-116.2283,13.37,16.7,10.4,CoStar/Real Capital Analytics,2025-Q4,https://www.costar.com/multifamily
84101,Salt Lake City,40.8773,-111.9314,14.17,12.9,13.2,CoStar/Real Capital Analytics,2025-Q4,https://www.costar.com/multifamily
84102,Salt Lake City,40.6363,-112.0239,13.47,14.4,12.0,CoStar/Real Capital Analytics,2025-Q4,https://www.costar.com/multifamily
84103,Salt Lake City,40.7514,-111.8461,12.95,14.5,12.2,CoStar/Real Capital Analytics,2025-Q4,https://www.costar.com/multifamily
84104,Salt Lake City,40.823,-111.9307,11.27,16.8,11.3,CoStar/Real Capital Analytics,2025-Q4,https://www.costar.com/multifamily
84105,Salt Lake City,40.6169,-111.754,11.09,12.7,13.1,CoStar/Real Capital Analytics,2025-Q4,https://www.costar.com/multifamily
84106,Salt Lake City,40.825,-111.9304,10.26,13.3,10.0,CoStar/Real Capital Analytics,2025-Q4,https://www.costar.com/multifamily
84107,Salt Lake City,40.7135,-111.8584,14.49,14.3,10.5,CoStar/Real Capital Analytics,2025-Q4,https://www.costar.com/multifamily
84108,Salt Lake City,40.6178,-112.023,12.01,14.9,11.8,CoStar/Real Capital Analytics,2025-Q4,https://www.costar.com/multifamily
84109,Salt Lake City,40.6842,-111.832,11.05,17.0,13.9,CoStar/Real Capital Analytics,2025-Q4,https://www.costar.com/multifamily
84110,Salt Lake City,40.6812,-111.8502,13.28,15.2,11.8,CoStar/Real Capital Analytics,2025-Q4,https://www.costar.com/multifamily
84111,Salt Lake City,40.7174,-111.7903,14.03,12.7,13.5,CoStar/Real Capital Analytics,2025-Q4,https://www.costar.com/multifamily
84112,Salt Lake City,40.8392,-111.8342,12.46,14.6,12.9,CoStar/Real Capital Analytics,2025-Q4,https://www.costar.com/multifamily
84113,Salt Lake City,40.8892,-111.8919,11.85,12.5,12.8,CoStar/Real Capital Analytics,2025-Q4,https://www.costar.com/multifamily
84114,Salt Lake City,40.8178,-111.7551,10.4,17.1,11.1,CoStar/Real Capital Analytics,2025-Q4,https://www.costar.com/multifamily
84115,Salt Lake City,40.8422,-111.9471,13.76,16.5,10.7,CoStar/Real Capital Analytics,2025-Q4,https://www.costar.com/multifamily
84116,Salt Lake City,40.8637,-111.9126,11.47,12.3,10.0,CoStar/Real Capital Analytics,2025-Q4,https://www.costar.com/multifamily
84117,Salt Lake City,40.7678,-111.8173,12.7,14.4,10.5,CoStar/Real Capital Analytics,2025-Q4,https://www.costar.com/multifamily
84118,Salt Lake City,40.7497,-111.8455,10.94,15.5,10.0,CoStar/Real Capital Analytics,2025-Q4,https://www.costar.com/multifamily
84119,Salt Lake City,40.8466,-111.8149,14.27,13.1,14.0,CoStar/Real Capital Analytics,2025-Q4,https://www.costar.com/multifamily
84120,Salt Lake City,40.8174,-111.8833,12.53,16.5,10.8,CoStar/Real Capital Analytics,2025-Q4,https://www.costar.com/multifamily
84121,Salt Lake City,40.7933,-111.7582,12.78,13.0,12.7,CoStar/Real Capital Analytics,2025-Q4,https://www.costar.com/multifamily
84122,Salt Lake City,40.6815,-111.9512,12.32,12.8,11.8,CoStar/Real Capital Analytics,2025-Q4,https://www.costar.com/multifamily
84123,Salt Lake City,40.7958,-111.9414,13.9,13.7,12.0,CoStar/Real Capital Analytics,2025-Q4,https://www.costar.com/multifamily
84124,Salt Lake City,40.7031,-111.7985,12.66,17.1,10.9,CoStar/Real Capital Analytics,2025-Q4,https://www.costar.com/multifamily
84125,Salt Lake City,40.8587,-111.7259,11.71,14.8,12.3,CoStar/Real Capital Analytics,2025-Q4,https://www.costar.com/multifamily
84126,Salt Lake City,40.6944,-112.0675,12.5,13.0,12.2,CoStar/Real Capital Analytics,2025-Q4,https://www.costar.com/multifamily
84127,Salt Lake City,40.7442,-112.0667,10.34,15.1,13.2,CoStar/Real Capital Analytics,2025-Q4,https://www.costar.com/multifamily
84128,Salt Lake City,40.8542,-111.9549,11.24,17.3,9.9,CoStar/Real Capital Analytics,2025-Q4,https://www.costar.com/multifamily
84129,Salt Lake City,40.7484,-111.8172,11.83,14.1,9.9,CoStar/Real Capital Analytics,2025-Q4,https://www.costar.com/multifamily
84130,Salt Lake City,40.7792,-111.7822,10.93,12.4,12.3,CoStar/Real Capital Analytics,2025-Q4,https://www.costar.com/multifamily
89501,Reno,39.4008,-119.9316,10.81,14.3,11.2,CoStar/Real Capital Analytics,2025-Q4,https://www.costar.com/multifamily
89502,Reno,39.3829,-119.8015,11.46,12.2,11.7,CoStar/Real Capital Analytics,2025-Q4,https://www.costar.com/multifamily
89503,Reno,39.6474,-119.9435,11.59,15.5,11.2,CoStar/Real Capital Analytics,2025-Q4,https://www.costar.com/multifamily
89504,Reno,39.5015,-119.7962,12.9,17.1,11.8,CoStar/Real Capital Analytics,2025-Q4,https://www.costar.com/multifamily
89505,Reno,39.6072,-119.9909,12.22,15.7,10.1,CoStar/Real Capital Analytics,2025-Q4,https://www.costar.com/multifamily
89506,Reno,39.539,-119.9151,14.62,16.7,12.5,CoStar/Real Capital Analytics,2025-Q4,https://www.costar.com/multifamily
89507,Reno,39.613,-119.7196,12.21,13.5,13.2,CoStar/Real Capital Analytics,2025-Q4,https://www.costar.com/multifamily
89508,Reno,39.4903,-119.9834,13.1,13.7,13.8,CoStar/Real Capital Analytics,2025-Q4,https://www.costar.com/multifamily
89509,Reno,39.4744,-119.7708,12.63,14.6,10.9,CoStar/Real Capital Analytics,2025-Q4,https://www.costar.com/multifamily
89510,Reno,39.4756,-119.6483,11.49,12.2,13.6,CoStar/Real Capital Analytics,2025-Q4,https://www.costar.com/multifamily
89511,Reno,39.6468,-119.9826,11.6,15.3,10.6,CoStar/Real Capital Analytics,2025-Q4,https://www.costar.com/multifamily
89512,Reno,39.6637,-119.9181,11.54,13.9,11.1,CoStar/Real Capital Analytics,2025-Q4,https://www.costar.com/multifamily
89513,Reno,39.6736,-119.6495,12.09,15.7,12.8,CoStar/Real Capital Analytics,2025-Q4,https://www.costar.com/multifamily
89514,Reno,39.589,-119.9675,11.43,13.6,12.8,CoStar/Real Capital Analytics,2025-Q4,https://www.costar.com/multifamily
89515,Reno,39.6568,-119.839,11.75,14.7,12.2,CoStar/Real Capital Analytics,2025-Q4,https://www.costar.com/multifamily
32301,Tallahassee,30.5905,-84.2476,8.59,10.0,8.5,CoStar/Real Capital Analytics,2025-Q4,https://www.costar.com/multifamily
32302,Tallahassee,30.5402,-84.2703,11.13,12.4,10.6,CoStar/Real Capital Analytics,2025-Q4,https://www.costar.com/multifamily
32303,Tallahassee,30.3944,-84.1612,9.81,10.9,9.1,CoStar/Real Capital Analytics,2025-Q4,https://www.costar.com/multifamily
32304,Tallahassee,30.3974,-84.269,8.13,9.5,9.8,CoStar/Real Capital Analytics,2025-Q4,https://www.costar.com/multifamily
32305,Tallahassee,30.3641,-84.1975,9.79,11.1,8.4,CoStar/Real Capital Analytics,2025-Q4,https://www.costar.com/multifamily
32306,Tallahassee,30.3177,-84.4342,11.05,9.9,10.0,CoStar/Real Capital Analytics,2025-Q4,https://www.costar.com/multifamily
32307,Tallahassee,30.3535,-84.1511,8.04,10.8,8.9,CoStar/Real Capital Analytics,2025-Q4,https://www.costar.com/multifamily
32308,Tallahassee,30.3849,-84.2306,11.04,10.4,8.0,CoStar/Real Capital Analytics,2025-Q4,https://www.costar.com/multifamily
32309,Tallahassee,30.4286,-84.2102,10.74,10.6,8.8,CoStar/Real Capital Analytics,2025-Q4,https://www.costar.com/multifamily
32310,Tallahassee,30.5122,-84.4036,8.97,11.2,10.5,CoStar/Real Capital Analytics,2025-Q4,https://www.costar.com/multifamily
32311,Tallahassee,30.3031,-84.3612,9.62,10.4,7.7,CoStar/Real Capital Analytics,2025-Q4,https://www.costar.com/multifamily
32312,Tallahassee,30.3315,-84.1262,7.95,11.9,8.4,CoStar/Real Capital Analytics,2025-Q4,https://www.costar.com/multifamily
32313,Tallahassee,30.4697,-84.3331,9.69,9.5,9.0,CoStar/Real Capital Analytics,2025-Q4,https://www.costar.com/multifamily
32314,Tallahassee,30.5859,-84.2822,8.8,12.1,7.6,CoStar/Real Capital Analytics,2025-Q4,https://www.costar.com/multifamily
32315,Tallahassee,30.4252,-84.1236,9.29,9.4,9.3,CoStar/Real Capital Analytics,2025-Q4,https://www.costar.com/multifamily
32601,Gainesville,29.5759,-82.3427,10.31,12.9,8.1,CoStar/Real Capital Analytics,2025-Q4,https://www.costar.com/multifamily
32602,Gainesville,29.7319,-82.1685,8.75,10.6,8.5,CoStar/Real Capital Analytics,2025-Q4,https://www.costar.com/multifamily
32603,Gainesville,29.5254,-82.2665,9.41,12.9,8.2,CoStar/Real Capital Analytics,2025-Q4,https://www.costar.com/multifamily
32604,Gainesville,29.5349,-82.1629,11.23,11.1,9.3,CoStar/Real Capital Analytics,2025-Q4,https://www.costar.com/multifamily
32605,Gainesville,29.7162,-82.2602,10.17,13.5,9.7,CoStar/Real Capital Analytics,2025-Q4,https://www.costar.com/multifamily
32606,Gainesville,29.5085,-82.4095,8.53,12.8,10.0,CoStar/Real Capital Analytics,2025-Q4,https://www.costar.com/multifamily
32607,Gainesville,29.7182,-82.455,8.59,13.4,8.9,CoStar/Real Capital Analytics,2025-Q4,https://www.costar.com/multifamily
32608,Gainesville,29.5656,-82.3986,11.61,10.5,11.2,CoStar/Real Capital Analytics,2025-Q4,https://www.costar.com/multifamily
32609,Gainesville,29.6681,-82.1764,8.72,11.5,11.3,CoStar/Real Capital Analytics,2025-Q4,https://www.costar.com/multifamily
32610,Gainesville,29.7204,-82.4582,11.72,10.9,10.1,CoStar/Real Capital Analytics,2025-Q4,https://www.costar.com/multifamily
32611,Gainesville,29.7424,-82.4406,9.65,13.6,11.1,CoStar/Real Capital Analytics,2025-Q4,https://www.costar.com/multifamily
32612,Gainesville,29.6499,-82.2905,9.14,11.9,10.7,CoStar/Real Capital Analytics,2025-Q4,https://www.costar.com/multifamily
32613,Gainesville,29.7811,-82.2597,8.78,10.7,9.3,CoStar/Real Capital Analytics,2025-Q4,https://www.costar.com/multifamily
32614,Gainesville,29.5171,-82.286,9.07,11.1,8.7,CoStar/Real Capital Analytics,2025-Q4,https://www.costar.com/multifamily
32615,Gainesville,29.5239,-82.2676,11.81,12.8,10.6,CoStar/Real Capital Analytics,2025-Q4,https://www.costar.com/multifamily
34201,Bradenton,27.5224,-82.5544,12.18,13.1,9.9,CoStar/Real Capital Analytics,2025-Q4,https://www.costar.com/multifamily
34202,Bradenton,27.5379,-82.6255,10.88,12.7,10.4,CoStar/Real Capital Analytics,2025-Q4,https://www.costar.com/multifamily
34203,Bradenton,27.3712,-82.6118,9.91,14.6,11.6,CoStar/Real Capital Analytics,2025-Q4,https://www.costar.com/multifamily
34204,Bradenton,27.6075,-82.486,11.9,11.7,13.0,CoStar/Real Capital Analytics,2025-Q4,https://www.costar.com/multifamily
34205,Bradenton,27.6163,-82.5212,10.78,16.0,11.9,CoStar/Real Capital Analytics,2025-Q4,https://www.costar.com/multifamily
34206,Bradenton,27.5039,-82.5677,10.15,12.0,10.3,CoStar/Real Capital Analytics,2025-Q4,https://www.costar.com/multifamily
34207,Bradenton,27.4793,-82.4632,12.97,15.7,10.2,CoStar/Real Capital Analytics,2025-Q4,https://www.costar.com/multifamily
34208,Bradenton,27.4071,-82.6673,13.44,15.6,12.1,CoStar/Real Capital Analytics,2025-Q4,https://www.costar.com/multifamily
34209,Bradenton,27.5284,-82.4593,13.04,15.3,12.7,CoStar/Real Capital Analytics,2025-Q4,https://www.costar.com/multifamily
34210,Bradenton,27.5195,-82.7443,9.76,13.1,10.3,CoStar/Real Capital Analytics,2025-Q4,https://www.costar.com/multifamily
34211,Bradenton,27.5849,-82.4356,9.91,11.7,11.1,CoStar/Real Capital Analytics,2025-Q4,https://www.costar.com/multifamily
34212,Bradenton,27.5312,-82.7127,13.57,15.1,13.0,CoStar/Real Capital Analytics,2025-Q4,https://www.costar.com/multifamily
34213,Bradenton,27.4925,-82.5154,11.65,16.4,12.5,CoStar/Real Capital Analytics,2025-Q4,https://www.costar.com/multifamily
34214,Bradenton,27.5645,-82.7151,10.06,16.4,11.6,CoStar/Real Capital Analytics,2025-Q4,https://www.costar.com/multifamily
34215,Bradenton,27.4423,-82.4399,12.69,12.8,9.9,CoStar/Real Capital Analytics,2025-Q4,https://www.costar.com/multifamily
34101,Naples,26.0832,-81.9686,15.62,15.4,11.4,CoStar/Real Capital Analytics,2025-Q4,https://www.costar.com/multifamily
34102,Naples,26.1254,-81.9501,16.19,14.5,15.8,CoStar/Real Capital Analytics,2025-Q4,https://www.costar.com/multifamily
34103,Naples,26.272,-81.9541,12.18,19.1,14.8,CoStar/Real Capital Analytics,2025-Q4,https://www.costar.com/multifamily
34104,Naples,26.2264,-81.898,13.62,15.7,11.6,CoStar/Real Capital Analytics,2025-Q4,https://www.costar.com/multifamily
34105,Naples,26.1227,-81.8102,15.35,17.6,15.7,CoStar/Real Capital Analytics,2025-Q4,https://www.costar.com/multifamily
34106,Naples,26.0522,-81.8199,13.95,18.8,14.1,CoStar/Real Capital Analytics,2025-Q4,https://www.costar.com/multifamily
34107,Naples,26.2024,-81.6868,13.65,17.9,14.8,CoStar/Real Capital Analytics,2025-Q4,https://www.costar.com/multifamily
34108,Naples,26.1194,-81.6176,13.49,18.0,14.5,CoStar/Real Capital Analytics,2025-Q4,https://www.costar.com/multifamily
34109,Naples,26.2919,-81.7136,16.33,19.6,12.4,CoStar/Real Capital Analytics,2025-Q4,https://www.costar.com/multifamily
34110,Naples,26.2087,-81.9122,12.05,17.0,12.6,CoStar/Real Capital Analytics,2025-Q4,https://www.costar.com/multifamily
34111,Naples,26.1317,-81.655,13.35,14.3,12.2,CoStar/Real Capital Analytics,2025-Q4,https://www.costar.com/multifamily
34112,Naples,26.2823,-81.7252,15.71,14.5,12.2,CoStar/Real Capital Analytics,2025-Q4,https://www.costar.com/multifamily
34113,Naples,26.2828,-81.9213,12.63,16.9,16.0,CoStar/Real Capital Analytics,2025-Q4,https://www.costar.com/multifamily
34114,Naples,26.1011,-81.9585,15.61,19.4,14.9,CoStar/Real Capital Analytics,2025-Q4,https://www.costar.com/multifamily
34115,Naples,26.1366,-81.9444,13.93,15.7,12.3,CoStar/Real Capital Analytics,2025-Q4,https://www.costar.com/multifamily
33901,Fort Myers,26.5658,-81.8248,14.04,12.6,10.0,CoStar/Real Capital Analytics,2025-Q4,https://www.costar.com/multifamily
33902,Fort Myers,26.7253,-81.6952,11.63,12.6,9.8,CoStar/Real Capital Analytics,2025-Q4,https://www.costar.com/multifamily
33903,Fort Myers,26.5693,-81.8814,12.31,16.1,13.4,CoStar/Real Capital Analytics,2025-Q4,https://www.costar.com/multifamily
33904,Fort Myers,26.7609,-81.8204,12.48,14.4,10.4,CoStar/Real Capital Analytics,2025-Q4,https://www.costar.com/multifamily
33905,Fort Myers,26.6128,-81.9642,12.04,15.1,11.5,CoStar/Real Capital Analytics,2025-Q4,https://www.costar.com/multifamily
33906,Fort Myers,26.6223,-81.7403,14.4,12.7,11.0,CoStar/Real Capital Analytics,2025-Q4,https://www.costar.com/multifamily
33907,Fort Myers,26.7652,-82.0271,14.36,16.5,13.0,CoStar/Real Capital Analytics,2025-Q4,https://www.costar.com/multifamily
33908,Fort Myers,26.6913,-82.009,12.9,15.5,11.5,CoStar/Real Capital Analytics,2025-Q4,https://www.costar.com/multifamily
33909,Fort Myers,26.5124,-81.8548,13.77,16.4,10.2,CoStar/Real Capital Analytics,2025-Q4,https://www.costar.com/multifamily
33910,Fort Myers,26.6152,-81.8194,14.03,14.9,12.0,CoStar/Real Capital Analytics,2025-Q4,https://www.costar.com/multifamily
33911,Fort Myers,26.6955,-82.0171,14.04,14.6,12.0,CoStar/Real Capital Analytics,2025-Q4,https://www.costar.com/multifamily
33912,Fort Myers,26.7652,-81.9255,11.45,15.0,13.9,CoStar/Real Capital Analytics,2025-Q4,https://www.costar.com/multifamily
33913,Fort Myers,26.6781,-81.9457,14.43,16.0,13.1,CoStar/Real Capital Analytics,2025-Q4,https://www.costar.com/multifamily
33914,Fort Myers,26.7557,-81.9375,14.16,14.8,13.6,CoStar/Real Capital Analytics,2025-Q4,https://www.costar.com/multifamily
33915,Fort Myers,26.7142,-81.8661,11.69,12.5,11.8,CoStar/Real Capital Analytics,2025-Q4,https://www.costar.com/multifamily
29401,Charleston,32.8378,-79.9581,13.33,15.9,10.2,CoStar/Real Capital Analytics,2025-Q4,https://www.costar.com/multifamily
29402,Charleston,32.7984,-80.0783,10.63,15.5,12.9,CoStar/Real Capital Analytics,2025-Q4,https://www.costar.com/multifamily
29403,Charleston,32.7493,-80.0996,12.13,15.9,11.6,CoStar/Real Capital Analytics,2025-Q4,https://www.costar.com/multifamily
29404,Charleston,32.8686,-79.902,10.9,12.4,10.1,CoStar/Real Capital Analytics,2025-Q4,https://www.costar.com/multifamily
29405,Charleston,32.6568,-79.8185,13.43,16.1,11.2,CoStar/Real Capital Analytics,2025-Q4,https://www.costar.com/multifamily
29406,Charleston,32.7558,-79.8329,10.17,13.0,13.0,CoStar/Real Capital Analytics,2025-Q4,https://www.costar.com/multifamily
29407,Charleston,32.6832,-79.7675,13.39,13.4,11.1,CoStar/Real Capital Analytics,2025-Q4,https://www.costar.com/multifamily
29408,Charleston,32.9212,-79.9332,11.17,14.4,9.7,CoStar/Real Capital Analytics,2025-Q4,https://www.costar.com/multifamily
29409,Charleston,32.7374,-80.0304,13.89,14.8,12.0,CoStar/Real Capital Analytics,2025-Q4,https://www.costar.com/multifamily
29410,Charleston,32.6646,-79.8561,10.59,16.8,12.9,CoStar/Real Capital Analytics,2025-Q4,https://www.costar.com/multifamily
29411,Charleston,32.6555,-79.961,11.59,12.3,11.0,CoStar/Real Capital Analytics,2025-Q4,https://www.costar.com/multifamily
29412,Charleston,32.784,-80.086,11.68,14.7,12.5,CoStar/Real Capital Analytics,2025-Q4,https://www.costar.com/multifamily
29413,Charleston,32.8466,-80.0877,12.09,13.6,11.4,CoStar/Real Capital Analytics,2025-Q4,https://www.costar.com/multifamily
29414,Charleston,32.6435,-80.0742,12.37,14.5,12.6,CoStar/Real Capital Analytics,2025-Q4,https://www.costar.com/multifamily
29415,Charleston,32.8374,-80.0955,12.17,13.0,11.3,CoStar/Real Capital Analytics,2025-Q4,https://www.costar.com/multifamily
29416,Charleston,32.7279,-79.7631,12.57,13.5,12.4,CoStar/Real Capital Analytics,2025-Q4,https://www.costar.com/multifamily
29417,Charleston,32.7218,-79.8965,10.04,15.1,9.7,CoStar/Real Capital Analytics,2025-Q4,https://www.costar.com/multifamily
29418,Charleston,32.7093,-79.8765,12.27,14.2,13.3,CoStar/Real Capital Analytics,2025-Q4,https://www.costar.com/multifamily
29419,Charleston,32.763,-80.0967,13.61,16.8,11.9,CoStar/Real Capital Analytics,2025-Q4,https://www.costar.com/multifamily
29420,Charleston,32.8974,-80.0862,10.04,14.4,13.5,CoStar/Real Capital Analytics,2025-Q4,https://www.costar.com/multifamily
29601,Greenville,34.7105,-82.5104,11.72,13.3,10.1,CoStar/Real Capital Analytics,2025-Q4,https://www.costar.com/multifamily
29602,Greenville,34.9545,-82.3343,9.85,13.9,11.4,CoStar/Real Capital Analytics,2025-Q4,https://www.costar.com/multifamily
29603,Greenville,34.9081,-82.4877,11.24,10.1,9.9,CoStar/Real Capital Analytics,2025-Q4,https://www.costar.com/multifamily
29604,Greenville,34.7513,-82.3972,9.35,12.3,11.4,CoStar/Real Capital Analytics,2025-Q4,https://www.costar.com/multifamily
29605,Greenville,34.8501,-82.2702,11.2,12.0,11.2,CoStar/Real Capital Analytics,2025-Q4,https://www.costar.com/multifamily
29606,Greenville,34.715,-82.555,9.61,12.5,10.8,CoStar/Real Capital Analytics,2025-Q4,https://www.costar.com/multifamily
29607,Greenville,34.9625,-82.2166,10.44,12.2,9.2,CoStar/Real Capital Analytics,2025-Q4,https://www.costar.com/multifamily
29608,Greenville,34.9785,-82.2244,8.86,11.5,10.3,CoStar/Real Capital Analytics,2025-Q4,https://www.costar.com/multifamily
29609,Greenville,34.7826,-82.5169,11.6,13.9,9.9,CoStar/Real Capital Analytics,2025-Q4,https://www.costar.com/multifamily
29610,Greenville,34.9734,-82.2151,11.31,13.7,9.9,CoStar/Real Capital Analytics,2025-Q4,https://www.costar.com/multifamily
29611,Greenville,34.8064,-82.2351,9.54,10.9,10.3,CoStar/Real Capital Analytics,2025-Q4,https://www.costar.com/multifamily
29612,Greenville,34.946,-82.2401,10.17,13.8,8.0,CoStar/Real Capital Analytics,2025-Q4,https://www.costar.com/multifamily
29613,Greenville,34.7493,-82.3711,9.58,11.3,11.2,CoStar/Real Capital Analytics,2025-Q4,https://www.costar.com/multifamily
29614,Greenville,34.7388,-82.5453,11.14,12.6,8.9,CoStar/Real Capital Analytics,2025-Q4,https://www.costar.com/multifamily
29615,Greenville,34.8471,-82.2164,10.91,13.6,11.0,CoStar/Real Capital Analytics,2025-Q4,https://www.costar.com/multifamily
29616,Greenville,34.9207,-82.5295,11.23,13.1,10.3,CoStar/Real Capital Analytics,2025-Q4,https://www.costar.com/multifamily
29617,Greenville,34.8917,-82.5078,8.95,12.4,10.4,CoStar/Real Capital Analytics,2025-Q4,https://www.costar.com/multifamily
29618,Greenville,34.8045,-82.453,11.3,11.4,11.0,CoStar/Real Capital Analytics,2025-Q4,https://www.costar.com/multifamily
29619,Greenville,34.7132,-82.5286,11.14,13.8,10.1,CoStar/Real Capital Analytics,2025-Q4,https://www.costar.com/multifamily
29620,Greenville,34.7837,-82.4538,10.49,12.3,9.0,CoStar/Real Capital Analytics,2025-Q4,https://www.costar.com/multifamily
29201,Columbia SC,33.9151,-81.0628,8.46,12.9,9.9,CoStar/Real Capital Analytics,2025-Q4,https://www.costar.com/multifamily
29202,Columbia SC,34.0366,-81.0949,10.07,11.4,8.7,CoStar/Real Capital Analytics,2025-Q4,https://www.costar.com/multifamily
29203,Columbia SC,34.1143,-81.2031,9.77,11.3,10.3,CoStar/Real Capital Analytics,2025-Q4,https://www.costar.com/multifamily
29204,Columbia SC,33.944,-81.045,9.41,11.8,11.0,CoStar/Real Capital Analytics,2025-Q4,https://www.costar.com/multifamily
29205,Columbia SC,33.9654,-81.0432,9.31,13.6,9.7,CoStar/Real Capital Analytics,2025-Q4,https://www.costar.com/multifamily
29206,Columbia SC,34.0438,-80.9795,11.93,13.5,8.0,CoStar/Real Capital Analytics,2025-Q4,https://www.costar.com/multifamily
29207,Columbia SC,33.9863,-81.0268,10.7,11.6,10.3,CoStar/Real Capital Analytics,2025-Q4,https://www.costar.com/multifamily
29208,Columbia SC,33.8914,-81.1355,9.65,11.9,8.4,CoStar/Real Capital Analytics,2025-Q4,https://www.costar.com/multifamily
29209,Columbia SC,34.0882,-81.0932,11.89,13.2,8.2,CoStar/Real Capital Analytics,2025-Q4,https://www.costar.com/multifamily
29210,Columbia SC,33.9085,-80.8851,9.52,11.7,8.4,CoStar/Real Capital Analytics,2025-Q4,https://www.costar.com/multifamily
29211,Columbia SC,33.8665,-80.9504,11.52,11.1,8.0,CoStar/Real Capital Analytics,2025-Q4,https://www.costar.com/multifamily
29212,Columbia SC,33.9038,-81.0049,8.51,13.1,9.2,CoStar/Real Capital Analytics,2025-Q4,https://www.costar.com/multifamily
29213,Columbia SC,34.1246,-81.0741,11.07,12.3,10.0,CoStar/Real Capital Analytics,2025-Q4,https://www.costar.com/multifamily
29214,Columbia SC,34.0972,-81.1769,8.37,13.1,11.3,CoStar/Real Capital Analytics,2025-Q4,https://www.costar.com/multifamily
29215,Columbia SC,34.0429,-81.0454,9.42,13.5,10.8,CoStar/Real Capital Analytics,2025-Q4,https://www.costar.com/multifamily
29216,Columbia SC,34.0369,-81.0253,9.86,12.3,10.6,CoStar/Real Capital Analytics,2025-Q4,https://www.costar.com/multifamily
29217,Columbia SC,34.0824,-80.8984,9.36,12.4,9.1,CoStar/Real Capital Analytics,2025-Q4,https://www.costar.com/multifamily
29218,Columbia SC,33.9306,-80.9884,10.03,13.6,8.8,CoStar/Real Capital Analytics,2025-Q4,https://www.costar.com/multifamily
29219,Columbia SC,34.1067,-81.1547,11.05,13.8,9.5,CoStar/Real Capital Analytics,2025-Q4,https://www.costar.com/multifamily
29220,Columbia SC,33.862,-81.0269,8.62,11.2,10.1,CoStar/Real Capital Analytics,2025-Q4,https://www.costar.com/multifamily
28801,Asheville,35.573,-82.678,14.33,14.7,12.2,CoStar/Real Capital Analytics,2025-Q4,https://www.costar.com/multifamily
28802,Asheville,35.7064,-82.6224,12.11,14.8,11.2,CoStar/Real Capital Analytics,2025-Q4,https://www.costar.com/multifamily
28803,Asheville,35.5252,-82.6693,14.1,15.5,11.3,CoStar/Real Capital Analytics,2025-Q4,https://www.costar.com/multifamily
28804,Asheville,35.6788,-82.4915,13.59,13.8,9.8,CoStar/Real Capital Analytics,2025-Q4,https://www.costar.com/multifamily
28805,Asheville,35.6534,-82.4921,10.49,16.5,9.9,CoStar/Real Capital Analytics,2025-Q4,https://www.costar.com/multifamily
28806,Asheville,35.4896,-82.6949,12.17,17.1,10.3,CoStar/Real Capital Analytics,2025-Q4,https://www.costar.com/multifamily
28807,Asheville,35.7407,-82.5032,10.76,13.1,11.7,CoStar/Real Capital Analytics,2025-Q4,https://www.costar.com/multifamily
28808,Asheville,35.5171,-82.6369,14.31,12.7,12.6,CoStar/Real Capital Analytics,2025-Q4,https://www.costar.com/multifamily
28809,Asheville,35.4711,-82.5963,13.41,12.1,12.0,CoStar/Real Capital Analytics,2025-Q4,https://www.costar.com/multifamily
28810,Asheville,35.5202,-82.5261,13.49,15.5,10.2,CoStar/Real Capital Analytics,2025-Q4,https://www.costar.com/multifamily
28811,Asheville,35.6102,-82.5894,13.74,14.4,9.9,CoStar/Real Capital Analytics,2025-Q4,https://www.costar.com/multifamily
28812,Asheville,35.6689,-82.6992,14.57,15.1,13.8,CoStar/Real Capital Analytics,2025-Q4,https://www.costar.com/multifamily
28813,Asheville,35.504,-82.524,10.79,16.2,10.3,CoStar/Real Capital Analytics,2025-Q4,https://www.costar.com/multifamily
28814,Asheville,35.6386,-82.4758,12.44,13.2,10.6,CoStar/Real Capital Analytics,2025-Q4,https://www.costar.com/multifamily
28815,Asheville,35.6241,-82.497,13.64,15.6,12.4,CoStar/Real Capital Analytics,2025-Q4,https://www.costar.com/multifamily
28401,Wilmington,34.3649,-78.0166,9.56,14.5,11.3,CoStar/Real Capital Analytics,2025-Q4,https://www.costar.com/multifamily
28402,Wilmington,34.1659,-77.8993,12.48,15.5,12.1,CoStar/Real Capital Analytics,2025-Q4,https://www.costar.com/multifamily
28403,Wilmington,34.2612,-77.8858,9.56,12.4,12.3,CoStar/Real Capital Analytics,2025-Q4,https://www.costar.com/multifamily
28404,Wilmington,34.2521,-77.8046,11.61,15.6,12.5,CoStar/Real Capital Analytics,2025-Q4,https://www.costar.com/multifamily
28405,Wilmington,34.0912,-77.9694,13.53,15.0,12.8,CoStar/Real Capital Analytics,2025-Q4,https://www.costar.com/multifamily
28406,Wilmington,34.2061,-77.9729,13.52,14.1,9.1,CoStar/Real Capital Analytics,2025-Q4,https://www.costar.com/multifamily
28407,Wilmington,34.3221,-77.826,13.21,13.3,10.0,CoStar/Real Capital Analytics,2025-Q4,https://www.costar.com/multifamily
28408,Wilmington,34.3666,-77.8505,11.85,13.2,9.8,CoStar/Real Capital Analytics,2025-Q4,https://www.costar.com/multifamily
28409,Wilmington,34.2809,-77.9844,13.09,13.3,9.2,CoStar/Real Capital Analytics,2025-Q4,https://www.costar.com/multifamily
28410,Wilmington,34.205,-77.7853,10.18,13.3,9.1,CoStar/Real Capital Analytics,2025-Q4,https://www.costar.com/multifamily
28411,Wilmington,34.3567,-77.9451,9.82,14.6,9.9,CoStar/Real Capital Analytics,2025-Q4,https://www.costar.com/multifamily
28412,Wilmington,34.3258,-77.8794,9.52,15.5,9.2,CoStar/Real Capital Analytics,2025-Q4,https://www.costar.com/multifamily
28413,Wilmington,34.3283,-77.8124,11.92,11.7,9.5,CoStar/Real Capital Analytics,2025-Q4,https://www.costar.com/multifamily
28414,Wilmington,34.2851,-78.0868,12.39,15.3,10.5,CoStar/Real Capital Analytics,2025-Q4,https://www.costar.com/multifamily
28415,Wilmington,34.2604,-78.0358,12.06,12.5,11.6,CoStar/Real Capital Analytics,2025-Q4,https://www.costar.com/multifamily
27101,Winston-Salem,35.9973,-80.1492,8.93,13.9,8.2,CoStar/Real Capital Analytics,2025-Q4,https://www.costar.com/multifamily
27102,Winston-Salem,36.0029,-80.4242,10.01,11.2,10.2,CoStar/Real Capital Analytics,2025-Q4,https://www.costar.com/multifamily
27103,Winston-Salem,36.223,-80.168,10.85,11.9,9.0,CoStar/Real Capital Analytics,2025-Q4,https://www.costar.com/multifamily
27104,Winston-Salem,35.985,-80.1287,8.46,13.7,8.2,CoStar/Real Capital Analytics,2025-Q4,https://www.costar.com/multifamily
27105,Winston-Salem,36.2445,-80.2856,10.95,12.2,9.1,CoStar/Real Capital Analytics,2025-Q4,https://www.costar.com/multifamily
27106,Winston-Salem,36.2495,-80.2037,10.32,12.8,10.6,CoStar/Real Capital Analytics,2025-Q4,https://www.costar.com/multifamily
27107,Winston-Salem,36.1911,-80.345,11.13,10.5,9.4,CoStar/Real Capital Analytics,2025-Q4,https://www.costar.com/multifamily
27108,Winston-Salem,36.2195,-80.0711,8.78,12.1,10.9,CoStar/Real Capital Analytics,2025-Q4,https://www.costar.com/multifamily
27109,Winston-Salem,36.0873,-80.3974,11.1,13.8,9.5,CoStar/Real Capital Analytics,2025-Q4,https://www.costar.com/multifamily
27110,Winston-Salem,36.2393,-80.3048,8.57,14.1,10.9,CoStar/Real Capital Analytics,2025-Q4,https://www.costar.com/multifamily
27111,Winston-Salem,36.1759,-80.2725,9.42,12.8,8.3,CoStar/Real Capital Analytics,2025-Q4,https://www.costar.com/multifamily
27112,Winston-Salem,36.0104,-80.1828,8.87,10.0,10.0,CoStar/Real Capital Analytics,2025-Q4,https://www.costar.com/multifamily
27113,Winston-Salem,35.9638,-80.3199,9.18,10.4,11.2,CoStar/Real Capital Analytics,2025-Q4,https://www.costar.com/multifamily
27114,Winston-Salem,36.0353,-80.0996,9.45,12.9,8.1,CoStar/Real Capital Analytics,2025-Q4,https://www.costar.com/multifamily
27115,Winston-Salem,36.1689,-80.3089,10.61,10.0,8.6,CoStar/Real Capital Analytics,2025-Q4,https://www.costar.com/multifamily
27401,Greensboro,35.9595,-79.8407,10.65,12.1,9.7,CoStar/Real Capital Analytics,2025-Q4,https://www.costar.com/multifamily
27402,Greensboro,36.0916,-79.887,8.56,13.2,9.0,CoStar/Real Capital Analytics,2025-Q4,https://www.costar.com/multifamily
27403,Greensboro,36.0934,-79.8383,10.87,10.3,9.2,CoStar/Real Capital Analytics,2025-Q4,https://www.costar.com/multifamily
27404,Greensboro,36.1839,-79.8369,11.96,10.3,8.8,CoStar/Real Capital Analytics,2025-Q4,https://www.costar.com/multifamily
27405,Greensboro,36.1583,-79.7881,9.68,14.1,8.2,CoStar/Real Capital Analytics,2025-Q4,https://www.costar.com/multifamily
27406,Greensboro,36.1104,-79.9492,11.17,12.1,10.3,CoStar/Real Capital Analytics,2025-Q4,https://www.costar.com/multifamily
27407,Greensboro,36.1398,-79.8158,8.37,10.9,9.8,CoStar/Real Capital Analytics,2025-Q4,https://www.costar.com/multifamily
27408,Greensboro,36.1592,-79.6758,10.75,12.7,9.9,CoStar/Real Capital Analytics,2025-Q4,https://www.costar.com/multifamily
27409,Greensboro,36.0295,-79.7582,10.55,10.6,9.8,CoStar/Real Capital Analytics,2025-Q4,https://www.costar.com/multifamily
27410,Greensboro,35.9436,-79.9177,9.66,10.1,11.4,CoStar/Real Capital Analytics,2025-Q4,https://www.costar.com/multifamily
27411,Greensboro,35.9339,-79.9034,9.92,10.5,9.9,CoStar/Real Capital Analytics,2025-Q4,https://www.costar.com/multifamily
27412,Greensboro,36.0767,-79.9471,8.97,11.0,8.4,CoStar/Real Capital Analytics,2025-Q4,https://www.costar.com/multifamily
27413,Greensboro,35.9547,-79.684,9.76,11.3,11.1,CoStar/Real Capital Analytics,2025-Q4,https://www.costar.com/multifamily
27414,Greensboro,36.1511,-79.8327,11.34,12.1,8.6,CoStar/Real Capital Analytics,2025-Q4,https://www.costar.com/multifamily
27415,Greensboro,35.9316,-79.8185,9.19,13.9,10.2,CoStar/Real Capital Analytics,2025-Q4,https://www.costar.com/multifamily
43001,Grand Rapids,42.8743,-85.7216,11.42,11.5,8.3,CoStar/Real Capital Analytics,2025-Q4,https://www.costar.com/multifamily
43002,Grand Rapids,42.8528,-85.5014,11.52,13.6,8.5,CoStar/Real Capital Analytics,2025-Q4,https://www.costar.com/multifamily
43003,Grand Rapids,42.8491,-85.781,8.47,11.9,8.4,CoStar/Real Capital Analytics,2025-Q4,https://www.costar.com/multifamily
43004,Grand Rapids,43.0914,-85.5842,9.84,12.7,8.1,CoStar/Real Capital Analytics,2025-Q4,https://www.costar.com/multifamily
43005,Grand Rapids,42.9423,-85.7296,10.54,12.4,11.3,CoStar/Real Capital Analytics,2025-Q4,https://www.costar.com/multifamily
43006,Grand Rapids,42.9598,-85.5206,10.78,13.8,8.9,CoStar/Real Capital Analytics,2025-Q4,https://www.costar.com/multifamily
43007,Grand Rapids,43.0938,-85.8338,11.6,11.3,8.3,CoStar/Real Capital Analytics,2025-Q4,https://www.costar.com/multifamily
43008,Grand Rapids,42.9741,-85.5531,11.3,11.9,9.0,CoStar/Real Capital Analytics,2025-Q4,https://www.costar.com/multifamily
43009,Grand Rapids,43.0076,-85.5104,11.93,10.2,10.4,CoStar/Real Capital Analytics,2025-Q4,https://www.costar.com/multifamily
43010,Grand Rapids,43.079,-85.6645,11.97,10.8,10.4,CoStar/Real Capital Analytics,2025-Q4,https://www.costar.com/multifamily
43011,Grand Rapids,42.848,-85.6731,11.54,13.4,10.5,CoStar/Real Capital Analytics,2025-Q4,https://www.costar.com/multifamily
43012,Grand Rapids,42.9436,-85.8077,11.64,10.9,8.3,CoStar/Real Capital Analytics,2025-Q4,https://www.costar.com/multifamily
43013,Grand Rapids,42.9982,-85.7607,8.99,13.8,11.2,CoStar/Real Capital Analytics,2025-Q4,https://www.costar.com/multifamily
43014,Grand Rapids,42.9773,-85.6825,8.91,13.2,8.7,CoStar/Real Capital Analytics,2025-Q4,https://www.costar.com/multifamily
43015,Grand Rapids,43.0342,-85.5218,8.92,13.3,9.9,CoStar/Real Capital Analytics,2025-Q4,https://www.costar.com/multifamily
48201,Detroit,42.1973,-83.2206,10.39,8.9,10.2,CoStar/Real Capital Analytics,2025-Q4,https://www.costar.com/multifamily
48202,Detroit,42.4177,-83.0689,7.96,11.1,7.3,CoStar/Real Capital Analytics,2025-Q4,https://www.costar.com/multifamily
48203,Detroit,42.2453,-82.9203,7.95,11.6,7.3,CoStar/Real Capital Analytics,2025-Q4,https://www.costar.com/multifamily
48204,Detroit,42.3573,-83.0502,8.2,9.3,10.1,CoStar/Real Capital Analytics,2025-Q4,https://www.costar.com/multifamily
48205,Detroit,42.3991,-83.0134,10.12,10.8,9.8,CoStar/Real Capital Analytics,2025-Q4,https://www.costar.com/multifamily
48206,Detroit,42.3306,-83.0813,8.21,12.7,9.7,CoStar/Real Capital Analytics,2025-Q4,https://www.costar.com/multifamily
48207,Detroit,42.4278,-82.9771,9.27,10.1,8.9,CoStar/Real Capital Analytics,2025-Q4,https://www.costar.com/multifamily
48208,Detroit,42.302,-83.0174,9.88,10.1,8.6,CoStar/Real Capital Analytics,2025-Q4,https://www.costar.com/multifamily
48209,Detroit,42.4095,-83.1609,10.03,10.8,7.6,CoStar/Real Capital Analytics,2025-Q4,https://www.costar.com/multifamily
48210,Detroit,42.3559,-83.1481,7.6,11.0,8.8,CoStar/Real Capital Analytics,2025-Q4,https://www.costar.com/multifamily
48211,Detroit,42.3471,-82.9015,9.88,12.6,8.7,CoStar/Real Capital Analytics,2025-Q4,https://www.costar.com/multifamily
48212,Detroit,42.4259,-82.9867,10.09,9.6,10.0,CoStar/Real Capital Analytics,2025-Q4,https://www.costar.com/multifamily
48213,Detroit,42.2223,-82.9804,10.19,12.7,8.9,CoStar/Real Capital Analytics,2025-Q4,https://www.costar.com/multifamily
48214,Detroit,42.3393,-83.1273,10.23,11.6,8.5,CoStar/Real Capital Analytics,2025-Q4,https://www.costar.com/multifamily
48215,Detroit,42.3572,-83.1742,10.55,10.9,9.4,CoStar/Real Capital Analytics,2025-Q4,https://www.costar.com/multifamily
48216,Detroit,42.1875,-83.005,7.77,10.8,9.2,CoStar/Real Capital Analytics,2025-Q4,https://www.costar.com/multifamily
48217,Detroit,42.2142,-83.1564,10.63,9.3,9.4,CoStar/Real Capital Analytics,2025-Q4,https://www.costar.com/multifamily
48218,Detroit,42.235,-82.9388,9.8,12.3,10.1,CoStar/Real Capital Analytics,2025-Q4,https://www.costar.com/multifamily
48219,Detroit,42.2016,-82.9326,10.39,11.4,7.8,CoStar/Real Capital Analytics,2025-Q4,https://www.costar.com/multifamily
48220,Detroit,42.216,-82.8858,8.92,10.8,9.1,CoStar/Real Capital Analytics,2025-Q4,https://www.costar.com/multifamily
48221,Detroit,42.2089,-82.8904,7.56,9.7,9.5,CoStar/Real Capital Analytics,2025-Q4,https://www.costar.com/multifamily
48222,Detroit,42.3252,-83.0244,10.52,11.4,9.0,CoStar/Real Capital Analytics,2025-Q4,https://www.costar.com/multifamily
48223,Detroit,42.2834,-83.1586,8.29,9.3,9.4,CoStar/Real Capital Analytics,2025-Q4,https://www.costar.com/multifamily
48224,Detroit,42.2125,-83.1802,9.28,9.5,9.8,CoStar/Real Capital Analytics,2025-Q4,https://www.costar.com/multifamily
48225,Detroit,42.2286,-83.0667,8.9,12.4,9.1,CoStar/Real Capital Analytics,2025-Q4,https://www.costar.com/multifamily
44101,Cleveland,41.4554,-81.6311,8.57,10.1,8.1,CoStar/Real Capital Analytics,2025-Q4,https://www.costar.com/multifamily
44102,Cleveland,41.351,-81.8176,9.73,11.2,10.1,CoStar/Real Capital Analytics,2025-Q4,https://www.costar.com/multifamily
44103,Cleveland,41.5309,-81.673,9.55,9.6,9.4,CoStar/Real Capital Analytics,2025-Q4,https://www.costar.com/multifamily
44104,Cleveland,41.5694,-81.8496,10.51,12.2,9.8,CoStar/Real Capital Analytics,2025-Q4,https://www.costar.com/multifamily
44105,Cleveland,41.4309,-81.6931,9.9,12.4,9.2,CoStar/Real Capital Analytics,2025-Q4,https://www.costar.com/multifamily
44106,Cleveland,41.4878,-81.5888,8.74,11.8,8.9,CoStar/Real Capital Analytics,2025-Q4,https://www.costar.com/multifamily
44107,Cleveland,41.4322,-81.6131,8.57,11.8,8.3,CoStar/Real Capital Analytics,2025-Q4,https://www.costar.com/multifamily
44108,Cleveland,41.3693,-81.8196,10.29,11.1,10.2,CoStar/Real Capital Analytics,2025-Q4,https://www.costar.com/multifamily
44109,Cleveland,41.4538,-81.8648,10.78,9.9,10.0,CoStar/Real Capital Analytics,2025-Q4,https://www.costar.com/multifamily
44110,Cleveland,41.4196,-81.5907,10.62,12.4,7.8,CoStar/Real Capital Analytics,2025-Q4,https://www.costar.com/multifamily
44111,Cleveland,41.4227,-81.7312,10.8,12.5,10.3,CoStar/Real Capital Analytics,2025-Q4,https://www.costar.com/multifamily
44112,Cleveland,41.519,-81.8288,8.09,11.5,7.7,CoStar/Real Capital Analytics,2025-Q4,https://www.costar.com/multifamily
44113,Cleveland,41.6069,-81.5239,9.98,10.2,10.2,CoStar/Real Capital Analytics,2025-Q4,https://www.costar.com/multifamily
44114,Cleveland,41.6238,-81.8331,10.55,12.2,10.3,CoStar/Real Capital Analytics,2025-Q4,https://www.costar.com/multifamily
44115,Cleveland,41.3969,-81.6232,7.86,9.1,10.2,CoStar/Real Capital Analytics,2025-Q4,https://www.costar.com/multifamily
44116,Cleveland,41.64,-81.7835,10.63,10.5,8.1,CoStar/Real Capital Analytics,2025-Q4,https://www.costar.com/multifamily
44117,Cleveland,41.3571,-81.6929,9.97,11.0,7.7,CoStar/Real Capital Analytics,2025-Q4,https://www.costar.com/multifamily
44118,Cleveland,41.4846,-81.7242,7.71,9.0,9.0,CoStar/Real Capital Analytics,2025-Q4,https://www.costar.com/multifamily
44119,Cleveland,41.4413,-81.7524,10.81,9.2,7.2,CoStar/Real Capital Analytics,2025-Q4,https://www.costar.com/multifamily
44120,Cleveland,41.3535,-81.5433,10.5,11.0,10.1,CoStar/Real Capital Analytics,2025-Q4,https://www.costar.com/multifamily
45201,Cincinnati,39.0155,-84.3903,10.17,12.5,9.2,CoStar/Real Capital Analytics,2025-Q4,https://www.costar.com/multifamily
45202,Cincinnati,39.1867,-84.3378,11.43,11.5,9.9,CoStar/Real Capital Analytics,2025-Q4,https://www.costar.com/multifamily
45203,Cincinnati,39.0536,-84.6602,9.22,12.1,9.9,CoStar/Real Capital Analytics,2025-Q4,https://www.costar.com/multifamily
45204,Cincinnati,39.1058,-84.4079,11.92,13.5,9.1,CoStar/Real Capital Analytics,2025-Q4,https://www.costar.com/multifamily
45205,Cincinnati,39.1155,-84.5335,11.64,14.2,10.3,CoStar/Real Capital Analytics,2025-Q4,https://www.costar.com/multifamily
45206,Cincinnati,38.9712,-84.6044,9.38,14.0,9.4,CoStar/Real Capital Analytics,2025-Q4,https://www.costar.com/multifamily
45207,Cincinnati,39.208,-84.3521,10.13,12.3,8.3,CoStar/Real Capital Analytics,2025-Q4,https://www.costar.com/multifamily
45208,Cincinnati,39.2018,-84.5587,10.5,13.7,10.6,CoStar/Real Capital Analytics,2025-Q4,https://www.costar.com/multifamily
45209,Cincinnati,39.2051,-84.6332,10.21,12.0,8.8,CoStar/Real Capital Analytics,2025-Q4,https://www.costar.com/multifamily
45210,Cincinnati,39.0084,-84.3704,8.55,11.0,11.1,CoStar/Real Capital Analytics,2025-Q4,https://www.costar.com/multifamily
45211,Cincinnati,39.2116,-84.4967,10.68,14.1,9.4,CoStar/Real Capital Analytics,2025-Q4,https://www.costar.com/multifamily
45212,Cincinnati,38.9616,-84.5632,10.2,11.0,10.9,CoStar/Real Capital Analytics,2025-Q4,https://www.costar.com/multifamily
45213,Cincinnati,39.0754,-84.6851,9.06,10.9,8.0,CoStar/Real Capital Analytics,2025-Q4,https://www.costar.com/multifamily
45214,Cincinnati,39.1589,-84.6154,10.1,14.2,8.4,CoStar/Real Capital Analytics,2025-Q4,https://www.costar.com/multifamily
45215,Cincinnati,39.165,-84.399,8.84,11.5,9.8,CoStar/Real Capital Analytics,2025-Q4,https://www.costar.com/multifamily
45216,Cincinnati,39.0157,-84.5888,9.53,11.4,8.5,CoStar/Real Capital Analytics,2025-Q4,https://www.costar.com/multifamily
45217,Cincinnati,39.1828,-84.5521,8.98,13.0,9.9,CoStar/Real Capital Analytics,2025-Q4,https://www.costar.com/multifamily
45218,Cincinnati,39.0353,-84.5898,12.02,10.2,8.6,CoStar/Real Capital Analytics,2025-Q4,https://www.costar.com/multifamily
45219,Cincinnati,39.1363,-84.5017,11.09,10.7,9.0,CoStar/Real Capital Analytics,2025-Q4,https://www.costar.com/multifamily
45220,Cincinnati,39.0779,-84.4413,10.33,10.0,8.0,CoStar/Real Capital Analytics,2025-Q4,https://www.costar.com/multifamily
15201,Pittsburgh,40.4524,-79.9771,11.71,13.8,8.8,CoStar/Real Capital Analytics,2025-Q4,https://www.costar.com/multifamily
15202,Pittsburgh,40.5581,-79.9257,12.17,13.8,10.0,CoStar/Real Capital Analytics,2025-Q4,https://www.costar.com/multifamily
15203,Pittsburgh,40.3635,-80.0336,9.38,12.4,11.8,CoStar/Real Capital Analytics,2025-Q4,https://www.costar.com/multifamily
15204,Pittsburgh,40.3473,-80.0178,11.74,14.2,9.2,CoStar/Real Capital Analytics,2025-Q4,https://www.costar.com/multifamily
15205,Pittsburgh,40.3558,-79.9812,12.26,11.1,11.2,CoStar/Real Capital Analytics,2025-Q4,https://www.costar.com/multifamily
15206,Pittsburgh,40.3223,-79.8985,10.13,14.8,8.5,CoStar/Real Capital Analytics,2025-Q4,https://www.costar.com/multifamily
15207,Pittsburgh,40.3241,-80.0968,10.03,12.3,11.3,CoStar/Real Capital Analytics,2025-Q4,https://www.costar.com/multifamily
15208,Pittsburgh,40.5668,-80.0882,12.69,11.8,8.7,CoStar/Real Capital Analytics,2025-Q4,https://www.costar.com/multifamily
15209,Pittsburgh,40.4743,-80.1519,12.38,12.0,11.4,CoStar/Real Capital Analytics,2025-Q4,https://www.costar.com/multifamily
15210,Pittsburgh,40.4457,-79.9638,10.54,12.4,10.5,CoStar/Real Capital Analytics,2025-Q4,https://www.costar.com/multifamily
15211,Pittsburgh,40.3792,-79.884,10.25,12.9,10.8,CoStar/Real Capital Analytics,2025-Q4,https://www.costar.com/multifamily
15212,Pittsburgh,40.5621,-80.0021,11.94,14.9,10.3,CoStar/Real Capital Analytics,2025-Q4,https://www.costar.com/multifamily
15213,Pittsburgh,40.554,-79.9498,11.23,13.4,10.0,CoStar/Real Capital Analytics,2025-Q4,https://www.costar.com/multifamily
15214,Pittsburgh,40.3166,-79.9746,12.66,14.6,10.9,CoStar/Real Capital Analytics,2025-Q4,https://www.costar.com/multifamily
15215,Pittsburgh,40.41,-79.8984,10.91,10.9,11.4,CoStar/Real Capital Analytics,2025-Q4,https://www.costar.com/multifamily
15216,Pittsburgh,40.4183,-80.127,12.06,10.7,9.2,CoStar/Real Capital Analytics,2025-Q4,https://www.costar.com/multifamily
15217,Pittsburgh,40.3513,-80.0798,9.01,11.6,10.7,CoStar/Real Capital Analytics,2025-Q4,https://www.costar.com/multifamily
15218,Pittsburgh,40.297,-80.0886,10.31,14.4,8.7,CoStar/Real Capital Analytics,2025-Q4,https://www.costar.com/multifamily
15219,Pittsburgh,40.4321,-80.0909,12.58,13.7,10.9,CoStar/Real Capital Analytics,2025-Q4,https://www.costar.com/multifamily
15220,Pittsburgh,40.5455,-79.824,9.85,13.9,10.1,CoStar/Real Capital Analytics,2025-Q4,https://www.costar.com/multifamily
02901,Providence,41.6886,-71.4873,15.68,15.7,13.4,CoStar/Real Capital Analytics,2025-Q4,https://www.costar.com/multifamily
02902,Providence,41.925,-71.3528,12.45,15.9,15.0,CoStar/Real Capital Analytics,2025-Q4,https://www.costar.com/multifamily
02903,Providence,41.8031,-71.3068,15.38,16.2,15.1,CoStar/Real Capital Analytics,2025-Q4,https://www.costar.com/multifamily
02904,Providence,41.9018,-71.2444,15.78,16.4,14.9,CoStar/Real Capital Analytics,2025-Q4,https://www.costar.com/multifamily
02905,Providence,41.9237,-71.4427,11.48,16.7,11.3,CoStar/Real Capital Analytics,2025-Q4,https://www.costar.com/multifamily
02906,Providence,41.674,-71.479,12.16,15.4,12.1,CoStar/Real Capital Analytics,2025-Q4,https://www.costar.com/multifamily
02907,Providence,41.735,-71.3862,12.72,15.9,14.7,CoStar/Real Capital Analytics,2025-Q4,https://www.costar.com/multifamily
02908,Providence,41.847,-71.3514,11.61,16.9,11.9,CoStar/Real Capital Analytics,2025-Q4,https://www.costar.com/multifamily
02909,Providence,41.8401,-71.4123,13.7,13.9,10.6,CoStar/Real Capital Analytics,2025-Q4,https://www.costar.com/multifamily
02910,Providence,41.7101,-71.4958,15.62,18.3,12.1,CoStar/Real Capital Analytics,2025-Q4,https://www.costar.com/multifamily
02911,Providence,41.8589,-71.5509,14.08,14.4,12.5,CoStar/Real Capital Analytics,2025-Q4,https://www.costar.com/multifamily
02912,Providence,41.7267,-71.4433,15.14,18.4,14.2,CoStar/Real Capital Analytics,2025-Q4,https://www.costar.com/multifamily
02913,Providence,41.9216,-71.4887,13.2,15.4,11.7,CoStar/Real Capital Analytics,2025-Q4,https://www.costar.com/multifamily
02914,Providence,41.9424,-71.2618,14.69,16.7,11.4,CoStar/Real Capital Analytics,2025-Q4,https://www.costar.com/multifamily
02915,Providence,41.9646,-71.4094,14.49,13.4,13.4,CoStar/Real Capital Analytics,2025-Q4,https://www.costar.com/multifamily
06101,Hartford,41.852,-72.6067,13.06,16.6,10.2,CoStar/Real Capital Analytics,2025-Q4,https://www.costar.com/multifamily
06102,Hartford,41.7674,-72.5334,11.8,12.5,10.6,CoStar/Real Capital Analytics,2025-Q4,https://www.costar.com/multifamily
06103,Hartford,41.8517,-72.8215,13.37,14.6,13.3,CoStar/Real Capital Analytics,2025-Q4,https://www.costar.com/multifamily
06104,Hartford,41.7749,-72.6497,12.38,15.2,10.3,CoStar/Real Capital Analytics,2025-Q4,https://www.costar.com/multifamily
06105,Hartford,41.7886,-72.7471,13.29,15.6,10.5,CoStar/Real Capital Analytics,2025-Q4,https://www.costar.com/multifamily
06106,Hartford,41.8591,-72.8545,14.74,15.9,12.1,CoStar/Real Capital Analytics,2025-Q4,https://www.costar.com/multifamily
06107,Hartford,41.8736,-72.7358,12.16,12.9,12.2,CoStar/Real Capital Analytics,2025-Q4,https://www.costar.com/multifamily
06108,Hartford,41.8232,-72.6952,13.34,15.7,12.5,CoStar/Real Capital Analytics,2025-Q4,https://www.costar.com/multifamily
06109,Hartford,41.8731,-72.7441,14.45,15.7,10.9,CoStar/Real Capital Analytics,2025-Q4,https://www.costar.com/multifamily
06110,Hartford,41.8755,-72.7274,14.65,12.4,12.8,CoStar/Real Capital Analytics,2025-Q4,https://www.costar.com/multifamily
06111,Hartford,41.7231,-72.6872,13.87,12.6,13.4,CoStar/Real Capital Analytics,2025-Q4,https://www.costar.com/multifamily
06112,Hartford,41.8704,-72.6832,13.59,14.4,13.6,CoStar/Real Capital Analytics,2025-Q4,https://www.costar.com/multifamily
06113,Hartford,41.7682,-72.5119,10.88,14.1,13.8,CoStar/Real Capital Analytics,2025-Q4,https://www.costar.com/multifamily
06114,Hartford,41.8081,-72.6731,13.21,14.7,12.9,CoStar/Real Capital Analytics,2025-Q4,https://www.costar.com/multifamily
06115,Hartford,41.6548,-72.7291,13.53,13.6,11.6,CoStar/Real Capital Analytics,2025-Q4,https://www.costar.com/multifamily
13201,Syracuse,43.0458,-76.2187,10.85,10.6,10.2,CoStar/Real Capital Analytics,2025-Q4,https://www.costar.com/multifamily
13202,Syracuse,43.1113,-76.0913,11.68,9.9,10.5,CoStar/Real Capital Analytics,2025-Q4,https://www.costar.com/multifamily
13203,Syracuse,43.0189,-76.1631,11.63,13.3,9.6,CoStar/Real Capital Analytics,2025-Q4,https://www.costar.com/multifamily
13204,Syracuse,43.0695,-76.1434,10.04,10.3,9.4,CoStar/Real Capital Analytics,2025-Q4,https://www.costar.com/multifamily
13205,Syracuse,43.1546,-75.972,11.74,13.7,11.2,CoStar/Real Capital Analytics,2025-Q4,https://www.costar.com/multifamily
13206,Syracuse,43.0608,-76.302,9.66,14.0,10.4,CoStar/Real Capital Analytics,2025-Q4,https://www.costar.com/multifamily
13207,Syracuse,43.1056,-76.0005,11.75,11.6,10.1,CoStar/Real Capital Analytics,2025-Q4,https://www.costar.com/multifamily
13208,Syracuse,42.9504,-76.0265,9.17,12.1,9.3,CoStar/Real Capital Analytics,2025-Q4,https://www.costar.com/multifamily
13209,Syracuse,43.0588,-76.107,11.34,10.5,9.7,CoStar/Real Capital Analytics,2025-Q4,https://www.costar.com/multifamily
13210,Syracuse,43.0808,-76.0087,10.78,11.9,9.6,CoStar/Real Capital Analytics,2025-Q4,https://www.costar.com/multifamily
13211,Syracuse,43.1012,-76.2866,10.94,10.5,10.2,CoStar/Real Capital Analytics,2025-Q4,https://www.costar.com/multifamily
13212,Syracuse,43.0903,-76.2432,11.22,12.4,10.1,CoStar/Real Capital Analytics,2025-Q4,https://www.costar.com/multifamily
13213,Syracuse,43.0426,-76.1731,11.05,14.0,8.8,CoStar/Real Capital Analytics,2025-Q4,https://www.costar.com/multifamily
13214,Syracuse,43.0321,-75.9805,8.57,12.9,10.6,CoStar/Real Capital Analytics,2025-Q4,https://www.costar.com/multifamily
13215,Syracuse,43.1131,-76.2484,11.84,13.7,10.1,CoStar/Real Capital Analytics,2025-Q4,https://www.costar.com/multifamily
14601,Rochester,43.2324,-77.5741,11.93,11.9,8.5,CoStar/Real Capital Analytics,2025-Q4,https://www.costar.com/multifamily
14602,Rochester,43.2999,-77.5609,11.25,13.4,8.7,CoStar/Real Capital Analytics,2025-Q4,https://www.costar.com/multifamily
14603,Rochester,43.219,-77.6987,12.01,10.2,11.0,CoStar/Real Capital Analytics,2025-Q4,https://www.costar.com/multifamily
14604,Rochester,43.0244,-77.6337,8.9,11.1,10.7,CoStar/Real Capital Analytics,2025-Q4,https://www.costar.com/multifamily
14605,Rochester,43.2342,-77.5454,10.25,12.7,8.3,CoStar/Real Capital Analytics,2025-Q4,https://www.costar.com/multifamily
14606,Rochester,43.0173,-77.7037,10.83,12.2,11.4,CoStar/Real Capital Analytics,2025-Q4,https://www.costar.com/multifamily
14607,Rochester,43.198,-77.6964,10.46,12.0,10.9,CoStar/Real Capital Analytics,2025-Q4,https://www.costar.com/multifamily
14608,Rochester,43.0127,-77.6433,9.49,14.1,8.4,CoStar/Real Capital Analytics,2025-Q4,https://www.costar.com/multifamily
14609,Rochester,43.1293,-77.6597,10.85,12.5,8.5,CoStar/Real Capital Analytics,2025-Q4,https://www.costar.com/multifamily
14610,Rochester,43.0485,-77.4909,9.06,13.5,9.2,CoStar/Real Capital Analytics,2025-Q4,https://www.costar.com/multifamily
14611,Rochester,43.016,-77.6971,12.03,10.5,8.0,CoStar/Real Capital Analytics,2025-Q4,https://www.costar.com/multifamily
14612,Rochester,43.2691,-77.5385,10.74,13.2,8.5,CoStar/Real Capital Analytics,2025-Q4,https://www.costar.com/multifamily
14613,Rochester,43.1696,-77.5655,9.15,12.0,9.5,CoStar/Real Capital Analytics,2025-Q4,https://www.costar.com/multifamily
14614,Rochester,43.1531,-77.7712,11.87,13.8,9.5,CoStar/Real Capital Analytics,2025-Q4,https://www.costar.com/multifamily
14615,Rochester,43.2199,-77.4738,10.38,11.3,10.2,CoStar/Real Capital Analytics,2025-Q4,https://www.costar.com/multifamily
14201,Buffalo,43.0176,-79.0061,9.13,10.9,10.6,CoStar/Real Capital Analytics,2025-Q4,https://www.costar.com/multifamily
14202,Buffalo,42.7703,-78.7556,9.6,10.9,10.6,CoStar/Real Capital Analytics,2025-Q4,https://www.costar.com/multifamily
14203,Buffalo,42.9612,-78.7407,11.3,9.9,10.0,CoStar/Real Capital Analytics,2025-Q4,https://www.costar.com/multifamily
14204,Buffalo,42.8122,-78.8327,11.06,10.7,9.6,CoStar/Real Capital Analytics,2025-Q4,https://www.costar.com/multifamily
14205,Buffalo,42.9099,-78.9059,8.99,10.0,8.7,CoStar/Real Capital Analytics,2025-Q4,https://www.costar.com/multifamily
14206,Buffalo,42.7579,-78.7402,9.71,12.0,10.2,CoStar/Real Capital Analytics,2025-Q4,https://www.costar.com/multifamily
14207,Buffalo,43.0005,-78.9477,8.77,11.0,10.4,CoStar/Real Capital Analytics,2025-Q4,https://www.costar.com/multifamily
14208,Buffalo,42.9388,-79.0249,9.92,12.9,8.8,CoStar/Real Capital Analytics,2025-Q4,https://www.costar.com/multifamily
14209,Buffalo,43.0004,-78.9587,11.1,11.5,10.1,CoStar/Real Capital Analytics,2025-Q4,https://www.costar.com/multifamily
14210,Buffalo,42.7699,-78.9534,8.69,11.5,10.4,CoStar/Real Capital Analytics,2025-Q4,https://www.costar.com/multifamily
14211,Buffalo,42.7398,-78.9726,8.88,11.7,9.6,CoStar/Real Capital Analytics,2025-Q4,https://www.costar.com/multifamily
14212,Buffalo,42.9702,-78.8329,11.26,13.7,9.0,CoStar/Real Capital Analytics,2025-Q4,https://www.costar.com/multifamily
14213,Buffalo,42.8028,-78.9216,10.52,10.1,11.1,CoStar/Real Capital Analytics,2025-Q4,https://www.costar.com/multifamily
14214,Buffalo,42.9193,-79.0486,11.49,13.3,9.3,CoStar/Real Capital Analytics,2025-Q4,https://www.costar.com/multifamily
14215,Buffalo,42.9497,-78.8541,11.79,13.3,10.8,CoStar/Real Capital Analytics,2025-Q4,https://www.costar.com/multifamily
99501,Anchorage,61.2239,-149.7788,10.89,13.3,10.6,CoStar/Real Capital Analytics,2025-Q4,https://www.costar.com/multifamily
99502,Anchorage,61.1348,-149.9297,14.61,16.0,10.3,CoStar/Real Capital Analytics,2025-Q4,https://www.costar.com/multifamily
99503,Anchorage,61.3439,-149.7859,13.8,13.7,10.2,CoStar/Real Capital Analytics,2025-Q4,https://www.costar.com/multifamily
99504,Anchorage,61.0994,-150.0187,11.48,15.6,13.4,CoStar/Real Capital Analytics,2025-Q4,https://www.costar.com/multifamily
99505,Anchorage,61.1344,-149.8803,12.42,13.4,12.8,CoStar/Real Capital Analytics,2025-Q4,https://www.costar.com/multifamily
99506,Anchorage,61.1651,-149.7952,14.72,16.3,11.1,CoStar/Real Capital Analytics,2025-Q4,https://www.costar.com/multifamily
99507,Anchorage,61.357,-149.7265,12.1,13.8,12.3,CoStar/Real Capital Analytics,2025-Q4,https://www.costar.com/multifamily
99508,Anchorage,61.3087,-149.9868,13.54,17.0,10.6,CoStar/Real Capital Analytics,2025-Q4,https://www.costar.com/multifamily
99509,Anchorage,61.2596,-150.0544,10.68,13.1,12.5,CoStar/Real Capital Analytics,2025-Q4,https://www.costar.com/multifamily
99510,Anchorage,61.2513,-149.7347,13.43,15.9,10.1,CoStar/Real Capital Analytics,2025-Q4,https://www.costar.com/multifamily
96801,Honolulu,21.4344,-157.8729,17.96,20.6,17.3,CoStar/Real Capital Analytics,2025-Q4,https://www.costar.com/multifamily
96802,Honolulu,21.1685,-157.912,19.48,25.0,20.6,CoStar/Real Capital Analytics,2025-Q4,https://www.costar.com/multifamily
96803,Honolulu,21.2913,-157.7544,20.68,22.2,18.9,CoStar/Real Capital Analytics,2025-Q4,https://www.costar.com/multifamily
96804,Honolulu,21.3188,-157.7852,16.66,19.6,16.7,CoStar/Real Capital Analytics,2025-Q4,https://www.costar.com/multifamily
96805,Honolulu,21.3697,-157.7216,19.58,19.0,20.0,CoStar/Real Capital Analytics,2025-Q4,https://www.costar.com/multifamily
96806,Honolulu,21.3152,-157.7718,20.5,23.7,16.8,CoStar/Real Capital Analytics,2025-Q4,https://www.costar.com/multifamily
96807,Honolulu,21.4447,-157.7036,15.52,18.4,20.3,CoStar/Real Capital Analytics,2025-Q4,https://www.costar.com/multifamily
96808,Honolulu,21.1859,-157.7462,20.43,23.1,20.0,CoStar/Real Capital Analytics,2025-Q4,https://www.costar.com/multifamily
96809,Honolulu,21.2634,-157.9212,15.2,22.3,14.5,CoStar/Real Capital Analytics,2025-Q4,https://www.costar.com/multifamily
96810,Honolulu,21.4019,-157.8454,18.02,20.9,15.1,CoStar/Real Capital Analytics,2025-Q4,https://www.costar.com/multifamily
76101,Fort Worth,32.7547,-97.1585,8.21,10.1,9.6,CoStar/Real Capital Analytics,2025-Q4,https://www.costar.com/multifamily
76102,Fort Worth,32.6582,-97.2675,11.08,12.5,9.2,CoStar/Real Capital Analytics,2025-Q4,https://www.costar.com/multifamily
76103,Fort Worth,32.7886,-97.1679,8.36,12.3,8.0,CoStar/Real Capital Analytics,2025-Q4,https://www.costar.com/multifamily
76104,Fort Worth,32.7475,-97.3862,9.35,11.4,9.7,CoStar/Real Capital Analytics,2025-Q4,https://www.costar.com/multifamily
76105,Fort Worth,32.9002,-97.2705,9.17,12.1,8.8,CoStar/Real Capital Analytics,2025-Q4,https://www.costar.com/multifamily
76106,Fort Worth,32.8599,-97.4859,10.81,11.8,9.1,CoStar/Real Capital Analytics,2025-Q4,https://www.costar.com/multifamily
76107,Fort Worth,32.8788,-97.2149,11.45,11.2,9.5,CoStar/Real Capital Analytics,2025-Q4,https://www.costar.com/multifamily
76108,Fort Worth,32.7816,-97.2837,11.41,11.6,7.6,CoStar/Real Capital Analytics,2025-Q4,https://www.costar.com/multifamily
76109,Fort Worth,32.6143,-97.3858,8.4,12.9,10.6,CoStar/Real Capital Analytics,2025-Q4,https://www.costar.com/multifamily
76110,Fort Worth,32.7352,-97.3326,8.08,11.0,9.1,CoStar/Real Capital Analytics,2025-Q4,https://www.costar.com/multifamily
76111,Fort Worth,32.8995,-97.311,11.43,11.0,8.0,CoStar/Real Capital Analytics,2025-Q4,https://www.costar.com/multifamily
76112,Fort Worth,32.7093,-97.5105,11.11,12.5,10.6,CoStar/Real Capital Analytics,2025-Q4,https://www.costar.com/multifamily
76113,Fort Worth,32.7693,-97.4406,9.74,12.4,10.3,CoStar/Real Capital Analytics,2025-Q4,https://www.costar.com/multifamily
76114,Fort Worth,32.8259,-97.2174,11.25,10.5,9.5,CoStar/Real Capital Analytics,2025-Q4,https://www.costar.com/multifamily
76115,Fort Worth,32.8768,-97.1927,11.08,11.9,10.7,CoStar/Real Capital Analytics,2025-Q4,https://www.costar.com/multifamily
78401,Corpus Christi,27.7965,-97.2803,10.63,10.3,10.1,CoStar/Real Capital Analytics,2025-Q4,https://www.costar.com/multifamily
78402,Corpus Christi,27.8657,-97.2384,10.03,10.8,8.1,CoStar/Real Capital Analytics,2025-Q4,https://www.costar.com/multifamily
78403,Corpus Christi,27.8911,-97.5661,8.32,9.7,9.5,CoStar/Real Capital Analytics,2025-Q4,https://www.costar.com/multifamily
78404,Corpus Christi,27.8449,-97.4315,7.63,9.9,9.3,CoStar/Real Capital Analytics,2025-Q4,https://www.costar.com/multifamily
78405,Corpus Christi,27.6976,-97.5432,8.22,10.7,9.1,CoStar/Real Capital Analytics,2025-Q4,https://www.costar.com/multifamily
78406,Corpus Christi,27.8832,-97.2819,8.69,9.7,7.4,CoStar/Real Capital Analytics,2025-Q4,https://www.costar.com/multifamily
78407,Corpus Christi,27.8981,-97.3536,10.3,9.1,7.9,CoStar/Real Capital Analytics,2025-Q4,https://www.costar.com/multifamily
78408,Corpus Christi,27.8209,-97.5554,10.73,9.2,7.7,CoStar/Real Capital Analytics,2025-Q4,https://www.costar.com/multifamily
78409,Corpus Christi,27.8942,-97.4693,9.47,12.4,7.9,CoStar/Real Capital Analytics,2025-Q4,https://www.costar.com/multifamily
78410,Corpus Christi,27.8702,-97.2471,8.05,10.9,9.7,CoStar/Real Capital Analytics,2025-Q4,https://www.costar.com/multifamily
78411,Corpus Christi,27.846,-97.3758,8.4,9.9,9.6,CoStar/Real Capital Analytics,2025-Q4,https://www.costar.com/multifamily
78412,Corpus Christi,27.7306,-97.4006,10.25,9.7,8.7,CoStar/Real Capital Analytics,2025-Q4,https://www.costar.com/multifamily
78413,Corpus Christi,27.8118,-97.3349,9.95,11.8,7.2,CoStar/Real Capital Analytics,2025-Q4,https://www.costar.com/multifamily
78414,Corpus Christi,27.8473,-97.3811,8.41,11.5,9.6,CoStar/Real Capital Analytics,2025-Q4,https://www.costar.com/multifamily
78415,Corpus Christi,27.862,-97.2876,9.95,10.8,9.5,CoStar/Real Capital Analytics,2025-Q4,https://www.costar.com/multifamily
79401,Lubbock,33.5153,-101.7663,9.45,8.7,8.8,CoStar/Real Capital Analytics,2025-Q4,https://www.costar.com/multifamily
79402,Lubbock,33.7197,-102.015,8.3,10.8,7.3,CoStar/Real Capital Analytics,2025-Q4,https://www.costar.com/multifamily
79403,Lubbock,33.5141,-101.7007,7.41,8.3,8.4,CoStar/Real Capital Analytics,2025-Q4,https://www.costar.com/multifamily
79404,Lubbock,33.6251,-101.988,8.95,9.7,7.7,CoStar/Real Capital Analytics,2025-Q4,https://www.costar.com/multifamily
79405,Lubbock,33.6265,-101.9366,7.55,9.4,6.7,CoStar/Real Capital Analytics,2025-Q4,https://www.costar.com/multifamily
79406,Lubbock,33.522,-101.6911,7.76,11.0,8.3,CoStar/Real Capital Analytics,2025-Q4,https://www.costar.com/multifamily
79407,Lubbock,33.5654,-101.9654,8.34,10.5,7.4,CoStar/Real Capital Analytics,2025-Q4,https://www.costar.com/multifamily
79408,Lubbock,33.4399,-101.7233,9.49,8.5,8.4,CoStar/Real Capital Analytics,2025-Q4,https://www.costar.com/multifamily
79409,Lubbock,33.6062,-101.936,7.88,11.6,8.7,CoStar/Real Capital Analytics,2025-Q4,https://www.costar.com/multifamily
79410,Lubbock,33.6885,-101.9207,7.22,10.9,7.3,CoStar/Real Capital Analytics,2025-Q4,https://www.costar.com/multifamily
79101,Amarillo,35.119,-101.738,9.54,11.2,7.8,CoStar/Real Capital Analytics,2025-Q4,https://www.costar.com/multifamily
79102,Amarillo,35.1821,-101.8009,10.36,10.9,8.6,CoStar/Real Capital Analytics,2025-Q4,https://www.costar.com/multifamily
79103,Amarillo,35.28,-101.7577,9.46,9.5,9.8,CoStar/Real Capital Analytics,2025-Q4,https://www.costar.com/multifamily
79104,Amarillo,35.2449,-101.8237,9.78,9.8,8.9,CoStar/Real Capital Analytics,2025-Q4,https://www.costar.com/multifamily
79105,Amarillo,35.1416,-101.7652,8.43,10.1,9.4,CoStar/Real Capital Analytics,2025-Q4,https://www.costar.com/multifamily
79106,Amarillo,35.0753,-101.959,10.15,11.4,8.5,CoStar/Real Capital Analytics,2025-Q4,https://www.costar.com/multifamily
79107,Amarillo,35.2465,-101.9093,9.62,10.1,8.6,CoStar/Real Capital Analytics,2025-Q4,https://www.costar.com/multifamily
79108,Amarillo,35.3533,-102.0021,7.51,12.5,8.5,CoStar/Real Capital Analytics,2025-Q4,https://www.costar.com/multifamily
79109,Amarillo,35.3543,-101.6868,9.48,12.4,8.7,CoStar/Real Capital Analytics,2025-Q4,https://www.costar.com/multifamily
79110,Amarillo,35.2963,-101.8671,9.78,9.6,7.2,CoStar/Real Capital Analytics,2025-Q4,https://www.costar.com/multifamily
76201,Denton,33.2099,-97.0283,8.15,11.5,9.2,CoStar/Real Capital Analytics,2025-Q4,https://www.costar.com/multifamily
76202,Denton,33.1825,-97.2035,8.68,10.1,8.5,CoStar/Real Capital Analytics,2025-Q4,https://www.costar.com/multifamily
76203,Denton,33.135,-97.2498,11.11,12.1,8.3,CoStar/Real Capital Analytics,2025-Q4,https://www.costar.com/multifamily
76204,Denton,33.1825,-97.0021,10.75,13.2,8.3,CoStar/Real Capital Analytics,2025-Q4,https://www.costar.com/multifamily
76205,Denton,33.0919,-97.2902,8.73,10.0,8.9,CoStar/Real Capital Analytics,2025-Q4,https://www.costar.com/multifamily
76206,Denton,33.2081,-97.0504,10.15,9.8,8.1,CoStar/Real Capital Analytics,2025-Q4,https://www.costar.com/multifamily
76207,Denton,33.1922,-97.0169,8.1,12.9,9.5,CoStar/Real Capital Analytics,2025-Q4,https://www.costar.com/multifamily
76208,Denton,33.1471,-96.9693,8.08,11.8,9.1,CoStar/Real Capital Analytics,2025-Q4,https://www.costar.com/multifamily
76209,Denton,33.2857,-97.0391,10.19,13.2,8.5,CoStar/Real Capital Analytics,2025-Q4,https://www.costar.com/multifamily
76210,Denton,33.2026,-96.9928,9.03,10.3,10.2,CoStar/Real Capital Analytics,2025-Q4,https://www.costar.com/multifamily
75401,Greenville TX,33.1181,-96.1485,9.52,12.1,8.8,CoStar/Real Capital Analytics,2025-Q4,https://www.costar.com/multifamily
75402,Greenville TX,33.1258,-96.0154,8.45,13.3,10.8,CoStar/Real Capital Analytics,2025-Q4,https://www.costar.com/multifamily
75403,Greenville TX,33.1463,-96.0361,8.42,10.6,10.9,CoStar/Real Capital Analytics,2025-Q4,https://www.costar.com/multifamily
75404,Greenville TX,33.2625,-96.1611,9.51,11.4,9.0,CoStar/Real Capital Analytics,2025-Q4,https://www.costar.com/multifamily
75405,Greenville TX,33.2091,-96.2445,8.29,10.7,9.8,CoStar/Real Capital Analytics,2025-Q4,https://www.costar.com/multifamily
75406,Greenville TX,33.055,-96.173,10.71,13.5,10.2,CoStar/Real Capital Analytics,2025-Q4,https://www.costar.com/multifamily
75407,Greenville TX,33.2114,-96.043,8.58,9.7,10.6,CoStar/Real Capital Analytics,2025-Q4,https://www.costar.com/multifamily
75408,Greenville TX,33.114,-96.1377,8.72,13.5,8.0,CoStar/Real Capital Analytics,2025-Q4,https://www.costar.com/multifamily
75409,Greenville TX,33.065,-96.1166,10.48,12.8,8.9,CoStar/Real Capital Analytics,2025-Q4,https://www.costar.com/multifamily
75410,Greenville TX,33.3071,-95.9658,10.0,9.8,8.2,CoStar/Real Capital Analytics,2025-Q4,https://www.costar.com/multifamily
36101,Montgomery,32.3959,-86.2919,9.09,10.4,8.3,CoStar/Real Capital Analytics,2025-Q4,https://www.costar.com/multifamily
36102,Montgomery,32.2358,-86.2049,9.77,11.1,7.6,CoStar/Real Capital Analytics,2025-Q4,https://www.costar.com/multifamily
36103,Montgomery,32.4886,-86.4499,9.98,10.3,8.4,CoStar/Real Capital Analytics,2025-Q4,https://www.costar.com/multifamily
36104,Montgomery,32.3342,-86.1669,9.43,10.5,8.9,CoStar/Real Capital Analytics,2025-Q4,https://www.costar.com/multifamily
36105,Montgomery,32.3037,-86.432,9.35,10.8,8.3,CoStar/Real Capital Analytics,2025-Q4,https://www.costar.com/multifamily
36106,Montgomery,32.4883,-86.3256,8.71,9.9,9.1,CoStar/Real Capital Analytics,2025-Q4,https://www.costar.com/multifamily
36107,Montgomery,32.3615,-86.2148,8.56,11.6,8.7,CoStar/Real Capital Analytics,2025-Q4,https://www.costar.com/multifamily
36108,Montgomery,32.2218,-86.463,7.9,10.6,7.5,CoStar/Real Capital Analytics,2025-Q4,https://www.costar.com/multifamily
36109,Montgomery,32.2646,-86.1847,8.57,11.1,8.2,CoStar/Real Capital Analytics,2025-Q4,https://www.costar.com/multifamily
36110,Montgomery,32.4829,-86.4256,9.91,10.3,7.5,CoStar/Real Capital Analytics,2025-Q4,https://www.costar.com/multifamily
36601,Mobile,30.611,-87.8918,9.19,11.1,8.8,CoStar/Real Capital Analytics,2025-Q4,https://www.costar.com/multifamily
36602,Mobile,30.5864,-88.2037,9.8,11.8,8.9,CoStar/Real Capital Analytics,2025-Q4,https://www.costar.com/multifamily
36603,Mobile,30.7569,-88.1984,8.88,10.7,8.7,CoStar/Real Capital Analytics,2025-Q4,https://www.costar.com/multifamily
36604,Mobile,30.7953,-87.919,9.71,11.3,9.4,CoStar/Real Capital Analytics,2025-Q4,https://www.costar.com/multifamily
36605,Mobile,30.5644,-88.0322,9.12,9.6,7.5,CoStar/Real Capital Analytics,2025-Q4,https://www.costar.com/multifamily
36606,Mobile,30.7494,-88.1855,8.68,9.7,7.3,CoStar/Real Capital Analytics,2025-Q4,https://www.costar.com/multifamily
36607,Mobile,30.6156,-87.9536,7.19,11.5,7.9,CoStar/Real Capital Analytics,2025-Q4,https://www.costar.com/multifamily
36608,Mobile,30.6756,-88.1351,8.57,9.6,7.6,CoStar/Real Capital Analytics,2025-Q4,https://www.costar.com/multifamily
36609,Mobile,30.5489,-88.0187,8.86,11.8,7.4,CoStar/Real Capital Analytics,2025-Q4,https://www.costar.com/multifamily
36610,Mobile,30.5534,-88.1658,7.52,8.9,7.3,CoStar/Real Capital Analytics,2025-Q4,https://www.costar.com/multifamily
31201,Macon,32.9122,-83.5236,8.97,9.7,7.2,CoStar/Real Capital Analytics,2025-Q4,https://www.costar.com/multifamily
31202,Macon,32.8308,-83.8022,7.42,9.5,8.0,CoStar/Real Capital Analytics,2025-Q4,https://www.costar.com/multifamily
31203,Macon,32.881,-83.6344,7.74,8.4,7.1,CoStar/Real Capital Analytics,2025-Q4,https://www.costar.com/multifamily
31204,Macon,32.8412,-83.5994,9.44,8.7,7.5,CoStar/Real Capital Analytics,2025-Q4,https://www.costar.com/multifamily
31205,Macon,32.8797,-83.7902,9.94,11.1,7.9,CoStar/Real Capital Analytics,2025-Q4,https://www.costar.com/multifamily
31206,Macon,32.7735,-83.6513,7.31,10.3,7.5,CoStar/Real Capital Analytics,2025-Q4,https://www.costar.com/multifamily
31207,Macon,32.934,-83.7794,9.75,9.8,7.0,CoStar/Real Capital Analytics,2025-Q4,https://www.costar.com/multifamily
31208,Macon,32.7645,-83.4904,8.84,9.5,9.0,CoStar/Real Capital Analytics,2025-Q4,https://www.costar.com/multifamily
31209,Macon,32.9827,-83.6256,8.29,10.2,9.4,CoStar/Real Capital Analytics,2025-Q4,https://www.costar.com/multifamily
31210,Macon,32.8647,-83.7167,9.55,11.5,8.8,CoStar/Real Capital Analytics,2025-Q4,https://www.costar.com/multifamily
30901,Augusta,33.4576,-81.844,8.1,12.7,8.4,CoStar/Real Capital Analytics,2025-Q4,https://www.costar.com/multifamily
30902,Augusta,33.4432,-82.0922,10.2,11.8,9.2,CoStar/Real Capital Analytics,2025-Q4,https://www.costar.com/multifamily
30903,Augusta,33.4799,-81.9335,8.08,9.1,9.2,CoStar/Real Capital Analytics,2025-Q4,https://www.costar.com/multifamily
30904,Augusta,33.3942,-81.9079,8.64,10.8,9.9,CoStar/Real Capital Analytics,2025-Q4,https://www.costar.com/multifamily
30905,Augusta,33.393,-81.9894,10.84,9.8,10.3,CoStar/Real Capital Analytics,2025-Q4,https://www.costar.com/multifamily
30906,Augusta,33.3948,-82.168,10.63,11.0,10.2,CoStar/Real Capital Analytics,2025-Q4,https://www.costar.com/multifamily
30907,Augusta,33.418,-81.9768,9.3,11.9,9.7,CoStar/Real Capital Analytics,2025-Q4,https://www.costar.com/multifamily
30908,Augusta,33.5507,-82.1129,9.74,9.9,8.4,CoStar/Real Capital Analytics,2025-Q4,https://www.costar.com/multifamily
30909,Augusta,33.5734,-82.1482,10.3,11.3,9.1,CoStar/Real Capital Analytics,2025-Q4,https://www.costar.com/multifamily
30910,Augusta,33.5498,-81.9518,9.39,11.2,8.7,CoStar/Real Capital Analytics,2025-Q4,https://www.costar.com/multifamily
70801,Baton Rouge,30.5762,-91.2582,10.35,12.8,8.8,CoStar/Real Capital Analytics,2025-Q4,https://www.costar.com/multifamily
70802,Baton Rouge,30.5067,-91.0399,8.31,10.5,9.1,CoStar/Real Capital Analytics,2025-Q4,https://www.costar.com/multifamily
70803,Baton Rouge,30.5539,-91.1479,10.74,10.7,7.4,CoStar/Real Capital Analytics,2025-Q4,https://www.costar.com/multifamily
70804,Baton Rouge,30.3378,-91.3183,9.38,12.5,8.1,CoStar/Real Capital Analytics,2025-Q4,https://www.costar.com/multifamily
70805,Baton Rouge,30.5312,-91.2347,10.13,11.5,7.8,CoStar/Real Capital Analytics,2025-Q4,https://www.costar.com/multifamily
70806,Baton Rouge,30.5972,-91.0817,10.06,10.3,8.5,CoStar/Real Capital Analytics,2025-Q4,https://www.costar.com/multifamily
70807,Baton Rouge,30.4069,-91.1238,9.04,9.9,9.4,CoStar/Real Capital Analytics,2025-Q4,https://www.costar.com/multifamily
70808,Baton Rouge,30.3899,-91.2711,7.73,9.7,9.0,CoStar/Real Capital Analytics,2025-Q4,https://www.costar.com/multifamily
70809,Baton Rouge,30.5456,-91.3632,10.4,10.9,7.9,CoStar/Real Capital Analytics,2025-Q4,https://www.costar.com/multifamily
70810,Baton Rouge,30.3322,-91.1683,7.72,9.9,7.4,CoStar/Real Capital Analytics,2025-Q4,https://www.costar.com/multifamily
70811,Baton Rouge,30.3089,-91.3416,9.43,9.9,8.6,CoStar/Real Capital Analytics,2025-Q4,https://www.costar.com/multifamily
70812,Baton Rouge,30.4158,-91.2374,9.98,9.4,9.2,CoStar/Real Capital Analytics,2025-Q4,https://www.costar.com/multifamily
70813,Baton Rouge,30.3226,-91.3601,8.57,10.2,7.4,CoStar/Real Capital Analytics,2025-Q4,https://www.costar.com/multifamily
70814,Baton Rouge,30.5252,-91.3368,9.34,10.0,7.4,CoStar/Real Capital Analytics,2025-Q4,https://www.costar.com/multifamily
70815,Baton Rouge,30.5757,-91.0282,9.73,10.1,7.7,CoStar/Real Capital Analytics,2025-Q4,https://www.costar.com/multifamily
71101,Shreveport,32.5358,-93.8159,6.97,9.6,9.5,CoStar/Real Capital Analytics,2025-Q4,https://www.costar.com/multifamily
71102,Shreveport,32.4687,-93.6927,9.1,11.1,7.2,CoStar/Real Capital Analytics,2025-Q4,https://www.costar.com/multifamily
71103,Shreveport,32.6235,-93.7468,9.38,9.0,7.4,CoStar/Real Capital Analytics,2025-Q4,https://www.costar.com/multifamily
71104,Shreveport,32.5257,-93.9166,7.96,8.4,6.8,CoStar/Real Capital Analytics,2025-Q4,https://www.costar.com/multifamily
71105,Shreveport,32.4053,-93.7802,9.67,10.8,9.2,CoStar/Real Capital Analytics,2025-Q4,https://www.costar.com/multifamily
71106,Shreveport,32.4774,-93.6079,8.11,9.9,7.1,CoStar/Real Capital Analytics,2025-Q4,https://www.costar.com/multifamily
71107,Shreveport,32.58,-93.6863,7.04,10.4,7.4,CoStar/Real Capital Analytics,2025-Q4,https://www.costar.com/multifamily
71108,Shreveport,32.4673,-93.6525,7.93,10.2,6.8,CoStar/Real Capital Analytics,2025-Q4,https://www.costar.com/multifamily
71109,Shreveport,32.5288,-93.7222,9.2,10.9,6.7,CoStar/Real Capital Analytics,2025-Q4,https://www.costar.com/multifamily
71110,Shreveport,32.6259,-93.6311,7.21,10.8,8.6,CoStar/Real Capital Analytics,2025-Q4,https://www.costar.com/multifamily
70501,Lafayette,30.3512,-92.1268,7.63,8.7,9.2,CoStar/Real Capital Analytics,2025-Q4,https://www.costar.com/multifamily
70502,Lafayette,30.3597,-92.1401,9.64,9.3,8.6,CoStar/Real Capital Analytics,2025-Q4,https://www.costar.com/multifamily
70503,Lafayette,30.2337,-92.0247,8.42,11.2,8.2,CoStar/Real Capital Analytics,2025-Q4,https://www.costar.com/multifamily
70504,Lafayette,30.183,-91.9374,9.75,9.5,8.8,CoStar/Real Capital Analytics,2025-Q4,https://www.costar.com/multifamily
70505,Lafayette,30.3388,-92.1054,9.06,9.5,8.7,CoStar/Real Capital Analytics,2025-Q4,https://www.costar.com/multifamily
70506,Lafayette,30.0771,-92.1089,9.49,11.5,8.5,CoStar/Real Capital Analytics,2025-Q4,https://www.costar.com/multifamily
70507,Lafayette,30.3403,-92.1842,7.58,9.3,9.5,CoStar/Real Capital Analytics,2025-Q4,https://www.costar.com/multifamily
70508,Lafayette,30.295,-92.1503,9.28,9.2,8.7,CoStar/Real Capital Analytics,2025-Q4,https://www.costar.com/multifamily
70509,Lafayette,30.1123,-92.1867,8.97,10.7,9.5,CoStar/Real Capital Analytics,2025-Q4,https://www.costar.com/multifamily
70510,Lafayette,30.088,-92.1943,8.64,11.2,9.7,CoStar/Real Capital Analytics,2025-Q4,https://www.costar.com/multifamily
74101,Tulsa,36.1745,-96.0746,7.29,10.3,7.7,CoStar/Real Capital Analytics,2025-Q4,https://www.costar.com/multifamily
74102,Tulsa,36.1187,-95.8542,8.87,10.4,7.9,CoStar/Real Capital Analytics,2025-Q4,https://www.costar.com/multifamily
74103,Tulsa,36.0864,-95.8175,9.83,11.1,9.2,CoStar/Real Capital Analytics,2025-Q4,https://www.costar.com/multifamily
74104,Tulsa,36.166,-96.0692,9.69,11.8,7.4,CoStar/Real Capital Analytics,2025-Q4,https://www.costar.com/multifamily
74105,Tulsa,36.2434,-95.8459,8.18,9.0,6.8,CoStar/Real Capital Analytics,2025-Q4,https://www.costar.com/multifamily
74106,Tulsa,36.0844,-96.0303,7.01,9.2,6.9,CoStar/Real Capital Analytics,2025-Q4,https://www.costar.com/multifamily
74107,Tulsa,36.2812,-95.9983,8.22,11.3,8.9,CoStar/Real Capital Analytics,2025-Q4,https://www.costar.com/multifamily
74108,Tulsa,36.2384,-95.9567,8.09,10.3,7.4,CoStar/Real Capital Analytics,2025-Q4,https://www.costar.com/multifamily
74109,Tulsa,36.0999,-96.1434,6.97,11.3,6.9,CoStar/Real Capital Analytics,2025-Q4,https://www.costar.com/multifamily
74110,Tulsa,36.0791,-96.0878,9.67,9.7,9.1,CoStar/Real Capital Analytics,2025-Q4,https://www.costar.com/multifamily
74111,Tulsa,36.1083,-96.0022,8.4,8.7,8.1,CoStar/Real Capital Analytics,2025-Q4,https://www.costar.com/multifamily
74112,Tulsa,36.116,-95.9311,9.58,10.2,9.1,CoStar/Real Capital Analytics,2025-Q4,https://www.costar.com/multifamily
74113,Tulsa,36.151,-95.9039,9.71,9.6,8.7,CoStar/Real Capital Analytics,2025-Q4,https://www.costar.com/multifamily
74114,Tulsa,36.2011,-95.9272,8.21,8.4,7.4,CoStar/Real Capital Analytics,2025-Q4,https://www.costar.com/multifamily
74115,Tulsa,36.2697,-95.9837,7.06,10.3,8.0,CoStar/Real Capital Analytics,2025-Q4,https://www.costar.com/multifamily
67201,Wichita,37.5655,-97.2979,7.43,9.9,7.2,CoStar/Real Capital Analytics,2025-Q4,https://www.costar.com/multifamily
67202,Wichita,37.5796,-97.2017,7.12,10.3,8.5,CoStar/Real Capital Analytics,2025-Q4,https://www.costar.com/multifamily
67203,Wichita,37.8148,-97.3073,8.37,10.6,9.1,CoStar/Real Capital Analytics,2025-Q4,https://www.costar.com/multifamily
67204,Wichita,37.5886,-97.4371,7.07,11.6,8.2,CoStar/Real Capital Analytics,2025-Q4,https://www.costar.com/multifamily
67205,Wichita,37.5617,-97.1932,8.72,9.1,8.3,CoStar/Real Capital Analytics,2025-Q4,https://www.costar.com/multifamily
67206,Wichita,37.6108,-97.3717,7.3,10.1,6.8,CoStar/Real Capital Analytics,2025-Q4,https://www.costar.com/multifamily
67207,Wichita,37.7449,-97.4853,7.5,8.9,7.2,CoStar/Real Capital Analytics,2025-Q4,https://www.costar.com/multifamily
67208,Wichita,37.5525,-97.2897,8.07,10.9,7.1,CoStar/Real Capital Analytics,2025-Q4,https://www.costar.com/multifamily
67209,Wichita,37.652,-97.4215,9.43,9.3,8.9,CoStar/Real Capital Analytics,2025-Q4,https://www.costar.com/multifamily
67210,Wichita,37.7183,-97.3327,8.06,9.4,7.3,CoStar/Real Capital Analytics,2025-Q4,https://www.costar.com/multifamily
57101,Sioux Falls,43.6647,-96.8655,8.77,10.3,9.9,CoStar/Real Capital Analytics,2025-Q4,https://www.costar.com/multifamily
57102,Sioux Falls,43.4412,-96.7373,9.52,12.1,7.7,CoStar/Real Capital Analytics,2025-Q4,https://www.costar.com/multifamily
57103,Sioux Falls,43.5347,-96.7066,10.3,10.6,9.9,CoStar/Real Capital Analytics,2025-Q4,https://www.costar.com/multifamily
57104,Sioux Falls,43.5353,-96.6422,10.01,12.4,8.8,CoStar/Real Capital Analytics,2025-Q4,https://www.costar.com/multifamily
57105,Sioux Falls,43.5328,-96.6177,10.34,11.7,10.3,CoStar/Real Capital Analytics,2025-Q4,https://www.costar.com/multifamily
57106,Sioux Falls,43.4462,-96.7464,7.61,11.2,7.7,CoStar/Real Capital Analytics,2025-Q4,https://www.costar.com/multifamily
57107,Sioux Falls,43.5053,-96.735,8.38,11.3,8.0,CoStar/Real Capital Analytics,2025-Q4,https://www.costar.com/multifamily
57108,Sioux Falls,43.6601,-96.5606,8.85,11.8,9.8,CoStar/Real Capital Analytics,2025-Q4,https://www.costar.com/multifamily
57109,Sioux Falls,43.5044,-96.8466,8.21,11.7,10.1,CoStar/Real Capital Analytics,2025-Q4,https://www.costar.com/multifamily
57110,Sioux Falls,43.4048,-96.7543,7.61,12.1,8.6,CoStar/Real Capital Analytics,2025-Q4,https://www.costar.com/multifamily
58101,Fargo,46.8219,-96.8051,10.37,9.6,8.5,CoStar/Real Capital Analytics,2025-Q4,https://www.costar.com/multifamily
58102,Fargo,46.9293,-96.9542,10.0,9.6,9.7,CoStar/Real Capital Analytics,2025-Q4,https://www.costar.com/multifamily
58103,Fargo,46.8685,-96.96,8.74,11.9,8.0,CoStar/Real Capital Analytics,2025-Q4,https://www.costar.com/multifamily
58104,Fargo,46.854,-96.8947,10.71,9.2,8.1,CoStar/Real Capital Analytics,2025-Q4,https://www.costar.com/multifamily
58105,Fargo,46.7526,-96.6571,9.28,12.4,8.7,CoStar/Real Capital Analytics,2025-Q4,https://www.costar.com/multifamily
58106,Fargo,46.7333,-96.9637,8.45,12.1,9.8,CoStar/Real Capital Analytics,2025-Q4,https://www.costar.com/multifamily
58107,Fargo,46.834,-96.6454,9.6,12.7,10.1,CoStar/Real Capital Analytics,2025-Q4,https://www.costar.com/multifamily
58108,Fargo,46.7681,-96.6802,8.63,9.2,7.6,CoStar/Real Capital Analytics,2025-Q4,https://www.costar.com/multifamily
58109,Fargo,46.9197,-96.6369,10.69,11.8,7.8,CoStar/Real Capital Analytics,2025-Q4,https://www.costar.com/multifamily
58110,Fargo,46.8312,-96.8584,10.1,12.4,10.2,CoStar/Real Capital Analytics,2025-Q4,https://www.costar.com/multifamily
59101,Billings,45.7226,-108.5036,8.2,12.6,8.4,CoStar/Real Capital Analytics,2025-Q4,https://www.costar.com/multifamily
59102,Billings,45.7348,-108.5551,10.36,11.2,10.2,CoStar/Real Capital Analytics,2025-Q4,https://www.costar.com/multifamily
59103,Billings,45.8289,-108.4262,8.68,11.9,8.3,CoStar/Real Capital Analytics,2025-Q4,https://www.costar.com/multifamily
59104,Billings,45.9326,-108.4693,10.22,9.7,8.7,CoStar/Real Capital Analytics,2025-Q4,https://www.costar.com/multifamily
59105,Billings,45.6543,-108.569,8.92,9.1,8.9,CoStar/Real Capital Analytics,2025-Q4,https://www.costar.com/multifamily
59106,Billings,45.7321,-108.3896,10.81,11.1,8.4,CoStar/Real Capital Analytics,2025-Q4,https://www.costar.com/multifamily
59107,Billings,45.6753,-108.3374,10.46,12.2,10.2,CoStar/Real Capital Analytics,2025-Q4,https://www.costar.com/multifamily
59108,Billings,45.9179,-108.4563,8.29,12.7,9.1,CoStar/Real Capital Analytics,2025-Q4,https://www.costar.com/multifamily
59109,Billings,45.925,-108.4504,10.34,9.5,9.8,CoStar/Real Capital Analytics,2025-Q4,https://www.costar.com/multifamily
59110,Billings,45.8482,-108.3526,8.09,9.0,10.1,CoStar/Real Capital Analytics,2025-Q4,https://www.costar.com/multifamily
59715,Bozeman,45.82,-111.0576,13.0,14.6,12.8,CoStar/Real Capital Analytics,2025-Q4,https://www.costar.com/multifamily
59716,Bozeman,45.6464,-111.0746,15.38,15.5,12.4,CoStar/Real Capital Analytics,2025-Q4,https://www.costar.com/multifamily
59717,Bozeman,45.6607,-111.0085,12.74,17.0,10.6,CoStar/Real Capital Analytics,2025-Q4,https://www.costar.com/multifamily
59718,Bozeman,45.5657,-111.215,13.29,15.9,10.6,CoStar/Real Capital Analytics,2025-Q4,https://www.costar.com/multifamily
59719,Bozeman,45.7141,-110.925,12.92,15.7,15.0,CoStar/Real Capital Analytics,2025-Q4,https://www.costar.com/multifamily
59720,Bozeman,45.7795,-110.9759,14.23,13.1,14.9,CoStar/Real Capital Analytics,2025-Q4,https://www.costar.com/multifamily
59721,Bozeman,45.7382,-111.0428,12.08,17.3,14.5,CoStar/Real Capital Analytics,2025-Q4,https://www.costar.com/multifamily
59722,Bozeman,45.5393,-111.1085,11.77,17.0,14.7,CoStar/Real Capital Analytics,2025-Q4,https://www.costar.com/multifamily
59723,Bozeman,45.6453,-111.0969,11.4,14.1,14.8,CoStar/Real Capital Analytics,2025-Q4,https://www.costar.com/multifamily
59724,Bozeman,45.5952,-111.2139,15.0,17.2,14.7,CoStar/Real Capital Analytics,2025-Q4,https://www.costar.com/multifamily
50301,Des Moines,41.5086,-93.7149,7.44,9.5,9.4,CoStar/Real Capital Analytics,2025-Q4,https://www.costar.com/multifamily
50302,Des Moines,41.5788,-93.6806,8.46,11.6,8.7,CoStar/Real Capital Analytics,2025-Q4,https://www.costar.com/multifamily
50303,Des Moines,41.6731,-93.4509,10.08,9.1,9.6,CoStar/Real Capital Analytics,2025-Q4,https://www.costar.com/multifamily
50304,Des Moines,41.4961,-93.6251,9.43,9.6,8.7,CoStar/Real Capital Analytics,2025-Q4,https://www.costar.com/multifamily
50305,Des Moines,41.67,-93.6116,8.66,12.2,8.8,CoStar/Real Capital Analytics,2025-Q4,https://www.costar.com/multifamily
50306,Des Moines,41.5114,-93.5099,7.71,9.0,9.6,CoStar/Real Capital Analytics,2025-Q4,https://www.costar.com/multifamily
50307,Des Moines,41.7073,-93.527,8.45,10.2,8.9,CoStar/Real Capital Analytics,2025-Q4,https://www.costar.com/multifamily
50308,Des Moines,41.6494,-93.6248,9.22,12.4,8.9,CoStar/Real Capital Analytics,2025-Q4,https://www.costar.com/multifamily
50309,Des Moines,41.6649,-93.6598,7.86,10.9,8.8,CoStar/Real Capital Analytics,2025-Q4,https://www.costar.com/multifamily
50310,Des Moines,41.4964,-93.5153,10.37,12.3,7.8,CoStar/Real Capital Analytics,2025-Q4,https://www.costar.com/multifamily
50311,Des Moines,41.6239,-93.6891,9.61,10.1,8.9,CoStar/Real Capital Analytics,2025-Q4,https://www.costar.com/multifamily
50312,Des Moines,41.5786,-93.5743,7.99,12.2,7.5,CoStar/Real Capital Analytics,2025-Q4,https://www.costar.com/multifamily
50313,Des Moines,41.6442,-93.4532,9.74,8.8,7.9,CoStar/Real Capital Analytics,2025-Q4,https://www.costar.com/multifamily
50314,Des Moines,41.5605,-93.5765,10.37,12.1,8.2,CoStar/Real Capital Analytics,2025-Q4,https://www.costar.com/multifamily
50315,Des Moines,41.6548,-93.4897,7.97,12.0,9.5,CoStar/Real Capital Analytics,2025-Q4,https://www.costar.com/multifamily
52401,Cedar Rapids,41.8816,-91.536,10.33,9.9,8.6,CoStar/Real Capital Analytics,2025-Q4,https://www.costar.com/multifamily
52402,Cedar Rapids,41.9925,-91.6004,9.06,9.2,7.7,CoStar/Real Capital Analytics,2025-Q4,https://www.costar.com/multifamily
52403,Cedar Rapids,41.962,-91.7474,7.88,11.5,9.4,CoStar/Real Capital Analytics,2025-Q4,https://www.costar.com/multifamily
52404,Cedar Rapids,41.9366,-91.5163,7.97,10.4,8.1,CoStar/Real Capital Analytics,2025-Q4,https://www.costar.com/multifamily
52405,Cedar Rapids,42.1062,-91.7485,10.67,9.7,7.4,CoStar/Real Capital Analytics,2025-Q4,https://www.costar.com/multifamily
52406,Cedar Rapids,42.0435,-91.6675,7.67,11.1,8.7,CoStar/Real Capital Analytics,2025-Q4,https://www.costar.com/multifamily
52407,Cedar Rapids,42.1199,-91.6108,7.96,11.1,8.0,CoStar/Real Capital Analytics,2025-Q4,https://www.costar.com/multifamily
52408,Cedar Rapids,41.9025,-91.6681,10.76,11.8,7.9,CoStar/Real Capital Analytics,2025-Q4,https://www.costar.com/multifamily
52409,Cedar Rapids,42.079,-91.5166,10.77,9.1,9.5,CoStar/Real Capital Analytics,2025-Q4,https://www.costar.com/multifamily
52410,Cedar Rapids,42.0351,-91.543,8.28,11.4,7.7,CoStar/Real Capital Analytics,2025-Q4,https://www.costar.com/multifamily
66101,Kansas City KS,39.1364,-94.499,10.09,10.8,9.4,CoStar/Real Capital Analytics,2025-Q4,https://www.costar.com/multifamily
66102,Kansas City KS,39.0606,-94.6368,9.55,10.8,9.5,CoStar/Real Capital Analytics,2025-Q4,https://www.costar.com/multifamily
66103,Kansas City KS,39.034,-94.5227,8.56,12.4,9.6,CoStar/Real Capital Analytics,2025-Q4,https://www.costar.com/multifamily
66104,Kansas City KS,39.2453,-94.4841,8.42,13.1,10.4,CoStar/Real Capital Analytics,2025-Q4,https://www.costar.com/multifamily
66105,Kansas City KS,39.2634,-94.5186,10.29,11.6,10.7,CoStar/Real Capital Analytics,2025-Q4,https://www.costar.com/multifamily
66106,Kansas City KS,39.0409,-94.6519,11.01,11.4,10.7,CoStar/Real Capital Analytics,2025-Q4,https://www.costar.com/multifamily
66107,Kansas City KS,39.0177,-94.4766,8.25,13.4,10.8,CoStar/Real Capital Analytics,2025-Q4,https://www.costar.com/multifamily
66108,Kansas City KS,38.9962,-94.578,8.94,11.9,9.2,CoStar/Real Capital Analytics,2025-Q4,https://www.costar.com/multifamily
66109,Kansas City KS,39.2597,-94.7773,11.07,12.7,9.6,CoStar/Real Capital Analytics,2025-Q4,https://www.costar.com/multifamily
66110,Kansas City KS,39.1839,-94.5731,10.97,11.3,7.8,CoStar/Real Capital Analytics,2025-Q4,https://www.costar.com/multifamily
68501,Lincoln NE,40.9359,-96.579,9.0,9.9,9.6,CoStar/Real Capital Analytics,2025-Q4,https://www.costar.com/multifamily
68502,Lincoln NE,40.8606,-96.69,10.39,10.7,9.7,CoStar/Real Capital Analytics,2025-Q4,https://www.costar.com/multifamily
68503,Lincoln NE,40.7792,-96.5399,10.28,12.0,9.5,CoStar/Real Capital Analytics,2025-Q4,https://www.costar.com/multifamily
68504,Lincoln NE,40.7621,-96.8301,10.28,10.9,8.2,CoStar/Real Capital Analytics,2025-Q4,https://www.costar.com/multifamily
68505,Lincoln NE,40.8326,-96.5664,8.62,10.3,7.7,CoStar/Real Capital Analytics,2025-Q4,https://www.costar.com/multifamily
68506,Lincoln NE,40.755,-96.5533,7.57,9.1,8.4,CoStar/Real Capital Analytics,2025-Q4,https://www.costar.com/multifamily
68507,Lincoln NE,40.7392,-96.8584,9.13,10.4,9.4,CoStar/Real Capital Analytics,2025-Q4,https://www.costar.com/multifamily
68508,Lincoln NE,40.8472,-96.8042,8.01,9.9,9.0,CoStar/Real Capital Analytics,2025-Q4,https://www.costar.com/multifamily
68509,Lincoln NE,40.7477,-96.6747,8.37,11.2,9.3,CoStar/Real Capital Analytics,2025-Q4,https://www.costar.com/multifamily
68510,Lincoln NE,40.7885,-96.6955,8.56,10.0,8.0,CoStar/Real Capital Analytics,2025-Q4,https://www.costar.com/multifamily
53701,Madison WI,43.1115,-89.2574,10.09,13.1,12.1,CoStar/Real Capital Analytics,2025-Q4,https://www.costar.com/multifamily
53702,Madison WI,43.1459,-89.308,12.65,13.6,12.3,CoStar/Real Capital Analytics,2025-Q4,https://www.costar.com/multifamily
53703,Madison WI,42.968,-89.447,12.39,14.6,12.6,CoStar/Real Capital Analytics,2025-Q4,https://www.costar.com/multifamily
53704,Madison WI,43.0892,-89.5189,11.71,12.2,9.8,CoStar/Real Capital Analytics,2025-Q4,https://www.costar.com/multifamily
53705,Madison WI,42.9577,-89.5271,9.8,15.4,12.3,CoStar/Real Capital Analytics,2025-Q4,https://www.costar.com/multifamily
53706,Madison WI,43.0212,-89.5086,10.68,13.6,10.4,CoStar/Real Capital Analytics,2025-Q4,https://www.costar.com/multifamily
53707,Madison WI,43.1038,-89.3219,10.44,14.5,12.4,CoStar/Real Capital Analytics,2025-Q4,https://www.costar.com/multifamily
53708,Madison WI,42.9813,-89.4513,11.74,13.5,12.7,CoStar/Real Capital Analytics,2025-Q4,https://www.costar.com/multifamily
53709,Madison WI,43.1809,-89.5727,9.82,12.1,12.2,CoStar/Real Capital Analytics,2025-Q4,https://www.costar.com/multifamily
53710,Madison WI,43.0885,-89.2825,11.55,15.7,12.6,CoStar/Real Capital Analytics,2025-Q4,https://www.costar.com/multifamily
53711,Madison WI,43.1248,-89.4847,13.21,14.7,11.2,CoStar/Real Capital Analytics,2025-Q4,https://www.costar.com/multifamily
53712,Madison WI,43.142,-89.2285,10.7,11.7,9.9,CoStar/Real Capital Analytics,2025-Q4,https://www.costar.com/multifamily
53713,Madison WI,43.1649,-89.4684,13.53,11.7,9.2,CoStar/Real Capital Analytics,2025-Q4,https://www.costar.com/multifamily
53714,Madison WI,42.9325,-89.2533,10.79,14.3,12.8,CoStar/Real Capital Analytics,2025-Q4,https://www.costar.com/multifamily
53715,Madison WI,43.0923,-89.5347,12.18,15.2,10.3,CoStar/Real Capital Analytics,2025-Q4,https://www.costar.com/multifamily
54301,Green Bay,44.5754,-88.1087,9.08,9.9,10.1,CoStar/Real Capital Analytics,2025-Q4,https://www.costar.com/multifamily
54302,Green Bay,44.6095,-88.0614,7.79,10.2,8.5,CoStar/Real Capital Analytics,2025-Q4,https://www.costar.com/multifamily
54303,Green Bay,44.4123,-88.1275,8.42,10.8,9.5,CoStar/Real Capital Analytics,2025-Q4,https://www.costar.com/multifamily
54304,Green Bay,44.5143,-87.8681,9.38,9.9,9.4,CoStar/Real Capital Analytics,2025-Q4,https://www.costar.com/multifamily
54305,Green Bay,44.6082,-88.1399,10.66,12.2,7.4,CoStar/Real Capital Analytics,2025-Q4,https://www.costar.com/multifamily
54306,Green Bay,44.5735,-87.9856,7.64,12.5,8.5,CoStar/Real Capital Analytics,2025-Q4,https://www.costar.com/multifamily
54307,Green Bay,44.4297,-87.9844,9.38,10.1,7.3,CoStar/Real Capital Analytics,2025-Q4,https://www.costar.com/multifamily
54308,Green Bay,44.4101,-87.9208,8.99,10.8,9.0,CoStar/Real Capital Analytics,2025-Q4,https://www.costar.com/multifamily
54309,Green Bay,44.5047,-87.9614,8.0,9.6,8.1,CoStar/Real Capital Analytics,2025-Q4,https://www.costar.com/multifamily
54310,Green Bay,44.5906,-88.0885,9.78,12.0,10.1,CoStar/Real Capital Analytics,2025-Q4,https://www.costar.com/multifamily
47201,Columbus IN,39.3389,-86.052,8.6,10.6,9.4,CoStar/Real Capital Analytics,2025-Q4,https://www.costar.com/multifamily
47202,Columbus IN,39.2979,-85.8772,9.4,11.1,9.9,CoStar/Real Capital Analytics,2025-Q4,https://www.costar.com/multifamily
47203,Columbus IN,39.0799,-85.9561,8.32,11.1,10.7,CoStar/Real Capital Analytics,2025-Q4,https://www.costar.com/multifamily
47204,Columbus IN,39.1234,-85.804,8.33,12.2,8.1,CoStar/Real Capital Analytics,2025-Q4,https://www.costar.com/multifamily
47205,Columbus IN,39.1461,-85.8341,8.14,12.0,8.3,CoStar/Real Capital Analytics,2025-Q4,https://www.costar.com/multifamily
47206,Columbus IN,39.2813,-86.0424,9.11,12.9,8.1,CoStar/Real Capital Analytics,2025-Q4,https://www.costar.com/multifamily
47207,Columbus IN,39.0835,-85.8065,11.53,11.3,9.9,CoStar/Real Capital Analytics,2025-Q4,https://www.costar.com/multifamily
47208,Columbus IN,39.2302,-85.9562,8.88,13.3,8.4,CoStar/Real Capital Analytics,2025-Q4,https://www.costar.com/multifamily
47209,Columbus IN,39.0581,-85.903,8.09,9.5,8.2,CoStar/Real Capital Analytics,2025-Q4,https://www.costar.com/multifamily
47210,Columbus IN,39.1773,-85.7527,8.1,11.9,10.6,CoStar/Real Capital Analytics,2025-Q4,https://www.costar.com/multifamily
46801,Fort Wayne,41.1968,-84.96,8.91,8.6,7.2,CoStar/Real Capital Analytics,2025-Q4,https://www.costar.com/multifamily
46802,Fort Wayne,41.2061,-85.2366,9.69,11.1,8.0,CoStar/Real Capital Analytics,2025-Q4,https://www.costar.com/multifamily
46803,Fort Wayne,41.1311,-85.0959,8.79,9.9,8.1,CoStar/Real Capital Analytics,2025-Q4,https://www.costar.com/multifamily
46804,Fort Wayne,41.2302,-85.0068,9.68,8.8,9.5,CoStar/Real Capital Analytics,2025-Q4,https://www.costar.com/multifamily
46805,Fort Wayne,41.0117,-85.2626,8.16,10.4,8.7,CoStar/Real Capital Analytics,2025-Q4,https://www.costar.com/multifamily
46806,Fort Wayne,41.1451,-85.2343,9.3,8.9,6.8,CoStar/Real Capital Analytics,2025-Q4,https://www.costar.com/multifamily
46807,Fort Wayne,41.2443,-84.9516,7.95,11.2,7.5,CoStar/Real Capital Analytics,2025-Q4,https://www.costar.com/multifamily
46808,Fort Wayne,41.0224,-84.9804,10.01,9.2,7.7,CoStar/Real Capital Analytics,2025-Q4,https://www.costar.com/multifamily
46809,Fort Wayne,41.0561,-85.2798,8.12,9.5,9.5,CoStar/Real Capital Analytics,2025-Q4,https://www.costar.com/multifamily
46810,Fort Wayne,41.0588,-85.0202,8.9,11.0,7.9,CoStar/Real Capital Analytics,2025-Q4,https://www.costar.com/multifamily
47901,Lafayette IN,40.4308,-86.6989,10.33,13.6,8.7,CoStar/Real Capital Analytics,2025-Q4,https://www.costar.com/multifamily
47902,Lafayette IN,40.4802,-86.7547,9.66,10.0,10.2,CoStar/Real Capital Analytics,2025-Q4,https://www.costar.com/multifamily
47903,Lafayette IN,40.4898,-86.9805,9.43,11.2,8.8,CoStar/Real Capital Analytics,2025-Q4,https://www.costar.com/multifamily
47904,Lafayette IN,40.5311,-86.9986,11.46,10.9,8.3,CoStar/Real Capital Analytics,2025-Q4,https://www.costar.com/multifamily
47905,Lafayette IN,40.3313,-86.8578,8.74,11.3,9.8,CoStar/Real Capital Analytics,2025-Q4,https://www.costar.com/multifamily
47906,Lafayette IN,40.3853,-86.7086,10.41,13.5,10.9,CoStar/Real Capital Analytics,2025-Q4,https://www.costar.com/multifamily
47907,Lafayette IN,40.2707,-86.8772,10.05,13.6,8.0,CoStar/Real Capital Analytics,2025-Q4,https://www.costar.com/multifamily
47908,Lafayette IN,40.5256,-86.8862,10.42,12.1,10.9,CoStar/Real Capital Analytics,2025-Q4,https://www.costar.com/multifamily
47909,Lafayette IN,40.5527,-86.8872,9.44,10.0,9.8,CoStar/Real Capital Analytics,2025-Q4,https://www.costar.com/multifamily
47910,Lafayette IN,40.3805,-87.0086,9.19,10.2,10.9,CoStar/Real Capital Analytics,2025-Q4,https://www.costar.com/multifamily
47501,Vincennes,38.7083,-87.5371,8.91,9.8,10.1,CoStar/Real Capital Analytics,2025-Q4,https://www.costar.com/multifamily
47502,Vincennes,38.6583,-87.4345,11.05,9.5,10.3,CoStar/Real Capital Analytics,2025-Q4,https://www.costar.com/multifamily
47503,Vincennes,38.7918,-87.3584,10.94,9.8,8.1,CoStar/Real Capital Analytics,2025-Q4,https://www.costar.com/multifamily
47504,Vincennes,38.6575,-87.4223,9.67,9.6,7.8,CoStar/Real Capital Analytics,2025-Q4,https://www.costar.com/multifamily
47505,Vincennes,38.619,-87.5316,9.41,11.4,9.1,CoStar/Real Capital Analytics,2025-Q4,https://www.costar.com/multifamily
47506,Vincennes,38.5733,-87.5124,8.62,9.6,10.4,CoStar/Real Capital Analytics,2025-Q4,https://www.costar.com/multifamily
47507,Vincennes,38.765,-87.6093,10.37,11.3,8.0,CoStar/Real Capital Analytics,2025-Q4,https://www.costar.com/multifamily
47508,Vincennes,38.8205,-87.6649,10.81,9.9,8.2,CoStar/Real Capital Analytics,2025-Q4,https://www.costar.com/multifamily
47509,Vincennes,38.6576,-87.4466,11.05,10.2,9.2,CoStar/Real Capital Analytics,2025-Q4,https://www.costar.com/multifamily
47510,Vincennes,38.7536,-87.3799,8.35,11.2,7.7,CoStar/Real Capital Analytics,2025-Q4,https://www.costar.com/multifamily
40601,Lexington,38.006,-84.5784,9.52,11.2,8.3,CoStar/Real Capital Analytics,2025-Q4,https://www.costar.com/multifamily
40602,Lexington,38.1332,-84.486,9.65,11.4,10.8,CoStar/Real Capital Analytics,2025-Q4,https://www.costar.com/multifamily
40603,Lexington,38.1364,-84.4982,9.68,11.2,11.4,CoStar/Real Capital Analytics,2025-Q4,https://www.costar.com/multifamily
40604,Lexington,38.1782,-84.324,10.58,13.8,11.4,CoStar/Real Capital Analytics,2025-Q4,https://www.costar.com/multifamily
40605,Lexington,38.0809,-84.3398,9.32,12.6,8.4,CoStar/Real Capital Analytics,2025-Q4,https://www.costar.com/multifamily
40606,Lexington,38.1198,-84.6788,8.76,13.5,10.3,CoStar/Real Capital Analytics,2025-Q4,https://www.costar.com/multifamily
40607,Lexington,38.0777,-84.5881,12.02,12.1,8.2,CoStar/Real Capital Analytics,2025-Q4,https://www.costar.com/multifamily
40608,Lexington,37.9708,-84.4147,9.47,10.5,11.2,CoStar/Real Capital Analytics,2025-Q4,https://www.costar.com/multifamily
40609,Lexington,38.0465,-84.4889,9.96,11.8,10.9,CoStar/Real Capital Analytics,2025-Q4,https://www.costar.com/multifamily
40610,Lexington,38.1586,-84.603,8.87,10.6,10.8,CoStar/Real Capital Analytics,2025-Q4,https://www.costar.com/multifamily
40611,Lexington,37.9947,-84.6519,11.58,9.9,8.3,CoStar/Real Capital Analytics,2025-Q4,https://www.costar.com/multifamily
40612,Lexington,38.0432,-84.5447,8.78,12.1,8.4,CoStar/Real Capital Analytics,2025-Q4,https://www.costar.com/multifamily
40613,Lexington,38.1431,-84.5392,9.28,12.0,10.7,CoStar/Real Capital Analytics,2025-Q4,https://www.costar.com/multifamily
40614,Lexington,37.8913,-84.4176,10.37,13.1,9.3,CoStar/Real Capital Analytics,2025-Q4,https://www.costar.com/multifamily
40615,Lexington,38.0832,-84.3843,8.72,11.2,8.7,CoStar/Real Capital Analytics,2025-Q4,https://www.costar.com/multifamily
37660,Kingsport,36.6554,-82.4133,8.11,11.2,8.3,CoStar/Real Capital Analytics,2025-Q4,https://www.costar.com/multifamily
37661,Kingsport,36.596,-82.5538,8.78,9.9,7.8,CoStar/Real Capital Analytics,2025-Q4,https://www.costar.com/multifamily
37662,Kingsport,36.6214,-82.41,10.56,10.4,9.3,CoStar/Real Capital Analytics,2025-Q4,https://www.costar.com/multifamily
37663,Kingsport,36.6844,-82.7363,9.79,12.2,10.2,CoStar/Real Capital Analytics,2025-Q4,https://www.costar.com/multifamily
37664,Kingsport,36.4909,-82.6425,7.67,12.1,7.3,CoStar/Real Capital Analytics,2025-Q4,https://www.costar.com/multifamily
37665,Kingsport,36.4456,-82.5524,8.49,10.1,9.1,CoStar/Real Capital Analytics,2025-Q4,https://www.costar.com/multifamily
37666,Kingsport,36.6568,-82.7302,9.56,9.7,9.9,CoStar/Real Capital Analytics,2025-Q4,https://www.costar.com/multifamily
37667,Kingsport,36.4232,-82.5806,8.09,12.3,8.9,CoStar/Real Capital Analytics,2025-Q4,https://www.costar.com/multifamily
37668,Kingsport,36.5526,-82.4312,9.49,9.1,7.7,CoStar/Real Capital Analytics,2025-Q4,https://www.costar.com/multifamily
37669,Kingsport,36.4969,-82.6474,9.84,12.1,9.1,CoStar/Real Capital Analytics,2025-Q4,https://www.costar.com/multifamily
37601,Johnson City,36.4091,-82.458,10.15,10.2,10.2,CoStar/Real Capital Analytics,2025-Q4,https://www.costar.com/multifamily
37602,Johnson City,36.1858,-82.4348,8.86,12.5,8.9,CoStar/Real Capital Analytics,2025-Q4,https://www.costar.com/multifamily
37603,Johnson City,36.3112,-82.1967,10.74,9.8,9.3,CoStar/Real Capital Analytics,2025-Q4,https://www.costar.com/multifamily
37604,Johnson City,36.42,-82.4946,9.74,10.1,8.4,CoStar/Real Capital Analytics,2025-Q4,https://www.costar.com/multifamily
37605,Johnson City,36.3076,-82.3129,8.9,11.3,9.5,CoStar/Real Capital Analytics,2025-Q4,https://www.costar.com/multifamily
37606,Johnson City,36.3907,-82.3269,10.12,10.8,10.1,CoStar/Real Capital Analytics,2025-Q4,https://www.costar.com/multifamily
37607,Johnson City,36.2673,-82.254,9.74,11.8,10.5,CoStar/Real Capital Analytics,2025-Q4,https://www.costar.com/multifamily
37608,Johnson City,36.3732,-82.3433,10.73,12.3,7.5,CoStar/Real Capital Analytics,2025-Q4,https://www.costar.com/multifamily
37609,Johnson City,36.1947,-82.2876,9.25,10.9,9.1,CoStar/Real Capital Analytics,2025-Q4,https://www.costar.com/multifamily
37610,Johnson City,36.361,-82.2936,7.98,13.0,9.9,CoStar/Real Capital Analytics,2025-Q4,https://www.costar.com/multifamily
37201,Nashville,36.0208,-86.6646,12.54,13.7,12.3,CoStar/Real Capital Analytics,2025-Q4,https://www.costar.com/multifamily
37202,Nashville,36.0437,-86.8936,13.82,16.2,11.1,CoStar/Real Capital Analytics,2025-Q4,https://www.costar.com/multifamily
37203,Nashville,36.2552,-86.9376,13.56,16.0,12.4,CoStar/Real Capital Analytics,2025-Q4,https://www.costar.com/multifamily
37204,Nashville,36.061,-86.7206,12.57,15.8,11.3,CoStar/Real Capital Analytics,2025-Q4,https://www.costar.com/multifamily
37205,Nashville,36.273,-86.7606,13.61,15.9,12.7,CoStar/Real Capital Analytics,2025-Q4,https://www.costar.com/multifamily
37206,Nashville,36.0539,-86.9444,11.6,16.4,13.3,CoStar/Real Capital Analytics,2025-Q4,https://www.costar.com/multifamily
37207,Nashville,36.1991,-86.8882,13.52,14.7,11.3,CoStar/Real Capital Analytics,2025-Q4,https://www.costar.com/multifamily
37208,Nashville,36.1133,-86.8843,14.17,15.2,11.2,CoStar/Real Capital Analytics,2025-Q4,https://www.costar.com/multifamily
37209,Nashville,36.0776,-86.7782,13.69,12.4,11.3,CoStar/Real Capital Analytics,2025-Q4,https://www.costar.com/multifamily
37210,Nashville,36.0648,-86.7019,12.17,15.0,13.2,CoStar/Real Capital Analytics,2025-Q4,https://www.costar.com/multifamily
42101,Bowling Green,36.9433,-86.4594,9.34,11.5,8.5,CoStar/Real Capital Analytics,2025-Q4,https://www.costar.com/multifamily
42102,Bowling Green,37.091,-86.3387,10.14,10.5,9.5,CoStar/Real Capital Analytics,2025-Q4,https://www.costar.com/multifamily
42103,Bowling Green,36.8589,-86.5973,10.03,10.4,9.5,CoStar/Real Capital Analytics,2025-Q4,https://www.costar.com/multifamily
42104,Bowling Green,36.8858,-86.4204,10.3,9.5,7.6,CoStar/Real Capital Analytics,2025-Q4,https://www.costar.com/multifamily
42105,Bowling Green,36.9149,-86.3951,10.24,11.8,10.2,CoStar/Real Capital Analytics,2025-Q4,https://www.costar.com/multifamily
42106,Bowling Green,36.9807,-86.5756,7.77,9.3,8.8,CoStar/Real Capital Analytics,2025-Q4,https://www.costar.com/multifamily
42107,Bowling Green,36.8426,-86.5608,7.7,10.8,10.3,CoStar/Real Capital Analytics,2025-Q4,https://www.costar.com/multifamily
42108,Bowling Green,36.8899,-86.6549,9.46,11.9,10.2,CoStar/Real Capital Analytics,2025-Q4,https://www.costar.com/multifamily
42109,Bowling Green,36.8522,-86.3383,8.3,12.2,8.0,CoStar/Real Capital Analytics,2025-Q4,https://www.costar.com/multifamily
42110,Bowling Green,36.885,-86.4697,8.83,11.1,7.2,CoStar/Real Capital Analytics,2025-Q4,https://www.costar.com/multifamily
25301,Charleston WV,38.4928,-81.7149,8.25,12.1,7.8,CoStar/Real Capital Analytics,2025-Q4,https://www.costar.com/multifamily
25302,Charleston WV,38.4804,-81.6704,11.33,12.1,8.4,CoStar/Real Capital Analytics,2025-Q4,https://www.costar.com/multifamily
25303,Charleston WV,38.3293,-81.619,11.51,13.2,8.8,CoStar/Real Capital Analytics,2025-Q4,https://www.costar.com/multifamily
25304,Charleston WV,38.4376,-81.4872,9.52,10.7,10.6,CoStar/Real Capital Analytics,2025-Q4,https://www.costar.com/multifamily
25305,Charleston WV,38.3208,-81.5498,9.56,11.3,8.6,CoStar/Real Capital Analytics,2025-Q4,https://www.costar.com/multifamily
25306,Charleston WV,38.2937,-81.5395,10.97,12.3,8.1,CoStar/Real Capital Analytics,2025-Q4,https://www.costar.com/multifamily
25307,Charleston WV,38.4838,-81.5533,9.43,11.0,8.7,CoStar/Real Capital Analytics,2025-Q4,https://www.costar.com/multifamily
25308,Charleston WV,38.4646,-81.6056,10.46,10.4,8.1,CoStar/Real Capital Analytics,2025-Q4,https://www.costar.com/multifamily
25309,Charleston WV,38.4046,-81.4693,10.44,9.7,10.6,CoStar/Real Capital Analytics,2025-Q4,https://www.costar.com/multifamily
25310,Charleston WV,38.4688,-81.4851,8.52,12.2,7.7,CoStar/Real Capital Analytics,2025-Q4,https://www.costar.com/multifamily
26101,Parkersburg,39.3149,-81.4232,9.75,10.4,8.7,CoStar/Real Capital Analytics,2025-Q4,https://www.costar.com/multifamily
26102,Parkersburg,39.3786,-81.3911,10.2,12.4,10.7,CoStar/Real Capital Analytics,2025-Q4,https://www.costar.com/multifamily
26103,Parkersburg,39.2679,-81.5006,10.92,11.8,9.3,CoStar/Real Capital Analytics,2025-Q4,https://www.costar.com/multifamily
26104,Parkersburg,39.3074,-81.4347,10.14,13.4,10.4,CoStar/Real Capital Analytics,2025-Q4,https://www.costar.com/multifamily
26105,Parkersburg,39.2244,-81.4021,10.51,12.9,8.5,CoStar/Real Capital Analytics,2025-Q4,https://www.costar.com/multifamily
26106,Parkersburg,39.2993,-81.5073,8.54,10.6,10.5,CoStar/Real Capital Analytics,2025-Q4,https://www.costar.com/multifamily
26107,Parkersburg,39.3285,-81.5729,11.3,11.2,10.1,CoStar/Real Capital Analytics,2025-Q4,https://www.costar.com/multifamily
26108,Parkersburg,39.3579,-81.4881,9.36,10.1,8.0,CoStar/Real Capital Analytics,2025-Q4,https://www.costar.com/multifamily
26109,Parkersburg,39.4096,-81.5983,11.0,10.8,9.9,CoStar/Real Capital Analytics,2025-Q4,https://www.costar.com/multifamily
26110,Parkersburg,39.234,-81.4862,10.14,9.9,10.7,CoStar/Real Capital Analytics,2025-Q4,https://www.costar.com/multifamily
24501,Lynchburg,37.2848,-79.1518,10.18,9.8,8.7,CoStar/Real Capital Analytics,2025-Q4,https://www.costar.com/multifamily
24502,Lynchburg,37.3604,-79.2192,10.87,11.0,9.8,CoStar/Real Capital Analytics,2025-Q4,https://www.costar.com/multifamily
24503,Lynchburg,37.4103,-79.127,9.57,10.8,9.3,CoStar/Real Capital Analytics,2025-Q4,https://www.costar.com/multifamily
24504,Lynchburg,37.5413,-79.0926,10.22,13.6,8.6,CoStar/Real Capital Analytics,2025-Q4,https://www.costar.com/multifamily
24505,Lynchburg,37.4301,-79.2763,8.47,11.8,7.7,CoStar/Real Capital Analytics,2025-Q4,https://www.costar.com/multifamily
24506,Lynchburg,37.3068,-79.1192,10.56,9.8,8.7,CoStar/Real Capital Analytics,2025-Q4,https://www.costar.com/multifamily
24507,Lynchburg,37.4278,-78.9677,8.8,11.7,10.6,CoStar/Real Capital Analytics,2025-Q4,https://www.costar.com/multifamily
24508,Lynchburg,37.5609,-79.2215,8.23,10.8,8.2,CoStar/Real Capital Analytics,2025-Q4,https://www.costar.com/multifamily
24509,Lynchburg,37.2748,-79.1749,8.09,9.6,9.7,CoStar/Real Capital Analytics,2025-Q4,https://www.costar.com/multifamily
24510,Lynchburg,37.4547,-79.1406,10.94,12.2,10.8,CoStar/Real Capital Analytics,2025-Q4,https://www.costar.com/multifamily
22901,Charlottesville,37.8927,-78.5234,9.89,10.0,10.8,CoStar/Real Capital Analytics,2025-Q4,https://www.costar.com/multifamily
22902,Charlottesville,38.0076,-78.5321,10.88,12.5,9.1,CoStar/Real Capital Analytics,2025-Q4,https://www.costar.com/multifamily
22903,Charlottesville,38.0744,-78.5173,10.67,11.5,8.5,CoStar/Real Capital Analytics,2025-Q4,https://www.costar.com/multifamily
22904,Charlottesville,37.8947,-78.3537,8.71,12.1,7.7,CoStar/Real Capital Analytics,2025-Q4,https://www.costar.com/multifamily
22905,Charlottesville,38.0246,-78.5513,11.03,12.7,10.4,CoStar/Real Capital Analytics,2025-Q4,https://www.costar.com/multifamily
22906,Charlottesville,38.1246,-78.4651,9.91,11.2,8.2,CoStar/Real Capital Analytics,2025-Q4,https://www.costar.com/multifamily
22907,Charlottesville,38.1051,-78.6006,9.57,11.2,8.8,CoStar/Real Capital Analytics,2025-Q4,https://www.costar.com/multifamily
22908,Charlottesville,38.0808,-78.6067,10.33,12.6,10.4,CoStar/Real Capital Analytics,2025-Q4,https://www.costar.com/multifamily
22909,Charlottesville,37.9528,-78.3938,9.38,10.9,8.4,CoStar/Real Capital Analytics,2025-Q4,https://www.costar.com/multifamily
22910,Charlottesville,38.0364,-78.4357,10.91,11.5,9.9,CoStar/Real Capital Analytics,2025-Q4,https://www.costar.com/multifamily
23451,Virginia Beach,36.9739,-75.9662,13.5,11.8,9.6,CoStar/Real Capital Analytics,2025-Q4,https://www.costar.com/multifamily
23452,Virginia Beach,36.7449,-76.1031,10.34,14.6,11.5,CoStar/Real Capital Analytics,2025-Q4,https://www.costar.com/multifamily
23453,Virginia Beach,36.79,-76.0295,12.21,14.2,11.3,CoStar/Real Capital Analytics,2025-Q4,https://www.costar.com/multifamily
23454,Virginia Beach,36.8282,-75.8688,11.51,15.9,12.6,CoStar/Real Capital Analytics,2025-Q4,https://www.costar.com/multifamily
23455,Virginia Beach,36.936,-76.1366,10.3,13.1,12.8,CoStar/Real Capital Analytics,2025-Q4,https://www.costar.com/multifamily
23456,Virginia Beach,36.8455,-76.0243,10.49,15.8,12.5,CoStar/Real Capital Analytics,2025-Q4,https://www.costar.com/multifamily
23457,Virginia Beach,36.7627,-75.8397,13.51,15.7,12.0,CoStar/Real Capital Analytics,2025-Q4,https://www.costar.com/multifamily
23458,Virginia Beach,36.8858,-76.0096,12.17,15.5,9.4,CoStar/Real Capital Analytics,2025-Q4,https://www.costar.com/multifamily
23459,Virginia Beach,36.8071,-76.0947,9.48,13.6,9.1,CoStar/Real Capital Analytics,2025-Q4,https://www.costar.com/multifamily
23460,Virginia Beach,36.7453,-75.8398,12.75,15.1,10.1,CoStar/Real Capital Analytics,2025-Q4,https://www.costar.com/multifamily
23601,Newport News,37.1125,-76.5177,10.37,11.7,8.3,CoStar/Real Capital Analytics,2025-Q4,https://www.costar.com/multifamily
23602,Newport News,36.9948,-76.4527,12.18,10.3,8.5,CoStar/Real Capital Analytics,2025-Q4,https://www.costar.com/multifamily
23603,Newport News,36.9823,-76.5844,11.39,13.3,11.0,CoStar/Real Capital Analytics,2025-Q4,https://www.costar.com/multifamily
23604,Newport News,36.9445,-76.6169,10.62,14.1,11.1,CoStar/Real Capital Analytics,2025-Q4,https://www.costar.com/multifamily
23605,Newport News,37.0609,-76.635,10.0,12.5,11.0,CoStar/Real Capital Analytics,2025-Q4,https://www.costar.com/multifamily
23606,Newport News,36.9444,-76.3611,11.09,14.0,8.4,CoStar/Real Capital Analytics,2025-Q4,https://www.costar.com/multifamily
23607,Newport News,37.1419,-76.6161,10.84,13.9,8.8,CoStar/Real Capital Analytics,2025-Q4,https://www.costar.com/multifamily
23608,Newport News,37.2114,-76.4137,9.31,13.9,9.8,CoStar/Real Capital Analytics,2025-Q4,https://www.costar.com/multifamily
23609,Newport News,37.0603,-76.582,10.07,12.5,9.4,CoStar/Real Capital Analytics,2025-Q4,https://www.costar.com/multifamily
23610,Newport News,37.015,-76.5189,11.69,11.5,11.7,CoStar/Real Capital Analytics,2025-Q4,https://www.costar.com/multifamily
23301,Richmond VA,37.4927,-77.601,10.34,13.2,11.6,CoStar/Real Capital Analytics,2025-Q4,https://www.costar.com/multifamily
23302,Richmond VA,37.6892,-77.5453,9.71,12.8,11.1,CoStar/Real Capital Analytics,2025-Q4,https://www.costar.com/multifamily
23303,Richmond VA,37.6332,-77.5566,9.92,12.4,10.2,CoStar/Real Capital Analytics,2025-Q4,https://www.costar.com/multifamily
23304,Richmond VA,37.5591,-77.2818,10.31,13.0,11.9,CoStar/Real Capital Analytics,2025-Q4,https://www.costar.com/multifamily
23305,Richmond VA,37.667,-77.563,10.95,14.2,11.9,CoStar/Real Capital Analytics,2025-Q4,https://www.costar.com/multifamily
23306,Richmond VA,37.4218,-77.4612,8.94,11.2,8.8,CoStar/Real Capital Analytics,2025-Q4,https://www.costar.com/multifamily
23307,Richmond VA,37.4294,-77.3005,10.19,14.7,9.8,CoStar/Real Capital Analytics,2025-Q4,https://www.costar.com/multifamily
23308,Richmond VA,37.4311,-77.35,10.01,12.9,10.2,CoStar/Real Capital Analytics,2025-Q4,https://www.costar.com/multifamily
23309,Richmond VA,37.3942,-77.5942,10.89,14.2,11.8,CoStar/Real Capital Analytics,2025-Q4,https://www.costar.com/multifamily
23310,Richmond VA,37.5728,-77.2893,8.95,10.6,11.1,CoStar/Real Capital Analytics,2025-Q4,https://www.costar.com/multifamily
