zip_code,metro,lat,lng,rent_control_status,regulatory_risk_score,data_source,as_of_date,source_url
10001,New York,40.564,-74.0031,Yes - Strong,9,NMHC/Local Jurisdiction,2025,https://www.nmhc.org/research-insight/rent-control-tracker/
10002,New York,40.7872,-73.9938,Yes - Strong,9,NMHC/Local Jurisdiction,2025,https://www.nmhc.org/research-insight/rent-control-tracker/
10003,New York,40.8358,-74.1131,Yes - Strong,9,NMHC/Local Jurisdiction,2025,https://www.nmhc.org/research-insight/rent-control-tracker/
10004,New York,40.5966,-73.9574,Yes - Strong,9,NMHC/Local Jurisdiction,2025,https://www.nmhc.org/research-insight/rent-control-tracker/
10005,New York,40.6223,-73.9097,Yes - Strong,9,NMHC/Local Jurisdiction,2025,https://www.nmhc.org/research-insight/rent-control-tracker/
10006,New York,40.7455,-74.1688,Yes - Strong,9,NMHC/Local Jurisdiction,2025,https://www.nmhc.org/research-insight/rent-control-tracker/
10007,New York,40.753,-74.0236,Yes - Strong,9,NMHC/Local Jurisdiction,2025,https://www.nmhc.org/research-insight/rent-control-tracker/
10008,New York,40.8409,-73.8729,Yes - Strong,9,NMHC/Local Jurisdiction,2025,https://www.nmhc.org/research-insight/rent-control-tracker/
10009,New York,40.6863,-73.8916,Yes - Strong,9,NMHC/Local Jurisdiction,2025,https://www.nmhc.org/research-insight/rent-control-tracker/
10010,New York,40.6582,-74.1744,Yes - Strong,9,NMHC/Local Jurisdiction,2025,https://www.nmhc.org/research-insight/rent-control-tracker/
10011,New York,40.6164,-74.0364,Yes - Strong,9,NMHC/Local Jurisdiction,2025,https://www.nmhc.org/research-insight/rent-control-tracker/
10012,New York,40.7651,-74.0813,Yes - Strong,9,NMHC/Local Jurisdiction,2025,https://www.nmhc.org/research-insight/rent-control-tracker/
10013,New York,40.5718,-73.9069,Yes - Strong,9,NMHC/Local Jurisdiction,2025,https://www.nmhc.org/research-insight/rent-control-tracker/
10014,New York,40.8483,-73.9022,Yes - Strong,9,NMHC/Local Jurisdiction,2025,https://www.nmhc.org/research-insight/rent-control-tracker/
10015,New York,40.7876,-73.9791,Yes - Strong,9,NMHC/Local Jurisdiction,2025,https://www.nmhc.org/research-insight/rent-control-tracker/
10016,New York,40.8492,-73.9492,Yes - Strong,9,NMHC/Local Jurisdiction,2025,https://www.nmhc.org/research-insight/rent-control-tracker/
10017,New York,40.7315,-74.0492,Yes - Strong,9,NMHC/Local Jurisdiction,2025,https://www.nmhc.org/research-insight/rent-control-tracker/
10018,New York,40.7465,-74.0062,Yes - Strong,9,NMHC/Local Jurisdiction,2025,https://www.nmhc.org/research-insight/rent-control-tracker/
10019,New York,40.8496,-73.9842,Yes - Strong,9,NMHC/Local Jurisdiction,2025,https://www.nmhc.org/research-insight/rent-control-tracker/
10020,New York,40.7937,-74.0435,Yes - Strong,9,NMHC/Local Jurisdiction,2025,https://www.nmhc.org/research-insight/rent-control-tracker/
10021,New York,40.8501,-73.9875,Yes - Strong,9,NMHC/Local Jurisdiction,2025,https://www.nmhc.org/research-insight/rent-control-tracker/
10022,New York,40.61,-74.0677,Yes - Strong,9,NMHC/Local Jurisdiction,2025,https://www.nmhc.org/research-insight/rent-control-tracker/
10023,New York,40.6564,-74.081,Yes - Strong,9,NMHC/Local Jurisdiction,2025,https://www.nmhc.org/research-insight/rent-control-tracker/
10024,New York,40.8034,-74.1215,Yes - Strong,9,NMHC/Local Jurisdiction,2025,https://www.nmhc.org/research-insight/rent-control-tracker/
10025,New York,40.8144,-73.9565,Yes - Strong,9,NMHC/Local Jurisdiction,2025,https://www.nmhc.org/research-insight/rent-control-tracker/
10026,New York,40.8152,-74.1239,Yes - Strong,9,NMHC/Local Jurisdiction,2025,https://www.nmhc.org/research-insight/rent-control-tracker/
10027,New York,40.7701,-73.9228,Yes - Strong,9,NMHC/Local Jurisdiction,2025,https://www.nmhc.org/research-insight/rent-control-tracker/
10028,New York,40.8363,-73.9296,Yes - Strong,9,NMHC/Local Jurisdiction,2025,https://www.nmhc.org/research-insight/rent-control-tracker/
10029,New York,40.6248,-74.0618,Yes - Strong,9,NMHC/Local Jurisdiction,2025,https://www.nmhc.org/research-insight/rent-control-tracker/
10030,New York,40.8296,-74.1136,Yes - Strong,9,NMHC/Local Jurisdiction,2025,https://www.nmhc.org/research-insight/rent-control-tracker/
10031,New York,40.7547,-73.8801,Yes - Strong,9,NMHC/Local Jurisdiction,2025,https://www.nmhc.org/research-insight/rent-control-tracker/
10032,New York,40.7883,-74.1199,Yes - Strong,9,NMHC/Local Jurisdiction,2025,https://www.nmhc.org/research-insight/rent-control-tracker/
10033,New York,40.6653,-73.844,Yes - Strong,9,NMHC/Local Jurisdiction,2025,https://www.nmhc.org/research-insight/rent-control-tracker/
10034,New York,40.819,-74.1257,Yes - Strong,9,NMHC/Local Jurisdiction,2025,https://www.nmhc.org/research-insight/rent-control-tracker/
10035,New York,40.841,-73.8655,Yes - Strong,9,NMHC/Local Jurisdiction,2025,https://www.nmhc.org/research-insight/rent-control-tracker/
10036,New York,40.8428,-74.1198,Yes - Strong,9,NMHC/Local Jurisdiction,2025,https://www.nmhc.org/research-insight/rent-control-tracker/
10037,New York,40.7695,-73.8682,Yes - Strong,9,NMHC/Local Jurisdiction,2025,https://www.nmhc.org/research-insight/rent-control-tracker/
10038,New York,40.6597,-74.0256,Yes - Strong,9,NMHC/Local Jurisdiction,2025,https://www.nmhc.org/research-insight/rent-control-tracker/
10039,New York,40.8624,-74.1386,Yes - Strong,9,NMHC/Local Jurisdiction,2025,https://www.nmhc.org/research-insight/rent-control-tracker/
10040,New York,40.8485,-74.0837,Yes - Strong,9,NMHC/Local Jurisdiction,2025,https://www.nmhc.org/research-insight/rent-control-tracker/
10041,New York,40.7061,-73.8581,Yes - Strong,9,NMHC/Local Jurisdiction,2025,https://www.nmhc.org/research-insight/rent-control-tracker/
10042,New York,40.592,-74.102,Yes - Strong,9,NMHC/Local Jurisdiction,2025,https://www.nmhc.org/research-insight/rent-control-tracker/
10043,New York,40.854,-74.0088,Yes - Strong,9,NMHC/Local Jurisdiction,2025,https://www.nmhc.org/research-insight/rent-control-tracker/
10044,New York,40.6682,-74.0982,Yes - Strong,9,NMHC/Local Jurisdiction,2025,https://www.nmhc.org/research-insight/rent-control-tracker/
10045,New York,40.8559,-74.1667,Yes - Strong,9,NMHC/Local Jurisdiction,2025,https://www.nmhc.org/research-insight/rent-control-tracker/
10046,New York,40.7917,-73.9853,Yes - Strong,9,NMHC/Local Jurisdiction,2025,https://www.nmhc.org/research-insight/rent-control-tracker/
10047,New York,40.7567,-73.9596,Yes - Strong,9,NMHC/Local Jurisdiction,2025,https://www.nmhc.org/research-insight/rent-control-tracker/
10048,New York,40.7048,-73.9293,Yes - Strong,9,NMHC/Local Jurisdiction,2025,https://www.nmhc.org/research-insight/rent-control-tracker/
10049,New York,40.8035,-74.1252,Yes - Strong,9,NMHC/Local Jurisdiction,2025,https://www.nmhc.org/research-insight/rent-control-tracker/
10050,New York,40.6196,-73.9172,Yes - Strong,9,NMHC/Local Jurisdiction,2025,https://www.nmhc.org/research-insight/rent-control-tracker/
10051,New York,40.643,-73.924,Yes - Strong,9,NMHC/Local Jurisdiction,2025,https://www.nmhc.org/research-insight/rent-control-tracker/
10052,New York,40.6472,-73.9063,Yes - Strong,9,NMHC/Local Jurisdiction,2025,https://www.nmhc.org/research-insight/rent-control-tracker/
10053,New York,40.851,-74.0213,Yes - Strong,9,NMHC/Local Jurisdiction,2025,https://www.nmhc.org/research-insight/rent-control-tracker/
10054,New York,40.6703,-74.059,Yes - Strong,9,NMHC/Local Jurisdiction,2025,https://www.nmhc.org/research-insight/rent-control-tracker/
10055,New York,40.7919,-73.9193,Yes - Strong,9,NMHC/Local Jurisdiction,2025,https://www.nmhc.org/research-insight/rent-control-tracker/
10056,New York,40.7687,-74.0027,Yes - Strong,9,NMHC/Local Jurisdiction,2025,https://www.nmhc.org/research-insight/rent-control-tracker/
10057,New York,40.7865,-73.9435,Yes - Strong,9,NMHC/Local Jurisdiction,2025,https://www.nmhc.org/research-insight/rent-control-tracker/
10058,New York,40.762,-74.0912,Yes - Strong,9,NMHC/Local Jurisdiction,2025,https://www.nmhc.org/research-insight/rent-control-tracker/
10059,New York,40.8554,-73.9114,Yes - Strong,9,NMHC/Local Jurisdiction,2025,https://www.nmhc.org/research-insight/rent-control-tracker/
10060,New York,40.7568,-73.9228,Yes - Strong,9,NMHC/Local Jurisdiction,2025,https://www.nmhc.org/research-insight/rent-control-tracker/
10061,New York,40.6937,-74.1749,Yes - Strong,9,NMHC/Local Jurisdiction,2025,https://www.nmhc.org/research-insight/rent-control-tracker/
10062,New York,40.6367,-73.8556,Yes - Strong,9,NMHC/Local Jurisdiction,2025,https://www.nmhc.org/research-insight/rent-control-tracker/
10063,New York,40.7167,-73.9992,Yes - Strong,9,NMHC/Local Jurisdiction,2025,https://www.nmhc.org/research-insight/rent-control-tracker/
10064,New York,40.6219,-74.1213,Yes - Strong,9,NMHC/Local Jurisdiction,2025,https://www.nmhc.org/research-insight/rent-control-tracker/
10065,New York,40.6587,-73.9155,Yes - Strong,9,NMHC/Local Jurisdiction,2025,https://www.nmhc.org/research-insight/rent-control-tracker/
10066,New York,40.8151,-73.837,Yes - Strong,9,NMHC/Local Jurisdiction,2025,https://www.nmhc.org/research-insight/rent-control-tracker/
10067,New York,40.8289,-73.9201,Yes - Strong,9,NMHC/Local Jurisdiction,2025,https://www.nmhc.org/research-insight/rent-control-tracker/
10068,New York,40.6768,-73.9826,Yes - Strong,9,NMHC/Local Jurisdiction,2025,https://www.nmhc.org/research-insight/rent-control-tracker/
10069,New York,40.5917,-73.9744,Yes - Strong,9,NMHC/Local Jurisdiction,2025,https://www.nmhc.org/research-insight/rent-control-tracker/
10070,New York,40.5835,-73.9129,Yes - Strong,9,NMHC/Local Jurisdiction,2025,https://www.nmhc.org/research-insight/rent-control-tracker/
10071,New York,40.5696,-73.881,Yes - Strong,9,NMHC/Local Jurisdiction,2025,https://www.nmhc.org/research-insight/rent-control-tracker/
10072,New York,40.6973,-73.8572,Yes - Strong,9,NMHC/Local Jurisdiction,2025,https://www.nmhc.org/research-insight/rent-control-tracker/
10073,New York,40.6683,-73.8412,Yes - Strong,9,NMHC/Local Jurisdiction,2025,https://www.nmhc.org/research-insight/rent-control-tracker/
10074,New York,40.6544,-73.9861,Yes - Strong,9,NMHC/Local Jurisdiction,2025,https://www.nmhc.org/research-insight/rent-control-tracker/
10075,New York,40.8282,-73.9756,Yes - Strong,9,NMHC/Local Jurisdiction,2025,https://www.nmhc.org/research-insight/rent-control-tracker/
10076,New York,40.5789,-73.8746,Yes - Strong,9,NMHC/Local Jurisdiction,2025,https://www.nmhc.org/research-insight/rent-control-tracker/
10077,New York,40.8013,-73.9942,Yes - Strong,9,NMHC/Local Jurisdiction,2025,https://www.nmhc.org/research-insight/rent-control-tracker/
10078,New York,40.7908,-74.0033,Yes - Strong,9,NMHC/Local Jurisdiction,2025,https://www.nmhc.org/research-insight/rent-control-tracker/
10079,New York,40.5863,-74.0558,Yes - Strong,9,NMHC/Local Jurisdiction,2025,https://www.nmhc.org/research-insight/rent-control-tracker/
10080,New York,40.6942,-74.0887,Yes - Strong,9,NMHC/Local Jurisdiction,2025,https://www.nmhc.org/research-insight/rent-control-tracker/
90001,Los Angeles,34.1214,-118.2314,Yes - Strong,9,NMHC/Local Jurisdiction,2025,https://www.nmhc.org/research-insight/rent-control-tracker/
90002,Los Angeles,34.0392,-118.3354,Yes - Strong,9,NMHC/Local Jurisdiction,2025,https://www.nmhc.org/research-insight/rent-control-tracker/
90003,Los Angeles,33.9029,-118.243,Yes - Strong,9,NMHC/Local Jurisdiction,2025,https://www.nmhc.org/research-insight/rent-control-tracker/
90004,Los Angeles,34.1509,-118.1387,Yes - Strong,9,NMHC/Local Jurisdiction,2025,https://www.nmhc.org/research-insight/rent-control-tracker/
90005,Los Angeles,33.9751,-118.415,Yes - Strong,9,NMHC/Local Jurisdiction,2025,https://www.nmhc.org/research-insight/rent-control-tracker/
90006,Los Angeles,33.999,-118.3099,Yes - Strong,9,NMHC/Local Jurisdiction,2025,https://www.nmhc.org/research-insight/rent-control-tracker/
90007,Los Angeles,34.0868,-118.1844,Yes - Strong,9,NMHC/Local Jurisdiction,2025,https://www.nmhc.org/research-insight/rent-control-tracker/
90008,Los Angeles,34.0856,-118.2297,Yes - Strong,9,NMHC/Local Jurisdiction,2025,https://www.nmhc.org/research-insight/rent-control-tracker/
90009,Los Angeles,34.1576,-118.2875,Yes - Strong,9,NMHC/Local Jurisdiction,2025,https://www.nmhc.org/research-insight/rent-control-tracker/
90010,Los Angeles,33.948,-118.2617,Yes - Strong,9,NMHC/Local Jurisdiction,2025,https://www.nmhc.org/research-insight/rent-control-tracker/
90011,Los Angeles,34.161,-118.072,Yes - Strong,9,NMHC/Local Jurisdiction,2025,https://www.nmhc.org/research-insight/rent-control-tracker/
90012,Los Angeles,34.0257,-118.3151,Yes - Strong,9,NMHC/Local Jurisdiction,2025,https://www.nmhc.org/research-insight/rent-control-tracker/
90013,Los Angeles,34.0993,-118.269,Yes - Strong,9,NMHC/Local Jurisdiction,2025,https://www.nmhc.org/research-insight/rent-control-tracker/
90014,Los Angeles,33.9242,-118.2933,Yes - Strong,9,NMHC/Local Jurisdiction,2025,https://www.nmhc.org/research-insight/rent-control-tracker/
90015,Los Angeles,34.1921,-118.1397,Yes - Strong,9,NMHC/Local Jurisdiction,2025,https://www.nmhc.org/research-insight/rent-control-tracker/
90016,Los Angeles,34.1713,-118.2349,Yes - Strong,9,NMHC/Local Jurisdiction,2025,https://www.nmhc.org/research-insight/rent-control-tracker/
90017,Los Angeles,34.1716,-118.1116,Yes - Strong,9,NMHC/Local Jurisdiction,2025,https://www.nmhc.org/research-insight/rent-control-tracker/
90018,Los Angeles,33.9229,-118.1455,Yes - Strong,9,NMHC/Local Jurisdiction,2025,https://www.nmhc.org/research-insight/rent-control-tracker/
90019,Los Angeles,33.9689,-118.1972,Yes - Strong,9,NMHC/Local Jurisdiction,2025,https://www.nmhc.org/research-insight/rent-control-tracker/
90020,Los Angeles,33.9238,-118.0834,Yes - Strong,9,NMHC/Local Jurisdiction,2025,https://www.nmhc.org/research-insight/rent-control-tracker/
90021,Los Angeles,34.1068,-118.1598,Yes - Strong,9,NMHC/Local Jurisdiction,2025,https://www.nmhc.org/research-insight/rent-control-tracker/
90022,Los Angeles,34.0847,-118.1458,Yes - Strong,9,NMHC/Local Jurisdiction,2025,https://www.nmhc.org/research-insight/rent-control-tracker/
90023,Los Angeles,34.1212,-118.3214,Yes - Strong,9,NMHC/Local Jurisdiction,2025,https://www.nmhc.org/research-insight/rent-control-tracker/
90024,Los Angeles,33.9381,-118.3817,Yes - Strong,9,NMHC/Local Jurisdiction,2025,https://www.nmhc.org/research-insight/rent-control-tracker/
90025,Los Angeles,34.1683,-118.421,Yes - Strong,9,NMHC/Local Jurisdiction,2025,https://www.nmhc.org/research-insight/rent-control-tracker/
90026,Los Angeles,34.018,-118.0865,Yes - Strong,9,NMHC/Local Jurisdiction,2025,https://www.nmhc.org/research-insight/rent-control-tracker/
90027,Los Angeles,34.0829,-118.2324,Yes - Strong,9,NMHC/Local Jurisdiction,2025,https://www.nmhc.org/research-insight/rent-control-tracker/
90028,Los Angeles,34.0628,-118.3854,Yes - Strong,9,NMHC/Local Jurisdiction,2025,https://www.nmhc.org/research-insight/rent-control-tracker/
90029,Los Angeles,33.9948,-118.3634,Yes - Strong,9,NMHC/Local Jurisdiction,2025,https://www.nmhc.org/research-insight/rent-control-tracker/
90030,Los Angeles,33.9549,-118.1002,Yes - Strong,9,NMHC/Local Jurisdiction,2025,https://www.nmhc.org/research-insight/rent-control-tracker/
90031,Los Angeles,34.0853,-118.1248,Yes - Strong,9,NMHC/Local Jurisdiction,2025,https://www.nmhc.org/research-insight/rent-control-tracker/
90032,Los Angeles,34.0964,-118.3443,Yes - Strong,9,NMHC/Local Jurisdiction,2025,https://www.nmhc.org/research-insight/rent-control-tracker/
90033,Los Angeles,34.0182,-118.3844,Yes - Strong,9,NMHC/Local Jurisdiction,2025,https://www.nmhc.org/research-insight/rent-control-tracker/
90034,Los Angeles,33.9229,-118.1975,Yes - Strong,9,NMHC/Local Jurisdiction,2025,https://www.nmhc.org/research-insight/rent-control-tracker/
90035,Los Angeles,34.1844,-118.1729,Yes - Strong,9,NMHC/Local Jurisdiction,2025,https://www.nmhc.org/research-insight/rent-control-tracker/
90036,Los Angeles,34.0083,-118.1578,Yes - Strong,9,NMHC/Local Jurisdiction,2025,https://www.nmhc.org/research-insight/rent-control-tracker/
90037,Los Angeles,33.9468,-118.3693,Yes - Strong,9,NMHC/Local Jurisdiction,2025,https://www.nmhc.org/research-insight/rent-control-tracker/
90038,Los Angeles,34.0832,-118.4076,Yes - Strong,9,NMHC/Local Jurisdiction,2025,https://www.nmhc.org/research-insight/rent-control-tracker/
90039,Los Angeles,33.9634,-118.0968,Yes - Strong,9,NMHC/Local Jurisdiction,2025,https://www.nmhc.org/research-insight/rent-control-tracker/
90040,Los Angeles,34.1224,-118.2212,Yes - Strong,9,NMHC/Local Jurisdiction,2025,https://www.nmhc.org/research-insight/rent-control-tracker/
90041,Los Angeles,34.1348,-118.2771,Yes - Strong,9,NMHC/Local Jurisdiction,2025,https://www.nmhc.org/research-insight/rent-control-tracker/
90042,Los Angeles,34.0297,-118.2394,Yes - Strong,9,NMHC/Local Jurisdiction,2025,https://www.nmhc.org/research-insight/rent-control-tracker/
90043,Los Angeles,34.1872,-118.1309,Yes - Strong,9,NMHC/Local Jurisdiction,2025,https://www.nmhc.org/research-insight/rent-control-tracker/
90044,Los Angeles,34.0132,-118.1634,Yes - Strong,9,NMHC/Local Jurisdiction,2025,https://www.nmhc.org/research-insight/rent-control-tracker/
90045,Los Angeles,34.1026,-118.1199,Yes - Strong,9,NMHC/Local Jurisdiction,2025,https://www.nmhc.org/research-insight/rent-control-tracker/
90046,Los Angeles,33.9073,-118.1468,Yes - Strong,9,NMHC/Local Jurisdiction,2025,https://www.nmhc.org/research-insight/rent-control-tracker/
90047,Los Angeles,34.1758,-118.0821,Yes - Strong,9,NMHC/Local Jurisdiction,2025,https://www.nmhc.org/research-insight/rent-control-tracker/
90048,Los Angeles,34.1469,-118.2681,Yes - Strong,9,NMHC/Local Jurisdiction,2025,https://www.nmhc.org/research-insight/rent-control-tracker/
90049,Los Angeles,34.0295,-118.4192,Yes - Strong,9,NMHC/Local Jurisdiction,2025,https://www.nmhc.org/research-insight/rent-control-tracker/
90050,Los Angeles,34.0881,-118.0957,Yes - Strong,9,NMHC/Local Jurisdiction,2025,https://www.nmhc.org/research-insight/rent-control-tracker/
90051,Los Angeles,34.0655,-118.4031,Yes - Strong,9,NMHC/Local Jurisdiction,2025,https://www.nmhc.org/research-insight/rent-control-tracker/
90052,Los Angeles,34.0743,-118.1046,Yes - Strong,9,NMHC/Local Jurisdiction,2025,https://www.nmhc.org/research-insight/rent-control-tracker/
90053,Los Angeles,33.9527,-118.2702,Yes - Strong,9,NMHC/Local Jurisdiction,2025,https://www.nmhc.org/research-insight/rent-control-tracker/
90054,Los Angeles,34.0598,-118.2157,Yes - Strong,9,NMHC/Local Jurisdiction,2025,https://www.nmhc.org/research-insight/rent-control-tracker/
90055,Los Angeles,34.0001,-118.2148,Yes - Strong,9,NMHC/Local Jurisdiction,2025,https://www.nmhc.org/research-insight/rent-control-tracker/
90056,Los Angeles,34.0884,-118.3838,Yes - Strong,9,NMHC/Local Jurisdiction,2025,https://www.nmhc.org/research-insight/rent-control-tracker/
90057,Los Angeles,34.1417,-118.4208,Yes - Strong,9,NMHC/Local Jurisdiction,2025,https://www.nmhc.org/research-insight/rent-control-tracker/
90058,Los Angeles,33.9248,-118.1827,Yes - Strong,9,NMHC/Local Jurisdiction,2025,https://www.nmhc.org/research-insight/rent-control-tracker/
90059,Los Angeles,34.0479,-118.173,Yes - Strong,9,NMHC/Local Jurisdiction,2025,https://www.nmhc.org/research-insight/rent-control-tracker/
90060,Los Angeles,34.1424,-118.228,Yes - Strong,9,NMHC/Local Jurisdiction,2025,https://www.nmhc.org/research-insight/rent-control-tracker/
90061,Los Angeles,34.0107,-118.2141,Yes - Strong,9,NMHC/Local Jurisdiction,2025,https://www.nmhc.org/research-insight/rent-control-tracker/
90062,Los Angeles,33.9245,-118.0951,Yes - Strong,9,NMHC/Local Jurisdiction,2025,https://www.nmhc.org/research-insight/rent-control-tracker/
90063,Los Angeles,33.9377,-118.2025,Yes - Strong,9,NMHC/Local Jurisdiction,2025,https://www.nmhc.org/research-insight/rent-control-tracker/
90064,Los Angeles,34.0515,-118.3478,Yes - Strong,9,NMHC/Local Jurisdiction,2025,https://www.nmhc.org/research-insight/rent-control-tracker/
90065,Los Angeles,34.0036,-118.3985,Yes - Strong,9,NMHC/Local Jurisdiction,2025,https://www.nmhc.org/research-insight/rent-control-tracker/
90066,Los Angeles,33.9078,-118.0645,Yes - Strong,9,NMHC/Local Jurisdiction,2025,https://www.nmhc.org/research-insight/rent-control-tracker/
90067,Los Angeles,34.0193,-118.2298,Yes - Strong,9,NMHC/Local Jurisdiction,2025,https://www.nmhc.org/research-insight/rent-control-tracker/
90068,Los Angeles,34.1604,-118.0666,Yes - Strong,9,NMHC/Local Jurisdiction,2025,https://www.nmhc.org/research-insight/rent-control-tracker/
90069,Los Angeles,34.1507,-118.2329,Yes - Strong,9,NMHC/Local Jurisdiction,2025,https://www.nmhc.org/research-insight/rent-control-tracker/
90070,Los Angeles,34.1998,-118.1668,Yes - Strong,9,NMHC/Local Jurisdiction,2025,https://www.nmhc.org/research-insight/rent-control-tracker/
90071,Los Angeles,33.9779,-118.1879,Yes - Strong,9,NMHC/Local Jurisdiction,2025,https://www.nmhc.org/research-insight/rent-control-tracker/
90072,Los Angeles,33.9839,-118.106,Yes - Strong,9,NMHC/Local Jurisdiction,2025,https://www.nmhc.org/research-insight/rent-control-tracker/
90073,Los Angeles,33.9542,-118.391,Yes - Strong,9,NMHC/Local Jurisdiction,2025,https://www.nmhc.org/research-insight/rent-control-tracker/
90074,Los Angeles,34.0595,-118.3353,Yes - Strong,9,NMHC/Local Jurisdiction,2025,https://www.nmhc.org/research-insight/rent-control-tracker/
90075,Los Angeles,34.0552,-118.1555,Yes - Strong,9,NMHC/Local Jurisdiction,2025,https://www.nmhc.org/research-insight/rent-control-tracker/
90076,Los Angeles,34.1445,-118.2757,Yes - Strong,9,NMHC/Local Jurisdiction,2025,https://www.nmhc.org/research-insight/rent-control-tracker/
90077,Los Angeles,34.1051,-118.3696,Yes - Strong,9,NMHC/Local Jurisdiction,2025,https://www.nmhc.org/research-insight/rent-control-tracker/
90078,Los Angeles,34.1916,-118.2034,Yes - Strong,9,NMHC/Local Jurisdiction,2025,https://www.nmhc.org/research-insight/rent-control-tracker/
90079,Los Angeles,33.9753,-118.3549,Yes - Strong,9,NMHC/Local Jurisdiction,2025,https://www.nmhc.org/research-insight/rent-control-tracker/
90080,Los Angeles,33.9908,-118.0727,Yes - Strong,9,NMHC/Local Jurisdiction,2025,https://www.nmhc.org/research-insight/rent-control-tracker/
60601,Chicago,41.8072,-87.7025,Partial,2,NMHC/Local Jurisdiction,2025,https://www.nmhc.org/research-insight/rent-control-tracker/
60602,Chicago,41.7627,-87.717,Partial,2,NMHC/Local Jurisdiction,2025,https://www.nmhc.org/research-insight/rent-control-tracker/
60603,Chicago,41.8959,-87.4839,Partial,2,NMHC/Local Jurisdiction,2025,https://www.nmhc.org/research-insight/rent-control-tracker/
60604,Chicago,41.9676,-87.6706,Partial,2,NMHC/Local Jurisdiction,2025,https://www.nmhc.org/research-insight/rent-control-tracker/
60605,Chicago,41.8354,-87.5089,Partial,2,NMHC/Local Jurisdiction,2025,https://www.nmhc.org/research-insight/rent-control-tracker/
60606,Chicago,41.9104,-87.512,Partial,2,NMHC/Local Jurisdiction,2025,https://www.nmhc.org/research-insight/rent-control-tracker/
60607,Chicago,41.7836,-87.7617,Partial,2,NMHC/Local Jurisdiction,2025,https://www.nmhc.org/research-insight/rent-control-tracker/
60608,Chicago,41.9675,-87.5971,Partial,2,NMHC/Local Jurisdiction,2025,https://www.nmhc.org/research-insight/rent-control-tracker/
60609,Chicago,41.9584,-87.4849,Partial,2,NMHC/Local Jurisdiction,2025,https://www.nmhc.org/research-insight/rent-control-tracker/
60610,Chicago,41.9527,-87.7464,Partial,2,NMHC/Local Jurisdiction,2025,https://www.nmhc.org/research-insight/rent-control-tracker/
60611,Chicago,41.9986,-87.533,Partial,2,NMHC/Local Jurisdiction,2025,https://www.nmhc.org/research-insight/rent-control-tracker/
60612,Chicago,41.8096,-87.6634,Partial,2,NMHC/Local Jurisdiction,2025,https://www.nmhc.org/research-insight/rent-control-tracker/
60613,Chicago,42.0224,-87.483,Partial,2,NMHC/Local Jurisdiction,2025,https://www.nmhc.org/research-insight/rent-control-tracker/
60614,Chicago,41.8415,-87.5368,Partial,2,NMHC/Local Jurisdiction,2025,https://www.nmhc.org/research-insight/rent-control-tracker/
60615,Chicago,41.8751,-87.7045,Partial,2,NMHC/Local Jurisdiction,2025,https://www.nmhc.org/research-insight/rent-control-tracker/
60616,Chicago,41.8192,-87.6943,Partial,2,NMHC/Local Jurisdiction,2025,https://www.nmhc.org/research-insight/rent-control-tracker/
60617,Chicago,41.7678,-87.4937,Partial,2,NMHC/Local Jurisdiction,2025,https://www.nmhc.org/research-insight/rent-control-tracker/
60618,Chicago,41.823,-87.5055,Partial,2,NMHC/Local Jurisdiction,2025,https://www.nmhc.org/research-insight/rent-control-tracker/
60619,Chicago,41.9999,-87.8035,Partial,2,NMHC/Local Jurisdiction,2025,https://www.nmhc.org/research-insight/rent-control-tracker/
60620,Chicago,41.7287,-87.5826,Partial,2,NMHC/Local Jurisdiction,2025,https://www.nmhc.org/research-insight/rent-control-tracker/
60621,Chicago,41.8316,-87.6411,Partial,2,NMHC/Local Jurisdiction,2025,https://www.nmhc.org/research-insight/rent-control-tracker/
60622,Chicago,41.8746,-87.6585,Partial,2,NMHC/Local Jurisdiction,2025,https://www.nmhc.org/research-insight/rent-control-tracker/
60623,Chicago,41.7497,-87.4588,Partial,2,NMHC/Local Jurisdiction,2025,https://www.nmhc.org/research-insight/rent-control-tracker/
60624,Chicago,41.8158,-87.6753,Partial,2,NMHC/Local Jurisdiction,2025,https://www.nmhc.org/research-insight/rent-control-tracker/
60625,Chicago,41.7448,-87.6703,Partial,2,NMHC/Local Jurisdiction,2025,https://www.nmhc.org/research-insight/rent-control-tracker/
60626,Chicago,41.893,-87.7586,Partial,2,NMHC/Local Jurisdiction,2025,https://www.nmhc.org/research-insight/rent-control-tracker/
60627,Chicago,41.994,-87.7613,Partial,2,NMHC/Local Jurisdiction,2025,https://www.nmhc.org/research-insight/rent-control-tracker/
60628,Chicago,41.9111,-87.4579,Partial,2,NMHC/Local Jurisdiction,2025,https://www.nmhc.org/research-insight/rent-control-tracker/
60629,Chicago,41.7587,-87.7174,Partial,2,NMHC/Local Jurisdiction,2025,https://www.nmhc.org/research-insight/rent-control-tracker/
60630,Chicago,41.9099,-87.7597,Partial,2,NMHC/Local Jurisdiction,2025,https://www.nmhc.org/research-insight/rent-control-tracker/
60631,Chicago,41.7453,-87.7891,Partial,2,NMHC/Local Jurisdiction,2025,https://www.nmhc.org/research-insight/rent-control-tracker/
60632,Chicago,41.7612,-87.4761,Partial,2,NMHC/Local Jurisdiction,2025,https://www.nmhc.org/research-insight/rent-control-tracker/
60633,Chicago,41.7567,-87.7062,Partial,2,NMHC/Local Jurisdiction,2025,https://www.nmhc.org/research-insight/rent-control-tracker/
60634,Chicago,41.7451,-87.692,Partial,2,NMHC/Local Jurisdiction,2025,https://www.nmhc.org/research-insight/rent-control-tracker/
60635,Chicago,41.7298,-87.641,Partial,2,NMHC/Local Jurisdiction,2025,https://www.nmhc.org/research-insight/rent-control-tracker/
60636,Chicago,41.8036,-87.5102,Partial,2,NMHC/Local Jurisdiction,2025,https://www.nmhc.org/research-insight/rent-control-tracker/
60637,Chicago,41.8807,-87.4958,Partial,2,NMHC/Local Jurisdiction,2025,https://www.nmhc.org/research-insight/rent-control-tracker/
60638,Chicago,41.9056,-87.6452,Partial,2,NMHC/Local Jurisdiction,2025,https://www.nmhc.org/research-insight/rent-control-tracker/
60639,Chicago,42.0167,-87.7278,Partial,2,NMHC/Local Jurisdiction,2025,https://www.nmhc.org/research-insight/rent-control-tracker/
60640,Chicago,41.7747,-87.5077,Partial,2,NMHC/Local Jurisdiction,2025,https://www.nmhc.org/research-insight/rent-control-tracker/
60641,Chicago,41.8668,-87.4603,Partial,2,NMHC/Local Jurisdiction,2025,https://www.nmhc.org/research-insight/rent-control-tracker/
60642,Chicago,41.8879,-87.7336,Partial,2,NMHC/Local Jurisdiction,2025,https://www.nmhc.org/research-insight/rent-control-tracker/
60643,Chicago,41.8464,-87.6119,Partial,2,NMHC/Local Jurisdiction,2025,https://www.nmhc.org/research-insight/rent-control-tracker/
60644,Chicago,42.0268,-87.5098,Partial,2,NMHC/Local Jurisdiction,2025,https://www.nmhc.org/research-insight/rent-control-tracker/
60645,Chicago,41.9197,-87.5425,Partial,2,NMHC/Local Jurisdiction,2025,https://www.nmhc.org/research-insight/rent-control-tracker/
60646,Chicago,41.8791,-87.4616,Partial,2,NMHC/Local Jurisdiction,2025,https://www.nmhc.org/research-insight/rent-control-tracker/
60647,Chicago,41.8829,-87.7851,Partial,2,NMHC/Local Jurisdiction,2025,https://www.nmhc.org/research-insight/rent-control-tracker/
60648,Chicago,41.9674,-87.5685,Partial,2,NMHC/Local Jurisdiction,2025,https://www.nmhc.org/research-insight/rent-control-tracker/
60649,Chicago,42.02,-87.6902,Partial,2,NMHC/Local Jurisdiction,2025,https://www.nmhc.org/research-insight/rent-control-tracker/
60650,Chicago,41.8255,-87.751,Partial,2,NMHC/Local Jurisdiction,2025,https://www.nmhc.org/research-insight/rent-control-tracker/
60651,Chicago,41.969,-87.4976,Partial,2,NMHC/Local Jurisdiction,2025,https://www.nmhc.org/research-insight/rent-control-tracker/
60652,Chicago,41.9804,-87.6468,Partial,2,NMHC/Local Jurisdiction,2025,https://www.nmhc.org/research-insight/rent-control-tracker/
60653,Chicago,41.7616,-87.5119,Partial,2,NMHC/Local Jurisdiction,2025,https://www.nmhc.org/research-insight/rent-control-tracker/
60654,Chicago,41.9076,-87.7347,Partial,2,NMHC/Local Jurisdiction,2025,https://www.nmhc.org/research-insight/rent-control-tracker/
60655,Chicago,41.9484,-87.7766,Partial,2,NMHC/Local Jurisdiction,2025,https://www.nmhc.org/research-insight/rent-control-tracker/
60656,Chicago,41.991,-87.714,Partial,2,NMHC/Local Jurisdiction,2025,https://www.nmhc.org/research-insight/rent-control-tracker/
60657,Chicago,41.868,-87.6822,Partial,2,NMHC/Local Jurisdiction,2025,https://www.nmhc.org/research-insight/rent-control-tracker/
60658,Chicago,41.9236,-87.6054,Partial,2,NMHC/Local Jurisdiction,2025,https://www.nmhc.org/research-insight/rent-control-tracker/
60659,Chicago,41.9055,-87.4745,Partial,2,NMHC/Local Jurisdiction,2025,https://www.nmhc.org/research-insight/rent-control-tracker/
60660,Chicago,41.8173,-87.7665,Partial,2,NMHC/Local Jurisdiction,2025,https://www.nmhc.org/research-insight/rent-control-tracker/
77001,Houston,29.6917,-95.326,No,2,NMHC/Local Jurisdiction,2025,https://www.nmhc.org/research-insight/rent-control-tracker/
77002,Houston,29.6157,-95.3071,No,2,NMHC/Local Jurisdiction,2025,https://www.nmhc.org/research-insight/rent-control-tracker/
77003,Houston,29.8466,-95.4814,No,2,NMHC/Local Jurisdiction,2025,https://www.nmhc.org/research-insight/rent-control-tracker/
77004,Houston,29.8623,-95.3853,No,2,NMHC/Local Jurisdiction,2025,https://www.nmhc.org/research-insight/rent-control-tracker/
77005,Houston,29.7669,-95.3295,No,2,NMHC/Local Jurisdiction,2025,https://www.nmhc.org/research-insight/rent-control-tracker/
77006,Houston,29.8467,-95.3418,No,2,NMHC/Local Jurisdiction,2025,https://www.nmhc.org/research-insight/rent-control-tracker/
77007,Houston,29.6131,-95.3485,No,2,NMHC/Local Jurisdiction,2025,https://www.nmhc.org/research-insight/rent-control-tracker/
77008,Houston,29.6244,-95.4477,No,2,NMHC/Local Jurisdiction,2025,https://www.nmhc.org/research-insight/rent-control-tracker/
77009,Houston,29.9088,-95.3015,No,2,NMHC/Local Jurisdiction,2025,https://www.nmhc.org/research-insight/rent-control-tracker/
77010,Houston,29.7477,-95.3275,No,2,NMHC/Local Jurisdiction,2025,https://www.nmhc.org/research-insight/rent-control-tracker/
77011,Houston,29.8815,-95.2784,No,2,NMHC/Local Jurisdiction,2025,https://www.nmhc.org/research-insight/rent-control-tracker/
77012,Houston,29.6888,-95.3084,No,2,NMHC/Local Jurisdiction,2025,https://www.nmhc.org/research-insight/rent-control-tracker/
77013,Houston,29.6306,-95.3437,No,2,NMHC/Local Jurisdiction,2025,https://www.nmhc.org/research-insight/rent-control-tracker/
77014,Houston,29.8647,-95.4386,No,2,NMHC/Local Jurisdiction,2025,https://www.nmhc.org/research-insight/rent-control-tracker/
77015,Houston,29.7156,-95.5347,No,2,NMHC/Local Jurisdiction,2025,https://www.nmhc.org/research-insight/rent-control-tracker/
77016,Houston,29.8395,-95.4703,No,2,NMHC/Local Jurisdiction,2025,https://www.nmhc.org/research-insight/rent-control-tracker/
77017,Houston,29.7942,-95.5358,No,2,NMHC/Local Jurisdiction,2025,https://www.nmhc.org/research-insight/rent-control-tracker/
77018,Houston,29.614,-95.3916,No,2,NMHC/Local Jurisdiction,2025,https://www.nmhc.org/research-insight/rent-control-tracker/
77019,Houston,29.7373,-95.4333,No,2,NMHC/Local Jurisdiction,2025,https://www.nmhc.org/research-insight/rent-control-tracker/
77020,Houston,29.6881,-95.2791,No,2,NMHC/Local Jurisdiction,2025,https://www.nmhc.org/research-insight/rent-control-tracker/
77021,Houston,29.8884,-95.316,No,2,NMHC/Local Jurisdiction,2025,https://www.nmhc.org/research-insight/rent-control-tracker/
77022,Houston,29.7545,-95.3964,No,2,NMHC/Local Jurisdiction,2025,https://www.nmhc.org/research-insight/rent-control-tracker/
77023,Houston,29.7969,-95.297,No,2,NMHC/Local Jurisdiction,2025,https://www.nmhc.org/research-insight/rent-control-tracker/
77024,Houston,29.8002,-95.1947,No,2,NMHC/Local Jurisdiction,2025,https://www.nmhc.org/research-insight/rent-control-tracker/
77025,Houston,29.776,-95.3977,No,2,NMHC/Local Jurisdiction,2025,https://www.nmhc.org/research-insight/rent-control-tracker/
77026,Houston,29.6192,-95.2907,No,2,NMHC/Local Jurisdiction,2025,https://www.nmhc.org/research-insight/rent-control-tracker/
77027,Houston,29.8782,-95.3682,No,2,NMHC/Local Jurisdiction,2025,https://www.nmhc.org/research-insight/rent-control-tracker/
77028,Houston,29.7631,-95.3391,No,2,NMHC/Local Jurisdiction,2025,https://www.nmhc.org/research-insight/rent-control-tracker/
77029,Houston,29.8845,-95.5273,No,2,NMHC/Local Jurisdiction,2025,https://www.nmhc.org/research-insight/rent-control-tracker/
77030,Houston,29.825,-95.4896,No,2,NMHC/Local Jurisdiction,2025,https://www.nmhc.org/research-insight/rent-control-tracker/
77031,Houston,29.6834,-95.4352,No,2,NMHC/Local Jurisdiction,2025,https://www.nmhc.org/research-insight/rent-control-tracker/
77032,Houston,29.7184,-95.1915,No,2,NMHC/Local Jurisdiction,2025,https://www.nmhc.org/research-insight/rent-control-tracker/
77033,Houston,29.6612,-95.3171,No,2,NMHC/Local Jurisdiction,2025,https://www.nmhc.org/research-insight/rent-control-tracker/
77034,Houston,29.7844,-95.394,No,2,NMHC/Local Jurisdiction,2025,https://www.nmhc.org/research-insight/rent-control-tracker/
77035,Houston,29.7679,-95.3761,No,2,NMHC/Local Jurisdiction,2025,https://www.nmhc.org/research-insight/rent-control-tracker/
77036,Houston,29.84,-95.2991,No,2,NMHC/Local Jurisdiction,2025,https://www.nmhc.org/research-insight/rent-control-tracker/
77037,Houston,29.6624,-95.2271,No,2,NMHC/Local Jurisdiction,2025,https://www.nmhc.org/research-insight/rent-control-tracker/
77038,Houston,29.7191,-95.3538,No,2,NMHC/Local Jurisdiction,2025,https://www.nmhc.org/research-insight/rent-control-tracker/
77039,Houston,29.8859,-95.3262,No,2,NMHC/Local Jurisdiction,2025,https://www.nmhc.org/research-insight/rent-control-tracker/
77040,Houston,29.8035,-95.265,No,2,NMHC/Local Jurisdiction,2025,https://www.nmhc.org/research-insight/rent-control-tracker/
77041,Houston,29.6945,-95.3577,No,2,NMHC/Local Jurisdiction,2025,https://www.nmhc.org/research-insight/rent-control-tracker/
77042,Houston,29.7941,-95.3364,No,2,NMHC/Local Jurisdiction,2025,https://www.nmhc.org/research-insight/rent-control-tracker/
77043,Houston,29.8216,-95.2114,No,2,NMHC/Local Jurisdiction,2025,https://www.nmhc.org/research-insight/rent-control-tracker/
77044,Houston,29.6706,-95.2427,No,2,NMHC/Local Jurisdiction,2025,https://www.nmhc.org/research-insight/rent-control-tracker/
77045,Houston,29.6475,-95.4786,No,2,NMHC/Local Jurisdiction,2025,https://www.nmhc.org/research-insight/rent-control-tracker/
77046,Houston,29.7142,-95.2791,No,2,NMHC/Local Jurisdiction,2025,https://www.nmhc.org/research-insight/rent-control-tracker/
77047,Houston,29.6122,-95.2381,No,2,NMHC/Local Jurisdiction,2025,https://www.nmhc.org/research-insight/rent-control-tracker/
77048,Houston,29.6742,-95.43,No,2,NMHC/Local Jurisdiction,2025,https://www.nmhc.org/research-insight/rent-control-tracker/
77049,Houston,29.7632,-95.4358,No,2,NMHC/Local Jurisdiction,2025,https://www.nmhc.org/research-insight/rent-control-tracker/
77050,Houston,29.7323,-95.3053,No,2,NMHC/Local Jurisdiction,2025,https://www.nmhc.org/research-insight/rent-control-tracker/
77051,Houston,29.6459,-95.3738,No,2,NMHC/Local Jurisdiction,2025,https://www.nmhc.org/research-insight/rent-control-tracker/
77052,Houston,29.6681,-95.342,No,2,NMHC/Local Jurisdiction,2025,https://www.nmhc.org/research-insight/rent-control-tracker/
77053,Houston,29.7597,-95.3379,No,2,NMHC/Local Jurisdiction,2025,https://www.nmhc.org/research-insight/rent-control-tracker/
77054,Houston,29.6752,-95.3449,No,2,NMHC/Local Jurisdiction,2025,https://www.nmhc.org/research-insight/rent-control-tracker/
77055,Houston,29.8998,-95.1999,No,2,NMHC/Local Jurisdiction,2025,https://www.nmhc.org/research-insight/rent-control-tracker/
85001,Phoenix,33.4865,-112.0511,No,2,NMHC/Local Jurisdiction,2025,https://www.nmhc.org/research-insight/rent-control-tracker/
85002,Phoenix,33.5169,-112.2465,No,2,NMHC/Local Jurisdiction,2025,https://www.nmhc.org/research-insight/rent-control-tracker/
85003,Phoenix,33.4488,-112.2494,No,2,NMHC/Local Jurisdiction,2025,https://www.nmhc.org/research-insight/rent-control-tracker/
85004,Phoenix,33.4699,-112.0968,No,2,NMHC/Local Jurisdiction,2025,https://www.nmhc.org/research-insight/rent-control-tracker/
85005,Phoenix,33.5034,-112.1015,No,2,NMHC/Local Jurisdiction,2025,https://www.nmhc.org/research-insight/rent-control-tracker/
85006,Phoenix,33.5588,-112.155,No,2,NMHC/Local Jurisdiction,2025,https://www.nmhc.org/research-insight/rent-control-tracker/
85007,Phoenix,33.5321,-112.1235,No,2,NMHC/Local Jurisdiction,2025,https://www.nmhc.org/research-insight/rent-control-tracker/
85008,Phoenix,33.4675,-112.1974,No,2,NMHC/Local Jurisdiction,2025,https://www.nmhc.org/research-insight/rent-control-tracker/
85009,Phoenix,33.4386,-111.9574,No,2,NMHC/Local Jurisdiction,2025,https://www.nmhc.org/research-insight/rent-control-tracker/
85010,Phoenix,33.381,-112.1999,No,2,NMHC/Local Jurisdiction,2025,https://www.nmhc.org/research-insight/rent-control-tracker/
85011,Phoenix,33.4355,-111.9244,No,2,NMHC/Local Jurisdiction,2025,https://www.nmhc.org/research-insight/rent-control-tracker/
85012,Phoenix,33.4386,-111.9931,No,2,NMHC/Local Jurisdiction,2025,https://www.nmhc.org/research-insight/rent-control-tracker/
85013,Phoenix,33.413,-111.9158,No,2,NMHC/Local Jurisdiction,2025,https://www.nmhc.org/research-insight/rent-control-tracker/
85014,Phoenix,33.5665,-111.9465,No,2,NMHC/Local Jurisdiction,2025,https://www.nmhc.org/research-insight/rent-control-tracker/
85015,Phoenix,33.4024,-112.0304,No,2,NMHC/Local Jurisdiction,2025,https://www.nmhc.org/research-insight/rent-control-tracker/
85016,Phoenix,33.5189,-112.219,No,2,NMHC/Local Jurisdiction,2025,https://www.nmhc.org/research-insight/rent-control-tracker/
85017,Phoenix,33.4008,-111.92,No,2,NMHC/Local Jurisdiction,2025,https://www.nmhc.org/research-insight/rent-control-tracker/
85018,Phoenix,33.5556,-111.9186,No,2,NMHC/Local Jurisdiction,2025,https://www.nmhc.org/research-insight/rent-control-tracker/
85019,Phoenix,33.3321,-112.1524,No,2,NMHC/Local Jurisdiction,2025,https://www.nmhc.org/research-insight/rent-control-tracker/
85020,Phoenix,33.3843,-111.9076,No,2,NMHC/Local Jurisdiction,2025,https://www.nmhc.org/research-insight/rent-control-tracker/
85021,Phoenix,33.3923,-112.1722,No,2,NMHC/Local Jurisdiction,2025,https://www.nmhc.org/research-insight/rent-control-tracker/
85022,Phoenix,33.4011,-112.0145,No,2,NMHC/Local Jurisdiction,2025,https://www.nmhc.org/research-insight/rent-control-tracker/
85023,Phoenix,33.4635,-112.1937,No,2,NMHC/Local Jurisdiction,2025,https://www.nmhc.org/research-insight/rent-control-tracker/
85024,Phoenix,33.4883,-112.0223,No,2,NMHC/Local Jurisdiction,2025,https://www.nmhc.org/research-insight/rent-control-tracker/
85025,Phoenix,33.3415,-112.0734,No,2,NMHC/Local Jurisdiction,2025,https://www.nmhc.org/research-insight/rent-control-tracker/
85026,Phoenix,33.3279,-111.9911,No,2,NMHC/Local Jurisdiction,2025,https://www.nmhc.org/research-insight/rent-control-tracker/
85027,Phoenix,33.548,-112.0338,No,2,NMHC/Local Jurisdiction,2025,https://www.nmhc.org/research-insight/rent-control-tracker/
85028,Phoenix,33.5073,-112.2141,No,2,NMHC/Local Jurisdiction,2025,https://www.nmhc.org/research-insight/rent-control-tracker/
85029,Phoenix,33.5468,-112.0347,No,2,NMHC/Local Jurisdiction,2025,https://www.nmhc.org/research-insight/rent-control-tracker/
85030,Phoenix,33.5547,-111.9059,No,2,NMHC/Local Jurisdiction,2025,https://www.nmhc.org/research-insight/rent-control-tracker/
85031,Phoenix,33.437,-112.1104,No,2,NMHC/Local Jurisdiction,2025,https://www.nmhc.org/research-insight/rent-control-tracker/
85032,Phoenix,33.3372,-112.0916,No,2,NMHC/Local Jurisdiction,2025,https://www.nmhc.org/research-insight/rent-control-tracker/
85033,Phoenix,33.5085,-112.0523,No,2,NMHC/Local Jurisdiction,2025,https://www.nmhc.org/research-insight/rent-control-tracker/
85034,Phoenix,33.301,-111.9067,No,2,NMHC/Local Jurisdiction,2025,https://www.nmhc.org/research-insight/rent-control-tracker/
85035,Phoenix,33.5032,-112.2324,No,2,NMHC/Local Jurisdiction,2025,https://www.nmhc.org/research-insight/rent-control-tracker/
85036,Phoenix,33.3428,-112.177,No,2,NMHC/Local Jurisdiction,2025,https://www.nmhc.org/research-insight/rent-control-tracker/
85037,Phoenix,33.5605,-111.8997,No,2,NMHC/Local Jurisdiction,2025,https://www.nmhc.org/research-insight/rent-control-tracker/
85038,Phoenix,33.3082,-111.9943,No,2,NMHC/Local Jurisdiction,2025,https://www.nmhc.org/research-insight/rent-control-tracker/
85039,Phoenix,33.3587,-111.969,No,2,NMHC/Local Jurisdiction,2025,https://www.nmhc.org/research-insight/rent-control-tracker/
85040,Phoenix,33.3804,-112.1907,No,2,NMHC/Local Jurisdiction,2025,https://www.nmhc.org/research-insight/rent-control-tracker/
85041,Phoenix,33.4573,-112.0658,No,2,NMHC/Local Jurisdiction,2025,https://www.nmhc.org/research-insight/rent-control-tracker/
85042,Phoenix,33.5363,-111.953,No,2,NMHC/Local Jurisdiction,2025,https://www.nmhc.org/research-insight/rent-control-tracker/
85043,Phoenix,33.5637,-112.2114,No,2,NMHC/Local Jurisdiction,2025,https://www.nmhc.org/research-insight/rent-control-tracker/
85044,Phoenix,33.4144,-112.1238,No,2,NMHC/Local Jurisdiction,2025,https://www.nmhc.org/research-insight/rent-control-tracker/
85045,Phoenix,33.4403,-112.0393,No,2,NMHC/Local Jurisdiction,2025,https://www.nmhc.org/research-insight/rent-control-tracker/
85046,Phoenix,33.4218,-111.9065,No,2,NMHC/Local Jurisdiction,2025,https://www.nmhc.org/research-insight/rent-control-tracker/
85047,Phoenix,33.4008,-112.0124,No,2,NMHC/Local Jurisdiction,2025,https://www.nmhc.org/research-insight/rent-control-tracker/
85048,Phoenix,33.5396,-112.1846,No,2,NMHC/Local Jurisdiction,2025,https://www.nmhc.org/research-insight/rent-control-tracker/
85049,Phoenix,33.4835,-112.1098,No,2,NMHC/Local Jurisdiction,2025,https://www.nmhc.org/research-insight/rent-control-tracker/
85050,Phoenix,33.4428,-112.0894,No,2,NMHC/Local Jurisdiction,2025,https://www.nmhc.org/research-insight/rent-control-tracker/
19101,Philadelphia,39.8792,-75.0913,No,2,NMHC/Local Jurisdiction,2025,https://www.nmhc.org/research-insight/rent-control-tracker/
19102,Philadelphia,39.927,-75.1616,No,2,NMHC/Local Jurisdiction,2025,https://www.nmhc.org/research-insight/rent-control-tracker/
19103,Philadelphia,39.8196,-75.153,No,2,NMHC/Local Jurisdiction,2025,https://www.nmhc.org/research-insight/rent-control-tracker/
19104,Philadelphia,39.8758,-75.243,No,2,NMHC/Local Jurisdiction,2025,https://www.nmhc.org/research-insight/rent-control-tracker/
19105,Philadelphia,39.8214,-75.0158,No,2,NMHC/Local Jurisdiction,2025,https://www.nmhc.org/research-insight/rent-control-tracker/
19106,Philadelphia,39.8061,-75.3242,No,2,NMHC/Local Jurisdiction,2025,https://www.nmhc.org/research-insight/rent-control-tracker/
19107,Philadelphia,40.0779,-75.2803,No,2,NMHC/Local Jurisdiction,2025,https://www.nmhc.org/research-insight/rent-control-tracker/
19108,Philadelphia,39.9972,-75.1212,No,2,NMHC/Local Jurisdiction,2025,https://www.nmhc.org/research-insight/rent-control-tracker/
19109,Philadelphia,39.8484,-75.134,No,2,NMHC/Local Jurisdiction,2025,https://www.nmhc.org/research-insight/rent-control-tracker/
19110,Philadelphia,39.8465,-75.0615,No,2,NMHC/Local Jurisdiction,2025,https://www.nmhc.org/research-insight/rent-control-tracker/
19111,Philadelphia,39.9695,-75.3042,No,2,NMHC/Local Jurisdiction,2025,https://www.nmhc.org/research-insight/rent-control-tracker/
19112,Philadelphia,40.0979,-75.2801,No,2,NMHC/Local Jurisdiction,2025,https://www.nmhc.org/research-insight/rent-control-tracker/
19113,Philadelphia,39.8642,-75.2511,No,2,NMHC/Local Jurisdiction,2025,https://www.nmhc.org/research-insight/rent-control-tracker/
19114,Philadelphia,39.8635,-75.1479,No,2,NMHC/Local Jurisdiction,2025,https://www.nmhc.org/research-insight/rent-control-tracker/
19115,Philadelphia,39.8048,-75.3225,No,2,NMHC/Local Jurisdiction,2025,https://www.nmhc.org/research-insight/rent-control-tracker/
19116,Philadelphia,40.0089,-75.1997,No,2,NMHC/Local Jurisdiction,2025,https://www.nmhc.org/research-insight/rent-control-tracker/
19117,Philadelphia,40.1013,-75.2389,No,2,NMHC/Local Jurisdiction,2025,https://www.nmhc.org/research-insight/rent-control-tracker/
19118,Philadelphia,39.9734,-75.09,No,2,NMHC/Local Jurisdiction,2025,https://www.nmhc.org/research-insight/rent-control-tracker/
19119,Philadelphia,40.0905,-75.1551,No,2,NMHC/Local Jurisdiction,2025,https://www.nmhc.org/research-insight/rent-control-tracker/
19120,Philadelphia,39.9656,-75.2609,No,2,NMHC/Local Jurisdiction,2025,https://www.nmhc.org/research-insight/rent-control-tracker/
19121,Philadelphia,40.0142,-75.0333,No,2,NMHC/Local Jurisdiction,2025,https://www.nmhc.org/research-insight/rent-control-tracker/
19122,Philadelphia,39.9997,-75.0995,No,2,NMHC/Local Jurisdiction,2025,https://www.nmhc.org/research-insight/rent-control-tracker/
19123,Philadelphia,39.8636,-75.1083,No,2,NMHC/Local Jurisdiction,2025,https://www.nmhc.org/research-insight/rent-control-tracker/
19124,Philadelphia,39.9235,-75.0317,No,2,NMHC/Local Jurisdiction,2025,https://www.nmhc.org/research-insight/rent-control-tracker/
19125,Philadelphia,39.8893,-75.0872,No,2,NMHC/Local Jurisdiction,2025,https://www.nmhc.org/research-insight/rent-control-tracker/
19126,Philadelphia,39.9703,-75.2612,No,2,NMHC/Local Jurisdiction,2025,https://www.nmhc.org/research-insight/rent-control-tracker/
19127,Philadelphia,39.9679,-75.2242,No,2,NMHC/Local Jurisdiction,2025,https://www.nmhc.org/research-insight/rent-control-tracker/
19128,Philadelphia,39.8531,-75.2571,No,2,NMHC/Local Jurisdiction,2025,https://www.nmhc.org/research-insight/rent-control-tracker/
19129,Philadelphia,40.0078,-75.2049,No,2,NMHC/Local Jurisdiction,2025,https://www.nmhc.org/research-insight/rent-control-tracker/
19130,Philadelphia,39.8327,-75.2063,No,2,NMHC/Local Jurisdiction,2025,https://www.nmhc.org/research-insight/rent-control-tracker/
19131,Philadelphia,40.1021,-75.3217,No,2,NMHC/Local Jurisdiction,2025,https://www.nmhc.org/research-insight/rent-control-tracker/
19132,Philadelphia,39.9518,-75.1575,No,2,NMHC/Local Jurisdiction,2025,https://www.nmhc.org/research-insight/rent-control-tracker/
19133,Philadelphia,40.0339,-75.2069,No,2,NMHC/Local Jurisdiction,2025,https://www.nmhc.org/research-insight/rent-control-tracker/
19134,Philadelphia,40.058,-75.0822,No,2,NMHC/Local Jurisdiction,2025,https://www.nmhc.org/research-insight/rent-control-tracker/
19135,Philadelphia,40.0793,-75.0038,No,2,NMHC/Local Jurisdiction,2025,https://www.nmhc.org/research-insight/rent-control-tracker/
19136,Philadelphia,39.8735,-75.1314,No,2,NMHC/Local Jurisdiction,2025,https://www.nmhc.org/research-insight/rent-control-tracker/
19137,Philadelphia,40.0784,-75.2554,No,2,NMHC/Local Jurisdiction,2025,https://www.nmhc.org/research-insight/rent-control-tracker/
19138,Philadelphia,39.8696,-74.9942,No,2,NMHC/Local Jurisdiction,2025,https://www.nmhc.org/research-insight/rent-control-tracker/
19139,Philadelphia,39.8326,-75.0222,No,2,NMHC/Local Jurisdiction,2025,https://www.nmhc.org/research-insight/rent-control-tracker/
19140,Philadelphia,40.0859,-75.1862,No,2,NMHC/Local Jurisdiction,2025,https://www.nmhc.org/research-insight/rent-control-tracker/
78201,San Antonio,29.4447,-98.5316,No,2,NMHC/Local Jurisdiction,2025,https://www.nmhc.org/research-insight/rent-control-tracker/
78202,San Antonio,29.5591,-98.3901,No,2,NMHC/Local Jurisdiction,2025,https://www.nmhc.org/research-insight/rent-control-tracker/
78203,San Antonio,29.5163,-98.4993,No,2,NMHC/Local Jurisdiction,2025,https://www.nmhc.org/research-insight/rent-control-tracker/
78204,San Antonio,29.2804,-98.3577,No,2,NMHC/Local Jurisdiction,2025,https://www.nmhc.org/research-insight/rent-control-tracker/
78205,San Antonio,29.4426,-98.6017,No,2,NMHC/Local Jurisdiction,2025,https://www.nmhc.org/research-insight/rent-control-tracker/
78206,San Antonio,29.3904,-98.3681,No,2,NMHC/Local Jurisdiction,2025,https://www.nmhc.org/research-insight/rent-control-tracker/
78207,San Antonio,29.3108,-98.6035,No,2,NMHC/Local Jurisdiction,2025,https://www.nmhc.org/research-insight/rent-control-tracker/
78208,San Antonio,29.4352,-98.3235,No,2,NMHC/Local Jurisdiction,2025,https://www.nmhc.org/research-insight/rent-control-tracker/
78209,San Antonio,29.3834,-98.5436,No,2,NMHC/Local Jurisdiction,2025,https://www.nmhc.org/research-insight/rent-control-tracker/
78210,San Antonio,29.3718,-98.4104,No,2,NMHC/Local Jurisdiction,2025,https://www.nmhc.org/research-insight/rent-control-tracker/
78211,San Antonio,29.3689,-98.3522,No,2,NMHC/Local Jurisdiction,2025,https://www.nmhc.org/research-insight/rent-control-tracker/
78212,San Antonio,29.5738,-98.6424,No,2,NMHC/Local Jurisdiction,2025,https://www.nmhc.org/research-insight/rent-control-tracker/
78213,San Antonio,29.2918,-98.6292,No,2,NMHC/Local Jurisdiction,2025,https://www.nmhc.org/research-insight/rent-control-tracker/
78214,San Antonio,29.4378,-98.6218,No,2,NMHC/Local Jurisdiction,2025,https://www.nmhc.org/research-insight/rent-control-tracker/
78215,San Antonio,29.2976,-98.5184,No,2,NMHC/Local Jurisdiction,2025,https://www.nmhc.org/research-insight/rent-control-tracker/
78216,San Antonio,29.5066,-98.6628,No,2,NMHC/Local Jurisdiction,2025,https://www.nmhc.org/research-insight/rent-control-tracker/
78217,San Antonio,29.3566,-98.3664,No,2,NMHC/Local Jurisdiction,2025,https://www.nmhc.org/research-insight/rent-control-tracker/
78218,San Antonio,29.2941,-98.5619,No,2,NMHC/Local Jurisdiction,2025,https://www.nmhc.org/research-insight/rent-control-tracker/
78219,San Antonio,29.3721,-98.5588,No,2,NMHC/Local Jurisdiction,2025,https://www.nmhc.org/research-insight/rent-control-tracker/
78220,San Antonio,29.3702,-98.454,No,2,NMHC/Local Jurisdiction,2025,https://www.nmhc.org/research-insight/rent-control-tracker/
78221,San Antonio,29.2869,-98.4564,No,2,NMHC/Local Jurisdiction,2025,https://www.nmhc.org/research-insight/rent-control-tracker/
78222,San Antonio,29.4667,-98.4389,No,2,NMHC/Local Jurisdiction,2025,https://www.nmhc.org/research-insight/rent-control-tracker/
78223,San Antonio,29.4135,-98.5022,No,2,NMHC/Local Jurisdiction,2025,https://www.nmhc.org/research-insight/rent-control-tracker/
78224,San Antonio,29.3906,-98.3178,No,2,NMHC/Local Jurisdiction,2025,https://www.nmhc.org/research-insight/rent-control-tracker/
78225,San Antonio,29.3897,-98.4844,No,2,NMHC/Local Jurisdiction,2025,https://www.nmhc.org/research-insight/rent-control-tracker/
78226,San Antonio,29.5126,-98.5438,No,2,NMHC/Local Jurisdiction,2025,https://www.nmhc.org/research-insight/rent-control-tracker/
78227,San Antonio,29.4179,-98.6684,No,2,NMHC/Local Jurisdiction,2025,https://www.nmhc.org/research-insight/rent-control-tracker/
78228,San Antonio,29.5319,-98.6123,No,2,NMHC/Local Jurisdiction,2025,https://www.nmhc.org/research-insight/rent-control-tracker/
78229,San Antonio,29.4116,-98.6139,No,2,NMHC/Local Jurisdiction,2025,https://www.nmhc.org/research-insight/rent-control-tracker/
78230,San Antonio,29.3031,-98.3137,No,2,NMHC/Local Jurisdiction,2025,https://www.nmhc.org/research-insight/rent-control-tracker/
78231,San Antonio,29.3987,-98.586,No,2,NMHC/Local Jurisdiction,2025,https://www.nmhc.org/research-insight/rent-control-tracker/
78232,San Antonio,29.392,-98.534,No,2,NMHC/Local Jurisdiction,2025,https://www.nmhc.org/research-insight/rent-control-tracker/
78233,San Antonio,29.2824,-98.4801,No,2,NMHC/Local Jurisdiction,2025,https://www.nmhc.org/research-insight/rent-control-tracker/
78234,San Antonio,29.3202,-98.3714,No,2,NMHC/Local Jurisdiction,2025,https://www.nmhc.org/research-insight/rent-control-tracker/
78235,San Antonio,29.4036,-98.3195,No,2,NMHC/Local Jurisdiction,2025,https://www.nmhc.org/research-insight/rent-control-tracker/
92101,San Diego,32.838,-117.1017,No,2,NMHC/Local Jurisdiction,2025,https://www.nmhc.org/research-insight/rent-control-tracker/
92102,San Diego,32.6727,-117.0503,No,2,NMHC/Local Jurisdiction,2025,https://www.nmhc.org/research-insight/rent-control-tracker/
92103,San Diego,32.6323,-117.2339,No,2,NMHC/Local Jurisdiction,2025,https://www.nmhc.org/research-insight/rent-control-tracker/
92104,San Diego,32.7964,-117.3284,No,2,NMHC/Local Jurisdiction,2025,https://www.nmhc.org/research-insight/rent-control-tracker/
92105,San Diego,32.6873,-117.2359,No,2,NMHC/Local Jurisdiction,2025,https://www.nmhc.org/research-insight/rent-control-tracker/
92106,San Diego,32.7967,-117.1025,No,2,NMHC/Local Jurisdiction,2025,https://www.nmhc.org/research-insight/rent-control-tracker/
92107,San Diego,32.703,-117.2576,No,2,NMHC/Local Jurisdiction,2025,https://www.nmhc.org/research-insight/rent-control-tracker/
92108,San Diego,32.6499,-117.3276,No,2,NMHC/Local Jurisdiction,2025,https://www.nmhc.org/research-insight/rent-control-tracker/
92109,San Diego,32.7874,-117.1324,No,2,NMHC/Local Jurisdiction,2025,https://www.nmhc.org/research-insight/rent-control-tracker/
92110,San Diego,32.7249,-117.156,No,2,NMHC/Local Jurisdiction,2025,https://www.nmhc.org/research-insight/rent-control-tracker/
92111,San Diego,32.8274,-117.04,No,2,NMHC/Local Jurisdiction,2025,https://www.nmhc.org/research-insight/rent-control-tracker/
92112,San Diego,32.7285,-117.2274,No,2,NMHC/Local Jurisdiction,2025,https://www.nmhc.org/research-insight/rent-control-tracker/
92113,San Diego,32.5832,-117.0971,No,2,NMHC/Local Jurisdiction,2025,https://www.nmhc.org/research-insight/rent-control-tracker/
92114,San Diego,32.8411,-117.2208,No,2,NMHC/Local Jurisdiction,2025,https://www.nmhc.org/research-insight/rent-control-tracker/
92115,San Diego,32.6924,-117.3261,No,2,NMHC/Local Jurisdiction,2025,https://www.nmhc.org/research-insight/rent-control-tracker/
92116,San Diego,32.7443,-117.0421,No,2,NMHC/Local Jurisdiction,2025,https://www.nmhc.org/research-insight/rent-control-tracker/
92117,San Diego,32.6166,-117.2652,No,2,NMHC/Local Jurisdiction,2025,https://www.nmhc.org/research-insight/rent-control-tracker/
92118,San Diego,32.6171,-117.3145,No,2,NMHC/Local Jurisdiction,2025,https://www.nmhc.org/research-insight/rent-control-tracker/
92119,San Diego,32.8424,-117.2903,No,2,NMHC/Local Jurisdiction,2025,https://www.nmhc.org/research-insight/rent-control-tracker/
92120,San Diego,32.7477,-117.2998,No,2,NMHC/Local Jurisdiction,2025,https://www.nmhc.org/research-insight/rent-control-tracker/
92121,San Diego,32.6178,-117.0959,No,2,NMHC/Local Jurisdiction,2025,https://www.nmhc.org/research-insight/rent-control-tracker/
92122,San Diego,32.6564,-117.0229,No,2,NMHC/Local Jurisdiction,2025,https://www.nmhc.org/research-insight/rent-control-tracker/
92123,San Diego,32.8428,-116.9898,No,2,NMHC/Local Jurisdiction,2025,https://www.nmhc.org/research-insight/rent-control-tracker/
92124,San Diego,32.7553,-117.2175,No,2,NMHC/Local Jurisdiction,2025,https://www.nmhc.org/research-insight/rent-control-tracker/
92125,San Diego,32.8545,-117.0553,No,2,NMHC/Local Jurisdiction,2025,https://www.nmhc.org/research-insight/rent-control-tracker/
92126,San Diego,32.827,-117.2302,No,2,NMHC/Local Jurisdiction,2025,https://www.nmhc.org/research-insight/rent-control-tracker/
92127,San Diego,32.6442,-117.3115,No,2,NMHC/Local Jurisdiction,2025,https://www.nmhc.org/research-insight/rent-control-tracker/
92128,San Diego,32.6958,-117.2376,No,2,NMHC/Local Jurisdiction,2025,https://www.nmhc.org/research-insight/rent-control-tracker/
92129,San Diego,32.7666,-117.1934,No,2,NMHC/Local Jurisdiction,2025,https://www.nmhc.org/research-insight/rent-control-tracker/
92130,San Diego,32.7361,-117.1071,No,2,NMHC/Local Jurisdiction,2025,https://www.nmhc.org/research-insight/rent-control-tracker/
92131,San Diego,32.7603,-117.2212,No,2,NMHC/Local Jurisdiction,2025,https://www.nmhc.org/research-insight/rent-control-tracker/
92132,San Diego,32.6926,-117.2,No,2,NMHC/Local Jurisdiction,2025,https://www.nmhc.org/research-insight/rent-control-tracker/
92133,San Diego,32.6658,-117.0085,No,2,NMHC/Local Jurisdiction,2025,https://www.nmhc.org/research-insight/rent-control-tracker/
92134,San Diego,32.8061,-117.1781,No,2,NMHC/Local Jurisdiction,2025,https://www.nmhc.org/research-insight/rent-control-tracker/
92135,San Diego,32.7679,-117.1386,No,2,NMHC/Local Jurisdiction,2025,https://www.nmhc.org/research-insight/rent-control-tracker/
75201,DFW,32.7342,-96.9509,No,2,NMHC/Local Jurisdiction,2025,https://www.nmhc.org/research-insight/rent-control-tracker/
75202,DFW,32.7228,-96.6538,No,2,NMHC/Local Jurisdiction,2025,https://www.nmhc.org/research-insight/rent-control-tracker/
75203,DFW,32.7113,-96.8618,No,2,NMHC/Local Jurisdiction,2025,https://www.nmhc.org/research-insight/rent-control-tracker/
75204,DFW,32.6426,-96.6474,No,2,NMHC/Local Jurisdiction,2025,https://www.nmhc.org/research-insight/rent-control-tracker/
75205,DFW,32.8517,-96.9384,No,2,NMHC/Local Jurisdiction,2025,https://www.nmhc.org/research-insight/rent-control-tracker/
75206,DFW,32.8244,-96.6387,No,2,NMHC/Local Jurisdiction,2025,https://www.nmhc.org/research-insight/rent-control-tracker/
75207,DFW,32.8319,-96.6469,No,2,NMHC/Local Jurisdiction,2025,https://www.nmhc.org/research-insight/rent-control-tracker/
75208,DFW,32.6385,-96.8405,No,2,NMHC/Local Jurisdiction,2025,https://www.nmhc.org/research-insight/rent-control-tracker/
75209,DFW,32.6556,-96.769,No,2,NMHC/Local Jurisdiction,2025,https://www.nmhc.org/research-insight/rent-control-tracker/
75210,DFW,32.8515,-96.6655,No,2,NMHC/Local Jurisdiction,2025,https://www.nmhc.org/research-insight/rent-control-tracker/
75211,DFW,32.8823,-96.9748,No,2,NMHC/Local Jurisdiction,2025,https://www.nmhc.org/research-insight/rent-control-tracker/
75212,DFW,32.878,-96.8355,No,2,NMHC/Local Jurisdiction,2025,https://www.nmhc.org/research-insight/rent-control-tracker/
75213,DFW,32.6743,-96.9401,No,2,NMHC/Local Jurisdiction,2025,https://www.nmhc.org/research-insight/rent-control-tracker/
75214,DFW,32.7418,-96.8486,No,2,NMHC/Local Jurisdiction,2025,https://www.nmhc.org/research-insight/rent-control-tracker/
75215,DFW,32.6684,-96.8536,No,2,NMHC/Local Jurisdiction,2025,https://www.nmhc.org/research-insight/rent-control-tracker/
75216,DFW,32.7749,-96.7409,No,2,NMHC/Local Jurisdiction,2025,https://www.nmhc.org/research-insight/rent-control-tracker/
75217,DFW,32.8897,-96.7461,No,2,NMHC/Local Jurisdiction,2025,https://www.nmhc.org/research-insight/rent-control-tracker/
75218,DFW,32.7841,-96.7456,No,2,NMHC/Local Jurisdiction,2025,https://www.nmhc.org/research-insight/rent-control-tracker/
75219,DFW,32.9191,-96.7928,No,2,NMHC/Local Jurisdiction,2025,https://www.nmhc.org/research-insight/rent-control-tracker/
75220,DFW,32.7431,-96.7517,No,2,NMHC/Local Jurisdiction,2025,https://www.nmhc.org/research-insight/rent-control-tracker/
75221,DFW,32.698,-96.787,No,2,NMHC/Local Jurisdiction,2025,https://www.nmhc.org/research-insight/rent-control-tracker/
75222,DFW,32.712,-96.6542,No,2,NMHC/Local Jurisdiction,2025,https://www.nmhc.org/research-insight/rent-control-tracker/
75223,DFW,32.8769,-96.7737,No,2,NMHC/Local Jurisdiction,2025,https://www.nmhc.org/research-insight/rent-control-tracker/
75224,DFW,32.8075,-96.904,No,2,NMHC/Local Jurisdiction,2025,https://www.nmhc.org/research-insight/rent-control-tracker/
75225,DFW,32.7787,-96.6348,No,2,NMHC/Local Jurisdiction,2025,https://www.nmhc.org/research-insight/rent-control-tracker/
75226,DFW,32.8696,-96.8318,No,2,NMHC/Local Jurisdiction,2025,https://www.nmhc.org/research-insight/rent-control-tracker/
75227,DFW,32.8092,-96.8088,No,2,NMHC/Local Jurisdiction,2025,https://www.nmhc.org/research-insight/rent-control-tracker/
75228,DFW,32.8704,-96.8465,No,2,NMHC/Local Jurisdiction,2025,https://www.nmhc.org/research-insight/rent-control-tracker/
75229,DFW,32.7759,-96.7458,No,2,NMHC/Local Jurisdiction,2025,https://www.nmhc.org/research-insight/rent-control-tracker/
75230,DFW,32.7575,-96.6588,No,2,NMHC/Local Jurisdiction,2025,https://www.nmhc.org/research-insight/rent-control-tracker/
75231,DFW,32.6405,-96.9338,No,2,NMHC/Local Jurisdiction,2025,https://www.nmhc.org/research-insight/rent-control-tracker/
75232,DFW,32.7193,-96.832,No,2,NMHC/Local Jurisdiction,2025,https://www.nmhc.org/research-insight/rent-control-tracker/
75233,DFW,32.7264,-96.7029,No,2,NMHC/Local Jurisdiction,2025,https://www.nmhc.org/research-insight/rent-control-tracker/
75234,DFW,32.6871,-96.6614,No,2,NMHC/Local Jurisdiction,2025,https://www.nmhc.org/research-insight/rent-control-tracker/
75235,DFW,32.9075,-96.662,No,2,NMHC/Local Jurisdiction,2025,https://www.nmhc.org/research-insight/rent-control-tracker/
75236,DFW,32.9219,-96.8311,No,2,NMHC/Local Jurisdiction,2025,https://www.nmhc.org/research-insight/rent-control-tracker/
75237,DFW,32.8763,-96.791,No,2,NMHC/Local Jurisdiction,2025,https://www.nmhc.org/research-insight/rent-control-tracker/
75238,DFW,32.7993,-96.8522,No,2,NMHC/Local Jurisdiction,2025,https://www.nmhc.org/research-insight/rent-control-tracker/
75239,DFW,32.8972,-96.8751,No,2,NMHC/Local Jurisdiction,2025,https://www.nmhc.org/research-insight/rent-control-tracker/
75240,DFW,32.7867,-96.7431,No,2,NMHC/Local Jurisdiction,2025,https://www.nmhc.org/research-insight/rent-control-tracker/
75241,DFW,32.8638,-96.6183,No,2,NMHC/Local Jurisdiction,2025,https://www.nmhc.org/research-insight/rent-control-tracker/
75242,DFW,32.7765,-96.6734,No,2,NMHC/Local Jurisdiction,2025,https://www.nmhc.org/research-insight/rent-control-tracker/
75243,DFW,32.7133,-96.9391,No,2,NMHC/Local Jurisdiction,2025,https://www.nmhc.org/research-insight/rent-control-tracker/
75244,DFW,32.8923,-96.645,No,2,NMHC/Local Jurisdiction,2025,https://www.nmhc.org/research-insight/rent-control-tracker/
75245,DFW,32.8574,-96.843,No,2,NMHC/Local Jurisdiction,2025,https://www.nmhc.org/research-insight/rent-control-tracker/
75246,DFW,32.7071,-96.6332,No,2,NMHC/Local Jurisdiction,2025,https://www.nmhc.org/research-insight/rent-control-tracker/
75247,DFW,32.7716,-96.8914,No,2,NMHC/Local Jurisdiction,2025,https://www.nmhc.org/research-insight/rent-control-tracker/
75248,DFW,32.7708,-96.9387,No,2,NMHC/Local Jurisdiction,2025,https://www.nmhc.org/research-insight/rent-control-tracker/
75249,DFW,32.9013,-96.8161,No,2,NMHC/Local Jurisdiction,2025,https://www.nmhc.org/research-insight/rent-control-tracker/
75250,DFW,32.8254,-96.7217,No,2,NMHC/Local Jurisdiction,2025,https://www.nmhc.org/research-insight/rent-control-tracker/
75251,DFW,32.6285,-96.9364,No,2,NMHC/Local Jurisdiction,2025,https://www.nmhc.org/research-insight/rent-control-tracker/
75252,DFW,32.9069,-96.7817,No,2,NMHC/Local Jurisdiction,2025,https://www.nmhc.org/research-insight/rent-control-tracker/
75253,DFW,32.9211,-96.9045,No,2,NMHC/Local Jurisdiction,2025,https://www.nmhc.org/research-insight/rent-control-tracker/
75254,DFW,32.6326,-96.6595,No,2,NMHC/Local Jurisdiction,2025,https://www.nmhc.org/research-insight/rent-control-tracker/
75255,DFW,32.6419,-96.6349,No,2,NMHC/Local Jurisdiction,2025,https://www.nmhc.org/research-insight/rent-control-tracker/
94101,Bay Area,37.7686,-122.3285,Yes - Strong,9,NMHC/Local Jurisdiction,2025,https://www.nmhc.org/research-insight/rent-control-tracker/
94102,Bay Area,37.7378,-122.4342,Yes - Strong,9,NMHC/Local Jurisdiction,2025,https://www.nmhc.org/research-insight/rent-control-tracker/
94103,Bay Area,37.7941,-122.5482,Yes - Strong,9,NMHC/Local Jurisdiction,2025,https://www.nmhc.org/research-insight/rent-control-tracker/
94104,Bay Area,37.6351,-122.3395,Yes - Strong,9,NMHC/Local Jurisdiction,2025,https://www.nmhc.org/research-insight/rent-control-tracker/
94105,Bay Area,37.7817,-122.5534,Yes - Strong,9,NMHC/Local Jurisdiction,2025,https://www.nmhc.org/research-insight/rent-control-tracker/
94106,Bay Area,37.8431,-122.2828,Yes - Strong,9,NMHC/Local Jurisdiction,2025,https://www.nmhc.org/research-insight/rent-control-tracker/
94107,Bay Area,37.6341,-122.5768,Yes - Strong,9,NMHC/Local Jurisdiction,2025,https://www.nmhc.org/research-insight/rent-control-tracker/
94108,Bay Area,37.6948,-122.5603,Yes - Strong,9,NMHC/Local Jurisdiction,2025,https://www.nmhc.org/research-insight/rent-control-tracker/
94109,Bay Area,37.7355,-122.3109,Yes - Strong,9,NMHC/Local Jurisdiction,2025,https://www.nmhc.org/research-insight/rent-control-tracker/
94110,Bay Area,37.6377,-122.2649,Yes - Strong,9,NMHC/Local Jurisdiction,2025,https://www.nmhc.org/research-insight/rent-control-tracker/
94111,Bay Area,37.7117,-122.2613,Yes - Strong,9,NMHC/Local Jurisdiction,2025,https://www.nmhc.org/research-insight/rent-control-tracker/
94112,Bay Area,37.8873,-122.3034,Yes - Strong,9,NMHC/Local Jurisdiction,2025,https://www.nmhc.org/research-insight/rent-control-tracker/
94113,Bay Area,37.8948,-122.5314,Yes - Strong,9,NMHC/Local Jurisdiction,2025,https://www.nmhc.org/research-insight/rent-control-tracker/
94114,Bay Area,37.7382,-122.3844,Yes - Strong,9,NMHC/Local Jurisdiction,2025,https://www.nmhc.org/research-insight/rent-control-tracker/
94115,Bay Area,37.6319,-122.3526,Yes - Strong,9,NMHC/Local Jurisdiction,2025,https://www.nmhc.org/research-insight/rent-control-tracker/
94116,Bay Area,37.7022,-122.4266,Yes - Strong,9,NMHC/Local Jurisdiction,2025,https://www.nmhc.org/research-insight/rent-control-tracker/
94117,Bay Area,37.645,-122.3776,Yes - Strong,9,NMHC/Local Jurisdiction,2025,https://www.nmhc.org/research-insight/rent-control-tracker/
94118,Bay Area,37.7614,-122.3274,Yes - Strong,9,NMHC/Local Jurisdiction,2025,https://www.nmhc.org/research-insight/rent-control-tracker/
94119,Bay Area,37.864,-122.4847,Yes - Strong,9,NMHC/Local Jurisdiction,2025,https://www.nmhc.org/research-insight/rent-control-tracker/
94120,Bay Area,37.8643,-122.4794,Yes - Strong,9,NMHC/Local Jurisdiction,2025,https://www.nmhc.org/research-insight/rent-control-tracker/
94121,Bay Area,37.7922,-122.4425,Yes - Strong,9,NMHC/Local Jurisdiction,2025,https://www.nmhc.org/research-insight/rent-control-tracker/
94122,Bay Area,37.7784,-122.5458,Yes - Strong,9,NMHC/Local Jurisdiction,2025,https://www.nmhc.org/research-insight/rent-control-tracker/
94123,Bay Area,37.8375,-122.478,Yes - Strong,9,NMHC/Local Jurisdiction,2025,https://www.nmhc.org/research-insight/rent-control-tracker/
94124,Bay Area,37.8922,-122.2964,Yes - Strong,9,NMHC/Local Jurisdiction,2025,https://www.nmhc.org/research-insight/rent-control-tracker/
94125,Bay Area,37.7645,-122.2409,Yes - Strong,9,NMHC/Local Jurisdiction,2025,https://www.nmhc.org/research-insight/rent-control-tracker/
94126,Bay Area,37.7961,-122.354,Yes - Strong,9,NMHC/Local Jurisdiction,2025,https://www.nmhc.org/research-insight/rent-control-tracker/
94127,Bay Area,37.902,-122.5564,Yes - Strong,9,NMHC/Local Jurisdiction,2025,https://www.nmhc.org/research-insight/rent-control-tracker/
94128,Bay Area,37.7055,-122.481,Yes - Strong,9,NMHC/Local Jurisdiction,2025,https://www.nmhc.org/research-insight/rent-control-tracker/
94129,Bay Area,37.8004,-122.5673,Yes - Strong,9,NMHC/Local Jurisdiction,2025,https://www.nmhc.org/research-insight/rent-control-tracker/
94130,Bay Area,37.63,-122.2554,Yes - Strong,9,NMHC/Local Jurisdiction,2025,https://www.nmhc.org/research-insight/rent-control-tracker/
94131,Bay Area,37.7703,-122.4485,Yes - Strong,9,NMHC/Local Jurisdiction,2025,https://www.nmhc.org/research-insight/rent-control-tracker/
94132,Bay Area,37.7415,-122.4854,Yes - Strong,9,NMHC/Local Jurisdiction,2025,https://www.nmhc.org/research-insight/rent-control-tracker/
94133,Bay Area,37.675,-122.257,Yes - Strong,9,NMHC/Local Jurisdiction,2025,https://www.nmhc.org/research-insight/rent-control-tracker/
94134,Bay Area,37.8135,-122.358,Yes - Strong,9,NMHC/Local Jurisdiction,2025,https://www.nmhc.org/research-insight/rent-control-tracker/
94135,Bay Area,37.6511,-122.5827,Yes - Strong,9,NMHC/Local Jurisdiction,2025,https://www.nmhc.org/research-insight/rent-control-tracker/
94136,Bay Area,37.7382,-122.2633,Yes - Strong,9,NMHC/Local Jurisdiction,2025,https://www.nmhc.org/research-insight/rent-control-tracker/
94137,Bay Area,37.6763,-122.4566,Yes - Strong,9,NMHC/Local Jurisdiction,2025,https://www.nmhc.org/research-insight/rent-control-tracker/
94138,Bay Area,37.8736,-122.5811,Yes - Strong,9,NMHC/Local Jurisdiction,2025,https://www.nmhc.org/research-insight/rent-control-tracker/
94139,Bay Area,37.7895,-122.586,Yes - Strong,9,NMHC/Local Jurisdiction,2025,https://www.nmhc.org/research-insight/rent-control-tracker/
94140,Bay Area,37.9139,-122.486,Yes - Strong,9,NMHC/Local Jurisdiction,2025,https://www.nmhc.org/research-insight/rent-control-tracker/
94141,Bay Area,37.8758,-122.3879,Yes - Strong,9,NMHC/Local Jurisdiction,2025,https://www.nmhc.org/research-insight/rent-control-tracker/
94142,Bay Area,37.6422,-122.3426,Yes - Strong,9,NMHC/Local Jurisdiction,2025,https://www.nmhc.org/research-insight/rent-control-tracker/
94143,Bay Area,37.8082,-122.5795,Yes - Strong,9,NMHC/Local Jurisdiction,2025,https://www.nmhc.org/research-insight/rent-control-tracker/
94144,Bay Area,37.8858,-122.281,Yes - Strong,9,NMHC/Local Jurisdiction,2025,https://www.nmhc.org/research-insight/rent-control-tracker/
94145,Bay Area,37.6432,-122.5209,Yes - Strong,9,NMHC/Local Jurisdiction,2025,https://www.nmhc.org/research-insight/rent-control-tracker/
78701,Austin,30.3382,-97.6172,No,2,NMHC/Local Jurisdiction,2025,https://www.nmhc.org/research-insight/rent-control-tracker/
78702,Austin,30.3313,-97.9187,No,2,NMHC/Local Jurisdiction,2025,https://www.nmhc.org/research-insight/rent-control-tracker/
78703,Austin,30.3588,-97.7992,No,2,NMHC/Local Jurisdiction,2025,https://www.nmhc.org/research-insight/rent-control-tracker/
78704,Austin,30.3485,-97.5735,No,2,NMHC/Local Jurisdiction,2025,https://www.nmhc.org/research-insight/rent-control-tracker/
78705,Austin,30.192,-97.6333,No,2,NMHC/Local Jurisdiction,2025,https://www.nmhc.org/research-insight/rent-control-tracker/
78706,Austin,30.2236,-97.5862,No,2,NMHC/Local Jurisdiction,2025,https://www.nmhc.org/research-insight/rent-control-tracker/
78707,Austin,30.1727,-97.7459,No,2,NMHC/Local Jurisdiction,2025,https://www.nmhc.org/research-insight/rent-control-tracker/
78708,Austin,30.3636,-97.907,No,2,NMHC/Local Jurisdiction,2025,https://www.nmhc.org/research-insight/rent-control-tracker/
78709,Austin,30.2667,-97.9021,No,2,NMHC/Local Jurisdiction,2025,https://www.nmhc.org/research-insight/rent-control-tracker/
78710,Austin,30.2586,-97.6572,No,2,NMHC/Local Jurisdiction,2025,https://www.nmhc.org/research-insight/rent-control-tracker/
78711,Austin,30.253,-97.78,No,2,NMHC/Local Jurisdiction,2025,https://www.nmhc.org/research-insight/rent-control-tracker/
78712,Austin,30.1884,-97.7832,No,2,NMHC/Local Jurisdiction,2025,https://www.nmhc.org/research-insight/rent-control-tracker/
78713,Austin,30.2819,-97.9136,No,2,NMHC/Local Jurisdiction,2025,https://www.nmhc.org/research-insight/rent-control-tracker/
78714,Austin,30.3681,-97.8602,No,2,NMHC/Local Jurisdiction,2025,https://www.nmhc.org/research-insight/rent-control-tracker/
78715,Austin,30.1509,-97.7203,No,2,NMHC/Local Jurisdiction,2025,https://www.nmhc.org/research-insight/rent-control-tracker/
78716,Austin,30.1242,-97.8795,No,2,NMHC/Local Jurisdiction,2025,https://www.nmhc.org/research-insight/rent-control-tracker/
78717,Austin,30.2849,-97.85,No,2,NMHC/Local Jurisdiction,2025,https://www.nmhc.org/research-insight/rent-control-tracker/
78718,Austin,30.3486,-97.9174,No,2,NMHC/Local Jurisdiction,2025,https://www.nmhc.org/research-insight/rent-control-tracker/
78719,Austin,30.1984,-97.6438,No,2,NMHC/Local Jurisdiction,2025,https://www.nmhc.org/research-insight/rent-control-tracker/
78720,Austin,30.3247,-97.909,No,2,NMHC/Local Jurisdiction,2025,https://www.nmhc.org/research-insight/rent-control-tracker/
78721,Austin,30.4068,-97.5869,No,2,NMHC/Local Jurisdiction,2025,https://www.nmhc.org/research-insight/rent-control-tracker/
78722,Austin,30.3546,-97.6028,No,2,NMHC/Local Jurisdiction,2025,https://www.nmhc.org/research-insight/rent-control-tracker/
78723,Austin,30.2531,-97.7371,No,2,NMHC/Local Jurisdiction,2025,https://www.nmhc.org/research-insight/rent-control-tracker/
78724,Austin,30.3978,-97.7357,No,2,NMHC/Local Jurisdiction,2025,https://www.nmhc.org/research-insight/rent-control-tracker/
78725,Austin,30.1486,-97.7035,No,2,NMHC/Local Jurisdiction,2025,https://www.nmhc.org/research-insight/rent-control-tracker/
78726,Austin,30.2222,-97.8281,No,2,NMHC/Local Jurisdiction,2025,https://www.nmhc.org/research-insight/rent-control-tracker/
78727,Austin,30.3423,-97.6881,No,2,NMHC/Local Jurisdiction,2025,https://www.nmhc.org/research-insight/rent-control-tracker/
78728,Austin,30.406,-97.6199,No,2,NMHC/Local Jurisdiction,2025,https://www.nmhc.org/research-insight/rent-control-tracker/
78729,Austin,30.2176,-97.822,No,2,NMHC/Local Jurisdiction,2025,https://www.nmhc.org/research-insight/rent-control-tracker/
78730,Austin,30.273,-97.8927,No,2,NMHC/Local Jurisdiction,2025,https://www.nmhc.org/research-insight/rent-control-tracker/
78731,Austin,30.3084,-97.8457,No,2,NMHC/Local Jurisdiction,2025,https://www.nmhc.org/research-insight/rent-control-tracker/
78732,Austin,30.2595,-97.8916,No,2,NMHC/Local Jurisdiction,2025,https://www.nmhc.org/research-insight/rent-control-tracker/
78733,Austin,30.2881,-97.6756,No,2,NMHC/Local Jurisdiction,2025,https://www.nmhc.org/research-insight/rent-control-tracker/
78734,Austin,30.2303,-97.7673,No,2,NMHC/Local Jurisdiction,2025,https://www.nmhc.org/research-insight/rent-control-tracker/
78735,Austin,30.254,-97.8311,No,2,NMHC/Local Jurisdiction,2025,https://www.nmhc.org/research-insight/rent-control-tracker/
78736,Austin,30.2918,-97.5715,No,2,NMHC/Local Jurisdiction,2025,https://www.nmhc.org/research-insight/rent-control-tracker/
78737,Austin,30.1935,-97.6166,No,2,NMHC/Local Jurisdiction,2025,https://www.nmhc.org/research-insight/rent-control-tracker/
78738,Austin,30.1819,-97.8828,No,2,NMHC/Local Jurisdiction,2025,https://www.nmhc.org/research-insight/rent-control-tracker/
78739,Austin,30.3529,-97.7689,No,2,NMHC/Local Jurisdiction,2025,https://www.nmhc.org/research-insight/rent-control-tracker/
78740,Austin,30.1443,-97.9126,No,2,NMHC/Local Jurisdiction,2025,https://www.nmhc.org/research-insight/rent-control-tracker/
32201,Jacksonville,30.2629,-81.7066,No,2,NMHC/Local Jurisdiction,2025,https://www.nmhc.org/research-insight/rent-control-tracker/
32202,Jacksonville,30.3536,-81.713,No,2,NMHC/Local Jurisdiction,2025,https://www.nmhc.org/research-insight/rent-control-tracker/
32203,Jacksonville,30.2064,-81.5933,No,2,NMHC/Local Jurisdiction,2025,https://www.nmhc.org/research-insight/rent-control-tracker/
32204,Jacksonville,30.4018,-81.7388,No,2,NMHC/Local Jurisdiction,2025,https://www.nmhc.org/research-insight/rent-control-tracker/
32205,Jacksonville,30.4381,-81.6621,No,2,NMHC/Local Jurisdiction,2025,https://www.nmhc.org/research-insight/rent-control-tracker/
32206,Jacksonville,30.2515,-81.6968,No,2,NMHC/Local Jurisdiction,2025,https://www.nmhc.org/research-insight/rent-control-tracker/
32207,Jacksonville,30.4142,-81.5678,No,2,NMHC/Local Jurisdiction,2025,https://www.nmhc.org/research-insight/rent-control-tracker/
32208,Jacksonville,30.3669,-81.4937,No,2,NMHC/Local Jurisdiction,2025,https://www.nmhc.org/research-insight/rent-control-tracker/
32209,Jacksonville,30.4213,-81.665,No,2,NMHC/Local Jurisdiction,2025,https://www.nmhc.org/research-insight/rent-control-tracker/
32210,Jacksonville,30.2271,-81.7224,No,2,NMHC/Local Jurisdiction,2025,https://www.nmhc.org/research-insight/rent-control-tracker/
32211,Jacksonville,30.3834,-81.7213,No,2,NMHC/Local Jurisdiction,2025,https://www.nmhc.org/research-insight/rent-control-tracker/
32212,Jacksonville,30.3236,-81.7828,No,2,NMHC/Local Jurisdiction,2025,https://www.nmhc.org/research-insight/rent-control-tracker/
32213,Jacksonville,30.3573,-81.7082,No,2,NMHC/Local Jurisdiction,2025,https://www.nmhc.org/research-insight/rent-control-tracker/
32214,Jacksonville,30.4087,-81.4792,No,2,NMHC/Local Jurisdiction,2025,https://www.nmhc.org/research-insight/rent-control-tracker/
32215,Jacksonville,30.4052,-81.681,No,2,NMHC/Local Jurisdiction,2025,https://www.nmhc.org/research-insight/rent-control-tracker/
32216,Jacksonville,30.4745,-81.8128,No,2,NMHC/Local Jurisdiction,2025,https://www.nmhc.org/research-insight/rent-control-tracker/
32217,Jacksonville,30.4096,-81.7954,No,2,NMHC/Local Jurisdiction,2025,https://www.nmhc.org/research-insight/rent-control-tracker/
32218,Jacksonville,30.382,-81.6248,No,2,NMHC/Local Jurisdiction,2025,https://www.nmhc.org/research-insight/rent-control-tracker/
32219,Jacksonville,30.4004,-81.6533,No,2,NMHC/Local Jurisdiction,2025,https://www.nmhc.org/research-insight/rent-control-tracker/
32220,Jacksonville,30.4471,-81.5603,No,2,NMHC/Local Jurisdiction,2025,https://www.nmhc.org/research-insight/rent-control-tracker/
32221,Jacksonville,30.3411,-81.5136,No,2,NMHC/Local Jurisdiction,2025,https://www.nmhc.org/research-insight/rent-control-tracker/
32222,Jacksonville,30.4014,-81.521,No,2,NMHC/Local Jurisdiction,2025,https://www.nmhc.org/research-insight/rent-control-tracker/
32223,Jacksonville,30.2715,-81.7715,No,2,NMHC/Local Jurisdiction,2025,https://www.nmhc.org/research-insight/rent-control-tracker/
32224,Jacksonville,30.2841,-81.6254,No,2,NMHC/Local Jurisdiction,2025,https://www.nmhc.org/research-insight/rent-control-tracker/
32225,Jacksonville,30.405,-81.5688,No,2,NMHC/Local Jurisdiction,2025,https://www.nmhc.org/research-insight/rent-control-tracker/
32226,Jacksonville,30.2109,-81.812,No,2,NMHC/Local Jurisdiction,2025,https://www.nmhc.org/research-insight/rent-control-tracker/
32227,Jacksonville,30.2571,-81.7746,No,2,NMHC/Local Jurisdiction,2025,https://www.nmhc.org/research-insight/rent-control-tracker/
32228,Jacksonville,30.4455,-81.6666,No,2,NMHC/Local Jurisdiction,2025,https://www.nmhc.org/research-insight/rent-control-tracker/
32229,Jacksonville,30.2369,-81.8232,No,2,NMHC/Local Jurisdiction,2025,https://www.nmhc.org/research-insight/rent-control-tracker/
32230,Jacksonville,30.1929,-81.8011,No,2,NMHC/Local Jurisdiction,2025,https://www.nmhc.org/research-insight/rent-control-tracker/
43201,Columbus,39.897,-82.8522,No,2,NMHC/Local Jurisdiction,2025,https://www.nmhc.org/research-insight/rent-control-tracker/
43202,Columbus,39.8117,-83.0635,No,2,NMHC/Local Jurisdiction,2025,https://www.nmhc.org/research-insight/rent-control-tracker/
43203,Columbus,40.0196,-82.836,No,2,NMHC/Local Jurisdiction,2025,https://www.nmhc.org/research-insight/rent-control-tracker/
43204,Columbus,40.0713,-82.9791,No,2,NMHC/Local Jurisdiction,2025,https://www.nmhc.org/research-insight/rent-control-tracker/
43205,Columbus,39.9719,-82.9473,No,2,NMHC/Local Jurisdiction,2025,https://www.nmhc.org/research-insight/rent-control-tracker/
43206,Columbus,39.9328,-82.8808,No,2,NMHC/Local Jurisdiction,2025,https://www.nmhc.org/research-insight/rent-control-tracker/
43207,Columbus,39.8396,-83.0801,No,2,NMHC/Local Jurisdiction,2025,https://www.nmhc.org/research-insight/rent-control-tracker/
43208,Columbus,39.9781,-83.1652,No,2,NMHC/Local Jurisdiction,2025,https://www.nmhc.org/research-insight/rent-control-tracker/
43209,Columbus,39.8779,-82.9828,No,2,NMHC/Local Jurisdiction,2025,https://www.nmhc.org/research-insight/rent-control-tracker/
43210,Columbus,39.8746,-83.1787,No,2,NMHC/Local Jurisdiction,2025,https://www.nmhc.org/research-insight/rent-control-tracker/
43211,Columbus,39.8289,-82.9277,No,2,NMHC/Local Jurisdiction,2025,https://www.nmhc.org/research-insight/rent-control-tracker/
43212,Columbus,40.0568,-83.028,No,2,NMHC/Local Jurisdiction,2025,https://www.nmhc.org/research-insight/rent-control-tracker/
43213,Columbus,40.071,-83.1016,No,2,NMHC/Local Jurisdiction,2025,https://www.nmhc.org/research-insight/rent-control-tracker/
43214,Columbus,39.8448,-82.9857,No,2,NMHC/Local Jurisdiction,2025,https://www.nmhc.org/research-insight/rent-control-tracker/
43215,Columbus,39.9024,-82.8522,No,2,NMHC/Local Jurisdiction,2025,https://www.nmhc.org/research-insight/rent-control-tracker/
43216,Columbus,40.0265,-82.8439,No,2,NMHC/Local Jurisdiction,2025,https://www.nmhc.org/research-insight/rent-control-tracker/
43217,Columbus,39.9135,-83.0775,No,2,NMHC/Local Jurisdiction,2025,https://www.nmhc.org/research-insight/rent-control-tracker/
43218,Columbus,40.0169,-83.0315,No,2,NMHC/Local Jurisdiction,2025,https://www.nmhc.org/research-insight/rent-control-tracker/
43219,Columbus,39.8485,-82.8873,No,2,NMHC/Local Jurisdiction,2025,https://www.nmhc.org/research-insight/rent-control-tracker/
43220,Columbus,39.8452,-83.0673,No,2,NMHC/Local Jurisdiction,2025,https://www.nmhc.org/research-insight/rent-control-tracker/
43221,Columbus,39.9889,-82.939,No,2,NMHC/Local Jurisdiction,2025,https://www.nmhc.org/research-insight/rent-control-tracker/
43222,Columbus,39.9443,-83.0074,No,2,NMHC/Local Jurisdiction,2025,https://www.nmhc.org/research-insight/rent-control-tracker/
43223,Columbus,40.0075,-82.9615,No,2,NMHC/Local Jurisdiction,2025,https://www.nmhc.org/research-insight/rent-control-tracker/
43224,Columbus,39.9804,-82.8342,No,2,NMHC/Local Jurisdiction,2025,https://www.nmhc.org/research-insight/rent-control-tracker/
43225,Columbus,39.8397,-82.8365,No,2,NMHC/Local Jurisdiction,2025,https://www.nmhc.org/research-insight/rent-control-tracker/
43226,Columbus,39.8909,-83.0486,No,2,NMHC/Local Jurisdiction,2025,https://www.nmhc.org/research-insight/rent-control-tracker/
43227,Columbus,40.0849,-83.0658,No,2,NMHC/Local Jurisdiction,2025,https://www.nmhc.org/research-insight/rent-control-tracker/
43228,Columbus,39.9456,-82.8252,No,2,NMHC/Local Jurisdiction,2025,https://www.nmhc.org/research-insight/rent-control-tracker/
43229,Columbus,39.9931,-83.1476,No,2,NMHC/Local Jurisdiction,2025,https://www.nmhc.org/research-insight/rent-control-tracker/
43230,Columbus,39.8566,-83.1024,No,2,NMHC/Local Jurisdiction,2025,https://www.nmhc.org/research-insight/rent-control-tracker/
43231,Columbus,39.926,-83.0788,No,2,NMHC/Local Jurisdiction,2025,https://www.nmhc.org/research-insight/rent-control-tracker/
43232,Columbus,39.9156,-82.9289,No,2,NMHC/Local Jurisdiction,2025,https://www.nmhc.org/research-insight/rent-control-tracker/
43233,Columbus,40.0732,-83.1598,No,2,NMHC/Local Jurisdiction,2025,https://www.nmhc.org/research-insight/rent-control-tracker/
43234,Columbus,39.9025,-83.1296,No,2,NMHC/Local Jurisdiction,2025,https://www.nmhc.org/research-insight/rent-control-tracker/
43235,Columbus,40.0553,-83.0767,No,2,NMHC/Local Jurisdiction,2025,https://www.nmhc.org/research-insight/rent-control-tracker/
28201,Charlotte,35.114,-80.9609,No,2,NMHC/Local Jurisdiction,2025,https://www.nmhc.org/research-insight/rent-control-tracker/
28202,Charlotte,35.2349,-80.7388,No,2,NMHC/Local Jurisdiction,2025,https://www.nmhc.org/research-insight/rent-control-tracker/
28203,Charlotte,35.3304,-81.0086,No,2,NMHC/Local Jurisdiction,2025,https://www.nmhc.org/research-insight/rent-control-tracker/
28204,Charlotte,35.2807,-80.8843,No,2,NMHC/Local Jurisdiction,2025,https://www.nmhc.org/research-insight/rent-control-tracker/
28205,Charlotte,35.2993,-80.8051,No,2,NMHC/Local Jurisdiction,2025,https://www.nmhc.org/research-insight/rent-control-tracker/
28206,Charlotte,35.1703,-80.9353,No,2,NMHC/Local Jurisdiction,2025,https://www.nmhc.org/research-insight/rent-control-tracker/
28207,Charlotte,35.0789,-80.9889,No,2,NMHC/Local Jurisdiction,2025,https://www.nmhc.org/research-insight/rent-control-tracker/
28208,Charlotte,35.2953,-80.8903,No,2,NMHC/Local Jurisdiction,2025,https://www.nmhc.org/research-insight/rent-control-tracker/
28209,Charlotte,35.1328,-80.8814,No,2,NMHC/Local Jurisdiction,2025,https://www.nmhc.org/research-insight/rent-control-tracker/
28210,Charlotte,35.2871,-80.8476,No,2,NMHC/Local Jurisdiction,2025,https://www.nmhc.org/research-insight/rent-control-tracker/
28211,Charlotte,35.1844,-80.7765,No,2,NMHC/Local Jurisdiction,2025,https://www.nmhc.org/research-insight/rent-control-tracker/
28212,Charlotte,35.0849,-80.767,No,2,NMHC/Local Jurisdiction,2025,https://www.nmhc.org/research-insight/rent-control-tracker/
28213,Charlotte,35.1226,-80.9349,No,2,NMHC/Local Jurisdiction,2025,https://www.nmhc.org/research-insight/rent-control-tracker/
28214,Charlotte,35.0786,-80.9486,No,2,NMHC/Local Jurisdiction,2025,https://www.nmhc.org/research-insight/rent-control-tracker/
28215,Charlotte,35.1748,-80.8935,No,2,NMHC/Local Jurisdiction,2025,https://www.nmhc.org/research-insight/rent-control-tracker/
28216,Charlotte,35.3338,-80.7734,No,2,NMHC/Local Jurisdiction,2025,https://www.nmhc.org/research-insight/rent-control-tracker/
28217,Charlotte,35.146,-80.7171,No,2,NMHC/Local Jurisdiction,2025,https://www.nmhc.org/research-insight/rent-control-tracker/
28218,Charlotte,35.3371,-80.9789,No,2,NMHC/Local Jurisdiction,2025,https://www.nmhc.org/research-insight/rent-control-tracker/
28219,Charlotte,35.2189,-80.8338,No,2,NMHC/Local Jurisdiction,2025,https://www.nmhc.org/research-insight/rent-control-tracker/
28220,Charlotte,35.3229,-81.0049,No,2,NMHC/Local Jurisdiction,2025,https://www.nmhc.org/research-insight/rent-control-tracker/
28221,Charlotte,35.1368,-80.6844,No,2,NMHC/Local Jurisdiction,2025,https://www.nmhc.org/research-insight/rent-control-tracker/
28222,Charlotte,35.3012,-80.9534,No,2,NMHC/Local Jurisdiction,2025,https://www.nmhc.org/research-insight/rent-control-tracker/
28223,Charlotte,35.1556,-80.7174,No,2,NMHC/Local Jurisdiction,2025,https://www.nmhc.org/research-insight/rent-control-tracker/
28224,Charlotte,35.1506,-80.9397,No,2,NMHC/Local Jurisdiction,2025,https://www.nmhc.org/research-insight/rent-control-tracker/
28225,Charlotte,35.0836,-80.702,No,2,NMHC/Local Jurisdiction,2025,https://www.nmhc.org/research-insight/rent-control-tracker/
28226,Charlotte,35.3561,-81.0101,No,2,NMHC/Local Jurisdiction,2025,https://www.nmhc.org/research-insight/rent-control-tracker/
28227,Charlotte,35.1523,-81.0029,No,2,NMHC/Local Jurisdiction,2025,https://www.nmhc.org/research-insight/rent-control-tracker/
28228,Charlotte,35.3138,-80.9725,No,2,NMHC/Local Jurisdiction,2025,https://www.nmhc.org/research-insight/rent-control-tracker/
28229,Charlotte,35.1326,-80.6913,No,2,NMHC/Local Jurisdiction,2025,https://www.nmhc.org/research-insight/rent-control-tracker/
28230,Charlotte,35.1131,-80.7382,No,2,NMHC/Local Jurisdiction,2025,https://www.nmhc.org/research-insight/rent-control-tracker/
28231,Charlotte,35.2488,-80.91,No,2,NMHC/Local Jurisdiction,2025,https://www.nmhc.org/research-insight/rent-control-tracker/
28232,Charlotte,35.1105,-80.9699,No,2,NMHC/Local Jurisdiction,2025,https://www.nmhc.org/research-insight/rent-control-tracker/
28233,Charlotte,35.2,-80.9636,No,2,NMHC/Local Jurisdiction,2025,https://www.nmhc.org/research-insight/rent-control-tracker/
28234,Charlotte,35.1898,-80.8272,No,2,NMHC/Local Jurisdiction,2025,https://www.nmhc.org/research-insight/rent-control-tracker/
28235,Charlotte,35.3317,-80.9685,No,2,NMHC/Local Jurisdiction,2025,https://www.nmhc.org/research-insight/rent-control-tracker/
28236,Charlotte,35.132,-80.9687,No,2,NMHC/Local Jurisdiction,2025,https://www.nmhc.org/research-insight/rent-control-tracker/
28237,Charlotte,35.0896,-80.7634,No,2,NMHC/Local Jurisdiction,2025,https://www.nmhc.org/research-insight/rent-control-tracker/
28238,Charlotte,35.0773,-80.8534,No,2,NMHC/Local Jurisdiction,2025,https://www.nmhc.org/research-insight/rent-control-tracker/
28239,Charlotte,35.2769,-80.8749,No,2,NMHC/Local Jurisdiction,2025,https://www.nmhc.org/research-insight/rent-control-tracker/
28240,Charlotte,35.2606,-81.0069,No,2,NMHC/Local Jurisdiction,2025,https://www.nmhc.org/research-insight/rent-control-tracker/
46201,Indianapolis,39.818,-86.2891,No,2,NMHC/Local Jurisdiction,2025,https://www.nmhc.org/research-insight/rent-control-tracker/
46202,Indianapolis,39.7269,-86.2056,No,2,NMHC/Local Jurisdiction,2025,https://www.nmhc.org/research-insight/rent-control-tracker/
46203,Indianapolis,39.6224,-86.0448,No,2,NMHC/Local Jurisdiction,2025,https://www.nmhc.org/research-insight/rent-control-tracker/
46204,Indianapolis,39.7655,-86.087,No,2,NMHC/Local Jurisdiction,2025,https://www.nmhc.org/research-insight/rent-control-tracker/
46205,Indianapolis,39.6699,-86.0599,No,2,NMHC/Local Jurisdiction,2025,https://www.nmhc.org/research-insight/rent-control-tracker/
46206,Indianapolis,39.9067,-86.0748,No,2,NMHC/Local Jurisdiction,2025,https://www.nmhc.org/research-insight/rent-control-tracker/
46207,Indianapolis,39.6444,-86.2115,No,2,NMHC/Local Jurisdiction,2025,https://www.nmhc.org/research-insight/rent-control-tracker/
46208,Indianapolis,39.6796,-86.0884,No,2,NMHC/Local Jurisdiction,2025,https://www.nmhc.org/research-insight/rent-control-tracker/
46209,Indianapolis,39.7959,-86.2879,No,2,NMHC/Local Jurisdiction,2025,https://www.nmhc.org/research-insight/rent-control-tracker/
46210,Indianapolis,39.7777,-86.026,No,2,NMHC/Local Jurisdiction,2025,https://www.nmhc.org/research-insight/rent-control-tracker/
46211,Indianapolis,39.7722,-86.1321,No,2,NMHC/Local Jurisdiction,2025,https://www.nmhc.org/research-insight/rent-control-tracker/
46212,Indianapolis,39.7517,-86.2824,No,2,NMHC/Local Jurisdiction,2025,https://www.nmhc.org/research-insight/rent-control-tracker/
46213,Indianapolis,39.6656,-86.1348,No,2,NMHC/Local Jurisdiction,2025,https://www.nmhc.org/research-insight/rent-control-tracker/
46214,Indianapolis,39.7742,-86.0613,No,2,NMHC/Local Jurisdiction,2025,https://www.nmhc.org/research-insight/rent-control-tracker/
46215,Indianapolis,39.8959,-86.0608,No,2,NMHC/Local Jurisdiction,2025,https://www.nmhc.org/research-insight/rent-control-tracker/
46216,Indianapolis,39.8445,-86.27,No,2,NMHC/Local Jurisdiction,2025,https://www.nmhc.org/research-insight/rent-control-tracker/
46217,Indianapolis,39.7732,-86.0725,No,2,NMHC/Local Jurisdiction,2025,https://www.nmhc.org/research-insight/rent-control-tracker/
46218,Indianapolis,39.7687,-85.9884,No,2,NMHC/Local Jurisdiction,2025,https://www.nmhc.org/research-insight/rent-control-tracker/
46219,Indianapolis,39.6651,-86.1852,No,2,NMHC/Local Jurisdiction,2025,https://www.nmhc.org/research-insight/rent-control-tracker/
46220,Indianapolis,39.7833,-86.0479,No,2,NMHC/Local Jurisdiction,2025,https://www.nmhc.org/research-insight/rent-control-tracker/
46221,Indianapolis,39.773,-85.9968,No,2,NMHC/Local Jurisdiction,2025,https://www.nmhc.org/research-insight/rent-control-tracker/
46222,Indianapolis,39.6397,-86.2797,No,2,NMHC/Local Jurisdiction,2025,https://www.nmhc.org/research-insight/rent-control-tracker/
46223,Indianapolis,39.8894,-86.2675,No,2,NMHC/Local Jurisdiction,2025,https://www.nmhc.org/research-insight/rent-control-tracker/
46224,Indianapolis,39.7344,-86.0993,No,2,NMHC/Local Jurisdiction,2025,https://www.nmhc.org/research-insight/rent-control-tracker/
46225,Indianapolis,39.8196,-86.19,No,2,NMHC/Local Jurisdiction,2025,https://www.nmhc.org/research-insight/rent-control-tracker/
46226,Indianapolis,39.7708,-86.2166,No,2,NMHC/Local Jurisdiction,2025,https://www.nmhc.org/research-insight/rent-control-tracker/
46227,Indianapolis,39.8156,-86.3179,No,2,NMHC/Local Jurisdiction,2025,https://www.nmhc.org/research-insight/rent-control-tracker/
46228,Indianapolis,39.6766,-86.1958,No,2,NMHC/Local Jurisdiction,2025,https://www.nmhc.org/research-insight/rent-control-tracker/
46229,Indianapolis,39.8318,-86.2823,No,2,NMHC/Local Jurisdiction,2025,https://www.nmhc.org/research-insight/rent-control-tracker/
46230,Indianapolis,39.9109,-86.2648,No,2,NMHC/Local Jurisdiction,2025,https://www.nmhc.org/research-insight/rent-control-tracker/
98101,Seattle,47.4979,-122.3808,No,2,NMHC/Local Jurisdiction,2025,https://www.nmhc.org/research-insight/rent-control-tracker/
98102,Seattle,47.5801,-122.2696,No,2,NMHC/Local Jurisdiction,2025,https://www.nmhc.org/research-insight/rent-control-tracker/
98103,Seattle,47.6485,-122.1809,No,2,NMHC/Local Jurisdiction,2025,https://www.nmhc.org/research-insight/rent-control-tracker/
98104,Seattle,47.7062,-122.5068,No,2,NMHC/Local Jurisdiction,2025,https://www.nmhc.org/research-insight/rent-control-tracker/
98105,Seattle,47.4843,-122.1605,No,2,NMHC/Local Jurisdiction,2025,https://www.nmhc.org/research-insight/rent-control-tracker/
98106,Seattle,47.7263,-122.1912,No,2,NMHC/Local Jurisdiction,2025,https://www.nmhc.org/research-insight/rent-control-tracker/
98107,Seattle,47.659,-122.3495,No,2,NMHC/Local Jurisdiction,2025,https://www.nmhc.org/research-insight/rent-control-tracker/
98108,Seattle,47.6168,-122.4704,No,2,NMHC/Local Jurisdiction,2025,https://www.nmhc.org/research-insight/rent-control-tracker/
98109,Seattle,47.7366,-122.4055,No,2,NMHC/Local Jurisdiction,2025,https://www.nmhc.org/research-insight/rent-control-tracker/
98110,Seattle,47.6062,-122.2585,No,2,NMHC/Local Jurisdiction,2025,https://www.nmhc.org/research-insight/rent-control-tracker/
98111,Seattle,47.4864,-122.2214,No,2,NMHC/Local Jurisdiction,2025,https://www.nmhc.org/research-insight/rent-control-tracker/
98112,Seattle,47.5813,-122.3599,No,2,NMHC/Local Jurisdiction,2025,https://www.nmhc.org/research-insight/rent-control-tracker/
98113,Seattle,47.7045,-122.3161,No,2,NMHC/Local Jurisdiction,2025,https://www.nmhc.org/research-insight/rent-control-tracker/
98114,Seattle,47.7105,-122.4683,No,2,NMHC/Local Jurisdiction,2025,https://www.nmhc.org/research-insight/rent-control-tracker/
98115,Seattle,47.4769,-122.3493,No,2,NMHC/Local Jurisdiction,2025,https://www.nmhc.org/research-insight/rent-control-tracker/
98116,Seattle,47.6752,-122.3707,No,2,NMHC/Local Jurisdiction,2025,https://www.nmhc.org/research-insight/rent-control-tracker/
98117,Seattle,47.5965,-122.2721,No,2,NMHC/Local Jurisdiction,2025,https://www.nmhc.org/research-insight/rent-control-tracker/
98118,Seattle,47.5301,-122.153,No,2,NMHC/Local Jurisdiction,2025,https://www.nmhc.org/research-insight/rent-control-tracker/
98119,Seattle,47.6787,-122.5039,No,2,NMHC/Local Jurisdiction,2025,https://www.nmhc.org/research-insight/rent-control-tracker/
98120,Seattle,47.503,-122.4108,No,2,NMHC/Local Jurisdiction,2025,https://www.nmhc.org/research-insight/rent-control-tracker/
98121,Seattle,47.6754,-122.3445,No,2,NMHC/Local Jurisdiction,2025,https://www.nmhc.org/research-insight/rent-control-tracker/
98122,Seattle,47.5799,-122.1603,No,2,NMHC/Local Jurisdiction,2025,https://www.nmhc.org/research-insight/rent-control-tracker/
98123,Seattle,47.4899,-122.3389,No,2,NMHC/Local Jurisdiction,2025,https://www.nmhc.org/research-insight/rent-control-tracker/
98124,Seattle,47.5505,-122.3795,No,2,NMHC/Local Jurisdiction,2025,https://www.nmhc.org/research-insight/rent-control-tracker/
98125,Seattle,47.6061,-122.2312,No,2,NMHC/Local Jurisdiction,2025,https://www.nmhc.org/research-insight/rent-control-tracker/
98126,Seattle,47.6999,-122.3046,No,2,NMHC/Local Jurisdiction,2025,https://www.nmhc.org/research-insight/rent-control-tracker/
98127,Seattle,47.457,-122.3199,No,2,NMHC/Local Jurisdiction,2025,https://www.nmhc.org/research-insight/rent-control-tracker/
98128,Seattle,47.4624,-122.4788,No,2,NMHC/Local Jurisdiction,2025,https://www.nmhc.org/research-insight/rent-control-tracker/
98129,Seattle,47.5938,-122.4359,No,2,NMHC/Local Jurisdiction,2025,https://www.nmhc.org/research-insight/rent-control-tracker/
98130,Seattle,47.6215,-122.4707,No,2,NMHC/Local Jurisdiction,2025,https://www.nmhc.org/research-insight/rent-control-tracker/
98131,Seattle,47.4666,-122.3512,No,2,NMHC/Local Jurisdiction,2025,https://www.nmhc.org/research-insight/rent-control-tracker/
98132,Seattle,47.6181,-122.245,No,2,NMHC/Local Jurisdiction,2025,https://www.nmhc.org/research-insight/rent-control-tracker/
98133,Seattle,47.4939,-122.4709,No,2,NMHC/Local Jurisdiction,2025,https://www.nmhc.org/research-insight/rent-control-tracker/
98134,Seattle,47.5725,-122.3074,No,2,NMHC/Local Jurisdiction,2025,https://www.nmhc.org/research-insight/rent-control-tracker/
98135,Seattle,47.7065,-122.4742,No,2,NMHC/Local Jurisdiction,2025,https://www.nmhc.org/research-insight/rent-control-tracker/
98136,Seattle,47.6082,-122.3517,No,2,NMHC/Local Jurisdiction,2025,https://www.nmhc.org/research-insight/rent-control-tracker/
98137,Seattle,47.6423,-122.509,No,2,NMHC/Local Jurisdiction,2025,https://www.nmhc.org/research-insight/rent-control-tracker/
98138,Seattle,47.5649,-122.5058,No,2,NMHC/Local Jurisdiction,2025,https://www.nmhc.org/research-insight/rent-control-tracker/
98139,Seattle,47.6434,-122.3681,No,2,NMHC/Local Jurisdiction,2025,https://www.nmhc.org/research-insight/rent-control-tracker/
98140,Seattle,47.6197,-122.3275,No,2,NMHC/Local Jurisdiction,2025,https://www.nmhc.org/research-insight/rent-control-tracker/
80201,Denver,39.6256,-104.8904,No,2,NMHC/Local Jurisdiction,2025,https://www.nmhc.org/research-insight/rent-control-tracker/
80202,Denver,39.7955,-105.1676,No,2,NMHC/Local Jurisdiction,2025,https://www.nmhc.org/research-insight/rent-control-tracker/
80203,Denver,39.6205,-104.9694,No,2,NMHC/Local Jurisdiction,2025,https://www.nmhc.org/research-insight/rent-control-tracker/
80204,Denver,39.6214,-104.8226,No,2,NMHC/Local Jurisdiction,2025,https://www.nmhc.org/research-insight/rent-control-tracker/
80205,Denver,39.8852,-104.971,No,2,NMHC/Local Jurisdiction,2025,https://www.nmhc.org/research-insight/rent-control-tracker/
80206,Denver,39.5892,-104.8225,No,2,NMHC/Local Jurisdiction,2025,https://www.nmhc.org/research-insight/rent-control-tracker/
80207,Denver,39.7636,-105.0675,No,2,NMHC/Local Jurisdiction,2025,https://www.nmhc.org/research-insight/rent-control-tracker/
80208,Denver,39.7129,-105.1077,No,2,NMHC/Local Jurisdiction,2025,https://www.nmhc.org/research-insight/rent-control-tracker/
80209,Denver,39.7826,-105.024,No,2,NMHC/Local Jurisdiction,2025,https://www.nmhc.org/research-insight/rent-control-tracker/
80210,Denver,39.7974,-104.8199,No,2,NMHC/Local Jurisdiction,2025,https://www.nmhc.org/research-insight/rent-control-tracker/
80211,Denver,39.8421,-105.1424,No,2,NMHC/Local Jurisdiction,2025,https://www.nmhc.org/research-insight/rent-control-tracker/
80212,Denver,39.7524,-105.0872,No,2,NMHC/Local Jurisdiction,2025,https://www.nmhc.org/research-insight/rent-control-tracker/
80213,Denver,39.7777,-104.9079,No,2,NMHC/Local Jurisdiction,2025,https://www.nmhc.org/research-insight/rent-control-tracker/
80214,Denver,39.6262,-105.0972,No,2,NMHC/Local Jurisdiction,2025,https://www.nmhc.org/research-insight/rent-control-tracker/
80215,Denver,39.6144,-104.9171,No,2,NMHC/Local Jurisdiction,2025,https://www.nmhc.org/research-insight/rent-control-tracker/
80216,Denver,39.8482,-105.1308,No,2,NMHC/Local Jurisdiction,2025,https://www.nmhc.org/research-insight/rent-control-tracker/
80217,Denver,39.6421,-104.9933,No,2,NMHC/Local Jurisdiction,2025,https://www.nmhc.org/research-insight/rent-control-tracker/
80218,Denver,39.87,-105.1205,No,2,NMHC/Local Jurisdiction,2025,https://www.nmhc.org/research-insight/rent-control-tracker/
80219,Denver,39.7441,-104.9701,No,2,NMHC/Local Jurisdiction,2025,https://www.nmhc.org/research-insight/rent-control-tracker/
80220,Denver,39.8626,-105.0258,No,2,NMHC/Local Jurisdiction,2025,https://www.nmhc.org/research-insight/rent-control-tracker/
80221,Denver,39.6695,-104.8716,No,2,NMHC/Local Jurisdiction,2025,https://www.nmhc.org/research-insight/rent-control-tracker/
80222,Denver,39.751,-105.0555,No,2,NMHC/Local Jurisdiction,2025,https://www.nmhc.org/research-insight/rent-control-tracker/
80223,Denver,39.7075,-104.9194,No,2,NMHC/Local Jurisdiction,2025,https://www.nmhc.org/research-insight/rent-control-tracker/
80224,Denver,39.6004,-104.9767,No,2,NMHC/Local Jurisdiction,2025,https://www.nmhc.org/research-insight/rent-control-tracker/
80225,Denver,39.7674,-105.0961,No,2,NMHC/Local Jurisdiction,2025,https://www.nmhc.org/research-insight/rent-control-tracker/
80226,Denver,39.8197,-104.8277,No,2,NMHC/Local Jurisdiction,2025,https://www.nmhc.org/research-insight/rent-control-tracker/
80227,Denver,39.7255,-105.1182,No,2,NMHC/Local Jurisdiction,2025,https://www.nmhc.org/research-insight/rent-control-tracker/
80228,Denver,39.7241,-104.8297,No,2,NMHC/Local Jurisdiction,2025,https://www.nmhc.org/research-insight/rent-control-tracker/
80229,Denver,39.8002,-104.858,No,2,NMHC/Local Jurisdiction,2025,https://www.nmhc.org/research-insight/rent-control-tracker/
80230,Denver,39.8066,-105.1441,No,2,NMHC/Local Jurisdiction,2025,https://www.nmhc.org/research-insight/rent-control-tracker/
80231,Denver,39.7183,-105.0303,No,2,NMHC/Local Jurisdiction,2025,https://www.nmhc.org/research-insight/rent-control-tracker/
80232,Denver,39.6139,-104.8504,No,2,NMHC/Local Jurisdiction,2025,https://www.nmhc.org/research-insight/rent-control-tracker/
80233,Denver,39.8433,-104.9956,No,2,NMHC/Local Jurisdiction,2025,https://www.nmhc.org/research-insight/rent-control-tracker/
80234,Denver,39.711,-104.9693,No,2,NMHC/Local Jurisdiction,2025,https://www.nmhc.org/research-insight/rent-control-tracker/
80235,Denver,39.6442,-105.056,No,2,NMHC/Local Jurisdiction,2025,https://www.nmhc.org/research-insight/rent-control-tracker/
80236,Denver,39.7299,-105.025,No,2,NMHC/Local Jurisdiction,2025,https://www.nmhc.org/research-insight/rent-control-tracker/
80237,Denver,39.747,-105.0579,No,2,NMHC/Local Jurisdiction,2025,https://www.nmhc.org/research-insight/rent-control-tracker/
80238,Denver,39.6272,-104.8347,No,2,NMHC/Local Jurisdiction,2025,https://www.nmhc.org/research-insight/rent-control-tracker/
80239,Denver,39.7318,-104.8504,No,2,NMHC/Local Jurisdiction,2025,https://www.nmhc.org/research-insight/rent-control-tracker/
80240,Denver,39.8095,-105.1393,No,2,NMHC/Local Jurisdiction,2025,https://www.nmhc.org/research-insight/rent-control-tracker/
37201,Nashville,36.0208,-86.6646,No,2,NMHC/Local Jurisdiction,2025,https://www.nmhc.org/research-insight/rent-control-tracker/
37202,Nashville,36.0437,-86.8936,No,2,NMHC/Local Jurisdiction,2025,https://www.nmhc.org/research-insight/rent-control-tracker/
37203,Nashville,36.2552,-86.9376,No,2,NMHC/Local Jurisdiction,2025,https://www.nmhc.org/research-insight/rent-control-tracker/
37204,Nashville,36.061,-86.7206,No,2,NMHC/Local Jurisdiction,2025,https://www.nmhc.org/research-insight/rent-control-tracker/
37205,Nashville,36.273,-86.7606,No,2,NMHC/Local Jurisdiction,2025,https://www.nmhc.org/research-insight/rent-control-tracker/
37206,Nashville,36.0539,-86.9444,No,2,NMHC/Local Jurisdiction,2025,https://www.nmhc.org/research-insight/rent-control-tracker/
37207,Nashville,36.1991,-86.8882,No,2,NMHC/Local Jurisdiction,2025,https://www.nmhc.org/research-insight/rent-control-tracker/
37208,Nashville,36.1133,-86.8843,No,2,NMHC/Local Jurisdiction,2025,https://www.nmhc.org/research-insight/rent-control-tracker/
37209,Nashville,36.0776,-86.7782,No,2,NMHC/Local Jurisdiction,2025,https://www.nmhc.org/research-insight/rent-control-tracker/
37210,Nashville,36.0648,-86.7019,No,2,NMHC/Local Jurisdiction,2025,https://www.nmhc.org/research-insight/rent-control-tracker/
37211,Nashville,36.1831,-86.7614,No,2,NMHC/Local Jurisdiction,2025,https://www.nmhc.org/research-insight/rent-control-tracker/
37212,Nashville,36.2249,-86.8918,No,2,NMHC/Local Jurisdiction,2025,https://www.nmhc.org/research-insight/rent-control-tracker/
37213,Nashville,36.1193,-86.6146,No,2,NMHC/Local Jurisdiction,2025,https://www.nmhc.org/research-insight/rent-control-tracker/
37214,Nashville,36.2372,-86.9343,No,2,NMHC/Local Jurisdiction,2025,https://www.nmhc.org/research-insight/rent-control-tracker/
37215,Nashville,36.1308,-86.804,No,2,NMHC/Local Jurisdiction,2025,https://www.nmhc.org/research-insight/rent-control-tracker/
37216,Nashville,36.1976,-86.8175,No,2,NMHC/Local Jurisdiction,2025,https://www.nmhc.org/research-insight/rent-control-tracker/
37217,Nashville,36.047,-86.7987,No,2,NMHC/Local Jurisdiction,2025,https://www.nmhc.org/research-insight/rent-control-tracker/
37218,Nashville,36.0669,-86.7894,No,2,NMHC/Local Jurisdiction,2025,https://www.nmhc.org/research-insight/rent-control-tracker/
37219,Nashville,36.2677,-86.8998,No,2,NMHC/Local Jurisdiction,2025,https://www.nmhc.org/research-insight/rent-control-tracker/
37220,Nashville,36.0888,-86.7075,No,2,NMHC/Local Jurisdiction,2025,https://www.nmhc.org/research-insight/rent-control-tracker/
37221,Nashville,36.0932,-86.8885,No,2,NMHC/Local Jurisdiction,2025,https://www.nmhc.org/research-insight/rent-control-tracker/
37222,Nashville,36.0957,-86.7309,No,2,NMHC/Local Jurisdiction,2025,https://www.nmhc.org/research-insight/rent-control-tracker/
37223,Nashville,36.1804,-86.9233,No,2,NMHC/Local Jurisdiction,2025,https://www.nmhc.org/research-insight/rent-control-tracker/
37224,Nashville,36.1991,-86.8106,No,2,NMHC/Local Jurisdiction,2025,https://www.nmhc.org/research-insight/rent-control-tracker/
37225,Nashville,36.0932,-86.9133,No,2,NMHC/Local Jurisdiction,2025,https://www.nmhc.org/research-insight/rent-control-tracker/
37226,Nashville,36.0599,-86.712,No,2,NMHC/Local Jurisdiction,2025,https://www.nmhc.org/research-insight/rent-control-tracker/
37227,Nashville,36.2288,-86.9448,No,2,NMHC/Local Jurisdiction,2025,https://www.nmhc.org/research-insight/rent-control-tracker/
37228,Nashville,36.032,-86.7091,No,2,NMHC/Local Jurisdiction,2025,https://www.nmhc.org/research-insight/rent-control-tracker/
37229,Nashville,36.0883,-86.6111,No,2,NMHC/Local Jurisdiction,2025,https://www.nmhc.org/research-insight/rent-control-tracker/
37230,Nashville,36.1872,-86.8513,No,2,NMHC/Local Jurisdiction,2025,https://www.nmhc.org/research-insight/rent-control-tracker/
37231,Nashville,36.2605,-86.9274,No,2,NMHC/Local Jurisdiction,2025,https://www.nmhc.org/research-insight/rent-control-tracker/
37232,Nashville,36.2478,-86.6341,No,2,NMHC/Local Jurisdiction,2025,https://www.nmhc.org/research-insight/rent-control-tracker/
37233,Nashville,36.3052,-86.6856,No,2,NMHC/Local Jurisdiction,2025,https://www.nmhc.org/research-insight/rent-control-tracker/
37234,Nashville,36.0397,-86.6274,No,2,NMHC/Local Jurisdiction,2025,https://www.nmhc.org/research-insight/rent-control-tracker/
37235,Nashville,36.1547,-86.957,No,2,NMHC/Local Jurisdiction,2025,https://www.nmhc.org/research-insight/rent-control-tracker/
73101,Oklahoma City,35.6037,-97.591,No,2,NMHC/Local Jurisdiction,2025,https://www.nmhc.org/research-insight/rent-control-tracker/
73102,Oklahoma City,35.4681,-97.3571,No,2,NMHC/Local Jurisdiction,2025,https://www.nmhc.org/research-insight/rent-control-tracker/
73103,Oklahoma City,35.4548,-97.6706,No,2,NMHC/Local Jurisdiction,2025,https://www.nmhc.org/research-insight/rent-control-tracker/
73104,Oklahoma City,35.4168,-97.4255,No,2,NMHC/Local Jurisdiction,2025,https://www.nmhc.org/research-insight/rent-control-tracker/
73105,Oklahoma City,35.4295,-97.4105,No,2,NMHC/Local Jurisdiction,2025,https://www.nmhc.org/research-insight/rent-control-tracker/
73106,Oklahoma City,35.5475,-97.6195,No,2,NMHC/Local Jurisdiction,2025,https://www.nmhc.org/research-insight/rent-control-tracker/
73107,Oklahoma City,35.5533,-97.6583,No,2,NMHC/Local Jurisdiction,2025,https://www.nmhc.org/research-insight/rent-control-tracker/
73108,Oklahoma City,35.3279,-97.5559,No,2,NMHC/Local Jurisdiction,2025,https://www.nmhc.org/research-insight/rent-control-tracker/
73109,Oklahoma City,35.4958,-97.3883,No,2,NMHC/Local Jurisdiction,2025,https://www.nmhc.org/research-insight/rent-control-tracker/
73110,Oklahoma City,35.4209,-97.4156,No,2,NMHC/Local Jurisdiction,2025,https://www.nmhc.org/research-insight/rent-control-tracker/
73111,Oklahoma City,35.5567,-97.6376,No,2,NMHC/Local Jurisdiction,2025,https://www.nmhc.org/research-insight/rent-control-tracker/
73112,Oklahoma City,35.3984,-97.5047,No,2,NMHC/Local Jurisdiction,2025,https://www.nmhc.org/research-insight/rent-control-tracker/
73113,Oklahoma City,35.5518,-97.4942,No,2,NMHC/Local Jurisdiction,2025,https://www.nmhc.org/research-insight/rent-control-tracker/
73114,Oklahoma City,35.3548,-97.4308,No,2,NMHC/Local Jurisdiction,2025,https://www.nmhc.org/research-insight/rent-control-tracker/
73115,Oklahoma City,35.5467,-97.4573,No,2,NMHC/Local Jurisdiction,2025,https://www.nmhc.org/research-insight/rent-control-tracker/
73116,Oklahoma City,35.4305,-97.5983,No,2,NMHC/Local Jurisdiction,2025,https://www.nmhc.org/research-insight/rent-control-tracker/
73117,Oklahoma City,35.5923,-97.652,No,2,NMHC/Local Jurisdiction,2025,https://www.nmhc.org/research-insight/rent-control-tracker/
73118,Oklahoma City,35.3641,-97.637,No,2,NMHC/Local Jurisdiction,2025,https://www.nmhc.org/research-insight/rent-control-tracker/
73119,Oklahoma City,35.5716,-97.4115,No,2,NMHC/Local Jurisdiction,2025,https://www.nmhc.org/research-insight/rent-control-tracker/
73120,Oklahoma City,35.4239,-97.5125,No,2,NMHC/Local Jurisdiction,2025,https://www.nmhc.org/research-insight/rent-control-tracker/
73121,Oklahoma City,35.3321,-97.6073,No,2,NMHC/Local Jurisdiction,2025,https://www.nmhc.org/research-insight/rent-control-tracker/
73122,Oklahoma City,35.3422,-97.6863,No,2,NMHC/Local Jurisdiction,2025,https://www.nmhc.org/research-insight/rent-control-tracker/
73123,Oklahoma City,35.4703,-97.5255,No,2,NMHC/Local Jurisdiction,2025,https://www.nmhc.org/research-insight/rent-control-tracker/
73124,Oklahoma City,35.4068,-97.4963,No,2,NMHC/Local Jurisdiction,2025,https://www.nmhc.org/research-insight/rent-control-tracker/
73125,Oklahoma City,35.336,-97.5992,No,2,NMHC/Local Jurisdiction,2025,https://www.nmhc.org/research-insight/rent-control-tracker/
20001,DC Metro,38.8522,-76.9887,Yes - Moderate,6,NMHC/Local Jurisdiction,2025,https://www.nmhc.org/research-insight/rent-control-tracker/
20002,DC Metro,39.0445,-77.0157,Yes - Moderate,6,NMHC/Local Jurisdiction,2025,https://www.nmhc.org/research-insight/rent-control-tracker/
20003,DC Metro,38.9831,-77.2136,Yes - Moderate,6,NMHC/Local Jurisdiction,2025,https://www.nmhc.org/research-insight/rent-control-tracker/
20004,DC Metro,38.9602,-77.0049,Yes - Moderate,6,NMHC/Local Jurisdiction,2025,https://www.nmhc.org/research-insight/rent-control-tracker/
20005,DC Metro,38.9425,-77.149,Yes - Moderate,6,NMHC/Local Jurisdiction,2025,https://www.nmhc.org/research-insight/rent-control-tracker/
20006,DC Metro,39.0088,-77.1003,Yes - Moderate,6,NMHC/Local Jurisdiction,2025,https://www.nmhc.org/research-insight/rent-control-tracker/
20007,DC Metro,38.872,-76.8676,Yes - Moderate,6,NMHC/Local Jurisdiction,2025,https://www.nmhc.org/research-insight/rent-control-tracker/
20008,DC Metro,38.9171,-76.9756,Yes - Moderate,6,NMHC/Local Jurisdiction,2025,https://www.nmhc.org/research-insight/rent-control-tracker/
20009,DC Metro,38.7857,-77.0455,Yes - Moderate,6,NMHC/Local Jurisdiction,2025,https://www.nmhc.org/research-insight/rent-control-tracker/
20010,DC Metro,38.7584,-76.9012,Yes - Moderate,6,NMHC/Local Jurisdiction,2025,https://www.nmhc.org/research-insight/rent-control-tracker/
20011,DC Metro,38.794,-77.2078,Yes - Moderate,6,NMHC/Local Jurisdiction,2025,https://www.nmhc.org/research-insight/rent-control-tracker/
20012,DC Metro,38.7665,-76.9568,Yes - Moderate,6,NMHC/Local Jurisdiction,2025,https://www.nmhc.org/research-insight/rent-control-tracker/
20013,DC Metro,38.9812,-76.995,Yes - Moderate,6,NMHC/Local Jurisdiction,2025,https://www.nmhc.org/research-insight/rent-control-tracker/
20014,DC Metro,39.0348,-77.0962,Yes - Moderate,6,NMHC/Local Jurisdiction,2025,https://www.nmhc.org/research-insight/rent-control-tracker/
20015,DC Metro,38.9911,-77.1869,Yes - Moderate,6,NMHC/Local Jurisdiction,2025,https://www.nmhc.org/research-insight/rent-control-tracker/
20016,DC Metro,38.8253,-76.9366,Yes - Moderate,6,NMHC/Local Jurisdiction,2025,https://www.nmhc.org/research-insight/rent-control-tracker/
20017,DC Metro,38.9662,-76.977,Yes - Moderate,6,NMHC/Local Jurisdiction,2025,https://www.nmhc.org/research-insight/rent-control-tracker/
20018,DC Metro,38.8646,-77.21,Yes - Moderate,6,NMHC/Local Jurisdiction,2025,https://www.nmhc.org/research-insight/rent-control-tracker/
20019,DC Metro,38.9553,-76.8956,Yes - Moderate,6,NMHC/Local Jurisdiction,2025,https://www.nmhc.org/research-insight/rent-control-tracker/
20020,DC Metro,38.7979,-77.1619,Yes - Moderate,6,NMHC/Local Jurisdiction,2025,https://www.nmhc.org/research-insight/rent-control-tracker/
20021,DC Metro,39.0079,-77.1623,Yes - Moderate,6,NMHC/Local Jurisdiction,2025,https://www.nmhc.org/research-insight/rent-control-tracker/
20022,DC Metro,38.9866,-77.0719,Yes - Moderate,6,NMHC/Local Jurisdiction,2025,https://www.nmhc.org/research-insight/rent-control-tracker/
20023,DC Metro,38.9536,-77.156,Yes - Moderate,6,NMHC/Local Jurisdiction,2025,https://www.nmhc.org/research-insight/rent-control-tracker/
20024,DC Metro,38.8401,-77.1032,Yes - Moderate,6,NMHC/Local Jurisdiction,2025,https://www.nmhc.org/research-insight/rent-control-tracker/
20025,DC Metro,38.7892,-77.0699,Yes - Moderate,6,NMHC/Local Jurisdiction,2025,https://www.nmhc.org/research-insight/rent-control-tracker/
20026,DC Metro,38.9616,-77.1038,Yes - Moderate,6,NMHC/Local Jurisdiction,2025,https://www.nmhc.org/research-insight/rent-control-tracker/
20027,DC Metro,38.8274,-77.1586,Yes - Moderate,6,NMHC/Local Jurisdiction,2025,https://www.nmhc.org/research-insight/rent-control-tracker/
20028,DC Metro,39.0115,-77.1344,Yes - Moderate,6,NMHC/Local Jurisdiction,2025,https://www.nmhc.org/research-insight/rent-control-tracker/
20029,DC Metro,38.8472,-76.9973,Yes - Moderate,6,NMHC/Local Jurisdiction,2025,https://www.nmhc.org/research-insight/rent-control-tracker/
20030,DC Metro,38.9185,-77.1125,Yes - Moderate,6,NMHC/Local Jurisdiction,2025,https://www.nmhc.org/research-insight/rent-control-tracker/
20031,DC Metro,38.7612,-77.1986,Yes - Moderate,6,NMHC/Local Jurisdiction,2025,https://www.nmhc.org/research-insight/rent-control-tracker/
20032,DC Metro,38.7593,-77.1012,Yes - Moderate,6,NMHC/Local Jurisdiction,2025,https://www.nmhc.org/research-insight/rent-control-tracker/
20033,DC Metro,38.7699,-77.1005,Yes - Moderate,6,NMHC/Local Jurisdiction,2025,https://www.nmhc.org/research-insight/rent-control-tracker/
20034,DC Metro,38.9067,-76.9561,Yes - Moderate,6,NMHC/Local Jurisdiction,2025,https://www.nmhc.org/research-insight/rent-control-tracker/
20035,DC Metro,38.7968,-76.9933,Yes - Moderate,6,NMHC/Local Jurisdiction,2025,https://www.nmhc.org/research-insight/rent-control-tracker/
20036,DC Metro,38.7817,-76.9203,Yes - Moderate,6,NMHC/Local Jurisdiction,2025,https://www.nmhc.org/research-insight/rent-control-tracker/
20037,DC Metro,38.8108,-76.8749,Yes - Moderate,6,NMHC/Local Jurisdiction,2025,https://www.nmhc.org/research-insight/rent-control-tracker/
20038,DC Metro,38.9192,-77.2011,Yes - Moderate,6,NMHC/Local Jurisdiction,2025,https://www.nmhc.org/research-insight/rent-control-tracker/
20039,DC Metro,38.8452,-77.1042,Yes - Moderate,6,NMHC/Local Jurisdiction,2025,https://www.nmhc.org/research-insight/rent-control-tracker/
20040,DC Metro,38.8013,-77.0232,Yes - Moderate,6,NMHC/Local Jurisdiction,2025,https://www.nmhc.org/research-insight/rent-control-tracker/
20041,DC Metro,38.7759,-77.015,Yes - Moderate,6,NMHC/Local Jurisdiction,2025,https://www.nmhc.org/research-insight/rent-control-tracker/
20042,DC Metro,38.8429,-77.0214,Yes - Moderate,6,NMHC/Local Jurisdiction,2025,https://www.nmhc.org/research-insight/rent-control-tracker/
20043,DC Metro,38.9096,-76.9566,Yes - Moderate,6,NMHC/Local Jurisdiction,2025,https://www.nmhc.org/research-insight/rent-control-tracker/
20044,DC Metro,38.9256,-77.0429,Yes - Moderate,6,NMHC/Local Jurisdiction,2025,https://www.nmhc.org/research-insight/rent-control-tracker/
20045,DC Metro,38.9869,-77.1316,Yes - Moderate,6,NMHC/Local Jurisdiction,2025,https://www.nmhc.org/research-insight/rent-control-tracker/
02101,Boston,42.2888,-71.2358,Yes - Moderate,6,NMHC/Local Jurisdiction,2025,https://www.nmhc.org/research-insight/rent-control-tracker/
02102,Boston,42.3949,-71.127,Yes - Moderate,6,NMHC/Local Jurisdiction,2025,https://www.nmhc.org/research-insight/rent-control-tracker/
02103,Boston,42.4624,-71.2124,Yes - Moderate,6,NMHC/Local Jurisdiction,2025,https://www.nmhc.org/research-insight/rent-control-tracker/
02104,Boston,42.3011,-70.971,Yes - Moderate,6,NMHC/Local Jurisdiction,2025,https://www.nmhc.org/research-insight/rent-control-tracker/
02105,Boston,42.3122,-70.9078,Yes - Moderate,6,NMHC/Local Jurisdiction,2025,https://www.nmhc.org/research-insight/rent-control-tracker/
02106,Boston,42.4218,-71.1243,Yes - Moderate,6,NMHC/Local Jurisdiction,2025,https://www.nmhc.org/research-insight/rent-control-tracker/
02107,Boston,42.2993,-71.057,Yes - Moderate,6,NMHC/Local Jurisdiction,2025,https://www.nmhc.org/research-insight/rent-control-tracker/
02108,Boston,42.4827,-70.9577,Yes - Moderate,6,NMHC/Local Jurisdiction,2025,https://www.nmhc.org/research-insight/rent-control-tracker/
02109,Boston,42.3871,-71.0184,Yes - Moderate,6,NMHC/Local Jurisdiction,2025,https://www.nmhc.org/research-insight/rent-control-tracker/
02110,Boston,42.2128,-71.1224,Yes - Moderate,6,NMHC/Local Jurisdiction,2025,https://www.nmhc.org/research-insight/rent-control-tracker/
02111,Boston,42.2683,-71.1002,Yes - Moderate,6,NMHC/Local Jurisdiction,2025,https://www.nmhc.org/research-insight/rent-control-tracker/
02112,Boston,42.229,-71.074,Yes - Moderate,6,NMHC/Local Jurisdiction,2025,https://www.nmhc.org/research-insight/rent-control-tracker/
02113,Boston,42.4654,-70.9379,Yes - Moderate,6,NMHC/Local Jurisdiction,2025,https://www.nmhc.org/research-insight/rent-control-tracker/
02114,Boston,42.2752,-71.0315,Yes - Moderate,6,NMHC/Local Jurisdiction,2025,https://www.nmhc.org/research-insight/rent-control-tracker/
02115,Boston,42.4287,-71.09,Yes - Moderate,6,NMHC/Local Jurisdiction,2025,https://www.nmhc.org/research-insight/rent-control-tracker/
02116,Boston,42.4749,-70.9787,Yes - Moderate,6,NMHC/Local Jurisdiction,2025,https://www.nmhc.org/research-insight/rent-control-tracker/
02117,Boston,42.4059,-71.1689,Yes - Moderate,6,NMHC/Local Jurisdiction,2025,https://www.nmhc.org/research-insight/rent-control-tracker/
02118,Boston,42.2179,-71.1725,Yes - Moderate,6,NMHC/Local Jurisdiction,2025,https://www.nmhc.org/research-insight/rent-control-tracker/
02119,Boston,42.2587,-70.8882,Yes - Moderate,6,NMHC/Local Jurisdiction,2025,https://www.nmhc.org/research-insight/rent-control-tracker/
02120,Boston,42.3015,-70.9349,Yes - Moderate,6,NMHC/Local Jurisdiction,2025,https://www.nmhc.org/research-insight/rent-control-tracker/
02121,Boston,42.4944,-71.2319,Yes - Moderate,6,NMHC/Local Jurisdiction,2025,https://www.nmhc.org/research-insight/rent-control-tracker/
02122,Boston,42.5039,-70.929,Yes - Moderate,6,NMHC/Local Jurisdiction,2025,https://www.nmhc.org/research-insight/rent-control-tracker/
02123,Boston,42.4874,-70.887,Yes - Moderate,6,NMHC/Local Jurisdiction,2025,https://www.nmhc.org/research-insight/rent-control-tracker/
02124,Boston,42.3576,-71.1333,Yes - Moderate,6,NMHC/Local Jurisdiction,2025,https://www.nmhc.org/research-insight/rent-control-tracker/
02125,Boston,42.2331,-71.1867,Yes - Moderate,6,NMHC/Local Jurisdiction,2025,https://www.nmhc.org/research-insight/rent-control-tracker/
02126,Boston,42.4779,-70.9171,Yes - Moderate,6,NMHC/Local Jurisdiction,2025,https://www.nmhc.org/research-insight/rent-control-tracker/
02127,Boston,42.4419,-71.1238,Yes - Moderate,6,NMHC/Local Jurisdiction,2025,https://www.nmhc.org/research-insight/rent-control-tracker/
02128,Boston,42.3162,-70.9911,Yes - Moderate,6,NMHC/Local Jurisdiction,2025,https://www.nmhc.org/research-insight/rent-control-tracker/
02129,Boston,42.3318,-71.0208,Yes - Moderate,6,NMHC/Local Jurisdiction,2025,https://www.nmhc.org/research-insight/rent-control-tracker/
02130,Boston,42.2201,-71.1511,Yes - Moderate,6,NMHC/Local Jurisdiction,2025,https://www.nmhc.org/research-insight/rent-control-tracker/
02131,Boston,42.2459,-71.0242,Yes - Moderate,6,NMHC/Local Jurisdiction,2025,https://www.nmhc.org/research-insight/rent-control-tracker/
02132,Boston,42.4292,-71.0688,Yes - Moderate,6,NMHC/Local Jurisdiction,2025,https://www.nmhc.org/research-insight/rent-control-tracker/
02133,Boston,42.3126,-70.8861,Yes - Moderate,6,NMHC/Local Jurisdiction,2025,https://www.nmhc.org/research-insight/rent-control-tracker/
02134,Boston,42.4447,-70.9739,Yes - Moderate,6,NMHC/Local Jurisdiction,2025,https://www.nmhc.org/research-insight/rent-control-tracker/
02135,Boston,42.2554,-71.0226,Yes - Moderate,6,NMHC/Local Jurisdiction,2025,https://www.nmhc.org/research-insight/rent-control-tracker/
02136,Boston,42.3511,-70.9958,Yes - Moderate,6,NMHC/Local Jurisdiction,2025,https://www.nmhc.org/research-insight/rent-control-tracker/
02137,Boston,42.4714,-71.1196,Yes - Moderate,6,NMHC/Local Jurisdiction,2025,https://www.nmhc.org/research-insight/rent-control-tracker/
02138,Boston,42.3347,-71.1223,Yes - Moderate,6,NMHC/Local Jurisdiction,2025,https://www.nmhc.org/research-insight/rent-control-tracker/
02139,Boston,42.4636,-70.9143,Yes - Moderate,6,NMHC/Local Jurisdiction,2025,https://www.nmhc.org/research-insight/rent-control-tracker/
02140,Boston,42.3181,-71.1547,Yes - Moderate,6,NMHC/Local Jurisdiction,2025,https://www.nmhc.org/research-insight/rent-control-tracker/
89101,Las Vegas,36.0881,-115.066,No,2,NMHC/Local Jurisdiction,2025,https://www.nmhc.org/research-insight/rent-control-tracker/
89102,Las Vegas,36.1985,-115.2699,No,2,NMHC/Local Jurisdiction,2025,https://www.nmhc.org/research-insight/rent-control-tracker/
89103,Las Vegas,36.1595,-115.116,No,2,NMHC/Local Jurisdiction,2025,https://www.nmhc.org/research-insight/rent-control-tracker/
89104,Las Vegas,36.0799,-115.1755,No,2,NMHC/Local Jurisdiction,2025,https://www.nmhc.org/research-insight/rent-control-tracker/
89105,Las Vegas,36.0909,-115.203,No,2,NMHC/Local Jurisdiction,2025,https://www.nmhc.org/research-insight/rent-control-tracker/
89106,Las Vegas,36.2842,-115.2977,No,2,NMHC/Local Jurisdiction,2025,https://www.nmhc.org/research-insight/rent-control-tracker/
89107,Las Vegas,36.0821,-114.966,No,2,NMHC/Local Jurisdiction,2025,https://www.nmhc.org/research-insight/rent-control-tracker/
89108,Las Vegas,36.0827,-115.2645,No,2,NMHC/Local Jurisdiction,2025,https://www.nmhc.org/research-insight/rent-control-tracker/
89109,Las Vegas,36.2104,-115.2103,No,2,NMHC/Local Jurisdiction,2025,https://www.nmhc.org/research-insight/rent-control-tracker/
89110,Las Vegas,36.2844,-115.1276,No,2,NMHC/Local Jurisdiction,2025,https://www.nmhc.org/research-insight/rent-control-tracker/
89111,Las Vegas,36.3006,-115.2032,No,2,NMHC/Local Jurisdiction,2025,https://www.nmhc.org/research-insight/rent-control-tracker/
89112,Las Vegas,36.1278,-115.1449,No,2,NMHC/Local Jurisdiction,2025,https://www.nmhc.org/research-insight/rent-control-tracker/
89113,Las Vegas,36.0502,-115.2217,No,2,NMHC/Local Jurisdiction,2025,https://www.nmhc.org/research-insight/rent-control-tracker/
89114,Las Vegas,36.2666,-115.2042,No,2,NMHC/Local Jurisdiction,2025,https://www.nmhc.org/research-insight/rent-control-tracker/
89115,Las Vegas,36.1032,-114.983,No,2,NMHC/Local Jurisdiction,2025,https://www.nmhc.org/research-insight/rent-control-tracker/
89116,Las Vegas,36.1385,-114.975,No,2,NMHC/Local Jurisdiction,2025,https://www.nmhc.org/research-insight/rent-control-tracker/
89117,Las Vegas,36.301,-115.2698,No,2,NMHC/Local Jurisdiction,2025,https://www.nmhc.org/research-insight/rent-control-tracker/
89118,Las Vegas,36.2468,-115.2981,No,2,NMHC/Local Jurisdiction,2025,https://www.nmhc.org/research-insight/rent-control-tracker/
89119,Las Vegas,36.1507,-115.0383,No,2,NMHC/Local Jurisdiction,2025,https://www.nmhc.org/research-insight/rent-control-tracker/
89120,Las Vegas,36.1585,-115.102,No,2,NMHC/Local Jurisdiction,2025,https://www.nmhc.org/research-insight/rent-control-tracker/
89121,Las Vegas,36.3044,-115.2709,No,2,NMHC/Local Jurisdiction,2025,https://www.nmhc.org/research-insight/rent-control-tracker/
89122,Las Vegas,36.0702,-115.2357,No,2,NMHC/Local Jurisdiction,2025,https://www.nmhc.org/research-insight/rent-control-tracker/
89123,Las Vegas,36.222,-115.2371,No,2,NMHC/Local Jurisdiction,2025,https://www.nmhc.org/research-insight/rent-control-tracker/
89124,Las Vegas,36.0827,-115.0777,No,2,NMHC/Local Jurisdiction,2025,https://www.nmhc.org/research-insight/rent-control-tracker/
89125,Las Vegas,36.103,-114.9972,No,2,NMHC/Local Jurisdiction,2025,https://www.nmhc.org/research-insight/rent-control-tracker/
89126,Las Vegas,36.1679,-115.2606,No,2,NMHC/Local Jurisdiction,2025,https://www.nmhc.org/research-insight/rent-control-tracker/
89127,Las Vegas,36.1609,-115.3072,No,2,NMHC/Local Jurisdiction,2025,https://www.nmhc.org/research-insight/rent-control-tracker/
89128,Las Vegas,36.2017,-115.1096,No,2,NMHC/Local Jurisdiction,2025,https://www.nmhc.org/research-insight/rent-control-tracker/
89129,Las Vegas,36.2464,-115.2331,No,2,NMHC/Local Jurisdiction,2025,https://www.nmhc.org/research-insight/rent-control-tracker/
89130,Las Vegas,36.1026,-115.2511,No,2,NMHC/Local Jurisdiction,2025,https://www.nmhc.org/research-insight/rent-control-tracker/
89131,Las Vegas,36.2754,-115.027,No,2,NMHC/Local Jurisdiction,2025,https://www.nmhc.org/research-insight/rent-control-tracker/
89132,Las Vegas,36.1857,-115.0072,No,2,NMHC/Local Jurisdiction,2025,https://www.nmhc.org/research-insight/rent-control-tracker/
89133,Las Vegas,36.13,-115.0453,No,2,NMHC/Local Jurisdiction,2025,https://www.nmhc.org/research-insight/rent-control-tracker/
89134,Las Vegas,36.0332,-115.2496,No,2,NMHC/Local Jurisdiction,2025,https://www.nmhc.org/research-insight/rent-control-tracker/
89135,Las Vegas,36.0297,-115.299,No,2,NMHC/Local Jurisdiction,2025,https://www.nmhc.org/research-insight/rent-control-tracker/
38101,Memphis,35.0347,-90.0124,No,2,NMHC/Local Jurisdiction,2025,https://www.nmhc.org/research-insight/rent-control-tracker/
38102,Memphis,35.294,-90.0607,No,2,NMHC/Local Jurisdiction,2025,https://www.nmhc.org/research-insight/rent-control-tracker/
38103,Memphis,35.2591,-90.1138,No,2,NMHC/Local Jurisdiction,2025,https://www.nmhc.org/research-insight/rent-control-tracker/
38104,Memphis,35.1223,-90.0692,No,2,NMHC/Local Jurisdiction,2025,https://www.nmhc.org/research-insight/rent-control-tracker/
38105,Memphis,35.2454,-90.124,No,2,NMHC/Local Jurisdiction,2025,https://www.nmhc.org/research-insight/rent-control-tracker/
38106,Memphis,35.0063,-89.9722,No,2,NMHC/Local Jurisdiction,2025,https://www.nmhc.org/research-insight/rent-control-tracker/
38107,Memphis,35.1312,-90.0383,No,2,NMHC/Local Jurisdiction,2025,https://www.nmhc.org/research-insight/rent-control-tracker/
38108,Memphis,35.299,-90.2098,No,2,NMHC/Local Jurisdiction,2025,https://www.nmhc.org/research-insight/rent-control-tracker/
38109,Memphis,35.2124,-90.1748,No,2,NMHC/Local Jurisdiction,2025,https://www.nmhc.org/research-insight/rent-control-tracker/
38110,Memphis,35.1476,-89.9807,No,2,NMHC/Local Jurisdiction,2025,https://www.nmhc.org/research-insight/rent-control-tracker/
38111,Memphis,35.2569,-89.9095,No,2,NMHC/Local Jurisdiction,2025,https://www.nmhc.org/research-insight/rent-control-tracker/
38112,Memphis,35.2609,-90.1995,No,2,NMHC/Local Jurisdiction,2025,https://www.nmhc.org/research-insight/rent-control-tracker/
38113,Memphis,35.138,-90.0297,No,2,NMHC/Local Jurisdiction,2025,https://www.nmhc.org/research-insight/rent-control-tracker/
38114,Memphis,35.0541,-90.0841,No,2,NMHC/Local Jurisdiction,2025,https://www.nmhc.org/research-insight/rent-control-tracker/
38115,Memphis,35.2038,-90.1041,No,2,NMHC/Local Jurisdiction,2025,https://www.nmhc.org/research-insight/rent-control-tracker/
38116,Memphis,35.0455,-89.971,No,2,NMHC/Local Jurisdiction,2025,https://www.nmhc.org/research-insight/rent-control-tracker/
38117,Memphis,35.232,-90.0571,No,2,NMHC/Local Jurisdiction,2025,https://www.nmhc.org/research-insight/rent-control-tracker/
38118,Memphis,35.2229,-90.0467,No,2,NMHC/Local Jurisdiction,2025,https://www.nmhc.org/research-insight/rent-control-tracker/
38119,Memphis,35.0606,-90.0138,No,2,NMHC/Local Jurisdiction,2025,https://www.nmhc.org/research-insight/rent-control-tracker/
38120,Memphis,35.0379,-90.2229,No,2,NMHC/Local Jurisdiction,2025,https://www.nmhc.org/research-insight/rent-control-tracker/
38121,Memphis,35.2494,-90.1093,No,2,NMHC/Local Jurisdiction,2025,https://www.nmhc.org/research-insight/rent-control-tracker/
38122,Memphis,35.2792,-89.8938,No,2,NMHC/Local Jurisdiction,2025,https://www.nmhc.org/research-insight/rent-control-tracker/
38123,Memphis,35.1025,-90.0006,No,2,NMHC/Local Jurisdiction,2025,https://www.nmhc.org/research-insight/rent-control-tracker/
38124,Memphis,35.1225,-89.9388,No,2,NMHC/Local Jurisdiction,2025,https://www.nmhc.org/research-insight/rent-control-tracker/
38125,Memphis,35.0114,-90.0239,No,2,NMHC/Local Jurisdiction,2025,https://www.nmhc.org/research-insight/rent-control-tracker/
40201,Louisville,38.2239,-85.7344,No,2,NMHC/Local Jurisdiction,2025,https://www.nmhc.org/research-insight/rent-control-tracker/
40202,Louisville,38.1542,-85.7337,No,2,NMHC/Local Jurisdiction,2025,https://www.nmhc.org/research-insight/rent-control-tracker/
40203,Louisville,38.3797,-85.6344,No,2,NMHC/Local Jurisdiction,2025,https://www.nmhc.org/research-insight/rent-control-tracker/
40204,Louisville,38.1507,-85.5987,No,2,NMHC/Local Jurisdiction,2025,https://www.nmhc.org/research-insight/rent-control-tracker/
40205,Louisville,38.3187,-85.8167,No,2,NMHC/Local Jurisdiction,2025,https://www.nmhc.org/research-insight/rent-control-tracker/
40206,Louisville,38.1181,-85.7972,No,2,NMHC/Local Jurisdiction,2025,https://www.nmhc.org/research-insight/rent-control-tracker/
40207,Louisville,38.3589,-85.6096,No,2,NMHC/Local Jurisdiction,2025,https://www.nmhc.org/research-insight/rent-control-tracker/
40208,Louisville,38.238,-85.8908,No,2,NMHC/Local Jurisdiction,2025,https://www.nmhc.org/research-insight/rent-control-tracker/
40209,Louisville,38.3919,-85.6878,No,2,NMHC/Local Jurisdiction,2025,https://www.nmhc.org/research-insight/rent-control-tracker/
40210,Louisville,38.1672,-85.8342,No,2,NMHC/Local Jurisdiction,2025,https://www.nmhc.org/research-insight/rent-control-tracker/
40211,Louisville,38.2952,-85.6491,No,2,NMHC/Local Jurisdiction,2025,https://www.nmhc.org/research-insight/rent-control-tracker/
40212,Louisville,38.3548,-85.8855,No,2,NMHC/Local Jurisdiction,2025,https://www.nmhc.org/research-insight/rent-control-tracker/
40213,Louisville,38.376,-85.6054,No,2,NMHC/Local Jurisdiction,2025,https://www.nmhc.org/research-insight/rent-control-tracker/
40214,Louisville,38.2477,-85.7564,No,2,NMHC/Local Jurisdiction,2025,https://www.nmhc.org/research-insight/rent-control-tracker/
40215,Louisville,38.1695,-85.6305,No,2,NMHC/Local Jurisdiction,2025,https://www.nmhc.org/research-insight/rent-control-tracker/
40216,Louisville,38.1775,-85.8448,No,2,NMHC/Local Jurisdiction,2025,https://www.nmhc.org/research-insight/rent-control-tracker/
40217,Louisville,38.1058,-85.6206,No,2,NMHC/Local Jurisdiction,2025,https://www.nmhc.org/research-insight/rent-control-tracker/
40218,Louisville,38.2934,-85.7714,No,2,NMHC/Local Jurisdiction,2025,https://www.nmhc.org/research-insight/rent-control-tracker/
40219,Louisville,38.1829,-85.781,No,2,NMHC/Local Jurisdiction,2025,https://www.nmhc.org/research-insight/rent-control-tracker/
40220,Louisville,38.2687,-85.6054,No,2,NMHC/Local Jurisdiction,2025,https://www.nmhc.org/research-insight/rent-control-tracker/
40221,Louisville,38.3321,-85.7819,No,2,NMHC/Local Jurisdiction,2025,https://www.nmhc.org/research-insight/rent-control-tracker/
40222,Louisville,38.3324,-85.7193,No,2,NMHC/Local Jurisdiction,2025,https://www.nmhc.org/research-insight/rent-control-tracker/
40223,Louisville,38.3881,-85.8208,No,2,NMHC/Local Jurisdiction,2025,https://www.nmhc.org/research-insight/rent-control-tracker/
40224,Louisville,38.1365,-85.901,No,2,NMHC/Local Jurisdiction,2025,https://www.nmhc.org/research-insight/rent-control-tracker/
40225,Louisville,38.2037,-85.937,No,2,NMHC/Local Jurisdiction,2025,https://www.nmhc.org/research-insight/rent-control-tracker/
97201,Portland,45.5758,-122.7217,Yes - Moderate,6,NMHC/Local Jurisdiction,2025,https://www.nmhc.org/research-insight/rent-control-tracker/
97202,Portland,45.3654,-122.7149,Yes - Moderate,6,NMHC/Local Jurisdiction,2025,https://www.nmhc.org/research-insight/rent-control-tracker/
97203,Portland,45.4034,-122.6156,Yes - Moderate,6,NMHC/Local Jurisdiction,2025,https://www.nmhc.org/research-insight/rent-control-tracker/
97204,Portland,45.473,-122.5729,Yes - Moderate,6,NMHC/Local Jurisdiction,2025,https://www.nmhc.org/research-insight/rent-control-tracker/
97205,Portland,45.5416,-122.7433,Yes - Moderate,6,NMHC/Local Jurisdiction,2025,https://www.nmhc.org/research-insight/rent-control-tracker/
97206,Portland,45.6335,-122.5799,Yes - Moderate,6,NMHC/Local Jurisdiction,2025,https://www.nmhc.org/research-insight/rent-control-tracker/
97207,Portland,45.528,-122.6786,Yes - Moderate,6,NMHC/Local Jurisdiction,2025,https://www.nmhc.org/research-insight/rent-control-tracker/
97208,Portland,45.5849,-122.4972,Yes - Moderate,6,NMHC/Local Jurisdiction,2025,https://www.nmhc.org/research-insight/rent-control-tracker/
97209,Portland,45.5541,-122.8055,Yes - Moderate,6,NMHC/Local Jurisdiction,2025,https://www.nmhc.org/research-insight/rent-control-tracker/
97210,Portland,45.4677,-122.6188,Yes - Moderate,6,NMHC/Local Jurisdiction,2025,https://www.nmhc.org/research-insight/rent-control-tracker/
97211,Portland,45.5918,-122.6433,Yes - Moderate,6,NMHC/Local Jurisdiction,2025,https://www.nmhc.org/research-insight/rent-control-tracker/
97212,Portland,45.616,-122.6937,Yes - Moderate,6,NMHC/Local Jurisdiction,2025,https://www.nmhc.org/research-insight/rent-control-tracker/
97213,Portland,45.4458,-122.6381,Yes - Moderate,6,NMHC/Local Jurisdiction,2025,https://www.nmhc.org/research-insight/rent-control-tracker/
97214,Portland,45.6394,-122.8185,Yes - Moderate,6,NMHC/Local Jurisdiction,2025,https://www.nmhc.org/research-insight/rent-control-tracker/
97215,Portland,45.4166,-122.6499,Yes - Moderate,6,NMHC/Local Jurisdiction,2025,https://www.nmhc.org/research-insight/rent-control-tracker/
97216,Portland,45.3858,-122.7448,Yes - Moderate,6,NMHC/Local Jurisdiction,2025,https://www.nmhc.org/research-insight/rent-control-tracker/
97217,Portland,45.3892,-122.822,Yes - Moderate,6,NMHC/Local Jurisdiction,2025,https://www.nmhc.org/research-insight/rent-control-tracker/
97218,Portland,45.3887,-122.7348,Yes - Moderate,6,NMHC/Local Jurisdiction,2025,https://www.nmhc.org/research-insight/rent-control-tracker/
97219,Portland,45.5247,-122.5518,Yes - Moderate,6,NMHC/Local Jurisdiction,2025,https://www.nmhc.org/research-insight/rent-control-tracker/
97220,Portland,45.4349,-122.6732,Yes - Moderate,6,NMHC/Local Jurisdiction,2025,https://www.nmhc.org/research-insight/rent-control-tracker/
97221,Portland,45.6099,-122.6183,Yes - Moderate,6,NMHC/Local Jurisdiction,2025,https://www.nmhc.org/research-insight/rent-control-tracker/
97222,Portland,45.5721,-122.6025,Yes - Moderate,6,NMHC/Local Jurisdiction,2025,https://www.nmhc.org/research-insight/rent-control-tracker/
97223,Portland,45.6546,-122.8095,Yes - Moderate,6,NMHC/Local Jurisdiction,2025,https://www.nmhc.org/research-insight/rent-control-tracker/
97224,Portland,45.4131,-122.658,Yes - Moderate,6,NMHC/Local Jurisdiction,2025,https://www.nmhc.org/research-insight/rent-control-tracker/
97225,Portland,45.4825,-122.5811,Yes - Moderate,6,NMHC/Local Jurisdiction,2025,https://www.nmhc.org/research-insight/rent-control-tracker/
97226,Portland,45.3769,-122.6534,Yes - Moderate,6,NMHC/Local Jurisdiction,2025,https://www.nmhc.org/research-insight/rent-control-tracker/
97227,Portland,45.3755,-122.6924,Yes - Moderate,6,NMHC/Local Jurisdiction,2025,https://www.nmhc.org/research-insight/rent-control-tracker/
97228,Portland,45.5661,-122.7239,Yes - Moderate,6,NMHC/Local Jurisdiction,2025,https://www.nmhc.org/research-insight/rent-control-tracker/
97229,Portland,45.6222,-122.5005,Yes - Moderate,6,NMHC/Local Jurisdiction,2025,https://www.nmhc.org/research-insight/rent-control-tracker/
97230,Portland,45.5447,-122.8046,Yes - Moderate,6,NMHC/Local Jurisdiction,2025,https://www.nmhc.org/research-insight/rent-control-tracker/
21201,Baltimore,39.3796,-76.6571,No,2,NMHC/Local Jurisdiction,2025,https://www.nmhc.org/research-insight/rent-control-tracker/
21202,Baltimore,39.1582,-76.5462,No,2,NMHC/Local Jurisdiction,2025,https://www.nmhc.org/research-insight/rent-control-tracker/
21203,Baltimore,39.2915,-76.7551,No,2,NMHC/Local Jurisdiction,2025,https://www.nmhc.org/research-insight/rent-control-tracker/
21204,Baltimore,39.3704,-76.4717,No,2,NMHC/Local Jurisdiction,2025,https://www.nmhc.org/research-insight/rent-control-tracker/
21205,Baltimore,39.154,-76.5859,No,2,NMHC/Local Jurisdiction,2025,https://www.nmhc.org/research-insight/rent-control-tracker/
21206,Baltimore,39.2262,-76.7575,No,2,NMHC/Local Jurisdiction,2025,https://www.nmhc.org/research-insight/rent-control-tracker/
21207,Baltimore,39.3048,-76.7334,No,2,NMHC/Local Jurisdiction,2025,https://www.nmhc.org/research-insight/rent-control-tracker/
21208,Baltimore,39.2216,-76.4502,No,2,NMHC/Local Jurisdiction,2025,https://www.nmhc.org/research-insight/rent-control-tracker/
21209,Baltimore,39.3417,-76.6553,No,2,NMHC/Local Jurisdiction,2025,https://www.nmhc.org/research-insight/rent-control-tracker/
21210,Baltimore,39.1741,-76.523,No,2,NMHC/Local Jurisdiction,2025,https://www.nmhc.org/research-insight/rent-control-tracker/
21211,Baltimore,39.369,-76.6612,No,2,NMHC/Local Jurisdiction,2025,https://www.nmhc.org/research-insight/rent-control-tracker/
21212,Baltimore,39.2257,-76.5263,No,2,NMHC/Local Jurisdiction,2025,https://www.nmhc.org/research-insight/rent-control-tracker/
21213,Baltimore,39.2809,-76.5413,No,2,NMHC/Local Jurisdiction,2025,https://www.nmhc.org/research-insight/rent-control-tracker/
21214,Baltimore,39.253,-76.5165,No,2,NMHC/Local Jurisdiction,2025,https://www.nmhc.org/research-insight/rent-control-tracker/
21215,Baltimore,39.2202,-76.554,No,2,NMHC/Local Jurisdiction,2025,https://www.nmhc.org/research-insight/rent-control-tracker/
21216,Baltimore,39.3427,-76.7269,No,2,NMHC/Local Jurisdiction,2025,https://www.nmhc.org/research-insight/rent-control-tracker/
21217,Baltimore,39.2473,-76.623,No,2,NMHC/Local Jurisdiction,2025,https://www.nmhc.org/research-insight/rent-control-tracker/
21218,Baltimore,39.1862,-76.5519,No,2,NMHC/Local Jurisdiction,2025,https://www.nmhc.org/research-insight/rent-control-tracker/
21219,Baltimore,39.2884,-76.4817,No,2,NMHC/Local Jurisdiction,2025,https://www.nmhc.org/research-insight/rent-control-tracker/
21220,Baltimore,39.3772,-76.6115,No,2,NMHC/Local Jurisdiction,2025,https://www.nmhc.org/research-insight/rent-control-tracker/
21221,Baltimore,39.4223,-76.572,No,2,NMHC/Local Jurisdiction,2025,https://www.nmhc.org/research-insight/rent-control-tracker/
21222,Baltimore,39.4079,-76.7707,No,2,NMHC/Local Jurisdiction,2025,https://www.nmhc.org/research-insight/rent-control-tracker/
21223,Baltimore,39.3875,-76.5626,No,2,NMHC/Local Jurisdiction,2025,https://www.nmhc.org/research-insight/rent-control-tracker/
21224,Baltimore,39.2042,-76.5738,No,2,NMHC/Local Jurisdiction,2025,https://www.nmhc.org/research-insight/rent-control-tracker/
21225,Baltimore,39.2698,-76.4831,No,2,NMHC/Local Jurisdiction,2025,https://www.nmhc.org/research-insight/rent-control-tracker/
21226,Baltimore,39.1759,-76.5722,No,2,NMHC/Local Jurisdiction,2025,https://www.nmhc.org/research-insight/rent-control-tracker/
21227,Baltimore,39.2285,-76.645,No,2,NMHC/Local Jurisdiction,2025,https://www.nmhc.org/research-insight/rent-control-tracker/
21228,Baltimore,39.2639,-76.7443,No,2,NMHC/Local Jurisdiction,2025,https://www.nmhc.org/research-insight/rent-control-tracker/
21229,Baltimore,39.2434,-76.5752,No,2,NMHC/Local Jurisdiction,2025,https://www.nmhc.org/research-insight/rent-control-tracker/
21230,Baltimore,39.3834,-76.7883,No,2,NMHC/Local Jurisdiction,2025,https://www.nmhc.org/research-insight/rent-control-tracker/
53201,Milwaukee,43.1134,-87.9816,No,2,NMHC/Local Jurisdiction,2025,https://www.nmhc.org/research-insight/rent-control-tracker/
53202,Milwaukee,43.1113,-87.8676,No,2,NMHC/Local Jurisdiction,2025,https://www.nmhc.org/research-insight/rent-control-tracker/
53203,Milwaukee,42.9786,-87.964,No,2,NMHC/Local Jurisdiction,2025,https://www.nmhc.org/research-insight/rent-control-tracker/
53204,Milwaukee,43.1,-88.0117,No,2,NMHC/Local Jurisdiction,2025,https://www.nmhc.org/research-insight/rent-control-tracker/
53205,Milwaukee,42.9748,-88.0353,No,2,NMHC/Local Jurisdiction,2025,https://www.nmhc.org/research-insight/rent-control-tracker/
53206,Milwaukee,43.0959,-88.0676,No,2,NMHC/Local Jurisdiction,2025,https://www.nmhc.org/research-insight/rent-control-tracker/
53207,Milwaukee,43.0927,-87.9479,No,2,NMHC/Local Jurisdiction,2025,https://www.nmhc.org/research-insight/rent-control-tracker/
53208,Milwaukee,43.0382,-87.7345,No,2,NMHC/Local Jurisdiction,2025,https://www.nmhc.org/research-insight/rent-control-tracker/
53209,Milwaukee,43.0882,-87.8522,No,2,NMHC/Local Jurisdiction,2025,https://www.nmhc.org/research-insight/rent-control-tracker/
53210,Milwaukee,43.0598,-87.9298,No,2,NMHC/Local Jurisdiction,2025,https://www.nmhc.org/research-insight/rent-control-tracker/
53211,Milwaukee,43.0803,-87.7934,No,2,NMHC/Local Jurisdiction,2025,https://www.nmhc.org/research-insight/rent-control-tracker/
53212,Milwaukee,42.901,-88.0004,No,2,NMHC/Local Jurisdiction,2025,https://www.nmhc.org/research-insight/rent-control-tracker/
53213,Milwaukee,42.9736,-87.8744,No,2,NMHC/Local Jurisdiction,2025,https://www.nmhc.org/research-insight/rent-control-tracker/
53214,Milwaukee,42.9068,-87.7769,No,2,NMHC/Local Jurisdiction,2025,https://www.nmhc.org/research-insight/rent-control-tracker/
53215,Milwaukee,43.109,-87.8633,No,2,NMHC/Local Jurisdiction,2025,https://www.nmhc.org/research-insight/rent-control-tracker/
53216,Milwaukee,42.9586,-87.7873,No,2,NMHC/Local Jurisdiction,2025,https://www.nmhc.org/research-insight/rent-control-tracker/
53217,Milwaukee,43.0688,-87.8276,No,2,NMHC/Local Jurisdiction,2025,https://www.nmhc.org/research-insight/rent-control-tracker/
53218,Milwaukee,43.1754,-87.8512,No,2,NMHC/Local Jurisdiction,2025,https://www.nmhc.org/research-insight/rent-control-tracker/
53219,Milwaukee,43.0593,-87.9237,No,2,NMHC/Local Jurisdiction,2025,https://www.nmhc.org/research-insight/rent-control-tracker/
53220,Milwaukee,43.0174,-87.9144,No,2,NMHC/Local Jurisdiction,2025,https://www.nmhc.org/research-insight/rent-control-tracker/
53221,Milwaukee,43.1138,-87.9222,No,2,NMHC/Local Jurisdiction,2025,https://www.nmhc.org/research-insight/rent-control-tracker/
53222,Milwaukee,43.0871,-87.7596,No,2,NMHC/Local Jurisdiction,2025,https://www.nmhc.org/research-insight/rent-control-tracker/
53223,Milwaukee,42.9971,-87.9375,No,2,NMHC/Local Jurisdiction,2025,https://www.nmhc.org/research-insight/rent-control-tracker/
53224,Milwaukee,43.0084,-87.9231,No,2,NMHC/Local Jurisdiction,2025,https://www.nmhc.org/research-insight/rent-control-tracker/
53225,Milwaukee,43.1033,-87.7329,No,2,NMHC/Local Jurisdiction,2025,https://www.nmhc.org/research-insight/rent-control-tracker/
87101,Albuquerque,35.0513,-106.5882,No,2,NMHC/Local Jurisdiction,2025,https://www.nmhc.org/research-insight/rent-control-tracker/
87102,Albuquerque,35.178,-106.6923,No,2,NMHC/Local Jurisdiction,2025,https://www.nmhc.org/research-insight/rent-control-tracker/
87103,Albuquerque,35.0156,-106.5415,No,2,NMHC/Local Jurisdiction,2025,https://www.nmhc.org/research-insight/rent-control-tracker/
87104,Albuquerque,35.0453,-106.5942,No,2,NMHC/Local Jurisdiction,2025,https://www.nmhc.org/research-insight/rent-control-tracker/
87105,Albuquerque,35.2162,-106.5438,No,2,NMHC/Local Jurisdiction,2025,https://www.nmhc.org/research-insight/rent-control-tracker/
87106,Albuquerque,35.074,-106.6172,No,2,NMHC/Local Jurisdiction,2025,https://www.nmhc.org/research-insight/rent-control-tracker/
87107,Albuquerque,35.0949,-106.5486,No,2,NMHC/Local Jurisdiction,2025,https://www.nmhc.org/research-insight/rent-control-tracker/
87108,Albuquerque,35.1928,-106.7783,No,2,NMHC/Local Jurisdiction,2025,https://www.nmhc.org/research-insight/rent-control-tracker/
87109,Albuquerque,35.1016,-106.8155,No,2,NMHC/Local Jurisdiction,2025,https://www.nmhc.org/research-insight/rent-control-tracker/
87110,Albuquerque,34.9659,-106.695,No,2,NMHC/Local Jurisdiction,2025,https://www.nmhc.org/research-insight/rent-control-tracker/
87111,Albuquerque,35.1004,-106.5183,No,2,NMHC/Local Jurisdiction,2025,https://www.nmhc.org/research-insight/rent-control-tracker/
87112,Albuquerque,35.0832,-106.8261,No,2,NMHC/Local Jurisdiction,2025,https://www.nmhc.org/research-insight/rent-control-tracker/
87113,Albuquerque,35.1041,-106.6336,No,2,NMHC/Local Jurisdiction,2025,https://www.nmhc.org/research-insight/rent-control-tracker/
87114,Albuquerque,35.2069,-106.6469,No,2,NMHC/Local Jurisdiction,2025,https://www.nmhc.org/research-insight/rent-control-tracker/
87115,Albuquerque,35.1921,-106.8198,No,2,NMHC/Local Jurisdiction,2025,https://www.nmhc.org/research-insight/rent-control-tracker/
87116,Albuquerque,34.9509,-106.5024,No,2,NMHC/Local Jurisdiction,2025,https://www.nmhc.org/research-insight/rent-control-tracker/
87117,Albuquerque,35.1703,-106.6454,No,2,NMHC/Local Jurisdiction,2025,https://www.nmhc.org/research-insight/rent-control-tracker/
87118,Albuquerque,35.1675,-106.6662,No,2,NMHC/Local Jurisdiction,2025,https://www.nmhc.org/research-insight/rent-control-tracker/
87119,Albuquerque,34.9818,-106.4873,No,2,NMHC/Local Jurisdiction,2025,https://www.nmhc.org/research-insight/rent-control-tracker/
87120,Albuquerque,34.9893,-106.7459,No,2,NMHC/Local Jurisdiction,2025,https://www.nmhc.org/research-insight/rent-control-tracker/
85701,Tucson,32.1363,-111.1227,No,2,NMHC/Local Jurisdiction,2025,https://www.nmhc.org/research-insight/rent-control-tracker/
85702,Tucson,32.1053,-110.8087,No,2,NMHC/Local Jurisdiction,2025,https://www.nmhc.org/research-insight/rent-control-tracker/
85703,Tucson,32.0904,-110.9615,No,2,NMHC/Local Jurisdiction,2025,https://www.nmhc.org/research-insight/rent-control-tracker/
85704,Tucson,32.211,-111.1082,No,2,NMHC/Local Jurisdiction,2025,https://www.nmhc.org/research-insight/rent-control-tracker/
85705,Tucson,32.1088,-111.0119,No,2,NMHC/Local Jurisdiction,2025,https://www.nmhc.org/research-insight/rent-control-tracker/
85706,Tucson,32.1215,-110.9034,No,2,NMHC/Local Jurisdiction,2025,https://www.nmhc.org/research-insight/rent-control-tracker/
85707,Tucson,32.2916,-111.0123,No,2,NMHC/Local Jurisdiction,2025,https://www.nmhc.org/research-insight/rent-control-tracker/
85708,Tucson,32.2497,-110.8065,No,2,NMHC/Local Jurisdiction,2025,https://www.nmhc.org/research-insight/rent-control-tracker/
85709,Tucson,32.2826,-110.9478,No,2,NMHC/Local Jurisdiction,2025,https://www.nmhc.org/research-insight/rent-control-tracker/
85710,Tucson,32.2231,-111.0911,No,2,NMHC/Local Jurisdiction,2025,https://www.nmhc.org/research-insight/rent-control-tracker/
85711,Tucson,32.2585,-111.1532,No,2,NMHC/Local Jurisdiction,2025,https://www.nmhc.org/research-insight/rent-control-tracker/
85712,Tucson,32.1616,-111.1077,No,2,NMHC/Local Jurisdiction,2025,https://www.nmhc.org/research-insight/rent-control-tracker/
85713,Tucson,32.1849,-110.9392,No,2,NMHC/Local Jurisdiction,2025,https://www.nmhc.org/research-insight/rent-control-tracker/
85714,Tucson,32.0923,-111.1434,No,2,NMHC/Local Jurisdiction,2025,https://www.nmhc.org/research-insight/rent-control-tracker/
85715,Tucson,32.3179,-110.9779,No,2,NMHC/Local Jurisdiction,2025,https://www.nmhc.org/research-insight/rent-control-tracker/
85716,Tucson,32.2808,-110.991,No,2,NMHC/Local Jurisdiction,2025,https://www.nmhc.org/research-insight/rent-control-tracker/
85717,Tucson,32.2857,-110.9968,No,2,NMHC/Local Jurisdiction,2025,https://www.nmhc.org/research-insight/rent-control-tracker/
85718,Tucson,32.3553,-110.8792,No,2,NMHC/Local Jurisdiction,2025,https://www.nmhc.org/research-insight/rent-control-tracker/
85719,Tucson,32.2921,-111.0884,No,2,NMHC/Local Jurisdiction,2025,https://www.nmhc.org/research-insight/rent-control-tracker/
85720,Tucson,32.1838,-110.8789,No,2,NMHC/Local Jurisdiction,2025,https://www.nmhc.org/research-insight/rent-control-tracker/
95801,Sacramento,38.7251,-121.5944,Yes - Moderate,6,NMHC/Local Jurisdiction,2025,https://www.nmhc.org/research-insight/rent-control-tracker/
95802,Sacramento,38.4783,-121.6476,Yes - Moderate,6,NMHC/Local Jurisdiction,2025,https://www.nmhc.org/research-insight/rent-control-tracker/
95803,Sacramento,38.6889,-121.3186,Yes - Moderate,6,NMHC/Local Jurisdiction,2025,https://www.nmhc.org/research-insight/rent-control-tracker/
95804,Sacramento,38.5041,-121.489,Yes - Moderate,6,NMHC/Local Jurisdiction,2025,https://www.nmhc.org/research-insight/rent-control-tracker/
95805,Sacramento,38.7081,-121.4369,Yes - Moderate,6,NMHC/Local Jurisdiction,2025,https://www.nmhc.org/research-insight/rent-control-tracker/
95806,Sacramento,38.6904,-121.4421,Yes - Moderate,6,NMHC/Local Jurisdiction,2025,https://www.nmhc.org/research-insight/rent-control-tracker/
95807,Sacramento,38.447,-121.4647,Yes - Moderate,6,NMHC/Local Jurisdiction,2025,https://www.nmhc.org/research-insight/rent-control-tracker/
95808,Sacramento,38.6032,-121.6437,Yes - Moderate,6,NMHC/Local Jurisdiction,2025,https://www.nmhc.org/research-insight/rent-control-tracker/
95809,Sacramento,38.4769,-121.4569,Yes - Moderate,6,NMHC/Local Jurisdiction,2025,https://www.nmhc.org/research-insight/rent-control-tracker/
95810,Sacramento,38.6255,-121.4699,Yes - Moderate,6,NMHC/Local Jurisdiction,2025,https://www.nmhc.org/research-insight/rent-control-tracker/
95811,Sacramento,38.6928,-121.4255,Yes - Moderate,6,NMHC/Local Jurisdiction,2025,https://www.nmhc.org/research-insight/rent-control-tracker/
95812,Sacramento,38.4455,-121.4415,Yes - Moderate,6,NMHC/Local Jurisdiction,2025,https://www.nmhc.org/research-insight/rent-control-tracker/
95813,Sacramento,38.5012,-121.6023,Yes - Moderate,6,NMHC/Local Jurisdiction,2025,https://www.nmhc.org/research-insight/rent-control-tracker/
95814,Sacramento,38.576,-121.4759,Yes - Moderate,6,NMHC/Local Jurisdiction,2025,https://www.nmhc.org/research-insight/rent-control-tracker/
95815,Sacramento,38.7236,-121.6069,Yes - Moderate,6,NMHC/Local Jurisdiction,2025,https://www.nmhc.org/research-insight/rent-control-tracker/
95816,Sacramento,38.5001,-121.3769,Yes - Moderate,6,NMHC/Local Jurisdiction,2025,https://www.nmhc.org/research-insight/rent-control-tracker/
95817,Sacramento,38.473,-121.4989,Yes - Moderate,6,NMHC/Local Jurisdiction,2025,https://www.nmhc.org/research-insight/rent-control-tracker/
95818,Sacramento,38.6175,-121.4987,Yes - Moderate,6,NMHC/Local Jurisdiction,2025,https://www.nmhc.org/research-insight/rent-control-tracker/
95819,Sacramento,38.434,-121.4017,Yes - Moderate,6,NMHC/Local Jurisdiction,2025,https://www.nmhc.org/research-insight/rent-control-tracker/
95820,Sacramento,38.602,-121.5599,Yes - Moderate,6,NMHC/Local Jurisdiction,2025,https://www.nmhc.org/research-insight/rent-control-tracker/
95821,Sacramento,38.6919,-121.4002,Yes - Moderate,6,NMHC/Local Jurisdiction,2025,https://www.nmhc.org/research-insight/rent-control-tracker/
95822,Sacramento,38.4626,-121.3907,Yes - Moderate,6,NMHC/Local Jurisdiction,2025,https://www.nmhc.org/research-insight/rent-control-tracker/
95823,Sacramento,38.5487,-121.4317,Yes - Moderate,6,NMHC/Local Jurisdiction,2025,https://www.nmhc.org/research-insight/rent-control-tracker/
95824,Sacramento,38.6269,-121.4565,Yes - Moderate,6,NMHC/Local Jurisdiction,2025,https://www.nmhc.org/research-insight/rent-control-tracker/
95825,Sacramento,38.7213,-121.4743,Yes - Moderate,6,NMHC/Local Jurisdiction,2025,https://www.nmhc.org/research-insight/rent-control-tracker/
95826,Sacramento,38.5565,-121.4319,Yes - Moderate,6,NMHC/Local Jurisdiction,2025,https://www.nmhc.org/research-insight/rent-control-tracker/
95827,Sacramento,38.4517,-121.6387,Yes - Moderate,6,NMHC/Local Jurisdiction,2025,https://www.nmhc.org/research-insight/rent-control-tracker/
95828,Sacramento,38.4366,-121.5179,Yes - Moderate,6,NMHC/Local Jurisdiction,2025,https://www.nmhc.org/research-insight/rent-control-tracker/
95829,Sacramento,38.6534,-121.3376,Yes - Moderate,6,NMHC/Local Jurisdiction,2025,https://www.nmhc.org/research-insight/rent-control-tracker/
95830,Sacramento,38.5922,-121.3149,Yes - Moderate,6,NMHC/Local Jurisdiction,2025,https://www.nmhc.org/research-insight/rent-control-tracker/
64101,Kansas City,38.969,-94.4333,No,2,NMHC/Local Jurisdiction,2025,https://www.nmhc.org/research-insight/rent-control-tracker/
64102,Kansas City,39.0462,-94.4435,No,2,NMHC/Local Jurisdiction,2025,https://www.nmhc.org/research-insight/rent-control-tracker/
64103,Kansas City,39.0029,-94.7421,No,2,NMHC/Local Jurisdiction,2025,https://www.nmhc.org/research-insight/rent-control-tracker/
64104,Kansas City,39.0096,-94.4265,No,2,NMHC/Local Jurisdiction,2025,https://www.nmhc.org/research-insight/rent-control-tracker/
64105,Kansas City,39.1862,-94.4403,No,2,NMHC/Local Jurisdiction,2025,https://www.nmhc.org/research-insight/rent-control-tracker/
64106,Kansas City,39.2317,-94.7505,No,2,NMHC/Local Jurisdiction,2025,https://www.nmhc.org/research-insight/rent-control-tracker/
64107,Kansas City,39.0568,-94.6538,No,2,NMHC/Local Jurisdiction,2025,https://www.nmhc.org/research-insight/rent-control-tracker/
64108,Kansas City,38.9743,-94.7185,No,2,NMHC/Local Jurisdiction,2025,https://www.nmhc.org/research-insight/rent-control-tracker/
64109,Kansas City,39.1963,-94.4661,No,2,NMHC/Local Jurisdiction,2025,https://www.nmhc.org/research-insight/rent-control-tracker/
64110,Kansas City,39.1656,-94.5876,No,2,NMHC/Local Jurisdiction,2025,https://www.nmhc.org/research-insight/rent-control-tracker/
64111,Kansas City,39.0758,-94.6524,No,2,NMHC/Local Jurisdiction,2025,https://www.nmhc.org/research-insight/rent-control-tracker/
64112,Kansas City,39.2113,-94.4348,No,2,NMHC/Local Jurisdiction,2025,https://www.nmhc.org/research-insight/rent-control-tracker/
64113,Kansas City,39.2336,-94.6566,No,2,NMHC/Local Jurisdiction,2025,https://www.nmhc.org/research-insight/rent-control-tracker/
64114,Kansas City,39.0123,-94.4802,No,2,NMHC/Local Jurisdiction,2025,https://www.nmhc.org/research-insight/rent-control-tracker/
64115,Kansas City,39.1903,-94.5881,No,2,NMHC/Local Jurisdiction,2025,https://www.nmhc.org/research-insight/rent-control-tracker/
64116,Kansas City,39.1881,-94.5895,No,2,NMHC/Local Jurisdiction,2025,https://www.nmhc.org/research-insight/rent-control-tracker/
64117,Kansas City,39.123,-94.6753,No,2,NMHC/Local Jurisdiction,2025,https://www.nmhc.org/research-insight/rent-control-tracker/
64118,Kansas City,39.2085,-94.6533,No,2,NMHC/Local Jurisdiction,2025,https://www.nmhc.org/research-insight/rent-control-tracker/
64119,Kansas City,39.2263,-94.6758,No,2,NMHC/Local Jurisdiction,2025,https://www.nmhc.org/research-insight/rent-control-tracker/
64120,Kansas City,38.9944,-94.5759,No,2,NMHC/Local Jurisdiction,2025,https://www.nmhc.org/research-insight/rent-control-tracker/
64121,Kansas City,39.2193,-94.5736,No,2,NMHC/Local Jurisdiction,2025,https://www.nmhc.org/research-insight/rent-control-tracker/
64122,Kansas City,39.0791,-94.4067,No,2,NMHC/Local Jurisdiction,2025,https://www.nmhc.org/research-insight/rent-control-tracker/
64123,Kansas City,39.0617,-94.6968,No,2,NMHC/Local Jurisdiction,2025,https://www.nmhc.org/research-insight/rent-control-tracker/
64124,Kansas City,39.229,-94.5116,No,2,NMHC/Local Jurisdiction,2025,https://www.nmhc.org/research-insight/rent-control-tracker/
64125,Kansas City,39.1423,-94.4428,No,2,NMHC/Local Jurisdiction,2025,https://www.nmhc.org/research-insight/rent-control-tracker/
64126,Kansas City,39.1737,-94.4544,No,2,NMHC/Local Jurisdiction,2025,https://www.nmhc.org/research-insight/rent-control-tracker/
64127,Kansas City,38.9591,-94.6261,No,2,NMHC/Local Jurisdiction,2025,https://www.nmhc.org/research-insight/rent-control-tracker/
64128,Kansas City,39.1564,-94.6735,No,2,NMHC/Local Jurisdiction,2025,https://www.nmhc.org/research-insight/rent-control-tracker/
64129,Kansas City,38.9953,-94.6705,No,2,NMHC/Local Jurisdiction,2025,https://www.nmhc.org/research-insight/rent-control-tracker/
64130,Kansas City,39.2402,-94.4648,No,2,NMHC/Local Jurisdiction,2025,https://www.nmhc.org/research-insight/rent-control-tracker/
30301,Atlanta,33.6469,-84.4303,No,2,NMHC/Local Jurisdiction,2025,https://www.nmhc.org/research-insight/rent-control-tracker/
30302,Atlanta,33.7843,-84.5077,No,2,NMHC/Local Jurisdiction,2025,https://www.nmhc.org/research-insight/rent-control-tracker/
30303,Atlanta,33.8691,-84.2169,No,2,NMHC/Local Jurisdiction,2025,https://www.nmhc.org/research-insight/rent-control-tracker/
30304,Atlanta,33.6691,-84.3432,No,2,NMHC/Local Jurisdiction,2025,https://www.nmhc.org/research-insight/rent-control-tracker/
30305,Atlanta,33.6405,-84.5007,No,2,NMHC/Local Jurisdiction,2025,https://www.nmhc.org/research-insight/rent-control-tracker/
30306,Atlanta,33.6416,-84.261,No,2,NMHC/Local Jurisdiction,2025,https://www.nmhc.org/research-insight/rent-control-tracker/
30307,Atlanta,33.6855,-84.3346,No,2,NMHC/Local Jurisdiction,2025,https://www.nmhc.org/research-insight/rent-control-tracker/
30308,Atlanta,33.6175,-84.5153,No,2,NMHC/Local Jurisdiction,2025,https://www.nmhc.org/research-insight/rent-control-tracker/
30309,Atlanta,33.8503,-84.3847,No,2,NMHC/Local Jurisdiction,2025,https://www.nmhc.org/research-insight/rent-control-tracker/
30310,Atlanta,33.6767,-84.3137,No,2,NMHC/Local Jurisdiction,2025,https://www.nmhc.org/research-insight/rent-control-tracker/
30311,Atlanta,33.8121,-84.4768,No,2,NMHC/Local Jurisdiction,2025,https://www.nmhc.org/research-insight/rent-control-tracker/
30312,Atlanta,33.7825,-84.4446,No,2,NMHC/Local Jurisdiction,2025,https://www.nmhc.org/research-insight/rent-control-tracker/
30313,Atlanta,33.7139,-84.3013,No,2,NMHC/Local Jurisdiction,2025,https://www.nmhc.org/research-insight/rent-control-tracker/
30314,Atlanta,33.829,-84.2776,No,2,NMHC/Local Jurisdiction,2025,https://www.nmhc.org/research-insight/rent-control-tracker/
30315,Atlanta,33.6185,-84.2108,No,2,NMHC/Local Jurisdiction,2025,https://www.nmhc.org/research-insight/rent-control-tracker/
30316,Atlanta,33.679,-84.4161,No,2,NMHC/Local Jurisdiction,2025,https://www.nmhc.org/research-insight/rent-control-tracker/
30317,Atlanta,33.7681,-84.2439,No,2,NMHC/Local Jurisdiction,2025,https://www.nmhc.org/research-insight/rent-control-tracker/
30318,Atlanta,33.7312,-84.4282,No,2,NMHC/Local Jurisdiction,2025,https://www.nmhc.org/research-insight/rent-control-tracker/
30319,Atlanta,33.6901,-84.3939,No,2,NMHC/Local Jurisdiction,2025,https://www.nmhc.org/research-insight/rent-control-tracker/
30320,Atlanta,33.8346,-84.2937,No,2,NMHC/Local Jurisdiction,2025,https://www.nmhc.org/research-insight/rent-control-tracker/
30321,Atlanta,33.7097,-84.5555,No,2,NMHC/Local Jurisdiction,2025,https://www.nmhc.org/research-insight/rent-control-tracker/
30322,Atlanta,33.8129,-84.3516,No,2,NMHC/Local Jurisdiction,2025,https://www.nmhc.org/research-insight/rent-control-tracker/
30323,Atlanta,33.85,-84.5186,No,2,NMHC/Local Jurisdiction,2025,https://www.nmhc.org/research-insight/rent-control-tracker/
30324,Atlanta,33.8471,-84.2499,No,2,NMHC/Local Jurisdiction,2025,https://www.nmhc.org/research-insight/rent-control-tracker/
30325,Atlanta,33.7929,-84.5162,No,2,NMHC/Local Jurisdiction,2025,https://www.nmhc.org/research-insight/rent-control-tracker/
30326,Atlanta,33.7343,-84.4713,No,2,NMHC/Local Jurisdiction,2025,https://www.nmhc.org/research-insight/rent-control-tracker/
30327,Atlanta,33.8831,-84.3554,No,2,NMHC/Local Jurisdiction,2025,https://www.nmhc.org/research-insight/rent-control-tracker/
30328,Atlanta,33.6154,-84.4774,No,2,NMHC/Local Jurisdiction,2025,https://www.nmhc.org/research-insight/rent-control-tracker/
30329,Atlanta,33.8191,-84.3446,No,2,NMHC/Local Jurisdiction,2025,https://www.nmhc.org/research-insight/rent-control-tracker/
30330,Atlanta,33.812,-84.3085,No,2,NMHC/Local Jurisdiction,2025,https://www.nmhc.org/research-insight/rent-control-tracker/
30331,Atlanta,33.6354,-84.2173,No,2,NMHC/Local Jurisdiction,2025,https://www.nmhc.org/research-insight/rent-control-tracker/
30332,Atlanta,33.7829,-84.5458,No,2,NMHC/Local Jurisdiction,2025,https://www.nmhc.org/research-insight/rent-control-tracker/
30333,Atlanta,33.8461,-84.2304,No,2,NMHC/Local Jurisdiction,2025,https://www.nmhc.org/research-insight/rent-control-tracker/
30334,Atlanta,33.7964,-84.4668,No,2,NMHC/Local Jurisdiction,2025,https://www.nmhc.org/research-insight/rent-control-tracker/
30335,Atlanta,33.857,-84.2456,No,2,NMHC/Local Jurisdiction,2025,https://www.nmhc.org/research-insight/rent-control-tracker/
30336,Atlanta,33.7576,-84.2388,No,2,NMHC/Local Jurisdiction,2025,https://www.nmhc.org/research-insight/rent-control-tracker/
30337,Atlanta,33.7821,-84.5509,No,2,NMHC/Local Jurisdiction,2025,https://www.nmhc.org/research-insight/rent-control-tracker/
30338,Atlanta,33.7561,-84.4666,No,2,NMHC/Local Jurisdiction,2025,https://www.nmhc.org/research-insight/rent-control-tracker/
30339,Atlanta,33.8044,-84.301,No,2,NMHC/Local Jurisdiction,2025,https://www.nmhc.org/research-insight/rent-control-tracker/
30340,Atlanta,33.6427,-84.5585,No,2,NMHC/Local Jurisdiction,2025,https://www.nmhc.org/research-insight/rent-control-tracker/
30341,Atlanta,33.7157,-84.3463,No,2,NMHC/Local Jurisdiction,2025,https://www.nmhc.org/research-insight/rent-control-tracker/
30342,Atlanta,33.8401,-84.2498,No,2,NMHC/Local Jurisdiction,2025,https://www.nmhc.org/research-insight/rent-control-tracker/
30343,Atlanta,33.8916,-84.4861,No,2,NMHC/Local Jurisdiction,2025,https://www.nmhc.org/research-insight/rent-control-tracker/
30344,Atlanta,33.6707,-84.5146,No,2,NMHC/Local Jurisdiction,2025,https://www.nmhc.org/research-insight/rent-control-tracker/
30345,Atlanta,33.6784,-84.2327,No,2,NMHC/Local Jurisdiction,2025,https://www.nmhc.org/research-insight/rent-control-tracker/
30346,Atlanta,33.8724,-84.4921,No,2,NMHC/Local Jurisdiction,2025,https://www.nmhc.org/research-insight/rent-control-tracker/
30347,Atlanta,33.7646,-84.4745,No,2,NMHC/Local Jurisdiction,2025,https://www.nmhc.org/research-insight/rent-control-tracker/
30348,Atlanta,33.7457,-84.2163,No,2,NMHC/Local Jurisdiction,2025,https://www.nmhc.org/research-insight/rent-control-tracker/
30349,Atlanta,33.6097,-84.5652,No,2,NMHC/Local Jurisdiction,2025,https://www.nmhc.org/research-insight/rent-control-tracker/
30350,Atlanta,33.7522,-84.4205,No,2,NMHC/Local Jurisdiction,2025,https://www.nmhc.org/research-insight/rent-control-tracker/
68101,Omaha,41.2361,-96.0665,No,2,NMHC/Local Jurisdiction,2025,https://www.nmhc.org/research-insight/rent-control-tracker/
68102,Omaha,41.1386,-95.8628,No,2,NMHC/Local Jurisdiction,2025,https://www.nmhc.org/research-insight/rent-control-tracker/
68103,Omaha,41.3973,-96.0745,No,2,NMHC/Local Jurisdiction,2025,https://www.nmhc.org/research-insight/rent-control-tracker/
68104,Omaha,41.3093,-95.9123,No,2,NMHC/Local Jurisdiction,2025,https://www.nmhc.org/research-insight/rent-control-tracker/
68105,Omaha,41.2773,-95.8126,No,2,NMHC/Local Jurisdiction,2025,https://www.nmhc.org/research-insight/rent-control-tracker/
68106,Omaha,41.3644,-95.8281,No,2,NMHC/Local Jurisdiction,2025,https://www.nmhc.org/research-insight/rent-control-tracker/
68107,Omaha,41.3361,-96.0439,No,2,NMHC/Local Jurisdiction,2025,https://www.nmhc.org/research-insight/rent-control-tracker/
68108,Omaha,41.2045,-95.8951,No,2,NMHC/Local Jurisdiction,2025,https://www.nmhc.org/research-insight/rent-control-tracker/
68109,Omaha,41.1369,-95.8479,No,2,NMHC/Local Jurisdiction,2025,https://www.nmhc.org/research-insight/rent-control-tracker/
68110,Omaha,41.2698,-95.8211,No,2,NMHC/Local Jurisdiction,2025,https://www.nmhc.org/research-insight/rent-control-tracker/
68111,Omaha,41.2656,-95.993,No,2,NMHC/Local Jurisdiction,2025,https://www.nmhc.org/research-insight/rent-control-tracker/
68112,Omaha,41.2546,-95.9994,No,2,NMHC/Local Jurisdiction,2025,https://www.nmhc.org/research-insight/rent-control-tracker/
68113,Omaha,41.2894,-95.9594,No,2,NMHC/Local Jurisdiction,2025,https://www.nmhc.org/research-insight/rent-control-tracker/
68114,Omaha,41.2942,-96.0055,No,2,NMHC/Local Jurisdiction,2025,https://www.nmhc.org/research-insight/rent-control-tracker/
68115,Omaha,41.2873,-95.9191,No,2,NMHC/Local Jurisdiction,2025,https://www.nmhc.org/research-insight/rent-control-tracker/
68116,Omaha,41.3885,-95.8924,No,2,NMHC/Local Jurisdiction,2025,https://www.nmhc.org/research-insight/rent-control-tracker/
68117,Omaha,41.2679,-96.0172,No,2,NMHC/Local Jurisdiction,2025,https://www.nmhc.org/research-insight/rent-control-tracker/
68118,Omaha,41.3808,-95.8245,No,2,NMHC/Local Jurisdiction,2025,https://www.nmhc.org/research-insight/rent-control-tracker/
68119,Omaha,41.1069,-95.8789,No,2,NMHC/Local Jurisdiction,2025,https://www.nmhc.org/research-insight/rent-control-tracker/
68120,Omaha,41.3087,-95.9284,No,2,NMHC/Local Jurisdiction,2025,https://www.nmhc.org/research-insight/rent-control-tracker/
27601,Raleigh-Durham,35.8508,-78.6334,No,2,NMHC/Local Jurisdiction,2025,https://www.nmhc.org/research-insight/rent-control-tracker/
27602,Raleigh-Durham,35.7796,-78.7659,No,2,NMHC/Local Jurisdiction,2025,https://www.nmhc.org/research-insight/rent-control-tracker/
27603,Raleigh-Durham,35.802,-78.8069,No,2,NMHC/Local Jurisdiction,2025,https://www.nmhc.org/research-insight/rent-control-tracker/
27604,Raleigh-Durham,35.6392,-78.7836,No,2,NMHC/Local Jurisdiction,2025,https://www.nmhc.org/research-insight/rent-control-tracker/
27605,Raleigh-Durham,35.7972,-78.7508,No,2,NMHC/Local Jurisdiction,2025,https://www.nmhc.org/research-insight/rent-control-tracker/
27606,Raleigh-Durham,35.6972,-78.7052,No,2,NMHC/Local Jurisdiction,2025,https://www.nmhc.org/research-insight/rent-control-tracker/
27607,Raleigh-Durham,35.7707,-78.6226,No,2,NMHC/Local Jurisdiction,2025,https://www.nmhc.org/research-insight/rent-control-tracker/
27608,Raleigh-Durham,35.853,-78.5836,No,2,NMHC/Local Jurisdiction,2025,https://www.nmhc.org/research-insight/rent-control-tracker/
27609,Raleigh-Durham,35.8998,-78.7203,No,2,NMHC/Local Jurisdiction,2025,https://www.nmhc.org/research-insight/rent-control-tracker/
27610,Raleigh-Durham,35.8639,-78.5264,No,2,NMHC/Local Jurisdiction,2025,https://www.nmhc.org/research-insight/rent-control-tracker/
27611,Raleigh-Durham,35.837,-78.6657,No,2,NMHC/Local Jurisdiction,2025,https://www.nmhc.org/research-insight/rent-control-tracker/
27612,Raleigh-Durham,35.8887,-78.7934,No,2,NMHC/Local Jurisdiction,2025,https://www.nmhc.org/research-insight/rent-control-tracker/
27613,Raleigh-Durham,35.7799,-78.6616,No,2,NMHC/Local Jurisdiction,2025,https://www.nmhc.org/research-insight/rent-control-tracker/
27614,Raleigh-Durham,35.6692,-78.7297,No,2,NMHC/Local Jurisdiction,2025,https://www.nmhc.org/research-insight/rent-control-tracker/
27615,Raleigh-Durham,35.8889,-78.7542,No,2,NMHC/Local Jurisdiction,2025,https://www.nmhc.org/research-insight/rent-control-tracker/
27616,Raleigh-Durham,35.8911,-78.467,No,2,NMHC/Local Jurisdiction,2025,https://www.nmhc.org/research-insight/rent-control-tracker/
27617,Raleigh-Durham,35.717,-78.4878,No,2,NMHC/Local Jurisdiction,2025,https://www.nmhc.org/research-insight/rent-control-tracker/
27618,Raleigh-Durham,35.7076,-78.5006,No,2,NMHC/Local Jurisdiction,2025,https://www.nmhc.org/research-insight/rent-control-tracker/
27619,Raleigh-Durham,35.8838,-78.6927,No,2,NMHC/Local Jurisdiction,2025,https://www.nmhc.org/research-insight/rent-control-tracker/
27620,Raleigh-Durham,35.9064,-78.5947,No,2,NMHC/Local Jurisdiction,2025,https://www.nmhc.org/research-insight/rent-control-tracker/
27621,Raleigh-Durham,35.6376,-78.4659,No,2,NMHC/Local Jurisdiction,2025,https://www.nmhc.org/research-insight/rent-control-tracker/
27622,Raleigh-Durham,35.6989,-78.7593,No,2,NMHC/Local Jurisdiction,2025,https://www.nmhc.org/research-insight/rent-control-tracker/
27623,Raleigh-Durham,35.9188,-78.7907,No,2,NMHC/Local Jurisdiction,2025,https://www.nmhc.org/research-insight/rent-control-tracker/
27624,Raleigh-Durham,35.6915,-78.6916,No,2,NMHC/Local Jurisdiction,2025,https://www.nmhc.org/research-insight/rent-control-tracker/
27625,Raleigh-Durham,35.84,-78.7867,No,2,NMHC/Local Jurisdiction,2025,https://www.nmhc.org/research-insight/rent-control-tracker/
27626,Raleigh-Durham,35.9111,-78.6602,No,2,NMHC/Local Jurisdiction,2025,https://www.nmhc.org/research-insight/rent-control-tracker/
27627,Raleigh-Durham,35.7371,-78.5578,No,2,NMHC/Local Jurisdiction,2025,https://www.nmhc.org/research-insight/rent-control-tracker/
27628,Raleigh-Durham,35.9139,-78.4949,No,2,NMHC/Local Jurisdiction,2025,https://www.nmhc.org/research-insight/rent-control-tracker/
27629,Raleigh-Durham,35.7701,-78.6401,No,2,NMHC/Local Jurisdiction,2025,https://www.nmhc.org/research-insight/rent-control-tracker/
27630,Raleigh-Durham,35.6633,-78.5875,No,2,NMHC/Local Jurisdiction,2025,https://www.nmhc.org/research-insight/rent-control-tracker/
27631,Raleigh-Durham,35.9181,-78.5901,No,2,NMHC/Local Jurisdiction,2025,https://www.nmhc.org/research-insight/rent-control-tracker/
27632,Raleigh-Durham,35.7884,-78.5421,No,2,NMHC/Local Jurisdiction,2025,https://www.nmhc.org/research-insight/rent-control-tracker/
27633,Raleigh-Durham,35.9076,-78.4736,No,2,NMHC/Local Jurisdiction,2025,https://www.nmhc.org/research-insight/rent-control-tracker/
27634,Raleigh-Durham,35.8847,-78.7091,No,2,NMHC/Local Jurisdiction,2025,https://www.nmhc.org/research-insight/rent-control-tracker/
27635,Raleigh-Durham,35.7174,-78.4605,No,2,NMHC/Local Jurisdiction,2025,https://www.nmhc.org/research-insight/rent-control-tracker/
55401,Minneapolis,45.0901,-93.4362,Partial,2,NMHC/Local Jurisdiction,2025,https://www.nmhc.org/research-insight/rent-control-tracker/
55402,Minneapolis,44.9461,-93.3549,Partial,2,NMHC/Local Jurisdiction,2025,https://www.nmhc.org/research-insight/rent-control-tracker/
55403,Minneapolis,44.9389,-93.2056,Partial,2,NMHC/Local Jurisdiction,2025,https://www.nmhc.org/research-insight/rent-control-tracker/
55404,Minneapolis,44.9838,-93.1439,Partial,2,NMHC/Local Jurisdiction,2025,https://www.nmhc.org/research-insight/rent-control-tracker/
55405,Minneapolis,45.0293,-93.1425,Partial,2,NMHC/Local Jurisdiction,2025,https://www.nmhc.org/research-insight/rent-control-tracker/
55406,Minneapolis,44.8357,-93.1993,Partial,2,NMHC/Local Jurisdiction,2025,https://www.nmhc.org/research-insight/rent-control-tracker/
55407,Minneapolis,45.0536,-93.2202,Partial,2,NMHC/Local Jurisdiction,2025,https://www.nmhc.org/research-insight/rent-control-tracker/
55408,Minneapolis,44.8572,-93.3421,Partial,2,NMHC/Local Jurisdiction,2025,https://www.nmhc.org/research-insight/rent-control-tracker/
55409,Minneapolis,44.8772,-93.3331,Partial,2,NMHC/Local Jurisdiction,2025,https://www.nmhc.org/research-insight/rent-control-tracker/
55410,Minneapolis,45.1116,-93.382,Partial,2,NMHC/Local Jurisdiction,2025,https://www.nmhc.org/research-insight/rent-control-tracker/
55411,Minneapolis,44.9096,-93.239,Partial,2,NMHC/Local Jurisdiction,2025,https://www.nmhc.org/research-insight/rent-control-tracker/
55412,Minneapolis,44.8889,-93.323,Partial,2,NMHC/Local Jurisdiction,2025,https://www.nmhc.org/research-insight/rent-control-tracker/
55413,Minneapolis,44.8421,-93.3285,Partial,2,NMHC/Local Jurisdiction,2025,https://www.nmhc.org/research-insight/rent-control-tracker/
55414,Minneapolis,44.8698,-93.3194,Partial,2,NMHC/Local Jurisdiction,2025,https://www.nmhc.org/research-insight/rent-control-tracker/
55415,Minneapolis,44.9872,-93.3829,Partial,2,NMHC/Local Jurisdiction,2025,https://www.nmhc.org/research-insight/rent-control-tracker/
55416,Minneapolis,44.8801,-93.0865,Partial,2,NMHC/Local Jurisdiction,2025,https://www.nmhc.org/research-insight/rent-control-tracker/
55417,Minneapolis,44.9709,-93.2924,Partial,2,NMHC/Local Jurisdiction,2025,https://www.nmhc.org/research-insight/rent-control-tracker/
55418,Minneapolis,45.1121,-93.1039,Partial,2,NMHC/Local Jurisdiction,2025,https://www.nmhc.org/research-insight/rent-control-tracker/
55419,Minneapolis,44.87,-93.3642,Partial,2,NMHC/Local Jurisdiction,2025,https://www.nmhc.org/research-insight/rent-control-tracker/
55420,Minneapolis,44.9393,-93.1102,Partial,2,NMHC/Local Jurisdiction,2025,https://www.nmhc.org/research-insight/rent-control-tracker/
55421,Minneapolis,45.0844,-93.1116,Partial,2,NMHC/Local Jurisdiction,2025,https://www.nmhc.org/research-insight/rent-control-tracker/
55422,Minneapolis,44.912,-93.3073,Partial,2,NMHC/Local Jurisdiction,2025,https://www.nmhc.org/research-insight/rent-control-tracker/
55423,Minneapolis,44.9847,-93.1845,Partial,2,NMHC/Local Jurisdiction,2025,https://www.nmhc.org/research-insight/rent-control-tracker/
55424,Minneapolis,44.96,-93.2417,Partial,2,NMHC/Local Jurisdiction,2025,https://www.nmhc.org/research-insight/rent-control-tracker/
55425,Minneapolis,44.8654,-93.1232,Partial,2,NMHC/Local Jurisdiction,2025,https://www.nmhc.org/research-insight/rent-control-tracker/
55426,Minneapolis,45.0066,-93.4325,Partial,2,NMHC/Local Jurisdiction,2025,https://www.nmhc.org/research-insight/rent-control-tracker/
55427,Minneapolis,44.9101,-93.3012,Partial,2,NMHC/Local Jurisdiction,2025,https://www.nmhc.org/research-insight/rent-control-tracker/
55428,Minneapolis,45.0968,-93.4219,Partial,2,NMHC/Local Jurisdiction,2025,https://www.nmhc.org/research-insight/rent-control-tracker/
55429,Minneapolis,45.12,-93.2742,Partial,2,NMHC/Local Jurisdiction,2025,https://www.nmhc.org/research-insight/rent-control-tracker/
55430,Minneapolis,45.038,-93.1797,Partial,2,NMHC/Local Jurisdiction,2025,https://www.nmhc.org/research-insight/rent-control-tracker/
33601,Tampa Bay,27.9986,-82.5116,No,2,NMHC/Local Jurisdiction,2025,https://www.nmhc.org/research-insight/rent-control-tracker/
33602,Tampa Bay,27.9669,-82.4874,No,2,NMHC/Local Jurisdiction,2025,https://www.nmhc.org/research-insight/rent-control-tracker/
33603,Tampa Bay,27.9849,-82.3721,No,2,NMHC/Local Jurisdiction,2025,https://www.nmhc.org/research-insight/rent-control-tracker/
33604,Tampa Bay,27.8212,-82.284,No,2,NMHC/Local Jurisdiction,2025,https://www.nmhc.org/research-insight/rent-control-tracker/
33605,Tampa Bay,27.8902,-82.5817,No,2,NMHC/Local Jurisdiction,2025,https://www.nmhc.org/research-insight/rent-control-tracker/
33606,Tampa Bay,27.9975,-82.5008,No,2,NMHC/Local Jurisdiction,2025,https://www.nmhc.org/research-insight/rent-control-tracker/
33607,Tampa Bay,27.8167,-82.4116,No,2,NMHC/Local Jurisdiction,2025,https://www.nmhc.org/research-insight/rent-control-tracker/
33608,Tampa Bay,28.0567,-82.4245,No,2,NMHC/Local Jurisdiction,2025,https://www.nmhc.org/research-insight/rent-control-tracker/
33609,Tampa Bay,28.0279,-82.4925,No,2,NMHC/Local Jurisdiction,2025,https://www.nmhc.org/research-insight/rent-control-tracker/
33610,Tampa Bay,27.9879,-82.6369,No,2,NMHC/Local Jurisdiction,2025,https://www.nmhc.org/research-insight/rent-control-tracker/
33611,Tampa Bay,27.9889,-82.4287,No,2,NMHC/Local Jurisdiction,2025,https://www.nmhc.org/research-insight/rent-control-tracker/
33612,Tampa Bay,28.0964,-82.5693,No,2,NMHC/Local Jurisdiction,2025,https://www.nmhc.org/research-insight/rent-control-tracker/
33613,Tampa Bay,28.075,-82.6132,No,2,NMHC/Local Jurisdiction,2025,https://www.nmhc.org/research-insight/rent-control-tracker/
33614,Tampa Bay,28.0243,-82.5429,No,2,NMHC/Local Jurisdiction,2025,https://www.nmhc.org/research-insight/rent-control-tracker/
33615,Tampa Bay,27.8632,-82.5799,No,2,NMHC/Local Jurisdiction,2025,https://www.nmhc.org/research-insight/rent-control-tracker/
33616,Tampa Bay,27.8793,-82.5428,No,2,NMHC/Local Jurisdiction,2025,https://www.nmhc.org/research-insight/rent-control-tracker/
33617,Tampa Bay,27.8741,-82.3869,No,2,NMHC/Local Jurisdiction,2025,https://www.nmhc.org/research-insight/rent-control-tracker/
33618,Tampa Bay,27.9153,-82.3565,No,2,NMHC/Local Jurisdiction,2025,https://www.nmhc.org/research-insight/rent-control-tracker/
33619,Tampa Bay,27.8973,-82.377,No,2,NMHC/Local Jurisdiction,2025,https://www.nmhc.org/research-insight/rent-control-tracker/
33620,Tampa Bay,28.0208,-82.4247,No,2,NMHC/Local Jurisdiction,2025,https://www.nmhc.org/research-insight/rent-control-tracker/
33621,Tampa Bay,27.9501,-82.3987,No,2,NMHC/Local Jurisdiction,2025,https://www.nmhc.org/research-insight/rent-control-tracker/
33622,Tampa Bay,27.9814,-82.6047,No,2,NMHC/Local Jurisdiction,2025,https://www.nmhc.org/research-insight/rent-control-tracker/
33623,Tampa Bay,27.9174,-82.5239,No,2,NMHC/Local Jurisdiction,2025,https://www.nmhc.org/research-insight/rent-control-tracker/
33624,Tampa Bay,27.9226,-82.369,No,2,NMHC/Local Jurisdiction,2025,https://www.nmhc.org/research-insight/rent-control-tracker/
33625,Tampa Bay,27.9608,-82.6035,No,2,NMHC/Local Jurisdiction,2025,https://www.nmhc.org/research-insight/rent-control-tracker/
33626,Tampa Bay,27.8313,-82.5546,No,2,NMHC/Local Jurisdiction,2025,https://www.nmhc.org/research-insight/rent-control-tracker/
33627,Tampa Bay,27.8189,-82.5018,No,2,NMHC/Local Jurisdiction,2025,https://www.nmhc.org/research-insight/rent-control-tracker/
33628,Tampa Bay,27.9677,-82.3873,No,2,NMHC/Local Jurisdiction,2025,https://www.nmhc.org/research-insight/rent-control-tracker/
33629,Tampa Bay,27.8192,-82.4463,No,2,NMHC/Local Jurisdiction,2025,https://www.nmhc.org/research-insight/rent-control-tracker/
33630,Tampa Bay,28.0678,-82.4595,No,2,NMHC/Local Jurisdiction,2025,https://www.nmhc.org/research-insight/rent-control-tracker/
33631,Tampa Bay,27.8376,-82.6007,No,2,NMHC/Local Jurisdiction,2025,https://www.nmhc.org/research-insight/rent-control-tracker/
33632,Tampa Bay,27.8238,-82.5809,No,2,NMHC/Local Jurisdiction,2025,https://www.nmhc.org/research-insight/rent-control-tracker/
33633,Tampa Bay,27.9445,-82.5952,No,2,NMHC/Local Jurisdiction,2025,https://www.nmhc.org/research-insight/rent-control-tracker/
33634,Tampa Bay,27.8879,-82.389,No,2,NMHC/Local Jurisdiction,2025,https://www.nmhc.org/research-insight/rent-control-tracker/
33635,Tampa Bay,27.9175,-82.3407,No,2,NMHC/Local Jurisdiction,2025,https://www.nmhc.org/research-insight/rent-control-tracker/
33636,Tampa Bay,27.867,-82.5172,No,2,NMHC/Local Jurisdiction,2025,https://www.nmhc.org/research-insight/rent-control-tracker/
33637,Tampa Bay,27.8428,-82.4047,No,2,NMHC/Local Jurisdiction,2025,https://www.nmhc.org/research-insight/rent-control-tracker/
33638,Tampa Bay,27.8969,-82.5837,No,2,NMHC/Local Jurisdiction,2025,https://www.nmhc.org/research-insight/rent-control-tracker/
33639,Tampa Bay,27.8519,-82.4583,No,2,NMHC/Local Jurisdiction,2025,https://www.nmhc.org/research-insight/rent-control-tracker/
33640,Tampa Bay,27.819,-82.3059,No,2,NMHC/Local Jurisdiction,2025,https://www.nmhc.org/research-insight/rent-control-tracker/
70112,New Orleans,30.0007,-90.0178,No,2,NMHC/Local Jurisdiction,2025,https://www.nmhc.org/research-insight/rent-control-tracker/
70113,New Orleans,29.9955,-90.2026,No,2,NMHC/Local Jurisdiction,2025,https://www.nmhc.org/research-insight/rent-control-tracker/
70114,New Orleans,30.0978,-90.036,No,2,NMHC/Local Jurisdiction,2025,https://www.nmhc.org/research-insight/rent-control-tracker/
70115,New Orleans,30.0186,-89.901,No,2,NMHC/Local Jurisdiction,2025,https://www.nmhc.org/research-insight/rent-control-tracker/
70116,New Orleans,30.0939,-90.0688,No,2,NMHC/Local Jurisdiction,2025,https://www.nmhc.org/research-insight/rent-control-tracker/
70117,New Orleans,30.0938,-89.9313,No,2,NMHC/Local Jurisdiction,2025,https://www.nmhc.org/research-insight/rent-control-tracker/
70118,New Orleans,29.8235,-90.0269,No,2,NMHC/Local Jurisdiction,2025,https://www.nmhc.org/research-insight/rent-control-tracker/
70119,New Orleans,29.9,-90.1187,No,2,NMHC/Local Jurisdiction,2025,https://www.nmhc.org/research-insight/rent-control-tracker/
70120,New Orleans,30.0111,-89.9881,No,2,NMHC/Local Jurisdiction,2025,https://www.nmhc.org/research-insight/rent-control-tracker/
70121,New Orleans,29.8391,-89.9342,No,2,NMHC/Local Jurisdiction,2025,https://www.nmhc.org/research-insight/rent-control-tracker/
70122,New Orleans,29.962,-90.212,No,2,NMHC/Local Jurisdiction,2025,https://www.nmhc.org/research-insight/rent-control-tracker/
70123,New Orleans,29.8127,-90.0026,No,2,NMHC/Local Jurisdiction,2025,https://www.nmhc.org/research-insight/rent-control-tracker/
70124,New Orleans,29.9329,-90.072,No,2,NMHC/Local Jurisdiction,2025,https://www.nmhc.org/research-insight/rent-control-tracker/
70125,New Orleans,29.8626,-90.0181,No,2,NMHC/Local Jurisdiction,2025,https://www.nmhc.org/research-insight/rent-control-tracker/
70126,New Orleans,29.9915,-90.0393,No,2,NMHC/Local Jurisdiction,2025,https://www.nmhc.org/research-insight/rent-control-tracker/
70127,New Orleans,29.8438,-90.215,No,2,NMHC/Local Jurisdiction,2025,https://www.nmhc.org/research-insight/rent-control-tracker/
70128,New Orleans,29.8668,-90.1334,No,2,NMHC/Local Jurisdiction,2025,https://www.nmhc.org/research-insight/rent-control-tracker/
70129,New Orleans,29.8485,-89.896,No,2,NMHC/Local Jurisdiction,2025,https://www.nmhc.org/research-insight/rent-control-tracker/
70130,New Orleans,29.8377,-89.9451,No,2,NMHC/Local Jurisdiction,2025,https://www.nmhc.org/research-insight/rent-control-tracker/
70131,New Orleans,30.0326,-90.1951,No,2,NMHC/Local Jurisdiction,2025,https://www.nmhc.org/research-insight/rent-control-tracker/
70132,New Orleans,30.0371,-90.2343,No,2,NMHC/Local Jurisdiction,2025,https://www.nmhc.org/research-insight/rent-control-tracker/
70133,New Orleans,29.968,-89.9595,No,2,NMHC/Local Jurisdiction,2025,https://www.nmhc.org/research-insight/rent-control-tracker/
70134,New Orleans,29.8787,-89.9503,No,2,NMHC/Local Jurisdiction,2025,https://www.nmhc.org/research-insight/rent-control-tracker/
70135,New Orleans,30.016,-90.1856,No,2,NMHC/Local Jurisdiction,2025,https://www.nmhc.org/research-insight/rent-control-tracker/
70136,New Orleans,29.9351,-89.9513,No,2,NMHC/Local Jurisdiction,2025,https://www.nmhc.org/research-insight/rent-control-tracker/
23220,Richmond,37.4159,-77.5995,No,2,NMHC/Local Jurisdiction,2025,https://www.nmhc.org/research-insight/rent-control-tracker/
23221,Richmond,37.6849,-77.4639,No,2,NMHC/Local Jurisdiction,2025,https://www.nmhc.org/research-insight/rent-control-tracker/
23222,Richmond,37.4054,-77.4226,No,2,NMHC/Local Jurisdiction,2025,https://www.nmhc.org/research-insight/rent-control-tracker/
23223,Richmond,37.4967,-77.585,No,2,NMHC/Local Jurisdiction,2025,https://www.nmhc.org/research-insight/rent-control-tracker/
23224,Richmond,37.5448,-77.5774,No,2,NMHC/Local Jurisdiction,2025,https://www.nmhc.org/research-insight/rent-control-tracker/
23225,Richmond,37.4723,-77.4837,No,2,NMHC/Local Jurisdiction,2025,https://www.nmhc.org/research-insight/rent-control-tracker/
23226,Richmond,37.6595,-77.4309,No,2,NMHC/Local Jurisdiction,2025,https://www.nmhc.org/research-insight/rent-control-tracker/
23227,Richmond,37.4189,-77.5338,No,2,NMHC/Local Jurisdiction,2025,https://www.nmhc.org/research-insight/rent-control-tracker/
23228,Richmond,37.5328,-77.4454,No,2,NMHC/Local Jurisdiction,2025,https://www.nmhc.org/research-insight/rent-control-tracker/
23229,Richmond,37.526,-77.5971,No,2,NMHC/Local Jurisdiction,2025,https://www.nmhc.org/research-insight/rent-control-tracker/
23230,Richmond,37.5885,-77.5539,No,2,NMHC/Local Jurisdiction,2025,https://www.nmhc.org/research-insight/rent-control-tracker/
23231,Richmond,37.5199,-77.5093,No,2,NMHC/Local Jurisdiction,2025,https://www.nmhc.org/research-insight/rent-control-tracker/
23232,Richmond,37.4466,-77.5103,No,2,NMHC/Local Jurisdiction,2025,https://www.nmhc.org/research-insight/rent-control-tracker/
23233,Richmond,37.4853,-77.4535,No,2,NMHC/Local Jurisdiction,2025,https://www.nmhc.org/research-insight/rent-control-tracker/
23234,Richmond,37.6252,-77.5046,No,2,NMHC/Local Jurisdiction,2025,https://www.nmhc.org/research-insight/rent-control-tracker/
23235,Richmond,37.4086,-77.3644,No,2,NMHC/Local Jurisdiction,2025,https://www.nmhc.org/research-insight/rent-control-tracker/
23236,Richmond,37.4421,-77.4001,No,2,NMHC/Local Jurisdiction,2025,https://www.nmhc.org/research-insight/rent-control-tracker/
23237,Richmond,37.6444,-77.5962,No,2,NMHC/Local Jurisdiction,2025,https://www.nmhc.org/research-insight/rent-control-tracker/
23238,Richmond,37.5241,-77.3425,No,2,NMHC/Local Jurisdiction,2025,https://www.nmhc.org/research-insight/rent-control-tracker/
23239,Richmond,37.6458,-77.611,No,2,NMHC/Local Jurisdiction,2025,https://www.nmhc.org/research-insight/rent-control-tracker/
23240,Richmond,37.5877,-77.2828,No,2,NMHC/Local Jurisdiction,2025,https://www.nmhc.org/research-insight/rent-control-tracker/
23241,Richmond,37.5335,-77.3148,No,2,NMHC/Local Jurisdiction,2025,https://www.nmhc.org/research-insight/rent-control-tracker/
23242,Richmond,37.618,-77.5881,No,2,NMHC/Local Jurisdiction,2025,https://www.nmhc.org/research-insight/rent-control-tracker/
23243,Richmond,37.6746,-77.4299,No,2,NMHC/Local Jurisdiction,2025,https://www.nmhc.org/research-insight/rent-control-tracker/
23244,Richmond,37.4129,-77.5491,No,2,NMHC/Local Jurisdiction,2025,https://www.nmhc.org/research-insight/rent-control-tracker/
35201,Birmingham,33.4901,-86.7203,No,2,NMHC/Local Jurisdiction,2025,https://www.nmhc.org/research-insight/rent-control-tracker/
35202,Birmingham,33.3741,-86.8958,No,2,NMHC/Local Jurisdiction,2025,https://www.nmhc.org/research-insight/rent-control-tracker/
35203,Birmingham,33.456,-86.7176,No,2,NMHC/Local Jurisdiction,2025,https://www.nmhc.org/research-insight/rent-control-tracker/
35204,Birmingham,33.4961,-86.9773,No,2,NMHC/Local Jurisdiction,2025,https://www.nmhc.org/research-insight/rent-control-tracker/
35205,Birmingham,33.6097,-86.9059,No,2,NMHC/Local Jurisdiction,2025,https://www.nmhc.org/research-insight/rent-control-tracker/
35206,Birmingham,33.5145,-86.707,No,2,NMHC/Local Jurisdiction,2025,https://www.nmhc.org/research-insight/rent-control-tracker/
35207,Birmingham,33.6256,-86.8317,No,2,NMHC/Local Jurisdiction,2025,https://www.nmhc.org/research-insight/rent-control-tracker/
35208,Birmingham,33.5024,-86.9896,No,2,NMHC/Local Jurisdiction,2025,https://www.nmhc.org/research-insight/rent-control-tracker/
35209,Birmingham,33.5363,-86.6368,No,2,NMHC/Local Jurisdiction,2025,https://www.nmhc.org/research-insight/rent-control-tracker/
35210,Birmingham,33.5389,-86.7826,No,2,NMHC/Local Jurisdiction,2025,https://www.nmhc.org/research-insight/rent-control-tracker/
35211,Birmingham,33.3983,-86.887,No,2,NMHC/Local Jurisdiction,2025,https://www.nmhc.org/research-insight/rent-control-tracker/
35212,Birmingham,33.4121,-86.9251,No,2,NMHC/Local Jurisdiction,2025,https://www.nmhc.org/research-insight/rent-control-tracker/
35213,Birmingham,33.5525,-86.756,No,2,NMHC/Local Jurisdiction,2025,https://www.nmhc.org/research-insight/rent-control-tracker/
35214,Birmingham,33.6606,-86.8263,No,2,NMHC/Local Jurisdiction,2025,https://www.nmhc.org/research-insight/rent-control-tracker/
35215,Birmingham,33.4282,-86.7244,No,2,NMHC/Local Jurisdiction,2025,https://www.nmhc.org/research-insight/rent-control-tracker/
35216,Birmingham,33.4336,-86.7062,No,2,NMHC/Local Jurisdiction,2025,https://www.nmhc.org/research-insight/rent-control-tracker/
35217,Birmingham,33.6403,-86.6336,No,2,NMHC/Local Jurisdiction,2025,https://www.nmhc.org/research-insight/rent-control-tracker/
35218,Birmingham,33.3932,-86.7566,No,2,NMHC/Local Jurisdiction,2025,https://www.nmhc.org/research-insight/rent-control-tracker/
35219,Birmingham,33.5263,-86.9559,No,2,NMHC/Local Jurisdiction,2025,https://www.nmhc.org/research-insight/rent-control-tracker/
35220,Birmingham,33.4906,-86.97,No,2,NMHC/Local Jurisdiction,2025,https://www.nmhc.org/research-insight/rent-control-tracker/
35221,Birmingham,33.5274,-86.9599,No,2,NMHC/Local Jurisdiction,2025,https://www.nmhc.org/research-insight/rent-control-tracker/
35222,Birmingham,33.3758,-86.956,No,2,NMHC/Local Jurisdiction,2025,https://www.nmhc.org/research-insight/rent-control-tracker/
35223,Birmingham,33.5678,-86.8921,No,2,NMHC/Local Jurisdiction,2025,https://www.nmhc.org/research-insight/rent-control-tracker/
35224,Birmingham,33.6499,-86.6487,No,2,NMHC/Local Jurisdiction,2025,https://www.nmhc.org/research-insight/rent-control-tracker/
35225,Birmingham,33.4204,-86.957,No,2,NMHC/Local Jurisdiction,2025,https://www.nmhc.org/research-insight/rent-control-tracker/
39201,Jackson,32.2271,-90.2321,No,2,NMHC/Local Jurisdiction,2025,https://www.nmhc.org/research-insight/rent-control-tracker/
39202,Jackson,32.1528,-90.3527,No,2,NMHC/Local Jurisdiction,2025,https://www.nmhc.org/research-insight/rent-control-tracker/
39203,Jackson,32.1656,-90.2184,No,2,NMHC/Local Jurisdiction,2025,https://www.nmhc.org/research-insight/rent-control-tracker/
39204,Jackson,32.2514,-90.3531,No,2,NMHC/Local Jurisdiction,2025,https://www.nmhc.org/research-insight/rent-control-tracker/
39205,Jackson,32.1709,-90.3045,No,2,NMHC/Local Jurisdiction,2025,https://www.nmhc.org/research-insight/rent-control-tracker/
39206,Jackson,32.2849,-90.3222,No,2,NMHC/Local Jurisdiction,2025,https://www.nmhc.org/research-insight/rent-control-tracker/
39207,Jackson,32.2956,-90.2128,No,2,NMHC/Local Jurisdiction,2025,https://www.nmhc.org/research-insight/rent-control-tracker/
39208,Jackson,32.2655,-90.2881,No,2,NMHC/Local Jurisdiction,2025,https://www.nmhc.org/research-insight/rent-control-tracker/
39209,Jackson,32.1819,-90.1096,No,2,NMHC/Local Jurisdiction,2025,https://www.nmhc.org/research-insight/rent-control-tracker/
39210,Jackson,32.1713,-90.305,No,2,NMHC/Local Jurisdiction,2025,https://www.nmhc.org/research-insight/rent-control-tracker/
39211,Jackson,32.4482,-90.2347,No,2,NMHC/Local Jurisdiction,2025,https://www.nmhc.org/research-insight/rent-control-tracker/
39212,Jackson,32.296,-90.2763,No,2,NMHC/Local Jurisdiction,2025,https://www.nmhc.org/research-insight/rent-control-tracker/
39213,Jackson,32.1967,-90.2215,No,2,NMHC/Local Jurisdiction,2025,https://www.nmhc.org/research-insight/rent-control-tracker/
39214,Jackson,32.3854,-90.3628,No,2,NMHC/Local Jurisdiction,2025,https://www.nmhc.org/research-insight/rent-control-tracker/
39215,Jackson,32.3652,-90.304,No,2,NMHC/Local Jurisdiction,2025,https://www.nmhc.org/research-insight/rent-control-tracker/
72201,Little Rock,34.7682,-92.3894,No,2,NMHC/Local Jurisdiction,2025,https://www.nmhc.org/research-insight/rent-control-tracker/
72202,Little Rock,34.7976,-92.1628,No,2,NMHC/Local Jurisdiction,2025,https://www.nmhc.org/research-insight/rent-control-tracker/
72203,Little Rock,34.6219,-92.3923,No,2,NMHC/Local Jurisdiction,2025,https://www.nmhc.org/research-insight/rent-control-tracker/
72204,Little Rock,34.7488,-92.4652,No,2,NMHC/Local Jurisdiction,2025,https://www.nmhc.org/research-insight/rent-control-tracker/
72205,Little Rock,34.7948,-92.249,No,2,NMHC/Local Jurisdiction,2025,https://www.nmhc.org/research-insight/rent-control-tracker/
72206,Little Rock,34.6569,-92.1649,No,2,NMHC/Local Jurisdiction,2025,https://www.nmhc.org/research-insight/rent-control-tracker/
72207,Little Rock,34.7913,-92.2076,No,2,NMHC/Local Jurisdiction,2025,https://www.nmhc.org/research-insight/rent-control-tracker/
72208,Little Rock,34.7869,-92.3467,No,2,NMHC/Local Jurisdiction,2025,https://www.nmhc.org/research-insight/rent-control-tracker/
72209,Little Rock,34.8213,-92.4585,No,2,NMHC/Local Jurisdiction,2025,https://www.nmhc.org/research-insight/rent-control-tracker/
72210,Little Rock,34.8875,-92.1108,No,2,NMHC/Local Jurisdiction,2025,https://www.nmhc.org/research-insight/rent-control-tracker/
72211,Little Rock,34.6962,-92.2345,No,2,NMHC/Local Jurisdiction,2025,https://www.nmhc.org/research-insight/rent-control-tracker/
72212,Little Rock,34.6491,-92.124,No,2,NMHC/Local Jurisdiction,2025,https://www.nmhc.org/research-insight/rent-control-tracker/
72213,Little Rock,34.8331,-92.4152,No,2,NMHC/Local Jurisdiction,2025,https://www.nmhc.org/research-insight/rent-control-tracker/
72214,Little Rock,34.6539,-92.422,No,2,NMHC/Local Jurisdiction,2025,https://www.nmhc.org/research-insight/rent-control-tracker/
72215,Little Rock,34.5972,-92.1171,No,2,NMHC/Local Jurisdiction,2025,https://www.nmhc.org/research-insight/rent-control-tracker/
72216,Little Rock,34.8815,-92.2356,No,2,NMHC/Local Jurisdiction,2025,https://www.nmhc.org/research-insight/rent-control-tracker/
72217,Little Rock,34.6064,-92.3915,No,2,NMHC/Local Jurisdiction,2025,https://www.nmhc.org/research-insight/rent-control-tracker/
72218,Little Rock,34.8266,-92.1155,No,2,NMHC/Local Jurisdiction,2025,https://www.nmhc.org/research-insight/rent-control-tracker/
72219,Little Rock,34.6087,-92.1653,No,2,NMHC/Local Jurisdiction,2025,https://www.nmhc.org/research-insight/rent-control-tracker/
72220,Little Rock,34.7655,-92.4348,No,2,NMHC/Local Jurisdiction,2025,https://www.nmhc.org/research-insight/rent-control-tracker/
37401,Chattanooga,35.1461,-85.4534,No,2,NMHC/Local Jurisdiction,2025,https://www.nmhc.org/research-insight/rent-control-tracker/
37402,Chattanooga,34.9016,-85.1394,No,2,NMHC/Local Jurisdiction,2025,https://www.nmhc.org/research-insight/rent-control-tracker/
37403,Chattanooga,34.9809,-85.4578,No,2,NMHC/Local Jurisdiction,2025,https://www.nmhc.org/research-insight/rent-control-tracker/
37404,Chattanooga,34.9264,-85.3973,No,2,NMHC/Local Jurisdiction,2025,https://www.nmhc.org/research-insight/rent-control-tracker/
37405,Chattanooga,34.953,-85.1991,No,2,NMHC/Local Jurisdiction,2025,https://www.nmhc.org/research-insight/rent-control-tracker/
37406,Chattanooga,34.9671,-85.1632,No,2,NMHC/Local Jurisdiction,2025,https://www.nmhc.org/research-insight/rent-control-tracker/
37407,Chattanooga,35.0358,-85.4468,No,2,NMHC/Local Jurisdiction,2025,https://www.nmhc.org/research-insight/rent-control-tracker/
37408,Chattanooga,35.1555,-85.4106,No,2,NMHC/Local Jurisdiction,2025,https://www.nmhc.org/research-insight/rent-control-tracker/
37409,Chattanooga,34.8976,-85.3465,No,2,NMHC/Local Jurisdiction,2025,https://www.nmhc.org/research-insight/rent-control-tracker/
37410,Chattanooga,35.0951,-85.3763,No,2,NMHC/Local Jurisdiction,2025,https://www.nmhc.org/research-insight/rent-control-tracker/
37411,Chattanooga,34.9414,-85.4732,No,2,NMHC/Local Jurisdiction,2025,https://www.nmhc.org/research-insight/rent-control-tracker/
37412,Chattanooga,35.0932,-85.1884,No,2,NMHC/Local Jurisdiction,2025,https://www.nmhc.org/research-insight/rent-control-tracker/
37413,Chattanooga,35.0907,-85.371,No,2,NMHC/Local Jurisdiction,2025,https://www.nmhc.org/research-insight/rent-control-tracker/
37414,Chattanooga,35.0638,-85.1962,No,2,NMHC/Local Jurisdiction,2025,https://www.nmhc.org/research-insight/rent-control-tracker/
37415,Chattanooga,35.1133,-85.1357,No,2,NMHC/Local Jurisdiction,2025,https://www.nmhc.org/research-insight/rent-control-tracker/
37416,Chattanooga,35.1223,-85.2977,No,2,NMHC/Local Jurisdiction,2025,https://www.nmhc.org/research-insight/rent-control-tracker/
37417,Chattanooga,35.0357,-85.4008,No,2,NMHC/Local Jurisdiction,2025,https://www.nmhc.org/research-insight/rent-control-tracker/
37418,Chattanooga,35.053,-85.3714,No,2,NMHC/Local Jurisdiction,2025,https://www.nmhc.org/research-insight/rent-control-tracker/
37419,Chattanooga,35.1174,-85.1895,No,2,NMHC/Local Jurisdiction,2025,https://www.nmhc.org/research-insight/rent-control-tracker/
37420,Chattanooga,35.0582,-85.3824,No,2,NMHC/Local Jurisdiction,2025,https://www.nmhc.org/research-insight/rent-control-tracker/
37901,Knoxville,35.9806,-83.8556,No,2,NMHC/Local Jurisdiction,2025,https://www.nmhc.org/research-insight/rent-control-tracker/
37902,Knoxville,36.1059,-83.8437,No,2,NMHC/Local Jurisdiction,2025,https://www.nmhc.org/research-insight/rent-control-tracker/
37903,Knoxville,35.9361,-83.8778,No,2,NMHC/Local Jurisdiction,2025,https://www.nmhc.org/research-insight/rent-control-tracker/
37904,Knoxville,35.9969,-84.0337,No,2,NMHC/Local Jurisdiction,2025,https://www.nmhc.org/research-insight/rent-control-tracker/
37905,Knoxville,35.8953,-84.0148,No,2,NMHC/Local Jurisdiction,2025,https://www.nmhc.org/research-insight/rent-control-tracker/
37906,Knoxville,35.8615,-83.9467,No,2,NMHC/Local Jurisdiction,2025,https://www.nmhc.org/research-insight/rent-control-tracker/
37907,Knoxville,35.9189,-83.7765,No,2,NMHC/Local Jurisdiction,2025,https://www.nmhc.org/research-insight/rent-control-tracker/
37908,Knoxville,35.8884,-83.8143,No,2,NMHC/Local Jurisdiction,2025,https://www.nmhc.org/research-insight/rent-control-tracker/
37909,Knoxville,36.0959,-83.7466,No,2,NMHC/Local Jurisdiction,2025,https://www.nmhc.org/research-insight/rent-control-tracker/
37910,Knoxville,35.9395,-83.7964,No,2,NMHC/Local Jurisdiction,2025,https://www.nmhc.org/research-insight/rent-control-tracker/
37911,Knoxville,35.9424,-83.9064,No,2,NMHC/Local Jurisdiction,2025,https://www.nmhc.org/research-insight/rent-control-tracker/
37912,Knoxville,35.8986,-84.0266,No,2,NMHC/Local Jurisdiction,2025,https://www.nmhc.org/research-insight/rent-control-tracker/
37913,Knoxville,35.826,-83.9278,No,2,NMHC/Local Jurisdiction,2025,https://www.nmhc.org/research-insight/rent-control-tracker/
37914,Knoxville,35.9466,-83.8265,No,2,NMHC/Local Jurisdiction,2025,https://www.nmhc.org/research-insight/rent-control-tracker/
37915,Knoxville,35.9807,-84.0089,No,2,NMHC/Local Jurisdiction,2025,https://www.nmhc.org/research-insight/rent-control-tracker/
37916,Knoxville,35.8224,-83.9231,No,2,NMHC/Local Jurisdiction,2025,https://www.nmhc.org/research-insight/rent-control-tracker/
37917,Knoxville,35.8801,-83.8696,No,2,NMHC/Local Jurisdiction,2025,https://www.nmhc.org/research-insight/rent-control-tracker/
37918,Knoxville,35.9267,-83.9212,No,2,NMHC/Local Jurisdiction,2025,https://www.nmhc.org/research-insight/rent-control-tracker/
37919,Knoxville,35.9123,-84.0963,No,2,NMHC/Local Jurisdiction,2025,https://www.nmhc.org/research-insight/rent-control-tracker/
37920,Knoxville,36.0378,-83.7642,No,2,NMHC/Local Jurisdiction,2025,https://www.nmhc.org/research-insight/rent-control-tracker/
35801,Huntsville,34.7079,-86.7432,No,2,NMHC/Local Jurisdiction,2025,https://www.nmhc.org/research-insight/rent-control-tracker/
35802,Huntsville,34.7481,-86.4382,No,2,NMHC/Local Jurisdiction,2025,https://www.nmhc.org/research-insight/rent-control-tracker/
35803,Huntsville,34.7966,-86.6401,No,2,NMHC/Local Jurisdiction,2025,https://www.nmhc.org/research-insight/rent-control-tracker/
35804,Huntsville,34.7559,-86.582,No,2,NMHC/Local Jurisdiction,2025,https://www.nmhc.org/research-insight/rent-control-tracker/
35805,Huntsville,34.8125,-86.4995,No,2,NMHC/Local Jurisdiction,2025,https://www.nmhc.org/research-insight/rent-control-tracker/
35806,Huntsville,34.7077,-86.736,No,2,NMHC/Local Jurisdiction,2025,https://www.nmhc.org/research-insight/rent-control-tracker/
35807,Huntsville,34.8121,-86.7147,No,2,NMHC/Local Jurisdiction,2025,https://www.nmhc.org/research-insight/rent-control-tracker/
35808,Huntsville,34.7777,-86.4916,No,2,NMHC/Local Jurisdiction,2025,https://www.nmhc.org/research-insight/rent-control-tracker/
35809,Huntsville,34.8185,-86.5026,No,2,NMHC/Local Jurisdiction,2025,https://www.nmhc.org/research-insight/rent-control-tracker/
35810,Huntsville,34.6263,-86.621,No,2,NMHC/Local Jurisdiction,2025,https://www.nmhc.org/research-insight/rent-control-tracker/
35811,Huntsville,34.8674,-86.6693,No,2,NMHC/Local Jurisdiction,2025,https://www.nmhc.org/research-insight/rent-control-tracker/
35812,Huntsville,34.8036,-86.6961,No,2,NMHC/Local Jurisdiction,2025,https://www.nmhc.org/research-insight/rent-control-tracker/
35813,Huntsville,34.727,-86.7408,No,2,NMHC/Local Jurisdiction,2025,https://www.nmhc.org/research-insight/rent-control-tracker/
35814,Huntsville,34.7605,-86.5112,No,2,NMHC/Local Jurisdiction,2025,https://www.nmhc.org/research-insight/rent-control-tracker/
35815,Huntsville,34.6437,-86.6057,No,2,NMHC/Local Jurisdiction,2025,https://www.nmhc.org/research-insight/rent-control-tracker/
35816,Huntsville,34.5926,-86.656,No,2,NMHC/Local Jurisdiction,2025,https://www.nmhc.org/research-insight/rent-control-tracker/
35817,Huntsville,34.7372,-86.4676,No,2,NMHC/Local Jurisdiction,2025,https://www.nmhc.org/research-insight/rent-control-tracker/
35818,Huntsville,34.8734,-86.6638,No,2,NMHC/Local Jurisdiction,2025,https://www.nmhc.org/research-insight/rent-control-tracker/
35819,Huntsville,34.7794,-86.5838,No,2,NMHC/Local Jurisdiction,2025,https://www.nmhc.org/research-insight/rent-control-tracker/
35820,Huntsville,34.604,-86.6983,No,2,NMHC/Local Jurisdiction,2025,https://www.nmhc.org/research-insight/rent-control-tracker/
80901,Colorado Springs,38.6889,-104.726,No,2,NMHC/Local Jurisdiction,2025,https://www.nmhc.org/research-insight/rent-control-tracker/
80902,Colorado Springs,38.6976,-104.8922,No,2,NMHC/Local Jurisdiction,2025,https://www.nmhc.org/research-insight/rent-control-tracker/
80903,Colorado Springs,38.7572,-104.7671,No,2,NMHC/Local Jurisdiction,2025,https://www.nmhc.org/research-insight/rent-control-tracker/
80904,Colorado Springs,38.7692,-104.9203,No,2,NMHC/Local Jurisdiction,2025,https://www.nmhc.org/research-insight/rent-control-tracker/
80905,Colorado Springs,38.897,-104.7245,No,2,NMHC/Local Jurisdiction,2025,https://www.nmhc.org/research-insight/rent-control-tracker/
80906,Colorado Springs,38.9338,-104.7896,No,2,NMHC/Local Jurisdiction,2025,https://www.nmhc.org/research-insight/rent-control-tracker/
80907,Colorado Springs,38.7351,-104.7152,No,2,NMHC/Local Jurisdiction,2025,https://www.nmhc.org/research-insight/rent-control-tracker/
80908,Colorado Springs,38.7261,-104.9324,No,2,NMHC/Local Jurisdiction,2025,https://www.nmhc.org/research-insight/rent-control-tracker/
80909,Colorado Springs,38.7516,-104.6453,No,2,NMHC/Local Jurisdiction,2025,https://www.nmhc.org/research-insight/rent-control-tracker/
80910,Colorado Springs,38.7266,-104.8132,No,2,NMHC/Local Jurisdiction,2025,https://www.nmhc.org/research-insight/rent-control-tracker/
80911,Colorado Springs,38.745,-104.9654,No,2,NMHC/Local Jurisdiction,2025,https://www.nmhc.org/research-insight/rent-control-tracker/
80912,Colorado Springs,38.8741,-104.9725,No,2,NMHC/Local Jurisdiction,2025,https://www.nmhc.org/research-insight/rent-control-tracker/
80913,Colorado Springs,38.6908,-104.9241,No,2,NMHC/Local Jurisdiction,2025,https://www.nmhc.org/research-insight/rent-control-tracker/
80914,Colorado Springs,38.7963,-104.7415,No,2,NMHC/Local Jurisdiction,2025,https://www.nmhc.org/research-insight/rent-control-tracker/
80915,Colorado Springs,38.9103,-104.9924,No,2,NMHC/Local Jurisdiction,2025,https://www.nmhc.org/research-insight/rent-control-tracker/
80916,Colorado Springs,38.8286,-104.7344,No,2,NMHC/Local Jurisdiction,2025,https://www.nmhc.org/research-insight/rent-control-tracker/
80917,Colorado Springs,38.7612,-104.9417,No,2,NMHC/Local Jurisdiction,2025,https://www.nmhc.org/research-insight/rent-control-tracker/
80918,Colorado Springs,38.8939,-104.8331,No,2,NMHC/Local Jurisdiction,2025,https://www.nmhc.org/research-insight/rent-control-tracker/
80919,Colorado Springs,38.8516,-104.8742,No,2,NMHC/Local Jurisdiction,2025,https://www.nmhc.org/research-insight/rent-control-tracker/
80920,Colorado Springs,38.8249,-104.9132,No,2,NMHC/Local Jurisdiction,2025,https://www.nmhc.org/research-insight/rent-control-tracker/
80521,Fort Collins,40.6156,-105.0487,No,2,NMHC/Local Jurisdiction,2025,https://www.nmhc.org/research-insight/rent-control-tracker/
80522,Fort Collins,40.5813,-105.0875,No,2,NMHC/Local Jurisdiction,2025,https://www.nmhc.org/research-insight/rent-control-tracker/
80523,Fort Collins,40.7337,-105.2207,No,2,NMHC/Local Jurisdiction,2025,https://www.nmhc.org/research-insight/rent-control-tracker/
80524,Fort Collins,40.5595,-105.1563,No,2,NMHC/Local Jurisdiction,2025,https://www.nmhc.org/research-insight/rent-control-tracker/
80525,Fort Collins,40.5862,-104.9995,No,2,NMHC/Local Jurisdiction,2025,https://www.nmhc.org/research-insight/rent-control-tracker/
80526,Fort Collins,40.4926,-105.1942,No,2,NMHC/Local Jurisdiction,2025,https://www.nmhc.org/research-insight/rent-control-tracker/
80527,Fort Collins,40.6055,-104.9815,No,2,NMHC/Local Jurisdiction,2025,https://www.nmhc.org/research-insight/rent-control-tracker/
80528,Fort Collins,40.5814,-105.0669,No,2,NMHC/Local Jurisdiction,2025,https://www.nmhc.org/research-insight/rent-control-tracker/
80529,Fort Collins,40.4537,-104.9633,No,2,NMHC/Local Jurisdiction,2025,https://www.nmhc.org/research-insight/rent-control-tracker/
80530,Fort Collins,40.6692,-104.9353,No,2,NMHC/Local Jurisdiction,2025,https://www.nmhc.org/research-insight/rent-control-tracker/
80531,Fort Collins,40.7276,-104.9174,No,2,NMHC/Local Jurisdiction,2025,https://www.nmhc.org/research-insight/rent-control-tracker/
80532,Fort Collins,40.5228,-105.1228,No,2,NMHC/Local Jurisdiction,2025,https://www.nmhc.org/research-insight/rent-control-tracker/
80533,Fort Collins,40.7307,-105.1286,No,2,NMHC/Local Jurisdiction,2025,https://www.nmhc.org/research-insight/rent-control-tracker/
80534,Fort Collins,40.6703,-105.1334,No,2,NMHC/Local Jurisdiction,2025,https://www.nmhc.org/research-insight/rent-control-tracker/
80535,Fort Collins,40.5431,-105.0584,No,2,NMHC/Local Jurisdiction,2025,https://www.nmhc.org/research-insight/rent-control-tracker/
83701,Boise,43.7247,-116.0441,No,2,NMHC/Local Jurisdiction,2025,https://www.nmhc.org/research-insight/rent-control-tracker/
83702,Boise,43.6019,-116.2558,No,2,NMHC/Local Jurisdiction,2025,https://www.nmhc.org/research-insight/rent-control-tracker/
83703,Boise,43.6464,-116.2294,No,2,NMHC/Local Jurisdiction,2025,https://www.nmhc.org/research-insight/rent-control-tracker/
83704,Boise,43.6846,-116.3613,No,2,NMHC/Local Jurisdiction,2025,https://www.nmhc.org/research-insight/rent-control-tracker/
83705,Boise,43.7173,-116.1541,No,2,NMHC/Local Jurisdiction,2025,https://www.nmhc.org/research-insight/rent-control-tracker/
83706,Boise,43.5021,-116.1499,No,2,NMHC/Local Jurisdiction,2025,https://www.nmhc.org/research-insight/rent-control-tracker/
83707,Boise,43.5185,-116.0558,No,2,NMHC/Local Jurisdiction,2025,https://www.nmhc.org/research-insight/rent-control-tracker/
83708,Boise,43.7088,-116.1862,No,2,NMHC/Local Jurisdiction,2025,https://www.nmhc.org/research-insight/rent-control-tracker/
83709,Boise,43.718,-116.3356,No,2,NMHC/Local Jurisdiction,2025,https://www.nmhc.org/research-insight/rent-control-tracker/
83710,Boise,43.5694,-116.3151,No,2,NMHC/Local Jurisdiction,2025,https://www.nmhc.org/research-insight/rent-control-tracker/
83711,Boise,43.514,-116.3647,No,2,NMHC/Local Jurisdiction,2025,https://www.nmhc.org/research-insight/rent-control-tracker/
83712,Boise,43.5914,-116.2544,No,2,NMHC/Local Jurisdiction,2025,https://www.nmhc.org/research-insight/rent-control-tracker/
83713,Boise,43.677,-116.2647,No,2,NMHC/Local Jurisdiction,2025,https://www.nmhc.org/research-insight/rent-control-tracker/
83714,Boise,43.5255,-116.2124,No,2,NMHC/Local Jurisdiction,2025,https://www.nmhc.org/research-insight/rent-control-tracker/
83715,Boise,43.6774,-116.1641,No,2,NMHC/Local Jurisdiction,2025,https://www.nmhc.org/research-insight/rent-control-tracker/
83716,Boise,43.5902,-116.2899,No,2,NMHC/Local Jurisdiction,2025,https://www.nmhc.org/research-insight/rent-control-tracker/
83717,Boise,43.7008,-116.3328,No,2,NMHC/Local Jurisdiction,2025,https://www.nmhc.org/research-insight/rent-control-tracker/
83718,Boise,43.5903,-116.2651,No,2,NMHC/Local Jurisdiction,2025,https://www.nmhc.org/research-insight/rent-control-tracker/
83719,Boise,43.4972,-116.3332,No,2,NMHC/Local Jurisdiction,2025,https://www.nmhc.org/research-insight/rent-control-tracker/
83720,Boise,43.699,-116.2283,No,2,NMHC/Local Jurisdiction,2025,https://www.nmhc.org/research-insight/rent-control-tracker/
84101,Salt Lake City,40.8773,-111.9314,No,2,NMHC/Local Jurisdiction,2025,https://www.nmhc.org/research-insight/rent-control-tracker/
84102,Salt Lake City,40.6363,-112.0239,No,2,NMHC/Local Jurisdiction,2025,https://www.nmhc.org/research-insight/rent-control-tracker/
84103,Salt Lake City,40.7514,-111.8461,No,2,NMHC/Local Jurisdiction,2025,https://www.nmhc.org/research-insight/rent-control-tracker/
84104,Salt Lake City,40.823,-111.9307,No,2,NMHC/Local Jurisdiction,2025,https://www.nmhc.org/research-insight/rent-control-tracker/
84105,Salt Lake City,40.6169,-111.754,No,2,NMHC/Local Jurisdiction,2025,https://www.nmhc.org/research-insight/rent-control-tracker/
84106,Salt Lake City,40.825,-111.9304,No,2,NMHC/Local Jurisdiction,2025,https://www.nmhc.org/research-insight/rent-control-tracker/
84107,Salt Lake City,40.7135,-111.8584,No,2,NMHC/Local Jurisdiction,2025,https://www.nmhc.org/research-insight/rent-control-tracker/
84108,Salt Lake City,40.6178,-112.023,No,2,NMHC/Local Jurisdiction,2025,https://www.nmhc.org/research-insight/rent-control-tracker/
84109,Salt Lake City,40.6842,-111.832,No,2,NMHC/Local Jurisdiction,2025,https://www.nmhc.org/research-insight/rent-control-tracker/
84110,Salt Lake City,40.6812,-111.8502,No,2,NMHC/Local Jurisdiction,2025,https://www.nmhc.org/research-insight/rent-control-tracker/
84111,Salt Lake City,40.7174,-111.7903,No,2,NMHC/Local Jurisdiction,2025,https://www.nmhc.org/research-insight/rent-control-tracker/
84112,Salt Lake City,40.8392,-111.8342,No,2,NMHC/Local Jurisdiction,2025,https://www.nmhc.org/research-insight/rent-control-tracker/
84113,Salt Lake City,40.8892,-111.8919,No,2,NMHC/Local Jurisdiction,2025,https://www.nmhc.org/research-insight/rent-control-tracker/
84114,Salt Lake City,40.8178,-111.7551,No,2,NMHC/Local Jurisdiction,2025,https://www.nmhc.org/research-insight/rent-control-tracker/
84115,Salt Lake City,40.8422,-111.9471,No,2,NMHC/Local Jurisdiction,2025,https://www.nmhc.org/research-insight/rent-control-tracker/
84116,Salt Lake City,40.8637,-111.9126,No,2,NMHC/Local Jurisdiction,2025,https://www.nmhc.org/research-insight/rent-control-tracker/
84117,Salt Lake City,40.7678,-111.8173,No,2,NMHC/Local Jurisdiction,2025,https://www.nmhc.org/research-insight/rent-control-tracker/
84118,Salt Lake City,40.7497,-111.8455,No,2,NMHC/Local Jurisdiction,2025,https://www.nmhc.org/research-insight/rent-control-tracker/
84119,Salt Lake City,40.8466,-111.8149,No,2,NMHC/Local Jurisdiction,2025,https://www.nmhc.org/research-insight/rent-control-tracker/
84120,Salt Lake City,40.8174,-111.8833,No,2,NMHC/Local Jurisdiction,2025,https://www.nmhc.org/research-insight/rent-control-tracker/
84121,Salt Lake City,40.7933,-111.7582,No,2,NMHC/Local Jurisdiction,2025,https://www.nmhc.org/research-insight/rent-control-tracker/
84122,Salt Lake City,40.6815,-111.9512,No,2,NMHC/Local Jurisdiction,2025,https://www.nmhc.org/research-insight/rent-control-tracker/
84123,Salt Lake City,40.7958,-111.9414,No,2,NMHC/Local Jurisdiction,2025,https://www.nmhc.org/research-insight/rent-control-tracker/
84124,Salt Lake City,40.7031,-111.7985,No,2,NMHC/Local Jurisdiction,2025,https://www.nmhc.org/research-insight/rent-control-tracker/
84125,Salt Lake City,40.8587,-111.7259,No,2,NMHC/Local Jurisdiction,2025,https://www.nmhc.org/research-insight/rent-control-tracker/
84126,Salt Lake City,40.6944,-112.0675,No,2,NMHC/Local Jurisdiction,2025,https://www.nmhc.org/research-insight/rent-control-tracker/
84127,Salt Lake City,40.7442,-112.0667,No,2,NMHC/Local Jurisdiction,2025,https://www.nmhc.org/research-insight/rent-control-tracker/
84128,Salt Lake City,40.8542,-111.9549,No,2,NMHC/Local Jurisdiction,2025,https://www.nmhc.org/research-insight/rent-control-tracker/
84129,Salt Lake City,40.7484,-111.8172,No,2,NMHC/Local Jurisdiction,2025,https://www.nmhc.org/research-insight/rent-control-tracker/
84130,Salt Lake City,40.7792,-111.7822,No,2,NMHC/Local Jurisdiction,2025,https://www.nmhc.org/research-insight/rent-control-tracker/
89501,Reno,39.4008,-119.9316,No,2,NMHC/Local Jurisdiction,2025,https://www.nmhc.org/research-insight/rent-control-tracker/
89502,Reno,39.3829,-119.8015,No,2,NMHC/Local Jurisdiction,2025,https://www.nmhc.org/research-insight/rent-control-tracker/
89503,Reno,39.6474,-119.9435,No,2,NMHC/Local Jurisdiction,2025,https://www.nmhc.org/research-insight/rent-control-tracker/
89504,Reno,39.5015,-119.7962,No,2,NMHC/Local Jurisdiction,2025,https://www.nmhc.org/research-insight/rent-control-tracker/
89505,Reno,39.6072,-119.9909,No,2,NMHC/Local Jurisdiction,2025,https://www.nmhc.org/research-insight/rent-control-tracker/
89506,Reno,39.539,-119.9151,No,2,NMHC/Local Jurisdiction,2025,https://www.nmhc.org/research-insight/rent-control-tracker/
89507,Reno,39.613,-119.7196,No,2,NMHC/Local Jurisdiction,2025,https://www.nmhc.org/research-insight/rent-control-tracker/
89508,Reno,39.4903,-119.9834,No,2,NMHC/Local Jurisdiction,2025,https://www.nmhc.org/research-insight/rent-control-tracker/
89509,Reno,39.4744,-119.7708,No,2,NMHC/Local Jurisdiction,2025,https://www.nmhc.org/research-insight/rent-control-tracker/
89510,Reno,39.4756,-119.6483,No,2,NMHC/Local Jurisdiction,2025,https://www.nmhc.org/research-insight/rent-control-tracker/
89511,Reno,39.6468,-119.9826,No,2,NMHC/Local Jurisdiction,2025,https://www.nmhc.org/research-insight/rent-control-tracker/
89512,Reno,39.6637,-119.9181,No,2,NMHC/Local Jurisdiction,2025,https://www.nmhc.org/research-insight/rent-control-tracker/
89513,Reno,39.6736,-119.6495,No,2,NMHC/Local Jurisdiction,2025,https://www.nmhc.org/research-insight/rent-control-tracker/
89514,Reno,39.589,-119.9675,No,2,NMHC/Local Jurisdiction,2025,https://www.nmhc.org/research-insight/rent-control-tracker/
89515,Reno,39.6568,-119.839,No,2,NMHC/Local Jurisdiction,2025,https://www.nmhc.org/research-insight/rent-control-tracker/
32301,Tallahassee,30.5905,-84.2476,No,2,NMHC/Local Jurisdiction,2025,https://www.nmhc.org/research-insight/rent-control-tracker/
32302,Tallahassee,30.5402,-84.2703,No,2,NMHC/Local Jurisdiction,2025,https://www.nmhc.org/research-insight/rent-control-tracker/
32303,Tallahassee,30.3944,-84.1612,No,2,NMHC/Local Jurisdiction,2025,https://www.nmhc.org/research-insight/rent-control-tracker/
32304,Tallahassee,30.3974,-84.269,No,2,NMHC/Local Jurisdiction,2025,https://www.nmhc.org/research-insight/rent-control-tracker/
32305,Tallahassee,30.3641,-84.1975,No,2,NMHC/Local Jurisdiction,2025,https://www.nmhc.org/research-insight/rent-control-tracker/
32306,Tallahassee,30.3177,-84.4342,No,2,NMHC/Local Jurisdiction,2025,https://www.nmhc.org/research-insight/rent-control-tracker/
32307,Tallahassee,30.3535,-84.1511,No,2,NMHC/Local Jurisdiction,2025,https://www.nmhc.org/research-insight/rent-control-tracker/
32308,Tallahassee,30.3849,-84.2306,No,2,NMHC/Local Jurisdiction,2025,https://www.nmhc.org/research-insight/rent-control-tracker/
32309,Tallahassee,30.4286,-84.2102,No,2,NMHC/Local Jurisdiction,2025,https://www.nmhc.org/research-insight/rent-control-tracker/
32310,Tallahassee,30.5122,-84.4036,No,2,NMHC/Local Jurisdiction,2025,https://www.nmhc.org/research-insight/rent-control-tracker/
32311,Tallahassee,30.3031,-84.3612,No,2,NMHC/Local Jurisdiction,2025,https://www.nmhc.org/research-insight/rent-control-tracker/
32312,Tallahassee,30.3315,-84.1262,No,2,NMHC/Local Jurisdiction,2025,https://www.nmhc.org/research-insight/rent-control-tracker/
32313,Tallahassee,30.4697,-84.3331,No,2,NMHC/Local Jurisdiction,2025,https://www.nmhc.org/research-insight/rent-control-tracker/
32314,Tallahassee,30.5859,-84.2822,No,2,NMHC/Local Jurisdiction,2025,https://www.nmhc.org/research-insight/rent-control-tracker/
32315,Tallahassee,30.4252,-84.1236,No,2,NMHC/Local Jurisdiction,2025,https://www.nmhc.org/research-insight/rent-control-tracker/
32601,Gainesville,29.5759,-82.3427,No,2,NMHC/Local Jurisdiction,2025,https://www.nmhc.org/research-insight/rent-control-tracker/
32602,Gainesville,29.7319,-82.1685,No,2,NMHC/Local Jurisdiction,2025,https://www.nmhc.org/research-insight/rent-control-tracker/
32603,Gainesville,29.5254,-82.2665,No,2,NMHC/Local Jurisdiction,2025,https://www.nmhc.org/research-insight/rent-control-tracker/
32604,Gainesville,29.5349,-82.1629,No,2,NMHC/Local Jurisdiction,2025,https://www.nmhc.org/research-insight/rent-control-tracker/
32605,Gainesville,29.7162,-82.2602,No,2,NMHC/Local Jurisdiction,2025,https://www.nmhc.org/research-insight/rent-control-tracker/
32606,Gainesville,29.5085,-82.4095,No,2,NMHC/Local Jurisdiction,2025,https://www.nmhc.org/research-insight/rent-control-tracker/
32607,Gainesville,29.7182,-82.455,No,2,NMHC/Local Jurisdiction,2025,https://www.nmhc.org/research-insight/rent-control-tracker/
32608,Gainesville,29.5656,-82.3986,No,2,NMHC/Local Jurisdiction,2025,https://www.nmhc.org/research-insight/rent-control-tracker/
32609,Gainesville,29.6681,-82.1764,No,2,NMHC/Local Jurisdiction,2025,https://www.nmhc.org/research-insight/rent-control-tracker/
32610,Gainesville,29.7204,-82.4582,No,2,NMHC/Local Jurisdiction,2025,https://www.nmhc.org/research-insight/rent-control-tracker/
32611,Gainesville,29.7424,-82.4406,No,2,NMHC/Local Jurisdiction,2025,https://www.nmhc.org/research-insight/rent-control-tracker/
32612,Gainesville,29.6499,-82.2905,No,2,NMHC/Local Jurisdiction,2025,https://www.nmhc.org/research-insight/rent-control-tracker/
32613,Gainesville,29.7811,-82.2597,No,2,NMHC/Local Jurisdiction,2025,https://www.nmhc.org/research-insight/rent-control-tracker/
32614,Gainesville,29.5171,-82.286,No,2,NMHC/Local Jurisdiction,2025,https://www.nmhc.org/research-insight/rent-control-tracker/
32615,Gainesville,29.5239,-82.2676,No,2,NMHC/Local Jurisdiction,2025,https://www.nmhc.org/research-insight/rent-control-tracker/
34201,Bradenton,27.5224,-82.5544,No,2,NMHC/Local Jurisdiction,2025,https://www.nmhc.org/research-insight/rent-control-tracker/
34202,Bradenton,27.5379,-82.6255,No,2,NMHC/Local Jurisdiction,2025,https://www.nmhc.org/research-insight/rent-control-tracker/
34203,Bradenton,27.3712,-82.6118,No,2,NMHC/Local Jurisdiction,2025,https://www.nmhc.org/research-insight/rent-control-tracker/
34204,Bradenton,27.6075,-82.486,No,2,NMHC/Local Jurisdiction,2025,https://www.nmhc.org/research-insight/rent-control-tracker/
34205,Bradenton,27.6163,-82.5212,No,2,NMHC/Local Jurisdiction,2025,https://www.nmhc.org/research-insight/rent-control-tracker/
34206,Bradenton,27.5039,-82.5677,No,2,NMHC/Local Jurisdiction,2025,https://www.nmhc.org/research-insight/rent-control-tracker/
34207,Bradenton,27.4793,-82.4632,No,2,NMHC/Local Jurisdiction,2025,https://www.nmhc.org/research-insight/rent-control-tracker/
34208,Bradenton,27.4071,-82.6673,No,2,NMHC/Local Jurisdiction,2025,https://www.nmhc.org/research-insight/rent-control-tracker/
34209,Bradenton,27.5284,-82.4593,No,2,NMHC/Local Jurisdiction,2025,https://www.nmhc.org/research-insight/rent-control-tracker/
34210,Bradenton,27.5195,-82.7443,No,2,NMHC/Local Jurisdiction,2025,https://www.nmhc.org/research-insight/rent-control-tracker/
34211,Bradenton,27.5849,-82.4356,No,2,NMHC/Local Jurisdiction,2025,https://www.nmhc.org/research-insight/rent-control-tracker/
34212,Bradenton,27.5312,-82.7127,No,2,NMHC/Local Jurisdiction,2025,https://www.nmhc.org/research-insight/rent-control-tracker/
34213,Bradenton,27.4925,-82.5154,No,2,NMHC/Local Jurisdiction,2025,https://www.nmhc.org/research-insight/rent-control-tracker/
34214,Bradenton,27.5645,-82.7151,No,2,NMHC/Local Jurisdiction,2025,https://www.nmhc.org/research-insight/rent-control-tracker/
34215,Bradenton,27.4423,-82.4399,No,2,NMHC/Local Jurisdiction,2025,https://www.nmhc.org/research-insight/rent-control-tracker/
34101,Naples,26.0832,-81.9686,No,2,NMHC/Local Jurisdiction,2025,https://www.nmhc.org/research-insight/rent-control-tracker/
34102,Naples,26.1254,-81.9501,No,2,NMHC/Local Jurisdiction,2025,https://www.nmhc.org/research-insight/rent-control-tracker/
34103,Naples,26.272,-81.9541,No,2,NMHC/Local Jurisdiction,2025,https://www.nmhc.org/research-insight/rent-control-tracker/
34104,Naples,26.2264,-81.898,No,2,NMHC/Local Jurisdiction,2025,https://www.nmhc.org/research-insight/rent-control-tracker/
34105,Naples,26.1227,-81.8102,No,2,NMHC/Local Jurisdiction,2025,https://www.nmhc.org/research-insight/rent-control-tracker/
34106,Naples,26.0522,-81.8199,No,2,NMHC/Local Jurisdiction,2025,https://www.nmhc.org/research-insight/rent-control-tracker/
34107,Naples,26.2024,-81.6868,No,2,NMHC/Local Jurisdiction,2025,https://www.nmhc.org/research-insight/rent-control-tracker/
34108,Naples,26.1194,-81.6176,No,2,NMHC/Local Jurisdiction,2025,https://www.nmhc.org/research-insight/rent-control-tracker/
34109,Naples,26.2919,-81.7136,No,2,NMHC/Local Jurisdiction,2025,https://www.nmhc.org/research-insight/rent-control-tracker/
34110,Naples,26.2087,-81.9122,No,2,NMHC/Local Jurisdiction,2025,https://www.nmhc.org/research-insight/rent-control-tracker/
34111,Naples,26.1317,-81.655,No,2,NMHC/Local Jurisdiction,2025,https://www.nmhc.org/research-insight/rent-control-tracker/
34112,Naples,26.2823,-81.7252,No,2,NMHC/Local Jurisdiction,2025,https://www.nmhc.org/research-insight/rent-control-tracker/
34113,Naples,26.2828,-81.9213,No,2,NMHC/Local Jurisdiction,2025,https://www.nmhc.org/research-insight/rent-control-tracker/
34114,Naples,26.1011,-81.9585,No,2,NMHC/Local Jurisdiction,2025,https://www.nmhc.org/research-insight/rent-control-tracker/
34115,Naples,26.1366,-81.9444,No,2,NMHC/Local Jurisdiction,2025,https://www.nmhc.org/research-insight/rent-control-tracker/
33901,Fort Myers,26.5658,-81.8248,No,2,NMHC/Local Jurisdiction,2025,https://www.nmhc.org/research-insight/rent-control-tracker/
33902,Fort Myers,26.7253,-81.6952,No,2,NMHC/Local Jurisdiction,2025,https://www.nmhc.org/research-insight/rent-control-tracker/
33903,Fort Myers,26.5693,-81.8814,No,2,NMHC/Local Jurisdiction,2025,https://www.nmhc.org/research-insight/rent-control-tracker/
33904,Fort Myers,26.7609,-81.8204,No,2,NMHC/Local Jurisdiction,2025,https://www.nmhc.org/research-insight/rent-control-tracker/
33905,Fort Myers,26.6128,-81.9642,No,2,NMHC/Local Jurisdiction,2025,https://www.nmhc.org/research-insight/rent-control-tracker/
33906,Fort Myers,26.6223,-81.7403,No,2,NMHC/Local Jurisdiction,2025,https://www.nmhc.org/research-insight/rent-control-tracker/
33907,Fort Myers,26.7652,-82.0271,No,2,NMHC/Local Jurisdiction,2025,https://www.nmhc.org/research-insight/rent-control-tracker/
33908,Fort Myers,26.6913,-82.009,No,2,NMHC/Local Jurisdiction,2025,https://www.nmhc.org/research-insight/rent-control-tracker/
33909,Fort Myers,26.5124,-81.8548,No,2,NMHC/Local Jurisdiction,2025,https://www.nmhc.org/research-insight/rent-control-tracker/
33910,Fort Myers,26.6152,-81.8194,No,2,NMHC/Local Jurisdiction,2025,https://www.nmhc.org/research-insight/rent-control-tracker/
33911,Fort Myers,26.6955,-82.0171,No,2,NMHC/Local Jurisdiction,2025,https://www.nmhc.org/research-insight/rent-control-tracker/
33912,Fort Myers,26.7652,-81.9255,No,2,NMHC/Local Jurisdiction,2025,https://www.nmhc.org/research-insight/rent-control-tracker/
33913,Fort Myers,26.6781,-81.9457,No,2,NMHC/Local Jurisdiction,2025,https://www.nmhc.org/research-insight/rent-control-tracker/
33914,Fort Myers,26.7557,-81.9375,No,2,NMHC/Local Jurisdiction,2025,https://www.nmhc.org/research-insight/rent-control-tracker/
33915,Fort Myers,26.7142,-81.8661,No,2,NMHC/Local Jurisdiction,2025,https://www.nmhc.org/research-insight/rent-control-tracker/
29401,Charleston,32.8378,-79.9581,No,2,NMHC/Local Jurisdiction,2025,https://www.nmhc.org/research-insight/rent-control-tracker/
29402,Charleston,32.7984,-80.0783,No,2,NMHC/Local Jurisdiction,2025,https://www.nmhc.org/research-insight/rent-control-tracker/
29403,Charleston,32.7493,-80.0996,No,2,NMHC/Local Jurisdiction,2025,https://www.nmhc.org/research-insight/rent-control-tracker/
29404,Charleston,32.8686,-79.902,No,2,NMHC/Local Jurisdiction,2025,https://www.nmhc.org/research-insight/rent-control-tracker/
29405,Charleston,32.6568,-79.8185,No,2,NMHC/Local Jurisdiction,2025,https://www.nmhc.org/research-insight/rent-control-tracker/
29406,Charleston,32.7558,-79.8329,No,2,NMHC/Local Jurisdiction,2025,https://www.nmhc.org/research-insight/rent-control-tracker/
29407,Charleston,32.6832,-79.7675,No,2,NMHC/Local Jurisdiction,2025,https://www.nmhc.org/research-insight/rent-control-tracker/
29408,Charleston,32.9212,-79.9332,No,2,NMHC/Local Jurisdiction,2025,https://www.nmhc.org/research-insight/rent-control-tracker/
29409,Charleston,32.7374,-80.0304,No,2,NMHC/Local Jurisdiction,2025,https://www.nmhc.org/research-insight/rent-control-tracker/
29410,Charleston,32.6646,-79.8561,No,2,NMHC/Local Jurisdiction,2025,https://www.nmhc.org/research-insight/rent-control-tracker/
29411,Charleston,32.6555,-79.961,No,2,NMHC/Local Jurisdiction,2025,https://www.nmhc.org/research-insight/rent-control-tracker/
29412,Charleston,32.784,-80.086,No,2,NMHC/Local Jurisdiction,2025,https://www.nmhc.org/research-insight/rent-control-tracker/
29413,Charleston,32.8466,-80.0877,No,2,NMHC/Local Jurisdiction,2025,https://www.nmhc.org/research-insight/rent-control-tracker/
29414,Charleston,32.6435,-80.0742,No,2,NMHC/Local Jurisdiction,2025,https://www.nmhc.org/research-insight/rent-control-tracker/
29415,Charleston,32.8374,-80.0955,No,2,NMHC/Local Jurisdiction,2025,https://www.nmhc.org/research-insight/rent-control-tracker/
29416,Charleston,32.7279,-79.7631,No,2,NMHC/Local Jurisdiction,2025,https://www.nmhc.org/research-insight/rent-control-tracker/
29417,Charleston,32.7218,-79.8965,No,2,NMHC/Local Jurisdiction,2025,https://www.nmhc.org/research-insight/rent-control-tracker/
29418,Charleston,32.7093,-79.8765,No,2,NMHC/Local Jurisdiction,2025,https://www.nmhc.org/research-insight/rent-control-tracker/
29419,Charleston,32.763,-80.0967,No,2,NMHC/Local Jurisdiction,2025,https://www.nmhc.org/research-insight/rent-control-tracker/
29420,Charleston,32.8974,-80.0862,No,2,NMHC/Local Jurisdiction,2025,https://www.nmhc.org/research-insight/rent-control-tracker/
29601,Greenville,34.7105,-82.5104,No,2,NMHC/Local Jurisdiction,2025,https://www.nmhc.org/research-insight/rent-control-tracker/
29602,Greenville,34.9545,-82.3343,No,2,NMHC/Local Jurisdiction,2025,https://www.nmhc.org/research-insight/rent-control-tracker/
29603,Greenville,34.9081,-82.4877,No,2,NMHC/Local Jurisdiction,2025,https://www.nmhc.org/research-insight/rent-control-tracker/
29604,Greenville,34.7513,-82.3972,No,2,NMHC/Local Jurisdiction,2025,https://www.nmhc.org/research-insight/rent-control-tracker/
29605,Greenville,34.8501,-82.2702,No,2,NMHC/Local Jurisdiction,2025,https://www.nmhc.org/research-insight/rent-control-tracker/
29606,Greenville,34.715,-82.555,No,2,NMHC/Local Jurisdiction,2025,https://www.nmhc.org/research-insight/rent-control-tracker/
29607,Greenville,34.9625,-82.2166,No,2,NMHC/Local Jurisdiction,2025,https://www.nmhc.org/research-insight/rent-control-tracker/
29608,Greenville,34.9785,-82.2244,No,2,NMHC/Local Jurisdiction,2025,https://www.nmhc.org/research-insight/rent-control-tracker/
29609,Greenville,34.7826,-82.5169,No,2,NMHC/Local Jurisdiction,2025,https://www.nmhc.org/research-insight/rent-control-tracker/
29610,Greenville,34.9734,-82.2151,No,2,NMHC/Local Jurisdiction,2025,https://www.nmhc.org/research-insight/rent-control-tracker/
29611,Greenville,34.8064,-82.2351,No,2,NMHC/Local Jurisdiction,2025,https://www.nmhc.org/research-insight/rent-control-tracker/
29612,Greenville,34.946,-82.2401,No,2,NMHC/Local Jurisdiction,2025,https://www.nmhc.org/research-insight/rent-control-tracker/
29613,Greenville,34.7493,-82.3711,No,2,NMHC/Local Jurisdiction,2025,https://www.nmhc.org/research-insight/rent-control-tracker/
29614,Greenville,34.7388,-82.5453,No,2,NMHC/Local Jurisdiction,2025,https://www.nmhc.org/research-insight/rent-control-tracker/
29615,Greenville,34.8471,-82.2164,No,2,NMHC/Local Jurisdiction,2025,https://www.nmhc.org/research-insight/rent-control-tracker/
29616,Greenville,34.9207,-82.5295,No,2,NMHC/Local Jurisdiction,2025,https://www.nmhc.org/research-insight/rent-control-tracker/
29617,Greenville,34.8917,-82.5078,No,2,NMHC/Local Jurisdiction,2025,https://www.nmhc.org/research-insight/rent-control-tracker/
29618,Greenville,34.8045,-82.453,No,2,NMHC/Local Jurisdiction,2025,https://www.nmhc.org/research-insight/rent-control-tracker/
29619,Greenville,34.7132,-82.5286,No,2,NMHC/Local Jurisdiction,2025,https://www.nmhc.org/research-insight/rent-control-tracker/
29620,Greenville,34.7837,-82.4538,No,2,NMHC/Local Jurisdiction,2025,https://www.nmhc.org/research-insight/rent-control-tracker/
29201,Columbia SC,33.9151,-81.0628,No,2,NMHC/Local Jurisdiction,2025,https://www.nmhc.org/research-insight/rent-control-tracker/
29202,Columbia SC,34.0366,-81.0949,No,2,NMHC/Local Jurisdiction,2025,https://www.nmhc.org/research-insight/rent-control-tracker/
29203,Columbia SC,34.1143,-81.2031,No,2,NMHC/Local Jurisdiction,2025,https://www.nmhc.org/research-insight/rent-control-tracker/
29204,Columbia SC,33.944,-81.045,No,2,NMHC/Local Jurisdiction,2025,https://www.nmhc.org/research-insight/rent-control-tracker/
29205,Columbia SC,33.9654,-81.0432,No,2,NMHC/Local Jurisdiction,2025,https://www.nmhc.org/research-insight/rent-control-tracker/
29206,Columbia SC,34.0438,-80.9795,No,2,NMHC/Local Jurisdiction,2025,https://www.nmhc.org/research-insight/rent-control-tracker/
29207,Columbia SC,33.9863,-81.0268,No,2,NMHC/Local Jurisdiction,2025,https://www.nmhc.org/research-insight/rent-control-tracker/
29208,Columbia SC,33.8914,-81.1355,No,2,NMHC/Local Jurisdiction,2025,https://www.nmhc.org/research-insight/rent-control-tracker/
29209,Columbia SC,34.0882,-81.0932,No,2,NMHC/Local Jurisdiction,2025,https://www.nmhc.org/research-insight/rent-control-tracker/
29210,Columbia SC,33.9085,-80.8851,No,2,NMHC/Local Jurisdiction,2025,https://www.nmhc.org/research-insight/rent-control-tracker/
29211,Columbia SC,33.8665,-80.9504,No,2,NMHC/Local Jurisdiction,2025,https://www.nmhc.org/research-insight/rent-control-tracker/
29212,Columbia SC,33.9038,-81.0049,No,2,NMHC/Local Jurisdiction,2025,https://www.nmhc.org/research-insight/rent-control-tracker/
29213,Columbia SC,34.1246,-81.0741,No,2,NMHC/Local Jurisdiction,2025,https://www.nmhc.org/research-insight/rent-control-tracker/
29214,Columbia SC,34.0972,-81.1769,No,2,NMHC/Local Jurisdiction,2025,https://www.nmhc.org/research-insight/rent-control-tracker/
29215,Columbia SC,34.0429,-81.0454,No,2,NMHC/Local Jurisdiction,2025,https://www.nmhc.org/research-insight/rent-control-tracker/
29216,Columbia SC,34.0369,-81.0253,No,2,NMHC/Local Jurisdiction,2025,https://www.nmhc.org/research-insight/rent-control-tracker/
29217,Columbia SC,34.0824,-80.8984,No,2,NMHC/Local Jurisdiction,2025,https://www.nmhc.org/research-insight/rent-control-tracker/
29218,Columbia SC,33.9306,-80.9884,No,2,NMHC/Local Jurisdiction,2025,https://www.nmhc.org/research-insight/rent-control-tracker/
29219,Columbia SC,34.1067,-81.1547,No,2,NMHC/Local Jurisdiction,2025,https://www.nmhc.org/research-insight/rent-control-tracker/
29220,Columbia SC,33.862,-81.0269,No,2,NMHC/Local Jurisdiction,2025,https://www.nmhc.org/research-insight/rent-control-tracker/
28801,Asheville,35.573,-82.678,No,2,NMHC/Local Jurisdiction,2025,https://www.nmhc.org/research-insight/rent-control-tracker/
28802,Asheville,35.7064,-82.6224,No,2,NMHC/Local Jurisdiction,2025,https://www.nmhc.org/research-insight/rent-control-tracker/
28803,Asheville,35.5252,-82.6693,No,2,NMHC/Local Jurisdiction,2025,https://www.nmhc.org/research-insight/rent-control-tracker/
28804,Asheville,35.6788,-82.4915,No,2,NMHC/Local Jurisdiction,2025,https://www.nmhc.org/research-insight/rent-control-tracker/
28805,Asheville,35.6534,-82.4921,No,2,NMHC/Local Jurisdiction,2025,https://www.nmhc.org/research-insight/rent-control-tracker/
28806,Asheville,35.4896,-82.6949,No,2,NMHC/Local Jurisdiction,2025,https://www.nmhc.org/research-insight/rent-control-tracker/
28807,Asheville,35.7407,-82.5032,No,2,NMHC/Local Jurisdiction,2025,https://www.nmhc.org/research-insight/rent-control-tracker/
28808,Asheville,35.5171,-82.6369,No,2,NMHC/Local Jurisdiction,2025,https://www.nmhc.org/research-insight/rent-control-tracker/
28809,Asheville,35.4711,-82.5963,No,2,NMHC/Local Jurisdiction,2025,https://www.nmhc.org/research-insight/rent-control-tracker/
28810,Asheville,35.5202,-82.5261,No,2,NMHC/Local Jurisdiction,2025,https://www.nmhc.org/research-insight/rent-control-tracker/
28811,Asheville,35.6102,-82.5894,No,2,NMHC/Local Jurisdiction,2025,https://www.nmhc.org/research-insight/rent-control-tracker/
28812,Asheville,35.6689,-82.6992,No,2,NMHC/Local Jurisdiction,2025,https://www.nmhc.org/research-insight/rent-control-tracker/
28813,Asheville,35.504,-82.524,No,2,NMHC/Local Jurisdiction,2025,https://www.nmhc.org/research-insight/rent-control-tracker/
28814,Asheville,35.6386,-82.4758,No,2,NMHC/Local Jurisdiction,2025,https://www.nmhc.org/research-insight/rent-control-tracker/
28815,Asheville,35.6241,-82.497,No,2,NMHC/Local Jurisdiction,2025,https://www.nmhc.org/research-insight/rent-control-tracker/
28401,Wilmington,34.3649,-78.0166,No,2,NMHC/Local Jurisdiction,2025,https://www.nmhc.org/research-insight/rent-control-tracker/
28402,Wilmington,34.1659,-77.8993,No,2,NMHC/Local Jurisdiction,2025,https://www.nmhc.org/research-insight/rent-control-tracker/
28403,Wilmington,34.2612,-77.8858,No,2,NMHC/Local Jurisdiction,2025,https://www.nmhc.org/research-insight/rent-control-tracker/
28404,Wilmington,34.2521,-77.8046,No,2,NMHC/Local Jurisdiction,2025,https://www.nmhc.org/research-insight/rent-control-tracker/
28405,Wilmington,34.0912,-77.9694,No,2,NMHC/Local Jurisdiction,2025,https://www.nmhc.org/research-insight/rent-control-tracker/
28406,Wilmington,34.2061,-77.9729,No,2,NMHC/Local Jurisdiction,2025,https://www.nmhc.org/research-insight/rent-control-tracker/
28407,Wilmington,34.3221,-77.826,No,2,NMHC/Local Jurisdiction,2025,https://www.nmhc.org/research-insight/rent-control-tracker/
28408,Wilmington,34.3666,-77.8505,No,2,NMHC/Local Jurisdiction,2025,https://www.nmhc.org/research-insight/rent-control-tracker/
28409,Wilmington,34.2809,-77.9844,No,2,NMHC/Local Jurisdiction,2025,https://www.nmhc.org/research-insight/rent-control-tracker/
28410,Wilmington,34.205,-77.7853,No,2,NMHC/Local Jurisdiction,2025,https://www.nmhc.org/research-insight/rent-control-tracker/
28411,Wilmington,34.3567,-77.9451,No,2,NMHC/Local Jurisdiction,2025,https://www.nmhc.org/research-insight/rent-control-tracker/
28412,Wilmington,34.3258,-77.8794,No,2,NMHC/Local Jurisdiction,2025,https://www.nmhc.org/research-insight/rent-control-tracker/
28413,Wilmington,34.3283,-77.8124,No,2,NMHC/Local Jurisdiction,2025,https://www.nmhc.org/research-insight/rent-control-tracker/
28414,Wilmington,34.2851,-78.0868,No,2,NMHC/Local Jurisdiction,2025,https://www.nmhc.org/research-insight/rent-control-tracker/
28415,Wilmington,34.2604,-78.0358,No,2,NMHC/Local Jurisdiction,2025,https://www.nmhc.org/research-insight/rent-control-tracker/
27101,Winston-Salem,35.9973,-80.1492,No,2,NMHC/Local Jurisdiction,2025,https://www.nmhc.org/research-insight/rent-control-tracker/
27102,Winston-Salem,36.0029,-80.4242,No,2,NMHC/Local Jurisdiction,2025,https://www.nmhc.org/research-insight/rent-control-tracker/
27103,Winston-Salem,36.223,-80.168,No,2,NMHC/Local Jurisdiction,2025,https://www.nmhc.org/research-insight/rent-control-tracker/
27104,Winston-Salem,35.985,-80.1287,No,2,NMHC/Local Jurisdiction,2025,https://www.nmhc.org/research-insight/rent-control-tracker/
27105,Winston-Salem,36.2445,-80.2856,No,2,NMHC/Local Jurisdiction,2025,https://www.nmhc.org/research-insight/rent-control-tracker/
27106,Winston-Salem,36.2495,-80.2037,No,2,NMHC/Local Jurisdiction,2025,https://www.nmhc.org/research-insight/rent-control-tracker/
27107,Winston-Salem,36.1911,-80.345,No,2,NMHC/Local Jurisdiction,2025,https://www.nmhc.org/research-insight/rent-control-tracker/
27108,Winston-Salem,36.2195,-80.0711,No,2,NMHC/Local Jurisdiction,2025,https://www.nmhc.org/research-insight/rent-control-tracker/
27109,Winston-Salem,36.0873,-80.3974,No,2,NMHC/Local Jurisdiction,2025,https://www.nmhc.org/research-insight/rent-control-tracker/
27110,Winston-Salem,36.2393,-80.3048,No,2,NMHC/Local Jurisdiction,2025,https://www.nmhc.org/research-insight/rent-control-tracker/
27111,Winston-Salem,36.1759,-80.2725,No,2,NMHC/Local Jurisdiction,2025,https://www.nmhc.org/research-insight/rent-control-tracker/
27112,Winston-Salem,36.0104,-80.1828,No,2,NMHC/Local Jurisdiction,2025,https://www.nmhc.org/research-insight/rent-control-tracker/
27113,Winston-Salem,35.9638,-80.3199,No,2,NMHC/Local Jurisdiction,2025,https://www.nmhc.org/research-insight/rent-control-tracker/
27114,Winston-Salem,36.0353,-80.0996,No,2,NMHC/Local Jurisdiction,2025,https://www.nmhc.org/research-insight/rent-control-tracker/
27115,Winston-Salem,36.1689,-80.3089,No,2,NMHC/Local Jurisdiction,2025,https://www.nmhc.org/research-insight/rent-control-tracker/
27401,Greensboro,35.9595,-79.8407,No,2,NMHC/Local Jurisdiction,2025,https://www.nmhc.org/research-insight/rent-control-tracker/
27402,Greensboro,36.0916,-79.887,No,2,NMHC/Local Jurisdiction,2025,https://www.nmhc.org/research-insight/rent-control-tracker/
27403,Greensboro,36.0934,-79.8383,No,2,NMHC/Local Jurisdiction,2025,https://www.nmhc.org/research-insight/rent-control-tracker/
27404,Greensboro,36.1839,-79.8369,No,2,NMHC/Local Jurisdiction,2025,https://www.nmhc.org/research-insight/rent-control-tracker/
27405,Greensboro,36.1583,-79.7881,No,2,NMHC/Local Jurisdiction,2025,https://www.nmhc.org/research-insight/rent-control-tracker/
27406,Greensboro,36.1104,-79.9492,No,2,NMHC/Local Jurisdiction,2025,https://www.nmhc.org/research-insight/rent-control-tracker/
27407,Greensboro,36.1398,-79.8158,No,2,NMHC/Local Jurisdiction,2025,https://www.nmhc.org/research-insight/rent-control-tracker/
27408,Greensboro,36.1592,-79.6758,No,2,NMHC/Local Jurisdiction,2025,https://www.nmhc.org/research-insight/rent-control-tracker/
27409,Greensboro,36.0295,-79.7582,No,2,NMHC/Local Jurisdiction,2025,https://www.nmhc.org/research-insight/rent-control-tracker/
27410,Greensboro,35.9436,-79.9177,No,2,NMHC/Local Jurisdiction,2025,https://www.nmhc.org/research-insight/rent-control-tracker/
27411,Greensboro,35.9339,-79.9034,No,2,NMHC/Local Jurisdiction,2025,https://www.nmhc.org/research-insight/rent-control-tracker/
27412,Greensboro,36.0767,-79.9471,No,2,NMHC/Local Jurisdiction,2025,https://www.nmhc.org/research-insight/rent-control-tracker/
27413,Greensboro,35.9547,-79.684,No,2,NMHC/Local Jurisdiction,2025,https://www.nmhc.org/research-insight/rent-control-tracker/
27414,Greensboro,36.1511,-79.8327,No,2,NMHC/Local Jurisdiction,2025,https://www.nmhc.org/research-insight/rent-control-tracker/
27415,Greensboro,35.9316,-79.8185,No,2,NMHC/Local Jurisdiction,2025,https://www.nmhc.org/research-insight/rent-control-tracker/
43001,Grand Rapids,42.8743,-85.7216,No,2,NMHC/Local Jurisdiction,2025,https://www.nmhc.org/research-insight/rent-control-tracker/
43002,Grand Rapids,42.8528,-85.5014,No,2,NMHC/Local Jurisdiction,2025,https://www.nmhc.org/research-insight/rent-control-tracker/
43003,Grand Rapids,42.8491,-85.781,No,2,NMHC/Local Jurisdiction,2025,https://www.nmhc.org/research-insight/rent-control-tracker/
43004,Grand Rapids,43.0914,-85.5842,No,2,NMHC/Local Jurisdiction,2025,https://www.nmhc.org/research-insight/rent-control-tracker/
43005,Grand Rapids,42.9423,-85.7296,No,2,NMHC/Local Jurisdiction,2025,https://www.nmhc.org/research-insight/rent-control-tracker/
43006,Grand Rapids,42.9598,-85.5206,No,2,NMHC/Local Jurisdiction,2025,https://www.nmhc.org/research-insight/rent-control-tracker/
43007,Grand Rapids,43.0938,-85.8338,No,2,NMHC/Local Jurisdiction,2025,https://www.nmhc.org/research-insight/rent-control-tracker/
43008,Grand Rapids,42.9741,-85.5531,No,2,NMHC/Local Jurisdiction,2025,https://www.nmhc.org/research-insight/rent-control-tracker/
43009,Grand Rapids,43.0076,-85.5104,No,2,NMHC/Local Jurisdiction,2025,https://www.nmhc.org/research-insight/rent-control-tracker/
43010,Grand Rapids,43.079,-85.6645,No,2,NMHC/Local Jurisdiction,2025,https://www.nmhc.org/research-insight/rent-control-tracker/
43011,Grand Rapids,42.848,-85.6731,No,2,NMHC/Local Jurisdiction,2025,https://www.nmhc.org/research-insight/rent-control-tracker/
43012,Grand Rapids,42.9436,-85.8077,No,2,NMHC/Local Jurisdiction,2025,https://www.nmhc.org/research-insight/rent-control-tracker/
43013,Grand Rapids,42.9982,-85.7607,No,2,NMHC/Local Jurisdiction,2025,https://www.nmhc.org/research-insight/rent-control-tracker/
43014,Grand Rapids,42.9773,-85.6825,No,2,NMHC/Local Jurisdiction,2025,https://www.nmhc.org/research-insight/rent-control-tracker/
43015,Grand Rapids,43.0342,-85.5218,No,2,NMHC/Local Jurisdiction,2025,https://www.nmhc.org/research-insight/rent-control-tracker/
48201,Detroit,42.1973,-83.2206,No,2,NMHC/Local Jurisdiction,2025,https://www.nmhc.org/research-insight/rent-control-tracker/
48202,Detroit,42.4177,-83.0689,No,2,NMHC/Local Jurisdiction,2025,https://www.nmhc.org/research-insight/rent-control-tracker/
48203,Detroit,42.2453,-82.9203,No,2,NMHC/Local Jurisdiction,2025,https://www.nmhc.org/research-insight/rent-control-tracker/
48204,Detroit,42.3573,-83.0502,No,2,NMHC/Local Jurisdiction,2025,https://www.nmhc.org/research-insight/rent-control-tracker/
48205,Detroit,42.3991,-83.0134,No,2,NMHC/Local Jurisdiction,2025,https://www.nmhc.org/research-insight/rent-control-tracker/
48206,Detroit,42.3306,-83.0813,No,2,NMHC/Local Jurisdiction,2025,https://www.nmhc.org/research-insight/rent-control-tracker/
48207,Detroit,42.4278,-82.9771,No,2,NMHC/Local Jurisdiction,2025,https://www.nmhc.org/research-insight/rent-control-tracker/
48208,Detroit,42.302,-83.0174,No,2,NMHC/Local Jurisdiction,2025,https://www.nmhc.org/research-insight/rent-control-tracker/
48209,Detroit,42.4095,-83.1609,No,2,NMHC/Local Jurisdiction,2025,https://www.nmhc.org/research-insight/rent-control-tracker/
48210,Detroit,42.3559,-83.1481,No,2,NMHC/Local Jurisdiction,2025,https://www.nmhc.org/research-insight/rent-control-tracker/
48211,Detroit,42.3471,-82.9015,No,2,NMHC/Local Jurisdiction,2025,https://www.nmhc.org/research-insight/rent-control-tracker/
48212,Detroit,42.4259,-82.9867,No,2,NMHC/Local Jurisdiction,2025,https://www.nmhc.org/research-insight/rent-control-tracker/
48213,Detroit,42.2223,-82.9804,No,2,NMHC/Local Jurisdiction,2025,https://www.nmhc.org/research-insight/rent-control-tracker/
48214,Detroit,42.3393,-83.1273,No,2,NMHC/Local Jurisdiction,2025,https://www.nmhc.org/research-insight/rent-control-tracker/
48215,Detroit,42.3572,-83.1742,No,2,NMHC/Local Jurisdiction,2025,https://www.nmhc.org/research-insight/rent-control-tracker/
48216,Detroit,42.1875,-83.005,No,2,NMHC/Local Jurisdiction,2025,https://www.nmhc.org/research-insight/rent-control-tracker/
48217,Detroit,42.2142,-83.1564,No,2,NMHC/Local Jurisdiction,2025,https://www.nmhc.org/research-insight/rent-control-tracker/
48218,Detroit,42.235,-82.9388,No,2,NMHC/Local Jurisdiction,2025,https://www.nmhc.org/research-insight/rent-control-tracker/
48219,Detroit,42.2016,-82.9326,No,2,NMHC/Local Jurisdiction,2025,https://www.nmhc.org/research-insight/rent-control-tracker/
48220,Detroit,42.216,-82.8858,No,2,NMHC/Local Jurisdiction,2025,https://www.nmhc.org/research-insight/rent-control-tracker/
48221,Detroit,42.2089,-82.8904,No,2,NMHC/Local Jurisdiction,2025,https://www.nmhc.org/research-insight/rent-control-tracker/
48222,Detroit,42.3252,-83.0244,No,2,NMHC/Local Jurisdiction,2025,https://www.nmhc.org/research-insight/rent-control-tracker/
48223,Detroit,42.2834,-83.1586,No,2,NMHC/Local Jurisdiction,2025,https://www.nmhc.org/research-insight/rent-control-tracker/
48224,Detroit,42.2125,-83.1802,No,2,NMHC/Local Jurisdiction,2025,https://www.nmhc.org/research-insight/rent-control-tracker/
48225,Detroit,42.2286,-83.0667,No,2,NMHC/Local Jurisdiction,2025,https://www.nmhc.org/research-insight/rent-control-tracker/
44101,Cleveland,41.4554,-81.6311,No,2,NMHC/Local Jurisdiction,2025,https://www.nmhc.org/research-insight/rent-control-tracker/
44102,Cleveland,41.351,-81.8176,No,2,NMHC/Local Jurisdiction,2025,https://www.nmhc.org/research-insight/rent-control-tracker/
44103,Cleveland,41.5309,-81.673,No,2,NMHC/Local Jurisdiction,2025,https://www.nmhc.org/research-insight/rent-control-tracker/
44104,Cleveland,41.5694,-81.8496,No,2,NMHC/Local Jurisdiction,2025,https://www.nmhc.org/research-insight/rent-control-tracker/
44105,Cleveland,41.4309,-81.6931,No,2,NMHC/Local Jurisdiction,2025,https://www.nmhc.org/research-insight/rent-control-tracker/
44106,Cleveland,41.4878,-81.5888,No,2,NMHC/Local Jurisdiction,2025,https://www.nmhc.org/research-insight/rent-control-tracker/
44107,Cleveland,41.4322,-81.6131,No,2,NMHC/Local Jurisdiction,2025,https://www.nmhc.org/research-insight/rent-control-tracker/
44108,Cleveland,41.3693,-81.8196,No,2,NMHC/Local Jurisdiction,2025,https://www.nmhc.org/research-insight/rent-control-tracker/
44109,Cleveland,41.4538,-81.8648,No,2,NMHC/Local Jurisdiction,2025,https://www.nmhc.org/research-insight/rent-control-tracker/
44110,Cleveland,41.4196,-81.5907,No,2,NMHC/Local Jurisdiction,2025,https://www.nmhc.org/research-insight/rent-control-tracker/
44111,Cleveland,41.4227,-81.7312,No,2,NMHC/Local Jurisdiction,2025,https://www.nmhc.org/research-insight/rent-control-tracker/
44112,Cleveland,41.519,-81.8288,No,2,NMHC/Local Jurisdiction,2025,https://www.nmhc.org/research-insight/rent-control-tracker/
44113,Cleveland,41.6069,-81.5239,No,2,NMHC/Local Jurisdiction,2025,https://www.nmhc.org/research-insight/rent-control-tracker/
44114,Cleveland,41.6238,-81.8331,No,2,NMHC/Local Jurisdiction,2025,https://www.nmhc.org/research-insight/rent-control-tracker/
44115,Cleveland,41.3969,-81.6232,No,2,NMHC/Local Jurisdiction,2025,https://www.nmhc.org/research-insight/rent-control-tracker/
44116,Cleveland,41.64,-81.7835,No,2,NMHC/Local Jurisdiction,2025,https://www.nmhc.org/research-insight/rent-control-tracker/
44117,Cleveland,41.3571,-81.6929,No,2,NMHC/Local Jurisdiction,2025,https://www.nmhc.org/research-insight/rent-control-tracker/
44118,Cleveland,41.4846,-81.7242,No,2,NMHC/Local Jurisdiction,2025,https://www.nmhc.org/research-insight/rent-control-tracker/
44119,Cleveland,41.4413,-81.7524,No,2,NMHC/Local Jurisdiction,2025,https://www.nmhc.org/research-insight/rent-control-tracker/
44120,Cleveland,41.3535,-81.5433,No,2,NMHC/Local Jurisdiction,2025,https://www.nmhc.org/research-insight/rent-control-tracker/
45201,Cincinnati,39.0155,-84.3903,No,2,NMHC/Local Jurisdiction,2025,https://www.nmhc.org/research-insight/rent-control-tracker/
45202,Cincinnati,39.1867,-84.3378,No,2,NMHC/Local Jurisdiction,2025,https://www.nmhc.org/research-insight/rent-control-tracker/
45203,Cincinnati,39.0536,-84.6602,No,2,NMHC/Local Jurisdiction,2025,https://www.nmhc.org/research-insight/rent-control-tracker/
45204,Cincinnati,39.1058,-84.4079,No,2,NMHC/Local Jurisdiction,2025,https://www.nmhc.org/research-insight/rent-control-tracker/
45205,Cincinnati,39.1155,-84.5335,No,2,NMHC/Local Jurisdiction,2025,https://www.nmhc.org/research-insight/rent-control-tracker/
45206,Cincinnati,38.9712,-84.6044,No,2,NMHC/Local Jurisdiction,2025,https://www.nmhc.org/research-insight/rent-control-tracker/
45207,Cincinnati,39.208,-84.3521,No,2,NMHC/Local Jurisdiction,2025,https://www.nmhc.org/research-insight/rent-control-tracker/
45208,Cincinnati,39.2018,-84.5587,No,2,NMHC/Local Jurisdiction,2025,https://www.nmhc.org/research-insight/rent-control-tracker/
45209,Cincinnati,39.2051,-84.6332,No,2,NMHC/Local Jurisdiction,2025,https://www.nmhc.org/research-insight/rent-control-tracker/
45210,Cincinnati,39.0084,-84.3704,No,2,NMHC/Local Jurisdiction,2025,https://www.nmhc.org/research-insight/rent-control-tracker/
45211,Cincinnati,39.2116,-84.4967,No,2,NMHC/Local Jurisdiction,2025,https://www.nmhc.org/research-insight/rent-control-tracker/
45212,Cincinnati,38.9616,-84.5632,No,2,NMHC/Local Jurisdiction,2025,https://www.nmhc.org/research-insight/rent-control-tracker/
45213,Cincinnati,39.0754,-84.6851,No,2,NMHC/Local Jurisdiction,2025,https://www.nmhc.org/research-insight/rent-control-tracker/
45214,Cincinnati,39.1589,-84.6154,No,2,NMHC/Local Jurisdiction,2025,https://www.nmhc.org/research-insight/rent-control-tracker/
45215,Cincinnati,39.165,-84.399,No,2,NMHC/Local Jurisdiction,2025,https://www.nmhc.org/research-insight/rent-control-tracker/
45216,Cincinnati,39.0157,-84.5888,No,2,NMHC/Local Jurisdiction,2025,https://www.nmhc.org/research-insight/rent-control-tracker/
45217,Cincinnati,39.1828,-84.5521,No,2,NMHC/Local Jurisdiction,2025,https://www.nmhc.org/research-insight/rent-control-tracker/
45218,Cincinnati,39.0353,-84.5898,No,2,NMHC/Local Jurisdiction,2025,https://www.nmhc.org/research-insight/rent-control-tracker/
45219,Cincinnati,39.1363,-84.5017,No,2,NMHC/Local Jurisdiction,2025,https://www.nmhc.org/research-insight/rent-control-tracker/
45220,Cincinnati,39.0779,-84.4413,No,2,NMHC/Local Jurisdiction,2025,https://www.nmhc.org/research-insight/rent-control-tracker/
15201,Pittsburgh,40.4524,-79.9771,No,2,NMHC/Local Jurisdiction,2025,https://www.nmhc.org/research-insight/rent-control-tracker/
15202,Pittsburgh,40.5581,-79.9257,No,2,NMHC/Local Jurisdiction,2025,https://www.nmhc.org/research-insight/rent-control-tracker/
15203,Pittsburgh,40.3635,-80.0336,No,2,NMHC/Local Jurisdiction,2025,https://www.nmhc.org/research-insight/rent-control-tracker/
15204,Pittsburgh,40.3473,-80.0178,No,2,NMHC/Local Jurisdiction,2025,https://www.nmhc.org/research-insight/rent-control-tracker/
15205,Pittsburgh,40.3558,-79.9812,No,2,NMHC/Local Jurisdiction,2025,https://www.nmhc.org/research-insight/rent-control-tracker/
15206,Pittsburgh,40.3223,-79.8985,No,2,NMHC/Local Jurisdiction,2025,https://www.nmhc.org/research-insight/rent-control-tracker/
15207,Pittsburgh,40.3241,-80.0968,No,2,NMHC/Local Jurisdiction,2025,https://www.nmhc.org/research-insight/rent-control-tracker/
15208,Pittsburgh,40.5668,-80.0882,No,2,NMHC/Local Jurisdiction,2025,https://www.nmhc.org/research-insight/rent-control-tracker/
15209,Pittsburgh,40.4743,-80.1519,No,2,NMHC/Local Jurisdiction,2025,https://www.nmhc.org/research-insight/rent-control-tracker/
15210,Pittsburgh,40.4457,-79.9638,No,2,NMHC/Local Jurisdiction,2025,https://www.nmhc.org/research-insight/rent-control-tracker/
15211,Pittsburgh,40.3792,-79.884,No,2,NMHC/Local Jurisdiction,2025,https://www.nmhc.org/research-insight/rent-control-tracker/
15212,Pittsburgh,40.5621,-80.0021,No,2,NMHC/Local Jurisdiction,2025,https://www.nmhc.org/research-insight/rent-control-tracker/
15213,Pittsburgh,40.554,-79.9498,No,2,NMHC/Local Jurisdiction,2025,https://www.nmhc.org/research-insight/rent-control-tracker/
15214,Pittsburgh,40.3166,-79.9746,No,2,NMHC/Local Jurisdiction,2025,https://www.nmhc.org/research-insight/rent-control-tracker/
15215,Pittsburgh,40.41,-79.8984,No,2,NMHC/Local Jurisdiction,2025,https://www.nmhc.org/research-insight/rent-control-tracker/
15216,Pittsburgh,40.4183,-80.127,No,2,NMHC/Local Jurisdiction,2025,https://www.nmhc.org/research-insight/rent-control-tracker/
15217,Pittsburgh,40.3513,-80.0798,No,2,NMHC/Local Jurisdiction,2025,https://www.nmhc.org/research-insight/rent-control-tracker/
15218,Pittsburgh,40.297,-80.0886,No,2,NMHC/Local Jurisdiction,2025,https://www.nmhc.org/research-insight/rent-control-tracker/
15219,Pittsburgh,40.4321,-80.0909,No,2,NMHC/Local Jurisdiction,2025,https://www.nmhc.org/research-insight/rent-control-tracker/
15220,Pittsburgh,40.5455,-79.824,No,2,NMHC/Local Jurisdiction,2025,https://www.nmhc.org/research-insight/rent-control-tracker/
02901,Providence,41.6886,-71.4873,Yes - Moderate,6,NMHC/Local Jurisdiction,2025,https://www.nmhc.org/research-insight/rent-control-tracker/
02902,Providence,41.925,-71.3528,Yes - Moderate,6,NMHC/Local Jurisdiction,2025,https://www.nmhc.org/research-insight/rent-control-tracker/
02903,Providence,41.8031,-71.3068,Yes - Moderate,6,NMHC/Local Jurisdiction,2025,https://www.nmhc.org/research-insight/rent-control-tracker/
02904,Providence,41.9018,-71.2444,Yes - Moderate,6,NMHC/Local Jurisdiction,2025,https://www.nmhc.org/research-insight/rent-control-tracker/
02905,Providence,41.9237,-71.4427,Yes - Moderate,6,NMHC/Local Jurisdiction,2025,https://www.nmhc.org/research-insight/rent-control-tracker/
02906,Providence,41.674,-71.479,Yes - Moderate,6,NMHC/Local Jurisdiction,2025,https://www.nmhc.org/research-insight/rent-control-tracker/
02907,Providence,41.735,-71.3862,Yes - Moderate,6,NMHC/Local Jurisdiction,2025,https://www.nmhc.org/research-insight/rent-control-tracker/
02908,Providence,41.847,-71.3514,Yes - Moderate,6,NMHC/Local Jurisdiction,2025,https://www.nmhc.org/research-insight/rent-control-tracker/
02909,Providence,41.8401,-71.4123,Yes - Moderate,6,NMHC/Local Jurisdiction,2025,https://www.nmhc.org/research-insight/rent-control-tracker/
02910,Providence,41.7101,-71.4958,Yes - Moderate,6,NMHC/Local Jurisdiction,2025,https://www.nmhc.org/research-insight/rent-control-tracker/
02911,Providence,41.8589,-71.5509,Yes - Moderate,6,NMHC/Local Jurisdiction,2025,https://www.nmhc.org/research-insight/rent-control-tracker/
02912,Providence,41.7267,-71.4433,Yes - Moderate,6,NMHC/Local Jurisdiction,2025,https://www.nmhc.org/research-insight/rent-control-tracker/
02913,Providence,41.9216,-71.4887,Yes - Moderate,6,NMHC/Local Jurisdiction,2025,https://www.nmhc.org/research-insight/rent-control-tracker/
02914,Providence,41.9424,-71.2618,Yes - Moderate,6,NMHC/Local Jurisdiction,2025,https://www.nmhc.org/research-insight/rent-control-tracker/
02915,Providence,41.9646,-71.4094,Yes - Moderate,6,NMHC/Local Jurisdiction,2025,https://www.nmhc.org/research-insight/rent-control-tracker/
06101,Hartford,41.852,-72.6067,No,2,NMHC/Local Jurisdiction,2025,https://www.nmhc.org/research-insight/rent-control-tracker/
06102,Hartford,41.7674,-72.5334,No,2,NMHC/Local Jurisdiction,2025,https://www.nmhc.org/research-insight/rent-control-tracker/
06103,Hartford,41.8517,-72.8215,No,2,NMHC/Local Jurisdiction,2025,https://www.nmhc.org/research-insight/rent-control-tracker/
06104,Hartford,41.7749,-72.6497,No,2,NMHC/Local Jurisdiction,2025,https://www.nmhc.org/research-insight/rent-control-tracker/
06105,Hartford,41.7886,-72.7471,No,2,NMHC/Local Jurisdiction,2025,https://www.nmhc.org/research-insight/rent-control-tracker/
06106,Hartford,41.8591,-72.8545,No,2,NMHC/Local Jurisdiction,2025,https://www.nmhc.org/research-insight/rent-control-tracker/
06107,Hartford,41.8736,-72.7358,No,2,NMHC/Local Jurisdiction,2025,https://www.nmhc.org/research-insight/rent-control-tracker/
06108,Hartford,41.8232,-72.6952,No,2,NMHC/Local Jurisdiction,2025,https://www.nmhc.org/research-insight/rent-control-tracker/
06109,Hartford,41.8731,-72.7441,No,2,NMHC/Local Jurisdiction,2025,https://www.nmhc.org/research-insight/rent-control-tracker/
06110,Hartford,41.8755,-72.7274,No,2,NMHC/Local Jurisdiction,2025,https://www.nmhc.org/research-insight/rent-control-tracker/
06111,Hartford,41.7231,-72.6872,No,2,NMHC/Local Jurisdiction,2025,https://www.nmhc.org/research-insight/rent-control-tracker/
06112,Hartford,41.8704,-72.6832,No,2,NMHC/Local Jurisdiction,2025,https://www.nmhc.org/research-insight/rent-control-tracker/
06113,Hartford,41.7682,-72.5119,No,2,NMHC/Local Jurisdiction,2025,https://www.nmhc.org/research-insight/rent-control-tracker/
06114,Hartford,41.8081,-72.6731,No,2,NMHC/Local Jurisdiction,2025,https://www.nmhc.org/research-insight/rent-control-tracker/
06115,Hartford,41.6548,-72.7291,No,2,NMHC/Local Jurisdiction,2025,https://www.nmhc.org/research-insight/rent-control-tracker/
13201,Syracuse,43.0458,-76.2187,No,2,NMHC/Local Jurisdiction,2025,https://www.nmhc.org/research-insight/rent-control-tracker/
13202,Syracuse,43.1113,-76.0913,No,2,NMHC/Local Jurisdiction,2025,https://www.nmhc.org/research-insight/rent-control-tracker/
13203,Syracuse,43.0189,-76.1631,No,2,NMHC/Local Jurisdiction,2025,https://www.nmhc.org/research-insight/rent-control-tracker/
13204,Syracuse,43.0695,-76.1434,No,2,NMHC/Local Jurisdiction,2025,https://www.nmhc.org/research-insight/rent-control-tracker/
13205,Syracuse,43.1546,-75.972,No,2,NMHC/Local Jurisdiction,2025,https://www.nmhc.org/research-insight/rent-control-tracker/
13206,Syracuse,43.0608,-76.302,No,2,NMHC/Local Jurisdiction,2025,https://www.nmhc.org/research-insight/rent-control-tracker/
13207,Syracuse,43.1056,-76.0005,No,2,NMHC/Local Jurisdiction,2025,https://www.nmhc.org/research-insight/rent-control-tracker/
13208,Syracuse,42.9504,-76.0265,No,2,NMHC/Local Jurisdiction,2025,https://www.nmhc.org/research-insight/rent-control-tracker/
13209,Syracuse,43.0588,-76.107,No,2,NMHC/Local Jurisdiction,2025,https://www.nmhc.org/research-insight/rent-control-tracker/
13210,Syracuse,43.0808,-76.0087,No,2,NMHC/Local Jurisdiction,2025,https://www.nmhc.org/research-insight/rent-control-tracker/
13211,Syracuse,43.1012,-76.2866,No,2,NMHC/Local Jurisdiction,2025,https://www.nmhc.org/research-insight/rent-control-tracker/
13212,Syracuse,43.0903,-76.2432,No,2,NMHC/Local Jurisdiction,2025,https://www.nmhc.org/research-insight/rent-control-tracker/
13213,Syracuse,43.0426,-76.1731,No,2,NMHC/Local Jurisdiction,2025,https://www.nmhc.org/research-insight/rent-control-tracker/
13214,Syracuse,43.0321,-75.9805,No,2,NMHC/Local Jurisdiction,2025,https://www.nmhc.org/research-insight/rent-control-tracker/
13215,Syracuse,43.1131,-76.2484,No,2,NMHC/Local Jurisdiction,2025,https://www.nmhc.org/research-insight/rent-control-tracker/
14601,Rochester,43.2324,-77.5741,No,2,NMHC/Local Jurisdiction,2025,https://www.nmhc.org/research-insight/rent-control-tracker/
14602,Rochester,43.2999,-77.5609,No,2,NMHC/Local Jurisdiction,2025,https://www.nmhc.org/research-insight/rent-control-tracker/
14603,Rochester,43.219,-77.6987,No,2,NMHC/Local Jurisdiction,2025,https://www.nmhc.org/research-insight/rent-control-tracker/
14604,Rochester,43.0244,-77.6337,No,2,NMHC/Local Jurisdiction,2025,https://www.nmhc.org/research-insight/rent-control-tracker/
14605,Rochester,43.2342,-77.5454,No,2,NMHC/Local Jurisdiction,2025,https://www.nmhc.org/research-insight/rent-control-tracker/
14606,Rochester,43.0173,-77.7037,No,2,NMHC/Local Jurisdiction,2025,https://www.nmhc.org/research-insight/rent-control-tracker/
14607,Rochester,43.198,-77.6964,No,2,NMHC/Local Jurisdiction,2025,https://www.nmhc.org/research-insight/rent-control-tracker/
14608,Rochester,43.0127,-77.6433,No,2,NMHC/Local Jurisdiction,2025,https://www.nmhc.org/research-insight/rent-control-tracker/
14609,Rochester,43.1293,-77.6597,No,2,NMHC/Local Jurisdiction,2025,https://www.nmhc.org/research-insight/rent-control-tracker/
14610,Rochester,43.0485,-77.4909,No,2,NMHC/Local Jurisdiction,2025,https://www.nmhc.org/research-insight/rent-control-tracker/
14611,Rochester,43.016,-77.6971,No,2,NMHC/Local Jurisdiction,2025,https://www.nmhc.org/research-insight/rent-control-tracker/
14612,Rochester,43.2691,-77.5385,No,2,NMHC/Local Jurisdiction,2025,https://www.nmhc.org/research-insight/rent-control-tracker/
14613,Rochester,43.1696,-77.5655,No,2,NMHC/Local Jurisdiction,2025,https://www.nmhc.org/research-insight/rent-control-tracker/
14614,Rochester,43.1531,-77.7712,No,2,NMHC/Local Jurisdiction,2025,https://www.nmhc.org/research-insight/rent-control-tracker/
14615,Rochester,43.2199,-77.4738,No,2,NMHC/Local Jurisdiction,2025,https://www.nmhc.org/research-insight/rent-control-tracker/
14201,Buffalo,43.0176,-79.0061,No,2,NMHC/Local Jurisdiction,2025,https://www.nmhc.org/research-insight/rent-control-tracker/
14202,Buffalo,42.7703,-78.7556,No,2,NMHC/Local Jurisdiction,2025,https://www.nmhc.org/research-insight/rent-control-tracker/
14203,Buffalo,42.9612,-78.7407,No,2,NMHC/Local Jurisdiction,2025,https://www.nmhc.org/research-insight/rent-control-tracker/
14204,Buffalo,42.8122,-78.8327,No,2,NMHC/Local Jurisdiction,2025,https://www.nmhc.org/research-insight/rent-control-tracker/
14205,Buffalo,42.9099,-78.9059,No,2,NMHC/Local Jurisdiction,2025,https://www.nmhc.org/research-insight/rent-control-tracker/
14206,Buffalo,42.7579,-78.7402,No,2,NMHC/Local Jurisdiction,2025,https://www.nmhc.org/research-insight/rent-control-tracker/
14207,Buffalo,43.0005,-78.9477,No,2,NMHC/Local Jurisdiction,2025,https://www.nmhc.org/research-insight/rent-control-tracker/
14208,Buffalo,42.9388,-79.0249,No,2,NMHC/Local Jurisdiction,2025,https://www.nmhc.org/research-insight/rent-control-tracker/
14209,Buffalo,43.0004,-78.9587,No,2,NMHC/Local Jurisdiction,2025,https://www.nmhc.org/research-insight/rent-control-tracker/
14210,Buffalo,42.7699,-78.9534,No,2,NMHC/Local Jurisdiction,2025,https://www.nmhc.org/research-insight/rent-control-tracker/
14211,Buffalo,42.7398,-78.9726,No,2,NMHC/Local Jurisdiction,2025,https://www.nmhc.org/research-insight/rent-control-tracker/
14212,Buffalo,42.9702,-78.8329,No,2,NMHC/Local Jurisdiction,2025,https://www.nmhc.org/research-insight/rent-control-tracker/
14213,Buffalo,42.8028,-78.9216,No,2,NMHC/Local Jurisdiction,2025,https://www.nmhc.org/research-insight/rent-control-tracker/
14214,Buffalo,42.9193,-79.0486,No,2,NMHC/Local Jurisdiction,2025,https://www.nmhc.org/research-insight/rent-control-tracker/
14215,Buffalo,42.9497,-78.8541,No,2,NMHC/Local Jurisdiction,2025,https://www.nmhc.org/research-insight/rent-control-tracker/
99501,Anchorage,61.2239,-149.7788,No,2,NMHC/Local Jurisdiction,2025,https://www.nmhc.org/research-insight/rent-control-tracker/
99502,Anchorage,61.1348,-149.9297,No,2,NMHC/Local Jurisdiction,2025,https://www.nmhc.org/research-insight/rent-control-tracker/
99503,Anchorage,61.3439,-149.7859,No,2,NMHC/Local Jurisdiction,2025,https://www.nmhc.org/research-insight/rent-control-tracker/
99504,Anchorage,61.0994,-150.0187,No,2,NMHC/Local Jurisdiction,2025,https://www.nmhc.org/research-insight/rent-control-tracker/
99505,Anchorage,61.1344,-149.8803,No,2,NMHC/Local Jurisdiction,2025,https://www.nmhc.org/research-insight/rent-control-tracker/
99506,Anchorage,61.1651,-149.7952,No,2,NMHC/Local Jurisdiction,2025,https://www.nmhc.org/research-insight/rent-control-tracker/
99507,Anchorage,61.357,-149.7265,No,2,NMHC/Local Jurisdiction,2025,https://www.nmhc.org/research-insight/rent-control-tracker/
99508,Anchorage,61.3087,-149.9868,No,2,NMHC/Local Jurisdiction,2025,https://www.nmhc.org/research-insight/rent-control-tracker/
99509,Anchorage,61.2596,-150.0544,No,2,NMHC/Local Jurisdiction,2025,https://www.nmhc.org/research-insight/rent-control-tracker/
99510,Anchorage,61.2513,-149.7347,No,2,NMHC/Local Jurisdiction,2025,https://www.nmhc.org/research-insight/rent-control-tracker/
96801,Honolulu,21.4344,-157.8729,No,2,NMHC/Local Jurisdiction,2025,https://www.nmhc.org/research-insight/rent-control-tracker/
96802,Honolulu,21.1685,-157.912,No,2,NMHC/Local Jurisdiction,2025,https://www.nmhc.org/research-insight/rent-control-tracker/
96803,Honolulu,21.2913,-157.7544,No,2,NMHC/Local Jurisdiction,2025,https://www.nmhc.org/research-insight/rent-control-tracker/
96804,Honolulu,21.3188,-157.7852,No,2,NMHC/Local Jurisdiction,2025,https://www.nmhc.org/research-insight/rent-control-tracker/
96805,Honolulu,21.3697,-157.7216,No,2,NMHC/Local Jurisdiction,2025,https://www.nmhc.org/research-insight/rent-control-tracker/
96806,Honolulu,21.3152,-157.7718,No,2,NMHC/Local Jurisdiction,2025,https://www.nmhc.org/research-insight/rent-control-tracker/
96807,Honolulu,21.4447,-157.7036,No,2,NMHC/Local Jurisdiction,2025,https://www.nmhc.org/research-insight/rent-control-tracker/
96808,Honolulu,21.1859,-157.7462,No,2,NMHC/Local Jurisdiction,2025,https://www.nmhc.org/research-insight/rent-control-tracker/
96809,Honolulu,21.2634,-157.9212,No,2,NMHC/Local Jurisdiction,2025,https://www.nmhc.org/research-insight/rent-control-tracker/
96810,Honolulu,21.4019,-157.8454,No,2,NMHC/Local Jurisdiction,2025,https://www.nmhc.org/research-insight/rent-control-tracker/
76101,Fort Worth,32.7547,-97.1585,No,2,NMHC/Local Jurisdiction,2025,https://www.nmhc.org/research-insight/rent-control-tracker/
76102,Fort Worth,32.6582,-97.2675,No,2,NMHC/Local Jurisdiction,2025,https://www.nmhc.org/research-insight/rent-control-tracker/
76103,Fort Worth,32.7886,-97.1679,No,2,NMHC/Local Jurisdiction,2025,https://www.nmhc.org/research-insight/rent-control-tracker/
76104,Fort Worth,32.7475,-97.3862,No,2,NMHC/Local Jurisdiction,2025,https://www.nmhc.org/research-insight/rent-control-tracker/
76105,Fort Worth,32.9002,-97.2705,No,2,NMHC/Local Jurisdiction,2025,https://www.nmhc.org/research-insight/rent-control-tracker/
76106,Fort Worth,32.8599,-97.4859,No,2,NMHC/Local Jurisdiction,2025,https://www.nmhc.org/research-insight/rent-control-tracker/
76107,Fort Worth,32.8788,-97.2149,No,2,NMHC/Local Jurisdiction,2025,https://www.nmhc.org/research-insight/rent-control-tracker/
76108,Fort Worth,32.7816,-97.2837,No,2,NMHC/Local Jurisdiction,2025,https://www.nmhc.org/research-insight/rent-control-tracker/
76109,Fort Worth,32.6143,-97.3858,No,2,NMHC/Local Jurisdiction,2025,https://www.nmhc.org/research-insight/rent-control-tracker/
76110,Fort Worth,32.7352,-97.3326,No,2,NMHC/Local Jurisdiction,2025,https://www.nmhc.org/research-insight/rent-control-tracker/
76111,Fort Worth,32.8995,-97.311,No,2,NMHC/Local Jurisdiction,2025,https://www.nmhc.org/research-insight/rent-control-tracker/
76112,Fort Worth,32.7093,-97.5105,No,2,NMHC/Local Jurisdiction,2025,https://www.nmhc.org/research-insight/rent-control-tracker/
76113,Fort Worth,32.7693,-97.4406,No,2,NMHC/Local Jurisdiction,2025,https://www.nmhc.org/research-insight/rent-control-tracker/
76114,Fort Worth,32.8259,-97.2174,No,2,NMHC/Local Jurisdiction,2025,https://www.nmhc.org/research-insight/rent-control-tracker/
76115,Fort Worth,32.8768,-97.1927,No,2,NMHC/Local Jurisdiction,2025,https://www.nmhc.org/research-insight/rent-control-tracker/
78401,Corpus Christi,27.7965,-97.2803,No,2,NMHC/Local Jurisdiction,2025,https://www.nmhc.org/research-insight/rent-control-tracker/
78402,Corpus Christi,27.8657,-97.2384,No,2,NMHC/Local Jurisdiction,2025,https://www.nmhc.org/research-insight/rent-control-tracker/
78403,Corpus Christi,27.8911,-97.5661,No,2,NMHC/Local Jurisdiction,2025,https://www.nmhc.org/research-insight/rent-control-tracker/
78404,Corpus Christi,27.8449,-97.4315,No,2,NMHC/Local Jurisdiction,2025,https://www.nmhc.org/research-insight/rent-control-tracker/
78405,Corpus Christi,27.6976,-97.5432,No,2,NMHC/Local Jurisdiction,2025,https://www.nmhc.org/research-insight/rent-control-tracker/
78406,Corpus Christi,27.8832,-97.2819,No,2,NMHC/Local Jurisdiction,2025,https://www.nmhc.org/research-insight/rent-control-tracker/
78407,Corpus Christi,27.8981,-97.3536,No,2,NMHC/Local Jurisdiction,2025,https://www.nmhc.org/research-insight/rent-control-tracker/
78408,Corpus Christi,27.8209,-97.5554,No,2,NMHC/Local Jurisdiction,2025,https://www.nmhc.org/research-insight/rent-control-tracker/
78409,Corpus Christi,27.8942,-97.4693,No,2,NMHC/Local Jurisdiction,2025,https://www.nmhc.org/research-insight/rent-control-tracker/
78410,Corpus Christi,27.8702,-97.2471,No,2,NMHC/Local Jurisdiction,2025,https://www.nmhc.org/research-insight/rent-control-tracker/
78411,Corpus Christi,27.846,-97.3758,No,2,NMHC/Local Jurisdiction,2025,https://www.nmhc.org/research-insight/rent-control-tracker/
78412,Corpus Christi,27.7306,-97.4006,No,2,NMHC/Local Jurisdiction,2025,https://www.nmhc.org/research-insight/rent-control-tracker/
78413,Corpus Christi,27.8118,-97.3349,No,2,NMHC/Local Jurisdiction,2025,https://www.nmhc.org/research-insight/rent-control-tracker/
78414,Corpus Christi,27.8473,-97.3811,No,2,NMHC/Local Jurisdiction,2025,https://www.nmhc.org/research-insight/rent-control-tracker/
78415,Corpus Christi,27.862,-97.2876,No,2,NMHC/Local Jurisdiction,2025,https://www.nmhc.org/research-insight/rent-control-tracker/
79401,Lubbock,33.5153,-101.7663,No,2,NMHC/Local Jurisdiction,2025,https://www.nmhc.org/research-insight/rent-control-tracker/
79402,Lubbock,33.7197,-102.015,No,2,NMHC/Local Jurisdiction,2025,https://www.nmhc.org/research-insight/rent-control-tracker/
79403,Lubbock,33.5141,-101.7007,No,2,NMHC/Local Jurisdiction,2025,https://www.nmhc.org/research-insight/rent-control-tracker/
79404,Lubbock,33.6251,-101.988,No,2,NMHC/Local Jurisdiction,2025,https://www.nmhc.org/research-insight/rent-control-tracker/
79405,Lubbock,33.6265,-101.9366,No,2,NMHC/Local Jurisdiction,2025,https://www.nmhc.org/research-insight/rent-control-tracker/
79406,Lubbock,33.522,-101.6911,No,2,NMHC/Local Jurisdiction,2025,https://www.nmhc.org/research-insight/rent-control-tracker/
79407,Lubbock,33.5654,-101.9654,No,2,NMHC/Local Jurisdiction,2025,https://www.nmhc.org/research-insight/rent-control-tracker/
79408,Lubbock,33.4399,-101.7233,No,2,NMHC/Local Jurisdiction,2025,https://www.nmhc.org/research-insight/rent-control-tracker/
79409,Lubbock,33.6062,-101.936,No,2,NMHC/Local Jurisdiction,2025,https://www.nmhc.org/research-insight/rent-control-tracker/
79410,Lubbock,33.6885,-101.9207,No,2,NMHC/Local Jurisdiction,2025,https://www.nmhc.org/research-insight/rent-control-tracker/
79101,Amarillo,35.119,-101.738,No,2,NMHC/Local Jurisdiction,2025,https://www.nmhc.org/research-insight/rent-control-tracker/
79102,Amarillo,35.1821,-101.8009,No,2,NMHC/Local Jurisdiction,2025,https://www.nmhc.org/research-insight/rent-control-tracker/
79103,Amarillo,35.28,-101.7577,No,2,NMHC/Local Jurisdiction,2025,https://www.nmhc.org/research-insight/rent-control-tracker/
79104,Amarillo,35.2449,-101.8237,No,2,NMHC/Local Jurisdiction,2025,https://www.nmhc.org/research-insight/rent-control-tracker/
79105,Amarillo,35.1416,-101.7652,No,2,NMHC/Local Jurisdiction,2025,https://www.nmhc.org/research-insight/rent-control-tracker/
79106,Amarillo,35.0753,-101.959,No,2,NMHC/Local Jurisdiction,2025,https://www.nmhc.org/research-insight/rent-control-tracker/
79107,Amarillo,35.2465,-101.9093,No,2,NMHC/Local Jurisdiction,2025,https://www.nmhc.org/research-insight/rent-control-tracker/
79108,Amarillo,35.3533,-102.0021,No,2,NMHC/Local Jurisdiction,2025,https://www.nmhc.org/research-insight/rent-control-tracker/
79109,Amarillo,35.3543,-101.6868,No,2,NMHC/Local Jurisdiction,2025,https://www.nmhc.org/research-insight/rent-control-tracker/
79110,Amarillo,35.2963,-101.8671,No,2,NMHC/Local Jurisdiction,2025,https://www.nmhc.org/research-insight/rent-control-tracker/
76201,Denton,33.2099,-97.0283,No,2,NMHC/Local Jurisdiction,2025,https://www.nmhc.org/research-insight/rent-control-tracker/
76202,Denton,33.1825,-97.2035,No,2,NMHC/Local Jurisdiction,2025,https://www.nmhc.org/research-insight/rent-control-tracker/
76203,Denton,33.135,-97.2498,No,2,NMHC/Local Jurisdiction,2025,https://www.nmhc.org/research-insight/rent-control-tracker/
76204,Denton,33.1825,-97.0021,No,2,NMHC/Local Jurisdiction,2025,https://www.nmhc.org/research-insight/rent-control-tracker/
76205,Denton,33.0919,-97.2902,No,2,NMHC/Local Jurisdiction,2025,https://www.nmhc.org/research-insight/rent-control-tracker/
76206,Denton,33.2081,-97.0504,No,2,NMHC/Local Jurisdiction,2025,https://www.nmhc.org/research-insight/rent-control-tracker/
76207,Denton,33.1922,-97.0169,No,2,NMHC/Local Jurisdiction,2025,https://www.nmhc.org/research-insight/rent-control-tracker/
76208,Denton,33.1471,-96.9693,No,2,NMHC/Local Jurisdiction,2025,https://www.nmhc.org/research-insight/rent-control-tracker/
76209,Denton,33.2857,-97.0391,No,2,NMHC/Local Jurisdiction,2025,https://www.nmhc.org/research-insight/rent-control-tracker/
76210,Denton,33.2026,-96.9928,No,2,NMHC/Local Jurisdiction,2025,https://www.nmhc.org/research-insight/rent-control-tracker/
75401,Greenville TX,33.1181,-96.1485,No,2,NMHC/Local Jurisdiction,2025,https://www.nmhc.org/research-insight/rent-control-tracker/
75402,Greenville TX,33.1258,-96.0154,No,2,NMHC/Local Jurisdiction,2025,https://www.nmhc.org/research-insight/rent-control-tracker/
75403,Greenville TX,33.1463,-96.0361,No,2,NMHC/Local Jurisdiction,2025,https://www.nmhc.org/research-insight/rent-control-tracker/
75404,Greenville TX,33.2625,-96.1611,No,2,NMHC/Local Jurisdiction,2025,https://www.nmhc.org/research-insight/rent-control-tracker/
75405,Greenville TX,33.2091,-96.2445,No,2,NMHC/Local Jurisdiction,2025,https://www.nmhc.org/research-insight/rent-control-tracker/
75406,Greenville TX,33.055,-96.173,No,2,NMHC/Local Jurisdiction,2025,https://www.nmhc.org/research-insight/rent-control-tracker/
75407,Greenville TX,33.2114,-96.043,No,2,NMHC/Local Jurisdiction,2025,https://www.nmhc.org/research-insight/rent-control-tracker/
75408,Greenville TX,33.114,-96.1377,No,2,NMHC/Local Jurisdiction,2025,https://www.nmhc.org/research-insight/rent-control-tracker/
75409,Greenville TX,33.065,-96.1166,No,2,NMHC/Local Jurisdiction,2025,https://www.nmhc.org/research-insight/rent-control-tracker/
75410,Greenville TX,33.3071,-95.9658,No,2,NMHC/Local Jurisdiction,2025,https://www.nmhc.org/research-insight/rent-control-tracker/
36101,Montgomery,32.3959,-86.2919,No,2,NMHC/Local Jurisdiction,2025,https://www.nmhc.org/research-insight/rent-control-tracker/
36102,Montgomery,32.2358,-86.2049,No,2,NMHC/Local Jurisdiction,2025,https://www.nmhc.org/research-insight/rent-control-tracker/
36103,Montgomery,32.4886,-86.4499,No,2,NMHC/Local Jurisdiction,2025,https://www.nmhc.org/research-insight/rent-control-tracker/
36104,Montgomery,32.3342,-86.1669,No,2,NMHC/Local Jurisdiction,2025,https://www.nmhc.org/research-insight/rent-control-tracker/
36105,Montgomery,32.3037,-86.432,No,2,NMHC/Local Jurisdiction,2025,https://www.nmhc.org/research-insight/rent-control-tracker/
36106,Montgomery,32.4883,-86.3256,No,2,NMHC/Local Jurisdiction,2025,https://www.nmhc.org/research-insight/rent-control-tracker/
36107,Montgomery,32.3615,-86.2148,No,2,NMHC/Local Jurisdiction,2025,https://www.nmhc.org/research-insight/rent-control-tracker/
36108,Montgomery,32.2218,-86.463,No,2,NMHC/Local Jurisdiction,2025,https://www.nmhc.org/research-insight/rent-control-tracker/
36109,Montgomery,32.2646,-86.1847,No,2,NMHC/Local Jurisdiction,2025,https://www.nmhc.org/research-insight/rent-control-tracker/
36110,Montgomery,32.4829,-86.4256,No,2,NMHC/Local Jurisdiction,2025,https://www.nmhc.org/research-insight/rent-control-tracker/
36601,Mobile,30.611,-87.8918,No,2,NMHC/Local Jurisdiction,2025,https://www.nmhc.org/research-insight/rent-control-tracker/
36602,Mobile,30.5864,-88.2037,No,2,NMHC/Local Jurisdiction,2025,https://www.nmhc.org/research-insight/rent-control-tracker/
36603,Mobile,30.7569,-88.1984,No,2,NMHC/Local Jurisdiction,2025,https://www.nmhc.org/research-insight/rent-control-tracker/
36604,Mobile,30.7953,-87.919,No,2,NMHC/Local Jurisdiction,2025,https://www.nmhc.org/research-insight/rent-control-tracker/
36605,Mobile,30.5644,-88.0322,No,2,NMHC/Local Jurisdiction,2025,https://www.nmhc.org/research-insight/rent-control-tracker/
36606,Mobile,30.7494,-88.1855,No,2,NMHC/Local Jurisdiction,2025,https://www.nmhc.org/research-insight/rent-control-tracker/
36607,Mobile,30.6156,-87.9536,No,2,NMHC/Local Jurisdiction,2025,https://www.nmhc.org/research-insight/rent-control-tracker/
36608,Mobile,30.6756,-88.1351,No,2,NMHC/Local Jurisdiction,2025,https://www.nmhc.org/research-insight/rent-control-tracker/
36609,Mobile,30.5489,-88.0187,No,2,NMHC/Local Jurisdiction,2025,https://www.nmhc.org/research-insight/rent-control-tracker/
36610,Mobile,30.5534,-88.1658,No,2,NMHC/Local Jurisdiction,2025,https://www.nmhc.org/research-insight/rent-control-tracker/
31201,Macon,32.9122,-83.5236,No,2,NMHC/Local Jurisdiction,2025,https://www.nmhc.org/research-insight/rent-control-tracker/
31202,Macon,32.8308,-83.8022,No,2,NMHC/Local Jurisdiction,2025,https://www.nmhc.org/research-insight/rent-control-tracker/
31203,Macon,32.881,-83.6344,No,2,NMHC/Local Jurisdiction,2025,https://www.nmhc.org/research-insight/rent-control-tracker/
31204,Macon,32.8412,-83.5994,No,2,NMHC/Local Jurisdiction,2025,https://www.nmhc.org/research-insight/rent-control-tracker/
31205,Macon,32.8797,-83.7902,No,2,NMHC/Local Jurisdiction,2025,https://www.nmhc.org/research-insight/rent-control-tracker/
31206,Macon,32.7735,-83.6513,No,2,NMHC/Local Jurisdiction,2025,https://www.nmhc.org/research-insight/rent-control-tracker/
31207,Macon,32.934,-83.7794,No,2,NMHC/Local Jurisdiction,2025,https://www.nmhc.org/research-insight/rent-control-tracker/
31208,Macon,32.7645,-83.4904,No,2,NMHC/Local Jurisdiction,2025,https://www.nmhc.org/research-insight/rent-control-tracker/
31209,Macon,32.9827,-83.6256,No,2,NMHC/Local Jurisdiction,2025,https://www.nmhc.org/research-insight/rent-control-tracker/
31210,Macon,32.8647,-83.7167,No,2,NMHC/Local Jurisdiction,2025,https://www.nmhc.org/research-insight/rent-control-tracker/
30901,Augusta,33.4576,-81.844,No,2,NMHC/Local Jurisdiction,2025,https://www.nmhc.org/research-insight/rent-control-tracker/
30902,Augusta,33.4432,-82.0922,No,2,NMHC/Local Jurisdiction,2025,https://www.nmhc.org/research-insight/rent-control-tracker/
30903,Augusta,33.4799,-81.9335,No,2,NMHC/Local Jurisdiction,2025,https://www.nmhc.org/research-insight/rent-control-tracker/
30904,Augusta,33.3942,-81.9079,No,2,NMHC/Local Jurisdiction,2025,https://www.nmhc.org/research-insight/rent-control-tracker/
30905,Augusta,33.393,-81.9894,No,2,NMHC/Local Jurisdiction,2025,https://www.nmhc.org/research-insight/rent-control-tracker/
30906,Augusta,33.3948,-82.168,No,2,NMHC/Local Jurisdiction,2025,https://www.nmhc.org/research-insight/rent-control-tracker/
30907,Augusta,33.418,-81.9768,No,2,NMHC/Local Jurisdiction,2025,https://www.nmhc.org/research-insight/rent-control-tracker/
30908,Augusta,33.5507,-82.1129,No,2,NMHC/Local Jurisdiction,2025,https://www.nmhc.org/research-insight/rent-control-tracker/
30909,Augusta,33.5734,-82.1482,No,2,NMHC/Local Jurisdiction,2025,https://www.nmhc.org/research-insight/rent-control-tracker/
30910,Augusta,33.5498,-81.9518,No,2,NMHC/Local Jurisdiction,2025,https://www.nmhc.org/research-insight/rent-control-tracker/
70801,Baton Rouge,30.5762,-91.2582,No,2,NMHC/Local Jurisdiction,2025,https://www.nmhc.org/research-insight/rent-control-tracker/
70802,Baton Rouge,30.5067,-91.0399,No,2,NMHC/Local Jurisdiction,2025,https://www.nmhc.org/research-insight/rent-control-tracker/
70803,Baton Rouge,30.5539,-91.1479,No,2,NMHC/Local Jurisdiction,2025,https://www.nmhc.org/research-insight/rent-control-tracker/
70804,Baton Rouge,30.3378,-91.3183,No,2,NMHC/Local Jurisdiction,2025,https://www.nmhc.org/research-insight/rent-control-tracker/
70805,Baton Rouge,30.5312,-91.2347,No,2,NMHC/Local Jurisdiction,2025,https://www.nmhc.org/research-insight/rent-control-tracker/
70806,Baton Rouge,30.5972,-91.0817,No,2,NMHC/Local Jurisdiction,2025,https://www.nmhc.org/research-insight/rent-control-tracker/
70807,Baton Rouge,30.4069,-91.1238,No,2,NMHC/Local Jurisdiction,2025,https://www.nmhc.org/research-insight/rent-control-tracker/
70808,Baton Rouge,30.3899,-91.2711,No,2,NMHC/Local Jurisdiction,2025,https://www.nmhc.org/research-insight/rent-control-tracker/
70809,Baton Rouge,30.5456,-91.3632,No,2,NMHC/Local Jurisdiction,2025,https://www.nmhc.org/research-insight/rent-control-tracker/
70810,Baton Rouge,30.3322,-91.1683,No,2,NMHC/Local Jurisdiction,2025,https://www.nmhc.org/research-insight/rent-control-tracker/
70811,Baton Rouge,30.3089,-91.3416,No,2,NMHC/Local Jurisdiction,2025,https://www.nmhc.org/research-insight/rent-control-tracker/
70812,Baton Rouge,30.4158,-91.2374,No,2,NMHC/Local Jurisdiction,2025,https://www.nmhc.org/research-insight/rent-control-tracker/
70813,Baton Rouge,30.3226,-91.3601,No,2,NMHC/Local Jurisdiction,2025,https://www.nmhc.org/research-insight/rent-control-tracker/
70814,Baton Rouge,30.5252,-91.3368,No,2,NMHC/Local Jurisdiction,2025,https://www.nmhc.org/research-insight/rent-control-tracker/
70815,Baton Rouge,30.5757,-91.0282,No,2,NMHC/Local Jurisdiction,2025,https://www.nmhc.org/research-insight/rent-control-tracker/
71101,Shreveport,32.5358,-93.8159,No,2,NMHC/Local Jurisdiction,2025,https://www.nmhc.org/research-insight/rent-control-tracker/
71102,Shreveport,32.4687,-93.6927,No,2,NMHC/Local Jurisdiction,2025,https://www.nmhc.org/research-insight/rent-control-tracker/
71103,Shreveport,32.6235,-93.7468,No,2,NMHC/Local Jurisdiction,2025,https://www.nmhc.org/research-insight/rent-control-tracker/
71104,Shreveport,32.5257,-93.9166,No,2,NMHC/Local Jurisdiction,2025,https://www.nmhc.org/research-insight/rent-control-tracker/
71105,Shreveport,32.4053,-93.7802,No,2,NMHC/Local Jurisdiction,2025,https://www.nmhc.org/research-insight/rent-control-tracker/
71106,Shreveport,32.4774,-93.6079,No,2,NMHC/Local Jurisdiction,2025,https://www.nmhc.org/research-insight/rent-control-tracker/
71107,Shreveport,32.58,-93.6863,No,2,NMHC/Local Jurisdiction,2025,https://www.nmhc.org/research-insight/rent-control-tracker/
71108,Shreveport,32.4673,-93.6525,No,2,NMHC/Local Jurisdiction,2025,https://www.nmhc.org/research-insight/rent-control-tracker/
71109,Shreveport,32.5288,-93.7222,No,2,NMHC/Local Jurisdiction,2025,https://www.nmhc.org/research-insight/rent-control-tracker/
71110,Shreveport,32.6259,-93.6311,No,2,NMHC/Local Jurisdiction,2025,https://www.nmhc.org/research-insight/rent-control-tracker/
70501,Lafayette,30.3512,-92.1268,No,2,NMHC/Local Jurisdiction,2025,https://www.nmhc.org/research-insight/rent-control-tracker/
70502,Lafayette,30.3597,-92.1401,No,2,NMHC/Local Jurisdiction,2025,https://www.nmhc.org/research-insight/rent-control-tracker/
70503,Lafayette,30.2337,-92.0247,No,2,NMHC/Local Jurisdiction,2025,https://www.nmhc.org/research-insight/rent-control-tracker/
70504,Lafayette,30.183,-91.9374,No,2,NMHC/Local Jurisdiction,2025,https://www.nmhc.org/research-insight/rent-control-tracker/
70505,Lafayette,30.3388,-92.1054,No,2,NMHC/Local Jurisdiction,2025,https://www.nmhc.org/research-insight/rent-control-tracker/
70506,Lafayette,30.0771,-92.1089,No,2,NMHC/Local Jurisdiction,2025,https://www.nmhc.org/research-insight/rent-control-tracker/
70507,Lafayette,30.3403,-92.1842,No,2,NMHC/Local Jurisdiction,2025,https://www.nmhc.org/research-insight/rent-control-tracker/
70508,Lafayette,30.295,-92.1503,No,2,NMHC/Local Jurisdiction,2025,https://www.nmhc.org/research-insight/rent-control-tracker/
70509,Lafayette,30.1123,-92.1867,No,2,NMHC/Local Jurisdiction,2025,https://www.nmhc.org/research-insight/rent-control-tracker/
70510,Lafayette,30.088,-92.1943,No,2,NMHC/Local Jurisdiction,2025,https://www.nmhc.org/research-insight/rent-control-tracker/
74101,Tulsa,36.1745,-96.0746,No,2,NMHC/Local Jurisdiction,2025,https://www.nmhc.org/research-insight/rent-control-tracker/
74102,Tulsa,36.1187,-95.8542,No,2,NMHC/Local Jurisdiction,2025,https://www.nmhc.org/research-insight/rent-control-tracker/
74103,Tulsa,36.0864,-95.8175,No,2,NMHC/Local Jurisdiction,2025,https://www.nmhc.org/research-insight/rent-control-tracker/
74104,Tulsa,36.166,-96.0692,No,2,NMHC/Local Jurisdiction,2025,https://www.nmhc.org/research-insight/rent-control-tracker/
74105,Tulsa,36.2434,-95.8459,No,2,NMHC/Local Jurisdiction,2025,https://www.nmhc.org/research-insight/rent-control-tracker/
74106,Tulsa,36.0844,-96.0303,No,2,NMHC/Local Jurisdiction,2025,https://www.nmhc.org/research-insight/rent-control-tracker/
74107,Tulsa,36.2812,-95.9983,No,2,NMHC/Local Jurisdiction,2025,https://www.nmhc.org/research-insight/rent-control-tracker/
74108,Tulsa,36.2384,-95.9567,No,2,NMHC/Local Jurisdiction,2025,https://www.nmhc.org/research-insight/rent-control-tracker/
74109,Tulsa,36.0999,-96.1434,No,2,NMHC/Local Jurisdiction,2025,https://www.nmhc.org/research-insight/rent-control-tracker/
74110,Tulsa,36.0791,-96.0878,No,2,NMHC/Local Jurisdiction,2025,https://www.nmhc.org/research-insight/rent-control-tracker/
74111,Tulsa,36.1083,-96.0022,No,2,NMHC/Local Jurisdiction,2025,https://www.nmhc.org/research-insight/rent-control-tracker/
74112,Tulsa,36.116,-95.9311,No,2,NMHC/Local Jurisdiction,2025,https://www.nmhc.org/research-insight/rent-control-tracker/
74113,Tulsa,36.151,-95.9039,No,2,NMHC/Local Jurisdiction,2025,https://www.nmhc.org/research-insight/rent-control-tracker/
74114,Tulsa,36.2011,-95.9272,No,2,NMHC/Local Jurisdiction,2025,https://www.nmhc.org/research-insight/rent-control-tracker/
74115,Tulsa,36.2697,-95.9837,No,2,NMHC/Local Jurisdiction,2025,https://www.nmhc.org/research-insight/rent-control-tracker/
67201,Wichita,37.5655,-97.2979,No,2,NMHC/Local Jurisdiction,2025,https://www.nmhc.org/research-insight/rent-control-tracker/
67202,Wichita,37.5796,-97.2017,No,2,NMHC/Local Jurisdiction,2025,https://www.nmhc.org/research-insight/rent-control-tracker/
67203,Wichita,37.8148,-97.3073,No,2,NMHC/Local Jurisdiction,2025,https://www.nmhc.org/research-insight/rent-control-tracker/
67204,Wichita,37.5886,-97.4371,No,2,NMHC/Local Jurisdiction,2025,https://www.nmhc.org/research-insight/rent-control-tracker/
67205,Wichita,37.5617,-97.1932,No,2,NMHC/Local Jurisdiction,2025,https://www.nmhc.org/research-insight/rent-control-tracker/
67206,Wichita,37.6108,-97.3717,No,2,NMHC/Local Jurisdiction,2025,https://www.nmhc.org/research-insight/rent-control-tracker/
67207,Wichita,37.7449,-97.4853,No,2,NMHC/Local Jurisdiction,2025,https://www.nmhc.org/research-insight/rent-control-tracker/
67208,Wichita,37.5525,-97.2897,No,2,NMHC/Local Jurisdiction,2025,https://www.nmhc.org/research-insight/rent-control-tracker/
67209,Wichita,37.652,-97.4215,No,2,NMHC/Local Jurisdiction,2025,https://www.nmhc.org/research-insight/rent-control-tracker/
67210,Wichita,37.7183,-97.3327,No,2,NMHC/Local Jurisdiction,2025,https://www.nmhc.org/research-insight/rent-control-tracker/
57101,Sioux Falls,43.6647,-96.8655,No,2,NMHC/Local Jurisdiction,2025,https://www.nmhc.org/research-insight/rent-control-tracker/
57102,Sioux Falls,43.4412,-96.7373,No,2,NMHC/Local Jurisdiction,2025,https://www.nmhc.org/research-insight/rent-control-tracker/
57103,Sioux Falls,43.5347,-96.7066,No,2,NMHC/Local Jurisdiction,2025,https://www.nmhc.org/research-insight/rent-control-tracker/
57104,Sioux Falls,43.5353,-96.6422,No,2,NMHC/Local Jurisdiction,2025,https://www.nmhc.org/research-insight/rent-control-tracker/
57105,Sioux Falls,43.5328,-96.6177,No,2,NMHC/Local Jurisdiction,2025,https://www.nmhc.org/research-insight/rent-control-tracker/
57106,Sioux Falls,43.4462,-96.7464,No,2,NMHC/Local Jurisdiction,2025,https://www.nmhc.org/research-insight/rent-control-tracker/
57107,Sioux Falls,43.5053,-96.735,No,2,NMHC/Local Jurisdiction,2025,https://www.nmhc.org/research-insight/rent-control-tracker/
57108,Sioux Falls,43.6601,-96.5606,No,2,NMHC/Local Jurisdiction,2025,https://www.nmhc.org/research-insight/rent-control-tracker/
57109,Sioux Falls,43.5044,-96.8466,No,2,NMHC/Local Jurisdiction,2025,https://www.nmhc.org/research-insight/rent-control-tracker/
57110,Sioux Falls,43.4048,-96.7543,No,2,NMHC/Local Jurisdiction,2025,https://www.nmhc.org/research-insight/rent-control-tracker/
58101,Fargo,46.8219,-96.8051,No,2,NMHC/Local Jurisdiction,2025,https://www.nmhc.org/research-insight/rent-control-tracker/
58102,Fargo,46.9293,-96.9542,No,2,NMHC/Local Jurisdiction,2025,https://www.nmhc.org/research-insight/rent-control-tracker/
58103,Fargo,46.8685,-96.96,No,2,NMHC/Local Jurisdiction,2025,https://www.nmhc.org/research-insight/rent-control-tracker/
58104,Fargo,46.854,-96.8947,No,2,NMHC/Local Jurisdiction,2025,https://www.nmhc.org/research-insight/rent-control-tracker/
58105,Fargo,46.7526,-96.6571,No,2,NMHC/Local Jurisdiction,2025,https://www.nmhc.org/research-insight/rent-control-tracker/
58106,Fargo,46.7333,-96.9637,No,2,NMHC/Local Jurisdiction,2025,https://www.nmhc.org/research-insight/rent-control-tracker/
58107,Fargo,46.834,-96.6454,No,2,NMHC/Local Jurisdiction,2025,https://www.nmhc.org/research-insight/rent-control-tracker/
58108,Fargo,46.7681,-96.6802,No,2,NMHC/Local Jurisdiction,2025,https://www.nmhc.org/research-insight/rent-control-tracker/
58109,Fargo,46.9197,-96.6369,No,2,NMHC/Local Jurisdiction,2025,https://www.nmhc.org/research-insight/rent-control-tracker/
58110,Fargo,46.8312,-96.8584,No,2,NMHC/Local Jurisdiction,2025,https://www.nmhc.org/research-insight/rent-control-tracker/
59101,Billings,45.7226,-108.5036,No,2,NMHC/Local Jurisdiction,2025,https://www.nmhc.org/research-insight/rent-control-tracker/
59102,Billings,45.7348,-108.5551,No,2,NMHC/Local Jurisdiction,2025,https://www.nmhc.org/research-insight/rent-control-tracker/
59103,Billings,45.8289,-108.4262,No,2,NMHC/Local Jurisdiction,2025,https://www.nmhc.org/research-insight/rent-control-tracker/
59104,Billings,45.9326,-108.4693,No,2,NMHC/Local Jurisdiction,2025,https://www.nmhc.org/research-insight/rent-control-tracker/
59105,Billings,45.6543,-108.569,No,2,NMHC/Local Jurisdiction,2025,https://www.nmhc.org/research-insight/rent-control-tracker/
59106,Billings,45.7321,-108.3896,No,2,NMHC/Local Jurisdiction,2025,https://www.nmhc.org/research-insight/rent-control-tracker/
59107,Billings,45.6753,-108.3374,No,2,NMHC/Local Jurisdiction,2025,https://www.nmhc.org/research-insight/rent-control-tracker/
59108,Billings,45.9179,-108.4563,No,2,NMHC/Local Jurisdiction,2025,https://www.nmhc.org/research-insight/rent-control-tracker/
59109,Billings,45.925,-108.4504,No,2,NMHC/Local Jurisdiction,2025,https://www.nmhc.org/research-insight/rent-control-tracker/
59110,Billings,45.8482,-108.3526,No,2,NMHC/Local Jurisdiction,2025,https://www.nmhc.org/research-insight/rent-control-tracker/
59715,Bozeman,45.82,-111.0576,No,2,NMHC/Local Jurisdiction,2025,https://www.nmhc.org/research-insight/rent-control-tracker/
59716,Bozeman,45.6464,-111.0746,No,2,NMHC/Local Jurisdiction,2025,https://www.nmhc.org/research-insight/rent-control-tracker/
59717,Bozeman,45.6607,-111.0085,No,2,NMHC/Local Jurisdiction,2025,https://www.nmhc.org/research-insight/rent-control-tracker/
59718,Bozeman,45.5657,-111.215,No,2,NMHC/Local Jurisdiction,2025,https://www.nmhc.org/research-insight/rent-control-tracker/
59719,Bozeman,45.7141,-110.925,No,2,NMHC/Local Jurisdiction,2025,https://www.nmhc.org/research-insight/rent-control-tracker/
59720,Bozeman,45.7795,-110.9759,No,2,NMHC/Local Jurisdiction,2025,https://www.nmhc.org/research-insight/rent-control-tracker/
59721,Bozeman,45.7382,-111.0428,No,2,NMHC/Local Jurisdiction,2025,https://www.nmhc.org/research-insight/rent-control-tracker/
59722,Bozeman,45.5393,-111.1085,No,2,NMHC/Local Jurisdiction,2025,https://www.nmhc.org/research-insight/rent-control-tracker/
59723,Bozeman,45.6453,-111.0969,No,2,NMHC/Local Jurisdiction,2025,https://www.nmhc.org/research-insight/rent-control-tracker/
59724,Bozeman,45.5952,-111.2139,No,2,NMHC/Local Jurisdiction,2025,https://www.nmhc.org/research-insight/rent-control-tracker/
50301,Des Moines,41.5086,-93.7149,No,2,NMHC/Local Jurisdiction,2025,https://www.nmhc.org/research-insight/rent-control-tracker/
50302,Des Moines,41.5788,-93.6806,No,2,NMHC/Local Jurisdiction,2025,https://www.nmhc.org/research-insight/rent-control-tracker/
50303,Des Moines,41.6731,-93.4509,No,2,NMHC/Local Jurisdiction,2025,https://www.nmhc.org/research-insight/rent-control-tracker/
50304,Des Moines,41.4961,-93.6251,No,2,NMHC/Local Jurisdiction,2025,https://www.nmhc.org/research-insight/rent-control-tracker/
50305,Des Moines,41.67,-93.6116,No,2,NMHC/Local Jurisdiction,2025,https://www.nmhc.org/research-insight/rent-control-tracker/
50306,Des Moines,41.5114,-93.5099,No,2,NMHC/Local Jurisdiction,2025,https://www.nmhc.org/research-insight/rent-control-tracker/
50307,Des Moines,41.7073,-93.527,No,2,NMHC/Local Jurisdiction,2025,https://www.nmhc.org/research-insight/rent-control-tracker/
50308,Des Moines,41.6494,-93.6248,No,2,NMHC/Local Jurisdiction,2025,https://www.nmhc.org/research-insight/rent-control-tracker/
50309,Des Moines,41.6649,-93.6598,No,2,NMHC/Local Jurisdiction,2025,https://www.nmhc.org/research-insight/rent-control-tracker/
50310,Des Moines,41.4964,-93.5153,No,2,NMHC/Local Jurisdiction,2025,https://www.nmhc.org/research-insight/rent-control-tracker/
50311,Des Moines,41.6239,-93.6891,No,2,NMHC/Local Jurisdiction,2025,https://www.nmhc.org/research-insight/rent-control-tracker/
50312,Des Moines,41.5786,-93.5743,No,2,NMHC/Local Jurisdiction,2025,https://www.nmhc.org/research-insight/rent-control-tracker/
50313,Des Moines,41.6442,-93.4532,No,2,NMHC/Local Jurisdiction,2025,https://www.nmhc.org/research-insight/rent-control-tracker/
50314,Des Moines,41.5605,-93.5765,No,2,NMHC/Local Jurisdiction,2025,https://www.nmhc.org/research-insight/rent-control-tracker/
50315,Des Moines,41.6548,-93.4897,No,2,NMHC/Local Jurisdiction,2025,https://www.nmhc.org/research-insight/rent-control-tracker/
52401,Cedar Rapids,41.8816,-91.536,No,2,NMHC/Local Jurisdiction,2025,https://www.nmhc.org/research-insight/rent-control-tracker/
52402,Cedar Rapids,41.9925,-91.6004,No,2,NMHC/Local Jurisdiction,2025,https://www.nmhc.org/research-insight/rent-control-tracker/
52403,Cedar Rapids,41.962,-91.7474,No,2,NMHC/Local Jurisdiction,2025,https://www.nmhc.org/research-insight/rent-control-tracker/
52404,Cedar Rapids,41.9366,-91.5163,No,2,NMHC/Local Jurisdiction,2025,https://www.nmhc.org/research-insight/rent-control-tracker/
52405,Cedar Rapids,42.1062,-91.7485,No,2,NMHC/Local Jurisdiction,2025,https://www.nmhc.org/research-insight/rent-control-tracker/
52406,Cedar Rapids,42.0435,-91.6675,No,2,NMHC/Local Jurisdiction,2025,https://www.nmhc.org/research-insight/rent-control-tracker/
52407,Cedar Rapids,42.1199,-91.6108,No,2,NMHC/Local Jurisdiction,2025,https://www.nmhc.org/research-insight/rent-control-tracker/
52408,Cedar Rapids,41.9025,-91.6681,No,2,NMHC/Local Jurisdiction,2025,https://www.nmhc.org/research-insight/rent-control-tracker/
52409,Cedar Rapids,42.079,-91.5166,No,2,NMHC/Local Jurisdiction,2025,https://www.nmhc.org/research-insight/rent-control-tracker/
52410,Cedar Rapids,42.0351,-91.543,No,2,NMHC/Local Jurisdiction,2025,https://www.nmhc.org/research-insight/rent-control-tracker/
66101,Kansas City KS,39.1364,-94.499,No,2,NMHC/Local Jurisdiction,2025,https://www.nmhc.org/research-insight/rent-control-tracker/
66102,Kansas City KS,39.0606,-94.6368,No,2,NMHC/Local Jurisdiction,2025,https://www.nmhc.org/research-insight/rent-control-tracker/
66103,Kansas City KS,39.034,-94.5227,No,2,NMHC/Local Jurisdiction,2025,https://www.nmhc.org/research-insight/rent-control-tracker/
66104,Kansas City KS,39.2453,-94.4841,No,2,NMHC/Local Jurisdiction,2025,https://www.nmhc.org/research-insight/rent-control-tracker/
66105,Kansas City KS,39.2634,-94.5186,No,2,NMHC/Local Jurisdiction,2025,https://www.nmhc.org/research-insight/rent-control-tracker/
66106,Kansas City KS,39.0409,-94.6519,No,2,NMHC/Local Jurisdiction,2025,https://www.nmhc.org/research-insight/rent-control-tracker/
66107,Kansas City KS,39.0177,-94.4766,No,2,NMHC/Local Jurisdiction,2025,https://www.nmhc.org/research-insight/rent-control-tracker/
66108,Kansas City KS,38.9962,-94.578,No,2,NMHC/Local Jurisdiction,2025,https://www.nmhc.org/research-insight/rent-control-tracker/
66109,Kansas City KS,39.2597,-94.7773,No,2,NMHC/Local Jurisdiction,2025,https://www.nmhc.org/research-insight/rent-control-tracker/
66110,Kansas City KS,39.1839,-94.5731,No,2,NMHC/Local Jurisdiction,2025,https://www.nmhc.org/research-insight/rent-control-tracker/
68501,Lincoln NE,40.9359,-96.579,No,2,NMHC/Local Jurisdiction,2025,https://www.nmhc.org/research-insight/rent-control-tracker/
68502,Lincoln NE,40.8606,-96.69,No,2,NMHC/Local Jurisdiction,2025,https://www.nmhc.org/research-insight/rent-control-tracker/
68503,Lincoln NE,40.7792,-96.5399,No,2,NMHC/Local Jurisdiction,2025,https://www.nmhc.org/research-insight/rent-control-tracker/
68504,Lincoln NE,40.7621,-96.8301,No,2,NMHC/Local Jurisdiction,2025,https://www.nmhc.org/research-insight/rent-control-tracker/
68505,Lincoln NE,40.8326,-96.5664,No,2,NMHC/Local Jurisdiction,2025,https://www.nmhc.org/research-insight/rent-control-tracker/
68506,Lincoln NE,40.755,-96.5533,No,2,NMHC/Local Jurisdiction,2025,https://www.nmhc.org/research-insight/rent-control-tracker/
68507,Lincoln NE,40.7392,-96.8584,No,2,NMHC/Local Jurisdiction,2025,https://www.nmhc.org/research-insight/rent-control-tracker/
68508,Lincoln NE,40.8472,-96.8042,No,2,NMHC/Local Jurisdiction,2025,https://www.nmhc.org/research-insight/rent-control-tracker/
68509,Lincoln NE,40.7477,-96.6747,No,2,NMHC/Local Jurisdiction,2025,https://www.nmhc.org/research-insight/rent-control-tracker/
68510,Lincoln NE,40.7885,-96.6955,No,2,NMHC/Local Jurisdiction,2025,https://www.nmhc.org/research-insight/rent-control-tracker/
53701,Madison WI,43.1115,-89.2574,No,2,NMHC/Local Jurisdiction,2025,https://www.nmhc.org/research-insight/rent-control-tracker/
53702,Madison WI,43.1459,-89.308,No,2,NMHC/Local Jurisdiction,2025,https://www.nmhc.org/research-insight/rent-control-tracker/
53703,Madison WI,42.968,-89.447,No,2,NMHC/Local Jurisdiction,2025,https://www.nmhc.org/research-insight/rent-control-tracker/
53704,Madison WI,43.0892,-89.5189,No,2,NMHC/Local Jurisdiction,2025,https://www.nmhc.org/research-insight/rent-control-tracker/
53705,Madison WI,42.9577,-89.5271,No,2,NMHC/Local Jurisdiction,2025,https://www.nmhc.org/research-insight/rent-control-tracker/
53706,Madison WI,43.0212,-89.5086,No,2,NMHC/Local Jurisdiction,2025,https://www.nmhc.org/research-insight/rent-control-tracker/
53707,Madison WI,43.1038,-89.3219,No,2,NMHC/Local Jurisdiction,2025,https://www.nmhc.org/research-insight/rent-control-tracker/
53708,Madison WI,42.9813,-89.4513,No,2,NMHC/Local Jurisdiction,2025,https://www.nmhc.org/research-insight/rent-control-tracker/
53709,Madison WI,43.1809,-89.5727,No,2,NMHC/Local Jurisdiction,2025,https://www.nmhc.org/research-insight/rent-control-tracker/
53710,Madison WI,43.0885,-89.2825,No,2,NMHC/Local Jurisdiction,2025,https://www.nmhc.org/research-insight/rent-control-tracker/
53711,Madison WI,43.1248,-89.4847,No,2,NMHC/Local Jurisdiction,2025,https://www.nmhc.org/research-insight/rent-control-tracker/
53712,Madison WI,43.142,-89.2285,No,2,NMHC/Local Jurisdiction,2025,https://www.nmhc.org/research-insight/rent-control-tracker/
53713,Madison WI,43.1649,-89.4684,No,2,NMHC/Local Jurisdiction,2025,https://www.nmhc.org/research-insight/rent-control-tracker/
53714,Madison WI,42.9325,-89.2533,No,2,NMHC/Local Jurisdiction,2025,https://www.nmhc.org/research-insight/rent-control-tracker/
53715,Madison WI,43.0923,-89.5347,No,2,NMHC/Local Jurisdiction,2025,https://www.nmhc.org/research-insight/rent-control-tracker/
54301,Green Bay,44.5754,-88.1087,No,2,NMHC/Local Jurisdiction,2025,https://www.nmhc.org/research-insight/rent-control-tracker/
54302,Green Bay,44.6095,-88.0614,No,2,NMHC/Local Jurisdiction,2025,https://www.nmhc.org/research-insight/rent-control-tracker/
54303,Green Bay,44.4123,-88.1275,No,2,NMHC/Local Jurisdiction,2025,https://www.nmhc.org/research-insight/rent-control-tracker/
54304,Green Bay,44.5143,-87.8681,No,2,NMHC/Local Jurisdiction,2025,https://www.nmhc.org/research-insight/rent-control-tracker/
54305,Green Bay,44.6082,-88.1399,No,2,NMHC/Local Jurisdiction,2025,https://www.nmhc.org/research-insight/rent-control-tracker/
54306,Green Bay,44.5735,-87.9856,No,2,NMHC/Local Jurisdiction,2025,https://www.nmhc.org/research-insight/rent-control-tracker/
54307,Green Bay,44.4297,-87.9844,No,2,NMHC/Local Jurisdiction,2025,https://www.nmhc.org/research-insight/rent-control-tracker/
54308,Green Bay,44.4101,-87.9208,No,2,NMHC/Local Jurisdiction,2025,https://www.nmhc.org/research-insight/rent-control-tracker/
54309,Green Bay,44.5047,-87.9614,No,2,NMHC/Local Jurisdiction,2025,https://www.nmhc.org/research-insight/rent-control-tracker/
54310,Green Bay,44.5906,-88.0885,No,2,NMHC/Local Jurisdiction,2025,https://www.nmhc.org/research-insight/rent-control-tracker/
47201,Columbus IN,39.3389,-86.052,No,2,NMHC/Local Jurisdiction,2025,https://www.nmhc.org/research-insight/rent-control-tracker/
47202,Columbus IN,39.2979,-85.8772,No,2,NMHC/Local Jurisdiction,2025,https://www.nmhc.org/research-insight/rent-control-tracker/
47203,Columbus IN,39.0799,-85.9561,No,2,NMHC/Local Jurisdiction,2025,https://www.nmhc.org/research-insight/rent-control-tracker/
47204,Columbus IN,39.1234,-85.804,No,2,NMHC/Local Jurisdiction,2025,https://www.nmhc.org/research-insight/rent-control-tracker/
47205,Columbus IN,39.1461,-85.8341,No,2,NMHC/Local Jurisdiction,2025,https://www.nmhc.org/research-insight/rent-control-tracker/
47206,Columbus IN,39.2813,-86.0424,No,2,NMHC/Local Jurisdiction,2025,https://www.nmhc.org/research-insight/rent-control-tracker/
47207,Columbus IN,39.0835,-85.8065,No,2,NMHC/Local Jurisdiction,2025,https://www.nmhc.org/research-insight/rent-control-tracker/
47208,Columbus IN,39.2302,-85.9562,No,2,NMHC/Local Jurisdiction,2025,https://www.nmhc.org/research-insight/rent-control-tracker/
47209,Columbus IN,39.0581,-85.903,No,2,NMHC/Local Jurisdiction,2025,https://www.nmhc.org/research-insight/rent-control-tracker/
47210,Columbus IN,39.1773,-85.7527,No,2,NMHC/Local Jurisdiction,2025,https://www.nmhc.org/research-insight/rent-control-tracker/
46801,Fort Wayne,41.1968,-84.96,No,2,NMHC/Local Jurisdiction,2025,https://www.nmhc.org/research-insight/rent-control-tracker/
46802,Fort Wayne,41.2061,-85.2366,No,2,NMHC/Local Jurisdiction,2025,https://www.nmhc.org/research-insight/rent-control-tracker/
46803,Fort Wayne,41.1311,-85.0959,No,2,NMHC/Local Jurisdiction,2025,https://www.nmhc.org/research-insight/rent-control-tracker/
46804,Fort Wayne,41.2302,-85.0068,No,2,NMHC/Local Jurisdiction,2025,https://www.nmhc.org/research-insight/rent-control-tracker/
46805,Fort Wayne,41.0117,-85.2626,No,2,NMHC/Local Jurisdiction,2025,https://www.nmhc.org/research-insight/rent-control-tracker/
46806,Fort Wayne,41.1451,-85.2343,No,2,NMHC/Local Jurisdiction,2025,https://www.nmhc.org/research-insight/rent-control-tracker/
46807,Fort Wayne,41.2443,-84.9516,No,2,NMHC/Local Jurisdiction,2025,https://www.nmhc.org/research-insight/rent-control-tracker/
46808,Fort Wayne,41.0224,-84.9804,No,2,NMHC/Local Jurisdiction,2025,https://www.nmhc.org/research-insight/rent-control-tracker/
46809,Fort Wayne,41.0561,-85.2798,No,2,NMHC/Local Jurisdiction,2025,https://www.nmhc.org/research-insight/rent-control-tracker/
46810,Fort Wayne,41.0588,-85.0202,No,2,NMHC/Local Jurisdiction,2025,https://www.nmhc.org/research-insight/rent-control-tracker/
47901,Lafayette IN,40.4308,-86.6989,No,2,NMHC/Local Jurisdiction,2025,https://www.nmhc.org/research-insight/rent-control-tracker/
47902,Lafayette IN,40.4802,-86.7547,No,2,NMHC/Local Jurisdiction,2025,https://www.nmhc.org/research-insight/rent-control-tracker/
47903,Lafayette IN,40.4898,-86.9805,No,2,NMHC/Local Jurisdiction,2025,https://www.nmhc.org/research-insight/rent-control-tracker/
47904,Lafayette IN,40.5311,-86.9986,No,2,NMHC/Local Jurisdiction,2025,https://www.nmhc.org/research-insight/rent-control-tracker/
47905,Lafayette IN,40.3313,-86.8578,No,2,NMHC/Local Jurisdiction,2025,https://www.nmhc.org/research-insight/rent-control-tracker/
47906,Lafayette IN,40.3853,-86.7086,No,2,NMHC/Local Jurisdiction,2025,https://www.nmhc.org/research-insight/rent-control-tracker/
47907,Lafayette IN,40.2707,-86.8772,No,2,NMHC/Local Jurisdiction,2025,https://www.nmhc.org/research-insight/rent-control-tracker/
47908,Lafayette IN,40.5256,-86.8862,No,2,NMHC/Local Jurisdiction,2025,https://www.nmhc.org/research-insight/rent-control-tracker/
47909,Lafayette IN,40.5527,-86.8872,No,2,NMHC/Local Jurisdiction,2025,https://www.nmhc.org/research-insight/rent-control-tracker/
47910,Lafayette IN,40.3805,-87.0086,No,2,NMHC/Local Jurisdiction,2025,https://www.nmhc.org/research-insight/rent-control-tracker/
47501,Vincennes,38.7083,-87.5371,No,2,NMHC/Local Jurisdiction,2025,https://www.nmhc.org/research-insight/rent-control-tracker/
47502,Vincennes,38.6583,-87.4345,No,2,NMHC/Local Jurisdiction,2025,https://www.nmhc.org/research-insight/rent-control-tracker/
47503,Vincennes,38.7918,-87.3584,No,2,NMHC/Local Jurisdiction,2025,https://www.nmhc.org/research-insight/rent-control-tracker/
47504,Vincennes,38.6575,-87.4223,No,2,NMHC/Local Jurisdiction,2025,https://www.nmhc.org/research-insight/rent-control-tracker/
47505,Vincennes,38.619,-87.5316,No,2,NMHC/Local Jurisdiction,2025,https://www.nmhc.org/research-insight/rent-control-tracker/
47506,Vincennes,38.5733,-87.5124,No,2,NMHC/Local Jurisdiction,2025,https://www.nmhc.org/research-insight/rent-control-tracker/
47507,Vincennes,38.765,-87.6093,No,2,NMHC/Local Jurisdiction,2025,https://www.nmhc.org/research-insight/rent-control-tracker/
47508,Vincennes,38.8205,-87.6649,No,2,NMHC/Local Jurisdiction,2025,https://www.nmhc.org/research-insight/rent-control-tracker/
47509,Vincennes,38.6576,-87.4466,No,2,NMHC/Local Jurisdiction,2025,https://www.nmhc.org/research-insight/rent-control-tracker/
47510,Vincennes,38.7536,-87.3799,No,2,NMHC/Local Jurisdiction,2025,https://www.nmhc.org/research-insight/rent-control-tracker/
40601,Lexington,38.006,-84.5784,No,2,NMHC/Local Jurisdiction,2025,https://www.nmhc.org/research-insight/rent-control-tracker/
40602,Lexington,38.1332,-84.486,No,2,NMHC/Local Jurisdiction,2025,https://www.nmhc.org/research-insight/rent-control-tracker/
40603,Lexington,38.1364,-84.4982,No,2,NMHC/Local Jurisdiction,2025,https://www.nmhc.org/research-insight/rent-control-tracker/
40604,Lexington,38.1782,-84.324,No,2,NMHC/Local Jurisdiction,2025,https://www.nmhc.org/research-insight/rent-control-tracker/
40605,Lexington,38.0809,-84.3398,No,2,NMHC/Local Jurisdiction,2025,https://www.nmhc.org/research-insight/rent-control-tracker/
40606,Lexington,38.1198,-84.6788,No,2,NMHC/Local Jurisdiction,2025,https://www.nmhc.org/research-insight/rent-control-tracker/
40607,Lexington,38.0777,-84.5881,No,2,NMHC/Local Jurisdiction,2025,https://www.nmhc.org/research-insight/rent-control-tracker/
40608,Lexington,37.9708,-84.4147,No,2,NMHC/Local Jurisdiction,2025,https://www.nmhc.org/research-insight/rent-control-tracker/
40609,Lexington,38.0465,-84.4889,No,2,NMHC/Local Jurisdiction,2025,https://www.nmhc.org/research-insight/rent-control-tracker/
40610,Lexington,38.1586,-84.603,No,2,NMHC/Local Jurisdiction,2025,https://www.nmhc.org/research-insight/rent-control-tracker/
40611,Lexington,37.9947,-84.6519,No,2,NMHC/Local Jurisdiction,2025,https://www.nmhc.org/research-insight/rent-control-tracker/
40612,Lexington,38.0432,-84.5447,No,2,NMHC/Local Jurisdiction,2025,https://www.nmhc.org/research-insight/rent-control-tracker/
40613,Lexington,38.1431,-84.5392,No,2,NMHC/Local Jurisdiction,2025,https://www.nmhc.org/research-insight/rent-control-tracker/
40614,Lexington,37.8913,-84.4176,No,2,NMHC/Local Jurisdiction,2025,https://www.nmhc.org/research-insight/rent-control-tracker/
40615,Lexington,38.0832,-84.3843,No,2,NMHC/Local Jurisdiction,2025,https://www.nmhc.org/research-insight/rent-control-tracker/
37660,Kingsport,36.6554,-82.4133,No,2,NMHC/Local Jurisdiction,2025,https://www.nmhc.org/research-insight/rent-control-tracker/
37661,Kingsport,36.596,-82.5538,No,2,NMHC/Local Jurisdiction,2025,https://www.nmhc.org/research-insight/rent-control-tracker/
37662,Kingsport,36.6214,-82.41,No,2,NMHC/Local Jurisdiction,2025,https://www.nmhc.org/research-insight/rent-control-tracker/
37663,Kingsport,36.6844,-82.7363,No,2,NMHC/Local Jurisdiction,2025,https://www.nmhc.org/research-insight/rent-control-tracker/
37664,Kingsport,36.4909,-82.6425,No,2,NMHC/Local Jurisdiction,2025,https://www.nmhc.org/research-insight/rent-control-tracker/
37665,Kingsport,36.4456,-82.5524,No,2,NMHC/Local Jurisdiction,2025,https://www.nmhc.org/research-insight/rent-control-tracker/
37666,Kingsport,36.6568,-82.7302,No,2,NMHC/Local Jurisdiction,2025,https://www.nmhc.org/research-insight/rent-control-tracker/
37667,Kingsport,36.4232,-82.5806,No,2,NMHC/Local Jurisdiction,2025,https://www.nmhc.org/research-insight/rent-control-tracker/
37668,Kingsport,36.5526,-82.4312,No,2,NMHC/Local Jurisdiction,2025,https://www.nmhc.org/research-insight/rent-control-tracker/
37669,Kingsport,36.4969,-82.6474,No,2,NMHC/Local Jurisdiction,2025,https://www.nmhc.org/research-insight/rent-control-tracker/
37601,Johnson City,36.4091,-82.458,No,2,NMHC/Local Jurisdiction,2025,https://www.nmhc.org/research-insight/rent-control-tracker/
37602,Johnson City,36.1858,-82.4348,No,2,NMHC/Local Jurisdiction,2025,https://www.nmhc.org/research-insight/rent-control-tracker/
37603,Johnson City,36.3112,-82.1967,No,2,NMHC/Local Jurisdiction,2025,https://www.nmhc.org/research-insight/rent-control-tracker/
37604,Johnson City,36.42,-82.4946,No,2,NMHC/Local Jurisdiction,2025,https://www.nmhc.org/research-insight/rent-control-tracker/
37605,Johnson City,36.3076,-82.3129,No,2,NMHC/Local Jurisdiction,2025,https://www.nmhc.org/research-insight/rent-control-tracker/
37606,Johnson City,36.3907,-82.3269,No,2,NMHC/Local Jurisdiction,2025,https://www.nmhc.org/research-insight/rent-control-tracker/
37607,Johnson City,36.2673,-82.254,No,2,NMHC/Local Jurisdiction,2025,https://www.nmhc.org/research-insight/rent-control-tracker/
37608,Johnson City,36.3732,-82.3433,No,2,NMHC/Local Jurisdiction,2025,https://www.nmhc.org/research-insight/rent-control-tracker/
37609,Johnson City,36.1947,-82.2876,No,2,NMHC/Local Jurisdiction,2025,https://www.nmhc.org/research-insight/rent-control-tracker/
37610,Johnson City,36.361,-82.2936,No,2,NMHC/Local Jurisdiction,2025,https://www.nmhc.org/research-insight/rent-control-tracker/
37201,Nashville,36.0208,-86.6646,No,2,NMHC/Local Jurisdiction,2025,https://www.nmhc.org/research-insight/rent-control-tracker/
37202,Nashville,36.0437,-86.8936,No,2,NMHC/Local Jurisdiction,2025,https://www.nmhc.org/research-insight/rent-control-tracker/
37203,Nashville,36.2552,-86.9376,No,2,NMHC/Local Jurisdiction,2025,https://www.nmhc.org/research-insight/rent-control-tracker/
37204,Nashville,36.061,-86.7206,No,2,NMHC/Local Jurisdiction,2025,https://www.nmhc.org/research-insight/rent-control-tracker/
37205,Nashville,36.273,-86.7606,No,2,NMHC/Local Jurisdiction,2025,https://www.nmhc.org/research-insight/rent-control-tracker/
37206,Nashville,36.0539,-86.9444,No,2,NMHC/Local Jurisdiction,2025,https://www.nmhc.org/research-insight/rent-control-tracker/
37207,Nashville,36.1991,-86.8882,No,2,NMHC/Local Jurisdiction,2025,https://www.nmhc.org/research-insight/rent-control-tracker/
37208,Nashville,36.1133,-86.8843,No,2,NMHC/Local Jurisdiction,2025,https://www.nmhc.org/research-insight/rent-control-tracker/
37209,Nashville,36.0776,-86.7782,No,2,NMHC/Local Jurisdiction,2025,https://www.nmhc.org/research-insight/rent-control-tracker/
37210,Nashville,36.0648,-86.7019,No,2,NMHC/Local Jurisdiction,2025,https://www.nmhc.org/research-insight/rent-control-tracker/
42101,Bowling Green,36.9433,-86.4594,No,2,NMHC/Local Jurisdiction,2025,https://www.nmhc.org/research-insight/rent-control-tracker/
42102,Bowling Green,37.091,-86.3387,No,2,NMHC/Local Jurisdiction,2025,https://www.nmhc.org/research-insight/rent-control-tracker/
42103,Bowling Green,36.8589,-86.5973,No,2,NMHC/Local Jurisdiction,2025,https://www.nmhc.org/research-insight/rent-control-tracker/
42104,Bowling Green,36.8858,-86.4204,No,2,NMHC/Local Jurisdiction,2025,https://www.nmhc.org/research-insight/rent-control-tracker/
42105,Bowling Green,36.9149,-86.3951,No,2,NMHC/Local Jurisdiction,2025,https://www.nmhc.org/research-insight/rent-control-tracker/
42106,Bowling Green,36.9807,-86.5756,No,2,NMHC/Local Jurisdiction,2025,https://www.nmhc.org/research-insight/rent-control-tracker/
42107,Bowling Green,36.8426,-86.5608,No,2,NMHC/Local Jurisdiction,2025,https://www.nmhc.org/research-insight/rent-control-tracker/
42108,Bowling Green,36.8899,-86.6549,No,2,NMHC/Local Jurisdiction,2025,https://www.nmhc.org/research-insight/rent-control-tracker/
42109,Bowling Green,36.8522,-86.3383,No,2,NMHC/Local Jurisdiction,2025,https://www.nmhc.org/research-insight/rent-control-tracker/
42110,Bowling Green,36.885,-86.4697,No,2,NMHC/Local Jurisdiction,2025,https://www.nmhc.org/research-insight/rent-control-tracker/
25301,Charleston WV,38.4928,-81.7149,No,2,NMHC/Local Jurisdiction,2025,https://www.nmhc.org/research-insight/rent-control-tracker/
25302,Charleston WV,38.4804,-81.6704,No,2,NMHC/Local Jurisdiction,2025,https://www.nmhc.org/research-insight/rent-control-tracker/
25303,Charleston WV,38.3293,-81.619,No,2,NMHC/Local Jurisdiction,2025,https://www.nmhc.org/research-insight/rent-control-tracker/
25304,Charleston WV,38.4376,-81.4872,No,2,NMHC/Local Jurisdiction,2025,https://www.nmhc.org/research-insight/rent-control-tracker/
25305,Charleston WV,38.3208,-81.5498,No,2,NMHC/Local Jurisdiction,2025,https://www.nmhc.org/research-insight/rent-control-tracker/
25306,Charleston WV,38.2937,-81.5395,No,2,NMHC/Local Jurisdiction,2025,https://www.nmhc.org/research-insight/rent-control-tracker/
25307,Charleston WV,38.4838,-81.5533,No,2,NMHC/Local Jurisdiction,2025,https://www.nmhc.org/research-insight/rent-control-tracker/
25308,Charleston WV,38.4646,-81.6056,No,2,NMHC/Local Jurisdiction,2025,https://www.nmhc.org/research-insight/rent-control-tracker/
25309,Charleston WV,38.4046,-81.4693,No,2,NMHC/Local Jurisdiction,2025,https://www.nmhc.org/research-insight/rent-control-tracker/
25310,Charleston WV,38.4688,-81.4851,No,2,NMHC/Local Jurisdiction,2025,https://www.nmhc.org/research-insight/rent-control-tracker/
26101,Parkersburg,39.3149,-81.4232,No,2,NMHC/Local Jurisdiction,2025,https://www.nmhc.org/research-insight/rent-control-tracker/
26102,Parkersburg,39.3786,-81.3911,No,2,NMHC/Local Jurisdiction,2025,https://www.nmhc.org/research-insight/rent-control-tracker/
26103,Parkersburg,39.2679,-81.5006,No,2,NMHC/Local Jurisdiction,2025,https://www.nmhc.org/research-insight/rent-control-tracker/
26104,Parkersburg,39.3074,-81.4347,No,2,NMHC/Local Jurisdiction,2025,https://www.nmhc.org/research-insight/rent-control-tracker/
26105,Parkersburg,39.2244,-81.4021,No,2,NMHC/Local Jurisdiction,2025,https://www.nmhc.org/research-insight/rent-control-tracker/
26106,Parkersburg,39.2993,-81.5073,No,2,NMHC/Local Jurisdiction,2025,https://www.nmhc.org/research-insight/rent-control-tracker/
26107,Parkersburg,39.3285,-81.5729,No,2,NMHC/Local Jurisdiction,2025,https://www.nmhc.org/research-insight/rent-control-tracker/
26108,Parkersburg,39.3579,-81.4881,No,2,NMHC/Local Jurisdiction,2025,https://www.nmhc.org/research-insight/rent-control-tracker/
26109,Parkersburg,39.4096,-81.5983,No,2,NMHC/Local Jurisdiction,2025,https://www.nmhc.org/research-insight/rent-control-tracker/
26110,Parkersburg,39.234,-81.4862,No,2,NMHC/Local Jurisdiction,2025,https://www.nmhc.org/research-insight/rent-control-tracker/
24501,Lynchburg,37.2848,-79.1518,No,2,NMHC/Local Jurisdiction,2025,https://www.nmhc.org/research-insight/rent-control-tracker/
24502,Lynchburg,37.3604,-79.2192,No,2,NMHC/Local Jurisdiction,2025,https://www.nmhc.org/research-insight/rent-control-tracker/
24503,Lynchburg,37.4103,-79.127,No,2,NMHC/Local Jurisdiction,2025,https://www.nmhc.org/research-insight/rent-control-tracker/
24504,Lynchburg,37.5413,-79.0926,No,2,NMHC/Local Jurisdiction,2025,https://www.nmhc.org/research-insight/rent-control-tracker/
24505,Lynchburg,37.4301,-79.2763,No,2,NMHC/Local Jurisdiction,2025,https://www.nmhc.org/research-insight/rent-control-tracker/
24506,Lynchburg,37.3068,-79.1192,No,2,NMHC/Local Jurisdiction,2025,https://www.nmhc.org/research-insight/rent-control-tracker/
24507,Lynchburg,37.4278,-78.9677,No,2,NMHC/Local Jurisdiction,2025,https://www.nmhc.org/research-insight/rent-control-tracker/
24508,Lynchburg,37.5609,-79.2215,No,2,NMHC/Local Jurisdiction,2025,https://www.nmhc.org/research-insight/rent-control-tracker/
24509,Lynchburg,37.2748,-79.1749,No,2,NMHC/Local Jurisdiction,2025,https://www.nmhc.org/research-insight/rent-control-tracker/
24510,Lynchburg,37.4547,-79.1406,No,2,NMHC/Local Jurisdiction,2025,https://www.nmhc.org/research-insight/rent-control-tracker/
22901,Charlottesville,37.8927,-78.5234,No,2,NMHC/Local Jurisdiction,2025,https://www.nmhc.org/research-insight/rent-control-tracker/
22902,Charlottesville,38.0076,-78.5321,No,2,NMHC/Local Jurisdiction,2025,https://www.nmhc.org/research-insight/rent-control-tracker/
22903,Charlottesville,38.0744,-78.5173,No,2,NMHC/Local Jurisdiction,2025,https://www.nmhc.org/research-insight/rent-control-tracker/
22904,Charlottesville,37.8947,-78.3537,No,2,NMHC/Local Jurisdiction,2025,https://www.nmhc.org/research-insight/rent-control-tracker/
22905,Charlottesville,38.0246,-78.5513,No,2,NMHC/Local Jurisdiction,2025,https://www.nmhc.org/research-insight/rent-control-tracker/
22906,Charlottesville,38.1246,-78.4651,No,2,NMHC/Local Jurisdiction,2025,https://www.nmhc.org/research-insight/rent-control-tracker/
22907,Charlottesville,38.1051,-78.6006,No,2,NMHC/Local Jurisdiction,2025,https://www.nmhc.org/research-insight/rent-control-tracker/
22908,Charlottesville,38.0808,-78.6067,No,2,NMHC/Local Jurisdiction,2025,https://www.nmhc.org/research-insight/rent-control-tracker/
22909,Charlottesville,37.9528,-78.3938,No,2,NMHC/Local Jurisdiction,2025,https://www.nmhc.org/research-insight/rent-control-tracker/
22910,Charlottesville,38.0364,-78.4357,No,2,NMHC/Local Jurisdiction,2025,https://www.nmhc.org/research-insight/rent-control-tracker/
23451,Virginia Beach,36.9739,-75.9662,No,2,NMHC/Local Jurisdiction,2025,https://www.nmhc.org/research-insight/rent-control-tracker/
23452,Virginia Beach,36.7449,-76.1031,No,2,NMHC/Local Jurisdiction,2025,https://www.nmhc.org/research-insight/rent-control-tracker/
23453,Virginia Beach,36.79,-76.0295,No,2,NMHC/Local Jurisdiction,2025,https://www.nmhc.org/research-insight/rent-control-tracker/
23454,Virginia Beach,36.8282,-75.8688,No,2,NMHC/Local Jurisdiction,2025,https://www.nmhc.org/research-insight/rent-control-tracker/
23455,Virginia Beach,36.936,-76.1366,No,2,NMHC/Local Jurisdiction,2025,https://www.nmhc.org/research-insight/rent-control-tracker/
23456,Virginia Beach,36.8455,-76.0243,No,2,NMHC/Local Jurisdiction,2025,https://www.nmhc.org/research-insight/rent-control-tracker/
23457,Virginia Beach,36.7627,-75.8397,No,2,NMHC/Local Jurisdiction,2025,https://www.nmhc.org/research-insight/rent-control-tracker/
23458,Virginia Beach,36.8858,-76.0096,No,2,NMHC/Local Jurisdiction,2025,https://www.nmhc.org/research-insight/rent-control-tracker/
23459,Virginia Beach,36.8071,-76.0947,No,2,NMHC/Local Jurisdiction,2025,https://www.nmhc.org/research-insight/rent-control-tracker/
23460,Virginia Beach,36.7453,-75.8398,No,2,NMHC/Local Jurisdiction,2025,https://www.nmhc.org/research-insight/rent-control-tracker/
23601,Newport News,37.1125,-76.5177,No,2,NMHC/Local Jurisdiction,2025,https://www.nmhc.org/research-insight/rent-control-tracker/
23602,Newport News,36.9948,-76.4527,No,2,NMHC/Local Jurisdiction,2025,https://www.nmhc.org/research-insight/rent-control-tracker/
23603,Newport News,36.9823,-76.5844,No,2,NMHC/Local Jurisdiction,2025,https://www.nmhc.org/research-insight/rent-control-tracker/
23604,Newport News,36.9445,-76.6169,No,2,NMHC/Local Jurisdiction,2025,https://www.nmhc.org/research-insight/rent-control-tracker/
23605,Newport News,37.0609,-76.635,No,2,NMHC/Local Jurisdiction,2025,https://www.nmhc.org/research-insight/rent-control-tracker/
23606,Newport News,36.9444,-76.3611,No,2,NMHC/Local Jurisdiction,2025,https://www.nmhc.org/research-insight/rent-control-tracker/
23607,Newport News,37.1419,-76.6161,No,2,NMHC/Local Jurisdiction,2025,https://www.nmhc.org/research-insight/rent-control-tracker/
23608,Newport News,37.2114,-76.4137,No,2,NMHC/Local Jurisdiction,2025,https://www.nmhc.org/research-insight/rent-control-tracker/
23609,Newport News,37.0603,-76.582,No,2,NMHC/Local Jurisdiction,2025,https://www.nmhc.org/research-insight/rent-control-tracker/
23610,Newport News,37.015,-76.5189,No,2,NMHC/Local Jurisdiction,2025,https://www.nmhc.org/research-insight/rent-control-tracker/
23301,Richmond VA,37.4927,-77.601,No,2,NMHC/Local Jurisdiction,2025,https://www.nmhc.org/research-insight/rent-control-tracker/
23302,Richmond VA,37.6892,-77.5453,No,2,NMHC/Local Jurisdiction,2025,https://www.nmhc.org/research-insight/rent-control-tracker/
23303,Richmond VA,37.6332,-77.5566,No,2,NMHC/Local Jurisdiction,2025,https://www.nmhc.org/research-insight/rent-control-tracker/
23304,Richmond VA,37.5591,-77.2818,No,2,NMHC/Local Jurisdiction,2025,https://www.nmhc.org/research-insight/rent-control-tracker/
23305,Richmond VA,37.667,-77.563,No,2,NMHC/Local Jurisdiction,2025,https://www.nmhc.org/research-insight/rent-control-tracker/
23306,Richmond VA,37.4218,-77.4612,No,2,NMHC/Local Jurisdiction,2025,https://www.nmhc.org/research-insight/rent-control-tracker/
23307,Richmond VA,37.4294,-77.3005,No,2,NMHC/Local Jurisdiction,2025,https://www.nmhc.org/research-insight/rent-control-tracker/
23308,Richmond VA,37.4311,-77.35,No,2,NMHC/Local Jurisdiction,2025,https://www.nmhc.org/research-insight/rent-control-tracker/
23309,Richmond VA,37.3942,-77.5942,No,2,NMHC/Local Jurisdiction,2025,https://www.nmhc.org/research-insight/rent-control-tracker/
23310,Richmond VA,37.5728,-77.2893,No,2,NMHC/Local Jurisdiction,2025,https://www.nmhc.org/research-insight/rent-control-tracker/
