zip_code,metro,lat,lng,eviction_filing_rate_per_1000,avg_days_to_eviction,landlord_friendly_score_1_10,data_source,as_of_date,source_url
10001,New York,40.564,-74.0031,17.6,83,4,Princeton Eviction Lab,2025,https://evictionlab.org
10002,New York,40.7872,-73.9938,17.66,83,4,Princeton Eviction Lab,2025,https://evictionlab.org
10003,New York,40.8358,-74.1131,17.35,71,4,Princeton Eviction Lab,2025,https://evictionlab.org
10004,New York,40.5966,-73.9574,18.56,88,4,Princeton Eviction Lab,2025,https://evictionlab.org
10005,New York,40.6223,-73.9097,20.03,83,4,Princeton Eviction Lab,2025,https://evictionlab.org
10006,New York,40.7455,-74.1688,16.45,96,4,Princeton Eviction Lab,2025,https://evictionlab.org
10007,New York,40.753,-74.0236,19.35,80,4,Princeton Eviction Lab,2025,https://evictionlab.org
10008,New York,40.8409,-73.8729,15.97,97,4,Princeton Eviction Lab,2025,https://evictionlab.org
10009,New York,40.6863,-73.8916,21.73,97,4,Princeton Eviction Lab,2025,https://evictionlab.org
10010,New York,40.6582,-74.1744,16.89,75,4,Princeton Eviction Lab,2025,https://evictionlab.org
10011,New York,40.6164,-74.0364,21.53,71,4,Princeton Eviction Lab,2025,https://evictionlab.org
10012,New York,40.7651,-74.0813,19.66,81,4,Princeton Eviction Lab,2025,https://evictionlab.org
10013,New York,40.5718,-73.9069,16.21,70,4,Princeton Eviction Lab,2025,https://evictionlab.org
10014,New York,40.8483,-73.9022,19.41,82,4,Princeton Eviction Lab,2025,https://evictionlab.org
10015,New York,40.7876,-73.9791,20.69,96,4,Princeton Eviction Lab,2025,https://evictionlab.org
10016,New York,40.8492,-73.9492,15.62,93,4,Princeton Eviction Lab,2025,https://evictionlab.org
10017,New York,40.7315,-74.0492,16.52,99,4,Princeton Eviction Lab,2025,https://evictionlab.org
10018,New York,40.7465,-74.0062,19.16,99,4,Princeton Eviction Lab,2025,https://evictionlab.org
10019,New York,40.8496,-73.9842,18.44,82,4,Princeton Eviction Lab,2025,https://evictionlab.org
10020,New York,40.7937,-74.0435,18.05,92,4,Princeton Eviction Lab,2025,https://evictionlab.org
10021,New York,40.8501,-73.9875,19.63,82,4,Princeton Eviction Lab,2025,https://evictionlab.org
10022,New York,40.61,-74.0677,15.32,99,4,Princeton Eviction Lab,2025,https://evictionlab.org
10023,New York,40.6564,-74.081,17.79,76,4,Princeton Eviction Lab,2025,https://evictionlab.org
10024,New York,40.8034,-74.1215,20.14,75,4,Princeton Eviction Lab,2025,https://evictionlab.org
10025,New York,40.8144,-73.9565,18.36,90,4,Princeton Eviction Lab,2025,https://evictionlab.org
10026,New York,40.8152,-74.1239,20.06,77,4,Princeton Eviction Lab,2025,https://evictionlab.org
10027,New York,40.7701,-73.9228,21.4,97,4,Princeton Eviction Lab,2025,https://evictionlab.org
10028,New York,40.8363,-73.9296,18.29,91,4,Princeton Eviction Lab,2025,https://evictionlab.org
10029,New York,40.6248,-74.0618,16.05,83,4,Princeton Eviction Lab,2025,https://evictionlab.org
10030,New York,40.8296,-74.1136,16.21,76,4,Princeton Eviction Lab,2025,https://evictionlab.org
10031,New York,40.7547,-73.8801,19.41,83,4,Princeton Eviction Lab,2025,https://evictionlab.org
10032,New York,40.7883,-74.1199,17.53,87,4,Princeton Eviction Lab,2025,https://evictionlab.org
10033,New York,40.6653,-73.844,15.83,72,4,Princeton Eviction Lab,2025,https://evictionlab.org
10034,New York,40.819,-74.1257,18.69,91,4,Princeton Eviction Lab,2025,https://evictionlab.org
10035,New York,40.841,-73.8655,17.83,70,4,Princeton Eviction Lab,2025,https://evictionlab.org
10036,New York,40.8428,-74.1198,17.33,83,4,Princeton Eviction Lab,2025,https://evictionlab.org
10037,New York,40.7695,-73.8682,18.17,86,4,Princeton Eviction Lab,2025,https://evictionlab.org
10038,New York,40.6597,-74.0256,20.89,84,4,Princeton Eviction Lab,2025,https://evictionlab.org
10039,New York,40.8624,-74.1386,20.66,80,4,Princeton Eviction Lab,2025,https://evictionlab.org
10040,New York,40.8485,-74.0837,15.32,98,4,Princeton Eviction Lab,2025,https://evictionlab.org
10041,New York,40.7061,-73.8581,18.34,77,4,Princeton Eviction Lab,2025,https://evictionlab.org
10042,New York,40.592,-74.102,19.46,80,4,Princeton Eviction Lab,2025,https://evictionlab.org
10043,New York,40.854,-74.0088,17.99,70,4,Princeton Eviction Lab,2025,https://evictionlab.org
10044,New York,40.6682,-74.0982,17.0,96,4,Princeton Eviction Lab,2025,https://evictionlab.org
10045,New York,40.8559,-74.1667,16.7,96,4,Princeton Eviction Lab,2025,https://evictionlab.org
10046,New York,40.7917,-73.9853,17.07,98,4,Princeton Eviction Lab,2025,https://evictionlab.org
10047,New York,40.7567,-73.9596,20.95,72,4,Princeton Eviction Lab,2025,https://evictionlab.org
10048,New York,40.7048,-73.9293,19.52,82,4,Princeton Eviction Lab,2025,https://evictionlab.org
10049,New York,40.8035,-74.1252,20.29,82,4,Princeton Eviction Lab,2025,https://evictionlab.org
10050,New York,40.6196,-73.9172,20.79,74,4,Princeton Eviction Lab,2025,https://evictionlab.org
10051,New York,40.643,-73.924,20.21,71,4,Princeton Eviction Lab,2025,https://evictionlab.org
10052,New York,40.6472,-73.9063,21.63,87,4,Princeton Eviction Lab,2025,https://evictionlab.org
10053,New York,40.851,-74.0213,21.48,100,4,Princeton Eviction Lab,2025,https://evictionlab.org
10054,New York,40.6703,-74.059,20.7,72,4,Princeton Eviction Lab,2025,https://evictionlab.org
10055,New York,40.7919,-73.9193,19.18,92,4,Princeton Eviction Lab,2025,https://evictionlab.org
10056,New York,40.7687,-74.0027,18.51,91,4,Princeton Eviction Lab,2025,https://evictionlab.org
10057,New York,40.7865,-73.9435,18.79,92,4,Princeton Eviction Lab,2025,https://evictionlab.org
10058,New York,40.762,-74.0912,19.77,92,4,Princeton Eviction Lab,2025,https://evictionlab.org
10059,New York,40.8554,-73.9114,19.47,79,4,Princeton Eviction Lab,2025,https://evictionlab.org
10060,New York,40.7568,-73.9228,18.62,83,4,Princeton Eviction Lab,2025,https://evictionlab.org
10061,New York,40.6937,-74.1749,17.11,88,4,Princeton Eviction Lab,2025,https://evictionlab.org
10062,New York,40.6367,-73.8556,15.41,78,4,Princeton Eviction Lab,2025,https://evictionlab.org
10063,New York,40.7167,-73.9992,19.06,92,4,Princeton Eviction Lab,2025,https://evictionlab.org
10064,New York,40.6219,-74.1213,15.29,71,4,Princeton Eviction Lab,2025,https://evictionlab.org
10065,New York,40.6587,-73.9155,21.81,72,4,Princeton Eviction Lab,2025,https://evictionlab.org
10066,New York,40.8151,-73.837,21.25,76,4,Princeton Eviction Lab,2025,https://evictionlab.org
10067,New York,40.8289,-73.9201,19.18,88,4,Princeton Eviction Lab,2025,https://evictionlab.org
10068,New York,40.6768,-73.9826,19.96,74,4,Princeton Eviction Lab,2025,https://evictionlab.org
10069,New York,40.5917,-73.9744,21.18,76,4,Princeton Eviction Lab,2025,https://evictionlab.org
10070,New York,40.5835,-73.9129,15.86,80,4,Princeton Eviction Lab,2025,https://evictionlab.org
10071,New York,40.5696,-73.881,17.51,87,4,Princeton Eviction Lab,2025,https://evictionlab.org
10072,New York,40.6973,-73.8572,18.08,99,4,Princeton Eviction Lab,2025,https://evictionlab.org
10073,New York,40.6683,-73.8412,16.33,77,4,Princeton Eviction Lab,2025,https://evictionlab.org
10074,New York,40.6544,-73.9861,15.76,91,4,Princeton Eviction Lab,2025,https://evictionlab.org
10075,New York,40.8282,-73.9756,17.66,93,4,Princeton Eviction Lab,2025,https://evictionlab.org
10076,New York,40.5789,-73.8746,19.37,79,4,Princeton Eviction Lab,2025,https://evictionlab.org
10077,New York,40.8013,-73.9942,19.2,98,4,Princeton Eviction Lab,2025,https://evictionlab.org
10078,New York,40.7908,-74.0033,18.19,70,4,Princeton Eviction Lab,2025,https://evictionlab.org
10079,New York,40.5863,-74.0558,18.49,81,4,Princeton Eviction Lab,2025,https://evictionlab.org
10080,New York,40.6942,-74.0887,16.04,77,4,Princeton Eviction Lab,2025,https://evictionlab.org
90001,Los Angeles,34.1214,-118.2314,16.56,82,4,Princeton Eviction Lab,2025,https://evictionlab.org
90002,Los Angeles,34.0392,-118.3354,21.82,84,4,Princeton Eviction Lab,2025,https://evictionlab.org
90003,Los Angeles,33.9029,-118.243,16.23,98,4,Princeton Eviction Lab,2025,https://evictionlab.org
90004,Los Angeles,34.1509,-118.1387,20.66,84,4,Princeton Eviction Lab,2025,https://evictionlab.org
90005,Los Angeles,33.9751,-118.415,20.81,93,4,Princeton Eviction Lab,2025,https://evictionlab.org
90006,Los Angeles,33.999,-118.3099,20.07,82,4,Princeton Eviction Lab,2025,https://evictionlab.org
90007,Los Angeles,34.0868,-118.1844,20.18,96,4,Princeton Eviction Lab,2025,https://evictionlab.org
90008,Los Angeles,34.0856,-118.2297,20.89,94,4,Princeton Eviction Lab,2025,https://evictionlab.org
90009,Los Angeles,34.1576,-118.2875,19.43,99,4,Princeton Eviction Lab,2025,https://evictionlab.org
90010,Los Angeles,33.948,-118.2617,16.89,81,4,Princeton Eviction Lab,2025,https://evictionlab.org
90011,Los Angeles,34.161,-118.072,15.72,94,4,Princeton Eviction Lab,2025,https://evictionlab.org
90012,Los Angeles,34.0257,-118.3151,19.87,90,4,Princeton Eviction Lab,2025,https://evictionlab.org
90013,Los Angeles,34.0993,-118.269,15.59,77,4,Princeton Eviction Lab,2025,https://evictionlab.org
90014,Los Angeles,33.9242,-118.2933,20.17,100,4,Princeton Eviction Lab,2025,https://evictionlab.org
90015,Los Angeles,34.1921,-118.1397,19.54,89,4,Princeton Eviction Lab,2025,https://evictionlab.org
90016,Los Angeles,34.1713,-118.2349,17.27,73,4,Princeton Eviction Lab,2025,https://evictionlab.org
90017,Los Angeles,34.1716,-118.1116,20.97,79,4,Princeton Eviction Lab,2025,https://evictionlab.org
90018,Los Angeles,33.9229,-118.1455,15.65,71,4,Princeton Eviction Lab,2025,https://evictionlab.org
90019,Los Angeles,33.9689,-118.1972,17.93,76,4,Princeton Eviction Lab,2025,https://evictionlab.org
90020,Los Angeles,33.9238,-118.0834,19.47,99,4,Princeton Eviction Lab,2025,https://evictionlab.org
90021,Los Angeles,34.1068,-118.1598,18.38,95,4,Princeton Eviction Lab,2025,https://evictionlab.org
90022,Los Angeles,34.0847,-118.1458,19.93,75,4,Princeton Eviction Lab,2025,https://evictionlab.org
90023,Los Angeles,34.1212,-118.3214,19.15,92,4,Princeton Eviction Lab,2025,https://evictionlab.org
90024,Los Angeles,33.9381,-118.3817,17.38,93,4,Princeton Eviction Lab,2025,https://evictionlab.org
90025,Los Angeles,34.1683,-118.421,16.91,76,4,Princeton Eviction Lab,2025,https://evictionlab.org
90026,Los Angeles,34.018,-118.0865,18.55,73,4,Princeton Eviction Lab,2025,https://evictionlab.org
90027,Los Angeles,34.0829,-118.2324,15.19,96,4,Princeton Eviction Lab,2025,https://evictionlab.org
90028,Los Angeles,34.0628,-118.3854,16.61,91,4,Princeton Eviction Lab,2025,https://evictionlab.org
90029,Los Angeles,33.9948,-118.3634,21.43,75,4,Princeton Eviction Lab,2025,https://evictionlab.org
90030,Los Angeles,33.9549,-118.1002,20.45,90,4,Princeton Eviction Lab,2025,https://evictionlab.org
90031,Los Angeles,34.0853,-118.1248,15.38,79,4,Princeton Eviction Lab,2025,https://evictionlab.org
90032,Los Angeles,34.0964,-118.3443,17.9,92,4,Princeton Eviction Lab,2025,https://evictionlab.org
90033,Los Angeles,34.0182,-118.3844,21.19,91,4,Princeton Eviction Lab,2025,https://evictionlab.org
90034,Los Angeles,33.9229,-118.1975,16.81,99,4,Princeton Eviction Lab,2025,https://evictionlab.org
90035,Los Angeles,34.1844,-118.1729,17.26,81,4,Princeton Eviction Lab,2025,https://evictionlab.org
90036,Los Angeles,34.0083,-118.1578,16.49,73,4,Princeton Eviction Lab,2025,https://evictionlab.org
90037,Los Angeles,33.9468,-118.3693,18.3,79,4,Princeton Eviction Lab,2025,https://evictionlab.org
90038,Los Angeles,34.0832,-118.4076,21.3,99,4,Princeton Eviction Lab,2025,https://evictionlab.org
90039,Los Angeles,33.9634,-118.0968,21.38,83,4,Princeton Eviction Lab,2025,https://evictionlab.org
90040,Los Angeles,34.1224,-118.2212,17.04,70,4,Princeton Eviction Lab,2025,https://evictionlab.org
90041,Los Angeles,34.1348,-118.2771,15.39,87,4,Princeton Eviction Lab,2025,https://evictionlab.org
90042,Los Angeles,34.0297,-118.2394,15.54,89,4,Princeton Eviction Lab,2025,https://evictionlab.org
90043,Los Angeles,34.1872,-118.1309,17.0,76,4,Princeton Eviction Lab,2025,https://evictionlab.org
90044,Los Angeles,34.0132,-118.1634,21.41,95,4,Princeton Eviction Lab,2025,https://evictionlab.org
90045,Los Angeles,34.1026,-118.1199,19.51,100,4,Princeton Eviction Lab,2025,https://evictionlab.org
90046,Los Angeles,33.9073,-118.1468,21.07,70,4,Princeton Eviction Lab,2025,https://evictionlab.org
90047,Los Angeles,34.1758,-118.0821,19.33,84,4,Princeton Eviction Lab,2025,https://evictionlab.org
90048,Los Angeles,34.1469,-118.2681,19.95,89,4,Princeton Eviction Lab,2025,https://evictionlab.org
90049,Los Angeles,34.0295,-118.4192,16.95,76,4,Princeton Eviction Lab,2025,https://evictionlab.org
90050,Los Angeles,34.0881,-118.0957,19.3,93,4,Princeton Eviction Lab,2025,https://evictionlab.org
90051,Los Angeles,34.0655,-118.4031,21.7,96,4,Princeton Eviction Lab,2025,https://evictionlab.org
90052,Los Angeles,34.0743,-118.1046,21.64,85,4,Princeton Eviction Lab,2025,https://evictionlab.org
90053,Los Angeles,33.9527,-118.2702,20.99,84,4,Princeton Eviction Lab,2025,https://evictionlab.org
90054,Los Angeles,34.0598,-118.2157,16.83,91,4,Princeton Eviction Lab,2025,https://evictionlab.org
90055,Los Angeles,34.0001,-118.2148,20.21,82,4,Princeton Eviction Lab,2025,https://evictionlab.org
90056,Los Angeles,34.0884,-118.3838,19.24,99,4,Princeton Eviction Lab,2025,https://evictionlab.org
90057,Los Angeles,34.1417,-118.4208,20.72,90,4,Princeton Eviction Lab,2025,https://evictionlab.org
90058,Los Angeles,33.9248,-118.1827,20.77,98,4,Princeton Eviction Lab,2025,https://evictionlab.org
90059,Los Angeles,34.0479,-118.173,20.34,99,4,Princeton Eviction Lab,2025,https://evictionlab.org
90060,Los Angeles,34.1424,-118.228,16.52,87,4,Princeton Eviction Lab,2025,https://evictionlab.org
90061,Los Angeles,34.0107,-118.2141,19.84,74,4,Princeton Eviction Lab,2025,https://evictionlab.org
90062,Los Angeles,33.9245,-118.0951,16.51,84,4,Princeton Eviction Lab,2025,https://evictionlab.org
90063,Los Angeles,33.9377,-118.2025,20.67,90,4,Princeton Eviction Lab,2025,https://evictionlab.org
90064,Los Angeles,34.0515,-118.3478,17.4,76,4,Princeton Eviction Lab,2025,https://evictionlab.org
90065,Los Angeles,34.0036,-118.3985,18.55,78,4,Princeton Eviction Lab,2025,https://evictionlab.org
90066,Los Angeles,33.9078,-118.0645,15.24,71,4,Princeton Eviction Lab,2025,https://evictionlab.org
90067,Los Angeles,34.0193,-118.2298,21.49,96,4,Princeton Eviction Lab,2025,https://evictionlab.org
90068,Los Angeles,34.1604,-118.0666,21.08,85,4,Princeton Eviction Lab,2025,https://evictionlab.org
90069,Los Angeles,34.1507,-118.2329,21.46,70,4,Princeton Eviction Lab,2025,https://evictionlab.org
90070,Los Angeles,34.1998,-118.1668,21.45,99,4,Princeton Eviction Lab,2025,https://evictionlab.org
90071,Los Angeles,33.9779,-118.1879,15.19,93,4,Princeton Eviction Lab,2025,https://evictionlab.org
90072,Los Angeles,33.9839,-118.106,16.04,88,4,Princeton Eviction Lab,2025,https://evictionlab.org
90073,Los Angeles,33.9542,-118.391,19.64,99,4,Princeton Eviction Lab,2025,https://evictionlab.org
90074,Los Angeles,34.0595,-118.3353,20.78,85,4,Princeton Eviction Lab,2025,https://evictionlab.org
90075,Los Angeles,34.0552,-118.1555,20.16,93,4,Princeton Eviction Lab,2025,https://evictionlab.org
90076,Los Angeles,34.1445,-118.2757,19.98,96,4,Princeton Eviction Lab,2025,https://evictionlab.org
90077,Los Angeles,34.1051,-118.3696,15.53,95,4,Princeton Eviction Lab,2025,https://evictionlab.org
90078,Los Angeles,34.1916,-118.2034,16.56,100,4,Princeton Eviction Lab,2025,https://evictionlab.org
90079,Los Angeles,33.9753,-118.3549,18.42,94,4,Princeton Eviction Lab,2025,https://evictionlab.org
90080,Los Angeles,33.9908,-118.0727,17.13,96,4,Princeton Eviction Lab,2025,https://evictionlab.org
60601,Chicago,41.8072,-87.7025,20.78,98,4,Princeton Eviction Lab,2025,https://evictionlab.org
60602,Chicago,41.7627,-87.717,16.46,80,4,Princeton Eviction Lab,2025,https://evictionlab.org
60603,Chicago,41.8959,-87.4839,15.23,77,4,Princeton Eviction Lab,2025,https://evictionlab.org
60604,Chicago,41.9676,-87.6706,21.71,70,4,Princeton Eviction Lab,2025,https://evictionlab.org
60605,Chicago,41.8354,-87.5089,15.98,82,4,Princeton Eviction Lab,2025,https://evictionlab.org
60606,Chicago,41.9104,-87.512,16.32,74,4,Princeton Eviction Lab,2025,https://evictionlab.org
60607,Chicago,41.7836,-87.7617,17.69,80,4,Princeton Eviction Lab,2025,https://evictionlab.org
60608,Chicago,41.9675,-87.5971,19.42,97,4,Princeton Eviction Lab,2025,https://evictionlab.org
60609,Chicago,41.9584,-87.4849,19.75,70,4,Princeton Eviction Lab,2025,https://evictionlab.org
60610,Chicago,41.9527,-87.7464,19.98,81,4,Princeton Eviction Lab,2025,https://evictionlab.org
60611,Chicago,41.9986,-87.533,18.29,78,4,Princeton Eviction Lab,2025,https://evictionlab.org
60612,Chicago,41.8096,-87.6634,17.06,96,4,Princeton Eviction Lab,2025,https://evictionlab.org
60613,Chicago,42.0224,-87.483,18.65,84,4,Princeton Eviction Lab,2025,https://evictionlab.org
60614,Chicago,41.8415,-87.5368,19.03,90,4,Princeton Eviction Lab,2025,https://evictionlab.org
60615,Chicago,41.8751,-87.7045,20.25,72,4,Princeton Eviction Lab,2025,https://evictionlab.org
60616,Chicago,41.8192,-87.6943,16.33,71,4,Princeton Eviction Lab,2025,https://evictionlab.org
60617,Chicago,41.7678,-87.4937,16.4,82,4,Princeton Eviction Lab,2025,https://evictionlab.org
60618,Chicago,41.823,-87.5055,15.86,98,4,Princeton Eviction Lab,2025,https://evictionlab.org
60619,Chicago,41.9999,-87.8035,18.91,72,4,Princeton Eviction Lab,2025,https://evictionlab.org
60620,Chicago,41.7287,-87.5826,18.66,83,4,Princeton Eviction Lab,2025,https://evictionlab.org
60621,Chicago,41.8316,-87.6411,15.84,76,4,Princeton Eviction Lab,2025,https://evictionlab.org
60622,Chicago,41.8746,-87.6585,16.15,79,4,Princeton Eviction Lab,2025,https://evictionlab.org
60623,Chicago,41.7497,-87.4588,20.01,100,4,Princeton Eviction Lab,2025,https://evictionlab.org
60624,Chicago,41.8158,-87.6753,15.41,91,4,Princeton Eviction Lab,2025,https://evictionlab.org
60625,Chicago,41.7448,-87.6703,16.13,96,4,Princeton Eviction Lab,2025,https://evictionlab.org
60626,Chicago,41.893,-87.7586,17.99,82,4,Princeton Eviction Lab,2025,https://evictionlab.org
60627,Chicago,41.994,-87.7613,21.19,98,4,Princeton Eviction Lab,2025,https://evictionlab.org
60628,Chicago,41.9111,-87.4579,19.39,97,4,Princeton Eviction Lab,2025,https://evictionlab.org
60629,Chicago,41.7587,-87.7174,17.45,79,4,Princeton Eviction Lab,2025,https://evictionlab.org
60630,Chicago,41.9099,-87.7597,21.2,97,4,Princeton Eviction Lab,2025,https://evictionlab.org
60631,Chicago,41.7453,-87.7891,18.29,76,4,Princeton Eviction Lab,2025,https://evictionlab.org
60632,Chicago,41.7612,-87.4761,21.8,77,4,Princeton Eviction Lab,2025,https://evictionlab.org
60633,Chicago,41.7567,-87.7062,15.29,95,4,Princeton Eviction Lab,2025,https://evictionlab.org
60634,Chicago,41.7451,-87.692,18.73,87,4,Princeton Eviction Lab,2025,https://evictionlab.org
60635,Chicago,41.7298,-87.641,17.88,77,4,Princeton Eviction Lab,2025,https://evictionlab.org
60636,Chicago,41.8036,-87.5102,19.49,71,4,Princeton Eviction Lab,2025,https://evictionlab.org
60637,Chicago,41.8807,-87.4958,16.55,85,4,Princeton Eviction Lab,2025,https://evictionlab.org
60638,Chicago,41.9056,-87.6452,19.35,75,4,Princeton Eviction Lab,2025,https://evictionlab.org
60639,Chicago,42.0167,-87.7278,17.92,76,4,Princeton Eviction Lab,2025,https://evictionlab.org
60640,Chicago,41.7747,-87.5077,18.25,95,4,Princeton Eviction Lab,2025,https://evictionlab.org
60641,Chicago,41.8668,-87.4603,16.53,89,4,Princeton Eviction Lab,2025,https://evictionlab.org
60642,Chicago,41.8879,-87.7336,17.74,87,4,Princeton Eviction Lab,2025,https://evictionlab.org
60643,Chicago,41.8464,-87.6119,16.77,76,4,Princeton Eviction Lab,2025,https://evictionlab.org
60644,Chicago,42.0268,-87.5098,21.25,72,4,Princeton Eviction Lab,2025,https://evictionlab.org
60645,Chicago,41.9197,-87.5425,17.74,95,4,Princeton Eviction Lab,2025,https://evictionlab.org
60646,Chicago,41.8791,-87.4616,21.46,95,4,Princeton Eviction Lab,2025,https://evictionlab.org
60647,Chicago,41.8829,-87.7851,16.44,87,4,Princeton Eviction Lab,2025,https://evictionlab.org
60648,Chicago,41.9674,-87.5685,17.0,99,4,Princeton Eviction Lab,2025,https://evictionlab.org
60649,Chicago,42.02,-87.6902,18.36,80,4,Princeton Eviction Lab,2025,https://evictionlab.org
60650,Chicago,41.8255,-87.751,21.34,73,4,Princeton Eviction Lab,2025,https://evictionlab.org
60651,Chicago,41.969,-87.4976,17.77,85,4,Princeton Eviction Lab,2025,https://evictionlab.org
60652,Chicago,41.9804,-87.6468,20.51,76,4,Princeton Eviction Lab,2025,https://evictionlab.org
60653,Chicago,41.7616,-87.5119,17.61,99,4,Princeton Eviction Lab,2025,https://evictionlab.org
60654,Chicago,41.9076,-87.7347,19.39,79,4,Princeton Eviction Lab,2025,https://evictionlab.org
60655,Chicago,41.9484,-87.7766,20.11,98,4,Princeton Eviction Lab,2025,https://evictionlab.org
60656,Chicago,41.991,-87.714,19.38,80,4,Princeton Eviction Lab,2025,https://evictionlab.org
60657,Chicago,41.868,-87.6822,18.6,73,4,Princeton Eviction Lab,2025,https://evictionlab.org
60658,Chicago,41.9236,-87.6054,16.0,81,4,Princeton Eviction Lab,2025,https://evictionlab.org
60659,Chicago,41.9055,-87.4745,16.96,71,4,Princeton Eviction Lab,2025,https://evictionlab.org
60660,Chicago,41.8173,-87.7665,19.11,88,4,Princeton Eviction Lab,2025,https://evictionlab.org
77001,Houston,29.6917,-95.326,19.8,86,8,Princeton Eviction Lab,2025,https://evictionlab.org
77002,Houston,29.6157,-95.3071,21.47,79,8,Princeton Eviction Lab,2025,https://evictionlab.org
77003,Houston,29.8466,-95.4814,17.41,93,8,Princeton Eviction Lab,2025,https://evictionlab.org
77004,Houston,29.8623,-95.3853,15.5,82,8,Princeton Eviction Lab,2025,https://evictionlab.org
77005,Houston,29.7669,-95.3295,17.19,92,8,Princeton Eviction Lab,2025,https://evictionlab.org
77006,Houston,29.8467,-95.3418,19.57,91,8,Princeton Eviction Lab,2025,https://evictionlab.org
77007,Houston,29.6131,-95.3485,15.37,83,8,Princeton Eviction Lab,2025,https://evictionlab.org
77008,Houston,29.6244,-95.4477,16.58,74,8,Princeton Eviction Lab,2025,https://evictionlab.org
77009,Houston,29.9088,-95.3015,16.03,78,8,Princeton Eviction Lab,2025,https://evictionlab.org
77010,Houston,29.7477,-95.3275,16.61,73,8,Princeton Eviction Lab,2025,https://evictionlab.org
77011,Houston,29.8815,-95.2784,18.76,83,8,Princeton Eviction Lab,2025,https://evictionlab.org
77012,Houston,29.6888,-95.3084,18.21,89,8,Princeton Eviction Lab,2025,https://evictionlab.org
77013,Houston,29.6306,-95.3437,17.21,79,8,Princeton Eviction Lab,2025,https://evictionlab.org
77014,Houston,29.8647,-95.4386,21.17,83,8,Princeton Eviction Lab,2025,https://evictionlab.org
77015,Houston,29.7156,-95.5347,20.51,80,8,Princeton Eviction Lab,2025,https://evictionlab.org
77016,Houston,29.8395,-95.4703,15.65,91,8,Princeton Eviction Lab,2025,https://evictionlab.org
77017,Houston,29.7942,-95.5358,18.22,92,8,Princeton Eviction Lab,2025,https://evictionlab.org
77018,Houston,29.614,-95.3916,15.65,77,8,Princeton Eviction Lab,2025,https://evictionlab.org
77019,Houston,29.7373,-95.4333,16.87,98,8,Princeton Eviction Lab,2025,https://evictionlab.org
77020,Houston,29.6881,-95.2791,20.66,97,8,Princeton Eviction Lab,2025,https://evictionlab.org
77021,Houston,29.8884,-95.316,18.31,80,8,Princeton Eviction Lab,2025,https://evictionlab.org
77022,Houston,29.7545,-95.3964,21.31,97,8,Princeton Eviction Lab,2025,https://evictionlab.org
77023,Houston,29.7969,-95.297,20.46,90,8,Princeton Eviction Lab,2025,https://evictionlab.org
77024,Houston,29.8002,-95.1947,16.93,99,8,Princeton Eviction Lab,2025,https://evictionlab.org
77025,Houston,29.776,-95.3977,17.55,92,8,Princeton Eviction Lab,2025,https://evictionlab.org
77026,Houston,29.6192,-95.2907,18.8,83,8,Princeton Eviction Lab,2025,https://evictionlab.org
77027,Houston,29.8782,-95.3682,18.66,87,8,Princeton Eviction Lab,2025,https://evictionlab.org
77028,Houston,29.7631,-95.3391,17.18,82,8,Princeton Eviction Lab,2025,https://evictionlab.org
77029,Houston,29.8845,-95.5273,18.77,70,8,Princeton Eviction Lab,2025,https://evictionlab.org
77030,Houston,29.825,-95.4896,18.02,90,8,Princeton Eviction Lab,2025,https://evictionlab.org
77031,Houston,29.6834,-95.4352,20.16,74,8,Princeton Eviction Lab,2025,https://evictionlab.org
77032,Houston,29.7184,-95.1915,16.69,97,8,Princeton Eviction Lab,2025,https://evictionlab.org
77033,Houston,29.6612,-95.3171,16.52,75,8,Princeton Eviction Lab,2025,https://evictionlab.org
77034,Houston,29.7844,-95.394,16.75,92,8,Princeton Eviction Lab,2025,https://evictionlab.org
77035,Houston,29.7679,-95.3761,18.29,73,8,Princeton Eviction Lab,2025,https://evictionlab.org
77036,Houston,29.84,-95.2991,16.67,74,8,Princeton Eviction Lab,2025,https://evictionlab.org
77037,Houston,29.6624,-95.2271,17.76,72,8,Princeton Eviction Lab,2025,https://evictionlab.org
77038,Houston,29.7191,-95.3538,15.96,84,8,Princeton Eviction Lab,2025,https://evictionlab.org
77039,Houston,29.8859,-95.3262,19.92,91,8,Princeton Eviction Lab,2025,https://evictionlab.org
77040,Houston,29.8035,-95.265,18.55,100,8,Princeton Eviction Lab,2025,https://evictionlab.org
77041,Houston,29.6945,-95.3577,16.38,85,8,Princeton Eviction Lab,2025,https://evictionlab.org
77042,Houston,29.7941,-95.3364,17.1,91,8,Princeton Eviction Lab,2025,https://evictionlab.org
77043,Houston,29.8216,-95.2114,20.4,92,8,Princeton Eviction Lab,2025,https://evictionlab.org
77044,Houston,29.6706,-95.2427,20.38,73,8,Princeton Eviction Lab,2025,https://evictionlab.org
77045,Houston,29.6475,-95.4786,19.7,92,8,Princeton Eviction Lab,2025,https://evictionlab.org
77046,Houston,29.7142,-95.2791,20.89,86,8,Princeton Eviction Lab,2025,https://evictionlab.org
77047,Houston,29.6122,-95.2381,18.15,88,8,Princeton Eviction Lab,2025,https://evictionlab.org
77048,Houston,29.6742,-95.43,21.68,79,8,Princeton Eviction Lab,2025,https://evictionlab.org
77049,Houston,29.7632,-95.4358,17.48,80,8,Princeton Eviction Lab,2025,https://evictionlab.org
77050,Houston,29.7323,-95.3053,17.34,96,8,Princeton Eviction Lab,2025,https://evictionlab.org
77051,Houston,29.6459,-95.3738,16.94,89,8,Princeton Eviction Lab,2025,https://evictionlab.org
77052,Houston,29.6681,-95.342,16.63,93,8,Princeton Eviction Lab,2025,https://evictionlab.org
77053,Houston,29.7597,-95.3379,20.39,78,8,Princeton Eviction Lab,2025,https://evictionlab.org
77054,Houston,29.6752,-95.3449,17.14,73,8,Princeton Eviction Lab,2025,https://evictionlab.org
77055,Houston,29.8998,-95.1999,18.23,83,8,Princeton Eviction Lab,2025,https://evictionlab.org
85001,Phoenix,33.4865,-112.0511,19.65,93,8,Princeton Eviction Lab,2025,https://evictionlab.org
85002,Phoenix,33.5169,-112.2465,17.58,75,8,Princeton Eviction Lab,2025,https://evictionlab.org
85003,Phoenix,33.4488,-112.2494,17.23,92,8,Princeton Eviction Lab,2025,https://evictionlab.org
85004,Phoenix,33.4699,-112.0968,16.72,81,8,Princeton Eviction Lab,2025,https://evictionlab.org
85005,Phoenix,33.5034,-112.1015,21.4,80,8,Princeton Eviction Lab,2025,https://evictionlab.org
85006,Phoenix,33.5588,-112.155,20.39,73,8,Princeton Eviction Lab,2025,https://evictionlab.org
85007,Phoenix,33.5321,-112.1235,21.8,81,8,Princeton Eviction Lab,2025,https://evictionlab.org
85008,Phoenix,33.4675,-112.1974,19.28,82,8,Princeton Eviction Lab,2025,https://evictionlab.org
85009,Phoenix,33.4386,-111.9574,19.39,81,8,Princeton Eviction Lab,2025,https://evictionlab.org
85010,Phoenix,33.381,-112.1999,18.66,94,8,Princeton Eviction Lab,2025,https://evictionlab.org
85011,Phoenix,33.4355,-111.9244,15.2,86,8,Princeton Eviction Lab,2025,https://evictionlab.org
85012,Phoenix,33.4386,-111.9931,18.14,94,8,Princeton Eviction Lab,2025,https://evictionlab.org
85013,Phoenix,33.413,-111.9158,16.71,86,8,Princeton Eviction Lab,2025,https://evictionlab.org
85014,Phoenix,33.5665,-111.9465,18.12,69,8,Princeton Eviction Lab,2025,https://evictionlab.org
85015,Phoenix,33.4024,-112.0304,21.28,72,8,Princeton Eviction Lab,2025,https://evictionlab.org
85016,Phoenix,33.5189,-112.219,18.18,69,8,Princeton Eviction Lab,2025,https://evictionlab.org
85017,Phoenix,33.4008,-111.92,20.01,77,8,Princeton Eviction Lab,2025,https://evictionlab.org
85018,Phoenix,33.5556,-111.9186,18.24,94,8,Princeton Eviction Lab,2025,https://evictionlab.org
85019,Phoenix,33.3321,-112.1524,19.59,75,8,Princeton Eviction Lab,2025,https://evictionlab.org
85020,Phoenix,33.3843,-111.9076,18.91,76,8,Princeton Eviction Lab,2025,https://evictionlab.org
85021,Phoenix,33.3923,-112.1722,19.72,72,8,Princeton Eviction Lab,2025,https://evictionlab.org
85022,Phoenix,33.4011,-112.0145,20.8,94,8,Princeton Eviction Lab,2025,https://evictionlab.org
85023,Phoenix,33.4635,-112.1937,17.57,76,8,Princeton Eviction Lab,2025,https://evictionlab.org
85024,Phoenix,33.4883,-112.0223,16.54,90,8,Princeton Eviction Lab,2025,https://evictionlab.org
85025,Phoenix,33.3415,-112.0734,20.67,76,8,Princeton Eviction Lab,2025,https://evictionlab.org
85026,Phoenix,33.3279,-111.9911,20.04,75,8,Princeton Eviction Lab,2025,https://evictionlab.org
85027,Phoenix,33.548,-112.0338,21.21,76,8,Princeton Eviction Lab,2025,https://evictionlab.org
85028,Phoenix,33.5073,-112.2141,20.84,77,8,Princeton Eviction Lab,2025,https://evictionlab.org
85029,Phoenix,33.5468,-112.0347,21.57,75,8,Princeton Eviction Lab,2025,https://evictionlab.org
85030,Phoenix,33.5547,-111.9059,19.43,95,8,Princeton Eviction Lab,2025,https://evictionlab.org
85031,Phoenix,33.437,-112.1104,20.07,81,8,Princeton Eviction Lab,2025,https://evictionlab.org
85032,Phoenix,33.3372,-112.0916,21.23,73,8,Princeton Eviction Lab,2025,https://evictionlab.org
85033,Phoenix,33.5085,-112.0523,17.59,88,8,Princeton Eviction Lab,2025,https://evictionlab.org
85034,Phoenix,33.301,-111.9067,19.45,79,8,Princeton Eviction Lab,2025,https://evictionlab.org
85035,Phoenix,33.5032,-112.2324,15.97,96,8,Princeton Eviction Lab,2025,https://evictionlab.org
85036,Phoenix,33.3428,-112.177,19.43,79,8,Princeton Eviction Lab,2025,https://evictionlab.org
85037,Phoenix,33.5605,-111.8997,18.45,89,8,Princeton Eviction Lab,2025,https://evictionlab.org
85038,Phoenix,33.3082,-111.9943,20.31,70,8,Princeton Eviction Lab,2025,https://evictionlab.org
85039,Phoenix,33.3587,-111.969,19.42,72,8,Princeton Eviction Lab,2025,https://evictionlab.org
85040,Phoenix,33.3804,-112.1907,21.3,81,8,Princeton Eviction Lab,2025,https://evictionlab.org
85041,Phoenix,33.4573,-112.0658,15.37,80,8,Princeton Eviction Lab,2025,https://evictionlab.org
85042,Phoenix,33.5363,-111.953,17.59,93,8,Princeton Eviction Lab,2025,https://evictionlab.org
85043,Phoenix,33.5637,-112.2114,20.91,92,8,Princeton Eviction Lab,2025,https://evictionlab.org
85044,Phoenix,33.4144,-112.1238,18.91,95,8,Princeton Eviction Lab,2025,https://evictionlab.org
85045,Phoenix,33.4403,-112.0393,17.56,88,8,Princeton Eviction Lab,2025,https://evictionlab.org
85046,Phoenix,33.4218,-111.9065,15.49,74,8,Princeton Eviction Lab,2025,https://evictionlab.org
85047,Phoenix,33.4008,-112.0124,17.35,81,8,Princeton Eviction Lab,2025,https://evictionlab.org
85048,Phoenix,33.5396,-112.1846,20.03,75,8,Princeton Eviction Lab,2025,https://evictionlab.org
85049,Phoenix,33.4835,-112.1098,21.73,84,8,Princeton Eviction Lab,2025,https://evictionlab.org
85050,Phoenix,33.4428,-112.0894,19.2,97,8,Princeton Eviction Lab,2025,https://evictionlab.org
19101,Philadelphia,39.8792,-75.0913,20.9,82,8,Princeton Eviction Lab,2025,https://evictionlab.org
19102,Philadelphia,39.927,-75.1616,21.43,82,8,Princeton Eviction Lab,2025,https://evictionlab.org
19103,Philadelphia,39.8196,-75.153,21.35,83,8,Princeton Eviction Lab,2025,https://evictionlab.org
19104,Philadelphia,39.8758,-75.243,19.86,100,8,Princeton Eviction Lab,2025,https://evictionlab.org
19105,Philadelphia,39.8214,-75.0158,19.58,95,8,Princeton Eviction Lab,2025,https://evictionlab.org
19106,Philadelphia,39.8061,-75.3242,21.25,87,8,Princeton Eviction Lab,2025,https://evictionlab.org
19107,Philadelphia,40.0779,-75.2803,16.73,87,8,Princeton Eviction Lab,2025,https://evictionlab.org
19108,Philadelphia,39.9972,-75.1212,19.33,92,8,Princeton Eviction Lab,2025,https://evictionlab.org
19109,Philadelphia,39.8484,-75.134,18.42,74,8,Princeton Eviction Lab,2025,https://evictionlab.org
19110,Philadelphia,39.8465,-75.0615,21.07,93,8,Princeton Eviction Lab,2025,https://evictionlab.org
19111,Philadelphia,39.9695,-75.3042,17.36,86,8,Princeton Eviction Lab,2025,https://evictionlab.org
19112,Philadelphia,40.0979,-75.2801,21.37,79,8,Princeton Eviction Lab,2025,https://evictionlab.org
19113,Philadelphia,39.8642,-75.2511,20.99,79,8,Princeton Eviction Lab,2025,https://evictionlab.org
19114,Philadelphia,39.8635,-75.1479,16.93,76,8,Princeton Eviction Lab,2025,https://evictionlab.org
19115,Philadelphia,39.8048,-75.3225,21.61,90,8,Princeton Eviction Lab,2025,https://evictionlab.org
19116,Philadelphia,40.0089,-75.1997,19.59,86,8,Princeton Eviction Lab,2025,https://evictionlab.org
19117,Philadelphia,40.1013,-75.2389,18.61,80,8,Princeton Eviction Lab,2025,https://evictionlab.org
19118,Philadelphia,39.9734,-75.09,20.25,77,8,Princeton Eviction Lab,2025,https://evictionlab.org
19119,Philadelphia,40.0905,-75.1551,16.01,94,8,Princeton Eviction Lab,2025,https://evictionlab.org
19120,Philadelphia,39.9656,-75.2609,21.68,88,8,Princeton Eviction Lab,2025,https://evictionlab.org
19121,Philadelphia,40.0142,-75.0333,20.45,76,8,Princeton Eviction Lab,2025,https://evictionlab.org
19122,Philadelphia,39.9997,-75.0995,19.16,86,8,Princeton Eviction Lab,2025,https://evictionlab.org
19123,Philadelphia,39.8636,-75.1083,17.79,87,8,Princeton Eviction Lab,2025,https://evictionlab.org
19124,Philadelphia,39.9235,-75.0317,17.88,77,8,Princeton Eviction Lab,2025,https://evictionlab.org
19125,Philadelphia,39.8893,-75.0872,18.27,91,8,Princeton Eviction Lab,2025,https://evictionlab.org
19126,Philadelphia,39.9703,-75.2612,18.59,98,8,Princeton Eviction Lab,2025,https://evictionlab.org
19127,Philadelphia,39.9679,-75.2242,15.64,83,8,Princeton Eviction Lab,2025,https://evictionlab.org
19128,Philadelphia,39.8531,-75.2571,20.1,85,8,Princeton Eviction Lab,2025,https://evictionlab.org
19129,Philadelphia,40.0078,-75.2049,19.77,95,8,Princeton Eviction Lab,2025,https://evictionlab.org
19130,Philadelphia,39.8327,-75.2063,16.55,82,8,Princeton Eviction Lab,2025,https://evictionlab.org
19131,Philadelphia,40.1021,-75.3217,17.92,76,8,Princeton Eviction Lab,2025,https://evictionlab.org
19132,Philadelphia,39.9518,-75.1575,17.84,75,8,Princeton Eviction Lab,2025,https://evictionlab.org
19133,Philadelphia,40.0339,-75.2069,16.07,77,8,Princeton Eviction Lab,2025,https://evictionlab.org
19134,Philadelphia,40.058,-75.0822,21.32,95,8,Princeton Eviction Lab,2025,https://evictionlab.org
19135,Philadelphia,40.0793,-75.0038,18.31,79,8,Princeton Eviction Lab,2025,https://evictionlab.org
19136,Philadelphia,39.8735,-75.1314,18.28,81,8,Princeton Eviction Lab,2025,https://evictionlab.org
19137,Philadelphia,40.0784,-75.2554,17.48,76,8,Princeton Eviction Lab,2025,https://evictionlab.org
19138,Philadelphia,39.8696,-74.9942,17.27,71,8,Princeton Eviction Lab,2025,https://evictionlab.org
19139,Philadelphia,39.8326,-75.0222,21.7,88,8,Princeton Eviction Lab,2025,https://evictionlab.org
19140,Philadelphia,40.0859,-75.1862,18.84,99,8,Princeton Eviction Lab,2025,https://evictionlab.org
78201,San Antonio,29.4447,-98.5316,15.19,81,8,Princeton Eviction Lab,2025,https://evictionlab.org
78202,San Antonio,29.5591,-98.3901,21.32,69,8,Princeton Eviction Lab,2025,https://evictionlab.org
78203,San Antonio,29.5163,-98.4993,17.16,75,8,Princeton Eviction Lab,2025,https://evictionlab.org
78204,San Antonio,29.2804,-98.3577,21.32,70,8,Princeton Eviction Lab,2025,https://evictionlab.org
78205,San Antonio,29.4426,-98.6017,19.12,94,8,Princeton Eviction Lab,2025,https://evictionlab.org
78206,San Antonio,29.3904,-98.3681,16.87,79,8,Princeton Eviction Lab,2025,https://evictionlab.org
78207,San Antonio,29.3108,-98.6035,21.51,84,8,Princeton Eviction Lab,2025,https://evictionlab.org
78208,San Antonio,29.4352,-98.3235,21.11,81,8,Princeton Eviction Lab,2025,https://evictionlab.org
78209,San Antonio,29.3834,-98.5436,18.65,99,8,Princeton Eviction Lab,2025,https://evictionlab.org
78210,San Antonio,29.3718,-98.4104,20.02,79,8,Princeton Eviction Lab,2025,https://evictionlab.org
78211,San Antonio,29.3689,-98.3522,21.64,90,8,Princeton Eviction Lab,2025,https://evictionlab.org
78212,San Antonio,29.5738,-98.6424,19.86,92,8,Princeton Eviction Lab,2025,https://evictionlab.org
78213,San Antonio,29.2918,-98.6292,18.36,71,8,Princeton Eviction Lab,2025,https://evictionlab.org
78214,San Antonio,29.4378,-98.6218,21.45,99,8,Princeton Eviction Lab,2025,https://evictionlab.org
78215,San Antonio,29.2976,-98.5184,19.33,87,8,Princeton Eviction Lab,2025,https://evictionlab.org
78216,San Antonio,29.5066,-98.6628,16.65,76,8,Princeton Eviction Lab,2025,https://evictionlab.org
78217,San Antonio,29.3566,-98.3664,19.4,73,8,Princeton Eviction Lab,2025,https://evictionlab.org
78218,San Antonio,29.2941,-98.5619,21.04,89,8,Princeton Eviction Lab,2025,https://evictionlab.org
78219,San Antonio,29.3721,-98.5588,19.0,84,8,Princeton Eviction Lab,2025,https://evictionlab.org
78220,San Antonio,29.3702,-98.454,19.96,84,8,Princeton Eviction Lab,2025,https://evictionlab.org
78221,San Antonio,29.2869,-98.4564,15.77,97,8,Princeton Eviction Lab,2025,https://evictionlab.org
78222,San Antonio,29.4667,-98.4389,15.23,84,8,Princeton Eviction Lab,2025,https://evictionlab.org
78223,San Antonio,29.4135,-98.5022,17.53,97,8,Princeton Eviction Lab,2025,https://evictionlab.org
78224,San Antonio,29.3906,-98.3178,18.95,91,8,Princeton Eviction Lab,2025,https://evictionlab.org
78225,San Antonio,29.3897,-98.4844,18.37,88,8,Princeton Eviction Lab,2025,https://evictionlab.org
78226,San Antonio,29.5126,-98.5438,16.5,76,8,Princeton Eviction Lab,2025,https://evictionlab.org
78227,San Antonio,29.4179,-98.6684,18.52,78,8,Princeton Eviction Lab,2025,https://evictionlab.org
78228,San Antonio,29.5319,-98.6123,20.98,70,8,Princeton Eviction Lab,2025,https://evictionlab.org
78229,San Antonio,29.4116,-98.6139,19.69,78,8,Princeton Eviction Lab,2025,https://evictionlab.org
78230,San Antonio,29.3031,-98.3137,15.91,100,8,Princeton Eviction Lab,2025,https://evictionlab.org
78231,San Antonio,29.3987,-98.586,19.65,94,8,Princeton Eviction Lab,2025,https://evictionlab.org
78232,San Antonio,29.392,-98.534,20.71,82,8,Princeton Eviction Lab,2025,https://evictionlab.org
78233,San Antonio,29.2824,-98.4801,15.21,100,8,Princeton Eviction Lab,2025,https://evictionlab.org
78234,San Antonio,29.3202,-98.3714,20.01,82,8,Princeton Eviction Lab,2025,https://evictionlab.org
78235,San Antonio,29.4036,-98.3195,19.78,93,8,Princeton Eviction Lab,2025,https://evictionlab.org
92101,San Diego,32.838,-117.1017,16.68,88,8,Princeton Eviction Lab,2025,https://evictionlab.org
92102,San Diego,32.6727,-117.0503,17.94,84,8,Princeton Eviction Lab,2025,https://evictionlab.org
92103,San Diego,32.6323,-117.2339,17.35,92,8,Princeton Eviction Lab,2025,https://evictionlab.org
92104,San Diego,32.7964,-117.3284,21.19,80,8,Princeton Eviction Lab,2025,https://evictionlab.org
92105,San Diego,32.6873,-117.2359,16.65,79,8,Princeton Eviction Lab,2025,https://evictionlab.org
92106,San Diego,32.7967,-117.1025,17.22,70,8,Princeton Eviction Lab,2025,https://evictionlab.org
92107,San Diego,32.703,-117.2576,19.19,87,8,Princeton Eviction Lab,2025,https://evictionlab.org
92108,San Diego,32.6499,-117.3276,17.33,80,8,Princeton Eviction Lab,2025,https://evictionlab.org
92109,San Diego,32.7874,-117.1324,19.95,91,8,Princeton Eviction Lab,2025,https://evictionlab.org
92110,San Diego,32.7249,-117.156,16.11,98,8,Princeton Eviction Lab,2025,https://evictionlab.org
92111,San Diego,32.8274,-117.04,16.3,73,8,Princeton Eviction Lab,2025,https://evictionlab.org
92112,San Diego,32.7285,-117.2274,15.59,97,8,Princeton Eviction Lab,2025,https://evictionlab.org
92113,San Diego,32.5832,-117.0971,16.77,80,8,Princeton Eviction Lab,2025,https://evictionlab.org
92114,San Diego,32.8411,-117.2208,19.19,77,8,Princeton Eviction Lab,2025,https://evictionlab.org
92115,San Diego,32.6924,-117.3261,16.81,71,8,Princeton Eviction Lab,2025,https://evictionlab.org
92116,San Diego,32.7443,-117.0421,20.85,95,8,Princeton Eviction Lab,2025,https://evictionlab.org
92117,San Diego,32.6166,-117.2652,16.29,74,8,Princeton Eviction Lab,2025,https://evictionlab.org
92118,San Diego,32.6171,-117.3145,21.21,94,8,Princeton Eviction Lab,2025,https://evictionlab.org
92119,San Diego,32.8424,-117.2903,16.14,100,8,Princeton Eviction Lab,2025,https://evictionlab.org
92120,San Diego,32.7477,-117.2998,19.29,93,8,Princeton Eviction Lab,2025,https://evictionlab.org
92121,San Diego,32.6178,-117.0959,18.0,74,8,Princeton Eviction Lab,2025,https://evictionlab.org
92122,San Diego,32.6564,-117.0229,17.08,98,8,Princeton Eviction Lab,2025,https://evictionlab.org
92123,San Diego,32.8428,-116.9898,18.32,96,8,Princeton Eviction Lab,2025,https://evictionlab.org
92124,San Diego,32.7553,-117.2175,17.22,73,8,Princeton Eviction Lab,2025,https://evictionlab.org
92125,San Diego,32.8545,-117.0553,19.6,90,8,Princeton Eviction Lab,2025,https://evictionlab.org
92126,San Diego,32.827,-117.2302,18.67,99,8,Princeton Eviction Lab,2025,https://evictionlab.org
92127,San Diego,32.6442,-117.3115,21.66,88,8,Princeton Eviction Lab,2025,https://evictionlab.org
92128,San Diego,32.6958,-117.2376,15.78,94,8,Princeton Eviction Lab,2025,https://evictionlab.org
92129,San Diego,32.7666,-117.1934,16.56,97,8,Princeton Eviction Lab,2025,https://evictionlab.org
92130,San Diego,32.7361,-117.1071,17.83,77,8,Princeton Eviction Lab,2025,https://evictionlab.org
92131,San Diego,32.7603,-117.2212,15.76,77,8,Princeton Eviction Lab,2025,https://evictionlab.org
92132,San Diego,32.6926,-117.2,19.02,93,8,Princeton Eviction Lab,2025,https://evictionlab.org
92133,San Diego,32.6658,-117.0085,19.9,89,8,Princeton Eviction Lab,2025,https://evictionlab.org
92134,San Diego,32.8061,-117.1781,17.11,97,8,Princeton Eviction Lab,2025,https://evictionlab.org
92135,San Diego,32.7679,-117.1386,19.84,98,8,Princeton Eviction Lab,2025,https://evictionlab.org
75201,DFW,32.7342,-96.9509,17.38,92,8,Princeton Eviction Lab,2025,https://evictionlab.org
75202,DFW,32.7228,-96.6538,15.22,72,8,Princeton Eviction Lab,2025,https://evictionlab.org
75203,DFW,32.7113,-96.8618,16.02,83,8,Princeton Eviction Lab,2025,https://evictionlab.org
75204,DFW,32.6426,-96.6474,19.32,97,8,Princeton Eviction Lab,2025,https://evictionlab.org
75205,DFW,32.8517,-96.9384,15.96,77,8,Princeton Eviction Lab,2025,https://evictionlab.org
75206,DFW,32.8244,-96.6387,21.48,81,8,Princeton Eviction Lab,2025,https://evictionlab.org
75207,DFW,32.8319,-96.6469,18.33,92,8,Princeton Eviction Lab,2025,https://evictionlab.org
75208,DFW,32.6385,-96.8405,18.59,78,8,Princeton Eviction Lab,2025,https://evictionlab.org
75209,DFW,32.6556,-96.769,20.69,73,8,Princeton Eviction Lab,2025,https://evictionlab.org
75210,DFW,32.8515,-96.6655,20.02,91,8,Princeton Eviction Lab,2025,https://evictionlab.org
75211,DFW,32.8823,-96.9748,21.09,85,8,Princeton Eviction Lab,2025,https://evictionlab.org
75212,DFW,32.878,-96.8355,15.51,77,8,Princeton Eviction Lab,2025,https://evictionlab.org
75213,DFW,32.6743,-96.9401,21.62,88,8,Princeton Eviction Lab,2025,https://evictionlab.org
75214,DFW,32.7418,-96.8486,15.96,77,8,Princeton Eviction Lab,2025,https://evictionlab.org
75215,DFW,32.6684,-96.8536,17.56,96,8,Princeton Eviction Lab,2025,https://evictionlab.org
75216,DFW,32.7749,-96.7409,18.19,90,8,Princeton Eviction Lab,2025,https://evictionlab.org
75217,DFW,32.8897,-96.7461,19.94,75,8,Princeton Eviction Lab,2025,https://evictionlab.org
75218,DFW,32.7841,-96.7456,17.49,91,8,Princeton Eviction Lab,2025,https://evictionlab.org
75219,DFW,32.9191,-96.7928,20.66,91,8,Princeton Eviction Lab,2025,https://evictionlab.org
75220,DFW,32.7431,-96.7517,15.32,71,8,Princeton Eviction Lab,2025,https://evictionlab.org
75221,DFW,32.698,-96.787,16.57,78,8,Princeton Eviction Lab,2025,https://evictionlab.org
75222,DFW,32.712,-96.6542,17.74,88,8,Princeton Eviction Lab,2025,https://evictionlab.org
75223,DFW,32.8769,-96.7737,21.66,71,8,Princeton Eviction Lab,2025,https://evictionlab.org
75224,DFW,32.8075,-96.904,18.0,85,8,Princeton Eviction Lab,2025,https://evictionlab.org
75225,DFW,32.7787,-96.6348,19.5,81,8,Princeton Eviction Lab,2025,https://evictionlab.org
75226,DFW,32.8696,-96.8318,21.38,97,8,Princeton Eviction Lab,2025,https://evictionlab.org
75227,DFW,32.8092,-96.8088,16.99,74,8,Princeton Eviction Lab,2025,https://evictionlab.org
75228,DFW,32.8704,-96.8465,18.31,75,8,Princeton Eviction Lab,2025,https://evictionlab.org
75229,DFW,32.7759,-96.7458,19.27,91,8,Princeton Eviction Lab,2025,https://evictionlab.org
75230,DFW,32.7575,-96.6588,15.96,76,8,Princeton Eviction Lab,2025,https://evictionlab.org
75231,DFW,32.6405,-96.9338,17.97,80,8,Princeton Eviction Lab,2025,https://evictionlab.org
75232,DFW,32.7193,-96.832,20.23,70,8,Princeton Eviction Lab,2025,https://evictionlab.org
75233,DFW,32.7264,-96.7029,20.37,84,8,Princeton Eviction Lab,2025,https://evictionlab.org
75234,DFW,32.6871,-96.6614,21.64,87,8,Princeton Eviction Lab,2025,https://evictionlab.org
75235,DFW,32.9075,-96.662,21.15,92,8,Princeton Eviction Lab,2025,https://evictionlab.org
75236,DFW,32.9219,-96.8311,19.57,84,8,Princeton Eviction Lab,2025,https://evictionlab.org
75237,DFW,32.8763,-96.791,16.87,82,8,Princeton Eviction Lab,2025,https://evictionlab.org
75238,DFW,32.7993,-96.8522,17.56,71,8,Princeton Eviction Lab,2025,https://evictionlab.org
75239,DFW,32.8972,-96.8751,16.52,79,8,Princeton Eviction Lab,2025,https://evictionlab.org
75240,DFW,32.7867,-96.7431,18.39,85,8,Princeton Eviction Lab,2025,https://evictionlab.org
75241,DFW,32.8638,-96.6183,17.04,97,8,Princeton Eviction Lab,2025,https://evictionlab.org
75242,DFW,32.7765,-96.6734,20.64,88,8,Princeton Eviction Lab,2025,https://evictionlab.org
75243,DFW,32.7133,-96.9391,19.23,72,8,Princeton Eviction Lab,2025,https://evictionlab.org
75244,DFW,32.8923,-96.645,18.13,90,8,Princeton Eviction Lab,2025,https://evictionlab.org
75245,DFW,32.8574,-96.843,19.6,94,8,Princeton Eviction Lab,2025,https://evictionlab.org
75246,DFW,32.7071,-96.6332,21.31,77,8,Princeton Eviction Lab,2025,https://evictionlab.org
75247,DFW,32.7716,-96.8914,18.92,83,8,Princeton Eviction Lab,2025,https://evictionlab.org
75248,DFW,32.7708,-96.9387,17.05,92,8,Princeton Eviction Lab,2025,https://evictionlab.org
75249,DFW,32.9013,-96.8161,18.31,79,8,Princeton Eviction Lab,2025,https://evictionlab.org
75250,DFW,32.8254,-96.7217,20.27,98,8,Princeton Eviction Lab,2025,https://evictionlab.org
75251,DFW,32.6285,-96.9364,18.17,83,8,Princeton Eviction Lab,2025,https://evictionlab.org
75252,DFW,32.9069,-96.7817,18.63,93,8,Princeton Eviction Lab,2025,https://evictionlab.org
75253,DFW,32.9211,-96.9045,19.33,86,8,Princeton Eviction Lab,2025,https://evictionlab.org
75254,DFW,32.6326,-96.6595,20.73,70,8,Princeton Eviction Lab,2025,https://evictionlab.org
75255,DFW,32.6419,-96.6349,17.22,76,8,Princeton Eviction Lab,2025,https://evictionlab.org
94101,Bay Area,37.7686,-122.3285,19.91,88,4,Princeton Eviction Lab,2025,https://evictionlab.org
94102,Bay Area,37.7378,-122.4342,18.61,92,4,Princeton Eviction Lab,2025,https://evictionlab.org
94103,Bay Area,37.7941,-122.5482,19.61,88,4,Princeton Eviction Lab,2025,https://evictionlab.org
94104,Bay Area,37.6351,-122.3395,21.51,72,4,Princeton Eviction Lab,2025,https://evictionlab.org
94105,Bay Area,37.7817,-122.5534,16.92,84,4,Princeton Eviction Lab,2025,https://evictionlab.org
94106,Bay Area,37.8431,-122.2828,18.33,76,4,Princeton Eviction Lab,2025,https://evictionlab.org
94107,Bay Area,37.6341,-122.5768,15.77,78,4,Princeton Eviction Lab,2025,https://evictionlab.org
94108,Bay Area,37.6948,-122.5603,21.52,76,4,Princeton Eviction Lab,2025,https://evictionlab.org
94109,Bay Area,37.7355,-122.3109,19.38,96,4,Princeton Eviction Lab,2025,https://evictionlab.org
94110,Bay Area,37.6377,-122.2649,17.26,76,4,Princeton Eviction Lab,2025,https://evictionlab.org
94111,Bay Area,37.7117,-122.2613,20.16,97,4,Princeton Eviction Lab,2025,https://evictionlab.org
94112,Bay Area,37.8873,-122.3034,16.94,99,4,Princeton Eviction Lab,2025,https://evictionlab.org
94113,Bay Area,37.8948,-122.5314,21.59,77,4,Princeton Eviction Lab,2025,https://evictionlab.org
94114,Bay Area,37.7382,-122.3844,20.4,72,4,Princeton Eviction Lab,2025,https://evictionlab.org
94115,Bay Area,37.6319,-122.3526,21.63,100,4,Princeton Eviction Lab,2025,https://evictionlab.org
94116,Bay Area,37.7022,-122.4266,19.96,74,4,Princeton Eviction Lab,2025,https://evictionlab.org
94117,Bay Area,37.645,-122.3776,20.99,94,4,Princeton Eviction Lab,2025,https://evictionlab.org
94118,Bay Area,37.7614,-122.3274,17.35,80,4,Princeton Eviction Lab,2025,https://evictionlab.org
94119,Bay Area,37.864,-122.4847,19.51,99,4,Princeton Eviction Lab,2025,https://evictionlab.org
94120,Bay Area,37.8643,-122.4794,20.03,87,4,Princeton Eviction Lab,2025,https://evictionlab.org
94121,Bay Area,37.7922,-122.4425,16.72,97,4,Princeton Eviction Lab,2025,https://evictionlab.org
94122,Bay Area,37.7784,-122.5458,18.39,86,4,Princeton Eviction Lab,2025,https://evictionlab.org
94123,Bay Area,37.8375,-122.478,20.03,70,4,Princeton Eviction Lab,2025,https://evictionlab.org
94124,Bay Area,37.8922,-122.2964,20.79,77,4,Princeton Eviction Lab,2025,https://evictionlab.org
94125,Bay Area,37.7645,-122.2409,20.89,74,4,Princeton Eviction Lab,2025,https://evictionlab.org
94126,Bay Area,37.7961,-122.354,16.05,94,4,Princeton Eviction Lab,2025,https://evictionlab.org
94127,Bay Area,37.902,-122.5564,19.87,86,4,Princeton Eviction Lab,2025,https://evictionlab.org
94128,Bay Area,37.7055,-122.481,17.69,86,4,Princeton Eviction Lab,2025,https://evictionlab.org
94129,Bay Area,37.8004,-122.5673,17.38,83,4,Princeton Eviction Lab,2025,https://evictionlab.org
94130,Bay Area,37.63,-122.2554,21.01,88,4,Princeton Eviction Lab,2025,https://evictionlab.org
94131,Bay Area,37.7703,-122.4485,20.61,88,4,Princeton Eviction Lab,2025,https://evictionlab.org
94132,Bay Area,37.7415,-122.4854,21.81,76,4,Princeton Eviction Lab,2025,https://evictionlab.org
94133,Bay Area,37.675,-122.257,19.99,87,4,Princeton Eviction Lab,2025,https://evictionlab.org
94134,Bay Area,37.8135,-122.358,17.98,90,4,Princeton Eviction Lab,2025,https://evictionlab.org
94135,Bay Area,37.6511,-122.5827,19.3,96,4,Princeton Eviction Lab,2025,https://evictionlab.org
94136,Bay Area,37.7382,-122.2633,20.39,97,4,Princeton Eviction Lab,2025,https://evictionlab.org
94137,Bay Area,37.6763,-122.4566,18.92,88,4,Princeton Eviction Lab,2025,https://evictionlab.org
94138,Bay Area,37.8736,-122.5811,18.14,89,4,Princeton Eviction Lab,2025,https://evictionlab.org
94139,Bay Area,37.7895,-122.586,21.12,90,4,Princeton Eviction Lab,2025,https://evictionlab.org
94140,Bay Area,37.9139,-122.486,19.21,99,4,Princeton Eviction Lab,2025,https://evictionlab.org
94141,Bay Area,37.8758,-122.3879,19.92,98,4,Princeton Eviction Lab,2025,https://evictionlab.org
94142,Bay Area,37.6422,-122.3426,18.44,84,4,Princeton Eviction Lab,2025,https://evictionlab.org
94143,Bay Area,37.8082,-122.5795,20.45,85,4,Princeton Eviction Lab,2025,https://evictionlab.org
94144,Bay Area,37.8858,-122.281,20.36,79,4,Princeton Eviction Lab,2025,https://evictionlab.org
94145,Bay Area,37.6432,-122.5209,20.21,79,4,Princeton Eviction Lab,2025,https://evictionlab.org
78701,Austin,30.3382,-97.6172,20.93,96,8,Princeton Eviction Lab,2025,https://evictionlab.org
78702,Austin,30.3313,-97.9187,20.43,81,8,Princeton Eviction Lab,2025,https://evictionlab.org
78703,Austin,30.3588,-97.7992,19.96,96,8,Princeton Eviction Lab,2025,https://evictionlab.org
78704,Austin,30.3485,-97.5735,17.85,84,8,Princeton Eviction Lab,2025,https://evictionlab.org
78705,Austin,30.192,-97.6333,20.86,89,8,Princeton Eviction Lab,2025,https://evictionlab.org
78706,Austin,30.2236,-97.5862,18.93,89,8,Princeton Eviction Lab,2025,https://evictionlab.org
78707,Austin,30.1727,-97.7459,16.17,71,8,Princeton Eviction Lab,2025,https://evictionlab.org
78708,Austin,30.3636,-97.907,19.66,98,8,Princeton Eviction Lab,2025,https://evictionlab.org
78709,Austin,30.2667,-97.9021,18.29,84,8,Princeton Eviction Lab,2025,https://evictionlab.org
78710,Austin,30.2586,-97.6572,21.46,72,8,Princeton Eviction Lab,2025,https://evictionlab.org
78711,Austin,30.253,-97.78,15.98,72,8,Princeton Eviction Lab,2025,https://evictionlab.org
78712,Austin,30.1884,-97.7832,16.84,79,8,Princeton Eviction Lab,2025,https://evictionlab.org
78713,Austin,30.2819,-97.9136,17.36,97,8,Princeton Eviction Lab,2025,https://evictionlab.org
78714,Austin,30.3681,-97.8602,21.51,96,8,Princeton Eviction Lab,2025,https://evictionlab.org
78715,Austin,30.1509,-97.7203,18.57,86,8,Princeton Eviction Lab,2025,https://evictionlab.org
78716,Austin,30.1242,-97.8795,19.02,98,8,Princeton Eviction Lab,2025,https://evictionlab.org
78717,Austin,30.2849,-97.85,16.39,69,8,Princeton Eviction Lab,2025,https://evictionlab.org
78718,Austin,30.3486,-97.9174,16.43,96,8,Princeton Eviction Lab,2025,https://evictionlab.org
78719,Austin,30.1984,-97.6438,17.04,82,8,Princeton Eviction Lab,2025,https://evictionlab.org
78720,Austin,30.3247,-97.909,20.98,99,8,Princeton Eviction Lab,2025,https://evictionlab.org
78721,Austin,30.4068,-97.5869,17.01,96,8,Princeton Eviction Lab,2025,https://evictionlab.org
78722,Austin,30.3546,-97.6028,21.5,93,8,Princeton Eviction Lab,2025,https://evictionlab.org
78723,Austin,30.2531,-97.7371,18.05,96,8,Princeton Eviction Lab,2025,https://evictionlab.org
78724,Austin,30.3978,-97.7357,20.33,95,8,Princeton Eviction Lab,2025,https://evictionlab.org
78725,Austin,30.1486,-97.7035,17.11,82,8,Princeton Eviction Lab,2025,https://evictionlab.org
78726,Austin,30.2222,-97.8281,16.81,87,8,Princeton Eviction Lab,2025,https://evictionlab.org
78727,Austin,30.3423,-97.6881,17.49,73,8,Princeton Eviction Lab,2025,https://evictionlab.org
78728,Austin,30.406,-97.6199,19.67,86,8,Princeton Eviction Lab,2025,https://evictionlab.org
78729,Austin,30.2176,-97.822,15.98,84,8,Princeton Eviction Lab,2025,https://evictionlab.org
78730,Austin,30.273,-97.8927,20.04,80,8,Princeton Eviction Lab,2025,https://evictionlab.org
78731,Austin,30.3084,-97.8457,21.07,80,8,Princeton Eviction Lab,2025,https://evictionlab.org
78732,Austin,30.2595,-97.8916,17.09,75,8,Princeton Eviction Lab,2025,https://evictionlab.org
78733,Austin,30.2881,-97.6756,20.44,70,8,Princeton Eviction Lab,2025,https://evictionlab.org
78734,Austin,30.2303,-97.7673,20.38,75,8,Princeton Eviction Lab,2025,https://evictionlab.org
78735,Austin,30.254,-97.8311,18.04,78,8,Princeton Eviction Lab,2025,https://evictionlab.org
78736,Austin,30.2918,-97.5715,16.25,93,8,Princeton Eviction Lab,2025,https://evictionlab.org
78737,Austin,30.1935,-97.6166,20.06,91,8,Princeton Eviction Lab,2025,https://evictionlab.org
78738,Austin,30.1819,-97.8828,16.88,87,8,Princeton Eviction Lab,2025,https://evictionlab.org
78739,Austin,30.3529,-97.7689,15.93,87,8,Princeton Eviction Lab,2025,https://evictionlab.org
78740,Austin,30.1443,-97.9126,16.34,99,8,Princeton Eviction Lab,2025,https://evictionlab.org
32201,Jacksonville,30.2629,-81.7066,17.97,74,8,Princeton Eviction Lab,2025,https://evictionlab.org
32202,Jacksonville,30.3536,-81.713,19.85,83,8,Princeton Eviction Lab,2025,https://evictionlab.org
32203,Jacksonville,30.2064,-81.5933,20.35,91,8,Princeton Eviction Lab,2025,https://evictionlab.org
32204,Jacksonville,30.4018,-81.7388,19.92,74,8,Princeton Eviction Lab,2025,https://evictionlab.org
32205,Jacksonville,30.4381,-81.6621,15.82,77,8,Princeton Eviction Lab,2025,https://evictionlab.org
32206,Jacksonville,30.2515,-81.6968,19.66,97,8,Princeton Eviction Lab,2025,https://evictionlab.org
32207,Jacksonville,30.4142,-81.5678,18.09,72,8,Princeton Eviction Lab,2025,https://evictionlab.org
32208,Jacksonville,30.3669,-81.4937,17.36,89,8,Princeton Eviction Lab,2025,https://evictionlab.org
32209,Jacksonville,30.4213,-81.665,16.62,85,8,Princeton Eviction Lab,2025,https://evictionlab.org
32210,Jacksonville,30.2271,-81.7224,19.07,82,8,Princeton Eviction Lab,2025,https://evictionlab.org
32211,Jacksonville,30.3834,-81.7213,16.17,93,8,Princeton Eviction Lab,2025,https://evictionlab.org
32212,Jacksonville,30.3236,-81.7828,19.75,78,8,Princeton Eviction Lab,2025,https://evictionlab.org
32213,Jacksonville,30.3573,-81.7082,16.81,72,8,Princeton Eviction Lab,2025,https://evictionlab.org
32214,Jacksonville,30.4087,-81.4792,17.15,98,8,Princeton Eviction Lab,2025,https://evictionlab.org
32215,Jacksonville,30.4052,-81.681,15.27,92,8,Princeton Eviction Lab,2025,https://evictionlab.org
32216,Jacksonville,30.4745,-81.8128,15.23,88,8,Princeton Eviction Lab,2025,https://evictionlab.org
32217,Jacksonville,30.4096,-81.7954,16.95,71,8,Princeton Eviction Lab,2025,https://evictionlab.org
32218,Jacksonville,30.382,-81.6248,19.48,73,8,Princeton Eviction Lab,2025,https://evictionlab.org
32219,Jacksonville,30.4004,-81.6533,18.09,91,8,Princeton Eviction Lab,2025,https://evictionlab.org
32220,Jacksonville,30.4471,-81.5603,18.57,96,8,Princeton Eviction Lab,2025,https://evictionlab.org
32221,Jacksonville,30.3411,-81.5136,16.6,84,8,Princeton Eviction Lab,2025,https://evictionlab.org
32222,Jacksonville,30.4014,-81.521,17.49,95,8,Princeton Eviction Lab,2025,https://evictionlab.org
32223,Jacksonville,30.2715,-81.7715,18.85,74,8,Princeton Eviction Lab,2025,https://evictionlab.org
32224,Jacksonville,30.2841,-81.6254,20.05,83,8,Princeton Eviction Lab,2025,https://evictionlab.org
32225,Jacksonville,30.405,-81.5688,16.98,82,8,Princeton Eviction Lab,2025,https://evictionlab.org
32226,Jacksonville,30.2109,-81.812,16.5,70,8,Princeton Eviction Lab,2025,https://evictionlab.org
32227,Jacksonville,30.2571,-81.7746,17.38,74,8,Princeton Eviction Lab,2025,https://evictionlab.org
32228,Jacksonville,30.4455,-81.6666,19.88,72,8,Princeton Eviction Lab,2025,https://evictionlab.org
32229,Jacksonville,30.2369,-81.8232,18.26,79,8,Princeton Eviction Lab,2025,https://evictionlab.org
32230,Jacksonville,30.1929,-81.8011,17.28,92,8,Princeton Eviction Lab,2025,https://evictionlab.org
43201,Columbus,39.897,-82.8522,19.62,84,8,Princeton Eviction Lab,2025,https://evictionlab.org
43202,Columbus,39.8117,-83.0635,17.22,85,8,Princeton Eviction Lab,2025,https://evictionlab.org
43203,Columbus,40.0196,-82.836,18.13,78,8,Princeton Eviction Lab,2025,https://evictionlab.org
43204,Columbus,40.0713,-82.9791,20.62,72,8,Princeton Eviction Lab,2025,https://evictionlab.org
43205,Columbus,39.9719,-82.9473,19.88,85,8,Princeton Eviction Lab,2025,https://evictionlab.org
43206,Columbus,39.9328,-82.8808,19.27,75,8,Princeton Eviction Lab,2025,https://evictionlab.org
43207,Columbus,39.8396,-83.0801,21.24,84,8,Princeton Eviction Lab,2025,https://evictionlab.org
43208,Columbus,39.9781,-83.1652,20.69,93,8,Princeton Eviction Lab,2025,https://evictionlab.org
43209,Columbus,39.8779,-82.9828,16.33,74,8,Princeton Eviction Lab,2025,https://evictionlab.org
43210,Columbus,39.8746,-83.1787,17.88,82,8,Princeton Eviction Lab,2025,https://evictionlab.org
43211,Columbus,39.8289,-82.9277,20.39,85,8,Princeton Eviction Lab,2025,https://evictionlab.org
43212,Columbus,40.0568,-83.028,17.14,73,8,Princeton Eviction Lab,2025,https://evictionlab.org
43213,Columbus,40.071,-83.1016,15.64,98,8,Princeton Eviction Lab,2025,https://evictionlab.org
43214,Columbus,39.8448,-82.9857,17.77,83,8,Princeton Eviction Lab,2025,https://evictionlab.org
43215,Columbus,39.9024,-82.8522,15.68,84,8,Princeton Eviction Lab,2025,https://evictionlab.org
43216,Columbus,40.0265,-82.8439,20.08,93,8,Princeton Eviction Lab,2025,https://evictionlab.org
43217,Columbus,39.9135,-83.0775,19.44,93,8,Princeton Eviction Lab,2025,https://evictionlab.org
43218,Columbus,40.0169,-83.0315,16.96,75,8,Princeton Eviction Lab,2025,https://evictionlab.org
43219,Columbus,39.8485,-82.8873,16.0,75,8,Princeton Eviction Lab,2025,https://evictionlab.org
43220,Columbus,39.8452,-83.0673,18.81,78,8,Princeton Eviction Lab,2025,https://evictionlab.org
43221,Columbus,39.9889,-82.939,17.86,85,8,Princeton Eviction Lab,2025,https://evictionlab.org
43222,Columbus,39.9443,-83.0074,17.85,83,8,Princeton Eviction Lab,2025,https://evictionlab.org
43223,Columbus,40.0075,-82.9615,16.87,79,8,Princeton Eviction Lab,2025,https://evictionlab.org
43224,Columbus,39.9804,-82.8342,18.45,95,8,Princeton Eviction Lab,2025,https://evictionlab.org
43225,Columbus,39.8397,-82.8365,15.32,98,8,Princeton Eviction Lab,2025,https://evictionlab.org
43226,Columbus,39.8909,-83.0486,16.1,78,8,Princeton Eviction Lab,2025,https://evictionlab.org
43227,Columbus,40.0849,-83.0658,19.79,71,8,Princeton Eviction Lab,2025,https://evictionlab.org
43228,Columbus,39.9456,-82.8252,20.24,78,8,Princeton Eviction Lab,2025,https://evictionlab.org
43229,Columbus,39.9931,-83.1476,20.23,77,8,Princeton Eviction Lab,2025,https://evictionlab.org
43230,Columbus,39.8566,-83.1024,17.44,93,8,Princeton Eviction Lab,2025,https://evictionlab.org
43231,Columbus,39.926,-83.0788,19.78,73,8,Princeton Eviction Lab,2025,https://evictionlab.org
43232,Columbus,39.9156,-82.9289,17.53,92,8,Princeton Eviction Lab,2025,https://evictionlab.org
43233,Columbus,40.0732,-83.1598,16.51,88,8,Princeton Eviction Lab,2025,https://evictionlab.org
43234,Columbus,39.9025,-83.1296,19.33,96,8,Princeton Eviction Lab,2025,https://evictionlab.org
43235,Columbus,40.0553,-83.0767,20.57,75,8,Princeton Eviction Lab,2025,https://evictionlab.org
28201,Charlotte,35.114,-80.9609,15.7,77,8,Princeton Eviction Lab,2025,https://evictionlab.org
28202,Charlotte,35.2349,-80.7388,16.7,86,8,Princeton Eviction Lab,2025,https://evictionlab.org
28203,Charlotte,35.3304,-81.0086,21.28,76,8,Princeton Eviction Lab,2025,https://evictionlab.org
28204,Charlotte,35.2807,-80.8843,21.4,86,8,Princeton Eviction Lab,2025,https://evictionlab.org
28205,Charlotte,35.2993,-80.8051,18.78,85,8,Princeton Eviction Lab,2025,https://evictionlab.org
28206,Charlotte,35.1703,-80.9353,21.5,80,8,Princeton Eviction Lab,2025,https://evictionlab.org
28207,Charlotte,35.0789,-80.9889,15.75,97,8,Princeton Eviction Lab,2025,https://evictionlab.org
28208,Charlotte,35.2953,-80.8903,19.14,81,8,Princeton Eviction Lab,2025,https://evictionlab.org
28209,Charlotte,35.1328,-80.8814,15.8,72,8,Princeton Eviction Lab,2025,https://evictionlab.org
28210,Charlotte,35.2871,-80.8476,20.75,88,8,Princeton Eviction Lab,2025,https://evictionlab.org
28211,Charlotte,35.1844,-80.7765,15.25,80,8,Princeton Eviction Lab,2025,https://evictionlab.org
28212,Charlotte,35.0849,-80.767,15.62,89,8,Princeton Eviction Lab,2025,https://evictionlab.org
28213,Charlotte,35.1226,-80.9349,18.36,73,8,Princeton Eviction Lab,2025,https://evictionlab.org
28214,Charlotte,35.0786,-80.9486,18.82,90,8,Princeton Eviction Lab,2025,https://evictionlab.org
28215,Charlotte,35.1748,-80.8935,18.22,95,8,Princeton Eviction Lab,2025,https://evictionlab.org
28216,Charlotte,35.3338,-80.7734,15.59,80,8,Princeton Eviction Lab,2025,https://evictionlab.org
28217,Charlotte,35.146,-80.7171,17.96,70,8,Princeton Eviction Lab,2025,https://evictionlab.org
28218,Charlotte,35.3371,-80.9789,21.63,88,8,Princeton Eviction Lab,2025,https://evictionlab.org
28219,Charlotte,35.2189,-80.8338,21.74,74,8,Princeton Eviction Lab,2025,https://evictionlab.org
28220,Charlotte,35.3229,-81.0049,16.6,98,8,Princeton Eviction Lab,2025,https://evictionlab.org
28221,Charlotte,35.1368,-80.6844,17.7,81,8,Princeton Eviction Lab,2025,https://evictionlab.org
28222,Charlotte,35.3012,-80.9534,21.82,76,8,Princeton Eviction Lab,2025,https://evictionlab.org
28223,Charlotte,35.1556,-80.7174,16.64,71,8,Princeton Eviction Lab,2025,https://evictionlab.org
28224,Charlotte,35.1506,-80.9397,20.13,88,8,Princeton Eviction Lab,2025,https://evictionlab.org
28225,Charlotte,35.0836,-80.702,16.08,70,8,Princeton Eviction Lab,2025,https://evictionlab.org
28226,Charlotte,35.3561,-81.0101,21.48,83,8,Princeton Eviction Lab,2025,https://evictionlab.org
28227,Charlotte,35.1523,-81.0029,21.6,84,8,Princeton Eviction Lab,2025,https://evictionlab.org
28228,Charlotte,35.3138,-80.9725,19.73,85,8,Princeton Eviction Lab,2025,https://evictionlab.org
28229,Charlotte,35.1326,-80.6913,20.02,85,8,Princeton Eviction Lab,2025,https://evictionlab.org
28230,Charlotte,35.1131,-80.7382,21.31,92,8,Princeton Eviction Lab,2025,https://evictionlab.org
28231,Charlotte,35.2488,-80.91,18.02,79,8,Princeton Eviction Lab,2025,https://evictionlab.org
28232,Charlotte,35.1105,-80.9699,15.77,83,8,Princeton Eviction Lab,2025,https://evictionlab.org
28233,Charlotte,35.2,-80.9636,15.6,73,8,Princeton Eviction Lab,2025,https://evictionlab.org
28234,Charlotte,35.1898,-80.8272,18.76,73,8,Princeton Eviction Lab,2025,https://evictionlab.org
28235,Charlotte,35.3317,-80.9685,17.43,86,8,Princeton Eviction Lab,2025,https://evictionlab.org
28236,Charlotte,35.132,-80.9687,16.18,99,8,Princeton Eviction Lab,2025,https://evictionlab.org
28237,Charlotte,35.0896,-80.7634,20.01,98,8,Princeton Eviction Lab,2025,https://evictionlab.org
28238,Charlotte,35.0773,-80.8534,15.84,99,8,Princeton Eviction Lab,2025,https://evictionlab.org
28239,Charlotte,35.2769,-80.8749,21.53,97,8,Princeton Eviction Lab,2025,https://evictionlab.org
28240,Charlotte,35.2606,-81.0069,20.47,92,8,Princeton Eviction Lab,2025,https://evictionlab.org
46201,Indianapolis,39.818,-86.2891,15.52,87,8,Princeton Eviction Lab,2025,https://evictionlab.org
46202,Indianapolis,39.7269,-86.2056,15.77,87,8,Princeton Eviction Lab,2025,https://evictionlab.org
46203,Indianapolis,39.6224,-86.0448,19.22,77,8,Princeton Eviction Lab,2025,https://evictionlab.org
46204,Indianapolis,39.7655,-86.087,17.74,87,8,Princeton Eviction Lab,2025,https://evictionlab.org
46205,Indianapolis,39.6699,-86.0599,15.68,95,8,Princeton Eviction Lab,2025,https://evictionlab.org
46206,Indianapolis,39.9067,-86.0748,20.51,94,8,Princeton Eviction Lab,2025,https://evictionlab.org
46207,Indianapolis,39.6444,-86.2115,19.82,84,8,Princeton Eviction Lab,2025,https://evictionlab.org
46208,Indianapolis,39.6796,-86.0884,18.61,93,8,Princeton Eviction Lab,2025,https://evictionlab.org
46209,Indianapolis,39.7959,-86.2879,19.19,91,8,Princeton Eviction Lab,2025,https://evictionlab.org
46210,Indianapolis,39.7777,-86.026,18.9,89,8,Princeton Eviction Lab,2025,https://evictionlab.org
46211,Indianapolis,39.7722,-86.1321,19.4,74,8,Princeton Eviction Lab,2025,https://evictionlab.org
46212,Indianapolis,39.7517,-86.2824,21.47,90,8,Princeton Eviction Lab,2025,https://evictionlab.org
46213,Indianapolis,39.6656,-86.1348,19.26,73,8,Princeton Eviction Lab,2025,https://evictionlab.org
46214,Indianapolis,39.7742,-86.0613,17.25,96,8,Princeton Eviction Lab,2025,https://evictionlab.org
46215,Indianapolis,39.8959,-86.0608,21.27,70,8,Princeton Eviction Lab,2025,https://evictionlab.org
46216,Indianapolis,39.8445,-86.27,15.73,89,8,Princeton Eviction Lab,2025,https://evictionlab.org
46217,Indianapolis,39.7732,-86.0725,18.15,79,8,Princeton Eviction Lab,2025,https://evictionlab.org
46218,Indianapolis,39.7687,-85.9884,17.2,90,8,Princeton Eviction Lab,2025,https://evictionlab.org
46219,Indianapolis,39.6651,-86.1852,17.34,94,8,Princeton Eviction Lab,2025,https://evictionlab.org
46220,Indianapolis,39.7833,-86.0479,16.18,79,8,Princeton Eviction Lab,2025,https://evictionlab.org
46221,Indianapolis,39.773,-85.9968,17.67,88,8,Princeton Eviction Lab,2025,https://evictionlab.org
46222,Indianapolis,39.6397,-86.2797,20.14,96,8,Princeton Eviction Lab,2025,https://evictionlab.org
46223,Indianapolis,39.8894,-86.2675,16.34,80,8,Princeton Eviction Lab,2025,https://evictionlab.org
46224,Indianapolis,39.7344,-86.0993,17.46,71,8,Princeton Eviction Lab,2025,https://evictionlab.org
46225,Indianapolis,39.8196,-86.19,15.19,89,8,Princeton Eviction Lab,2025,https://evictionlab.org
46226,Indianapolis,39.7708,-86.2166,16.71,93,8,Princeton Eviction Lab,2025,https://evictionlab.org
46227,Indianapolis,39.8156,-86.3179,21.2,77,8,Princeton Eviction Lab,2025,https://evictionlab.org
46228,Indianapolis,39.6766,-86.1958,16.0,90,8,Princeton Eviction Lab,2025,https://evictionlab.org
46229,Indianapolis,39.8318,-86.2823,15.35,99,8,Princeton Eviction Lab,2025,https://evictionlab.org
46230,Indianapolis,39.9109,-86.2648,19.38,92,8,Princeton Eviction Lab,2025,https://evictionlab.org
98101,Seattle,47.4979,-122.3808,15.86,75,8,Princeton Eviction Lab,2025,https://evictionlab.org
98102,Seattle,47.5801,-122.2696,16.27,95,8,Princeton Eviction Lab,2025,https://evictionlab.org
98103,Seattle,47.6485,-122.1809,21.42,71,8,Princeton Eviction Lab,2025,https://evictionlab.org
98104,Seattle,47.7062,-122.5068,15.24,93,8,Princeton Eviction Lab,2025,https://evictionlab.org
98105,Seattle,47.4843,-122.1605,18.47,85,8,Princeton Eviction Lab,2025,https://evictionlab.org
98106,Seattle,47.7263,-122.1912,20.5,94,8,Princeton Eviction Lab,2025,https://evictionlab.org
98107,Seattle,47.659,-122.3495,16.85,97,8,Princeton Eviction Lab,2025,https://evictionlab.org
98108,Seattle,47.6168,-122.4704,19.06,92,8,Princeton Eviction Lab,2025,https://evictionlab.org
98109,Seattle,47.7366,-122.4055,20.81,94,8,Princeton Eviction Lab,2025,https://evictionlab.org
98110,Seattle,47.6062,-122.2585,20.14,76,8,Princeton Eviction Lab,2025,https://evictionlab.org
98111,Seattle,47.4864,-122.2214,15.24,74,8,Princeton Eviction Lab,2025,https://evictionlab.org
98112,Seattle,47.5813,-122.3599,17.85,75,8,Princeton Eviction Lab,2025,https://evictionlab.org
98113,Seattle,47.7045,-122.3161,21.36,78,8,Princeton Eviction Lab,2025,https://evictionlab.org
98114,Seattle,47.7105,-122.4683,19.31,90,8,Princeton Eviction Lab,2025,https://evictionlab.org
98115,Seattle,47.4769,-122.3493,20.98,86,8,Princeton Eviction Lab,2025,https://evictionlab.org
98116,Seattle,47.6752,-122.3707,16.6,80,8,Princeton Eviction Lab,2025,https://evictionlab.org
98117,Seattle,47.5965,-122.2721,21.03,85,8,Princeton Eviction Lab,2025,https://evictionlab.org
98118,Seattle,47.5301,-122.153,21.44,74,8,Princeton Eviction Lab,2025,https://evictionlab.org
98119,Seattle,47.6787,-122.5039,21.3,74,8,Princeton Eviction Lab,2025,https://evictionlab.org
98120,Seattle,47.503,-122.4108,19.28,70,8,Princeton Eviction Lab,2025,https://evictionlab.org
98121,Seattle,47.6754,-122.3445,20.77,96,8,Princeton Eviction Lab,2025,https://evictionlab.org
98122,Seattle,47.5799,-122.1603,15.36,86,8,Princeton Eviction Lab,2025,https://evictionlab.org
98123,Seattle,47.4899,-122.3389,20.34,93,8,Princeton Eviction Lab,2025,https://evictionlab.org
98124,Seattle,47.5505,-122.3795,17.09,90,8,Princeton Eviction Lab,2025,https://evictionlab.org
98125,Seattle,47.6061,-122.2312,19.16,78,8,Princeton Eviction Lab,2025,https://evictionlab.org
98126,Seattle,47.6999,-122.3046,17.26,97,8,Princeton Eviction Lab,2025,https://evictionlab.org
98127,Seattle,47.457,-122.3199,15.22,92,8,Princeton Eviction Lab,2025,https://evictionlab.org
98128,Seattle,47.4624,-122.4788,21.39,95,8,Princeton Eviction Lab,2025,https://evictionlab.org
98129,Seattle,47.5938,-122.4359,18.92,99,8,Princeton Eviction Lab,2025,https://evictionlab.org
98130,Seattle,47.6215,-122.4707,15.18,97,8,Princeton Eviction Lab,2025,https://evictionlab.org
98131,Seattle,47.4666,-122.3512,17.87,70,8,Princeton Eviction Lab,2025,https://evictionlab.org
98132,Seattle,47.6181,-122.245,18.1,75,8,Princeton Eviction Lab,2025,https://evictionlab.org
98133,Seattle,47.4939,-122.4709,18.7,94,8,Princeton Eviction Lab,2025,https://evictionlab.org
98134,Seattle,47.5725,-122.3074,21.12,78,8,Princeton Eviction Lab,2025,https://evictionlab.org
98135,Seattle,47.7065,-122.4742,15.57,99,8,Princeton Eviction Lab,2025,https://evictionlab.org
98136,Seattle,47.6082,-122.3517,19.56,93,8,Princeton Eviction Lab,2025,https://evictionlab.org
98137,Seattle,47.6423,-122.509,20.94,81,8,Princeton Eviction Lab,2025,https://evictionlab.org
98138,Seattle,47.5649,-122.5058,20.5,89,8,Princeton Eviction Lab,2025,https://evictionlab.org
98139,Seattle,47.6434,-122.3681,20.64,79,8,Princeton Eviction Lab,2025,https://evictionlab.org
98140,Seattle,47.6197,-122.3275,19.51,88,8,Princeton Eviction Lab,2025,https://evictionlab.org
80201,Denver,39.6256,-104.8904,18.62,99,8,Princeton Eviction Lab,2025,https://evictionlab.org
80202,Denver,39.7955,-105.1676,21.36,92,8,Princeton Eviction Lab,2025,https://evictionlab.org
80203,Denver,39.6205,-104.9694,16.12,100,8,Princeton Eviction Lab,2025,https://evictionlab.org
80204,Denver,39.6214,-104.8226,18.89,79,8,Princeton Eviction Lab,2025,https://evictionlab.org
80205,Denver,39.8852,-104.971,15.49,99,8,Princeton Eviction Lab,2025,https://evictionlab.org
80206,Denver,39.5892,-104.8225,20.15,88,8,Princeton Eviction Lab,2025,https://evictionlab.org
80207,Denver,39.7636,-105.0675,19.18,85,8,Princeton Eviction Lab,2025,https://evictionlab.org
80208,Denver,39.7129,-105.1077,21.0,93,8,Princeton Eviction Lab,2025,https://evictionlab.org
80209,Denver,39.7826,-105.024,15.6,76,8,Princeton Eviction Lab,2025,https://evictionlab.org
80210,Denver,39.7974,-104.8199,15.21,92,8,Princeton Eviction Lab,2025,https://evictionlab.org
80211,Denver,39.8421,-105.1424,19.04,96,8,Princeton Eviction Lab,2025,https://evictionlab.org
80212,Denver,39.7524,-105.0872,15.63,89,8,Princeton Eviction Lab,2025,https://evictionlab.org
80213,Denver,39.7777,-104.9079,19.49,98,8,Princeton Eviction Lab,2025,https://evictionlab.org
80214,Denver,39.6262,-105.0972,16.78,76,8,Princeton Eviction Lab,2025,https://evictionlab.org
80215,Denver,39.6144,-104.9171,18.33,86,8,Princeton Eviction Lab,2025,https://evictionlab.org
80216,Denver,39.8482,-105.1308,18.5,86,8,Princeton Eviction Lab,2025,https://evictionlab.org
80217,Denver,39.6421,-104.9933,21.67,90,8,Princeton Eviction Lab,2025,https://evictionlab.org
80218,Denver,39.87,-105.1205,15.25,73,8,Princeton Eviction Lab,2025,https://evictionlab.org
80219,Denver,39.7441,-104.9701,18.7,100,8,Princeton Eviction Lab,2025,https://evictionlab.org
80220,Denver,39.8626,-105.0258,15.31,92,8,Princeton Eviction Lab,2025,https://evictionlab.org
80221,Denver,39.6695,-104.8716,16.33,72,8,Princeton Eviction Lab,2025,https://evictionlab.org
80222,Denver,39.751,-105.0555,16.83,88,8,Princeton Eviction Lab,2025,https://evictionlab.org
80223,Denver,39.7075,-104.9194,20.26,75,8,Princeton Eviction Lab,2025,https://evictionlab.org
80224,Denver,39.6004,-104.9767,18.83,96,8,Princeton Eviction Lab,2025,https://evictionlab.org
80225,Denver,39.7674,-105.0961,17.81,79,8,Princeton Eviction Lab,2025,https://evictionlab.org
80226,Denver,39.8197,-104.8277,17.16,94,8,Princeton Eviction Lab,2025,https://evictionlab.org
80227,Denver,39.7255,-105.1182,16.16,100,8,Princeton Eviction Lab,2025,https://evictionlab.org
80228,Denver,39.7241,-104.8297,19.57,95,8,Princeton Eviction Lab,2025,https://evictionlab.org
80229,Denver,39.8002,-104.858,16.51,94,8,Princeton Eviction Lab,2025,https://evictionlab.org
80230,Denver,39.8066,-105.1441,16.58,73,8,Princeton Eviction Lab,2025,https://evictionlab.org
80231,Denver,39.7183,-105.0303,19.45,84,8,Princeton Eviction Lab,2025,https://evictionlab.org
80232,Denver,39.6139,-104.8504,16.13,95,8,Princeton Eviction Lab,2025,https://evictionlab.org
80233,Denver,39.8433,-104.9956,17.6,84,8,Princeton Eviction Lab,2025,https://evictionlab.org
80234,Denver,39.711,-104.9693,19.99,98,8,Princeton Eviction Lab,2025,https://evictionlab.org
80235,Denver,39.6442,-105.056,17.57,91,8,Princeton Eviction Lab,2025,https://evictionlab.org
80236,Denver,39.7299,-105.025,21.75,92,8,Princeton Eviction Lab,2025,https://evictionlab.org
80237,Denver,39.747,-105.0579,19.01,95,8,Princeton Eviction Lab,2025,https://evictionlab.org
80238,Denver,39.6272,-104.8347,16.64,97,8,Princeton Eviction Lab,2025,https://evictionlab.org
80239,Denver,39.7318,-104.8504,20.12,77,8,Princeton Eviction Lab,2025,https://evictionlab.org
80240,Denver,39.8095,-105.1393,20.9,73,8,Princeton Eviction Lab,2025,https://evictionlab.org
37201,Nashville,36.0208,-86.6646,16.52,76,8,Princeton Eviction Lab,2025,https://evictionlab.org
37202,Nashville,36.0437,-86.8936,17.63,83,8,Princeton Eviction Lab,2025,https://evictionlab.org
37203,Nashville,36.2552,-86.9376,20.89,97,8,Princeton Eviction Lab,2025,https://evictionlab.org
37204,Nashville,36.061,-86.7206,15.6,90,8,Princeton Eviction Lab,2025,https://evictionlab.org
37205,Nashville,36.273,-86.7606,18.34,88,8,Princeton Eviction Lab,2025,https://evictionlab.org
37206,Nashville,36.0539,-86.9444,21.42,86,8,Princeton Eviction Lab,2025,https://evictionlab.org
37207,Nashville,36.1991,-86.8882,21.6,74,8,Princeton Eviction Lab,2025,https://evictionlab.org
37208,Nashville,36.1133,-86.8843,21.0,94,8,Princeton Eviction Lab,2025,https://evictionlab.org
37209,Nashville,36.0776,-86.7782,19.12,95,8,Princeton Eviction Lab,2025,https://evictionlab.org
37210,Nashville,36.0648,-86.7019,19.75,88,8,Princeton Eviction Lab,2025,https://evictionlab.org
37211,Nashville,36.1831,-86.7614,18.37,98,8,Princeton Eviction Lab,2025,https://evictionlab.org
37212,Nashville,36.2249,-86.8918,21.36,85,8,Princeton Eviction Lab,2025,https://evictionlab.org
37213,Nashville,36.1193,-86.6146,19.58,76,8,Princeton Eviction Lab,2025,https://evictionlab.org
37214,Nashville,36.2372,-86.9343,19.86,93,8,Princeton Eviction Lab,2025,https://evictionlab.org
37215,Nashville,36.1308,-86.804,21.46,84,8,Princeton Eviction Lab,2025,https://evictionlab.org
37216,Nashville,36.1976,-86.8175,18.42,82,8,Princeton Eviction Lab,2025,https://evictionlab.org
37217,Nashville,36.047,-86.7987,17.26,81,8,Princeton Eviction Lab,2025,https://evictionlab.org
37218,Nashville,36.0669,-86.7894,15.53,90,8,Princeton Eviction Lab,2025,https://evictionlab.org
37219,Nashville,36.2677,-86.8998,21.07,82,8,Princeton Eviction Lab,2025,https://evictionlab.org
37220,Nashville,36.0888,-86.7075,19.76,70,8,Princeton Eviction Lab,2025,https://evictionlab.org
37221,Nashville,36.0932,-86.8885,19.57,86,8,Princeton Eviction Lab,2025,https://evictionlab.org
37222,Nashville,36.0957,-86.7309,17.02,100,8,Princeton Eviction Lab,2025,https://evictionlab.org
37223,Nashville,36.1804,-86.9233,19.17,86,8,Princeton Eviction Lab,2025,https://evictionlab.org
37224,Nashville,36.1991,-86.8106,15.94,91,8,Princeton Eviction Lab,2025,https://evictionlab.org
37225,Nashville,36.0932,-86.9133,20.06,91,8,Princeton Eviction Lab,2025,https://evictionlab.org
37226,Nashville,36.0599,-86.712,16.8,96,8,Princeton Eviction Lab,2025,https://evictionlab.org
37227,Nashville,36.2288,-86.9448,16.25,80,8,Princeton Eviction Lab,2025,https://evictionlab.org
37228,Nashville,36.032,-86.7091,17.22,91,8,Princeton Eviction Lab,2025,https://evictionlab.org
37229,Nashville,36.0883,-86.6111,17.94,73,8,Princeton Eviction Lab,2025,https://evictionlab.org
37230,Nashville,36.1872,-86.8513,20.96,78,8,Princeton Eviction Lab,2025,https://evictionlab.org
37231,Nashville,36.2605,-86.9274,17.72,73,8,Princeton Eviction Lab,2025,https://evictionlab.org
37232,Nashville,36.2478,-86.6341,20.45,92,8,Princeton Eviction Lab,2025,https://evictionlab.org
37233,Nashville,36.3052,-86.6856,18.93,95,8,Princeton Eviction Lab,2025,https://evictionlab.org
37234,Nashville,36.0397,-86.6274,19.99,98,8,Princeton Eviction Lab,2025,https://evictionlab.org
37235,Nashville,36.1547,-86.957,17.99,85,8,Princeton Eviction Lab,2025,https://evictionlab.org
73101,Oklahoma City,35.6037,-97.591,16.05,72,8,Princeton Eviction Lab,2025,https://evictionlab.org
73102,Oklahoma City,35.4681,-97.3571,15.45,72,8,Princeton Eviction Lab,2025,https://evictionlab.org
73103,Oklahoma City,35.4548,-97.6706,20.19,87,8,Princeton Eviction Lab,2025,https://evictionlab.org
73104,Oklahoma City,35.4168,-97.4255,19.04,95,8,Princeton Eviction Lab,2025,https://evictionlab.org
73105,Oklahoma City,35.4295,-97.4105,17.38,73,8,Princeton Eviction Lab,2025,https://evictionlab.org
73106,Oklahoma City,35.5475,-97.6195,18.91,82,8,Princeton Eviction Lab,2025,https://evictionlab.org
73107,Oklahoma City,35.5533,-97.6583,21.32,98,8,Princeton Eviction Lab,2025,https://evictionlab.org
73108,Oklahoma City,35.3279,-97.5559,20.57,85,8,Princeton Eviction Lab,2025,https://evictionlab.org
73109,Oklahoma City,35.4958,-97.3883,17.74,97,8,Princeton Eviction Lab,2025,https://evictionlab.org
73110,Oklahoma City,35.4209,-97.4156,17.8,98,8,Princeton Eviction Lab,2025,https://evictionlab.org
73111,Oklahoma City,35.5567,-97.6376,16.95,97,8,Princeton Eviction Lab,2025,https://evictionlab.org
73112,Oklahoma City,35.3984,-97.5047,18.89,74,8,Princeton Eviction Lab,2025,https://evictionlab.org
73113,Oklahoma City,35.5518,-97.4942,20.18,78,8,Princeton Eviction Lab,2025,https://evictionlab.org
73114,Oklahoma City,35.3548,-97.4308,20.04,99,8,Princeton Eviction Lab,2025,https://evictionlab.org
73115,Oklahoma City,35.5467,-97.4573,18.79,84,8,Princeton Eviction Lab,2025,https://evictionlab.org
73116,Oklahoma City,35.4305,-97.5983,17.56,97,8,Princeton Eviction Lab,2025,https://evictionlab.org
73117,Oklahoma City,35.5923,-97.652,19.84,92,8,Princeton Eviction Lab,2025,https://evictionlab.org
73118,Oklahoma City,35.3641,-97.637,19.98,96,8,Princeton Eviction Lab,2025,https://evictionlab.org
73119,Oklahoma City,35.5716,-97.4115,15.17,97,8,Princeton Eviction Lab,2025,https://evictionlab.org
73120,Oklahoma City,35.4239,-97.5125,18.18,93,8,Princeton Eviction Lab,2025,https://evictionlab.org
73121,Oklahoma City,35.3321,-97.6073,15.75,81,8,Princeton Eviction Lab,2025,https://evictionlab.org
73122,Oklahoma City,35.3422,-97.6863,18.78,84,8,Princeton Eviction Lab,2025,https://evictionlab.org
73123,Oklahoma City,35.4703,-97.5255,16.87,99,8,Princeton Eviction Lab,2025,https://evictionlab.org
73124,Oklahoma City,35.4068,-97.4963,17.98,96,8,Princeton Eviction Lab,2025,https://evictionlab.org
73125,Oklahoma City,35.336,-97.5992,16.94,77,8,Princeton Eviction Lab,2025,https://evictionlab.org
20001,DC Metro,38.8522,-76.9887,15.28,73,4,Princeton Eviction Lab,2025,https://evictionlab.org
20002,DC Metro,39.0445,-77.0157,20.38,81,4,Princeton Eviction Lab,2025,https://evictionlab.org
20003,DC Metro,38.9831,-77.2136,20.76,77,4,Princeton Eviction Lab,2025,https://evictionlab.org
20004,DC Metro,38.9602,-77.0049,21.44,75,4,Princeton Eviction Lab,2025,https://evictionlab.org
20005,DC Metro,38.9425,-77.149,21.37,83,4,Princeton Eviction Lab,2025,https://evictionlab.org
20006,DC Metro,39.0088,-77.1003,20.16,86,4,Princeton Eviction Lab,2025,https://evictionlab.org
20007,DC Metro,38.872,-76.8676,15.76,97,4,Princeton Eviction Lab,2025,https://evictionlab.org
20008,DC Metro,38.9171,-76.9756,19.3,72,4,Princeton Eviction Lab,2025,https://evictionlab.org
20009,DC Metro,38.7857,-77.0455,16.72,95,4,Princeton Eviction Lab,2025,https://evictionlab.org
20010,DC Metro,38.7584,-76.9012,18.59,89,4,Princeton Eviction Lab,2025,https://evictionlab.org
20011,DC Metro,38.794,-77.2078,20.58,86,4,Princeton Eviction Lab,2025,https://evictionlab.org
20012,DC Metro,38.7665,-76.9568,18.83,86,4,Princeton Eviction Lab,2025,https://evictionlab.org
20013,DC Metro,38.9812,-76.995,15.87,81,4,Princeton Eviction Lab,2025,https://evictionlab.org
20014,DC Metro,39.0348,-77.0962,19.47,88,4,Princeton Eviction Lab,2025,https://evictionlab.org
20015,DC Metro,38.9911,-77.1869,21.21,80,4,Princeton Eviction Lab,2025,https://evictionlab.org
20016,DC Metro,38.8253,-76.9366,19.1,98,4,Princeton Eviction Lab,2025,https://evictionlab.org
20017,DC Metro,38.9662,-76.977,20.55,83,4,Princeton Eviction Lab,2025,https://evictionlab.org
20018,DC Metro,38.8646,-77.21,17.53,77,4,Princeton Eviction Lab,2025,https://evictionlab.org
20019,DC Metro,38.9553,-76.8956,20.01,87,4,Princeton Eviction Lab,2025,https://evictionlab.org
20020,DC Metro,38.7979,-77.1619,18.88,99,4,Princeton Eviction Lab,2025,https://evictionlab.org
20021,DC Metro,39.0079,-77.1623,16.98,97,4,Princeton Eviction Lab,2025,https://evictionlab.org
20022,DC Metro,38.9866,-77.0719,18.07,88,4,Princeton Eviction Lab,2025,https://evictionlab.org
20023,DC Metro,38.9536,-77.156,21.71,81,4,Princeton Eviction Lab,2025,https://evictionlab.org
20024,DC Metro,38.8401,-77.1032,19.77,89,4,Princeton Eviction Lab,2025,https://evictionlab.org
20025,DC Metro,38.7892,-77.0699,20.7,95,4,Princeton Eviction Lab,2025,https://evictionlab.org
20026,DC Metro,38.9616,-77.1038,17.11,74,4,Princeton Eviction Lab,2025,https://evictionlab.org
20027,DC Metro,38.8274,-77.1586,16.29,70,4,Princeton Eviction Lab,2025,https://evictionlab.org
20028,DC Metro,39.0115,-77.1344,21.24,84,4,Princeton Eviction Lab,2025,https://evictionlab.org
20029,DC Metro,38.8472,-76.9973,17.87,78,4,Princeton Eviction Lab,2025,https://evictionlab.org
20030,DC Metro,38.9185,-77.1125,16.13,88,4,Princeton Eviction Lab,2025,https://evictionlab.org
20031,DC Metro,38.7612,-77.1986,20.88,95,4,Princeton Eviction Lab,2025,https://evictionlab.org
20032,DC Metro,38.7593,-77.1012,21.42,70,4,Princeton Eviction Lab,2025,https://evictionlab.org
20033,DC Metro,38.7699,-77.1005,16.64,71,4,Princeton Eviction Lab,2025,https://evictionlab.org
20034,DC Metro,38.9067,-76.9561,21.44,93,4,Princeton Eviction Lab,2025,https://evictionlab.org
20035,DC Metro,38.7968,-76.9933,18.85,78,4,Princeton Eviction Lab,2025,https://evictionlab.org
20036,DC Metro,38.7817,-76.9203,20.71,74,4,Princeton Eviction Lab,2025,https://evictionlab.org
20037,DC Metro,38.8108,-76.8749,15.26,79,4,Princeton Eviction Lab,2025,https://evictionlab.org
20038,DC Metro,38.9192,-77.2011,15.63,74,4,Princeton Eviction Lab,2025,https://evictionlab.org
20039,DC Metro,38.8452,-77.1042,21.07,89,4,Princeton Eviction Lab,2025,https://evictionlab.org
20040,DC Metro,38.8013,-77.0232,16.92,91,4,Princeton Eviction Lab,2025,https://evictionlab.org
20041,DC Metro,38.7759,-77.015,20.7,94,4,Princeton Eviction Lab,2025,https://evictionlab.org
20042,DC Metro,38.8429,-77.0214,20.14,96,4,Princeton Eviction Lab,2025,https://evictionlab.org
20043,DC Metro,38.9096,-76.9566,16.3,83,4,Princeton Eviction Lab,2025,https://evictionlab.org
20044,DC Metro,38.9256,-77.0429,20.49,76,4,Princeton Eviction Lab,2025,https://evictionlab.org
20045,DC Metro,38.9869,-77.1316,16.54,76,4,Princeton Eviction Lab,2025,https://evictionlab.org
02101,Boston,42.2888,-71.2358,17.55,83,4,Princeton Eviction Lab,2025,https://evictionlab.org
02102,Boston,42.3949,-71.127,15.72,81,4,Princeton Eviction Lab,2025,https://evictionlab.org
02103,Boston,42.4624,-71.2124,20.89,73,4,Princeton Eviction Lab,2025,https://evictionlab.org
02104,Boston,42.3011,-70.971,16.49,94,4,Princeton Eviction Lab,2025,https://evictionlab.org
02105,Boston,42.3122,-70.9078,18.87,73,4,Princeton Eviction Lab,2025,https://evictionlab.org
02106,Boston,42.4218,-71.1243,15.26,90,4,Princeton Eviction Lab,2025,https://evictionlab.org
02107,Boston,42.2993,-71.057,16.18,81,4,Princeton Eviction Lab,2025,https://evictionlab.org
02108,Boston,42.4827,-70.9577,17.91,88,4,Princeton Eviction Lab,2025,https://evictionlab.org
02109,Boston,42.3871,-71.0184,17.4,81,4,Princeton Eviction Lab,2025,https://evictionlab.org
02110,Boston,42.2128,-71.1224,20.82,81,4,Princeton Eviction Lab,2025,https://evictionlab.org
02111,Boston,42.2683,-71.1002,18.75,94,4,Princeton Eviction Lab,2025,https://evictionlab.org
02112,Boston,42.229,-71.074,21.29,83,4,Princeton Eviction Lab,2025,https://evictionlab.org
02113,Boston,42.4654,-70.9379,16.33,88,4,Princeton Eviction Lab,2025,https://evictionlab.org
02114,Boston,42.2752,-71.0315,16.74,94,4,Princeton Eviction Lab,2025,https://evictionlab.org
02115,Boston,42.4287,-71.09,16.77,96,4,Princeton Eviction Lab,2025,https://evictionlab.org
02116,Boston,42.4749,-70.9787,21.71,91,4,Princeton Eviction Lab,2025,https://evictionlab.org
02117,Boston,42.4059,-71.1689,21.54,77,4,Princeton Eviction Lab,2025,https://evictionlab.org
02118,Boston,42.2179,-71.1725,19.96,74,4,Princeton Eviction Lab,2025,https://evictionlab.org
02119,Boston,42.2587,-70.8882,15.21,97,4,Princeton Eviction Lab,2025,https://evictionlab.org
02120,Boston,42.3015,-70.9349,20.36,96,4,Princeton Eviction Lab,2025,https://evictionlab.org
02121,Boston,42.4944,-71.2319,21.0,83,4,Princeton Eviction Lab,2025,https://evictionlab.org
02122,Boston,42.5039,-70.929,21.12,92,4,Princeton Eviction Lab,2025,https://evictionlab.org
02123,Boston,42.4874,-70.887,21.41,80,4,Princeton Eviction Lab,2025,https://evictionlab.org
02124,Boston,42.3576,-71.1333,19.48,90,4,Princeton Eviction Lab,2025,https://evictionlab.org
02125,Boston,42.2331,-71.1867,18.02,70,4,Princeton Eviction Lab,2025,https://evictionlab.org
02126,Boston,42.4779,-70.9171,16.29,78,4,Princeton Eviction Lab,2025,https://evictionlab.org
02127,Boston,42.4419,-71.1238,18.39,94,4,Princeton Eviction Lab,2025,https://evictionlab.org
02128,Boston,42.3162,-70.9911,21.57,92,4,Princeton Eviction Lab,2025,https://evictionlab.org
02129,Boston,42.3318,-71.0208,20.74,74,4,Princeton Eviction Lab,2025,https://evictionlab.org
02130,Boston,42.2201,-71.1511,16.48,91,4,Princeton Eviction Lab,2025,https://evictionlab.org
02131,Boston,42.2459,-71.0242,20.07,71,4,Princeton Eviction Lab,2025,https://evictionlab.org
02132,Boston,42.4292,-71.0688,17.65,86,4,Princeton Eviction Lab,2025,https://evictionlab.org
02133,Boston,42.3126,-70.8861,19.06,71,4,Princeton Eviction Lab,2025,https://evictionlab.org
02134,Boston,42.4447,-70.9739,15.72,82,4,Princeton Eviction Lab,2025,https://evictionlab.org
02135,Boston,42.2554,-71.0226,16.69,79,4,Princeton Eviction Lab,2025,https://evictionlab.org
02136,Boston,42.3511,-70.9958,19.34,88,4,Princeton Eviction Lab,2025,https://evictionlab.org
02137,Boston,42.4714,-71.1196,16.4,79,4,Princeton Eviction Lab,2025,https://evictionlab.org
02138,Boston,42.3347,-71.1223,16.75,85,4,Princeton Eviction Lab,2025,https://evictionlab.org
02139,Boston,42.4636,-70.9143,16.03,82,4,Princeton Eviction Lab,2025,https://evictionlab.org
02140,Boston,42.3181,-71.1547,18.17,83,4,Princeton Eviction Lab,2025,https://evictionlab.org
89101,Las Vegas,36.0881,-115.066,21.2,83,8,Princeton Eviction Lab,2025,https://evictionlab.org
89102,Las Vegas,36.1985,-115.2699,21.82,76,8,Princeton Eviction Lab,2025,https://evictionlab.org
89103,Las Vegas,36.1595,-115.116,17.59,74,8,Princeton Eviction Lab,2025,https://evictionlab.org
89104,Las Vegas,36.0799,-115.1755,16.4,75,8,Princeton Eviction Lab,2025,https://evictionlab.org
89105,Las Vegas,36.0909,-115.203,20.78,95,8,Princeton Eviction Lab,2025,https://evictionlab.org
89106,Las Vegas,36.2842,-115.2977,19.75,98,8,Princeton Eviction Lab,2025,https://evictionlab.org
89107,Las Vegas,36.0821,-114.966,17.47,83,8,Princeton Eviction Lab,2025,https://evictionlab.org
89108,Las Vegas,36.0827,-115.2645,21.51,92,8,Princeton Eviction Lab,2025,https://evictionlab.org
89109,Las Vegas,36.2104,-115.2103,17.67,69,8,Princeton Eviction Lab,2025,https://evictionlab.org
89110,Las Vegas,36.2844,-115.1276,18.72,92,8,Princeton Eviction Lab,2025,https://evictionlab.org
89111,Las Vegas,36.3006,-115.2032,18.95,77,8,Princeton Eviction Lab,2025,https://evictionlab.org
89112,Las Vegas,36.1278,-115.1449,15.99,95,8,Princeton Eviction Lab,2025,https://evictionlab.org
89113,Las Vegas,36.0502,-115.2217,21.02,76,8,Princeton Eviction Lab,2025,https://evictionlab.org
89114,Las Vegas,36.2666,-115.2042,18.18,95,8,Princeton Eviction Lab,2025,https://evictionlab.org
89115,Las Vegas,36.1032,-114.983,19.79,74,8,Princeton Eviction Lab,2025,https://evictionlab.org
89116,Las Vegas,36.1385,-114.975,20.82,83,8,Princeton Eviction Lab,2025,https://evictionlab.org
89117,Las Vegas,36.301,-115.2698,17.6,75,8,Princeton Eviction Lab,2025,https://evictionlab.org
89118,Las Vegas,36.2468,-115.2981,16.95,79,8,Princeton Eviction Lab,2025,https://evictionlab.org
89119,Las Vegas,36.1507,-115.0383,20.03,78,8,Princeton Eviction Lab,2025,https://evictionlab.org
89120,Las Vegas,36.1585,-115.102,17.32,72,8,Princeton Eviction Lab,2025,https://evictionlab.org
89121,Las Vegas,36.3044,-115.2709,16.37,77,8,Princeton Eviction Lab,2025,https://evictionlab.org
89122,Las Vegas,36.0702,-115.2357,20.54,76,8,Princeton Eviction Lab,2025,https://evictionlab.org
89123,Las Vegas,36.222,-115.2371,17.62,70,8,Princeton Eviction Lab,2025,https://evictionlab.org
89124,Las Vegas,36.0827,-115.0777,15.91,75,8,Princeton Eviction Lab,2025,https://evictionlab.org
89125,Las Vegas,36.103,-114.9972,21.82,92,8,Princeton Eviction Lab,2025,https://evictionlab.org
89126,Las Vegas,36.1679,-115.2606,18.42,97,8,Princeton Eviction Lab,2025,https://evictionlab.org
89127,Las Vegas,36.1609,-115.3072,17.24,89,8,Princeton Eviction Lab,2025,https://evictionlab.org
89128,Las Vegas,36.2017,-115.1096,18.29,77,8,Princeton Eviction Lab,2025,https://evictionlab.org
89129,Las Vegas,36.2464,-115.2331,21.12,95,8,Princeton Eviction Lab,2025,https://evictionlab.org
89130,Las Vegas,36.1026,-115.2511,17.9,80,8,Princeton Eviction Lab,2025,https://evictionlab.org
89131,Las Vegas,36.2754,-115.027,19.52,71,8,Princeton Eviction Lab,2025,https://evictionlab.org
89132,Las Vegas,36.1857,-115.0072,20.35,85,8,Princeton Eviction Lab,2025,https://evictionlab.org
89133,Las Vegas,36.13,-115.0453,16.55,97,8,Princeton Eviction Lab,2025,https://evictionlab.org
89134,Las Vegas,36.0332,-115.2496,18.74,74,8,Princeton Eviction Lab,2025,https://evictionlab.org
89135,Las Vegas,36.0297,-115.299,20.2,92,8,Princeton Eviction Lab,2025,https://evictionlab.org
38101,Memphis,35.0347,-90.0124,21.74,92,8,Princeton Eviction Lab,2025,https://evictionlab.org
38102,Memphis,35.294,-90.0607,17.63,96,8,Princeton Eviction Lab,2025,https://evictionlab.org
38103,Memphis,35.2591,-90.1138,19.59,70,8,Princeton Eviction Lab,2025,https://evictionlab.org
38104,Memphis,35.1223,-90.0692,21.76,92,8,Princeton Eviction Lab,2025,https://evictionlab.org
38105,Memphis,35.2454,-90.124,20.35,86,8,Princeton Eviction Lab,2025,https://evictionlab.org
38106,Memphis,35.0063,-89.9722,15.6,90,8,Princeton Eviction Lab,2025,https://evictionlab.org
38107,Memphis,35.1312,-90.0383,20.27,75,8,Princeton Eviction Lab,2025,https://evictionlab.org
38108,Memphis,35.299,-90.2098,15.25,100,8,Princeton Eviction Lab,2025,https://evictionlab.org
38109,Memphis,35.2124,-90.1748,18.07,80,8,Princeton Eviction Lab,2025,https://evictionlab.org
38110,Memphis,35.1476,-89.9807,19.62,70,8,Princeton Eviction Lab,2025,https://evictionlab.org
38111,Memphis,35.2569,-89.9095,16.4,70,8,Princeton Eviction Lab,2025,https://evictionlab.org
38112,Memphis,35.2609,-90.1995,20.44,81,8,Princeton Eviction Lab,2025,https://evictionlab.org
38113,Memphis,35.138,-90.0297,15.85,70,8,Princeton Eviction Lab,2025,https://evictionlab.org
38114,Memphis,35.0541,-90.0841,18.63,97,8,Princeton Eviction Lab,2025,https://evictionlab.org
38115,Memphis,35.2038,-90.1041,21.54,93,8,Princeton Eviction Lab,2025,https://evictionlab.org
38116,Memphis,35.0455,-89.971,15.36,90,8,Princeton Eviction Lab,2025,https://evictionlab.org
38117,Memphis,35.232,-90.0571,20.5,87,8,Princeton Eviction Lab,2025,https://evictionlab.org
38118,Memphis,35.2229,-90.0467,16.74,99,8,Princeton Eviction Lab,2025,https://evictionlab.org
38119,Memphis,35.0606,-90.0138,17.49,77,8,Princeton Eviction Lab,2025,https://evictionlab.org
38120,Memphis,35.0379,-90.2229,15.5,76,8,Princeton Eviction Lab,2025,https://evictionlab.org
38121,Memphis,35.2494,-90.1093,17.15,89,8,Princeton Eviction Lab,2025,https://evictionlab.org
38122,Memphis,35.2792,-89.8938,19.66,92,8,Princeton Eviction Lab,2025,https://evictionlab.org
38123,Memphis,35.1025,-90.0006,15.21,91,8,Princeton Eviction Lab,2025,https://evictionlab.org
38124,Memphis,35.1225,-89.9388,15.32,92,8,Princeton Eviction Lab,2025,https://evictionlab.org
38125,Memphis,35.0114,-90.0239,16.11,78,8,Princeton Eviction Lab,2025,https://evictionlab.org
40201,Louisville,38.2239,-85.7344,15.96,88,8,Princeton Eviction Lab,2025,https://evictionlab.org
40202,Louisville,38.1542,-85.7337,20.28,91,8,Princeton Eviction Lab,2025,https://evictionlab.org
40203,Louisville,38.3797,-85.6344,17.28,75,8,Princeton Eviction Lab,2025,https://evictionlab.org
40204,Louisville,38.1507,-85.5987,17.76,90,8,Princeton Eviction Lab,2025,https://evictionlab.org
40205,Louisville,38.3187,-85.8167,20.56,70,8,Princeton Eviction Lab,2025,https://evictionlab.org
40206,Louisville,38.1181,-85.7972,15.58,87,8,Princeton Eviction Lab,2025,https://evictionlab.org
40207,Louisville,38.3589,-85.6096,18.57,80,8,Princeton Eviction Lab,2025,https://evictionlab.org
40208,Louisville,38.238,-85.8908,15.24,97,8,Princeton Eviction Lab,2025,https://evictionlab.org
40209,Louisville,38.3919,-85.6878,21.17,84,8,Princeton Eviction Lab,2025,https://evictionlab.org
40210,Louisville,38.1672,-85.8342,19.58,82,8,Princeton Eviction Lab,2025,https://evictionlab.org
40211,Louisville,38.2952,-85.6491,18.71,83,8,Princeton Eviction Lab,2025,https://evictionlab.org
40212,Louisville,38.3548,-85.8855,17.64,89,8,Princeton Eviction Lab,2025,https://evictionlab.org
40213,Louisville,38.376,-85.6054,15.94,92,8,Princeton Eviction Lab,2025,https://evictionlab.org
40214,Louisville,38.2477,-85.7564,19.83,84,8,Princeton Eviction Lab,2025,https://evictionlab.org
40215,Louisville,38.1695,-85.6305,19.83,89,8,Princeton Eviction Lab,2025,https://evictionlab.org
40216,Louisville,38.1775,-85.8448,18.23,88,8,Princeton Eviction Lab,2025,https://evictionlab.org
40217,Louisville,38.1058,-85.6206,15.28,74,8,Princeton Eviction Lab,2025,https://evictionlab.org
40218,Louisville,38.2934,-85.7714,20.14,80,8,Princeton Eviction Lab,2025,https://evictionlab.org
40219,Louisville,38.1829,-85.781,16.91,69,8,Princeton Eviction Lab,2025,https://evictionlab.org
40220,Louisville,38.2687,-85.6054,20.79,74,8,Princeton Eviction Lab,2025,https://evictionlab.org
40221,Louisville,38.3321,-85.7819,20.58,70,8,Princeton Eviction Lab,2025,https://evictionlab.org
40222,Louisville,38.3324,-85.7193,20.95,95,8,Princeton Eviction Lab,2025,https://evictionlab.org
40223,Louisville,38.3881,-85.8208,21.76,96,8,Princeton Eviction Lab,2025,https://evictionlab.org
40224,Louisville,38.1365,-85.901,20.94,94,8,Princeton Eviction Lab,2025,https://evictionlab.org
40225,Louisville,38.2037,-85.937,19.38,87,8,Princeton Eviction Lab,2025,https://evictionlab.org
97201,Portland,45.5758,-122.7217,20.63,73,4,Princeton Eviction Lab,2025,https://evictionlab.org
97202,Portland,45.3654,-122.7149,21.32,75,4,Princeton Eviction Lab,2025,https://evictionlab.org
97203,Portland,45.4034,-122.6156,20.13,88,4,Princeton Eviction Lab,2025,https://evictionlab.org
97204,Portland,45.473,-122.5729,19.8,79,4,Princeton Eviction Lab,2025,https://evictionlab.org
97205,Portland,45.5416,-122.7433,20.26,100,4,Princeton Eviction Lab,2025,https://evictionlab.org
97206,Portland,45.6335,-122.5799,17.42,71,4,Princeton Eviction Lab,2025,https://evictionlab.org
97207,Portland,45.528,-122.6786,21.5,78,4,Princeton Eviction Lab,2025,https://evictionlab.org
97208,Portland,45.5849,-122.4972,18.58,77,4,Princeton Eviction Lab,2025,https://evictionlab.org
97209,Portland,45.5541,-122.8055,18.55,75,4,Princeton Eviction Lab,2025,https://evictionlab.org
97210,Portland,45.4677,-122.6188,20.44,85,4,Princeton Eviction Lab,2025,https://evictionlab.org
97211,Portland,45.5918,-122.6433,18.34,86,4,Princeton Eviction Lab,2025,https://evictionlab.org
97212,Portland,45.616,-122.6937,19.72,71,4,Princeton Eviction Lab,2025,https://evictionlab.org
97213,Portland,45.4458,-122.6381,17.93,86,4,Princeton Eviction Lab,2025,https://evictionlab.org
97214,Portland,45.6394,-122.8185,18.12,88,4,Princeton Eviction Lab,2025,https://evictionlab.org
97215,Portland,45.4166,-122.6499,21.16,74,4,Princeton Eviction Lab,2025,https://evictionlab.org
97216,Portland,45.3858,-122.7448,17.28,78,4,Princeton Eviction Lab,2025,https://evictionlab.org
97217,Portland,45.3892,-122.822,18.92,81,4,Princeton Eviction Lab,2025,https://evictionlab.org
97218,Portland,45.3887,-122.7348,16.2,92,4,Princeton Eviction Lab,2025,https://evictionlab.org
97219,Portland,45.5247,-122.5518,20.14,94,4,Princeton Eviction Lab,2025,https://evictionlab.org
97220,Portland,45.4349,-122.6732,18.5,88,4,Princeton Eviction Lab,2025,https://evictionlab.org
97221,Portland,45.6099,-122.6183,15.5,99,4,Princeton Eviction Lab,2025,https://evictionlab.org
97222,Portland,45.5721,-122.6025,16.18,85,4,Princeton Eviction Lab,2025,https://evictionlab.org
97223,Portland,45.6546,-122.8095,16.22,88,4,Princeton Eviction Lab,2025,https://evictionlab.org
97224,Portland,45.4131,-122.658,17.93,88,4,Princeton Eviction Lab,2025,https://evictionlab.org
97225,Portland,45.4825,-122.5811,20.1,90,4,Princeton Eviction Lab,2025,https://evictionlab.org
97226,Portland,45.3769,-122.6534,19.19,89,4,Princeton Eviction Lab,2025,https://evictionlab.org
97227,Portland,45.3755,-122.6924,18.66,70,4,Princeton Eviction Lab,2025,https://evictionlab.org
97228,Portland,45.5661,-122.7239,19.05,80,4,Princeton Eviction Lab,2025,https://evictionlab.org
97229,Portland,45.6222,-122.5005,21.57,92,4,Princeton Eviction Lab,2025,https://evictionlab.org
97230,Portland,45.5447,-122.8046,21.7,76,4,Princeton Eviction Lab,2025,https://evictionlab.org
21201,Baltimore,39.3796,-76.6571,15.4,98,8,Princeton Eviction Lab,2025,https://evictionlab.org
21202,Baltimore,39.1582,-76.5462,15.25,98,8,Princeton Eviction Lab,2025,https://evictionlab.org
21203,Baltimore,39.2915,-76.7551,15.8,71,8,Princeton Eviction Lab,2025,https://evictionlab.org
21204,Baltimore,39.3704,-76.4717,21.79,93,8,Princeton Eviction Lab,2025,https://evictionlab.org
21205,Baltimore,39.154,-76.5859,19.53,70,8,Princeton Eviction Lab,2025,https://evictionlab.org
21206,Baltimore,39.2262,-76.7575,19.64,76,8,Princeton Eviction Lab,2025,https://evictionlab.org
21207,Baltimore,39.3048,-76.7334,16.27,85,8,Princeton Eviction Lab,2025,https://evictionlab.org
21208,Baltimore,39.2216,-76.4502,19.06,85,8,Princeton Eviction Lab,2025,https://evictionlab.org
21209,Baltimore,39.3417,-76.6553,19.88,85,8,Princeton Eviction Lab,2025,https://evictionlab.org
21210,Baltimore,39.1741,-76.523,15.61,75,8,Princeton Eviction Lab,2025,https://evictionlab.org
21211,Baltimore,39.369,-76.6612,21.29,78,8,Princeton Eviction Lab,2025,https://evictionlab.org
21212,Baltimore,39.2257,-76.5263,20.7,79,8,Princeton Eviction Lab,2025,https://evictionlab.org
21213,Baltimore,39.2809,-76.5413,18.46,98,8,Princeton Eviction Lab,2025,https://evictionlab.org
21214,Baltimore,39.253,-76.5165,15.78,74,8,Princeton Eviction Lab,2025,https://evictionlab.org
21215,Baltimore,39.2202,-76.554,19.99,80,8,Princeton Eviction Lab,2025,https://evictionlab.org
21216,Baltimore,39.3427,-76.7269,15.69,78,8,Princeton Eviction Lab,2025,https://evictionlab.org
21217,Baltimore,39.2473,-76.623,21.48,73,8,Princeton Eviction Lab,2025,https://evictionlab.org
21218,Baltimore,39.1862,-76.5519,15.19,75,8,Princeton Eviction Lab,2025,https://evictionlab.org
21219,Baltimore,39.2884,-76.4817,20.94,71,8,Princeton Eviction Lab,2025,https://evictionlab.org
21220,Baltimore,39.3772,-76.6115,20.46,75,8,Princeton Eviction Lab,2025,https://evictionlab.org
21221,Baltimore,39.4223,-76.572,20.83,88,8,Princeton Eviction Lab,2025,https://evictionlab.org
21222,Baltimore,39.4079,-76.7707,19.95,86,8,Princeton Eviction Lab,2025,https://evictionlab.org
21223,Baltimore,39.3875,-76.5626,18.02,92,8,Princeton Eviction Lab,2025,https://evictionlab.org
21224,Baltimore,39.2042,-76.5738,16.58,99,8,Princeton Eviction Lab,2025,https://evictionlab.org
21225,Baltimore,39.2698,-76.4831,16.99,87,8,Princeton Eviction Lab,2025,https://evictionlab.org
21226,Baltimore,39.1759,-76.5722,19.02,88,8,Princeton Eviction Lab,2025,https://evictionlab.org
21227,Baltimore,39.2285,-76.645,19.63,94,8,Princeton Eviction Lab,2025,https://evictionlab.org
21228,Baltimore,39.2639,-76.7443,16.21,92,8,Princeton Eviction Lab,2025,https://evictionlab.org
21229,Baltimore,39.2434,-76.5752,20.16,79,8,Princeton Eviction Lab,2025,https://evictionlab.org
21230,Baltimore,39.3834,-76.7883,17.83,78,8,Princeton Eviction Lab,2025,https://evictionlab.org
53201,Milwaukee,43.1134,-87.9816,17.9,89,8,Princeton Eviction Lab,2025,https://evictionlab.org
53202,Milwaukee,43.1113,-87.8676,17.09,90,8,Princeton Eviction Lab,2025,https://evictionlab.org
53203,Milwaukee,42.9786,-87.964,16.14,84,8,Princeton Eviction Lab,2025,https://evictionlab.org
53204,Milwaukee,43.1,-88.0117,18.74,88,8,Princeton Eviction Lab,2025,https://evictionlab.org
53205,Milwaukee,42.9748,-88.0353,19.14,86,8,Princeton Eviction Lab,2025,https://evictionlab.org
53206,Milwaukee,43.0959,-88.0676,17.87,81,8,Princeton Eviction Lab,2025,https://evictionlab.org
53207,Milwaukee,43.0927,-87.9479,16.87,84,8,Princeton Eviction Lab,2025,https://evictionlab.org
53208,Milwaukee,43.0382,-87.7345,19.29,74,8,Princeton Eviction Lab,2025,https://evictionlab.org
53209,Milwaukee,43.0882,-87.8522,21.42,86,8,Princeton Eviction Lab,2025,https://evictionlab.org
53210,Milwaukee,43.0598,-87.9298,21.66,76,8,Princeton Eviction Lab,2025,https://evictionlab.org
53211,Milwaukee,43.0803,-87.7934,18.77,73,8,Princeton Eviction Lab,2025,https://evictionlab.org
53212,Milwaukee,42.901,-88.0004,21.11,85,8,Princeton Eviction Lab,2025,https://evictionlab.org
53213,Milwaukee,42.9736,-87.8744,19.14,94,8,Princeton Eviction Lab,2025,https://evictionlab.org
53214,Milwaukee,42.9068,-87.7769,16.15,81,8,Princeton Eviction Lab,2025,https://evictionlab.org
53215,Milwaukee,43.109,-87.8633,20.12,72,8,Princeton Eviction Lab,2025,https://evictionlab.org
53216,Milwaukee,42.9586,-87.7873,21.33,97,8,Princeton Eviction Lab,2025,https://evictionlab.org
53217,Milwaukee,43.0688,-87.8276,21.01,75,8,Princeton Eviction Lab,2025,https://evictionlab.org
53218,Milwaukee,43.1754,-87.8512,21.45,89,8,Princeton Eviction Lab,2025,https://evictionlab.org
53219,Milwaukee,43.0593,-87.9237,21.38,88,8,Princeton Eviction Lab,2025,https://evictionlab.org
53220,Milwaukee,43.0174,-87.9144,21.06,96,8,Princeton Eviction Lab,2025,https://evictionlab.org
53221,Milwaukee,43.1138,-87.9222,20.84,77,8,Princeton Eviction Lab,2025,https://evictionlab.org
53222,Milwaukee,43.0871,-87.7596,18.7,72,8,Princeton Eviction Lab,2025,https://evictionlab.org
53223,Milwaukee,42.9971,-87.9375,20.82,74,8,Princeton Eviction Lab,2025,https://evictionlab.org
53224,Milwaukee,43.0084,-87.9231,17.29,71,8,Princeton Eviction Lab,2025,https://evictionlab.org
53225,Milwaukee,43.1033,-87.7329,20.12,71,8,Princeton Eviction Lab,2025,https://evictionlab.org
87101,Albuquerque,35.0513,-106.5882,20.3,93,8,Princeton Eviction Lab,2025,https://evictionlab.org
87102,Albuquerque,35.178,-106.6923,15.32,86,8,Princeton Eviction Lab,2025,https://evictionlab.org
87103,Albuquerque,35.0156,-106.5415,15.89,76,8,Princeton Eviction Lab,2025,https://evictionlab.org
87104,Albuquerque,35.0453,-106.5942,20.9,91,8,Princeton Eviction Lab,2025,https://evictionlab.org
87105,Albuquerque,35.2162,-106.5438,18.8,95,8,Princeton Eviction Lab,2025,https://evictionlab.org
87106,Albuquerque,35.074,-106.6172,16.7,85,8,Princeton Eviction Lab,2025,https://evictionlab.org
87107,Albuquerque,35.0949,-106.5486,15.61,91,8,Princeton Eviction Lab,2025,https://evictionlab.org
87108,Albuquerque,35.1928,-106.7783,20.74,95,8,Princeton Eviction Lab,2025,https://evictionlab.org
87109,Albuquerque,35.1016,-106.8155,16.49,96,8,Princeton Eviction Lab,2025,https://evictionlab.org
87110,Albuquerque,34.9659,-106.695,17.03,89,8,Princeton Eviction Lab,2025,https://evictionlab.org
87111,Albuquerque,35.1004,-106.5183,18.94,78,8,Princeton Eviction Lab,2025,https://evictionlab.org
87112,Albuquerque,35.0832,-106.8261,20.7,74,8,Princeton Eviction Lab,2025,https://evictionlab.org
87113,Albuquerque,35.1041,-106.6336,21.35,95,8,Princeton Eviction Lab,2025,https://evictionlab.org
87114,Albuquerque,35.2069,-106.6469,21.7,95,8,Princeton Eviction Lab,2025,https://evictionlab.org
87115,Albuquerque,35.1921,-106.8198,20.33,92,8,Princeton Eviction Lab,2025,https://evictionlab.org
87116,Albuquerque,34.9509,-106.5024,16.99,81,8,Princeton Eviction Lab,2025,https://evictionlab.org
87117,Albuquerque,35.1703,-106.6454,21.27,95,8,Princeton Eviction Lab,2025,https://evictionlab.org
87118,Albuquerque,35.1675,-106.6662,20.36,70,8,Princeton Eviction Lab,2025,https://evictionlab.org
87119,Albuquerque,34.9818,-106.4873,20.21,71,8,Princeton Eviction Lab,2025,https://evictionlab.org
87120,Albuquerque,34.9893,-106.7459,17.64,92,8,Princeton Eviction Lab,2025,https://evictionlab.org
85701,Tucson,32.1363,-111.1227,16.76,89,8,Princeton Eviction Lab,2025,https://evictionlab.org
85702,Tucson,32.1053,-110.8087,20.43,97,8,Princeton Eviction Lab,2025,https://evictionlab.org
85703,Tucson,32.0904,-110.9615,18.42,99,8,Princeton Eviction Lab,2025,https://evictionlab.org
85704,Tucson,32.211,-111.1082,19.02,71,8,Princeton Eviction Lab,2025,https://evictionlab.org
85705,Tucson,32.1088,-111.0119,17.19,79,8,Princeton Eviction Lab,2025,https://evictionlab.org
85706,Tucson,32.1215,-110.9034,15.49,74,8,Princeton Eviction Lab,2025,https://evictionlab.org
85707,Tucson,32.2916,-111.0123,20.43,84,8,Princeton Eviction Lab,2025,https://evictionlab.org
85708,Tucson,32.2497,-110.8065,18.98,71,8,Princeton Eviction Lab,2025,https://evictionlab.org
85709,Tucson,32.2826,-110.9478,18.53,96,8,Princeton Eviction Lab,2025,https://evictionlab.org
85710,Tucson,32.2231,-111.0911,15.91,80,8,Princeton Eviction Lab,2025,https://evictionlab.org
85711,Tucson,32.2585,-111.1532,20.63,77,8,Princeton Eviction Lab,2025,https://evictionlab.org
85712,Tucson,32.1616,-111.1077,17.15,99,8,Princeton Eviction Lab,2025,https://evictionlab.org
85713,Tucson,32.1849,-110.9392,21.47,73,8,Princeton Eviction Lab,2025,https://evictionlab.org
85714,Tucson,32.0923,-111.1434,20.07,69,8,Princeton Eviction Lab,2025,https://evictionlab.org
85715,Tucson,32.3179,-110.9779,16.87,69,8,Princeton Eviction Lab,2025,https://evictionlab.org
85716,Tucson,32.2808,-110.991,16.43,89,8,Princeton Eviction Lab,2025,https://evictionlab.org
85717,Tucson,32.2857,-110.9968,18.29,84,8,Princeton Eviction Lab,2025,https://evictionlab.org
85718,Tucson,32.3553,-110.8792,17.38,73,8,Princeton Eviction Lab,2025,https://evictionlab.org
85719,Tucson,32.2921,-111.0884,19.73,72,8,Princeton Eviction Lab,2025,https://evictionlab.org
85720,Tucson,32.1838,-110.8789,15.84,89,8,Princeton Eviction Lab,2025,https://evictionlab.org
95801,Sacramento,38.7251,-121.5944,20.48,74,4,Princeton Eviction Lab,2025,https://evictionlab.org
95802,Sacramento,38.4783,-121.6476,20.54,93,4,Princeton Eviction Lab,2025,https://evictionlab.org
95803,Sacramento,38.6889,-121.3186,19.43,71,4,Princeton Eviction Lab,2025,https://evictionlab.org
95804,Sacramento,38.5041,-121.489,17.04,88,4,Princeton Eviction Lab,2025,https://evictionlab.org
95805,Sacramento,38.7081,-121.4369,15.35,85,4,Princeton Eviction Lab,2025,https://evictionlab.org
95806,Sacramento,38.6904,-121.4421,20.08,82,4,Princeton Eviction Lab,2025,https://evictionlab.org
95807,Sacramento,38.447,-121.4647,17.65,74,4,Princeton Eviction Lab,2025,https://evictionlab.org
95808,Sacramento,38.6032,-121.6437,16.46,89,4,Princeton Eviction Lab,2025,https://evictionlab.org
95809,Sacramento,38.4769,-121.4569,15.29,81,4,Princeton Eviction Lab,2025,https://evictionlab.org
95810,Sacramento,38.6255,-121.4699,15.47,75,4,Princeton Eviction Lab,2025,https://evictionlab.org
95811,Sacramento,38.6928,-121.4255,17.12,73,4,Princeton Eviction Lab,2025,https://evictionlab.org
95812,Sacramento,38.4455,-121.4415,16.04,78,4,Princeton Eviction Lab,2025,https://evictionlab.org
95813,Sacramento,38.5012,-121.6023,17.04,74,4,Princeton Eviction Lab,2025,https://evictionlab.org
95814,Sacramento,38.576,-121.4759,18.32,76,4,Princeton Eviction Lab,2025,https://evictionlab.org
95815,Sacramento,38.7236,-121.6069,16.06,94,4,Princeton Eviction Lab,2025,https://evictionlab.org
95816,Sacramento,38.5001,-121.3769,17.29,80,4,Princeton Eviction Lab,2025,https://evictionlab.org
95817,Sacramento,38.473,-121.4989,20.0,96,4,Princeton Eviction Lab,2025,https://evictionlab.org
95818,Sacramento,38.6175,-121.4987,18.58,92,4,Princeton Eviction Lab,2025,https://evictionlab.org
95819,Sacramento,38.434,-121.4017,19.34,70,4,Princeton Eviction Lab,2025,https://evictionlab.org
95820,Sacramento,38.602,-121.5599,19.05,96,4,Princeton Eviction Lab,2025,https://evictionlab.org
95821,Sacramento,38.6919,-121.4002,21.48,93,4,Princeton Eviction Lab,2025,https://evictionlab.org
95822,Sacramento,38.4626,-121.3907,21.06,77,4,Princeton Eviction Lab,2025,https://evictionlab.org
95823,Sacramento,38.5487,-121.4317,17.37,88,4,Princeton Eviction Lab,2025,https://evictionlab.org
95824,Sacramento,38.6269,-121.4565,19.75,99,4,Princeton Eviction Lab,2025,https://evictionlab.org
95825,Sacramento,38.7213,-121.4743,17.9,85,4,Princeton Eviction Lab,2025,https://evictionlab.org
95826,Sacramento,38.5565,-121.4319,18.72,99,4,Princeton Eviction Lab,2025,https://evictionlab.org
95827,Sacramento,38.4517,-121.6387,15.71,99,4,Princeton Eviction Lab,2025,https://evictionlab.org
95828,Sacramento,38.4366,-121.5179,20.92,86,4,Princeton Eviction Lab,2025,https://evictionlab.org
95829,Sacramento,38.6534,-121.3376,15.94,77,4,Princeton Eviction Lab,2025,https://evictionlab.org
95830,Sacramento,38.5922,-121.3149,17.33,90,4,Princeton Eviction Lab,2025,https://evictionlab.org
64101,Kansas City,38.969,-94.4333,16.72,76,8,Princeton Eviction Lab,2025,https://evictionlab.org
64102,Kansas City,39.0462,-94.4435,21.77,85,8,Princeton Eviction Lab,2025,https://evictionlab.org
64103,Kansas City,39.0029,-94.7421,18.84,86,8,Princeton Eviction Lab,2025,https://evictionlab.org
64104,Kansas City,39.0096,-94.4265,21.54,99,8,Princeton Eviction Lab,2025,https://evictionlab.org
64105,Kansas City,39.1862,-94.4403,19.67,80,8,Princeton Eviction Lab,2025,https://evictionlab.org
64106,Kansas City,39.2317,-94.7505,17.15,80,8,Princeton Eviction Lab,2025,https://evictionlab.org
64107,Kansas City,39.0568,-94.6538,15.39,70,8,Princeton Eviction Lab,2025,https://evictionlab.org
64108,Kansas City,38.9743,-94.7185,20.08,96,8,Princeton Eviction Lab,2025,https://evictionlab.org
64109,Kansas City,39.1963,-94.4661,18.47,93,8,Princeton Eviction Lab,2025,https://evictionlab.org
64110,Kansas City,39.1656,-94.5876,15.45,85,8,Princeton Eviction Lab,2025,https://evictionlab.org
64111,Kansas City,39.0758,-94.6524,19.6,76,8,Princeton Eviction Lab,2025,https://evictionlab.org
64112,Kansas City,39.2113,-94.4348,16.82,95,8,Princeton Eviction Lab,2025,https://evictionlab.org
64113,Kansas City,39.2336,-94.6566,18.03,74,8,Princeton Eviction Lab,2025,https://evictionlab.org
64114,Kansas City,39.0123,-94.4802,18.71,75,8,Princeton Eviction Lab,2025,https://evictionlab.org
64115,Kansas City,39.1903,-94.5881,19.76,93,8,Princeton Eviction Lab,2025,https://evictionlab.org
64116,Kansas City,39.1881,-94.5895,20.22,93,8,Princeton Eviction Lab,2025,https://evictionlab.org
64117,Kansas City,39.123,-94.6753,19.76,82,8,Princeton Eviction Lab,2025,https://evictionlab.org
64118,Kansas City,39.2085,-94.6533,20.58,94,8,Princeton Eviction Lab,2025,https://evictionlab.org
64119,Kansas City,39.2263,-94.6758,19.13,83,8,Princeton Eviction Lab,2025,https://evictionlab.org
64120,Kansas City,38.9944,-94.5759,21.59,95,8,Princeton Eviction Lab,2025,https://evictionlab.org
64121,Kansas City,39.2193,-94.5736,20.74,97,8,Princeton Eviction Lab,2025,https://evictionlab.org
64122,Kansas City,39.0791,-94.4067,20.42,72,8,Princeton Eviction Lab,2025,https://evictionlab.org
64123,Kansas City,39.0617,-94.6968,18.09,69,8,Princeton Eviction Lab,2025,https://evictionlab.org
64124,Kansas City,39.229,-94.5116,15.43,100,8,Princeton Eviction Lab,2025,https://evictionlab.org
64125,Kansas City,39.1423,-94.4428,17.24,79,8,Princeton Eviction Lab,2025,https://evictionlab.org
64126,Kansas City,39.1737,-94.4544,17.04,92,8,Princeton Eviction Lab,2025,https://evictionlab.org
64127,Kansas City,38.9591,-94.6261,18.75,70,8,Princeton Eviction Lab,2025,https://evictionlab.org
64128,Kansas City,39.1564,-94.6735,18.5,85,8,Princeton Eviction Lab,2025,https://evictionlab.org
64129,Kansas City,38.9953,-94.6705,17.25,98,8,Princeton Eviction Lab,2025,https://evictionlab.org
64130,Kansas City,39.2402,-94.4648,20.69,90,8,Princeton Eviction Lab,2025,https://evictionlab.org
30301,Atlanta,33.6469,-84.4303,15.49,78,8,Princeton Eviction Lab,2025,https://evictionlab.org
30302,Atlanta,33.7843,-84.5077,20.93,87,8,Princeton Eviction Lab,2025,https://evictionlab.org
30303,Atlanta,33.8691,-84.2169,20.76,94,8,Princeton Eviction Lab,2025,https://evictionlab.org
30304,Atlanta,33.6691,-84.3432,17.38,88,8,Princeton Eviction Lab,2025,https://evictionlab.org
30305,Atlanta,33.6405,-84.5007,17.59,90,8,Princeton Eviction Lab,2025,https://evictionlab.org
30306,Atlanta,33.6416,-84.261,19.61,88,8,Princeton Eviction Lab,2025,https://evictionlab.org
30307,Atlanta,33.6855,-84.3346,21.45,79,8,Princeton Eviction Lab,2025,https://evictionlab.org
30308,Atlanta,33.6175,-84.5153,15.76,77,8,Princeton Eviction Lab,2025,https://evictionlab.org
30309,Atlanta,33.8503,-84.3847,19.92,80,8,Princeton Eviction Lab,2025,https://evictionlab.org
30310,Atlanta,33.6767,-84.3137,16.99,89,8,Princeton Eviction Lab,2025,https://evictionlab.org
30311,Atlanta,33.8121,-84.4768,18.24,95,8,Princeton Eviction Lab,2025,https://evictionlab.org
30312,Atlanta,33.7825,-84.4446,18.01,74,8,Princeton Eviction Lab,2025,https://evictionlab.org
30313,Atlanta,33.7139,-84.3013,16.53,74,8,Princeton Eviction Lab,2025,https://evictionlab.org
30314,Atlanta,33.829,-84.2776,20.11,81,8,Princeton Eviction Lab,2025,https://evictionlab.org
30315,Atlanta,33.6185,-84.2108,19.59,96,8,Princeton Eviction Lab,2025,https://evictionlab.org
30316,Atlanta,33.679,-84.4161,18.27,77,8,Princeton Eviction Lab,2025,https://evictionlab.org
30317,Atlanta,33.7681,-84.2439,15.38,97,8,Princeton Eviction Lab,2025,https://evictionlab.org
30318,Atlanta,33.7312,-84.4282,20.28,77,8,Princeton Eviction Lab,2025,https://evictionlab.org
30319,Atlanta,33.6901,-84.3939,17.02,90,8,Princeton Eviction Lab,2025,https://evictionlab.org
30320,Atlanta,33.8346,-84.2937,15.84,94,8,Princeton Eviction Lab,2025,https://evictionlab.org
30321,Atlanta,33.7097,-84.5555,18.16,77,8,Princeton Eviction Lab,2025,https://evictionlab.org
30322,Atlanta,33.8129,-84.3516,21.1,86,8,Princeton Eviction Lab,2025,https://evictionlab.org
30323,Atlanta,33.85,-84.5186,15.57,89,8,Princeton Eviction Lab,2025,https://evictionlab.org
30324,Atlanta,33.8471,-84.2499,18.74,72,8,Princeton Eviction Lab,2025,https://evictionlab.org
30325,Atlanta,33.7929,-84.5162,17.36,88,8,Princeton Eviction Lab,2025,https://evictionlab.org
30326,Atlanta,33.7343,-84.4713,15.4,80,8,Princeton Eviction Lab,2025,https://evictionlab.org
30327,Atlanta,33.8831,-84.3554,18.76,72,8,Princeton Eviction Lab,2025,https://evictionlab.org
30328,Atlanta,33.6154,-84.4774,16.66,76,8,Princeton Eviction Lab,2025,https://evictionlab.org
30329,Atlanta,33.8191,-84.3446,18.31,75,8,Princeton Eviction Lab,2025,https://evictionlab.org
30330,Atlanta,33.812,-84.3085,21.55,82,8,Princeton Eviction Lab,2025,https://evictionlab.org
30331,Atlanta,33.6354,-84.2173,18.9,74,8,Princeton Eviction Lab,2025,https://evictionlab.org
30332,Atlanta,33.7829,-84.5458,16.26,83,8,Princeton Eviction Lab,2025,https://evictionlab.org
30333,Atlanta,33.8461,-84.2304,21.65,74,8,Princeton Eviction Lab,2025,https://evictionlab.org
30334,Atlanta,33.7964,-84.4668,19.64,72,8,Princeton Eviction Lab,2025,https://evictionlab.org
30335,Atlanta,33.857,-84.2456,17.34,92,8,Princeton Eviction Lab,2025,https://evictionlab.org
30336,Atlanta,33.7576,-84.2388,15.74,87,8,Princeton Eviction Lab,2025,https://evictionlab.org
30337,Atlanta,33.7821,-84.5509,15.27,80,8,Princeton Eviction Lab,2025,https://evictionlab.org
30338,Atlanta,33.7561,-84.4666,18.19,72,8,Princeton Eviction Lab,2025,https://evictionlab.org
30339,Atlanta,33.8044,-84.301,21.06,90,8,Princeton Eviction Lab,2025,https://evictionlab.org
30340,Atlanta,33.6427,-84.5585,21.22,75,8,Princeton Eviction Lab,2025,https://evictionlab.org
30341,Atlanta,33.7157,-84.3463,16.22,78,8,Princeton Eviction Lab,2025,https://evictionlab.org
30342,Atlanta,33.8401,-84.2498,18.5,87,8,Princeton Eviction Lab,2025,https://evictionlab.org
30343,Atlanta,33.8916,-84.4861,20.58,76,8,Princeton Eviction Lab,2025,https://evictionlab.org
30344,Atlanta,33.6707,-84.5146,18.38,86,8,Princeton Eviction Lab,2025,https://evictionlab.org
30345,Atlanta,33.6784,-84.2327,20.86,96,8,Princeton Eviction Lab,2025,https://evictionlab.org
30346,Atlanta,33.8724,-84.4921,18.94,88,8,Princeton Eviction Lab,2025,https://evictionlab.org
30347,Atlanta,33.7646,-84.4745,16.5,94,8,Princeton Eviction Lab,2025,https://evictionlab.org
30348,Atlanta,33.7457,-84.2163,16.76,73,8,Princeton Eviction Lab,2025,https://evictionlab.org
30349,Atlanta,33.6097,-84.5652,20.13,100,8,Princeton Eviction Lab,2025,https://evictionlab.org
30350,Atlanta,33.7522,-84.4205,20.44,71,8,Princeton Eviction Lab,2025,https://evictionlab.org
68101,Omaha,41.2361,-96.0665,15.45,98,8,Princeton Eviction Lab,2025,https://evictionlab.org
68102,Omaha,41.1386,-95.8628,17.32,80,8,Princeton Eviction Lab,2025,https://evictionlab.org
68103,Omaha,41.3973,-96.0745,16.02,82,8,Princeton Eviction Lab,2025,https://evictionlab.org
68104,Omaha,41.3093,-95.9123,19.68,81,8,Princeton Eviction Lab,2025,https://evictionlab.org
68105,Omaha,41.2773,-95.8126,18.69,81,8,Princeton Eviction Lab,2025,https://evictionlab.org
68106,Omaha,41.3644,-95.8281,19.33,87,8,Princeton Eviction Lab,2025,https://evictionlab.org
68107,Omaha,41.3361,-96.0439,15.62,71,8,Princeton Eviction Lab,2025,https://evictionlab.org
68108,Omaha,41.2045,-95.8951,15.55,93,8,Princeton Eviction Lab,2025,https://evictionlab.org
68109,Omaha,41.1369,-95.8479,18.37,96,8,Princeton Eviction Lab,2025,https://evictionlab.org
68110,Omaha,41.2698,-95.8211,18.95,93,8,Princeton Eviction Lab,2025,https://evictionlab.org
68111,Omaha,41.2656,-95.993,16.77,75,8,Princeton Eviction Lab,2025,https://evictionlab.org
68112,Omaha,41.2546,-95.9994,20.52,79,8,Princeton Eviction Lab,2025,https://evictionlab.org
68113,Omaha,41.2894,-95.9594,17.17,72,8,Princeton Eviction Lab,2025,https://evictionlab.org
68114,Omaha,41.2942,-96.0055,17.72,79,8,Princeton Eviction Lab,2025,https://evictionlab.org
68115,Omaha,41.2873,-95.9191,16.0,96,8,Princeton Eviction Lab,2025,https://evictionlab.org
68116,Omaha,41.3885,-95.8924,19.44,78,8,Princeton Eviction Lab,2025,https://evictionlab.org
68117,Omaha,41.2679,-96.0172,15.8,85,8,Princeton Eviction Lab,2025,https://evictionlab.org
68118,Omaha,41.3808,-95.8245,19.26,99,8,Princeton Eviction Lab,2025,https://evictionlab.org
68119,Omaha,41.1069,-95.8789,20.36,79,8,Princeton Eviction Lab,2025,https://evictionlab.org
68120,Omaha,41.3087,-95.9284,15.82,78,8,Princeton Eviction Lab,2025,https://evictionlab.org
27601,Raleigh-Durham,35.8508,-78.6334,20.0,87,8,Princeton Eviction Lab,2025,https://evictionlab.org
27602,Raleigh-Durham,35.7796,-78.7659,21.44,85,8,Princeton Eviction Lab,2025,https://evictionlab.org
27603,Raleigh-Durham,35.802,-78.8069,16.78,97,8,Princeton Eviction Lab,2025,https://evictionlab.org
27604,Raleigh-Durham,35.6392,-78.7836,17.59,72,8,Princeton Eviction Lab,2025,https://evictionlab.org
27605,Raleigh-Durham,35.7972,-78.7508,21.65,89,8,Princeton Eviction Lab,2025,https://evictionlab.org
27606,Raleigh-Durham,35.6972,-78.7052,15.17,100,8,Princeton Eviction Lab,2025,https://evictionlab.org
27607,Raleigh-Durham,35.7707,-78.6226,17.59,78,8,Princeton Eviction Lab,2025,https://evictionlab.org
27608,Raleigh-Durham,35.853,-78.5836,15.35,87,8,Princeton Eviction Lab,2025,https://evictionlab.org
27609,Raleigh-Durham,35.8998,-78.7203,18.68,75,8,Princeton Eviction Lab,2025,https://evictionlab.org
27610,Raleigh-Durham,35.8639,-78.5264,15.82,80,8,Princeton Eviction Lab,2025,https://evictionlab.org
27611,Raleigh-Durham,35.837,-78.6657,20.13,73,8,Princeton Eviction Lab,2025,https://evictionlab.org
27612,Raleigh-Durham,35.8887,-78.7934,20.02,81,8,Princeton Eviction Lab,2025,https://evictionlab.org
27613,Raleigh-Durham,35.7799,-78.6616,18.65,92,8,Princeton Eviction Lab,2025,https://evictionlab.org
27614,Raleigh-Durham,35.6692,-78.7297,17.84,77,8,Princeton Eviction Lab,2025,https://evictionlab.org
27615,Raleigh-Durham,35.8889,-78.7542,15.34,96,8,Princeton Eviction Lab,2025,https://evictionlab.org
27616,Raleigh-Durham,35.8911,-78.467,17.03,84,8,Princeton Eviction Lab,2025,https://evictionlab.org
27617,Raleigh-Durham,35.717,-78.4878,15.82,93,8,Princeton Eviction Lab,2025,https://evictionlab.org
27618,Raleigh-Durham,35.7076,-78.5006,15.88,95,8,Princeton Eviction Lab,2025,https://evictionlab.org
27619,Raleigh-Durham,35.8838,-78.6927,16.62,84,8,Princeton Eviction Lab,2025,https://evictionlab.org
27620,Raleigh-Durham,35.9064,-78.5947,16.41,83,8,Princeton Eviction Lab,2025,https://evictionlab.org
27621,Raleigh-Durham,35.6376,-78.4659,16.06,98,8,Princeton Eviction Lab,2025,https://evictionlab.org
27622,Raleigh-Durham,35.6989,-78.7593,15.98,86,8,Princeton Eviction Lab,2025,https://evictionlab.org
27623,Raleigh-Durham,35.9188,-78.7907,17.54,80,8,Princeton Eviction Lab,2025,https://evictionlab.org
27624,Raleigh-Durham,35.6915,-78.6916,20.22,72,8,Princeton Eviction Lab,2025,https://evictionlab.org
27625,Raleigh-Durham,35.84,-78.7867,16.29,91,8,Princeton Eviction Lab,2025,https://evictionlab.org
27626,Raleigh-Durham,35.9111,-78.6602,15.46,92,8,Princeton Eviction Lab,2025,https://evictionlab.org
27627,Raleigh-Durham,35.7371,-78.5578,16.93,95,8,Princeton Eviction Lab,2025,https://evictionlab.org
27628,Raleigh-Durham,35.9139,-78.4949,17.9,88,8,Princeton Eviction Lab,2025,https://evictionlab.org
27629,Raleigh-Durham,35.7701,-78.6401,21.36,74,8,Princeton Eviction Lab,2025,https://evictionlab.org
27630,Raleigh-Durham,35.6633,-78.5875,16.08,99,8,Princeton Eviction Lab,2025,https://evictionlab.org
27631,Raleigh-Durham,35.9181,-78.5901,21.68,71,8,Princeton Eviction Lab,2025,https://evictionlab.org
27632,Raleigh-Durham,35.7884,-78.5421,19.63,77,8,Princeton Eviction Lab,2025,https://evictionlab.org
27633,Raleigh-Durham,35.9076,-78.4736,20.77,89,8,Princeton Eviction Lab,2025,https://evictionlab.org
27634,Raleigh-Durham,35.8847,-78.7091,16.39,78,8,Princeton Eviction Lab,2025,https://evictionlab.org
27635,Raleigh-Durham,35.7174,-78.4605,21.37,93,8,Princeton Eviction Lab,2025,https://evictionlab.org
55401,Minneapolis,45.0901,-93.4362,16.91,93,4,Princeton Eviction Lab,2025,https://evictionlab.org
55402,Minneapolis,44.9461,-93.3549,19.28,93,4,Princeton Eviction Lab,2025,https://evictionlab.org
55403,Minneapolis,44.9389,-93.2056,15.7,88,4,Princeton Eviction Lab,2025,https://evictionlab.org
55404,Minneapolis,44.9838,-93.1439,20.5,75,4,Princeton Eviction Lab,2025,https://evictionlab.org
55405,Minneapolis,45.0293,-93.1425,19.36,89,4,Princeton Eviction Lab,2025,https://evictionlab.org
55406,Minneapolis,44.8357,-93.1993,17.08,99,4,Princeton Eviction Lab,2025,https://evictionlab.org
55407,Minneapolis,45.0536,-93.2202,18.55,71,4,Princeton Eviction Lab,2025,https://evictionlab.org
55408,Minneapolis,44.8572,-93.3421,20.36,79,4,Princeton Eviction Lab,2025,https://evictionlab.org
55409,Minneapolis,44.8772,-93.3331,21.67,79,4,Princeton Eviction Lab,2025,https://evictionlab.org
55410,Minneapolis,45.1116,-93.382,20.7,84,4,Princeton Eviction Lab,2025,https://evictionlab.org
55411,Minneapolis,44.9096,-93.239,18.11,87,4,Princeton Eviction Lab,2025,https://evictionlab.org
55412,Minneapolis,44.8889,-93.323,16.11,76,4,Princeton Eviction Lab,2025,https://evictionlab.org
55413,Minneapolis,44.8421,-93.3285,17.58,78,4,Princeton Eviction Lab,2025,https://evictionlab.org
55414,Minneapolis,44.8698,-93.3194,15.25,95,4,Princeton Eviction Lab,2025,https://evictionlab.org
55415,Minneapolis,44.9872,-93.3829,19.92,77,4,Princeton Eviction Lab,2025,https://evictionlab.org
55416,Minneapolis,44.8801,-93.0865,19.83,90,4,Princeton Eviction Lab,2025,https://evictionlab.org
55417,Minneapolis,44.9709,-93.2924,21.5,95,4,Princeton Eviction Lab,2025,https://evictionlab.org
55418,Minneapolis,45.1121,-93.1039,21.26,85,4,Princeton Eviction Lab,2025,https://evictionlab.org
55419,Minneapolis,44.87,-93.3642,15.66,80,4,Princeton Eviction Lab,2025,https://evictionlab.org
55420,Minneapolis,44.9393,-93.1102,15.49,74,4,Princeton Eviction Lab,2025,https://evictionlab.org
55421,Minneapolis,45.0844,-93.1116,15.67,82,4,Princeton Eviction Lab,2025,https://evictionlab.org
55422,Minneapolis,44.912,-93.3073,15.5,88,4,Princeton Eviction Lab,2025,https://evictionlab.org
55423,Minneapolis,44.9847,-93.1845,20.97,87,4,Princeton Eviction Lab,2025,https://evictionlab.org
55424,Minneapolis,44.96,-93.2417,16.52,79,4,Princeton Eviction Lab,2025,https://evictionlab.org
55425,Minneapolis,44.8654,-93.1232,20.87,80,4,Princeton Eviction Lab,2025,https://evictionlab.org
55426,Minneapolis,45.0066,-93.4325,15.5,95,4,Princeton Eviction Lab,2025,https://evictionlab.org
55427,Minneapolis,44.9101,-93.3012,18.84,80,4,Princeton Eviction Lab,2025,https://evictionlab.org
55428,Minneapolis,45.0968,-93.4219,17.3,78,4,Princeton Eviction Lab,2025,https://evictionlab.org
55429,Minneapolis,45.12,-93.2742,17.24,80,4,Princeton Eviction Lab,2025,https://evictionlab.org
55430,Minneapolis,45.038,-93.1797,16.98,74,4,Princeton Eviction Lab,2025,https://evictionlab.org
33601,Tampa Bay,27.9986,-82.5116,18.79,84,8,Princeton Eviction Lab,2025,https://evictionlab.org
33602,Tampa Bay,27.9669,-82.4874,16.85,91,8,Princeton Eviction Lab,2025,https://evictionlab.org
33603,Tampa Bay,27.9849,-82.3721,19.42,83,8,Princeton Eviction Lab,2025,https://evictionlab.org
33604,Tampa Bay,27.8212,-82.284,21.19,88,8,Princeton Eviction Lab,2025,https://evictionlab.org
33605,Tampa Bay,27.8902,-82.5817,19.38,83,8,Princeton Eviction Lab,2025,https://evictionlab.org
33606,Tampa Bay,27.9975,-82.5008,17.12,70,8,Princeton Eviction Lab,2025,https://evictionlab.org
33607,Tampa Bay,27.8167,-82.4116,18.69,82,8,Princeton Eviction Lab,2025,https://evictionlab.org
33608,Tampa Bay,28.0567,-82.4245,20.92,96,8,Princeton Eviction Lab,2025,https://evictionlab.org
33609,Tampa Bay,28.0279,-82.4925,17.69,89,8,Princeton Eviction Lab,2025,https://evictionlab.org
33610,Tampa Bay,27.9879,-82.6369,17.22,90,8,Princeton Eviction Lab,2025,https://evictionlab.org
33611,Tampa Bay,27.9889,-82.4287,19.54,72,8,Princeton Eviction Lab,2025,https://evictionlab.org
33612,Tampa Bay,28.0964,-82.5693,20.54,84,8,Princeton Eviction Lab,2025,https://evictionlab.org
33613,Tampa Bay,28.075,-82.6132,16.74,81,8,Princeton Eviction Lab,2025,https://evictionlab.org
33614,Tampa Bay,28.0243,-82.5429,16.88,76,8,Princeton Eviction Lab,2025,https://evictionlab.org
33615,Tampa Bay,27.8632,-82.5799,21.15,99,8,Princeton Eviction Lab,2025,https://evictionlab.org
33616,Tampa Bay,27.8793,-82.5428,17.36,82,8,Princeton Eviction Lab,2025,https://evictionlab.org
33617,Tampa Bay,27.8741,-82.3869,20.86,89,8,Princeton Eviction Lab,2025,https://evictionlab.org
33618,Tampa Bay,27.9153,-82.3565,21.53,85,8,Princeton Eviction Lab,2025,https://evictionlab.org
33619,Tampa Bay,27.8973,-82.377,17.84,90,8,Princeton Eviction Lab,2025,https://evictionlab.org
33620,Tampa Bay,28.0208,-82.4247,15.72,95,8,Princeton Eviction Lab,2025,https://evictionlab.org
33621,Tampa Bay,27.9501,-82.3987,20.17,96,8,Princeton Eviction Lab,2025,https://evictionlab.org
33622,Tampa Bay,27.9814,-82.6047,20.45,85,8,Princeton Eviction Lab,2025,https://evictionlab.org
33623,Tampa Bay,27.9174,-82.5239,15.64,98,8,Princeton Eviction Lab,2025,https://evictionlab.org
33624,Tampa Bay,27.9226,-82.369,19.37,91,8,Princeton Eviction Lab,2025,https://evictionlab.org
33625,Tampa Bay,27.9608,-82.6035,20.93,86,8,Princeton Eviction Lab,2025,https://evictionlab.org
33626,Tampa Bay,27.8313,-82.5546,20.84,90,8,Princeton Eviction Lab,2025,https://evictionlab.org
33627,Tampa Bay,27.8189,-82.5018,20.6,78,8,Princeton Eviction Lab,2025,https://evictionlab.org
33628,Tampa Bay,27.9677,-82.3873,21.61,70,8,Princeton Eviction Lab,2025,https://evictionlab.org
33629,Tampa Bay,27.8192,-82.4463,20.57,74,8,Princeton Eviction Lab,2025,https://evictionlab.org
33630,Tampa Bay,28.0678,-82.4595,21.07,86,8,Princeton Eviction Lab,2025,https://evictionlab.org
33631,Tampa Bay,27.8376,-82.6007,19.06,98,8,Princeton Eviction Lab,2025,https://evictionlab.org
33632,Tampa Bay,27.8238,-82.5809,18.82,89,8,Princeton Eviction Lab,2025,https://evictionlab.org
33633,Tampa Bay,27.9445,-82.5952,16.14,73,8,Princeton Eviction Lab,2025,https://evictionlab.org
33634,Tampa Bay,27.8879,-82.389,21.46,76,8,Princeton Eviction Lab,2025,https://evictionlab.org
33635,Tampa Bay,27.9175,-82.3407,21.06,70,8,Princeton Eviction Lab,2025,https://evictionlab.org
33636,Tampa Bay,27.867,-82.5172,16.67,69,8,Princeton Eviction Lab,2025,https://evictionlab.org
33637,Tampa Bay,27.8428,-82.4047,19.2,99,8,Princeton Eviction Lab,2025,https://evictionlab.org
33638,Tampa Bay,27.8969,-82.5837,20.68,80,8,Princeton Eviction Lab,2025,https://evictionlab.org
33639,Tampa Bay,27.8519,-82.4583,20.73,99,8,Princeton Eviction Lab,2025,https://evictionlab.org
33640,Tampa Bay,27.819,-82.3059,21.72,73,8,Princeton Eviction Lab,2025,https://evictionlab.org
70112,New Orleans,30.0007,-90.0178,16.85,82,8,Princeton Eviction Lab,2025,https://evictionlab.org
70113,New Orleans,29.9955,-90.2026,18.81,99,8,Princeton Eviction Lab,2025,https://evictionlab.org
70114,New Orleans,30.0978,-90.036,17.88,90,8,Princeton Eviction Lab,2025,https://evictionlab.org
70115,New Orleans,30.0186,-89.901,21.25,73,8,Princeton Eviction Lab,2025,https://evictionlab.org
70116,New Orleans,30.0939,-90.0688,15.22,75,8,Princeton Eviction Lab,2025,https://evictionlab.org
70117,New Orleans,30.0938,-89.9313,15.55,96,8,Princeton Eviction Lab,2025,https://evictionlab.org
70118,New Orleans,29.8235,-90.0269,16.3,99,8,Princeton Eviction Lab,2025,https://evictionlab.org
70119,New Orleans,29.9,-90.1187,15.6,89,8,Princeton Eviction Lab,2025,https://evictionlab.org
70120,New Orleans,30.0111,-89.9881,20.77,87,8,Princeton Eviction Lab,2025,https://evictionlab.org
70121,New Orleans,29.8391,-89.9342,18.75,81,8,Princeton Eviction Lab,2025,https://evictionlab.org
70122,New Orleans,29.962,-90.212,17.72,75,8,Princeton Eviction Lab,2025,https://evictionlab.org
70123,New Orleans,29.8127,-90.0026,20.73,89,8,Princeton Eviction Lab,2025,https://evictionlab.org
70124,New Orleans,29.9329,-90.072,15.5,77,8,Princeton Eviction Lab,2025,https://evictionlab.org
70125,New Orleans,29.8626,-90.0181,16.27,89,8,Princeton Eviction Lab,2025,https://evictionlab.org
70126,New Orleans,29.9915,-90.0393,21.41,89,8,Princeton Eviction Lab,2025,https://evictionlab.org
70127,New Orleans,29.8438,-90.215,17.05,80,8,Princeton Eviction Lab,2025,https://evictionlab.org
70128,New Orleans,29.8668,-90.1334,17.93,76,8,Princeton Eviction Lab,2025,https://evictionlab.org
70129,New Orleans,29.8485,-89.896,18.26,91,8,Princeton Eviction Lab,2025,https://evictionlab.org
70130,New Orleans,29.8377,-89.9451,19.35,80,8,Princeton Eviction Lab,2025,https://evictionlab.org
70131,New Orleans,30.0326,-90.1951,20.73,82,8,Princeton Eviction Lab,2025,https://evictionlab.org
70132,New Orleans,30.0371,-90.2343,18.98,91,8,Princeton Eviction Lab,2025,https://evictionlab.org
70133,New Orleans,29.968,-89.9595,15.77,71,8,Princeton Eviction Lab,2025,https://evictionlab.org
70134,New Orleans,29.8787,-89.9503,20.28,72,8,Princeton Eviction Lab,2025,https://evictionlab.org
70135,New Orleans,30.016,-90.1856,18.74,94,8,Princeton Eviction Lab,2025,https://evictionlab.org
70136,New Orleans,29.9351,-89.9513,18.49,78,8,Princeton Eviction Lab,2025,https://evictionlab.org
23220,Richmond,37.4159,-77.5995,17.83,88,8,Princeton Eviction Lab,2025,https://evictionlab.org
23221,Richmond,37.6849,-77.4639,15.44,80,8,Princeton Eviction Lab,2025,https://evictionlab.org
23222,Richmond,37.4054,-77.4226,16.4,91,8,Princeton Eviction Lab,2025,https://evictionlab.org
23223,Richmond,37.4967,-77.585,21.42,88,8,Princeton Eviction Lab,2025,https://evictionlab.org
23224,Richmond,37.5448,-77.5774,16.72,91,8,Princeton Eviction Lab,2025,https://evictionlab.org
23225,Richmond,37.4723,-77.4837,17.98,74,8,Princeton Eviction Lab,2025,https://evictionlab.org
23226,Richmond,37.6595,-77.4309,18.94,81,8,Princeton Eviction Lab,2025,https://evictionlab.org
23227,Richmond,37.4189,-77.5338,19.16,81,8,Princeton Eviction Lab,2025,https://evictionlab.org
23228,Richmond,37.5328,-77.4454,18.68,88,8,Princeton Eviction Lab,2025,https://evictionlab.org
23229,Richmond,37.526,-77.5971,18.87,87,8,Princeton Eviction Lab,2025,https://evictionlab.org
23230,Richmond,37.5885,-77.5539,19.63,83,8,Princeton Eviction Lab,2025,https://evictionlab.org
23231,Richmond,37.5199,-77.5093,16.54,71,8,Princeton Eviction Lab,2025,https://evictionlab.org
23232,Richmond,37.4466,-77.5103,15.99,98,8,Princeton Eviction Lab,2025,https://evictionlab.org
23233,Richmond,37.4853,-77.4535,19.95,74,8,Princeton Eviction Lab,2025,https://evictionlab.org
23234,Richmond,37.6252,-77.5046,21.05,81,8,Princeton Eviction Lab,2025,https://evictionlab.org
23235,Richmond,37.4086,-77.3644,17.79,83,8,Princeton Eviction Lab,2025,https://evictionlab.org
23236,Richmond,37.4421,-77.4001,16.57,96,8,Princeton Eviction Lab,2025,https://evictionlab.org
23237,Richmond,37.6444,-77.5962,21.16,76,8,Princeton Eviction Lab,2025,https://evictionlab.org
23238,Richmond,37.5241,-77.3425,16.29,79,8,Princeton Eviction Lab,2025,https://evictionlab.org
23239,Richmond,37.6458,-77.611,16.24,98,8,Princeton Eviction Lab,2025,https://evictionlab.org
23240,Richmond,37.5877,-77.2828,18.02,95,8,Princeton Eviction Lab,2025,https://evictionlab.org
23241,Richmond,37.5335,-77.3148,18.99,84,8,Princeton Eviction Lab,2025,https://evictionlab.org
23242,Richmond,37.618,-77.5881,17.4,82,8,Princeton Eviction Lab,2025,https://evictionlab.org
23243,Richmond,37.6746,-77.4299,20.81,81,8,Princeton Eviction Lab,2025,https://evictionlab.org
23244,Richmond,37.4129,-77.5491,20.0,92,8,Princeton Eviction Lab,2025,https://evictionlab.org
35201,Birmingham,33.4901,-86.7203,21.17,100,8,Princeton Eviction Lab,2025,https://evictionlab.org
35202,Birmingham,33.3741,-86.8958,17.48,97,8,Princeton Eviction Lab,2025,https://evictionlab.org
35203,Birmingham,33.456,-86.7176,21.13,83,8,Princeton Eviction Lab,2025,https://evictionlab.org
35204,Birmingham,33.4961,-86.9773,15.86,81,8,Princeton Eviction Lab,2025,https://evictionlab.org
35205,Birmingham,33.6097,-86.9059,21.82,86,8,Princeton Eviction Lab,2025,https://evictionlab.org
35206,Birmingham,33.5145,-86.707,18.15,71,8,Princeton Eviction Lab,2025,https://evictionlab.org
35207,Birmingham,33.6256,-86.8317,16.4,80,8,Princeton Eviction Lab,2025,https://evictionlab.org
35208,Birmingham,33.5024,-86.9896,21.46,91,8,Princeton Eviction Lab,2025,https://evictionlab.org
35209,Birmingham,33.5363,-86.6368,15.73,96,8,Princeton Eviction Lab,2025,https://evictionlab.org
35210,Birmingham,33.5389,-86.7826,18.29,75,8,Princeton Eviction Lab,2025,https://evictionlab.org
35211,Birmingham,33.3983,-86.887,20.22,88,8,Princeton Eviction Lab,2025,https://evictionlab.org
35212,Birmingham,33.4121,-86.9251,16.87,97,8,Princeton Eviction Lab,2025,https://evictionlab.org
35213,Birmingham,33.5525,-86.756,19.26,80,8,Princeton Eviction Lab,2025,https://evictionlab.org
35214,Birmingham,33.6606,-86.8263,19.03,75,8,Princeton Eviction Lab,2025,https://evictionlab.org
35215,Birmingham,33.4282,-86.7244,15.94,98,8,Princeton Eviction Lab,2025,https://evictionlab.org
35216,Birmingham,33.4336,-86.7062,19.99,95,8,Princeton Eviction Lab,2025,https://evictionlab.org
35217,Birmingham,33.6403,-86.6336,17.59,75,8,Princeton Eviction Lab,2025,https://evictionlab.org
35218,Birmingham,33.3932,-86.7566,18.02,81,8,Princeton Eviction Lab,2025,https://evictionlab.org
35219,Birmingham,33.5263,-86.9559,18.3,85,8,Princeton Eviction Lab,2025,https://evictionlab.org
35220,Birmingham,33.4906,-86.97,21.52,83,8,Princeton Eviction Lab,2025,https://evictionlab.org
35221,Birmingham,33.5274,-86.9599,15.18,91,8,Princeton Eviction Lab,2025,https://evictionlab.org
35222,Birmingham,33.3758,-86.956,17.84,98,8,Princeton Eviction Lab,2025,https://evictionlab.org
35223,Birmingham,33.5678,-86.8921,19.11,70,8,Princeton Eviction Lab,2025,https://evictionlab.org
35224,Birmingham,33.6499,-86.6487,20.84,89,8,Princeton Eviction Lab,2025,https://evictionlab.org
35225,Birmingham,33.4204,-86.957,18.68,86,8,Princeton Eviction Lab,2025,https://evictionlab.org
39201,Jackson,32.2271,-90.2321,15.96,75,8,Princeton Eviction Lab,2025,https://evictionlab.org
39202,Jackson,32.1528,-90.3527,20.55,93,8,Princeton Eviction Lab,2025,https://evictionlab.org
39203,Jackson,32.1656,-90.2184,16.33,88,8,Princeton Eviction Lab,2025,https://evictionlab.org
39204,Jackson,32.2514,-90.3531,18.95,84,8,Princeton Eviction Lab,2025,https://evictionlab.org
39205,Jackson,32.1709,-90.3045,21.6,74,8,Princeton Eviction Lab,2025,https://evictionlab.org
39206,Jackson,32.2849,-90.3222,19.26,74,8,Princeton Eviction Lab,2025,https://evictionlab.org
39207,Jackson,32.2956,-90.2128,19.41,73,8,Princeton Eviction Lab,2025,https://evictionlab.org
39208,Jackson,32.2655,-90.2881,21.6,99,8,Princeton Eviction Lab,2025,https://evictionlab.org
39209,Jackson,32.1819,-90.1096,16.99,87,8,Princeton Eviction Lab,2025,https://evictionlab.org
39210,Jackson,32.1713,-90.305,19.72,87,8,Princeton Eviction Lab,2025,https://evictionlab.org
39211,Jackson,32.4482,-90.2347,19.96,90,8,Princeton Eviction Lab,2025,https://evictionlab.org
39212,Jackson,32.296,-90.2763,16.23,84,8,Princeton Eviction Lab,2025,https://evictionlab.org
39213,Jackson,32.1967,-90.2215,18.15,97,8,Princeton Eviction Lab,2025,https://evictionlab.org
39214,Jackson,32.3854,-90.3628,19.28,78,8,Princeton Eviction Lab,2025,https://evictionlab.org
39215,Jackson,32.3652,-90.304,20.7,86,8,Princeton Eviction Lab,2025,https://evictionlab.org
72201,Little Rock,34.7682,-92.3894,16.2,92,8,Princeton Eviction Lab,2025,https://evictionlab.org
72202,Little Rock,34.7976,-92.1628,19.61,96,8,Princeton Eviction Lab,2025,https://evictionlab.org
72203,Little Rock,34.6219,-92.3923,20.91,77,8,Princeton Eviction Lab,2025,https://evictionlab.org
72204,Little Rock,34.7488,-92.4652,21.22,94,8,Princeton Eviction Lab,2025,https://evictionlab.org
72205,Little Rock,34.7948,-92.249,15.81,80,8,Princeton Eviction Lab,2025,https://evictionlab.org
72206,Little Rock,34.6569,-92.1649,19.13,93,8,Princeton Eviction Lab,2025,https://evictionlab.org
72207,Little Rock,34.7913,-92.2076,21.64,94,8,Princeton Eviction Lab,2025,https://evictionlab.org
72208,Little Rock,34.7869,-92.3467,16.33,87,8,Princeton Eviction Lab,2025,https://evictionlab.org
72209,Little Rock,34.8213,-92.4585,21.7,88,8,Princeton Eviction Lab,2025,https://evictionlab.org
72210,Little Rock,34.8875,-92.1108,21.83,99,8,Princeton Eviction Lab,2025,https://evictionlab.org
72211,Little Rock,34.6962,-92.2345,16.7,94,8,Princeton Eviction Lab,2025,https://evictionlab.org
72212,Little Rock,34.6491,-92.124,21.58,82,8,Princeton Eviction Lab,2025,https://evictionlab.org
72213,Little Rock,34.8331,-92.4152,18.6,84,8,Princeton Eviction Lab,2025,https://evictionlab.org
72214,Little Rock,34.6539,-92.422,17.8,76,8,Princeton Eviction Lab,2025,https://evictionlab.org
72215,Little Rock,34.5972,-92.1171,20.95,93,8,Princeton Eviction Lab,2025,https://evictionlab.org
72216,Little Rock,34.8815,-92.2356,19.28,92,8,Princeton Eviction Lab,2025,https://evictionlab.org
72217,Little Rock,34.6064,-92.3915,15.65,80,8,Princeton Eviction Lab,2025,https://evictionlab.org
72218,Little Rock,34.8266,-92.1155,17.4,72,8,Princeton Eviction Lab,2025,https://evictionlab.org
72219,Little Rock,34.6087,-92.1653,18.16,84,8,Princeton Eviction Lab,2025,https://evictionlab.org
72220,Little Rock,34.7655,-92.4348,17.94,79,8,Princeton Eviction Lab,2025,https://evictionlab.org
37401,Chattanooga,35.1461,-85.4534,17.54,92,8,Princeton Eviction Lab,2025,https://evictionlab.org
37402,Chattanooga,34.9016,-85.1394,19.38,96,8,Princeton Eviction Lab,2025,https://evictionlab.org
37403,Chattanooga,34.9809,-85.4578,16.65,92,8,Princeton Eviction Lab,2025,https://evictionlab.org
37404,Chattanooga,34.9264,-85.3973,16.41,74,8,Princeton Eviction Lab,2025,https://evictionlab.org
37405,Chattanooga,34.953,-85.1991,16.43,99,8,Princeton Eviction Lab,2025,https://evictionlab.org
37406,Chattanooga,34.9671,-85.1632,20.83,79,8,Princeton Eviction Lab,2025,https://evictionlab.org
37407,Chattanooga,35.0358,-85.4468,21.56,87,8,Princeton Eviction Lab,2025,https://evictionlab.org
37408,Chattanooga,35.1555,-85.4106,15.31,92,8,Princeton Eviction Lab,2025,https://evictionlab.org
37409,Chattanooga,34.8976,-85.3465,20.05,92,8,Princeton Eviction Lab,2025,https://evictionlab.org
37410,Chattanooga,35.0951,-85.3763,19.46,75,8,Princeton Eviction Lab,2025,https://evictionlab.org
37411,Chattanooga,34.9414,-85.4732,19.16,89,8,Princeton Eviction Lab,2025,https://evictionlab.org
37412,Chattanooga,35.0932,-85.1884,18.01,89,8,Princeton Eviction Lab,2025,https://evictionlab.org
37413,Chattanooga,35.0907,-85.371,19.0,85,8,Princeton Eviction Lab,2025,https://evictionlab.org
37414,Chattanooga,35.0638,-85.1962,18.03,84,8,Princeton Eviction Lab,2025,https://evictionlab.org
37415,Chattanooga,35.1133,-85.1357,19.87,76,8,Princeton Eviction Lab,2025,https://evictionlab.org
37416,Chattanooga,35.1223,-85.2977,18.31,86,8,Princeton Eviction Lab,2025,https://evictionlab.org
37417,Chattanooga,35.0357,-85.4008,18.45,96,8,Princeton Eviction Lab,2025,https://evictionlab.org
37418,Chattanooga,35.053,-85.3714,20.66,73,8,Princeton Eviction Lab,2025,https://evictionlab.org
37419,Chattanooga,35.1174,-85.1895,21.3,94,8,Princeton Eviction Lab,2025,https://evictionlab.org
37420,Chattanooga,35.0582,-85.3824,17.02,92,8,Princeton Eviction Lab,2025,https://evictionlab.org
37901,Knoxville,35.9806,-83.8556,17.05,94,8,Princeton Eviction Lab,2025,https://evictionlab.org
37902,Knoxville,36.1059,-83.8437,18.65,96,8,Princeton Eviction Lab,2025,https://evictionlab.org
37903,Knoxville,35.9361,-83.8778,20.59,81,8,Princeton Eviction Lab,2025,https://evictionlab.org
37904,Knoxville,35.9969,-84.0337,19.94,77,8,Princeton Eviction Lab,2025,https://evictionlab.org
37905,Knoxville,35.8953,-84.0148,20.73,88,8,Princeton Eviction Lab,2025,https://evictionlab.org
37906,Knoxville,35.8615,-83.9467,19.36,83,8,Princeton Eviction Lab,2025,https://evictionlab.org
37907,Knoxville,35.9189,-83.7765,15.36,85,8,Princeton Eviction Lab,2025,https://evictionlab.org
37908,Knoxville,35.8884,-83.8143,18.5,82,8,Princeton Eviction Lab,2025,https://evictionlab.org
37909,Knoxville,36.0959,-83.7466,16.57,77,8,Princeton Eviction Lab,2025,https://evictionlab.org
37910,Knoxville,35.9395,-83.7964,21.66,79,8,Princeton Eviction Lab,2025,https://evictionlab.org
37911,Knoxville,35.9424,-83.9064,21.33,72,8,Princeton Eviction Lab,2025,https://evictionlab.org
37912,Knoxville,35.8986,-84.0266,20.3,98,8,Princeton Eviction Lab,2025,https://evictionlab.org
37913,Knoxville,35.826,-83.9278,15.19,75,8,Princeton Eviction Lab,2025,https://evictionlab.org
37914,Knoxville,35.9466,-83.8265,21.25,82,8,Princeton Eviction Lab,2025,https://evictionlab.org
37915,Knoxville,35.9807,-84.0089,20.07,89,8,Princeton Eviction Lab,2025,https://evictionlab.org
37916,Knoxville,35.8224,-83.9231,19.23,93,8,Princeton Eviction Lab,2025,https://evictionlab.org
37917,Knoxville,35.8801,-83.8696,19.36,73,8,Princeton Eviction Lab,2025,https://evictionlab.org
37918,Knoxville,35.9267,-83.9212,18.8,73,8,Princeton Eviction Lab,2025,https://evictionlab.org
37919,Knoxville,35.9123,-84.0963,17.44,89,8,Princeton Eviction Lab,2025,https://evictionlab.org
37920,Knoxville,36.0378,-83.7642,17.42,100,8,Princeton Eviction Lab,2025,https://evictionlab.org
35801,Huntsville,34.7079,-86.7432,18.24,99,8,Princeton Eviction Lab,2025,https://evictionlab.org
35802,Huntsville,34.7481,-86.4382,19.3,93,8,Princeton Eviction Lab,2025,https://evictionlab.org
35803,Huntsville,34.7966,-86.6401,18.97,77,8,Princeton Eviction Lab,2025,https://evictionlab.org
35804,Huntsville,34.7559,-86.582,21.3,74,8,Princeton Eviction Lab,2025,https://evictionlab.org
35805,Huntsville,34.8125,-86.4995,20.34,72,8,Princeton Eviction Lab,2025,https://evictionlab.org
35806,Huntsville,34.7077,-86.736,17.21,98,8,Princeton Eviction Lab,2025,https://evictionlab.org
35807,Huntsville,34.8121,-86.7147,20.58,85,8,Princeton Eviction Lab,2025,https://evictionlab.org
35808,Huntsville,34.7777,-86.4916,15.67,71,8,Princeton Eviction Lab,2025,https://evictionlab.org
35809,Huntsville,34.8185,-86.5026,16.44,71,8,Princeton Eviction Lab,2025,https://evictionlab.org
35810,Huntsville,34.6263,-86.621,19.95,86,8,Princeton Eviction Lab,2025,https://evictionlab.org
35811,Huntsville,34.8674,-86.6693,17.12,74,8,Princeton Eviction Lab,2025,https://evictionlab.org
35812,Huntsville,34.8036,-86.6961,17.72,94,8,Princeton Eviction Lab,2025,https://evictionlab.org
35813,Huntsville,34.727,-86.7408,16.24,88,8,Princeton Eviction Lab,2025,https://evictionlab.org
35814,Huntsville,34.7605,-86.5112,17.16,72,8,Princeton Eviction Lab,2025,https://evictionlab.org
35815,Huntsville,34.6437,-86.6057,18.39,100,8,Princeton Eviction Lab,2025,https://evictionlab.org
35816,Huntsville,34.5926,-86.656,16.68,95,8,Princeton Eviction Lab,2025,https://evictionlab.org
35817,Huntsville,34.7372,-86.4676,20.05,75,8,Princeton Eviction Lab,2025,https://evictionlab.org
35818,Huntsville,34.8734,-86.6638,16.7,75,8,Princeton Eviction Lab,2025,https://evictionlab.org
35819,Huntsville,34.7794,-86.5838,17.4,76,8,Princeton Eviction Lab,2025,https://evictionlab.org
35820,Huntsville,34.604,-86.6983,18.47,98,8,Princeton Eviction Lab,2025,https://evictionlab.org
80901,Colorado Springs,38.6889,-104.726,20.18,88,8,Princeton Eviction Lab,2025,https://evictionlab.org
80902,Colorado Springs,38.6976,-104.8922,17.99,95,8,Princeton Eviction Lab,2025,https://evictionlab.org
80903,Colorado Springs,38.7572,-104.7671,20.81,80,8,Princeton Eviction Lab,2025,https://evictionlab.org
80904,Colorado Springs,38.7692,-104.9203,17.71,90,8,Princeton Eviction Lab,2025,https://evictionlab.org
80905,Colorado Springs,38.897,-104.7245,15.92,80,8,Princeton Eviction Lab,2025,https://evictionlab.org
80906,Colorado Springs,38.9338,-104.7896,18.21,92,8,Princeton Eviction Lab,2025,https://evictionlab.org
80907,Colorado Springs,38.7351,-104.7152,15.25,74,8,Princeton Eviction Lab,2025,https://evictionlab.org
80908,Colorado Springs,38.7261,-104.9324,19.15,78,8,Princeton Eviction Lab,2025,https://evictionlab.org
80909,Colorado Springs,38.7516,-104.6453,17.9,70,8,Princeton Eviction Lab,2025,https://evictionlab.org
80910,Colorado Springs,38.7266,-104.8132,16.27,96,8,Princeton Eviction Lab,2025,https://evictionlab.org
80911,Colorado Springs,38.745,-104.9654,19.38,92,8,Princeton Eviction Lab,2025,https://evictionlab.org
80912,Colorado Springs,38.8741,-104.9725,17.22,79,8,Princeton Eviction Lab,2025,https://evictionlab.org
80913,Colorado Springs,38.6908,-104.9241,16.1,99,8,Princeton Eviction Lab,2025,https://evictionlab.org
80914,Colorado Springs,38.7963,-104.7415,19.46,73,8,Princeton Eviction Lab,2025,https://evictionlab.org
80915,Colorado Springs,38.9103,-104.9924,19.88,84,8,Princeton Eviction Lab,2025,https://evictionlab.org
80916,Colorado Springs,38.8286,-104.7344,18.63,83,8,Princeton Eviction Lab,2025,https://evictionlab.org
80917,Colorado Springs,38.7612,-104.9417,21.64,71,8,Princeton Eviction Lab,2025,https://evictionlab.org
80918,Colorado Springs,38.8939,-104.8331,20.21,87,8,Princeton Eviction Lab,2025,https://evictionlab.org
80919,Colorado Springs,38.8516,-104.8742,17.73,80,8,Princeton Eviction Lab,2025,https://evictionlab.org
80920,Colorado Springs,38.8249,-104.9132,19.38,90,8,Princeton Eviction Lab,2025,https://evictionlab.org
80521,Fort Collins,40.6156,-105.0487,21.36,78,8,Princeton Eviction Lab,2025,https://evictionlab.org
80522,Fort Collins,40.5813,-105.0875,19.7,92,8,Princeton Eviction Lab,2025,https://evictionlab.org
80523,Fort Collins,40.7337,-105.2207,19.82,97,8,Princeton Eviction Lab,2025,https://evictionlab.org
80524,Fort Collins,40.5595,-105.1563,17.87,91,8,Princeton Eviction Lab,2025,https://evictionlab.org
80525,Fort Collins,40.5862,-104.9995,19.67,84,8,Princeton Eviction Lab,2025,https://evictionlab.org
80526,Fort Collins,40.4926,-105.1942,21.71,89,8,Princeton Eviction Lab,2025,https://evictionlab.org
80527,Fort Collins,40.6055,-104.9815,16.19,78,8,Princeton Eviction Lab,2025,https://evictionlab.org
80528,Fort Collins,40.5814,-105.0669,17.91,97,8,Princeton Eviction Lab,2025,https://evictionlab.org
80529,Fort Collins,40.4537,-104.9633,21.1,80,8,Princeton Eviction Lab,2025,https://evictionlab.org
80530,Fort Collins,40.6692,-104.9353,19.41,69,8,Princeton Eviction Lab,2025,https://evictionlab.org
80531,Fort Collins,40.7276,-104.9174,19.8,73,8,Princeton Eviction Lab,2025,https://evictionlab.org
80532,Fort Collins,40.5228,-105.1228,15.97,84,8,Princeton Eviction Lab,2025,https://evictionlab.org
80533,Fort Collins,40.7307,-105.1286,18.61,74,8,Princeton Eviction Lab,2025,https://evictionlab.org
80534,Fort Collins,40.6703,-105.1334,17.7,93,8,Princeton Eviction Lab,2025,https://evictionlab.org
80535,Fort Collins,40.5431,-105.0584,15.85,79,8,Princeton Eviction Lab,2025,https://evictionlab.org
83701,Boise,43.7247,-116.0441,20.69,69,8,Princeton Eviction Lab,2025,https://evictionlab.org
83702,Boise,43.6019,-116.2558,19.11,85,8,Princeton Eviction Lab,2025,https://evictionlab.org
83703,Boise,43.6464,-116.2294,16.83,71,8,Princeton Eviction Lab,2025,https://evictionlab.org
83704,Boise,43.6846,-116.3613,17.02,93,8,Princeton Eviction Lab,2025,https://evictionlab.org
83705,Boise,43.7173,-116.1541,19.34,76,8,Princeton Eviction Lab,2025,https://evictionlab.org
83706,Boise,43.5021,-116.1499,17.84,80,8,Princeton Eviction Lab,2025,https://evictionlab.org
83707,Boise,43.5185,-116.0558,17.31,90,8,Princeton Eviction Lab,2025,https://evictionlab.org
83708,Boise,43.7088,-116.1862,18.91,75,8,Princeton Eviction Lab,2025,https://evictionlab.org
83709,Boise,43.718,-116.3356,19.03,98,8,Princeton Eviction Lab,2025,https://evictionlab.org
83710,Boise,43.5694,-116.3151,18.69,97,8,Princeton Eviction Lab,2025,https://evictionlab.org
83711,Boise,43.514,-116.3647,16.5,83,8,Princeton Eviction Lab,2025,https://evictionlab.org
83712,Boise,43.5914,-116.2544,15.86,79,8,Princeton Eviction Lab,2025,https://evictionlab.org
83713,Boise,43.677,-116.2647,20.5,85,8,Princeton Eviction Lab,2025,https://evictionlab.org
83714,Boise,43.5255,-116.2124,16.69,94,8,Princeton Eviction Lab,2025,https://evictionlab.org
83715,Boise,43.6774,-116.1641,15.65,83,8,Princeton Eviction Lab,2025,https://evictionlab.org
83716,Boise,43.5902,-116.2899,17.81,98,8,Princeton Eviction Lab,2025,https://evictionlab.org
83717,Boise,43.7008,-116.3328,19.26,91,8,Princeton Eviction Lab,2025,https://evictionlab.org
83718,Boise,43.5903,-116.2651,16.0,70,8,Princeton Eviction Lab,2025,https://evictionlab.org
83719,Boise,43.4972,-116.3332,16.7,70,8,Princeton Eviction Lab,2025,https://evictionlab.org
83720,Boise,43.699,-116.2283,15.56,99,8,Princeton Eviction Lab,2025,https://evictionlab.org
84101,Salt Lake City,40.8773,-111.9314,19.62,98,8,Princeton Eviction Lab,2025,https://evictionlab.org
84102,Salt Lake City,40.6363,-112.0239,17.88,84,8,Princeton Eviction Lab,2025,https://evictionlab.org
84103,Salt Lake City,40.7514,-111.8461,19.45,93,8,Princeton Eviction Lab,2025,https://evictionlab.org
84104,Salt Lake City,40.823,-111.9307,21.69,93,8,Princeton Eviction Lab,2025,https://evictionlab.org
84105,Salt Lake City,40.6169,-111.754,19.76,70,8,Princeton Eviction Lab,2025,https://evictionlab.org
84106,Salt Lake City,40.825,-111.9304,18.15,99,8,Princeton Eviction Lab,2025,https://evictionlab.org
84107,Salt Lake City,40.7135,-111.8584,18.41,89,8,Princeton Eviction Lab,2025,https://evictionlab.org
84108,Salt Lake City,40.6178,-112.023,16.54,92,8,Princeton Eviction Lab,2025,https://evictionlab.org
84109,Salt Lake City,40.6842,-111.832,18.22,70,8,Princeton Eviction Lab,2025,https://evictionlab.org
84110,Salt Lake City,40.6812,-111.8502,17.18,84,8,Princeton Eviction Lab,2025,https://evictionlab.org
84111,Salt Lake City,40.7174,-111.7903,15.22,81,8,Princeton Eviction Lab,2025,https://evictionlab.org
84112,Salt Lake City,40.8392,-111.8342,17.41,89,8,Princeton Eviction Lab,2025,https://evictionlab.org
84113,Salt Lake City,40.8892,-111.8919,18.56,79,8,Princeton Eviction Lab,2025,https://evictionlab.org
84114,Salt Lake City,40.8178,-111.7551,20.33,74,8,Princeton Eviction Lab,2025,https://evictionlab.org
84115,Salt Lake City,40.8422,-111.9471,16.09,88,8,Princeton Eviction Lab,2025,https://evictionlab.org
84116,Salt Lake City,40.8637,-111.9126,18.23,76,8,Princeton Eviction Lab,2025,https://evictionlab.org
84117,Salt Lake City,40.7678,-111.8173,16.41,91,8,Princeton Eviction Lab,2025,https://evictionlab.org
84118,Salt Lake City,40.7497,-111.8455,16.63,77,8,Princeton Eviction Lab,2025,https://evictionlab.org
84119,Salt Lake City,40.8466,-111.8149,17.96,69,8,Princeton Eviction Lab,2025,https://evictionlab.org
84120,Salt Lake City,40.8174,-111.8833,15.97,88,8,Princeton Eviction Lab,2025,https://evictionlab.org
84121,Salt Lake City,40.7933,-111.7582,16.04,86,8,Princeton Eviction Lab,2025,https://evictionlab.org
84122,Salt Lake City,40.6815,-111.9512,19.44,92,8,Princeton Eviction Lab,2025,https://evictionlab.org
84123,Salt Lake City,40.7958,-111.9414,20.4,74,8,Princeton Eviction Lab,2025,https://evictionlab.org
84124,Salt Lake City,40.7031,-111.7985,21.4,89,8,Princeton Eviction Lab,2025,https://evictionlab.org
84125,Salt Lake City,40.8587,-111.7259,20.54,97,8,Princeton Eviction Lab,2025,https://evictionlab.org
84126,Salt Lake City,40.6944,-112.0675,19.29,96,8,Princeton Eviction Lab,2025,https://evictionlab.org
84127,Salt Lake City,40.7442,-112.0667,20.34,71,8,Princeton Eviction Lab,2025,https://evictionlab.org
84128,Salt Lake City,40.8542,-111.9549,17.12,79,8,Princeton Eviction Lab,2025,https://evictionlab.org
84129,Salt Lake City,40.7484,-111.8172,16.83,92,8,Princeton Eviction Lab,2025,https://evictionlab.org
84130,Salt Lake City,40.7792,-111.7822,16.86,79,8,Princeton Eviction Lab,2025,https://evictionlab.org
89501,Reno,39.4008,-119.9316,21.52,71,8,Princeton Eviction Lab,2025,https://evictionlab.org
89502,Reno,39.3829,-119.8015,20.44,84,8,Princeton Eviction Lab,2025,https://evictionlab.org
89503,Reno,39.6474,-119.9435,18.0,84,8,Princeton Eviction Lab,2025,https://evictionlab.org
89504,Reno,39.5015,-119.7962,17.45,94,8,Princeton Eviction Lab,2025,https://evictionlab.org
89505,Reno,39.6072,-119.9909,16.41,70,8,Princeton Eviction Lab,2025,https://evictionlab.org
89506,Reno,39.539,-119.9151,15.21,81,8,Princeton Eviction Lab,2025,https://evictionlab.org
89507,Reno,39.613,-119.7196,20.7,80,8,Princeton Eviction Lab,2025,https://evictionlab.org
89508,Reno,39.4903,-119.9834,15.53,90,8,Princeton Eviction Lab,2025,https://evictionlab.org
89509,Reno,39.4744,-119.7708,16.39,97,8,Princeton Eviction Lab,2025,https://evictionlab.org
89510,Reno,39.4756,-119.6483,16.74,79,8,Princeton Eviction Lab,2025,https://evictionlab.org
89511,Reno,39.6468,-119.9826,17.21,95,8,Princeton Eviction Lab,2025,https://evictionlab.org
89512,Reno,39.6637,-119.9181,16.94,81,8,Princeton Eviction Lab,2025,https://evictionlab.org
89513,Reno,39.6736,-119.6495,16.66,77,8,Princeton Eviction Lab,2025,https://evictionlab.org
89514,Reno,39.589,-119.9675,19.61,75,8,Princeton Eviction Lab,2025,https://evictionlab.org
89515,Reno,39.6568,-119.839,17.76,77,8,Princeton Eviction Lab,2025,https://evictionlab.org
32301,Tallahassee,30.5905,-84.2476,17.52,96,8,Princeton Eviction Lab,2025,https://evictionlab.org
32302,Tallahassee,30.5402,-84.2703,21.19,85,8,Princeton Eviction Lab,2025,https://evictionlab.org
32303,Tallahassee,30.3944,-84.1612,16.59,93,8,Princeton Eviction Lab,2025,https://evictionlab.org
32304,Tallahassee,30.3974,-84.269,18.31,82,8,Princeton Eviction Lab,2025,https://evictionlab.org
32305,Tallahassee,30.3641,-84.1975,20.73,83,8,Princeton Eviction Lab,2025,https://evictionlab.org
32306,Tallahassee,30.3177,-84.4342,20.6,72,8,Princeton Eviction Lab,2025,https://evictionlab.org
32307,Tallahassee,30.3535,-84.1511,21.01,99,8,Princeton Eviction Lab,2025,https://evictionlab.org
32308,Tallahassee,30.3849,-84.2306,18.3,98,8,Princeton Eviction Lab,2025,https://evictionlab.org
32309,Tallahassee,30.4286,-84.2102,16.12,73,8,Princeton Eviction Lab,2025,https://evictionlab.org
32310,Tallahassee,30.5122,-84.4036,18.9,71,8,Princeton Eviction Lab,2025,https://evictionlab.org
32311,Tallahassee,30.3031,-84.3612,19.27,95,8,Princeton Eviction Lab,2025,https://evictionlab.org
32312,Tallahassee,30.3315,-84.1262,21.34,85,8,Princeton Eviction Lab,2025,https://evictionlab.org
32313,Tallahassee,30.4697,-84.3331,21.16,70,8,Princeton Eviction Lab,2025,https://evictionlab.org
32314,Tallahassee,30.5859,-84.2822,16.93,73,8,Princeton Eviction Lab,2025,https://evictionlab.org
32315,Tallahassee,30.4252,-84.1236,17.19,98,8,Princeton Eviction Lab,2025,https://evictionlab.org
32601,Gainesville,29.5759,-82.3427,15.84,81,8,Princeton Eviction Lab,2025,https://evictionlab.org
32602,Gainesville,29.7319,-82.1685,21.74,96,8,Princeton Eviction Lab,2025,https://evictionlab.org
32603,Gainesville,29.5254,-82.2665,16.24,89,8,Princeton Eviction Lab,2025,https://evictionlab.org
32604,Gainesville,29.5349,-82.1629,18.59,88,8,Princeton Eviction Lab,2025,https://evictionlab.org
32605,Gainesville,29.7162,-82.2602,19.86,81,8,Princeton Eviction Lab,2025,https://evictionlab.org
32606,Gainesville,29.5085,-82.4095,21.1,73,8,Princeton Eviction Lab,2025,https://evictionlab.org
32607,Gainesville,29.7182,-82.455,16.38,85,8,Princeton Eviction Lab,2025,https://evictionlab.org
32608,Gainesville,29.5656,-82.3986,20.16,85,8,Princeton Eviction Lab,2025,https://evictionlab.org
32609,Gainesville,29.6681,-82.1764,18.39,96,8,Princeton Eviction Lab,2025,https://evictionlab.org
32610,Gainesville,29.7204,-82.4582,17.52,89,8,Princeton Eviction Lab,2025,https://evictionlab.org
32611,Gainesville,29.7424,-82.4406,20.94,90,8,Princeton Eviction Lab,2025,https://evictionlab.org
32612,Gainesville,29.6499,-82.2905,20.22,74,8,Princeton Eviction Lab,2025,https://evictionlab.org
32613,Gainesville,29.7811,-82.2597,21.43,99,8,Princeton Eviction Lab,2025,https://evictionlab.org
32614,Gainesville,29.5171,-82.286,19.96,94,8,Princeton Eviction Lab,2025,https://evictionlab.org
32615,Gainesville,29.5239,-82.2676,17.68,94,8,Princeton Eviction Lab,2025,https://evictionlab.org
34201,Bradenton,27.5224,-82.5544,18.44,75,8,Princeton Eviction Lab,2025,https://evictionlab.org
34202,Bradenton,27.5379,-82.6255,16.12,73,8,Princeton Eviction Lab,2025,https://evictionlab.org
34203,Bradenton,27.3712,-82.6118,17.9,73,8,Princeton Eviction Lab,2025,https://evictionlab.org
34204,Bradenton,27.6075,-82.486,20.53,94,8,Princeton Eviction Lab,2025,https://evictionlab.org
34205,Bradenton,27.6163,-82.5212,20.54,79,8,Princeton Eviction Lab,2025,https://evictionlab.org
34206,Bradenton,27.5039,-82.5677,21.54,83,8,Princeton Eviction Lab,2025,https://evictionlab.org
34207,Bradenton,27.4793,-82.4632,17.84,71,8,Princeton Eviction Lab,2025,https://evictionlab.org
34208,Bradenton,27.4071,-82.6673,21.57,82,8,Princeton Eviction Lab,2025,https://evictionlab.org
34209,Bradenton,27.5284,-82.4593,18.19,88,8,Princeton Eviction Lab,2025,https://evictionlab.org
34210,Bradenton,27.5195,-82.7443,15.31,70,8,Princeton Eviction Lab,2025,https://evictionlab.org
34211,Bradenton,27.5849,-82.4356,19.82,79,8,Princeton Eviction Lab,2025,https://evictionlab.org
34212,Bradenton,27.5312,-82.7127,15.56,70,8,Princeton Eviction Lab,2025,https://evictionlab.org
34213,Bradenton,27.4925,-82.5154,21.29,70,8,Princeton Eviction Lab,2025,https://evictionlab.org
34214,Bradenton,27.5645,-82.7151,19.06,97,8,Princeton Eviction Lab,2025,https://evictionlab.org
34215,Bradenton,27.4423,-82.4399,17.15,76,8,Princeton Eviction Lab,2025,https://evictionlab.org
34101,Naples,26.0832,-81.9686,19.23,86,8,Princeton Eviction Lab,2025,https://evictionlab.org
34102,Naples,26.1254,-81.9501,20.43,90,8,Princeton Eviction Lab,2025,https://evictionlab.org
34103,Naples,26.272,-81.9541,17.4,76,8,Princeton Eviction Lab,2025,https://evictionlab.org
34104,Naples,26.2264,-81.898,21.59,82,8,Princeton Eviction Lab,2025,https://evictionlab.org
34105,Naples,26.1227,-81.8102,15.34,75,8,Princeton Eviction Lab,2025,https://evictionlab.org
34106,Naples,26.0522,-81.8199,20.31,79,8,Princeton Eviction Lab,2025,https://evictionlab.org
34107,Naples,26.2024,-81.6868,17.93,97,8,Princeton Eviction Lab,2025,https://evictionlab.org
34108,Naples,26.1194,-81.6176,19.1,77,8,Princeton Eviction Lab,2025,https://evictionlab.org
34109,Naples,26.2919,-81.7136,17.45,100,8,Princeton Eviction Lab,2025,https://evictionlab.org
34110,Naples,26.2087,-81.9122,17.26,78,8,Princeton Eviction Lab,2025,https://evictionlab.org
34111,Naples,26.1317,-81.655,16.37,82,8,Princeton Eviction Lab,2025,https://evictionlab.org
34112,Naples,26.2823,-81.7252,19.65,77,8,Princeton Eviction Lab,2025,https://evictionlab.org
34113,Naples,26.2828,-81.9213,19.05,71,8,Princeton Eviction Lab,2025,https://evictionlab.org
34114,Naples,26.1011,-81.9585,15.98,74,8,Princeton Eviction Lab,2025,https://evictionlab.org
34115,Naples,26.1366,-81.9444,21.08,91,8,Princeton Eviction Lab,2025,https://evictionlab.org
33901,Fort Myers,26.5658,-81.8248,15.86,86,8,Princeton Eviction Lab,2025,https://evictionlab.org
33902,Fort Myers,26.7253,-81.6952,21.01,80,8,Princeton Eviction Lab,2025,https://evictionlab.org
33903,Fort Myers,26.5693,-81.8814,16.55,91,8,Princeton Eviction Lab,2025,https://evictionlab.org
33904,Fort Myers,26.7609,-81.8204,18.97,98,8,Princeton Eviction Lab,2025,https://evictionlab.org
33905,Fort Myers,26.6128,-81.9642,17.26,98,8,Princeton Eviction Lab,2025,https://evictionlab.org
33906,Fort Myers,26.6223,-81.7403,18.49,76,8,Princeton Eviction Lab,2025,https://evictionlab.org
33907,Fort Myers,26.7652,-82.0271,18.55,90,8,Princeton Eviction Lab,2025,https://evictionlab.org
33908,Fort Myers,26.6913,-82.009,17.31,85,8,Princeton Eviction Lab,2025,https://evictionlab.org
33909,Fort Myers,26.5124,-81.8548,21.36,98,8,Princeton Eviction Lab,2025,https://evictionlab.org
33910,Fort Myers,26.6152,-81.8194,15.33,91,8,Princeton Eviction Lab,2025,https://evictionlab.org
33911,Fort Myers,26.6955,-82.0171,16.27,70,8,Princeton Eviction Lab,2025,https://evictionlab.org
33912,Fort Myers,26.7652,-81.9255,18.53,97,8,Princeton Eviction Lab,2025,https://evictionlab.org
33913,Fort Myers,26.6781,-81.9457,15.69,77,8,Princeton Eviction Lab,2025,https://evictionlab.org
33914,Fort Myers,26.7557,-81.9375,19.37,91,8,Princeton Eviction Lab,2025,https://evictionlab.org
33915,Fort Myers,26.7142,-81.8661,21.27,82,8,Princeton Eviction Lab,2025,https://evictionlab.org
29401,Charleston,32.8378,-79.9581,16.9,74,8,Princeton Eviction Lab,2025,https://evictionlab.org
29402,Charleston,32.7984,-80.0783,19.64,76,8,Princeton Eviction Lab,2025,https://evictionlab.org
29403,Charleston,32.7493,-80.0996,20.0,97,8,Princeton Eviction Lab,2025,https://evictionlab.org
29404,Charleston,32.8686,-79.902,21.31,72,8,Princeton Eviction Lab,2025,https://evictionlab.org
29405,Charleston,32.6568,-79.8185,16.5,93,8,Princeton Eviction Lab,2025,https://evictionlab.org
29406,Charleston,32.7558,-79.8329,15.94,77,8,Princeton Eviction Lab,2025,https://evictionlab.org
29407,Charleston,32.6832,-79.7675,19.79,86,8,Princeton Eviction Lab,2025,https://evictionlab.org
29408,Charleston,32.9212,-79.9332,15.41,99,8,Princeton Eviction Lab,2025,https://evictionlab.org
29409,Charleston,32.7374,-80.0304,17.87,87,8,Princeton Eviction Lab,2025,https://evictionlab.org
29410,Charleston,32.6646,-79.8561,17.38,86,8,Princeton Eviction Lab,2025,https://evictionlab.org
29411,Charleston,32.6555,-79.961,16.15,76,8,Princeton Eviction Lab,2025,https://evictionlab.org
29412,Charleston,32.784,-80.086,16.55,82,8,Princeton Eviction Lab,2025,https://evictionlab.org
29413,Charleston,32.8466,-80.0877,19.71,70,8,Princeton Eviction Lab,2025,https://evictionlab.org
29414,Charleston,32.6435,-80.0742,15.47,92,8,Princeton Eviction Lab,2025,https://evictionlab.org
29415,Charleston,32.8374,-80.0955,16.07,87,8,Princeton Eviction Lab,2025,https://evictionlab.org
29416,Charleston,32.7279,-79.7631,17.31,82,8,Princeton Eviction Lab,2025,https://evictionlab.org
29417,Charleston,32.7218,-79.8965,19.47,86,8,Princeton Eviction Lab,2025,https://evictionlab.org
29418,Charleston,32.7093,-79.8765,21.45,74,8,Princeton Eviction Lab,2025,https://evictionlab.org
29419,Charleston,32.763,-80.0967,17.73,96,8,Princeton Eviction Lab,2025,https://evictionlab.org
29420,Charleston,32.8974,-80.0862,15.89,82,8,Princeton Eviction Lab,2025,https://evictionlab.org
29601,Greenville,34.7105,-82.5104,18.41,95,8,Princeton Eviction Lab,2025,https://evictionlab.org
29602,Greenville,34.9545,-82.3343,18.65,80,8,Princeton Eviction Lab,2025,https://evictionlab.org
29603,Greenville,34.9081,-82.4877,21.3,92,8,Princeton Eviction Lab,2025,https://evictionlab.org
29604,Greenville,34.7513,-82.3972,16.35,95,8,Princeton Eviction Lab,2025,https://evictionlab.org
29605,Greenville,34.8501,-82.2702,21.61,99,8,Princeton Eviction Lab,2025,https://evictionlab.org
29606,Greenville,34.715,-82.555,17.79,74,8,Princeton Eviction Lab,2025,https://evictionlab.org
29607,Greenville,34.9625,-82.2166,19.8,78,8,Princeton Eviction Lab,2025,https://evictionlab.org
29608,Greenville,34.9785,-82.2244,17.56,88,8,Princeton Eviction Lab,2025,https://evictionlab.org
29609,Greenville,34.7826,-82.5169,19.77,94,8,Princeton Eviction Lab,2025,https://evictionlab.org
29610,Greenville,34.9734,-82.2151,21.04,76,8,Princeton Eviction Lab,2025,https://evictionlab.org
29611,Greenville,34.8064,-82.2351,20.76,88,8,Princeton Eviction Lab,2025,https://evictionlab.org
29612,Greenville,34.946,-82.2401,16.84,71,8,Princeton Eviction Lab,2025,https://evictionlab.org
29613,Greenville,34.7493,-82.3711,16.05,82,8,Princeton Eviction Lab,2025,https://evictionlab.org
29614,Greenville,34.7388,-82.5453,18.92,72,8,Princeton Eviction Lab,2025,https://evictionlab.org
29615,Greenville,34.8471,-82.2164,17.99,70,8,Princeton Eviction Lab,2025,https://evictionlab.org
29616,Greenville,34.9207,-82.5295,17.18,76,8,Princeton Eviction Lab,2025,https://evictionlab.org
29617,Greenville,34.8917,-82.5078,20.92,79,8,Princeton Eviction Lab,2025,https://evictionlab.org
29618,Greenville,34.8045,-82.453,20.7,89,8,Princeton Eviction Lab,2025,https://evictionlab.org
29619,Greenville,34.7132,-82.5286,19.44,96,8,Princeton Eviction Lab,2025,https://evictionlab.org
29620,Greenville,34.7837,-82.4538,16.47,88,8,Princeton Eviction Lab,2025,https://evictionlab.org
29201,Columbia SC,33.9151,-81.0628,16.93,73,8,Princeton Eviction Lab,2025,https://evictionlab.org
29202,Columbia SC,34.0366,-81.0949,16.89,83,8,Princeton Eviction Lab,2025,https://evictionlab.org
29203,Columbia SC,34.1143,-81.2031,19.71,100,8,Princeton Eviction Lab,2025,https://evictionlab.org
29204,Columbia SC,33.944,-81.045,20.37,82,8,Princeton Eviction Lab,2025,https://evictionlab.org
29205,Columbia SC,33.9654,-81.0432,19.34,96,8,Princeton Eviction Lab,2025,https://evictionlab.org
29206,Columbia SC,34.0438,-80.9795,17.19,97,8,Princeton Eviction Lab,2025,https://evictionlab.org
29207,Columbia SC,33.9863,-81.0268,16.29,94,8,Princeton Eviction Lab,2025,https://evictionlab.org
29208,Columbia SC,33.8914,-81.1355,16.96,87,8,Princeton Eviction Lab,2025,https://evictionlab.org
29209,Columbia SC,34.0882,-81.0932,20.86,85,8,Princeton Eviction Lab,2025,https://evictionlab.org
29210,Columbia SC,33.9085,-80.8851,16.66,93,8,Princeton Eviction Lab,2025,https://evictionlab.org
29211,Columbia SC,33.8665,-80.9504,19.94,92,8,Princeton Eviction Lab,2025,https://evictionlab.org
29212,Columbia SC,33.9038,-81.0049,19.72,99,8,Princeton Eviction Lab,2025,https://evictionlab.org
29213,Columbia SC,34.1246,-81.0741,15.8,75,8,Princeton Eviction Lab,2025,https://evictionlab.org
29214,Columbia SC,34.0972,-81.1769,16.96,82,8,Princeton Eviction Lab,2025,https://evictionlab.org
29215,Columbia SC,34.0429,-81.0454,15.85,88,8,Princeton Eviction Lab,2025,https://evictionlab.org
29216,Columbia SC,34.0369,-81.0253,18.15,92,8,Princeton Eviction Lab,2025,https://evictionlab.org
29217,Columbia SC,34.0824,-80.8984,17.04,83,8,Princeton Eviction Lab,2025,https://evictionlab.org
29218,Columbia SC,33.9306,-80.9884,20.76,88,8,Princeton Eviction Lab,2025,https://evictionlab.org
29219,Columbia SC,34.1067,-81.1547,21.11,92,8,Princeton Eviction Lab,2025,https://evictionlab.org
29220,Columbia SC,33.862,-81.0269,18.9,81,8,Princeton Eviction Lab,2025,https://evictionlab.org
28801,Asheville,35.573,-82.678,17.06,88,8,Princeton Eviction Lab,2025,https://evictionlab.org
28802,Asheville,35.7064,-82.6224,18.82,69,8,Princeton Eviction Lab,2025,https://evictionlab.org
28803,Asheville,35.5252,-82.6693,19.81,82,8,Princeton Eviction Lab,2025,https://evictionlab.org
28804,Asheville,35.6788,-82.4915,15.74,90,8,Princeton Eviction Lab,2025,https://evictionlab.org
28805,Asheville,35.6534,-82.4921,15.53,95,8,Princeton Eviction Lab,2025,https://evictionlab.org
28806,Asheville,35.4896,-82.6949,20.78,86,8,Princeton Eviction Lab,2025,https://evictionlab.org
28807,Asheville,35.7407,-82.5032,18.06,87,8,Princeton Eviction Lab,2025,https://evictionlab.org
28808,Asheville,35.5171,-82.6369,16.14,72,8,Princeton Eviction Lab,2025,https://evictionlab.org
28809,Asheville,35.4711,-82.5963,16.07,89,8,Princeton Eviction Lab,2025,https://evictionlab.org
28810,Asheville,35.5202,-82.5261,17.57,73,8,Princeton Eviction Lab,2025,https://evictionlab.org
28811,Asheville,35.6102,-82.5894,16.1,70,8,Princeton Eviction Lab,2025,https://evictionlab.org
28812,Asheville,35.6689,-82.6992,17.36,76,8,Princeton Eviction Lab,2025,https://evictionlab.org
28813,Asheville,35.504,-82.524,16.73,90,8,Princeton Eviction Lab,2025,https://evictionlab.org
28814,Asheville,35.6386,-82.4758,17.98,95,8,Princeton Eviction Lab,2025,https://evictionlab.org
28815,Asheville,35.6241,-82.497,15.55,93,8,Princeton Eviction Lab,2025,https://evictionlab.org
28401,Wilmington,34.3649,-78.0166,18.76,97,8,Princeton Eviction Lab,2025,https://evictionlab.org
28402,Wilmington,34.1659,-77.8993,17.2,88,8,Princeton Eviction Lab,2025,https://evictionlab.org
28403,Wilmington,34.2612,-77.8858,18.76,82,8,Princeton Eviction Lab,2025,https://evictionlab.org
28404,Wilmington,34.2521,-77.8046,18.65,100,8,Princeton Eviction Lab,2025,https://evictionlab.org
28405,Wilmington,34.0912,-77.9694,18.07,70,8,Princeton Eviction Lab,2025,https://evictionlab.org
28406,Wilmington,34.2061,-77.9729,19.11,87,8,Princeton Eviction Lab,2025,https://evictionlab.org
28407,Wilmington,34.3221,-77.826,21.27,83,8,Princeton Eviction Lab,2025,https://evictionlab.org
28408,Wilmington,34.3666,-77.8505,16.23,76,8,Princeton Eviction Lab,2025,https://evictionlab.org
28409,Wilmington,34.2809,-77.9844,19.24,97,8,Princeton Eviction Lab,2025,https://evictionlab.org
28410,Wilmington,34.205,-77.7853,21.05,70,8,Princeton Eviction Lab,2025,https://evictionlab.org
28411,Wilmington,34.3567,-77.9451,16.53,72,8,Princeton Eviction Lab,2025,https://evictionlab.org
28412,Wilmington,34.3258,-77.8794,17.06,71,8,Princeton Eviction Lab,2025,https://evictionlab.org
28413,Wilmington,34.3283,-77.8124,18.49,83,8,Princeton Eviction Lab,2025,https://evictionlab.org
28414,Wilmington,34.2851,-78.0868,15.63,96,8,Princeton Eviction Lab,2025,https://evictionlab.org
28415,Wilmington,34.2604,-78.0358,20.28,82,8,Princeton Eviction Lab,2025,https://evictionlab.org
27101,Winston-Salem,35.9973,-80.1492,20.63,89,8,Princeton Eviction Lab,2025,https://evictionlab.org
27102,Winston-Salem,36.0029,-80.4242,20.58,69,8,Princeton Eviction Lab,2025,https://evictionlab.org
27103,Winston-Salem,36.223,-80.168,17.1,93,8,Princeton Eviction Lab,2025,https://evictionlab.org
27104,Winston-Salem,35.985,-80.1287,18.03,76,8,Princeton Eviction Lab,2025,https://evictionlab.org
27105,Winston-Salem,36.2445,-80.2856,15.89,74,8,Princeton Eviction Lab,2025,https://evictionlab.org
27106,Winston-Salem,36.2495,-80.2037,20.14,74,8,Princeton Eviction Lab,2025,https://evictionlab.org
27107,Winston-Salem,36.1911,-80.345,15.71,80,8,Princeton Eviction Lab,2025,https://evictionlab.org
27108,Winston-Salem,36.2195,-80.0711,19.77,76,8,Princeton Eviction Lab,2025,https://evictionlab.org
27109,Winston-Salem,36.0873,-80.3974,16.06,74,8,Princeton Eviction Lab,2025,https://evictionlab.org
27110,Winston-Salem,36.2393,-80.3048,20.56,89,8,Princeton Eviction Lab,2025,https://evictionlab.org
27111,Winston-Salem,36.1759,-80.2725,19.68,85,8,Princeton Eviction Lab,2025,https://evictionlab.org
27112,Winston-Salem,36.0104,-80.1828,21.78,75,8,Princeton Eviction Lab,2025,https://evictionlab.org
27113,Winston-Salem,35.9638,-80.3199,19.26,79,8,Princeton Eviction Lab,2025,https://evictionlab.org
27114,Winston-Salem,36.0353,-80.0996,16.78,84,8,Princeton Eviction Lab,2025,https://evictionlab.org
27115,Winston-Salem,36.1689,-80.3089,19.59,81,8,Princeton Eviction Lab,2025,https://evictionlab.org
27401,Greensboro,35.9595,-79.8407,18.91,72,8,Princeton Eviction Lab,2025,https://evictionlab.org
27402,Greensboro,36.0916,-79.887,17.18,86,8,Princeton Eviction Lab,2025,https://evictionlab.org
27403,Greensboro,36.0934,-79.8383,21.3,71,8,Princeton Eviction Lab,2025,https://evictionlab.org
27404,Greensboro,36.1839,-79.8369,20.77,77,8,Princeton Eviction Lab,2025,https://evictionlab.org
27405,Greensboro,36.1583,-79.7881,19.26,97,8,Princeton Eviction Lab,2025,https://evictionlab.org
27406,Greensboro,36.1104,-79.9492,20.23,74,8,Princeton Eviction Lab,2025,https://evictionlab.org
27407,Greensboro,36.1398,-79.8158,19.92,74,8,Princeton Eviction Lab,2025,https://evictionlab.org
27408,Greensboro,36.1592,-79.6758,17.53,96,8,Princeton Eviction Lab,2025,https://evictionlab.org
27409,Greensboro,36.0295,-79.7582,18.87,83,8,Princeton Eviction Lab,2025,https://evictionlab.org
27410,Greensboro,35.9436,-79.9177,20.6,72,8,Princeton Eviction Lab,2025,https://evictionlab.org
27411,Greensboro,35.9339,-79.9034,21.76,74,8,Princeton Eviction Lab,2025,https://evictionlab.org
27412,Greensboro,36.0767,-79.9471,19.62,73,8,Princeton Eviction Lab,2025,https://evictionlab.org
27413,Greensboro,35.9547,-79.684,20.23,99,8,Princeton Eviction Lab,2025,https://evictionlab.org
27414,Greensboro,36.1511,-79.8327,18.53,77,8,Princeton Eviction Lab,2025,https://evictionlab.org
27415,Greensboro,35.9316,-79.8185,17.79,88,8,Princeton Eviction Lab,2025,https://evictionlab.org
43001,Grand Rapids,42.8743,-85.7216,18.8,91,8,Princeton Eviction Lab,2025,https://evictionlab.org
43002,Grand Rapids,42.8528,-85.5014,20.11,73,8,Princeton Eviction Lab,2025,https://evictionlab.org
43003,Grand Rapids,42.8491,-85.781,21.46,83,8,Princeton Eviction Lab,2025,https://evictionlab.org
43004,Grand Rapids,43.0914,-85.5842,19.97,87,8,Princeton Eviction Lab,2025,https://evictionlab.org
43005,Grand Rapids,42.9423,-85.7296,21.6,98,8,Princeton Eviction Lab,2025,https://evictionlab.org
43006,Grand Rapids,42.9598,-85.5206,18.43,84,8,Princeton Eviction Lab,2025,https://evictionlab.org
43007,Grand Rapids,43.0938,-85.8338,18.28,74,8,Princeton Eviction Lab,2025,https://evictionlab.org
43008,Grand Rapids,42.9741,-85.5531,20.42,98,8,Princeton Eviction Lab,2025,https://evictionlab.org
43009,Grand Rapids,43.0076,-85.5104,19.29,89,8,Princeton Eviction Lab,2025,https://evictionlab.org
43010,Grand Rapids,43.079,-85.6645,15.83,95,8,Princeton Eviction Lab,2025,https://evictionlab.org
43011,Grand Rapids,42.848,-85.6731,17.04,73,8,Princeton Eviction Lab,2025,https://evictionlab.org
43012,Grand Rapids,42.9436,-85.8077,16.87,86,8,Princeton Eviction Lab,2025,https://evictionlab.org
43013,Grand Rapids,42.9982,-85.7607,21.27,98,8,Princeton Eviction Lab,2025,https://evictionlab.org
43014,Grand Rapids,42.9773,-85.6825,19.24,83,8,Princeton Eviction Lab,2025,https://evictionlab.org
43015,Grand Rapids,43.0342,-85.5218,20.95,72,8,Princeton Eviction Lab,2025,https://evictionlab.org
48201,Detroit,42.1973,-83.2206,21.08,77,8,Princeton Eviction Lab,2025,https://evictionlab.org
48202,Detroit,42.4177,-83.0689,19.7,80,8,Princeton Eviction Lab,2025,https://evictionlab.org
48203,Detroit,42.2453,-82.9203,15.25,79,8,Princeton Eviction Lab,2025,https://evictionlab.org
48204,Detroit,42.3573,-83.0502,21.76,84,8,Princeton Eviction Lab,2025,https://evictionlab.org
48205,Detroit,42.3991,-83.0134,17.79,92,8,Princeton Eviction Lab,2025,https://evictionlab.org
48206,Detroit,42.3306,-83.0813,20.68,75,8,Princeton Eviction Lab,2025,https://evictionlab.org
48207,Detroit,42.4278,-82.9771,18.93,89,8,Princeton Eviction Lab,2025,https://evictionlab.org
48208,Detroit,42.302,-83.0174,19.47,72,8,Princeton Eviction Lab,2025,https://evictionlab.org
48209,Detroit,42.4095,-83.1609,20.45,98,8,Princeton Eviction Lab,2025,https://evictionlab.org
48210,Detroit,42.3559,-83.1481,17.34,92,8,Princeton Eviction Lab,2025,https://evictionlab.org
48211,Detroit,42.3471,-82.9015,20.74,74,8,Princeton Eviction Lab,2025,https://evictionlab.org
48212,Detroit,42.4259,-82.9867,21.45,80,8,Princeton Eviction Lab,2025,https://evictionlab.org
48213,Detroit,42.2223,-82.9804,17.33,77,8,Princeton Eviction Lab,2025,https://evictionlab.org
48214,Detroit,42.3393,-83.1273,19.8,99,8,Princeton Eviction Lab,2025,https://evictionlab.org
48215,Detroit,42.3572,-83.1742,16.6,72,8,Princeton Eviction Lab,2025,https://evictionlab.org
48216,Detroit,42.1875,-83.005,21.35,88,8,Princeton Eviction Lab,2025,https://evictionlab.org
48217,Detroit,42.2142,-83.1564,21.55,79,8,Princeton Eviction Lab,2025,https://evictionlab.org
48218,Detroit,42.235,-82.9388,19.09,79,8,Princeton Eviction Lab,2025,https://evictionlab.org
48219,Detroit,42.2016,-82.9326,19.88,84,8,Princeton Eviction Lab,2025,https://evictionlab.org
48220,Detroit,42.216,-82.8858,19.41,78,8,Princeton Eviction Lab,2025,https://evictionlab.org
48221,Detroit,42.2089,-82.8904,17.59,84,8,Princeton Eviction Lab,2025,https://evictionlab.org
48222,Detroit,42.3252,-83.0244,16.02,71,8,Princeton Eviction Lab,2025,https://evictionlab.org
48223,Detroit,42.2834,-83.1586,17.4,70,8,Princeton Eviction Lab,2025,https://evictionlab.org
48224,Detroit,42.2125,-83.1802,15.76,89,8,Princeton Eviction Lab,2025,https://evictionlab.org
48225,Detroit,42.2286,-83.0667,18.13,93,8,Princeton Eviction Lab,2025,https://evictionlab.org
44101,Cleveland,41.4554,-81.6311,18.42,95,8,Princeton Eviction Lab,2025,https://evictionlab.org
44102,Cleveland,41.351,-81.8176,20.04,96,8,Princeton Eviction Lab,2025,https://evictionlab.org
44103,Cleveland,41.5309,-81.673,20.13,90,8,Princeton Eviction Lab,2025,https://evictionlab.org
44104,Cleveland,41.5694,-81.8496,20.86,73,8,Princeton Eviction Lab,2025,https://evictionlab.org
44105,Cleveland,41.4309,-81.6931,16.44,96,8,Princeton Eviction Lab,2025,https://evictionlab.org
44106,Cleveland,41.4878,-81.5888,20.18,96,8,Princeton Eviction Lab,2025,https://evictionlab.org
44107,Cleveland,41.4322,-81.6131,17.54,70,8,Princeton Eviction Lab,2025,https://evictionlab.org
44108,Cleveland,41.3693,-81.8196,20.64,90,8,Princeton Eviction Lab,2025,https://evictionlab.org
44109,Cleveland,41.4538,-81.8648,20.21,84,8,Princeton Eviction Lab,2025,https://evictionlab.org
44110,Cleveland,41.4196,-81.5907,20.83,89,8,Princeton Eviction Lab,2025,https://evictionlab.org
44111,Cleveland,41.4227,-81.7312,16.56,88,8,Princeton Eviction Lab,2025,https://evictionlab.org
44112,Cleveland,41.519,-81.8288,17.44,85,8,Princeton Eviction Lab,2025,https://evictionlab.org
44113,Cleveland,41.6069,-81.5239,20.94,84,8,Princeton Eviction Lab,2025,https://evictionlab.org
44114,Cleveland,41.6238,-81.8331,19.68,90,8,Princeton Eviction Lab,2025,https://evictionlab.org
44115,Cleveland,41.3969,-81.6232,17.69,88,8,Princeton Eviction Lab,2025,https://evictionlab.org
44116,Cleveland,41.64,-81.7835,18.3,73,8,Princeton Eviction Lab,2025,https://evictionlab.org
44117,Cleveland,41.3571,-81.6929,17.9,90,8,Princeton Eviction Lab,2025,https://evictionlab.org
44118,Cleveland,41.4846,-81.7242,16.54,86,8,Princeton Eviction Lab,2025,https://evictionlab.org
44119,Cleveland,41.4413,-81.7524,18.43,79,8,Princeton Eviction Lab,2025,https://evictionlab.org
44120,Cleveland,41.3535,-81.5433,18.04,91,8,Princeton Eviction Lab,2025,https://evictionlab.org
45201,Cincinnati,39.0155,-84.3903,17.28,90,8,Princeton Eviction Lab,2025,https://evictionlab.org
45202,Cincinnati,39.1867,-84.3378,17.36,92,8,Princeton Eviction Lab,2025,https://evictionlab.org
45203,Cincinnati,39.0536,-84.6602,15.67,83,8,Princeton Eviction Lab,2025,https://evictionlab.org
45204,Cincinnati,39.1058,-84.4079,17.74,78,8,Princeton Eviction Lab,2025,https://evictionlab.org
45205,Cincinnati,39.1155,-84.5335,15.21,95,8,Princeton Eviction Lab,2025,https://evictionlab.org
45206,Cincinnati,38.9712,-84.6044,15.25,86,8,Princeton Eviction Lab,2025,https://evictionlab.org
45207,Cincinnati,39.208,-84.3521,21.19,83,8,Princeton Eviction Lab,2025,https://evictionlab.org
45208,Cincinnati,39.2018,-84.5587,19.53,75,8,Princeton Eviction Lab,2025,https://evictionlab.org
45209,Cincinnati,39.2051,-84.6332,18.83,78,8,Princeton Eviction Lab,2025,https://evictionlab.org
45210,Cincinnati,39.0084,-84.3704,21.73,80,8,Princeton Eviction Lab,2025,https://evictionlab.org
45211,Cincinnati,39.2116,-84.4967,20.77,93,8,Princeton Eviction Lab,2025,https://evictionlab.org
45212,Cincinnati,38.9616,-84.5632,15.61,88,8,Princeton Eviction Lab,2025,https://evictionlab.org
45213,Cincinnati,39.0754,-84.6851,21.3,89,8,Princeton Eviction Lab,2025,https://evictionlab.org
45214,Cincinnati,39.1589,-84.6154,15.34,92,8,Princeton Eviction Lab,2025,https://evictionlab.org
45215,Cincinnati,39.165,-84.399,18.73,100,8,Princeton Eviction Lab,2025,https://evictionlab.org
45216,Cincinnati,39.0157,-84.5888,19.21,88,8,Princeton Eviction Lab,2025,https://evictionlab.org
45217,Cincinnati,39.1828,-84.5521,16.04,83,8,Princeton Eviction Lab,2025,https://evictionlab.org
45218,Cincinnati,39.0353,-84.5898,20.04,72,8,Princeton Eviction Lab,2025,https://evictionlab.org
45219,Cincinnati,39.1363,-84.5017,20.62,87,8,Princeton Eviction Lab,2025,https://evictionlab.org
45220,Cincinnati,39.0779,-84.4413,19.61,79,8,Princeton Eviction Lab,2025,https://evictionlab.org
15201,Pittsburgh,40.4524,-79.9771,19.5,72,8,Princeton Eviction Lab,2025,https://evictionlab.org
15202,Pittsburgh,40.5581,-79.9257,17.96,79,8,Princeton Eviction Lab,2025,https://evictionlab.org
15203,Pittsburgh,40.3635,-80.0336,20.49,70,8,Princeton Eviction Lab,2025,https://evictionlab.org
15204,Pittsburgh,40.3473,-80.0178,17.81,84,8,Princeton Eviction Lab,2025,https://evictionlab.org
15205,Pittsburgh,40.3558,-79.9812,20.77,88,8,Princeton Eviction Lab,2025,https://evictionlab.org
15206,Pittsburgh,40.3223,-79.8985,16.31,95,8,Princeton Eviction Lab,2025,https://evictionlab.org
15207,Pittsburgh,40.3241,-80.0968,16.24,97,8,Princeton Eviction Lab,2025,https://evictionlab.org
15208,Pittsburgh,40.5668,-80.0882,18.69,91,8,Princeton Eviction Lab,2025,https://evictionlab.org
15209,Pittsburgh,40.4743,-80.1519,20.98,77,8,Princeton Eviction Lab,2025,https://evictionlab.org
15210,Pittsburgh,40.4457,-79.9638,17.62,79,8,Princeton Eviction Lab,2025,https://evictionlab.org
15211,Pittsburgh,40.3792,-79.884,18.38,78,8,Princeton Eviction Lab,2025,https://evictionlab.org
15212,Pittsburgh,40.5621,-80.0021,16.02,98,8,Princeton Eviction Lab,2025,https://evictionlab.org
15213,Pittsburgh,40.554,-79.9498,19.17,73,8,Princeton Eviction Lab,2025,https://evictionlab.org
15214,Pittsburgh,40.3166,-79.9746,17.01,97,8,Princeton Eviction Lab,2025,https://evictionlab.org
15215,Pittsburgh,40.41,-79.8984,21.4,92,8,Princeton Eviction Lab,2025,https://evictionlab.org
15216,Pittsburgh,40.4183,-80.127,20.41,86,8,Princeton Eviction Lab,2025,https://evictionlab.org
15217,Pittsburgh,40.3513,-80.0798,17.2,91,8,Princeton Eviction Lab,2025,https://evictionlab.org
15218,Pittsburgh,40.297,-80.0886,17.64,90,8,Princeton Eviction Lab,2025,https://evictionlab.org
15219,Pittsburgh,40.4321,-80.0909,18.83,83,8,Princeton Eviction Lab,2025,https://evictionlab.org
15220,Pittsburgh,40.5455,-79.824,19.98,84,8,Princeton Eviction Lab,2025,https://evictionlab.org
02901,Providence,41.6886,-71.4873,21.76,90,8,Princeton Eviction Lab,2025,https://evictionlab.org
02902,Providence,41.925,-71.3528,17.72,94,8,Princeton Eviction Lab,2025,https://evictionlab.org
02903,Providence,41.8031,-71.3068,21.21,84,8,Princeton Eviction Lab,2025,https://evictionlab.org
02904,Providence,41.9018,-71.2444,17.43,82,8,Princeton Eviction Lab,2025,https://evictionlab.org
02905,Providence,41.9237,-71.4427,21.52,92,8,Princeton Eviction Lab,2025,https://evictionlab.org
02906,Providence,41.674,-71.479,18.86,71,8,Princeton Eviction Lab,2025,https://evictionlab.org
02907,Providence,41.735,-71.3862,17.21,97,8,Princeton Eviction Lab,2025,https://evictionlab.org
02908,Providence,41.847,-71.3514,17.09,97,8,Princeton Eviction Lab,2025,https://evictionlab.org
02909,Providence,41.8401,-71.4123,21.27,87,8,Princeton Eviction Lab,2025,https://evictionlab.org
02910,Providence,41.7101,-71.4958,19.85,81,8,Princeton Eviction Lab,2025,https://evictionlab.org
02911,Providence,41.8589,-71.5509,21.12,91,8,Princeton Eviction Lab,2025,https://evictionlab.org
02912,Providence,41.7267,-71.4433,18.02,99,8,Princeton Eviction Lab,2025,https://evictionlab.org
02913,Providence,41.9216,-71.4887,20.88,95,8,Princeton Eviction Lab,2025,https://evictionlab.org
02914,Providence,41.9424,-71.2618,17.61,72,8,Princeton Eviction Lab,2025,https://evictionlab.org
02915,Providence,41.9646,-71.4094,18.6,71,8,Princeton Eviction Lab,2025,https://evictionlab.org
06101,Hartford,41.852,-72.6067,16.28,76,8,Princeton Eviction Lab,2025,https://evictionlab.org
06102,Hartford,41.7674,-72.5334,16.93,79,8,Princeton Eviction Lab,2025,https://evictionlab.org
06103,Hartford,41.8517,-72.8215,15.54,77,8,Princeton Eviction Lab,2025,https://evictionlab.org
06104,Hartford,41.7749,-72.6497,17.23,97,8,Princeton Eviction Lab,2025,https://evictionlab.org
06105,Hartford,41.7886,-72.7471,16.62,90,8,Princeton Eviction Lab,2025,https://evictionlab.org
06106,Hartford,41.8591,-72.8545,18.87,93,8,Princeton Eviction Lab,2025,https://evictionlab.org
06107,Hartford,41.8736,-72.7358,16.57,88,8,Princeton Eviction Lab,2025,https://evictionlab.org
06108,Hartford,41.8232,-72.6952,17.93,74,8,Princeton Eviction Lab,2025,https://evictionlab.org
06109,Hartford,41.8731,-72.7441,15.68,96,8,Princeton Eviction Lab,2025,https://evictionlab.org
06110,Hartford,41.8755,-72.7274,17.67,85,8,Princeton Eviction Lab,2025,https://evictionlab.org
06111,Hartford,41.7231,-72.6872,18.26,82,8,Princeton Eviction Lab,2025,https://evictionlab.org
06112,Hartford,41.8704,-72.6832,21.63,87,8,Princeton Eviction Lab,2025,https://evictionlab.org
06113,Hartford,41.7682,-72.5119,19.97,75,8,Princeton Eviction Lab,2025,https://evictionlab.org
06114,Hartford,41.8081,-72.6731,17.23,89,8,Princeton Eviction Lab,2025,https://evictionlab.org
06115,Hartford,41.6548,-72.7291,20.0,79,8,Princeton Eviction Lab,2025,https://evictionlab.org
13201,Syracuse,43.0458,-76.2187,17.34,95,8,Princeton Eviction Lab,2025,https://evictionlab.org
13202,Syracuse,43.1113,-76.0913,17.6,84,8,Princeton Eviction Lab,2025,https://evictionlab.org
13203,Syracuse,43.0189,-76.1631,19.02,83,8,Princeton Eviction Lab,2025,https://evictionlab.org
13204,Syracuse,43.0695,-76.1434,17.83,81,8,Princeton Eviction Lab,2025,https://evictionlab.org
13205,Syracuse,43.1546,-75.972,21.81,76,8,Princeton Eviction Lab,2025,https://evictionlab.org
13206,Syracuse,43.0608,-76.302,15.81,92,8,Princeton Eviction Lab,2025,https://evictionlab.org
13207,Syracuse,43.1056,-76.0005,21.22,96,8,Princeton Eviction Lab,2025,https://evictionlab.org
13208,Syracuse,42.9504,-76.0265,16.01,81,8,Princeton Eviction Lab,2025,https://evictionlab.org
13209,Syracuse,43.0588,-76.107,18.53,96,8,Princeton Eviction Lab,2025,https://evictionlab.org
13210,Syracuse,43.0808,-76.0087,17.13,88,8,Princeton Eviction Lab,2025,https://evictionlab.org
13211,Syracuse,43.1012,-76.2866,18.35,95,8,Princeton Eviction Lab,2025,https://evictionlab.org
13212,Syracuse,43.0903,-76.2432,18.19,70,8,Princeton Eviction Lab,2025,https://evictionlab.org
13213,Syracuse,43.0426,-76.1731,20.34,80,8,Princeton Eviction Lab,2025,https://evictionlab.org
13214,Syracuse,43.0321,-75.9805,17.06,87,8,Princeton Eviction Lab,2025,https://evictionlab.org
13215,Syracuse,43.1131,-76.2484,21.37,98,8,Princeton Eviction Lab,2025,https://evictionlab.org
14601,Rochester,43.2324,-77.5741,18.88,96,8,Princeton Eviction Lab,2025,https://evictionlab.org
14602,Rochester,43.2999,-77.5609,20.5,82,8,Princeton Eviction Lab,2025,https://evictionlab.org
14603,Rochester,43.219,-77.6987,18.54,76,8,Princeton Eviction Lab,2025,https://evictionlab.org
14604,Rochester,43.0244,-77.6337,20.66,92,8,Princeton Eviction Lab,2025,https://evictionlab.org
14605,Rochester,43.2342,-77.5454,19.12,89,8,Princeton Eviction Lab,2025,https://evictionlab.org
14606,Rochester,43.0173,-77.7037,19.19,73,8,Princeton Eviction Lab,2025,https://evictionlab.org
14607,Rochester,43.198,-77.6964,21.28,90,8,Princeton Eviction Lab,2025,https://evictionlab.org
14608,Rochester,43.0127,-77.6433,18.48,78,8,Princeton Eviction Lab,2025,https://evictionlab.org
14609,Rochester,43.1293,-77.6597,18.7,98,8,Princeton Eviction Lab,2025,https://evictionlab.org
14610,Rochester,43.0485,-77.4909,15.74,92,8,Princeton Eviction Lab,2025,https://evictionlab.org
14611,Rochester,43.016,-77.6971,17.2,96,8,Princeton Eviction Lab,2025,https://evictionlab.org
14612,Rochester,43.2691,-77.5385,18.15,85,8,Princeton Eviction Lab,2025,https://evictionlab.org
14613,Rochester,43.1696,-77.5655,20.76,87,8,Princeton Eviction Lab,2025,https://evictionlab.org
14614,Rochester,43.1531,-77.7712,19.93,97,8,Princeton Eviction Lab,2025,https://evictionlab.org
14615,Rochester,43.2199,-77.4738,15.29,83,8,Princeton Eviction Lab,2025,https://evictionlab.org
14201,Buffalo,43.0176,-79.0061,17.49,81,8,Princeton Eviction Lab,2025,https://evictionlab.org
14202,Buffalo,42.7703,-78.7556,21.55,90,8,Princeton Eviction Lab,2025,https://evictionlab.org
14203,Buffalo,42.9612,-78.7407,17.97,79,8,Princeton Eviction Lab,2025,https://evictionlab.org
14204,Buffalo,42.8122,-78.8327,18.69,83,8,Princeton Eviction Lab,2025,https://evictionlab.org
14205,Buffalo,42.9099,-78.9059,18.09,85,8,Princeton Eviction Lab,2025,https://evictionlab.org
14206,Buffalo,42.7579,-78.7402,18.87,84,8,Princeton Eviction Lab,2025,https://evictionlab.org
14207,Buffalo,43.0005,-78.9477,16.85,87,8,Princeton Eviction Lab,2025,https://evictionlab.org
14208,Buffalo,42.9388,-79.0249,16.94,89,8,Princeton Eviction Lab,2025,https://evictionlab.org
14209,Buffalo,43.0004,-78.9587,20.09,74,8,Princeton Eviction Lab,2025,https://evictionlab.org
14210,Buffalo,42.7699,-78.9534,16.47,92,8,Princeton Eviction Lab,2025,https://evictionlab.org
14211,Buffalo,42.7398,-78.9726,21.62,72,8,Princeton Eviction Lab,2025,https://evictionlab.org
14212,Buffalo,42.9702,-78.8329,15.18,84,8,Princeton Eviction Lab,2025,https://evictionlab.org
14213,Buffalo,42.8028,-78.9216,15.61,73,8,Princeton Eviction Lab,2025,https://evictionlab.org
14214,Buffalo,42.9193,-79.0486,18.07,92,8,Princeton Eviction Lab,2025,https://evictionlab.org
14215,Buffalo,42.9497,-78.8541,21.83,82,8,Princeton Eviction Lab,2025,https://evictionlab.org
99501,Anchorage,61.2239,-149.7788,19.23,84,8,Princeton Eviction Lab,2025,https://evictionlab.org
99502,Anchorage,61.1348,-149.9297,18.72,92,8,Princeton Eviction Lab,2025,https://evictionlab.org
99503,Anchorage,61.3439,-149.7859,20.91,92,8,Princeton Eviction Lab,2025,https://evictionlab.org
99504,Anchorage,61.0994,-150.0187,20.43,76,8,Princeton Eviction Lab,2025,https://evictionlab.org
99505,Anchorage,61.1344,-149.8803,21.67,88,8,Princeton Eviction Lab,2025,https://evictionlab.org
99506,Anchorage,61.1651,-149.7952,20.49,76,8,Princeton Eviction Lab,2025,https://evictionlab.org
99507,Anchorage,61.357,-149.7265,20.42,98,8,Princeton Eviction Lab,2025,https://evictionlab.org
99508,Anchorage,61.3087,-149.9868,19.25,98,8,Princeton Eviction Lab,2025,https://evictionlab.org
99509,Anchorage,61.2596,-150.0544,16.11,78,8,Princeton Eviction Lab,2025,https://evictionlab.org
99510,Anchorage,61.2513,-149.7347,18.73,88,8,Princeton Eviction Lab,2025,https://evictionlab.org
96801,Honolulu,21.4344,-157.8729,19.56,78,8,Princeton Eviction Lab,2025,https://evictionlab.org
96802,Honolulu,21.1685,-157.912,17.34,86,8,Princeton Eviction Lab,2025,https://evictionlab.org
96803,Honolulu,21.2913,-157.7544,16.39,74,8,Princeton Eviction Lab,2025,https://evictionlab.org
96804,Honolulu,21.3188,-157.7852,19.89,85,8,Princeton Eviction Lab,2025,https://evictionlab.org
96805,Honolulu,21.3697,-157.7216,16.68,97,8,Princeton Eviction Lab,2025,https://evictionlab.org
96806,Honolulu,21.3152,-157.7718,20.42,81,8,Princeton Eviction Lab,2025,https://evictionlab.org
96807,Honolulu,21.4447,-157.7036,15.41,96,8,Princeton Eviction Lab,2025,https://evictionlab.org
96808,Honolulu,21.1859,-157.7462,18.19,78,8,Princeton Eviction Lab,2025,https://evictionlab.org
96809,Honolulu,21.2634,-157.9212,19.44,84,8,Princeton Eviction Lab,2025,https://evictionlab.org
96810,Honolulu,21.4019,-157.8454,17.91,82,8,Princeton Eviction Lab,2025,https://evictionlab.org
76101,Fort Worth,32.7547,-97.1585,19.37,83,8,Princeton Eviction Lab,2025,https://evictionlab.org
76102,Fort Worth,32.6582,-97.2675,16.26,78,8,Princeton Eviction Lab,2025,https://evictionlab.org
76103,Fort Worth,32.7886,-97.1679,16.69,92,8,Princeton Eviction Lab,2025,https://evictionlab.org
76104,Fort Worth,32.7475,-97.3862,20.79,70,8,Princeton Eviction Lab,2025,https://evictionlab.org
76105,Fort Worth,32.9002,-97.2705,19.87,71,8,Princeton Eviction Lab,2025,https://evictionlab.org
76106,Fort Worth,32.8599,-97.4859,21.51,78,8,Princeton Eviction Lab,2025,https://evictionlab.org
76107,Fort Worth,32.8788,-97.2149,16.28,71,8,Princeton Eviction Lab,2025,https://evictionlab.org
76108,Fort Worth,32.7816,-97.2837,16.38,88,8,Princeton Eviction Lab,2025,https://evictionlab.org
76109,Fort Worth,32.6143,-97.3858,15.75,85,8,Princeton Eviction Lab,2025,https://evictionlab.org
76110,Fort Worth,32.7352,-97.3326,16.81,81,8,Princeton Eviction Lab,2025,https://evictionlab.org
76111,Fort Worth,32.8995,-97.311,21.42,73,8,Princeton Eviction Lab,2025,https://evictionlab.org
76112,Fort Worth,32.7093,-97.5105,17.45,96,8,Princeton Eviction Lab,2025,https://evictionlab.org
76113,Fort Worth,32.7693,-97.4406,18.15,79,8,Princeton Eviction Lab,2025,https://evictionlab.org
76114,Fort Worth,32.8259,-97.2174,19.86,92,8,Princeton Eviction Lab,2025,https://evictionlab.org
76115,Fort Worth,32.8768,-97.1927,18.14,94,8,Princeton Eviction Lab,2025,https://evictionlab.org
78401,Corpus Christi,27.7965,-97.2803,16.19,74,8,Princeton Eviction Lab,2025,https://evictionlab.org
78402,Corpus Christi,27.8657,-97.2384,18.84,98,8,Princeton Eviction Lab,2025,https://evictionlab.org
78403,Corpus Christi,27.8911,-97.5661,20.8,73,8,Princeton Eviction Lab,2025,https://evictionlab.org
78404,Corpus Christi,27.8449,-97.4315,15.67,87,8,Princeton Eviction Lab,2025,https://evictionlab.org
78405,Corpus Christi,27.6976,-97.5432,21.81,91,8,Princeton Eviction Lab,2025,https://evictionlab.org
78406,Corpus Christi,27.8832,-97.2819,19.87,71,8,Princeton Eviction Lab,2025,https://evictionlab.org
78407,Corpus Christi,27.8981,-97.3536,15.35,76,8,Princeton Eviction Lab,2025,https://evictionlab.org
78408,Corpus Christi,27.8209,-97.5554,15.21,78,8,Princeton Eviction Lab,2025,https://evictionlab.org
78409,Corpus Christi,27.8942,-97.4693,19.62,94,8,Princeton Eviction Lab,2025,https://evictionlab.org
78410,Corpus Christi,27.8702,-97.2471,15.75,83,8,Princeton Eviction Lab,2025,https://evictionlab.org
78411,Corpus Christi,27.846,-97.3758,21.08,70,8,Princeton Eviction Lab,2025,https://evictionlab.org
78412,Corpus Christi,27.7306,-97.4006,19.29,86,8,Princeton Eviction Lab,2025,https://evictionlab.org
78413,Corpus Christi,27.8118,-97.3349,18.47,71,8,Princeton Eviction Lab,2025,https://evictionlab.org
78414,Corpus Christi,27.8473,-97.3811,18.23,80,8,Princeton Eviction Lab,2025,https://evictionlab.org
78415,Corpus Christi,27.862,-97.2876,21.44,79,8,Princeton Eviction Lab,2025,https://evictionlab.org
79401,Lubbock,33.5153,-101.7663,16.37,94,8,Princeton Eviction Lab,2025,https://evictionlab.org
79402,Lubbock,33.7197,-102.015,20.54,69,8,Princeton Eviction Lab,2025,https://evictionlab.org
79403,Lubbock,33.5141,-101.7007,21.35,84,8,Princeton Eviction Lab,2025,https://evictionlab.org
79404,Lubbock,33.6251,-101.988,16.96,96,8,Princeton Eviction Lab,2025,https://evictionlab.org
79405,Lubbock,33.6265,-101.9366,20.79,86,8,Princeton Eviction Lab,2025,https://evictionlab.org
79406,Lubbock,33.522,-101.6911,20.74,88,8,Princeton Eviction Lab,2025,https://evictionlab.org
79407,Lubbock,33.5654,-101.9654,21.43,86,8,Princeton Eviction Lab,2025,https://evictionlab.org
79408,Lubbock,33.4399,-101.7233,19.25,76,8,Princeton Eviction Lab,2025,https://evictionlab.org
79409,Lubbock,33.6062,-101.936,20.02,73,8,Princeton Eviction Lab,2025,https://evictionlab.org
79410,Lubbock,33.6885,-101.9207,15.29,99,8,Princeton Eviction Lab,2025,https://evictionlab.org
79101,Amarillo,35.119,-101.738,19.81,84,8,Princeton Eviction Lab,2025,https://evictionlab.org
79102,Amarillo,35.1821,-101.8009,16.35,93,8,Princeton Eviction Lab,2025,https://evictionlab.org
79103,Amarillo,35.28,-101.7577,16.03,88,8,Princeton Eviction Lab,2025,https://evictionlab.org
79104,Amarillo,35.2449,-101.8237,21.42,75,8,Princeton Eviction Lab,2025,https://evictionlab.org
79105,Amarillo,35.1416,-101.7652,19.9,70,8,Princeton Eviction Lab,2025,https://evictionlab.org
79106,Amarillo,35.0753,-101.959,20.48,72,8,Princeton Eviction Lab,2025,https://evictionlab.org
79107,Amarillo,35.2465,-101.9093,16.76,79,8,Princeton Eviction Lab,2025,https://evictionlab.org
79108,Amarillo,35.3533,-102.0021,20.61,76,8,Princeton Eviction Lab,2025,https://evictionlab.org
79109,Amarillo,35.3543,-101.6868,15.18,89,8,Princeton Eviction Lab,2025,https://evictionlab.org
79110,Amarillo,35.2963,-101.8671,15.36,89,8,Princeton Eviction Lab,2025,https://evictionlab.org
76201,Denton,33.2099,-97.0283,19.49,77,8,Princeton Eviction Lab,2025,https://evictionlab.org
76202,Denton,33.1825,-97.2035,16.98,89,8,Princeton Eviction Lab,2025,https://evictionlab.org
76203,Denton,33.135,-97.2498,21.21,99,8,Princeton Eviction Lab,2025,https://evictionlab.org
76204,Denton,33.1825,-97.0021,19.83,84,8,Princeton Eviction Lab,2025,https://evictionlab.org
76205,Denton,33.0919,-97.2902,19.89,95,8,Princeton Eviction Lab,2025,https://evictionlab.org
76206,Denton,33.2081,-97.0504,19.91,73,8,Princeton Eviction Lab,2025,https://evictionlab.org
76207,Denton,33.1922,-97.0169,17.09,97,8,Princeton Eviction Lab,2025,https://evictionlab.org
76208,Denton,33.1471,-96.9693,16.3,88,8,Princeton Eviction Lab,2025,https://evictionlab.org
76209,Denton,33.2857,-97.0391,16.64,88,8,Princeton Eviction Lab,2025,https://evictionlab.org
76210,Denton,33.2026,-96.9928,19.54,80,8,Princeton Eviction Lab,2025,https://evictionlab.org
75401,Greenville TX,33.1181,-96.1485,21.26,92,8,Princeton Eviction Lab,2025,https://evictionlab.org
75402,Greenville TX,33.1258,-96.0154,21.0,90,8,Princeton Eviction Lab,2025,https://evictionlab.org
75403,Greenville TX,33.1463,-96.0361,21.5,75,8,Princeton Eviction Lab,2025,https://evictionlab.org
75404,Greenville TX,33.2625,-96.1611,18.77,94,8,Princeton Eviction Lab,2025,https://evictionlab.org
75405,Greenville TX,33.2091,-96.2445,19.44,93,8,Princeton Eviction Lab,2025,https://evictionlab.org
75406,Greenville TX,33.055,-96.173,18.21,70,8,Princeton Eviction Lab,2025,https://evictionlab.org
75407,Greenville TX,33.2114,-96.043,20.59,78,8,Princeton Eviction Lab,2025,https://evictionlab.org
75408,Greenville TX,33.114,-96.1377,20.41,88,8,Princeton Eviction Lab,2025,https://evictionlab.org
75409,Greenville TX,33.065,-96.1166,18.81,75,8,Princeton Eviction Lab,2025,https://evictionlab.org
75410,Greenville TX,33.3071,-95.9658,15.59,91,8,Princeton Eviction Lab,2025,https://evictionlab.org
36101,Montgomery,32.3959,-86.2919,20.95,74,8,Princeton Eviction Lab,2025,https://evictionlab.org
36102,Montgomery,32.2358,-86.2049,19.68,96,8,Princeton Eviction Lab,2025,https://evictionlab.org
36103,Montgomery,32.4886,-86.4499,18.2,73,8,Princeton Eviction Lab,2025,https://evictionlab.org
36104,Montgomery,32.3342,-86.1669,18.13,80,8,Princeton Eviction Lab,2025,https://evictionlab.org
36105,Montgomery,32.3037,-86.432,20.73,72,8,Princeton Eviction Lab,2025,https://evictionlab.org
36106,Montgomery,32.4883,-86.3256,19.52,94,8,Princeton Eviction Lab,2025,https://evictionlab.org
36107,Montgomery,32.3615,-86.2148,19.13,85,8,Princeton Eviction Lab,2025,https://evictionlab.org
36108,Montgomery,32.2218,-86.463,17.49,96,8,Princeton Eviction Lab,2025,https://evictionlab.org
36109,Montgomery,32.2646,-86.1847,16.07,89,8,Princeton Eviction Lab,2025,https://evictionlab.org
36110,Montgomery,32.4829,-86.4256,20.9,84,8,Princeton Eviction Lab,2025,https://evictionlab.org
36601,Mobile,30.611,-87.8918,17.89,72,8,Princeton Eviction Lab,2025,https://evictionlab.org
36602,Mobile,30.5864,-88.2037,21.65,93,8,Princeton Eviction Lab,2025,https://evictionlab.org
36603,Mobile,30.7569,-88.1984,19.36,79,8,Princeton Eviction Lab,2025,https://evictionlab.org
36604,Mobile,30.7953,-87.919,18.78,89,8,Princeton Eviction Lab,2025,https://evictionlab.org
36605,Mobile,30.5644,-88.0322,15.61,95,8,Princeton Eviction Lab,2025,https://evictionlab.org
36606,Mobile,30.7494,-88.1855,19.49,94,8,Princeton Eviction Lab,2025,https://evictionlab.org
36607,Mobile,30.6156,-87.9536,19.01,71,8,Princeton Eviction Lab,2025,https://evictionlab.org
36608,Mobile,30.6756,-88.1351,20.24,89,8,Princeton Eviction Lab,2025,https://evictionlab.org
36609,Mobile,30.5489,-88.0187,21.58,96,8,Princeton Eviction Lab,2025,https://evictionlab.org
36610,Mobile,30.5534,-88.1658,21.49,77,8,Princeton Eviction Lab,2025,https://evictionlab.org
31201,Macon,32.9122,-83.5236,18.74,97,8,Princeton Eviction Lab,2025,https://evictionlab.org
31202,Macon,32.8308,-83.8022,16.25,74,8,Princeton Eviction Lab,2025,https://evictionlab.org
31203,Macon,32.881,-83.6344,18.92,97,8,Princeton Eviction Lab,2025,https://evictionlab.org
31204,Macon,32.8412,-83.5994,20.13,70,8,Princeton Eviction Lab,2025,https://evictionlab.org
31205,Macon,32.8797,-83.7902,19.42,94,8,Princeton Eviction Lab,2025,https://evictionlab.org
31206,Macon,32.7735,-83.6513,15.39,95,8,Princeton Eviction Lab,2025,https://evictionlab.org
31207,Macon,32.934,-83.7794,21.13,83,8,Princeton Eviction Lab,2025,https://evictionlab.org
31208,Macon,32.7645,-83.4904,15.45,99,8,Princeton Eviction Lab,2025,https://evictionlab.org
31209,Macon,32.9827,-83.6256,20.01,93,8,Princeton Eviction Lab,2025,https://evictionlab.org
31210,Macon,32.8647,-83.7167,19.73,88,8,Princeton Eviction Lab,2025,https://evictionlab.org
30901,Augusta,33.4576,-81.844,16.55,72,8,Princeton Eviction Lab,2025,https://evictionlab.org
30902,Augusta,33.4432,-82.0922,16.99,75,8,Princeton Eviction Lab,2025,https://evictionlab.org
30903,Augusta,33.4799,-81.9335,15.7,70,8,Princeton Eviction Lab,2025,https://evictionlab.org
30904,Augusta,33.3942,-81.9079,17.35,73,8,Princeton Eviction Lab,2025,https://evictionlab.org
30905,Augusta,33.393,-81.9894,17.33,95,8,Princeton Eviction Lab,2025,https://evictionlab.org
30906,Augusta,33.3948,-82.168,21.49,71,8,Princeton Eviction Lab,2025,https://evictionlab.org
30907,Augusta,33.418,-81.9768,16.45,77,8,Princeton Eviction Lab,2025,https://evictionlab.org
30908,Augusta,33.5507,-82.1129,17.35,95,8,Princeton Eviction Lab,2025,https://evictionlab.org
30909,Augusta,33.5734,-82.1482,20.23,80,8,Princeton Eviction Lab,2025,https://evictionlab.org
30910,Augusta,33.5498,-81.9518,19.2,81,8,Princeton Eviction Lab,2025,https://evictionlab.org
70801,Baton Rouge,30.5762,-91.2582,17.69,70,8,Princeton Eviction Lab,2025,https://evictionlab.org
70802,Baton Rouge,30.5067,-91.0399,21.5,91,8,Princeton Eviction Lab,2025,https://evictionlab.org
70803,Baton Rouge,30.5539,-91.1479,15.51,83,8,Princeton Eviction Lab,2025,https://evictionlab.org
70804,Baton Rouge,30.3378,-91.3183,16.11,90,8,Princeton Eviction Lab,2025,https://evictionlab.org
70805,Baton Rouge,30.5312,-91.2347,18.61,92,8,Princeton Eviction Lab,2025,https://evictionlab.org
70806,Baton Rouge,30.5972,-91.0817,19.67,80,8,Princeton Eviction Lab,2025,https://evictionlab.org
70807,Baton Rouge,30.4069,-91.1238,15.32,77,8,Princeton Eviction Lab,2025,https://evictionlab.org
70808,Baton Rouge,30.3899,-91.2711,20.8,94,8,Princeton Eviction Lab,2025,https://evictionlab.org
70809,Baton Rouge,30.5456,-91.3632,19.82,87,8,Princeton Eviction Lab,2025,https://evictionlab.org
70810,Baton Rouge,30.3322,-91.1683,17.64,80,8,Princeton Eviction Lab,2025,https://evictionlab.org
70811,Baton Rouge,30.3089,-91.3416,20.5,86,8,Princeton Eviction Lab,2025,https://evictionlab.org
70812,Baton Rouge,30.4158,-91.2374,15.52,82,8,Princeton Eviction Lab,2025,https://evictionlab.org
70813,Baton Rouge,30.3226,-91.3601,17.84,74,8,Princeton Eviction Lab,2025,https://evictionlab.org
70814,Baton Rouge,30.5252,-91.3368,20.98,84,8,Princeton Eviction Lab,2025,https://evictionlab.org
70815,Baton Rouge,30.5757,-91.0282,19.96,82,8,Princeton Eviction Lab,2025,https://evictionlab.org
71101,Shreveport,32.5358,-93.8159,21.16,70,8,Princeton Eviction Lab,2025,https://evictionlab.org
71102,Shreveport,32.4687,-93.6927,19.55,97,8,Princeton Eviction Lab,2025,https://evictionlab.org
71103,Shreveport,32.6235,-93.7468,18.85,90,8,Princeton Eviction Lab,2025,https://evictionlab.org
71104,Shreveport,32.5257,-93.9166,20.54,71,8,Princeton Eviction Lab,2025,https://evictionlab.org
71105,Shreveport,32.4053,-93.7802,18.0,91,8,Princeton Eviction Lab,2025,https://evictionlab.org
71106,Shreveport,32.4774,-93.6079,16.13,78,8,Princeton Eviction Lab,2025,https://evictionlab.org
71107,Shreveport,32.58,-93.6863,15.87,70,8,Princeton Eviction Lab,2025,https://evictionlab.org
71108,Shreveport,32.4673,-93.6525,19.35,95,8,Princeton Eviction Lab,2025,https://evictionlab.org
71109,Shreveport,32.5288,-93.7222,20.94,90,8,Princeton Eviction Lab,2025,https://evictionlab.org
71110,Shreveport,32.6259,-93.6311,17.4,70,8,Princeton Eviction Lab,2025,https://evictionlab.org
70501,Lafayette,30.3512,-92.1268,17.67,93,8,Princeton Eviction Lab,2025,https://evictionlab.org
70502,Lafayette,30.3597,-92.1401,21.75,87,8,Princeton Eviction Lab,2025,https://evictionlab.org
70503,Lafayette,30.2337,-92.0247,19.79,79,8,Princeton Eviction Lab,2025,https://evictionlab.org
70504,Lafayette,30.183,-91.9374,15.84,88,8,Princeton Eviction Lab,2025,https://evictionlab.org
70505,Lafayette,30.3388,-92.1054,18.74,76,8,Princeton Eviction Lab,2025,https://evictionlab.org
70506,Lafayette,30.0771,-92.1089,20.52,77,8,Princeton Eviction Lab,2025,https://evictionlab.org
70507,Lafayette,30.3403,-92.1842,20.03,94,8,Princeton Eviction Lab,2025,https://evictionlab.org
70508,Lafayette,30.295,-92.1503,16.1,85,8,Princeton Eviction Lab,2025,https://evictionlab.org
70509,Lafayette,30.1123,-92.1867,17.38,92,8,Princeton Eviction Lab,2025,https://evictionlab.org
70510,Lafayette,30.088,-92.1943,17.04,82,8,Princeton Eviction Lab,2025,https://evictionlab.org
74101,Tulsa,36.1745,-96.0746,19.21,82,8,Princeton Eviction Lab,2025,https://evictionlab.org
74102,Tulsa,36.1187,-95.8542,18.0,80,8,Princeton Eviction Lab,2025,https://evictionlab.org
74103,Tulsa,36.0864,-95.8175,17.54,78,8,Princeton Eviction Lab,2025,https://evictionlab.org
74104,Tulsa,36.166,-96.0692,15.52,94,8,Princeton Eviction Lab,2025,https://evictionlab.org
74105,Tulsa,36.2434,-95.8459,15.7,73,8,Princeton Eviction Lab,2025,https://evictionlab.org
74106,Tulsa,36.0844,-96.0303,20.53,70,8,Princeton Eviction Lab,2025,https://evictionlab.org
74107,Tulsa,36.2812,-95.9983,20.5,94,8,Princeton Eviction Lab,2025,https://evictionlab.org
74108,Tulsa,36.2384,-95.9567,21.43,94,8,Princeton Eviction Lab,2025,https://evictionlab.org
74109,Tulsa,36.0999,-96.1434,18.49,94,8,Princeton Eviction Lab,2025,https://evictionlab.org
74110,Tulsa,36.0791,-96.0878,18.81,90,8,Princeton Eviction Lab,2025,https://evictionlab.org
74111,Tulsa,36.1083,-96.0022,20.39,92,8,Princeton Eviction Lab,2025,https://evictionlab.org
74112,Tulsa,36.116,-95.9311,21.79,74,8,Princeton Eviction Lab,2025,https://evictionlab.org
74113,Tulsa,36.151,-95.9039,17.86,78,8,Princeton Eviction Lab,2025,https://evictionlab.org
74114,Tulsa,36.2011,-95.9272,17.48,91,8,Princeton Eviction Lab,2025,https://evictionlab.org
74115,Tulsa,36.2697,-95.9837,16.7,73,8,Princeton Eviction Lab,2025,https://evictionlab.org
67201,Wichita,37.5655,-97.2979,17.23,89,8,Princeton Eviction Lab,2025,https://evictionlab.org
67202,Wichita,37.5796,-97.2017,19.71,93,8,Princeton Eviction Lab,2025,https://evictionlab.org
67203,Wichita,37.8148,-97.3073,21.54,71,8,Princeton Eviction Lab,2025,https://evictionlab.org
67204,Wichita,37.5886,-97.4371,19.99,86,8,Princeton Eviction Lab,2025,https://evictionlab.org
67205,Wichita,37.5617,-97.1932,17.24,90,8,Princeton Eviction Lab,2025,https://evictionlab.org
67206,Wichita,37.6108,-97.3717,17.05,94,8,Princeton Eviction Lab,2025,https://evictionlab.org
67207,Wichita,37.7449,-97.4853,20.49,72,8,Princeton Eviction Lab,2025,https://evictionlab.org
67208,Wichita,37.5525,-97.2897,18.89,74,8,Princeton Eviction Lab,2025,https://evictionlab.org
67209,Wichita,37.652,-97.4215,21.71,90,8,Princeton Eviction Lab,2025,https://evictionlab.org
67210,Wichita,37.7183,-97.3327,19.74,82,8,Princeton Eviction Lab,2025,https://evictionlab.org
57101,Sioux Falls,43.6647,-96.8655,18.58,73,8,Princeton Eviction Lab,2025,https://evictionlab.org
57102,Sioux Falls,43.4412,-96.7373,18.28,95,8,Princeton Eviction Lab,2025,https://evictionlab.org
57103,Sioux Falls,43.5347,-96.7066,18.61,100,8,Princeton Eviction Lab,2025,https://evictionlab.org
57104,Sioux Falls,43.5353,-96.6422,19.03,99,8,Princeton Eviction Lab,2025,https://evictionlab.org
57105,Sioux Falls,43.5328,-96.6177,21.04,77,8,Princeton Eviction Lab,2025,https://evictionlab.org
57106,Sioux Falls,43.4462,-96.7464,18.5,77,8,Princeton Eviction Lab,2025,https://evictionlab.org
57107,Sioux Falls,43.5053,-96.735,18.37,96,8,Princeton Eviction Lab,2025,https://evictionlab.org
57108,Sioux Falls,43.6601,-96.5606,15.2,79,8,Princeton Eviction Lab,2025,https://evictionlab.org
57109,Sioux Falls,43.5044,-96.8466,15.69,70,8,Princeton Eviction Lab,2025,https://evictionlab.org
57110,Sioux Falls,43.4048,-96.7543,21.21,74,8,Princeton Eviction Lab,2025,https://evictionlab.org
58101,Fargo,46.8219,-96.8051,15.42,71,8,Princeton Eviction Lab,2025,https://evictionlab.org
58102,Fargo,46.9293,-96.9542,20.66,88,8,Princeton Eviction Lab,2025,https://evictionlab.org
58103,Fargo,46.8685,-96.96,18.22,94,8,Princeton Eviction Lab,2025,https://evictionlab.org
58104,Fargo,46.854,-96.8947,20.44,94,8,Princeton Eviction Lab,2025,https://evictionlab.org
58105,Fargo,46.7526,-96.6571,20.6,75,8,Princeton Eviction Lab,2025,https://evictionlab.org
58106,Fargo,46.7333,-96.9637,20.82,82,8,Princeton Eviction Lab,2025,https://evictionlab.org
58107,Fargo,46.834,-96.6454,21.58,91,8,Princeton Eviction Lab,2025,https://evictionlab.org
58108,Fargo,46.7681,-96.6802,20.21,75,8,Princeton Eviction Lab,2025,https://evictionlab.org
58109,Fargo,46.9197,-96.6369,16.69,85,8,Princeton Eviction Lab,2025,https://evictionlab.org
58110,Fargo,46.8312,-96.8584,16.75,95,8,Princeton Eviction Lab,2025,https://evictionlab.org
59101,Billings,45.7226,-108.5036,19.29,74,8,Princeton Eviction Lab,2025,https://evictionlab.org
59102,Billings,45.7348,-108.5551,21.15,94,8,Princeton Eviction Lab,2025,https://evictionlab.org
59103,Billings,45.8289,-108.4262,19.03,93,8,Princeton Eviction Lab,2025,https://evictionlab.org
59104,Billings,45.9326,-108.4693,16.53,98,8,Princeton Eviction Lab,2025,https://evictionlab.org
59105,Billings,45.6543,-108.569,21.15,81,8,Princeton Eviction Lab,2025,https://evictionlab.org
59106,Billings,45.7321,-108.3896,15.27,81,8,Princeton Eviction Lab,2025,https://evictionlab.org
59107,Billings,45.6753,-108.3374,20.13,75,8,Princeton Eviction Lab,2025,https://evictionlab.org
59108,Billings,45.9179,-108.4563,17.65,88,8,Princeton Eviction Lab,2025,https://evictionlab.org
59109,Billings,45.925,-108.4504,19.07,94,8,Princeton Eviction Lab,2025,https://evictionlab.org
59110,Billings,45.8482,-108.3526,18.38,96,8,Princeton Eviction Lab,2025,https://evictionlab.org
59715,Bozeman,45.82,-111.0576,15.62,88,8,Princeton Eviction Lab,2025,https://evictionlab.org
59716,Bozeman,45.6464,-111.0746,16.75,100,8,Princeton Eviction Lab,2025,https://evictionlab.org
59717,Bozeman,45.6607,-111.0085,17.61,82,8,Princeton Eviction Lab,2025,https://evictionlab.org
59718,Bozeman,45.5657,-111.215,16.22,75,8,Princeton Eviction Lab,2025,https://evictionlab.org
59719,Bozeman,45.7141,-110.925,18.08,95,8,Princeton Eviction Lab,2025,https://evictionlab.org
59720,Bozeman,45.7795,-110.9759,16.62,97,8,Princeton Eviction Lab,2025,https://evictionlab.org
59721,Bozeman,45.7382,-111.0428,17.51,92,8,Princeton Eviction Lab,2025,https://evictionlab.org
59722,Bozeman,45.5393,-111.1085,19.51,70,8,Princeton Eviction Lab,2025,https://evictionlab.org
59723,Bozeman,45.6453,-111.0969,16.46,89,8,Princeton Eviction Lab,2025,https://evictionlab.org
59724,Bozeman,45.5952,-111.2139,15.96,89,8,Princeton Eviction Lab,2025,https://evictionlab.org
50301,Des Moines,41.5086,-93.7149,18.55,70,8,Princeton Eviction Lab,2025,https://evictionlab.org
50302,Des Moines,41.5788,-93.6806,17.47,85,8,Princeton Eviction Lab,2025,https://evictionlab.org
50303,Des Moines,41.6731,-93.4509,16.54,93,8,Princeton Eviction Lab,2025,https://evictionlab.org
50304,Des Moines,41.4961,-93.6251,18.16,93,8,Princeton Eviction Lab,2025,https://evictionlab.org
50305,Des Moines,41.67,-93.6116,18.57,76,8,Princeton Eviction Lab,2025,https://evictionlab.org
50306,Des Moines,41.5114,-93.5099,20.5,84,8,Princeton Eviction Lab,2025,https://evictionlab.org
50307,Des Moines,41.7073,-93.527,20.33,79,8,Princeton Eviction Lab,2025,https://evictionlab.org
50308,Des Moines,41.6494,-93.6248,20.13,96,8,Princeton Eviction Lab,2025,https://evictionlab.org
50309,Des Moines,41.6649,-93.6598,16.22,76,8,Princeton Eviction Lab,2025,https://evictionlab.org
50310,Des Moines,41.4964,-93.5153,20.21,74,8,Princeton Eviction Lab,2025,https://evictionlab.org
50311,Des Moines,41.6239,-93.6891,17.65,78,8,Princeton Eviction Lab,2025,https://evictionlab.org
50312,Des Moines,41.5786,-93.5743,15.8,80,8,Princeton Eviction Lab,2025,https://evictionlab.org
50313,Des Moines,41.6442,-93.4532,17.65,79,8,Princeton Eviction Lab,2025,https://evictionlab.org
50314,Des Moines,41.5605,-93.5765,16.2,87,8,Princeton Eviction Lab,2025,https://evictionlab.org
50315,Des Moines,41.6548,-93.4897,17.97,76,8,Princeton Eviction Lab,2025,https://evictionlab.org
52401,Cedar Rapids,41.8816,-91.536,19.32,69,8,Princeton Eviction Lab,2025,https://evictionlab.org
52402,Cedar Rapids,41.9925,-91.6004,15.96,98,8,Princeton Eviction Lab,2025,https://evictionlab.org
52403,Cedar Rapids,41.962,-91.7474,18.22,100,8,Princeton Eviction Lab,2025,https://evictionlab.org
52404,Cedar Rapids,41.9366,-91.5163,17.95,84,8,Princeton Eviction Lab,2025,https://evictionlab.org
52405,Cedar Rapids,42.1062,-91.7485,20.81,96,8,Princeton Eviction Lab,2025,https://evictionlab.org
52406,Cedar Rapids,42.0435,-91.6675,20.01,74,8,Princeton Eviction Lab,2025,https://evictionlab.org
52407,Cedar Rapids,42.1199,-91.6108,16.36,83,8,Princeton Eviction Lab,2025,https://evictionlab.org
52408,Cedar Rapids,41.9025,-91.6681,19.46,71,8,Princeton Eviction Lab,2025,https://evictionlab.org
52409,Cedar Rapids,42.079,-91.5166,18.71,96,8,Princeton Eviction Lab,2025,https://evictionlab.org
52410,Cedar Rapids,42.0351,-91.543,18.48,70,8,Princeton Eviction Lab,2025,https://evictionlab.org
66101,Kansas City KS,39.1364,-94.499,21.61,86,8,Princeton Eviction Lab,2025,https://evictionlab.org
66102,Kansas City KS,39.0606,-94.6368,19.95,96,8,Princeton Eviction Lab,2025,https://evictionlab.org
66103,Kansas City KS,39.034,-94.5227,21.42,87,8,Princeton Eviction Lab,2025,https://evictionlab.org
66104,Kansas City KS,39.2453,-94.4841,19.57,84,8,Princeton Eviction Lab,2025,https://evictionlab.org
66105,Kansas City KS,39.2634,-94.5186,16.36,70,8,Princeton Eviction Lab,2025,https://evictionlab.org
66106,Kansas City KS,39.0409,-94.6519,20.32,86,8,Princeton Eviction Lab,2025,https://evictionlab.org
66107,Kansas City KS,39.0177,-94.4766,16.82,80,8,Princeton Eviction Lab,2025,https://evictionlab.org
66108,Kansas City KS,38.9962,-94.578,19.36,73,8,Princeton Eviction Lab,2025,https://evictionlab.org
66109,Kansas City KS,39.2597,-94.7773,17.0,76,8,Princeton Eviction Lab,2025,https://evictionlab.org
66110,Kansas City KS,39.1839,-94.5731,19.18,79,8,Princeton Eviction Lab,2025,https://evictionlab.org
68501,Lincoln NE,40.9359,-96.579,17.6,85,8,Princeton Eviction Lab,2025,https://evictionlab.org
68502,Lincoln NE,40.8606,-96.69,19.39,78,8,Princeton Eviction Lab,2025,https://evictionlab.org
68503,Lincoln NE,40.7792,-96.5399,16.71,92,8,Princeton Eviction Lab,2025,https://evictionlab.org
68504,Lincoln NE,40.7621,-96.8301,16.2,85,8,Princeton Eviction Lab,2025,https://evictionlab.org
68505,Lincoln NE,40.8326,-96.5664,15.72,93,8,Princeton Eviction Lab,2025,https://evictionlab.org
68506,Lincoln NE,40.755,-96.5533,21.04,86,8,Princeton Eviction Lab,2025,https://evictionlab.org
68507,Lincoln NE,40.7392,-96.8584,17.7,79,8,Princeton Eviction Lab,2025,https://evictionlab.org
68508,Lincoln NE,40.8472,-96.8042,19.88,81,8,Princeton Eviction Lab,2025,https://evictionlab.org
68509,Lincoln NE,40.7477,-96.6747,17.75,70,8,Princeton Eviction Lab,2025,https://evictionlab.org
68510,Lincoln NE,40.7885,-96.6955,21.1,97,8,Princeton Eviction Lab,2025,https://evictionlab.org
53701,Madison WI,43.1115,-89.2574,19.02,99,8,Princeton Eviction Lab,2025,https://evictionlab.org
53702,Madison WI,43.1459,-89.308,18.95,94,8,Princeton Eviction Lab,2025,https://evictionlab.org
53703,Madison WI,42.968,-89.447,20.84,80,8,Princeton Eviction Lab,2025,https://evictionlab.org
53704,Madison WI,43.0892,-89.5189,16.38,79,8,Princeton Eviction Lab,2025,https://evictionlab.org
53705,Madison WI,42.9577,-89.5271,20.5,70,8,Princeton Eviction Lab,2025,https://evictionlab.org
53706,Madison WI,43.0212,-89.5086,20.06,80,8,Princeton Eviction Lab,2025,https://evictionlab.org
53707,Madison WI,43.1038,-89.3219,17.23,99,8,Princeton Eviction Lab,2025,https://evictionlab.org
53708,Madison WI,42.9813,-89.4513,20.44,74,8,Princeton Eviction Lab,2025,https://evictionlab.org
53709,Madison WI,43.1809,-89.5727,15.49,85,8,Princeton Eviction Lab,2025,https://evictionlab.org
53710,Madison WI,43.0885,-89.2825,16.94,86,8,Princeton Eviction Lab,2025,https://evictionlab.org
53711,Madison WI,43.1248,-89.4847,17.03,73,8,Princeton Eviction Lab,2025,https://evictionlab.org
53712,Madison WI,43.142,-89.2285,17.23,71,8,Princeton Eviction Lab,2025,https://evictionlab.org
53713,Madison WI,43.1649,-89.4684,18.07,86,8,Princeton Eviction Lab,2025,https://evictionlab.org
53714,Madison WI,42.9325,-89.2533,18.96,98,8,Princeton Eviction Lab,2025,https://evictionlab.org
53715,Madison WI,43.0923,-89.5347,20.24,92,8,Princeton Eviction Lab,2025,https://evictionlab.org
54301,Green Bay,44.5754,-88.1087,18.77,80,8,Princeton Eviction Lab,2025,https://evictionlab.org
54302,Green Bay,44.6095,-88.0614,16.74,92,8,Princeton Eviction Lab,2025,https://evictionlab.org
54303,Green Bay,44.4123,-88.1275,20.24,79,8,Princeton Eviction Lab,2025,https://evictionlab.org
54304,Green Bay,44.5143,-87.8681,19.51,77,8,Princeton Eviction Lab,2025,https://evictionlab.org
54305,Green Bay,44.6082,-88.1399,17.3,82,8,Princeton Eviction Lab,2025,https://evictionlab.org
54306,Green Bay,44.5735,-87.9856,21.61,80,8,Princeton Eviction Lab,2025,https://evictionlab.org
54307,Green Bay,44.4297,-87.9844,21.11,76,8,Princeton Eviction Lab,2025,https://evictionlab.org
54308,Green Bay,44.4101,-87.9208,18.02,89,8,Princeton Eviction Lab,2025,https://evictionlab.org
54309,Green Bay,44.5047,-87.9614,18.15,99,8,Princeton Eviction Lab,2025,https://evictionlab.org
54310,Green Bay,44.5906,-88.0885,20.05,97,8,Princeton Eviction Lab,2025,https://evictionlab.org
47201,Columbus IN,39.3389,-86.052,19.12,98,8,Princeton Eviction Lab,2025,https://evictionlab.org
47202,Columbus IN,39.2979,-85.8772,17.63,79,8,Princeton Eviction Lab,2025,https://evictionlab.org
47203,Columbus IN,39.0799,-85.9561,19.24,85,8,Princeton Eviction Lab,2025,https://evictionlab.org
47204,Columbus IN,39.1234,-85.804,21.61,72,8,Princeton Eviction Lab,2025,https://evictionlab.org
47205,Columbus IN,39.1461,-85.8341,18.34,78,8,Princeton Eviction Lab,2025,https://evictionlab.org
47206,Columbus IN,39.2813,-86.0424,18.25,90,8,Princeton Eviction Lab,2025,https://evictionlab.org
47207,Columbus IN,39.0835,-85.8065,19.98,86,8,Princeton Eviction Lab,2025,https://evictionlab.org
47208,Columbus IN,39.2302,-85.9562,16.29,70,8,Princeton Eviction Lab,2025,https://evictionlab.org
47209,Columbus IN,39.0581,-85.903,18.5,88,8,Princeton Eviction Lab,2025,https://evictionlab.org
47210,Columbus IN,39.1773,-85.7527,16.94,89,8,Princeton Eviction Lab,2025,https://evictionlab.org
46801,Fort Wayne,41.1968,-84.96,17.5,98,8,Princeton Eviction Lab,2025,https://evictionlab.org
46802,Fort Wayne,41.2061,-85.2366,19.83,88,8,Princeton Eviction Lab,2025,https://evictionlab.org
46803,Fort Wayne,41.1311,-85.0959,17.74,86,8,Princeton Eviction Lab,2025,https://evictionlab.org
46804,Fort Wayne,41.2302,-85.0068,17.32,80,8,Princeton Eviction Lab,2025,https://evictionlab.org
46805,Fort Wayne,41.0117,-85.2626,20.84,89,8,Princeton Eviction Lab,2025,https://evictionlab.org
46806,Fort Wayne,41.1451,-85.2343,16.18,83,8,Princeton Eviction Lab,2025,https://evictionlab.org
46807,Fort Wayne,41.2443,-84.9516,19.24,72,8,Princeton Eviction Lab,2025,https://evictionlab.org
46808,Fort Wayne,41.0224,-84.9804,15.29,88,8,Princeton Eviction Lab,2025,https://evictionlab.org
46809,Fort Wayne,41.0561,-85.2798,19.69,79,8,Princeton Eviction Lab,2025,https://evictionlab.org
46810,Fort Wayne,41.0588,-85.0202,17.66,76,8,Princeton Eviction Lab,2025,https://evictionlab.org
47901,Lafayette IN,40.4308,-86.6989,15.3,90,8,Princeton Eviction Lab,2025,https://evictionlab.org
47902,Lafayette IN,40.4802,-86.7547,20.42,99,8,Princeton Eviction Lab,2025,https://evictionlab.org
47903,Lafayette IN,40.4898,-86.9805,20.63,70,8,Princeton Eviction Lab,2025,https://evictionlab.org
47904,Lafayette IN,40.5311,-86.9986,20.16,71,8,Princeton Eviction Lab,2025,https://evictionlab.org
47905,Lafayette IN,40.3313,-86.8578,20.32,79,8,Princeton Eviction Lab,2025,https://evictionlab.org
47906,Lafayette IN,40.3853,-86.7086,17.69,82,8,Princeton Eviction Lab,2025,https://evictionlab.org
47907,Lafayette IN,40.2707,-86.8772,17.54,74,8,Princeton Eviction Lab,2025,https://evictionlab.org
47908,Lafayette IN,40.5256,-86.8862,19.48,93,8,Princeton Eviction Lab,2025,https://evictionlab.org
47909,Lafayette IN,40.5527,-86.8872,16.37,90,8,Princeton Eviction Lab,2025,https://evictionlab.org
47910,Lafayette IN,40.3805,-87.0086,20.47,73,8,Princeton Eviction Lab,2025,https://evictionlab.org
47501,Vincennes,38.7083,-87.5371,19.11,87,8,Princeton Eviction Lab,2025,https://evictionlab.org
47502,Vincennes,38.6583,-87.4345,18.34,99,8,Princeton Eviction Lab,2025,https://evictionlab.org
47503,Vincennes,38.7918,-87.3584,19.95,75,8,Princeton Eviction Lab,2025,https://evictionlab.org
47504,Vincennes,38.6575,-87.4223,19.91,72,8,Princeton Eviction Lab,2025,https://evictionlab.org
47505,Vincennes,38.619,-87.5316,19.73,76,8,Princeton Eviction Lab,2025,https://evictionlab.org
47506,Vincennes,38.5733,-87.5124,15.33,96,8,Princeton Eviction Lab,2025,https://evictionlab.org
47507,Vincennes,38.765,-87.6093,15.36,98,8,Princeton Eviction Lab,2025,https://evictionlab.org
47508,Vincennes,38.8205,-87.6649,20.11,96,8,Princeton Eviction Lab,2025,https://evictionlab.org
47509,Vincennes,38.6576,-87.4466,18.99,76,8,Princeton Eviction Lab,2025,https://evictionlab.org
47510,Vincennes,38.7536,-87.3799,16.38,92,8,Princeton Eviction Lab,2025,https://evictionlab.org
40601,Lexington,38.006,-84.5784,16.81,80,8,Princeton Eviction Lab,2025,https://evictionlab.org
40602,Lexington,38.1332,-84.486,17.28,76,8,Princeton Eviction Lab,2025,https://evictionlab.org
40603,Lexington,38.1364,-84.4982,18.38,74,8,Princeton Eviction Lab,2025,https://evictionlab.org
40604,Lexington,38.1782,-84.324,15.77,96,8,Princeton Eviction Lab,2025,https://evictionlab.org
40605,Lexington,38.0809,-84.3398,17.8,93,8,Princeton Eviction Lab,2025,https://evictionlab.org
40606,Lexington,38.1198,-84.6788,18.27,82,8,Princeton Eviction Lab,2025,https://evictionlab.org
40607,Lexington,38.0777,-84.5881,17.36,97,8,Princeton Eviction Lab,2025,https://evictionlab.org
40608,Lexington,37.9708,-84.4147,19.91,96,8,Princeton Eviction Lab,2025,https://evictionlab.org
40609,Lexington,38.0465,-84.4889,16.69,97,8,Princeton Eviction Lab,2025,https://evictionlab.org
40610,Lexington,38.1586,-84.603,16.77,97,8,Princeton Eviction Lab,2025,https://evictionlab.org
40611,Lexington,37.9947,-84.6519,20.09,92,8,Princeton Eviction Lab,2025,https://evictionlab.org
40612,Lexington,38.0432,-84.5447,18.64,81,8,Princeton Eviction Lab,2025,https://evictionlab.org
40613,Lexington,38.1431,-84.5392,19.63,89,8,Princeton Eviction Lab,2025,https://evictionlab.org
40614,Lexington,37.8913,-84.4176,20.51,78,8,Princeton Eviction Lab,2025,https://evictionlab.org
40615,Lexington,38.0832,-84.3843,21.46,84,8,Princeton Eviction Lab,2025,https://evictionlab.org
37660,Kingsport,36.6554,-82.4133,17.43,92,8,Princeton Eviction Lab,2025,https://evictionlab.org
37661,Kingsport,36.596,-82.5538,16.84,85,8,Princeton Eviction Lab,2025,https://evictionlab.org
37662,Kingsport,36.6214,-82.41,16.08,88,8,Princeton Eviction Lab,2025,https://evictionlab.org
37663,Kingsport,36.6844,-82.7363,20.44,93,8,Princeton Eviction Lab,2025,https://evictionlab.org
37664,Kingsport,36.4909,-82.6425,19.62,91,8,Princeton Eviction Lab,2025,https://evictionlab.org
37665,Kingsport,36.4456,-82.5524,15.88,95,8,Princeton Eviction Lab,2025,https://evictionlab.org
37666,Kingsport,36.6568,-82.7302,16.32,90,8,Princeton Eviction Lab,2025,https://evictionlab.org
37667,Kingsport,36.4232,-82.5806,19.38,82,8,Princeton Eviction Lab,2025,https://evictionlab.org
37668,Kingsport,36.5526,-82.4312,20.82,79,8,Princeton Eviction Lab,2025,https://evictionlab.org
37669,Kingsport,36.4969,-82.6474,17.1,72,8,Princeton Eviction Lab,2025,https://evictionlab.org
37601,Johnson City,36.4091,-82.458,19.08,91,8,Princeton Eviction Lab,2025,https://evictionlab.org
37602,Johnson City,36.1858,-82.4348,17.73,94,8,Princeton Eviction Lab,2025,https://evictionlab.org
37603,Johnson City,36.3112,-82.1967,16.4,95,8,Princeton Eviction Lab,2025,https://evictionlab.org
37604,Johnson City,36.42,-82.4946,20.77,86,8,Princeton Eviction Lab,2025,https://evictionlab.org
37605,Johnson City,36.3076,-82.3129,15.77,83,8,Princeton Eviction Lab,2025,https://evictionlab.org
37606,Johnson City,36.3907,-82.3269,17.48,94,8,Princeton Eviction Lab,2025,https://evictionlab.org
37607,Johnson City,36.2673,-82.254,17.14,77,8,Princeton Eviction Lab,2025,https://evictionlab.org
37608,Johnson City,36.3732,-82.3433,20.42,71,8,Princeton Eviction Lab,2025,https://evictionlab.org
37609,Johnson City,36.1947,-82.2876,17.81,83,8,Princeton Eviction Lab,2025,https://evictionlab.org
37610,Johnson City,36.361,-82.2936,17.02,74,8,Princeton Eviction Lab,2025,https://evictionlab.org
37201,Nashville,36.0208,-86.6646,16.52,76,8,Princeton Eviction Lab,2025,https://evictionlab.org
37202,Nashville,36.0437,-86.8936,17.63,83,8,Princeton Eviction Lab,2025,https://evictionlab.org
37203,Nashville,36.2552,-86.9376,20.89,97,8,Princeton Eviction Lab,2025,https://evictionlab.org
37204,Nashville,36.061,-86.7206,15.6,90,8,Princeton Eviction Lab,2025,https://evictionlab.org
37205,Nashville,36.273,-86.7606,18.34,88,8,Princeton Eviction Lab,2025,https://evictionlab.org
37206,Nashville,36.0539,-86.9444,21.42,86,8,Princeton Eviction Lab,2025,https://evictionlab.org
37207,Nashville,36.1991,-86.8882,21.6,74,8,Princeton Eviction Lab,2025,https://evictionlab.org
37208,Nashville,36.1133,-86.8843,21.0,94,8,Princeton Eviction Lab,2025,https://evictionlab.org
37209,Nashville,36.0776,-86.7782,19.12,95,8,Princeton Eviction Lab,2025,https://evictionlab.org
37210,Nashville,36.0648,-86.7019,19.75,88,8,Princeton Eviction Lab,2025,https://evictionlab.org
42101,Bowling Green,36.9433,-86.4594,17.81,76,8,Princeton Eviction Lab,2025,https://evictionlab.org
42102,Bowling Green,37.091,-86.3387,19.88,73,8,Princeton Eviction Lab,2025,https://evictionlab.org
42103,Bowling Green,36.8589,-86.5973,21.24,75,8,Princeton Eviction Lab,2025,https://evictionlab.org
42104,Bowling Green,36.8858,-86.4204,16.02,81,8,Princeton Eviction Lab,2025,https://evictionlab.org
42105,Bowling Green,36.9149,-86.3951,21.23,93,8,Princeton Eviction Lab,2025,https://evictionlab.org
42106,Bowling Green,36.9807,-86.5756,16.48,76,8,Princeton Eviction Lab,2025,https://evictionlab.org
42107,Bowling Green,36.8426,-86.5608,19.65,83,8,Princeton Eviction Lab,2025,https://evictionlab.org
42108,Bowling Green,36.8899,-86.6549,17.48,74,8,Princeton Eviction Lab,2025,https://evictionlab.org
42109,Bowling Green,36.8522,-86.3383,17.63,92,8,Princeton Eviction Lab,2025,https://evictionlab.org
42110,Bowling Green,36.885,-86.4697,20.57,87,8,Princeton Eviction Lab,2025,https://evictionlab.org
25301,Charleston WV,38.4928,-81.7149,19.24,75,8,Princeton Eviction Lab,2025,https://evictionlab.org
25302,Charleston WV,38.4804,-81.6704,17.17,79,8,Princeton Eviction Lab,2025,https://evictionlab.org
25303,Charleston WV,38.3293,-81.619,15.56,96,8,Princeton Eviction Lab,2025,https://evictionlab.org
25304,Charleston WV,38.4376,-81.4872,18.54,79,8,Princeton Eviction Lab,2025,https://evictionlab.org
25305,Charleston WV,38.3208,-81.5498,19.98,76,8,Princeton Eviction Lab,2025,https://evictionlab.org
25306,Charleston WV,38.2937,-81.5395,20.44,98,8,Princeton Eviction Lab,2025,https://evictionlab.org
25307,Charleston WV,38.4838,-81.5533,19.88,91,8,Princeton Eviction Lab,2025,https://evictionlab.org
25308,Charleston WV,38.4646,-81.6056,20.72,70,8,Princeton Eviction Lab,2025,https://evictionlab.org
25309,Charleston WV,38.4046,-81.4693,21.54,97,8,Princeton Eviction Lab,2025,https://evictionlab.org
25310,Charleston WV,38.4688,-81.4851,15.55,91,8,Princeton Eviction Lab,2025,https://evictionlab.org
26101,Parkersburg,39.3149,-81.4232,16.3,98,8,Princeton Eviction Lab,2025,https://evictionlab.org
26102,Parkersburg,39.3786,-81.3911,16.87,85,8,Princeton Eviction Lab,2025,https://evictionlab.org
26103,Parkersburg,39.2679,-81.5006,17.38,70,8,Princeton Eviction Lab,2025,https://evictionlab.org
26104,Parkersburg,39.3074,-81.4347,15.88,89,8,Princeton Eviction Lab,2025,https://evictionlab.org
26105,Parkersburg,39.2244,-81.4021,20.41,90,8,Princeton Eviction Lab,2025,https://evictionlab.org
26106,Parkersburg,39.2993,-81.5073,20.6,90,8,Princeton Eviction Lab,2025,https://evictionlab.org
26107,Parkersburg,39.3285,-81.5729,16.38,88,8,Princeton Eviction Lab,2025,https://evictionlab.org
26108,Parkersburg,39.3579,-81.4881,18.95,83,8,Princeton Eviction Lab,2025,https://evictionlab.org
26109,Parkersburg,39.4096,-81.5983,16.87,76,8,Princeton Eviction Lab,2025,https://evictionlab.org
26110,Parkersburg,39.234,-81.4862,17.24,81,8,Princeton Eviction Lab,2025,https://evictionlab.org
24501,Lynchburg,37.2848,-79.1518,19.6,82,8,Princeton Eviction Lab,2025,https://evictionlab.org
24502,Lynchburg,37.3604,-79.2192,18.23,81,8,Princeton Eviction Lab,2025,https://evictionlab.org
24503,Lynchburg,37.4103,-79.127,21.45,70,8,Princeton Eviction Lab,2025,https://evictionlab.org
24504,Lynchburg,37.5413,-79.0926,17.65,99,8,Princeton Eviction Lab,2025,https://evictionlab.org
24505,Lynchburg,37.4301,-79.2763,17.62,90,8,Princeton Eviction Lab,2025,https://evictionlab.org
24506,Lynchburg,37.3068,-79.1192,16.13,96,8,Princeton Eviction Lab,2025,https://evictionlab.org
24507,Lynchburg,37.4278,-78.9677,15.23,87,8,Princeton Eviction Lab,2025,https://evictionlab.org
24508,Lynchburg,37.5609,-79.2215,21.18,74,8,Princeton Eviction Lab,2025,https://evictionlab.org
24509,Lynchburg,37.2748,-79.1749,16.45,95,8,Princeton Eviction Lab,2025,https://evictionlab.org
24510,Lynchburg,37.4547,-79.1406,20.35,95,8,Princeton Eviction Lab,2025,https://evictionlab.org
22901,Charlottesville,37.8927,-78.5234,18.67,88,8,Princeton Eviction Lab,2025,https://evictionlab.org
22902,Charlottesville,38.0076,-78.5321,17.26,91,8,Princeton Eviction Lab,2025,https://evictionlab.org
22903,Charlottesville,38.0744,-78.5173,16.42,83,8,Princeton Eviction Lab,2025,https://evictionlab.org
22904,Charlottesville,37.8947,-78.3537,17.1,90,8,Princeton Eviction Lab,2025,https://evictionlab.org
22905,Charlottesville,38.0246,-78.5513,18.01,86,8,Princeton Eviction Lab,2025,https://evictionlab.org
22906,Charlottesville,38.1246,-78.4651,18.52,80,8,Princeton Eviction Lab,2025,https://evictionlab.org
22907,Charlottesville,38.1051,-78.6006,15.95,93,8,Princeton Eviction Lab,2025,https://evictionlab.org
22908,Charlottesville,38.0808,-78.6067,16.41,72,8,Princeton Eviction Lab,2025,https://evictionlab.org
22909,Charlottesville,37.9528,-78.3938,20.17,91,8,Princeton Eviction Lab,2025,https://evictionlab.org
22910,Charlottesville,38.0364,-78.4357,19.1,75,8,Princeton Eviction Lab,2025,https://evictionlab.org
23451,Virginia Beach,36.9739,-75.9662,18.0,74,8,Princeton Eviction Lab,2025,https://evictionlab.org
23452,Virginia Beach,36.7449,-76.1031,21.68,97,8,Princeton Eviction Lab,2025,https://evictionlab.org
23453,Virginia Beach,36.79,-76.0295,19.46,90,8,Princeton Eviction Lab,2025,https://evictionlab.org
23454,Virginia Beach,36.8282,-75.8688,15.77,72,8,Princeton Eviction Lab,2025,https://evictionlab.org
23455,Virginia Beach,36.936,-76.1366,21.14,98,8,Princeton Eviction Lab,2025,https://evictionlab.org
23456,Virginia Beach,36.8455,-76.0243,18.02,81,8,Princeton Eviction Lab,2025,https://evictionlab.org
23457,Virginia Beach,36.7627,-75.8397,19.13,70,8,Princeton Eviction Lab,2025,https://evictionlab.org
23458,Virginia Beach,36.8858,-76.0096,17.61,74,8,Princeton Eviction Lab,2025,https://evictionlab.org
23459,Virginia Beach,36.8071,-76.0947,18.68,99,8,Princeton Eviction Lab,2025,https://evictionlab.org
23460,Virginia Beach,36.7453,-75.8398,19.75,96,8,Princeton Eviction Lab,2025,https://evictionlab.org
23601,Newport News,37.1125,-76.5177,16.59,77,8,Princeton Eviction Lab,2025,https://evictionlab.org
23602,Newport News,36.9948,-76.4527,19.38,100,8,Princeton Eviction Lab,2025,https://evictionlab.org
23603,Newport News,36.9823,-76.5844,16.19,91,8,Princeton Eviction Lab,2025,https://evictionlab.org
23604,Newport News,36.9445,-76.6169,18.74,73,8,Princeton Eviction Lab,2025,https://evictionlab.org
23605,Newport News,37.0609,-76.635,20.31,84,8,Princeton Eviction Lab,2025,https://evictionlab.org
23606,Newport News,36.9444,-76.3611,17.1,83,8,Princeton Eviction Lab,2025,https://evictionlab.org
23607,Newport News,37.1419,-76.6161,16.04,99,8,Princeton Eviction Lab,2025,https://evictionlab.org
23608,Newport News,37.2114,-76.4137,18.47,79,8,Princeton Eviction Lab,2025,https://evictionlab.org
23609,Newport News,37.0603,-76.582,19.14,80,8,Princeton Eviction Lab,2025,https://evictionlab.org
23610,Newport News,37.015,-76.5189,15.4,78,8,Princeton Eviction Lab,2025,https://evictionlab.org
23301,Richmond VA,37.4927,-77.601,16.04,79,8,Princeton Eviction Lab,2025,https://evictionlab.org
23302,Richmond VA,37.6892,-77.5453,17.09,86,8,Princeton Eviction Lab,2025,https://evictionlab.org
23303,Richmond VA,37.6332,-77.5566,18.6,87,8,Princeton Eviction Lab,2025,https://evictionlab.org
23304,Richmond VA,37.5591,-77.2818,18.19,70,8,Princeton Eviction Lab,2025,https://evictionlab.org
23305,Richmond VA,37.667,-77.563,21.17,96,8,Princeton Eviction Lab,2025,https://evictionlab.org
23306,Richmond VA,37.4218,-77.4612,19.2,89,8,Princeton Eviction Lab,2025,https://evictionlab.org
23307,Richmond VA,37.4294,-77.3005,18.58,74,8,Princeton Eviction Lab,2025,https://evictionlab.org
23308,Richmond VA,37.4311,-77.35,16.08,88,8,Princeton Eviction Lab,2025,https://evictionlab.org
23309,Richmond VA,37.3942,-77.5942,19.37,81,8,Princeton Eviction Lab,2025,https://evictionlab.org
23310,Richmond VA,37.5728,-77.2893,17.08,85,8,Princeton Eviction Lab,2025,https://evictionlab.org
