zip_code,metro,lat,lng,primary_hazard,hazard_severity,composite_hazard_score_1_10,data_source,as_of_date,source_url
10001,New York,40.564,-74.0031,Low,Low,3.04,FEMA National Risk Index,2024,https://hazards.fema.gov/nri/
10002,New York,40.7872,-73.9938,Low,Low,3.5,FEMA National Risk Index,2024,https://hazards.fema.gov/nri/
10003,New York,40.8358,-74.1131,Low,Low,3.4,FEMA National Risk Index,2024,https://hazards.fema.gov/nri/
10004,New York,40.5966,-73.9574,Low,Low,3.18,FEMA National Risk Index,2024,https://hazards.fema.gov/nri/
10005,New York,40.6223,-73.9097,Low,Low,3.78,FEMA National Risk Index,2024,https://hazards.fema.gov/nri/
10006,New York,40.7455,-74.1688,Low,Low,3.77,FEMA National Risk Index,2024,https://hazards.fema.gov/nri/
10007,New York,40.753,-74.0236,Low,Low,3.83,FEMA National Risk Index,2024,https://hazards.fema.gov/nri/
10008,New York,40.8409,-73.8729,Low,Low,4.1,FEMA National Risk Index,2024,https://hazards.fema.gov/nri/
10009,New York,40.6863,-73.8916,Low,Low,3.75,FEMA National Risk Index,2024,https://hazards.fema.gov/nri/
10010,New York,40.6582,-74.1744,Low,Low,3.11,FEMA National Risk Index,2024,https://hazards.fema.gov/nri/
10011,New York,40.6164,-74.0364,Low,Low,4.11,FEMA National Risk Index,2024,https://hazards.fema.gov/nri/
10012,New York,40.7651,-74.0813,Low,Low,3.75,FEMA National Risk Index,2024,https://hazards.fema.gov/nri/
10013,New York,40.5718,-73.9069,Low,Low,3.9,FEMA National Risk Index,2024,https://hazards.fema.gov/nri/
10014,New York,40.8483,-73.9022,Low,Low,3.1,FEMA National Risk Index,2024,https://hazards.fema.gov/nri/
10015,New York,40.7876,-73.9791,Low,Low,4.1,FEMA National Risk Index,2024,https://hazards.fema.gov/nri/
10016,New York,40.8492,-73.9492,Low,Low,3.2,FEMA National Risk Index,2024,https://hazards.fema.gov/nri/
10017,New York,40.7315,-74.0492,Low,Low,2.87,FEMA National Risk Index,2024,https://hazards.fema.gov/nri/
10018,New York,40.7465,-74.0062,Low,Low,3.95,FEMA National Risk Index,2024,https://hazards.fema.gov/nri/
10019,New York,40.8496,-73.9842,Low,Low,2.9,FEMA National Risk Index,2024,https://hazards.fema.gov/nri/
10020,New York,40.7937,-74.0435,Low,Low,3.35,FEMA National Risk Index,2024,https://hazards.fema.gov/nri/
10021,New York,40.8501,-73.9875,Low,Low,3.34,FEMA National Risk Index,2024,https://hazards.fema.gov/nri/
10022,New York,40.61,-74.0677,Low,Low,3.19,FEMA National Risk Index,2024,https://hazards.fema.gov/nri/
10023,New York,40.6564,-74.081,Low,Low,3.28,FEMA National Risk Index,2024,https://hazards.fema.gov/nri/
10024,New York,40.8034,-74.1215,Low,Low,3.8,FEMA National Risk Index,2024,https://hazards.fema.gov/nri/
10025,New York,40.8144,-73.9565,Low,Low,3.12,FEMA National Risk Index,2024,https://hazards.fema.gov/nri/
10026,New York,40.8152,-74.1239,Low,Low,3.47,FEMA National Risk Index,2024,https://hazards.fema.gov/nri/
10027,New York,40.7701,-73.9228,Low,Low,2.99,FEMA National Risk Index,2024,https://hazards.fema.gov/nri/
10028,New York,40.8363,-73.9296,Low,Low,3.09,FEMA National Risk Index,2024,https://hazards.fema.gov/nri/
10029,New York,40.6248,-74.0618,Low,Low,2.98,FEMA National Risk Index,2024,https://hazards.fema.gov/nri/
10030,New York,40.8296,-74.1136,Low,Low,4.01,FEMA National Risk Index,2024,https://hazards.fema.gov/nri/
10031,New York,40.7547,-73.8801,Low,Low,2.97,FEMA National Risk Index,2024,https://hazards.fema.gov/nri/
10032,New York,40.7883,-74.1199,Low,Low,3.44,FEMA National Risk Index,2024,https://hazards.fema.gov/nri/
10033,New York,40.6653,-73.844,Low,Low,3.55,FEMA National Risk Index,2024,https://hazards.fema.gov/nri/
10034,New York,40.819,-74.1257,Low,Low,3.82,FEMA National Risk Index,2024,https://hazards.fema.gov/nri/
10035,New York,40.841,-73.8655,Low,Low,4.0,FEMA National Risk Index,2024,https://hazards.fema.gov/nri/
10036,New York,40.8428,-74.1198,Low,Low,3.88,FEMA National Risk Index,2024,https://hazards.fema.gov/nri/
10037,New York,40.7695,-73.8682,Low,Low,4.02,FEMA National Risk Index,2024,https://hazards.fema.gov/nri/
10038,New York,40.6597,-74.0256,Low,Low,2.97,FEMA National Risk Index,2024,https://hazards.fema.gov/nri/
10039,New York,40.8624,-74.1386,Low,Low,3.64,FEMA National Risk Index,2024,https://hazards.fema.gov/nri/
10040,New York,40.8485,-74.0837,Low,Low,3.1,FEMA National Risk Index,2024,https://hazards.fema.gov/nri/
10041,New York,40.7061,-73.8581,Low,Low,3.13,FEMA National Risk Index,2024,https://hazards.fema.gov/nri/
10042,New York,40.592,-74.102,Low,Low,3.86,FEMA National Risk Index,2024,https://hazards.fema.gov/nri/
10043,New York,40.854,-74.0088,Low,Low,2.9,FEMA National Risk Index,2024,https://hazards.fema.gov/nri/
10044,New York,40.6682,-74.0982,Low,Low,3.17,FEMA National Risk Index,2024,https://hazards.fema.gov/nri/
10045,New York,40.8559,-74.1667,Low,Low,2.9,FEMA National Risk Index,2024,https://hazards.fema.gov/nri/
10046,New York,40.7917,-73.9853,Low,Low,3.05,FEMA National Risk Index,2024,https://hazards.fema.gov/nri/
10047,New York,40.7567,-73.9596,Low,Low,3.92,FEMA National Risk Index,2024,https://hazards.fema.gov/nri/
10048,New York,40.7048,-73.9293,Low,Low,3.74,FEMA National Risk Index,2024,https://hazards.fema.gov/nri/
10049,New York,40.8035,-74.1252,Low,Low,3.57,FEMA National Risk Index,2024,https://hazards.fema.gov/nri/
10050,New York,40.6196,-73.9172,Low,Low,4.1,FEMA National Risk Index,2024,https://hazards.fema.gov/nri/
10051,New York,40.643,-73.924,Low,Low,3.66,FEMA National Risk Index,2024,https://hazards.fema.gov/nri/
10052,New York,40.6472,-73.9063,Low,Low,4.07,FEMA National Risk Index,2024,https://hazards.fema.gov/nri/
10053,New York,40.851,-74.0213,Low,Low,2.99,FEMA National Risk Index,2024,https://hazards.fema.gov/nri/
10054,New York,40.6703,-74.059,Low,Low,3.96,FEMA National Risk Index,2024,https://hazards.fema.gov/nri/
10055,New York,40.7919,-73.9193,Low,Low,3.71,FEMA National Risk Index,2024,https://hazards.fema.gov/nri/
10056,New York,40.7687,-74.0027,Low,Low,3.74,FEMA National Risk Index,2024,https://hazards.fema.gov/nri/
10057,New York,40.7865,-73.9435,Low,Low,3.99,FEMA National Risk Index,2024,https://hazards.fema.gov/nri/
10058,New York,40.762,-74.0912,Low,Low,2.89,FEMA National Risk Index,2024,https://hazards.fema.gov/nri/
10059,New York,40.8554,-73.9114,Low,Low,3.14,FEMA National Risk Index,2024,https://hazards.fema.gov/nri/
10060,New York,40.7568,-73.9228,Low,Low,4.03,FEMA National Risk Index,2024,https://hazards.fema.gov/nri/
10061,New York,40.6937,-74.1749,Low,Low,3.05,FEMA National Risk Index,2024,https://hazards.fema.gov/nri/
10062,New York,40.6367,-73.8556,Low,Low,3.52,FEMA National Risk Index,2024,https://hazards.fema.gov/nri/
10063,New York,40.7167,-73.9992,Low,Low,3.5,FEMA National Risk Index,2024,https://hazards.fema.gov/nri/
10064,New York,40.6219,-74.1213,Low,Low,3.62,FEMA National Risk Index,2024,https://hazards.fema.gov/nri/
10065,New York,40.6587,-73.9155,Low,Low,3.84,FEMA National Risk Index,2024,https://hazards.fema.gov/nri/
10066,New York,40.8151,-73.837,Low,Low,3.84,FEMA National Risk Index,2024,https://hazards.fema.gov/nri/
10067,New York,40.8289,-73.9201,Low,Low,3.51,FEMA National Risk Index,2024,https://hazards.fema.gov/nri/
10068,New York,40.6768,-73.9826,Low,Low,3.92,FEMA National Risk Index,2024,https://hazards.fema.gov/nri/
10069,New York,40.5917,-73.9744,Low,Low,3.07,FEMA National Risk Index,2024,https://hazards.fema.gov/nri/
10070,New York,40.5835,-73.9129,Low,Low,3.63,FEMA National Risk Index,2024,https://hazards.fema.gov/nri/
10071,New York,40.5696,-73.881,Low,Low,3.53,FEMA National Risk Index,2024,https://hazards.fema.gov/nri/
10072,New York,40.6973,-73.8572,Low,Low,3.1,FEMA National Risk Index,2024,https://hazards.fema.gov/nri/
10073,New York,40.6683,-73.8412,Low,Low,3.83,FEMA National Risk Index,2024,https://hazards.fema.gov/nri/
10074,New York,40.6544,-73.9861,Low,Low,3.97,FEMA National Risk Index,2024,https://hazards.fema.gov/nri/
10075,New York,40.8282,-73.9756,Low,Low,3.23,FEMA National Risk Index,2024,https://hazards.fema.gov/nri/
10076,New York,40.5789,-73.8746,Low,Low,3.71,FEMA National Risk Index,2024,https://hazards.fema.gov/nri/
10077,New York,40.8013,-73.9942,Low,Low,3.27,FEMA National Risk Index,2024,https://hazards.fema.gov/nri/
10078,New York,40.7908,-74.0033,Low,Low,4.09,FEMA National Risk Index,2024,https://hazards.fema.gov/nri/
10079,New York,40.5863,-74.0558,Low,Low,2.91,FEMA National Risk Index,2024,https://hazards.fema.gov/nri/
10080,New York,40.6942,-74.0887,Low,Low,2.94,FEMA National Risk Index,2024,https://hazards.fema.gov/nri/
90001,Los Angeles,34.1214,-118.2314,Wildfire/Earthquake,High,3.04,FEMA National Risk Index,2024,https://hazards.fema.gov/nri/
90002,Los Angeles,34.0392,-118.3354,Wildfire/Earthquake,High,3.77,FEMA National Risk Index,2024,https://hazards.fema.gov/nri/
90003,Los Angeles,33.9029,-118.243,Wildfire/Earthquake,High,3.67,FEMA National Risk Index,2024,https://hazards.fema.gov/nri/
90004,Los Angeles,34.1509,-118.1387,Wildfire/Earthquake,High,3.91,FEMA National Risk Index,2024,https://hazards.fema.gov/nri/
90005,Los Angeles,33.9751,-118.415,Wildfire/Earthquake,High,3.58,FEMA National Risk Index,2024,https://hazards.fema.gov/nri/
90006,Los Angeles,33.999,-118.3099,Wildfire/Earthquake,High,4.07,FEMA National Risk Index,2024,https://hazards.fema.gov/nri/
90007,Los Angeles,34.0868,-118.1844,Wildfire/Earthquake,High,3.84,FEMA National Risk Index,2024,https://hazards.fema.gov/nri/
90008,Los Angeles,34.0856,-118.2297,Wildfire/Earthquake,High,3.37,FEMA National Risk Index,2024,https://hazards.fema.gov/nri/
90009,Los Angeles,34.1576,-118.2875,Wildfire/Earthquake,High,4.08,FEMA National Risk Index,2024,https://hazards.fema.gov/nri/
90010,Los Angeles,33.948,-118.2617,Wildfire/Earthquake,High,3.01,FEMA National Risk Index,2024,https://hazards.fema.gov/nri/
90011,Los Angeles,34.161,-118.072,Wildfire/Earthquake,High,3.04,FEMA National Risk Index,2024,https://hazards.fema.gov/nri/
90012,Los Angeles,34.0257,-118.3151,Wildfire/Earthquake,High,3.55,FEMA National Risk Index,2024,https://hazards.fema.gov/nri/
90013,Los Angeles,34.0993,-118.269,Wildfire/Earthquake,High,3.8,FEMA National Risk Index,2024,https://hazards.fema.gov/nri/
90014,Los Angeles,33.9242,-118.2933,Wildfire/Earthquake,High,3.34,FEMA National Risk Index,2024,https://hazards.fema.gov/nri/
90015,Los Angeles,34.1921,-118.1397,Wildfire/Earthquake,High,2.97,FEMA National Risk Index,2024,https://hazards.fema.gov/nri/
90016,Los Angeles,34.1713,-118.2349,Wildfire/Earthquake,High,2.98,FEMA National Risk Index,2024,https://hazards.fema.gov/nri/
90017,Los Angeles,34.1716,-118.1116,Wildfire/Earthquake,High,2.96,FEMA National Risk Index,2024,https://hazards.fema.gov/nri/
90018,Los Angeles,33.9229,-118.1455,Wildfire/Earthquake,High,3.47,FEMA National Risk Index,2024,https://hazards.fema.gov/nri/
90019,Los Angeles,33.9689,-118.1972,Wildfire/Earthquake,High,2.95,FEMA National Risk Index,2024,https://hazards.fema.gov/nri/
90020,Los Angeles,33.9238,-118.0834,Wildfire/Earthquake,High,3.07,FEMA National Risk Index,2024,https://hazards.fema.gov/nri/
90021,Los Angeles,34.1068,-118.1598,Wildfire/Earthquake,High,3.4,FEMA National Risk Index,2024,https://hazards.fema.gov/nri/
90022,Los Angeles,34.0847,-118.1458,Wildfire/Earthquake,High,3.93,FEMA National Risk Index,2024,https://hazards.fema.gov/nri/
90023,Los Angeles,34.1212,-118.3214,Wildfire/Earthquake,High,3.18,FEMA National Risk Index,2024,https://hazards.fema.gov/nri/
90024,Los Angeles,33.9381,-118.3817,Wildfire/Earthquake,High,3.34,FEMA National Risk Index,2024,https://hazards.fema.gov/nri/
90025,Los Angeles,34.1683,-118.421,Wildfire/Earthquake,High,3.46,FEMA National Risk Index,2024,https://hazards.fema.gov/nri/
90026,Los Angeles,34.018,-118.0865,Wildfire/Earthquake,High,2.92,FEMA National Risk Index,2024,https://hazards.fema.gov/nri/
90027,Los Angeles,34.0829,-118.2324,Wildfire/Earthquake,High,2.93,FEMA National Risk Index,2024,https://hazards.fema.gov/nri/
90028,Los Angeles,34.0628,-118.3854,Wildfire/Earthquake,High,4.01,FEMA National Risk Index,2024,https://hazards.fema.gov/nri/
90029,Los Angeles,33.9948,-118.3634,Wildfire/Earthquake,High,3.94,FEMA National Risk Index,2024,https://hazards.fema.gov/nri/
90030,Los Angeles,33.9549,-118.1002,Wildfire/Earthquake,High,3.49,FEMA National Risk Index,2024,https://hazards.fema.gov/nri/
90031,Los Angeles,34.0853,-118.1248,Wildfire/Earthquake,High,3.66,FEMA National Risk Index,2024,https://hazards.fema.gov/nri/
90032,Los Angeles,34.0964,-118.3443,Wildfire/Earthquake,High,3.52,FEMA National Risk Index,2024,https://hazards.fema.gov/nri/
90033,Los Angeles,34.0182,-118.3844,Wildfire/Earthquake,High,3.39,FEMA National Risk Index,2024,https://hazards.fema.gov/nri/
90034,Los Angeles,33.9229,-118.1975,Wildfire/Earthquake,High,3.87,FEMA National Risk Index,2024,https://hazards.fema.gov/nri/
90035,Los Angeles,34.1844,-118.1729,Wildfire/Earthquake,High,2.92,FEMA National Risk Index,2024,https://hazards.fema.gov/nri/
90036,Los Angeles,34.0083,-118.1578,Wildfire/Earthquake,High,3.6,FEMA National Risk Index,2024,https://hazards.fema.gov/nri/
90037,Los Angeles,33.9468,-118.3693,Wildfire/Earthquake,High,3.67,FEMA National Risk Index,2024,https://hazards.fema.gov/nri/
90038,Los Angeles,34.0832,-118.4076,Wildfire/Earthquake,High,3.91,FEMA National Risk Index,2024,https://hazards.fema.gov/nri/
90039,Los Angeles,33.9634,-118.0968,Wildfire/Earthquake,High,3.65,FEMA National Risk Index,2024,https://hazards.fema.gov/nri/
90040,Los Angeles,34.1224,-118.2212,Wildfire/Earthquake,High,3.3,FEMA National Risk Index,2024,https://hazards.fema.gov/nri/
90041,Los Angeles,34.1348,-118.2771,Wildfire/Earthquake,High,4.08,FEMA National Risk Index,2024,https://hazards.fema.gov/nri/
90042,Los Angeles,34.0297,-118.2394,Wildfire/Earthquake,High,2.89,FEMA National Risk Index,2024,https://hazards.fema.gov/nri/
90043,Los Angeles,34.1872,-118.1309,Wildfire/Earthquake,High,3.57,FEMA National Risk Index,2024,https://hazards.fema.gov/nri/
90044,Los Angeles,34.0132,-118.1634,Wildfire/Earthquake,High,4.04,FEMA National Risk Index,2024,https://hazards.fema.gov/nri/
90045,Los Angeles,34.1026,-118.1199,Wildfire/Earthquake,High,3.02,FEMA National Risk Index,2024,https://hazards.fema.gov/nri/
90046,Los Angeles,33.9073,-118.1468,Wildfire/Earthquake,High,3.19,FEMA National Risk Index,2024,https://hazards.fema.gov/nri/
90047,Los Angeles,34.1758,-118.0821,Wildfire/Earthquake,High,3.03,FEMA National Risk Index,2024,https://hazards.fema.gov/nri/
90048,Los Angeles,34.1469,-118.2681,Wildfire/Earthquake,High,3.62,FEMA National Risk Index,2024,https://hazards.fema.gov/nri/
90049,Los Angeles,34.0295,-118.4192,Wildfire/Earthquake,High,3.74,FEMA National Risk Index,2024,https://hazards.fema.gov/nri/
90050,Los Angeles,34.0881,-118.0957,Wildfire/Earthquake,High,3.03,FEMA National Risk Index,2024,https://hazards.fema.gov/nri/
90051,Los Angeles,34.0655,-118.4031,Wildfire/Earthquake,High,3.38,FEMA National Risk Index,2024,https://hazards.fema.gov/nri/
90052,Los Angeles,34.0743,-118.1046,Wildfire/Earthquake,High,3.66,FEMA National Risk Index,2024,https://hazards.fema.gov/nri/
90053,Los Angeles,33.9527,-118.2702,Wildfire/Earthquake,High,3.69,FEMA National Risk Index,2024,https://hazards.fema.gov/nri/
90054,Los Angeles,34.0598,-118.2157,Wildfire/Earthquake,High,3.51,FEMA National Risk Index,2024,https://hazards.fema.gov/nri/
90055,Los Angeles,34.0001,-118.2148,Wildfire/Earthquake,High,4.11,FEMA National Risk Index,2024,https://hazards.fema.gov/nri/
90056,Los Angeles,34.0884,-118.3838,Wildfire/Earthquake,High,4.01,FEMA National Risk Index,2024,https://hazards.fema.gov/nri/
90057,Los Angeles,34.1417,-118.4208,Wildfire/Earthquake,High,3.9,FEMA National Risk Index,2024,https://hazards.fema.gov/nri/
90058,Los Angeles,33.9248,-118.1827,Wildfire/Earthquake,High,3.49,FEMA National Risk Index,2024,https://hazards.fema.gov/nri/
90059,Los Angeles,34.0479,-118.173,Wildfire/Earthquake,High,3.49,FEMA National Risk Index,2024,https://hazards.fema.gov/nri/
90060,Los Angeles,34.1424,-118.228,Wildfire/Earthquake,High,3.28,FEMA National Risk Index,2024,https://hazards.fema.gov/nri/
90061,Los Angeles,34.0107,-118.2141,Wildfire/Earthquake,High,3.61,FEMA National Risk Index,2024,https://hazards.fema.gov/nri/
90062,Los Angeles,33.9245,-118.0951,Wildfire/Earthquake,High,3.74,FEMA National Risk Index,2024,https://hazards.fema.gov/nri/
90063,Los Angeles,33.9377,-118.2025,Wildfire/Earthquake,High,3.96,FEMA National Risk Index,2024,https://hazards.fema.gov/nri/
90064,Los Angeles,34.0515,-118.3478,Wildfire/Earthquake,High,4.12,FEMA National Risk Index,2024,https://hazards.fema.gov/nri/
90065,Los Angeles,34.0036,-118.3985,Wildfire/Earthquake,High,2.96,FEMA National Risk Index,2024,https://hazards.fema.gov/nri/
90066,Los Angeles,33.9078,-118.0645,Wildfire/Earthquake,High,3.4,FEMA National Risk Index,2024,https://hazards.fema.gov/nri/
90067,Los Angeles,34.0193,-118.2298,Wildfire/Earthquake,High,3.71,FEMA National Risk Index,2024,https://hazards.fema.gov/nri/
90068,Los Angeles,34.1604,-118.0666,Wildfire/Earthquake,High,3.65,FEMA National Risk Index,2024,https://hazards.fema.gov/nri/
90069,Los Angeles,34.1507,-118.2329,Wildfire/Earthquake,High,3.91,FEMA National Risk Index,2024,https://hazards.fema.gov/nri/
90070,Los Angeles,34.1998,-118.1668,Wildfire/Earthquake,High,3.67,FEMA National Risk Index,2024,https://hazards.fema.gov/nri/
90071,Los Angeles,33.9779,-118.1879,Wildfire/Earthquake,High,3.27,FEMA National Risk Index,2024,https://hazards.fema.gov/nri/
90072,Los Angeles,33.9839,-118.106,Wildfire/Earthquake,High,3.15,FEMA National Risk Index,2024,https://hazards.fema.gov/nri/
90073,Los Angeles,33.9542,-118.391,Wildfire/Earthquake,High,3.66,FEMA National Risk Index,2024,https://hazards.fema.gov/nri/
90074,Los Angeles,34.0595,-118.3353,Wildfire/Earthquake,High,3.97,FEMA National Risk Index,2024,https://hazards.fema.gov/nri/
90075,Los Angeles,34.0552,-118.1555,Wildfire/Earthquake,High,3.06,FEMA National Risk Index,2024,https://hazards.fema.gov/nri/
90076,Los Angeles,34.1445,-118.2757,Wildfire/Earthquake,High,3.77,FEMA National Risk Index,2024,https://hazards.fema.gov/nri/
90077,Los Angeles,34.1051,-118.3696,Wildfire/Earthquake,High,3.91,FEMA National Risk Index,2024,https://hazards.fema.gov/nri/
90078,Los Angeles,34.1916,-118.2034,Wildfire/Earthquake,High,2.99,FEMA National Risk Index,2024,https://hazards.fema.gov/nri/
90079,Los Angeles,33.9753,-118.3549,Wildfire/Earthquake,High,3.55,FEMA National Risk Index,2024,https://hazards.fema.gov/nri/
90080,Los Angeles,33.9908,-118.0727,Wildfire/Earthquake,High,4.0,FEMA National Risk Index,2024,https://hazards.fema.gov/nri/
60601,Chicago,41.8072,-87.7025,Low,Low,3.31,FEMA National Risk Index,2024,https://hazards.fema.gov/nri/
60602,Chicago,41.7627,-87.717,Low,Low,3.33,FEMA National Risk Index,2024,https://hazards.fema.gov/nri/
60603,Chicago,41.8959,-87.4839,Low,Low,3.0,FEMA National Risk Index,2024,https://hazards.fema.gov/nri/
60604,Chicago,41.9676,-87.6706,Low,Low,3.11,FEMA National Risk Index,2024,https://hazards.fema.gov/nri/
60605,Chicago,41.8354,-87.5089,Low,Low,3.94,FEMA National Risk Index,2024,https://hazards.fema.gov/nri/
60606,Chicago,41.9104,-87.512,Low,Low,3.61,FEMA National Risk Index,2024,https://hazards.fema.gov/nri/
60607,Chicago,41.7836,-87.7617,Low,Low,3.38,FEMA National Risk Index,2024,https://hazards.fema.gov/nri/
60608,Chicago,41.9675,-87.5971,Low,Low,3.7,FEMA National Risk Index,2024,https://hazards.fema.gov/nri/
60609,Chicago,41.9584,-87.4849,Low,Low,3.39,FEMA National Risk Index,2024,https://hazards.fema.gov/nri/
60610,Chicago,41.9527,-87.7464,Low,Low,3.06,FEMA National Risk Index,2024,https://hazards.fema.gov/nri/
60611,Chicago,41.9986,-87.533,Low,Low,3.08,FEMA National Risk Index,2024,https://hazards.fema.gov/nri/
60612,Chicago,41.8096,-87.6634,Low,Low,2.89,FEMA National Risk Index,2024,https://hazards.fema.gov/nri/
60613,Chicago,42.0224,-87.483,Low,Low,3.23,FEMA National Risk Index,2024,https://hazards.fema.gov/nri/
60614,Chicago,41.8415,-87.5368,Low,Low,3.6,FEMA National Risk Index,2024,https://hazards.fema.gov/nri/
60615,Chicago,41.8751,-87.7045,Low,Low,3.42,FEMA National Risk Index,2024,https://hazards.fema.gov/nri/
60616,Chicago,41.8192,-87.6943,Low,Low,3.9,FEMA National Risk Index,2024,https://hazards.fema.gov/nri/
60617,Chicago,41.7678,-87.4937,Low,Low,3.76,FEMA National Risk Index,2024,https://hazards.fema.gov/nri/
60618,Chicago,41.823,-87.5055,Low,Low,3.52,FEMA National Risk Index,2024,https://hazards.fema.gov/nri/
60619,Chicago,41.9999,-87.8035,Low,Low,3.13,FEMA National Risk Index,2024,https://hazards.fema.gov/nri/
60620,Chicago,41.7287,-87.5826,Low,Low,3.55,FEMA National Risk Index,2024,https://hazards.fema.gov/nri/
60621,Chicago,41.8316,-87.6411,Low,Low,3.28,FEMA National Risk Index,2024,https://hazards.fema.gov/nri/
60622,Chicago,41.8746,-87.6585,Low,Low,3.99,FEMA National Risk Index,2024,https://hazards.fema.gov/nri/
60623,Chicago,41.7497,-87.4588,Low,Low,2.96,FEMA National Risk Index,2024,https://hazards.fema.gov/nri/
60624,Chicago,41.8158,-87.6753,Low,Low,3.9,FEMA National Risk Index,2024,https://hazards.fema.gov/nri/
60625,Chicago,41.7448,-87.6703,Low,Low,2.89,FEMA National Risk Index,2024,https://hazards.fema.gov/nri/
60626,Chicago,41.893,-87.7586,Low,Low,3.73,FEMA National Risk Index,2024,https://hazards.fema.gov/nri/
60627,Chicago,41.994,-87.7613,Low,Low,2.98,FEMA National Risk Index,2024,https://hazards.fema.gov/nri/
60628,Chicago,41.9111,-87.4579,Low,Low,3.33,FEMA National Risk Index,2024,https://hazards.fema.gov/nri/
60629,Chicago,41.7587,-87.7174,Low,Low,3.5,FEMA National Risk Index,2024,https://hazards.fema.gov/nri/
60630,Chicago,41.9099,-87.7597,Low,Low,3.32,FEMA National Risk Index,2024,https://hazards.fema.gov/nri/
60631,Chicago,41.7453,-87.7891,Low,Low,3.22,FEMA National Risk Index,2024,https://hazards.fema.gov/nri/
60632,Chicago,41.7612,-87.4761,Low,Low,3.55,FEMA National Risk Index,2024,https://hazards.fema.gov/nri/
60633,Chicago,41.7567,-87.7062,Low,Low,3.66,FEMA National Risk Index,2024,https://hazards.fema.gov/nri/
60634,Chicago,41.7451,-87.692,Low,Low,3.05,FEMA National Risk Index,2024,https://hazards.fema.gov/nri/
60635,Chicago,41.7298,-87.641,Low,Low,3.79,FEMA National Risk Index,2024,https://hazards.fema.gov/nri/
60636,Chicago,41.8036,-87.5102,Low,Low,2.97,FEMA National Risk Index,2024,https://hazards.fema.gov/nri/
60637,Chicago,41.8807,-87.4958,Low,Low,2.87,FEMA National Risk Index,2024,https://hazards.fema.gov/nri/
60638,Chicago,41.9056,-87.6452,Low,Low,3.17,FEMA National Risk Index,2024,https://hazards.fema.gov/nri/
60639,Chicago,42.0167,-87.7278,Low,Low,3.71,FEMA National Risk Index,2024,https://hazards.fema.gov/nri/
60640,Chicago,41.7747,-87.5077,Low,Low,2.94,FEMA National Risk Index,2024,https://hazards.fema.gov/nri/
60641,Chicago,41.8668,-87.4603,Low,Low,3.37,FEMA National Risk Index,2024,https://hazards.fema.gov/nri/
60642,Chicago,41.8879,-87.7336,Low,Low,3.42,FEMA National Risk Index,2024,https://hazards.fema.gov/nri/
60643,Chicago,41.8464,-87.6119,Low,Low,3.99,FEMA National Risk Index,2024,https://hazards.fema.gov/nri/
60644,Chicago,42.0268,-87.5098,Low,Low,3.17,FEMA National Risk Index,2024,https://hazards.fema.gov/nri/
60645,Chicago,41.9197,-87.5425,Low,Low,3.31,FEMA National Risk Index,2024,https://hazards.fema.gov/nri/
60646,Chicago,41.8791,-87.4616,Low,Low,3.02,FEMA National Risk Index,2024,https://hazards.fema.gov/nri/
60647,Chicago,41.8829,-87.7851,Low,Low,3.31,FEMA National Risk Index,2024,https://hazards.fema.gov/nri/
60648,Chicago,41.9674,-87.5685,Low,Low,3.98,FEMA National Risk Index,2024,https://hazards.fema.gov/nri/
60649,Chicago,42.02,-87.6902,Low,Low,3.83,FEMA National Risk Index,2024,https://hazards.fema.gov/nri/
60650,Chicago,41.8255,-87.751,Low,Low,3.96,FEMA National Risk Index,2024,https://hazards.fema.gov/nri/
60651,Chicago,41.969,-87.4976,Low,Low,3.31,FEMA National Risk Index,2024,https://hazards.fema.gov/nri/
60652,Chicago,41.9804,-87.6468,Low,Low,3.45,FEMA National Risk Index,2024,https://hazards.fema.gov/nri/
60653,Chicago,41.7616,-87.5119,Low,Low,4.11,FEMA National Risk Index,2024,https://hazards.fema.gov/nri/
60654,Chicago,41.9076,-87.7347,Low,Low,3.66,FEMA National Risk Index,2024,https://hazards.fema.gov/nri/
60655,Chicago,41.9484,-87.7766,Low,Low,3.55,FEMA National Risk Index,2024,https://hazards.fema.gov/nri/
60656,Chicago,41.991,-87.714,Low,Low,3.62,FEMA National Risk Index,2024,https://hazards.fema.gov/nri/
60657,Chicago,41.868,-87.6822,Low,Low,4.0,FEMA National Risk Index,2024,https://hazards.fema.gov/nri/
60658,Chicago,41.9236,-87.6054,Low,Low,3.96,FEMA National Risk Index,2024,https://hazards.fema.gov/nri/
60659,Chicago,41.9055,-87.4745,Low,Low,4.12,FEMA National Risk Index,2024,https://hazards.fema.gov/nri/
60660,Chicago,41.8173,-87.7665,Low,Low,3.32,FEMA National Risk Index,2024,https://hazards.fema.gov/nri/
77001,Houston,29.6917,-95.326,Flood,High,3.17,FEMA National Risk Index,2024,https://hazards.fema.gov/nri/
77002,Houston,29.6157,-95.3071,Flood,High,3.04,FEMA National Risk Index,2024,https://hazards.fema.gov/nri/
77003,Houston,29.8466,-95.4814,Flood,High,3.36,FEMA National Risk Index,2024,https://hazards.fema.gov/nri/
77004,Houston,29.8623,-95.3853,Flood,High,3.94,FEMA National Risk Index,2024,https://hazards.fema.gov/nri/
77005,Houston,29.7669,-95.3295,Flood,High,3.03,FEMA National Risk Index,2024,https://hazards.fema.gov/nri/
77006,Houston,29.8467,-95.3418,Flood,High,3.28,FEMA National Risk Index,2024,https://hazards.fema.gov/nri/
77007,Houston,29.6131,-95.3485,Flood,High,3.53,FEMA National Risk Index,2024,https://hazards.fema.gov/nri/
77008,Houston,29.6244,-95.4477,Flood,High,3.58,FEMA National Risk Index,2024,https://hazards.fema.gov/nri/
77009,Houston,29.9088,-95.3015,Flood,High,3.23,FEMA National Risk Index,2024,https://hazards.fema.gov/nri/
77010,Houston,29.7477,-95.3275,Flood,High,3.36,FEMA National Risk Index,2024,https://hazards.fema.gov/nri/
77011,Houston,29.8815,-95.2784,Flood,High,3.3,FEMA National Risk Index,2024,https://hazards.fema.gov/nri/
77012,Houston,29.6888,-95.3084,Flood,High,3.74,FEMA National Risk Index,2024,https://hazards.fema.gov/nri/
77013,Houston,29.6306,-95.3437,Flood,High,3.39,FEMA National Risk Index,2024,https://hazards.fema.gov/nri/
77014,Houston,29.8647,-95.4386,Flood,High,3.45,FEMA National Risk Index,2024,https://hazards.fema.gov/nri/
77015,Houston,29.7156,-95.5347,Flood,High,3.86,FEMA National Risk Index,2024,https://hazards.fema.gov/nri/
77016,Houston,29.8395,-95.4703,Flood,High,3.43,FEMA National Risk Index,2024,https://hazards.fema.gov/nri/
77017,Houston,29.7942,-95.5358,Flood,High,2.87,FEMA National Risk Index,2024,https://hazards.fema.gov/nri/
77018,Houston,29.614,-95.3916,Flood,High,3.02,FEMA National Risk Index,2024,https://hazards.fema.gov/nri/
77019,Houston,29.7373,-95.4333,Flood,High,3.33,FEMA National Risk Index,2024,https://hazards.fema.gov/nri/
77020,Houston,29.6881,-95.2791,Flood,High,3.2,FEMA National Risk Index,2024,https://hazards.fema.gov/nri/
77021,Houston,29.8884,-95.316,Flood,High,2.89,FEMA National Risk Index,2024,https://hazards.fema.gov/nri/
77022,Houston,29.7545,-95.3964,Flood,High,3.35,FEMA National Risk Index,2024,https://hazards.fema.gov/nri/
77023,Houston,29.7969,-95.297,Flood,High,3.37,FEMA National Risk Index,2024,https://hazards.fema.gov/nri/
77024,Houston,29.8002,-95.1947,Flood,High,3.96,FEMA National Risk Index,2024,https://hazards.fema.gov/nri/
77025,Houston,29.776,-95.3977,Flood,High,3.17,FEMA National Risk Index,2024,https://hazards.fema.gov/nri/
77026,Houston,29.6192,-95.2907,Flood,High,3.49,FEMA National Risk Index,2024,https://hazards.fema.gov/nri/
77027,Houston,29.8782,-95.3682,Flood,High,3.22,FEMA National Risk Index,2024,https://hazards.fema.gov/nri/
77028,Houston,29.7631,-95.3391,Flood,High,3.5,FEMA National Risk Index,2024,https://hazards.fema.gov/nri/
77029,Houston,29.8845,-95.5273,Flood,High,3.37,FEMA National Risk Index,2024,https://hazards.fema.gov/nri/
77030,Houston,29.825,-95.4896,Flood,High,3.5,FEMA National Risk Index,2024,https://hazards.fema.gov/nri/
77031,Houston,29.6834,-95.4352,Flood,High,3.85,FEMA National Risk Index,2024,https://hazards.fema.gov/nri/
77032,Houston,29.7184,-95.1915,Flood,High,3.81,FEMA National Risk Index,2024,https://hazards.fema.gov/nri/
77033,Houston,29.6612,-95.3171,Flood,High,3.45,FEMA National Risk Index,2024,https://hazards.fema.gov/nri/
77034,Houston,29.7844,-95.394,Flood,High,3.91,FEMA National Risk Index,2024,https://hazards.fema.gov/nri/
77035,Houston,29.7679,-95.3761,Flood,High,2.94,FEMA National Risk Index,2024,https://hazards.fema.gov/nri/
77036,Houston,29.84,-95.2991,Flood,High,3.59,FEMA National Risk Index,2024,https://hazards.fema.gov/nri/
77037,Houston,29.6624,-95.2271,Flood,High,3.73,FEMA National Risk Index,2024,https://hazards.fema.gov/nri/
77038,Houston,29.7191,-95.3538,Flood,High,3.69,FEMA National Risk Index,2024,https://hazards.fema.gov/nri/
77039,Houston,29.8859,-95.3262,Flood,High,4.04,FEMA National Risk Index,2024,https://hazards.fema.gov/nri/
77040,Houston,29.8035,-95.265,Flood,High,4.12,FEMA National Risk Index,2024,https://hazards.fema.gov/nri/
77041,Houston,29.6945,-95.3577,Flood,High,3.07,FEMA National Risk Index,2024,https://hazards.fema.gov/nri/
77042,Houston,29.7941,-95.3364,Flood,High,3.25,FEMA National Risk Index,2024,https://hazards.fema.gov/nri/
77043,Houston,29.8216,-95.2114,Flood,High,3.05,FEMA National Risk Index,2024,https://hazards.fema.gov/nri/
77044,Houston,29.6706,-95.2427,Flood,High,3.52,FEMA National Risk Index,2024,https://hazards.fema.gov/nri/
77045,Houston,29.6475,-95.4786,Flood,High,3.36,FEMA National Risk Index,2024,https://hazards.fema.gov/nri/
77046,Houston,29.7142,-95.2791,Flood,High,4.03,FEMA National Risk Index,2024,https://hazards.fema.gov/nri/
77047,Houston,29.6122,-95.2381,Flood,High,2.89,FEMA National Risk Index,2024,https://hazards.fema.gov/nri/
77048,Houston,29.6742,-95.43,Flood,High,3.6,FEMA National Risk Index,2024,https://hazards.fema.gov/nri/
77049,Houston,29.7632,-95.4358,Flood,High,3.46,FEMA National Risk Index,2024,https://hazards.fema.gov/nri/
77050,Houston,29.7323,-95.3053,Flood,High,3.67,FEMA National Risk Index,2024,https://hazards.fema.gov/nri/
77051,Houston,29.6459,-95.3738,Flood,High,3.35,FEMA National Risk Index,2024,https://hazards.fema.gov/nri/
77052,Houston,29.6681,-95.342,Flood,High,3.63,FEMA National Risk Index,2024,https://hazards.fema.gov/nri/
77053,Houston,29.7597,-95.3379,Flood,High,3.81,FEMA National Risk Index,2024,https://hazards.fema.gov/nri/
77054,Houston,29.6752,-95.3449,Flood,High,3.65,FEMA National Risk Index,2024,https://hazards.fema.gov/nri/
77055,Houston,29.8998,-95.1999,Flood,High,3.74,FEMA National Risk Index,2024,https://hazards.fema.gov/nri/
85001,Phoenix,33.4865,-112.0511,Extreme Heat,High,3.78,FEMA National Risk Index,2024,https://hazards.fema.gov/nri/
85002,Phoenix,33.5169,-112.2465,Extreme Heat,High,3.67,FEMA National Risk Index,2024,https://hazards.fema.gov/nri/
85003,Phoenix,33.4488,-112.2494,Extreme Heat,High,3.8,FEMA National Risk Index,2024,https://hazards.fema.gov/nri/
85004,Phoenix,33.4699,-112.0968,Extreme Heat,High,3.73,FEMA National Risk Index,2024,https://hazards.fema.gov/nri/
85005,Phoenix,33.5034,-112.1015,Extreme Heat,High,3.64,FEMA National Risk Index,2024,https://hazards.fema.gov/nri/
85006,Phoenix,33.5588,-112.155,Extreme Heat,High,2.88,FEMA National Risk Index,2024,https://hazards.fema.gov/nri/
85007,Phoenix,33.5321,-112.1235,Extreme Heat,High,3.88,FEMA National Risk Index,2024,https://hazards.fema.gov/nri/
85008,Phoenix,33.4675,-112.1974,Extreme Heat,High,3.64,FEMA National Risk Index,2024,https://hazards.fema.gov/nri/
85009,Phoenix,33.4386,-111.9574,Extreme Heat,High,4.03,FEMA National Risk Index,2024,https://hazards.fema.gov/nri/
85010,Phoenix,33.381,-112.1999,Extreme Heat,High,3.51,FEMA National Risk Index,2024,https://hazards.fema.gov/nri/
85011,Phoenix,33.4355,-111.9244,Extreme Heat,High,3.66,FEMA National Risk Index,2024,https://hazards.fema.gov/nri/
85012,Phoenix,33.4386,-111.9931,Extreme Heat,High,3.43,FEMA National Risk Index,2024,https://hazards.fema.gov/nri/
85013,Phoenix,33.413,-111.9158,Extreme Heat,High,2.99,FEMA National Risk Index,2024,https://hazards.fema.gov/nri/
85014,Phoenix,33.5665,-111.9465,Extreme Heat,High,3.73,FEMA National Risk Index,2024,https://hazards.fema.gov/nri/
85015,Phoenix,33.4024,-112.0304,Extreme Heat,High,3.86,FEMA National Risk Index,2024,https://hazards.fema.gov/nri/
85016,Phoenix,33.5189,-112.219,Extreme Heat,High,2.97,FEMA National Risk Index,2024,https://hazards.fema.gov/nri/
85017,Phoenix,33.4008,-111.92,Extreme Heat,High,2.99,FEMA National Risk Index,2024,https://hazards.fema.gov/nri/
85018,Phoenix,33.5556,-111.9186,Extreme Heat,High,3.98,FEMA National Risk Index,2024,https://hazards.fema.gov/nri/
85019,Phoenix,33.3321,-112.1524,Extreme Heat,High,3.06,FEMA National Risk Index,2024,https://hazards.fema.gov/nri/
85020,Phoenix,33.3843,-111.9076,Extreme Heat,High,3.3,FEMA National Risk Index,2024,https://hazards.fema.gov/nri/
85021,Phoenix,33.3923,-112.1722,Extreme Heat,High,3.66,FEMA National Risk Index,2024,https://hazards.fema.gov/nri/
85022,Phoenix,33.4011,-112.0145,Extreme Heat,High,4.02,FEMA National Risk Index,2024,https://hazards.fema.gov/nri/
85023,Phoenix,33.4635,-112.1937,Extreme Heat,High,3.5,FEMA National Risk Index,2024,https://hazards.fema.gov/nri/
85024,Phoenix,33.4883,-112.0223,Extreme Heat,High,4.07,FEMA National Risk Index,2024,https://hazards.fema.gov/nri/
85025,Phoenix,33.3415,-112.0734,Extreme Heat,High,3.36,FEMA National Risk Index,2024,https://hazards.fema.gov/nri/
85026,Phoenix,33.3279,-111.9911,Extreme Heat,High,3.53,FEMA National Risk Index,2024,https://hazards.fema.gov/nri/
85027,Phoenix,33.548,-112.0338,Extreme Heat,High,3.42,FEMA National Risk Index,2024,https://hazards.fema.gov/nri/
85028,Phoenix,33.5073,-112.2141,Extreme Heat,High,3.6,FEMA National Risk Index,2024,https://hazards.fema.gov/nri/
85029,Phoenix,33.5468,-112.0347,Extreme Heat,High,3.79,FEMA National Risk Index,2024,https://hazards.fema.gov/nri/
85030,Phoenix,33.5547,-111.9059,Extreme Heat,High,3.82,FEMA National Risk Index,2024,https://hazards.fema.gov/nri/
85031,Phoenix,33.437,-112.1104,Extreme Heat,High,3.18,FEMA National Risk Index,2024,https://hazards.fema.gov/nri/
85032,Phoenix,33.3372,-112.0916,Extreme Heat,High,3.27,FEMA National Risk Index,2024,https://hazards.fema.gov/nri/
85033,Phoenix,33.5085,-112.0523,Extreme Heat,High,3.15,FEMA National Risk Index,2024,https://hazards.fema.gov/nri/
85034,Phoenix,33.301,-111.9067,Extreme Heat,High,3.58,FEMA National Risk Index,2024,https://hazards.fema.gov/nri/
85035,Phoenix,33.5032,-112.2324,Extreme Heat,High,3.45,FEMA National Risk Index,2024,https://hazards.fema.gov/nri/
85036,Phoenix,33.3428,-112.177,Extreme Heat,High,3.23,FEMA National Risk Index,2024,https://hazards.fema.gov/nri/
85037,Phoenix,33.5605,-111.8997,Extreme Heat,High,3.67,FEMA National Risk Index,2024,https://hazards.fema.gov/nri/
85038,Phoenix,33.3082,-111.9943,Extreme Heat,High,3.98,FEMA National Risk Index,2024,https://hazards.fema.gov/nri/
85039,Phoenix,33.3587,-111.969,Extreme Heat,High,3.81,FEMA National Risk Index,2024,https://hazards.fema.gov/nri/
85040,Phoenix,33.3804,-112.1907,Extreme Heat,High,2.93,FEMA National Risk Index,2024,https://hazards.fema.gov/nri/
85041,Phoenix,33.4573,-112.0658,Extreme Heat,High,3.69,FEMA National Risk Index,2024,https://hazards.fema.gov/nri/
85042,Phoenix,33.5363,-111.953,Extreme Heat,High,3.26,FEMA National Risk Index,2024,https://hazards.fema.gov/nri/
85043,Phoenix,33.5637,-112.2114,Extreme Heat,High,3.97,FEMA National Risk Index,2024,https://hazards.fema.gov/nri/
85044,Phoenix,33.4144,-112.1238,Extreme Heat,High,3.59,FEMA National Risk Index,2024,https://hazards.fema.gov/nri/
85045,Phoenix,33.4403,-112.0393,Extreme Heat,High,3.94,FEMA National Risk Index,2024,https://hazards.fema.gov/nri/
85046,Phoenix,33.4218,-111.9065,Extreme Heat,High,4.03,FEMA National Risk Index,2024,https://hazards.fema.gov/nri/
85047,Phoenix,33.4008,-112.0124,Extreme Heat,High,3.7,FEMA National Risk Index,2024,https://hazards.fema.gov/nri/
85048,Phoenix,33.5396,-112.1846,Extreme Heat,High,3.31,FEMA National Risk Index,2024,https://hazards.fema.gov/nri/
85049,Phoenix,33.4835,-112.1098,Extreme Heat,High,3.46,FEMA National Risk Index,2024,https://hazards.fema.gov/nri/
85050,Phoenix,33.4428,-112.0894,Extreme Heat,High,3.28,FEMA National Risk Index,2024,https://hazards.fema.gov/nri/
19101,Philadelphia,39.8792,-75.0913,Low,Low,3.36,FEMA National Risk Index,2024,https://hazards.fema.gov/nri/
19102,Philadelphia,39.927,-75.1616,Low,Low,3.24,FEMA National Risk Index,2024,https://hazards.fema.gov/nri/
19103,Philadelphia,39.8196,-75.153,Low,Low,3.92,FEMA National Risk Index,2024,https://hazards.fema.gov/nri/
19104,Philadelphia,39.8758,-75.243,Low,Low,3.61,FEMA National Risk Index,2024,https://hazards.fema.gov/nri/
19105,Philadelphia,39.8214,-75.0158,Low,Low,3.06,FEMA National Risk Index,2024,https://hazards.fema.gov/nri/
19106,Philadelphia,39.8061,-75.3242,Low,Low,3.94,FEMA National Risk Index,2024,https://hazards.fema.gov/nri/
19107,Philadelphia,40.0779,-75.2803,Low,Low,3.0,FEMA National Risk Index,2024,https://hazards.fema.gov/nri/
19108,Philadelphia,39.9972,-75.1212,Low,Low,3.07,FEMA National Risk Index,2024,https://hazards.fema.gov/nri/
19109,Philadelphia,39.8484,-75.134,Low,Low,3.58,FEMA National Risk Index,2024,https://hazards.fema.gov/nri/
19110,Philadelphia,39.8465,-75.0615,Low,Low,4.06,FEMA National Risk Index,2024,https://hazards.fema.gov/nri/
19111,Philadelphia,39.9695,-75.3042,Low,Low,3.92,FEMA National Risk Index,2024,https://hazards.fema.gov/nri/
19112,Philadelphia,40.0979,-75.2801,Low,Low,3.5,FEMA National Risk Index,2024,https://hazards.fema.gov/nri/
19113,Philadelphia,39.8642,-75.2511,Low,Low,3.76,FEMA National Risk Index,2024,https://hazards.fema.gov/nri/
19114,Philadelphia,39.8635,-75.1479,Low,Low,3.99,FEMA National Risk Index,2024,https://hazards.fema.gov/nri/
19115,Philadelphia,39.8048,-75.3225,Low,Low,4.08,FEMA National Risk Index,2024,https://hazards.fema.gov/nri/
19116,Philadelphia,40.0089,-75.1997,Low,Low,3.59,FEMA National Risk Index,2024,https://hazards.fema.gov/nri/
19117,Philadelphia,40.1013,-75.2389,Low,Low,3.09,FEMA National Risk Index,2024,https://hazards.fema.gov/nri/
19118,Philadelphia,39.9734,-75.09,Low,Low,3.86,FEMA National Risk Index,2024,https://hazards.fema.gov/nri/
19119,Philadelphia,40.0905,-75.1551,Low,Low,2.9,FEMA National Risk Index,2024,https://hazards.fema.gov/nri/
19120,Philadelphia,39.9656,-75.2609,Low,Low,3.14,FEMA National Risk Index,2024,https://hazards.fema.gov/nri/
19121,Philadelphia,40.0142,-75.0333,Low,Low,3.65,FEMA National Risk Index,2024,https://hazards.fema.gov/nri/
19122,Philadelphia,39.9997,-75.0995,Low,Low,3.38,FEMA National Risk Index,2024,https://hazards.fema.gov/nri/
19123,Philadelphia,39.8636,-75.1083,Low,Low,4.01,FEMA National Risk Index,2024,https://hazards.fema.gov/nri/
19124,Philadelphia,39.9235,-75.0317,Low,Low,3.89,FEMA National Risk Index,2024,https://hazards.fema.gov/nri/
19125,Philadelphia,39.8893,-75.0872,Low,Low,4.02,FEMA National Risk Index,2024,https://hazards.fema.gov/nri/
19126,Philadelphia,39.9703,-75.2612,Low,Low,3.72,FEMA National Risk Index,2024,https://hazards.fema.gov/nri/
19127,Philadelphia,39.9679,-75.2242,Low,Low,2.91,FEMA National Risk Index,2024,https://hazards.fema.gov/nri/
19128,Philadelphia,39.8531,-75.2571,Low,Low,3.04,FEMA National Risk Index,2024,https://hazards.fema.gov/nri/
19129,Philadelphia,40.0078,-75.2049,Low,Low,3.61,FEMA National Risk Index,2024,https://hazards.fema.gov/nri/
19130,Philadelphia,39.8327,-75.2063,Low,Low,3.38,FEMA National Risk Index,2024,https://hazards.fema.gov/nri/
19131,Philadelphia,40.1021,-75.3217,Low,Low,3.82,FEMA National Risk Index,2024,https://hazards.fema.gov/nri/
19132,Philadelphia,39.9518,-75.1575,Low,Low,3.98,FEMA National Risk Index,2024,https://hazards.fema.gov/nri/
19133,Philadelphia,40.0339,-75.2069,Low,Low,3.64,FEMA National Risk Index,2024,https://hazards.fema.gov/nri/
19134,Philadelphia,40.058,-75.0822,Low,Low,3.32,FEMA National Risk Index,2024,https://hazards.fema.gov/nri/
19135,Philadelphia,40.0793,-75.0038,Low,Low,3.07,FEMA National Risk Index,2024,https://hazards.fema.gov/nri/
19136,Philadelphia,39.8735,-75.1314,Low,Low,3.43,FEMA National Risk Index,2024,https://hazards.fema.gov/nri/
19137,Philadelphia,40.0784,-75.2554,Low,Low,3.17,FEMA National Risk Index,2024,https://hazards.fema.gov/nri/
19138,Philadelphia,39.8696,-74.9942,Low,Low,3.47,FEMA National Risk Index,2024,https://hazards.fema.gov/nri/
19139,Philadelphia,39.8326,-75.0222,Low,Low,3.55,FEMA National Risk Index,2024,https://hazards.fema.gov/nri/
19140,Philadelphia,40.0859,-75.1862,Low,Low,3.18,FEMA National Risk Index,2024,https://hazards.fema.gov/nri/
78201,San Antonio,29.4447,-98.5316,Low,Low,3.13,FEMA National Risk Index,2024,https://hazards.fema.gov/nri/
78202,San Antonio,29.5591,-98.3901,Low,Low,3.89,FEMA National Risk Index,2024,https://hazards.fema.gov/nri/
78203,San Antonio,29.5163,-98.4993,Low,Low,3.12,FEMA National Risk Index,2024,https://hazards.fema.gov/nri/
78204,San Antonio,29.2804,-98.3577,Low,Low,3.94,FEMA National Risk Index,2024,https://hazards.fema.gov/nri/
78205,San Antonio,29.4426,-98.6017,Low,Low,3.17,FEMA National Risk Index,2024,https://hazards.fema.gov/nri/
78206,San Antonio,29.3904,-98.3681,Low,Low,3.07,FEMA National Risk Index,2024,https://hazards.fema.gov/nri/
78207,San Antonio,29.3108,-98.6035,Low,Low,3.27,FEMA National Risk Index,2024,https://hazards.fema.gov/nri/
78208,San Antonio,29.4352,-98.3235,Low,Low,3.9,FEMA National Risk Index,2024,https://hazards.fema.gov/nri/
78209,San Antonio,29.3834,-98.5436,Low,Low,4.01,FEMA National Risk Index,2024,https://hazards.fema.gov/nri/
78210,San Antonio,29.3718,-98.4104,Low,Low,4.01,FEMA National Risk Index,2024,https://hazards.fema.gov/nri/
78211,San Antonio,29.3689,-98.3522,Low,Low,3.85,FEMA National Risk Index,2024,https://hazards.fema.gov/nri/
78212,San Antonio,29.5738,-98.6424,Low,Low,3.42,FEMA National Risk Index,2024,https://hazards.fema.gov/nri/
78213,San Antonio,29.2918,-98.6292,Low,Low,4.0,FEMA National Risk Index,2024,https://hazards.fema.gov/nri/
78214,San Antonio,29.4378,-98.6218,Low,Low,3.62,FEMA National Risk Index,2024,https://hazards.fema.gov/nri/
78215,San Antonio,29.2976,-98.5184,Low,Low,3.73,FEMA National Risk Index,2024,https://hazards.fema.gov/nri/
78216,San Antonio,29.5066,-98.6628,Low,Low,3.26,FEMA National Risk Index,2024,https://hazards.fema.gov/nri/
78217,San Antonio,29.3566,-98.3664,Low,Low,3.47,FEMA National Risk Index,2024,https://hazards.fema.gov/nri/
78218,San Antonio,29.2941,-98.5619,Low,Low,3.32,FEMA National Risk Index,2024,https://hazards.fema.gov/nri/
78219,San Antonio,29.3721,-98.5588,Low,Low,4.0,FEMA National Risk Index,2024,https://hazards.fema.gov/nri/
78220,San Antonio,29.3702,-98.454,Low,Low,3.04,FEMA National Risk Index,2024,https://hazards.fema.gov/nri/
78221,San Antonio,29.2869,-98.4564,Low,Low,3.76,FEMA National Risk Index,2024,https://hazards.fema.gov/nri/
78222,San Antonio,29.4667,-98.4389,Low,Low,3.03,FEMA National Risk Index,2024,https://hazards.fema.gov/nri/
78223,San Antonio,29.4135,-98.5022,Low,Low,3.4,FEMA National Risk Index,2024,https://hazards.fema.gov/nri/
78224,San Antonio,29.3906,-98.3178,Low,Low,3.64,FEMA National Risk Index,2024,https://hazards.fema.gov/nri/
78225,San Antonio,29.3897,-98.4844,Low,Low,3.01,FEMA National Risk Index,2024,https://hazards.fema.gov/nri/
78226,San Antonio,29.5126,-98.5438,Low,Low,3.37,FEMA National Risk Index,2024,https://hazards.fema.gov/nri/
78227,San Antonio,29.4179,-98.6684,Low,Low,2.97,FEMA National Risk Index,2024,https://hazards.fema.gov/nri/
78228,San Antonio,29.5319,-98.6123,Low,Low,3.48,FEMA National Risk Index,2024,https://hazards.fema.gov/nri/
78229,San Antonio,29.4116,-98.6139,Low,Low,3.14,FEMA National Risk Index,2024,https://hazards.fema.gov/nri/
78230,San Antonio,29.3031,-98.3137,Low,Low,2.92,FEMA National Risk Index,2024,https://hazards.fema.gov/nri/
78231,San Antonio,29.3987,-98.586,Low,Low,2.93,FEMA National Risk Index,2024,https://hazards.fema.gov/nri/
78232,San Antonio,29.392,-98.534,Low,Low,3.21,FEMA National Risk Index,2024,https://hazards.fema.gov/nri/
78233,San Antonio,29.2824,-98.4801,Low,Low,3.7,FEMA National Risk Index,2024,https://hazards.fema.gov/nri/
78234,San Antonio,29.3202,-98.3714,Low,Low,3.15,FEMA National Risk Index,2024,https://hazards.fema.gov/nri/
78235,San Antonio,29.4036,-98.3195,Low,Low,3.14,FEMA National Risk Index,2024,https://hazards.fema.gov/nri/
92101,San Diego,32.838,-117.1017,Low,Low,3.26,FEMA National Risk Index,2024,https://hazards.fema.gov/nri/
92102,San Diego,32.6727,-117.0503,Low,Low,3.69,FEMA National Risk Index,2024,https://hazards.fema.gov/nri/
92103,San Diego,32.6323,-117.2339,Low,Low,3.54,FEMA National Risk Index,2024,https://hazards.fema.gov/nri/
92104,San Diego,32.7964,-117.3284,Low,Low,3.05,FEMA National Risk Index,2024,https://hazards.fema.gov/nri/
92105,San Diego,32.6873,-117.2359,Low,Low,3.5,FEMA National Risk Index,2024,https://hazards.fema.gov/nri/
92106,San Diego,32.7967,-117.1025,Low,Low,3.14,FEMA National Risk Index,2024,https://hazards.fema.gov/nri/
92107,San Diego,32.703,-117.2576,Low,Low,3.94,FEMA National Risk Index,2024,https://hazards.fema.gov/nri/
92108,San Diego,32.6499,-117.3276,Low,Low,3.76,FEMA National Risk Index,2024,https://hazards.fema.gov/nri/
92109,San Diego,32.7874,-117.1324,Low,Low,3.21,FEMA National Risk Index,2024,https://hazards.fema.gov/nri/
92110,San Diego,32.7249,-117.156,Low,Low,3.08,FEMA National Risk Index,2024,https://hazards.fema.gov/nri/
92111,San Diego,32.8274,-117.04,Low,Low,3.48,FEMA National Risk Index,2024,https://hazards.fema.gov/nri/
92112,San Diego,32.7285,-117.2274,Low,Low,3.79,FEMA National Risk Index,2024,https://hazards.fema.gov/nri/
92113,San Diego,32.5832,-117.0971,Low,Low,3.97,FEMA National Risk Index,2024,https://hazards.fema.gov/nri/
92114,San Diego,32.8411,-117.2208,Low,Low,3.31,FEMA National Risk Index,2024,https://hazards.fema.gov/nri/
92115,San Diego,32.6924,-117.3261,Low,Low,3.35,FEMA National Risk Index,2024,https://hazards.fema.gov/nri/
92116,San Diego,32.7443,-117.0421,Low,Low,4.1,FEMA National Risk Index,2024,https://hazards.fema.gov/nri/
92117,San Diego,32.6166,-117.2652,Low,Low,3.49,FEMA National Risk Index,2024,https://hazards.fema.gov/nri/
92118,San Diego,32.6171,-117.3145,Low,Low,3.68,FEMA National Risk Index,2024,https://hazards.fema.gov/nri/
92119,San Diego,32.8424,-117.2903,Low,Low,4.08,FEMA National Risk Index,2024,https://hazards.fema.gov/nri/
92120,San Diego,32.7477,-117.2998,Low,Low,4.1,FEMA National Risk Index,2024,https://hazards.fema.gov/nri/
92121,San Diego,32.6178,-117.0959,Low,Low,3.59,FEMA National Risk Index,2024,https://hazards.fema.gov/nri/
92122,San Diego,32.6564,-117.0229,Low,Low,3.6,FEMA National Risk Index,2024,https://hazards.fema.gov/nri/
92123,San Diego,32.8428,-116.9898,Low,Low,2.89,FEMA National Risk Index,2024,https://hazards.fema.gov/nri/
92124,San Diego,32.7553,-117.2175,Low,Low,3.75,FEMA National Risk Index,2024,https://hazards.fema.gov/nri/
92125,San Diego,32.8545,-117.0553,Low,Low,3.74,FEMA National Risk Index,2024,https://hazards.fema.gov/nri/
92126,San Diego,32.827,-117.2302,Low,Low,3.09,FEMA National Risk Index,2024,https://hazards.fema.gov/nri/
92127,San Diego,32.6442,-117.3115,Low,Low,4.0,FEMA National Risk Index,2024,https://hazards.fema.gov/nri/
92128,San Diego,32.6958,-117.2376,Low,Low,3.04,FEMA National Risk Index,2024,https://hazards.fema.gov/nri/
92129,San Diego,32.7666,-117.1934,Low,Low,3.42,FEMA National Risk Index,2024,https://hazards.fema.gov/nri/
92130,San Diego,32.7361,-117.1071,Low,Low,3.95,FEMA National Risk Index,2024,https://hazards.fema.gov/nri/
92131,San Diego,32.7603,-117.2212,Low,Low,3.7,FEMA National Risk Index,2024,https://hazards.fema.gov/nri/
92132,San Diego,32.6926,-117.2,Low,Low,2.88,FEMA National Risk Index,2024,https://hazards.fema.gov/nri/
92133,San Diego,32.6658,-117.0085,Low,Low,3.62,FEMA National Risk Index,2024,https://hazards.fema.gov/nri/
92134,San Diego,32.8061,-117.1781,Low,Low,4.1,FEMA National Risk Index,2024,https://hazards.fema.gov/nri/
92135,San Diego,32.7679,-117.1386,Low,Low,3.82,FEMA National Risk Index,2024,https://hazards.fema.gov/nri/
75201,DFW,32.7342,-96.9509,Tornado/Hail,Moderate,3.96,FEMA National Risk Index,2024,https://hazards.fema.gov/nri/
75202,DFW,32.7228,-96.6538,Tornado/Hail,Moderate,3.81,FEMA National Risk Index,2024,https://hazards.fema.gov/nri/
75203,DFW,32.7113,-96.8618,Tornado/Hail,Moderate,3.24,FEMA National Risk Index,2024,https://hazards.fema.gov/nri/
75204,DFW,32.6426,-96.6474,Tornado/Hail,Moderate,3.31,FEMA National Risk Index,2024,https://hazards.fema.gov/nri/
75205,DFW,32.8517,-96.9384,Tornado/Hail,Moderate,3.87,FEMA National Risk Index,2024,https://hazards.fema.gov/nri/
75206,DFW,32.8244,-96.6387,Tornado/Hail,Moderate,3.32,FEMA National Risk Index,2024,https://hazards.fema.gov/nri/
75207,DFW,32.8319,-96.6469,Tornado/Hail,Moderate,3.39,FEMA National Risk Index,2024,https://hazards.fema.gov/nri/
75208,DFW,32.6385,-96.8405,Tornado/Hail,Moderate,3.45,FEMA National Risk Index,2024,https://hazards.fema.gov/nri/
75209,DFW,32.6556,-96.769,Tornado/Hail,Moderate,3.88,FEMA National Risk Index,2024,https://hazards.fema.gov/nri/
75210,DFW,32.8515,-96.6655,Tornado/Hail,Moderate,3.03,FEMA National Risk Index,2024,https://hazards.fema.gov/nri/
75211,DFW,32.8823,-96.9748,Tornado/Hail,Moderate,3.49,FEMA National Risk Index,2024,https://hazards.fema.gov/nri/
75212,DFW,32.878,-96.8355,Tornado/Hail,Moderate,3.21,FEMA National Risk Index,2024,https://hazards.fema.gov/nri/
75213,DFW,32.6743,-96.9401,Tornado/Hail,Moderate,3.6,FEMA National Risk Index,2024,https://hazards.fema.gov/nri/
75214,DFW,32.7418,-96.8486,Tornado/Hail,Moderate,3.88,FEMA National Risk Index,2024,https://hazards.fema.gov/nri/
75215,DFW,32.6684,-96.8536,Tornado/Hail,Moderate,4.0,FEMA National Risk Index,2024,https://hazards.fema.gov/nri/
75216,DFW,32.7749,-96.7409,Tornado/Hail,Moderate,2.96,FEMA National Risk Index,2024,https://hazards.fema.gov/nri/
75217,DFW,32.8897,-96.7461,Tornado/Hail,Moderate,4.07,FEMA National Risk Index,2024,https://hazards.fema.gov/nri/
75218,DFW,32.7841,-96.7456,Tornado/Hail,Moderate,3.98,FEMA National Risk Index,2024,https://hazards.fema.gov/nri/
75219,DFW,32.9191,-96.7928,Tornado/Hail,Moderate,3.79,FEMA National Risk Index,2024,https://hazards.fema.gov/nri/
75220,DFW,32.7431,-96.7517,Tornado/Hail,Moderate,3.67,FEMA National Risk Index,2024,https://hazards.fema.gov/nri/
75221,DFW,32.698,-96.787,Tornado/Hail,Moderate,3.73,FEMA National Risk Index,2024,https://hazards.fema.gov/nri/
75222,DFW,32.712,-96.6542,Tornado/Hail,Moderate,3.68,FEMA National Risk Index,2024,https://hazards.fema.gov/nri/
75223,DFW,32.8769,-96.7737,Tornado/Hail,Moderate,3.27,FEMA National Risk Index,2024,https://hazards.fema.gov/nri/
75224,DFW,32.8075,-96.904,Tornado/Hail,Moderate,4.06,FEMA National Risk Index,2024,https://hazards.fema.gov/nri/
75225,DFW,32.7787,-96.6348,Tornado/Hail,Moderate,3.46,FEMA National Risk Index,2024,https://hazards.fema.gov/nri/
75226,DFW,32.8696,-96.8318,Tornado/Hail,Moderate,3.04,FEMA National Risk Index,2024,https://hazards.fema.gov/nri/
75227,DFW,32.8092,-96.8088,Tornado/Hail,Moderate,3.73,FEMA National Risk Index,2024,https://hazards.fema.gov/nri/
75228,DFW,32.8704,-96.8465,Tornado/Hail,Moderate,2.98,FEMA National Risk Index,2024,https://hazards.fema.gov/nri/
75229,DFW,32.7759,-96.7458,Tornado/Hail,Moderate,3.06,FEMA National Risk Index,2024,https://hazards.fema.gov/nri/
75230,DFW,32.7575,-96.6588,Tornado/Hail,Moderate,3.97,FEMA National Risk Index,2024,https://hazards.fema.gov/nri/
75231,DFW,32.6405,-96.9338,Tornado/Hail,Moderate,3.94,FEMA National Risk Index,2024,https://hazards.fema.gov/nri/
75232,DFW,32.7193,-96.832,Tornado/Hail,Moderate,3.0,FEMA National Risk Index,2024,https://hazards.fema.gov/nri/
75233,DFW,32.7264,-96.7029,Tornado/Hail,Moderate,2.99,FEMA National Risk Index,2024,https://hazards.fema.gov/nri/
75234,DFW,32.6871,-96.6614,Tornado/Hail,Moderate,4.05,FEMA National Risk Index,2024,https://hazards.fema.gov/nri/
75235,DFW,32.9075,-96.662,Tornado/Hail,Moderate,3.62,FEMA National Risk Index,2024,https://hazards.fema.gov/nri/
75236,DFW,32.9219,-96.8311,Tornado/Hail,Moderate,3.72,FEMA National Risk Index,2024,https://hazards.fema.gov/nri/
75237,DFW,32.8763,-96.791,Tornado/Hail,Moderate,4.02,FEMA National Risk Index,2024,https://hazards.fema.gov/nri/
75238,DFW,32.7993,-96.8522,Tornado/Hail,Moderate,3.81,FEMA National Risk Index,2024,https://hazards.fema.gov/nri/
75239,DFW,32.8972,-96.8751,Tornado/Hail,Moderate,3.4,FEMA National Risk Index,2024,https://hazards.fema.gov/nri/
75240,DFW,32.7867,-96.7431,Tornado/Hail,Moderate,2.89,FEMA National Risk Index,2024,https://hazards.fema.gov/nri/
75241,DFW,32.8638,-96.6183,Tornado/Hail,Moderate,4.02,FEMA National Risk Index,2024,https://hazards.fema.gov/nri/
75242,DFW,32.7765,-96.6734,Tornado/Hail,Moderate,4.12,FEMA National Risk Index,2024,https://hazards.fema.gov/nri/
75243,DFW,32.7133,-96.9391,Tornado/Hail,Moderate,3.83,FEMA National Risk Index,2024,https://hazards.fema.gov/nri/
75244,DFW,32.8923,-96.645,Tornado/Hail,Moderate,3.14,FEMA National Risk Index,2024,https://hazards.fema.gov/nri/
75245,DFW,32.8574,-96.843,Tornado/Hail,Moderate,2.92,FEMA National Risk Index,2024,https://hazards.fema.gov/nri/
75246,DFW,32.7071,-96.6332,Tornado/Hail,Moderate,3.41,FEMA National Risk Index,2024,https://hazards.fema.gov/nri/
75247,DFW,32.7716,-96.8914,Tornado/Hail,Moderate,3.36,FEMA National Risk Index,2024,https://hazards.fema.gov/nri/
75248,DFW,32.7708,-96.9387,Tornado/Hail,Moderate,3.72,FEMA National Risk Index,2024,https://hazards.fema.gov/nri/
75249,DFW,32.9013,-96.8161,Tornado/Hail,Moderate,4.13,FEMA National Risk Index,2024,https://hazards.fema.gov/nri/
75250,DFW,32.8254,-96.7217,Tornado/Hail,Moderate,2.93,FEMA National Risk Index,2024,https://hazards.fema.gov/nri/
75251,DFW,32.6285,-96.9364,Tornado/Hail,Moderate,4.13,FEMA National Risk Index,2024,https://hazards.fema.gov/nri/
75252,DFW,32.9069,-96.7817,Tornado/Hail,Moderate,3.62,FEMA National Risk Index,2024,https://hazards.fema.gov/nri/
75253,DFW,32.9211,-96.9045,Tornado/Hail,Moderate,3.33,FEMA National Risk Index,2024,https://hazards.fema.gov/nri/
75254,DFW,32.6326,-96.6595,Tornado/Hail,Moderate,2.93,FEMA National Risk Index,2024,https://hazards.fema.gov/nri/
75255,DFW,32.6419,-96.6349,Tornado/Hail,Moderate,4.09,FEMA National Risk Index,2024,https://hazards.fema.gov/nri/
94101,Bay Area,37.7686,-122.3285,Earthquake/Wildfire,High,2.96,FEMA National Risk Index,2024,https://hazards.fema.gov/nri/
94102,Bay Area,37.7378,-122.4342,Earthquake/Wildfire,High,3.44,FEMA National Risk Index,2024,https://hazards.fema.gov/nri/
94103,Bay Area,37.7941,-122.5482,Earthquake/Wildfire,High,3.85,FEMA National Risk Index,2024,https://hazards.fema.gov/nri/
94104,Bay Area,37.6351,-122.3395,Earthquake/Wildfire,High,3.83,FEMA National Risk Index,2024,https://hazards.fema.gov/nri/
94105,Bay Area,37.7817,-122.5534,Earthquake/Wildfire,High,3.17,FEMA National Risk Index,2024,https://hazards.fema.gov/nri/
94106,Bay Area,37.8431,-122.2828,Earthquake/Wildfire,High,2.88,FEMA National Risk Index,2024,https://hazards.fema.gov/nri/
94107,Bay Area,37.6341,-122.5768,Earthquake/Wildfire,High,3.87,FEMA National Risk Index,2024,https://hazards.fema.gov/nri/
94108,Bay Area,37.6948,-122.5603,Earthquake/Wildfire,High,2.93,FEMA National Risk Index,2024,https://hazards.fema.gov/nri/
94109,Bay Area,37.7355,-122.3109,Earthquake/Wildfire,High,3.87,FEMA National Risk Index,2024,https://hazards.fema.gov/nri/
94110,Bay Area,37.6377,-122.2649,Earthquake/Wildfire,High,3.22,FEMA National Risk Index,2024,https://hazards.fema.gov/nri/
94111,Bay Area,37.7117,-122.2613,Earthquake/Wildfire,High,3.71,FEMA National Risk Index,2024,https://hazards.fema.gov/nri/
94112,Bay Area,37.8873,-122.3034,Earthquake/Wildfire,High,3.08,FEMA National Risk Index,2024,https://hazards.fema.gov/nri/
94113,Bay Area,37.8948,-122.5314,Earthquake/Wildfire,High,3.29,FEMA National Risk Index,2024,https://hazards.fema.gov/nri/
94114,Bay Area,37.7382,-122.3844,Earthquake/Wildfire,High,3.82,FEMA National Risk Index,2024,https://hazards.fema.gov/nri/
94115,Bay Area,37.6319,-122.3526,Earthquake/Wildfire,High,3.1,FEMA National Risk Index,2024,https://hazards.fema.gov/nri/
94116,Bay Area,37.7022,-122.4266,Earthquake/Wildfire,High,3.86,FEMA National Risk Index,2024,https://hazards.fema.gov/nri/
94117,Bay Area,37.645,-122.3776,Earthquake/Wildfire,High,3.71,FEMA National Risk Index,2024,https://hazards.fema.gov/nri/
94118,Bay Area,37.7614,-122.3274,Earthquake/Wildfire,High,3.45,FEMA National Risk Index,2024,https://hazards.fema.gov/nri/
94119,Bay Area,37.864,-122.4847,Earthquake/Wildfire,High,3.45,FEMA National Risk Index,2024,https://hazards.fema.gov/nri/
94120,Bay Area,37.8643,-122.4794,Earthquake/Wildfire,High,2.95,FEMA National Risk Index,2024,https://hazards.fema.gov/nri/
94121,Bay Area,37.7922,-122.4425,Earthquake/Wildfire,High,3.81,FEMA National Risk Index,2024,https://hazards.fema.gov/nri/
94122,Bay Area,37.7784,-122.5458,Earthquake/Wildfire,High,2.92,FEMA National Risk Index,2024,https://hazards.fema.gov/nri/
94123,Bay Area,37.8375,-122.478,Earthquake/Wildfire,High,3.89,FEMA National Risk Index,2024,https://hazards.fema.gov/nri/
94124,Bay Area,37.8922,-122.2964,Earthquake/Wildfire,High,3.01,FEMA National Risk Index,2024,https://hazards.fema.gov/nri/
94125,Bay Area,37.7645,-122.2409,Earthquake/Wildfire,High,4.13,FEMA National Risk Index,2024,https://hazards.fema.gov/nri/
94126,Bay Area,37.7961,-122.354,Earthquake/Wildfire,High,4.02,FEMA National Risk Index,2024,https://hazards.fema.gov/nri/
94127,Bay Area,37.902,-122.5564,Earthquake/Wildfire,High,3.79,FEMA National Risk Index,2024,https://hazards.fema.gov/nri/
94128,Bay Area,37.7055,-122.481,Earthquake/Wildfire,High,3.15,FEMA National Risk Index,2024,https://hazards.fema.gov/nri/
94129,Bay Area,37.8004,-122.5673,Earthquake/Wildfire,High,3.16,FEMA National Risk Index,2024,https://hazards.fema.gov/nri/
94130,Bay Area,37.63,-122.2554,Earthquake/Wildfire,High,2.89,FEMA National Risk Index,2024,https://hazards.fema.gov/nri/
94131,Bay Area,37.7703,-122.4485,Earthquake/Wildfire,High,3.42,FEMA National Risk Index,2024,https://hazards.fema.gov/nri/
94132,Bay Area,37.7415,-122.4854,Earthquake/Wildfire,High,3.97,FEMA National Risk Index,2024,https://hazards.fema.gov/nri/
94133,Bay Area,37.675,-122.257,Earthquake/Wildfire,High,2.9,FEMA National Risk Index,2024,https://hazards.fema.gov/nri/
94134,Bay Area,37.8135,-122.358,Earthquake/Wildfire,High,3.39,FEMA National Risk Index,2024,https://hazards.fema.gov/nri/
94135,Bay Area,37.6511,-122.5827,Earthquake/Wildfire,High,3.18,FEMA National Risk Index,2024,https://hazards.fema.gov/nri/
94136,Bay Area,37.7382,-122.2633,Earthquake/Wildfire,High,3.39,FEMA National Risk Index,2024,https://hazards.fema.gov/nri/
94137,Bay Area,37.6763,-122.4566,Earthquake/Wildfire,High,3.25,FEMA National Risk Index,2024,https://hazards.fema.gov/nri/
94138,Bay Area,37.8736,-122.5811,Earthquake/Wildfire,High,3.53,FEMA National Risk Index,2024,https://hazards.fema.gov/nri/
94139,Bay Area,37.7895,-122.586,Earthquake/Wildfire,High,3.42,FEMA National Risk Index,2024,https://hazards.fema.gov/nri/
94140,Bay Area,37.9139,-122.486,Earthquake/Wildfire,High,3.62,FEMA National Risk Index,2024,https://hazards.fema.gov/nri/
94141,Bay Area,37.8758,-122.3879,Earthquake/Wildfire,High,3.35,FEMA National Risk Index,2024,https://hazards.fema.gov/nri/
94142,Bay Area,37.6422,-122.3426,Earthquake/Wildfire,High,3.46,FEMA National Risk Index,2024,https://hazards.fema.gov/nri/
94143,Bay Area,37.8082,-122.5795,Earthquake/Wildfire,High,3.82,FEMA National Risk Index,2024,https://hazards.fema.gov/nri/
94144,Bay Area,37.8858,-122.281,Earthquake/Wildfire,High,3.15,FEMA National Risk Index,2024,https://hazards.fema.gov/nri/
94145,Bay Area,37.6432,-122.5209,Earthquake/Wildfire,High,3.09,FEMA National Risk Index,2024,https://hazards.fema.gov/nri/
78701,Austin,30.3382,-97.6172,Low,Low,3.34,FEMA National Risk Index,2024,https://hazards.fema.gov/nri/
78702,Austin,30.3313,-97.9187,Low,Low,3.97,FEMA National Risk Index,2024,https://hazards.fema.gov/nri/
78703,Austin,30.3588,-97.7992,Low,Low,4.06,FEMA National Risk Index,2024,https://hazards.fema.gov/nri/
78704,Austin,30.3485,-97.5735,Low,Low,3.58,FEMA National Risk Index,2024,https://hazards.fema.gov/nri/
78705,Austin,30.192,-97.6333,Low,Low,3.18,FEMA National Risk Index,2024,https://hazards.fema.gov/nri/
78706,Austin,30.2236,-97.5862,Low,Low,2.91,FEMA National Risk Index,2024,https://hazards.fema.gov/nri/
78707,Austin,30.1727,-97.7459,Low,Low,2.87,FEMA National Risk Index,2024,https://hazards.fema.gov/nri/
78708,Austin,30.3636,-97.907,Low,Low,3.27,FEMA National Risk Index,2024,https://hazards.fema.gov/nri/
78709,Austin,30.2667,-97.9021,Low,Low,3.05,FEMA National Risk Index,2024,https://hazards.fema.gov/nri/
78710,Austin,30.2586,-97.6572,Low,Low,3.28,FEMA National Risk Index,2024,https://hazards.fema.gov/nri/
78711,Austin,30.253,-97.78,Low,Low,3.94,FEMA National Risk Index,2024,https://hazards.fema.gov/nri/
78712,Austin,30.1884,-97.7832,Low,Low,3.14,FEMA National Risk Index,2024,https://hazards.fema.gov/nri/
78713,Austin,30.2819,-97.9136,Low,Low,3.59,FEMA National Risk Index,2024,https://hazards.fema.gov/nri/
78714,Austin,30.3681,-97.8602,Low,Low,3.41,FEMA National Risk Index,2024,https://hazards.fema.gov/nri/
78715,Austin,30.1509,-97.7203,Low,Low,4.02,FEMA National Risk Index,2024,https://hazards.fema.gov/nri/
78716,Austin,30.1242,-97.8795,Low,Low,3.93,FEMA National Risk Index,2024,https://hazards.fema.gov/nri/
78717,Austin,30.2849,-97.85,Low,Low,3.63,FEMA National Risk Index,2024,https://hazards.fema.gov/nri/
78718,Austin,30.3486,-97.9174,Low,Low,3.52,FEMA National Risk Index,2024,https://hazards.fema.gov/nri/
78719,Austin,30.1984,-97.6438,Low,Low,3.71,FEMA National Risk Index,2024,https://hazards.fema.gov/nri/
78720,Austin,30.3247,-97.909,Low,Low,3.2,FEMA National Risk Index,2024,https://hazards.fema.gov/nri/
78721,Austin,30.4068,-97.5869,Low,Low,3.07,FEMA National Risk Index,2024,https://hazards.fema.gov/nri/
78722,Austin,30.3546,-97.6028,Low,Low,3.36,FEMA National Risk Index,2024,https://hazards.fema.gov/nri/
78723,Austin,30.2531,-97.7371,Low,Low,3.77,FEMA National Risk Index,2024,https://hazards.fema.gov/nri/
78724,Austin,30.3978,-97.7357,Low,Low,3.77,FEMA National Risk Index,2024,https://hazards.fema.gov/nri/
78725,Austin,30.1486,-97.7035,Low,Low,4.09,FEMA National Risk Index,2024,https://hazards.fema.gov/nri/
78726,Austin,30.2222,-97.8281,Low,Low,2.89,FEMA National Risk Index,2024,https://hazards.fema.gov/nri/
78727,Austin,30.3423,-97.6881,Low,Low,3.43,FEMA National Risk Index,2024,https://hazards.fema.gov/nri/
78728,Austin,30.406,-97.6199,Low,Low,3.67,FEMA National Risk Index,2024,https://hazards.fema.gov/nri/
78729,Austin,30.2176,-97.822,Low,Low,3.59,FEMA National Risk Index,2024,https://hazards.fema.gov/nri/
78730,Austin,30.273,-97.8927,Low,Low,4.04,FEMA National Risk Index,2024,https://hazards.fema.gov/nri/
78731,Austin,30.3084,-97.8457,Low,Low,3.15,FEMA National Risk Index,2024,https://hazards.fema.gov/nri/
78732,Austin,30.2595,-97.8916,Low,Low,3.23,FEMA National Risk Index,2024,https://hazards.fema.gov/nri/
78733,Austin,30.2881,-97.6756,Low,Low,3.76,FEMA National Risk Index,2024,https://hazards.fema.gov/nri/
78734,Austin,30.2303,-97.7673,Low,Low,3.23,FEMA National Risk Index,2024,https://hazards.fema.gov/nri/
78735,Austin,30.254,-97.8311,Low,Low,4.02,FEMA National Risk Index,2024,https://hazards.fema.gov/nri/
78736,Austin,30.2918,-97.5715,Low,Low,3.51,FEMA National Risk Index,2024,https://hazards.fema.gov/nri/
78737,Austin,30.1935,-97.6166,Low,Low,3.03,FEMA National Risk Index,2024,https://hazards.fema.gov/nri/
78738,Austin,30.1819,-97.8828,Low,Low,3.51,FEMA National Risk Index,2024,https://hazards.fema.gov/nri/
78739,Austin,30.3529,-97.7689,Low,Low,4.01,FEMA National Risk Index,2024,https://hazards.fema.gov/nri/
78740,Austin,30.1443,-97.9126,Low,Low,4.02,FEMA National Risk Index,2024,https://hazards.fema.gov/nri/
32201,Jacksonville,30.2629,-81.7066,Flood/Hurricane,Moderate,3.03,FEMA National Risk Index,2024,https://hazards.fema.gov/nri/
32202,Jacksonville,30.3536,-81.713,Flood/Hurricane,Moderate,3.29,FEMA National Risk Index,2024,https://hazards.fema.gov/nri/
32203,Jacksonville,30.2064,-81.5933,Flood/Hurricane,Moderate,3.31,FEMA National Risk Index,2024,https://hazards.fema.gov/nri/
32204,Jacksonville,30.4018,-81.7388,Flood/Hurricane,Moderate,4.05,FEMA National Risk Index,2024,https://hazards.fema.gov/nri/
32205,Jacksonville,30.4381,-81.6621,Flood/Hurricane,Moderate,3.14,FEMA National Risk Index,2024,https://hazards.fema.gov/nri/
32206,Jacksonville,30.2515,-81.6968,Flood/Hurricane,Moderate,3.73,FEMA National Risk Index,2024,https://hazards.fema.gov/nri/
32207,Jacksonville,30.4142,-81.5678,Flood/Hurricane,Moderate,3.14,FEMA National Risk Index,2024,https://hazards.fema.gov/nri/
32208,Jacksonville,30.3669,-81.4937,Flood/Hurricane,Moderate,3.36,FEMA National Risk Index,2024,https://hazards.fema.gov/nri/
32209,Jacksonville,30.4213,-81.665,Flood/Hurricane,Moderate,3.71,FEMA National Risk Index,2024,https://hazards.fema.gov/nri/
32210,Jacksonville,30.2271,-81.7224,Flood/Hurricane,Moderate,4.03,FEMA National Risk Index,2024,https://hazards.fema.gov/nri/
32211,Jacksonville,30.3834,-81.7213,Flood/Hurricane,Moderate,3.37,FEMA National Risk Index,2024,https://hazards.fema.gov/nri/
32212,Jacksonville,30.3236,-81.7828,Flood/Hurricane,Moderate,3.04,FEMA National Risk Index,2024,https://hazards.fema.gov/nri/
32213,Jacksonville,30.3573,-81.7082,Flood/Hurricane,Moderate,3.86,FEMA National Risk Index,2024,https://hazards.fema.gov/nri/
32214,Jacksonville,30.4087,-81.4792,Flood/Hurricane,Moderate,2.97,FEMA National Risk Index,2024,https://hazards.fema.gov/nri/
32215,Jacksonville,30.4052,-81.681,Flood/Hurricane,Moderate,3.46,FEMA National Risk Index,2024,https://hazards.fema.gov/nri/
32216,Jacksonville,30.4745,-81.8128,Flood/Hurricane,Moderate,3.56,FEMA National Risk Index,2024,https://hazards.fema.gov/nri/
32217,Jacksonville,30.4096,-81.7954,Flood/Hurricane,Moderate,3.08,FEMA National Risk Index,2024,https://hazards.fema.gov/nri/
32218,Jacksonville,30.382,-81.6248,Flood/Hurricane,Moderate,3.35,FEMA National Risk Index,2024,https://hazards.fema.gov/nri/
32219,Jacksonville,30.4004,-81.6533,Flood/Hurricane,Moderate,2.87,FEMA National Risk Index,2024,https://hazards.fema.gov/nri/
32220,Jacksonville,30.4471,-81.5603,Flood/Hurricane,Moderate,2.95,FEMA National Risk Index,2024,https://hazards.fema.gov/nri/
32221,Jacksonville,30.3411,-81.5136,Flood/Hurricane,Moderate,3.43,FEMA National Risk Index,2024,https://hazards.fema.gov/nri/
32222,Jacksonville,30.4014,-81.521,Flood/Hurricane,Moderate,3.57,FEMA National Risk Index,2024,https://hazards.fema.gov/nri/
32223,Jacksonville,30.2715,-81.7715,Flood/Hurricane,Moderate,2.91,FEMA National Risk Index,2024,https://hazards.fema.gov/nri/
32224,Jacksonville,30.2841,-81.6254,Flood/Hurricane,Moderate,3.67,FEMA National Risk Index,2024,https://hazards.fema.gov/nri/
32225,Jacksonville,30.405,-81.5688,Flood/Hurricane,Moderate,3.9,FEMA National Risk Index,2024,https://hazards.fema.gov/nri/
32226,Jacksonville,30.2109,-81.812,Flood/Hurricane,Moderate,3.93,FEMA National Risk Index,2024,https://hazards.fema.gov/nri/
32227,Jacksonville,30.2571,-81.7746,Flood/Hurricane,Moderate,3.87,FEMA National Risk Index,2024,https://hazards.fema.gov/nri/
32228,Jacksonville,30.4455,-81.6666,Flood/Hurricane,Moderate,3.56,FEMA National Risk Index,2024,https://hazards.fema.gov/nri/
32229,Jacksonville,30.2369,-81.8232,Flood/Hurricane,Moderate,3.59,FEMA National Risk Index,2024,https://hazards.fema.gov/nri/
32230,Jacksonville,30.1929,-81.8011,Flood/Hurricane,Moderate,3.65,FEMA National Risk Index,2024,https://hazards.fema.gov/nri/
43201,Columbus,39.897,-82.8522,Low,Low,3.1,FEMA National Risk Index,2024,https://hazards.fema.gov/nri/
43202,Columbus,39.8117,-83.0635,Low,Low,3.21,FEMA National Risk Index,2024,https://hazards.fema.gov/nri/
43203,Columbus,40.0196,-82.836,Low,Low,3.33,FEMA National Risk Index,2024,https://hazards.fema.gov/nri/
43204,Columbus,40.0713,-82.9791,Low,Low,3.81,FEMA National Risk Index,2024,https://hazards.fema.gov/nri/
43205,Columbus,39.9719,-82.9473,Low,Low,4.08,FEMA National Risk Index,2024,https://hazards.fema.gov/nri/
43206,Columbus,39.9328,-82.8808,Low,Low,4.0,FEMA National Risk Index,2024,https://hazards.fema.gov/nri/
43207,Columbus,39.8396,-83.0801,Low,Low,2.88,FEMA National Risk Index,2024,https://hazards.fema.gov/nri/
43208,Columbus,39.9781,-83.1652,Low,Low,3.38,FEMA National Risk Index,2024,https://hazards.fema.gov/nri/
43209,Columbus,39.8779,-82.9828,Low,Low,3.8,FEMA National Risk Index,2024,https://hazards.fema.gov/nri/
43210,Columbus,39.8746,-83.1787,Low,Low,3.04,FEMA National Risk Index,2024,https://hazards.fema.gov/nri/
43211,Columbus,39.8289,-82.9277,Low,Low,3.37,FEMA National Risk Index,2024,https://hazards.fema.gov/nri/
43212,Columbus,40.0568,-83.028,Low,Low,3.04,FEMA National Risk Index,2024,https://hazards.fema.gov/nri/
43213,Columbus,40.071,-83.1016,Low,Low,3.13,FEMA National Risk Index,2024,https://hazards.fema.gov/nri/
43214,Columbus,39.8448,-82.9857,Low,Low,3.77,FEMA National Risk Index,2024,https://hazards.fema.gov/nri/
43215,Columbus,39.9024,-82.8522,Low,Low,2.93,FEMA National Risk Index,2024,https://hazards.fema.gov/nri/
43216,Columbus,40.0265,-82.8439,Low,Low,3.97,FEMA National Risk Index,2024,https://hazards.fema.gov/nri/
43217,Columbus,39.9135,-83.0775,Low,Low,3.45,FEMA National Risk Index,2024,https://hazards.fema.gov/nri/
43218,Columbus,40.0169,-83.0315,Low,Low,3.63,FEMA National Risk Index,2024,https://hazards.fema.gov/nri/
43219,Columbus,39.8485,-82.8873,Low,Low,3.66,FEMA National Risk Index,2024,https://hazards.fema.gov/nri/
43220,Columbus,39.8452,-83.0673,Low,Low,3.36,FEMA National Risk Index,2024,https://hazards.fema.gov/nri/
43221,Columbus,39.9889,-82.939,Low,Low,2.91,FEMA National Risk Index,2024,https://hazards.fema.gov/nri/
43222,Columbus,39.9443,-83.0074,Low,Low,3.75,FEMA National Risk Index,2024,https://hazards.fema.gov/nri/
43223,Columbus,40.0075,-82.9615,Low,Low,3.36,FEMA National Risk Index,2024,https://hazards.fema.gov/nri/
43224,Columbus,39.9804,-82.8342,Low,Low,3.9,FEMA National Risk Index,2024,https://hazards.fema.gov/nri/
43225,Columbus,39.8397,-82.8365,Low,Low,2.99,FEMA National Risk Index,2024,https://hazards.fema.gov/nri/
43226,Columbus,39.8909,-83.0486,Low,Low,3.9,FEMA National Risk Index,2024,https://hazards.fema.gov/nri/
43227,Columbus,40.0849,-83.0658,Low,Low,3.07,FEMA National Risk Index,2024,https://hazards.fema.gov/nri/
43228,Columbus,39.9456,-82.8252,Low,Low,4.03,FEMA National Risk Index,2024,https://hazards.fema.gov/nri/
43229,Columbus,39.9931,-83.1476,Low,Low,3.12,FEMA National Risk Index,2024,https://hazards.fema.gov/nri/
43230,Columbus,39.8566,-83.1024,Low,Low,3.87,FEMA National Risk Index,2024,https://hazards.fema.gov/nri/
43231,Columbus,39.926,-83.0788,Low,Low,3.29,FEMA National Risk Index,2024,https://hazards.fema.gov/nri/
43232,Columbus,39.9156,-82.9289,Low,Low,3.53,FEMA National Risk Index,2024,https://hazards.fema.gov/nri/
43233,Columbus,40.0732,-83.1598,Low,Low,3.45,FEMA National Risk Index,2024,https://hazards.fema.gov/nri/
43234,Columbus,39.9025,-83.1296,Low,Low,3.18,FEMA National Risk Index,2024,https://hazards.fema.gov/nri/
43235,Columbus,40.0553,-83.0767,Low,Low,3.21,FEMA National Risk Index,2024,https://hazards.fema.gov/nri/
28201,Charlotte,35.114,-80.9609,Low,Low,3.5,FEMA National Risk Index,2024,https://hazards.fema.gov/nri/
28202,Charlotte,35.2349,-80.7388,Low,Low,3.16,FEMA National Risk Index,2024,https://hazards.fema.gov/nri/
28203,Charlotte,35.3304,-81.0086,Low,Low,2.9,FEMA National Risk Index,2024,https://hazards.fema.gov/nri/
28204,Charlotte,35.2807,-80.8843,Low,Low,3.78,FEMA National Risk Index,2024,https://hazards.fema.gov/nri/
28205,Charlotte,35.2993,-80.8051,Low,Low,3.93,FEMA National Risk Index,2024,https://hazards.fema.gov/nri/
28206,Charlotte,35.1703,-80.9353,Low,Low,3.09,FEMA National Risk Index,2024,https://hazards.fema.gov/nri/
28207,Charlotte,35.0789,-80.9889,Low,Low,3.43,FEMA National Risk Index,2024,https://hazards.fema.gov/nri/
28208,Charlotte,35.2953,-80.8903,Low,Low,3.61,FEMA National Risk Index,2024,https://hazards.fema.gov/nri/
28209,Charlotte,35.1328,-80.8814,Low,Low,3.03,FEMA National Risk Index,2024,https://hazards.fema.gov/nri/
28210,Charlotte,35.2871,-80.8476,Low,Low,2.96,FEMA National Risk Index,2024,https://hazards.fema.gov/nri/
28211,Charlotte,35.1844,-80.7765,Low,Low,3.02,FEMA National Risk Index,2024,https://hazards.fema.gov/nri/
28212,Charlotte,35.0849,-80.767,Low,Low,3.79,FEMA National Risk Index,2024,https://hazards.fema.gov/nri/
28213,Charlotte,35.1226,-80.9349,Low,Low,3.23,FEMA National Risk Index,2024,https://hazards.fema.gov/nri/
28214,Charlotte,35.0786,-80.9486,Low,Low,3.26,FEMA National Risk Index,2024,https://hazards.fema.gov/nri/
28215,Charlotte,35.1748,-80.8935,Low,Low,2.97,FEMA National Risk Index,2024,https://hazards.fema.gov/nri/
28216,Charlotte,35.3338,-80.7734,Low,Low,3.81,FEMA National Risk Index,2024,https://hazards.fema.gov/nri/
28217,Charlotte,35.146,-80.7171,Low,Low,3.34,FEMA National Risk Index,2024,https://hazards.fema.gov/nri/
28218,Charlotte,35.3371,-80.9789,Low,Low,2.92,FEMA National Risk Index,2024,https://hazards.fema.gov/nri/
28219,Charlotte,35.2189,-80.8338,Low,Low,4.06,FEMA National Risk Index,2024,https://hazards.fema.gov/nri/
28220,Charlotte,35.3229,-81.0049,Low,Low,3.75,FEMA National Risk Index,2024,https://hazards.fema.gov/nri/
28221,Charlotte,35.1368,-80.6844,Low,Low,3.94,FEMA National Risk Index,2024,https://hazards.fema.gov/nri/
28222,Charlotte,35.3012,-80.9534,Low,Low,3.81,FEMA National Risk Index,2024,https://hazards.fema.gov/nri/
28223,Charlotte,35.1556,-80.7174,Low,Low,4.08,FEMA National Risk Index,2024,https://hazards.fema.gov/nri/
28224,Charlotte,35.1506,-80.9397,Low,Low,2.99,FEMA National Risk Index,2024,https://hazards.fema.gov/nri/
28225,Charlotte,35.0836,-80.702,Low,Low,3.7,FEMA National Risk Index,2024,https://hazards.fema.gov/nri/
28226,Charlotte,35.3561,-81.0101,Low,Low,3.24,FEMA National Risk Index,2024,https://hazards.fema.gov/nri/
28227,Charlotte,35.1523,-81.0029,Low,Low,3.21,FEMA National Risk Index,2024,https://hazards.fema.gov/nri/
28228,Charlotte,35.3138,-80.9725,Low,Low,2.9,FEMA National Risk Index,2024,https://hazards.fema.gov/nri/
28229,Charlotte,35.1326,-80.6913,Low,Low,4.06,FEMA National Risk Index,2024,https://hazards.fema.gov/nri/
28230,Charlotte,35.1131,-80.7382,Low,Low,2.95,FEMA National Risk Index,2024,https://hazards.fema.gov/nri/
28231,Charlotte,35.2488,-80.91,Low,Low,2.98,FEMA National Risk Index,2024,https://hazards.fema.gov/nri/
28232,Charlotte,35.1105,-80.9699,Low,Low,2.93,FEMA National Risk Index,2024,https://hazards.fema.gov/nri/
28233,Charlotte,35.2,-80.9636,Low,Low,3.85,FEMA National Risk Index,2024,https://hazards.fema.gov/nri/
28234,Charlotte,35.1898,-80.8272,Low,Low,3.96,FEMA National Risk Index,2024,https://hazards.fema.gov/nri/
28235,Charlotte,35.3317,-80.9685,Low,Low,3.23,FEMA National Risk Index,2024,https://hazards.fema.gov/nri/
28236,Charlotte,35.132,-80.9687,Low,Low,2.91,FEMA National Risk Index,2024,https://hazards.fema.gov/nri/
28237,Charlotte,35.0896,-80.7634,Low,Low,3.56,FEMA National Risk Index,2024,https://hazards.fema.gov/nri/
28238,Charlotte,35.0773,-80.8534,Low,Low,3.85,FEMA National Risk Index,2024,https://hazards.fema.gov/nri/
28239,Charlotte,35.2769,-80.8749,Low,Low,4.1,FEMA National Risk Index,2024,https://hazards.fema.gov/nri/
28240,Charlotte,35.2606,-81.0069,Low,Low,3.79,FEMA National Risk Index,2024,https://hazards.fema.gov/nri/
46201,Indianapolis,39.818,-86.2891,Low,Low,4.02,FEMA National Risk Index,2024,https://hazards.fema.gov/nri/
46202,Indianapolis,39.7269,-86.2056,Low,Low,3.53,FEMA National Risk Index,2024,https://hazards.fema.gov/nri/
46203,Indianapolis,39.6224,-86.0448,Low,Low,2.91,FEMA National Risk Index,2024,https://hazards.fema.gov/nri/
46204,Indianapolis,39.7655,-86.087,Low,Low,3.78,FEMA National Risk Index,2024,https://hazards.fema.gov/nri/
46205,Indianapolis,39.6699,-86.0599,Low,Low,3.26,FEMA National Risk Index,2024,https://hazards.fema.gov/nri/
46206,Indianapolis,39.9067,-86.0748,Low,Low,4.03,FEMA National Risk Index,2024,https://hazards.fema.gov/nri/
46207,Indianapolis,39.6444,-86.2115,Low,Low,3.06,FEMA National Risk Index,2024,https://hazards.fema.gov/nri/
46208,Indianapolis,39.6796,-86.0884,Low,Low,3.85,FEMA National Risk Index,2024,https://hazards.fema.gov/nri/
46209,Indianapolis,39.7959,-86.2879,Low,Low,3.93,FEMA National Risk Index,2024,https://hazards.fema.gov/nri/
46210,Indianapolis,39.7777,-86.026,Low,Low,3.1,FEMA National Risk Index,2024,https://hazards.fema.gov/nri/
46211,Indianapolis,39.7722,-86.1321,Low,Low,3.2,FEMA National Risk Index,2024,https://hazards.fema.gov/nri/
46212,Indianapolis,39.7517,-86.2824,Low,Low,4.02,FEMA National Risk Index,2024,https://hazards.fema.gov/nri/
46213,Indianapolis,39.6656,-86.1348,Low,Low,3.65,FEMA National Risk Index,2024,https://hazards.fema.gov/nri/
46214,Indianapolis,39.7742,-86.0613,Low,Low,3.41,FEMA National Risk Index,2024,https://hazards.fema.gov/nri/
46215,Indianapolis,39.8959,-86.0608,Low,Low,3.9,FEMA National Risk Index,2024,https://hazards.fema.gov/nri/
46216,Indianapolis,39.8445,-86.27,Low,Low,3.65,FEMA National Risk Index,2024,https://hazards.fema.gov/nri/
46217,Indianapolis,39.7732,-86.0725,Low,Low,3.77,FEMA National Risk Index,2024,https://hazards.fema.gov/nri/
46218,Indianapolis,39.7687,-85.9884,Low,Low,3.42,FEMA National Risk Index,2024,https://hazards.fema.gov/nri/
46219,Indianapolis,39.6651,-86.1852,Low,Low,3.59,FEMA National Risk Index,2024,https://hazards.fema.gov/nri/
46220,Indianapolis,39.7833,-86.0479,Low,Low,2.97,FEMA National Risk Index,2024,https://hazards.fema.gov/nri/
46221,Indianapolis,39.773,-85.9968,Low,Low,3.67,FEMA National Risk Index,2024,https://hazards.fema.gov/nri/
46222,Indianapolis,39.6397,-86.2797,Low,Low,3.96,FEMA National Risk Index,2024,https://hazards.fema.gov/nri/
46223,Indianapolis,39.8894,-86.2675,Low,Low,3.51,FEMA National Risk Index,2024,https://hazards.fema.gov/nri/
46224,Indianapolis,39.7344,-86.0993,Low,Low,3.52,FEMA National Risk Index,2024,https://hazards.fema.gov/nri/
46225,Indianapolis,39.8196,-86.19,Low,Low,4.0,FEMA National Risk Index,2024,https://hazards.fema.gov/nri/
46226,Indianapolis,39.7708,-86.2166,Low,Low,2.95,FEMA National Risk Index,2024,https://hazards.fema.gov/nri/
46227,Indianapolis,39.8156,-86.3179,Low,Low,3.84,FEMA National Risk Index,2024,https://hazards.fema.gov/nri/
46228,Indianapolis,39.6766,-86.1958,Low,Low,3.47,FEMA National Risk Index,2024,https://hazards.fema.gov/nri/
46229,Indianapolis,39.8318,-86.2823,Low,Low,3.89,FEMA National Risk Index,2024,https://hazards.fema.gov/nri/
46230,Indianapolis,39.9109,-86.2648,Low,Low,3.82,FEMA National Risk Index,2024,https://hazards.fema.gov/nri/
98101,Seattle,47.4979,-122.3808,Low,Low,3.64,FEMA National Risk Index,2024,https://hazards.fema.gov/nri/
98102,Seattle,47.5801,-122.2696,Low,Low,2.9,FEMA National Risk Index,2024,https://hazards.fema.gov/nri/
98103,Seattle,47.6485,-122.1809,Low,Low,3.08,FEMA National Risk Index,2024,https://hazards.fema.gov/nri/
98104,Seattle,47.7062,-122.5068,Low,Low,3.26,FEMA National Risk Index,2024,https://hazards.fema.gov/nri/
98105,Seattle,47.4843,-122.1605,Low,Low,3.75,FEMA National Risk Index,2024,https://hazards.fema.gov/nri/
98106,Seattle,47.7263,-122.1912,Low,Low,2.94,FEMA National Risk Index,2024,https://hazards.fema.gov/nri/
98107,Seattle,47.659,-122.3495,Low,Low,3.64,FEMA National Risk Index,2024,https://hazards.fema.gov/nri/
98108,Seattle,47.6168,-122.4704,Low,Low,3.87,FEMA National Risk Index,2024,https://hazards.fema.gov/nri/
98109,Seattle,47.7366,-122.4055,Low,Low,3.52,FEMA National Risk Index,2024,https://hazards.fema.gov/nri/
98110,Seattle,47.6062,-122.2585,Low,Low,3.17,FEMA National Risk Index,2024,https://hazards.fema.gov/nri/
98111,Seattle,47.4864,-122.2214,Low,Low,3.9,FEMA National Risk Index,2024,https://hazards.fema.gov/nri/
98112,Seattle,47.5813,-122.3599,Low,Low,3.48,FEMA National Risk Index,2024,https://hazards.fema.gov/nri/
98113,Seattle,47.7045,-122.3161,Low,Low,4.0,FEMA National Risk Index,2024,https://hazards.fema.gov/nri/
98114,Seattle,47.7105,-122.4683,Low,Low,2.95,FEMA National Risk Index,2024,https://hazards.fema.gov/nri/
98115,Seattle,47.4769,-122.3493,Low,Low,4.06,FEMA National Risk Index,2024,https://hazards.fema.gov/nri/
98116,Seattle,47.6752,-122.3707,Low,Low,3.03,FEMA National Risk Index,2024,https://hazards.fema.gov/nri/
98117,Seattle,47.5965,-122.2721,Low,Low,4.12,FEMA National Risk Index,2024,https://hazards.fema.gov/nri/
98118,Seattle,47.5301,-122.153,Low,Low,2.92,FEMA National Risk Index,2024,https://hazards.fema.gov/nri/
98119,Seattle,47.6787,-122.5039,Low,Low,3.38,FEMA National Risk Index,2024,https://hazards.fema.gov/nri/
98120,Seattle,47.503,-122.4108,Low,Low,3.98,FEMA National Risk Index,2024,https://hazards.fema.gov/nri/
98121,Seattle,47.6754,-122.3445,Low,Low,3.47,FEMA National Risk Index,2024,https://hazards.fema.gov/nri/
98122,Seattle,47.5799,-122.1603,Low,Low,2.99,FEMA National Risk Index,2024,https://hazards.fema.gov/nri/
98123,Seattle,47.4899,-122.3389,Low,Low,3.81,FEMA National Risk Index,2024,https://hazards.fema.gov/nri/
98124,Seattle,47.5505,-122.3795,Low,Low,3.82,FEMA National Risk Index,2024,https://hazards.fema.gov/nri/
98125,Seattle,47.6061,-122.2312,Low,Low,3.44,FEMA National Risk Index,2024,https://hazards.fema.gov/nri/
98126,Seattle,47.6999,-122.3046,Low,Low,3.53,FEMA National Risk Index,2024,https://hazards.fema.gov/nri/
98127,Seattle,47.457,-122.3199,Low,Low,3.69,FEMA National Risk Index,2024,https://hazards.fema.gov/nri/
98128,Seattle,47.4624,-122.4788,Low,Low,3.11,FEMA National Risk Index,2024,https://hazards.fema.gov/nri/
98129,Seattle,47.5938,-122.4359,Low,Low,3.0,FEMA National Risk Index,2024,https://hazards.fema.gov/nri/
98130,Seattle,47.6215,-122.4707,Low,Low,3.23,FEMA National Risk Index,2024,https://hazards.fema.gov/nri/
98131,Seattle,47.4666,-122.3512,Low,Low,3.62,FEMA National Risk Index,2024,https://hazards.fema.gov/nri/
98132,Seattle,47.6181,-122.245,Low,Low,3.72,FEMA National Risk Index,2024,https://hazards.fema.gov/nri/
98133,Seattle,47.4939,-122.4709,Low,Low,3.68,FEMA National Risk Index,2024,https://hazards.fema.gov/nri/
98134,Seattle,47.5725,-122.3074,Low,Low,3.46,FEMA National Risk Index,2024,https://hazards.fema.gov/nri/
98135,Seattle,47.7065,-122.4742,Low,Low,3.3,FEMA National Risk Index,2024,https://hazards.fema.gov/nri/
98136,Seattle,47.6082,-122.3517,Low,Low,3.82,FEMA National Risk Index,2024,https://hazards.fema.gov/nri/
98137,Seattle,47.6423,-122.509,Low,Low,3.9,FEMA National Risk Index,2024,https://hazards.fema.gov/nri/
98138,Seattle,47.5649,-122.5058,Low,Low,4.1,FEMA National Risk Index,2024,https://hazards.fema.gov/nri/
98139,Seattle,47.6434,-122.3681,Low,Low,3.38,FEMA National Risk Index,2024,https://hazards.fema.gov/nri/
98140,Seattle,47.6197,-122.3275,Low,Low,3.08,FEMA National Risk Index,2024,https://hazards.fema.gov/nri/
80201,Denver,39.6256,-104.8904,Low,Low,3.23,FEMA National Risk Index,2024,https://hazards.fema.gov/nri/
80202,Denver,39.7955,-105.1676,Low,Low,4.03,FEMA National Risk Index,2024,https://hazards.fema.gov/nri/
80203,Denver,39.6205,-104.9694,Low,Low,3.1,FEMA National Risk Index,2024,https://hazards.fema.gov/nri/
80204,Denver,39.6214,-104.8226,Low,Low,3.77,FEMA National Risk Index,2024,https://hazards.fema.gov/nri/
80205,Denver,39.8852,-104.971,Low,Low,3.32,FEMA National Risk Index,2024,https://hazards.fema.gov/nri/
80206,Denver,39.5892,-104.8225,Low,Low,3.45,FEMA National Risk Index,2024,https://hazards.fema.gov/nri/
80207,Denver,39.7636,-105.0675,Low,Low,3.34,FEMA National Risk Index,2024,https://hazards.fema.gov/nri/
80208,Denver,39.7129,-105.1077,Low,Low,3.85,FEMA National Risk Index,2024,https://hazards.fema.gov/nri/
80209,Denver,39.7826,-105.024,Low,Low,3.36,FEMA National Risk Index,2024,https://hazards.fema.gov/nri/
80210,Denver,39.7974,-104.8199,Low,Low,3.8,FEMA National Risk Index,2024,https://hazards.fema.gov/nri/
80211,Denver,39.8421,-105.1424,Low,Low,4.03,FEMA National Risk Index,2024,https://hazards.fema.gov/nri/
80212,Denver,39.7524,-105.0872,Low,Low,4.02,FEMA National Risk Index,2024,https://hazards.fema.gov/nri/
80213,Denver,39.7777,-104.9079,Low,Low,3.92,FEMA National Risk Index,2024,https://hazards.fema.gov/nri/
80214,Denver,39.6262,-105.0972,Low,Low,3.98,FEMA National Risk Index,2024,https://hazards.fema.gov/nri/
80215,Denver,39.6144,-104.9171,Low,Low,3.28,FEMA National Risk Index,2024,https://hazards.fema.gov/nri/
80216,Denver,39.8482,-105.1308,Low,Low,2.97,FEMA National Risk Index,2024,https://hazards.fema.gov/nri/
80217,Denver,39.6421,-104.9933,Low,Low,3.96,FEMA National Risk Index,2024,https://hazards.fema.gov/nri/
80218,Denver,39.87,-105.1205,Low,Low,2.99,FEMA National Risk Index,2024,https://hazards.fema.gov/nri/
80219,Denver,39.7441,-104.9701,Low,Low,3.98,FEMA National Risk Index,2024,https://hazards.fema.gov/nri/
80220,Denver,39.8626,-105.0258,Low,Low,3.88,FEMA National Risk Index,2024,https://hazards.fema.gov/nri/
80221,Denver,39.6695,-104.8716,Low,Low,3.44,FEMA National Risk Index,2024,https://hazards.fema.gov/nri/
80222,Denver,39.751,-105.0555,Low,Low,3.4,FEMA National Risk Index,2024,https://hazards.fema.gov/nri/
80223,Denver,39.7075,-104.9194,Low,Low,3.87,FEMA National Risk Index,2024,https://hazards.fema.gov/nri/
80224,Denver,39.6004,-104.9767,Low,Low,3.86,FEMA National Risk Index,2024,https://hazards.fema.gov/nri/
80225,Denver,39.7674,-105.0961,Low,Low,2.97,FEMA National Risk Index,2024,https://hazards.fema.gov/nri/
80226,Denver,39.8197,-104.8277,Low,Low,3.72,FEMA National Risk Index,2024,https://hazards.fema.gov/nri/
80227,Denver,39.7255,-105.1182,Low,Low,3.39,FEMA National Risk Index,2024,https://hazards.fema.gov/nri/
80228,Denver,39.7241,-104.8297,Low,Low,3.59,FEMA National Risk Index,2024,https://hazards.fema.gov/nri/
80229,Denver,39.8002,-104.858,Low,Low,3.95,FEMA National Risk Index,2024,https://hazards.fema.gov/nri/
80230,Denver,39.8066,-105.1441,Low,Low,3.03,FEMA National Risk Index,2024,https://hazards.fema.gov/nri/
80231,Denver,39.7183,-105.0303,Low,Low,3.85,FEMA National Risk Index,2024,https://hazards.fema.gov/nri/
80232,Denver,39.6139,-104.8504,Low,Low,3.35,FEMA National Risk Index,2024,https://hazards.fema.gov/nri/
80233,Denver,39.8433,-104.9956,Low,Low,4.06,FEMA National Risk Index,2024,https://hazards.fema.gov/nri/
80234,Denver,39.711,-104.9693,Low,Low,4.12,FEMA National Risk Index,2024,https://hazards.fema.gov/nri/
80235,Denver,39.6442,-105.056,Low,Low,2.91,FEMA National Risk Index,2024,https://hazards.fema.gov/nri/
80236,Denver,39.7299,-105.025,Low,Low,3.6,FEMA National Risk Index,2024,https://hazards.fema.gov/nri/
80237,Denver,39.747,-105.0579,Low,Low,3.24,FEMA National Risk Index,2024,https://hazards.fema.gov/nri/
80238,Denver,39.6272,-104.8347,Low,Low,3.12,FEMA National Risk Index,2024,https://hazards.fema.gov/nri/
80239,Denver,39.7318,-104.8504,Low,Low,2.91,FEMA National Risk Index,2024,https://hazards.fema.gov/nri/
80240,Denver,39.8095,-105.1393,Low,Low,3.79,FEMA National Risk Index,2024,https://hazards.fema.gov/nri/
37201,Nashville,36.0208,-86.6646,Low,Low,4.1,FEMA National Risk Index,2024,https://hazards.fema.gov/nri/
37202,Nashville,36.0437,-86.8936,Low,Low,3.96,FEMA National Risk Index,2024,https://hazards.fema.gov/nri/
37203,Nashville,36.2552,-86.9376,Low,Low,3.99,FEMA National Risk Index,2024,https://hazards.fema.gov/nri/
37204,Nashville,36.061,-86.7206,Low,Low,3.94,FEMA National Risk Index,2024,https://hazards.fema.gov/nri/
37205,Nashville,36.273,-86.7606,Low,Low,3.2,FEMA National Risk Index,2024,https://hazards.fema.gov/nri/
37206,Nashville,36.0539,-86.9444,Low,Low,3.66,FEMA National Risk Index,2024,https://hazards.fema.gov/nri/
37207,Nashville,36.1991,-86.8882,Low,Low,3.22,FEMA National Risk Index,2024,https://hazards.fema.gov/nri/
37208,Nashville,36.1133,-86.8843,Low,Low,3.7,FEMA National Risk Index,2024,https://hazards.fema.gov/nri/
37209,Nashville,36.0776,-86.7782,Low,Low,3.67,FEMA National Risk Index,2024,https://hazards.fema.gov/nri/
37210,Nashville,36.0648,-86.7019,Low,Low,3.48,FEMA National Risk Index,2024,https://hazards.fema.gov/nri/
37211,Nashville,36.1831,-86.7614,Low,Low,3.19,FEMA National Risk Index,2024,https://hazards.fema.gov/nri/
37212,Nashville,36.2249,-86.8918,Low,Low,2.92,FEMA National Risk Index,2024,https://hazards.fema.gov/nri/
37213,Nashville,36.1193,-86.6146,Low,Low,3.23,FEMA National Risk Index,2024,https://hazards.fema.gov/nri/
37214,Nashville,36.2372,-86.9343,Low,Low,3.08,FEMA National Risk Index,2024,https://hazards.fema.gov/nri/
37215,Nashville,36.1308,-86.804,Low,Low,3.83,FEMA National Risk Index,2024,https://hazards.fema.gov/nri/
37216,Nashville,36.1976,-86.8175,Low,Low,2.92,FEMA National Risk Index,2024,https://hazards.fema.gov/nri/
37217,Nashville,36.047,-86.7987,Low,Low,3.78,FEMA National Risk Index,2024,https://hazards.fema.gov/nri/
37218,Nashville,36.0669,-86.7894,Low,Low,3.32,FEMA National Risk Index,2024,https://hazards.fema.gov/nri/
37219,Nashville,36.2677,-86.8998,Low,Low,3.75,FEMA National Risk Index,2024,https://hazards.fema.gov/nri/
37220,Nashville,36.0888,-86.7075,Low,Low,3.81,FEMA National Risk Index,2024,https://hazards.fema.gov/nri/
37221,Nashville,36.0932,-86.8885,Low,Low,3.77,FEMA National Risk Index,2024,https://hazards.fema.gov/nri/
37222,Nashville,36.0957,-86.7309,Low,Low,4.07,FEMA National Risk Index,2024,https://hazards.fema.gov/nri/
37223,Nashville,36.1804,-86.9233,Low,Low,3.21,FEMA National Risk Index,2024,https://hazards.fema.gov/nri/
37224,Nashville,36.1991,-86.8106,Low,Low,3.06,FEMA National Risk Index,2024,https://hazards.fema.gov/nri/
37225,Nashville,36.0932,-86.9133,Low,Low,2.88,FEMA National Risk Index,2024,https://hazards.fema.gov/nri/
37226,Nashville,36.0599,-86.712,Low,Low,2.92,FEMA National Risk Index,2024,https://hazards.fema.gov/nri/
37227,Nashville,36.2288,-86.9448,Low,Low,3.31,FEMA National Risk Index,2024,https://hazards.fema.gov/nri/
37228,Nashville,36.032,-86.7091,Low,Low,3.98,FEMA National Risk Index,2024,https://hazards.fema.gov/nri/
37229,Nashville,36.0883,-86.6111,Low,Low,3.06,FEMA National Risk Index,2024,https://hazards.fema.gov/nri/
37230,Nashville,36.1872,-86.8513,Low,Low,3.81,FEMA National Risk Index,2024,https://hazards.fema.gov/nri/
37231,Nashville,36.2605,-86.9274,Low,Low,3.67,FEMA National Risk Index,2024,https://hazards.fema.gov/nri/
37232,Nashville,36.2478,-86.6341,Low,Low,3.25,FEMA National Risk Index,2024,https://hazards.fema.gov/nri/
37233,Nashville,36.3052,-86.6856,Low,Low,3.63,FEMA National Risk Index,2024,https://hazards.fema.gov/nri/
37234,Nashville,36.0397,-86.6274,Low,Low,3.94,FEMA National Risk Index,2024,https://hazards.fema.gov/nri/
37235,Nashville,36.1547,-86.957,Low,Low,4.08,FEMA National Risk Index,2024,https://hazards.fema.gov/nri/
73101,Oklahoma City,35.6037,-97.591,Tornado,High,3.59,FEMA National Risk Index,2024,https://hazards.fema.gov/nri/
73102,Oklahoma City,35.4681,-97.3571,Tornado,High,3.75,FEMA National Risk Index,2024,https://hazards.fema.gov/nri/
73103,Oklahoma City,35.4548,-97.6706,Tornado,High,3.98,FEMA National Risk Index,2024,https://hazards.fema.gov/nri/
73104,Oklahoma City,35.4168,-97.4255,Tornado,High,3.01,FEMA National Risk Index,2024,https://hazards.fema.gov/nri/
73105,Oklahoma City,35.4295,-97.4105,Tornado,High,3.03,FEMA National Risk Index,2024,https://hazards.fema.gov/nri/
73106,Oklahoma City,35.5475,-97.6195,Tornado,High,3.85,FEMA National Risk Index,2024,https://hazards.fema.gov/nri/
73107,Oklahoma City,35.5533,-97.6583,Tornado,High,3.98,FEMA National Risk Index,2024,https://hazards.fema.gov/nri/
73108,Oklahoma City,35.3279,-97.5559,Tornado,High,3.5,FEMA National Risk Index,2024,https://hazards.fema.gov/nri/
73109,Oklahoma City,35.4958,-97.3883,Tornado,High,3.23,FEMA National Risk Index,2024,https://hazards.fema.gov/nri/
73110,Oklahoma City,35.4209,-97.4156,Tornado,High,3.27,FEMA National Risk Index,2024,https://hazards.fema.gov/nri/
73111,Oklahoma City,35.5567,-97.6376,Tornado,High,3.14,FEMA National Risk Index,2024,https://hazards.fema.gov/nri/
73112,Oklahoma City,35.3984,-97.5047,Tornado,High,3.0,FEMA National Risk Index,2024,https://hazards.fema.gov/nri/
73113,Oklahoma City,35.5518,-97.4942,Tornado,High,3.66,FEMA National Risk Index,2024,https://hazards.fema.gov/nri/
73114,Oklahoma City,35.3548,-97.4308,Tornado,High,4.07,FEMA National Risk Index,2024,https://hazards.fema.gov/nri/
73115,Oklahoma City,35.5467,-97.4573,Tornado,High,3.89,FEMA National Risk Index,2024,https://hazards.fema.gov/nri/
73116,Oklahoma City,35.4305,-97.5983,Tornado,High,3.32,FEMA National Risk Index,2024,https://hazards.fema.gov/nri/
73117,Oklahoma City,35.5923,-97.652,Tornado,High,3.58,FEMA National Risk Index,2024,https://hazards.fema.gov/nri/
73118,Oklahoma City,35.3641,-97.637,Tornado,High,3.07,FEMA National Risk Index,2024,https://hazards.fema.gov/nri/
73119,Oklahoma City,35.5716,-97.4115,Tornado,High,3.65,FEMA National Risk Index,2024,https://hazards.fema.gov/nri/
73120,Oklahoma City,35.4239,-97.5125,Tornado,High,3.26,FEMA National Risk Index,2024,https://hazards.fema.gov/nri/
73121,Oklahoma City,35.3321,-97.6073,Tornado,High,3.01,FEMA National Risk Index,2024,https://hazards.fema.gov/nri/
73122,Oklahoma City,35.3422,-97.6863,Tornado,High,3.38,FEMA National Risk Index,2024,https://hazards.fema.gov/nri/
73123,Oklahoma City,35.4703,-97.5255,Tornado,High,3.94,FEMA National Risk Index,2024,https://hazards.fema.gov/nri/
73124,Oklahoma City,35.4068,-97.4963,Tornado,High,3.8,FEMA National Risk Index,2024,https://hazards.fema.gov/nri/
73125,Oklahoma City,35.336,-97.5992,Tornado,High,3.55,FEMA National Risk Index,2024,https://hazards.fema.gov/nri/
20001,DC Metro,38.8522,-76.9887,Low,Low,4.07,FEMA National Risk Index,2024,https://hazards.fema.gov/nri/
20002,DC Metro,39.0445,-77.0157,Low,Low,4.08,FEMA National Risk Index,2024,https://hazards.fema.gov/nri/
20003,DC Metro,38.9831,-77.2136,Low,Low,3.27,FEMA National Risk Index,2024,https://hazards.fema.gov/nri/
20004,DC Metro,38.9602,-77.0049,Low,Low,3.07,FEMA National Risk Index,2024,https://hazards.fema.gov/nri/
20005,DC Metro,38.9425,-77.149,Low,Low,3.72,FEMA National Risk Index,2024,https://hazards.fema.gov/nri/
20006,DC Metro,39.0088,-77.1003,Low,Low,3.36,FEMA National Risk Index,2024,https://hazards.fema.gov/nri/
20007,DC Metro,38.872,-76.8676,Low,Low,3.16,FEMA National Risk Index,2024,https://hazards.fema.gov/nri/
20008,DC Metro,38.9171,-76.9756,Low,Low,3.89,FEMA National Risk Index,2024,https://hazards.fema.gov/nri/
20009,DC Metro,38.7857,-77.0455,Low,Low,3.03,FEMA National Risk Index,2024,https://hazards.fema.gov/nri/
20010,DC Metro,38.7584,-76.9012,Low,Low,3.7,FEMA National Risk Index,2024,https://hazards.fema.gov/nri/
20011,DC Metro,38.794,-77.2078,Low,Low,3.99,FEMA National Risk Index,2024,https://hazards.fema.gov/nri/
20012,DC Metro,38.7665,-76.9568,Low,Low,3.42,FEMA National Risk Index,2024,https://hazards.fema.gov/nri/
20013,DC Metro,38.9812,-76.995,Low,Low,3.71,FEMA National Risk Index,2024,https://hazards.fema.gov/nri/
20014,DC Metro,39.0348,-77.0962,Low,Low,3.94,FEMA National Risk Index,2024,https://hazards.fema.gov/nri/
20015,DC Metro,38.9911,-77.1869,Low,Low,3.82,FEMA National Risk Index,2024,https://hazards.fema.gov/nri/
20016,DC Metro,38.8253,-76.9366,Low,Low,2.94,FEMA National Risk Index,2024,https://hazards.fema.gov/nri/
20017,DC Metro,38.9662,-76.977,Low,Low,3.88,FEMA National Risk Index,2024,https://hazards.fema.gov/nri/
20018,DC Metro,38.8646,-77.21,Low,Low,3.7,FEMA National Risk Index,2024,https://hazards.fema.gov/nri/
20019,DC Metro,38.9553,-76.8956,Low,Low,3.2,FEMA National Risk Index,2024,https://hazards.fema.gov/nri/
20020,DC Metro,38.7979,-77.1619,Low,Low,3.52,FEMA National Risk Index,2024,https://hazards.fema.gov/nri/
20021,DC Metro,39.0079,-77.1623,Low,Low,3.05,FEMA National Risk Index,2024,https://hazards.fema.gov/nri/
20022,DC Metro,38.9866,-77.0719,Low,Low,2.98,FEMA National Risk Index,2024,https://hazards.fema.gov/nri/
20023,DC Metro,38.9536,-77.156,Low,Low,3.08,FEMA National Risk Index,2024,https://hazards.fema.gov/nri/
20024,DC Metro,38.8401,-77.1032,Low,Low,3.55,FEMA National Risk Index,2024,https://hazards.fema.gov/nri/
20025,DC Metro,38.7892,-77.0699,Low,Low,3.47,FEMA National Risk Index,2024,https://hazards.fema.gov/nri/
20026,DC Metro,38.9616,-77.1038,Low,Low,3.81,FEMA National Risk Index,2024,https://hazards.fema.gov/nri/
20027,DC Metro,38.8274,-77.1586,Low,Low,3.61,FEMA National Risk Index,2024,https://hazards.fema.gov/nri/
20028,DC Metro,39.0115,-77.1344,Low,Low,3.59,FEMA National Risk Index,2024,https://hazards.fema.gov/nri/
20029,DC Metro,38.8472,-76.9973,Low,Low,3.2,FEMA National Risk Index,2024,https://hazards.fema.gov/nri/
20030,DC Metro,38.9185,-77.1125,Low,Low,3.07,FEMA National Risk Index,2024,https://hazards.fema.gov/nri/
20031,DC Metro,38.7612,-77.1986,Low,Low,3.84,FEMA National Risk Index,2024,https://hazards.fema.gov/nri/
20032,DC Metro,38.7593,-77.1012,Low,Low,3.52,FEMA National Risk Index,2024,https://hazards.fema.gov/nri/
20033,DC Metro,38.7699,-77.1005,Low,Low,3.1,FEMA National Risk Index,2024,https://hazards.fema.gov/nri/
20034,DC Metro,38.9067,-76.9561,Low,Low,3.07,FEMA National Risk Index,2024,https://hazards.fema.gov/nri/
20035,DC Metro,38.7968,-76.9933,Low,Low,2.97,FEMA National Risk Index,2024,https://hazards.fema.gov/nri/
20036,DC Metro,38.7817,-76.9203,Low,Low,4.0,FEMA National Risk Index,2024,https://hazards.fema.gov/nri/
20037,DC Metro,38.8108,-76.8749,Low,Low,3.58,FEMA National Risk Index,2024,https://hazards.fema.gov/nri/
20038,DC Metro,38.9192,-77.2011,Low,Low,2.96,FEMA National Risk Index,2024,https://hazards.fema.gov/nri/
20039,DC Metro,38.8452,-77.1042,Low,Low,3.48,FEMA National Risk Index,2024,https://hazards.fema.gov/nri/
20040,DC Metro,38.8013,-77.0232,Low,Low,3.68,FEMA National Risk Index,2024,https://hazards.fema.gov/nri/
20041,DC Metro,38.7759,-77.015,Low,Low,3.21,FEMA National Risk Index,2024,https://hazards.fema.gov/nri/
20042,DC Metro,38.8429,-77.0214,Low,Low,3.4,FEMA National Risk Index,2024,https://hazards.fema.gov/nri/
20043,DC Metro,38.9096,-76.9566,Low,Low,3.94,FEMA National Risk Index,2024,https://hazards.fema.gov/nri/
20044,DC Metro,38.9256,-77.0429,Low,Low,3.43,FEMA National Risk Index,2024,https://hazards.fema.gov/nri/
20045,DC Metro,38.9869,-77.1316,Low,Low,3.71,FEMA National Risk Index,2024,https://hazards.fema.gov/nri/
02101,Boston,42.2888,-71.2358,Low,Low,2.98,FEMA National Risk Index,2024,https://hazards.fema.gov/nri/
02102,Boston,42.3949,-71.127,Low,Low,3.58,FEMA National Risk Index,2024,https://hazards.fema.gov/nri/
02103,Boston,42.4624,-71.2124,Low,Low,3.07,FEMA National Risk Index,2024,https://hazards.fema.gov/nri/
02104,Boston,42.3011,-70.971,Low,Low,3.95,FEMA National Risk Index,2024,https://hazards.fema.gov/nri/
02105,Boston,42.3122,-70.9078,Low,Low,3.19,FEMA National Risk Index,2024,https://hazards.fema.gov/nri/
02106,Boston,42.4218,-71.1243,Low,Low,3.51,FEMA National Risk Index,2024,https://hazards.fema.gov/nri/
02107,Boston,42.2993,-71.057,Low,Low,4.07,FEMA National Risk Index,2024,https://hazards.fema.gov/nri/
02108,Boston,42.4827,-70.9577,Low,Low,3.87,FEMA National Risk Index,2024,https://hazards.fema.gov/nri/
02109,Boston,42.3871,-71.0184,Low,Low,2.92,FEMA National Risk Index,2024,https://hazards.fema.gov/nri/
02110,Boston,42.2128,-71.1224,Low,Low,4.1,FEMA National Risk Index,2024,https://hazards.fema.gov/nri/
02111,Boston,42.2683,-71.1002,Low,Low,3.95,FEMA National Risk Index,2024,https://hazards.fema.gov/nri/
02112,Boston,42.229,-71.074,Low,Low,4.02,FEMA National Risk Index,2024,https://hazards.fema.gov/nri/
02113,Boston,42.4654,-70.9379,Low,Low,2.98,FEMA National Risk Index,2024,https://hazards.fema.gov/nri/
02114,Boston,42.2752,-71.0315,Low,Low,3.21,FEMA National Risk Index,2024,https://hazards.fema.gov/nri/
02115,Boston,42.4287,-71.09,Low,Low,3.82,FEMA National Risk Index,2024,https://hazards.fema.gov/nri/
02116,Boston,42.4749,-70.9787,Low,Low,2.95,FEMA National Risk Index,2024,https://hazards.fema.gov/nri/
02117,Boston,42.4059,-71.1689,Low,Low,3.6,FEMA National Risk Index,2024,https://hazards.fema.gov/nri/
02118,Boston,42.2179,-71.1725,Low,Low,3.74,FEMA National Risk Index,2024,https://hazards.fema.gov/nri/
02119,Boston,42.2587,-70.8882,Low,Low,3.28,FEMA National Risk Index,2024,https://hazards.fema.gov/nri/
02120,Boston,42.3015,-70.9349,Low,Low,3.52,FEMA National Risk Index,2024,https://hazards.fema.gov/nri/
02121,Boston,42.4944,-71.2319,Low,Low,3.38,FEMA National Risk Index,2024,https://hazards.fema.gov/nri/
02122,Boston,42.5039,-70.929,Low,Low,3.17,FEMA National Risk Index,2024,https://hazards.fema.gov/nri/
02123,Boston,42.4874,-70.887,Low,Low,3.7,FEMA National Risk Index,2024,https://hazards.fema.gov/nri/
02124,Boston,42.3576,-71.1333,Low,Low,3.05,FEMA National Risk Index,2024,https://hazards.fema.gov/nri/
02125,Boston,42.2331,-71.1867,Low,Low,3.64,FEMA National Risk Index,2024,https://hazards.fema.gov/nri/
02126,Boston,42.4779,-70.9171,Low,Low,4.13,FEMA National Risk Index,2024,https://hazards.fema.gov/nri/
02127,Boston,42.4419,-71.1238,Low,Low,3.19,FEMA National Risk Index,2024,https://hazards.fema.gov/nri/
02128,Boston,42.3162,-70.9911,Low,Low,3.67,FEMA National Risk Index,2024,https://hazards.fema.gov/nri/
02129,Boston,42.3318,-71.0208,Low,Low,3.98,FEMA National Risk Index,2024,https://hazards.fema.gov/nri/
02130,Boston,42.2201,-71.1511,Low,Low,3.29,FEMA National Risk Index,2024,https://hazards.fema.gov/nri/
02131,Boston,42.2459,-71.0242,Low,Low,3.54,FEMA National Risk Index,2024,https://hazards.fema.gov/nri/
02132,Boston,42.4292,-71.0688,Low,Low,3.8,FEMA National Risk Index,2024,https://hazards.fema.gov/nri/
02133,Boston,42.3126,-70.8861,Low,Low,3.48,FEMA National Risk Index,2024,https://hazards.fema.gov/nri/
02134,Boston,42.4447,-70.9739,Low,Low,3.45,FEMA National Risk Index,2024,https://hazards.fema.gov/nri/
02135,Boston,42.2554,-71.0226,Low,Low,3.63,FEMA National Risk Index,2024,https://hazards.fema.gov/nri/
02136,Boston,42.3511,-70.9958,Low,Low,3.24,FEMA National Risk Index,2024,https://hazards.fema.gov/nri/
02137,Boston,42.4714,-71.1196,Low,Low,3.77,FEMA National Risk Index,2024,https://hazards.fema.gov/nri/
02138,Boston,42.3347,-71.1223,Low,Low,4.06,FEMA National Risk Index,2024,https://hazards.fema.gov/nri/
02139,Boston,42.4636,-70.9143,Low,Low,3.03,FEMA National Risk Index,2024,https://hazards.fema.gov/nri/
02140,Boston,42.3181,-71.1547,Low,Low,3.88,FEMA National Risk Index,2024,https://hazards.fema.gov/nri/
89101,Las Vegas,36.0881,-115.066,Extreme Heat,High,3.59,FEMA National Risk Index,2024,https://hazards.fema.gov/nri/
89102,Las Vegas,36.1985,-115.2699,Extreme Heat,High,3.04,FEMA National Risk Index,2024,https://hazards.fema.gov/nri/
89103,Las Vegas,36.1595,-115.116,Extreme Heat,High,3.3,FEMA National Risk Index,2024,https://hazards.fema.gov/nri/
89104,Las Vegas,36.0799,-115.1755,Extreme Heat,High,3.47,FEMA National Risk Index,2024,https://hazards.fema.gov/nri/
89105,Las Vegas,36.0909,-115.203,Extreme Heat,High,3.16,FEMA National Risk Index,2024,https://hazards.fema.gov/nri/
89106,Las Vegas,36.2842,-115.2977,Extreme Heat,High,3.6,FEMA National Risk Index,2024,https://hazards.fema.gov/nri/
89107,Las Vegas,36.0821,-114.966,Extreme Heat,High,3.91,FEMA National Risk Index,2024,https://hazards.fema.gov/nri/
89108,Las Vegas,36.0827,-115.2645,Extreme Heat,High,3.79,FEMA National Risk Index,2024,https://hazards.fema.gov/nri/
89109,Las Vegas,36.2104,-115.2103,Extreme Heat,High,3.99,FEMA National Risk Index,2024,https://hazards.fema.gov/nri/
89110,Las Vegas,36.2844,-115.1276,Extreme Heat,High,3.92,FEMA National Risk Index,2024,https://hazards.fema.gov/nri/
89111,Las Vegas,36.3006,-115.2032,Extreme Heat,High,4.1,FEMA National Risk Index,2024,https://hazards.fema.gov/nri/
89112,Las Vegas,36.1278,-115.1449,Extreme Heat,High,4.12,FEMA National Risk Index,2024,https://hazards.fema.gov/nri/
89113,Las Vegas,36.0502,-115.2217,Extreme Heat,High,3.01,FEMA National Risk Index,2024,https://hazards.fema.gov/nri/
89114,Las Vegas,36.2666,-115.2042,Extreme Heat,High,3.53,FEMA National Risk Index,2024,https://hazards.fema.gov/nri/
89115,Las Vegas,36.1032,-114.983,Extreme Heat,High,3.11,FEMA National Risk Index,2024,https://hazards.fema.gov/nri/
89116,Las Vegas,36.1385,-114.975,Extreme Heat,High,3.81,FEMA National Risk Index,2024,https://hazards.fema.gov/nri/
89117,Las Vegas,36.301,-115.2698,Extreme Heat,High,3.53,FEMA National Risk Index,2024,https://hazards.fema.gov/nri/
89118,Las Vegas,36.2468,-115.2981,Extreme Heat,High,3.28,FEMA National Risk Index,2024,https://hazards.fema.gov/nri/
89119,Las Vegas,36.1507,-115.0383,Extreme Heat,High,3.96,FEMA National Risk Index,2024,https://hazards.fema.gov/nri/
89120,Las Vegas,36.1585,-115.102,Extreme Heat,High,3.53,FEMA National Risk Index,2024,https://hazards.fema.gov/nri/
89121,Las Vegas,36.3044,-115.2709,Extreme Heat,High,3.18,FEMA National Risk Index,2024,https://hazards.fema.gov/nri/
89122,Las Vegas,36.0702,-115.2357,Extreme Heat,High,4.05,FEMA National Risk Index,2024,https://hazards.fema.gov/nri/
89123,Las Vegas,36.222,-115.2371,Extreme Heat,High,4.07,FEMA National Risk Index,2024,https://hazards.fema.gov/nri/
89124,Las Vegas,36.0827,-115.0777,Extreme Heat,High,3.28,FEMA National Risk Index,2024,https://hazards.fema.gov/nri/
89125,Las Vegas,36.103,-114.9972,Extreme Heat,High,4.04,FEMA National Risk Index,2024,https://hazards.fema.gov/nri/
89126,Las Vegas,36.1679,-115.2606,Extreme Heat,High,3.96,FEMA National Risk Index,2024,https://hazards.fema.gov/nri/
89127,Las Vegas,36.1609,-115.3072,Extreme Heat,High,4.04,FEMA National Risk Index,2024,https://hazards.fema.gov/nri/
89128,Las Vegas,36.2017,-115.1096,Extreme Heat,High,3.54,FEMA National Risk Index,2024,https://hazards.fema.gov/nri/
89129,Las Vegas,36.2464,-115.2331,Extreme Heat,High,3.75,FEMA National Risk Index,2024,https://hazards.fema.gov/nri/
89130,Las Vegas,36.1026,-115.2511,Extreme Heat,High,3.92,FEMA National Risk Index,2024,https://hazards.fema.gov/nri/
89131,Las Vegas,36.2754,-115.027,Extreme Heat,High,3.21,FEMA National Risk Index,2024,https://hazards.fema.gov/nri/
89132,Las Vegas,36.1857,-115.0072,Extreme Heat,High,2.87,FEMA National Risk Index,2024,https://hazards.fema.gov/nri/
89133,Las Vegas,36.13,-115.0453,Extreme Heat,High,4.03,FEMA National Risk Index,2024,https://hazards.fema.gov/nri/
89134,Las Vegas,36.0332,-115.2496,Extreme Heat,High,3.01,FEMA National Risk Index,2024,https://hazards.fema.gov/nri/
89135,Las Vegas,36.0297,-115.299,Extreme Heat,High,3.09,FEMA National Risk Index,2024,https://hazards.fema.gov/nri/
38101,Memphis,35.0347,-90.0124,Low,Low,2.89,FEMA National Risk Index,2024,https://hazards.fema.gov/nri/
38102,Memphis,35.294,-90.0607,Low,Low,3.62,FEMA National Risk Index,2024,https://hazards.fema.gov/nri/
38103,Memphis,35.2591,-90.1138,Low,Low,3.0,FEMA National Risk Index,2024,https://hazards.fema.gov/nri/
38104,Memphis,35.1223,-90.0692,Low,Low,3.71,FEMA National Risk Index,2024,https://hazards.fema.gov/nri/
38105,Memphis,35.2454,-90.124,Low,Low,4.11,FEMA National Risk Index,2024,https://hazards.fema.gov/nri/
38106,Memphis,35.0063,-89.9722,Low,Low,2.88,FEMA National Risk Index,2024,https://hazards.fema.gov/nri/
38107,Memphis,35.1312,-90.0383,Low,Low,3.73,FEMA National Risk Index,2024,https://hazards.fema.gov/nri/
38108,Memphis,35.299,-90.2098,Low,Low,3.99,FEMA National Risk Index,2024,https://hazards.fema.gov/nri/
38109,Memphis,35.2124,-90.1748,Low,Low,3.55,FEMA National Risk Index,2024,https://hazards.fema.gov/nri/
38110,Memphis,35.1476,-89.9807,Low,Low,3.47,FEMA National Risk Index,2024,https://hazards.fema.gov/nri/
38111,Memphis,35.2569,-89.9095,Low,Low,3.49,FEMA National Risk Index,2024,https://hazards.fema.gov/nri/
38112,Memphis,35.2609,-90.1995,Low,Low,3.11,FEMA National Risk Index,2024,https://hazards.fema.gov/nri/
38113,Memphis,35.138,-90.0297,Low,Low,3.02,FEMA National Risk Index,2024,https://hazards.fema.gov/nri/
38114,Memphis,35.0541,-90.0841,Low,Low,3.09,FEMA National Risk Index,2024,https://hazards.fema.gov/nri/
38115,Memphis,35.2038,-90.1041,Low,Low,3.84,FEMA National Risk Index,2024,https://hazards.fema.gov/nri/
38116,Memphis,35.0455,-89.971,Low,Low,3.19,FEMA National Risk Index,2024,https://hazards.fema.gov/nri/
38117,Memphis,35.232,-90.0571,Low,Low,2.93,FEMA National Risk Index,2024,https://hazards.fema.gov/nri/
38118,Memphis,35.2229,-90.0467,Low,Low,3.48,FEMA National Risk Index,2024,https://hazards.fema.gov/nri/
38119,Memphis,35.0606,-90.0138,Low,Low,3.98,FEMA National Risk Index,2024,https://hazards.fema.gov/nri/
38120,Memphis,35.0379,-90.2229,Low,Low,3.56,FEMA National Risk Index,2024,https://hazards.fema.gov/nri/
38121,Memphis,35.2494,-90.1093,Low,Low,3.84,FEMA National Risk Index,2024,https://hazards.fema.gov/nri/
38122,Memphis,35.2792,-89.8938,Low,Low,3.6,FEMA National Risk Index,2024,https://hazards.fema.gov/nri/
38123,Memphis,35.1025,-90.0006,Low,Low,3.28,FEMA National Risk Index,2024,https://hazards.fema.gov/nri/
38124,Memphis,35.1225,-89.9388,Low,Low,2.93,FEMA National Risk Index,2024,https://hazards.fema.gov/nri/
38125,Memphis,35.0114,-90.0239,Low,Low,3.96,FEMA National Risk Index,2024,https://hazards.fema.gov/nri/
40201,Louisville,38.2239,-85.7344,Low,Low,3.89,FEMA National Risk Index,2024,https://hazards.fema.gov/nri/
40202,Louisville,38.1542,-85.7337,Low,Low,3.4,FEMA National Risk Index,2024,https://hazards.fema.gov/nri/
40203,Louisville,38.3797,-85.6344,Low,Low,4.03,FEMA National Risk Index,2024,https://hazards.fema.gov/nri/
40204,Louisville,38.1507,-85.5987,Low,Low,3.19,FEMA National Risk Index,2024,https://hazards.fema.gov/nri/
40205,Louisville,38.3187,-85.8167,Low,Low,3.77,FEMA National Risk Index,2024,https://hazards.fema.gov/nri/
40206,Louisville,38.1181,-85.7972,Low,Low,3.18,FEMA National Risk Index,2024,https://hazards.fema.gov/nri/
40207,Louisville,38.3589,-85.6096,Low,Low,3.47,FEMA National Risk Index,2024,https://hazards.fema.gov/nri/
40208,Louisville,38.238,-85.8908,Low,Low,3.42,FEMA National Risk Index,2024,https://hazards.fema.gov/nri/
40209,Louisville,38.3919,-85.6878,Low,Low,3.04,FEMA National Risk Index,2024,https://hazards.fema.gov/nri/
40210,Louisville,38.1672,-85.8342,Low,Low,4.06,FEMA National Risk Index,2024,https://hazards.fema.gov/nri/
40211,Louisville,38.2952,-85.6491,Low,Low,3.33,FEMA National Risk Index,2024,https://hazards.fema.gov/nri/
40212,Louisville,38.3548,-85.8855,Low,Low,3.13,FEMA National Risk Index,2024,https://hazards.fema.gov/nri/
40213,Louisville,38.376,-85.6054,Low,Low,3.23,FEMA National Risk Index,2024,https://hazards.fema.gov/nri/
40214,Louisville,38.2477,-85.7564,Low,Low,3.54,FEMA National Risk Index,2024,https://hazards.fema.gov/nri/
40215,Louisville,38.1695,-85.6305,Low,Low,2.9,FEMA National Risk Index,2024,https://hazards.fema.gov/nri/
40216,Louisville,38.1775,-85.8448,Low,Low,3.81,FEMA National Risk Index,2024,https://hazards.fema.gov/nri/
40217,Louisville,38.1058,-85.6206,Low,Low,2.99,FEMA National Risk Index,2024,https://hazards.fema.gov/nri/
40218,Louisville,38.2934,-85.7714,Low,Low,3.68,FEMA National Risk Index,2024,https://hazards.fema.gov/nri/
40219,Louisville,38.1829,-85.781,Low,Low,2.92,FEMA National Risk Index,2024,https://hazards.fema.gov/nri/
40220,Louisville,38.2687,-85.6054,Low,Low,3.61,FEMA National Risk Index,2024,https://hazards.fema.gov/nri/
40221,Louisville,38.3321,-85.7819,Low,Low,2.96,FEMA National Risk Index,2024,https://hazards.fema.gov/nri/
40222,Louisville,38.3324,-85.7193,Low,Low,3.27,FEMA National Risk Index,2024,https://hazards.fema.gov/nri/
40223,Louisville,38.3881,-85.8208,Low,Low,3.25,FEMA National Risk Index,2024,https://hazards.fema.gov/nri/
40224,Louisville,38.1365,-85.901,Low,Low,2.92,FEMA National Risk Index,2024,https://hazards.fema.gov/nri/
40225,Louisville,38.2037,-85.937,Low,Low,3.31,FEMA National Risk Index,2024,https://hazards.fema.gov/nri/
97201,Portland,45.5758,-122.7217,Low,Low,3.64,FEMA National Risk Index,2024,https://hazards.fema.gov/nri/
97202,Portland,45.3654,-122.7149,Low,Low,3.43,FEMA National Risk Index,2024,https://hazards.fema.gov/nri/
97203,Portland,45.4034,-122.6156,Low,Low,3.91,FEMA National Risk Index,2024,https://hazards.fema.gov/nri/
97204,Portland,45.473,-122.5729,Low,Low,2.93,FEMA National Risk Index,2024,https://hazards.fema.gov/nri/
97205,Portland,45.5416,-122.7433,Low,Low,3.1,FEMA National Risk Index,2024,https://hazards.fema.gov/nri/
97206,Portland,45.6335,-122.5799,Low,Low,3.68,FEMA National Risk Index,2024,https://hazards.fema.gov/nri/
97207,Portland,45.528,-122.6786,Low,Low,3.94,FEMA National Risk Index,2024,https://hazards.fema.gov/nri/
97208,Portland,45.5849,-122.4972,Low,Low,3.68,FEMA National Risk Index,2024,https://hazards.fema.gov/nri/
97209,Portland,45.5541,-122.8055,Low,Low,2.97,FEMA National Risk Index,2024,https://hazards.fema.gov/nri/
97210,Portland,45.4677,-122.6188,Low,Low,3.77,FEMA National Risk Index,2024,https://hazards.fema.gov/nri/
97211,Portland,45.5918,-122.6433,Low,Low,3.94,FEMA National Risk Index,2024,https://hazards.fema.gov/nri/
97212,Portland,45.616,-122.6937,Low,Low,2.95,FEMA National Risk Index,2024,https://hazards.fema.gov/nri/
97213,Portland,45.4458,-122.6381,Low,Low,3.35,FEMA National Risk Index,2024,https://hazards.fema.gov/nri/
97214,Portland,45.6394,-122.8185,Low,Low,3.02,FEMA National Risk Index,2024,https://hazards.fema.gov/nri/
97215,Portland,45.4166,-122.6499,Low,Low,4.08,FEMA National Risk Index,2024,https://hazards.fema.gov/nri/
97216,Portland,45.3858,-122.7448,Low,Low,3.34,FEMA National Risk Index,2024,https://hazards.fema.gov/nri/
97217,Portland,45.3892,-122.822,Low,Low,3.06,FEMA National Risk Index,2024,https://hazards.fema.gov/nri/
97218,Portland,45.3887,-122.7348,Low,Low,3.22,FEMA National Risk Index,2024,https://hazards.fema.gov/nri/
97219,Portland,45.5247,-122.5518,Low,Low,3.79,FEMA National Risk Index,2024,https://hazards.fema.gov/nri/
97220,Portland,45.4349,-122.6732,Low,Low,3.61,FEMA National Risk Index,2024,https://hazards.fema.gov/nri/
97221,Portland,45.6099,-122.6183,Low,Low,3.31,FEMA National Risk Index,2024,https://hazards.fema.gov/nri/
97222,Portland,45.5721,-122.6025,Low,Low,2.9,FEMA National Risk Index,2024,https://hazards.fema.gov/nri/
97223,Portland,45.6546,-122.8095,Low,Low,3.09,FEMA National Risk Index,2024,https://hazards.fema.gov/nri/
97224,Portland,45.4131,-122.658,Low,Low,3.23,FEMA National Risk Index,2024,https://hazards.fema.gov/nri/
97225,Portland,45.4825,-122.5811,Low,Low,3.35,FEMA National Risk Index,2024,https://hazards.fema.gov/nri/
97226,Portland,45.3769,-122.6534,Low,Low,3.78,FEMA National Risk Index,2024,https://hazards.fema.gov/nri/
97227,Portland,45.3755,-122.6924,Low,Low,3.39,FEMA National Risk Index,2024,https://hazards.fema.gov/nri/
97228,Portland,45.5661,-122.7239,Low,Low,3.79,FEMA National Risk Index,2024,https://hazards.fema.gov/nri/
97229,Portland,45.6222,-122.5005,Low,Low,3.62,FEMA National Risk Index,2024,https://hazards.fema.gov/nri/
97230,Portland,45.5447,-122.8046,Low,Low,3.13,FEMA National Risk Index,2024,https://hazards.fema.gov/nri/
21201,Baltimore,39.3796,-76.6571,Low,Low,3.0,FEMA National Risk Index,2024,https://hazards.fema.gov/nri/
21202,Baltimore,39.1582,-76.5462,Low,Low,3.76,FEMA National Risk Index,2024,https://hazards.fema.gov/nri/
21203,Baltimore,39.2915,-76.7551,Low,Low,4.12,FEMA National Risk Index,2024,https://hazards.fema.gov/nri/
21204,Baltimore,39.3704,-76.4717,Low,Low,3.13,FEMA National Risk Index,2024,https://hazards.fema.gov/nri/
21205,Baltimore,39.154,-76.5859,Low,Low,2.93,FEMA National Risk Index,2024,https://hazards.fema.gov/nri/
21206,Baltimore,39.2262,-76.7575,Low,Low,3.1,FEMA National Risk Index,2024,https://hazards.fema.gov/nri/
21207,Baltimore,39.3048,-76.7334,Low,Low,3.87,FEMA National Risk Index,2024,https://hazards.fema.gov/nri/
21208,Baltimore,39.2216,-76.4502,Low,Low,3.96,FEMA National Risk Index,2024,https://hazards.fema.gov/nri/
21209,Baltimore,39.3417,-76.6553,Low,Low,3.56,FEMA National Risk Index,2024,https://hazards.fema.gov/nri/
21210,Baltimore,39.1741,-76.523,Low,Low,4.1,FEMA National Risk Index,2024,https://hazards.fema.gov/nri/
21211,Baltimore,39.369,-76.6612,Low,Low,3.58,FEMA National Risk Index,2024,https://hazards.fema.gov/nri/
21212,Baltimore,39.2257,-76.5263,Low,Low,3.75,FEMA National Risk Index,2024,https://hazards.fema.gov/nri/
21213,Baltimore,39.2809,-76.5413,Low,Low,4.1,FEMA National Risk Index,2024,https://hazards.fema.gov/nri/
21214,Baltimore,39.253,-76.5165,Low,Low,3.55,FEMA National Risk Index,2024,https://hazards.fema.gov/nri/
21215,Baltimore,39.2202,-76.554,Low,Low,3.35,FEMA National Risk Index,2024,https://hazards.fema.gov/nri/
21216,Baltimore,39.3427,-76.7269,Low,Low,3.95,FEMA National Risk Index,2024,https://hazards.fema.gov/nri/
21217,Baltimore,39.2473,-76.623,Low,Low,3.39,FEMA National Risk Index,2024,https://hazards.fema.gov/nri/
21218,Baltimore,39.1862,-76.5519,Low,Low,3.65,FEMA National Risk Index,2024,https://hazards.fema.gov/nri/
21219,Baltimore,39.2884,-76.4817,Low,Low,3.85,FEMA National Risk Index,2024,https://hazards.fema.gov/nri/
21220,Baltimore,39.3772,-76.6115,Low,Low,3.58,FEMA National Risk Index,2024,https://hazards.fema.gov/nri/
21221,Baltimore,39.4223,-76.572,Low,Low,3.95,FEMA National Risk Index,2024,https://hazards.fema.gov/nri/
21222,Baltimore,39.4079,-76.7707,Low,Low,4.11,FEMA National Risk Index,2024,https://hazards.fema.gov/nri/
21223,Baltimore,39.3875,-76.5626,Low,Low,3.05,FEMA National Risk Index,2024,https://hazards.fema.gov/nri/
21224,Baltimore,39.2042,-76.5738,Low,Low,3.54,FEMA National Risk Index,2024,https://hazards.fema.gov/nri/
21225,Baltimore,39.2698,-76.4831,Low,Low,3.89,FEMA National Risk Index,2024,https://hazards.fema.gov/nri/
21226,Baltimore,39.1759,-76.5722,Low,Low,3.29,FEMA National Risk Index,2024,https://hazards.fema.gov/nri/
21227,Baltimore,39.2285,-76.645,Low,Low,3.37,FEMA National Risk Index,2024,https://hazards.fema.gov/nri/
21228,Baltimore,39.2639,-76.7443,Low,Low,3.49,FEMA National Risk Index,2024,https://hazards.fema.gov/nri/
21229,Baltimore,39.2434,-76.5752,Low,Low,3.57,FEMA National Risk Index,2024,https://hazards.fema.gov/nri/
21230,Baltimore,39.3834,-76.7883,Low,Low,3.95,FEMA National Risk Index,2024,https://hazards.fema.gov/nri/
53201,Milwaukee,43.1134,-87.9816,Low,Low,2.89,FEMA National Risk Index,2024,https://hazards.fema.gov/nri/
53202,Milwaukee,43.1113,-87.8676,Low,Low,3.79,FEMA National Risk Index,2024,https://hazards.fema.gov/nri/
53203,Milwaukee,42.9786,-87.964,Low,Low,3.65,FEMA National Risk Index,2024,https://hazards.fema.gov/nri/
53204,Milwaukee,43.1,-88.0117,Low,Low,3.23,FEMA National Risk Index,2024,https://hazards.fema.gov/nri/
53205,Milwaukee,42.9748,-88.0353,Low,Low,3.43,FEMA National Risk Index,2024,https://hazards.fema.gov/nri/
53206,Milwaukee,43.0959,-88.0676,Low,Low,3.53,FEMA National Risk Index,2024,https://hazards.fema.gov/nri/
53207,Milwaukee,43.0927,-87.9479,Low,Low,3.42,FEMA National Risk Index,2024,https://hazards.fema.gov/nri/
53208,Milwaukee,43.0382,-87.7345,Low,Low,3.85,FEMA National Risk Index,2024,https://hazards.fema.gov/nri/
53209,Milwaukee,43.0882,-87.8522,Low,Low,3.3,FEMA National Risk Index,2024,https://hazards.fema.gov/nri/
53210,Milwaukee,43.0598,-87.9298,Low,Low,3.49,FEMA National Risk Index,2024,https://hazards.fema.gov/nri/
53211,Milwaukee,43.0803,-87.7934,Low,Low,3.07,FEMA National Risk Index,2024,https://hazards.fema.gov/nri/
53212,Milwaukee,42.901,-88.0004,Low,Low,3.18,FEMA National Risk Index,2024,https://hazards.fema.gov/nri/
53213,Milwaukee,42.9736,-87.8744,Low,Low,4.02,FEMA National Risk Index,2024,https://hazards.fema.gov/nri/
53214,Milwaukee,42.9068,-87.7769,Low,Low,3.48,FEMA National Risk Index,2024,https://hazards.fema.gov/nri/
53215,Milwaukee,43.109,-87.8633,Low,Low,3.13,FEMA National Risk Index,2024,https://hazards.fema.gov/nri/
53216,Milwaukee,42.9586,-87.7873,Low,Low,3.87,FEMA National Risk Index,2024,https://hazards.fema.gov/nri/
53217,Milwaukee,43.0688,-87.8276,Low,Low,3.23,FEMA National Risk Index,2024,https://hazards.fema.gov/nri/
53218,Milwaukee,43.1754,-87.8512,Low,Low,3.21,FEMA National Risk Index,2024,https://hazards.fema.gov/nri/
53219,Milwaukee,43.0593,-87.9237,Low,Low,3.79,FEMA National Risk Index,2024,https://hazards.fema.gov/nri/
53220,Milwaukee,43.0174,-87.9144,Low,Low,4.0,FEMA National Risk Index,2024,https://hazards.fema.gov/nri/
53221,Milwaukee,43.1138,-87.9222,Low,Low,3.09,FEMA National Risk Index,2024,https://hazards.fema.gov/nri/
53222,Milwaukee,43.0871,-87.7596,Low,Low,3.23,FEMA National Risk Index,2024,https://hazards.fema.gov/nri/
53223,Milwaukee,42.9971,-87.9375,Low,Low,3.3,FEMA National Risk Index,2024,https://hazards.fema.gov/nri/
53224,Milwaukee,43.0084,-87.9231,Low,Low,2.95,FEMA National Risk Index,2024,https://hazards.fema.gov/nri/
53225,Milwaukee,43.1033,-87.7329,Low,Low,3.84,FEMA National Risk Index,2024,https://hazards.fema.gov/nri/
87101,Albuquerque,35.0513,-106.5882,Low,Low,3.65,FEMA National Risk Index,2024,https://hazards.fema.gov/nri/
87102,Albuquerque,35.178,-106.6923,Low,Low,3.14,FEMA National Risk Index,2024,https://hazards.fema.gov/nri/
87103,Albuquerque,35.0156,-106.5415,Low,Low,3.21,FEMA National Risk Index,2024,https://hazards.fema.gov/nri/
87104,Albuquerque,35.0453,-106.5942,Low,Low,3.97,FEMA National Risk Index,2024,https://hazards.fema.gov/nri/
87105,Albuquerque,35.2162,-106.5438,Low,Low,3.68,FEMA National Risk Index,2024,https://hazards.fema.gov/nri/
87106,Albuquerque,35.074,-106.6172,Low,Low,3.84,FEMA National Risk Index,2024,https://hazards.fema.gov/nri/
87107,Albuquerque,35.0949,-106.5486,Low,Low,3.48,FEMA National Risk Index,2024,https://hazards.fema.gov/nri/
87108,Albuquerque,35.1928,-106.7783,Low,Low,3.04,FEMA National Risk Index,2024,https://hazards.fema.gov/nri/
87109,Albuquerque,35.1016,-106.8155,Low,Low,3.73,FEMA National Risk Index,2024,https://hazards.fema.gov/nri/
87110,Albuquerque,34.9659,-106.695,Low,Low,4.04,FEMA National Risk Index,2024,https://hazards.fema.gov/nri/
87111,Albuquerque,35.1004,-106.5183,Low,Low,3.66,FEMA National Risk Index,2024,https://hazards.fema.gov/nri/
87112,Albuquerque,35.0832,-106.8261,Low,Low,3.55,FEMA National Risk Index,2024,https://hazards.fema.gov/nri/
87113,Albuquerque,35.1041,-106.6336,Low,Low,3.57,FEMA National Risk Index,2024,https://hazards.fema.gov/nri/
87114,Albuquerque,35.2069,-106.6469,Low,Low,3.63,FEMA National Risk Index,2024,https://hazards.fema.gov/nri/
87115,Albuquerque,35.1921,-106.8198,Low,Low,3.01,FEMA National Risk Index,2024,https://hazards.fema.gov/nri/
87116,Albuquerque,34.9509,-106.5024,Low,Low,3.33,FEMA National Risk Index,2024,https://hazards.fema.gov/nri/
87117,Albuquerque,35.1703,-106.6454,Low,Low,4.01,FEMA National Risk Index,2024,https://hazards.fema.gov/nri/
87118,Albuquerque,35.1675,-106.6662,Low,Low,3.54,FEMA National Risk Index,2024,https://hazards.fema.gov/nri/
87119,Albuquerque,34.9818,-106.4873,Low,Low,2.9,FEMA National Risk Index,2024,https://hazards.fema.gov/nri/
87120,Albuquerque,34.9893,-106.7459,Low,Low,3.86,FEMA National Risk Index,2024,https://hazards.fema.gov/nri/
85701,Tucson,32.1363,-111.1227,Low,Low,3.86,FEMA National Risk Index,2024,https://hazards.fema.gov/nri/
85702,Tucson,32.1053,-110.8087,Low,Low,3.11,FEMA National Risk Index,2024,https://hazards.fema.gov/nri/
85703,Tucson,32.0904,-110.9615,Low,Low,3.81,FEMA National Risk Index,2024,https://hazards.fema.gov/nri/
85704,Tucson,32.211,-111.1082,Low,Low,3.89,FEMA National Risk Index,2024,https://hazards.fema.gov/nri/
85705,Tucson,32.1088,-111.0119,Low,Low,3.5,FEMA National Risk Index,2024,https://hazards.fema.gov/nri/
85706,Tucson,32.1215,-110.9034,Low,Low,3.97,FEMA National Risk Index,2024,https://hazards.fema.gov/nri/
85707,Tucson,32.2916,-111.0123,Low,Low,3.66,FEMA National Risk Index,2024,https://hazards.fema.gov/nri/
85708,Tucson,32.2497,-110.8065,Low,Low,2.9,FEMA National Risk Index,2024,https://hazards.fema.gov/nri/
85709,Tucson,32.2826,-110.9478,Low,Low,3.27,FEMA National Risk Index,2024,https://hazards.fema.gov/nri/
85710,Tucson,32.2231,-111.0911,Low,Low,3.93,FEMA National Risk Index,2024,https://hazards.fema.gov/nri/
85711,Tucson,32.2585,-111.1532,Low,Low,3.44,FEMA National Risk Index,2024,https://hazards.fema.gov/nri/
85712,Tucson,32.1616,-111.1077,Low,Low,4.01,FEMA National Risk Index,2024,https://hazards.fema.gov/nri/
85713,Tucson,32.1849,-110.9392,Low,Low,3.56,FEMA National Risk Index,2024,https://hazards.fema.gov/nri/
85714,Tucson,32.0923,-111.1434,Low,Low,3.69,FEMA National Risk Index,2024,https://hazards.fema.gov/nri/
85715,Tucson,32.3179,-110.9779,Low,Low,3.47,FEMA National Risk Index,2024,https://hazards.fema.gov/nri/
85716,Tucson,32.2808,-110.991,Low,Low,3.66,FEMA National Risk Index,2024,https://hazards.fema.gov/nri/
85717,Tucson,32.2857,-110.9968,Low,Low,4.07,FEMA National Risk Index,2024,https://hazards.fema.gov/nri/
85718,Tucson,32.3553,-110.8792,Low,Low,3.56,FEMA National Risk Index,2024,https://hazards.fema.gov/nri/
85719,Tucson,32.2921,-111.0884,Low,Low,3.51,FEMA National Risk Index,2024,https://hazards.fema.gov/nri/
85720,Tucson,32.1838,-110.8789,Low,Low,3.67,FEMA National Risk Index,2024,https://hazards.fema.gov/nri/
95801,Sacramento,38.7251,-121.5944,Wildfire,Moderate,3.55,FEMA National Risk Index,2024,https://hazards.fema.gov/nri/
95802,Sacramento,38.4783,-121.6476,Wildfire,Moderate,3.63,FEMA National Risk Index,2024,https://hazards.fema.gov/nri/
95803,Sacramento,38.6889,-121.3186,Wildfire,Moderate,3.95,FEMA National Risk Index,2024,https://hazards.fema.gov/nri/
95804,Sacramento,38.5041,-121.489,Wildfire,Moderate,2.88,FEMA National Risk Index,2024,https://hazards.fema.gov/nri/
95805,Sacramento,38.7081,-121.4369,Wildfire,Moderate,3.93,FEMA National Risk Index,2024,https://hazards.fema.gov/nri/
95806,Sacramento,38.6904,-121.4421,Wildfire,Moderate,3.98,FEMA National Risk Index,2024,https://hazards.fema.gov/nri/
95807,Sacramento,38.447,-121.4647,Wildfire,Moderate,3.44,FEMA National Risk Index,2024,https://hazards.fema.gov/nri/
95808,Sacramento,38.6032,-121.6437,Wildfire,Moderate,3.75,FEMA National Risk Index,2024,https://hazards.fema.gov/nri/
95809,Sacramento,38.4769,-121.4569,Wildfire,Moderate,3.72,FEMA National Risk Index,2024,https://hazards.fema.gov/nri/
95810,Sacramento,38.6255,-121.4699,Wildfire,Moderate,3.17,FEMA National Risk Index,2024,https://hazards.fema.gov/nri/
95811,Sacramento,38.6928,-121.4255,Wildfire,Moderate,3.07,FEMA National Risk Index,2024,https://hazards.fema.gov/nri/
95812,Sacramento,38.4455,-121.4415,Wildfire,Moderate,4.07,FEMA National Risk Index,2024,https://hazards.fema.gov/nri/
95813,Sacramento,38.5012,-121.6023,Wildfire,Moderate,3.17,FEMA National Risk Index,2024,https://hazards.fema.gov/nri/
95814,Sacramento,38.576,-121.4759,Wildfire,Moderate,3.0,FEMA National Risk Index,2024,https://hazards.fema.gov/nri/
95815,Sacramento,38.7236,-121.6069,Wildfire,Moderate,3.16,FEMA National Risk Index,2024,https://hazards.fema.gov/nri/
95816,Sacramento,38.5001,-121.3769,Wildfire,Moderate,3.39,FEMA National Risk Index,2024,https://hazards.fema.gov/nri/
95817,Sacramento,38.473,-121.4989,Wildfire,Moderate,3.53,FEMA National Risk Index,2024,https://hazards.fema.gov/nri/
95818,Sacramento,38.6175,-121.4987,Wildfire,Moderate,3.16,FEMA National Risk Index,2024,https://hazards.fema.gov/nri/
95819,Sacramento,38.434,-121.4017,Wildfire,Moderate,3.36,FEMA National Risk Index,2024,https://hazards.fema.gov/nri/
95820,Sacramento,38.602,-121.5599,Wildfire,Moderate,4.03,FEMA National Risk Index,2024,https://hazards.fema.gov/nri/
95821,Sacramento,38.6919,-121.4002,Wildfire,Moderate,3.11,FEMA National Risk Index,2024,https://hazards.fema.gov/nri/
95822,Sacramento,38.4626,-121.3907,Wildfire,Moderate,3.53,FEMA National Risk Index,2024,https://hazards.fema.gov/nri/
95823,Sacramento,38.5487,-121.4317,Wildfire,Moderate,3.98,FEMA National Risk Index,2024,https://hazards.fema.gov/nri/
95824,Sacramento,38.6269,-121.4565,Wildfire,Moderate,3.45,FEMA National Risk Index,2024,https://hazards.fema.gov/nri/
95825,Sacramento,38.7213,-121.4743,Wildfire,Moderate,3.27,FEMA National Risk Index,2024,https://hazards.fema.gov/nri/
95826,Sacramento,38.5565,-121.4319,Wildfire,Moderate,3.98,FEMA National Risk Index,2024,https://hazards.fema.gov/nri/
95827,Sacramento,38.4517,-121.6387,Wildfire,Moderate,3.48,FEMA National Risk Index,2024,https://hazards.fema.gov/nri/
95828,Sacramento,38.4366,-121.5179,Wildfire,Moderate,4.01,FEMA National Risk Index,2024,https://hazards.fema.gov/nri/
95829,Sacramento,38.6534,-121.3376,Wildfire,Moderate,4.13,FEMA National Risk Index,2024,https://hazards.fema.gov/nri/
95830,Sacramento,38.5922,-121.3149,Wildfire,Moderate,3.85,FEMA National Risk Index,2024,https://hazards.fema.gov/nri/
64101,Kansas City,38.969,-94.4333,Tornado,Moderate,3.65,FEMA National Risk Index,2024,https://hazards.fema.gov/nri/
64102,Kansas City,39.0462,-94.4435,Tornado,Moderate,2.9,FEMA National Risk Index,2024,https://hazards.fema.gov/nri/
64103,Kansas City,39.0029,-94.7421,Tornado,Moderate,3.58,FEMA National Risk Index,2024,https://hazards.fema.gov/nri/
64104,Kansas City,39.0096,-94.4265,Tornado,Moderate,2.91,FEMA National Risk Index,2024,https://hazards.fema.gov/nri/
64105,Kansas City,39.1862,-94.4403,Tornado,Moderate,3.8,FEMA National Risk Index,2024,https://hazards.fema.gov/nri/
64106,Kansas City,39.2317,-94.7505,Tornado,Moderate,2.94,FEMA National Risk Index,2024,https://hazards.fema.gov/nri/
64107,Kansas City,39.0568,-94.6538,Tornado,Moderate,2.94,FEMA National Risk Index,2024,https://hazards.fema.gov/nri/
64108,Kansas City,38.9743,-94.7185,Tornado,Moderate,3.96,FEMA National Risk Index,2024,https://hazards.fema.gov/nri/
64109,Kansas City,39.1963,-94.4661,Tornado,Moderate,3.33,FEMA National Risk Index,2024,https://hazards.fema.gov/nri/
64110,Kansas City,39.1656,-94.5876,Tornado,Moderate,3.24,FEMA National Risk Index,2024,https://hazards.fema.gov/nri/
64111,Kansas City,39.0758,-94.6524,Tornado,Moderate,3.4,FEMA National Risk Index,2024,https://hazards.fema.gov/nri/
64112,Kansas City,39.2113,-94.4348,Tornado,Moderate,3.93,FEMA National Risk Index,2024,https://hazards.fema.gov/nri/
64113,Kansas City,39.2336,-94.6566,Tornado,Moderate,3.83,FEMA National Risk Index,2024,https://hazards.fema.gov/nri/
64114,Kansas City,39.0123,-94.4802,Tornado,Moderate,2.97,FEMA National Risk Index,2024,https://hazards.fema.gov/nri/
64115,Kansas City,39.1903,-94.5881,Tornado,Moderate,3.83,FEMA National Risk Index,2024,https://hazards.fema.gov/nri/
64116,Kansas City,39.1881,-94.5895,Tornado,Moderate,3.23,FEMA National Risk Index,2024,https://hazards.fema.gov/nri/
64117,Kansas City,39.123,-94.6753,Tornado,Moderate,3.18,FEMA National Risk Index,2024,https://hazards.fema.gov/nri/
64118,Kansas City,39.2085,-94.6533,Tornado,Moderate,3.95,FEMA National Risk Index,2024,https://hazards.fema.gov/nri/
64119,Kansas City,39.2263,-94.6758,Tornado,Moderate,3.24,FEMA National Risk Index,2024,https://hazards.fema.gov/nri/
64120,Kansas City,38.9944,-94.5759,Tornado,Moderate,3.65,FEMA National Risk Index,2024,https://hazards.fema.gov/nri/
64121,Kansas City,39.2193,-94.5736,Tornado,Moderate,3.98,FEMA National Risk Index,2024,https://hazards.fema.gov/nri/
64122,Kansas City,39.0791,-94.4067,Tornado,Moderate,3.51,FEMA National Risk Index,2024,https://hazards.fema.gov/nri/
64123,Kansas City,39.0617,-94.6968,Tornado,Moderate,3.79,FEMA National Risk Index,2024,https://hazards.fema.gov/nri/
64124,Kansas City,39.229,-94.5116,Tornado,Moderate,3.83,FEMA National Risk Index,2024,https://hazards.fema.gov/nri/
64125,Kansas City,39.1423,-94.4428,Tornado,Moderate,3.11,FEMA National Risk Index,2024,https://hazards.fema.gov/nri/
64126,Kansas City,39.1737,-94.4544,Tornado,Moderate,3.2,FEMA National Risk Index,2024,https://hazards.fema.gov/nri/
64127,Kansas City,38.9591,-94.6261,Tornado,Moderate,3.14,FEMA National Risk Index,2024,https://hazards.fema.gov/nri/
64128,Kansas City,39.1564,-94.6735,Tornado,Moderate,3.24,FEMA National Risk Index,2024,https://hazards.fema.gov/nri/
64129,Kansas City,38.9953,-94.6705,Tornado,Moderate,4.07,FEMA National Risk Index,2024,https://hazards.fema.gov/nri/
64130,Kansas City,39.2402,-94.4648,Tornado,Moderate,2.93,FEMA National Risk Index,2024,https://hazards.fema.gov/nri/
30301,Atlanta,33.6469,-84.4303,Low,Low,3.81,FEMA National Risk Index,2024,https://hazards.fema.gov/nri/
30302,Atlanta,33.7843,-84.5077,Low,Low,3.39,FEMA National Risk Index,2024,https://hazards.fema.gov/nri/
30303,Atlanta,33.8691,-84.2169,Low,Low,4.08,FEMA National Risk Index,2024,https://hazards.fema.gov/nri/
30304,Atlanta,33.6691,-84.3432,Low,Low,2.92,FEMA National Risk Index,2024,https://hazards.fema.gov/nri/
30305,Atlanta,33.6405,-84.5007,Low,Low,3.61,FEMA National Risk Index,2024,https://hazards.fema.gov/nri/
30306,Atlanta,33.6416,-84.261,Low,Low,3.44,FEMA National Risk Index,2024,https://hazards.fema.gov/nri/
30307,Atlanta,33.6855,-84.3346,Low,Low,3.03,FEMA National Risk Index,2024,https://hazards.fema.gov/nri/
30308,Atlanta,33.6175,-84.5153,Low,Low,3.34,FEMA National Risk Index,2024,https://hazards.fema.gov/nri/
30309,Atlanta,33.8503,-84.3847,Low,Low,3.17,FEMA National Risk Index,2024,https://hazards.fema.gov/nri/
30310,Atlanta,33.6767,-84.3137,Low,Low,3.31,FEMA National Risk Index,2024,https://hazards.fema.gov/nri/
30311,Atlanta,33.8121,-84.4768,Low,Low,2.93,FEMA National Risk Index,2024,https://hazards.fema.gov/nri/
30312,Atlanta,33.7825,-84.4446,Low,Low,3.86,FEMA National Risk Index,2024,https://hazards.fema.gov/nri/
30313,Atlanta,33.7139,-84.3013,Low,Low,3.72,FEMA National Risk Index,2024,https://hazards.fema.gov/nri/
30314,Atlanta,33.829,-84.2776,Low,Low,3.65,FEMA National Risk Index,2024,https://hazards.fema.gov/nri/
30315,Atlanta,33.6185,-84.2108,Low,Low,4.02,FEMA National Risk Index,2024,https://hazards.fema.gov/nri/
30316,Atlanta,33.679,-84.4161,Low,Low,2.95,FEMA National Risk Index,2024,https://hazards.fema.gov/nri/
30317,Atlanta,33.7681,-84.2439,Low,Low,3.7,FEMA National Risk Index,2024,https://hazards.fema.gov/nri/
30318,Atlanta,33.7312,-84.4282,Low,Low,3.46,FEMA National Risk Index,2024,https://hazards.fema.gov/nri/
30319,Atlanta,33.6901,-84.3939,Low,Low,3.24,FEMA National Risk Index,2024,https://hazards.fema.gov/nri/
30320,Atlanta,33.8346,-84.2937,Low,Low,3.07,FEMA National Risk Index,2024,https://hazards.fema.gov/nri/
30321,Atlanta,33.7097,-84.5555,Low,Low,3.79,FEMA National Risk Index,2024,https://hazards.fema.gov/nri/
30322,Atlanta,33.8129,-84.3516,Low,Low,3.46,FEMA National Risk Index,2024,https://hazards.fema.gov/nri/
30323,Atlanta,33.85,-84.5186,Low,Low,3.2,FEMA National Risk Index,2024,https://hazards.fema.gov/nri/
30324,Atlanta,33.8471,-84.2499,Low,Low,4.07,FEMA National Risk Index,2024,https://hazards.fema.gov/nri/
30325,Atlanta,33.7929,-84.5162,Low,Low,3.87,FEMA National Risk Index,2024,https://hazards.fema.gov/nri/
30326,Atlanta,33.7343,-84.4713,Low,Low,3.81,FEMA National Risk Index,2024,https://hazards.fema.gov/nri/
30327,Atlanta,33.8831,-84.3554,Low,Low,3.61,FEMA National Risk Index,2024,https://hazards.fema.gov/nri/
30328,Atlanta,33.6154,-84.4774,Low,Low,3.79,FEMA National Risk Index,2024,https://hazards.fema.gov/nri/
30329,Atlanta,33.8191,-84.3446,Low,Low,3.58,FEMA National Risk Index,2024,https://hazards.fema.gov/nri/
30330,Atlanta,33.812,-84.3085,Low,Low,3.11,FEMA National Risk Index,2024,https://hazards.fema.gov/nri/
30331,Atlanta,33.6354,-84.2173,Low,Low,4.09,FEMA National Risk Index,2024,https://hazards.fema.gov/nri/
30332,Atlanta,33.7829,-84.5458,Low,Low,3.6,FEMA National Risk Index,2024,https://hazards.fema.gov/nri/
30333,Atlanta,33.8461,-84.2304,Low,Low,3.02,FEMA National Risk Index,2024,https://hazards.fema.gov/nri/
30334,Atlanta,33.7964,-84.4668,Low,Low,3.47,FEMA National Risk Index,2024,https://hazards.fema.gov/nri/
30335,Atlanta,33.857,-84.2456,Low,Low,4.12,FEMA National Risk Index,2024,https://hazards.fema.gov/nri/
30336,Atlanta,33.7576,-84.2388,Low,Low,3.06,FEMA National Risk Index,2024,https://hazards.fema.gov/nri/
30337,Atlanta,33.7821,-84.5509,Low,Low,3.98,FEMA National Risk Index,2024,https://hazards.fema.gov/nri/
30338,Atlanta,33.7561,-84.4666,Low,Low,3.02,FEMA National Risk Index,2024,https://hazards.fema.gov/nri/
30339,Atlanta,33.8044,-84.301,Low,Low,3.0,FEMA National Risk Index,2024,https://hazards.fema.gov/nri/
30340,Atlanta,33.6427,-84.5585,Low,Low,3.96,FEMA National Risk Index,2024,https://hazards.fema.gov/nri/
30341,Atlanta,33.7157,-84.3463,Low,Low,3.89,FEMA National Risk Index,2024,https://hazards.fema.gov/nri/
30342,Atlanta,33.8401,-84.2498,Low,Low,4.08,FEMA National Risk Index,2024,https://hazards.fema.gov/nri/
30343,Atlanta,33.8916,-84.4861,Low,Low,3.35,FEMA National Risk Index,2024,https://hazards.fema.gov/nri/
30344,Atlanta,33.6707,-84.5146,Low,Low,3.77,FEMA National Risk Index,2024,https://hazards.fema.gov/nri/
30345,Atlanta,33.6784,-84.2327,Low,Low,3.88,FEMA National Risk Index,2024,https://hazards.fema.gov/nri/
30346,Atlanta,33.8724,-84.4921,Low,Low,2.91,FEMA National Risk Index,2024,https://hazards.fema.gov/nri/
30347,Atlanta,33.7646,-84.4745,Low,Low,3.44,FEMA National Risk Index,2024,https://hazards.fema.gov/nri/
30348,Atlanta,33.7457,-84.2163,Low,Low,3.77,FEMA National Risk Index,2024,https://hazards.fema.gov/nri/
30349,Atlanta,33.6097,-84.5652,Low,Low,3.85,FEMA National Risk Index,2024,https://hazards.fema.gov/nri/
30350,Atlanta,33.7522,-84.4205,Low,Low,3.95,FEMA National Risk Index,2024,https://hazards.fema.gov/nri/
68101,Omaha,41.2361,-96.0665,Low,Low,3.71,FEMA National Risk Index,2024,https://hazards.fema.gov/nri/
68102,Omaha,41.1386,-95.8628,Low,Low,4.09,FEMA National Risk Index,2024,https://hazards.fema.gov/nri/
68103,Omaha,41.3973,-96.0745,Low,Low,3.18,FEMA National Risk Index,2024,https://hazards.fema.gov/nri/
68104,Omaha,41.3093,-95.9123,Low,Low,3.26,FEMA National Risk Index,2024,https://hazards.fema.gov/nri/
68105,Omaha,41.2773,-95.8126,Low,Low,2.88,FEMA National Risk Index,2024,https://hazards.fema.gov/nri/
68106,Omaha,41.3644,-95.8281,Low,Low,3.06,FEMA National Risk Index,2024,https://hazards.fema.gov/nri/
68107,Omaha,41.3361,-96.0439,Low,Low,3.52,FEMA National Risk Index,2024,https://hazards.fema.gov/nri/
68108,Omaha,41.2045,-95.8951,Low,Low,3.27,FEMA National Risk Index,2024,https://hazards.fema.gov/nri/
68109,Omaha,41.1369,-95.8479,Low,Low,4.0,FEMA National Risk Index,2024,https://hazards.fema.gov/nri/
68110,Omaha,41.2698,-95.8211,Low,Low,3.2,FEMA National Risk Index,2024,https://hazards.fema.gov/nri/
68111,Omaha,41.2656,-95.993,Low,Low,3.6,FEMA National Risk Index,2024,https://hazards.fema.gov/nri/
68112,Omaha,41.2546,-95.9994,Low,Low,3.21,FEMA National Risk Index,2024,https://hazards.fema.gov/nri/
68113,Omaha,41.2894,-95.9594,Low,Low,3.51,FEMA National Risk Index,2024,https://hazards.fema.gov/nri/
68114,Omaha,41.2942,-96.0055,Low,Low,3.04,FEMA National Risk Index,2024,https://hazards.fema.gov/nri/
68115,Omaha,41.2873,-95.9191,Low,Low,4.09,FEMA National Risk Index,2024,https://hazards.fema.gov/nri/
68116,Omaha,41.3885,-95.8924,Low,Low,3.1,FEMA National Risk Index,2024,https://hazards.fema.gov/nri/
68117,Omaha,41.2679,-96.0172,Low,Low,3.66,FEMA National Risk Index,2024,https://hazards.fema.gov/nri/
68118,Omaha,41.3808,-95.8245,Low,Low,4.11,FEMA National Risk Index,2024,https://hazards.fema.gov/nri/
68119,Omaha,41.1069,-95.8789,Low,Low,2.93,FEMA National Risk Index,2024,https://hazards.fema.gov/nri/
68120,Omaha,41.3087,-95.9284,Low,Low,3.36,FEMA National Risk Index,2024,https://hazards.fema.gov/nri/
27601,Raleigh-Durham,35.8508,-78.6334,Low,Low,3.38,FEMA National Risk Index,2024,https://hazards.fema.gov/nri/
27602,Raleigh-Durham,35.7796,-78.7659,Low,Low,3.4,FEMA National Risk Index,2024,https://hazards.fema.gov/nri/
27603,Raleigh-Durham,35.802,-78.8069,Low,Low,3.53,FEMA National Risk Index,2024,https://hazards.fema.gov/nri/
27604,Raleigh-Durham,35.6392,-78.7836,Low,Low,3.92,FEMA National Risk Index,2024,https://hazards.fema.gov/nri/
27605,Raleigh-Durham,35.7972,-78.7508,Low,Low,3.88,FEMA National Risk Index,2024,https://hazards.fema.gov/nri/
27606,Raleigh-Durham,35.6972,-78.7052,Low,Low,3.62,FEMA National Risk Index,2024,https://hazards.fema.gov/nri/
27607,Raleigh-Durham,35.7707,-78.6226,Low,Low,2.9,FEMA National Risk Index,2024,https://hazards.fema.gov/nri/
27608,Raleigh-Durham,35.853,-78.5836,Low,Low,3.3,FEMA National Risk Index,2024,https://hazards.fema.gov/nri/
27609,Raleigh-Durham,35.8998,-78.7203,Low,Low,4.09,FEMA National Risk Index,2024,https://hazards.fema.gov/nri/
27610,Raleigh-Durham,35.8639,-78.5264,Low,Low,2.96,FEMA National Risk Index,2024,https://hazards.fema.gov/nri/
27611,Raleigh-Durham,35.837,-78.6657,Low,Low,4.03,FEMA National Risk Index,2024,https://hazards.fema.gov/nri/
27612,Raleigh-Durham,35.8887,-78.7934,Low,Low,3.91,FEMA National Risk Index,2024,https://hazards.fema.gov/nri/
27613,Raleigh-Durham,35.7799,-78.6616,Low,Low,3.9,FEMA National Risk Index,2024,https://hazards.fema.gov/nri/
27614,Raleigh-Durham,35.6692,-78.7297,Low,Low,3.78,FEMA National Risk Index,2024,https://hazards.fema.gov/nri/
27615,Raleigh-Durham,35.8889,-78.7542,Low,Low,3.54,FEMA National Risk Index,2024,https://hazards.fema.gov/nri/
27616,Raleigh-Durham,35.8911,-78.467,Low,Low,2.91,FEMA National Risk Index,2024,https://hazards.fema.gov/nri/
27617,Raleigh-Durham,35.717,-78.4878,Low,Low,3.17,FEMA National Risk Index,2024,https://hazards.fema.gov/nri/
27618,Raleigh-Durham,35.7076,-78.5006,Low,Low,2.91,FEMA National Risk Index,2024,https://hazards.fema.gov/nri/
27619,Raleigh-Durham,35.8838,-78.6927,Low,Low,3.07,FEMA National Risk Index,2024,https://hazards.fema.gov/nri/
27620,Raleigh-Durham,35.9064,-78.5947,Low,Low,3.53,FEMA National Risk Index,2024,https://hazards.fema.gov/nri/
27621,Raleigh-Durham,35.6376,-78.4659,Low,Low,3.79,FEMA National Risk Index,2024,https://hazards.fema.gov/nri/
27622,Raleigh-Durham,35.6989,-78.7593,Low,Low,3.58,FEMA National Risk Index,2024,https://hazards.fema.gov/nri/
27623,Raleigh-Durham,35.9188,-78.7907,Low,Low,3.92,FEMA National Risk Index,2024,https://hazards.fema.gov/nri/
27624,Raleigh-Durham,35.6915,-78.6916,Low,Low,3.35,FEMA National Risk Index,2024,https://hazards.fema.gov/nri/
27625,Raleigh-Durham,35.84,-78.7867,Low,Low,3.46,FEMA National Risk Index,2024,https://hazards.fema.gov/nri/
27626,Raleigh-Durham,35.9111,-78.6602,Low,Low,4.11,FEMA National Risk Index,2024,https://hazards.fema.gov/nri/
27627,Raleigh-Durham,35.7371,-78.5578,Low,Low,3.72,FEMA National Risk Index,2024,https://hazards.fema.gov/nri/
27628,Raleigh-Durham,35.9139,-78.4949,Low,Low,3.31,FEMA National Risk Index,2024,https://hazards.fema.gov/nri/
27629,Raleigh-Durham,35.7701,-78.6401,Low,Low,3.9,FEMA National Risk Index,2024,https://hazards.fema.gov/nri/
27630,Raleigh-Durham,35.6633,-78.5875,Low,Low,3.38,FEMA National Risk Index,2024,https://hazards.fema.gov/nri/
27631,Raleigh-Durham,35.9181,-78.5901,Low,Low,2.89,FEMA National Risk Index,2024,https://hazards.fema.gov/nri/
27632,Raleigh-Durham,35.7884,-78.5421,Low,Low,3.75,FEMA National Risk Index,2024,https://hazards.fema.gov/nri/
27633,Raleigh-Durham,35.9076,-78.4736,Low,Low,2.95,FEMA National Risk Index,2024,https://hazards.fema.gov/nri/
27634,Raleigh-Durham,35.8847,-78.7091,Low,Low,3.13,FEMA National Risk Index,2024,https://hazards.fema.gov/nri/
27635,Raleigh-Durham,35.7174,-78.4605,Low,Low,3.13,FEMA National Risk Index,2024,https://hazards.fema.gov/nri/
55401,Minneapolis,45.0901,-93.4362,Low,Low,4.06,FEMA National Risk Index,2024,https://hazards.fema.gov/nri/
55402,Minneapolis,44.9461,-93.3549,Low,Low,3.51,FEMA National Risk Index,2024,https://hazards.fema.gov/nri/
55403,Minneapolis,44.9389,-93.2056,Low,Low,3.82,FEMA National Risk Index,2024,https://hazards.fema.gov/nri/
55404,Minneapolis,44.9838,-93.1439,Low,Low,3.99,FEMA National Risk Index,2024,https://hazards.fema.gov/nri/
55405,Minneapolis,45.0293,-93.1425,Low,Low,4.0,FEMA National Risk Index,2024,https://hazards.fema.gov/nri/
55406,Minneapolis,44.8357,-93.1993,Low,Low,3.74,FEMA National Risk Index,2024,https://hazards.fema.gov/nri/
55407,Minneapolis,45.0536,-93.2202,Low,Low,4.07,FEMA National Risk Index,2024,https://hazards.fema.gov/nri/
55408,Minneapolis,44.8572,-93.3421,Low,Low,2.99,FEMA National Risk Index,2024,https://hazards.fema.gov/nri/
55409,Minneapolis,44.8772,-93.3331,Low,Low,3.72,FEMA National Risk Index,2024,https://hazards.fema.gov/nri/
55410,Minneapolis,45.1116,-93.382,Low,Low,3.96,FEMA National Risk Index,2024,https://hazards.fema.gov/nri/
55411,Minneapolis,44.9096,-93.239,Low,Low,3.08,FEMA National Risk Index,2024,https://hazards.fema.gov/nri/
55412,Minneapolis,44.8889,-93.323,Low,Low,3.23,FEMA National Risk Index,2024,https://hazards.fema.gov/nri/
55413,Minneapolis,44.8421,-93.3285,Low,Low,3.77,FEMA National Risk Index,2024,https://hazards.fema.gov/nri/
55414,Minneapolis,44.8698,-93.3194,Low,Low,3.05,FEMA National Risk Index,2024,https://hazards.fema.gov/nri/
55415,Minneapolis,44.9872,-93.3829,Low,Low,3.34,FEMA National Risk Index,2024,https://hazards.fema.gov/nri/
55416,Minneapolis,44.8801,-93.0865,Low,Low,3.99,FEMA National Risk Index,2024,https://hazards.fema.gov/nri/
55417,Minneapolis,44.9709,-93.2924,Low,Low,3.93,FEMA National Risk Index,2024,https://hazards.fema.gov/nri/
55418,Minneapolis,45.1121,-93.1039,Low,Low,3.21,FEMA National Risk Index,2024,https://hazards.fema.gov/nri/
55419,Minneapolis,44.87,-93.3642,Low,Low,2.93,FEMA National Risk Index,2024,https://hazards.fema.gov/nri/
55420,Minneapolis,44.9393,-93.1102,Low,Low,3.76,FEMA National Risk Index,2024,https://hazards.fema.gov/nri/
55421,Minneapolis,45.0844,-93.1116,Low,Low,3.63,FEMA National Risk Index,2024,https://hazards.fema.gov/nri/
55422,Minneapolis,44.912,-93.3073,Low,Low,4.06,FEMA National Risk Index,2024,https://hazards.fema.gov/nri/
55423,Minneapolis,44.9847,-93.1845,Low,Low,3.84,FEMA National Risk Index,2024,https://hazards.fema.gov/nri/
55424,Minneapolis,44.96,-93.2417,Low,Low,3.55,FEMA National Risk Index,2024,https://hazards.fema.gov/nri/
55425,Minneapolis,44.8654,-93.1232,Low,Low,3.94,FEMA National Risk Index,2024,https://hazards.fema.gov/nri/
55426,Minneapolis,45.0066,-93.4325,Low,Low,3.15,FEMA National Risk Index,2024,https://hazards.fema.gov/nri/
55427,Minneapolis,44.9101,-93.3012,Low,Low,3.44,FEMA National Risk Index,2024,https://hazards.fema.gov/nri/
55428,Minneapolis,45.0968,-93.4219,Low,Low,2.96,FEMA National Risk Index,2024,https://hazards.fema.gov/nri/
55429,Minneapolis,45.12,-93.2742,Low,Low,3.28,FEMA National Risk Index,2024,https://hazards.fema.gov/nri/
55430,Minneapolis,45.038,-93.1797,Low,Low,3.98,FEMA National Risk Index,2024,https://hazards.fema.gov/nri/
33601,Tampa Bay,27.9986,-82.5116,Flood/Hurricane,High,2.91,FEMA National Risk Index,2024,https://hazards.fema.gov/nri/
33602,Tampa Bay,27.9669,-82.4874,Flood/Hurricane,High,3.96,FEMA National Risk Index,2024,https://hazards.fema.gov/nri/
33603,Tampa Bay,27.9849,-82.3721,Flood/Hurricane,High,4.11,FEMA National Risk Index,2024,https://hazards.fema.gov/nri/
33604,Tampa Bay,27.8212,-82.284,Flood/Hurricane,High,3.59,FEMA National Risk Index,2024,https://hazards.fema.gov/nri/
33605,Tampa Bay,27.8902,-82.5817,Flood/Hurricane,High,3.22,FEMA National Risk Index,2024,https://hazards.fema.gov/nri/
33606,Tampa Bay,27.9975,-82.5008,Flood/Hurricane,High,2.98,FEMA National Risk Index,2024,https://hazards.fema.gov/nri/
33607,Tampa Bay,27.8167,-82.4116,Flood/Hurricane,High,3.87,FEMA National Risk Index,2024,https://hazards.fema.gov/nri/
33608,Tampa Bay,28.0567,-82.4245,Flood/Hurricane,High,2.91,FEMA National Risk Index,2024,https://hazards.fema.gov/nri/
33609,Tampa Bay,28.0279,-82.4925,Flood/Hurricane,High,3.6,FEMA National Risk Index,2024,https://hazards.fema.gov/nri/
33610,Tampa Bay,27.9879,-82.6369,Flood/Hurricane,High,3.13,FEMA National Risk Index,2024,https://hazards.fema.gov/nri/
33611,Tampa Bay,27.9889,-82.4287,Flood/Hurricane,High,3.65,FEMA National Risk Index,2024,https://hazards.fema.gov/nri/
33612,Tampa Bay,28.0964,-82.5693,Flood/Hurricane,High,3.69,FEMA National Risk Index,2024,https://hazards.fema.gov/nri/
33613,Tampa Bay,28.075,-82.6132,Flood/Hurricane,High,3.5,FEMA National Risk Index,2024,https://hazards.fema.gov/nri/
33614,Tampa Bay,28.0243,-82.5429,Flood/Hurricane,High,2.92,FEMA National Risk Index,2024,https://hazards.fema.gov/nri/
33615,Tampa Bay,27.8632,-82.5799,Flood/Hurricane,High,3.83,FEMA National Risk Index,2024,https://hazards.fema.gov/nri/
33616,Tampa Bay,27.8793,-82.5428,Flood/Hurricane,High,3.38,FEMA National Risk Index,2024,https://hazards.fema.gov/nri/
33617,Tampa Bay,27.8741,-82.3869,Flood/Hurricane,High,3.3,FEMA National Risk Index,2024,https://hazards.fema.gov/nri/
33618,Tampa Bay,27.9153,-82.3565,Flood/Hurricane,High,3.26,FEMA National Risk Index,2024,https://hazards.fema.gov/nri/
33619,Tampa Bay,27.8973,-82.377,Flood/Hurricane,High,3.78,FEMA National Risk Index,2024,https://hazards.fema.gov/nri/
33620,Tampa Bay,28.0208,-82.4247,Flood/Hurricane,High,3.79,FEMA National Risk Index,2024,https://hazards.fema.gov/nri/
33621,Tampa Bay,27.9501,-82.3987,Flood/Hurricane,High,3.84,FEMA National Risk Index,2024,https://hazards.fema.gov/nri/
33622,Tampa Bay,27.9814,-82.6047,Flood/Hurricane,High,2.98,FEMA National Risk Index,2024,https://hazards.fema.gov/nri/
33623,Tampa Bay,27.9174,-82.5239,Flood/Hurricane,High,3.17,FEMA National Risk Index,2024,https://hazards.fema.gov/nri/
33624,Tampa Bay,27.9226,-82.369,Flood/Hurricane,High,4.0,FEMA National Risk Index,2024,https://hazards.fema.gov/nri/
33625,Tampa Bay,27.9608,-82.6035,Flood/Hurricane,High,3.2,FEMA National Risk Index,2024,https://hazards.fema.gov/nri/
33626,Tampa Bay,27.8313,-82.5546,Flood/Hurricane,High,3.22,FEMA National Risk Index,2024,https://hazards.fema.gov/nri/
33627,Tampa Bay,27.8189,-82.5018,Flood/Hurricane,High,3.61,FEMA National Risk Index,2024,https://hazards.fema.gov/nri/
33628,Tampa Bay,27.9677,-82.3873,Flood/Hurricane,High,2.92,FEMA National Risk Index,2024,https://hazards.fema.gov/nri/
33629,Tampa Bay,27.8192,-82.4463,Flood/Hurricane,High,3.8,FEMA National Risk Index,2024,https://hazards.fema.gov/nri/
33630,Tampa Bay,28.0678,-82.4595,Flood/Hurricane,High,3.53,FEMA National Risk Index,2024,https://hazards.fema.gov/nri/
33631,Tampa Bay,27.8376,-82.6007,Flood/Hurricane,High,3.48,FEMA National Risk Index,2024,https://hazards.fema.gov/nri/
33632,Tampa Bay,27.8238,-82.5809,Flood/Hurricane,High,3.92,FEMA National Risk Index,2024,https://hazards.fema.gov/nri/
33633,Tampa Bay,27.9445,-82.5952,Flood/Hurricane,High,3.93,FEMA National Risk Index,2024,https://hazards.fema.gov/nri/
33634,Tampa Bay,27.8879,-82.389,Flood/Hurricane,High,3.38,FEMA National Risk Index,2024,https://hazards.fema.gov/nri/
33635,Tampa Bay,27.9175,-82.3407,Flood/Hurricane,High,3.22,FEMA National Risk Index,2024,https://hazards.fema.gov/nri/
33636,Tampa Bay,27.867,-82.5172,Flood/Hurricane,High,3.11,FEMA National Risk Index,2024,https://hazards.fema.gov/nri/
33637,Tampa Bay,27.8428,-82.4047,Flood/Hurricane,High,3.3,FEMA National Risk Index,2024,https://hazards.fema.gov/nri/
33638,Tampa Bay,27.8969,-82.5837,Flood/Hurricane,High,2.88,FEMA National Risk Index,2024,https://hazards.fema.gov/nri/
33639,Tampa Bay,27.8519,-82.4583,Flood/Hurricane,High,3.3,FEMA National Risk Index,2024,https://hazards.fema.gov/nri/
33640,Tampa Bay,27.819,-82.3059,Flood/Hurricane,High,2.99,FEMA National Risk Index,2024,https://hazards.fema.gov/nri/
70112,New Orleans,30.0007,-90.0178,Flood/Hurricane,Extreme,4.1,FEMA National Risk Index,2024,https://hazards.fema.gov/nri/
70113,New Orleans,29.9955,-90.2026,Flood/Hurricane,Extreme,3.13,FEMA National Risk Index,2024,https://hazards.fema.gov/nri/
70114,New Orleans,30.0978,-90.036,Flood/Hurricane,Extreme,3.1,FEMA National Risk Index,2024,https://hazards.fema.gov/nri/
70115,New Orleans,30.0186,-89.901,Flood/Hurricane,Extreme,3.67,FEMA National Risk Index,2024,https://hazards.fema.gov/nri/
70116,New Orleans,30.0939,-90.0688,Flood/Hurricane,Extreme,2.92,FEMA National Risk Index,2024,https://hazards.fema.gov/nri/
70117,New Orleans,30.0938,-89.9313,Flood/Hurricane,Extreme,4.12,FEMA National Risk Index,2024,https://hazards.fema.gov/nri/
70118,New Orleans,29.8235,-90.0269,Flood/Hurricane,Extreme,3.08,FEMA National Risk Index,2024,https://hazards.fema.gov/nri/
70119,New Orleans,29.9,-90.1187,Flood/Hurricane,Extreme,3.96,FEMA National Risk Index,2024,https://hazards.fema.gov/nri/
70120,New Orleans,30.0111,-89.9881,Flood/Hurricane,Extreme,3.94,FEMA National Risk Index,2024,https://hazards.fema.gov/nri/
70121,New Orleans,29.8391,-89.9342,Flood/Hurricane,Extreme,3.93,FEMA National Risk Index,2024,https://hazards.fema.gov/nri/
70122,New Orleans,29.962,-90.212,Flood/Hurricane,Extreme,3.27,FEMA National Risk Index,2024,https://hazards.fema.gov/nri/
70123,New Orleans,29.8127,-90.0026,Flood/Hurricane,Extreme,3.76,FEMA National Risk Index,2024,https://hazards.fema.gov/nri/
70124,New Orleans,29.9329,-90.072,Flood/Hurricane,Extreme,3.84,FEMA National Risk Index,2024,https://hazards.fema.gov/nri/
70125,New Orleans,29.8626,-90.0181,Flood/Hurricane,Extreme,3.95,FEMA National Risk Index,2024,https://hazards.fema.gov/nri/
70126,New Orleans,29.9915,-90.0393,Flood/Hurricane,Extreme,3.62,FEMA National Risk Index,2024,https://hazards.fema.gov/nri/
70127,New Orleans,29.8438,-90.215,Flood/Hurricane,Extreme,3.61,FEMA National Risk Index,2024,https://hazards.fema.gov/nri/
70128,New Orleans,29.8668,-90.1334,Flood/Hurricane,Extreme,3.0,FEMA National Risk Index,2024,https://hazards.fema.gov/nri/
70129,New Orleans,29.8485,-89.896,Flood/Hurricane,Extreme,3.53,FEMA National Risk Index,2024,https://hazards.fema.gov/nri/
70130,New Orleans,29.8377,-89.9451,Flood/Hurricane,Extreme,3.39,FEMA National Risk Index,2024,https://hazards.fema.gov/nri/
70131,New Orleans,30.0326,-90.1951,Flood/Hurricane,Extreme,3.61,FEMA National Risk Index,2024,https://hazards.fema.gov/nri/
70132,New Orleans,30.0371,-90.2343,Flood/Hurricane,Extreme,3.34,FEMA National Risk Index,2024,https://hazards.fema.gov/nri/
70133,New Orleans,29.968,-89.9595,Flood/Hurricane,Extreme,3.86,FEMA National Risk Index,2024,https://hazards.fema.gov/nri/
70134,New Orleans,29.8787,-89.9503,Flood/Hurricane,Extreme,3.38,FEMA National Risk Index,2024,https://hazards.fema.gov/nri/
70135,New Orleans,30.016,-90.1856,Flood/Hurricane,Extreme,3.25,FEMA National Risk Index,2024,https://hazards.fema.gov/nri/
70136,New Orleans,29.9351,-89.9513,Flood/Hurricane,Extreme,3.78,FEMA National Risk Index,2024,https://hazards.fema.gov/nri/
23220,Richmond,37.4159,-77.5995,Low,Low,3.35,FEMA National Risk Index,2024,https://hazards.fema.gov/nri/
23221,Richmond,37.6849,-77.4639,Low,Low,3.98,FEMA National Risk Index,2024,https://hazards.fema.gov/nri/
23222,Richmond,37.4054,-77.4226,Low,Low,3.59,FEMA National Risk Index,2024,https://hazards.fema.gov/nri/
23223,Richmond,37.4967,-77.585,Low,Low,3.01,FEMA National Risk Index,2024,https://hazards.fema.gov/nri/
23224,Richmond,37.5448,-77.5774,Low,Low,3.29,FEMA National Risk Index,2024,https://hazards.fema.gov/nri/
23225,Richmond,37.4723,-77.4837,Low,Low,3.83,FEMA National Risk Index,2024,https://hazards.fema.gov/nri/
23226,Richmond,37.6595,-77.4309,Low,Low,3.89,FEMA National Risk Index,2024,https://hazards.fema.gov/nri/
23227,Richmond,37.4189,-77.5338,Low,Low,3.31,FEMA National Risk Index,2024,https://hazards.fema.gov/nri/
23228,Richmond,37.5328,-77.4454,Low,Low,3.29,FEMA National Risk Index,2024,https://hazards.fema.gov/nri/
23229,Richmond,37.526,-77.5971,Low,Low,3.37,FEMA National Risk Index,2024,https://hazards.fema.gov/nri/
23230,Richmond,37.5885,-77.5539,Low,Low,2.91,FEMA National Risk Index,2024,https://hazards.fema.gov/nri/
23231,Richmond,37.5199,-77.5093,Low,Low,2.92,FEMA National Risk Index,2024,https://hazards.fema.gov/nri/
23232,Richmond,37.4466,-77.5103,Low,Low,3.66,FEMA National Risk Index,2024,https://hazards.fema.gov/nri/
23233,Richmond,37.4853,-77.4535,Low,Low,3.51,FEMA National Risk Index,2024,https://hazards.fema.gov/nri/
23234,Richmond,37.6252,-77.5046,Low,Low,3.21,FEMA National Risk Index,2024,https://hazards.fema.gov/nri/
23235,Richmond,37.4086,-77.3644,Low,Low,3.92,FEMA National Risk Index,2024,https://hazards.fema.gov/nri/
23236,Richmond,37.4421,-77.4001,Low,Low,4.06,FEMA National Risk Index,2024,https://hazards.fema.gov/nri/
23237,Richmond,37.6444,-77.5962,Low,Low,3.25,FEMA National Risk Index,2024,https://hazards.fema.gov/nri/
23238,Richmond,37.5241,-77.3425,Low,Low,3.82,FEMA National Risk Index,2024,https://hazards.fema.gov/nri/
23239,Richmond,37.6458,-77.611,Low,Low,3.87,FEMA National Risk Index,2024,https://hazards.fema.gov/nri/
23240,Richmond,37.5877,-77.2828,Low,Low,3.33,FEMA National Risk Index,2024,https://hazards.fema.gov/nri/
23241,Richmond,37.5335,-77.3148,Low,Low,3.38,FEMA National Risk Index,2024,https://hazards.fema.gov/nri/
23242,Richmond,37.618,-77.5881,Low,Low,4.02,FEMA National Risk Index,2024,https://hazards.fema.gov/nri/
23243,Richmond,37.6746,-77.4299,Low,Low,2.97,FEMA National Risk Index,2024,https://hazards.fema.gov/nri/
23244,Richmond,37.4129,-77.5491,Low,Low,4.04,FEMA National Risk Index,2024,https://hazards.fema.gov/nri/
35201,Birmingham,33.4901,-86.7203,Low,Low,2.96,FEMA National Risk Index,2024,https://hazards.fema.gov/nri/
35202,Birmingham,33.3741,-86.8958,Low,Low,3.39,FEMA National Risk Index,2024,https://hazards.fema.gov/nri/
35203,Birmingham,33.456,-86.7176,Low,Low,3.59,FEMA National Risk Index,2024,https://hazards.fema.gov/nri/
35204,Birmingham,33.4961,-86.9773,Low,Low,3.6,FEMA National Risk Index,2024,https://hazards.fema.gov/nri/
35205,Birmingham,33.6097,-86.9059,Low,Low,3.92,FEMA National Risk Index,2024,https://hazards.fema.gov/nri/
35206,Birmingham,33.5145,-86.707,Low,Low,3.54,FEMA National Risk Index,2024,https://hazards.fema.gov/nri/
35207,Birmingham,33.6256,-86.8317,Low,Low,3.86,FEMA National Risk Index,2024,https://hazards.fema.gov/nri/
35208,Birmingham,33.5024,-86.9896,Low,Low,3.22,FEMA National Risk Index,2024,https://hazards.fema.gov/nri/
35209,Birmingham,33.5363,-86.6368,Low,Low,3.69,FEMA National Risk Index,2024,https://hazards.fema.gov/nri/
35210,Birmingham,33.5389,-86.7826,Low,Low,3.29,FEMA National Risk Index,2024,https://hazards.fema.gov/nri/
35211,Birmingham,33.3983,-86.887,Low,Low,3.01,FEMA National Risk Index,2024,https://hazards.fema.gov/nri/
35212,Birmingham,33.4121,-86.9251,Low,Low,3.78,FEMA National Risk Index,2024,https://hazards.fema.gov/nri/
35213,Birmingham,33.5525,-86.756,Low,Low,3.55,FEMA National Risk Index,2024,https://hazards.fema.gov/nri/
35214,Birmingham,33.6606,-86.8263,Low,Low,3.86,FEMA National Risk Index,2024,https://hazards.fema.gov/nri/
35215,Birmingham,33.4282,-86.7244,Low,Low,3.25,FEMA National Risk Index,2024,https://hazards.fema.gov/nri/
35216,Birmingham,33.4336,-86.7062,Low,Low,2.98,FEMA National Risk Index,2024,https://hazards.fema.gov/nri/
35217,Birmingham,33.6403,-86.6336,Low,Low,2.93,FEMA National Risk Index,2024,https://hazards.fema.gov/nri/
35218,Birmingham,33.3932,-86.7566,Low,Low,3.87,FEMA National Risk Index,2024,https://hazards.fema.gov/nri/
35219,Birmingham,33.5263,-86.9559,Low,Low,3.26,FEMA National Risk Index,2024,https://hazards.fema.gov/nri/
35220,Birmingham,33.4906,-86.97,Low,Low,3.28,FEMA National Risk Index,2024,https://hazards.fema.gov/nri/
35221,Birmingham,33.5274,-86.9599,Low,Low,3.32,FEMA National Risk Index,2024,https://hazards.fema.gov/nri/
35222,Birmingham,33.3758,-86.956,Low,Low,3.03,FEMA National Risk Index,2024,https://hazards.fema.gov/nri/
35223,Birmingham,33.5678,-86.8921,Low,Low,2.89,FEMA National Risk Index,2024,https://hazards.fema.gov/nri/
35224,Birmingham,33.6499,-86.6487,Low,Low,3.67,FEMA National Risk Index,2024,https://hazards.fema.gov/nri/
35225,Birmingham,33.4204,-86.957,Low,Low,3.92,FEMA National Risk Index,2024,https://hazards.fema.gov/nri/
39201,Jackson,32.2271,-90.2321,Low,Low,2.87,FEMA National Risk Index,2024,https://hazards.fema.gov/nri/
39202,Jackson,32.1528,-90.3527,Low,Low,3.74,FEMA National Risk Index,2024,https://hazards.fema.gov/nri/
39203,Jackson,32.1656,-90.2184,Low,Low,3.8,FEMA National Risk Index,2024,https://hazards.fema.gov/nri/
39204,Jackson,32.2514,-90.3531,Low,Low,3.38,FEMA National Risk Index,2024,https://hazards.fema.gov/nri/
39205,Jackson,32.1709,-90.3045,Low,Low,3.14,FEMA National Risk Index,2024,https://hazards.fema.gov/nri/
39206,Jackson,32.2849,-90.3222,Low,Low,3.24,FEMA National Risk Index,2024,https://hazards.fema.gov/nri/
39207,Jackson,32.2956,-90.2128,Low,Low,2.9,FEMA National Risk Index,2024,https://hazards.fema.gov/nri/
39208,Jackson,32.2655,-90.2881,Low,Low,4.09,FEMA National Risk Index,2024,https://hazards.fema.gov/nri/
39209,Jackson,32.1819,-90.1096,Low,Low,3.31,FEMA National Risk Index,2024,https://hazards.fema.gov/nri/
39210,Jackson,32.1713,-90.305,Low,Low,3.7,FEMA National Risk Index,2024,https://hazards.fema.gov/nri/
39211,Jackson,32.4482,-90.2347,Low,Low,3.13,FEMA National Risk Index,2024,https://hazards.fema.gov/nri/
39212,Jackson,32.296,-90.2763,Low,Low,3.25,FEMA National Risk Index,2024,https://hazards.fema.gov/nri/
39213,Jackson,32.1967,-90.2215,Low,Low,3.44,FEMA National Risk Index,2024,https://hazards.fema.gov/nri/
39214,Jackson,32.3854,-90.3628,Low,Low,3.75,FEMA National Risk Index,2024,https://hazards.fema.gov/nri/
39215,Jackson,32.3652,-90.304,Low,Low,3.24,FEMA National Risk Index,2024,https://hazards.fema.gov/nri/
72201,Little Rock,34.7682,-92.3894,Low,Low,3.54,FEMA National Risk Index,2024,https://hazards.fema.gov/nri/
72202,Little Rock,34.7976,-92.1628,Low,Low,3.83,FEMA National Risk Index,2024,https://hazards.fema.gov/nri/
72203,Little Rock,34.6219,-92.3923,Low,Low,3.66,FEMA National Risk Index,2024,https://hazards.fema.gov/nri/
72204,Little Rock,34.7488,-92.4652,Low,Low,3.27,FEMA National Risk Index,2024,https://hazards.fema.gov/nri/
72205,Little Rock,34.7948,-92.249,Low,Low,3.88,FEMA National Risk Index,2024,https://hazards.fema.gov/nri/
72206,Little Rock,34.6569,-92.1649,Low,Low,3.85,FEMA National Risk Index,2024,https://hazards.fema.gov/nri/
72207,Little Rock,34.7913,-92.2076,Low,Low,3.09,FEMA National Risk Index,2024,https://hazards.fema.gov/nri/
72208,Little Rock,34.7869,-92.3467,Low,Low,3.4,FEMA National Risk Index,2024,https://hazards.fema.gov/nri/
72209,Little Rock,34.8213,-92.4585,Low,Low,3.93,FEMA National Risk Index,2024,https://hazards.fema.gov/nri/
72210,Little Rock,34.8875,-92.1108,Low,Low,4.08,FEMA National Risk Index,2024,https://hazards.fema.gov/nri/
72211,Little Rock,34.6962,-92.2345,Low,Low,3.02,FEMA National Risk Index,2024,https://hazards.fema.gov/nri/
72212,Little Rock,34.6491,-92.124,Low,Low,3.15,FEMA National Risk Index,2024,https://hazards.fema.gov/nri/
72213,Little Rock,34.8331,-92.4152,Low,Low,3.64,FEMA National Risk Index,2024,https://hazards.fema.gov/nri/
72214,Little Rock,34.6539,-92.422,Low,Low,4.06,FEMA National Risk Index,2024,https://hazards.fema.gov/nri/
72215,Little Rock,34.5972,-92.1171,Low,Low,3.2,FEMA National Risk Index,2024,https://hazards.fema.gov/nri/
72216,Little Rock,34.8815,-92.2356,Low,Low,3.36,FEMA National Risk Index,2024,https://hazards.fema.gov/nri/
72217,Little Rock,34.6064,-92.3915,Low,Low,3.5,FEMA National Risk Index,2024,https://hazards.fema.gov/nri/
72218,Little Rock,34.8266,-92.1155,Low,Low,2.89,FEMA National Risk Index,2024,https://hazards.fema.gov/nri/
72219,Little Rock,34.6087,-92.1653,Low,Low,3.62,FEMA National Risk Index,2024,https://hazards.fema.gov/nri/
72220,Little Rock,34.7655,-92.4348,Low,Low,3.23,FEMA National Risk Index,2024,https://hazards.fema.gov/nri/
37401,Chattanooga,35.1461,-85.4534,Low,Low,3.41,FEMA National Risk Index,2024,https://hazards.fema.gov/nri/
37402,Chattanooga,34.9016,-85.1394,Low,Low,3.3,FEMA National Risk Index,2024,https://hazards.fema.gov/nri/
37403,Chattanooga,34.9809,-85.4578,Low,Low,3.55,FEMA National Risk Index,2024,https://hazards.fema.gov/nri/
37404,Chattanooga,34.9264,-85.3973,Low,Low,3.93,FEMA National Risk Index,2024,https://hazards.fema.gov/nri/
37405,Chattanooga,34.953,-85.1991,Low,Low,3.63,FEMA National Risk Index,2024,https://hazards.fema.gov/nri/
37406,Chattanooga,34.9671,-85.1632,Low,Low,4.07,FEMA National Risk Index,2024,https://hazards.fema.gov/nri/
37407,Chattanooga,35.0358,-85.4468,Low,Low,3.56,FEMA National Risk Index,2024,https://hazards.fema.gov/nri/
37408,Chattanooga,35.1555,-85.4106,Low,Low,4.03,FEMA National Risk Index,2024,https://hazards.fema.gov/nri/
37409,Chattanooga,34.8976,-85.3465,Low,Low,3.01,FEMA National Risk Index,2024,https://hazards.fema.gov/nri/
37410,Chattanooga,35.0951,-85.3763,Low,Low,3.89,FEMA National Risk Index,2024,https://hazards.fema.gov/nri/
37411,Chattanooga,34.9414,-85.4732,Low,Low,4.0,FEMA National Risk Index,2024,https://hazards.fema.gov/nri/
37412,Chattanooga,35.0932,-85.1884,Low,Low,3.8,FEMA National Risk Index,2024,https://hazards.fema.gov/nri/
37413,Chattanooga,35.0907,-85.371,Low,Low,3.43,FEMA National Risk Index,2024,https://hazards.fema.gov/nri/
37414,Chattanooga,35.0638,-85.1962,Low,Low,3.21,FEMA National Risk Index,2024,https://hazards.fema.gov/nri/
37415,Chattanooga,35.1133,-85.1357,Low,Low,3.08,FEMA National Risk Index,2024,https://hazards.fema.gov/nri/
37416,Chattanooga,35.1223,-85.2977,Low,Low,4.08,FEMA National Risk Index,2024,https://hazards.fema.gov/nri/
37417,Chattanooga,35.0357,-85.4008,Low,Low,3.37,FEMA National Risk Index,2024,https://hazards.fema.gov/nri/
37418,Chattanooga,35.053,-85.3714,Low,Low,2.87,FEMA National Risk Index,2024,https://hazards.fema.gov/nri/
37419,Chattanooga,35.1174,-85.1895,Low,Low,4.02,FEMA National Risk Index,2024,https://hazards.fema.gov/nri/
37420,Chattanooga,35.0582,-85.3824,Low,Low,3.91,FEMA National Risk Index,2024,https://hazards.fema.gov/nri/
37901,Knoxville,35.9806,-83.8556,Low,Low,3.06,FEMA National Risk Index,2024,https://hazards.fema.gov/nri/
37902,Knoxville,36.1059,-83.8437,Low,Low,3.98,FEMA National Risk Index,2024,https://hazards.fema.gov/nri/
37903,Knoxville,35.9361,-83.8778,Low,Low,2.96,FEMA National Risk Index,2024,https://hazards.fema.gov/nri/
37904,Knoxville,35.9969,-84.0337,Low,Low,3.5,FEMA National Risk Index,2024,https://hazards.fema.gov/nri/
37905,Knoxville,35.8953,-84.0148,Low,Low,3.18,FEMA National Risk Index,2024,https://hazards.fema.gov/nri/
37906,Knoxville,35.8615,-83.9467,Low,Low,4.09,FEMA National Risk Index,2024,https://hazards.fema.gov/nri/
37907,Knoxville,35.9189,-83.7765,Low,Low,3.16,FEMA National Risk Index,2024,https://hazards.fema.gov/nri/
37908,Knoxville,35.8884,-83.8143,Low,Low,2.9,FEMA National Risk Index,2024,https://hazards.fema.gov/nri/
37909,Knoxville,36.0959,-83.7466,Low,Low,3.94,FEMA National Risk Index,2024,https://hazards.fema.gov/nri/
37910,Knoxville,35.9395,-83.7964,Low,Low,2.9,FEMA National Risk Index,2024,https://hazards.fema.gov/nri/
37911,Knoxville,35.9424,-83.9064,Low,Low,3.92,FEMA National Risk Index,2024,https://hazards.fema.gov/nri/
37912,Knoxville,35.8986,-84.0266,Low,Low,4.04,FEMA National Risk Index,2024,https://hazards.fema.gov/nri/
37913,Knoxville,35.826,-83.9278,Low,Low,3.42,FEMA National Risk Index,2024,https://hazards.fema.gov/nri/
37914,Knoxville,35.9466,-83.8265,Low,Low,4.12,FEMA National Risk Index,2024,https://hazards.fema.gov/nri/
37915,Knoxville,35.9807,-84.0089,Low,Low,3.67,FEMA National Risk Index,2024,https://hazards.fema.gov/nri/
37916,Knoxville,35.8224,-83.9231,Low,Low,3.24,FEMA National Risk Index,2024,https://hazards.fema.gov/nri/
37917,Knoxville,35.8801,-83.8696,Low,Low,3.95,FEMA National Risk Index,2024,https://hazards.fema.gov/nri/
37918,Knoxville,35.9267,-83.9212,Low,Low,4.0,FEMA National Risk Index,2024,https://hazards.fema.gov/nri/
37919,Knoxville,35.9123,-84.0963,Low,Low,3.78,FEMA National Risk Index,2024,https://hazards.fema.gov/nri/
37920,Knoxville,36.0378,-83.7642,Low,Low,4.03,FEMA National Risk Index,2024,https://hazards.fema.gov/nri/
35801,Huntsville,34.7079,-86.7432,Low,Low,3.51,FEMA National Risk Index,2024,https://hazards.fema.gov/nri/
35802,Huntsville,34.7481,-86.4382,Low,Low,3.71,FEMA National Risk Index,2024,https://hazards.fema.gov/nri/
35803,Huntsville,34.7966,-86.6401,Low,Low,3.68,FEMA National Risk Index,2024,https://hazards.fema.gov/nri/
35804,Huntsville,34.7559,-86.582,Low,Low,3.26,FEMA National Risk Index,2024,https://hazards.fema.gov/nri/
35805,Huntsville,34.8125,-86.4995,Low,Low,3.54,FEMA National Risk Index,2024,https://hazards.fema.gov/nri/
35806,Huntsville,34.7077,-86.736,Low,Low,3.62,FEMA National Risk Index,2024,https://hazards.fema.gov/nri/
35807,Huntsville,34.8121,-86.7147,Low,Low,3.72,FEMA National Risk Index,2024,https://hazards.fema.gov/nri/
35808,Huntsville,34.7777,-86.4916,Low,Low,3.82,FEMA National Risk Index,2024,https://hazards.fema.gov/nri/
35809,Huntsville,34.8185,-86.5026,Low,Low,3.15,FEMA National Risk Index,2024,https://hazards.fema.gov/nri/
35810,Huntsville,34.6263,-86.621,Low,Low,3.75,FEMA National Risk Index,2024,https://hazards.fema.gov/nri/
35811,Huntsville,34.8674,-86.6693,Low,Low,3.59,FEMA National Risk Index,2024,https://hazards.fema.gov/nri/
35812,Huntsville,34.8036,-86.6961,Low,Low,3.91,FEMA National Risk Index,2024,https://hazards.fema.gov/nri/
35813,Huntsville,34.727,-86.7408,Low,Low,3.24,FEMA National Risk Index,2024,https://hazards.fema.gov/nri/
35814,Huntsville,34.7605,-86.5112,Low,Low,3.24,FEMA National Risk Index,2024,https://hazards.fema.gov/nri/
35815,Huntsville,34.6437,-86.6057,Low,Low,3.09,FEMA National Risk Index,2024,https://hazards.fema.gov/nri/
35816,Huntsville,34.5926,-86.656,Low,Low,2.93,FEMA National Risk Index,2024,https://hazards.fema.gov/nri/
35817,Huntsville,34.7372,-86.4676,Low,Low,3.6,FEMA National Risk Index,2024,https://hazards.fema.gov/nri/
35818,Huntsville,34.8734,-86.6638,Low,Low,3.55,FEMA National Risk Index,2024,https://hazards.fema.gov/nri/
35819,Huntsville,34.7794,-86.5838,Low,Low,3.65,FEMA National Risk Index,2024,https://hazards.fema.gov/nri/
35820,Huntsville,34.604,-86.6983,Low,Low,3.5,FEMA National Risk Index,2024,https://hazards.fema.gov/nri/
80901,Colorado Springs,38.6889,-104.726,Low,Low,2.88,FEMA National Risk Index,2024,https://hazards.fema.gov/nri/
80902,Colorado Springs,38.6976,-104.8922,Low,Low,3.08,FEMA National Risk Index,2024,https://hazards.fema.gov/nri/
80903,Colorado Springs,38.7572,-104.7671,Low,Low,3.86,FEMA National Risk Index,2024,https://hazards.fema.gov/nri/
80904,Colorado Springs,38.7692,-104.9203,Low,Low,3.0,FEMA National Risk Index,2024,https://hazards.fema.gov/nri/
80905,Colorado Springs,38.897,-104.7245,Low,Low,2.9,FEMA National Risk Index,2024,https://hazards.fema.gov/nri/
80906,Colorado Springs,38.9338,-104.7896,Low,Low,3.5,FEMA National Risk Index,2024,https://hazards.fema.gov/nri/
80907,Colorado Springs,38.7351,-104.7152,Low,Low,3.41,FEMA National Risk Index,2024,https://hazards.fema.gov/nri/
80908,Colorado Springs,38.7261,-104.9324,Low,Low,3.21,FEMA National Risk Index,2024,https://hazards.fema.gov/nri/
80909,Colorado Springs,38.7516,-104.6453,Low,Low,4.0,FEMA National Risk Index,2024,https://hazards.fema.gov/nri/
80910,Colorado Springs,38.7266,-104.8132,Low,Low,3.58,FEMA National Risk Index,2024,https://hazards.fema.gov/nri/
80911,Colorado Springs,38.745,-104.9654,Low,Low,3.45,FEMA National Risk Index,2024,https://hazards.fema.gov/nri/
80912,Colorado Springs,38.8741,-104.9725,Low,Low,3.21,FEMA National Risk Index,2024,https://hazards.fema.gov/nri/
80913,Colorado Springs,38.6908,-104.9241,Low,Low,3.13,FEMA National Risk Index,2024,https://hazards.fema.gov/nri/
80914,Colorado Springs,38.7963,-104.7415,Low,Low,3.15,FEMA National Risk Index,2024,https://hazards.fema.gov/nri/
80915,Colorado Springs,38.9103,-104.9924,Low,Low,4.05,FEMA National Risk Index,2024,https://hazards.fema.gov/nri/
80916,Colorado Springs,38.8286,-104.7344,Low,Low,3.12,FEMA National Risk Index,2024,https://hazards.fema.gov/nri/
80917,Colorado Springs,38.7612,-104.9417,Low,Low,3.52,FEMA National Risk Index,2024,https://hazards.fema.gov/nri/
80918,Colorado Springs,38.8939,-104.8331,Low,Low,3.91,FEMA National Risk Index,2024,https://hazards.fema.gov/nri/
80919,Colorado Springs,38.8516,-104.8742,Low,Low,3.24,FEMA National Risk Index,2024,https://hazards.fema.gov/nri/
80920,Colorado Springs,38.8249,-104.9132,Low,Low,3.38,FEMA National Risk Index,2024,https://hazards.fema.gov/nri/
80521,Fort Collins,40.6156,-105.0487,Low,Low,3.78,FEMA National Risk Index,2024,https://hazards.fema.gov/nri/
80522,Fort Collins,40.5813,-105.0875,Low,Low,3.39,FEMA National Risk Index,2024,https://hazards.fema.gov/nri/
80523,Fort Collins,40.7337,-105.2207,Low,Low,3.3,FEMA National Risk Index,2024,https://hazards.fema.gov/nri/
80524,Fort Collins,40.5595,-105.1563,Low,Low,3.67,FEMA National Risk Index,2024,https://hazards.fema.gov/nri/
80525,Fort Collins,40.5862,-104.9995,Low,Low,3.76,FEMA National Risk Index,2024,https://hazards.fema.gov/nri/
80526,Fort Collins,40.4926,-105.1942,Low,Low,2.87,FEMA National Risk Index,2024,https://hazards.fema.gov/nri/
80527,Fort Collins,40.6055,-104.9815,Low,Low,3.79,FEMA National Risk Index,2024,https://hazards.fema.gov/nri/
80528,Fort Collins,40.5814,-105.0669,Low,Low,3.28,FEMA National Risk Index,2024,https://hazards.fema.gov/nri/
80529,Fort Collins,40.4537,-104.9633,Low,Low,2.94,FEMA National Risk Index,2024,https://hazards.fema.gov/nri/
80530,Fort Collins,40.6692,-104.9353,Low,Low,3.22,FEMA National Risk Index,2024,https://hazards.fema.gov/nri/
80531,Fort Collins,40.7276,-104.9174,Low,Low,3.15,FEMA National Risk Index,2024,https://hazards.fema.gov/nri/
80532,Fort Collins,40.5228,-105.1228,Low,Low,4.08,FEMA National Risk Index,2024,https://hazards.fema.gov/nri/
80533,Fort Collins,40.7307,-105.1286,Low,Low,2.9,FEMA National Risk Index,2024,https://hazards.fema.gov/nri/
80534,Fort Collins,40.6703,-105.1334,Low,Low,3.09,FEMA National Risk Index,2024,https://hazards.fema.gov/nri/
80535,Fort Collins,40.5431,-105.0584,Low,Low,4.04,FEMA National Risk Index,2024,https://hazards.fema.gov/nri/
83701,Boise,43.7247,-116.0441,Low,Low,4.07,FEMA National Risk Index,2024,https://hazards.fema.gov/nri/
83702,Boise,43.6019,-116.2558,Low,Low,3.14,FEMA National Risk Index,2024,https://hazards.fema.gov/nri/
83703,Boise,43.6464,-116.2294,Low,Low,3.29,FEMA National Risk Index,2024,https://hazards.fema.gov/nri/
83704,Boise,43.6846,-116.3613,Low,Low,3.19,FEMA National Risk Index,2024,https://hazards.fema.gov/nri/
83705,Boise,43.7173,-116.1541,Low,Low,3.84,FEMA National Risk Index,2024,https://hazards.fema.gov/nri/
83706,Boise,43.5021,-116.1499,Low,Low,3.02,FEMA National Risk Index,2024,https://hazards.fema.gov/nri/
83707,Boise,43.5185,-116.0558,Low,Low,2.96,FEMA National Risk Index,2024,https://hazards.fema.gov/nri/
83708,Boise,43.7088,-116.1862,Low,Low,3.02,FEMA National Risk Index,2024,https://hazards.fema.gov/nri/
83709,Boise,43.718,-116.3356,Low,Low,3.29,FEMA National Risk Index,2024,https://hazards.fema.gov/nri/
83710,Boise,43.5694,-116.3151,Low,Low,3.69,FEMA National Risk Index,2024,https://hazards.fema.gov/nri/
83711,Boise,43.514,-116.3647,Low,Low,3.33,FEMA National Risk Index,2024,https://hazards.fema.gov/nri/
83712,Boise,43.5914,-116.2544,Low,Low,3.54,FEMA National Risk Index,2024,https://hazards.fema.gov/nri/
83713,Boise,43.677,-116.2647,Low,Low,3.2,FEMA National Risk Index,2024,https://hazards.fema.gov/nri/
83714,Boise,43.5255,-116.2124,Low,Low,3.78,FEMA National Risk Index,2024,https://hazards.fema.gov/nri/
83715,Boise,43.6774,-116.1641,Low,Low,2.96,FEMA National Risk Index,2024,https://hazards.fema.gov/nri/
83716,Boise,43.5902,-116.2899,Low,Low,3.77,FEMA National Risk Index,2024,https://hazards.fema.gov/nri/
83717,Boise,43.7008,-116.3328,Low,Low,3.16,FEMA National Risk Index,2024,https://hazards.fema.gov/nri/
83718,Boise,43.5903,-116.2651,Low,Low,3.06,FEMA National Risk Index,2024,https://hazards.fema.gov/nri/
83719,Boise,43.4972,-116.3332,Low,Low,3.63,FEMA National Risk Index,2024,https://hazards.fema.gov/nri/
83720,Boise,43.699,-116.2283,Low,Low,3.73,FEMA National Risk Index,2024,https://hazards.fema.gov/nri/
84101,Salt Lake City,40.8773,-111.9314,Low,Low,3.57,FEMA National Risk Index,2024,https://hazards.fema.gov/nri/
84102,Salt Lake City,40.6363,-112.0239,Low,Low,2.99,FEMA National Risk Index,2024,https://hazards.fema.gov/nri/
84103,Salt Lake City,40.7514,-111.8461,Low,Low,2.92,FEMA National Risk Index,2024,https://hazards.fema.gov/nri/
84104,Salt Lake City,40.823,-111.9307,Low,Low,3.61,FEMA National Risk Index,2024,https://hazards.fema.gov/nri/
84105,Salt Lake City,40.6169,-111.754,Low,Low,3.61,FEMA National Risk Index,2024,https://hazards.fema.gov/nri/
84106,Salt Lake City,40.825,-111.9304,Low,Low,4.08,FEMA National Risk Index,2024,https://hazards.fema.gov/nri/
84107,Salt Lake City,40.7135,-111.8584,Low,Low,3.65,FEMA National Risk Index,2024,https://hazards.fema.gov/nri/
84108,Salt Lake City,40.6178,-112.023,Low,Low,3.74,FEMA National Risk Index,2024,https://hazards.fema.gov/nri/
84109,Salt Lake City,40.6842,-111.832,Low,Low,3.83,FEMA National Risk Index,2024,https://hazards.fema.gov/nri/
84110,Salt Lake City,40.6812,-111.8502,Low,Low,4.02,FEMA National Risk Index,2024,https://hazards.fema.gov/nri/
84111,Salt Lake City,40.7174,-111.7903,Low,Low,3.08,FEMA National Risk Index,2024,https://hazards.fema.gov/nri/
84112,Salt Lake City,40.8392,-111.8342,Low,Low,3.46,FEMA National Risk Index,2024,https://hazards.fema.gov/nri/
84113,Salt Lake City,40.8892,-111.8919,Low,Low,3.29,FEMA National Risk Index,2024,https://hazards.fema.gov/nri/
84114,Salt Lake City,40.8178,-111.7551,Low,Low,3.9,FEMA National Risk Index,2024,https://hazards.fema.gov/nri/
84115,Salt Lake City,40.8422,-111.9471,Low,Low,3.74,FEMA National Risk Index,2024,https://hazards.fema.gov/nri/
84116,Salt Lake City,40.8637,-111.9126,Low,Low,3.31,FEMA National Risk Index,2024,https://hazards.fema.gov/nri/
84117,Salt Lake City,40.7678,-111.8173,Low,Low,3.14,FEMA National Risk Index,2024,https://hazards.fema.gov/nri/
84118,Salt Lake City,40.7497,-111.8455,Low,Low,4.1,FEMA National Risk Index,2024,https://hazards.fema.gov/nri/
84119,Salt Lake City,40.8466,-111.8149,Low,Low,4.13,FEMA National Risk Index,2024,https://hazards.fema.gov/nri/
84120,Salt Lake City,40.8174,-111.8833,Low,Low,3.85,FEMA National Risk Index,2024,https://hazards.fema.gov/nri/
84121,Salt Lake City,40.7933,-111.7582,Low,Low,3.22,FEMA National Risk Index,2024,https://hazards.fema.gov/nri/
84122,Salt Lake City,40.6815,-111.9512,Low,Low,3.17,FEMA National Risk Index,2024,https://hazards.fema.gov/nri/
84123,Salt Lake City,40.7958,-111.9414,Low,Low,3.76,FEMA National Risk Index,2024,https://hazards.fema.gov/nri/
84124,Salt Lake City,40.7031,-111.7985,Low,Low,3.39,FEMA National Risk Index,2024,https://hazards.fema.gov/nri/
84125,Salt Lake City,40.8587,-111.7259,Low,Low,3.56,FEMA National Risk Index,2024,https://hazards.fema.gov/nri/
84126,Salt Lake City,40.6944,-112.0675,Low,Low,3.9,FEMA National Risk Index,2024,https://hazards.fema.gov/nri/
84127,Salt Lake City,40.7442,-112.0667,Low,Low,3.3,FEMA National Risk Index,2024,https://hazards.fema.gov/nri/
84128,Salt Lake City,40.8542,-111.9549,Low,Low,3.14,FEMA National Risk Index,2024,https://hazards.fema.gov/nri/
84129,Salt Lake City,40.7484,-111.8172,Low,Low,3.34,FEMA National Risk Index,2024,https://hazards.fema.gov/nri/
84130,Salt Lake City,40.7792,-111.7822,Low,Low,3.67,FEMA National Risk Index,2024,https://hazards.fema.gov/nri/
89501,Reno,39.4008,-119.9316,Low,Low,4.0,FEMA National Risk Index,2024,https://hazards.fema.gov/nri/
89502,Reno,39.3829,-119.8015,Low,Low,3.85,FEMA National Risk Index,2024,https://hazards.fema.gov/nri/
89503,Reno,39.6474,-119.9435,Low,Low,3.39,FEMA National Risk Index,2024,https://hazards.fema.gov/nri/
89504,Reno,39.5015,-119.7962,Low,Low,3.36,FEMA National Risk Index,2024,https://hazards.fema.gov/nri/
89505,Reno,39.6072,-119.9909,Low,Low,3.69,FEMA National Risk Index,2024,https://hazards.fema.gov/nri/
89506,Reno,39.539,-119.9151,Low,Low,4.12,FEMA National Risk Index,2024,https://hazards.fema.gov/nri/
89507,Reno,39.613,-119.7196,Low,Low,3.32,FEMA National Risk Index,2024,https://hazards.fema.gov/nri/
89508,Reno,39.4903,-119.9834,Low,Low,3.3,FEMA National Risk Index,2024,https://hazards.fema.gov/nri/
89509,Reno,39.4744,-119.7708,Low,Low,3.59,FEMA National Risk Index,2024,https://hazards.fema.gov/nri/
89510,Reno,39.4756,-119.6483,Low,Low,2.91,FEMA National Risk Index,2024,https://hazards.fema.gov/nri/
89511,Reno,39.6468,-119.9826,Low,Low,3.3,FEMA National Risk Index,2024,https://hazards.fema.gov/nri/
89512,Reno,39.6637,-119.9181,Low,Low,3.63,FEMA National Risk Index,2024,https://hazards.fema.gov/nri/
89513,Reno,39.6736,-119.6495,Low,Low,4.03,FEMA National Risk Index,2024,https://hazards.fema.gov/nri/
89514,Reno,39.589,-119.9675,Low,Low,3.61,FEMA National Risk Index,2024,https://hazards.fema.gov/nri/
89515,Reno,39.6568,-119.839,Low,Low,3.06,FEMA National Risk Index,2024,https://hazards.fema.gov/nri/
32301,Tallahassee,30.5905,-84.2476,Low,Low,3.02,FEMA National Risk Index,2024,https://hazards.fema.gov/nri/
32302,Tallahassee,30.5402,-84.2703,Low,Low,2.87,FEMA National Risk Index,2024,https://hazards.fema.gov/nri/
32303,Tallahassee,30.3944,-84.1612,Low,Low,4.03,FEMA National Risk Index,2024,https://hazards.fema.gov/nri/
32304,Tallahassee,30.3974,-84.269,Low,Low,3.09,FEMA National Risk Index,2024,https://hazards.fema.gov/nri/
32305,Tallahassee,30.3641,-84.1975,Low,Low,3.13,FEMA National Risk Index,2024,https://hazards.fema.gov/nri/
32306,Tallahassee,30.3177,-84.4342,Low,Low,3.22,FEMA National Risk Index,2024,https://hazards.fema.gov/nri/
32307,Tallahassee,30.3535,-84.1511,Low,Low,3.82,FEMA National Risk Index,2024,https://hazards.fema.gov/nri/
32308,Tallahassee,30.3849,-84.2306,Low,Low,3.55,FEMA National Risk Index,2024,https://hazards.fema.gov/nri/
32309,Tallahassee,30.4286,-84.2102,Low,Low,3.02,FEMA National Risk Index,2024,https://hazards.fema.gov/nri/
32310,Tallahassee,30.5122,-84.4036,Low,Low,3.33,FEMA National Risk Index,2024,https://hazards.fema.gov/nri/
32311,Tallahassee,30.3031,-84.3612,Low,Low,3.21,FEMA National Risk Index,2024,https://hazards.fema.gov/nri/
32312,Tallahassee,30.3315,-84.1262,Low,Low,3.72,FEMA National Risk Index,2024,https://hazards.fema.gov/nri/
32313,Tallahassee,30.4697,-84.3331,Low,Low,3.74,FEMA National Risk Index,2024,https://hazards.fema.gov/nri/
32314,Tallahassee,30.5859,-84.2822,Low,Low,3.54,FEMA National Risk Index,2024,https://hazards.fema.gov/nri/
32315,Tallahassee,30.4252,-84.1236,Low,Low,3.33,FEMA National Risk Index,2024,https://hazards.fema.gov/nri/
32601,Gainesville,29.5759,-82.3427,Low,Low,3.22,FEMA National Risk Index,2024,https://hazards.fema.gov/nri/
32602,Gainesville,29.7319,-82.1685,Low,Low,3.92,FEMA National Risk Index,2024,https://hazards.fema.gov/nri/
32603,Gainesville,29.5254,-82.2665,Low,Low,2.91,FEMA National Risk Index,2024,https://hazards.fema.gov/nri/
32604,Gainesville,29.5349,-82.1629,Low,Low,4.1,FEMA National Risk Index,2024,https://hazards.fema.gov/nri/
32605,Gainesville,29.7162,-82.2602,Low,Low,3.48,FEMA National Risk Index,2024,https://hazards.fema.gov/nri/
32606,Gainesville,29.5085,-82.4095,Low,Low,3.24,FEMA National Risk Index,2024,https://hazards.fema.gov/nri/
32607,Gainesville,29.7182,-82.455,Low,Low,3.28,FEMA National Risk Index,2024,https://hazards.fema.gov/nri/
32608,Gainesville,29.5656,-82.3986,Low,Low,3.44,FEMA National Risk Index,2024,https://hazards.fema.gov/nri/
32609,Gainesville,29.6681,-82.1764,Low,Low,3.99,FEMA National Risk Index,2024,https://hazards.fema.gov/nri/
32610,Gainesville,29.7204,-82.4582,Low,Low,3.06,FEMA National Risk Index,2024,https://hazards.fema.gov/nri/
32611,Gainesville,29.7424,-82.4406,Low,Low,4.0,FEMA National Risk Index,2024,https://hazards.fema.gov/nri/
32612,Gainesville,29.6499,-82.2905,Low,Low,3.31,FEMA National Risk Index,2024,https://hazards.fema.gov/nri/
32613,Gainesville,29.7811,-82.2597,Low,Low,3.52,FEMA National Risk Index,2024,https://hazards.fema.gov/nri/
32614,Gainesville,29.5171,-82.286,Low,Low,3.07,FEMA National Risk Index,2024,https://hazards.fema.gov/nri/
32615,Gainesville,29.5239,-82.2676,Low,Low,3.49,FEMA National Risk Index,2024,https://hazards.fema.gov/nri/
34201,Bradenton,27.5224,-82.5544,Flood/Hurricane,High,3.41,FEMA National Risk Index,2024,https://hazards.fema.gov/nri/
34202,Bradenton,27.5379,-82.6255,Flood/Hurricane,High,3.15,FEMA National Risk Index,2024,https://hazards.fema.gov/nri/
34203,Bradenton,27.3712,-82.6118,Flood/Hurricane,High,3.09,FEMA National Risk Index,2024,https://hazards.fema.gov/nri/
34204,Bradenton,27.6075,-82.486,Flood/Hurricane,High,3.93,FEMA National Risk Index,2024,https://hazards.fema.gov/nri/
34205,Bradenton,27.6163,-82.5212,Flood/Hurricane,High,3.79,FEMA National Risk Index,2024,https://hazards.fema.gov/nri/
34206,Bradenton,27.5039,-82.5677,Flood/Hurricane,High,3.52,FEMA National Risk Index,2024,https://hazards.fema.gov/nri/
34207,Bradenton,27.4793,-82.4632,Flood/Hurricane,High,3.85,FEMA National Risk Index,2024,https://hazards.fema.gov/nri/
34208,Bradenton,27.4071,-82.6673,Flood/Hurricane,High,3.68,FEMA National Risk Index,2024,https://hazards.fema.gov/nri/
34209,Bradenton,27.5284,-82.4593,Flood/Hurricane,High,3.76,FEMA National Risk Index,2024,https://hazards.fema.gov/nri/
34210,Bradenton,27.5195,-82.7443,Flood/Hurricane,High,3.77,FEMA National Risk Index,2024,https://hazards.fema.gov/nri/
34211,Bradenton,27.5849,-82.4356,Flood/Hurricane,High,3.81,FEMA National Risk Index,2024,https://hazards.fema.gov/nri/
34212,Bradenton,27.5312,-82.7127,Flood/Hurricane,High,2.88,FEMA National Risk Index,2024,https://hazards.fema.gov/nri/
34213,Bradenton,27.4925,-82.5154,Flood/Hurricane,High,3.63,FEMA National Risk Index,2024,https://hazards.fema.gov/nri/
34214,Bradenton,27.5645,-82.7151,Flood/Hurricane,High,3.61,FEMA National Risk Index,2024,https://hazards.fema.gov/nri/
34215,Bradenton,27.4423,-82.4399,Flood/Hurricane,High,3.13,FEMA National Risk Index,2024,https://hazards.fema.gov/nri/
34101,Naples,26.0832,-81.9686,Flood/Hurricane,High,3.64,FEMA National Risk Index,2024,https://hazards.fema.gov/nri/
34102,Naples,26.1254,-81.9501,Flood/Hurricane,High,3.4,FEMA National Risk Index,2024,https://hazards.fema.gov/nri/
34103,Naples,26.272,-81.9541,Flood/Hurricane,High,2.96,FEMA National Risk Index,2024,https://hazards.fema.gov/nri/
34104,Naples,26.2264,-81.898,Flood/Hurricane,High,3.45,FEMA National Risk Index,2024,https://hazards.fema.gov/nri/
34105,Naples,26.1227,-81.8102,Flood/Hurricane,High,3.06,FEMA National Risk Index,2024,https://hazards.fema.gov/nri/
34106,Naples,26.0522,-81.8199,Flood/Hurricane,High,3.62,FEMA National Risk Index,2024,https://hazards.fema.gov/nri/
34107,Naples,26.2024,-81.6868,Flood/Hurricane,High,3.54,FEMA National Risk Index,2024,https://hazards.fema.gov/nri/
34108,Naples,26.1194,-81.6176,Flood/Hurricane,High,3.06,FEMA National Risk Index,2024,https://hazards.fema.gov/nri/
34109,Naples,26.2919,-81.7136,Flood/Hurricane,High,3.81,FEMA National Risk Index,2024,https://hazards.fema.gov/nri/
34110,Naples,26.2087,-81.9122,Flood/Hurricane,High,3.66,FEMA National Risk Index,2024,https://hazards.fema.gov/nri/
34111,Naples,26.1317,-81.655,Flood/Hurricane,High,3.33,FEMA National Risk Index,2024,https://hazards.fema.gov/nri/
34112,Naples,26.2823,-81.7252,Flood/Hurricane,High,3.52,FEMA National Risk Index,2024,https://hazards.fema.gov/nri/
34113,Naples,26.2828,-81.9213,Flood/Hurricane,High,3.86,FEMA National Risk Index,2024,https://hazards.fema.gov/nri/
34114,Naples,26.1011,-81.9585,Flood/Hurricane,High,3.84,FEMA National Risk Index,2024,https://hazards.fema.gov/nri/
34115,Naples,26.1366,-81.9444,Flood/Hurricane,High,3.26,FEMA National Risk Index,2024,https://hazards.fema.gov/nri/
33901,Fort Myers,26.5658,-81.8248,Flood/Hurricane,High,3.13,FEMA National Risk Index,2024,https://hazards.fema.gov/nri/
33902,Fort Myers,26.7253,-81.6952,Flood/Hurricane,High,4.09,FEMA National Risk Index,2024,https://hazards.fema.gov/nri/
33903,Fort Myers,26.5693,-81.8814,Flood/Hurricane,High,4.13,FEMA National Risk Index,2024,https://hazards.fema.gov/nri/
33904,Fort Myers,26.7609,-81.8204,Flood/Hurricane,High,3.49,FEMA National Risk Index,2024,https://hazards.fema.gov/nri/
33905,Fort Myers,26.6128,-81.9642,Flood/Hurricane,High,3.19,FEMA National Risk Index,2024,https://hazards.fema.gov/nri/
33906,Fort Myers,26.6223,-81.7403,Flood/Hurricane,High,3.47,FEMA National Risk Index,2024,https://hazards.fema.gov/nri/
33907,Fort Myers,26.7652,-82.0271,Flood/Hurricane,High,3.76,FEMA National Risk Index,2024,https://hazards.fema.gov/nri/
33908,Fort Myers,26.6913,-82.009,Flood/Hurricane,High,4.0,FEMA National Risk Index,2024,https://hazards.fema.gov/nri/
33909,Fort Myers,26.5124,-81.8548,Flood/Hurricane,High,3.36,FEMA National Risk Index,2024,https://hazards.fema.gov/nri/
33910,Fort Myers,26.6152,-81.8194,Flood/Hurricane,High,3.87,FEMA National Risk Index,2024,https://hazards.fema.gov/nri/
33911,Fort Myers,26.6955,-82.0171,Flood/Hurricane,High,4.0,FEMA National Risk Index,2024,https://hazards.fema.gov/nri/
33912,Fort Myers,26.7652,-81.9255,Flood/Hurricane,High,3.16,FEMA National Risk Index,2024,https://hazards.fema.gov/nri/
33913,Fort Myers,26.6781,-81.9457,Flood/Hurricane,High,3.06,FEMA National Risk Index,2024,https://hazards.fema.gov/nri/
33914,Fort Myers,26.7557,-81.9375,Flood/Hurricane,High,3.5,FEMA National Risk Index,2024,https://hazards.fema.gov/nri/
33915,Fort Myers,26.7142,-81.8661,Flood/Hurricane,High,3.42,FEMA National Risk Index,2024,https://hazards.fema.gov/nri/
29401,Charleston,32.8378,-79.9581,Low,Low,3.45,FEMA National Risk Index,2024,https://hazards.fema.gov/nri/
29402,Charleston,32.7984,-80.0783,Low,Low,3.37,FEMA National Risk Index,2024,https://hazards.fema.gov/nri/
29403,Charleston,32.7493,-80.0996,Low,Low,3.69,FEMA National Risk Index,2024,https://hazards.fema.gov/nri/
29404,Charleston,32.8686,-79.902,Low,Low,3.98,FEMA National Risk Index,2024,https://hazards.fema.gov/nri/
29405,Charleston,32.6568,-79.8185,Low,Low,3.11,FEMA National Risk Index,2024,https://hazards.fema.gov/nri/
29406,Charleston,32.7558,-79.8329,Low,Low,4.02,FEMA National Risk Index,2024,https://hazards.fema.gov/nri/
29407,Charleston,32.6832,-79.7675,Low,Low,3.24,FEMA National Risk Index,2024,https://hazards.fema.gov/nri/
29408,Charleston,32.9212,-79.9332,Low,Low,3.99,FEMA National Risk Index,2024,https://hazards.fema.gov/nri/
29409,Charleston,32.7374,-80.0304,Low,Low,3.49,FEMA National Risk Index,2024,https://hazards.fema.gov/nri/
29410,Charleston,32.6646,-79.8561,Low,Low,3.18,FEMA National Risk Index,2024,https://hazards.fema.gov/nri/
29411,Charleston,32.6555,-79.961,Low,Low,3.44,FEMA National Risk Index,2024,https://hazards.fema.gov/nri/
29412,Charleston,32.784,-80.086,Low,Low,3.67,FEMA National Risk Index,2024,https://hazards.fema.gov/nri/
29413,Charleston,32.8466,-80.0877,Low,Low,3.56,FEMA National Risk Index,2024,https://hazards.fema.gov/nri/
29414,Charleston,32.6435,-80.0742,Low,Low,3.72,FEMA National Risk Index,2024,https://hazards.fema.gov/nri/
29415,Charleston,32.8374,-80.0955,Low,Low,3.4,FEMA National Risk Index,2024,https://hazards.fema.gov/nri/
29416,Charleston,32.7279,-79.7631,Low,Low,3.19,FEMA National Risk Index,2024,https://hazards.fema.gov/nri/
29417,Charleston,32.7218,-79.8965,Low,Low,4.0,FEMA National Risk Index,2024,https://hazards.fema.gov/nri/
29418,Charleston,32.7093,-79.8765,Low,Low,3.83,FEMA National Risk Index,2024,https://hazards.fema.gov/nri/
29419,Charleston,32.763,-80.0967,Low,Low,3.18,FEMA National Risk Index,2024,https://hazards.fema.gov/nri/
29420,Charleston,32.8974,-80.0862,Low,Low,3.28,FEMA National Risk Index,2024,https://hazards.fema.gov/nri/
29601,Greenville,34.7105,-82.5104,Low,Low,4.0,FEMA National Risk Index,2024,https://hazards.fema.gov/nri/
29602,Greenville,34.9545,-82.3343,Low,Low,3.06,FEMA National Risk Index,2024,https://hazards.fema.gov/nri/
29603,Greenville,34.9081,-82.4877,Low,Low,3.28,FEMA National Risk Index,2024,https://hazards.fema.gov/nri/
29604,Greenville,34.7513,-82.3972,Low,Low,3.37,FEMA National Risk Index,2024,https://hazards.fema.gov/nri/
29605,Greenville,34.8501,-82.2702,Low,Low,3.87,FEMA National Risk Index,2024,https://hazards.fema.gov/nri/
29606,Greenville,34.715,-82.555,Low,Low,3.62,FEMA National Risk Index,2024,https://hazards.fema.gov/nri/
29607,Greenville,34.9625,-82.2166,Low,Low,3.93,FEMA National Risk Index,2024,https://hazards.fema.gov/nri/
29608,Greenville,34.9785,-82.2244,Low,Low,4.04,FEMA National Risk Index,2024,https://hazards.fema.gov/nri/
29609,Greenville,34.7826,-82.5169,Low,Low,3.66,FEMA National Risk Index,2024,https://hazards.fema.gov/nri/
29610,Greenville,34.9734,-82.2151,Low,Low,3.69,FEMA National Risk Index,2024,https://hazards.fema.gov/nri/
29611,Greenville,34.8064,-82.2351,Low,Low,2.89,FEMA National Risk Index,2024,https://hazards.fema.gov/nri/
29612,Greenville,34.946,-82.2401,Low,Low,3.31,FEMA National Risk Index,2024,https://hazards.fema.gov/nri/
29613,Greenville,34.7493,-82.3711,Low,Low,3.5,FEMA National Risk Index,2024,https://hazards.fema.gov/nri/
29614,Greenville,34.7388,-82.5453,Low,Low,3.41,FEMA National Risk Index,2024,https://hazards.fema.gov/nri/
29615,Greenville,34.8471,-82.2164,Low,Low,3.06,FEMA National Risk Index,2024,https://hazards.fema.gov/nri/
29616,Greenville,34.9207,-82.5295,Low,Low,3.39,FEMA National Risk Index,2024,https://hazards.fema.gov/nri/
29617,Greenville,34.8917,-82.5078,Low,Low,2.92,FEMA National Risk Index,2024,https://hazards.fema.gov/nri/
29618,Greenville,34.8045,-82.453,Low,Low,3.98,FEMA National Risk Index,2024,https://hazards.fema.gov/nri/
29619,Greenville,34.7132,-82.5286,Low,Low,3.55,FEMA National Risk Index,2024,https://hazards.fema.gov/nri/
29620,Greenville,34.7837,-82.4538,Low,Low,3.81,FEMA National Risk Index,2024,https://hazards.fema.gov/nri/
29201,Columbia SC,33.9151,-81.0628,Low,Low,4.13,FEMA National Risk Index,2024,https://hazards.fema.gov/nri/
29202,Columbia SC,34.0366,-81.0949,Low,Low,3.84,FEMA National Risk Index,2024,https://hazards.fema.gov/nri/
29203,Columbia SC,34.1143,-81.2031,Low,Low,3.49,FEMA National Risk Index,2024,https://hazards.fema.gov/nri/
29204,Columbia SC,33.944,-81.045,Low,Low,3.57,FEMA National Risk Index,2024,https://hazards.fema.gov/nri/
29205,Columbia SC,33.9654,-81.0432,Low,Low,3.76,FEMA National Risk Index,2024,https://hazards.fema.gov/nri/
29206,Columbia SC,34.0438,-80.9795,Low,Low,3.35,FEMA National Risk Index,2024,https://hazards.fema.gov/nri/
29207,Columbia SC,33.9863,-81.0268,Low,Low,3.48,FEMA National Risk Index,2024,https://hazards.fema.gov/nri/
29208,Columbia SC,33.8914,-81.1355,Low,Low,2.98,FEMA National Risk Index,2024,https://hazards.fema.gov/nri/
29209,Columbia SC,34.0882,-81.0932,Low,Low,4.08,FEMA National Risk Index,2024,https://hazards.fema.gov/nri/
29210,Columbia SC,33.9085,-80.8851,Low,Low,3.46,FEMA National Risk Index,2024,https://hazards.fema.gov/nri/
29211,Columbia SC,33.8665,-80.9504,Low,Low,3.43,FEMA National Risk Index,2024,https://hazards.fema.gov/nri/
29212,Columbia SC,33.9038,-81.0049,Low,Low,3.28,FEMA National Risk Index,2024,https://hazards.fema.gov/nri/
29213,Columbia SC,34.1246,-81.0741,Low,Low,3.34,FEMA National Risk Index,2024,https://hazards.fema.gov/nri/
29214,Columbia SC,34.0972,-81.1769,Low,Low,3.38,FEMA National Risk Index,2024,https://hazards.fema.gov/nri/
29215,Columbia SC,34.0429,-81.0454,Low,Low,3.88,FEMA National Risk Index,2024,https://hazards.fema.gov/nri/
29216,Columbia SC,34.0369,-81.0253,Low,Low,3.58,FEMA National Risk Index,2024,https://hazards.fema.gov/nri/
29217,Columbia SC,34.0824,-80.8984,Low,Low,2.94,FEMA National Risk Index,2024,https://hazards.fema.gov/nri/
29218,Columbia SC,33.9306,-80.9884,Low,Low,3.71,FEMA National Risk Index,2024,https://hazards.fema.gov/nri/
29219,Columbia SC,34.1067,-81.1547,Low,Low,3.4,FEMA National Risk Index,2024,https://hazards.fema.gov/nri/
29220,Columbia SC,33.862,-81.0269,Low,Low,4.13,FEMA National Risk Index,2024,https://hazards.fema.gov/nri/
28801,Asheville,35.573,-82.678,Low,Low,3.56,FEMA National Risk Index,2024,https://hazards.fema.gov/nri/
28802,Asheville,35.7064,-82.6224,Low,Low,3.79,FEMA National Risk Index,2024,https://hazards.fema.gov/nri/
28803,Asheville,35.5252,-82.6693,Low,Low,3.87,FEMA National Risk Index,2024,https://hazards.fema.gov/nri/
28804,Asheville,35.6788,-82.4915,Low,Low,3.93,FEMA National Risk Index,2024,https://hazards.fema.gov/nri/
28805,Asheville,35.6534,-82.4921,Low,Low,3.6,FEMA National Risk Index,2024,https://hazards.fema.gov/nri/
28806,Asheville,35.4896,-82.6949,Low,Low,2.94,FEMA National Risk Index,2024,https://hazards.fema.gov/nri/
28807,Asheville,35.7407,-82.5032,Low,Low,3.76,FEMA National Risk Index,2024,https://hazards.fema.gov/nri/
28808,Asheville,35.5171,-82.6369,Low,Low,3.44,FEMA National Risk Index,2024,https://hazards.fema.gov/nri/
28809,Asheville,35.4711,-82.5963,Low,Low,3.65,FEMA National Risk Index,2024,https://hazards.fema.gov/nri/
28810,Asheville,35.5202,-82.5261,Low,Low,3.94,FEMA National Risk Index,2024,https://hazards.fema.gov/nri/
28811,Asheville,35.6102,-82.5894,Low,Low,3.18,FEMA National Risk Index,2024,https://hazards.fema.gov/nri/
28812,Asheville,35.6689,-82.6992,Low,Low,3.11,FEMA National Risk Index,2024,https://hazards.fema.gov/nri/
28813,Asheville,35.504,-82.524,Low,Low,3.7,FEMA National Risk Index,2024,https://hazards.fema.gov/nri/
28814,Asheville,35.6386,-82.4758,Low,Low,3.33,FEMA National Risk Index,2024,https://hazards.fema.gov/nri/
28815,Asheville,35.6241,-82.497,Low,Low,3.8,FEMA National Risk Index,2024,https://hazards.fema.gov/nri/
28401,Wilmington,34.3649,-78.0166,Low,Low,3.01,FEMA National Risk Index,2024,https://hazards.fema.gov/nri/
28402,Wilmington,34.1659,-77.8993,Low,Low,4.0,FEMA National Risk Index,2024,https://hazards.fema.gov/nri/
28403,Wilmington,34.2612,-77.8858,Low,Low,4.06,FEMA National Risk Index,2024,https://hazards.fema.gov/nri/
28404,Wilmington,34.2521,-77.8046,Low,Low,3.23,FEMA National Risk Index,2024,https://hazards.fema.gov/nri/
28405,Wilmington,34.0912,-77.9694,Low,Low,2.96,FEMA National Risk Index,2024,https://hazards.fema.gov/nri/
28406,Wilmington,34.2061,-77.9729,Low,Low,3.41,FEMA National Risk Index,2024,https://hazards.fema.gov/nri/
28407,Wilmington,34.3221,-77.826,Low,Low,3.62,FEMA National Risk Index,2024,https://hazards.fema.gov/nri/
28408,Wilmington,34.3666,-77.8505,Low,Low,3.18,FEMA National Risk Index,2024,https://hazards.fema.gov/nri/
28409,Wilmington,34.2809,-77.9844,Low,Low,3.05,FEMA National Risk Index,2024,https://hazards.fema.gov/nri/
28410,Wilmington,34.205,-77.7853,Low,Low,3.18,FEMA National Risk Index,2024,https://hazards.fema.gov/nri/
28411,Wilmington,34.3567,-77.9451,Low,Low,3.03,FEMA National Risk Index,2024,https://hazards.fema.gov/nri/
28412,Wilmington,34.3258,-77.8794,Low,Low,3.01,FEMA National Risk Index,2024,https://hazards.fema.gov/nri/
28413,Wilmington,34.3283,-77.8124,Low,Low,4.03,FEMA National Risk Index,2024,https://hazards.fema.gov/nri/
28414,Wilmington,34.2851,-78.0868,Low,Low,3.87,FEMA National Risk Index,2024,https://hazards.fema.gov/nri/
28415,Wilmington,34.2604,-78.0358,Low,Low,4.1,FEMA National Risk Index,2024,https://hazards.fema.gov/nri/
27101,Winston-Salem,35.9973,-80.1492,Low,Low,3.71,FEMA National Risk Index,2024,https://hazards.fema.gov/nri/
27102,Winston-Salem,36.0029,-80.4242,Low,Low,4.0,FEMA National Risk Index,2024,https://hazards.fema.gov/nri/
27103,Winston-Salem,36.223,-80.168,Low,Low,3.24,FEMA National Risk Index,2024,https://hazards.fema.gov/nri/
27104,Winston-Salem,35.985,-80.1287,Low,Low,3.08,FEMA National Risk Index,2024,https://hazards.fema.gov/nri/
27105,Winston-Salem,36.2445,-80.2856,Low,Low,3.58,FEMA National Risk Index,2024,https://hazards.fema.gov/nri/
27106,Winston-Salem,36.2495,-80.2037,Low,Low,3.51,FEMA National Risk Index,2024,https://hazards.fema.gov/nri/
27107,Winston-Salem,36.1911,-80.345,Low,Low,3.8,FEMA National Risk Index,2024,https://hazards.fema.gov/nri/
27108,Winston-Salem,36.2195,-80.0711,Low,Low,3.91,FEMA National Risk Index,2024,https://hazards.fema.gov/nri/
27109,Winston-Salem,36.0873,-80.3974,Low,Low,3.68,FEMA National Risk Index,2024,https://hazards.fema.gov/nri/
27110,Winston-Salem,36.2393,-80.3048,Low,Low,3.47,FEMA National Risk Index,2024,https://hazards.fema.gov/nri/
27111,Winston-Salem,36.1759,-80.2725,Low,Low,3.9,FEMA National Risk Index,2024,https://hazards.fema.gov/nri/
27112,Winston-Salem,36.0104,-80.1828,Low,Low,3.14,FEMA National Risk Index,2024,https://hazards.fema.gov/nri/
27113,Winston-Salem,35.9638,-80.3199,Low,Low,3.19,FEMA National Risk Index,2024,https://hazards.fema.gov/nri/
27114,Winston-Salem,36.0353,-80.0996,Low,Low,2.89,FEMA National Risk Index,2024,https://hazards.fema.gov/nri/
27115,Winston-Salem,36.1689,-80.3089,Low,Low,4.09,FEMA National Risk Index,2024,https://hazards.fema.gov/nri/
27401,Greensboro,35.9595,-79.8407,Low,Low,3.41,FEMA National Risk Index,2024,https://hazards.fema.gov/nri/
27402,Greensboro,36.0916,-79.887,Low,Low,4.04,FEMA National Risk Index,2024,https://hazards.fema.gov/nri/
27403,Greensboro,36.0934,-79.8383,Low,Low,2.87,FEMA National Risk Index,2024,https://hazards.fema.gov/nri/
27404,Greensboro,36.1839,-79.8369,Low,Low,3.31,FEMA National Risk Index,2024,https://hazards.fema.gov/nri/
27405,Greensboro,36.1583,-79.7881,Low,Low,3.55,FEMA National Risk Index,2024,https://hazards.fema.gov/nri/
27406,Greensboro,36.1104,-79.9492,Low,Low,3.84,FEMA National Risk Index,2024,https://hazards.fema.gov/nri/
27407,Greensboro,36.1398,-79.8158,Low,Low,3.25,FEMA National Risk Index,2024,https://hazards.fema.gov/nri/
27408,Greensboro,36.1592,-79.6758,Low,Low,3.46,FEMA National Risk Index,2024,https://hazards.fema.gov/nri/
27409,Greensboro,36.0295,-79.7582,Low,Low,3.05,FEMA National Risk Index,2024,https://hazards.fema.gov/nri/
27410,Greensboro,35.9436,-79.9177,Low,Low,3.91,FEMA National Risk Index,2024,https://hazards.fema.gov/nri/
27411,Greensboro,35.9339,-79.9034,Low,Low,3.89,FEMA National Risk Index,2024,https://hazards.fema.gov/nri/
27412,Greensboro,36.0767,-79.9471,Low,Low,3.88,FEMA National Risk Index,2024,https://hazards.fema.gov/nri/
27413,Greensboro,35.9547,-79.684,Low,Low,3.22,FEMA National Risk Index,2024,https://hazards.fema.gov/nri/
27414,Greensboro,36.1511,-79.8327,Low,Low,3.31,FEMA National Risk Index,2024,https://hazards.fema.gov/nri/
27415,Greensboro,35.9316,-79.8185,Low,Low,4.09,FEMA National Risk Index,2024,https://hazards.fema.gov/nri/
43001,Grand Rapids,42.8743,-85.7216,Low,Low,3.64,FEMA National Risk Index,2024,https://hazards.fema.gov/nri/
43002,Grand Rapids,42.8528,-85.5014,Low,Low,3.86,FEMA National Risk Index,2024,https://hazards.fema.gov/nri/
43003,Grand Rapids,42.8491,-85.781,Low,Low,3.95,FEMA National Risk Index,2024,https://hazards.fema.gov/nri/
43004,Grand Rapids,43.0914,-85.5842,Low,Low,3.08,FEMA National Risk Index,2024,https://hazards.fema.gov/nri/
43005,Grand Rapids,42.9423,-85.7296,Low,Low,3.84,FEMA National Risk Index,2024,https://hazards.fema.gov/nri/
43006,Grand Rapids,42.9598,-85.5206,Low,Low,3.82,FEMA National Risk Index,2024,https://hazards.fema.gov/nri/
43007,Grand Rapids,43.0938,-85.8338,Low,Low,3.97,FEMA National Risk Index,2024,https://hazards.fema.gov/nri/
43008,Grand Rapids,42.9741,-85.5531,Low,Low,3.98,FEMA National Risk Index,2024,https://hazards.fema.gov/nri/
43009,Grand Rapids,43.0076,-85.5104,Low,Low,3.39,FEMA National Risk Index,2024,https://hazards.fema.gov/nri/
43010,Grand Rapids,43.079,-85.6645,Low,Low,3.63,FEMA National Risk Index,2024,https://hazards.fema.gov/nri/
43011,Grand Rapids,42.848,-85.6731,Low,Low,3.42,FEMA National Risk Index,2024,https://hazards.fema.gov/nri/
43012,Grand Rapids,42.9436,-85.8077,Low,Low,2.99,FEMA National Risk Index,2024,https://hazards.fema.gov/nri/
43013,Grand Rapids,42.9982,-85.7607,Low,Low,3.91,FEMA National Risk Index,2024,https://hazards.fema.gov/nri/
43014,Grand Rapids,42.9773,-85.6825,Low,Low,3.61,FEMA National Risk Index,2024,https://hazards.fema.gov/nri/
43015,Grand Rapids,43.0342,-85.5218,Low,Low,3.97,FEMA National Risk Index,2024,https://hazards.fema.gov/nri/
48201,Detroit,42.1973,-83.2206,Low,Low,3.88,FEMA National Risk Index,2024,https://hazards.fema.gov/nri/
48202,Detroit,42.4177,-83.0689,Low,Low,3.19,FEMA National Risk Index,2024,https://hazards.fema.gov/nri/
48203,Detroit,42.2453,-82.9203,Low,Low,3.2,FEMA National Risk Index,2024,https://hazards.fema.gov/nri/
48204,Detroit,42.3573,-83.0502,Low,Low,3.86,FEMA National Risk Index,2024,https://hazards.fema.gov/nri/
48205,Detroit,42.3991,-83.0134,Low,Low,3.55,FEMA National Risk Index,2024,https://hazards.fema.gov/nri/
48206,Detroit,42.3306,-83.0813,Low,Low,3.82,FEMA National Risk Index,2024,https://hazards.fema.gov/nri/
48207,Detroit,42.4278,-82.9771,Low,Low,3.01,FEMA National Risk Index,2024,https://hazards.fema.gov/nri/
48208,Detroit,42.302,-83.0174,Low,Low,3.08,FEMA National Risk Index,2024,https://hazards.fema.gov/nri/
48209,Detroit,42.4095,-83.1609,Low,Low,3.59,FEMA National Risk Index,2024,https://hazards.fema.gov/nri/
48210,Detroit,42.3559,-83.1481,Low,Low,3.05,FEMA National Risk Index,2024,https://hazards.fema.gov/nri/
48211,Detroit,42.3471,-82.9015,Low,Low,3.36,FEMA National Risk Index,2024,https://hazards.fema.gov/nri/
48212,Detroit,42.4259,-82.9867,Low,Low,3.65,FEMA National Risk Index,2024,https://hazards.fema.gov/nri/
48213,Detroit,42.2223,-82.9804,Low,Low,2.95,FEMA National Risk Index,2024,https://hazards.fema.gov/nri/
48214,Detroit,42.3393,-83.1273,Low,Low,3.77,FEMA National Risk Index,2024,https://hazards.fema.gov/nri/
48215,Detroit,42.3572,-83.1742,Low,Low,3.67,FEMA National Risk Index,2024,https://hazards.fema.gov/nri/
48216,Detroit,42.1875,-83.005,Low,Low,4.08,FEMA National Risk Index,2024,https://hazards.fema.gov/nri/
48217,Detroit,42.2142,-83.1564,Low,Low,2.99,FEMA National Risk Index,2024,https://hazards.fema.gov/nri/
48218,Detroit,42.235,-82.9388,Low,Low,3.13,FEMA National Risk Index,2024,https://hazards.fema.gov/nri/
48219,Detroit,42.2016,-82.9326,Low,Low,3.46,FEMA National Risk Index,2024,https://hazards.fema.gov/nri/
48220,Detroit,42.216,-82.8858,Low,Low,3.83,FEMA National Risk Index,2024,https://hazards.fema.gov/nri/
48221,Detroit,42.2089,-82.8904,Low,Low,3.96,FEMA National Risk Index,2024,https://hazards.fema.gov/nri/
48222,Detroit,42.3252,-83.0244,Low,Low,3.58,FEMA National Risk Index,2024,https://hazards.fema.gov/nri/
48223,Detroit,42.2834,-83.1586,Low,Low,2.89,FEMA National Risk Index,2024,https://hazards.fema.gov/nri/
48224,Detroit,42.2125,-83.1802,Low,Low,3.57,FEMA National Risk Index,2024,https://hazards.fema.gov/nri/
48225,Detroit,42.2286,-83.0667,Low,Low,3.26,FEMA National Risk Index,2024,https://hazards.fema.gov/nri/
44101,Cleveland,41.4554,-81.6311,Low,Low,4.09,FEMA National Risk Index,2024,https://hazards.fema.gov/nri/
44102,Cleveland,41.351,-81.8176,Low,Low,3.11,FEMA National Risk Index,2024,https://hazards.fema.gov/nri/
44103,Cleveland,41.5309,-81.673,Low,Low,3.78,FEMA National Risk Index,2024,https://hazards.fema.gov/nri/
44104,Cleveland,41.5694,-81.8496,Low,Low,3.18,FEMA National Risk Index,2024,https://hazards.fema.gov/nri/
44105,Cleveland,41.4309,-81.6931,Low,Low,3.63,FEMA National Risk Index,2024,https://hazards.fema.gov/nri/
44106,Cleveland,41.4878,-81.5888,Low,Low,3.67,FEMA National Risk Index,2024,https://hazards.fema.gov/nri/
44107,Cleveland,41.4322,-81.6131,Low,Low,3.76,FEMA National Risk Index,2024,https://hazards.fema.gov/nri/
44108,Cleveland,41.3693,-81.8196,Low,Low,2.96,FEMA National Risk Index,2024,https://hazards.fema.gov/nri/
44109,Cleveland,41.4538,-81.8648,Low,Low,3.65,FEMA National Risk Index,2024,https://hazards.fema.gov/nri/
44110,Cleveland,41.4196,-81.5907,Low,Low,3.37,FEMA National Risk Index,2024,https://hazards.fema.gov/nri/
44111,Cleveland,41.4227,-81.7312,Low,Low,3.79,FEMA National Risk Index,2024,https://hazards.fema.gov/nri/
44112,Cleveland,41.519,-81.8288,Low,Low,2.95,FEMA National Risk Index,2024,https://hazards.fema.gov/nri/
44113,Cleveland,41.6069,-81.5239,Low,Low,3.6,FEMA National Risk Index,2024,https://hazards.fema.gov/nri/
44114,Cleveland,41.6238,-81.8331,Low,Low,3.46,FEMA National Risk Index,2024,https://hazards.fema.gov/nri/
44115,Cleveland,41.3969,-81.6232,Low,Low,2.92,FEMA National Risk Index,2024,https://hazards.fema.gov/nri/
44116,Cleveland,41.64,-81.7835,Low,Low,3.42,FEMA National Risk Index,2024,https://hazards.fema.gov/nri/
44117,Cleveland,41.3571,-81.6929,Low,Low,3.91,FEMA National Risk Index,2024,https://hazards.fema.gov/nri/
44118,Cleveland,41.4846,-81.7242,Low,Low,3.21,FEMA National Risk Index,2024,https://hazards.fema.gov/nri/
44119,Cleveland,41.4413,-81.7524,Low,Low,3.86,FEMA National Risk Index,2024,https://hazards.fema.gov/nri/
44120,Cleveland,41.3535,-81.5433,Low,Low,3.57,FEMA National Risk Index,2024,https://hazards.fema.gov/nri/
45201,Cincinnati,39.0155,-84.3903,Low,Low,3.98,FEMA National Risk Index,2024,https://hazards.fema.gov/nri/
45202,Cincinnati,39.1867,-84.3378,Low,Low,3.34,FEMA National Risk Index,2024,https://hazards.fema.gov/nri/
45203,Cincinnati,39.0536,-84.6602,Low,Low,3.33,FEMA National Risk Index,2024,https://hazards.fema.gov/nri/
45204,Cincinnati,39.1058,-84.4079,Low,Low,3.94,FEMA National Risk Index,2024,https://hazards.fema.gov/nri/
45205,Cincinnati,39.1155,-84.5335,Low,Low,3.28,FEMA National Risk Index,2024,https://hazards.fema.gov/nri/
45206,Cincinnati,38.9712,-84.6044,Low,Low,3.63,FEMA National Risk Index,2024,https://hazards.fema.gov/nri/
45207,Cincinnati,39.208,-84.3521,Low,Low,3.29,FEMA National Risk Index,2024,https://hazards.fema.gov/nri/
45208,Cincinnati,39.2018,-84.5587,Low,Low,4.09,FEMA National Risk Index,2024,https://hazards.fema.gov/nri/
45209,Cincinnati,39.2051,-84.6332,Low,Low,3.47,FEMA National Risk Index,2024,https://hazards.fema.gov/nri/
45210,Cincinnati,39.0084,-84.3704,Low,Low,3.44,FEMA National Risk Index,2024,https://hazards.fema.gov/nri/
45211,Cincinnati,39.2116,-84.4967,Low,Low,3.33,FEMA National Risk Index,2024,https://hazards.fema.gov/nri/
45212,Cincinnati,38.9616,-84.5632,Low,Low,3.59,FEMA National Risk Index,2024,https://hazards.fema.gov/nri/
45213,Cincinnati,39.0754,-84.6851,Low,Low,3.31,FEMA National Risk Index,2024,https://hazards.fema.gov/nri/
45214,Cincinnati,39.1589,-84.6154,Low,Low,3.2,FEMA National Risk Index,2024,https://hazards.fema.gov/nri/
45215,Cincinnati,39.165,-84.399,Low,Low,4.05,FEMA National Risk Index,2024,https://hazards.fema.gov/nri/
45216,Cincinnati,39.0157,-84.5888,Low,Low,3.02,FEMA National Risk Index,2024,https://hazards.fema.gov/nri/
45217,Cincinnati,39.1828,-84.5521,Low,Low,3.44,FEMA National Risk Index,2024,https://hazards.fema.gov/nri/
45218,Cincinnati,39.0353,-84.5898,Low,Low,3.5,FEMA National Risk Index,2024,https://hazards.fema.gov/nri/
45219,Cincinnati,39.1363,-84.5017,Low,Low,3.69,FEMA National Risk Index,2024,https://hazards.fema.gov/nri/
45220,Cincinnati,39.0779,-84.4413,Low,Low,3.32,FEMA National Risk Index,2024,https://hazards.fema.gov/nri/
15201,Pittsburgh,40.4524,-79.9771,Low,Low,2.95,FEMA National Risk Index,2024,https://hazards.fema.gov/nri/
15202,Pittsburgh,40.5581,-79.9257,Low,Low,3.19,FEMA National Risk Index,2024,https://hazards.fema.gov/nri/
15203,Pittsburgh,40.3635,-80.0336,Low,Low,3.16,FEMA National Risk Index,2024,https://hazards.fema.gov/nri/
15204,Pittsburgh,40.3473,-80.0178,Low,Low,3.94,FEMA National Risk Index,2024,https://hazards.fema.gov/nri/
15205,Pittsburgh,40.3558,-79.9812,Low,Low,4.07,FEMA National Risk Index,2024,https://hazards.fema.gov/nri/
15206,Pittsburgh,40.3223,-79.8985,Low,Low,2.96,FEMA National Risk Index,2024,https://hazards.fema.gov/nri/
15207,Pittsburgh,40.3241,-80.0968,Low,Low,3.86,FEMA National Risk Index,2024,https://hazards.fema.gov/nri/
15208,Pittsburgh,40.5668,-80.0882,Low,Low,4.05,FEMA National Risk Index,2024,https://hazards.fema.gov/nri/
15209,Pittsburgh,40.4743,-80.1519,Low,Low,4.03,FEMA National Risk Index,2024,https://hazards.fema.gov/nri/
15210,Pittsburgh,40.4457,-79.9638,Low,Low,4.03,FEMA National Risk Index,2024,https://hazards.fema.gov/nri/
15211,Pittsburgh,40.3792,-79.884,Low,Low,3.96,FEMA National Risk Index,2024,https://hazards.fema.gov/nri/
15212,Pittsburgh,40.5621,-80.0021,Low,Low,3.39,FEMA National Risk Index,2024,https://hazards.fema.gov/nri/
15213,Pittsburgh,40.554,-79.9498,Low,Low,3.57,FEMA National Risk Index,2024,https://hazards.fema.gov/nri/
15214,Pittsburgh,40.3166,-79.9746,Low,Low,3.52,FEMA National Risk Index,2024,https://hazards.fema.gov/nri/
15215,Pittsburgh,40.41,-79.8984,Low,Low,3.56,FEMA National Risk Index,2024,https://hazards.fema.gov/nri/
15216,Pittsburgh,40.4183,-80.127,Low,Low,2.95,FEMA National Risk Index,2024,https://hazards.fema.gov/nri/
15217,Pittsburgh,40.3513,-80.0798,Low,Low,3.57,FEMA National Risk Index,2024,https://hazards.fema.gov/nri/
15218,Pittsburgh,40.297,-80.0886,Low,Low,3.73,FEMA National Risk Index,2024,https://hazards.fema.gov/nri/
15219,Pittsburgh,40.4321,-80.0909,Low,Low,3.05,FEMA National Risk Index,2024,https://hazards.fema.gov/nri/
15220,Pittsburgh,40.5455,-79.824,Low,Low,3.53,FEMA National Risk Index,2024,https://hazards.fema.gov/nri/
02901,Providence,41.6886,-71.4873,Low,Low,3.9,FEMA National Risk Index,2024,https://hazards.fema.gov/nri/
02902,Providence,41.925,-71.3528,Low,Low,4.02,FEMA National Risk Index,2024,https://hazards.fema.gov/nri/
02903,Providence,41.8031,-71.3068,Low,Low,3.66,FEMA National Risk Index,2024,https://hazards.fema.gov/nri/
02904,Providence,41.9018,-71.2444,Low,Low,3.53,FEMA National Risk Index,2024,https://hazards.fema.gov/nri/
02905,Providence,41.9237,-71.4427,Low,Low,2.97,FEMA National Risk Index,2024,https://hazards.fema.gov/nri/
02906,Providence,41.674,-71.479,Low,Low,4.1,FEMA National Risk Index,2024,https://hazards.fema.gov/nri/
02907,Providence,41.735,-71.3862,Low,Low,3.12,FEMA National Risk Index,2024,https://hazards.fema.gov/nri/
02908,Providence,41.847,-71.3514,Low,Low,3.87,FEMA National Risk Index,2024,https://hazards.fema.gov/nri/
02909,Providence,41.8401,-71.4123,Low,Low,3.18,FEMA National Risk Index,2024,https://hazards.fema.gov/nri/
02910,Providence,41.7101,-71.4958,Low,Low,3.17,FEMA National Risk Index,2024,https://hazards.fema.gov/nri/
02911,Providence,41.8589,-71.5509,Low,Low,3.39,FEMA National Risk Index,2024,https://hazards.fema.gov/nri/
02912,Providence,41.7267,-71.4433,Low,Low,3.83,FEMA National Risk Index,2024,https://hazards.fema.gov/nri/
02913,Providence,41.9216,-71.4887,Low,Low,3.94,FEMA National Risk Index,2024,https://hazards.fema.gov/nri/
02914,Providence,41.9424,-71.2618,Low,Low,3.35,FEMA National Risk Index,2024,https://hazards.fema.gov/nri/
02915,Providence,41.9646,-71.4094,Low,Low,2.99,FEMA National Risk Index,2024,https://hazards.fema.gov/nri/
06101,Hartford,41.852,-72.6067,Low,Low,2.92,FEMA National Risk Index,2024,https://hazards.fema.gov/nri/
06102,Hartford,41.7674,-72.5334,Low,Low,3.81,FEMA National Risk Index,2024,https://hazards.fema.gov/nri/
06103,Hartford,41.8517,-72.8215,Low,Low,3.25,FEMA National Risk Index,2024,https://hazards.fema.gov/nri/
06104,Hartford,41.7749,-72.6497,Low,Low,3.42,FEMA National Risk Index,2024,https://hazards.fema.gov/nri/
06105,Hartford,41.7886,-72.7471,Low,Low,3.18,FEMA National Risk Index,2024,https://hazards.fema.gov/nri/
06106,Hartford,41.8591,-72.8545,Low,Low,3.78,FEMA National Risk Index,2024,https://hazards.fema.gov/nri/
06107,Hartford,41.8736,-72.7358,Low,Low,3.49,FEMA National Risk Index,2024,https://hazards.fema.gov/nri/
06108,Hartford,41.8232,-72.6952,Low,Low,2.97,FEMA National Risk Index,2024,https://hazards.fema.gov/nri/
06109,Hartford,41.8731,-72.7441,Low,Low,3.28,FEMA National Risk Index,2024,https://hazards.fema.gov/nri/
06110,Hartford,41.8755,-72.7274,Low,Low,3.46,FEMA National Risk Index,2024,https://hazards.fema.gov/nri/
06111,Hartford,41.7231,-72.6872,Low,Low,3.23,FEMA National Risk Index,2024,https://hazards.fema.gov/nri/
06112,Hartford,41.8704,-72.6832,Low,Low,3.11,FEMA National Risk Index,2024,https://hazards.fema.gov/nri/
06113,Hartford,41.7682,-72.5119,Low,Low,3.98,FEMA National Risk Index,2024,https://hazards.fema.gov/nri/
06114,Hartford,41.8081,-72.6731,Low,Low,3.52,FEMA National Risk Index,2024,https://hazards.fema.gov/nri/
06115,Hartford,41.6548,-72.7291,Low,Low,2.9,FEMA National Risk Index,2024,https://hazards.fema.gov/nri/
13201,Syracuse,43.0458,-76.2187,Low,Low,4.06,FEMA National Risk Index,2024,https://hazards.fema.gov/nri/
13202,Syracuse,43.1113,-76.0913,Low,Low,3.09,FEMA National Risk Index,2024,https://hazards.fema.gov/nri/
13203,Syracuse,43.0189,-76.1631,Low,Low,4.08,FEMA National Risk Index,2024,https://hazards.fema.gov/nri/
13204,Syracuse,43.0695,-76.1434,Low,Low,3.92,FEMA National Risk Index,2024,https://hazards.fema.gov/nri/
13205,Syracuse,43.1546,-75.972,Low,Low,3.44,FEMA National Risk Index,2024,https://hazards.fema.gov/nri/
13206,Syracuse,43.0608,-76.302,Low,Low,3.61,FEMA National Risk Index,2024,https://hazards.fema.gov/nri/
13207,Syracuse,43.1056,-76.0005,Low,Low,3.15,FEMA National Risk Index,2024,https://hazards.fema.gov/nri/
13208,Syracuse,42.9504,-76.0265,Low,Low,3.34,FEMA National Risk Index,2024,https://hazards.fema.gov/nri/
13209,Syracuse,43.0588,-76.107,Low,Low,3.15,FEMA National Risk Index,2024,https://hazards.fema.gov/nri/
13210,Syracuse,43.0808,-76.0087,Low,Low,4.08,FEMA National Risk Index,2024,https://hazards.fema.gov/nri/
13211,Syracuse,43.1012,-76.2866,Low,Low,3.15,FEMA National Risk Index,2024,https://hazards.fema.gov/nri/
13212,Syracuse,43.0903,-76.2432,Low,Low,3.26,FEMA National Risk Index,2024,https://hazards.fema.gov/nri/
13213,Syracuse,43.0426,-76.1731,Low,Low,3.18,FEMA National Risk Index,2024,https://hazards.fema.gov/nri/
13214,Syracuse,43.0321,-75.9805,Low,Low,3.56,FEMA National Risk Index,2024,https://hazards.fema.gov/nri/
13215,Syracuse,43.1131,-76.2484,Low,Low,3.55,FEMA National Risk Index,2024,https://hazards.fema.gov/nri/
14601,Rochester,43.2324,-77.5741,Low,Low,3.41,FEMA National Risk Index,2024,https://hazards.fema.gov/nri/
14602,Rochester,43.2999,-77.5609,Low,Low,3.69,FEMA National Risk Index,2024,https://hazards.fema.gov/nri/
14603,Rochester,43.219,-77.6987,Low,Low,3.79,FEMA National Risk Index,2024,https://hazards.fema.gov/nri/
14604,Rochester,43.0244,-77.6337,Low,Low,4.12,FEMA National Risk Index,2024,https://hazards.fema.gov/nri/
14605,Rochester,43.2342,-77.5454,Low,Low,3.7,FEMA National Risk Index,2024,https://hazards.fema.gov/nri/
14606,Rochester,43.0173,-77.7037,Low,Low,3.68,FEMA National Risk Index,2024,https://hazards.fema.gov/nri/
14607,Rochester,43.198,-77.6964,Low,Low,3.85,FEMA National Risk Index,2024,https://hazards.fema.gov/nri/
14608,Rochester,43.0127,-77.6433,Low,Low,3.04,FEMA National Risk Index,2024,https://hazards.fema.gov/nri/
14609,Rochester,43.1293,-77.6597,Low,Low,3.44,FEMA National Risk Index,2024,https://hazards.fema.gov/nri/
14610,Rochester,43.0485,-77.4909,Low,Low,2.96,FEMA National Risk Index,2024,https://hazards.fema.gov/nri/
14611,Rochester,43.016,-77.6971,Low,Low,4.02,FEMA National Risk Index,2024,https://hazards.fema.gov/nri/
14612,Rochester,43.2691,-77.5385,Low,Low,3.58,FEMA National Risk Index,2024,https://hazards.fema.gov/nri/
14613,Rochester,43.1696,-77.5655,Low,Low,3.15,FEMA National Risk Index,2024,https://hazards.fema.gov/nri/
14614,Rochester,43.1531,-77.7712,Low,Low,4.13,FEMA National Risk Index,2024,https://hazards.fema.gov/nri/
14615,Rochester,43.2199,-77.4738,Low,Low,3.34,FEMA National Risk Index,2024,https://hazards.fema.gov/nri/
14201,Buffalo,43.0176,-79.0061,Low,Low,3.11,FEMA National Risk Index,2024,https://hazards.fema.gov/nri/
14202,Buffalo,42.7703,-78.7556,Low,Low,3.55,FEMA National Risk Index,2024,https://hazards.fema.gov/nri/
14203,Buffalo,42.9612,-78.7407,Low,Low,3.95,FEMA National Risk Index,2024,https://hazards.fema.gov/nri/
14204,Buffalo,42.8122,-78.8327,Low,Low,4.1,FEMA National Risk Index,2024,https://hazards.fema.gov/nri/
14205,Buffalo,42.9099,-78.9059,Low,Low,3.65,FEMA National Risk Index,2024,https://hazards.fema.gov/nri/
14206,Buffalo,42.7579,-78.7402,Low,Low,3.11,FEMA National Risk Index,2024,https://hazards.fema.gov/nri/
14207,Buffalo,43.0005,-78.9477,Low,Low,3.75,FEMA National Risk Index,2024,https://hazards.fema.gov/nri/
14208,Buffalo,42.9388,-79.0249,Low,Low,3.66,FEMA National Risk Index,2024,https://hazards.fema.gov/nri/
14209,Buffalo,43.0004,-78.9587,Low,Low,3.43,FEMA National Risk Index,2024,https://hazards.fema.gov/nri/
14210,Buffalo,42.7699,-78.9534,Low,Low,3.72,FEMA National Risk Index,2024,https://hazards.fema.gov/nri/
14211,Buffalo,42.7398,-78.9726,Low,Low,3.17,FEMA National Risk Index,2024,https://hazards.fema.gov/nri/
14212,Buffalo,42.9702,-78.8329,Low,Low,2.99,FEMA National Risk Index,2024,https://hazards.fema.gov/nri/
14213,Buffalo,42.8028,-78.9216,Low,Low,3.81,FEMA National Risk Index,2024,https://hazards.fema.gov/nri/
14214,Buffalo,42.9193,-79.0486,Low,Low,3.22,FEMA National Risk Index,2024,https://hazards.fema.gov/nri/
14215,Buffalo,42.9497,-78.8541,Low,Low,2.91,FEMA National Risk Index,2024,https://hazards.fema.gov/nri/
99501,Anchorage,61.2239,-149.7788,Low,Low,3.8,FEMA National Risk Index,2024,https://hazards.fema.gov/nri/
99502,Anchorage,61.1348,-149.9297,Low,Low,3.54,FEMA National Risk Index,2024,https://hazards.fema.gov/nri/
99503,Anchorage,61.3439,-149.7859,Low,Low,3.92,FEMA National Risk Index,2024,https://hazards.fema.gov/nri/
99504,Anchorage,61.0994,-150.0187,Low,Low,3.88,FEMA National Risk Index,2024,https://hazards.fema.gov/nri/
99505,Anchorage,61.1344,-149.8803,Low,Low,3.74,FEMA National Risk Index,2024,https://hazards.fema.gov/nri/
99506,Anchorage,61.1651,-149.7952,Low,Low,3.55,FEMA National Risk Index,2024,https://hazards.fema.gov/nri/
99507,Anchorage,61.357,-149.7265,Low,Low,3.64,FEMA National Risk Index,2024,https://hazards.fema.gov/nri/
99508,Anchorage,61.3087,-149.9868,Low,Low,3.93,FEMA National Risk Index,2024,https://hazards.fema.gov/nri/
99509,Anchorage,61.2596,-150.0544,Low,Low,3.92,FEMA National Risk Index,2024,https://hazards.fema.gov/nri/
99510,Anchorage,61.2513,-149.7347,Low,Low,3.47,FEMA National Risk Index,2024,https://hazards.fema.gov/nri/
96801,Honolulu,21.4344,-157.8729,Low,Low,3.67,FEMA National Risk Index,2024,https://hazards.fema.gov/nri/
96802,Honolulu,21.1685,-157.912,Low,Low,3.78,FEMA National Risk Index,2024,https://hazards.fema.gov/nri/
96803,Honolulu,21.2913,-157.7544,Low,Low,3.61,FEMA National Risk Index,2024,https://hazards.fema.gov/nri/
96804,Honolulu,21.3188,-157.7852,Low,Low,3.21,FEMA National Risk Index,2024,https://hazards.fema.gov/nri/
96805,Honolulu,21.3697,-157.7216,Low,Low,3.11,FEMA National Risk Index,2024,https://hazards.fema.gov/nri/
96806,Honolulu,21.3152,-157.7718,Low,Low,3.27,FEMA National Risk Index,2024,https://hazards.fema.gov/nri/
96807,Honolulu,21.4447,-157.7036,Low,Low,3.01,FEMA National Risk Index,2024,https://hazards.fema.gov/nri/
96808,Honolulu,21.1859,-157.7462,Low,Low,3.55,FEMA National Risk Index,2024,https://hazards.fema.gov/nri/
96809,Honolulu,21.2634,-157.9212,Low,Low,3.69,FEMA National Risk Index,2024,https://hazards.fema.gov/nri/
96810,Honolulu,21.4019,-157.8454,Low,Low,2.98,FEMA National Risk Index,2024,https://hazards.fema.gov/nri/
76101,Fort Worth,32.7547,-97.1585,Low,Low,2.99,FEMA National Risk Index,2024,https://hazards.fema.gov/nri/
76102,Fort Worth,32.6582,-97.2675,Low,Low,3.68,FEMA National Risk Index,2024,https://hazards.fema.gov/nri/
76103,Fort Worth,32.7886,-97.1679,Low,Low,3.74,FEMA National Risk Index,2024,https://hazards.fema.gov/nri/
76104,Fort Worth,32.7475,-97.3862,Low,Low,3.65,FEMA National Risk Index,2024,https://hazards.fema.gov/nri/
76105,Fort Worth,32.9002,-97.2705,Low,Low,3.41,FEMA National Risk Index,2024,https://hazards.fema.gov/nri/
76106,Fort Worth,32.8599,-97.4859,Low,Low,3.83,FEMA National Risk Index,2024,https://hazards.fema.gov/nri/
76107,Fort Worth,32.8788,-97.2149,Low,Low,3.57,FEMA National Risk Index,2024,https://hazards.fema.gov/nri/
76108,Fort Worth,32.7816,-97.2837,Low,Low,3.89,FEMA National Risk Index,2024,https://hazards.fema.gov/nri/
76109,Fort Worth,32.6143,-97.3858,Low,Low,3.54,FEMA National Risk Index,2024,https://hazards.fema.gov/nri/
76110,Fort Worth,32.7352,-97.3326,Low,Low,3.85,FEMA National Risk Index,2024,https://hazards.fema.gov/nri/
76111,Fort Worth,32.8995,-97.311,Low,Low,3.82,FEMA National Risk Index,2024,https://hazards.fema.gov/nri/
76112,Fort Worth,32.7093,-97.5105,Low,Low,3.9,FEMA National Risk Index,2024,https://hazards.fema.gov/nri/
76113,Fort Worth,32.7693,-97.4406,Low,Low,3.3,FEMA National Risk Index,2024,https://hazards.fema.gov/nri/
76114,Fort Worth,32.8259,-97.2174,Low,Low,3.75,FEMA National Risk Index,2024,https://hazards.fema.gov/nri/
76115,Fort Worth,32.8768,-97.1927,Low,Low,4.09,FEMA National Risk Index,2024,https://hazards.fema.gov/nri/
78401,Corpus Christi,27.7965,-97.2803,Low,Low,3.36,FEMA National Risk Index,2024,https://hazards.fema.gov/nri/
78402,Corpus Christi,27.8657,-97.2384,Low,Low,3.31,FEMA National Risk Index,2024,https://hazards.fema.gov/nri/
78403,Corpus Christi,27.8911,-97.5661,Low,Low,3.41,FEMA National Risk Index,2024,https://hazards.fema.gov/nri/
78404,Corpus Christi,27.8449,-97.4315,Low,Low,3.67,FEMA National Risk Index,2024,https://hazards.fema.gov/nri/
78405,Corpus Christi,27.6976,-97.5432,Low,Low,3.54,FEMA National Risk Index,2024,https://hazards.fema.gov/nri/
78406,Corpus Christi,27.8832,-97.2819,Low,Low,3.98,FEMA National Risk Index,2024,https://hazards.fema.gov/nri/
78407,Corpus Christi,27.8981,-97.3536,Low,Low,3.11,FEMA National Risk Index,2024,https://hazards.fema.gov/nri/
78408,Corpus Christi,27.8209,-97.5554,Low,Low,3.08,FEMA National Risk Index,2024,https://hazards.fema.gov/nri/
78409,Corpus Christi,27.8942,-97.4693,Low,Low,3.42,FEMA National Risk Index,2024,https://hazards.fema.gov/nri/
78410,Corpus Christi,27.8702,-97.2471,Low,Low,2.96,FEMA National Risk Index,2024,https://hazards.fema.gov/nri/
78411,Corpus Christi,27.846,-97.3758,Low,Low,2.91,FEMA National Risk Index,2024,https://hazards.fema.gov/nri/
78412,Corpus Christi,27.7306,-97.4006,Low,Low,3.86,FEMA National Risk Index,2024,https://hazards.fema.gov/nri/
78413,Corpus Christi,27.8118,-97.3349,Low,Low,3.67,FEMA National Risk Index,2024,https://hazards.fema.gov/nri/
78414,Corpus Christi,27.8473,-97.3811,Low,Low,3.26,FEMA National Risk Index,2024,https://hazards.fema.gov/nri/
78415,Corpus Christi,27.862,-97.2876,Low,Low,3.83,FEMA National Risk Index,2024,https://hazards.fema.gov/nri/
79401,Lubbock,33.5153,-101.7663,Tornado/Hail,High,3.59,FEMA National Risk Index,2024,https://hazards.fema.gov/nri/
79402,Lubbock,33.7197,-102.015,Tornado/Hail,High,3.77,FEMA National Risk Index,2024,https://hazards.fema.gov/nri/
79403,Lubbock,33.5141,-101.7007,Tornado/Hail,High,4.01,FEMA National Risk Index,2024,https://hazards.fema.gov/nri/
79404,Lubbock,33.6251,-101.988,Tornado/Hail,High,3.41,FEMA National Risk Index,2024,https://hazards.fema.gov/nri/
79405,Lubbock,33.6265,-101.9366,Tornado/Hail,High,3.83,FEMA National Risk Index,2024,https://hazards.fema.gov/nri/
79406,Lubbock,33.522,-101.6911,Tornado/Hail,High,3.96,FEMA National Risk Index,2024,https://hazards.fema.gov/nri/
79407,Lubbock,33.5654,-101.9654,Tornado/Hail,High,2.92,FEMA National Risk Index,2024,https://hazards.fema.gov/nri/
79408,Lubbock,33.4399,-101.7233,Tornado/Hail,High,3.22,FEMA National Risk Index,2024,https://hazards.fema.gov/nri/
79409,Lubbock,33.6062,-101.936,Tornado/Hail,High,2.97,FEMA National Risk Index,2024,https://hazards.fema.gov/nri/
79410,Lubbock,33.6885,-101.9207,Tornado/Hail,High,3.48,FEMA National Risk Index,2024,https://hazards.fema.gov/nri/
79101,Amarillo,35.119,-101.738,Tornado/Hail,High,4.0,FEMA National Risk Index,2024,https://hazards.fema.gov/nri/
79102,Amarillo,35.1821,-101.8009,Tornado/Hail,High,3.57,FEMA National Risk Index,2024,https://hazards.fema.gov/nri/
79103,Amarillo,35.28,-101.7577,Tornado/Hail,High,2.91,FEMA National Risk Index,2024,https://hazards.fema.gov/nri/
79104,Amarillo,35.2449,-101.8237,Tornado/Hail,High,4.0,FEMA National Risk Index,2024,https://hazards.fema.gov/nri/
79105,Amarillo,35.1416,-101.7652,Tornado/Hail,High,3.54,FEMA National Risk Index,2024,https://hazards.fema.gov/nri/
79106,Amarillo,35.0753,-101.959,Tornado/Hail,High,3.58,FEMA National Risk Index,2024,https://hazards.fema.gov/nri/
79107,Amarillo,35.2465,-101.9093,Tornado/Hail,High,3.56,FEMA National Risk Index,2024,https://hazards.fema.gov/nri/
79108,Amarillo,35.3533,-102.0021,Tornado/Hail,High,4.03,FEMA National Risk Index,2024,https://hazards.fema.gov/nri/
79109,Amarillo,35.3543,-101.6868,Tornado/Hail,High,4.08,FEMA National Risk Index,2024,https://hazards.fema.gov/nri/
79110,Amarillo,35.2963,-101.8671,Tornado/Hail,High,2.96,FEMA National Risk Index,2024,https://hazards.fema.gov/nri/
76201,Denton,33.2099,-97.0283,Low,Low,3.85,FEMA National Risk Index,2024,https://hazards.fema.gov/nri/
76202,Denton,33.1825,-97.2035,Low,Low,3.43,FEMA National Risk Index,2024,https://hazards.fema.gov/nri/
76203,Denton,33.135,-97.2498,Low,Low,3.37,FEMA National Risk Index,2024,https://hazards.fema.gov/nri/
76204,Denton,33.1825,-97.0021,Low,Low,3.37,FEMA National Risk Index,2024,https://hazards.fema.gov/nri/
76205,Denton,33.0919,-97.2902,Low,Low,3.4,FEMA National Risk Index,2024,https://hazards.fema.gov/nri/
76206,Denton,33.2081,-97.0504,Low,Low,4.1,FEMA National Risk Index,2024,https://hazards.fema.gov/nri/
76207,Denton,33.1922,-97.0169,Low,Low,3.75,FEMA National Risk Index,2024,https://hazards.fema.gov/nri/
76208,Denton,33.1471,-96.9693,Low,Low,3.56,FEMA National Risk Index,2024,https://hazards.fema.gov/nri/
76209,Denton,33.2857,-97.0391,Low,Low,3.49,FEMA National Risk Index,2024,https://hazards.fema.gov/nri/
76210,Denton,33.2026,-96.9928,Low,Low,3.61,FEMA National Risk Index,2024,https://hazards.fema.gov/nri/
75401,Greenville TX,33.1181,-96.1485,Low,Low,3.29,FEMA National Risk Index,2024,https://hazards.fema.gov/nri/
75402,Greenville TX,33.1258,-96.0154,Low,Low,3.93,FEMA National Risk Index,2024,https://hazards.fema.gov/nri/
75403,Greenville TX,33.1463,-96.0361,Low,Low,3.82,FEMA National Risk Index,2024,https://hazards.fema.gov/nri/
75404,Greenville TX,33.2625,-96.1611,Low,Low,3.96,FEMA National Risk Index,2024,https://hazards.fema.gov/nri/
75405,Greenville TX,33.2091,-96.2445,Low,Low,3.27,FEMA National Risk Index,2024,https://hazards.fema.gov/nri/
75406,Greenville TX,33.055,-96.173,Low,Low,3.3,FEMA National Risk Index,2024,https://hazards.fema.gov/nri/
75407,Greenville TX,33.2114,-96.043,Low,Low,3.95,FEMA National Risk Index,2024,https://hazards.fema.gov/nri/
75408,Greenville TX,33.114,-96.1377,Low,Low,3.48,FEMA National Risk Index,2024,https://hazards.fema.gov/nri/
75409,Greenville TX,33.065,-96.1166,Low,Low,3.44,FEMA National Risk Index,2024,https://hazards.fema.gov/nri/
75410,Greenville TX,33.3071,-95.9658,Low,Low,3.64,FEMA National Risk Index,2024,https://hazards.fema.gov/nri/
36101,Montgomery,32.3959,-86.2919,Low,Low,2.87,FEMA National Risk Index,2024,https://hazards.fema.gov/nri/
36102,Montgomery,32.2358,-86.2049,Low,Low,3.67,FEMA National Risk Index,2024,https://hazards.fema.gov/nri/
36103,Montgomery,32.4886,-86.4499,Low,Low,3.9,FEMA National Risk Index,2024,https://hazards.fema.gov/nri/
36104,Montgomery,32.3342,-86.1669,Low,Low,3.0,FEMA National Risk Index,2024,https://hazards.fema.gov/nri/
36105,Montgomery,32.3037,-86.432,Low,Low,3.59,FEMA National Risk Index,2024,https://hazards.fema.gov/nri/
36106,Montgomery,32.4883,-86.3256,Low,Low,3.92,FEMA National Risk Index,2024,https://hazards.fema.gov/nri/
36107,Montgomery,32.3615,-86.2148,Low,Low,4.01,FEMA National Risk Index,2024,https://hazards.fema.gov/nri/
36108,Montgomery,32.2218,-86.463,Low,Low,3.63,FEMA National Risk Index,2024,https://hazards.fema.gov/nri/
36109,Montgomery,32.2646,-86.1847,Low,Low,4.02,FEMA National Risk Index,2024,https://hazards.fema.gov/nri/
36110,Montgomery,32.4829,-86.4256,Low,Low,3.7,FEMA National Risk Index,2024,https://hazards.fema.gov/nri/
36601,Mobile,30.611,-87.8918,Low,Low,3.85,FEMA National Risk Index,2024,https://hazards.fema.gov/nri/
36602,Mobile,30.5864,-88.2037,Low,Low,3.19,FEMA National Risk Index,2024,https://hazards.fema.gov/nri/
36603,Mobile,30.7569,-88.1984,Low,Low,3.81,FEMA National Risk Index,2024,https://hazards.fema.gov/nri/
36604,Mobile,30.7953,-87.919,Low,Low,4.07,FEMA National Risk Index,2024,https://hazards.fema.gov/nri/
36605,Mobile,30.5644,-88.0322,Low,Low,3.73,FEMA National Risk Index,2024,https://hazards.fema.gov/nri/
36606,Mobile,30.7494,-88.1855,Low,Low,3.58,FEMA National Risk Index,2024,https://hazards.fema.gov/nri/
36607,Mobile,30.6156,-87.9536,Low,Low,4.06,FEMA National Risk Index,2024,https://hazards.fema.gov/nri/
36608,Mobile,30.6756,-88.1351,Low,Low,3.52,FEMA National Risk Index,2024,https://hazards.fema.gov/nri/
36609,Mobile,30.5489,-88.0187,Low,Low,4.0,FEMA National Risk Index,2024,https://hazards.fema.gov/nri/
36610,Mobile,30.5534,-88.1658,Low,Low,4.07,FEMA National Risk Index,2024,https://hazards.fema.gov/nri/
31201,Macon,32.9122,-83.5236,Low,Low,3.09,FEMA National Risk Index,2024,https://hazards.fema.gov/nri/
31202,Macon,32.8308,-83.8022,Low,Low,3.73,FEMA National Risk Index,2024,https://hazards.fema.gov/nri/
31203,Macon,32.881,-83.6344,Low,Low,3.31,FEMA National Risk Index,2024,https://hazards.fema.gov/nri/
31204,Macon,32.8412,-83.5994,Low,Low,3.69,FEMA National Risk Index,2024,https://hazards.fema.gov/nri/
31205,Macon,32.8797,-83.7902,Low,Low,3.86,FEMA National Risk Index,2024,https://hazards.fema.gov/nri/
31206,Macon,32.7735,-83.6513,Low,Low,3.51,FEMA National Risk Index,2024,https://hazards.fema.gov/nri/
31207,Macon,32.934,-83.7794,Low,Low,3.66,FEMA National Risk Index,2024,https://hazards.fema.gov/nri/
31208,Macon,32.7645,-83.4904,Low,Low,3.87,FEMA National Risk Index,2024,https://hazards.fema.gov/nri/
31209,Macon,32.9827,-83.6256,Low,Low,3.2,FEMA National Risk Index,2024,https://hazards.fema.gov/nri/
31210,Macon,32.8647,-83.7167,Low,Low,3.36,FEMA National Risk Index,2024,https://hazards.fema.gov/nri/
30901,Augusta,33.4576,-81.844,Low,Low,3.06,FEMA National Risk Index,2024,https://hazards.fema.gov/nri/
30902,Augusta,33.4432,-82.0922,Low,Low,4.02,FEMA National Risk Index,2024,https://hazards.fema.gov/nri/
30903,Augusta,33.4799,-81.9335,Low,Low,3.22,FEMA National Risk Index,2024,https://hazards.fema.gov/nri/
30904,Augusta,33.3942,-81.9079,Low,Low,3.75,FEMA National Risk Index,2024,https://hazards.fema.gov/nri/
30905,Augusta,33.393,-81.9894,Low,Low,3.7,FEMA National Risk Index,2024,https://hazards.fema.gov/nri/
30906,Augusta,33.3948,-82.168,Low,Low,3.72,FEMA National Risk Index,2024,https://hazards.fema.gov/nri/
30907,Augusta,33.418,-81.9768,Low,Low,3.96,FEMA National Risk Index,2024,https://hazards.fema.gov/nri/
30908,Augusta,33.5507,-82.1129,Low,Low,3.58,FEMA National Risk Index,2024,https://hazards.fema.gov/nri/
30909,Augusta,33.5734,-82.1482,Low,Low,3.68,FEMA National Risk Index,2024,https://hazards.fema.gov/nri/
30910,Augusta,33.5498,-81.9518,Low,Low,3.81,FEMA National Risk Index,2024,https://hazards.fema.gov/nri/
70801,Baton Rouge,30.5762,-91.2582,Low,Low,3.45,FEMA National Risk Index,2024,https://hazards.fema.gov/nri/
70802,Baton Rouge,30.5067,-91.0399,Low,Low,4.09,FEMA National Risk Index,2024,https://hazards.fema.gov/nri/
70803,Baton Rouge,30.5539,-91.1479,Low,Low,3.97,FEMA National Risk Index,2024,https://hazards.fema.gov/nri/
70804,Baton Rouge,30.3378,-91.3183,Low,Low,3.77,FEMA National Risk Index,2024,https://hazards.fema.gov/nri/
70805,Baton Rouge,30.5312,-91.2347,Low,Low,3.58,FEMA National Risk Index,2024,https://hazards.fema.gov/nri/
70806,Baton Rouge,30.5972,-91.0817,Low,Low,3.11,FEMA National Risk Index,2024,https://hazards.fema.gov/nri/
70807,Baton Rouge,30.4069,-91.1238,Low,Low,2.91,FEMA National Risk Index,2024,https://hazards.fema.gov/nri/
70808,Baton Rouge,30.3899,-91.2711,Low,Low,3.86,FEMA National Risk Index,2024,https://hazards.fema.gov/nri/
70809,Baton Rouge,30.5456,-91.3632,Low,Low,4.0,FEMA National Risk Index,2024,https://hazards.fema.gov/nri/
70810,Baton Rouge,30.3322,-91.1683,Low,Low,3.75,FEMA National Risk Index,2024,https://hazards.fema.gov/nri/
70811,Baton Rouge,30.3089,-91.3416,Low,Low,3.47,FEMA National Risk Index,2024,https://hazards.fema.gov/nri/
70812,Baton Rouge,30.4158,-91.2374,Low,Low,2.99,FEMA National Risk Index,2024,https://hazards.fema.gov/nri/
70813,Baton Rouge,30.3226,-91.3601,Low,Low,4.12,FEMA National Risk Index,2024,https://hazards.fema.gov/nri/
70814,Baton Rouge,30.5252,-91.3368,Low,Low,3.61,FEMA National Risk Index,2024,https://hazards.fema.gov/nri/
70815,Baton Rouge,30.5757,-91.0282,Low,Low,2.98,FEMA National Risk Index,2024,https://hazards.fema.gov/nri/
71101,Shreveport,32.5358,-93.8159,Low,Low,3.98,FEMA National Risk Index,2024,https://hazards.fema.gov/nri/
71102,Shreveport,32.4687,-93.6927,Low,Low,2.95,FEMA National Risk Index,2024,https://hazards.fema.gov/nri/
71103,Shreveport,32.6235,-93.7468,Low,Low,3.01,FEMA National Risk Index,2024,https://hazards.fema.gov/nri/
71104,Shreveport,32.5257,-93.9166,Low,Low,2.95,FEMA National Risk Index,2024,https://hazards.fema.gov/nri/
71105,Shreveport,32.4053,-93.7802,Low,Low,3.85,FEMA National Risk Index,2024,https://hazards.fema.gov/nri/
71106,Shreveport,32.4774,-93.6079,Low,Low,3.44,FEMA National Risk Index,2024,https://hazards.fema.gov/nri/
71107,Shreveport,32.58,-93.6863,Low,Low,3.16,FEMA National Risk Index,2024,https://hazards.fema.gov/nri/
71108,Shreveport,32.4673,-93.6525,Low,Low,2.95,FEMA National Risk Index,2024,https://hazards.fema.gov/nri/
71109,Shreveport,32.5288,-93.7222,Low,Low,3.94,FEMA National Risk Index,2024,https://hazards.fema.gov/nri/
71110,Shreveport,32.6259,-93.6311,Low,Low,2.98,FEMA National Risk Index,2024,https://hazards.fema.gov/nri/
70501,Lafayette,30.3512,-92.1268,Low,Low,3.77,FEMA National Risk Index,2024,https://hazards.fema.gov/nri/
70502,Lafayette,30.3597,-92.1401,Low,Low,3.63,FEMA National Risk Index,2024,https://hazards.fema.gov/nri/
70503,Lafayette,30.2337,-92.0247,Low,Low,3.55,FEMA National Risk Index,2024,https://hazards.fema.gov/nri/
70504,Lafayette,30.183,-91.9374,Low,Low,3.95,FEMA National Risk Index,2024,https://hazards.fema.gov/nri/
70505,Lafayette,30.3388,-92.1054,Low,Low,3.4,FEMA National Risk Index,2024,https://hazards.fema.gov/nri/
70506,Lafayette,30.0771,-92.1089,Low,Low,3.86,FEMA National Risk Index,2024,https://hazards.fema.gov/nri/
70507,Lafayette,30.3403,-92.1842,Low,Low,4.05,FEMA National Risk Index,2024,https://hazards.fema.gov/nri/
70508,Lafayette,30.295,-92.1503,Low,Low,4.05,FEMA National Risk Index,2024,https://hazards.fema.gov/nri/
70509,Lafayette,30.1123,-92.1867,Low,Low,3.09,FEMA National Risk Index,2024,https://hazards.fema.gov/nri/
70510,Lafayette,30.088,-92.1943,Low,Low,3.64,FEMA National Risk Index,2024,https://hazards.fema.gov/nri/
74101,Tulsa,36.1745,-96.0746,Tornado,Moderate,3.01,FEMA National Risk Index,2024,https://hazards.fema.gov/nri/
74102,Tulsa,36.1187,-95.8542,Tornado,Moderate,3.64,FEMA National Risk Index,2024,https://hazards.fema.gov/nri/
74103,Tulsa,36.0864,-95.8175,Tornado,Moderate,2.97,FEMA National Risk Index,2024,https://hazards.fema.gov/nri/
74104,Tulsa,36.166,-96.0692,Tornado,Moderate,3.68,FEMA National Risk Index,2024,https://hazards.fema.gov/nri/
74105,Tulsa,36.2434,-95.8459,Tornado,Moderate,3.3,FEMA National Risk Index,2024,https://hazards.fema.gov/nri/
74106,Tulsa,36.0844,-96.0303,Tornado,Moderate,3.7,FEMA National Risk Index,2024,https://hazards.fema.gov/nri/
74107,Tulsa,36.2812,-95.9983,Tornado,Moderate,3.85,FEMA National Risk Index,2024,https://hazards.fema.gov/nri/
74108,Tulsa,36.2384,-95.9567,Tornado,Moderate,3.04,FEMA National Risk Index,2024,https://hazards.fema.gov/nri/
74109,Tulsa,36.0999,-96.1434,Tornado,Moderate,2.9,FEMA National Risk Index,2024,https://hazards.fema.gov/nri/
74110,Tulsa,36.0791,-96.0878,Tornado,Moderate,3.85,FEMA National Risk Index,2024,https://hazards.fema.gov/nri/
74111,Tulsa,36.1083,-96.0022,Tornado,Moderate,3.97,FEMA National Risk Index,2024,https://hazards.fema.gov/nri/
74112,Tulsa,36.116,-95.9311,Tornado,Moderate,3.75,FEMA National Risk Index,2024,https://hazards.fema.gov/nri/
74113,Tulsa,36.151,-95.9039,Tornado,Moderate,3.15,FEMA National Risk Index,2024,https://hazards.fema.gov/nri/
74114,Tulsa,36.2011,-95.9272,Tornado,Moderate,3.4,FEMA National Risk Index,2024,https://hazards.fema.gov/nri/
74115,Tulsa,36.2697,-95.9837,Tornado,Moderate,3.82,FEMA National Risk Index,2024,https://hazards.fema.gov/nri/
67201,Wichita,37.5655,-97.2979,Tornado,High,4.1,FEMA National Risk Index,2024,https://hazards.fema.gov/nri/
67202,Wichita,37.5796,-97.2017,Tornado,High,3.31,FEMA National Risk Index,2024,https://hazards.fema.gov/nri/
67203,Wichita,37.8148,-97.3073,Tornado,High,3.76,FEMA National Risk Index,2024,https://hazards.fema.gov/nri/
67204,Wichita,37.5886,-97.4371,Tornado,High,3.88,FEMA National Risk Index,2024,https://hazards.fema.gov/nri/
67205,Wichita,37.5617,-97.1932,Tornado,High,3.53,FEMA National Risk Index,2024,https://hazards.fema.gov/nri/
67206,Wichita,37.6108,-97.3717,Tornado,High,3.74,FEMA National Risk Index,2024,https://hazards.fema.gov/nri/
67207,Wichita,37.7449,-97.4853,Tornado,High,3.41,FEMA National Risk Index,2024,https://hazards.fema.gov/nri/
67208,Wichita,37.5525,-97.2897,Tornado,High,3.25,FEMA National Risk Index,2024,https://hazards.fema.gov/nri/
67209,Wichita,37.652,-97.4215,Tornado,High,3.38,FEMA National Risk Index,2024,https://hazards.fema.gov/nri/
67210,Wichita,37.7183,-97.3327,Tornado,High,3.27,FEMA National Risk Index,2024,https://hazards.fema.gov/nri/
57101,Sioux Falls,43.6647,-96.8655,Low,Low,3.09,FEMA National Risk Index,2024,https://hazards.fema.gov/nri/
57102,Sioux Falls,43.4412,-96.7373,Low,Low,3.12,FEMA National Risk Index,2024,https://hazards.fema.gov/nri/
57103,Sioux Falls,43.5347,-96.7066,Low,Low,3.45,FEMA National Risk Index,2024,https://hazards.fema.gov/nri/
57104,Sioux Falls,43.5353,-96.6422,Low,Low,3.16,FEMA National Risk Index,2024,https://hazards.fema.gov/nri/
57105,Sioux Falls,43.5328,-96.6177,Low,Low,3.12,FEMA National Risk Index,2024,https://hazards.fema.gov/nri/
57106,Sioux Falls,43.4462,-96.7464,Low,Low,4.06,FEMA National Risk Index,2024,https://hazards.fema.gov/nri/
57107,Sioux Falls,43.5053,-96.735,Low,Low,3.05,FEMA National Risk Index,2024,https://hazards.fema.gov/nri/
57108,Sioux Falls,43.6601,-96.5606,Low,Low,3.96,FEMA National Risk Index,2024,https://hazards.fema.gov/nri/
57109,Sioux Falls,43.5044,-96.8466,Low,Low,2.89,FEMA National Risk Index,2024,https://hazards.fema.gov/nri/
57110,Sioux Falls,43.4048,-96.7543,Low,Low,3.71,FEMA National Risk Index,2024,https://hazards.fema.gov/nri/
58101,Fargo,46.8219,-96.8051,Low,Low,3.5,FEMA National Risk Index,2024,https://hazards.fema.gov/nri/
58102,Fargo,46.9293,-96.9542,Low,Low,3.33,FEMA National Risk Index,2024,https://hazards.fema.gov/nri/
58103,Fargo,46.8685,-96.96,Low,Low,3.08,FEMA National Risk Index,2024,https://hazards.fema.gov/nri/
58104,Fargo,46.854,-96.8947,Low,Low,3.62,FEMA National Risk Index,2024,https://hazards.fema.gov/nri/
58105,Fargo,46.7526,-96.6571,Low,Low,3.17,FEMA National Risk Index,2024,https://hazards.fema.gov/nri/
58106,Fargo,46.7333,-96.9637,Low,Low,3.35,FEMA National Risk Index,2024,https://hazards.fema.gov/nri/
58107,Fargo,46.834,-96.6454,Low,Low,3.43,FEMA National Risk Index,2024,https://hazards.fema.gov/nri/
58108,Fargo,46.7681,-96.6802,Low,Low,3.94,FEMA National Risk Index,2024,https://hazards.fema.gov/nri/
58109,Fargo,46.9197,-96.6369,Low,Low,3.37,FEMA National Risk Index,2024,https://hazards.fema.gov/nri/
58110,Fargo,46.8312,-96.8584,Low,Low,3.7,FEMA National Risk Index,2024,https://hazards.fema.gov/nri/
59101,Billings,45.7226,-108.5036,Low,Low,3.77,FEMA National Risk Index,2024,https://hazards.fema.gov/nri/
59102,Billings,45.7348,-108.5551,Low,Low,3.14,FEMA National Risk Index,2024,https://hazards.fema.gov/nri/
59103,Billings,45.8289,-108.4262,Low,Low,3.24,FEMA National Risk Index,2024,https://hazards.fema.gov/nri/
59104,Billings,45.9326,-108.4693,Low,Low,3.03,FEMA National Risk Index,2024,https://hazards.fema.gov/nri/
59105,Billings,45.6543,-108.569,Low,Low,3.93,FEMA National Risk Index,2024,https://hazards.fema.gov/nri/
59106,Billings,45.7321,-108.3896,Low,Low,2.89,FEMA National Risk Index,2024,https://hazards.fema.gov/nri/
59107,Billings,45.6753,-108.3374,Low,Low,3.65,FEMA National Risk Index,2024,https://hazards.fema.gov/nri/
59108,Billings,45.9179,-108.4563,Low,Low,3.85,FEMA National Risk Index,2024,https://hazards.fema.gov/nri/
59109,Billings,45.925,-108.4504,Low,Low,4.0,FEMA National Risk Index,2024,https://hazards.fema.gov/nri/
59110,Billings,45.8482,-108.3526,Low,Low,3.28,FEMA National Risk Index,2024,https://hazards.fema.gov/nri/
59715,Bozeman,45.82,-111.0576,Low,Low,3.33,FEMA National Risk Index,2024,https://hazards.fema.gov/nri/
59716,Bozeman,45.6464,-111.0746,Low,Low,3.86,FEMA National Risk Index,2024,https://hazards.fema.gov/nri/
59717,Bozeman,45.6607,-111.0085,Low,Low,2.96,FEMA National Risk Index,2024,https://hazards.fema.gov/nri/
59718,Bozeman,45.5657,-111.215,Low,Low,3.25,FEMA National Risk Index,2024,https://hazards.fema.gov/nri/
59719,Bozeman,45.7141,-110.925,Low,Low,3.11,FEMA National Risk Index,2024,https://hazards.fema.gov/nri/
59720,Bozeman,45.7795,-110.9759,Low,Low,3.53,FEMA National Risk Index,2024,https://hazards.fema.gov/nri/
59721,Bozeman,45.7382,-111.0428,Low,Low,3.03,FEMA National Risk Index,2024,https://hazards.fema.gov/nri/
59722,Bozeman,45.5393,-111.1085,Low,Low,4.03,FEMA National Risk Index,2024,https://hazards.fema.gov/nri/
59723,Bozeman,45.6453,-111.0969,Low,Low,2.91,FEMA National Risk Index,2024,https://hazards.fema.gov/nri/
59724,Bozeman,45.5952,-111.2139,Low,Low,3.02,FEMA National Risk Index,2024,https://hazards.fema.gov/nri/
50301,Des Moines,41.5086,-93.7149,Low,Low,3.32,FEMA National Risk Index,2024,https://hazards.fema.gov/nri/
50302,Des Moines,41.5788,-93.6806,Low,Low,3.5,FEMA National Risk Index,2024,https://hazards.fema.gov/nri/
50303,Des Moines,41.6731,-93.4509,Low,Low,3.57,FEMA National Risk Index,2024,https://hazards.fema.gov/nri/
50304,Des Moines,41.4961,-93.6251,Low,Low,3.44,FEMA National Risk Index,2024,https://hazards.fema.gov/nri/
50305,Des Moines,41.67,-93.6116,Low,Low,3.2,FEMA National Risk Index,2024,https://hazards.fema.gov/nri/
50306,Des Moines,41.5114,-93.5099,Low,Low,4.07,FEMA National Risk Index,2024,https://hazards.fema.gov/nri/
50307,Des Moines,41.7073,-93.527,Low,Low,3.5,FEMA National Risk Index,2024,https://hazards.fema.gov/nri/
50308,Des Moines,41.6494,-93.6248,Low,Low,3.44,FEMA National Risk Index,2024,https://hazards.fema.gov/nri/
50309,Des Moines,41.6649,-93.6598,Low,Low,3.0,FEMA National Risk Index,2024,https://hazards.fema.gov/nri/
50310,Des Moines,41.4964,-93.5153,Low,Low,4.01,FEMA National Risk Index,2024,https://hazards.fema.gov/nri/
50311,Des Moines,41.6239,-93.6891,Low,Low,3.73,FEMA National Risk Index,2024,https://hazards.fema.gov/nri/
50312,Des Moines,41.5786,-93.5743,Low,Low,4.0,FEMA National Risk Index,2024,https://hazards.fema.gov/nri/
50313,Des Moines,41.6442,-93.4532,Low,Low,3.02,FEMA National Risk Index,2024,https://hazards.fema.gov/nri/
50314,Des Moines,41.5605,-93.5765,Low,Low,3.14,FEMA National Risk Index,2024,https://hazards.fema.gov/nri/
50315,Des Moines,41.6548,-93.4897,Low,Low,3.35,FEMA National Risk Index,2024,https://hazards.fema.gov/nri/
52401,Cedar Rapids,41.8816,-91.536,Low,Low,2.98,FEMA National Risk Index,2024,https://hazards.fema.gov/nri/
52402,Cedar Rapids,41.9925,-91.6004,Low,Low,3.09,FEMA National Risk Index,2024,https://hazards.fema.gov/nri/
52403,Cedar Rapids,41.962,-91.7474,Low,Low,3.2,FEMA National Risk Index,2024,https://hazards.fema.gov/nri/
52404,Cedar Rapids,41.9366,-91.5163,Low,Low,3.52,FEMA National Risk Index,2024,https://hazards.fema.gov/nri/
52405,Cedar Rapids,42.1062,-91.7485,Low,Low,3.42,FEMA National Risk Index,2024,https://hazards.fema.gov/nri/
52406,Cedar Rapids,42.0435,-91.6675,Low,Low,3.66,FEMA National Risk Index,2024,https://hazards.fema.gov/nri/
52407,Cedar Rapids,42.1199,-91.6108,Low,Low,3.3,FEMA National Risk Index,2024,https://hazards.fema.gov/nri/
52408,Cedar Rapids,41.9025,-91.6681,Low,Low,2.93,FEMA National Risk Index,2024,https://hazards.fema.gov/nri/
52409,Cedar Rapids,42.079,-91.5166,Low,Low,3.04,FEMA National Risk Index,2024,https://hazards.fema.gov/nri/
52410,Cedar Rapids,42.0351,-91.543,Low,Low,4.06,FEMA National Risk Index,2024,https://hazards.fema.gov/nri/
66101,Kansas City KS,39.1364,-94.499,Low,Low,3.52,FEMA National Risk Index,2024,https://hazards.fema.gov/nri/
66102,Kansas City KS,39.0606,-94.6368,Low,Low,3.99,FEMA National Risk Index,2024,https://hazards.fema.gov/nri/
66103,Kansas City KS,39.034,-94.5227,Low,Low,3.94,FEMA National Risk Index,2024,https://hazards.fema.gov/nri/
66104,Kansas City KS,39.2453,-94.4841,Low,Low,3.8,FEMA National Risk Index,2024,https://hazards.fema.gov/nri/
66105,Kansas City KS,39.2634,-94.5186,Low,Low,4.09,FEMA National Risk Index,2024,https://hazards.fema.gov/nri/
66106,Kansas City KS,39.0409,-94.6519,Low,Low,3.5,FEMA National Risk Index,2024,https://hazards.fema.gov/nri/
66107,Kansas City KS,39.0177,-94.4766,Low,Low,2.88,FEMA National Risk Index,2024,https://hazards.fema.gov/nri/
66108,Kansas City KS,38.9962,-94.578,Low,Low,3.68,FEMA National Risk Index,2024,https://hazards.fema.gov/nri/
66109,Kansas City KS,39.2597,-94.7773,Low,Low,2.88,FEMA National Risk Index,2024,https://hazards.fema.gov/nri/
66110,Kansas City KS,39.1839,-94.5731,Low,Low,3.26,FEMA National Risk Index,2024,https://hazards.fema.gov/nri/
68501,Lincoln NE,40.9359,-96.579,Low,Low,2.98,FEMA National Risk Index,2024,https://hazards.fema.gov/nri/
68502,Lincoln NE,40.8606,-96.69,Low,Low,3.4,FEMA National Risk Index,2024,https://hazards.fema.gov/nri/
68503,Lincoln NE,40.7792,-96.5399,Low,Low,3.23,FEMA National Risk Index,2024,https://hazards.fema.gov/nri/
68504,Lincoln NE,40.7621,-96.8301,Low,Low,4.1,FEMA National Risk Index,2024,https://hazards.fema.gov/nri/
68505,Lincoln NE,40.8326,-96.5664,Low,Low,3.45,FEMA National Risk Index,2024,https://hazards.fema.gov/nri/
68506,Lincoln NE,40.755,-96.5533,Low,Low,3.22,FEMA National Risk Index,2024,https://hazards.fema.gov/nri/
68507,Lincoln NE,40.7392,-96.8584,Low,Low,3.41,FEMA National Risk Index,2024,https://hazards.fema.gov/nri/
68508,Lincoln NE,40.8472,-96.8042,Low,Low,3.76,FEMA National Risk Index,2024,https://hazards.fema.gov/nri/
68509,Lincoln NE,40.7477,-96.6747,Low,Low,4.12,FEMA National Risk Index,2024,https://hazards.fema.gov/nri/
68510,Lincoln NE,40.7885,-96.6955,Low,Low,4.0,FEMA National Risk Index,2024,https://hazards.fema.gov/nri/
53701,Madison WI,43.1115,-89.2574,Low,Low,3.2,FEMA National Risk Index,2024,https://hazards.fema.gov/nri/
53702,Madison WI,43.1459,-89.308,Low,Low,3.48,FEMA National Risk Index,2024,https://hazards.fema.gov/nri/
53703,Madison WI,42.968,-89.447,Low,Low,3.17,FEMA National Risk Index,2024,https://hazards.fema.gov/nri/
53704,Madison WI,43.0892,-89.5189,Low,Low,4.02,FEMA National Risk Index,2024,https://hazards.fema.gov/nri/
53705,Madison WI,42.9577,-89.5271,Low,Low,4.08,FEMA National Risk Index,2024,https://hazards.fema.gov/nri/
53706,Madison WI,43.0212,-89.5086,Low,Low,3.25,FEMA National Risk Index,2024,https://hazards.fema.gov/nri/
53707,Madison WI,43.1038,-89.3219,Low,Low,3.9,FEMA National Risk Index,2024,https://hazards.fema.gov/nri/
53708,Madison WI,42.9813,-89.4513,Low,Low,4.01,FEMA National Risk Index,2024,https://hazards.fema.gov/nri/
53709,Madison WI,43.1809,-89.5727,Low,Low,3.3,FEMA National Risk Index,2024,https://hazards.fema.gov/nri/
53710,Madison WI,43.0885,-89.2825,Low,Low,4.04,FEMA National Risk Index,2024,https://hazards.fema.gov/nri/
53711,Madison WI,43.1248,-89.4847,Low,Low,3.41,FEMA National Risk Index,2024,https://hazards.fema.gov/nri/
53712,Madison WI,43.142,-89.2285,Low,Low,3.74,FEMA National Risk Index,2024,https://hazards.fema.gov/nri/
53713,Madison WI,43.1649,-89.4684,Low,Low,3.71,FEMA National Risk Index,2024,https://hazards.fema.gov/nri/
53714,Madison WI,42.9325,-89.2533,Low,Low,2.9,FEMA National Risk Index,2024,https://hazards.fema.gov/nri/
53715,Madison WI,43.0923,-89.5347,Low,Low,3.47,FEMA National Risk Index,2024,https://hazards.fema.gov/nri/
54301,Green Bay,44.5754,-88.1087,Low,Low,3.68,FEMA National Risk Index,2024,https://hazards.fema.gov/nri/
54302,Green Bay,44.6095,-88.0614,Low,Low,3.92,FEMA National Risk Index,2024,https://hazards.fema.gov/nri/
54303,Green Bay,44.4123,-88.1275,Low,Low,3.74,FEMA National Risk Index,2024,https://hazards.fema.gov/nri/
54304,Green Bay,44.5143,-87.8681,Low,Low,3.49,FEMA National Risk Index,2024,https://hazards.fema.gov/nri/
54305,Green Bay,44.6082,-88.1399,Low,Low,3.56,FEMA National Risk Index,2024,https://hazards.fema.gov/nri/
54306,Green Bay,44.5735,-87.9856,Low,Low,3.95,FEMA National Risk Index,2024,https://hazards.fema.gov/nri/
54307,Green Bay,44.4297,-87.9844,Low,Low,3.24,FEMA National Risk Index,2024,https://hazards.fema.gov/nri/
54308,Green Bay,44.4101,-87.9208,Low,Low,3.17,FEMA National Risk Index,2024,https://hazards.fema.gov/nri/
54309,Green Bay,44.5047,-87.9614,Low,Low,3.15,FEMA National Risk Index,2024,https://hazards.fema.gov/nri/
54310,Green Bay,44.5906,-88.0885,Low,Low,2.94,FEMA National Risk Index,2024,https://hazards.fema.gov/nri/
47201,Columbus IN,39.3389,-86.052,Low,Low,3.17,FEMA National Risk Index,2024,https://hazards.fema.gov/nri/
47202,Columbus IN,39.2979,-85.8772,Low,Low,3.64,FEMA National Risk Index,2024,https://hazards.fema.gov/nri/
47203,Columbus IN,39.0799,-85.9561,Low,Low,3.58,FEMA National Risk Index,2024,https://hazards.fema.gov/nri/
47204,Columbus IN,39.1234,-85.804,Low,Low,4.05,FEMA National Risk Index,2024,https://hazards.fema.gov/nri/
47205,Columbus IN,39.1461,-85.8341,Low,Low,3.6,FEMA National Risk Index,2024,https://hazards.fema.gov/nri/
47206,Columbus IN,39.2813,-86.0424,Low,Low,3.85,FEMA National Risk Index,2024,https://hazards.fema.gov/nri/
47207,Columbus IN,39.0835,-85.8065,Low,Low,2.91,FEMA National Risk Index,2024,https://hazards.fema.gov/nri/
47208,Columbus IN,39.2302,-85.9562,Low,Low,3.84,FEMA National Risk Index,2024,https://hazards.fema.gov/nri/
47209,Columbus IN,39.0581,-85.903,Low,Low,3.26,FEMA National Risk Index,2024,https://hazards.fema.gov/nri/
47210,Columbus IN,39.1773,-85.7527,Low,Low,3.33,FEMA National Risk Index,2024,https://hazards.fema.gov/nri/
46801,Fort Wayne,41.1968,-84.96,Low,Low,3.68,FEMA National Risk Index,2024,https://hazards.fema.gov/nri/
46802,Fort Wayne,41.2061,-85.2366,Low,Low,3.48,FEMA National Risk Index,2024,https://hazards.fema.gov/nri/
46803,Fort Wayne,41.1311,-85.0959,Low,Low,3.41,FEMA National Risk Index,2024,https://hazards.fema.gov/nri/
46804,Fort Wayne,41.2302,-85.0068,Low,Low,3.97,FEMA National Risk Index,2024,https://hazards.fema.gov/nri/
46805,Fort Wayne,41.0117,-85.2626,Low,Low,4.09,FEMA National Risk Index,2024,https://hazards.fema.gov/nri/
46806,Fort Wayne,41.1451,-85.2343,Low,Low,3.4,FEMA National Risk Index,2024,https://hazards.fema.gov/nri/
46807,Fort Wayne,41.2443,-84.9516,Low,Low,3.6,FEMA National Risk Index,2024,https://hazards.fema.gov/nri/
46808,Fort Wayne,41.0224,-84.9804,Low,Low,3.29,FEMA National Risk Index,2024,https://hazards.fema.gov/nri/
46809,Fort Wayne,41.0561,-85.2798,Low,Low,3.94,FEMA National Risk Index,2024,https://hazards.fema.gov/nri/
46810,Fort Wayne,41.0588,-85.0202,Low,Low,4.1,FEMA National Risk Index,2024,https://hazards.fema.gov/nri/
47901,Lafayette IN,40.4308,-86.6989,Low,Low,3.9,FEMA National Risk Index,2024,https://hazards.fema.gov/nri/
47902,Lafayette IN,40.4802,-86.7547,Low,Low,3.12,FEMA National Risk Index,2024,https://hazards.fema.gov/nri/
47903,Lafayette IN,40.4898,-86.9805,Low,Low,3.32,FEMA National Risk Index,2024,https://hazards.fema.gov/nri/
47904,Lafayette IN,40.5311,-86.9986,Low,Low,3.02,FEMA National Risk Index,2024,https://hazards.fema.gov/nri/
47905,Lafayette IN,40.3313,-86.8578,Low,Low,2.95,FEMA National Risk Index,2024,https://hazards.fema.gov/nri/
47906,Lafayette IN,40.3853,-86.7086,Low,Low,3.32,FEMA National Risk Index,2024,https://hazards.fema.gov/nri/
47907,Lafayette IN,40.2707,-86.8772,Low,Low,3.07,FEMA National Risk Index,2024,https://hazards.fema.gov/nri/
47908,Lafayette IN,40.5256,-86.8862,Low,Low,4.1,FEMA National Risk Index,2024,https://hazards.fema.gov/nri/
47909,Lafayette IN,40.5527,-86.8872,Low,Low,4.03,FEMA National Risk Index,2024,https://hazards.fema.gov/nri/
47910,Lafayette IN,40.3805,-87.0086,Low,Low,2.94,FEMA National Risk Index,2024,https://hazards.fema.gov/nri/
47501,Vincennes,38.7083,-87.5371,Low,Low,3.03,FEMA National Risk Index,2024,https://hazards.fema.gov/nri/
47502,Vincennes,38.6583,-87.4345,Low,Low,3.9,FEMA National Risk Index,2024,https://hazards.fema.gov/nri/
47503,Vincennes,38.7918,-87.3584,Low,Low,3.93,FEMA National Risk Index,2024,https://hazards.fema.gov/nri/
47504,Vincennes,38.6575,-87.4223,Low,Low,3.56,FEMA National Risk Index,2024,https://hazards.fema.gov/nri/
47505,Vincennes,38.619,-87.5316,Low,Low,3.08,FEMA National Risk Index,2024,https://hazards.fema.gov/nri/
47506,Vincennes,38.5733,-87.5124,Low,Low,2.94,FEMA National Risk Index,2024,https://hazards.fema.gov/nri/
47507,Vincennes,38.765,-87.6093,Low,Low,2.91,FEMA National Risk Index,2024,https://hazards.fema.gov/nri/
47508,Vincennes,38.8205,-87.6649,Low,Low,4.0,FEMA National Risk Index,2024,https://hazards.fema.gov/nri/
47509,Vincennes,38.6576,-87.4466,Low,Low,3.18,FEMA National Risk Index,2024,https://hazards.fema.gov/nri/
47510,Vincennes,38.7536,-87.3799,Low,Low,3.86,FEMA National Risk Index,2024,https://hazards.fema.gov/nri/
40601,Lexington,38.006,-84.5784,Low,Low,3.01,FEMA National Risk Index,2024,https://hazards.fema.gov/nri/
40602,Lexington,38.1332,-84.486,Low,Low,3.03,FEMA National Risk Index,2024,https://hazards.fema.gov/nri/
40603,Lexington,38.1364,-84.4982,Low,Low,4.06,FEMA National Risk Index,2024,https://hazards.fema.gov/nri/
40604,Lexington,38.1782,-84.324,Low,Low,3.89,FEMA National Risk Index,2024,https://hazards.fema.gov/nri/
40605,Lexington,38.0809,-84.3398,Low,Low,3.23,FEMA National Risk Index,2024,https://hazards.fema.gov/nri/
40606,Lexington,38.1198,-84.6788,Low,Low,3.27,FEMA National Risk Index,2024,https://hazards.fema.gov/nri/
40607,Lexington,38.0777,-84.5881,Low,Low,3.68,FEMA National Risk Index,2024,https://hazards.fema.gov/nri/
40608,Lexington,37.9708,-84.4147,Low,Low,3.92,FEMA National Risk Index,2024,https://hazards.fema.gov/nri/
40609,Lexington,38.0465,-84.4889,Low,Low,3.16,FEMA National Risk Index,2024,https://hazards.fema.gov/nri/
40610,Lexington,38.1586,-84.603,Low,Low,3.49,FEMA National Risk Index,2024,https://hazards.fema.gov/nri/
40611,Lexington,37.9947,-84.6519,Low,Low,3.25,FEMA National Risk Index,2024,https://hazards.fema.gov/nri/
40612,Lexington,38.0432,-84.5447,Low,Low,2.97,FEMA National Risk Index,2024,https://hazards.fema.gov/nri/
40613,Lexington,38.1431,-84.5392,Low,Low,3.29,FEMA National Risk Index,2024,https://hazards.fema.gov/nri/
40614,Lexington,37.8913,-84.4176,Low,Low,3.75,FEMA National Risk Index,2024,https://hazards.fema.gov/nri/
40615,Lexington,38.0832,-84.3843,Low,Low,3.1,FEMA National Risk Index,2024,https://hazards.fema.gov/nri/
37660,Kingsport,36.6554,-82.4133,Low,Low,4.05,FEMA National Risk Index,2024,https://hazards.fema.gov/nri/
37661,Kingsport,36.596,-82.5538,Low,Low,2.88,FEMA National Risk Index,2024,https://hazards.fema.gov/nri/
37662,Kingsport,36.6214,-82.41,Low,Low,3.08,FEMA National Risk Index,2024,https://hazards.fema.gov/nri/
37663,Kingsport,36.6844,-82.7363,Low,Low,3.34,FEMA National Risk Index,2024,https://hazards.fema.gov/nri/
37664,Kingsport,36.4909,-82.6425,Low,Low,3.82,FEMA National Risk Index,2024,https://hazards.fema.gov/nri/
37665,Kingsport,36.4456,-82.5524,Low,Low,2.98,FEMA National Risk Index,2024,https://hazards.fema.gov/nri/
37666,Kingsport,36.6568,-82.7302,Low,Low,3.47,FEMA National Risk Index,2024,https://hazards.fema.gov/nri/
37667,Kingsport,36.4232,-82.5806,Low,Low,3.5,FEMA National Risk Index,2024,https://hazards.fema.gov/nri/
37668,Kingsport,36.5526,-82.4312,Low,Low,4.06,FEMA National Risk Index,2024,https://hazards.fema.gov/nri/
37669,Kingsport,36.4969,-82.6474,Low,Low,3.38,FEMA National Risk Index,2024,https://hazards.fema.gov/nri/
37601,Johnson City,36.4091,-82.458,Low,Low,3.42,FEMA National Risk Index,2024,https://hazards.fema.gov/nri/
37602,Johnson City,36.1858,-82.4348,Low,Low,3.2,FEMA National Risk Index,2024,https://hazards.fema.gov/nri/
37603,Johnson City,36.3112,-82.1967,Low,Low,3.29,FEMA National Risk Index,2024,https://hazards.fema.gov/nri/
37604,Johnson City,36.42,-82.4946,Low,Low,4.07,FEMA National Risk Index,2024,https://hazards.fema.gov/nri/
37605,Johnson City,36.3076,-82.3129,Low,Low,3.47,FEMA National Risk Index,2024,https://hazards.fema.gov/nri/
37606,Johnson City,36.3907,-82.3269,Low,Low,3.41,FEMA National Risk Index,2024,https://hazards.fema.gov/nri/
37607,Johnson City,36.2673,-82.254,Low,Low,3.85,FEMA National Risk Index,2024,https://hazards.fema.gov/nri/
37608,Johnson City,36.3732,-82.3433,Low,Low,3.25,FEMA National Risk Index,2024,https://hazards.fema.gov/nri/
37609,Johnson City,36.1947,-82.2876,Low,Low,3.53,FEMA National Risk Index,2024,https://hazards.fema.gov/nri/
37610,Johnson City,36.361,-82.2936,Low,Low,3.14,FEMA National Risk Index,2024,https://hazards.fema.gov/nri/
37201,Nashville,36.0208,-86.6646,Low,Low,4.1,FEMA National Risk Index,2024,https://hazards.fema.gov/nri/
37202,Nashville,36.0437,-86.8936,Low,Low,3.96,FEMA National Risk Index,2024,https://hazards.fema.gov/nri/
37203,Nashville,36.2552,-86.9376,Low,Low,3.99,FEMA National Risk Index,2024,https://hazards.fema.gov/nri/
37204,Nashville,36.061,-86.7206,Low,Low,3.94,FEMA National Risk Index,2024,https://hazards.fema.gov/nri/
37205,Nashville,36.273,-86.7606,Low,Low,3.2,FEMA National Risk Index,2024,https://hazards.fema.gov/nri/
37206,Nashville,36.0539,-86.9444,Low,Low,3.66,FEMA National Risk Index,2024,https://hazards.fema.gov/nri/
37207,Nashville,36.1991,-86.8882,Low,Low,3.22,FEMA National Risk Index,2024,https://hazards.fema.gov/nri/
37208,Nashville,36.1133,-86.8843,Low,Low,3.7,FEMA National Risk Index,2024,https://hazards.fema.gov/nri/
37209,Nashville,36.0776,-86.7782,Low,Low,3.67,FEMA National Risk Index,2024,https://hazards.fema.gov/nri/
37210,Nashville,36.0648,-86.7019,Low,Low,3.48,FEMA National Risk Index,2024,https://hazards.fema.gov/nri/
42101,Bowling Green,36.9433,-86.4594,Low,Low,3.28,FEMA National Risk Index,2024,https://hazards.fema.gov/nri/
42102,Bowling Green,37.091,-86.3387,Low,Low,3.39,FEMA National Risk Index,2024,https://hazards.fema.gov/nri/
42103,Bowling Green,36.8589,-86.5973,Low,Low,3.06,FEMA National Risk Index,2024,https://hazards.fema.gov/nri/
42104,Bowling Green,36.8858,-86.4204,Low,Low,4.03,FEMA National Risk Index,2024,https://hazards.fema.gov/nri/
42105,Bowling Green,36.9149,-86.3951,Low,Low,2.95,FEMA National Risk Index,2024,https://hazards.fema.gov/nri/
42106,Bowling Green,36.9807,-86.5756,Low,Low,4.05,FEMA National Risk Index,2024,https://hazards.fema.gov/nri/
42107,Bowling Green,36.8426,-86.5608,Low,Low,4.07,FEMA National Risk Index,2024,https://hazards.fema.gov/nri/
42108,Bowling Green,36.8899,-86.6549,Low,Low,3.26,FEMA National Risk Index,2024,https://hazards.fema.gov/nri/
42109,Bowling Green,36.8522,-86.3383,Low,Low,3.37,FEMA National Risk Index,2024,https://hazards.fema.gov/nri/
42110,Bowling Green,36.885,-86.4697,Low,Low,3.26,FEMA National Risk Index,2024,https://hazards.fema.gov/nri/
25301,Charleston WV,38.4928,-81.7149,Low,Low,3.72,FEMA National Risk Index,2024,https://hazards.fema.gov/nri/
25302,Charleston WV,38.4804,-81.6704,Low,Low,3.96,FEMA National Risk Index,2024,https://hazards.fema.gov/nri/
25303,Charleston WV,38.3293,-81.619,Low,Low,3.79,FEMA National Risk Index,2024,https://hazards.fema.gov/nri/
25304,Charleston WV,38.4376,-81.4872,Low,Low,4.0,FEMA National Risk Index,2024,https://hazards.fema.gov/nri/
25305,Charleston WV,38.3208,-81.5498,Low,Low,3.49,FEMA National Risk Index,2024,https://hazards.fema.gov/nri/
25306,Charleston WV,38.2937,-81.5395,Low,Low,3.72,FEMA National Risk Index,2024,https://hazards.fema.gov/nri/
25307,Charleston WV,38.4838,-81.5533,Low,Low,3.23,FEMA National Risk Index,2024,https://hazards.fema.gov/nri/
25308,Charleston WV,38.4646,-81.6056,Low,Low,4.03,FEMA National Risk Index,2024,https://hazards.fema.gov/nri/
25309,Charleston WV,38.4046,-81.4693,Low,Low,3.32,FEMA National Risk Index,2024,https://hazards.fema.gov/nri/
25310,Charleston WV,38.4688,-81.4851,Low,Low,3.88,FEMA National Risk Index,2024,https://hazards.fema.gov/nri/
26101,Parkersburg,39.3149,-81.4232,Low,Low,3.46,FEMA National Risk Index,2024,https://hazards.fema.gov/nri/
26102,Parkersburg,39.3786,-81.3911,Low,Low,3.1,FEMA National Risk Index,2024,https://hazards.fema.gov/nri/
26103,Parkersburg,39.2679,-81.5006,Low,Low,2.9,FEMA National Risk Index,2024,https://hazards.fema.gov/nri/
26104,Parkersburg,39.3074,-81.4347,Low,Low,4.12,FEMA National Risk Index,2024,https://hazards.fema.gov/nri/
26105,Parkersburg,39.2244,-81.4021,Low,Low,3.83,FEMA National Risk Index,2024,https://hazards.fema.gov/nri/
26106,Parkersburg,39.2993,-81.5073,Low,Low,3.0,FEMA National Risk Index,2024,https://hazards.fema.gov/nri/
26107,Parkersburg,39.3285,-81.5729,Low,Low,3.58,FEMA National Risk Index,2024,https://hazards.fema.gov/nri/
26108,Parkersburg,39.3579,-81.4881,Low,Low,3.74,FEMA National Risk Index,2024,https://hazards.fema.gov/nri/
26109,Parkersburg,39.4096,-81.5983,Low,Low,4.12,FEMA National Risk Index,2024,https://hazards.fema.gov/nri/
26110,Parkersburg,39.234,-81.4862,Low,Low,3.68,FEMA National Risk Index,2024,https://hazards.fema.gov/nri/
24501,Lynchburg,37.2848,-79.1518,Low,Low,3.67,FEMA National Risk Index,2024,https://hazards.fema.gov/nri/
24502,Lynchburg,37.3604,-79.2192,Low,Low,3.25,FEMA National Risk Index,2024,https://hazards.fema.gov/nri/
24503,Lynchburg,37.4103,-79.127,Low,Low,3.74,FEMA National Risk Index,2024,https://hazards.fema.gov/nri/
24504,Lynchburg,37.5413,-79.0926,Low,Low,3.07,FEMA National Risk Index,2024,https://hazards.fema.gov/nri/
24505,Lynchburg,37.4301,-79.2763,Low,Low,4.02,FEMA National Risk Index,2024,https://hazards.fema.gov/nri/
24506,Lynchburg,37.3068,-79.1192,Low,Low,4.12,FEMA National Risk Index,2024,https://hazards.fema.gov/nri/
24507,Lynchburg,37.4278,-78.9677,Low,Low,2.95,FEMA National Risk Index,2024,https://hazards.fema.gov/nri/
24508,Lynchburg,37.5609,-79.2215,Low,Low,3.41,FEMA National Risk Index,2024,https://hazards.fema.gov/nri/
24509,Lynchburg,37.2748,-79.1749,Low,Low,2.97,FEMA National Risk Index,2024,https://hazards.fema.gov/nri/
24510,Lynchburg,37.4547,-79.1406,Low,Low,3.58,FEMA National Risk Index,2024,https://hazards.fema.gov/nri/
22901,Charlottesville,37.8927,-78.5234,Low,Low,3.74,FEMA National Risk Index,2024,https://hazards.fema.gov/nri/
22902,Charlottesville,38.0076,-78.5321,Low,Low,2.93,FEMA National Risk Index,2024,https://hazards.fema.gov/nri/
22903,Charlottesville,38.0744,-78.5173,Low,Low,3.84,FEMA National Risk Index,2024,https://hazards.fema.gov/nri/
22904,Charlottesville,37.8947,-78.3537,Low,Low,3.98,FEMA National Risk Index,2024,https://hazards.fema.gov/nri/
22905,Charlottesville,38.0246,-78.5513,Low,Low,3.78,FEMA National Risk Index,2024,https://hazards.fema.gov/nri/
22906,Charlottesville,38.1246,-78.4651,Low,Low,3.25,FEMA National Risk Index,2024,https://hazards.fema.gov/nri/
22907,Charlottesville,38.1051,-78.6006,Low,Low,3.08,FEMA National Risk Index,2024,https://hazards.fema.gov/nri/
22908,Charlottesville,38.0808,-78.6067,Low,Low,3.55,FEMA National Risk Index,2024,https://hazards.fema.gov/nri/
22909,Charlottesville,37.9528,-78.3938,Low,Low,3.74,FEMA National Risk Index,2024,https://hazards.fema.gov/nri/
22910,Charlottesville,38.0364,-78.4357,Low,Low,3.47,FEMA National Risk Index,2024,https://hazards.fema.gov/nri/
23451,Virginia Beach,36.9739,-75.9662,Low,Low,2.96,FEMA National Risk Index,2024,https://hazards.fema.gov/nri/
23452,Virginia Beach,36.7449,-76.1031,Low,Low,3.3,FEMA National Risk Index,2024,https://hazards.fema.gov/nri/
23453,Virginia Beach,36.79,-76.0295,Low,Low,3.63,FEMA National Risk Index,2024,https://hazards.fema.gov/nri/
23454,Virginia Beach,36.8282,-75.8688,Low,Low,3.7,FEMA National Risk Index,2024,https://hazards.fema.gov/nri/
23455,Virginia Beach,36.936,-76.1366,Low,Low,3.36,FEMA National Risk Index,2024,https://hazards.fema.gov/nri/
23456,Virginia Beach,36.8455,-76.0243,Low,Low,3.42,FEMA National Risk Index,2024,https://hazards.fema.gov/nri/
23457,Virginia Beach,36.7627,-75.8397,Low,Low,3.36,FEMA National Risk Index,2024,https://hazards.fema.gov/nri/
23458,Virginia Beach,36.8858,-76.0096,Low,Low,3.59,FEMA National Risk Index,2024,https://hazards.fema.gov/nri/
23459,Virginia Beach,36.8071,-76.0947,Low,Low,3.65,FEMA National Risk Index,2024,https://hazards.fema.gov/nri/
23460,Virginia Beach,36.7453,-75.8398,Low,Low,3.17,FEMA National Risk Index,2024,https://hazards.fema.gov/nri/
23601,Newport News,37.1125,-76.5177,Low,Low,3.87,FEMA National Risk Index,2024,https://hazards.fema.gov/nri/
23602,Newport News,36.9948,-76.4527,Low,Low,2.94,FEMA National Risk Index,2024,https://hazards.fema.gov/nri/
23603,Newport News,36.9823,-76.5844,Low,Low,4.05,FEMA National Risk Index,2024,https://hazards.fema.gov/nri/
23604,Newport News,36.9445,-76.6169,Low,Low,3.97,FEMA National Risk Index,2024,https://hazards.fema.gov/nri/
23605,Newport News,37.0609,-76.635,Low,Low,3.54,FEMA National Risk Index,2024,https://hazards.fema.gov/nri/
23606,Newport News,36.9444,-76.3611,Low,Low,3.08,FEMA National Risk Index,2024,https://hazards.fema.gov/nri/
23607,Newport News,37.1419,-76.6161,Low,Low,3.04,FEMA National Risk Index,2024,https://hazards.fema.gov/nri/
23608,Newport News,37.2114,-76.4137,Low,Low,3.19,FEMA National Risk Index,2024,https://hazards.fema.gov/nri/
23609,Newport News,37.0603,-76.582,Low,Low,4.12,FEMA National Risk Index,2024,https://hazards.fema.gov/nri/
23610,Newport News,37.015,-76.5189,Low,Low,3.06,FEMA National Risk Index,2024,https://hazards.fema.gov/nri/
23301,Richmond VA,37.4927,-77.601,Low,Low,3.69,FEMA National Risk Index,2024,https://hazards.fema.gov/nri/
23302,Richmond VA,37.6892,-77.5453,Low,Low,3.67,FEMA National Risk Index,2024,https://hazards.fema.gov/nri/
23303,Richmond VA,37.6332,-77.5566,Low,Low,3.79,FEMA National Risk Index,2024,https://hazards.fema.gov/nri/
23304,Richmond VA,37.5591,-77.2818,Low,Low,3.0,FEMA National Risk Index,2024,https://hazards.fema.gov/nri/
23305,Richmond VA,37.667,-77.563,Low,Low,3.1,FEMA National Risk Index,2024,https://hazards.fema.gov/nri/
23306,Richmond VA,37.4218,-77.4612,Low,Low,3.42,FEMA National Risk Index,2024,https://hazards.fema.gov/nri/
23307,Richmond VA,37.4294,-77.3005,Low,Low,3.95,FEMA National Risk Index,2024,https://hazards.fema.gov/nri/
23308,Richmond VA,37.4311,-77.35,Low,Low,3.07,FEMA National Risk Index,2024,https://hazards.fema.gov/nri/
23309,Richmond VA,37.3942,-77.5942,Low,Low,3.05,FEMA National Risk Index,2024,https://hazards.fema.gov/nri/
23310,Richmond VA,37.5728,-77.2893,Low,Low,2.92,FEMA National Risk Index,2024,https://hazards.fema.gov/nri/
