zip_code,metro,lat,lng,cap_rate_pct,cap_rate_class_a_pct,cap_rate_class_b_pct,data_source,as_of_date,source_url
10001,New York,40.564,-74.0031,4.83,3.76,4.55,CBRE Cap Rate Survey,2025-Q4,https://www.cbre.com/insights/reports/cap-rate-survey
10002,New York,40.7872,-73.9938,5.08,5.15,4.45,CBRE Cap Rate Survey,2025-Q4,https://www.cbre.com/insights/reports/cap-rate-survey
10003,New York,40.8358,-74.1131,4.38,5.02,5.21,CBRE Cap Rate Survey,2025-Q4,https://www.cbre.com/insights/reports/cap-rate-survey
10004,New York,40.5966,-73.9574,5.36,3.87,5.01,CBRE Cap Rate Survey,2025-Q4,https://www.cbre.com/insights/reports/cap-rate-survey
10005,New York,40.6223,-73.9097,4.15,4.94,5.7,CBRE Cap Rate Survey,2025-Q4,https://www.cbre.com/insights/reports/cap-rate-survey
10006,New York,40.7455,-74.1688,5.63,4.1,4.22,CBRE Cap Rate Survey,2025-Q4,https://www.cbre.com/insights/reports/cap-rate-survey
10007,New York,40.753,-74.0236,5.54,4.64,5.88,CBRE Cap Rate Survey,2025-Q4,https://www.cbre.com/insights/reports/cap-rate-survey
10008,New York,40.8409,-73.8729,3.95,4.01,4.38,CBRE Cap Rate Survey,2025-Q4,https://www.cbre.com/insights/reports/cap-rate-survey
10009,New York,40.6863,-73.8916,4.44,3.99,4.97,CBRE Cap Rate Survey,2025-Q4,https://www.cbre.com/insights/reports/cap-rate-survey
10010,New York,40.6582,-74.1744,4.51,3.75,5.79,CBRE Cap Rate Survey,2025-Q4,https://www.cbre.com/insights/reports/cap-rate-survey
10011,New York,40.6164,-74.0364,4.06,5.03,5.82,CBRE Cap Rate Survey,2025-Q4,https://www.cbre.com/insights/reports/cap-rate-survey
10012,New York,40.7651,-74.0813,4.72,4.74,4.2,CBRE Cap Rate Survey,2025-Q4,https://www.cbre.com/insights/reports/cap-rate-survey
10013,New York,40.5718,-73.9069,5.18,4.57,4.77,CBRE Cap Rate Survey,2025-Q4,https://www.cbre.com/insights/reports/cap-rate-survey
10014,New York,40.8483,-73.9022,4.71,4.42,5.38,CBRE Cap Rate Survey,2025-Q4,https://www.cbre.com/insights/reports/cap-rate-survey
10015,New York,40.7876,-73.9791,5.63,4.96,5.34,CBRE Cap Rate Survey,2025-Q4,https://www.cbre.com/insights/reports/cap-rate-survey
10016,New York,40.8492,-73.9492,4.03,5.09,5.84,CBRE Cap Rate Survey,2025-Q4,https://www.cbre.com/insights/reports/cap-rate-survey
10017,New York,40.7315,-74.0492,4.15,4.78,4.66,CBRE Cap Rate Survey,2025-Q4,https://www.cbre.com/insights/reports/cap-rate-survey
10018,New York,40.7465,-74.0062,5.46,4.27,5.77,CBRE Cap Rate Survey,2025-Q4,https://www.cbre.com/insights/reports/cap-rate-survey
10019,New York,40.8496,-73.9842,4.31,4.86,4.73,CBRE Cap Rate Survey,2025-Q4,https://www.cbre.com/insights/reports/cap-rate-survey
10020,New York,40.7937,-74.0435,5.19,4.12,4.36,CBRE Cap Rate Survey,2025-Q4,https://www.cbre.com/insights/reports/cap-rate-survey
10021,New York,40.8501,-73.9875,5.33,4.71,5.18,CBRE Cap Rate Survey,2025-Q4,https://www.cbre.com/insights/reports/cap-rate-survey
10022,New York,40.61,-74.0677,3.99,4.34,4.26,CBRE Cap Rate Survey,2025-Q4,https://www.cbre.com/insights/reports/cap-rate-survey
10023,New York,40.6564,-74.081,4.52,3.94,5.79,CBRE Cap Rate Survey,2025-Q4,https://www.cbre.com/insights/reports/cap-rate-survey
10024,New York,40.8034,-74.1215,4.37,4.2,4.92,CBRE Cap Rate Survey,2025-Q4,https://www.cbre.com/insights/reports/cap-rate-survey
10025,New York,40.8144,-73.9565,5.16,4.74,4.61,CBRE Cap Rate Survey,2025-Q4,https://www.cbre.com/insights/reports/cap-rate-survey
10026,New York,40.8152,-74.1239,4.15,5.15,5.81,CBRE Cap Rate Survey,2025-Q4,https://www.cbre.com/insights/reports/cap-rate-survey
10027,New York,40.7701,-73.9228,5.13,4.3,5.71,CBRE Cap Rate Survey,2025-Q4,https://www.cbre.com/insights/reports/cap-rate-survey
10028,New York,40.8363,-73.9296,4.86,4.25,5.56,CBRE Cap Rate Survey,2025-Q4,https://www.cbre.com/insights/reports/cap-rate-survey
10029,New York,40.6248,-74.0618,4.47,4.52,4.76,CBRE Cap Rate Survey,2025-Q4,https://www.cbre.com/insights/reports/cap-rate-survey
10030,New York,40.8296,-74.1136,5.6,4.69,5.3,CBRE Cap Rate Survey,2025-Q4,https://www.cbre.com/insights/reports/cap-rate-survey
10031,New York,40.7547,-73.8801,4.96,5.01,4.34,CBRE Cap Rate Survey,2025-Q4,https://www.cbre.com/insights/reports/cap-rate-survey
10032,New York,40.7883,-74.1199,5.36,4.12,5.89,CBRE Cap Rate Survey,2025-Q4,https://www.cbre.com/insights/reports/cap-rate-survey
10033,New York,40.6653,-73.844,5.54,4.32,5.19,CBRE Cap Rate Survey,2025-Q4,https://www.cbre.com/insights/reports/cap-rate-survey
10034,New York,40.819,-74.1257,4.54,5.03,4.82,CBRE Cap Rate Survey,2025-Q4,https://www.cbre.com/insights/reports/cap-rate-survey
10035,New York,40.841,-73.8655,4.51,3.86,5.72,CBRE Cap Rate Survey,2025-Q4,https://www.cbre.com/insights/reports/cap-rate-survey
10036,New York,40.8428,-74.1198,4.76,4.29,4.6,CBRE Cap Rate Survey,2025-Q4,https://www.cbre.com/insights/reports/cap-rate-survey
10037,New York,40.7695,-73.8682,5.64,4.89,5.88,CBRE Cap Rate Survey,2025-Q4,https://www.cbre.com/insights/reports/cap-rate-survey
10038,New York,40.6597,-74.0256,5.59,3.82,5.34,CBRE Cap Rate Survey,2025-Q4,https://www.cbre.com/insights/reports/cap-rate-survey
10039,New York,40.8624,-74.1386,5.38,4.21,4.9,CBRE Cap Rate Survey,2025-Q4,https://www.cbre.com/insights/reports/cap-rate-survey
10040,New York,40.8485,-74.0837,5.17,4.52,4.12,CBRE Cap Rate Survey,2025-Q4,https://www.cbre.com/insights/reports/cap-rate-survey
10041,New York,40.7061,-73.8581,5.31,3.84,5.16,CBRE Cap Rate Survey,2025-Q4,https://www.cbre.com/insights/reports/cap-rate-survey
10042,New York,40.592,-74.102,4.44,4.14,4.56,CBRE Cap Rate Survey,2025-Q4,https://www.cbre.com/insights/reports/cap-rate-survey
10043,New York,40.854,-74.0088,4.37,3.66,4.85,CBRE Cap Rate Survey,2025-Q4,https://www.cbre.com/insights/reports/cap-rate-survey
10044,New York,40.6682,-74.0982,4.11,4.07,4.37,CBRE Cap Rate Survey,2025-Q4,https://www.cbre.com/insights/reports/cap-rate-survey
10045,New York,40.8559,-74.1667,4.18,4.3,4.73,CBRE Cap Rate Survey,2025-Q4,https://www.cbre.com/insights/reports/cap-rate-survey
10046,New York,40.7917,-73.9853,3.98,4.78,4.59,CBRE Cap Rate Survey,2025-Q4,https://www.cbre.com/insights/reports/cap-rate-survey
10047,New York,40.7567,-73.9596,4.12,4.45,5.18,CBRE Cap Rate Survey,2025-Q4,https://www.cbre.com/insights/reports/cap-rate-survey
10048,New York,40.7048,-73.9293,3.97,4.68,4.6,CBRE Cap Rate Survey,2025-Q4,https://www.cbre.com/insights/reports/cap-rate-survey
10049,New York,40.8035,-74.1252,4.36,3.85,4.11,CBRE Cap Rate Survey,2025-Q4,https://www.cbre.com/insights/reports/cap-rate-survey
10050,New York,40.6196,-73.9172,5.26,4.53,4.89,CBRE Cap Rate Survey,2025-Q4,https://www.cbre.com/insights/reports/cap-rate-survey
10051,New York,40.643,-73.924,4.62,3.86,5.23,CBRE Cap Rate Survey,2025-Q4,https://www.cbre.com/insights/reports/cap-rate-survey
10052,New York,40.6472,-73.9063,4.36,4.27,4.73,CBRE Cap Rate Survey,2025-Q4,https://www.cbre.com/insights/reports/cap-rate-survey
10053,New York,40.851,-74.0213,5.02,5.18,4.76,CBRE Cap Rate Survey,2025-Q4,https://www.cbre.com/insights/reports/cap-rate-survey
10054,New York,40.6703,-74.059,4.52,4.13,4.78,CBRE Cap Rate Survey,2025-Q4,https://www.cbre.com/insights/reports/cap-rate-survey
10055,New York,40.7919,-73.9193,5.02,3.62,4.48,CBRE Cap Rate Survey,2025-Q4,https://www.cbre.com/insights/reports/cap-rate-survey
10056,New York,40.7687,-74.0027,4.6,4.74,4.42,CBRE Cap Rate Survey,2025-Q4,https://www.cbre.com/insights/reports/cap-rate-survey
10057,New York,40.7865,-73.9435,5.0,5.16,5.48,CBRE Cap Rate Survey,2025-Q4,https://www.cbre.com/insights/reports/cap-rate-survey
10058,New York,40.762,-74.0912,4.31,4.57,5.53,CBRE Cap Rate Survey,2025-Q4,https://www.cbre.com/insights/reports/cap-rate-survey
10059,New York,40.8554,-73.9114,5.63,4.97,5.22,CBRE Cap Rate Survey,2025-Q4,https://www.cbre.com/insights/reports/cap-rate-survey
10060,New York,40.7568,-73.9228,4.94,3.8,5.11,CBRE Cap Rate Survey,2025-Q4,https://www.cbre.com/insights/reports/cap-rate-survey
10061,New York,40.6937,-74.1749,4.74,3.79,4.99,CBRE Cap Rate Survey,2025-Q4,https://www.cbre.com/insights/reports/cap-rate-survey
10062,New York,40.6367,-73.8556,5.53,4.34,5.65,CBRE Cap Rate Survey,2025-Q4,https://www.cbre.com/insights/reports/cap-rate-survey
10063,New York,40.7167,-73.9992,4.9,4.86,4.34,CBRE Cap Rate Survey,2025-Q4,https://www.cbre.com/insights/reports/cap-rate-survey
10064,New York,40.6219,-74.1213,5.31,4.24,5.31,CBRE Cap Rate Survey,2025-Q4,https://www.cbre.com/insights/reports/cap-rate-survey
10065,New York,40.6587,-73.9155,5.65,4.2,4.5,CBRE Cap Rate Survey,2025-Q4,https://www.cbre.com/insights/reports/cap-rate-survey
10066,New York,40.8151,-73.837,5.18,4.69,5.54,CBRE Cap Rate Survey,2025-Q4,https://www.cbre.com/insights/reports/cap-rate-survey
10067,New York,40.8289,-73.9201,4.84,4.01,4.52,CBRE Cap Rate Survey,2025-Q4,https://www.cbre.com/insights/reports/cap-rate-survey
10068,New York,40.6768,-73.9826,5.29,4.74,4.11,CBRE Cap Rate Survey,2025-Q4,https://www.cbre.com/insights/reports/cap-rate-survey
10069,New York,40.5917,-73.9744,5.22,4.94,4.47,CBRE Cap Rate Survey,2025-Q4,https://www.cbre.com/insights/reports/cap-rate-survey
10070,New York,40.5835,-73.9129,5.45,4.23,5.17,CBRE Cap Rate Survey,2025-Q4,https://www.cbre.com/insights/reports/cap-rate-survey
10071,New York,40.5696,-73.881,5.6,4.6,4.44,CBRE Cap Rate Survey,2025-Q4,https://www.cbre.com/insights/reports/cap-rate-survey
10072,New York,40.6973,-73.8572,4.97,3.98,4.84,CBRE Cap Rate Survey,2025-Q4,https://www.cbre.com/insights/reports/cap-rate-survey
10073,New York,40.6683,-73.8412,5.06,4.77,4.2,CBRE Cap Rate Survey,2025-Q4,https://www.cbre.com/insights/reports/cap-rate-survey
10074,New York,40.6544,-73.9861,4.15,3.65,5.07,CBRE Cap Rate Survey,2025-Q4,https://www.cbre.com/insights/reports/cap-rate-survey
10075,New York,40.8282,-73.9756,5.34,3.89,5.08,CBRE Cap Rate Survey,2025-Q4,https://www.cbre.com/insights/reports/cap-rate-survey
10076,New York,40.5789,-73.8746,5.3,4.07,4.57,CBRE Cap Rate Survey,2025-Q4,https://www.cbre.com/insights/reports/cap-rate-survey
10077,New York,40.8013,-73.9942,5.2,3.97,5.72,CBRE Cap Rate Survey,2025-Q4,https://www.cbre.com/insights/reports/cap-rate-survey
10078,New York,40.7908,-74.0033,4.16,3.98,5.04,CBRE Cap Rate Survey,2025-Q4,https://www.cbre.com/insights/reports/cap-rate-survey
10079,New York,40.5863,-74.0558,4.27,5.11,4.93,CBRE Cap Rate Survey,2025-Q4,https://www.cbre.com/insights/reports/cap-rate-survey
10080,New York,40.6942,-74.0887,3.96,3.74,5.52,CBRE Cap Rate Survey,2025-Q4,https://www.cbre.com/insights/reports/cap-rate-survey
90001,Los Angeles,34.1214,-118.2314,4.13,3.51,4.72,CBRE Cap Rate Survey,2025-Q4,https://www.cbre.com/insights/reports/cap-rate-survey
90002,Los Angeles,34.0392,-118.3354,4.74,4.37,5.54,CBRE Cap Rate Survey,2025-Q4,https://www.cbre.com/insights/reports/cap-rate-survey
90003,Los Angeles,33.9029,-118.243,5.12,4.34,3.89,CBRE Cap Rate Survey,2025-Q4,https://www.cbre.com/insights/reports/cap-rate-survey
90004,Los Angeles,34.1509,-118.1387,4.6,4.12,4.14,CBRE Cap Rate Survey,2025-Q4,https://www.cbre.com/insights/reports/cap-rate-survey
90005,Los Angeles,33.9751,-118.415,5.16,3.7,4.05,CBRE Cap Rate Survey,2025-Q4,https://www.cbre.com/insights/reports/cap-rate-survey
90006,Los Angeles,33.999,-118.3099,4.33,4.74,4.13,CBRE Cap Rate Survey,2025-Q4,https://www.cbre.com/insights/reports/cap-rate-survey
90007,Los Angeles,34.0868,-118.1844,4.78,4.47,4.8,CBRE Cap Rate Survey,2025-Q4,https://www.cbre.com/insights/reports/cap-rate-survey
90008,Los Angeles,34.0856,-118.2297,5.16,3.7,5.17,CBRE Cap Rate Survey,2025-Q4,https://www.cbre.com/insights/reports/cap-rate-survey
90009,Los Angeles,34.1576,-118.2875,4.83,4.2,4.73,CBRE Cap Rate Survey,2025-Q4,https://www.cbre.com/insights/reports/cap-rate-survey
90010,Los Angeles,33.948,-118.2617,4.52,3.47,4.24,CBRE Cap Rate Survey,2025-Q4,https://www.cbre.com/insights/reports/cap-rate-survey
90011,Los Angeles,34.161,-118.072,4.69,4.48,4.81,CBRE Cap Rate Survey,2025-Q4,https://www.cbre.com/insights/reports/cap-rate-survey
90012,Los Angeles,34.0257,-118.3151,4.63,3.65,5.03,CBRE Cap Rate Survey,2025-Q4,https://www.cbre.com/insights/reports/cap-rate-survey
90013,Los Angeles,34.0993,-118.269,4.23,3.7,4.53,CBRE Cap Rate Survey,2025-Q4,https://www.cbre.com/insights/reports/cap-rate-survey
90014,Los Angeles,33.9242,-118.2933,5.12,3.41,5.46,CBRE Cap Rate Survey,2025-Q4,https://www.cbre.com/insights/reports/cap-rate-survey
90015,Los Angeles,34.1921,-118.1397,3.72,4.39,4.18,CBRE Cap Rate Survey,2025-Q4,https://www.cbre.com/insights/reports/cap-rate-survey
90016,Los Angeles,34.1713,-118.2349,4.52,4.53,3.86,CBRE Cap Rate Survey,2025-Q4,https://www.cbre.com/insights/reports/cap-rate-survey
90017,Los Angeles,34.1716,-118.1116,4.35,4.2,5.38,CBRE Cap Rate Survey,2025-Q4,https://www.cbre.com/insights/reports/cap-rate-survey
90018,Los Angeles,33.9229,-118.1455,4.89,4.24,4.0,CBRE Cap Rate Survey,2025-Q4,https://www.cbre.com/insights/reports/cap-rate-survey
90019,Los Angeles,33.9689,-118.1972,5.15,3.56,4.03,CBRE Cap Rate Survey,2025-Q4,https://www.cbre.com/insights/reports/cap-rate-survey
90020,Los Angeles,33.9238,-118.0834,5.15,3.87,5.47,CBRE Cap Rate Survey,2025-Q4,https://www.cbre.com/insights/reports/cap-rate-survey
90021,Los Angeles,34.1068,-118.1598,5.11,4.48,4.56,CBRE Cap Rate Survey,2025-Q4,https://www.cbre.com/insights/reports/cap-rate-survey
90022,Los Angeles,34.0847,-118.1458,4.47,4.37,4.32,CBRE Cap Rate Survey,2025-Q4,https://www.cbre.com/insights/reports/cap-rate-survey
90023,Los Angeles,34.1212,-118.3214,3.92,3.77,3.96,CBRE Cap Rate Survey,2025-Q4,https://www.cbre.com/insights/reports/cap-rate-survey
90024,Los Angeles,33.9381,-118.3817,4.99,3.88,4.26,CBRE Cap Rate Survey,2025-Q4,https://www.cbre.com/insights/reports/cap-rate-survey
90025,Los Angeles,34.1683,-118.421,4.38,4.66,4.17,CBRE Cap Rate Survey,2025-Q4,https://www.cbre.com/insights/reports/cap-rate-survey
90026,Los Angeles,34.018,-118.0865,4.17,3.91,5.47,CBRE Cap Rate Survey,2025-Q4,https://www.cbre.com/insights/reports/cap-rate-survey
90027,Los Angeles,34.0829,-118.2324,4.01,4.24,4.05,CBRE Cap Rate Survey,2025-Q4,https://www.cbre.com/insights/reports/cap-rate-survey
90028,Los Angeles,34.0628,-118.3854,4.55,3.85,4.84,CBRE Cap Rate Survey,2025-Q4,https://www.cbre.com/insights/reports/cap-rate-survey
90029,Los Angeles,33.9948,-118.3634,4.57,4.3,5.23,CBRE Cap Rate Survey,2025-Q4,https://www.cbre.com/insights/reports/cap-rate-survey
90030,Los Angeles,33.9549,-118.1002,3.95,4.67,5.14,CBRE Cap Rate Survey,2025-Q4,https://www.cbre.com/insights/reports/cap-rate-survey
90031,Los Angeles,34.0853,-118.1248,4.3,4.03,3.98,CBRE Cap Rate Survey,2025-Q4,https://www.cbre.com/insights/reports/cap-rate-survey
90032,Los Angeles,34.0964,-118.3443,3.96,3.74,5.42,CBRE Cap Rate Survey,2025-Q4,https://www.cbre.com/insights/reports/cap-rate-survey
90033,Los Angeles,34.0182,-118.3844,4.9,3.37,4.81,CBRE Cap Rate Survey,2025-Q4,https://www.cbre.com/insights/reports/cap-rate-survey
90034,Los Angeles,33.9229,-118.1975,4.03,4.16,4.21,CBRE Cap Rate Survey,2025-Q4,https://www.cbre.com/insights/reports/cap-rate-survey
90035,Los Angeles,34.1844,-118.1729,4.69,3.4,5.11,CBRE Cap Rate Survey,2025-Q4,https://www.cbre.com/insights/reports/cap-rate-survey
90036,Los Angeles,34.0083,-118.1578,3.95,4.62,4.56,CBRE Cap Rate Survey,2025-Q4,https://www.cbre.com/insights/reports/cap-rate-survey
90037,Los Angeles,33.9468,-118.3693,3.82,4.1,4.56,CBRE Cap Rate Survey,2025-Q4,https://www.cbre.com/insights/reports/cap-rate-survey
90038,Los Angeles,34.0832,-118.4076,3.82,4.01,4.7,CBRE Cap Rate Survey,2025-Q4,https://www.cbre.com/insights/reports/cap-rate-survey
90039,Los Angeles,33.9634,-118.0968,4.19,3.56,4.14,CBRE Cap Rate Survey,2025-Q4,https://www.cbre.com/insights/reports/cap-rate-survey
90040,Los Angeles,34.1224,-118.2212,5.17,3.58,4.21,CBRE Cap Rate Survey,2025-Q4,https://www.cbre.com/insights/reports/cap-rate-survey
90041,Los Angeles,34.1348,-118.2771,5.31,4.05,4.44,CBRE Cap Rate Survey,2025-Q4,https://www.cbre.com/insights/reports/cap-rate-survey
90042,Los Angeles,34.0297,-118.2394,4.84,4.3,4.95,CBRE Cap Rate Survey,2025-Q4,https://www.cbre.com/insights/reports/cap-rate-survey
90043,Los Angeles,34.1872,-118.1309,5.12,4.11,4.49,CBRE Cap Rate Survey,2025-Q4,https://www.cbre.com/insights/reports/cap-rate-survey
90044,Los Angeles,34.0132,-118.1634,4.77,3.39,3.94,CBRE Cap Rate Survey,2025-Q4,https://www.cbre.com/insights/reports/cap-rate-survey
90045,Los Angeles,34.1026,-118.1199,5.19,4.08,3.91,CBRE Cap Rate Survey,2025-Q4,https://www.cbre.com/insights/reports/cap-rate-survey
90046,Los Angeles,33.9073,-118.1468,4.97,3.59,4.7,CBRE Cap Rate Survey,2025-Q4,https://www.cbre.com/insights/reports/cap-rate-survey
90047,Los Angeles,34.1758,-118.0821,3.84,3.64,5.13,CBRE Cap Rate Survey,2025-Q4,https://www.cbre.com/insights/reports/cap-rate-survey
90048,Los Angeles,34.1469,-118.2681,3.88,4.63,5.12,CBRE Cap Rate Survey,2025-Q4,https://www.cbre.com/insights/reports/cap-rate-survey
90049,Los Angeles,34.0295,-118.4192,3.79,4.03,4.03,CBRE Cap Rate Survey,2025-Q4,https://www.cbre.com/insights/reports/cap-rate-survey
90050,Los Angeles,34.0881,-118.0957,5.19,4.66,4.21,CBRE Cap Rate Survey,2025-Q4,https://www.cbre.com/insights/reports/cap-rate-survey
90051,Los Angeles,34.0655,-118.4031,5.23,4.09,4.52,CBRE Cap Rate Survey,2025-Q4,https://www.cbre.com/insights/reports/cap-rate-survey
90052,Los Angeles,34.0743,-118.1046,4.7,4.26,4.9,CBRE Cap Rate Survey,2025-Q4,https://www.cbre.com/insights/reports/cap-rate-survey
90053,Los Angeles,33.9527,-118.2702,4.94,4.48,4.84,CBRE Cap Rate Survey,2025-Q4,https://www.cbre.com/insights/reports/cap-rate-survey
90054,Los Angeles,34.0598,-118.2157,3.76,3.99,4.33,CBRE Cap Rate Survey,2025-Q4,https://www.cbre.com/insights/reports/cap-rate-survey
90055,Los Angeles,34.0001,-118.2148,4.79,4.38,3.95,CBRE Cap Rate Survey,2025-Q4,https://www.cbre.com/insights/reports/cap-rate-survey
90056,Los Angeles,34.0884,-118.3838,4.74,3.95,4.25,CBRE Cap Rate Survey,2025-Q4,https://www.cbre.com/insights/reports/cap-rate-survey
90057,Los Angeles,34.1417,-118.4208,4.87,3.82,5.24,CBRE Cap Rate Survey,2025-Q4,https://www.cbre.com/insights/reports/cap-rate-survey
90058,Los Angeles,33.9248,-118.1827,4.08,4.67,4.91,CBRE Cap Rate Survey,2025-Q4,https://www.cbre.com/insights/reports/cap-rate-survey
90059,Los Angeles,34.0479,-118.173,4.52,4.65,4.23,CBRE Cap Rate Survey,2025-Q4,https://www.cbre.com/insights/reports/cap-rate-survey
90060,Los Angeles,34.1424,-118.228,5.25,4.15,5.06,CBRE Cap Rate Survey,2025-Q4,https://www.cbre.com/insights/reports/cap-rate-survey
90061,Los Angeles,34.0107,-118.2141,3.84,4.01,5.52,CBRE Cap Rate Survey,2025-Q4,https://www.cbre.com/insights/reports/cap-rate-survey
90062,Los Angeles,33.9245,-118.0951,5.04,4.71,3.93,CBRE Cap Rate Survey,2025-Q4,https://www.cbre.com/insights/reports/cap-rate-survey
90063,Los Angeles,33.9377,-118.2025,4.54,4.03,5.48,CBRE Cap Rate Survey,2025-Q4,https://www.cbre.com/insights/reports/cap-rate-survey
90064,Los Angeles,34.0515,-118.3478,5.29,4.4,5.35,CBRE Cap Rate Survey,2025-Q4,https://www.cbre.com/insights/reports/cap-rate-survey
90065,Los Angeles,34.0036,-118.3985,3.8,4.77,5.47,CBRE Cap Rate Survey,2025-Q4,https://www.cbre.com/insights/reports/cap-rate-survey
90066,Los Angeles,33.9078,-118.0645,5.21,3.58,4.34,CBRE Cap Rate Survey,2025-Q4,https://www.cbre.com/insights/reports/cap-rate-survey
90067,Los Angeles,34.0193,-118.2298,4.58,4.51,4.54,CBRE Cap Rate Survey,2025-Q4,https://www.cbre.com/insights/reports/cap-rate-survey
90068,Los Angeles,34.1604,-118.0666,3.8,3.64,4.37,CBRE Cap Rate Survey,2025-Q4,https://www.cbre.com/insights/reports/cap-rate-survey
90069,Los Angeles,34.1507,-118.2329,5.16,3.43,5.49,CBRE Cap Rate Survey,2025-Q4,https://www.cbre.com/insights/reports/cap-rate-survey
90070,Los Angeles,34.1998,-118.1668,4.45,3.67,3.9,CBRE Cap Rate Survey,2025-Q4,https://www.cbre.com/insights/reports/cap-rate-survey
90071,Los Angeles,33.9779,-118.1879,4.19,4.68,4.39,CBRE Cap Rate Survey,2025-Q4,https://www.cbre.com/insights/reports/cap-rate-survey
90072,Los Angeles,33.9839,-118.106,3.91,4.04,4.93,CBRE Cap Rate Survey,2025-Q4,https://www.cbre.com/insights/reports/cap-rate-survey
90073,Los Angeles,33.9542,-118.391,3.98,3.59,5.25,CBRE Cap Rate Survey,2025-Q4,https://www.cbre.com/insights/reports/cap-rate-survey
90074,Los Angeles,34.0595,-118.3353,5.15,3.98,5.1,CBRE Cap Rate Survey,2025-Q4,https://www.cbre.com/insights/reports/cap-rate-survey
90075,Los Angeles,34.0552,-118.1555,4.93,4.38,4.94,CBRE Cap Rate Survey,2025-Q4,https://www.cbre.com/insights/reports/cap-rate-survey
90076,Los Angeles,34.1445,-118.2757,4.22,3.91,4.6,CBRE Cap Rate Survey,2025-Q4,https://www.cbre.com/insights/reports/cap-rate-survey
90077,Los Angeles,34.1051,-118.3696,4.38,4.22,5.02,CBRE Cap Rate Survey,2025-Q4,https://www.cbre.com/insights/reports/cap-rate-survey
90078,Los Angeles,34.1916,-118.2034,4.93,4.13,4.34,CBRE Cap Rate Survey,2025-Q4,https://www.cbre.com/insights/reports/cap-rate-survey
90079,Los Angeles,33.9753,-118.3549,4.48,3.36,4.46,CBRE Cap Rate Survey,2025-Q4,https://www.cbre.com/insights/reports/cap-rate-survey
90080,Los Angeles,33.9908,-118.0727,4.74,3.8,5.35,CBRE Cap Rate Survey,2025-Q4,https://www.cbre.com/insights/reports/cap-rate-survey
60601,Chicago,41.8072,-87.7025,5.41,5.44,4.98,CBRE Cap Rate Survey,2025-Q4,https://www.cbre.com/insights/reports/cap-rate-survey
60602,Chicago,41.7627,-87.717,4.88,4.91,6.09,CBRE Cap Rate Survey,2025-Q4,https://www.cbre.com/insights/reports/cap-rate-survey
60603,Chicago,41.8959,-87.4839,5.05,5.52,5.34,CBRE Cap Rate Survey,2025-Q4,https://www.cbre.com/insights/reports/cap-rate-survey
60604,Chicago,41.9676,-87.6706,4.93,5.1,4.71,CBRE Cap Rate Survey,2025-Q4,https://www.cbre.com/insights/reports/cap-rate-survey
60605,Chicago,41.8354,-87.5089,4.97,5.64,5.58,CBRE Cap Rate Survey,2025-Q4,https://www.cbre.com/insights/reports/cap-rate-survey
60606,Chicago,41.9104,-87.512,5.78,5.93,6.27,CBRE Cap Rate Survey,2025-Q4,https://www.cbre.com/insights/reports/cap-rate-survey
60607,Chicago,41.7836,-87.7617,5.02,5.04,5.54,CBRE Cap Rate Survey,2025-Q4,https://www.cbre.com/insights/reports/cap-rate-survey
60608,Chicago,41.9675,-87.5971,5.27,4.52,5.6,CBRE Cap Rate Survey,2025-Q4,https://www.cbre.com/insights/reports/cap-rate-survey
60609,Chicago,41.9584,-87.4849,5.35,4.79,4.77,CBRE Cap Rate Survey,2025-Q4,https://www.cbre.com/insights/reports/cap-rate-survey
60610,Chicago,41.9527,-87.7464,5.91,5.83,6.12,CBRE Cap Rate Survey,2025-Q4,https://www.cbre.com/insights/reports/cap-rate-survey
60611,Chicago,41.9986,-87.533,5.95,5.87,4.86,CBRE Cap Rate Survey,2025-Q4,https://www.cbre.com/insights/reports/cap-rate-survey
60612,Chicago,41.8096,-87.6634,4.71,4.83,6.64,CBRE Cap Rate Survey,2025-Q4,https://www.cbre.com/insights/reports/cap-rate-survey
60613,Chicago,42.0224,-87.483,5.41,4.84,5.29,CBRE Cap Rate Survey,2025-Q4,https://www.cbre.com/insights/reports/cap-rate-survey
60614,Chicago,41.8415,-87.5368,4.52,5.27,5.37,CBRE Cap Rate Survey,2025-Q4,https://www.cbre.com/insights/reports/cap-rate-survey
60615,Chicago,41.8751,-87.7045,6.43,4.9,4.75,CBRE Cap Rate Survey,2025-Q4,https://www.cbre.com/insights/reports/cap-rate-survey
60616,Chicago,41.8192,-87.6943,6.04,5.96,5.11,CBRE Cap Rate Survey,2025-Q4,https://www.cbre.com/insights/reports/cap-rate-survey
60617,Chicago,41.7678,-87.4937,6.03,4.91,5.5,CBRE Cap Rate Survey,2025-Q4,https://www.cbre.com/insights/reports/cap-rate-survey
60618,Chicago,41.823,-87.5055,4.65,5.78,5.16,CBRE Cap Rate Survey,2025-Q4,https://www.cbre.com/insights/reports/cap-rate-survey
60619,Chicago,41.9999,-87.8035,5.14,4.19,5.67,CBRE Cap Rate Survey,2025-Q4,https://www.cbre.com/insights/reports/cap-rate-survey
60620,Chicago,41.7287,-87.5826,5.54,4.21,5.78,CBRE Cap Rate Survey,2025-Q4,https://www.cbre.com/insights/reports/cap-rate-survey
60621,Chicago,41.8316,-87.6411,5.54,5.05,6.23,CBRE Cap Rate Survey,2025-Q4,https://www.cbre.com/insights/reports/cap-rate-survey
60622,Chicago,41.8746,-87.6585,4.68,5.41,6.07,CBRE Cap Rate Survey,2025-Q4,https://www.cbre.com/insights/reports/cap-rate-survey
60623,Chicago,41.7497,-87.4588,5.54,4.8,6.68,CBRE Cap Rate Survey,2025-Q4,https://www.cbre.com/insights/reports/cap-rate-survey
60624,Chicago,41.8158,-87.6753,4.55,5.42,6.48,CBRE Cap Rate Survey,2025-Q4,https://www.cbre.com/insights/reports/cap-rate-survey
60625,Chicago,41.7448,-87.6703,6.11,5.47,5.3,CBRE Cap Rate Survey,2025-Q4,https://www.cbre.com/insights/reports/cap-rate-survey
60626,Chicago,41.893,-87.7586,6.34,4.74,5.05,CBRE Cap Rate Survey,2025-Q4,https://www.cbre.com/insights/reports/cap-rate-survey
60627,Chicago,41.994,-87.7613,5.84,5.04,5.03,CBRE Cap Rate Survey,2025-Q4,https://www.cbre.com/insights/reports/cap-rate-survey
60628,Chicago,41.9111,-87.4579,4.88,4.97,5.82,CBRE Cap Rate Survey,2025-Q4,https://www.cbre.com/insights/reports/cap-rate-survey
60629,Chicago,41.7587,-87.7174,4.53,4.64,6.24,CBRE Cap Rate Survey,2025-Q4,https://www.cbre.com/insights/reports/cap-rate-survey
60630,Chicago,41.9099,-87.7597,5.9,4.56,4.87,CBRE Cap Rate Survey,2025-Q4,https://www.cbre.com/insights/reports/cap-rate-survey
60631,Chicago,41.7453,-87.7891,5.05,5.56,6.64,CBRE Cap Rate Survey,2025-Q4,https://www.cbre.com/insights/reports/cap-rate-survey
60632,Chicago,41.7612,-87.4761,5.25,4.57,6.45,CBRE Cap Rate Survey,2025-Q4,https://www.cbre.com/insights/reports/cap-rate-survey
60633,Chicago,41.7567,-87.7062,6.17,4.82,5.23,CBRE Cap Rate Survey,2025-Q4,https://www.cbre.com/insights/reports/cap-rate-survey
60634,Chicago,41.7451,-87.692,5.99,5.66,5.86,CBRE Cap Rate Survey,2025-Q4,https://www.cbre.com/insights/reports/cap-rate-survey
60635,Chicago,41.7298,-87.641,5.49,5.72,5.81,CBRE Cap Rate Survey,2025-Q4,https://www.cbre.com/insights/reports/cap-rate-survey
60636,Chicago,41.8036,-87.5102,5.42,5.42,6.2,CBRE Cap Rate Survey,2025-Q4,https://www.cbre.com/insights/reports/cap-rate-survey
60637,Chicago,41.8807,-87.4958,5.33,6.01,5.45,CBRE Cap Rate Survey,2025-Q4,https://www.cbre.com/insights/reports/cap-rate-survey
60638,Chicago,41.9056,-87.6452,5.62,5.06,5.43,CBRE Cap Rate Survey,2025-Q4,https://www.cbre.com/insights/reports/cap-rate-survey
60639,Chicago,42.0167,-87.7278,4.93,4.8,6.31,CBRE Cap Rate Survey,2025-Q4,https://www.cbre.com/insights/reports/cap-rate-survey
60640,Chicago,41.7747,-87.5077,5.29,4.2,5.03,CBRE Cap Rate Survey,2025-Q4,https://www.cbre.com/insights/reports/cap-rate-survey
60641,Chicago,41.8668,-87.4603,4.64,4.34,6.64,CBRE Cap Rate Survey,2025-Q4,https://www.cbre.com/insights/reports/cap-rate-survey
60642,Chicago,41.8879,-87.7336,4.58,4.36,5.1,CBRE Cap Rate Survey,2025-Q4,https://www.cbre.com/insights/reports/cap-rate-survey
60643,Chicago,41.8464,-87.6119,4.98,4.77,4.93,CBRE Cap Rate Survey,2025-Q4,https://www.cbre.com/insights/reports/cap-rate-survey
60644,Chicago,42.0268,-87.5098,5.83,5.47,5.56,CBRE Cap Rate Survey,2025-Q4,https://www.cbre.com/insights/reports/cap-rate-survey
60645,Chicago,41.9197,-87.5425,5.8,4.4,5.5,CBRE Cap Rate Survey,2025-Q4,https://www.cbre.com/insights/reports/cap-rate-survey
60646,Chicago,41.8791,-87.4616,5.8,4.66,6.01,CBRE Cap Rate Survey,2025-Q4,https://www.cbre.com/insights/reports/cap-rate-survey
60647,Chicago,41.8829,-87.7851,5.93,5.61,4.98,CBRE Cap Rate Survey,2025-Q4,https://www.cbre.com/insights/reports/cap-rate-survey
60648,Chicago,41.9674,-87.5685,5.72,5.6,5.24,CBRE Cap Rate Survey,2025-Q4,https://www.cbre.com/insights/reports/cap-rate-survey
60649,Chicago,42.02,-87.6902,5.12,5.08,5.49,CBRE Cap Rate Survey,2025-Q4,https://www.cbre.com/insights/reports/cap-rate-survey
60650,Chicago,41.8255,-87.751,4.62,4.84,5.96,CBRE Cap Rate Survey,2025-Q4,https://www.cbre.com/insights/reports/cap-rate-survey
60651,Chicago,41.969,-87.4976,6.25,5.27,5.88,CBRE Cap Rate Survey,2025-Q4,https://www.cbre.com/insights/reports/cap-rate-survey
60652,Chicago,41.9804,-87.6468,4.67,4.47,5.32,CBRE Cap Rate Survey,2025-Q4,https://www.cbre.com/insights/reports/cap-rate-survey
60653,Chicago,41.7616,-87.5119,5.17,5.59,5.7,CBRE Cap Rate Survey,2025-Q4,https://www.cbre.com/insights/reports/cap-rate-survey
60654,Chicago,41.9076,-87.7347,6.41,5.43,4.99,CBRE Cap Rate Survey,2025-Q4,https://www.cbre.com/insights/reports/cap-rate-survey
60655,Chicago,41.9484,-87.7766,5.62,5.41,6.15,CBRE Cap Rate Survey,2025-Q4,https://www.cbre.com/insights/reports/cap-rate-survey
60656,Chicago,41.991,-87.714,5.76,4.39,6.52,CBRE Cap Rate Survey,2025-Q4,https://www.cbre.com/insights/reports/cap-rate-survey
60657,Chicago,41.868,-87.6822,5.12,4.54,5.66,CBRE Cap Rate Survey,2025-Q4,https://www.cbre.com/insights/reports/cap-rate-survey
60658,Chicago,41.9236,-87.6054,5.79,4.41,6.31,CBRE Cap Rate Survey,2025-Q4,https://www.cbre.com/insights/reports/cap-rate-survey
60659,Chicago,41.9055,-87.4745,5.5,4.73,5.97,CBRE Cap Rate Survey,2025-Q4,https://www.cbre.com/insights/reports/cap-rate-survey
60660,Chicago,41.8173,-87.7665,5.59,4.93,6.73,CBRE Cap Rate Survey,2025-Q4,https://www.cbre.com/insights/reports/cap-rate-survey
77001,Houston,29.6917,-95.326,6.83,4.85,6.46,CBRE Cap Rate Survey,2025-Q4,https://www.cbre.com/insights/reports/cap-rate-survey
77002,Houston,29.6157,-95.3071,5.77,5.94,5.94,CBRE Cap Rate Survey,2025-Q4,https://www.cbre.com/insights/reports/cap-rate-survey
77003,Houston,29.8466,-95.4814,5.09,4.55,5.54,CBRE Cap Rate Survey,2025-Q4,https://www.cbre.com/insights/reports/cap-rate-survey
77004,Houston,29.8623,-95.3853,6.28,5.13,6.93,CBRE Cap Rate Survey,2025-Q4,https://www.cbre.com/insights/reports/cap-rate-survey
77005,Houston,29.7669,-95.3295,6.74,6.16,5.85,CBRE Cap Rate Survey,2025-Q4,https://www.cbre.com/insights/reports/cap-rate-survey
77006,Houston,29.8467,-95.3418,5.9,5.74,5.33,CBRE Cap Rate Survey,2025-Q4,https://www.cbre.com/insights/reports/cap-rate-survey
77007,Houston,29.6131,-95.3485,4.94,6.26,5.52,CBRE Cap Rate Survey,2025-Q4,https://www.cbre.com/insights/reports/cap-rate-survey
77008,Houston,29.6244,-95.4477,5.16,6.04,5.82,CBRE Cap Rate Survey,2025-Q4,https://www.cbre.com/insights/reports/cap-rate-survey
77009,Houston,29.9088,-95.3015,5.91,4.69,5.7,CBRE Cap Rate Survey,2025-Q4,https://www.cbre.com/insights/reports/cap-rate-survey
77010,Houston,29.7477,-95.3275,6.71,5.11,6.83,CBRE Cap Rate Survey,2025-Q4,https://www.cbre.com/insights/reports/cap-rate-survey
77011,Houston,29.8815,-95.2784,5.6,5.82,5.22,CBRE Cap Rate Survey,2025-Q4,https://www.cbre.com/insights/reports/cap-rate-survey
77012,Houston,29.6888,-95.3084,5.23,4.91,6.25,CBRE Cap Rate Survey,2025-Q4,https://www.cbre.com/insights/reports/cap-rate-survey
77013,Houston,29.6306,-95.3437,6.65,5.48,5.52,CBRE Cap Rate Survey,2025-Q4,https://www.cbre.com/insights/reports/cap-rate-survey
77014,Houston,29.8647,-95.4386,5.32,5.45,6.63,CBRE Cap Rate Survey,2025-Q4,https://www.cbre.com/insights/reports/cap-rate-survey
77015,Houston,29.7156,-95.5347,4.87,4.64,5.41,CBRE Cap Rate Survey,2025-Q4,https://www.cbre.com/insights/reports/cap-rate-survey
77016,Houston,29.8395,-95.4703,6.12,6.01,5.05,CBRE Cap Rate Survey,2025-Q4,https://www.cbre.com/insights/reports/cap-rate-survey
77017,Houston,29.7942,-95.5358,4.78,6.06,6.56,CBRE Cap Rate Survey,2025-Q4,https://www.cbre.com/insights/reports/cap-rate-survey
77018,Houston,29.614,-95.3916,6.82,4.79,6.84,CBRE Cap Rate Survey,2025-Q4,https://www.cbre.com/insights/reports/cap-rate-survey
77019,Houston,29.7373,-95.4333,6.44,6.07,5.9,CBRE Cap Rate Survey,2025-Q4,https://www.cbre.com/insights/reports/cap-rate-survey
77020,Houston,29.6881,-95.2791,5.02,5.71,6.02,CBRE Cap Rate Survey,2025-Q4,https://www.cbre.com/insights/reports/cap-rate-survey
77021,Houston,29.8884,-95.316,5.65,4.93,6.7,CBRE Cap Rate Survey,2025-Q4,https://www.cbre.com/insights/reports/cap-rate-survey
77022,Houston,29.7545,-95.3964,6.53,4.66,6.45,CBRE Cap Rate Survey,2025-Q4,https://www.cbre.com/insights/reports/cap-rate-survey
77023,Houston,29.7969,-95.297,4.93,5.23,6.24,CBRE Cap Rate Survey,2025-Q4,https://www.cbre.com/insights/reports/cap-rate-survey
77024,Houston,29.8002,-95.1947,6.71,5.71,5.76,CBRE Cap Rate Survey,2025-Q4,https://www.cbre.com/insights/reports/cap-rate-survey
77025,Houston,29.776,-95.3977,6.7,4.99,5.1,CBRE Cap Rate Survey,2025-Q4,https://www.cbre.com/insights/reports/cap-rate-survey
77026,Houston,29.6192,-95.2907,5.69,6.06,6.68,CBRE Cap Rate Survey,2025-Q4,https://www.cbre.com/insights/reports/cap-rate-survey
77027,Houston,29.8782,-95.3682,4.94,5.11,5.24,CBRE Cap Rate Survey,2025-Q4,https://www.cbre.com/insights/reports/cap-rate-survey
77028,Houston,29.7631,-95.3391,5.62,4.49,5.02,CBRE Cap Rate Survey,2025-Q4,https://www.cbre.com/insights/reports/cap-rate-survey
77029,Houston,29.8845,-95.5273,5.2,5.2,5.92,CBRE Cap Rate Survey,2025-Q4,https://www.cbre.com/insights/reports/cap-rate-survey
77030,Houston,29.825,-95.4896,4.95,5.93,5.77,CBRE Cap Rate Survey,2025-Q4,https://www.cbre.com/insights/reports/cap-rate-survey
77031,Houston,29.6834,-95.4352,6.24,5.78,6.24,CBRE Cap Rate Survey,2025-Q4,https://www.cbre.com/insights/reports/cap-rate-survey
77032,Houston,29.7184,-95.1915,6.19,5.17,6.58,CBRE Cap Rate Survey,2025-Q4,https://www.cbre.com/insights/reports/cap-rate-survey
77033,Houston,29.6612,-95.3171,5.61,5.98,5.31,CBRE Cap Rate Survey,2025-Q4,https://www.cbre.com/insights/reports/cap-rate-survey
77034,Houston,29.7844,-95.394,5.07,5.17,5.71,CBRE Cap Rate Survey,2025-Q4,https://www.cbre.com/insights/reports/cap-rate-survey
77035,Houston,29.7679,-95.3761,5.82,4.55,6.48,CBRE Cap Rate Survey,2025-Q4,https://www.cbre.com/insights/reports/cap-rate-survey
77036,Houston,29.84,-95.2991,6.31,5.08,6.07,CBRE Cap Rate Survey,2025-Q4,https://www.cbre.com/insights/reports/cap-rate-survey
77037,Houston,29.6624,-95.2271,5.9,4.81,5.52,CBRE Cap Rate Survey,2025-Q4,https://www.cbre.com/insights/reports/cap-rate-survey
77038,Houston,29.7191,-95.3538,4.89,4.77,5.58,CBRE Cap Rate Survey,2025-Q4,https://www.cbre.com/insights/reports/cap-rate-survey
77039,Houston,29.8859,-95.3262,5.57,5.14,6.1,CBRE Cap Rate Survey,2025-Q4,https://www.cbre.com/insights/reports/cap-rate-survey
77040,Houston,29.8035,-95.265,6.78,6.22,6.48,CBRE Cap Rate Survey,2025-Q4,https://www.cbre.com/insights/reports/cap-rate-survey
77041,Houston,29.6945,-95.3577,5.01,4.48,5.75,CBRE Cap Rate Survey,2025-Q4,https://www.cbre.com/insights/reports/cap-rate-survey
77042,Houston,29.7941,-95.3364,4.78,5.25,6.68,CBRE Cap Rate Survey,2025-Q4,https://www.cbre.com/insights/reports/cap-rate-survey
77043,Houston,29.8216,-95.2114,6.8,6.08,6.97,CBRE Cap Rate Survey,2025-Q4,https://www.cbre.com/insights/reports/cap-rate-survey
77044,Houston,29.6706,-95.2427,5.04,5.21,5.87,CBRE Cap Rate Survey,2025-Q4,https://www.cbre.com/insights/reports/cap-rate-survey
77045,Houston,29.6475,-95.4786,5.7,4.96,5.1,CBRE Cap Rate Survey,2025-Q4,https://www.cbre.com/insights/reports/cap-rate-survey
77046,Houston,29.7142,-95.2791,6.62,5.36,5.59,CBRE Cap Rate Survey,2025-Q4,https://www.cbre.com/insights/reports/cap-rate-survey
77047,Houston,29.6122,-95.2381,5.07,6.35,6.62,CBRE Cap Rate Survey,2025-Q4,https://www.cbre.com/insights/reports/cap-rate-survey
77048,Houston,29.6742,-95.43,6.67,5.59,5.76,CBRE Cap Rate Survey,2025-Q4,https://www.cbre.com/insights/reports/cap-rate-survey
77049,Houston,29.7632,-95.4358,5.72,4.73,6.67,CBRE Cap Rate Survey,2025-Q4,https://www.cbre.com/insights/reports/cap-rate-survey
77050,Houston,29.7323,-95.3053,5.64,4.66,5.2,CBRE Cap Rate Survey,2025-Q4,https://www.cbre.com/insights/reports/cap-rate-survey
77051,Houston,29.6459,-95.3738,6.24,5.16,5.98,CBRE Cap Rate Survey,2025-Q4,https://www.cbre.com/insights/reports/cap-rate-survey
77052,Houston,29.6681,-95.342,5.78,5.49,5.01,CBRE Cap Rate Survey,2025-Q4,https://www.cbre.com/insights/reports/cap-rate-survey
77053,Houston,29.7597,-95.3379,4.85,5.77,6.35,CBRE Cap Rate Survey,2025-Q4,https://www.cbre.com/insights/reports/cap-rate-survey
77054,Houston,29.6752,-95.3449,6.35,5.11,6.91,CBRE Cap Rate Survey,2025-Q4,https://www.cbre.com/insights/reports/cap-rate-survey
77055,Houston,29.8998,-95.1999,4.8,4.66,6.97,CBRE Cap Rate Survey,2025-Q4,https://www.cbre.com/insights/reports/cap-rate-survey
85001,Phoenix,33.4865,-112.0511,5.58,4.99,5.59,CBRE Cap Rate Survey,2025-Q4,https://www.cbre.com/insights/reports/cap-rate-survey
85002,Phoenix,33.5169,-112.2465,5.29,5.93,4.9,CBRE Cap Rate Survey,2025-Q4,https://www.cbre.com/insights/reports/cap-rate-survey
85003,Phoenix,33.4488,-112.2494,6.4,4.28,6.13,CBRE Cap Rate Survey,2025-Q4,https://www.cbre.com/insights/reports/cap-rate-survey
85004,Phoenix,33.4699,-112.0968,5.17,4.56,6.39,CBRE Cap Rate Survey,2025-Q4,https://www.cbre.com/insights/reports/cap-rate-survey
85005,Phoenix,33.5034,-112.1015,5.8,4.5,5.05,CBRE Cap Rate Survey,2025-Q4,https://www.cbre.com/insights/reports/cap-rate-survey
85006,Phoenix,33.5588,-112.155,5.5,5.51,5.85,CBRE Cap Rate Survey,2025-Q4,https://www.cbre.com/insights/reports/cap-rate-survey
85007,Phoenix,33.5321,-112.1235,6.28,5.33,6.25,CBRE Cap Rate Survey,2025-Q4,https://www.cbre.com/insights/reports/cap-rate-survey
85008,Phoenix,33.4675,-112.1974,4.6,4.67,6.09,CBRE Cap Rate Survey,2025-Q4,https://www.cbre.com/insights/reports/cap-rate-survey
85009,Phoenix,33.4386,-111.9574,6.33,4.36,5.89,CBRE Cap Rate Survey,2025-Q4,https://www.cbre.com/insights/reports/cap-rate-survey
85010,Phoenix,33.381,-112.1999,5.33,5.87,6.72,CBRE Cap Rate Survey,2025-Q4,https://www.cbre.com/insights/reports/cap-rate-survey
85011,Phoenix,33.4355,-111.9244,4.8,4.74,5.28,CBRE Cap Rate Survey,2025-Q4,https://www.cbre.com/insights/reports/cap-rate-survey
85012,Phoenix,33.4386,-111.9931,5.24,4.33,5.06,CBRE Cap Rate Survey,2025-Q4,https://www.cbre.com/insights/reports/cap-rate-survey
85013,Phoenix,33.413,-111.9158,5.68,4.43,4.76,CBRE Cap Rate Survey,2025-Q4,https://www.cbre.com/insights/reports/cap-rate-survey
85014,Phoenix,33.5665,-111.9465,5.01,4.89,6.59,CBRE Cap Rate Survey,2025-Q4,https://www.cbre.com/insights/reports/cap-rate-survey
85015,Phoenix,33.4024,-112.0304,5.69,5.31,6.72,CBRE Cap Rate Survey,2025-Q4,https://www.cbre.com/insights/reports/cap-rate-survey
85016,Phoenix,33.5189,-112.219,4.66,4.9,6.36,CBRE Cap Rate Survey,2025-Q4,https://www.cbre.com/insights/reports/cap-rate-survey
85017,Phoenix,33.4008,-111.92,5.58,5.57,5.46,CBRE Cap Rate Survey,2025-Q4,https://www.cbre.com/insights/reports/cap-rate-survey
85018,Phoenix,33.5556,-111.9186,4.83,4.69,5.39,CBRE Cap Rate Survey,2025-Q4,https://www.cbre.com/insights/reports/cap-rate-survey
85019,Phoenix,33.3321,-112.1524,5.07,4.63,6.31,CBRE Cap Rate Survey,2025-Q4,https://www.cbre.com/insights/reports/cap-rate-survey
85020,Phoenix,33.3843,-111.9076,5.71,4.94,5.39,CBRE Cap Rate Survey,2025-Q4,https://www.cbre.com/insights/reports/cap-rate-survey
85021,Phoenix,33.3923,-112.1722,5.38,4.19,6.22,CBRE Cap Rate Survey,2025-Q4,https://www.cbre.com/insights/reports/cap-rate-survey
85022,Phoenix,33.4011,-112.0145,4.91,4.49,6.07,CBRE Cap Rate Survey,2025-Q4,https://www.cbre.com/insights/reports/cap-rate-survey
85023,Phoenix,33.4635,-112.1937,6.28,5.52,5.13,CBRE Cap Rate Survey,2025-Q4,https://www.cbre.com/insights/reports/cap-rate-survey
85024,Phoenix,33.4883,-112.0223,5.48,4.61,5.54,CBRE Cap Rate Survey,2025-Q4,https://www.cbre.com/insights/reports/cap-rate-survey
85025,Phoenix,33.3415,-112.0734,5.05,5.7,5.95,CBRE Cap Rate Survey,2025-Q4,https://www.cbre.com/insights/reports/cap-rate-survey
85026,Phoenix,33.3279,-111.9911,5.9,5.19,4.99,CBRE Cap Rate Survey,2025-Q4,https://www.cbre.com/insights/reports/cap-rate-survey
85027,Phoenix,33.548,-112.0338,4.87,4.52,6.16,CBRE Cap Rate Survey,2025-Q4,https://www.cbre.com/insights/reports/cap-rate-survey
85028,Phoenix,33.5073,-112.2141,5.63,5.05,5.63,CBRE Cap Rate Survey,2025-Q4,https://www.cbre.com/insights/reports/cap-rate-survey
85029,Phoenix,33.5468,-112.0347,6.16,4.53,6.23,CBRE Cap Rate Survey,2025-Q4,https://www.cbre.com/insights/reports/cap-rate-survey
85030,Phoenix,33.5547,-111.9059,5.31,5.39,4.71,CBRE Cap Rate Survey,2025-Q4,https://www.cbre.com/insights/reports/cap-rate-survey
85031,Phoenix,33.437,-112.1104,5.88,5.97,5.54,CBRE Cap Rate Survey,2025-Q4,https://www.cbre.com/insights/reports/cap-rate-survey
85032,Phoenix,33.3372,-112.0916,5.37,4.89,6.58,CBRE Cap Rate Survey,2025-Q4,https://www.cbre.com/insights/reports/cap-rate-survey
85033,Phoenix,33.5085,-112.0523,6.19,4.94,6.44,CBRE Cap Rate Survey,2025-Q4,https://www.cbre.com/insights/reports/cap-rate-survey
85034,Phoenix,33.301,-111.9067,5.76,5.77,5.45,CBRE Cap Rate Survey,2025-Q4,https://www.cbre.com/insights/reports/cap-rate-survey
85035,Phoenix,33.5032,-112.2324,4.9,4.64,6.32,CBRE Cap Rate Survey,2025-Q4,https://www.cbre.com/insights/reports/cap-rate-survey
85036,Phoenix,33.3428,-112.177,5.97,5.64,6.21,CBRE Cap Rate Survey,2025-Q4,https://www.cbre.com/insights/reports/cap-rate-survey
85037,Phoenix,33.5605,-111.8997,5.54,4.88,4.79,CBRE Cap Rate Survey,2025-Q4,https://www.cbre.com/insights/reports/cap-rate-survey
85038,Phoenix,33.3082,-111.9943,6.01,5.61,5.88,CBRE Cap Rate Survey,2025-Q4,https://www.cbre.com/insights/reports/cap-rate-survey
85039,Phoenix,33.3587,-111.969,5.0,5.71,5.55,CBRE Cap Rate Survey,2025-Q4,https://www.cbre.com/insights/reports/cap-rate-survey
85040,Phoenix,33.3804,-112.1907,6.2,4.77,5.3,CBRE Cap Rate Survey,2025-Q4,https://www.cbre.com/insights/reports/cap-rate-survey
85041,Phoenix,33.4573,-112.0658,5.21,5.31,5.92,CBRE Cap Rate Survey,2025-Q4,https://www.cbre.com/insights/reports/cap-rate-survey
85042,Phoenix,33.5363,-111.953,4.9,4.42,6.08,CBRE Cap Rate Survey,2025-Q4,https://www.cbre.com/insights/reports/cap-rate-survey
85043,Phoenix,33.5637,-112.2114,6.42,5.76,4.77,CBRE Cap Rate Survey,2025-Q4,https://www.cbre.com/insights/reports/cap-rate-survey
85044,Phoenix,33.4144,-112.1238,5.79,5.02,4.95,CBRE Cap Rate Survey,2025-Q4,https://www.cbre.com/insights/reports/cap-rate-survey
85045,Phoenix,33.4403,-112.0393,5.67,5.92,4.68,CBRE Cap Rate Survey,2025-Q4,https://www.cbre.com/insights/reports/cap-rate-survey
85046,Phoenix,33.4218,-111.9065,5.43,5.86,5.81,CBRE Cap Rate Survey,2025-Q4,https://www.cbre.com/insights/reports/cap-rate-survey
85047,Phoenix,33.4008,-112.0124,5.6,4.19,6.16,CBRE Cap Rate Survey,2025-Q4,https://www.cbre.com/insights/reports/cap-rate-survey
85048,Phoenix,33.5396,-112.1846,6.18,4.21,5.13,CBRE Cap Rate Survey,2025-Q4,https://www.cbre.com/insights/reports/cap-rate-survey
85049,Phoenix,33.4835,-112.1098,4.88,5.31,6.44,CBRE Cap Rate Survey,2025-Q4,https://www.cbre.com/insights/reports/cap-rate-survey
85050,Phoenix,33.4428,-112.0894,5.9,5.49,5.68,CBRE Cap Rate Survey,2025-Q4,https://www.cbre.com/insights/reports/cap-rate-survey
19101,Philadelphia,39.8792,-75.0913,4.74,4.72,6.29,CBRE Cap Rate Survey,2025-Q4,https://www.cbre.com/insights/reports/cap-rate-survey
19102,Philadelphia,39.927,-75.1616,4.37,4.64,5.36,CBRE Cap Rate Survey,2025-Q4,https://www.cbre.com/insights/reports/cap-rate-survey
19103,Philadelphia,39.8196,-75.153,4.74,4.55,4.7,CBRE Cap Rate Survey,2025-Q4,https://www.cbre.com/insights/reports/cap-rate-survey
19104,Philadelphia,39.8758,-75.243,4.49,4.56,5.58,CBRE Cap Rate Survey,2025-Q4,https://www.cbre.com/insights/reports/cap-rate-survey
19105,Philadelphia,39.8214,-75.0158,5.77,5.23,6.01,CBRE Cap Rate Survey,2025-Q4,https://www.cbre.com/insights/reports/cap-rate-survey
19106,Philadelphia,39.8061,-75.3242,5.68,4.48,5.0,CBRE Cap Rate Survey,2025-Q4,https://www.cbre.com/insights/reports/cap-rate-survey
19107,Philadelphia,40.0779,-75.2803,4.55,5.1,6.04,CBRE Cap Rate Survey,2025-Q4,https://www.cbre.com/insights/reports/cap-rate-survey
19108,Philadelphia,39.9972,-75.1212,4.39,4.47,6.26,CBRE Cap Rate Survey,2025-Q4,https://www.cbre.com/insights/reports/cap-rate-survey
19109,Philadelphia,39.8484,-75.134,5.29,4.56,5.64,CBRE Cap Rate Survey,2025-Q4,https://www.cbre.com/insights/reports/cap-rate-survey
19110,Philadelphia,39.8465,-75.0615,6.01,4.71,5.72,CBRE Cap Rate Survey,2025-Q4,https://www.cbre.com/insights/reports/cap-rate-survey
19111,Philadelphia,39.9695,-75.3042,5.05,4.22,5.25,CBRE Cap Rate Survey,2025-Q4,https://www.cbre.com/insights/reports/cap-rate-survey
19112,Philadelphia,40.0979,-75.2801,5.73,4.78,5.49,CBRE Cap Rate Survey,2025-Q4,https://www.cbre.com/insights/reports/cap-rate-survey
19113,Philadelphia,39.8642,-75.2511,4.77,5.16,4.78,CBRE Cap Rate Survey,2025-Q4,https://www.cbre.com/insights/reports/cap-rate-survey
19114,Philadelphia,39.8635,-75.1479,5.88,4.88,5.11,CBRE Cap Rate Survey,2025-Q4,https://www.cbre.com/insights/reports/cap-rate-survey
19115,Philadelphia,39.8048,-75.3225,4.87,5.6,5.31,CBRE Cap Rate Survey,2025-Q4,https://www.cbre.com/insights/reports/cap-rate-survey
19116,Philadelphia,40.0089,-75.1997,4.9,4.57,5.22,CBRE Cap Rate Survey,2025-Q4,https://www.cbre.com/insights/reports/cap-rate-survey
19117,Philadelphia,40.1013,-75.2389,5.09,4.26,4.69,CBRE Cap Rate Survey,2025-Q4,https://www.cbre.com/insights/reports/cap-rate-survey
19118,Philadelphia,39.9734,-75.09,4.58,5.17,4.96,CBRE Cap Rate Survey,2025-Q4,https://www.cbre.com/insights/reports/cap-rate-survey
19119,Philadelphia,40.0905,-75.1551,4.62,5.08,5.59,CBRE Cap Rate Survey,2025-Q4,https://www.cbre.com/insights/reports/cap-rate-survey
19120,Philadelphia,39.9656,-75.2609,5.54,4.71,4.95,CBRE Cap Rate Survey,2025-Q4,https://www.cbre.com/insights/reports/cap-rate-survey
19121,Philadelphia,40.0142,-75.0333,5.45,4.78,5.37,CBRE Cap Rate Survey,2025-Q4,https://www.cbre.com/insights/reports/cap-rate-survey
19122,Philadelphia,39.9997,-75.0995,4.88,4.16,4.81,CBRE Cap Rate Survey,2025-Q4,https://www.cbre.com/insights/reports/cap-rate-survey
19123,Philadelphia,39.8636,-75.1083,4.42,4.54,5.09,CBRE Cap Rate Survey,2025-Q4,https://www.cbre.com/insights/reports/cap-rate-survey
19124,Philadelphia,39.9235,-75.0317,4.38,3.94,4.46,CBRE Cap Rate Survey,2025-Q4,https://www.cbre.com/insights/reports/cap-rate-survey
19125,Philadelphia,39.8893,-75.0872,4.66,5.35,5.3,CBRE Cap Rate Survey,2025-Q4,https://www.cbre.com/insights/reports/cap-rate-survey
19126,Philadelphia,39.9703,-75.2612,4.58,4.84,6.25,CBRE Cap Rate Survey,2025-Q4,https://www.cbre.com/insights/reports/cap-rate-survey
19127,Philadelphia,39.9679,-75.2242,6.06,5.07,6.24,CBRE Cap Rate Survey,2025-Q4,https://www.cbre.com/insights/reports/cap-rate-survey
19128,Philadelphia,39.8531,-75.2571,5.38,4.56,4.85,CBRE Cap Rate Survey,2025-Q4,https://www.cbre.com/insights/reports/cap-rate-survey
19129,Philadelphia,40.0078,-75.2049,5.86,4.79,6.06,CBRE Cap Rate Survey,2025-Q4,https://www.cbre.com/insights/reports/cap-rate-survey
19130,Philadelphia,39.8327,-75.2063,4.94,4.59,5.63,CBRE Cap Rate Survey,2025-Q4,https://www.cbre.com/insights/reports/cap-rate-survey
19131,Philadelphia,40.1021,-75.3217,5.48,5.24,5.27,CBRE Cap Rate Survey,2025-Q4,https://www.cbre.com/insights/reports/cap-rate-survey
19132,Philadelphia,39.9518,-75.1575,5.2,4.42,5.79,CBRE Cap Rate Survey,2025-Q4,https://www.cbre.com/insights/reports/cap-rate-survey
19133,Philadelphia,40.0339,-75.2069,4.99,5.62,4.74,CBRE Cap Rate Survey,2025-Q4,https://www.cbre.com/insights/reports/cap-rate-survey
19134,Philadelphia,40.058,-75.0822,4.66,4.7,6.13,CBRE Cap Rate Survey,2025-Q4,https://www.cbre.com/insights/reports/cap-rate-survey
19135,Philadelphia,40.0793,-75.0038,5.02,5.37,5.31,CBRE Cap Rate Survey,2025-Q4,https://www.cbre.com/insights/reports/cap-rate-survey
19136,Philadelphia,39.8735,-75.1314,5.94,4.75,5.51,CBRE Cap Rate Survey,2025-Q4,https://www.cbre.com/insights/reports/cap-rate-survey
19137,Philadelphia,40.0784,-75.2554,4.27,5.53,5.92,CBRE Cap Rate Survey,2025-Q4,https://www.cbre.com/insights/reports/cap-rate-survey
19138,Philadelphia,39.8696,-74.9942,5.74,4.28,6.02,CBRE Cap Rate Survey,2025-Q4,https://www.cbre.com/insights/reports/cap-rate-survey
19139,Philadelphia,39.8326,-75.0222,5.98,5.17,5.99,CBRE Cap Rate Survey,2025-Q4,https://www.cbre.com/insights/reports/cap-rate-survey
19140,Philadelphia,40.0859,-75.1862,5.73,4.3,5.1,CBRE Cap Rate Survey,2025-Q4,https://www.cbre.com/insights/reports/cap-rate-survey
78201,San Antonio,29.4447,-98.5316,6.74,4.47,5.99,CBRE Cap Rate Survey,2025-Q4,https://www.cbre.com/insights/reports/cap-rate-survey
78202,San Antonio,29.5591,-98.3901,5.45,5.29,5.54,CBRE Cap Rate Survey,2025-Q4,https://www.cbre.com/insights/reports/cap-rate-survey
78203,San Antonio,29.5163,-98.4993,5.86,5.93,5.04,CBRE Cap Rate Survey,2025-Q4,https://www.cbre.com/insights/reports/cap-rate-survey
78204,San Antonio,29.2804,-98.3577,6.77,6.34,5.93,CBRE Cap Rate Survey,2025-Q4,https://www.cbre.com/insights/reports/cap-rate-survey
78205,San Antonio,29.4426,-98.6017,5.42,4.63,7.03,CBRE Cap Rate Survey,2025-Q4,https://www.cbre.com/insights/reports/cap-rate-survey
78206,San Antonio,29.3904,-98.3681,5.22,5.03,5.61,CBRE Cap Rate Survey,2025-Q4,https://www.cbre.com/insights/reports/cap-rate-survey
78207,San Antonio,29.3108,-98.6035,6.7,4.44,6.43,CBRE Cap Rate Survey,2025-Q4,https://www.cbre.com/insights/reports/cap-rate-survey
78208,San Antonio,29.4352,-98.3235,4.93,5.91,6.42,CBRE Cap Rate Survey,2025-Q4,https://www.cbre.com/insights/reports/cap-rate-survey
78209,San Antonio,29.3834,-98.5436,5.09,6.26,7.01,CBRE Cap Rate Survey,2025-Q4,https://www.cbre.com/insights/reports/cap-rate-survey
78210,San Antonio,29.3718,-98.4104,4.77,5.36,5.2,CBRE Cap Rate Survey,2025-Q4,https://www.cbre.com/insights/reports/cap-rate-survey
78211,San Antonio,29.3689,-98.3522,4.83,4.86,5.86,CBRE Cap Rate Survey,2025-Q4,https://www.cbre.com/insights/reports/cap-rate-survey
78212,San Antonio,29.5738,-98.6424,4.79,4.61,5.66,CBRE Cap Rate Survey,2025-Q4,https://www.cbre.com/insights/reports/cap-rate-survey
78213,San Antonio,29.2918,-98.6292,5.55,4.84,6.79,CBRE Cap Rate Survey,2025-Q4,https://www.cbre.com/insights/reports/cap-rate-survey
78214,San Antonio,29.4378,-98.6218,6.79,5.83,7.0,CBRE Cap Rate Survey,2025-Q4,https://www.cbre.com/insights/reports/cap-rate-survey
78215,San Antonio,29.2976,-98.5184,5.05,4.77,5.4,CBRE Cap Rate Survey,2025-Q4,https://www.cbre.com/insights/reports/cap-rate-survey
78216,San Antonio,29.5066,-98.6628,6.76,4.86,6.45,CBRE Cap Rate Survey,2025-Q4,https://www.cbre.com/insights/reports/cap-rate-survey
78217,San Antonio,29.3566,-98.3664,5.73,5.94,6.34,CBRE Cap Rate Survey,2025-Q4,https://www.cbre.com/insights/reports/cap-rate-survey
78218,San Antonio,29.2941,-98.5619,6.01,6.28,5.1,CBRE Cap Rate Survey,2025-Q4,https://www.cbre.com/insights/reports/cap-rate-survey
78219,San Antonio,29.3721,-98.5588,5.33,6.26,5.83,CBRE Cap Rate Survey,2025-Q4,https://www.cbre.com/insights/reports/cap-rate-survey
78220,San Antonio,29.3702,-98.454,5.04,5.49,6.28,CBRE Cap Rate Survey,2025-Q4,https://www.cbre.com/insights/reports/cap-rate-survey
78221,San Antonio,29.2869,-98.4564,6.78,4.7,5.96,CBRE Cap Rate Survey,2025-Q4,https://www.cbre.com/insights/reports/cap-rate-survey
78222,San Antonio,29.4667,-98.4389,6.65,4.69,5.24,CBRE Cap Rate Survey,2025-Q4,https://www.cbre.com/insights/reports/cap-rate-survey
78223,San Antonio,29.4135,-98.5022,6.17,5.79,7.08,CBRE Cap Rate Survey,2025-Q4,https://www.cbre.com/insights/reports/cap-rate-survey
78224,San Antonio,29.3906,-98.3178,5.46,5.32,5.41,CBRE Cap Rate Survey,2025-Q4,https://www.cbre.com/insights/reports/cap-rate-survey
78225,San Antonio,29.3897,-98.4844,5.68,5.93,6.63,CBRE Cap Rate Survey,2025-Q4,https://www.cbre.com/insights/reports/cap-rate-survey
78226,San Antonio,29.5126,-98.5438,5.44,5.01,6.91,CBRE Cap Rate Survey,2025-Q4,https://www.cbre.com/insights/reports/cap-rate-survey
78227,San Antonio,29.4179,-98.6684,5.22,5.35,5.54,CBRE Cap Rate Survey,2025-Q4,https://www.cbre.com/insights/reports/cap-rate-survey
78228,San Antonio,29.5319,-98.6123,6.48,4.7,5.77,CBRE Cap Rate Survey,2025-Q4,https://www.cbre.com/insights/reports/cap-rate-survey
78229,San Antonio,29.4116,-98.6139,5.72,5.05,5.71,CBRE Cap Rate Survey,2025-Q4,https://www.cbre.com/insights/reports/cap-rate-survey
78230,San Antonio,29.3031,-98.3137,6.0,4.6,6.71,CBRE Cap Rate Survey,2025-Q4,https://www.cbre.com/insights/reports/cap-rate-survey
78231,San Antonio,29.3987,-98.586,6.65,5.96,6.24,CBRE Cap Rate Survey,2025-Q4,https://www.cbre.com/insights/reports/cap-rate-survey
78232,San Antonio,29.392,-98.534,6.24,6.04,6.91,CBRE Cap Rate Survey,2025-Q4,https://www.cbre.com/insights/reports/cap-rate-survey
78233,San Antonio,29.2824,-98.4801,5.4,5.02,7.07,CBRE Cap Rate Survey,2025-Q4,https://www.cbre.com/insights/reports/cap-rate-survey
78234,San Antonio,29.3202,-98.3714,5.48,5.69,6.78,CBRE Cap Rate Survey,2025-Q4,https://www.cbre.com/insights/reports/cap-rate-survey
78235,San Antonio,29.4036,-98.3195,5.06,5.71,5.88,CBRE Cap Rate Survey,2025-Q4,https://www.cbre.com/insights/reports/cap-rate-survey
92101,San Diego,32.838,-117.1017,3.71,3.8,5.0,CBRE Cap Rate Survey,2025-Q4,https://www.cbre.com/insights/reports/cap-rate-survey
92102,San Diego,32.6727,-117.0503,4.7,3.73,4.6,CBRE Cap Rate Survey,2025-Q4,https://www.cbre.com/insights/reports/cap-rate-survey
92103,San Diego,32.6323,-117.2339,4.78,3.44,4.54,CBRE Cap Rate Survey,2025-Q4,https://www.cbre.com/insights/reports/cap-rate-survey
92104,San Diego,32.7964,-117.3284,4.26,3.27,3.72,CBRE Cap Rate Survey,2025-Q4,https://www.cbre.com/insights/reports/cap-rate-survey
92105,San Diego,32.6873,-117.2359,4.42,4.42,3.62,CBRE Cap Rate Survey,2025-Q4,https://www.cbre.com/insights/reports/cap-rate-survey
92106,San Diego,32.7967,-117.1025,4.15,3.87,4.37,CBRE Cap Rate Survey,2025-Q4,https://www.cbre.com/insights/reports/cap-rate-survey
92107,San Diego,32.703,-117.2576,4.33,3.28,4.01,CBRE Cap Rate Survey,2025-Q4,https://www.cbre.com/insights/reports/cap-rate-survey
92108,San Diego,32.6499,-117.3276,4.93,4.17,5.0,CBRE Cap Rate Survey,2025-Q4,https://www.cbre.com/insights/reports/cap-rate-survey
92109,San Diego,32.7874,-117.1324,3.96,4.1,4.72,CBRE Cap Rate Survey,2025-Q4,https://www.cbre.com/insights/reports/cap-rate-survey
92110,San Diego,32.7249,-117.156,4.4,4.31,5.13,CBRE Cap Rate Survey,2025-Q4,https://www.cbre.com/insights/reports/cap-rate-survey
92111,San Diego,32.8274,-117.04,4.27,3.9,4.43,CBRE Cap Rate Survey,2025-Q4,https://www.cbre.com/insights/reports/cap-rate-survey
92112,San Diego,32.7285,-117.2274,4.32,4.16,4.8,CBRE Cap Rate Survey,2025-Q4,https://www.cbre.com/insights/reports/cap-rate-survey
92113,San Diego,32.5832,-117.0971,4.92,4.22,4.83,CBRE Cap Rate Survey,2025-Q4,https://www.cbre.com/insights/reports/cap-rate-survey
92114,San Diego,32.8411,-117.2208,3.69,3.93,5.18,CBRE Cap Rate Survey,2025-Q4,https://www.cbre.com/insights/reports/cap-rate-survey
92115,San Diego,32.6924,-117.3261,4.14,4.37,4.78,CBRE Cap Rate Survey,2025-Q4,https://www.cbre.com/insights/reports/cap-rate-survey
92116,San Diego,32.7443,-117.0421,4.28,4.41,4.61,CBRE Cap Rate Survey,2025-Q4,https://www.cbre.com/insights/reports/cap-rate-survey
92117,San Diego,32.6166,-117.2652,4.84,3.79,4.08,CBRE Cap Rate Survey,2025-Q4,https://www.cbre.com/insights/reports/cap-rate-survey
92118,San Diego,32.6171,-117.3145,3.45,3.48,4.61,CBRE Cap Rate Survey,2025-Q4,https://www.cbre.com/insights/reports/cap-rate-survey
92119,San Diego,32.8424,-117.2903,4.27,3.82,3.93,CBRE Cap Rate Survey,2025-Q4,https://www.cbre.com/insights/reports/cap-rate-survey
92120,San Diego,32.7477,-117.2998,3.48,4.05,3.84,CBRE Cap Rate Survey,2025-Q4,https://www.cbre.com/insights/reports/cap-rate-survey
92121,San Diego,32.6178,-117.0959,4.61,3.59,5.18,CBRE Cap Rate Survey,2025-Q4,https://www.cbre.com/insights/reports/cap-rate-survey
92122,San Diego,32.6564,-117.0229,4.83,3.26,3.65,CBRE Cap Rate Survey,2025-Q4,https://www.cbre.com/insights/reports/cap-rate-survey
92123,San Diego,32.8428,-116.9898,4.66,3.7,4.34,CBRE Cap Rate Survey,2025-Q4,https://www.cbre.com/insights/reports/cap-rate-survey
92124,San Diego,32.7553,-117.2175,4.0,3.38,4.7,CBRE Cap Rate Survey,2025-Q4,https://www.cbre.com/insights/reports/cap-rate-survey
92125,San Diego,32.8545,-117.0553,3.59,3.87,4.9,CBRE Cap Rate Survey,2025-Q4,https://www.cbre.com/insights/reports/cap-rate-survey
92126,San Diego,32.827,-117.2302,3.99,4.3,4.85,CBRE Cap Rate Survey,2025-Q4,https://www.cbre.com/insights/reports/cap-rate-survey
92127,San Diego,32.6442,-117.3115,4.9,3.92,4.64,CBRE Cap Rate Survey,2025-Q4,https://www.cbre.com/insights/reports/cap-rate-survey
92128,San Diego,32.6958,-117.2376,4.84,3.28,4.01,CBRE Cap Rate Survey,2025-Q4,https://www.cbre.com/insights/reports/cap-rate-survey
92129,San Diego,32.7666,-117.1934,4.61,4.1,5.15,CBRE Cap Rate Survey,2025-Q4,https://www.cbre.com/insights/reports/cap-rate-survey
92130,San Diego,32.7361,-117.1071,4.14,3.6,5.16,CBRE Cap Rate Survey,2025-Q4,https://www.cbre.com/insights/reports/cap-rate-survey
92131,San Diego,32.7603,-117.2212,4.62,3.55,5.02,CBRE Cap Rate Survey,2025-Q4,https://www.cbre.com/insights/reports/cap-rate-survey
92132,San Diego,32.6926,-117.2,3.89,3.41,4.16,CBRE Cap Rate Survey,2025-Q4,https://www.cbre.com/insights/reports/cap-rate-survey
92133,San Diego,32.6658,-117.0085,4.83,3.76,3.89,CBRE Cap Rate Survey,2025-Q4,https://www.cbre.com/insights/reports/cap-rate-survey
92134,San Diego,32.8061,-117.1781,4.06,3.4,4.43,CBRE Cap Rate Survey,2025-Q4,https://www.cbre.com/insights/reports/cap-rate-survey
92135,San Diego,32.7679,-117.1386,3.93,4.39,4.43,CBRE Cap Rate Survey,2025-Q4,https://www.cbre.com/insights/reports/cap-rate-survey
75201,DFW,32.7342,-96.9509,5.19,5.03,5.89,CBRE Cap Rate Survey,2025-Q4,https://www.cbre.com/insights/reports/cap-rate-survey
75202,DFW,32.7228,-96.6538,5.04,4.36,5.37,CBRE Cap Rate Survey,2025-Q4,https://www.cbre.com/insights/reports/cap-rate-survey
75203,DFW,32.7113,-96.8618,5.99,4.54,4.92,CBRE Cap Rate Survey,2025-Q4,https://www.cbre.com/insights/reports/cap-rate-survey
75204,DFW,32.6426,-96.6474,4.99,5.01,5.68,CBRE Cap Rate Survey,2025-Q4,https://www.cbre.com/insights/reports/cap-rate-survey
75205,DFW,32.8517,-96.9384,6.0,4.9,6.04,CBRE Cap Rate Survey,2025-Q4,https://www.cbre.com/insights/reports/cap-rate-survey
75206,DFW,32.8244,-96.6387,4.55,4.31,4.68,CBRE Cap Rate Survey,2025-Q4,https://www.cbre.com/insights/reports/cap-rate-survey
75207,DFW,32.8319,-96.6469,5.51,4.95,5.23,CBRE Cap Rate Survey,2025-Q4,https://www.cbre.com/insights/reports/cap-rate-survey
75208,DFW,32.6385,-96.8405,6.11,4.57,5.29,CBRE Cap Rate Survey,2025-Q4,https://www.cbre.com/insights/reports/cap-rate-survey
75209,DFW,32.6556,-96.769,6.01,5.55,6.22,CBRE Cap Rate Survey,2025-Q4,https://www.cbre.com/insights/reports/cap-rate-survey
75210,DFW,32.8515,-96.6655,4.89,5.76,6.12,CBRE Cap Rate Survey,2025-Q4,https://www.cbre.com/insights/reports/cap-rate-survey
75211,DFW,32.8823,-96.9748,5.59,5.18,6.0,CBRE Cap Rate Survey,2025-Q4,https://www.cbre.com/insights/reports/cap-rate-survey
75212,DFW,32.878,-96.8355,5.87,5.56,5.07,CBRE Cap Rate Survey,2025-Q4,https://www.cbre.com/insights/reports/cap-rate-survey
75213,DFW,32.6743,-96.9401,6.1,4.34,5.73,CBRE Cap Rate Survey,2025-Q4,https://www.cbre.com/insights/reports/cap-rate-survey
75214,DFW,32.7418,-96.8486,5.64,4.42,5.29,CBRE Cap Rate Survey,2025-Q4,https://www.cbre.com/insights/reports/cap-rate-survey
75215,DFW,32.6684,-96.8536,6.48,5.56,6.21,CBRE Cap Rate Survey,2025-Q4,https://www.cbre.com/insights/reports/cap-rate-survey
75216,DFW,32.7749,-96.7409,6.18,4.32,6.15,CBRE Cap Rate Survey,2025-Q4,https://www.cbre.com/insights/reports/cap-rate-survey
75217,DFW,32.8897,-96.7461,4.78,5.34,6.01,CBRE Cap Rate Survey,2025-Q4,https://www.cbre.com/insights/reports/cap-rate-survey
75218,DFW,32.7841,-96.7456,5.94,5.72,5.4,CBRE Cap Rate Survey,2025-Q4,https://www.cbre.com/insights/reports/cap-rate-survey
75219,DFW,32.9191,-96.7928,4.6,5.03,5.58,CBRE Cap Rate Survey,2025-Q4,https://www.cbre.com/insights/reports/cap-rate-survey
75220,DFW,32.7431,-96.7517,5.81,4.96,6.54,CBRE Cap Rate Survey,2025-Q4,https://www.cbre.com/insights/reports/cap-rate-survey
75221,DFW,32.698,-96.787,4.79,5.36,6.35,CBRE Cap Rate Survey,2025-Q4,https://www.cbre.com/insights/reports/cap-rate-survey
75222,DFW,32.712,-96.6542,6.47,4.72,4.81,CBRE Cap Rate Survey,2025-Q4,https://www.cbre.com/insights/reports/cap-rate-survey
75223,DFW,32.8769,-96.7737,4.59,5.48,6.18,CBRE Cap Rate Survey,2025-Q4,https://www.cbre.com/insights/reports/cap-rate-survey
75224,DFW,32.8075,-96.904,5.13,4.48,4.97,CBRE Cap Rate Survey,2025-Q4,https://www.cbre.com/insights/reports/cap-rate-survey
75225,DFW,32.7787,-96.6348,5.29,4.2,5.39,CBRE Cap Rate Survey,2025-Q4,https://www.cbre.com/insights/reports/cap-rate-survey
75226,DFW,32.8696,-96.8318,4.67,5.87,6.29,CBRE Cap Rate Survey,2025-Q4,https://www.cbre.com/insights/reports/cap-rate-survey
75227,DFW,32.8092,-96.8088,5.24,5.37,6.62,CBRE Cap Rate Survey,2025-Q4,https://www.cbre.com/insights/reports/cap-rate-survey
75228,DFW,32.8704,-96.8465,5.52,4.42,6.33,CBRE Cap Rate Survey,2025-Q4,https://www.cbre.com/insights/reports/cap-rate-survey
75229,DFW,32.7759,-96.7458,4.72,5.09,5.5,CBRE Cap Rate Survey,2025-Q4,https://www.cbre.com/insights/reports/cap-rate-survey
75230,DFW,32.7575,-96.6588,5.84,4.95,6.14,CBRE Cap Rate Survey,2025-Q4,https://www.cbre.com/insights/reports/cap-rate-survey
75231,DFW,32.6405,-96.9338,6.36,4.33,5.44,CBRE Cap Rate Survey,2025-Q4,https://www.cbre.com/insights/reports/cap-rate-survey
75232,DFW,32.7193,-96.832,6.38,5.49,4.72,CBRE Cap Rate Survey,2025-Q4,https://www.cbre.com/insights/reports/cap-rate-survey
75233,DFW,32.7264,-96.7029,6.07,5.93,5.18,CBRE Cap Rate Survey,2025-Q4,https://www.cbre.com/insights/reports/cap-rate-survey
75234,DFW,32.6871,-96.6614,5.82,4.48,4.93,CBRE Cap Rate Survey,2025-Q4,https://www.cbre.com/insights/reports/cap-rate-survey
75235,DFW,32.9075,-96.662,5.99,4.21,6.58,CBRE Cap Rate Survey,2025-Q4,https://www.cbre.com/insights/reports/cap-rate-survey
75236,DFW,32.9219,-96.8311,5.83,4.86,5.18,CBRE Cap Rate Survey,2025-Q4,https://www.cbre.com/insights/reports/cap-rate-survey
75237,DFW,32.8763,-96.791,6.34,4.77,4.95,CBRE Cap Rate Survey,2025-Q4,https://www.cbre.com/insights/reports/cap-rate-survey
75238,DFW,32.7993,-96.8522,5.91,5.12,5.99,CBRE Cap Rate Survey,2025-Q4,https://www.cbre.com/insights/reports/cap-rate-survey
75239,DFW,32.8972,-96.8751,5.04,5.28,6.48,CBRE Cap Rate Survey,2025-Q4,https://www.cbre.com/insights/reports/cap-rate-survey
75240,DFW,32.7867,-96.7431,5.04,5.3,6.35,CBRE Cap Rate Survey,2025-Q4,https://www.cbre.com/insights/reports/cap-rate-survey
75241,DFW,32.8638,-96.6183,4.76,5.92,5.19,CBRE Cap Rate Survey,2025-Q4,https://www.cbre.com/insights/reports/cap-rate-survey
75242,DFW,32.7765,-96.6734,5.87,5.49,5.9,CBRE Cap Rate Survey,2025-Q4,https://www.cbre.com/insights/reports/cap-rate-survey
75243,DFW,32.7133,-96.9391,5.63,5.92,5.34,CBRE Cap Rate Survey,2025-Q4,https://www.cbre.com/insights/reports/cap-rate-survey
75244,DFW,32.8923,-96.645,4.83,5.52,4.79,CBRE Cap Rate Survey,2025-Q4,https://www.cbre.com/insights/reports/cap-rate-survey
75245,DFW,32.8574,-96.843,4.81,4.54,6.49,CBRE Cap Rate Survey,2025-Q4,https://www.cbre.com/insights/reports/cap-rate-survey
75246,DFW,32.7071,-96.6332,5.34,5.22,4.71,CBRE Cap Rate Survey,2025-Q4,https://www.cbre.com/insights/reports/cap-rate-survey
75247,DFW,32.7716,-96.8914,6.08,6.0,5.18,CBRE Cap Rate Survey,2025-Q4,https://www.cbre.com/insights/reports/cap-rate-survey
75248,DFW,32.7708,-96.9387,5.61,5.99,6.08,CBRE Cap Rate Survey,2025-Q4,https://www.cbre.com/insights/reports/cap-rate-survey
75249,DFW,32.9013,-96.8161,4.79,5.2,6.02,CBRE Cap Rate Survey,2025-Q4,https://www.cbre.com/insights/reports/cap-rate-survey
75250,DFW,32.8254,-96.7217,6.1,5.91,6.01,CBRE Cap Rate Survey,2025-Q4,https://www.cbre.com/insights/reports/cap-rate-survey
75251,DFW,32.6285,-96.9364,6.2,4.22,4.89,CBRE Cap Rate Survey,2025-Q4,https://www.cbre.com/insights/reports/cap-rate-survey
75252,DFW,32.9069,-96.7817,5.59,4.78,6.62,CBRE Cap Rate Survey,2025-Q4,https://www.cbre.com/insights/reports/cap-rate-survey
75253,DFW,32.9211,-96.9045,6.3,5.28,5.39,CBRE Cap Rate Survey,2025-Q4,https://www.cbre.com/insights/reports/cap-rate-survey
75254,DFW,32.6326,-96.6595,5.67,4.41,6.23,CBRE Cap Rate Survey,2025-Q4,https://www.cbre.com/insights/reports/cap-rate-survey
75255,DFW,32.6419,-96.6349,4.9,5.17,5.62,CBRE Cap Rate Survey,2025-Q4,https://www.cbre.com/insights/reports/cap-rate-survey
94101,Bay Area,37.7686,-122.3285,4.95,3.63,3.97,CBRE Cap Rate Survey,2025-Q4,https://www.cbre.com/insights/reports/cap-rate-survey
94102,Bay Area,37.7378,-122.4342,4.28,3.59,4.28,CBRE Cap Rate Survey,2025-Q4,https://www.cbre.com/insights/reports/cap-rate-survey
94103,Bay Area,37.7941,-122.5482,4.22,4.21,5.16,CBRE Cap Rate Survey,2025-Q4,https://www.cbre.com/insights/reports/cap-rate-survey
94104,Bay Area,37.6351,-122.3395,4.93,4.37,4.46,CBRE Cap Rate Survey,2025-Q4,https://www.cbre.com/insights/reports/cap-rate-survey
94105,Bay Area,37.7817,-122.5534,4.05,3.52,5.11,CBRE Cap Rate Survey,2025-Q4,https://www.cbre.com/insights/reports/cap-rate-survey
94106,Bay Area,37.8431,-122.2828,4.0,3.73,5.07,CBRE Cap Rate Survey,2025-Q4,https://www.cbre.com/insights/reports/cap-rate-survey
94107,Bay Area,37.6341,-122.5768,4.21,4.25,4.48,CBRE Cap Rate Survey,2025-Q4,https://www.cbre.com/insights/reports/cap-rate-survey
94108,Bay Area,37.6948,-122.5603,3.84,3.25,4.96,CBRE Cap Rate Survey,2025-Q4,https://www.cbre.com/insights/reports/cap-rate-survey
94109,Bay Area,37.7355,-122.3109,4.56,4.06,4.29,CBRE Cap Rate Survey,2025-Q4,https://www.cbre.com/insights/reports/cap-rate-survey
94110,Bay Area,37.6377,-122.2649,4.58,3.31,4.79,CBRE Cap Rate Survey,2025-Q4,https://www.cbre.com/insights/reports/cap-rate-survey
94111,Bay Area,37.7117,-122.2613,3.82,4.44,4.23,CBRE Cap Rate Survey,2025-Q4,https://www.cbre.com/insights/reports/cap-rate-survey
94112,Bay Area,37.8873,-122.3034,3.63,3.61,4.65,CBRE Cap Rate Survey,2025-Q4,https://www.cbre.com/insights/reports/cap-rate-survey
94113,Bay Area,37.8948,-122.5314,4.54,3.93,4.21,CBRE Cap Rate Survey,2025-Q4,https://www.cbre.com/insights/reports/cap-rate-survey
94114,Bay Area,37.7382,-122.3844,4.85,3.92,4.51,CBRE Cap Rate Survey,2025-Q4,https://www.cbre.com/insights/reports/cap-rate-survey
94115,Bay Area,37.6319,-122.3526,3.87,4.21,4.27,CBRE Cap Rate Survey,2025-Q4,https://www.cbre.com/insights/reports/cap-rate-survey
94116,Bay Area,37.7022,-122.4266,3.71,3.44,3.89,CBRE Cap Rate Survey,2025-Q4,https://www.cbre.com/insights/reports/cap-rate-survey
94117,Bay Area,37.645,-122.3776,4.23,3.36,4.29,CBRE Cap Rate Survey,2025-Q4,https://www.cbre.com/insights/reports/cap-rate-survey
94118,Bay Area,37.7614,-122.3274,4.86,4.32,3.97,CBRE Cap Rate Survey,2025-Q4,https://www.cbre.com/insights/reports/cap-rate-survey
94119,Bay Area,37.864,-122.4847,4.65,4.32,4.89,CBRE Cap Rate Survey,2025-Q4,https://www.cbre.com/insights/reports/cap-rate-survey
94120,Bay Area,37.8643,-122.4794,4.93,3.21,4.71,CBRE Cap Rate Survey,2025-Q4,https://www.cbre.com/insights/reports/cap-rate-survey
94121,Bay Area,37.7922,-122.4425,4.7,3.58,5.15,CBRE Cap Rate Survey,2025-Q4,https://www.cbre.com/insights/reports/cap-rate-survey
94122,Bay Area,37.7784,-122.5458,3.7,3.45,4.42,CBRE Cap Rate Survey,2025-Q4,https://www.cbre.com/insights/reports/cap-rate-survey
94123,Bay Area,37.8375,-122.478,4.71,4.4,4.2,CBRE Cap Rate Survey,2025-Q4,https://www.cbre.com/insights/reports/cap-rate-survey
94124,Bay Area,37.8922,-122.2964,4.03,3.19,5.19,CBRE Cap Rate Survey,2025-Q4,https://www.cbre.com/insights/reports/cap-rate-survey
94125,Bay Area,37.7645,-122.2409,4.42,3.59,4.3,CBRE Cap Rate Survey,2025-Q4,https://www.cbre.com/insights/reports/cap-rate-survey
94126,Bay Area,37.7961,-122.354,4.67,3.89,4.29,CBRE Cap Rate Survey,2025-Q4,https://www.cbre.com/insights/reports/cap-rate-survey
94127,Bay Area,37.902,-122.5564,4.94,3.33,4.36,CBRE Cap Rate Survey,2025-Q4,https://www.cbre.com/insights/reports/cap-rate-survey
94128,Bay Area,37.7055,-122.481,4.64,3.78,4.8,CBRE Cap Rate Survey,2025-Q4,https://www.cbre.com/insights/reports/cap-rate-survey
94129,Bay Area,37.8004,-122.5673,4.11,3.77,3.62,CBRE Cap Rate Survey,2025-Q4,https://www.cbre.com/insights/reports/cap-rate-survey
94130,Bay Area,37.63,-122.2554,3.93,4.4,4.02,CBRE Cap Rate Survey,2025-Q4,https://www.cbre.com/insights/reports/cap-rate-survey
94131,Bay Area,37.7703,-122.4485,3.64,4.03,4.35,CBRE Cap Rate Survey,2025-Q4,https://www.cbre.com/insights/reports/cap-rate-survey
94132,Bay Area,37.7415,-122.4854,3.78,4.23,4.29,CBRE Cap Rate Survey,2025-Q4,https://www.cbre.com/insights/reports/cap-rate-survey
94133,Bay Area,37.675,-122.257,3.47,3.89,4.46,CBRE Cap Rate Survey,2025-Q4,https://www.cbre.com/insights/reports/cap-rate-survey
94134,Bay Area,37.8135,-122.358,3.73,3.12,3.69,CBRE Cap Rate Survey,2025-Q4,https://www.cbre.com/insights/reports/cap-rate-survey
94135,Bay Area,37.6511,-122.5827,3.85,3.79,4.19,CBRE Cap Rate Survey,2025-Q4,https://www.cbre.com/insights/reports/cap-rate-survey
94136,Bay Area,37.7382,-122.2633,4.88,4.0,4.08,CBRE Cap Rate Survey,2025-Q4,https://www.cbre.com/insights/reports/cap-rate-survey
94137,Bay Area,37.6763,-122.4566,4.37,4.07,3.99,CBRE Cap Rate Survey,2025-Q4,https://www.cbre.com/insights/reports/cap-rate-survey
94138,Bay Area,37.8736,-122.5811,4.01,4.43,4.19,CBRE Cap Rate Survey,2025-Q4,https://www.cbre.com/insights/reports/cap-rate-survey
94139,Bay Area,37.7895,-122.586,3.94,4.09,5.13,CBRE Cap Rate Survey,2025-Q4,https://www.cbre.com/insights/reports/cap-rate-survey
94140,Bay Area,37.9139,-122.486,3.59,3.34,4.06,CBRE Cap Rate Survey,2025-Q4,https://www.cbre.com/insights/reports/cap-rate-survey
94141,Bay Area,37.8758,-122.3879,3.81,4.28,4.99,CBRE Cap Rate Survey,2025-Q4,https://www.cbre.com/insights/reports/cap-rate-survey
94142,Bay Area,37.6422,-122.3426,4.22,3.84,4.96,CBRE Cap Rate Survey,2025-Q4,https://www.cbre.com/insights/reports/cap-rate-survey
94143,Bay Area,37.8082,-122.5795,3.8,4.29,3.91,CBRE Cap Rate Survey,2025-Q4,https://www.cbre.com/insights/reports/cap-rate-survey
94144,Bay Area,37.8858,-122.281,4.37,3.51,5.11,CBRE Cap Rate Survey,2025-Q4,https://www.cbre.com/insights/reports/cap-rate-survey
94145,Bay Area,37.6432,-122.5209,4.91,3.96,3.76,CBRE Cap Rate Survey,2025-Q4,https://www.cbre.com/insights/reports/cap-rate-survey
78701,Austin,30.3382,-97.6172,5.56,4.01,4.9,CBRE Cap Rate Survey,2025-Q4,https://www.cbre.com/insights/reports/cap-rate-survey
78702,Austin,30.3313,-97.9187,5.42,5.54,4.77,CBRE Cap Rate Survey,2025-Q4,https://www.cbre.com/insights/reports/cap-rate-survey
78703,Austin,30.3588,-97.7992,6.02,4.48,5.91,CBRE Cap Rate Survey,2025-Q4,https://www.cbre.com/insights/reports/cap-rate-survey
78704,Austin,30.3485,-97.5735,4.81,4.5,5.35,CBRE Cap Rate Survey,2025-Q4,https://www.cbre.com/insights/reports/cap-rate-survey
78705,Austin,30.192,-97.6333,4.43,4.35,5.26,CBRE Cap Rate Survey,2025-Q4,https://www.cbre.com/insights/reports/cap-rate-survey
78706,Austin,30.2236,-97.5862,5.69,4.47,5.36,CBRE Cap Rate Survey,2025-Q4,https://www.cbre.com/insights/reports/cap-rate-survey
78707,Austin,30.1727,-97.7459,4.66,4.99,5.66,CBRE Cap Rate Survey,2025-Q4,https://www.cbre.com/insights/reports/cap-rate-survey
78708,Austin,30.3636,-97.907,5.89,4.01,5.48,CBRE Cap Rate Survey,2025-Q4,https://www.cbre.com/insights/reports/cap-rate-survey
78709,Austin,30.2667,-97.9021,5.89,5.46,5.11,CBRE Cap Rate Survey,2025-Q4,https://www.cbre.com/insights/reports/cap-rate-survey
78710,Austin,30.2586,-97.6572,4.3,4.83,5.81,CBRE Cap Rate Survey,2025-Q4,https://www.cbre.com/insights/reports/cap-rate-survey
78711,Austin,30.253,-97.78,5.2,3.99,5.3,CBRE Cap Rate Survey,2025-Q4,https://www.cbre.com/insights/reports/cap-rate-survey
78712,Austin,30.1884,-97.7832,5.8,4.42,4.49,CBRE Cap Rate Survey,2025-Q4,https://www.cbre.com/insights/reports/cap-rate-survey
78713,Austin,30.2819,-97.9136,5.86,4.35,4.76,CBRE Cap Rate Survey,2025-Q4,https://www.cbre.com/insights/reports/cap-rate-survey
78714,Austin,30.3681,-97.8602,5.4,4.81,5.02,CBRE Cap Rate Survey,2025-Q4,https://www.cbre.com/insights/reports/cap-rate-survey
78715,Austin,30.1509,-97.7203,4.94,5.64,5.94,CBRE Cap Rate Survey,2025-Q4,https://www.cbre.com/insights/reports/cap-rate-survey
78716,Austin,30.1242,-97.8795,4.36,4.7,6.37,CBRE Cap Rate Survey,2025-Q4,https://www.cbre.com/insights/reports/cap-rate-survey
78717,Austin,30.2849,-97.85,5.33,4.96,6.02,CBRE Cap Rate Survey,2025-Q4,https://www.cbre.com/insights/reports/cap-rate-survey
78718,Austin,30.3486,-97.9174,4.63,4.66,4.64,CBRE Cap Rate Survey,2025-Q4,https://www.cbre.com/insights/reports/cap-rate-survey
78719,Austin,30.1984,-97.6438,5.79,5.07,5.36,CBRE Cap Rate Survey,2025-Q4,https://www.cbre.com/insights/reports/cap-rate-survey
78720,Austin,30.3247,-97.909,4.55,4.89,4.48,CBRE Cap Rate Survey,2025-Q4,https://www.cbre.com/insights/reports/cap-rate-survey
78721,Austin,30.4068,-97.5869,5.95,4.07,4.61,CBRE Cap Rate Survey,2025-Q4,https://www.cbre.com/insights/reports/cap-rate-survey
78722,Austin,30.3546,-97.6028,5.96,5.01,6.21,CBRE Cap Rate Survey,2025-Q4,https://www.cbre.com/insights/reports/cap-rate-survey
78723,Austin,30.2531,-97.7371,5.18,5.02,4.76,CBRE Cap Rate Survey,2025-Q4,https://www.cbre.com/insights/reports/cap-rate-survey
78724,Austin,30.3978,-97.7357,5.96,4.03,4.6,CBRE Cap Rate Survey,2025-Q4,https://www.cbre.com/insights/reports/cap-rate-survey
78725,Austin,30.1486,-97.7035,5.52,4.95,6.04,CBRE Cap Rate Survey,2025-Q4,https://www.cbre.com/insights/reports/cap-rate-survey
78726,Austin,30.2222,-97.8281,5.93,4.26,4.55,CBRE Cap Rate Survey,2025-Q4,https://www.cbre.com/insights/reports/cap-rate-survey
78727,Austin,30.3423,-97.6881,4.37,5.37,5.51,CBRE Cap Rate Survey,2025-Q4,https://www.cbre.com/insights/reports/cap-rate-survey
78728,Austin,30.406,-97.6199,5.02,4.45,5.25,CBRE Cap Rate Survey,2025-Q4,https://www.cbre.com/insights/reports/cap-rate-survey
78729,Austin,30.2176,-97.822,4.96,4.35,5.65,CBRE Cap Rate Survey,2025-Q4,https://www.cbre.com/insights/reports/cap-rate-survey
78730,Austin,30.273,-97.8927,6.01,5.13,6.18,CBRE Cap Rate Survey,2025-Q4,https://www.cbre.com/insights/reports/cap-rate-survey
78731,Austin,30.3084,-97.8457,5.66,5.26,5.28,CBRE Cap Rate Survey,2025-Q4,https://www.cbre.com/insights/reports/cap-rate-survey
78732,Austin,30.2595,-97.8916,5.73,5.37,5.55,CBRE Cap Rate Survey,2025-Q4,https://www.cbre.com/insights/reports/cap-rate-survey
78733,Austin,30.2881,-97.6756,5.25,4.12,6.04,CBRE Cap Rate Survey,2025-Q4,https://www.cbre.com/insights/reports/cap-rate-survey
78734,Austin,30.2303,-97.7673,4.99,4.55,4.68,CBRE Cap Rate Survey,2025-Q4,https://www.cbre.com/insights/reports/cap-rate-survey
78735,Austin,30.254,-97.8311,5.34,5.12,6.16,CBRE Cap Rate Survey,2025-Q4,https://www.cbre.com/insights/reports/cap-rate-survey
78736,Austin,30.2918,-97.5715,5.65,4.44,4.98,CBRE Cap Rate Survey,2025-Q4,https://www.cbre.com/insights/reports/cap-rate-survey
78737,Austin,30.1935,-97.6166,5.53,4.2,6.21,CBRE Cap Rate Survey,2025-Q4,https://www.cbre.com/insights/reports/cap-rate-survey
78738,Austin,30.1819,-97.8828,5.9,5.07,5.34,CBRE Cap Rate Survey,2025-Q4,https://www.cbre.com/insights/reports/cap-rate-survey
78739,Austin,30.3529,-97.7689,5.94,4.47,4.95,CBRE Cap Rate Survey,2025-Q4,https://www.cbre.com/insights/reports/cap-rate-survey
78740,Austin,30.1443,-97.9126,5.99,4.38,4.97,CBRE Cap Rate Survey,2025-Q4,https://www.cbre.com/insights/reports/cap-rate-survey
32201,Jacksonville,30.2629,-81.7066,5.95,4.6,6.85,CBRE Cap Rate Survey,2025-Q4,https://www.cbre.com/insights/reports/cap-rate-survey
32202,Jacksonville,30.3536,-81.713,5.42,4.89,6.49,CBRE Cap Rate Survey,2025-Q4,https://www.cbre.com/insights/reports/cap-rate-survey
32203,Jacksonville,30.2064,-81.5933,5.16,4.5,6.33,CBRE Cap Rate Survey,2025-Q4,https://www.cbre.com/insights/reports/cap-rate-survey
32204,Jacksonville,30.4018,-81.7388,5.31,4.69,5.37,CBRE Cap Rate Survey,2025-Q4,https://www.cbre.com/insights/reports/cap-rate-survey
32205,Jacksonville,30.4381,-81.6621,5.47,6.15,6.3,CBRE Cap Rate Survey,2025-Q4,https://www.cbre.com/insights/reports/cap-rate-survey
32206,Jacksonville,30.2515,-81.6968,6.51,5.65,6.68,CBRE Cap Rate Survey,2025-Q4,https://www.cbre.com/insights/reports/cap-rate-survey
32207,Jacksonville,30.4142,-81.5678,5.63,4.51,6.35,CBRE Cap Rate Survey,2025-Q4,https://www.cbre.com/insights/reports/cap-rate-survey
32208,Jacksonville,30.3669,-81.4937,5.91,5.06,6.82,CBRE Cap Rate Survey,2025-Q4,https://www.cbre.com/insights/reports/cap-rate-survey
32209,Jacksonville,30.4213,-81.665,5.52,5.14,6.69,CBRE Cap Rate Survey,2025-Q4,https://www.cbre.com/insights/reports/cap-rate-survey
32210,Jacksonville,30.2271,-81.7224,6.33,6.26,5.13,CBRE Cap Rate Survey,2025-Q4,https://www.cbre.com/insights/reports/cap-rate-survey
32211,Jacksonville,30.3834,-81.7213,5.37,6.1,6.18,CBRE Cap Rate Survey,2025-Q4,https://www.cbre.com/insights/reports/cap-rate-survey
32212,Jacksonville,30.3236,-81.7828,6.75,5.86,5.28,CBRE Cap Rate Survey,2025-Q4,https://www.cbre.com/insights/reports/cap-rate-survey
32213,Jacksonville,30.3573,-81.7082,5.19,4.83,5.77,CBRE Cap Rate Survey,2025-Q4,https://www.cbre.com/insights/reports/cap-rate-survey
32214,Jacksonville,30.4087,-81.4792,6.56,4.57,5.85,CBRE Cap Rate Survey,2025-Q4,https://www.cbre.com/insights/reports/cap-rate-survey
32215,Jacksonville,30.4052,-81.681,6.66,5.86,7.02,CBRE Cap Rate Survey,2025-Q4,https://www.cbre.com/insights/reports/cap-rate-survey
32216,Jacksonville,30.4745,-81.8128,5.71,5.05,6.45,CBRE Cap Rate Survey,2025-Q4,https://www.cbre.com/insights/reports/cap-rate-survey
32217,Jacksonville,30.4096,-81.7954,5.66,5.73,5.36,CBRE Cap Rate Survey,2025-Q4,https://www.cbre.com/insights/reports/cap-rate-survey
32218,Jacksonville,30.382,-81.6248,6.34,6.11,6.53,CBRE Cap Rate Survey,2025-Q4,https://www.cbre.com/insights/reports/cap-rate-survey
32219,Jacksonville,30.4004,-81.6533,5.57,5.5,6.66,CBRE Cap Rate Survey,2025-Q4,https://www.cbre.com/insights/reports/cap-rate-survey
32220,Jacksonville,30.4471,-81.5603,4.95,5.57,5.68,CBRE Cap Rate Survey,2025-Q4,https://www.cbre.com/insights/reports/cap-rate-survey
32221,Jacksonville,30.3411,-81.5136,4.92,5.27,6.87,CBRE Cap Rate Survey,2025-Q4,https://www.cbre.com/insights/reports/cap-rate-survey
32222,Jacksonville,30.4014,-81.521,5.2,5.01,5.96,CBRE Cap Rate Survey,2025-Q4,https://www.cbre.com/insights/reports/cap-rate-survey
32223,Jacksonville,30.2715,-81.7715,6.84,5.05,6.73,CBRE Cap Rate Survey,2025-Q4,https://www.cbre.com/insights/reports/cap-rate-survey
32224,Jacksonville,30.2841,-81.6254,5.75,6.23,5.71,CBRE Cap Rate Survey,2025-Q4,https://www.cbre.com/insights/reports/cap-rate-survey
32225,Jacksonville,30.405,-81.5688,5.63,6.23,6.39,CBRE Cap Rate Survey,2025-Q4,https://www.cbre.com/insights/reports/cap-rate-survey
32226,Jacksonville,30.2109,-81.812,5.4,6.16,7.04,CBRE Cap Rate Survey,2025-Q4,https://www.cbre.com/insights/reports/cap-rate-survey
32227,Jacksonville,30.2571,-81.7746,5.31,5.75,4.97,CBRE Cap Rate Survey,2025-Q4,https://www.cbre.com/insights/reports/cap-rate-survey
32228,Jacksonville,30.4455,-81.6666,5.33,4.44,5.33,CBRE Cap Rate Survey,2025-Q4,https://www.cbre.com/insights/reports/cap-rate-survey
32229,Jacksonville,30.2369,-81.8232,6.79,5.04,5.98,CBRE Cap Rate Survey,2025-Q4,https://www.cbre.com/insights/reports/cap-rate-survey
32230,Jacksonville,30.1929,-81.8011,5.86,5.94,6.45,CBRE Cap Rate Survey,2025-Q4,https://www.cbre.com/insights/reports/cap-rate-survey
43201,Columbus,39.897,-82.8522,6.49,5.77,6.43,CBRE Cap Rate Survey,2025-Q4,https://www.cbre.com/insights/reports/cap-rate-survey
43202,Columbus,39.8117,-83.0635,6.33,5.18,5.67,CBRE Cap Rate Survey,2025-Q4,https://www.cbre.com/insights/reports/cap-rate-survey
43203,Columbus,40.0196,-82.836,4.8,4.79,5.2,CBRE Cap Rate Survey,2025-Q4,https://www.cbre.com/insights/reports/cap-rate-survey
43204,Columbus,40.0713,-82.9791,5.63,5.13,5.58,CBRE Cap Rate Survey,2025-Q4,https://www.cbre.com/insights/reports/cap-rate-survey
43205,Columbus,39.9719,-82.9473,5.71,5.87,5.15,CBRE Cap Rate Survey,2025-Q4,https://www.cbre.com/insights/reports/cap-rate-survey
43206,Columbus,39.9328,-82.8808,5.97,4.94,5.31,CBRE Cap Rate Survey,2025-Q4,https://www.cbre.com/insights/reports/cap-rate-survey
43207,Columbus,39.8396,-83.0801,5.91,4.72,6.17,CBRE Cap Rate Survey,2025-Q4,https://www.cbre.com/insights/reports/cap-rate-survey
43208,Columbus,39.9781,-83.1652,6.43,5.11,5.6,CBRE Cap Rate Survey,2025-Q4,https://www.cbre.com/insights/reports/cap-rate-survey
43209,Columbus,39.8779,-82.9828,5.32,6.28,5.19,CBRE Cap Rate Survey,2025-Q4,https://www.cbre.com/insights/reports/cap-rate-survey
43210,Columbus,39.8746,-83.1787,5.01,5.76,6.72,CBRE Cap Rate Survey,2025-Q4,https://www.cbre.com/insights/reports/cap-rate-survey
43211,Columbus,39.8289,-82.9277,6.43,4.56,7.04,CBRE Cap Rate Survey,2025-Q4,https://www.cbre.com/insights/reports/cap-rate-survey
43212,Columbus,40.0568,-83.028,5.42,5.35,5.27,CBRE Cap Rate Survey,2025-Q4,https://www.cbre.com/insights/reports/cap-rate-survey
43213,Columbus,40.071,-83.1016,6.35,5.77,5.01,CBRE Cap Rate Survey,2025-Q4,https://www.cbre.com/insights/reports/cap-rate-survey
43214,Columbus,39.8448,-82.9857,5.5,5.28,4.99,CBRE Cap Rate Survey,2025-Q4,https://www.cbre.com/insights/reports/cap-rate-survey
43215,Columbus,39.9024,-82.8522,5.02,6.17,5.12,CBRE Cap Rate Survey,2025-Q4,https://www.cbre.com/insights/reports/cap-rate-survey
43216,Columbus,40.0265,-82.8439,5.36,6.25,6.58,CBRE Cap Rate Survey,2025-Q4,https://www.cbre.com/insights/reports/cap-rate-survey
43217,Columbus,39.9135,-83.0775,6.21,5.39,5.3,CBRE Cap Rate Survey,2025-Q4,https://www.cbre.com/insights/reports/cap-rate-survey
43218,Columbus,40.0169,-83.0315,6.58,5.25,5.72,CBRE Cap Rate Survey,2025-Q4,https://www.cbre.com/insights/reports/cap-rate-survey
43219,Columbus,39.8485,-82.8873,6.45,4.67,5.07,CBRE Cap Rate Survey,2025-Q4,https://www.cbre.com/insights/reports/cap-rate-survey
43220,Columbus,39.8452,-83.0673,6.55,5.32,6.75,CBRE Cap Rate Survey,2025-Q4,https://www.cbre.com/insights/reports/cap-rate-survey
43221,Columbus,39.9889,-82.939,6.36,5.18,6.62,CBRE Cap Rate Survey,2025-Q4,https://www.cbre.com/insights/reports/cap-rate-survey
43222,Columbus,39.9443,-83.0074,5.34,4.76,5.6,CBRE Cap Rate Survey,2025-Q4,https://www.cbre.com/insights/reports/cap-rate-survey
43223,Columbus,40.0075,-82.9615,5.93,5.45,6.52,CBRE Cap Rate Survey,2025-Q4,https://www.cbre.com/insights/reports/cap-rate-survey
43224,Columbus,39.9804,-82.8342,4.93,4.89,6.26,CBRE Cap Rate Survey,2025-Q4,https://www.cbre.com/insights/reports/cap-rate-survey
43225,Columbus,39.8397,-82.8365,6.12,5.13,6.83,CBRE Cap Rate Survey,2025-Q4,https://www.cbre.com/insights/reports/cap-rate-survey
43226,Columbus,39.8909,-83.0486,4.91,4.63,6.77,CBRE Cap Rate Survey,2025-Q4,https://www.cbre.com/insights/reports/cap-rate-survey
43227,Columbus,40.0849,-83.0658,6.18,6.14,6.51,CBRE Cap Rate Survey,2025-Q4,https://www.cbre.com/insights/reports/cap-rate-survey
43228,Columbus,39.9456,-82.8252,5.1,5.55,6.23,CBRE Cap Rate Survey,2025-Q4,https://www.cbre.com/insights/reports/cap-rate-survey
43229,Columbus,39.9931,-83.1476,5.54,6.11,6.69,CBRE Cap Rate Survey,2025-Q4,https://www.cbre.com/insights/reports/cap-rate-survey
43230,Columbus,39.8566,-83.1024,5.41,5.79,6.85,CBRE Cap Rate Survey,2025-Q4,https://www.cbre.com/insights/reports/cap-rate-survey
43231,Columbus,39.926,-83.0788,6.47,5.85,6.98,CBRE Cap Rate Survey,2025-Q4,https://www.cbre.com/insights/reports/cap-rate-survey
43232,Columbus,39.9156,-82.9289,5.72,5.08,5.93,CBRE Cap Rate Survey,2025-Q4,https://www.cbre.com/insights/reports/cap-rate-survey
43233,Columbus,40.0732,-83.1598,5.81,5.72,6.45,CBRE Cap Rate Survey,2025-Q4,https://www.cbre.com/insights/reports/cap-rate-survey
43234,Columbus,39.9025,-83.1296,6.54,5.38,6.1,CBRE Cap Rate Survey,2025-Q4,https://www.cbre.com/insights/reports/cap-rate-survey
43235,Columbus,40.0553,-83.0767,5.3,5.53,6.85,CBRE Cap Rate Survey,2025-Q4,https://www.cbre.com/insights/reports/cap-rate-survey
28201,Charlotte,35.114,-80.9609,4.88,4.26,5.49,CBRE Cap Rate Survey,2025-Q4,https://www.cbre.com/insights/reports/cap-rate-survey
28202,Charlotte,35.2349,-80.7388,6.18,4.47,6.48,CBRE Cap Rate Survey,2025-Q4,https://www.cbre.com/insights/reports/cap-rate-survey
28203,Charlotte,35.3304,-81.0086,6.35,5.16,5.55,CBRE Cap Rate Survey,2025-Q4,https://www.cbre.com/insights/reports/cap-rate-survey
28204,Charlotte,35.2807,-80.8843,6.18,5.21,5.39,CBRE Cap Rate Survey,2025-Q4,https://www.cbre.com/insights/reports/cap-rate-survey
28205,Charlotte,35.2993,-80.8051,6.18,4.21,6.12,CBRE Cap Rate Survey,2025-Q4,https://www.cbre.com/insights/reports/cap-rate-survey
28206,Charlotte,35.1703,-80.9353,4.61,4.36,5.53,CBRE Cap Rate Survey,2025-Q4,https://www.cbre.com/insights/reports/cap-rate-survey
28207,Charlotte,35.0789,-80.9889,6.13,5.14,6.5,CBRE Cap Rate Survey,2025-Q4,https://www.cbre.com/insights/reports/cap-rate-survey
28208,Charlotte,35.2953,-80.8903,4.63,5.61,6.46,CBRE Cap Rate Survey,2025-Q4,https://www.cbre.com/insights/reports/cap-rate-survey
28209,Charlotte,35.1328,-80.8814,5.44,5.86,5.79,CBRE Cap Rate Survey,2025-Q4,https://www.cbre.com/insights/reports/cap-rate-survey
28210,Charlotte,35.2871,-80.8476,6.21,4.2,6.46,CBRE Cap Rate Survey,2025-Q4,https://www.cbre.com/insights/reports/cap-rate-survey
28211,Charlotte,35.1844,-80.7765,5.94,5.05,4.79,CBRE Cap Rate Survey,2025-Q4,https://www.cbre.com/insights/reports/cap-rate-survey
28212,Charlotte,35.0849,-80.767,4.89,5.09,5.01,CBRE Cap Rate Survey,2025-Q4,https://www.cbre.com/insights/reports/cap-rate-survey
28213,Charlotte,35.1226,-80.9349,4.64,5.06,5.2,CBRE Cap Rate Survey,2025-Q4,https://www.cbre.com/insights/reports/cap-rate-survey
28214,Charlotte,35.0786,-80.9486,5.45,4.33,6.29,CBRE Cap Rate Survey,2025-Q4,https://www.cbre.com/insights/reports/cap-rate-survey
28215,Charlotte,35.1748,-80.8935,5.22,5.36,5.04,CBRE Cap Rate Survey,2025-Q4,https://www.cbre.com/insights/reports/cap-rate-survey
28216,Charlotte,35.3338,-80.7734,4.96,4.85,6.46,CBRE Cap Rate Survey,2025-Q4,https://www.cbre.com/insights/reports/cap-rate-survey
28217,Charlotte,35.146,-80.7171,4.97,5.59,5.01,CBRE Cap Rate Survey,2025-Q4,https://www.cbre.com/insights/reports/cap-rate-survey
28218,Charlotte,35.3371,-80.9789,5.47,5.79,6.35,CBRE Cap Rate Survey,2025-Q4,https://www.cbre.com/insights/reports/cap-rate-survey
28219,Charlotte,35.2189,-80.8338,5.66,4.48,6.03,CBRE Cap Rate Survey,2025-Q4,https://www.cbre.com/insights/reports/cap-rate-survey
28220,Charlotte,35.3229,-81.0049,5.8,4.75,5.6,CBRE Cap Rate Survey,2025-Q4,https://www.cbre.com/insights/reports/cap-rate-survey
28221,Charlotte,35.1368,-80.6844,5.51,4.86,6.37,CBRE Cap Rate Survey,2025-Q4,https://www.cbre.com/insights/reports/cap-rate-survey
28222,Charlotte,35.3012,-80.9534,5.78,4.46,5.28,CBRE Cap Rate Survey,2025-Q4,https://www.cbre.com/insights/reports/cap-rate-survey
28223,Charlotte,35.1556,-80.7174,6.33,5.62,6.08,CBRE Cap Rate Survey,2025-Q4,https://www.cbre.com/insights/reports/cap-rate-survey
28224,Charlotte,35.1506,-80.9397,5.6,5.85,4.7,CBRE Cap Rate Survey,2025-Q4,https://www.cbre.com/insights/reports/cap-rate-survey
28225,Charlotte,35.0836,-80.702,5.6,5.15,5.43,CBRE Cap Rate Survey,2025-Q4,https://www.cbre.com/insights/reports/cap-rate-survey
28226,Charlotte,35.3561,-81.0101,5.53,4.59,4.69,CBRE Cap Rate Survey,2025-Q4,https://www.cbre.com/insights/reports/cap-rate-survey
28227,Charlotte,35.1523,-81.0029,4.87,4.19,5.48,CBRE Cap Rate Survey,2025-Q4,https://www.cbre.com/insights/reports/cap-rate-survey
28228,Charlotte,35.3138,-80.9725,4.58,4.65,6.33,CBRE Cap Rate Survey,2025-Q4,https://www.cbre.com/insights/reports/cap-rate-survey
28229,Charlotte,35.1326,-80.6913,5.36,5.6,4.75,CBRE Cap Rate Survey,2025-Q4,https://www.cbre.com/insights/reports/cap-rate-survey
28230,Charlotte,35.1131,-80.7382,4.6,4.71,4.85,CBRE Cap Rate Survey,2025-Q4,https://www.cbre.com/insights/reports/cap-rate-survey
28231,Charlotte,35.2488,-80.91,5.83,5.37,5.7,CBRE Cap Rate Survey,2025-Q4,https://www.cbre.com/insights/reports/cap-rate-survey
28232,Charlotte,35.1105,-80.9699,5.0,5.21,5.05,CBRE Cap Rate Survey,2025-Q4,https://www.cbre.com/insights/reports/cap-rate-survey
28233,Charlotte,35.2,-80.9636,6.47,5.74,4.87,CBRE Cap Rate Survey,2025-Q4,https://www.cbre.com/insights/reports/cap-rate-survey
28234,Charlotte,35.1898,-80.8272,5.1,5.77,6.09,CBRE Cap Rate Survey,2025-Q4,https://www.cbre.com/insights/reports/cap-rate-survey
28235,Charlotte,35.3317,-80.9685,6.2,6.0,5.62,CBRE Cap Rate Survey,2025-Q4,https://www.cbre.com/insights/reports/cap-rate-survey
28236,Charlotte,35.132,-80.9687,6.35,4.87,6.66,CBRE Cap Rate Survey,2025-Q4,https://www.cbre.com/insights/reports/cap-rate-survey
28237,Charlotte,35.0896,-80.7634,5.03,4.35,5.59,CBRE Cap Rate Survey,2025-Q4,https://www.cbre.com/insights/reports/cap-rate-survey
28238,Charlotte,35.0773,-80.8534,5.03,4.19,5.26,CBRE Cap Rate Survey,2025-Q4,https://www.cbre.com/insights/reports/cap-rate-survey
28239,Charlotte,35.2769,-80.8749,4.8,4.46,5.56,CBRE Cap Rate Survey,2025-Q4,https://www.cbre.com/insights/reports/cap-rate-survey
28240,Charlotte,35.2606,-81.0069,5.89,4.59,4.95,CBRE Cap Rate Survey,2025-Q4,https://www.cbre.com/insights/reports/cap-rate-survey
46201,Indianapolis,39.818,-86.2891,5.98,6.27,6.8,CBRE Cap Rate Survey,2025-Q4,https://www.cbre.com/insights/reports/cap-rate-survey
46202,Indianapolis,39.7269,-86.2056,4.96,6.14,6.14,CBRE Cap Rate Survey,2025-Q4,https://www.cbre.com/insights/reports/cap-rate-survey
46203,Indianapolis,39.6224,-86.0448,6.33,5.79,5.25,CBRE Cap Rate Survey,2025-Q4,https://www.cbre.com/insights/reports/cap-rate-survey
46204,Indianapolis,39.7655,-86.087,5.54,5.9,5.5,CBRE Cap Rate Survey,2025-Q4,https://www.cbre.com/insights/reports/cap-rate-survey
46205,Indianapolis,39.6699,-86.0599,6.17,5.87,5.38,CBRE Cap Rate Survey,2025-Q4,https://www.cbre.com/insights/reports/cap-rate-survey
46206,Indianapolis,39.9067,-86.0748,5.83,6.04,5.4,CBRE Cap Rate Survey,2025-Q4,https://www.cbre.com/insights/reports/cap-rate-survey
46207,Indianapolis,39.6444,-86.2115,4.91,4.84,5.77,CBRE Cap Rate Survey,2025-Q4,https://www.cbre.com/insights/reports/cap-rate-survey
46208,Indianapolis,39.6796,-86.0884,6.72,6.36,6.84,CBRE Cap Rate Survey,2025-Q4,https://www.cbre.com/insights/reports/cap-rate-survey
46209,Indianapolis,39.7959,-86.2879,5.41,4.75,5.32,CBRE Cap Rate Survey,2025-Q4,https://www.cbre.com/insights/reports/cap-rate-survey
46210,Indianapolis,39.7777,-86.026,6.35,4.49,7.01,CBRE Cap Rate Survey,2025-Q4,https://www.cbre.com/insights/reports/cap-rate-survey
46211,Indianapolis,39.7722,-86.1321,5.01,4.85,6.13,CBRE Cap Rate Survey,2025-Q4,https://www.cbre.com/insights/reports/cap-rate-survey
46212,Indianapolis,39.7517,-86.2824,6.02,5.94,6.66,CBRE Cap Rate Survey,2025-Q4,https://www.cbre.com/insights/reports/cap-rate-survey
46213,Indianapolis,39.6656,-86.1348,6.16,4.83,6.81,CBRE Cap Rate Survey,2025-Q4,https://www.cbre.com/insights/reports/cap-rate-survey
46214,Indianapolis,39.7742,-86.0613,4.96,4.82,6.34,CBRE Cap Rate Survey,2025-Q4,https://www.cbre.com/insights/reports/cap-rate-survey
46215,Indianapolis,39.8959,-86.0608,6.75,5.31,7.03,CBRE Cap Rate Survey,2025-Q4,https://www.cbre.com/insights/reports/cap-rate-survey
46216,Indianapolis,39.8445,-86.27,6.01,5.18,6.24,CBRE Cap Rate Survey,2025-Q4,https://www.cbre.com/insights/reports/cap-rate-survey
46217,Indianapolis,39.7732,-86.0725,5.25,4.77,6.61,CBRE Cap Rate Survey,2025-Q4,https://www.cbre.com/insights/reports/cap-rate-survey
46218,Indianapolis,39.7687,-85.9884,5.29,5.53,6.13,CBRE Cap Rate Survey,2025-Q4,https://www.cbre.com/insights/reports/cap-rate-survey
46219,Indianapolis,39.6651,-86.1852,6.53,5.65,5.22,CBRE Cap Rate Survey,2025-Q4,https://www.cbre.com/insights/reports/cap-rate-survey
46220,Indianapolis,39.7833,-86.0479,5.63,6.25,5.68,CBRE Cap Rate Survey,2025-Q4,https://www.cbre.com/insights/reports/cap-rate-survey
46221,Indianapolis,39.773,-85.9968,5.18,5.1,5.82,CBRE Cap Rate Survey,2025-Q4,https://www.cbre.com/insights/reports/cap-rate-survey
46222,Indianapolis,39.6397,-86.2797,5.75,6.32,5.71,CBRE Cap Rate Survey,2025-Q4,https://www.cbre.com/insights/reports/cap-rate-survey
46223,Indianapolis,39.8894,-86.2675,5.66,4.7,6.32,CBRE Cap Rate Survey,2025-Q4,https://www.cbre.com/insights/reports/cap-rate-survey
46224,Indianapolis,39.7344,-86.0993,6.63,6.2,5.83,CBRE Cap Rate Survey,2025-Q4,https://www.cbre.com/insights/reports/cap-rate-survey
46225,Indianapolis,39.8196,-86.19,5.26,6.34,6.54,CBRE Cap Rate Survey,2025-Q4,https://www.cbre.com/insights/reports/cap-rate-survey
46226,Indianapolis,39.7708,-86.2166,6.28,4.79,6.14,CBRE Cap Rate Survey,2025-Q4,https://www.cbre.com/insights/reports/cap-rate-survey
46227,Indianapolis,39.8156,-86.3179,4.97,4.5,6.73,CBRE Cap Rate Survey,2025-Q4,https://www.cbre.com/insights/reports/cap-rate-survey
46228,Indianapolis,39.6766,-86.1958,6.75,4.88,6.34,CBRE Cap Rate Survey,2025-Q4,https://www.cbre.com/insights/reports/cap-rate-survey
46229,Indianapolis,39.8318,-86.2823,5.5,5.31,6.68,CBRE Cap Rate Survey,2025-Q4,https://www.cbre.com/insights/reports/cap-rate-survey
46230,Indianapolis,39.9109,-86.2648,6.56,5.05,4.97,CBRE Cap Rate Survey,2025-Q4,https://www.cbre.com/insights/reports/cap-rate-survey
98101,Seattle,47.4979,-122.3808,4.77,4.59,4.52,CBRE Cap Rate Survey,2025-Q4,https://www.cbre.com/insights/reports/cap-rate-survey
98102,Seattle,47.5801,-122.2696,3.95,4.25,5.35,CBRE Cap Rate Survey,2025-Q4,https://www.cbre.com/insights/reports/cap-rate-survey
98103,Seattle,47.6485,-122.1809,4.07,4.8,4.17,CBRE Cap Rate Survey,2025-Q4,https://www.cbre.com/insights/reports/cap-rate-survey
98104,Seattle,47.7062,-122.5068,3.86,3.66,5.11,CBRE Cap Rate Survey,2025-Q4,https://www.cbre.com/insights/reports/cap-rate-survey
98105,Seattle,47.4843,-122.1605,3.87,3.66,4.56,CBRE Cap Rate Survey,2025-Q4,https://www.cbre.com/insights/reports/cap-rate-survey
98106,Seattle,47.7263,-122.1912,5.01,4.78,4.74,CBRE Cap Rate Survey,2025-Q4,https://www.cbre.com/insights/reports/cap-rate-survey
98107,Seattle,47.659,-122.3495,4.64,4.56,5.16,CBRE Cap Rate Survey,2025-Q4,https://www.cbre.com/insights/reports/cap-rate-survey
98108,Seattle,47.6168,-122.4704,5.24,4.25,4.63,CBRE Cap Rate Survey,2025-Q4,https://www.cbre.com/insights/reports/cap-rate-survey
98109,Seattle,47.7366,-122.4055,4.02,4.72,5.19,CBRE Cap Rate Survey,2025-Q4,https://www.cbre.com/insights/reports/cap-rate-survey
98110,Seattle,47.6062,-122.2585,4.25,3.66,4.96,CBRE Cap Rate Survey,2025-Q4,https://www.cbre.com/insights/reports/cap-rate-survey
98111,Seattle,47.4864,-122.2214,3.96,3.86,3.87,CBRE Cap Rate Survey,2025-Q4,https://www.cbre.com/insights/reports/cap-rate-survey
98112,Seattle,47.5813,-122.3599,4.37,4.76,4.03,CBRE Cap Rate Survey,2025-Q4,https://www.cbre.com/insights/reports/cap-rate-survey
98113,Seattle,47.7045,-122.3161,4.65,4.17,4.07,CBRE Cap Rate Survey,2025-Q4,https://www.cbre.com/insights/reports/cap-rate-survey
98114,Seattle,47.7105,-122.4683,5.25,3.5,5.1,CBRE Cap Rate Survey,2025-Q4,https://www.cbre.com/insights/reports/cap-rate-survey
98115,Seattle,47.4769,-122.3493,3.84,3.39,4.15,CBRE Cap Rate Survey,2025-Q4,https://www.cbre.com/insights/reports/cap-rate-survey
98116,Seattle,47.6752,-122.3707,4.66,3.49,5.32,CBRE Cap Rate Survey,2025-Q4,https://www.cbre.com/insights/reports/cap-rate-survey
98117,Seattle,47.5965,-122.2721,4.11,4.04,4.79,CBRE Cap Rate Survey,2025-Q4,https://www.cbre.com/insights/reports/cap-rate-survey
98118,Seattle,47.5301,-122.153,4.12,3.38,5.32,CBRE Cap Rate Survey,2025-Q4,https://www.cbre.com/insights/reports/cap-rate-survey
98119,Seattle,47.6787,-122.5039,5.13,3.63,4.74,CBRE Cap Rate Survey,2025-Q4,https://www.cbre.com/insights/reports/cap-rate-survey
98120,Seattle,47.503,-122.4108,4.55,4.7,5.48,CBRE Cap Rate Survey,2025-Q4,https://www.cbre.com/insights/reports/cap-rate-survey
98121,Seattle,47.6754,-122.3445,5.25,3.92,4.66,CBRE Cap Rate Survey,2025-Q4,https://www.cbre.com/insights/reports/cap-rate-survey
98122,Seattle,47.5799,-122.1603,4.67,3.87,4.5,CBRE Cap Rate Survey,2025-Q4,https://www.cbre.com/insights/reports/cap-rate-survey
98123,Seattle,47.4899,-122.3389,5.1,3.92,5.03,CBRE Cap Rate Survey,2025-Q4,https://www.cbre.com/insights/reports/cap-rate-survey
98124,Seattle,47.5505,-122.3795,4.97,4.76,5.42,CBRE Cap Rate Survey,2025-Q4,https://www.cbre.com/insights/reports/cap-rate-survey
98125,Seattle,47.6061,-122.2312,4.01,4.6,4.62,CBRE Cap Rate Survey,2025-Q4,https://www.cbre.com/insights/reports/cap-rate-survey
98126,Seattle,47.6999,-122.3046,4.67,3.54,4.46,CBRE Cap Rate Survey,2025-Q4,https://www.cbre.com/insights/reports/cap-rate-survey
98127,Seattle,47.457,-122.3199,4.43,4.8,4.98,CBRE Cap Rate Survey,2025-Q4,https://www.cbre.com/insights/reports/cap-rate-survey
98128,Seattle,47.4624,-122.4788,3.74,3.44,5.13,CBRE Cap Rate Survey,2025-Q4,https://www.cbre.com/insights/reports/cap-rate-survey
98129,Seattle,47.5938,-122.4359,4.85,4.46,5.03,CBRE Cap Rate Survey,2025-Q4,https://www.cbre.com/insights/reports/cap-rate-survey
98130,Seattle,47.6215,-122.4707,3.7,3.9,5.26,CBRE Cap Rate Survey,2025-Q4,https://www.cbre.com/insights/reports/cap-rate-survey
98131,Seattle,47.4666,-122.3512,4.82,4.27,4.64,CBRE Cap Rate Survey,2025-Q4,https://www.cbre.com/insights/reports/cap-rate-survey
98132,Seattle,47.6181,-122.245,3.75,4.72,5.17,CBRE Cap Rate Survey,2025-Q4,https://www.cbre.com/insights/reports/cap-rate-survey
98133,Seattle,47.4939,-122.4709,4.81,4.07,4.14,CBRE Cap Rate Survey,2025-Q4,https://www.cbre.com/insights/reports/cap-rate-survey
98134,Seattle,47.5725,-122.3074,5.29,4.72,4.59,CBRE Cap Rate Survey,2025-Q4,https://www.cbre.com/insights/reports/cap-rate-survey
98135,Seattle,47.7065,-122.4742,5.01,4.6,4.92,CBRE Cap Rate Survey,2025-Q4,https://www.cbre.com/insights/reports/cap-rate-survey
98136,Seattle,47.6082,-122.3517,3.81,3.45,5.04,CBRE Cap Rate Survey,2025-Q4,https://www.cbre.com/insights/reports/cap-rate-survey
98137,Seattle,47.6423,-122.509,5.05,4.68,5.35,CBRE Cap Rate Survey,2025-Q4,https://www.cbre.com/insights/reports/cap-rate-survey
98138,Seattle,47.5649,-122.5058,4.7,4.38,5.39,CBRE Cap Rate Survey,2025-Q4,https://www.cbre.com/insights/reports/cap-rate-survey
98139,Seattle,47.6434,-122.3681,4.07,4.16,5.52,CBRE Cap Rate Survey,2025-Q4,https://www.cbre.com/insights/reports/cap-rate-survey
98140,Seattle,47.6197,-122.3275,5.1,4.02,5.4,CBRE Cap Rate Survey,2025-Q4,https://www.cbre.com/insights/reports/cap-rate-survey
80201,Denver,39.6256,-104.8904,4.71,5.38,5.15,CBRE Cap Rate Survey,2025-Q4,https://www.cbre.com/insights/reports/cap-rate-survey
80202,Denver,39.7955,-105.1676,4.14,4.71,5.82,CBRE Cap Rate Survey,2025-Q4,https://www.cbre.com/insights/reports/cap-rate-survey
80203,Denver,39.6205,-104.9694,4.22,4.52,5.03,CBRE Cap Rate Survey,2025-Q4,https://www.cbre.com/insights/reports/cap-rate-survey
80204,Denver,39.6214,-104.8226,4.25,4.16,4.95,CBRE Cap Rate Survey,2025-Q4,https://www.cbre.com/insights/reports/cap-rate-survey
80205,Denver,39.8852,-104.971,5.56,5.31,5.92,CBRE Cap Rate Survey,2025-Q4,https://www.cbre.com/insights/reports/cap-rate-survey
80206,Denver,39.5892,-104.8225,4.43,3.88,5.42,CBRE Cap Rate Survey,2025-Q4,https://www.cbre.com/insights/reports/cap-rate-survey
80207,Denver,39.7636,-105.0675,5.34,4.17,4.42,CBRE Cap Rate Survey,2025-Q4,https://www.cbre.com/insights/reports/cap-rate-survey
80208,Denver,39.7129,-105.1077,5.05,3.86,6.02,CBRE Cap Rate Survey,2025-Q4,https://www.cbre.com/insights/reports/cap-rate-survey
80209,Denver,39.7826,-105.024,5.9,5.41,5.53,CBRE Cap Rate Survey,2025-Q4,https://www.cbre.com/insights/reports/cap-rate-survey
80210,Denver,39.7974,-104.8199,4.24,4.64,5.26,CBRE Cap Rate Survey,2025-Q4,https://www.cbre.com/insights/reports/cap-rate-survey
80211,Denver,39.8421,-105.1424,5.51,3.94,5.71,CBRE Cap Rate Survey,2025-Q4,https://www.cbre.com/insights/reports/cap-rate-survey
80212,Denver,39.7524,-105.0872,5.85,5.08,5.25,CBRE Cap Rate Survey,2025-Q4,https://www.cbre.com/insights/reports/cap-rate-survey
80213,Denver,39.7777,-104.9079,5.11,5.34,5.75,CBRE Cap Rate Survey,2025-Q4,https://www.cbre.com/insights/reports/cap-rate-survey
80214,Denver,39.6262,-105.0972,4.84,4.77,5.75,CBRE Cap Rate Survey,2025-Q4,https://www.cbre.com/insights/reports/cap-rate-survey
80215,Denver,39.6144,-104.9171,4.82,4.34,5.74,CBRE Cap Rate Survey,2025-Q4,https://www.cbre.com/insights/reports/cap-rate-survey
80216,Denver,39.8482,-105.1308,4.86,4.5,4.49,CBRE Cap Rate Survey,2025-Q4,https://www.cbre.com/insights/reports/cap-rate-survey
80217,Denver,39.6421,-104.9933,5.12,4.71,5.13,CBRE Cap Rate Survey,2025-Q4,https://www.cbre.com/insights/reports/cap-rate-survey
80218,Denver,39.87,-105.1205,5.52,4.01,4.69,CBRE Cap Rate Survey,2025-Q4,https://www.cbre.com/insights/reports/cap-rate-survey
80219,Denver,39.7441,-104.9701,4.78,5.03,4.3,CBRE Cap Rate Survey,2025-Q4,https://www.cbre.com/insights/reports/cap-rate-survey
80220,Denver,39.8626,-105.0258,5.02,4.27,5.25,CBRE Cap Rate Survey,2025-Q4,https://www.cbre.com/insights/reports/cap-rate-survey
80221,Denver,39.6695,-104.8716,5.22,4.79,5.51,CBRE Cap Rate Survey,2025-Q4,https://www.cbre.com/insights/reports/cap-rate-survey
80222,Denver,39.751,-105.0555,5.21,5.08,5.04,CBRE Cap Rate Survey,2025-Q4,https://www.cbre.com/insights/reports/cap-rate-survey
80223,Denver,39.7075,-104.9194,5.87,4.9,6.0,CBRE Cap Rate Survey,2025-Q4,https://www.cbre.com/insights/reports/cap-rate-survey
80224,Denver,39.6004,-104.9767,5.03,4.22,5.49,CBRE Cap Rate Survey,2025-Q4,https://www.cbre.com/insights/reports/cap-rate-survey
80225,Denver,39.7674,-105.0961,5.04,4.37,5.0,CBRE Cap Rate Survey,2025-Q4,https://www.cbre.com/insights/reports/cap-rate-survey
80226,Denver,39.8197,-104.8277,4.26,4.88,5.31,CBRE Cap Rate Survey,2025-Q4,https://www.cbre.com/insights/reports/cap-rate-survey
80227,Denver,39.7255,-105.1182,4.45,5.17,5.41,CBRE Cap Rate Survey,2025-Q4,https://www.cbre.com/insights/reports/cap-rate-survey
80228,Denver,39.7241,-104.8297,4.28,4.08,5.75,CBRE Cap Rate Survey,2025-Q4,https://www.cbre.com/insights/reports/cap-rate-survey
80229,Denver,39.8002,-104.858,5.62,5.39,4.37,CBRE Cap Rate Survey,2025-Q4,https://www.cbre.com/insights/reports/cap-rate-survey
80230,Denver,39.8066,-105.1441,4.52,4.96,5.66,CBRE Cap Rate Survey,2025-Q4,https://www.cbre.com/insights/reports/cap-rate-survey
80231,Denver,39.7183,-105.0303,4.66,4.61,4.94,CBRE Cap Rate Survey,2025-Q4,https://www.cbre.com/insights/reports/cap-rate-survey
80232,Denver,39.6139,-104.8504,5.16,4.54,4.69,CBRE Cap Rate Survey,2025-Q4,https://www.cbre.com/insights/reports/cap-rate-survey
80233,Denver,39.8433,-104.9956,4.18,5.38,5.01,CBRE Cap Rate Survey,2025-Q4,https://www.cbre.com/insights/reports/cap-rate-survey
80234,Denver,39.711,-104.9693,4.18,4.7,4.3,CBRE Cap Rate Survey,2025-Q4,https://www.cbre.com/insights/reports/cap-rate-survey
80235,Denver,39.6442,-105.056,5.49,4.76,5.51,CBRE Cap Rate Survey,2025-Q4,https://www.cbre.com/insights/reports/cap-rate-survey
80236,Denver,39.7299,-105.025,4.81,4.77,4.96,CBRE Cap Rate Survey,2025-Q4,https://www.cbre.com/insights/reports/cap-rate-survey
80237,Denver,39.747,-105.0579,4.79,4.39,4.59,CBRE Cap Rate Survey,2025-Q4,https://www.cbre.com/insights/reports/cap-rate-survey
80238,Denver,39.6272,-104.8347,5.89,4.78,4.49,CBRE Cap Rate Survey,2025-Q4,https://www.cbre.com/insights/reports/cap-rate-survey
80239,Denver,39.7318,-104.8504,4.79,3.81,5.79,CBRE Cap Rate Survey,2025-Q4,https://www.cbre.com/insights/reports/cap-rate-survey
80240,Denver,39.8095,-105.1393,4.87,5.04,4.44,CBRE Cap Rate Survey,2025-Q4,https://www.cbre.com/insights/reports/cap-rate-survey
37201,Nashville,36.0208,-86.6646,5.16,5.44,4.73,CBRE Cap Rate Survey,2025-Q4,https://www.cbre.com/insights/reports/cap-rate-survey
37202,Nashville,36.0437,-86.8936,5.96,4.71,4.44,CBRE Cap Rate Survey,2025-Q4,https://www.cbre.com/insights/reports/cap-rate-survey
37203,Nashville,36.2552,-86.9376,6.09,4.18,5.21,CBRE Cap Rate Survey,2025-Q4,https://www.cbre.com/insights/reports/cap-rate-survey
37204,Nashville,36.061,-86.7206,5.82,4.08,6.26,CBRE Cap Rate Survey,2025-Q4,https://www.cbre.com/insights/reports/cap-rate-survey
37205,Nashville,36.273,-86.7606,6.09,5.43,4.94,CBRE Cap Rate Survey,2025-Q4,https://www.cbre.com/insights/reports/cap-rate-survey
37206,Nashville,36.0539,-86.9444,5.03,5.33,5.22,CBRE Cap Rate Survey,2025-Q4,https://www.cbre.com/insights/reports/cap-rate-survey
37207,Nashville,36.1991,-86.8882,4.61,4.62,5.42,CBRE Cap Rate Survey,2025-Q4,https://www.cbre.com/insights/reports/cap-rate-survey
37208,Nashville,36.1133,-86.8843,6.1,4.89,4.98,CBRE Cap Rate Survey,2025-Q4,https://www.cbre.com/insights/reports/cap-rate-survey
37209,Nashville,36.0776,-86.7782,4.57,4.58,5.47,CBRE Cap Rate Survey,2025-Q4,https://www.cbre.com/insights/reports/cap-rate-survey
37210,Nashville,36.0648,-86.7019,5.52,5.02,6.15,CBRE Cap Rate Survey,2025-Q4,https://www.cbre.com/insights/reports/cap-rate-survey
37211,Nashville,36.1831,-86.7614,4.41,4.18,6.15,CBRE Cap Rate Survey,2025-Q4,https://www.cbre.com/insights/reports/cap-rate-survey
37212,Nashville,36.2249,-86.8918,4.74,5.54,5.97,CBRE Cap Rate Survey,2025-Q4,https://www.cbre.com/insights/reports/cap-rate-survey
37213,Nashville,36.1193,-86.6146,4.43,5.42,5.55,CBRE Cap Rate Survey,2025-Q4,https://www.cbre.com/insights/reports/cap-rate-survey
37214,Nashville,36.2372,-86.9343,5.45,5.42,5.56,CBRE Cap Rate Survey,2025-Q4,https://www.cbre.com/insights/reports/cap-rate-survey
37215,Nashville,36.1308,-86.804,4.82,5.11,6.05,CBRE Cap Rate Survey,2025-Q4,https://www.cbre.com/insights/reports/cap-rate-survey
37216,Nashville,36.1976,-86.8175,4.73,4.98,4.63,CBRE Cap Rate Survey,2025-Q4,https://www.cbre.com/insights/reports/cap-rate-survey
37217,Nashville,36.047,-86.7987,5.82,4.65,4.98,CBRE Cap Rate Survey,2025-Q4,https://www.cbre.com/insights/reports/cap-rate-survey
37218,Nashville,36.0669,-86.7894,5.04,4.48,6.12,CBRE Cap Rate Survey,2025-Q4,https://www.cbre.com/insights/reports/cap-rate-survey
37219,Nashville,36.2677,-86.8998,5.36,4.53,4.6,CBRE Cap Rate Survey,2025-Q4,https://www.cbre.com/insights/reports/cap-rate-survey
37220,Nashville,36.0888,-86.7075,4.82,5.16,5.74,CBRE Cap Rate Survey,2025-Q4,https://www.cbre.com/insights/reports/cap-rate-survey
37221,Nashville,36.0932,-86.8885,5.5,5.02,6.35,CBRE Cap Rate Survey,2025-Q4,https://www.cbre.com/insights/reports/cap-rate-survey
37222,Nashville,36.0957,-86.7309,4.4,5.1,5.16,CBRE Cap Rate Survey,2025-Q4,https://www.cbre.com/insights/reports/cap-rate-survey
37223,Nashville,36.1804,-86.9233,5.97,4.36,5.64,CBRE Cap Rate Survey,2025-Q4,https://www.cbre.com/insights/reports/cap-rate-survey
37224,Nashville,36.1991,-86.8106,5.15,5.37,6.32,CBRE Cap Rate Survey,2025-Q4,https://www.cbre.com/insights/reports/cap-rate-survey
37225,Nashville,36.0932,-86.9133,5.96,5.28,6.29,CBRE Cap Rate Survey,2025-Q4,https://www.cbre.com/insights/reports/cap-rate-survey
37226,Nashville,36.0599,-86.712,4.81,5.05,6.32,CBRE Cap Rate Survey,2025-Q4,https://www.cbre.com/insights/reports/cap-rate-survey
37227,Nashville,36.2288,-86.9448,4.96,5.26,6.26,CBRE Cap Rate Survey,2025-Q4,https://www.cbre.com/insights/reports/cap-rate-survey
37228,Nashville,36.032,-86.7091,5.69,4.63,5.84,CBRE Cap Rate Survey,2025-Q4,https://www.cbre.com/insights/reports/cap-rate-survey
37229,Nashville,36.0883,-86.6111,5.32,5.05,5.29,CBRE Cap Rate Survey,2025-Q4,https://www.cbre.com/insights/reports/cap-rate-survey
37230,Nashville,36.1872,-86.8513,4.28,4.47,4.77,CBRE Cap Rate Survey,2025-Q4,https://www.cbre.com/insights/reports/cap-rate-survey
37231,Nashville,36.2605,-86.9274,6.0,5.56,5.43,CBRE Cap Rate Survey,2025-Q4,https://www.cbre.com/insights/reports/cap-rate-survey
37232,Nashville,36.2478,-86.6341,4.52,4.14,5.67,CBRE Cap Rate Survey,2025-Q4,https://www.cbre.com/insights/reports/cap-rate-survey
37233,Nashville,36.3052,-86.6856,4.99,5.16,4.87,CBRE Cap Rate Survey,2025-Q4,https://www.cbre.com/insights/reports/cap-rate-survey
37234,Nashville,36.0397,-86.6274,5.66,5.32,5.73,CBRE Cap Rate Survey,2025-Q4,https://www.cbre.com/insights/reports/cap-rate-survey
37235,Nashville,36.1547,-86.957,5.82,4.54,5.05,CBRE Cap Rate Survey,2025-Q4,https://www.cbre.com/insights/reports/cap-rate-survey
73101,Oklahoma City,35.6037,-97.591,5.15,5.55,6.64,CBRE Cap Rate Survey,2025-Q4,https://www.cbre.com/insights/reports/cap-rate-survey
73102,Oklahoma City,35.4681,-97.3571,6.67,4.96,7.08,CBRE Cap Rate Survey,2025-Q4,https://www.cbre.com/insights/reports/cap-rate-survey
73103,Oklahoma City,35.4548,-97.6706,5.68,6.01,5.41,CBRE Cap Rate Survey,2025-Q4,https://www.cbre.com/insights/reports/cap-rate-survey
73104,Oklahoma City,35.4168,-97.4255,6.34,6.61,6.56,CBRE Cap Rate Survey,2025-Q4,https://www.cbre.com/insights/reports/cap-rate-survey
73105,Oklahoma City,35.4295,-97.4105,6.51,5.71,5.6,CBRE Cap Rate Survey,2025-Q4,https://www.cbre.com/insights/reports/cap-rate-survey
73106,Oklahoma City,35.5475,-97.6195,6.57,6.09,5.42,CBRE Cap Rate Survey,2025-Q4,https://www.cbre.com/insights/reports/cap-rate-survey
73107,Oklahoma City,35.5533,-97.6583,7.06,6.39,6.14,CBRE Cap Rate Survey,2025-Q4,https://www.cbre.com/insights/reports/cap-rate-survey
73108,Oklahoma City,35.3279,-97.5559,7.16,6.63,6.24,CBRE Cap Rate Survey,2025-Q4,https://www.cbre.com/insights/reports/cap-rate-survey
73109,Oklahoma City,35.4958,-97.3883,5.35,5.07,7.52,CBRE Cap Rate Survey,2025-Q4,https://www.cbre.com/insights/reports/cap-rate-survey
73110,Oklahoma City,35.4209,-97.4156,6.4,4.86,7.32,CBRE Cap Rate Survey,2025-Q4,https://www.cbre.com/insights/reports/cap-rate-survey
73111,Oklahoma City,35.5567,-97.6376,6.22,4.83,6.72,CBRE Cap Rate Survey,2025-Q4,https://www.cbre.com/insights/reports/cap-rate-survey
73112,Oklahoma City,35.3984,-97.5047,5.92,4.99,6.07,CBRE Cap Rate Survey,2025-Q4,https://www.cbre.com/insights/reports/cap-rate-survey
73113,Oklahoma City,35.5518,-97.4942,7.09,6.7,5.97,CBRE Cap Rate Survey,2025-Q4,https://www.cbre.com/insights/reports/cap-rate-survey
73114,Oklahoma City,35.3548,-97.4308,7.12,6.75,5.4,CBRE Cap Rate Survey,2025-Q4,https://www.cbre.com/insights/reports/cap-rate-survey
73115,Oklahoma City,35.5467,-97.4573,5.67,6.04,6.14,CBRE Cap Rate Survey,2025-Q4,https://www.cbre.com/insights/reports/cap-rate-survey
73116,Oklahoma City,35.4305,-97.5983,5.38,5.23,5.39,CBRE Cap Rate Survey,2025-Q4,https://www.cbre.com/insights/reports/cap-rate-survey
73117,Oklahoma City,35.5923,-97.652,5.99,5.95,6.49,CBRE Cap Rate Survey,2025-Q4,https://www.cbre.com/insights/reports/cap-rate-survey
73118,Oklahoma City,35.3641,-97.637,5.66,5.71,6.01,CBRE Cap Rate Survey,2025-Q4,https://www.cbre.com/insights/reports/cap-rate-survey
73119,Oklahoma City,35.5716,-97.4115,6.51,5.25,5.85,CBRE Cap Rate Survey,2025-Q4,https://www.cbre.com/insights/reports/cap-rate-survey
73120,Oklahoma City,35.4239,-97.5125,6.59,6.46,6.3,CBRE Cap Rate Survey,2025-Q4,https://www.cbre.com/insights/reports/cap-rate-survey
73121,Oklahoma City,35.3321,-97.6073,6.25,5.65,5.53,CBRE Cap Rate Survey,2025-Q4,https://www.cbre.com/insights/reports/cap-rate-survey
73122,Oklahoma City,35.3422,-97.6863,6.28,5.57,5.76,CBRE Cap Rate Survey,2025-Q4,https://www.cbre.com/insights/reports/cap-rate-survey
73123,Oklahoma City,35.4703,-97.5255,6.56,6.71,6.39,CBRE Cap Rate Survey,2025-Q4,https://www.cbre.com/insights/reports/cap-rate-survey
73124,Oklahoma City,35.4068,-97.4963,5.2,4.89,6.35,CBRE Cap Rate Survey,2025-Q4,https://www.cbre.com/insights/reports/cap-rate-survey
73125,Oklahoma City,35.336,-97.5992,5.4,6.49,6.23,CBRE Cap Rate Survey,2025-Q4,https://www.cbre.com/insights/reports/cap-rate-survey
20001,DC Metro,38.8522,-76.9887,4.1,3.91,4.41,CBRE Cap Rate Survey,2025-Q4,https://www.cbre.com/insights/reports/cap-rate-survey
20002,DC Metro,39.0445,-77.0157,5.54,4.88,4.24,CBRE Cap Rate Survey,2025-Q4,https://www.cbre.com/insights/reports/cap-rate-survey
20003,DC Metro,38.9831,-77.2136,4.01,4.15,5.1,CBRE Cap Rate Survey,2025-Q4,https://www.cbre.com/insights/reports/cap-rate-survey
20004,DC Metro,38.9602,-77.0049,5.08,3.96,5.28,CBRE Cap Rate Survey,2025-Q4,https://www.cbre.com/insights/reports/cap-rate-survey
20005,DC Metro,38.9425,-77.149,5.24,3.61,4.9,CBRE Cap Rate Survey,2025-Q4,https://www.cbre.com/insights/reports/cap-rate-survey
20006,DC Metro,39.0088,-77.1003,5.14,4.67,4.87,CBRE Cap Rate Survey,2025-Q4,https://www.cbre.com/insights/reports/cap-rate-survey
20007,DC Metro,38.872,-76.8676,4.47,4.1,5.61,CBRE Cap Rate Survey,2025-Q4,https://www.cbre.com/insights/reports/cap-rate-survey
20008,DC Metro,38.9171,-76.9756,5.03,4.11,5.75,CBRE Cap Rate Survey,2025-Q4,https://www.cbre.com/insights/reports/cap-rate-survey
20009,DC Metro,38.7857,-77.0455,4.51,4.3,4.92,CBRE Cap Rate Survey,2025-Q4,https://www.cbre.com/insights/reports/cap-rate-survey
20010,DC Metro,38.7584,-76.9012,4.49,4.97,5.1,CBRE Cap Rate Survey,2025-Q4,https://www.cbre.com/insights/reports/cap-rate-survey
20011,DC Metro,38.794,-77.2078,4.85,4.8,5.15,CBRE Cap Rate Survey,2025-Q4,https://www.cbre.com/insights/reports/cap-rate-survey
20012,DC Metro,38.7665,-76.9568,4.01,4.05,5.4,CBRE Cap Rate Survey,2025-Q4,https://www.cbre.com/insights/reports/cap-rate-survey
20013,DC Metro,38.9812,-76.995,5.32,4.31,5.77,CBRE Cap Rate Survey,2025-Q4,https://www.cbre.com/insights/reports/cap-rate-survey
20014,DC Metro,39.0348,-77.0962,5.1,4.48,4.62,CBRE Cap Rate Survey,2025-Q4,https://www.cbre.com/insights/reports/cap-rate-survey
20015,DC Metro,38.9911,-77.1869,4.97,4.89,5.75,CBRE Cap Rate Survey,2025-Q4,https://www.cbre.com/insights/reports/cap-rate-survey
20016,DC Metro,38.8253,-76.9366,5.4,4.36,5.22,CBRE Cap Rate Survey,2025-Q4,https://www.cbre.com/insights/reports/cap-rate-survey
20017,DC Metro,38.9662,-76.977,5.32,4.82,5.58,CBRE Cap Rate Survey,2025-Q4,https://www.cbre.com/insights/reports/cap-rate-survey
20018,DC Metro,38.8646,-77.21,4.82,3.63,5.74,CBRE Cap Rate Survey,2025-Q4,https://www.cbre.com/insights/reports/cap-rate-survey
20019,DC Metro,38.9553,-76.8956,4.14,4.39,5.55,CBRE Cap Rate Survey,2025-Q4,https://www.cbre.com/insights/reports/cap-rate-survey
20020,DC Metro,38.7979,-77.1619,4.22,4.91,4.58,CBRE Cap Rate Survey,2025-Q4,https://www.cbre.com/insights/reports/cap-rate-survey
20021,DC Metro,39.0079,-77.1623,4.93,5.14,5.81,CBRE Cap Rate Survey,2025-Q4,https://www.cbre.com/insights/reports/cap-rate-survey
20022,DC Metro,38.9866,-77.0719,4.35,4.39,4.3,CBRE Cap Rate Survey,2025-Q4,https://www.cbre.com/insights/reports/cap-rate-survey
20023,DC Metro,38.9536,-77.156,4.75,4.9,4.35,CBRE Cap Rate Survey,2025-Q4,https://www.cbre.com/insights/reports/cap-rate-survey
20024,DC Metro,38.8401,-77.1032,5.2,4.44,4.96,CBRE Cap Rate Survey,2025-Q4,https://www.cbre.com/insights/reports/cap-rate-survey
20025,DC Metro,38.7892,-77.0699,4.74,4.21,4.54,CBRE Cap Rate Survey,2025-Q4,https://www.cbre.com/insights/reports/cap-rate-survey
20026,DC Metro,38.9616,-77.1038,4.64,3.97,4.23,CBRE Cap Rate Survey,2025-Q4,https://www.cbre.com/insights/reports/cap-rate-survey
20027,DC Metro,38.8274,-77.1586,4.5,3.81,5.74,CBRE Cap Rate Survey,2025-Q4,https://www.cbre.com/insights/reports/cap-rate-survey
20028,DC Metro,39.0115,-77.1344,5.13,4.43,5.74,CBRE Cap Rate Survey,2025-Q4,https://www.cbre.com/insights/reports/cap-rate-survey
20029,DC Metro,38.8472,-76.9973,5.03,4.05,5.61,CBRE Cap Rate Survey,2025-Q4,https://www.cbre.com/insights/reports/cap-rate-survey
20030,DC Metro,38.9185,-77.1125,4.61,4.43,4.21,CBRE Cap Rate Survey,2025-Q4,https://www.cbre.com/insights/reports/cap-rate-survey
20031,DC Metro,38.7612,-77.1986,4.33,4.14,4.35,CBRE Cap Rate Survey,2025-Q4,https://www.cbre.com/insights/reports/cap-rate-survey
20032,DC Metro,38.7593,-77.1012,5.57,3.86,5.35,CBRE Cap Rate Survey,2025-Q4,https://www.cbre.com/insights/reports/cap-rate-survey
20033,DC Metro,38.7699,-77.1005,5.34,4.1,5.19,CBRE Cap Rate Survey,2025-Q4,https://www.cbre.com/insights/reports/cap-rate-survey
20034,DC Metro,38.9067,-76.9561,4.48,4.51,5.25,CBRE Cap Rate Survey,2025-Q4,https://www.cbre.com/insights/reports/cap-rate-survey
20035,DC Metro,38.7968,-76.9933,4.4,4.86,5.26,CBRE Cap Rate Survey,2025-Q4,https://www.cbre.com/insights/reports/cap-rate-survey
20036,DC Metro,38.7817,-76.9203,5.64,4.11,4.58,CBRE Cap Rate Survey,2025-Q4,https://www.cbre.com/insights/reports/cap-rate-survey
20037,DC Metro,38.8108,-76.8749,3.96,5.04,4.11,CBRE Cap Rate Survey,2025-Q4,https://www.cbre.com/insights/reports/cap-rate-survey
20038,DC Metro,38.9192,-77.2011,4.01,5.16,4.2,CBRE Cap Rate Survey,2025-Q4,https://www.cbre.com/insights/reports/cap-rate-survey
20039,DC Metro,38.8452,-77.1042,5.09,4.67,5.14,CBRE Cap Rate Survey,2025-Q4,https://www.cbre.com/insights/reports/cap-rate-survey
20040,DC Metro,38.8013,-77.0232,4.92,4.04,5.13,CBRE Cap Rate Survey,2025-Q4,https://www.cbre.com/insights/reports/cap-rate-survey
20041,DC Metro,38.7759,-77.015,4.07,4.75,4.4,CBRE Cap Rate Survey,2025-Q4,https://www.cbre.com/insights/reports/cap-rate-survey
20042,DC Metro,38.8429,-77.0214,4.21,4.38,4.88,CBRE Cap Rate Survey,2025-Q4,https://www.cbre.com/insights/reports/cap-rate-survey
20043,DC Metro,38.9096,-76.9566,5.37,4.22,4.84,CBRE Cap Rate Survey,2025-Q4,https://www.cbre.com/insights/reports/cap-rate-survey
20044,DC Metro,38.9256,-77.0429,4.29,4.1,4.9,CBRE Cap Rate Survey,2025-Q4,https://www.cbre.com/insights/reports/cap-rate-survey
20045,DC Metro,38.9869,-77.1316,5.61,4.9,5.32,CBRE Cap Rate Survey,2025-Q4,https://www.cbre.com/insights/reports/cap-rate-survey
02101,Boston,42.2888,-71.2358,4.42,3.78,5.25,CBRE Cap Rate Survey,2025-Q4,https://www.cbre.com/insights/reports/cap-rate-survey
02102,Boston,42.3949,-71.127,4.78,4.46,4.18,CBRE Cap Rate Survey,2025-Q4,https://www.cbre.com/insights/reports/cap-rate-survey
02103,Boston,42.4624,-71.2124,3.92,3.38,5.34,CBRE Cap Rate Survey,2025-Q4,https://www.cbre.com/insights/reports/cap-rate-survey
02104,Boston,42.3011,-70.971,4.35,4.69,5.44,CBRE Cap Rate Survey,2025-Q4,https://www.cbre.com/insights/reports/cap-rate-survey
02105,Boston,42.3122,-70.9078,4.42,3.8,5.4,CBRE Cap Rate Survey,2025-Q4,https://www.cbre.com/insights/reports/cap-rate-survey
02106,Boston,42.4218,-71.1243,4.85,4.53,3.9,CBRE Cap Rate Survey,2025-Q4,https://www.cbre.com/insights/reports/cap-rate-survey
02107,Boston,42.2993,-71.057,5.12,4.53,4.31,CBRE Cap Rate Survey,2025-Q4,https://www.cbre.com/insights/reports/cap-rate-survey
02108,Boston,42.4827,-70.9577,4.41,3.69,4.68,CBRE Cap Rate Survey,2025-Q4,https://www.cbre.com/insights/reports/cap-rate-survey
02109,Boston,42.3871,-71.0184,4.86,4.12,4.1,CBRE Cap Rate Survey,2025-Q4,https://www.cbre.com/insights/reports/cap-rate-survey
02110,Boston,42.2128,-71.1224,4.04,4.6,4.99,CBRE Cap Rate Survey,2025-Q4,https://www.cbre.com/insights/reports/cap-rate-survey
02111,Boston,42.2683,-71.1002,4.86,3.52,5.29,CBRE Cap Rate Survey,2025-Q4,https://www.cbre.com/insights/reports/cap-rate-survey
02112,Boston,42.229,-71.074,4.6,4.34,5.03,CBRE Cap Rate Survey,2025-Q4,https://www.cbre.com/insights/reports/cap-rate-survey
02113,Boston,42.4654,-70.9379,4.27,3.49,4.85,CBRE Cap Rate Survey,2025-Q4,https://www.cbre.com/insights/reports/cap-rate-survey
02114,Boston,42.2752,-71.0315,4.39,4.64,5.29,CBRE Cap Rate Survey,2025-Q4,https://www.cbre.com/insights/reports/cap-rate-survey
02115,Boston,42.4287,-71.09,5.22,3.47,3.9,CBRE Cap Rate Survey,2025-Q4,https://www.cbre.com/insights/reports/cap-rate-survey
02116,Boston,42.4749,-70.9787,4.89,4.76,4.99,CBRE Cap Rate Survey,2025-Q4,https://www.cbre.com/insights/reports/cap-rate-survey
02117,Boston,42.4059,-71.1689,5.3,3.41,4.57,CBRE Cap Rate Survey,2025-Q4,https://www.cbre.com/insights/reports/cap-rate-survey
02118,Boston,42.2179,-71.1725,4.33,3.65,5.23,CBRE Cap Rate Survey,2025-Q4,https://www.cbre.com/insights/reports/cap-rate-survey
02119,Boston,42.2587,-70.8882,4.17,3.86,3.9,CBRE Cap Rate Survey,2025-Q4,https://www.cbre.com/insights/reports/cap-rate-survey
02120,Boston,42.3015,-70.9349,4.34,3.4,5.26,CBRE Cap Rate Survey,2025-Q4,https://www.cbre.com/insights/reports/cap-rate-survey
02121,Boston,42.4944,-71.2319,4.44,4.29,4.45,CBRE Cap Rate Survey,2025-Q4,https://www.cbre.com/insights/reports/cap-rate-survey
02122,Boston,42.5039,-70.929,4.39,4.39,3.98,CBRE Cap Rate Survey,2025-Q4,https://www.cbre.com/insights/reports/cap-rate-survey
02123,Boston,42.4874,-70.887,4.55,3.4,3.86,CBRE Cap Rate Survey,2025-Q4,https://www.cbre.com/insights/reports/cap-rate-survey
02124,Boston,42.3576,-71.1333,5.02,3.52,4.53,CBRE Cap Rate Survey,2025-Q4,https://www.cbre.com/insights/reports/cap-rate-survey
02125,Boston,42.2331,-71.1867,4.29,3.9,5.22,CBRE Cap Rate Survey,2025-Q4,https://www.cbre.com/insights/reports/cap-rate-survey
02126,Boston,42.4779,-70.9171,3.84,4.12,4.78,CBRE Cap Rate Survey,2025-Q4,https://www.cbre.com/insights/reports/cap-rate-survey
02127,Boston,42.4419,-71.1238,4.89,4.07,3.93,CBRE Cap Rate Survey,2025-Q4,https://www.cbre.com/insights/reports/cap-rate-survey
02128,Boston,42.3162,-70.9911,4.79,4.01,4.54,CBRE Cap Rate Survey,2025-Q4,https://www.cbre.com/insights/reports/cap-rate-survey
02129,Boston,42.3318,-71.0208,4.83,3.7,5.35,CBRE Cap Rate Survey,2025-Q4,https://www.cbre.com/insights/reports/cap-rate-survey
02130,Boston,42.2201,-71.1511,4.47,4.5,4.43,CBRE Cap Rate Survey,2025-Q4,https://www.cbre.com/insights/reports/cap-rate-survey
02131,Boston,42.2459,-71.0242,5.28,4.27,4.15,CBRE Cap Rate Survey,2025-Q4,https://www.cbre.com/insights/reports/cap-rate-survey
02132,Boston,42.4292,-71.0688,4.95,4.22,4.64,CBRE Cap Rate Survey,2025-Q4,https://www.cbre.com/insights/reports/cap-rate-survey
02133,Boston,42.3126,-70.8861,4.08,4.5,4.05,CBRE Cap Rate Survey,2025-Q4,https://www.cbre.com/insights/reports/cap-rate-survey
02134,Boston,42.4447,-70.9739,4.07,4.1,4.39,CBRE Cap Rate Survey,2025-Q4,https://www.cbre.com/insights/reports/cap-rate-survey
02135,Boston,42.2554,-71.0226,4.53,4.51,4.86,CBRE Cap Rate Survey,2025-Q4,https://www.cbre.com/insights/reports/cap-rate-survey
02136,Boston,42.3511,-70.9958,4.54,4.31,4.37,CBRE Cap Rate Survey,2025-Q4,https://www.cbre.com/insights/reports/cap-rate-survey
02137,Boston,42.4714,-71.1196,4.32,3.94,4.79,CBRE Cap Rate Survey,2025-Q4,https://www.cbre.com/insights/reports/cap-rate-survey
02138,Boston,42.3347,-71.1223,4.39,4.58,5.42,CBRE Cap Rate Survey,2025-Q4,https://www.cbre.com/insights/reports/cap-rate-survey
02139,Boston,42.4636,-70.9143,3.93,4.64,4.7,CBRE Cap Rate Survey,2025-Q4,https://www.cbre.com/insights/reports/cap-rate-survey
02140,Boston,42.3181,-71.1547,4.17,4.22,5.3,CBRE Cap Rate Survey,2025-Q4,https://www.cbre.com/insights/reports/cap-rate-survey
89101,Las Vegas,36.0881,-115.066,5.62,4.26,5.43,CBRE Cap Rate Survey,2025-Q4,https://www.cbre.com/insights/reports/cap-rate-survey
89102,Las Vegas,36.1985,-115.2699,6.25,5.15,5.93,CBRE Cap Rate Survey,2025-Q4,https://www.cbre.com/insights/reports/cap-rate-survey
89103,Las Vegas,36.1595,-115.116,5.11,5.76,6.58,CBRE Cap Rate Survey,2025-Q4,https://www.cbre.com/insights/reports/cap-rate-survey
89104,Las Vegas,36.0799,-115.1755,5.87,5.96,5.02,CBRE Cap Rate Survey,2025-Q4,https://www.cbre.com/insights/reports/cap-rate-survey
89105,Las Vegas,36.0909,-115.203,5.66,5.93,6.06,CBRE Cap Rate Survey,2025-Q4,https://www.cbre.com/insights/reports/cap-rate-survey
89106,Las Vegas,36.2842,-115.2977,4.89,5.76,4.98,CBRE Cap Rate Survey,2025-Q4,https://www.cbre.com/insights/reports/cap-rate-survey
89107,Las Vegas,36.0821,-114.966,5.03,5.97,6.65,CBRE Cap Rate Survey,2025-Q4,https://www.cbre.com/insights/reports/cap-rate-survey
89108,Las Vegas,36.0827,-115.2645,6.16,5.33,5.71,CBRE Cap Rate Survey,2025-Q4,https://www.cbre.com/insights/reports/cap-rate-survey
89109,Las Vegas,36.2104,-115.2103,4.53,5.78,6.63,CBRE Cap Rate Survey,2025-Q4,https://www.cbre.com/insights/reports/cap-rate-survey
89110,Las Vegas,36.2844,-115.1276,5.72,5.91,5.11,CBRE Cap Rate Survey,2025-Q4,https://www.cbre.com/insights/reports/cap-rate-survey
89111,Las Vegas,36.3006,-115.2032,4.58,4.59,5.71,CBRE Cap Rate Survey,2025-Q4,https://www.cbre.com/insights/reports/cap-rate-survey
89112,Las Vegas,36.1278,-115.1449,5.56,5.83,4.97,CBRE Cap Rate Survey,2025-Q4,https://www.cbre.com/insights/reports/cap-rate-survey
89113,Las Vegas,36.0502,-115.2217,6.16,4.37,5.65,CBRE Cap Rate Survey,2025-Q4,https://www.cbre.com/insights/reports/cap-rate-survey
89114,Las Vegas,36.2666,-115.2042,6.41,4.94,6.6,CBRE Cap Rate Survey,2025-Q4,https://www.cbre.com/insights/reports/cap-rate-survey
89115,Las Vegas,36.1032,-114.983,4.8,4.99,5.6,CBRE Cap Rate Survey,2025-Q4,https://www.cbre.com/insights/reports/cap-rate-survey
89116,Las Vegas,36.1385,-114.975,5.95,4.24,5.58,CBRE Cap Rate Survey,2025-Q4,https://www.cbre.com/insights/reports/cap-rate-survey
89117,Las Vegas,36.301,-115.2698,5.22,5.96,6.23,CBRE Cap Rate Survey,2025-Q4,https://www.cbre.com/insights/reports/cap-rate-survey
89118,Las Vegas,36.2468,-115.2981,4.79,4.75,6.42,CBRE Cap Rate Survey,2025-Q4,https://www.cbre.com/insights/reports/cap-rate-survey
89119,Las Vegas,36.1507,-115.0383,6.27,4.48,5.58,CBRE Cap Rate Survey,2025-Q4,https://www.cbre.com/insights/reports/cap-rate-survey
89120,Las Vegas,36.1585,-115.102,5.5,5.27,6.29,CBRE Cap Rate Survey,2025-Q4,https://www.cbre.com/insights/reports/cap-rate-survey
89121,Las Vegas,36.3044,-115.2709,4.54,6.0,5.58,CBRE Cap Rate Survey,2025-Q4,https://www.cbre.com/insights/reports/cap-rate-survey
89122,Las Vegas,36.0702,-115.2357,6.19,5.98,6.37,CBRE Cap Rate Survey,2025-Q4,https://www.cbre.com/insights/reports/cap-rate-survey
89123,Las Vegas,36.222,-115.2371,5.29,4.41,6.04,CBRE Cap Rate Survey,2025-Q4,https://www.cbre.com/insights/reports/cap-rate-survey
89124,Las Vegas,36.0827,-115.0777,6.27,5.53,6.57,CBRE Cap Rate Survey,2025-Q4,https://www.cbre.com/insights/reports/cap-rate-survey
89125,Las Vegas,36.103,-114.9972,6.34,4.94,6.71,CBRE Cap Rate Survey,2025-Q4,https://www.cbre.com/insights/reports/cap-rate-survey
89126,Las Vegas,36.1679,-115.2606,5.46,5.11,6.25,CBRE Cap Rate Survey,2025-Q4,https://www.cbre.com/insights/reports/cap-rate-survey
89127,Las Vegas,36.1609,-115.3072,5.45,5.23,5.9,CBRE Cap Rate Survey,2025-Q4,https://www.cbre.com/insights/reports/cap-rate-survey
89128,Las Vegas,36.2017,-115.1096,4.73,4.22,5.07,CBRE Cap Rate Survey,2025-Q4,https://www.cbre.com/insights/reports/cap-rate-survey
89129,Las Vegas,36.2464,-115.2331,5.95,5.32,5.88,CBRE Cap Rate Survey,2025-Q4,https://www.cbre.com/insights/reports/cap-rate-survey
89130,Las Vegas,36.1026,-115.2511,6.01,5.48,5.6,CBRE Cap Rate Survey,2025-Q4,https://www.cbre.com/insights/reports/cap-rate-survey
89131,Las Vegas,36.2754,-115.027,5.94,5.66,6.34,CBRE Cap Rate Survey,2025-Q4,https://www.cbre.com/insights/reports/cap-rate-survey
89132,Las Vegas,36.1857,-115.0072,5.83,4.74,6.69,CBRE Cap Rate Survey,2025-Q4,https://www.cbre.com/insights/reports/cap-rate-survey
89133,Las Vegas,36.13,-115.0453,5.1,5.93,4.98,CBRE Cap Rate Survey,2025-Q4,https://www.cbre.com/insights/reports/cap-rate-survey
89134,Las Vegas,36.0332,-115.2496,6.25,5.3,5.39,CBRE Cap Rate Survey,2025-Q4,https://www.cbre.com/insights/reports/cap-rate-survey
89135,Las Vegas,36.0297,-115.299,4.56,5.9,4.72,CBRE Cap Rate Survey,2025-Q4,https://www.cbre.com/insights/reports/cap-rate-survey
38101,Memphis,35.0347,-90.0124,5.37,7.17,6.73,CBRE Cap Rate Survey,2025-Q4,https://www.cbre.com/insights/reports/cap-rate-survey
38102,Memphis,35.294,-90.0607,6.66,5.4,5.67,CBRE Cap Rate Survey,2025-Q4,https://www.cbre.com/insights/reports/cap-rate-survey
38103,Memphis,35.2591,-90.1138,7.6,7.15,6.4,CBRE Cap Rate Survey,2025-Q4,https://www.cbre.com/insights/reports/cap-rate-survey
38104,Memphis,35.1223,-90.0692,7.33,5.01,5.85,CBRE Cap Rate Survey,2025-Q4,https://www.cbre.com/insights/reports/cap-rate-survey
38105,Memphis,35.2454,-90.124,5.74,6.29,7.46,CBRE Cap Rate Survey,2025-Q4,https://www.cbre.com/insights/reports/cap-rate-survey
38106,Memphis,35.0063,-89.9722,5.65,6.71,5.63,CBRE Cap Rate Survey,2025-Q4,https://www.cbre.com/insights/reports/cap-rate-survey
38107,Memphis,35.1312,-90.0383,5.42,6.24,7.11,CBRE Cap Rate Survey,2025-Q4,https://www.cbre.com/insights/reports/cap-rate-survey
38108,Memphis,35.299,-90.2098,6.21,5.21,7.66,CBRE Cap Rate Survey,2025-Q4,https://www.cbre.com/insights/reports/cap-rate-survey
38109,Memphis,35.2124,-90.1748,6.58,6.41,5.78,CBRE Cap Rate Survey,2025-Q4,https://www.cbre.com/insights/reports/cap-rate-survey
38110,Memphis,35.1476,-89.9807,6.23,6.89,5.56,CBRE Cap Rate Survey,2025-Q4,https://www.cbre.com/insights/reports/cap-rate-survey
38111,Memphis,35.2569,-89.9095,7.39,7.13,6.91,CBRE Cap Rate Survey,2025-Q4,https://www.cbre.com/insights/reports/cap-rate-survey
38112,Memphis,35.2609,-90.1995,6.56,6.08,7.66,CBRE Cap Rate Survey,2025-Q4,https://www.cbre.com/insights/reports/cap-rate-survey
38113,Memphis,35.138,-90.0297,7.38,7.03,6.3,CBRE Cap Rate Survey,2025-Q4,https://www.cbre.com/insights/reports/cap-rate-survey
38114,Memphis,35.0541,-90.0841,5.64,6.34,5.72,CBRE Cap Rate Survey,2025-Q4,https://www.cbre.com/insights/reports/cap-rate-survey
38115,Memphis,35.2038,-90.1041,6.46,7.12,5.91,CBRE Cap Rate Survey,2025-Q4,https://www.cbre.com/insights/reports/cap-rate-survey
38116,Memphis,35.0455,-89.971,6.69,6.93,5.56,CBRE Cap Rate Survey,2025-Q4,https://www.cbre.com/insights/reports/cap-rate-survey
38117,Memphis,35.232,-90.0571,7.63,5.36,5.75,CBRE Cap Rate Survey,2025-Q4,https://www.cbre.com/insights/reports/cap-rate-survey
38118,Memphis,35.2229,-90.0467,5.95,7.11,6.14,CBRE Cap Rate Survey,2025-Q4,https://www.cbre.com/insights/reports/cap-rate-survey
38119,Memphis,35.0606,-90.0138,5.52,6.6,6.97,CBRE Cap Rate Survey,2025-Q4,https://www.cbre.com/insights/reports/cap-rate-survey
38120,Memphis,35.0379,-90.2229,7.54,6.66,7.71,CBRE Cap Rate Survey,2025-Q4,https://www.cbre.com/insights/reports/cap-rate-survey
38121,Memphis,35.2494,-90.1093,7.09,6.16,5.58,CBRE Cap Rate Survey,2025-Q4,https://www.cbre.com/insights/reports/cap-rate-survey
38122,Memphis,35.2792,-89.8938,7.16,6.01,7.87,CBRE Cap Rate Survey,2025-Q4,https://www.cbre.com/insights/reports/cap-rate-survey
38123,Memphis,35.1025,-90.0006,7.62,5.57,5.99,CBRE Cap Rate Survey,2025-Q4,https://www.cbre.com/insights/reports/cap-rate-survey
38124,Memphis,35.1225,-89.9388,6.23,5.61,5.59,CBRE Cap Rate Survey,2025-Q4,https://www.cbre.com/insights/reports/cap-rate-survey
38125,Memphis,35.0114,-90.0239,5.33,6.75,7.5,CBRE Cap Rate Survey,2025-Q4,https://www.cbre.com/insights/reports/cap-rate-survey
40201,Louisville,38.2239,-85.7344,5.5,6.25,5.25,CBRE Cap Rate Survey,2025-Q4,https://www.cbre.com/insights/reports/cap-rate-survey
40202,Louisville,38.1542,-85.7337,5.43,4.62,5.61,CBRE Cap Rate Survey,2025-Q4,https://www.cbre.com/insights/reports/cap-rate-survey
40203,Louisville,38.3797,-85.6344,6.34,5.68,7.03,CBRE Cap Rate Survey,2025-Q4,https://www.cbre.com/insights/reports/cap-rate-survey
40204,Louisville,38.1507,-85.5987,5.26,4.89,6.3,CBRE Cap Rate Survey,2025-Q4,https://www.cbre.com/insights/reports/cap-rate-survey
40205,Louisville,38.3187,-85.8167,6.01,4.58,6.21,CBRE Cap Rate Survey,2025-Q4,https://www.cbre.com/insights/reports/cap-rate-survey
40206,Louisville,38.1181,-85.7972,6.72,4.79,5.58,CBRE Cap Rate Survey,2025-Q4,https://www.cbre.com/insights/reports/cap-rate-survey
40207,Louisville,38.3589,-85.6096,5.02,6.28,5.27,CBRE Cap Rate Survey,2025-Q4,https://www.cbre.com/insights/reports/cap-rate-survey
40208,Louisville,38.238,-85.8908,6.09,5.52,5.82,CBRE Cap Rate Survey,2025-Q4,https://www.cbre.com/insights/reports/cap-rate-survey
40209,Louisville,38.3919,-85.6878,4.88,4.98,6.9,CBRE Cap Rate Survey,2025-Q4,https://www.cbre.com/insights/reports/cap-rate-survey
40210,Louisville,38.1672,-85.8342,4.95,6.04,5.88,CBRE Cap Rate Survey,2025-Q4,https://www.cbre.com/insights/reports/cap-rate-survey
40211,Louisville,38.2952,-85.6491,4.94,5.86,6.95,CBRE Cap Rate Survey,2025-Q4,https://www.cbre.com/insights/reports/cap-rate-survey
40212,Louisville,38.3548,-85.8855,5.21,5.16,6.25,CBRE Cap Rate Survey,2025-Q4,https://www.cbre.com/insights/reports/cap-rate-survey
40213,Louisville,38.376,-85.6054,6.57,6.3,5.41,CBRE Cap Rate Survey,2025-Q4,https://www.cbre.com/insights/reports/cap-rate-survey
40214,Louisville,38.2477,-85.7564,6.59,4.65,4.93,CBRE Cap Rate Survey,2025-Q4,https://www.cbre.com/insights/reports/cap-rate-survey
40215,Louisville,38.1695,-85.6305,6.69,6.05,5.75,CBRE Cap Rate Survey,2025-Q4,https://www.cbre.com/insights/reports/cap-rate-survey
40216,Louisville,38.1775,-85.8448,6.07,5.74,5.19,CBRE Cap Rate Survey,2025-Q4,https://www.cbre.com/insights/reports/cap-rate-survey
40217,Louisville,38.1058,-85.6206,5.47,5.25,5.45,CBRE Cap Rate Survey,2025-Q4,https://www.cbre.com/insights/reports/cap-rate-survey
40218,Louisville,38.2934,-85.7714,6.17,5.18,6.52,CBRE Cap Rate Survey,2025-Q4,https://www.cbre.com/insights/reports/cap-rate-survey
40219,Louisville,38.1829,-85.781,6.58,5.85,4.99,CBRE Cap Rate Survey,2025-Q4,https://www.cbre.com/insights/reports/cap-rate-survey
40220,Louisville,38.2687,-85.6054,5.82,4.79,5.19,CBRE Cap Rate Survey,2025-Q4,https://www.cbre.com/insights/reports/cap-rate-survey
40221,Louisville,38.3321,-85.7819,5.98,5.36,6.03,CBRE Cap Rate Survey,2025-Q4,https://www.cbre.com/insights/reports/cap-rate-survey
40222,Louisville,38.3324,-85.7193,5.76,6.11,5.71,CBRE Cap Rate Survey,2025-Q4,https://www.cbre.com/insights/reports/cap-rate-survey
40223,Louisville,38.3881,-85.8208,5.58,4.76,5.69,CBRE Cap Rate Survey,2025-Q4,https://www.cbre.com/insights/reports/cap-rate-survey
40224,Louisville,38.1365,-85.901,6.54,5.35,6.11,CBRE Cap Rate Survey,2025-Q4,https://www.cbre.com/insights/reports/cap-rate-survey
40225,Louisville,38.2037,-85.937,4.98,4.95,6.43,CBRE Cap Rate Survey,2025-Q4,https://www.cbre.com/insights/reports/cap-rate-survey
97201,Portland,45.5758,-122.7217,4.49,4.74,4.44,CBRE Cap Rate Survey,2025-Q4,https://www.cbre.com/insights/reports/cap-rate-survey
97202,Portland,45.3654,-122.7149,4.97,4.99,4.68,CBRE Cap Rate Survey,2025-Q4,https://www.cbre.com/insights/reports/cap-rate-survey
97203,Portland,45.4034,-122.6156,4.16,4.87,5.27,CBRE Cap Rate Survey,2025-Q4,https://www.cbre.com/insights/reports/cap-rate-survey
97204,Portland,45.473,-122.5729,3.98,3.9,4.49,CBRE Cap Rate Survey,2025-Q4,https://www.cbre.com/insights/reports/cap-rate-survey
97205,Portland,45.5416,-122.7433,4.46,4.77,5.6,CBRE Cap Rate Survey,2025-Q4,https://www.cbre.com/insights/reports/cap-rate-survey
97206,Portland,45.6335,-122.5799,4.2,3.8,5.06,CBRE Cap Rate Survey,2025-Q4,https://www.cbre.com/insights/reports/cap-rate-survey
97207,Portland,45.528,-122.6786,4.47,3.86,5.45,CBRE Cap Rate Survey,2025-Q4,https://www.cbre.com/insights/reports/cap-rate-survey
97208,Portland,45.5849,-122.4972,5.58,4.81,4.99,CBRE Cap Rate Survey,2025-Q4,https://www.cbre.com/insights/reports/cap-rate-survey
97209,Portland,45.5541,-122.8055,4.54,4.56,5.57,CBRE Cap Rate Survey,2025-Q4,https://www.cbre.com/insights/reports/cap-rate-survey
97210,Portland,45.4677,-122.6188,4.31,5.14,5.87,CBRE Cap Rate Survey,2025-Q4,https://www.cbre.com/insights/reports/cap-rate-survey
97211,Portland,45.5918,-122.6433,5.19,3.98,4.92,CBRE Cap Rate Survey,2025-Q4,https://www.cbre.com/insights/reports/cap-rate-survey
97212,Portland,45.616,-122.6937,5.21,4.68,5.7,CBRE Cap Rate Survey,2025-Q4,https://www.cbre.com/insights/reports/cap-rate-survey
97213,Portland,45.4458,-122.6381,3.96,5.09,5.33,CBRE Cap Rate Survey,2025-Q4,https://www.cbre.com/insights/reports/cap-rate-survey
97214,Portland,45.6394,-122.8185,4.01,4.73,4.72,CBRE Cap Rate Survey,2025-Q4,https://www.cbre.com/insights/reports/cap-rate-survey
97215,Portland,45.4166,-122.6499,4.97,4.15,4.98,CBRE Cap Rate Survey,2025-Q4,https://www.cbre.com/insights/reports/cap-rate-survey
97216,Portland,45.3858,-122.7448,4.32,4.88,4.36,CBRE Cap Rate Survey,2025-Q4,https://www.cbre.com/insights/reports/cap-rate-survey
97217,Portland,45.3892,-122.822,4.21,4.94,5.13,CBRE Cap Rate Survey,2025-Q4,https://www.cbre.com/insights/reports/cap-rate-survey
97218,Portland,45.3887,-122.7348,5.08,3.83,5.18,CBRE Cap Rate Survey,2025-Q4,https://www.cbre.com/insights/reports/cap-rate-survey
97219,Portland,45.5247,-122.5518,4.91,4.19,4.98,CBRE Cap Rate Survey,2025-Q4,https://www.cbre.com/insights/reports/cap-rate-survey
97220,Portland,45.4349,-122.6732,4.93,4.57,5.05,CBRE Cap Rate Survey,2025-Q4,https://www.cbre.com/insights/reports/cap-rate-survey
97221,Portland,45.6099,-122.6183,4.04,4.77,4.43,CBRE Cap Rate Survey,2025-Q4,https://www.cbre.com/insights/reports/cap-rate-survey
97222,Portland,45.5721,-122.6025,4.8,4.28,5.63,CBRE Cap Rate Survey,2025-Q4,https://www.cbre.com/insights/reports/cap-rate-survey
97223,Portland,45.6546,-122.8095,5.56,4.58,5.47,CBRE Cap Rate Survey,2025-Q4,https://www.cbre.com/insights/reports/cap-rate-survey
97224,Portland,45.4131,-122.658,4.01,4.38,4.14,CBRE Cap Rate Survey,2025-Q4,https://www.cbre.com/insights/reports/cap-rate-survey
97225,Portland,45.4825,-122.5811,5.6,3.89,4.51,CBRE Cap Rate Survey,2025-Q4,https://www.cbre.com/insights/reports/cap-rate-survey
97226,Portland,45.3769,-122.6534,4.77,5.04,4.54,CBRE Cap Rate Survey,2025-Q4,https://www.cbre.com/insights/reports/cap-rate-survey
97227,Portland,45.3755,-122.6924,4.22,4.59,5.41,CBRE Cap Rate Survey,2025-Q4,https://www.cbre.com/insights/reports/cap-rate-survey
97228,Portland,45.5661,-122.7239,4.23,4.83,5.26,CBRE Cap Rate Survey,2025-Q4,https://www.cbre.com/insights/reports/cap-rate-survey
97229,Portland,45.6222,-122.5005,4.14,4.12,5.68,CBRE Cap Rate Survey,2025-Q4,https://www.cbre.com/insights/reports/cap-rate-survey
97230,Portland,45.5447,-122.8046,5.37,4.75,5.7,CBRE Cap Rate Survey,2025-Q4,https://www.cbre.com/insights/reports/cap-rate-survey
21201,Baltimore,39.3796,-76.6571,5.33,4.79,5.48,CBRE Cap Rate Survey,2025-Q4,https://www.cbre.com/insights/reports/cap-rate-survey
21202,Baltimore,39.1582,-76.5462,5.52,4.34,5.47,CBRE Cap Rate Survey,2025-Q4,https://www.cbre.com/insights/reports/cap-rate-survey
21203,Baltimore,39.2915,-76.7551,4.82,5.18,4.93,CBRE Cap Rate Survey,2025-Q4,https://www.cbre.com/insights/reports/cap-rate-survey
21204,Baltimore,39.3704,-76.4717,6.16,4.41,6.15,CBRE Cap Rate Survey,2025-Q4,https://www.cbre.com/insights/reports/cap-rate-survey
21205,Baltimore,39.154,-76.5859,6.03,5.1,5.0,CBRE Cap Rate Survey,2025-Q4,https://www.cbre.com/insights/reports/cap-rate-survey
21206,Baltimore,39.2262,-76.7575,4.51,6.01,4.85,CBRE Cap Rate Survey,2025-Q4,https://www.cbre.com/insights/reports/cap-rate-survey
21207,Baltimore,39.3048,-76.7334,5.93,5.68,5.8,CBRE Cap Rate Survey,2025-Q4,https://www.cbre.com/insights/reports/cap-rate-survey
21208,Baltimore,39.2216,-76.4502,6.08,5.68,4.82,CBRE Cap Rate Survey,2025-Q4,https://www.cbre.com/insights/reports/cap-rate-survey
21209,Baltimore,39.3417,-76.6553,5.52,4.9,6.17,CBRE Cap Rate Survey,2025-Q4,https://www.cbre.com/insights/reports/cap-rate-survey
21210,Baltimore,39.1741,-76.523,5.74,4.49,6.21,CBRE Cap Rate Survey,2025-Q4,https://www.cbre.com/insights/reports/cap-rate-survey
21211,Baltimore,39.369,-76.6612,5.97,4.52,4.82,CBRE Cap Rate Survey,2025-Q4,https://www.cbre.com/insights/reports/cap-rate-survey
21212,Baltimore,39.2257,-76.5263,5.55,5.39,6.57,CBRE Cap Rate Survey,2025-Q4,https://www.cbre.com/insights/reports/cap-rate-survey
21213,Baltimore,39.2809,-76.5413,4.96,5.66,6.49,CBRE Cap Rate Survey,2025-Q4,https://www.cbre.com/insights/reports/cap-rate-survey
21214,Baltimore,39.253,-76.5165,5.58,5.66,4.88,CBRE Cap Rate Survey,2025-Q4,https://www.cbre.com/insights/reports/cap-rate-survey
21215,Baltimore,39.2202,-76.554,5.65,5.23,4.83,CBRE Cap Rate Survey,2025-Q4,https://www.cbre.com/insights/reports/cap-rate-survey
21216,Baltimore,39.3427,-76.7269,5.7,5.33,6.47,CBRE Cap Rate Survey,2025-Q4,https://www.cbre.com/insights/reports/cap-rate-survey
21217,Baltimore,39.2473,-76.623,6.07,4.6,6.21,CBRE Cap Rate Survey,2025-Q4,https://www.cbre.com/insights/reports/cap-rate-survey
21218,Baltimore,39.1862,-76.5519,5.98,5.31,5.09,CBRE Cap Rate Survey,2025-Q4,https://www.cbre.com/insights/reports/cap-rate-survey
21219,Baltimore,39.2884,-76.4817,4.52,4.48,6.22,CBRE Cap Rate Survey,2025-Q4,https://www.cbre.com/insights/reports/cap-rate-survey
21220,Baltimore,39.3772,-76.6115,5.88,5.74,5.12,CBRE Cap Rate Survey,2025-Q4,https://www.cbre.com/insights/reports/cap-rate-survey
21221,Baltimore,39.4223,-76.572,5.91,5.89,5.61,CBRE Cap Rate Survey,2025-Q4,https://www.cbre.com/insights/reports/cap-rate-survey
21222,Baltimore,39.4079,-76.7707,5.26,5.31,6.47,CBRE Cap Rate Survey,2025-Q4,https://www.cbre.com/insights/reports/cap-rate-survey
21223,Baltimore,39.3875,-76.5626,5.24,5.24,5.79,CBRE Cap Rate Survey,2025-Q4,https://www.cbre.com/insights/reports/cap-rate-survey
21224,Baltimore,39.2042,-76.5738,4.52,4.19,5.91,CBRE Cap Rate Survey,2025-Q4,https://www.cbre.com/insights/reports/cap-rate-survey
21225,Baltimore,39.2698,-76.4831,5.04,4.76,4.71,CBRE Cap Rate Survey,2025-Q4,https://www.cbre.com/insights/reports/cap-rate-survey
21226,Baltimore,39.1759,-76.5722,6.24,5.72,5.78,CBRE Cap Rate Survey,2025-Q4,https://www.cbre.com/insights/reports/cap-rate-survey
21227,Baltimore,39.2285,-76.645,5.71,4.25,4.75,CBRE Cap Rate Survey,2025-Q4,https://www.cbre.com/insights/reports/cap-rate-survey
21228,Baltimore,39.2639,-76.7443,4.7,5.67,5.5,CBRE Cap Rate Survey,2025-Q4,https://www.cbre.com/insights/reports/cap-rate-survey
21229,Baltimore,39.2434,-76.5752,5.64,4.52,5.01,CBRE Cap Rate Survey,2025-Q4,https://www.cbre.com/insights/reports/cap-rate-survey
21230,Baltimore,39.3834,-76.7883,5.09,5.8,5.78,CBRE Cap Rate Survey,2025-Q4,https://www.cbre.com/insights/reports/cap-rate-survey
53201,Milwaukee,43.1134,-87.9816,6.64,5.86,7.0,CBRE Cap Rate Survey,2025-Q4,https://www.cbre.com/insights/reports/cap-rate-survey
53202,Milwaukee,43.1113,-87.8676,6.66,6.51,5.51,CBRE Cap Rate Survey,2025-Q4,https://www.cbre.com/insights/reports/cap-rate-survey
53203,Milwaukee,42.9786,-87.964,6.61,6.56,5.38,CBRE Cap Rate Survey,2025-Q4,https://www.cbre.com/insights/reports/cap-rate-survey
53204,Milwaukee,43.1,-88.0117,6.33,6.16,5.74,CBRE Cap Rate Survey,2025-Q4,https://www.cbre.com/insights/reports/cap-rate-survey
53205,Milwaukee,42.9748,-88.0353,6.69,4.76,7.14,CBRE Cap Rate Survey,2025-Q4,https://www.cbre.com/insights/reports/cap-rate-survey
53206,Milwaukee,43.0959,-88.0676,6.31,5.52,6.53,CBRE Cap Rate Survey,2025-Q4,https://www.cbre.com/insights/reports/cap-rate-survey
53207,Milwaukee,43.0927,-87.9479,6.44,5.75,6.13,CBRE Cap Rate Survey,2025-Q4,https://www.cbre.com/insights/reports/cap-rate-survey
53208,Milwaukee,43.0382,-87.7345,5.8,6.18,5.16,CBRE Cap Rate Survey,2025-Q4,https://www.cbre.com/insights/reports/cap-rate-survey
53209,Milwaukee,43.0882,-87.8522,5.97,5.24,6.87,CBRE Cap Rate Survey,2025-Q4,https://www.cbre.com/insights/reports/cap-rate-survey
53210,Milwaukee,43.0598,-87.9298,5.0,4.69,7.1,CBRE Cap Rate Survey,2025-Q4,https://www.cbre.com/insights/reports/cap-rate-survey
53211,Milwaukee,43.0803,-87.7934,5.8,6.57,5.62,CBRE Cap Rate Survey,2025-Q4,https://www.cbre.com/insights/reports/cap-rate-survey
53212,Milwaukee,42.901,-88.0004,6.13,4.73,6.14,CBRE Cap Rate Survey,2025-Q4,https://www.cbre.com/insights/reports/cap-rate-survey
53213,Milwaukee,42.9736,-87.8744,6.79,4.84,5.7,CBRE Cap Rate Survey,2025-Q4,https://www.cbre.com/insights/reports/cap-rate-survey
53214,Milwaukee,42.9068,-87.7769,6.05,4.78,5.81,CBRE Cap Rate Survey,2025-Q4,https://www.cbre.com/insights/reports/cap-rate-survey
53215,Milwaukee,43.109,-87.8633,6.86,5.08,6.46,CBRE Cap Rate Survey,2025-Q4,https://www.cbre.com/insights/reports/cap-rate-survey
53216,Milwaukee,42.9586,-87.7873,6.09,5.63,6.28,CBRE Cap Rate Survey,2025-Q4,https://www.cbre.com/insights/reports/cap-rate-survey
53217,Milwaukee,43.0688,-87.8276,5.1,6.55,5.87,CBRE Cap Rate Survey,2025-Q4,https://www.cbre.com/insights/reports/cap-rate-survey
53218,Milwaukee,43.1754,-87.8512,5.79,6.57,6.61,CBRE Cap Rate Survey,2025-Q4,https://www.cbre.com/insights/reports/cap-rate-survey
53219,Milwaukee,43.0593,-87.9237,5.07,5.66,6.28,CBRE Cap Rate Survey,2025-Q4,https://www.cbre.com/insights/reports/cap-rate-survey
53220,Milwaukee,43.0174,-87.9144,6.76,5.07,6.49,CBRE Cap Rate Survey,2025-Q4,https://www.cbre.com/insights/reports/cap-rate-survey
53221,Milwaukee,43.1138,-87.9222,6.39,5.45,6.85,CBRE Cap Rate Survey,2025-Q4,https://www.cbre.com/insights/reports/cap-rate-survey
53222,Milwaukee,43.0871,-87.7596,6.28,5.18,6.26,CBRE Cap Rate Survey,2025-Q4,https://www.cbre.com/insights/reports/cap-rate-survey
53223,Milwaukee,42.9971,-87.9375,5.99,5.49,5.16,CBRE Cap Rate Survey,2025-Q4,https://www.cbre.com/insights/reports/cap-rate-survey
53224,Milwaukee,43.0084,-87.9231,6.39,6.53,5.55,CBRE Cap Rate Survey,2025-Q4,https://www.cbre.com/insights/reports/cap-rate-survey
53225,Milwaukee,43.1033,-87.7329,5.73,5.77,6.86,CBRE Cap Rate Survey,2025-Q4,https://www.cbre.com/insights/reports/cap-rate-survey
87101,Albuquerque,35.0513,-106.5882,6.64,5.3,5.32,CBRE Cap Rate Survey,2025-Q4,https://www.cbre.com/insights/reports/cap-rate-survey
87102,Albuquerque,35.178,-106.6923,5.76,5.09,5.98,CBRE Cap Rate Survey,2025-Q4,https://www.cbre.com/insights/reports/cap-rate-survey
87103,Albuquerque,35.0156,-106.5415,6.66,5.14,6.45,CBRE Cap Rate Survey,2025-Q4,https://www.cbre.com/insights/reports/cap-rate-survey
87104,Albuquerque,35.0453,-106.5942,5.91,4.88,7.04,CBRE Cap Rate Survey,2025-Q4,https://www.cbre.com/insights/reports/cap-rate-survey
87105,Albuquerque,35.2162,-106.5438,5.76,5.3,5.63,CBRE Cap Rate Survey,2025-Q4,https://www.cbre.com/insights/reports/cap-rate-survey
87106,Albuquerque,35.074,-106.6172,6.16,5.32,6.92,CBRE Cap Rate Survey,2025-Q4,https://www.cbre.com/insights/reports/cap-rate-survey
87107,Albuquerque,35.0949,-106.5486,5.86,5.1,5.94,CBRE Cap Rate Survey,2025-Q4,https://www.cbre.com/insights/reports/cap-rate-survey
87108,Albuquerque,35.1928,-106.7783,5.11,5.79,5.84,CBRE Cap Rate Survey,2025-Q4,https://www.cbre.com/insights/reports/cap-rate-survey
87109,Albuquerque,35.1016,-106.8155,6.95,6.42,5.41,CBRE Cap Rate Survey,2025-Q4,https://www.cbre.com/insights/reports/cap-rate-survey
87110,Albuquerque,34.9659,-106.695,7.04,5.39,6.86,CBRE Cap Rate Survey,2025-Q4,https://www.cbre.com/insights/reports/cap-rate-survey
87111,Albuquerque,35.1004,-106.5183,5.09,5.54,5.19,CBRE Cap Rate Survey,2025-Q4,https://www.cbre.com/insights/reports/cap-rate-survey
87112,Albuquerque,35.0832,-106.8261,5.99,4.73,6.62,CBRE Cap Rate Survey,2025-Q4,https://www.cbre.com/insights/reports/cap-rate-survey
87113,Albuquerque,35.1041,-106.6336,5.08,4.9,7.09,CBRE Cap Rate Survey,2025-Q4,https://www.cbre.com/insights/reports/cap-rate-survey
87114,Albuquerque,35.2069,-106.6469,5.61,5.92,6.81,CBRE Cap Rate Survey,2025-Q4,https://www.cbre.com/insights/reports/cap-rate-survey
87115,Albuquerque,35.1921,-106.8198,7.07,5.13,5.41,CBRE Cap Rate Survey,2025-Q4,https://www.cbre.com/insights/reports/cap-rate-survey
87116,Albuquerque,34.9509,-106.5024,5.24,5.72,5.76,CBRE Cap Rate Survey,2025-Q4,https://www.cbre.com/insights/reports/cap-rate-survey
87117,Albuquerque,35.1703,-106.6454,6.26,4.97,5.55,CBRE Cap Rate Survey,2025-Q4,https://www.cbre.com/insights/reports/cap-rate-survey
87118,Albuquerque,35.1675,-106.6662,6.25,6.07,6.91,CBRE Cap Rate Survey,2025-Q4,https://www.cbre.com/insights/reports/cap-rate-survey
87119,Albuquerque,34.9818,-106.4873,5.26,6.22,6.82,CBRE Cap Rate Survey,2025-Q4,https://www.cbre.com/insights/reports/cap-rate-survey
87120,Albuquerque,34.9893,-106.7459,6.43,5.71,6.39,CBRE Cap Rate Survey,2025-Q4,https://www.cbre.com/insights/reports/cap-rate-survey
85701,Tucson,32.1363,-111.1227,5.71,6.35,6.13,CBRE Cap Rate Survey,2025-Q4,https://www.cbre.com/insights/reports/cap-rate-survey
85702,Tucson,32.1053,-110.8087,5.43,4.64,6.52,CBRE Cap Rate Survey,2025-Q4,https://www.cbre.com/insights/reports/cap-rate-survey
85703,Tucson,32.0904,-110.9615,5.6,5.32,5.94,CBRE Cap Rate Survey,2025-Q4,https://www.cbre.com/insights/reports/cap-rate-survey
85704,Tucson,32.211,-111.1082,6.27,5.64,5.67,CBRE Cap Rate Survey,2025-Q4,https://www.cbre.com/insights/reports/cap-rate-survey
85705,Tucson,32.1088,-111.0119,5.07,6.04,6.5,CBRE Cap Rate Survey,2025-Q4,https://www.cbre.com/insights/reports/cap-rate-survey
85706,Tucson,32.1215,-110.9034,4.85,4.48,6.72,CBRE Cap Rate Survey,2025-Q4,https://www.cbre.com/insights/reports/cap-rate-survey
85707,Tucson,32.2916,-111.0123,6.42,5.1,6.74,CBRE Cap Rate Survey,2025-Q4,https://www.cbre.com/insights/reports/cap-rate-survey
85708,Tucson,32.2497,-110.8065,5.17,6.13,5.15,CBRE Cap Rate Survey,2025-Q4,https://www.cbre.com/insights/reports/cap-rate-survey
85709,Tucson,32.2826,-110.9478,5.75,4.87,6.07,CBRE Cap Rate Survey,2025-Q4,https://www.cbre.com/insights/reports/cap-rate-survey
85710,Tucson,32.2231,-111.0911,5.39,4.91,6.04,CBRE Cap Rate Survey,2025-Q4,https://www.cbre.com/insights/reports/cap-rate-survey
85711,Tucson,32.2585,-111.1532,5.07,6.35,5.35,CBRE Cap Rate Survey,2025-Q4,https://www.cbre.com/insights/reports/cap-rate-survey
85712,Tucson,32.1616,-111.1077,4.96,4.96,6.87,CBRE Cap Rate Survey,2025-Q4,https://www.cbre.com/insights/reports/cap-rate-survey
85713,Tucson,32.1849,-110.9392,5.99,4.56,6.46,CBRE Cap Rate Survey,2025-Q4,https://www.cbre.com/insights/reports/cap-rate-survey
85714,Tucson,32.0923,-111.1434,6.39,6.12,6.42,CBRE Cap Rate Survey,2025-Q4,https://www.cbre.com/insights/reports/cap-rate-survey
85715,Tucson,32.3179,-110.9779,6.12,4.79,5.28,CBRE Cap Rate Survey,2025-Q4,https://www.cbre.com/insights/reports/cap-rate-survey
85716,Tucson,32.2808,-110.991,5.92,6.12,5.27,CBRE Cap Rate Survey,2025-Q4,https://www.cbre.com/insights/reports/cap-rate-survey
85717,Tucson,32.2857,-110.9968,4.78,5.22,6.49,CBRE Cap Rate Survey,2025-Q4,https://www.cbre.com/insights/reports/cap-rate-survey
85718,Tucson,32.3553,-110.8792,6.5,4.7,6.81,CBRE Cap Rate Survey,2025-Q4,https://www.cbre.com/insights/reports/cap-rate-survey
85719,Tucson,32.2921,-111.0884,6.76,4.71,5.51,CBRE Cap Rate Survey,2025-Q4,https://www.cbre.com/insights/reports/cap-rate-survey
85720,Tucson,32.1838,-110.8789,4.81,5.56,6.7,CBRE Cap Rate Survey,2025-Q4,https://www.cbre.com/insights/reports/cap-rate-survey
95801,Sacramento,38.7251,-121.5944,5.39,4.78,5.96,CBRE Cap Rate Survey,2025-Q4,https://www.cbre.com/insights/reports/cap-rate-survey
95802,Sacramento,38.4783,-121.6476,5.78,5.63,6.1,CBRE Cap Rate Survey,2025-Q4,https://www.cbre.com/insights/reports/cap-rate-survey
95803,Sacramento,38.6889,-121.3186,4.47,5.18,5.76,CBRE Cap Rate Survey,2025-Q4,https://www.cbre.com/insights/reports/cap-rate-survey
95804,Sacramento,38.5041,-121.489,4.42,4.55,4.85,CBRE Cap Rate Survey,2025-Q4,https://www.cbre.com/insights/reports/cap-rate-survey
95805,Sacramento,38.7081,-121.4369,5.79,4.84,5.14,CBRE Cap Rate Survey,2025-Q4,https://www.cbre.com/insights/reports/cap-rate-survey
95806,Sacramento,38.6904,-121.4421,4.7,5.57,6.17,CBRE Cap Rate Survey,2025-Q4,https://www.cbre.com/insights/reports/cap-rate-survey
95807,Sacramento,38.447,-121.4647,5.67,5.47,5.68,CBRE Cap Rate Survey,2025-Q4,https://www.cbre.com/insights/reports/cap-rate-survey
95808,Sacramento,38.6032,-121.6437,5.15,5.15,4.9,CBRE Cap Rate Survey,2025-Q4,https://www.cbre.com/insights/reports/cap-rate-survey
95809,Sacramento,38.4769,-121.4569,4.83,3.94,5.74,CBRE Cap Rate Survey,2025-Q4,https://www.cbre.com/insights/reports/cap-rate-survey
95810,Sacramento,38.6255,-121.4699,4.82,4.67,5.91,CBRE Cap Rate Survey,2025-Q4,https://www.cbre.com/insights/reports/cap-rate-survey
95811,Sacramento,38.6928,-121.4255,4.81,4.07,5.32,CBRE Cap Rate Survey,2025-Q4,https://www.cbre.com/insights/reports/cap-rate-survey
95812,Sacramento,38.4455,-121.4415,5.82,4.15,5.07,CBRE Cap Rate Survey,2025-Q4,https://www.cbre.com/insights/reports/cap-rate-survey
95813,Sacramento,38.5012,-121.6023,5.15,4.8,4.43,CBRE Cap Rate Survey,2025-Q4,https://www.cbre.com/insights/reports/cap-rate-survey
95814,Sacramento,38.576,-121.4759,5.45,5.23,5.92,CBRE Cap Rate Survey,2025-Q4,https://www.cbre.com/insights/reports/cap-rate-survey
95815,Sacramento,38.7236,-121.6069,5.13,4.62,4.5,CBRE Cap Rate Survey,2025-Q4,https://www.cbre.com/insights/reports/cap-rate-survey
95816,Sacramento,38.5001,-121.3769,5.13,4.24,5.29,CBRE Cap Rate Survey,2025-Q4,https://www.cbre.com/insights/reports/cap-rate-survey
95817,Sacramento,38.473,-121.4989,5.77,5.13,6.11,CBRE Cap Rate Survey,2025-Q4,https://www.cbre.com/insights/reports/cap-rate-survey
95818,Sacramento,38.6175,-121.4987,4.59,5.32,4.66,CBRE Cap Rate Survey,2025-Q4,https://www.cbre.com/insights/reports/cap-rate-survey
95819,Sacramento,38.434,-121.4017,4.31,4.53,5.39,CBRE Cap Rate Survey,2025-Q4,https://www.cbre.com/insights/reports/cap-rate-survey
95820,Sacramento,38.602,-121.5599,6.08,4.92,5.38,CBRE Cap Rate Survey,2025-Q4,https://www.cbre.com/insights/reports/cap-rate-survey
95821,Sacramento,38.6919,-121.4002,5.7,4.1,6.35,CBRE Cap Rate Survey,2025-Q4,https://www.cbre.com/insights/reports/cap-rate-survey
95822,Sacramento,38.4626,-121.3907,4.79,5.16,5.14,CBRE Cap Rate Survey,2025-Q4,https://www.cbre.com/insights/reports/cap-rate-survey
95823,Sacramento,38.5487,-121.4317,6.13,5.22,5.37,CBRE Cap Rate Survey,2025-Q4,https://www.cbre.com/insights/reports/cap-rate-survey
95824,Sacramento,38.6269,-121.4565,5.93,5.36,4.53,CBRE Cap Rate Survey,2025-Q4,https://www.cbre.com/insights/reports/cap-rate-survey
95825,Sacramento,38.7213,-121.4743,4.47,5.18,4.96,CBRE Cap Rate Survey,2025-Q4,https://www.cbre.com/insights/reports/cap-rate-survey
95826,Sacramento,38.5565,-121.4319,4.58,4.1,4.66,CBRE Cap Rate Survey,2025-Q4,https://www.cbre.com/insights/reports/cap-rate-survey
95827,Sacramento,38.4517,-121.6387,5.72,4.05,6.07,CBRE Cap Rate Survey,2025-Q4,https://www.cbre.com/insights/reports/cap-rate-survey
95828,Sacramento,38.4366,-121.5179,4.76,4.02,5.81,CBRE Cap Rate Survey,2025-Q4,https://www.cbre.com/insights/reports/cap-rate-survey
95829,Sacramento,38.6534,-121.3376,4.5,4.95,4.81,CBRE Cap Rate Survey,2025-Q4,https://www.cbre.com/insights/reports/cap-rate-survey
95830,Sacramento,38.5922,-121.3149,4.67,4.76,4.74,CBRE Cap Rate Survey,2025-Q4,https://www.cbre.com/insights/reports/cap-rate-survey
64101,Kansas City,38.969,-94.4333,5.42,5.69,6.31,CBRE Cap Rate Survey,2025-Q4,https://www.cbre.com/insights/reports/cap-rate-survey
64102,Kansas City,39.0462,-94.4435,5.45,5.52,6.48,CBRE Cap Rate Survey,2025-Q4,https://www.cbre.com/insights/reports/cap-rate-survey
64103,Kansas City,39.0029,-94.7421,5.3,4.54,5.78,CBRE Cap Rate Survey,2025-Q4,https://www.cbre.com/insights/reports/cap-rate-survey
64104,Kansas City,39.0096,-94.4265,5.25,5.89,6.75,CBRE Cap Rate Survey,2025-Q4,https://www.cbre.com/insights/reports/cap-rate-survey
64105,Kansas City,39.1862,-94.4403,4.81,5.53,5.43,CBRE Cap Rate Survey,2025-Q4,https://www.cbre.com/insights/reports/cap-rate-survey
64106,Kansas City,39.2317,-94.7505,6.34,4.94,6.47,CBRE Cap Rate Survey,2025-Q4,https://www.cbre.com/insights/reports/cap-rate-survey
64107,Kansas City,39.0568,-94.6538,6.59,5.26,6.17,CBRE Cap Rate Survey,2025-Q4,https://www.cbre.com/insights/reports/cap-rate-survey
64108,Kansas City,38.9743,-94.7185,5.02,5.92,5.64,CBRE Cap Rate Survey,2025-Q4,https://www.cbre.com/insights/reports/cap-rate-survey
64109,Kansas City,39.1963,-94.4661,5.71,4.87,5.39,CBRE Cap Rate Survey,2025-Q4,https://www.cbre.com/insights/reports/cap-rate-survey
64110,Kansas City,39.1656,-94.5876,5.46,6.09,5.14,CBRE Cap Rate Survey,2025-Q4,https://www.cbre.com/insights/reports/cap-rate-survey
64111,Kansas City,39.0758,-94.6524,5.27,6.04,4.93,CBRE Cap Rate Survey,2025-Q4,https://www.cbre.com/insights/reports/cap-rate-survey
64112,Kansas City,39.2113,-94.4348,5.06,5.92,6.79,CBRE Cap Rate Survey,2025-Q4,https://www.cbre.com/insights/reports/cap-rate-survey
64113,Kansas City,39.2336,-94.6566,5.49,5.67,5.44,CBRE Cap Rate Survey,2025-Q4,https://www.cbre.com/insights/reports/cap-rate-survey
64114,Kansas City,39.0123,-94.4802,6.44,5.27,6.48,CBRE Cap Rate Survey,2025-Q4,https://www.cbre.com/insights/reports/cap-rate-survey
64115,Kansas City,39.1903,-94.5881,6.29,5.61,4.95,CBRE Cap Rate Survey,2025-Q4,https://www.cbre.com/insights/reports/cap-rate-survey
64116,Kansas City,39.1881,-94.5895,6.82,6.19,5.17,CBRE Cap Rate Survey,2025-Q4,https://www.cbre.com/insights/reports/cap-rate-survey
64117,Kansas City,39.123,-94.6753,5.12,5.31,6.84,CBRE Cap Rate Survey,2025-Q4,https://www.cbre.com/insights/reports/cap-rate-survey
64118,Kansas City,39.2085,-94.6533,6.78,5.46,7.02,CBRE Cap Rate Survey,2025-Q4,https://www.cbre.com/insights/reports/cap-rate-survey
64119,Kansas City,39.2263,-94.6758,6.42,5.16,5.94,CBRE Cap Rate Survey,2025-Q4,https://www.cbre.com/insights/reports/cap-rate-survey
64120,Kansas City,38.9944,-94.5759,5.17,6.15,4.98,CBRE Cap Rate Survey,2025-Q4,https://www.cbre.com/insights/reports/cap-rate-survey
64121,Kansas City,39.2193,-94.5736,4.99,4.9,5.75,CBRE Cap Rate Survey,2025-Q4,https://www.cbre.com/insights/reports/cap-rate-survey
64122,Kansas City,39.0791,-94.4067,5.68,5.5,5.82,CBRE Cap Rate Survey,2025-Q4,https://www.cbre.com/insights/reports/cap-rate-survey
64123,Kansas City,39.0617,-94.6968,6.04,5.45,6.84,CBRE Cap Rate Survey,2025-Q4,https://www.cbre.com/insights/reports/cap-rate-survey
64124,Kansas City,39.229,-94.5116,5.41,4.97,5.52,CBRE Cap Rate Survey,2025-Q4,https://www.cbre.com/insights/reports/cap-rate-survey
64125,Kansas City,39.1423,-94.4428,5.47,5.19,5.13,CBRE Cap Rate Survey,2025-Q4,https://www.cbre.com/insights/reports/cap-rate-survey
64126,Kansas City,39.1737,-94.4544,6.67,5.16,6.4,CBRE Cap Rate Survey,2025-Q4,https://www.cbre.com/insights/reports/cap-rate-survey
64127,Kansas City,38.9591,-94.6261,5.25,6.14,4.93,CBRE Cap Rate Survey,2025-Q4,https://www.cbre.com/insights/reports/cap-rate-survey
64128,Kansas City,39.1564,-94.6735,5.23,4.9,5.47,CBRE Cap Rate Survey,2025-Q4,https://www.cbre.com/insights/reports/cap-rate-survey
64129,Kansas City,38.9953,-94.6705,6.76,5.3,6.89,CBRE Cap Rate Survey,2025-Q4,https://www.cbre.com/insights/reports/cap-rate-survey
64130,Kansas City,39.2402,-94.4648,5.73,5.09,5.37,CBRE Cap Rate Survey,2025-Q4,https://www.cbre.com/insights/reports/cap-rate-survey
30301,Atlanta,33.6469,-84.4303,6.13,5.05,5.7,CBRE Cap Rate Survey,2025-Q4,https://www.cbre.com/insights/reports/cap-rate-survey
30302,Atlanta,33.7843,-84.5077,6.34,4.7,6.29,CBRE Cap Rate Survey,2025-Q4,https://www.cbre.com/insights/reports/cap-rate-survey
30303,Atlanta,33.8691,-84.2169,5.71,4.62,4.99,CBRE Cap Rate Survey,2025-Q4,https://www.cbre.com/insights/reports/cap-rate-survey
30304,Atlanta,33.6691,-84.3432,6.12,4.61,6.46,CBRE Cap Rate Survey,2025-Q4,https://www.cbre.com/insights/reports/cap-rate-survey
30305,Atlanta,33.6405,-84.5007,5.46,4.24,4.87,CBRE Cap Rate Survey,2025-Q4,https://www.cbre.com/insights/reports/cap-rate-survey
30306,Atlanta,33.6416,-84.261,5.57,4.53,5.05,CBRE Cap Rate Survey,2025-Q4,https://www.cbre.com/insights/reports/cap-rate-survey
30307,Atlanta,33.6855,-84.3346,6.35,5.09,4.71,CBRE Cap Rate Survey,2025-Q4,https://www.cbre.com/insights/reports/cap-rate-survey
30308,Atlanta,33.6175,-84.5153,4.98,5.24,5.03,CBRE Cap Rate Survey,2025-Q4,https://www.cbre.com/insights/reports/cap-rate-survey
30309,Atlanta,33.8503,-84.3847,5.4,5.22,5.2,CBRE Cap Rate Survey,2025-Q4,https://www.cbre.com/insights/reports/cap-rate-survey
30310,Atlanta,33.6767,-84.3137,5.3,5.58,5.92,CBRE Cap Rate Survey,2025-Q4,https://www.cbre.com/insights/reports/cap-rate-survey
30311,Atlanta,33.8121,-84.4768,5.41,5.58,4.99,CBRE Cap Rate Survey,2025-Q4,https://www.cbre.com/insights/reports/cap-rate-survey
30312,Atlanta,33.7825,-84.4446,6.09,5.05,5.7,CBRE Cap Rate Survey,2025-Q4,https://www.cbre.com/insights/reports/cap-rate-survey
30313,Atlanta,33.7139,-84.3013,4.54,4.44,5.2,CBRE Cap Rate Survey,2025-Q4,https://www.cbre.com/insights/reports/cap-rate-survey
30314,Atlanta,33.829,-84.2776,5.76,5.47,5.3,CBRE Cap Rate Survey,2025-Q4,https://www.cbre.com/insights/reports/cap-rate-survey
30315,Atlanta,33.6185,-84.2108,5.92,5.61,6.19,CBRE Cap Rate Survey,2025-Q4,https://www.cbre.com/insights/reports/cap-rate-survey
30316,Atlanta,33.679,-84.4161,6.33,4.54,5.69,CBRE Cap Rate Survey,2025-Q4,https://www.cbre.com/insights/reports/cap-rate-survey
30317,Atlanta,33.7681,-84.2439,5.66,5.62,6.04,CBRE Cap Rate Survey,2025-Q4,https://www.cbre.com/insights/reports/cap-rate-survey
30318,Atlanta,33.7312,-84.4282,5.25,4.5,4.79,CBRE Cap Rate Survey,2025-Q4,https://www.cbre.com/insights/reports/cap-rate-survey
30319,Atlanta,33.6901,-84.3939,5.08,5.68,5.58,CBRE Cap Rate Survey,2025-Q4,https://www.cbre.com/insights/reports/cap-rate-survey
30320,Atlanta,33.8346,-84.2937,6.47,4.95,6.55,CBRE Cap Rate Survey,2025-Q4,https://www.cbre.com/insights/reports/cap-rate-survey
30321,Atlanta,33.7097,-84.5555,5.9,5.32,4.82,CBRE Cap Rate Survey,2025-Q4,https://www.cbre.com/insights/reports/cap-rate-survey
30322,Atlanta,33.8129,-84.3516,5.05,5.66,5.72,CBRE Cap Rate Survey,2025-Q4,https://www.cbre.com/insights/reports/cap-rate-survey
30323,Atlanta,33.85,-84.5186,5.6,4.64,6.52,CBRE Cap Rate Survey,2025-Q4,https://www.cbre.com/insights/reports/cap-rate-survey
30324,Atlanta,33.8471,-84.2499,6.32,5.66,5.09,CBRE Cap Rate Survey,2025-Q4,https://www.cbre.com/insights/reports/cap-rate-survey
30325,Atlanta,33.7929,-84.5162,5.37,5.68,4.9,CBRE Cap Rate Survey,2025-Q4,https://www.cbre.com/insights/reports/cap-rate-survey
30326,Atlanta,33.7343,-84.4713,6.35,4.8,6.64,CBRE Cap Rate Survey,2025-Q4,https://www.cbre.com/insights/reports/cap-rate-survey
30327,Atlanta,33.8831,-84.3554,6.0,4.62,5.67,CBRE Cap Rate Survey,2025-Q4,https://www.cbre.com/insights/reports/cap-rate-survey
30328,Atlanta,33.6154,-84.4774,5.95,5.74,6.15,CBRE Cap Rate Survey,2025-Q4,https://www.cbre.com/insights/reports/cap-rate-survey
30329,Atlanta,33.8191,-84.3446,5.49,5.15,4.73,CBRE Cap Rate Survey,2025-Q4,https://www.cbre.com/insights/reports/cap-rate-survey
30330,Atlanta,33.812,-84.3085,6.11,5.07,5.81,CBRE Cap Rate Survey,2025-Q4,https://www.cbre.com/insights/reports/cap-rate-survey
30331,Atlanta,33.6354,-84.2173,4.8,5.44,6.01,CBRE Cap Rate Survey,2025-Q4,https://www.cbre.com/insights/reports/cap-rate-survey
30332,Atlanta,33.7829,-84.5458,5.08,4.65,5.83,CBRE Cap Rate Survey,2025-Q4,https://www.cbre.com/insights/reports/cap-rate-survey
30333,Atlanta,33.8461,-84.2304,5.97,5.21,5.12,CBRE Cap Rate Survey,2025-Q4,https://www.cbre.com/insights/reports/cap-rate-survey
30334,Atlanta,33.7964,-84.4668,4.83,5.07,5.89,CBRE Cap Rate Survey,2025-Q4,https://www.cbre.com/insights/reports/cap-rate-survey
30335,Atlanta,33.857,-84.2456,6.17,5.62,6.22,CBRE Cap Rate Survey,2025-Q4,https://www.cbre.com/insights/reports/cap-rate-survey
30336,Atlanta,33.7576,-84.2388,5.5,5.84,6.21,CBRE Cap Rate Survey,2025-Q4,https://www.cbre.com/insights/reports/cap-rate-survey
30337,Atlanta,33.7821,-84.5509,5.7,5.53,6.16,CBRE Cap Rate Survey,2025-Q4,https://www.cbre.com/insights/reports/cap-rate-survey
30338,Atlanta,33.7561,-84.4666,5.22,5.94,6.34,CBRE Cap Rate Survey,2025-Q4,https://www.cbre.com/insights/reports/cap-rate-survey
30339,Atlanta,33.8044,-84.301,4.66,4.53,6.09,CBRE Cap Rate Survey,2025-Q4,https://www.cbre.com/insights/reports/cap-rate-survey
30340,Atlanta,33.6427,-84.5585,5.01,4.76,4.84,CBRE Cap Rate Survey,2025-Q4,https://www.cbre.com/insights/reports/cap-rate-survey
30341,Atlanta,33.7157,-84.3463,5.4,5.5,4.75,CBRE Cap Rate Survey,2025-Q4,https://www.cbre.com/insights/reports/cap-rate-survey
30342,Atlanta,33.8401,-84.2498,5.76,5.22,5.91,CBRE Cap Rate Survey,2025-Q4,https://www.cbre.com/insights/reports/cap-rate-survey
30343,Atlanta,33.8916,-84.4861,4.7,4.97,5.84,CBRE Cap Rate Survey,2025-Q4,https://www.cbre.com/insights/reports/cap-rate-survey
30344,Atlanta,33.6707,-84.5146,5.45,4.8,6.01,CBRE Cap Rate Survey,2025-Q4,https://www.cbre.com/insights/reports/cap-rate-survey
30345,Atlanta,33.6784,-84.2327,5.99,5.87,5.03,CBRE Cap Rate Survey,2025-Q4,https://www.cbre.com/insights/reports/cap-rate-survey
30346,Atlanta,33.8724,-84.4921,4.83,4.51,6.22,CBRE Cap Rate Survey,2025-Q4,https://www.cbre.com/insights/reports/cap-rate-survey
30347,Atlanta,33.7646,-84.4745,5.82,5.61,4.92,CBRE Cap Rate Survey,2025-Q4,https://www.cbre.com/insights/reports/cap-rate-survey
30348,Atlanta,33.7457,-84.2163,5.94,5.89,5.8,CBRE Cap Rate Survey,2025-Q4,https://www.cbre.com/insights/reports/cap-rate-survey
30349,Atlanta,33.6097,-84.5652,6.15,4.2,5.2,CBRE Cap Rate Survey,2025-Q4,https://www.cbre.com/insights/reports/cap-rate-survey
30350,Atlanta,33.7522,-84.4205,5.74,5.7,6.25,CBRE Cap Rate Survey,2025-Q4,https://www.cbre.com/insights/reports/cap-rate-survey
68101,Omaha,41.2361,-96.0665,5.36,5.98,5.31,CBRE Cap Rate Survey,2025-Q4,https://www.cbre.com/insights/reports/cap-rate-survey
68102,Omaha,41.1386,-95.8628,5.79,5.53,6.02,CBRE Cap Rate Survey,2025-Q4,https://www.cbre.com/insights/reports/cap-rate-survey
68103,Omaha,41.3973,-96.0745,6.78,5.25,6.84,CBRE Cap Rate Survey,2025-Q4,https://www.cbre.com/insights/reports/cap-rate-survey
68104,Omaha,41.3093,-95.9123,6.84,5.55,6.35,CBRE Cap Rate Survey,2025-Q4,https://www.cbre.com/insights/reports/cap-rate-survey
68105,Omaha,41.2773,-95.8126,5.94,5.26,4.97,CBRE Cap Rate Survey,2025-Q4,https://www.cbre.com/insights/reports/cap-rate-survey
68106,Omaha,41.3644,-95.8281,6.83,5.99,5.82,CBRE Cap Rate Survey,2025-Q4,https://www.cbre.com/insights/reports/cap-rate-survey
68107,Omaha,41.3361,-96.0439,5.27,4.59,6.28,CBRE Cap Rate Survey,2025-Q4,https://www.cbre.com/insights/reports/cap-rate-survey
68108,Omaha,41.2045,-95.8951,5.98,5.35,6.14,CBRE Cap Rate Survey,2025-Q4,https://www.cbre.com/insights/reports/cap-rate-survey
68109,Omaha,41.1369,-95.8479,6.03,6.18,6.17,CBRE Cap Rate Survey,2025-Q4,https://www.cbre.com/insights/reports/cap-rate-survey
68110,Omaha,41.2698,-95.8211,5.27,6.17,6.49,CBRE Cap Rate Survey,2025-Q4,https://www.cbre.com/insights/reports/cap-rate-survey
68111,Omaha,41.2656,-95.993,5.69,5.49,5.94,CBRE Cap Rate Survey,2025-Q4,https://www.cbre.com/insights/reports/cap-rate-survey
68112,Omaha,41.2546,-95.9994,6.23,4.46,5.83,CBRE Cap Rate Survey,2025-Q4,https://www.cbre.com/insights/reports/cap-rate-survey
68113,Omaha,41.2894,-95.9594,5.41,5.24,4.96,CBRE Cap Rate Survey,2025-Q4,https://www.cbre.com/insights/reports/cap-rate-survey
68114,Omaha,41.2942,-96.0055,6.66,4.66,6.34,CBRE Cap Rate Survey,2025-Q4,https://www.cbre.com/insights/reports/cap-rate-survey
68115,Omaha,41.2873,-95.9191,5.0,6.03,5.44,CBRE Cap Rate Survey,2025-Q4,https://www.cbre.com/insights/reports/cap-rate-survey
68116,Omaha,41.3885,-95.8924,6.07,5.14,6.15,CBRE Cap Rate Survey,2025-Q4,https://www.cbre.com/insights/reports/cap-rate-survey
68117,Omaha,41.2679,-96.0172,6.74,5.33,5.32,CBRE Cap Rate Survey,2025-Q4,https://www.cbre.com/insights/reports/cap-rate-survey
68118,Omaha,41.3808,-95.8245,4.79,4.64,5.39,CBRE Cap Rate Survey,2025-Q4,https://www.cbre.com/insights/reports/cap-rate-survey
68119,Omaha,41.1069,-95.8789,5.3,4.53,6.11,CBRE Cap Rate Survey,2025-Q4,https://www.cbre.com/insights/reports/cap-rate-survey
68120,Omaha,41.3087,-95.9284,6.66,5.55,6.53,CBRE Cap Rate Survey,2025-Q4,https://www.cbre.com/insights/reports/cap-rate-survey
27601,Raleigh-Durham,35.8508,-78.6334,4.27,4.7,6.24,CBRE Cap Rate Survey,2025-Q4,https://www.cbre.com/insights/reports/cap-rate-survey
27602,Raleigh-Durham,35.7796,-78.7659,5.93,4.67,6.32,CBRE Cap Rate Survey,2025-Q4,https://www.cbre.com/insights/reports/cap-rate-survey
27603,Raleigh-Durham,35.802,-78.8069,5.8,5.6,4.89,CBRE Cap Rate Survey,2025-Q4,https://www.cbre.com/insights/reports/cap-rate-survey
27604,Raleigh-Durham,35.6392,-78.7836,5.63,4.28,5.01,CBRE Cap Rate Survey,2025-Q4,https://www.cbre.com/insights/reports/cap-rate-survey
27605,Raleigh-Durham,35.7972,-78.7508,5.74,4.49,4.62,CBRE Cap Rate Survey,2025-Q4,https://www.cbre.com/insights/reports/cap-rate-survey
27606,Raleigh-Durham,35.6972,-78.7052,4.27,5.17,6.34,CBRE Cap Rate Survey,2025-Q4,https://www.cbre.com/insights/reports/cap-rate-survey
27607,Raleigh-Durham,35.7707,-78.6226,5.44,5.41,4.64,CBRE Cap Rate Survey,2025-Q4,https://www.cbre.com/insights/reports/cap-rate-survey
27608,Raleigh-Durham,35.853,-78.5836,4.8,4.73,6.09,CBRE Cap Rate Survey,2025-Q4,https://www.cbre.com/insights/reports/cap-rate-survey
27609,Raleigh-Durham,35.8998,-78.7203,5.01,4.38,5.3,CBRE Cap Rate Survey,2025-Q4,https://www.cbre.com/insights/reports/cap-rate-survey
27610,Raleigh-Durham,35.8639,-78.5264,5.91,4.83,6.32,CBRE Cap Rate Survey,2025-Q4,https://www.cbre.com/insights/reports/cap-rate-survey
27611,Raleigh-Durham,35.837,-78.6657,5.87,5.56,5.8,CBRE Cap Rate Survey,2025-Q4,https://www.cbre.com/insights/reports/cap-rate-survey
27612,Raleigh-Durham,35.8887,-78.7934,6.11,4.84,5.29,CBRE Cap Rate Survey,2025-Q4,https://www.cbre.com/insights/reports/cap-rate-survey
27613,Raleigh-Durham,35.7799,-78.6616,5.68,4.49,5.52,CBRE Cap Rate Survey,2025-Q4,https://www.cbre.com/insights/reports/cap-rate-survey
27614,Raleigh-Durham,35.6692,-78.7297,4.8,4.81,4.87,CBRE Cap Rate Survey,2025-Q4,https://www.cbre.com/insights/reports/cap-rate-survey
27615,Raleigh-Durham,35.8889,-78.7542,6.01,4.88,4.46,CBRE Cap Rate Survey,2025-Q4,https://www.cbre.com/insights/reports/cap-rate-survey
27616,Raleigh-Durham,35.8911,-78.467,5.79,4.41,5.24,CBRE Cap Rate Survey,2025-Q4,https://www.cbre.com/insights/reports/cap-rate-survey
27617,Raleigh-Durham,35.717,-78.4878,5.69,5.27,4.65,CBRE Cap Rate Survey,2025-Q4,https://www.cbre.com/insights/reports/cap-rate-survey
27618,Raleigh-Durham,35.7076,-78.5006,4.6,4.87,6.23,CBRE Cap Rate Survey,2025-Q4,https://www.cbre.com/insights/reports/cap-rate-survey
27619,Raleigh-Durham,35.8838,-78.6927,4.42,5.19,6.11,CBRE Cap Rate Survey,2025-Q4,https://www.cbre.com/insights/reports/cap-rate-survey
27620,Raleigh-Durham,35.9064,-78.5947,6.07,5.38,4.94,CBRE Cap Rate Survey,2025-Q4,https://www.cbre.com/insights/reports/cap-rate-survey
27621,Raleigh-Durham,35.6376,-78.4659,5.98,5.14,5.33,CBRE Cap Rate Survey,2025-Q4,https://www.cbre.com/insights/reports/cap-rate-survey
27622,Raleigh-Durham,35.6989,-78.7593,5.24,4.62,5.63,CBRE Cap Rate Survey,2025-Q4,https://www.cbre.com/insights/reports/cap-rate-survey
27623,Raleigh-Durham,35.9188,-78.7907,4.41,4.49,5.88,CBRE Cap Rate Survey,2025-Q4,https://www.cbre.com/insights/reports/cap-rate-survey
27624,Raleigh-Durham,35.6915,-78.6916,4.41,5.42,5.67,CBRE Cap Rate Survey,2025-Q4,https://www.cbre.com/insights/reports/cap-rate-survey
27625,Raleigh-Durham,35.84,-78.7867,5.0,4.18,6.02,CBRE Cap Rate Survey,2025-Q4,https://www.cbre.com/insights/reports/cap-rate-survey
27626,Raleigh-Durham,35.9111,-78.6602,6.02,5.34,5.81,CBRE Cap Rate Survey,2025-Q4,https://www.cbre.com/insights/reports/cap-rate-survey
27627,Raleigh-Durham,35.7371,-78.5578,6.08,5.54,5.9,CBRE Cap Rate Survey,2025-Q4,https://www.cbre.com/insights/reports/cap-rate-survey
27628,Raleigh-Durham,35.9139,-78.4949,4.83,5.03,6.03,CBRE Cap Rate Survey,2025-Q4,https://www.cbre.com/insights/reports/cap-rate-survey
27629,Raleigh-Durham,35.7701,-78.6401,5.28,4.65,5.63,CBRE Cap Rate Survey,2025-Q4,https://www.cbre.com/insights/reports/cap-rate-survey
27630,Raleigh-Durham,35.6633,-78.5875,5.08,4.42,5.76,CBRE Cap Rate Survey,2025-Q4,https://www.cbre.com/insights/reports/cap-rate-survey
27631,Raleigh-Durham,35.9181,-78.5901,4.71,5.45,4.53,CBRE Cap Rate Survey,2025-Q4,https://www.cbre.com/insights/reports/cap-rate-survey
27632,Raleigh-Durham,35.7884,-78.5421,4.88,4.41,5.53,CBRE Cap Rate Survey,2025-Q4,https://www.cbre.com/insights/reports/cap-rate-survey
27633,Raleigh-Durham,35.9076,-78.4736,4.77,5.58,5.57,CBRE Cap Rate Survey,2025-Q4,https://www.cbre.com/insights/reports/cap-rate-survey
27634,Raleigh-Durham,35.8847,-78.7091,6.05,5.61,5.12,CBRE Cap Rate Survey,2025-Q4,https://www.cbre.com/insights/reports/cap-rate-survey
27635,Raleigh-Durham,35.7174,-78.4605,5.2,4.06,5.35,CBRE Cap Rate Survey,2025-Q4,https://www.cbre.com/insights/reports/cap-rate-survey
55401,Minneapolis,45.0901,-93.4362,6.0,5.83,5.24,CBRE Cap Rate Survey,2025-Q4,https://www.cbre.com/insights/reports/cap-rate-survey
55402,Minneapolis,44.9461,-93.3549,5.62,4.78,5.03,CBRE Cap Rate Survey,2025-Q4,https://www.cbre.com/insights/reports/cap-rate-survey
55403,Minneapolis,44.9389,-93.2056,5.35,5.89,5.58,CBRE Cap Rate Survey,2025-Q4,https://www.cbre.com/insights/reports/cap-rate-survey
55404,Minneapolis,44.9838,-93.1439,6.29,5.27,5.82,CBRE Cap Rate Survey,2025-Q4,https://www.cbre.com/insights/reports/cap-rate-survey
55405,Minneapolis,45.0293,-93.1425,4.97,4.76,6.37,CBRE Cap Rate Survey,2025-Q4,https://www.cbre.com/insights/reports/cap-rate-survey
55406,Minneapolis,44.8357,-93.1993,5.91,4.5,4.72,CBRE Cap Rate Survey,2025-Q4,https://www.cbre.com/insights/reports/cap-rate-survey
55407,Minneapolis,45.0536,-93.2202,5.84,4.71,6.05,CBRE Cap Rate Survey,2025-Q4,https://www.cbre.com/insights/reports/cap-rate-survey
55408,Minneapolis,44.8572,-93.3421,5.79,5.43,5.78,CBRE Cap Rate Survey,2025-Q4,https://www.cbre.com/insights/reports/cap-rate-survey
55409,Minneapolis,44.8772,-93.3331,5.46,4.57,6.01,CBRE Cap Rate Survey,2025-Q4,https://www.cbre.com/insights/reports/cap-rate-survey
55410,Minneapolis,45.1116,-93.382,4.8,5.81,5.53,CBRE Cap Rate Survey,2025-Q4,https://www.cbre.com/insights/reports/cap-rate-survey
55411,Minneapolis,44.9096,-93.239,5.8,4.44,6.42,CBRE Cap Rate Survey,2025-Q4,https://www.cbre.com/insights/reports/cap-rate-survey
55412,Minneapolis,44.8889,-93.323,6.23,4.94,4.76,CBRE Cap Rate Survey,2025-Q4,https://www.cbre.com/insights/reports/cap-rate-survey
55413,Minneapolis,44.8421,-93.3285,6.27,4.99,5.04,CBRE Cap Rate Survey,2025-Q4,https://www.cbre.com/insights/reports/cap-rate-survey
55414,Minneapolis,44.8698,-93.3194,5.85,4.55,5.31,CBRE Cap Rate Survey,2025-Q4,https://www.cbre.com/insights/reports/cap-rate-survey
55415,Minneapolis,44.9872,-93.3829,5.97,4.94,6.43,CBRE Cap Rate Survey,2025-Q4,https://www.cbre.com/insights/reports/cap-rate-survey
55416,Minneapolis,44.8801,-93.0865,5.85,4.39,5.59,CBRE Cap Rate Survey,2025-Q4,https://www.cbre.com/insights/reports/cap-rate-survey
55417,Minneapolis,44.9709,-93.2924,5.7,4.31,5.6,CBRE Cap Rate Survey,2025-Q4,https://www.cbre.com/insights/reports/cap-rate-survey
55418,Minneapolis,45.1121,-93.1039,6.32,4.39,5.65,CBRE Cap Rate Survey,2025-Q4,https://www.cbre.com/insights/reports/cap-rate-survey
55419,Minneapolis,44.87,-93.3642,5.38,5.8,5.14,CBRE Cap Rate Survey,2025-Q4,https://www.cbre.com/insights/reports/cap-rate-survey
55420,Minneapolis,44.9393,-93.1102,5.62,5.15,6.49,CBRE Cap Rate Survey,2025-Q4,https://www.cbre.com/insights/reports/cap-rate-survey
55421,Minneapolis,45.0844,-93.1116,4.78,5.73,5.81,CBRE Cap Rate Survey,2025-Q4,https://www.cbre.com/insights/reports/cap-rate-survey
55422,Minneapolis,44.912,-93.3073,6.03,5.32,4.89,CBRE Cap Rate Survey,2025-Q4,https://www.cbre.com/insights/reports/cap-rate-survey
55423,Minneapolis,44.9847,-93.1845,6.2,4.47,6.29,CBRE Cap Rate Survey,2025-Q4,https://www.cbre.com/insights/reports/cap-rate-survey
55424,Minneapolis,44.96,-93.2417,4.6,5.41,6.56,CBRE Cap Rate Survey,2025-Q4,https://www.cbre.com/insights/reports/cap-rate-survey
55425,Minneapolis,44.8654,-93.1232,5.78,4.86,5.65,CBRE Cap Rate Survey,2025-Q4,https://www.cbre.com/insights/reports/cap-rate-survey
55426,Minneapolis,45.0066,-93.4325,5.87,5.71,6.11,CBRE Cap Rate Survey,2025-Q4,https://www.cbre.com/insights/reports/cap-rate-survey
55427,Minneapolis,44.9101,-93.3012,4.93,5.99,5.53,CBRE Cap Rate Survey,2025-Q4,https://www.cbre.com/insights/reports/cap-rate-survey
55428,Minneapolis,45.0968,-93.4219,5.64,5.6,5.22,CBRE Cap Rate Survey,2025-Q4,https://www.cbre.com/insights/reports/cap-rate-survey
55429,Minneapolis,45.12,-93.2742,6.19,5.85,6.59,CBRE Cap Rate Survey,2025-Q4,https://www.cbre.com/insights/reports/cap-rate-survey
55430,Minneapolis,45.038,-93.1797,4.97,5.54,6.32,CBRE Cap Rate Survey,2025-Q4,https://www.cbre.com/insights/reports/cap-rate-survey
33601,Tampa Bay,27.9986,-82.5116,5.64,5.13,4.71,CBRE Cap Rate Survey,2025-Q4,https://www.cbre.com/insights/reports/cap-rate-survey
33602,Tampa Bay,27.9669,-82.4874,5.47,5.35,4.92,CBRE Cap Rate Survey,2025-Q4,https://www.cbre.com/insights/reports/cap-rate-survey
33603,Tampa Bay,27.9849,-82.3721,6.33,5.03,5.98,CBRE Cap Rate Survey,2025-Q4,https://www.cbre.com/insights/reports/cap-rate-survey
33604,Tampa Bay,27.8212,-82.284,5.32,4.43,6.24,CBRE Cap Rate Survey,2025-Q4,https://www.cbre.com/insights/reports/cap-rate-survey
33605,Tampa Bay,27.8902,-82.5817,6.21,5.79,5.7,CBRE Cap Rate Survey,2025-Q4,https://www.cbre.com/insights/reports/cap-rate-survey
33606,Tampa Bay,27.9975,-82.5008,5.03,5.54,5.83,CBRE Cap Rate Survey,2025-Q4,https://www.cbre.com/insights/reports/cap-rate-survey
33607,Tampa Bay,27.8167,-82.4116,6.26,5.09,6.29,CBRE Cap Rate Survey,2025-Q4,https://www.cbre.com/insights/reports/cap-rate-survey
33608,Tampa Bay,28.0567,-82.4245,4.88,5.7,6.61,CBRE Cap Rate Survey,2025-Q4,https://www.cbre.com/insights/reports/cap-rate-survey
33609,Tampa Bay,28.0279,-82.4925,5.96,5.27,6.43,CBRE Cap Rate Survey,2025-Q4,https://www.cbre.com/insights/reports/cap-rate-survey
33610,Tampa Bay,27.9879,-82.6369,6.47,6.0,4.71,CBRE Cap Rate Survey,2025-Q4,https://www.cbre.com/insights/reports/cap-rate-survey
33611,Tampa Bay,27.9889,-82.4287,6.05,4.68,6.36,CBRE Cap Rate Survey,2025-Q4,https://www.cbre.com/insights/reports/cap-rate-survey
33612,Tampa Bay,28.0964,-82.5693,5.55,4.65,4.82,CBRE Cap Rate Survey,2025-Q4,https://www.cbre.com/insights/reports/cap-rate-survey
33613,Tampa Bay,28.075,-82.6132,5.12,4.2,5.46,CBRE Cap Rate Survey,2025-Q4,https://www.cbre.com/insights/reports/cap-rate-survey
33614,Tampa Bay,28.0243,-82.5429,4.62,4.27,4.76,CBRE Cap Rate Survey,2025-Q4,https://www.cbre.com/insights/reports/cap-rate-survey
33615,Tampa Bay,27.8632,-82.5799,5.18,4.97,6.68,CBRE Cap Rate Survey,2025-Q4,https://www.cbre.com/insights/reports/cap-rate-survey
33616,Tampa Bay,27.8793,-82.5428,6.04,5.66,5.94,CBRE Cap Rate Survey,2025-Q4,https://www.cbre.com/insights/reports/cap-rate-survey
33617,Tampa Bay,27.8741,-82.3869,4.97,5.23,5.52,CBRE Cap Rate Survey,2025-Q4,https://www.cbre.com/insights/reports/cap-rate-survey
33618,Tampa Bay,27.9153,-82.3565,5.21,4.42,5.65,CBRE Cap Rate Survey,2025-Q4,https://www.cbre.com/insights/reports/cap-rate-survey
33619,Tampa Bay,27.8973,-82.377,5.64,5.07,5.82,CBRE Cap Rate Survey,2025-Q4,https://www.cbre.com/insights/reports/cap-rate-survey
33620,Tampa Bay,28.0208,-82.4247,5.26,4.27,6.04,CBRE Cap Rate Survey,2025-Q4,https://www.cbre.com/insights/reports/cap-rate-survey
33621,Tampa Bay,27.9501,-82.3987,4.97,6.0,6.07,CBRE Cap Rate Survey,2025-Q4,https://www.cbre.com/insights/reports/cap-rate-survey
33622,Tampa Bay,27.9814,-82.6047,5.87,4.66,6.3,CBRE Cap Rate Survey,2025-Q4,https://www.cbre.com/insights/reports/cap-rate-survey
33623,Tampa Bay,27.9174,-82.5239,5.72,5.17,5.79,CBRE Cap Rate Survey,2025-Q4,https://www.cbre.com/insights/reports/cap-rate-survey
33624,Tampa Bay,27.9226,-82.369,6.26,4.77,5.51,CBRE Cap Rate Survey,2025-Q4,https://www.cbre.com/insights/reports/cap-rate-survey
33625,Tampa Bay,27.9608,-82.6035,6.04,4.88,6.21,CBRE Cap Rate Survey,2025-Q4,https://www.cbre.com/insights/reports/cap-rate-survey
33626,Tampa Bay,27.8313,-82.5546,5.32,4.5,4.79,CBRE Cap Rate Survey,2025-Q4,https://www.cbre.com/insights/reports/cap-rate-survey
33627,Tampa Bay,27.8189,-82.5018,5.27,4.35,5.1,CBRE Cap Rate Survey,2025-Q4,https://www.cbre.com/insights/reports/cap-rate-survey
33628,Tampa Bay,27.9677,-82.3873,5.96,5.47,6.69,CBRE Cap Rate Survey,2025-Q4,https://www.cbre.com/insights/reports/cap-rate-survey
33629,Tampa Bay,27.8192,-82.4463,4.97,5.31,6.46,CBRE Cap Rate Survey,2025-Q4,https://www.cbre.com/insights/reports/cap-rate-survey
33630,Tampa Bay,28.0678,-82.4595,5.1,4.48,4.76,CBRE Cap Rate Survey,2025-Q4,https://www.cbre.com/insights/reports/cap-rate-survey
33631,Tampa Bay,27.8376,-82.6007,5.65,5.08,4.99,CBRE Cap Rate Survey,2025-Q4,https://www.cbre.com/insights/reports/cap-rate-survey
33632,Tampa Bay,27.8238,-82.5809,5.36,5.72,5.77,CBRE Cap Rate Survey,2025-Q4,https://www.cbre.com/insights/reports/cap-rate-survey
33633,Tampa Bay,27.9445,-82.5952,5.6,5.5,5.47,CBRE Cap Rate Survey,2025-Q4,https://www.cbre.com/insights/reports/cap-rate-survey
33634,Tampa Bay,27.8879,-82.389,5.52,5.5,5.42,CBRE Cap Rate Survey,2025-Q4,https://www.cbre.com/insights/reports/cap-rate-survey
33635,Tampa Bay,27.9175,-82.3407,6.42,5.78,4.98,CBRE Cap Rate Survey,2025-Q4,https://www.cbre.com/insights/reports/cap-rate-survey
33636,Tampa Bay,27.867,-82.5172,4.81,4.94,4.76,CBRE Cap Rate Survey,2025-Q4,https://www.cbre.com/insights/reports/cap-rate-survey
33637,Tampa Bay,27.8428,-82.4047,5.58,5.0,5.12,CBRE Cap Rate Survey,2025-Q4,https://www.cbre.com/insights/reports/cap-rate-survey
33638,Tampa Bay,27.8969,-82.5837,5.17,5.29,5.34,CBRE Cap Rate Survey,2025-Q4,https://www.cbre.com/insights/reports/cap-rate-survey
33639,Tampa Bay,27.8519,-82.4583,5.35,4.51,4.93,CBRE Cap Rate Survey,2025-Q4,https://www.cbre.com/insights/reports/cap-rate-survey
33640,Tampa Bay,27.819,-82.3059,6.2,5.65,6.71,CBRE Cap Rate Survey,2025-Q4,https://www.cbre.com/insights/reports/cap-rate-survey
70112,New Orleans,30.0007,-90.0178,6.1,4.78,5.7,CBRE Cap Rate Survey,2025-Q4,https://www.cbre.com/insights/reports/cap-rate-survey
70113,New Orleans,29.9955,-90.2026,5.32,5.3,5.86,CBRE Cap Rate Survey,2025-Q4,https://www.cbre.com/insights/reports/cap-rate-survey
70114,New Orleans,30.0978,-90.036,6.76,4.91,5.83,CBRE Cap Rate Survey,2025-Q4,https://www.cbre.com/insights/reports/cap-rate-survey
70115,New Orleans,30.0186,-89.901,5.55,5.29,5.77,CBRE Cap Rate Survey,2025-Q4,https://www.cbre.com/insights/reports/cap-rate-survey
70116,New Orleans,30.0939,-90.0688,5.37,6.82,5.86,CBRE Cap Rate Survey,2025-Q4,https://www.cbre.com/insights/reports/cap-rate-survey
70117,New Orleans,30.0938,-89.9313,7.17,5.55,6.89,CBRE Cap Rate Survey,2025-Q4,https://www.cbre.com/insights/reports/cap-rate-survey
70118,New Orleans,29.8235,-90.0269,6.24,6.26,6.53,CBRE Cap Rate Survey,2025-Q4,https://www.cbre.com/insights/reports/cap-rate-survey
70119,New Orleans,29.9,-90.1187,5.21,5.09,5.5,CBRE Cap Rate Survey,2025-Q4,https://www.cbre.com/insights/reports/cap-rate-survey
70120,New Orleans,30.0111,-89.9881,5.36,6.19,6.25,CBRE Cap Rate Survey,2025-Q4,https://www.cbre.com/insights/reports/cap-rate-survey
70121,New Orleans,29.8391,-89.9342,5.44,6.59,5.98,CBRE Cap Rate Survey,2025-Q4,https://www.cbre.com/insights/reports/cap-rate-survey
70122,New Orleans,29.962,-90.212,5.24,4.79,6.27,CBRE Cap Rate Survey,2025-Q4,https://www.cbre.com/insights/reports/cap-rate-survey
70123,New Orleans,29.8127,-90.0026,5.84,6.04,5.32,CBRE Cap Rate Survey,2025-Q4,https://www.cbre.com/insights/reports/cap-rate-survey
70124,New Orleans,29.9329,-90.072,7.04,6.68,5.72,CBRE Cap Rate Survey,2025-Q4,https://www.cbre.com/insights/reports/cap-rate-survey
70125,New Orleans,29.8626,-90.0181,5.84,6.73,6.32,CBRE Cap Rate Survey,2025-Q4,https://www.cbre.com/insights/reports/cap-rate-survey
70126,New Orleans,29.9915,-90.0393,5.27,5.34,5.65,CBRE Cap Rate Survey,2025-Q4,https://www.cbre.com/insights/reports/cap-rate-survey
70127,New Orleans,29.8438,-90.215,7.01,6.59,6.59,CBRE Cap Rate Survey,2025-Q4,https://www.cbre.com/insights/reports/cap-rate-survey
70128,New Orleans,29.8668,-90.1334,5.27,5.73,7.19,CBRE Cap Rate Survey,2025-Q4,https://www.cbre.com/insights/reports/cap-rate-survey
70129,New Orleans,29.8485,-89.896,7.2,5.31,6.68,CBRE Cap Rate Survey,2025-Q4,https://www.cbre.com/insights/reports/cap-rate-survey
70130,New Orleans,29.8377,-89.9451,6.19,4.86,6.29,CBRE Cap Rate Survey,2025-Q4,https://www.cbre.com/insights/reports/cap-rate-survey
70131,New Orleans,30.0326,-90.1951,5.38,6.18,6.54,CBRE Cap Rate Survey,2025-Q4,https://www.cbre.com/insights/reports/cap-rate-survey
70132,New Orleans,30.0371,-90.2343,7.11,4.88,6.94,CBRE Cap Rate Survey,2025-Q4,https://www.cbre.com/insights/reports/cap-rate-survey
70133,New Orleans,29.968,-89.9595,6.81,6.84,7.14,CBRE Cap Rate Survey,2025-Q4,https://www.cbre.com/insights/reports/cap-rate-survey
70134,New Orleans,29.8787,-89.9503,5.94,6.01,5.79,CBRE Cap Rate Survey,2025-Q4,https://www.cbre.com/insights/reports/cap-rate-survey
70135,New Orleans,30.016,-90.1856,6.88,4.99,5.73,CBRE Cap Rate Survey,2025-Q4,https://www.cbre.com/insights/reports/cap-rate-survey
70136,New Orleans,29.9351,-89.9513,6.61,6.08,6.88,CBRE Cap Rate Survey,2025-Q4,https://www.cbre.com/insights/reports/cap-rate-survey
23220,Richmond,37.4159,-77.5995,6.29,4.69,5.06,CBRE Cap Rate Survey,2025-Q4,https://www.cbre.com/insights/reports/cap-rate-survey
23221,Richmond,37.6849,-77.4639,5.84,5.21,5.63,CBRE Cap Rate Survey,2025-Q4,https://www.cbre.com/insights/reports/cap-rate-survey
23222,Richmond,37.4054,-77.4226,5.09,5.21,5.34,CBRE Cap Rate Survey,2025-Q4,https://www.cbre.com/insights/reports/cap-rate-survey
23223,Richmond,37.4967,-77.585,6.42,5.91,5.43,CBRE Cap Rate Survey,2025-Q4,https://www.cbre.com/insights/reports/cap-rate-survey
23224,Richmond,37.5448,-77.5774,5.17,5.2,5.49,CBRE Cap Rate Survey,2025-Q4,https://www.cbre.com/insights/reports/cap-rate-survey
23225,Richmond,37.4723,-77.4837,5.22,4.47,6.55,CBRE Cap Rate Survey,2025-Q4,https://www.cbre.com/insights/reports/cap-rate-survey
23226,Richmond,37.6595,-77.4309,4.83,4.31,5.2,CBRE Cap Rate Survey,2025-Q4,https://www.cbre.com/insights/reports/cap-rate-survey
23227,Richmond,37.4189,-77.5338,5.28,4.33,6.4,CBRE Cap Rate Survey,2025-Q4,https://www.cbre.com/insights/reports/cap-rate-survey
23228,Richmond,37.5328,-77.4454,5.47,5.25,5.53,CBRE Cap Rate Survey,2025-Q4,https://www.cbre.com/insights/reports/cap-rate-survey
23229,Richmond,37.526,-77.5971,5.38,4.54,4.85,CBRE Cap Rate Survey,2025-Q4,https://www.cbre.com/insights/reports/cap-rate-survey
23230,Richmond,37.5885,-77.5539,4.78,5.5,5.43,CBRE Cap Rate Survey,2025-Q4,https://www.cbre.com/insights/reports/cap-rate-survey
23231,Richmond,37.5199,-77.5093,5.61,4.65,5.85,CBRE Cap Rate Survey,2025-Q4,https://www.cbre.com/insights/reports/cap-rate-survey
23232,Richmond,37.4466,-77.5103,5.15,5.46,5.72,CBRE Cap Rate Survey,2025-Q4,https://www.cbre.com/insights/reports/cap-rate-survey
23233,Richmond,37.4853,-77.4535,6.32,5.58,4.8,CBRE Cap Rate Survey,2025-Q4,https://www.cbre.com/insights/reports/cap-rate-survey
23234,Richmond,37.6252,-77.5046,4.53,5.45,6.22,CBRE Cap Rate Survey,2025-Q4,https://www.cbre.com/insights/reports/cap-rate-survey
23235,Richmond,37.4086,-77.3644,5.17,5.73,5.33,CBRE Cap Rate Survey,2025-Q4,https://www.cbre.com/insights/reports/cap-rate-survey
23236,Richmond,37.4421,-77.4001,6.23,5.13,4.72,CBRE Cap Rate Survey,2025-Q4,https://www.cbre.com/insights/reports/cap-rate-survey
23237,Richmond,37.6444,-77.5962,4.66,5.51,5.57,CBRE Cap Rate Survey,2025-Q4,https://www.cbre.com/insights/reports/cap-rate-survey
23238,Richmond,37.5241,-77.3425,5.01,5.48,5.09,CBRE Cap Rate Survey,2025-Q4,https://www.cbre.com/insights/reports/cap-rate-survey
23239,Richmond,37.6458,-77.611,6.35,5.26,5.5,CBRE Cap Rate Survey,2025-Q4,https://www.cbre.com/insights/reports/cap-rate-survey
23240,Richmond,37.5877,-77.2828,5.87,4.65,6.04,CBRE Cap Rate Survey,2025-Q4,https://www.cbre.com/insights/reports/cap-rate-survey
23241,Richmond,37.5335,-77.3148,5.7,4.9,5.57,CBRE Cap Rate Survey,2025-Q4,https://www.cbre.com/insights/reports/cap-rate-survey
23242,Richmond,37.618,-77.5881,5.22,5.72,5.05,CBRE Cap Rate Survey,2025-Q4,https://www.cbre.com/insights/reports/cap-rate-survey
23243,Richmond,37.6746,-77.4299,6.0,4.92,6.63,CBRE Cap Rate Survey,2025-Q4,https://www.cbre.com/insights/reports/cap-rate-survey
23244,Richmond,37.4129,-77.5491,6.29,5.27,6.51,CBRE Cap Rate Survey,2025-Q4,https://www.cbre.com/insights/reports/cap-rate-survey
35201,Birmingham,33.4901,-86.7203,5.94,6.72,5.59,CBRE Cap Rate Survey,2025-Q4,https://www.cbre.com/insights/reports/cap-rate-survey
35202,Birmingham,33.3741,-86.8958,6.88,5.75,5.38,CBRE Cap Rate Survey,2025-Q4,https://www.cbre.com/insights/reports/cap-rate-survey
35203,Birmingham,33.456,-86.7176,5.16,6.3,5.58,CBRE Cap Rate Survey,2025-Q4,https://www.cbre.com/insights/reports/cap-rate-survey
35204,Birmingham,33.4961,-86.9773,5.36,5.4,6.94,CBRE Cap Rate Survey,2025-Q4,https://www.cbre.com/insights/reports/cap-rate-survey
35205,Birmingham,33.6097,-86.9059,6.53,5.6,5.64,CBRE Cap Rate Survey,2025-Q4,https://www.cbre.com/insights/reports/cap-rate-survey
35206,Birmingham,33.5145,-86.707,7.29,5.32,6.41,CBRE Cap Rate Survey,2025-Q4,https://www.cbre.com/insights/reports/cap-rate-survey
35207,Birmingham,33.6256,-86.8317,6.17,6.11,6.89,CBRE Cap Rate Survey,2025-Q4,https://www.cbre.com/insights/reports/cap-rate-survey
35208,Birmingham,33.5024,-86.9896,5.71,4.81,6.03,CBRE Cap Rate Survey,2025-Q4,https://www.cbre.com/insights/reports/cap-rate-survey
35209,Birmingham,33.5363,-86.6368,6.68,5.31,7.52,CBRE Cap Rate Survey,2025-Q4,https://www.cbre.com/insights/reports/cap-rate-survey
35210,Birmingham,33.5389,-86.7826,6.63,6.26,7.35,CBRE Cap Rate Survey,2025-Q4,https://www.cbre.com/insights/reports/cap-rate-survey
35211,Birmingham,33.3983,-86.887,5.24,5.41,6.62,CBRE Cap Rate Survey,2025-Q4,https://www.cbre.com/insights/reports/cap-rate-survey
35212,Birmingham,33.4121,-86.9251,6.65,5.19,6.71,CBRE Cap Rate Survey,2025-Q4,https://www.cbre.com/insights/reports/cap-rate-survey
35213,Birmingham,33.5525,-86.756,5.57,5.99,6.33,CBRE Cap Rate Survey,2025-Q4,https://www.cbre.com/insights/reports/cap-rate-survey
35214,Birmingham,33.6606,-86.8263,6.73,5.89,6.05,CBRE Cap Rate Survey,2025-Q4,https://www.cbre.com/insights/reports/cap-rate-survey
35215,Birmingham,33.4282,-86.7244,6.75,5.27,6.15,CBRE Cap Rate Survey,2025-Q4,https://www.cbre.com/insights/reports/cap-rate-survey
35216,Birmingham,33.4336,-86.7062,7.01,6.33,6.05,CBRE Cap Rate Survey,2025-Q4,https://www.cbre.com/insights/reports/cap-rate-survey
35217,Birmingham,33.6403,-86.6336,5.31,6.47,6.67,CBRE Cap Rate Survey,2025-Q4,https://www.cbre.com/insights/reports/cap-rate-survey
35218,Birmingham,33.3932,-86.7566,6.56,5.63,5.41,CBRE Cap Rate Survey,2025-Q4,https://www.cbre.com/insights/reports/cap-rate-survey
35219,Birmingham,33.5263,-86.9559,5.51,6.28,6.66,CBRE Cap Rate Survey,2025-Q4,https://www.cbre.com/insights/reports/cap-rate-survey
35220,Birmingham,33.4906,-86.97,6.48,6.21,5.53,CBRE Cap Rate Survey,2025-Q4,https://www.cbre.com/insights/reports/cap-rate-survey
35221,Birmingham,33.5274,-86.9599,7.18,5.09,7.17,CBRE Cap Rate Survey,2025-Q4,https://www.cbre.com/insights/reports/cap-rate-survey
35222,Birmingham,33.3758,-86.956,5.86,6.66,6.35,CBRE Cap Rate Survey,2025-Q4,https://www.cbre.com/insights/reports/cap-rate-survey
35223,Birmingham,33.5678,-86.8921,6.43,5.83,6.97,CBRE Cap Rate Survey,2025-Q4,https://www.cbre.com/insights/reports/cap-rate-survey
35224,Birmingham,33.6499,-86.6487,6.15,5.56,6.44,CBRE Cap Rate Survey,2025-Q4,https://www.cbre.com/insights/reports/cap-rate-survey
35225,Birmingham,33.4204,-86.957,5.93,6.14,5.31,CBRE Cap Rate Survey,2025-Q4,https://www.cbre.com/insights/reports/cap-rate-survey
39201,Jackson,32.2271,-90.2321,7.55,5.98,7.82,CBRE Cap Rate Survey,2025-Q4,https://www.cbre.com/insights/reports/cap-rate-survey
39202,Jackson,32.1528,-90.3527,6.69,7.41,6.29,CBRE Cap Rate Survey,2025-Q4,https://www.cbre.com/insights/reports/cap-rate-survey
39203,Jackson,32.1656,-90.2184,7.23,7.24,7.52,CBRE Cap Rate Survey,2025-Q4,https://www.cbre.com/insights/reports/cap-rate-survey
39204,Jackson,32.2514,-90.3531,7.47,6.24,5.98,CBRE Cap Rate Survey,2025-Q4,https://www.cbre.com/insights/reports/cap-rate-survey
39205,Jackson,32.1709,-90.3045,7.36,7.02,8.2,CBRE Cap Rate Survey,2025-Q4,https://www.cbre.com/insights/reports/cap-rate-survey
39206,Jackson,32.2849,-90.3222,7.56,6.75,8.15,CBRE Cap Rate Survey,2025-Q4,https://www.cbre.com/insights/reports/cap-rate-survey
39207,Jackson,32.2956,-90.2128,7.8,5.47,6.68,CBRE Cap Rate Survey,2025-Q4,https://www.cbre.com/insights/reports/cap-rate-survey
39208,Jackson,32.2655,-90.2881,7.16,6.1,6.36,CBRE Cap Rate Survey,2025-Q4,https://www.cbre.com/insights/reports/cap-rate-survey
39209,Jackson,32.1819,-90.1096,7.51,5.28,6.07,CBRE Cap Rate Survey,2025-Q4,https://www.cbre.com/insights/reports/cap-rate-survey
39210,Jackson,32.1713,-90.305,5.83,5.67,7.58,CBRE Cap Rate Survey,2025-Q4,https://www.cbre.com/insights/reports/cap-rate-survey
39211,Jackson,32.4482,-90.2347,7.29,6.97,6.28,CBRE Cap Rate Survey,2025-Q4,https://www.cbre.com/insights/reports/cap-rate-survey
39212,Jackson,32.296,-90.2763,5.99,6.08,7.06,CBRE Cap Rate Survey,2025-Q4,https://www.cbre.com/insights/reports/cap-rate-survey
39213,Jackson,32.1967,-90.2215,6.28,5.99,5.74,CBRE Cap Rate Survey,2025-Q4,https://www.cbre.com/insights/reports/cap-rate-survey
39214,Jackson,32.3854,-90.3628,6.5,6.81,7.97,CBRE Cap Rate Survey,2025-Q4,https://www.cbre.com/insights/reports/cap-rate-survey
39215,Jackson,32.3652,-90.304,7.08,5.83,6.0,CBRE Cap Rate Survey,2025-Q4,https://www.cbre.com/insights/reports/cap-rate-survey
72201,Little Rock,34.7682,-92.3894,6.38,5.97,5.31,CBRE Cap Rate Survey,2025-Q4,https://www.cbre.com/insights/reports/cap-rate-survey
72202,Little Rock,34.7976,-92.1628,5.61,5.19,6.12,CBRE Cap Rate Survey,2025-Q4,https://www.cbre.com/insights/reports/cap-rate-survey
72203,Little Rock,34.6219,-92.3923,5.52,4.89,7.17,CBRE Cap Rate Survey,2025-Q4,https://www.cbre.com/insights/reports/cap-rate-survey
72204,Little Rock,34.7488,-92.4652,6.9,6.7,6.35,CBRE Cap Rate Survey,2025-Q4,https://www.cbre.com/insights/reports/cap-rate-survey
72205,Little Rock,34.7948,-92.249,6.09,6.72,5.48,CBRE Cap Rate Survey,2025-Q4,https://www.cbre.com/insights/reports/cap-rate-survey
72206,Little Rock,34.6569,-92.1649,5.26,5.61,6.11,CBRE Cap Rate Survey,2025-Q4,https://www.cbre.com/insights/reports/cap-rate-survey
72207,Little Rock,34.7913,-92.2076,6.48,5.6,6.28,CBRE Cap Rate Survey,2025-Q4,https://www.cbre.com/insights/reports/cap-rate-survey
72208,Little Rock,34.7869,-92.3467,5.16,5.07,6.18,CBRE Cap Rate Survey,2025-Q4,https://www.cbre.com/insights/reports/cap-rate-survey
72209,Little Rock,34.8213,-92.4585,5.23,5.38,6.93,CBRE Cap Rate Survey,2025-Q4,https://www.cbre.com/insights/reports/cap-rate-survey
72210,Little Rock,34.8875,-92.1108,6.57,6.66,6.34,CBRE Cap Rate Survey,2025-Q4,https://www.cbre.com/insights/reports/cap-rate-survey
72211,Little Rock,34.6962,-92.2345,6.36,5.29,6.16,CBRE Cap Rate Survey,2025-Q4,https://www.cbre.com/insights/reports/cap-rate-survey
72212,Little Rock,34.6491,-92.124,6.14,5.26,6.86,CBRE Cap Rate Survey,2025-Q4,https://www.cbre.com/insights/reports/cap-rate-survey
72213,Little Rock,34.8331,-92.4152,7.13,5.74,6.02,CBRE Cap Rate Survey,2025-Q4,https://www.cbre.com/insights/reports/cap-rate-survey
72214,Little Rock,34.6539,-92.422,7.24,4.83,7.38,CBRE Cap Rate Survey,2025-Q4,https://www.cbre.com/insights/reports/cap-rate-survey
72215,Little Rock,34.5972,-92.1171,6.5,5.89,5.27,CBRE Cap Rate Survey,2025-Q4,https://www.cbre.com/insights/reports/cap-rate-survey
72216,Little Rock,34.8815,-92.2356,6.83,6.51,5.37,CBRE Cap Rate Survey,2025-Q4,https://www.cbre.com/insights/reports/cap-rate-survey
72217,Little Rock,34.6064,-92.3915,5.26,6.73,6.49,CBRE Cap Rate Survey,2025-Q4,https://www.cbre.com/insights/reports/cap-rate-survey
72218,Little Rock,34.8266,-92.1155,5.14,5.38,5.6,CBRE Cap Rate Survey,2025-Q4,https://www.cbre.com/insights/reports/cap-rate-survey
72219,Little Rock,34.6087,-92.1653,6.75,6.54,6.23,CBRE Cap Rate Survey,2025-Q4,https://www.cbre.com/insights/reports/cap-rate-survey
72220,Little Rock,34.7655,-92.4348,5.83,5.2,7.2,CBRE Cap Rate Survey,2025-Q4,https://www.cbre.com/insights/reports/cap-rate-survey
37401,Chattanooga,35.1461,-85.4534,5.0,5.44,5.27,CBRE Cap Rate Survey,2025-Q4,https://www.cbre.com/insights/reports/cap-rate-survey
37402,Chattanooga,34.9016,-85.1394,6.6,5.69,6.87,CBRE Cap Rate Survey,2025-Q4,https://www.cbre.com/insights/reports/cap-rate-survey
37403,Chattanooga,34.9809,-85.4578,5.7,5.5,6.25,CBRE Cap Rate Survey,2025-Q4,https://www.cbre.com/insights/reports/cap-rate-survey
37404,Chattanooga,34.9264,-85.3973,6.03,4.84,6.18,CBRE Cap Rate Survey,2025-Q4,https://www.cbre.com/insights/reports/cap-rate-survey
37405,Chattanooga,34.953,-85.1991,5.43,4.56,5.15,CBRE Cap Rate Survey,2025-Q4,https://www.cbre.com/insights/reports/cap-rate-survey
37406,Chattanooga,34.9671,-85.1632,4.81,5.68,5.18,CBRE Cap Rate Survey,2025-Q4,https://www.cbre.com/insights/reports/cap-rate-survey
37407,Chattanooga,35.0358,-85.4468,6.63,5.45,6.83,CBRE Cap Rate Survey,2025-Q4,https://www.cbre.com/insights/reports/cap-rate-survey
37408,Chattanooga,35.1555,-85.4106,6.28,6.08,5.92,CBRE Cap Rate Survey,2025-Q4,https://www.cbre.com/insights/reports/cap-rate-survey
37409,Chattanooga,34.8976,-85.3465,5.99,5.06,6.63,CBRE Cap Rate Survey,2025-Q4,https://www.cbre.com/insights/reports/cap-rate-survey
37410,Chattanooga,35.0951,-85.3763,4.84,5.54,5.81,CBRE Cap Rate Survey,2025-Q4,https://www.cbre.com/insights/reports/cap-rate-survey
37411,Chattanooga,34.9414,-85.4732,4.84,5.52,5.95,CBRE Cap Rate Survey,2025-Q4,https://www.cbre.com/insights/reports/cap-rate-survey
37412,Chattanooga,35.0932,-85.1884,5.07,6.16,5.52,CBRE Cap Rate Survey,2025-Q4,https://www.cbre.com/insights/reports/cap-rate-survey
37413,Chattanooga,35.0907,-85.371,6.67,5.87,6.97,CBRE Cap Rate Survey,2025-Q4,https://www.cbre.com/insights/reports/cap-rate-survey
37414,Chattanooga,35.0638,-85.1962,5.88,5.24,5.5,CBRE Cap Rate Survey,2025-Q4,https://www.cbre.com/insights/reports/cap-rate-survey
37415,Chattanooga,35.1133,-85.1357,5.27,4.68,6.06,CBRE Cap Rate Survey,2025-Q4,https://www.cbre.com/insights/reports/cap-rate-survey
37416,Chattanooga,35.1223,-85.2977,6.61,4.54,5.58,CBRE Cap Rate Survey,2025-Q4,https://www.cbre.com/insights/reports/cap-rate-survey
37417,Chattanooga,35.0357,-85.4008,6.17,5.29,6.83,CBRE Cap Rate Survey,2025-Q4,https://www.cbre.com/insights/reports/cap-rate-survey
37418,Chattanooga,35.053,-85.3714,5.09,4.82,6.67,CBRE Cap Rate Survey,2025-Q4,https://www.cbre.com/insights/reports/cap-rate-survey
37419,Chattanooga,35.1174,-85.1895,6.2,4.96,6.65,CBRE Cap Rate Survey,2025-Q4,https://www.cbre.com/insights/reports/cap-rate-survey
37420,Chattanooga,35.0582,-85.3824,5.37,5.38,6.98,CBRE Cap Rate Survey,2025-Q4,https://www.cbre.com/insights/reports/cap-rate-survey
37901,Knoxville,35.9806,-83.8556,5.49,5.0,6.93,CBRE Cap Rate Survey,2025-Q4,https://www.cbre.com/insights/reports/cap-rate-survey
37902,Knoxville,36.1059,-83.8437,5.51,4.62,5.08,CBRE Cap Rate Survey,2025-Q4,https://www.cbre.com/insights/reports/cap-rate-survey
37903,Knoxville,35.9361,-83.8778,4.87,5.21,5.31,CBRE Cap Rate Survey,2025-Q4,https://www.cbre.com/insights/reports/cap-rate-survey
37904,Knoxville,35.9969,-84.0337,5.77,5.3,5.71,CBRE Cap Rate Survey,2025-Q4,https://www.cbre.com/insights/reports/cap-rate-survey
37905,Knoxville,35.8953,-84.0148,6.09,6.12,5.57,CBRE Cap Rate Survey,2025-Q4,https://www.cbre.com/insights/reports/cap-rate-survey
37906,Knoxville,35.8615,-83.9467,5.86,5.2,5.9,CBRE Cap Rate Survey,2025-Q4,https://www.cbre.com/insights/reports/cap-rate-survey
37907,Knoxville,35.9189,-83.7765,6.48,6.26,6.07,CBRE Cap Rate Survey,2025-Q4,https://www.cbre.com/insights/reports/cap-rate-survey
37908,Knoxville,35.8884,-83.8143,4.84,5.39,6.88,CBRE Cap Rate Survey,2025-Q4,https://www.cbre.com/insights/reports/cap-rate-survey
37909,Knoxville,36.0959,-83.7466,5.06,4.82,5.51,CBRE Cap Rate Survey,2025-Q4,https://www.cbre.com/insights/reports/cap-rate-survey
37910,Knoxville,35.9395,-83.7964,6.05,6.01,5.39,CBRE Cap Rate Survey,2025-Q4,https://www.cbre.com/insights/reports/cap-rate-survey
37911,Knoxville,35.9424,-83.9064,6.76,4.73,5.36,CBRE Cap Rate Survey,2025-Q4,https://www.cbre.com/insights/reports/cap-rate-survey
37912,Knoxville,35.8986,-84.0266,6.4,5.12,5.52,CBRE Cap Rate Survey,2025-Q4,https://www.cbre.com/insights/reports/cap-rate-survey
37913,Knoxville,35.826,-83.9278,6.67,5.12,6.67,CBRE Cap Rate Survey,2025-Q4,https://www.cbre.com/insights/reports/cap-rate-survey
37914,Knoxville,35.9466,-83.8265,6.46,4.88,5.86,CBRE Cap Rate Survey,2025-Q4,https://www.cbre.com/insights/reports/cap-rate-survey
37915,Knoxville,35.9807,-84.0089,5.46,5.44,6.76,CBRE Cap Rate Survey,2025-Q4,https://www.cbre.com/insights/reports/cap-rate-survey
37916,Knoxville,35.8224,-83.9231,6.53,5.64,7.07,CBRE Cap Rate Survey,2025-Q4,https://www.cbre.com/insights/reports/cap-rate-survey
37917,Knoxville,35.8801,-83.8696,5.28,4.64,5.96,CBRE Cap Rate Survey,2025-Q4,https://www.cbre.com/insights/reports/cap-rate-survey
37918,Knoxville,35.9267,-83.9212,6.18,4.73,5.46,CBRE Cap Rate Survey,2025-Q4,https://www.cbre.com/insights/reports/cap-rate-survey
37919,Knoxville,35.9123,-84.0963,4.87,4.98,5.48,CBRE Cap Rate Survey,2025-Q4,https://www.cbre.com/insights/reports/cap-rate-survey
37920,Knoxville,36.0378,-83.7642,5.77,6.03,5.8,CBRE Cap Rate Survey,2025-Q4,https://www.cbre.com/insights/reports/cap-rate-survey
35801,Huntsville,34.7079,-86.7432,5.32,4.74,4.92,CBRE Cap Rate Survey,2025-Q4,https://www.cbre.com/insights/reports/cap-rate-survey
35802,Huntsville,34.7481,-86.4382,6.58,5.98,6.25,CBRE Cap Rate Survey,2025-Q4,https://www.cbre.com/insights/reports/cap-rate-survey
35803,Huntsville,34.7966,-86.6401,5.54,6.13,5.09,CBRE Cap Rate Survey,2025-Q4,https://www.cbre.com/insights/reports/cap-rate-survey
35804,Huntsville,34.7559,-86.582,5.81,5.34,6.58,CBRE Cap Rate Survey,2025-Q4,https://www.cbre.com/insights/reports/cap-rate-survey
35805,Huntsville,34.8125,-86.4995,6.41,4.81,5.69,CBRE Cap Rate Survey,2025-Q4,https://www.cbre.com/insights/reports/cap-rate-survey
35806,Huntsville,34.7077,-86.736,6.0,5.08,7.08,CBRE Cap Rate Survey,2025-Q4,https://www.cbre.com/insights/reports/cap-rate-survey
35807,Huntsville,34.8121,-86.7147,5.73,4.89,5.15,CBRE Cap Rate Survey,2025-Q4,https://www.cbre.com/insights/reports/cap-rate-survey
35808,Huntsville,34.7777,-86.4916,6.37,5.25,5.41,CBRE Cap Rate Survey,2025-Q4,https://www.cbre.com/insights/reports/cap-rate-survey
35809,Huntsville,34.8185,-86.5026,6.11,4.88,6.31,CBRE Cap Rate Survey,2025-Q4,https://www.cbre.com/insights/reports/cap-rate-survey
35810,Huntsville,34.6263,-86.621,5.58,5.78,6.49,CBRE Cap Rate Survey,2025-Q4,https://www.cbre.com/insights/reports/cap-rate-survey
35811,Huntsville,34.8674,-86.6693,6.01,5.49,5.26,CBRE Cap Rate Survey,2025-Q4,https://www.cbre.com/insights/reports/cap-rate-survey
35812,Huntsville,34.8036,-86.6961,5.62,5.76,5.71,CBRE Cap Rate Survey,2025-Q4,https://www.cbre.com/insights/reports/cap-rate-survey
35813,Huntsville,34.727,-86.7408,5.82,5.81,6.48,CBRE Cap Rate Survey,2025-Q4,https://www.cbre.com/insights/reports/cap-rate-survey
35814,Huntsville,34.7605,-86.5112,5.18,5.47,6.41,CBRE Cap Rate Survey,2025-Q4,https://www.cbre.com/insights/reports/cap-rate-survey
35815,Huntsville,34.6437,-86.6057,5.22,4.8,6.51,CBRE Cap Rate Survey,2025-Q4,https://www.cbre.com/insights/reports/cap-rate-survey
35816,Huntsville,34.5926,-86.656,5.91,6.07,5.99,CBRE Cap Rate Survey,2025-Q4,https://www.cbre.com/insights/reports/cap-rate-survey
35817,Huntsville,34.7372,-86.4676,6.24,5.83,7.08,CBRE Cap Rate Survey,2025-Q4,https://www.cbre.com/insights/reports/cap-rate-survey
35818,Huntsville,34.8734,-86.6638,5.65,5.58,5.68,CBRE Cap Rate Survey,2025-Q4,https://www.cbre.com/insights/reports/cap-rate-survey
35819,Huntsville,34.7794,-86.5838,5.9,5.25,6.36,CBRE Cap Rate Survey,2025-Q4,https://www.cbre.com/insights/reports/cap-rate-survey
35820,Huntsville,34.604,-86.6983,4.88,4.73,6.53,CBRE Cap Rate Survey,2025-Q4,https://www.cbre.com/insights/reports/cap-rate-survey
80901,Colorado Springs,38.6889,-104.726,5.92,5.24,5.92,CBRE Cap Rate Survey,2025-Q4,https://www.cbre.com/insights/reports/cap-rate-survey
80902,Colorado Springs,38.6976,-104.8922,6.41,5.62,6.38,CBRE Cap Rate Survey,2025-Q4,https://www.cbre.com/insights/reports/cap-rate-survey
80903,Colorado Springs,38.7572,-104.7671,5.56,4.41,6.65,CBRE Cap Rate Survey,2025-Q4,https://www.cbre.com/insights/reports/cap-rate-survey
80904,Colorado Springs,38.7692,-104.9203,5.55,4.32,5.22,CBRE Cap Rate Survey,2025-Q4,https://www.cbre.com/insights/reports/cap-rate-survey
80905,Colorado Springs,38.897,-104.7245,5.66,5.1,6.62,CBRE Cap Rate Survey,2025-Q4,https://www.cbre.com/insights/reports/cap-rate-survey
80906,Colorado Springs,38.9338,-104.7896,4.79,5.46,5.55,CBRE Cap Rate Survey,2025-Q4,https://www.cbre.com/insights/reports/cap-rate-survey
80907,Colorado Springs,38.7351,-104.7152,5.74,5.49,5.05,CBRE Cap Rate Survey,2025-Q4,https://www.cbre.com/insights/reports/cap-rate-survey
80908,Colorado Springs,38.7261,-104.9324,6.41,5.94,6.39,CBRE Cap Rate Survey,2025-Q4,https://www.cbre.com/insights/reports/cap-rate-survey
80909,Colorado Springs,38.7516,-104.6453,4.82,5.88,5.67,CBRE Cap Rate Survey,2025-Q4,https://www.cbre.com/insights/reports/cap-rate-survey
80910,Colorado Springs,38.7266,-104.8132,5.08,5.62,4.84,CBRE Cap Rate Survey,2025-Q4,https://www.cbre.com/insights/reports/cap-rate-survey
80911,Colorado Springs,38.745,-104.9654,5.06,5.08,6.27,CBRE Cap Rate Survey,2025-Q4,https://www.cbre.com/insights/reports/cap-rate-survey
80912,Colorado Springs,38.8741,-104.9725,6.25,5.25,5.21,CBRE Cap Rate Survey,2025-Q4,https://www.cbre.com/insights/reports/cap-rate-survey
80913,Colorado Springs,38.6908,-104.9241,6.45,5.58,5.51,CBRE Cap Rate Survey,2025-Q4,https://www.cbre.com/insights/reports/cap-rate-survey
80914,Colorado Springs,38.7963,-104.7415,4.71,5.43,5.99,CBRE Cap Rate Survey,2025-Q4,https://www.cbre.com/insights/reports/cap-rate-survey
80915,Colorado Springs,38.9103,-104.9924,5.85,6.01,6.25,CBRE Cap Rate Survey,2025-Q4,https://www.cbre.com/insights/reports/cap-rate-survey
80916,Colorado Springs,38.8286,-104.7344,6.19,4.91,4.99,CBRE Cap Rate Survey,2025-Q4,https://www.cbre.com/insights/reports/cap-rate-survey
80917,Colorado Springs,38.7612,-104.9417,5.23,5.0,5.59,CBRE Cap Rate Survey,2025-Q4,https://www.cbre.com/insights/reports/cap-rate-survey
80918,Colorado Springs,38.8939,-104.8331,5.5,4.79,6.56,CBRE Cap Rate Survey,2025-Q4,https://www.cbre.com/insights/reports/cap-rate-survey
80919,Colorado Springs,38.8516,-104.8742,6.27,5.16,4.94,CBRE Cap Rate Survey,2025-Q4,https://www.cbre.com/insights/reports/cap-rate-survey
80920,Colorado Springs,38.8249,-104.9132,5.06,5.5,5.31,CBRE Cap Rate Survey,2025-Q4,https://www.cbre.com/insights/reports/cap-rate-survey
80521,Fort Collins,40.6156,-105.0487,5.26,5.4,5.32,CBRE Cap Rate Survey,2025-Q4,https://www.cbre.com/insights/reports/cap-rate-survey
80522,Fort Collins,40.5813,-105.0875,5.85,5.27,5.91,CBRE Cap Rate Survey,2025-Q4,https://www.cbre.com/insights/reports/cap-rate-survey
80523,Fort Collins,40.7337,-105.2207,5.39,4.09,4.83,CBRE Cap Rate Survey,2025-Q4,https://www.cbre.com/insights/reports/cap-rate-survey
80524,Fort Collins,40.5595,-105.1563,5.59,3.94,5.3,CBRE Cap Rate Survey,2025-Q4,https://www.cbre.com/insights/reports/cap-rate-survey
80525,Fort Collins,40.5862,-104.9995,5.07,5.26,5.93,CBRE Cap Rate Survey,2025-Q4,https://www.cbre.com/insights/reports/cap-rate-survey
80526,Fort Collins,40.4926,-105.1942,5.85,4.5,4.65,CBRE Cap Rate Survey,2025-Q4,https://www.cbre.com/insights/reports/cap-rate-survey
80527,Fort Collins,40.6055,-104.9815,4.88,4.04,6.17,CBRE Cap Rate Survey,2025-Q4,https://www.cbre.com/insights/reports/cap-rate-survey
80528,Fort Collins,40.5814,-105.0669,4.33,4.18,5.58,CBRE Cap Rate Survey,2025-Q4,https://www.cbre.com/insights/reports/cap-rate-survey
80529,Fort Collins,40.4537,-104.9633,5.82,4.17,5.81,CBRE Cap Rate Survey,2025-Q4,https://www.cbre.com/insights/reports/cap-rate-survey
80530,Fort Collins,40.6692,-104.9353,5.0,4.56,4.92,CBRE Cap Rate Survey,2025-Q4,https://www.cbre.com/insights/reports/cap-rate-survey
80531,Fort Collins,40.7276,-104.9174,5.58,4.02,5.04,CBRE Cap Rate Survey,2025-Q4,https://www.cbre.com/insights/reports/cap-rate-survey
80532,Fort Collins,40.5228,-105.1228,5.83,4.66,5.85,CBRE Cap Rate Survey,2025-Q4,https://www.cbre.com/insights/reports/cap-rate-survey
80533,Fort Collins,40.7307,-105.1286,4.54,4.59,4.49,CBRE Cap Rate Survey,2025-Q4,https://www.cbre.com/insights/reports/cap-rate-survey
80534,Fort Collins,40.6703,-105.1334,4.93,4.34,6.03,CBRE Cap Rate Survey,2025-Q4,https://www.cbre.com/insights/reports/cap-rate-survey
80535,Fort Collins,40.5431,-105.0584,5.27,4.26,4.95,CBRE Cap Rate Survey,2025-Q4,https://www.cbre.com/insights/reports/cap-rate-survey
83701,Boise,43.7247,-116.0441,5.81,5.04,6.56,CBRE Cap Rate Survey,2025-Q4,https://www.cbre.com/insights/reports/cap-rate-survey
83702,Boise,43.6019,-116.2558,6.1,4.87,6.29,CBRE Cap Rate Survey,2025-Q4,https://www.cbre.com/insights/reports/cap-rate-survey
83703,Boise,43.6464,-116.2294,5.43,5.84,5.89,CBRE Cap Rate Survey,2025-Q4,https://www.cbre.com/insights/reports/cap-rate-survey
83704,Boise,43.6846,-116.3613,6.4,5.17,5.58,CBRE Cap Rate Survey,2025-Q4,https://www.cbre.com/insights/reports/cap-rate-survey
83705,Boise,43.7173,-116.1541,5.89,5.2,6.53,CBRE Cap Rate Survey,2025-Q4,https://www.cbre.com/insights/reports/cap-rate-survey
83706,Boise,43.5021,-116.1499,5.39,5.94,4.73,CBRE Cap Rate Survey,2025-Q4,https://www.cbre.com/insights/reports/cap-rate-survey
83707,Boise,43.5185,-116.0558,5.19,5.93,5.03,CBRE Cap Rate Survey,2025-Q4,https://www.cbre.com/insights/reports/cap-rate-survey
83708,Boise,43.7088,-116.1862,4.94,5.7,5.39,CBRE Cap Rate Survey,2025-Q4,https://www.cbre.com/insights/reports/cap-rate-survey
83709,Boise,43.718,-116.3356,6.21,5.28,6.11,CBRE Cap Rate Survey,2025-Q4,https://www.cbre.com/insights/reports/cap-rate-survey
83710,Boise,43.5694,-116.3151,5.78,5.81,6.31,CBRE Cap Rate Survey,2025-Q4,https://www.cbre.com/insights/reports/cap-rate-survey
83711,Boise,43.514,-116.3647,6.05,5.99,5.65,CBRE Cap Rate Survey,2025-Q4,https://www.cbre.com/insights/reports/cap-rate-survey
83712,Boise,43.5914,-116.2544,4.56,5.29,4.78,CBRE Cap Rate Survey,2025-Q4,https://www.cbre.com/insights/reports/cap-rate-survey
83713,Boise,43.677,-116.2647,4.98,5.31,4.8,CBRE Cap Rate Survey,2025-Q4,https://www.cbre.com/insights/reports/cap-rate-survey
83714,Boise,43.5255,-116.2124,6.28,5.67,5.09,CBRE Cap Rate Survey,2025-Q4,https://www.cbre.com/insights/reports/cap-rate-survey
83715,Boise,43.6774,-116.1641,6.21,4.2,6.15,CBRE Cap Rate Survey,2025-Q4,https://www.cbre.com/insights/reports/cap-rate-survey
83716,Boise,43.5902,-116.2899,6.4,4.53,6.52,CBRE Cap Rate Survey,2025-Q4,https://www.cbre.com/insights/reports/cap-rate-survey
83717,Boise,43.7008,-116.3328,6.48,5.25,5.3,CBRE Cap Rate Survey,2025-Q4,https://www.cbre.com/insights/reports/cap-rate-survey
83718,Boise,43.5903,-116.2651,6.08,5.06,6.04,CBRE Cap Rate Survey,2025-Q4,https://www.cbre.com/insights/reports/cap-rate-survey
83719,Boise,43.4972,-116.3332,5.82,4.61,6.3,CBRE Cap Rate Survey,2025-Q4,https://www.cbre.com/insights/reports/cap-rate-survey
83720,Boise,43.699,-116.2283,5.39,5.07,5.79,CBRE Cap Rate Survey,2025-Q4,https://www.cbre.com/insights/reports/cap-rate-survey
84101,Salt Lake City,40.8773,-111.9314,4.31,4.72,5.33,CBRE Cap Rate Survey,2025-Q4,https://www.cbre.com/insights/reports/cap-rate-survey
84102,Salt Lake City,40.6363,-112.0239,5.64,4.65,5.13,CBRE Cap Rate Survey,2025-Q4,https://www.cbre.com/insights/reports/cap-rate-survey
84103,Salt Lake City,40.7514,-111.8461,5.5,4.22,5.36,CBRE Cap Rate Survey,2025-Q4,https://www.cbre.com/insights/reports/cap-rate-survey
84104,Salt Lake City,40.823,-111.9307,4.63,4.86,5.31,CBRE Cap Rate Survey,2025-Q4,https://www.cbre.com/insights/reports/cap-rate-survey
84105,Salt Lake City,40.6169,-111.754,5.87,5.65,5.03,CBRE Cap Rate Survey,2025-Q4,https://www.cbre.com/insights/reports/cap-rate-survey
84106,Salt Lake City,40.825,-111.9304,5.26,5.45,5.07,CBRE Cap Rate Survey,2025-Q4,https://www.cbre.com/insights/reports/cap-rate-survey
84107,Salt Lake City,40.7135,-111.8584,5.67,5.15,4.84,CBRE Cap Rate Survey,2025-Q4,https://www.cbre.com/insights/reports/cap-rate-survey
84108,Salt Lake City,40.6178,-112.023,4.72,4.69,5.5,CBRE Cap Rate Survey,2025-Q4,https://www.cbre.com/insights/reports/cap-rate-survey
84109,Salt Lake City,40.6842,-111.832,4.54,4.39,4.52,CBRE Cap Rate Survey,2025-Q4,https://www.cbre.com/insights/reports/cap-rate-survey
84110,Salt Lake City,40.6812,-111.8502,4.94,3.99,6.25,CBRE Cap Rate Survey,2025-Q4,https://www.cbre.com/insights/reports/cap-rate-survey
84111,Salt Lake City,40.7174,-111.7903,5.03,5.11,4.5,CBRE Cap Rate Survey,2025-Q4,https://www.cbre.com/insights/reports/cap-rate-survey
84112,Salt Lake City,40.8392,-111.8342,5.45,5.3,4.85,CBRE Cap Rate Survey,2025-Q4,https://www.cbre.com/insights/reports/cap-rate-survey
84113,Salt Lake City,40.8892,-111.8919,5.03,3.99,6.19,CBRE Cap Rate Survey,2025-Q4,https://www.cbre.com/insights/reports/cap-rate-survey
84114,Salt Lake City,40.8178,-111.7551,4.37,5.21,5.2,CBRE Cap Rate Survey,2025-Q4,https://www.cbre.com/insights/reports/cap-rate-survey
84115,Salt Lake City,40.8422,-111.9471,4.96,4.59,4.71,CBRE Cap Rate Survey,2025-Q4,https://www.cbre.com/insights/reports/cap-rate-survey
84116,Salt Lake City,40.8637,-111.9126,5.69,4.42,5.77,CBRE Cap Rate Survey,2025-Q4,https://www.cbre.com/insights/reports/cap-rate-survey
84117,Salt Lake City,40.7678,-111.8173,4.96,5.33,4.99,CBRE Cap Rate Survey,2025-Q4,https://www.cbre.com/insights/reports/cap-rate-survey
84118,Salt Lake City,40.7497,-111.8455,5.25,4.29,5.8,CBRE Cap Rate Survey,2025-Q4,https://www.cbre.com/insights/reports/cap-rate-survey
84119,Salt Lake City,40.8466,-111.8149,4.44,4.78,5.33,CBRE Cap Rate Survey,2025-Q4,https://www.cbre.com/insights/reports/cap-rate-survey
84120,Salt Lake City,40.8174,-111.8833,5.92,5.26,6.09,CBRE Cap Rate Survey,2025-Q4,https://www.cbre.com/insights/reports/cap-rate-survey
84121,Salt Lake City,40.7933,-111.7582,4.96,5.65,5.89,CBRE Cap Rate Survey,2025-Q4,https://www.cbre.com/insights/reports/cap-rate-survey
84122,Salt Lake City,40.6815,-111.9512,6.13,4.59,6.06,CBRE Cap Rate Survey,2025-Q4,https://www.cbre.com/insights/reports/cap-rate-survey
84123,Salt Lake City,40.7958,-111.9414,4.46,4.57,4.95,CBRE Cap Rate Survey,2025-Q4,https://www.cbre.com/insights/reports/cap-rate-survey
84124,Salt Lake City,40.7031,-111.7985,6.03,4.42,5.24,CBRE Cap Rate Survey,2025-Q4,https://www.cbre.com/insights/reports/cap-rate-survey
84125,Salt Lake City,40.8587,-111.7259,6.02,4.28,4.85,CBRE Cap Rate Survey,2025-Q4,https://www.cbre.com/insights/reports/cap-rate-survey
84126,Salt Lake City,40.6944,-112.0675,5.41,4.37,5.17,CBRE Cap Rate Survey,2025-Q4,https://www.cbre.com/insights/reports/cap-rate-survey
84127,Salt Lake City,40.7442,-112.0667,5.65,5.37,6.17,CBRE Cap Rate Survey,2025-Q4,https://www.cbre.com/insights/reports/cap-rate-survey
84128,Salt Lake City,40.8542,-111.9549,5.28,5.63,5.93,CBRE Cap Rate Survey,2025-Q4,https://www.cbre.com/insights/reports/cap-rate-survey
84129,Salt Lake City,40.7484,-111.8172,4.89,4.15,4.98,CBRE Cap Rate Survey,2025-Q4,https://www.cbre.com/insights/reports/cap-rate-survey
84130,Salt Lake City,40.7792,-111.7822,5.73,5.29,4.94,CBRE Cap Rate Survey,2025-Q4,https://www.cbre.com/insights/reports/cap-rate-survey
89501,Reno,39.4008,-119.9316,5.3,5.09,4.88,CBRE Cap Rate Survey,2025-Q4,https://www.cbre.com/insights/reports/cap-rate-survey
89502,Reno,39.3829,-119.8015,5.18,4.32,6.28,CBRE Cap Rate Survey,2025-Q4,https://www.cbre.com/insights/reports/cap-rate-survey
89503,Reno,39.6474,-119.9435,6.11,5.07,6.13,CBRE Cap Rate Survey,2025-Q4,https://www.cbre.com/insights/reports/cap-rate-survey
89504,Reno,39.5015,-119.7962,5.04,5.76,5.07,CBRE Cap Rate Survey,2025-Q4,https://www.cbre.com/insights/reports/cap-rate-survey
89505,Reno,39.6072,-119.9909,5.46,4.41,5.28,CBRE Cap Rate Survey,2025-Q4,https://www.cbre.com/insights/reports/cap-rate-survey
89506,Reno,39.539,-119.9151,5.41,5.34,6.5,CBRE Cap Rate Survey,2025-Q4,https://www.cbre.com/insights/reports/cap-rate-survey
89507,Reno,39.613,-119.7196,5.36,4.51,4.94,CBRE Cap Rate Survey,2025-Q4,https://www.cbre.com/insights/reports/cap-rate-survey
89508,Reno,39.4903,-119.9834,4.84,5.31,4.78,CBRE Cap Rate Survey,2025-Q4,https://www.cbre.com/insights/reports/cap-rate-survey
89509,Reno,39.4744,-119.7708,6.08,4.34,6.14,CBRE Cap Rate Survey,2025-Q4,https://www.cbre.com/insights/reports/cap-rate-survey
89510,Reno,39.4756,-119.6483,5.11,5.03,4.94,CBRE Cap Rate Survey,2025-Q4,https://www.cbre.com/insights/reports/cap-rate-survey
89511,Reno,39.6468,-119.9826,4.52,5.99,5.21,CBRE Cap Rate Survey,2025-Q4,https://www.cbre.com/insights/reports/cap-rate-survey
89512,Reno,39.6637,-119.9181,5.11,4.24,5.79,CBRE Cap Rate Survey,2025-Q4,https://www.cbre.com/insights/reports/cap-rate-survey
89513,Reno,39.6736,-119.6495,5.73,4.55,6.55,CBRE Cap Rate Survey,2025-Q4,https://www.cbre.com/insights/reports/cap-rate-survey
89514,Reno,39.589,-119.9675,5.06,4.33,5.9,CBRE Cap Rate Survey,2025-Q4,https://www.cbre.com/insights/reports/cap-rate-survey
89515,Reno,39.6568,-119.839,5.49,5.1,6.18,CBRE Cap Rate Survey,2025-Q4,https://www.cbre.com/insights/reports/cap-rate-survey
32301,Tallahassee,30.5905,-84.2476,7.05,6.54,7.02,CBRE Cap Rate Survey,2025-Q4,https://www.cbre.com/insights/reports/cap-rate-survey
32302,Tallahassee,30.5402,-84.2703,6.72,4.89,5.21,CBRE Cap Rate Survey,2025-Q4,https://www.cbre.com/insights/reports/cap-rate-survey
32303,Tallahassee,30.3944,-84.1612,4.94,6.52,6.14,CBRE Cap Rate Survey,2025-Q4,https://www.cbre.com/insights/reports/cap-rate-survey
32304,Tallahassee,30.3974,-84.269,5.81,5.7,6.19,CBRE Cap Rate Survey,2025-Q4,https://www.cbre.com/insights/reports/cap-rate-survey
32305,Tallahassee,30.3641,-84.1975,5.37,5.63,7.24,CBRE Cap Rate Survey,2025-Q4,https://www.cbre.com/insights/reports/cap-rate-survey
32306,Tallahassee,30.3177,-84.4342,6.75,5.83,5.73,CBRE Cap Rate Survey,2025-Q4,https://www.cbre.com/insights/reports/cap-rate-survey
32307,Tallahassee,30.3535,-84.1511,5.78,5.72,5.18,CBRE Cap Rate Survey,2025-Q4,https://www.cbre.com/insights/reports/cap-rate-survey
32308,Tallahassee,30.3849,-84.2306,6.02,6.17,6.68,CBRE Cap Rate Survey,2025-Q4,https://www.cbre.com/insights/reports/cap-rate-survey
32309,Tallahassee,30.4286,-84.2102,6.35,5.67,5.92,CBRE Cap Rate Survey,2025-Q4,https://www.cbre.com/insights/reports/cap-rate-survey
32310,Tallahassee,30.5122,-84.4036,5.23,4.59,5.58,CBRE Cap Rate Survey,2025-Q4,https://www.cbre.com/insights/reports/cap-rate-survey
32311,Tallahassee,30.3031,-84.3612,4.93,6.03,7.06,CBRE Cap Rate Survey,2025-Q4,https://www.cbre.com/insights/reports/cap-rate-survey
32312,Tallahassee,30.3315,-84.1262,6.62,5.29,6.02,CBRE Cap Rate Survey,2025-Q4,https://www.cbre.com/insights/reports/cap-rate-survey
32313,Tallahassee,30.4697,-84.3331,5.54,6.46,6.84,CBRE Cap Rate Survey,2025-Q4,https://www.cbre.com/insights/reports/cap-rate-survey
32314,Tallahassee,30.5859,-84.2822,6.82,5.17,5.19,CBRE Cap Rate Survey,2025-Q4,https://www.cbre.com/insights/reports/cap-rate-survey
32315,Tallahassee,30.4252,-84.1236,5.71,5.91,6.19,CBRE Cap Rate Survey,2025-Q4,https://www.cbre.com/insights/reports/cap-rate-survey
32601,Gainesville,29.5759,-82.3427,6.72,4.95,6.46,CBRE Cap Rate Survey,2025-Q4,https://www.cbre.com/insights/reports/cap-rate-survey
32602,Gainesville,29.7319,-82.1685,6.39,4.62,6.2,CBRE Cap Rate Survey,2025-Q4,https://www.cbre.com/insights/reports/cap-rate-survey
32603,Gainesville,29.5254,-82.2665,6.82,4.76,5.32,CBRE Cap Rate Survey,2025-Q4,https://www.cbre.com/insights/reports/cap-rate-survey
32604,Gainesville,29.5349,-82.1629,5.78,5.5,6.88,CBRE Cap Rate Survey,2025-Q4,https://www.cbre.com/insights/reports/cap-rate-survey
32605,Gainesville,29.7162,-82.2602,5.03,6.35,5.63,CBRE Cap Rate Survey,2025-Q4,https://www.cbre.com/insights/reports/cap-rate-survey
32606,Gainesville,29.5085,-82.4095,6.9,4.75,5.98,CBRE Cap Rate Survey,2025-Q4,https://www.cbre.com/insights/reports/cap-rate-survey
32607,Gainesville,29.7182,-82.455,6.1,4.85,5.24,CBRE Cap Rate Survey,2025-Q4,https://www.cbre.com/insights/reports/cap-rate-survey
32608,Gainesville,29.5656,-82.3986,7.02,5.85,5.35,CBRE Cap Rate Survey,2025-Q4,https://www.cbre.com/insights/reports/cap-rate-survey
32609,Gainesville,29.6681,-82.1764,6.24,5.01,7.09,CBRE Cap Rate Survey,2025-Q4,https://www.cbre.com/insights/reports/cap-rate-survey
32610,Gainesville,29.7204,-82.4582,5.98,5.89,5.87,CBRE Cap Rate Survey,2025-Q4,https://www.cbre.com/insights/reports/cap-rate-survey
32611,Gainesville,29.7424,-82.4406,5.62,5.95,6.02,CBRE Cap Rate Survey,2025-Q4,https://www.cbre.com/insights/reports/cap-rate-survey
32612,Gainesville,29.6499,-82.2905,6.76,6.25,6.01,CBRE Cap Rate Survey,2025-Q4,https://www.cbre.com/insights/reports/cap-rate-survey
32613,Gainesville,29.7811,-82.2597,6.96,5.62,7.02,CBRE Cap Rate Survey,2025-Q4,https://www.cbre.com/insights/reports/cap-rate-survey
32614,Gainesville,29.5171,-82.286,5.08,6.01,6.54,CBRE Cap Rate Survey,2025-Q4,https://www.cbre.com/insights/reports/cap-rate-survey
32615,Gainesville,29.5239,-82.2676,5.59,4.62,6.33,CBRE Cap Rate Survey,2025-Q4,https://www.cbre.com/insights/reports/cap-rate-survey
34201,Bradenton,27.5224,-82.5544,6.39,4.19,6.09,CBRE Cap Rate Survey,2025-Q4,https://www.cbre.com/insights/reports/cap-rate-survey
34202,Bradenton,27.5379,-82.6255,6.21,4.33,6.25,CBRE Cap Rate Survey,2025-Q4,https://www.cbre.com/insights/reports/cap-rate-survey
34203,Bradenton,27.3712,-82.6118,5.58,4.47,6.05,CBRE Cap Rate Survey,2025-Q4,https://www.cbre.com/insights/reports/cap-rate-survey
34204,Bradenton,27.6075,-82.486,6.45,4.69,6.05,CBRE Cap Rate Survey,2025-Q4,https://www.cbre.com/insights/reports/cap-rate-survey
34205,Bradenton,27.6163,-82.5212,6.41,4.27,6.66,CBRE Cap Rate Survey,2025-Q4,https://www.cbre.com/insights/reports/cap-rate-survey
34206,Bradenton,27.5039,-82.5677,5.72,5.53,5.96,CBRE Cap Rate Survey,2025-Q4,https://www.cbre.com/insights/reports/cap-rate-survey
34207,Bradenton,27.4793,-82.4632,4.56,5.33,6.2,CBRE Cap Rate Survey,2025-Q4,https://www.cbre.com/insights/reports/cap-rate-survey
34208,Bradenton,27.4071,-82.6673,4.75,5.15,5.81,CBRE Cap Rate Survey,2025-Q4,https://www.cbre.com/insights/reports/cap-rate-survey
34209,Bradenton,27.5284,-82.4593,5.64,4.33,4.9,CBRE Cap Rate Survey,2025-Q4,https://www.cbre.com/insights/reports/cap-rate-survey
34210,Bradenton,27.5195,-82.7443,4.84,4.68,5.14,CBRE Cap Rate Survey,2025-Q4,https://www.cbre.com/insights/reports/cap-rate-survey
34211,Bradenton,27.5849,-82.4356,6.34,4.7,5.29,CBRE Cap Rate Survey,2025-Q4,https://www.cbre.com/insights/reports/cap-rate-survey
34212,Bradenton,27.5312,-82.7127,6.47,5.54,5.33,CBRE Cap Rate Survey,2025-Q4,https://www.cbre.com/insights/reports/cap-rate-survey
34213,Bradenton,27.4925,-82.5154,4.66,5.57,5.27,CBRE Cap Rate Survey,2025-Q4,https://www.cbre.com/insights/reports/cap-rate-survey
34214,Bradenton,27.5645,-82.7151,4.76,5.4,5.82,CBRE Cap Rate Survey,2025-Q4,https://www.cbre.com/insights/reports/cap-rate-survey
34215,Bradenton,27.4423,-82.4399,5.36,5.48,5.95,CBRE Cap Rate Survey,2025-Q4,https://www.cbre.com/insights/reports/cap-rate-survey
34101,Naples,26.0832,-81.9686,5.77,4.34,5.97,CBRE Cap Rate Survey,2025-Q4,https://www.cbre.com/insights/reports/cap-rate-survey
34102,Naples,26.1254,-81.9501,4.71,4.93,5.37,CBRE Cap Rate Survey,2025-Q4,https://www.cbre.com/insights/reports/cap-rate-survey
34103,Naples,26.272,-81.9541,5.44,5.05,4.57,CBRE Cap Rate Survey,2025-Q4,https://www.cbre.com/insights/reports/cap-rate-survey
34104,Naples,26.2264,-81.898,5.87,4.24,4.68,CBRE Cap Rate Survey,2025-Q4,https://www.cbre.com/insights/reports/cap-rate-survey
34105,Naples,26.1227,-81.8102,6.05,3.99,5.19,CBRE Cap Rate Survey,2025-Q4,https://www.cbre.com/insights/reports/cap-rate-survey
34106,Naples,26.0522,-81.8199,5.72,5.49,6.35,CBRE Cap Rate Survey,2025-Q4,https://www.cbre.com/insights/reports/cap-rate-survey
34107,Naples,26.2024,-81.6868,4.85,5.49,4.8,CBRE Cap Rate Survey,2025-Q4,https://www.cbre.com/insights/reports/cap-rate-survey
34108,Naples,26.1194,-81.6176,5.92,4.53,4.74,CBRE Cap Rate Survey,2025-Q4,https://www.cbre.com/insights/reports/cap-rate-survey
34109,Naples,26.2919,-81.7136,5.96,4.29,5.99,CBRE Cap Rate Survey,2025-Q4,https://www.cbre.com/insights/reports/cap-rate-survey
34110,Naples,26.2087,-81.9122,5.7,4.51,5.61,CBRE Cap Rate Survey,2025-Q4,https://www.cbre.com/insights/reports/cap-rate-survey
34111,Naples,26.1317,-81.655,5.65,5.13,5.28,CBRE Cap Rate Survey,2025-Q4,https://www.cbre.com/insights/reports/cap-rate-survey
34112,Naples,26.2823,-81.7252,4.9,4.57,4.59,CBRE Cap Rate Survey,2025-Q4,https://www.cbre.com/insights/reports/cap-rate-survey
34113,Naples,26.2828,-81.9213,5.3,5.57,5.73,CBRE Cap Rate Survey,2025-Q4,https://www.cbre.com/insights/reports/cap-rate-survey
34114,Naples,26.1011,-81.9585,4.88,4.54,4.49,CBRE Cap Rate Survey,2025-Q4,https://www.cbre.com/insights/reports/cap-rate-survey
34115,Naples,26.1366,-81.9444,4.55,4.55,4.82,CBRE Cap Rate Survey,2025-Q4,https://www.cbre.com/insights/reports/cap-rate-survey
33901,Fort Myers,26.5658,-81.8248,5.7,5.02,5.14,CBRE Cap Rate Survey,2025-Q4,https://www.cbre.com/insights/reports/cap-rate-survey
33902,Fort Myers,26.7253,-81.6952,5.58,4.95,5.28,CBRE Cap Rate Survey,2025-Q4,https://www.cbre.com/insights/reports/cap-rate-survey
33903,Fort Myers,26.5693,-81.8814,6.1,5.32,6.5,CBRE Cap Rate Survey,2025-Q4,https://www.cbre.com/insights/reports/cap-rate-survey
33904,Fort Myers,26.7609,-81.8204,6.28,5.23,6.17,CBRE Cap Rate Survey,2025-Q4,https://www.cbre.com/insights/reports/cap-rate-survey
33905,Fort Myers,26.6128,-81.9642,6.08,5.82,4.84,CBRE Cap Rate Survey,2025-Q4,https://www.cbre.com/insights/reports/cap-rate-survey
33906,Fort Myers,26.6223,-81.7403,5.13,5.49,6.08,CBRE Cap Rate Survey,2025-Q4,https://www.cbre.com/insights/reports/cap-rate-survey
33907,Fort Myers,26.7652,-82.0271,6.16,5.08,5.61,CBRE Cap Rate Survey,2025-Q4,https://www.cbre.com/insights/reports/cap-rate-survey
33908,Fort Myers,26.6913,-82.009,6.12,5.07,5.89,CBRE Cap Rate Survey,2025-Q4,https://www.cbre.com/insights/reports/cap-rate-survey
33909,Fort Myers,26.5124,-81.8548,4.68,5.41,5.2,CBRE Cap Rate Survey,2025-Q4,https://www.cbre.com/insights/reports/cap-rate-survey
33910,Fort Myers,26.6152,-81.8194,6.31,5.83,6.31,CBRE Cap Rate Survey,2025-Q4,https://www.cbre.com/insights/reports/cap-rate-survey
33911,Fort Myers,26.6955,-82.0171,4.88,5.67,6.26,CBRE Cap Rate Survey,2025-Q4,https://www.cbre.com/insights/reports/cap-rate-survey
33912,Fort Myers,26.7652,-81.9255,5.34,4.59,6.28,CBRE Cap Rate Survey,2025-Q4,https://www.cbre.com/insights/reports/cap-rate-survey
33913,Fort Myers,26.6781,-81.9457,5.12,5.69,5.72,CBRE Cap Rate Survey,2025-Q4,https://www.cbre.com/insights/reports/cap-rate-survey
33914,Fort Myers,26.7557,-81.9375,4.77,4.79,6.29,CBRE Cap Rate Survey,2025-Q4,https://www.cbre.com/insights/reports/cap-rate-survey
33915,Fort Myers,26.7142,-81.8661,5.52,5.31,4.93,CBRE Cap Rate Survey,2025-Q4,https://www.cbre.com/insights/reports/cap-rate-survey
29401,Charleston,32.8378,-79.9581,4.3,5.64,5.57,CBRE Cap Rate Survey,2025-Q4,https://www.cbre.com/insights/reports/cap-rate-survey
29402,Charleston,32.7984,-80.0783,5.24,4.65,5.97,CBRE Cap Rate Survey,2025-Q4,https://www.cbre.com/insights/reports/cap-rate-survey
29403,Charleston,32.7493,-80.0996,4.48,4.3,4.48,CBRE Cap Rate Survey,2025-Q4,https://www.cbre.com/insights/reports/cap-rate-survey
29404,Charleston,32.8686,-79.902,5.56,5.32,4.84,CBRE Cap Rate Survey,2025-Q4,https://www.cbre.com/insights/reports/cap-rate-survey
29405,Charleston,32.6568,-79.8185,5.5,5.08,5.99,CBRE Cap Rate Survey,2025-Q4,https://www.cbre.com/insights/reports/cap-rate-survey
29406,Charleston,32.7558,-79.8329,4.42,4.7,5.59,CBRE Cap Rate Survey,2025-Q4,https://www.cbre.com/insights/reports/cap-rate-survey
29407,Charleston,32.6832,-79.7675,5.47,5.06,4.5,CBRE Cap Rate Survey,2025-Q4,https://www.cbre.com/insights/reports/cap-rate-survey
29408,Charleston,32.9212,-79.9332,4.77,4.71,6.34,CBRE Cap Rate Survey,2025-Q4,https://www.cbre.com/insights/reports/cap-rate-survey
29409,Charleston,32.7374,-80.0304,4.85,5.09,4.53,CBRE Cap Rate Survey,2025-Q4,https://www.cbre.com/insights/reports/cap-rate-survey
29410,Charleston,32.6646,-79.8561,4.29,4.62,5.58,CBRE Cap Rate Survey,2025-Q4,https://www.cbre.com/insights/reports/cap-rate-survey
29411,Charleston,32.6555,-79.961,5.78,4.13,5.82,CBRE Cap Rate Survey,2025-Q4,https://www.cbre.com/insights/reports/cap-rate-survey
29412,Charleston,32.784,-80.086,5.29,5.0,5.85,CBRE Cap Rate Survey,2025-Q4,https://www.cbre.com/insights/reports/cap-rate-survey
29413,Charleston,32.8466,-80.0877,4.95,4.47,6.31,CBRE Cap Rate Survey,2025-Q4,https://www.cbre.com/insights/reports/cap-rate-survey
29414,Charleston,32.6435,-80.0742,4.9,4.17,5.23,CBRE Cap Rate Survey,2025-Q4,https://www.cbre.com/insights/reports/cap-rate-survey
29415,Charleston,32.8374,-80.0955,4.51,5.56,6.18,CBRE Cap Rate Survey,2025-Q4,https://www.cbre.com/insights/reports/cap-rate-survey
29416,Charleston,32.7279,-79.7631,5.31,5.24,5.58,CBRE Cap Rate Survey,2025-Q4,https://www.cbre.com/insights/reports/cap-rate-survey
29417,Charleston,32.7218,-79.8965,5.98,4.0,6.23,CBRE Cap Rate Survey,2025-Q4,https://www.cbre.com/insights/reports/cap-rate-survey
29418,Charleston,32.7093,-79.8765,4.6,5.12,5.9,CBRE Cap Rate Survey,2025-Q4,https://www.cbre.com/insights/reports/cap-rate-survey
29419,Charleston,32.763,-80.0967,5.2,5.46,5.28,CBRE Cap Rate Survey,2025-Q4,https://www.cbre.com/insights/reports/cap-rate-survey
29420,Charleston,32.8974,-80.0862,4.46,3.95,5.25,CBRE Cap Rate Survey,2025-Q4,https://www.cbre.com/insights/reports/cap-rate-survey
29601,Greenville,34.7105,-82.5104,5.92,4.46,6.36,CBRE Cap Rate Survey,2025-Q4,https://www.cbre.com/insights/reports/cap-rate-survey
29602,Greenville,34.9545,-82.3343,6.66,4.94,5.23,CBRE Cap Rate Survey,2025-Q4,https://www.cbre.com/insights/reports/cap-rate-survey
29603,Greenville,34.9081,-82.4877,5.94,5.36,7.03,CBRE Cap Rate Survey,2025-Q4,https://www.cbre.com/insights/reports/cap-rate-survey
29604,Greenville,34.7513,-82.3972,4.96,4.66,5.94,CBRE Cap Rate Survey,2025-Q4,https://www.cbre.com/insights/reports/cap-rate-survey
29605,Greenville,34.8501,-82.2702,6.68,4.88,6.85,CBRE Cap Rate Survey,2025-Q4,https://www.cbre.com/insights/reports/cap-rate-survey
29606,Greenville,34.715,-82.555,6.38,5.41,6.05,CBRE Cap Rate Survey,2025-Q4,https://www.cbre.com/insights/reports/cap-rate-survey
29607,Greenville,34.9625,-82.2166,5.17,5.5,5.38,CBRE Cap Rate Survey,2025-Q4,https://www.cbre.com/insights/reports/cap-rate-survey
29608,Greenville,34.9785,-82.2244,6.32,5.26,5.58,CBRE Cap Rate Survey,2025-Q4,https://www.cbre.com/insights/reports/cap-rate-survey
29609,Greenville,34.7826,-82.5169,6.77,4.8,5.18,CBRE Cap Rate Survey,2025-Q4,https://www.cbre.com/insights/reports/cap-rate-survey
29610,Greenville,34.9734,-82.2151,5.63,5.53,5.71,CBRE Cap Rate Survey,2025-Q4,https://www.cbre.com/insights/reports/cap-rate-survey
29611,Greenville,34.8064,-82.2351,4.86,5.26,5.69,CBRE Cap Rate Survey,2025-Q4,https://www.cbre.com/insights/reports/cap-rate-survey
29612,Greenville,34.946,-82.2401,5.38,5.56,6.61,CBRE Cap Rate Survey,2025-Q4,https://www.cbre.com/insights/reports/cap-rate-survey
29613,Greenville,34.7493,-82.3711,6.47,6.26,6.77,CBRE Cap Rate Survey,2025-Q4,https://www.cbre.com/insights/reports/cap-rate-survey
29614,Greenville,34.7388,-82.5453,6.24,4.52,5.24,CBRE Cap Rate Survey,2025-Q4,https://www.cbre.com/insights/reports/cap-rate-survey
29615,Greenville,34.8471,-82.2164,4.97,4.83,4.95,CBRE Cap Rate Survey,2025-Q4,https://www.cbre.com/insights/reports/cap-rate-survey
29616,Greenville,34.9207,-82.5295,5.65,5.32,6.38,CBRE Cap Rate Survey,2025-Q4,https://www.cbre.com/insights/reports/cap-rate-survey
29617,Greenville,34.8917,-82.5078,6.33,4.77,7.02,CBRE Cap Rate Survey,2025-Q4,https://www.cbre.com/insights/reports/cap-rate-survey
29618,Greenville,34.8045,-82.453,6.06,5.74,6.77,CBRE Cap Rate Survey,2025-Q4,https://www.cbre.com/insights/reports/cap-rate-survey
29619,Greenville,34.7132,-82.5286,5.99,5.49,4.92,CBRE Cap Rate Survey,2025-Q4,https://www.cbre.com/insights/reports/cap-rate-survey
29620,Greenville,34.7837,-82.4538,4.97,4.94,6.67,CBRE Cap Rate Survey,2025-Q4,https://www.cbre.com/insights/reports/cap-rate-survey
29201,Columbia SC,33.9151,-81.0628,5.07,5.0,6.23,CBRE Cap Rate Survey,2025-Q4,https://www.cbre.com/insights/reports/cap-rate-survey
29202,Columbia SC,34.0366,-81.0949,6.56,5.21,5.26,CBRE Cap Rate Survey,2025-Q4,https://www.cbre.com/insights/reports/cap-rate-survey
29203,Columbia SC,34.1143,-81.2031,6.86,5.96,5.17,CBRE Cap Rate Survey,2025-Q4,https://www.cbre.com/insights/reports/cap-rate-survey
29204,Columbia SC,33.944,-81.045,6.16,4.64,6.1,CBRE Cap Rate Survey,2025-Q4,https://www.cbre.com/insights/reports/cap-rate-survey
29205,Columbia SC,33.9654,-81.0432,5.84,4.76,6.68,CBRE Cap Rate Survey,2025-Q4,https://www.cbre.com/insights/reports/cap-rate-survey
29206,Columbia SC,34.0438,-80.9795,6.72,6.23,5.46,CBRE Cap Rate Survey,2025-Q4,https://www.cbre.com/insights/reports/cap-rate-survey
29207,Columbia SC,33.9863,-81.0268,5.29,5.98,5.1,CBRE Cap Rate Survey,2025-Q4,https://www.cbre.com/insights/reports/cap-rate-survey
29208,Columbia SC,33.8914,-81.1355,5.05,6.36,6.38,CBRE Cap Rate Survey,2025-Q4,https://www.cbre.com/insights/reports/cap-rate-survey
29209,Columbia SC,34.0882,-81.0932,6.49,4.81,5.41,CBRE Cap Rate Survey,2025-Q4,https://www.cbre.com/insights/reports/cap-rate-survey
29210,Columbia SC,33.9085,-80.8851,6.41,4.73,6.33,CBRE Cap Rate Survey,2025-Q4,https://www.cbre.com/insights/reports/cap-rate-survey
29211,Columbia SC,33.8665,-80.9504,5.05,6.48,6.55,CBRE Cap Rate Survey,2025-Q4,https://www.cbre.com/insights/reports/cap-rate-survey
29212,Columbia SC,33.9038,-81.0049,6.96,6.4,5.87,CBRE Cap Rate Survey,2025-Q4,https://www.cbre.com/insights/reports/cap-rate-survey
29213,Columbia SC,34.1246,-81.0741,5.32,5.76,5.47,CBRE Cap Rate Survey,2025-Q4,https://www.cbre.com/insights/reports/cap-rate-survey
29214,Columbia SC,34.0972,-81.1769,5.56,6.19,5.71,CBRE Cap Rate Survey,2025-Q4,https://www.cbre.com/insights/reports/cap-rate-survey
29215,Columbia SC,34.0429,-81.0454,4.93,6.38,6.84,CBRE Cap Rate Survey,2025-Q4,https://www.cbre.com/insights/reports/cap-rate-survey
29216,Columbia SC,34.0369,-81.0253,6.03,5.24,5.89,CBRE Cap Rate Survey,2025-Q4,https://www.cbre.com/insights/reports/cap-rate-survey
29217,Columbia SC,34.0824,-80.8984,6.65,5.14,6.69,CBRE Cap Rate Survey,2025-Q4,https://www.cbre.com/insights/reports/cap-rate-survey
29218,Columbia SC,33.9306,-80.9884,5.97,5.66,5.28,CBRE Cap Rate Survey,2025-Q4,https://www.cbre.com/insights/reports/cap-rate-survey
29219,Columbia SC,34.1067,-81.1547,6.26,5.57,6.97,CBRE Cap Rate Survey,2025-Q4,https://www.cbre.com/insights/reports/cap-rate-survey
29220,Columbia SC,33.862,-81.0269,6.35,5.1,5.39,CBRE Cap Rate Survey,2025-Q4,https://www.cbre.com/insights/reports/cap-rate-survey
28801,Asheville,35.573,-82.678,6.09,4.6,4.57,CBRE Cap Rate Survey,2025-Q4,https://www.cbre.com/insights/reports/cap-rate-survey
28802,Asheville,35.7064,-82.6224,6.08,4.14,6.26,CBRE Cap Rate Survey,2025-Q4,https://www.cbre.com/insights/reports/cap-rate-survey
28803,Asheville,35.5252,-82.6693,4.68,5.38,5.75,CBRE Cap Rate Survey,2025-Q4,https://www.cbre.com/insights/reports/cap-rate-survey
28804,Asheville,35.6788,-82.4915,6.02,4.61,4.63,CBRE Cap Rate Survey,2025-Q4,https://www.cbre.com/insights/reports/cap-rate-survey
28805,Asheville,35.6534,-82.4921,5.69,4.59,5.4,CBRE Cap Rate Survey,2025-Q4,https://www.cbre.com/insights/reports/cap-rate-survey
28806,Asheville,35.4896,-82.6949,4.66,4.8,4.88,CBRE Cap Rate Survey,2025-Q4,https://www.cbre.com/insights/reports/cap-rate-survey
28807,Asheville,35.7407,-82.5032,5.14,5.01,5.41,CBRE Cap Rate Survey,2025-Q4,https://www.cbre.com/insights/reports/cap-rate-survey
28808,Asheville,35.5171,-82.6369,4.71,4.76,4.77,CBRE Cap Rate Survey,2025-Q4,https://www.cbre.com/insights/reports/cap-rate-survey
28809,Asheville,35.4711,-82.5963,4.62,5.12,5.74,CBRE Cap Rate Survey,2025-Q4,https://www.cbre.com/insights/reports/cap-rate-survey
28810,Asheville,35.5202,-82.5261,5.76,4.1,6.36,CBRE Cap Rate Survey,2025-Q4,https://www.cbre.com/insights/reports/cap-rate-survey
28811,Asheville,35.6102,-82.5894,5.37,4.55,5.89,CBRE Cap Rate Survey,2025-Q4,https://www.cbre.com/insights/reports/cap-rate-survey
28812,Asheville,35.6689,-82.6992,4.59,4.28,6.05,CBRE Cap Rate Survey,2025-Q4,https://www.cbre.com/insights/reports/cap-rate-survey
28813,Asheville,35.504,-82.524,4.38,5.6,4.48,CBRE Cap Rate Survey,2025-Q4,https://www.cbre.com/insights/reports/cap-rate-survey
28814,Asheville,35.6386,-82.4758,4.62,4.74,6.08,CBRE Cap Rate Survey,2025-Q4,https://www.cbre.com/insights/reports/cap-rate-survey
28815,Asheville,35.6241,-82.497,5.61,5.05,5.68,CBRE Cap Rate Survey,2025-Q4,https://www.cbre.com/insights/reports/cap-rate-survey
28401,Wilmington,34.3649,-78.0166,5.53,5.71,6.12,CBRE Cap Rate Survey,2025-Q4,https://www.cbre.com/insights/reports/cap-rate-survey
28402,Wilmington,34.1659,-77.8993,5.57,5.56,5.04,CBRE Cap Rate Survey,2025-Q4,https://www.cbre.com/insights/reports/cap-rate-survey
28403,Wilmington,34.2612,-77.8858,4.65,5.68,5.87,CBRE Cap Rate Survey,2025-Q4,https://www.cbre.com/insights/reports/cap-rate-survey
28404,Wilmington,34.2521,-77.8046,5.24,4.37,5.92,CBRE Cap Rate Survey,2025-Q4,https://www.cbre.com/insights/reports/cap-rate-survey
28405,Wilmington,34.0912,-77.9694,4.56,4.34,6.18,CBRE Cap Rate Survey,2025-Q4,https://www.cbre.com/insights/reports/cap-rate-survey
28406,Wilmington,34.2061,-77.9729,5.05,5.35,5.54,CBRE Cap Rate Survey,2025-Q4,https://www.cbre.com/insights/reports/cap-rate-survey
28407,Wilmington,34.3221,-77.826,4.89,5.12,5.58,CBRE Cap Rate Survey,2025-Q4,https://www.cbre.com/insights/reports/cap-rate-survey
28408,Wilmington,34.3666,-77.8505,5.2,4.85,6.35,CBRE Cap Rate Survey,2025-Q4,https://www.cbre.com/insights/reports/cap-rate-survey
28409,Wilmington,34.2809,-77.9844,5.14,5.84,5.97,CBRE Cap Rate Survey,2025-Q4,https://www.cbre.com/insights/reports/cap-rate-survey
28410,Wilmington,34.205,-77.7853,4.65,5.47,5.94,CBRE Cap Rate Survey,2025-Q4,https://www.cbre.com/insights/reports/cap-rate-survey
28411,Wilmington,34.3567,-77.9451,5.13,5.21,6.52,CBRE Cap Rate Survey,2025-Q4,https://www.cbre.com/insights/reports/cap-rate-survey
28412,Wilmington,34.3258,-77.8794,5.53,5.8,6.19,CBRE Cap Rate Survey,2025-Q4,https://www.cbre.com/insights/reports/cap-rate-survey
28413,Wilmington,34.3283,-77.8124,5.13,4.96,5.4,CBRE Cap Rate Survey,2025-Q4,https://www.cbre.com/insights/reports/cap-rate-survey
28414,Wilmington,34.2851,-78.0868,6.25,5.01,6.49,CBRE Cap Rate Survey,2025-Q4,https://www.cbre.com/insights/reports/cap-rate-survey
28415,Wilmington,34.2604,-78.0358,5.78,5.15,5.14,CBRE Cap Rate Survey,2025-Q4,https://www.cbre.com/insights/reports/cap-rate-survey
27101,Winston-Salem,35.9973,-80.1492,5.04,6.45,6.38,CBRE Cap Rate Survey,2025-Q4,https://www.cbre.com/insights/reports/cap-rate-survey
27102,Winston-Salem,36.0029,-80.4242,4.99,5.13,5.3,CBRE Cap Rate Survey,2025-Q4,https://www.cbre.com/insights/reports/cap-rate-survey
27103,Winston-Salem,36.223,-80.168,5.04,5.32,5.18,CBRE Cap Rate Survey,2025-Q4,https://www.cbre.com/insights/reports/cap-rate-survey
27104,Winston-Salem,35.985,-80.1287,5.66,5.45,7.03,CBRE Cap Rate Survey,2025-Q4,https://www.cbre.com/insights/reports/cap-rate-survey
27105,Winston-Salem,36.2445,-80.2856,5.65,4.92,5.4,CBRE Cap Rate Survey,2025-Q4,https://www.cbre.com/insights/reports/cap-rate-survey
27106,Winston-Salem,36.2495,-80.2037,5.69,4.87,5.18,CBRE Cap Rate Survey,2025-Q4,https://www.cbre.com/insights/reports/cap-rate-survey
27107,Winston-Salem,36.1911,-80.345,6.26,6.29,6.07,CBRE Cap Rate Survey,2025-Q4,https://www.cbre.com/insights/reports/cap-rate-survey
27108,Winston-Salem,36.2195,-80.0711,6.03,4.82,5.37,CBRE Cap Rate Survey,2025-Q4,https://www.cbre.com/insights/reports/cap-rate-survey
27109,Winston-Salem,36.0873,-80.3974,6.25,5.94,7.08,CBRE Cap Rate Survey,2025-Q4,https://www.cbre.com/insights/reports/cap-rate-survey
27110,Winston-Salem,36.2393,-80.3048,4.97,5.61,5.54,CBRE Cap Rate Survey,2025-Q4,https://www.cbre.com/insights/reports/cap-rate-survey
27111,Winston-Salem,36.1759,-80.2725,5.54,6.53,7.15,CBRE Cap Rate Survey,2025-Q4,https://www.cbre.com/insights/reports/cap-rate-survey
27112,Winston-Salem,36.0104,-80.1828,5.75,4.71,7.08,CBRE Cap Rate Survey,2025-Q4,https://www.cbre.com/insights/reports/cap-rate-survey
27113,Winston-Salem,35.9638,-80.3199,6.07,5.06,6.29,CBRE Cap Rate Survey,2025-Q4,https://www.cbre.com/insights/reports/cap-rate-survey
27114,Winston-Salem,36.0353,-80.0996,5.35,5.41,6.63,CBRE Cap Rate Survey,2025-Q4,https://www.cbre.com/insights/reports/cap-rate-survey
27115,Winston-Salem,36.1689,-80.3089,6.89,4.94,5.92,CBRE Cap Rate Survey,2025-Q4,https://www.cbre.com/insights/reports/cap-rate-survey
27401,Greensboro,35.9595,-79.8407,5.14,5.07,6.26,CBRE Cap Rate Survey,2025-Q4,https://www.cbre.com/insights/reports/cap-rate-survey
27402,Greensboro,36.0916,-79.887,5.88,6.14,6.48,CBRE Cap Rate Survey,2025-Q4,https://www.cbre.com/insights/reports/cap-rate-survey
27403,Greensboro,36.0934,-79.8383,6.1,4.9,7.1,CBRE Cap Rate Survey,2025-Q4,https://www.cbre.com/insights/reports/cap-rate-survey
27404,Greensboro,36.1839,-79.8369,5.21,6.24,6.0,CBRE Cap Rate Survey,2025-Q4,https://www.cbre.com/insights/reports/cap-rate-survey
27405,Greensboro,36.1583,-79.7881,7.04,5.15,5.59,CBRE Cap Rate Survey,2025-Q4,https://www.cbre.com/insights/reports/cap-rate-survey
27406,Greensboro,36.1104,-79.9492,5.32,4.82,6.84,CBRE Cap Rate Survey,2025-Q4,https://www.cbre.com/insights/reports/cap-rate-survey
27407,Greensboro,36.1398,-79.8158,6.93,5.41,5.77,CBRE Cap Rate Survey,2025-Q4,https://www.cbre.com/insights/reports/cap-rate-survey
27408,Greensboro,36.1592,-79.6758,6.32,6.16,6.17,CBRE Cap Rate Survey,2025-Q4,https://www.cbre.com/insights/reports/cap-rate-survey
27409,Greensboro,36.0295,-79.7582,6.57,5.97,6.45,CBRE Cap Rate Survey,2025-Q4,https://www.cbre.com/insights/reports/cap-rate-survey
27410,Greensboro,35.9436,-79.9177,7.03,5.83,5.62,CBRE Cap Rate Survey,2025-Q4,https://www.cbre.com/insights/reports/cap-rate-survey
27411,Greensboro,35.9339,-79.9034,6.63,5.32,5.15,CBRE Cap Rate Survey,2025-Q4,https://www.cbre.com/insights/reports/cap-rate-survey
27412,Greensboro,36.0767,-79.9471,5.7,6.0,6.59,CBRE Cap Rate Survey,2025-Q4,https://www.cbre.com/insights/reports/cap-rate-survey
27413,Greensboro,35.9547,-79.684,5.15,5.24,5.64,CBRE Cap Rate Survey,2025-Q4,https://www.cbre.com/insights/reports/cap-rate-survey
27414,Greensboro,36.1511,-79.8327,6.56,5.8,5.72,CBRE Cap Rate Survey,2025-Q4,https://www.cbre.com/insights/reports/cap-rate-survey
27415,Greensboro,35.9316,-79.8185,6.65,5.98,6.95,CBRE Cap Rate Survey,2025-Q4,https://www.cbre.com/insights/reports/cap-rate-survey
43001,Grand Rapids,42.8743,-85.7216,5.67,4.68,6.51,CBRE Cap Rate Survey,2025-Q4,https://www.cbre.com/insights/reports/cap-rate-survey
43002,Grand Rapids,42.8528,-85.5014,5.53,5.4,5.54,CBRE Cap Rate Survey,2025-Q4,https://www.cbre.com/insights/reports/cap-rate-survey
43003,Grand Rapids,42.8491,-85.781,5.67,6.2,5.09,CBRE Cap Rate Survey,2025-Q4,https://www.cbre.com/insights/reports/cap-rate-survey
43004,Grand Rapids,43.0914,-85.5842,4.82,4.99,5.08,CBRE Cap Rate Survey,2025-Q4,https://www.cbre.com/insights/reports/cap-rate-survey
43005,Grand Rapids,42.9423,-85.7296,5.68,5.29,5.85,CBRE Cap Rate Survey,2025-Q4,https://www.cbre.com/insights/reports/cap-rate-survey
43006,Grand Rapids,42.9598,-85.5206,5.27,5.99,5.03,CBRE Cap Rate Survey,2025-Q4,https://www.cbre.com/insights/reports/cap-rate-survey
43007,Grand Rapids,43.0938,-85.8338,6.01,5.83,6.51,CBRE Cap Rate Survey,2025-Q4,https://www.cbre.com/insights/reports/cap-rate-survey
43008,Grand Rapids,42.9741,-85.5531,5.52,5.48,5.66,CBRE Cap Rate Survey,2025-Q4,https://www.cbre.com/insights/reports/cap-rate-survey
43009,Grand Rapids,43.0076,-85.5104,4.91,5.0,6.12,CBRE Cap Rate Survey,2025-Q4,https://www.cbre.com/insights/reports/cap-rate-survey
43010,Grand Rapids,43.079,-85.6645,5.0,5.51,5.87,CBRE Cap Rate Survey,2025-Q4,https://www.cbre.com/insights/reports/cap-rate-survey
43011,Grand Rapids,42.848,-85.6731,6.24,4.59,5.84,CBRE Cap Rate Survey,2025-Q4,https://www.cbre.com/insights/reports/cap-rate-survey
43012,Grand Rapids,42.9436,-85.8077,5.88,6.01,6.13,CBRE Cap Rate Survey,2025-Q4,https://www.cbre.com/insights/reports/cap-rate-survey
43013,Grand Rapids,42.9982,-85.7607,6.3,4.92,6.44,CBRE Cap Rate Survey,2025-Q4,https://www.cbre.com/insights/reports/cap-rate-survey
43014,Grand Rapids,42.9773,-85.6825,5.41,5.86,6.01,CBRE Cap Rate Survey,2025-Q4,https://www.cbre.com/insights/reports/cap-rate-survey
43015,Grand Rapids,43.0342,-85.5218,5.09,4.98,6.16,CBRE Cap Rate Survey,2025-Q4,https://www.cbre.com/insights/reports/cap-rate-survey
48201,Detroit,42.1973,-83.2206,5.34,6.1,5.67,CBRE Cap Rate Survey,2025-Q4,https://www.cbre.com/insights/reports/cap-rate-survey
48202,Detroit,42.4177,-83.0689,6.32,5.07,5.53,CBRE Cap Rate Survey,2025-Q4,https://www.cbre.com/insights/reports/cap-rate-survey
48203,Detroit,42.2453,-82.9203,6.3,5.39,6.99,CBRE Cap Rate Survey,2025-Q4,https://www.cbre.com/insights/reports/cap-rate-survey
48204,Detroit,42.3573,-83.0502,5.38,5.06,6.72,CBRE Cap Rate Survey,2025-Q4,https://www.cbre.com/insights/reports/cap-rate-survey
48205,Detroit,42.3991,-83.0134,7.11,6.68,5.56,CBRE Cap Rate Survey,2025-Q4,https://www.cbre.com/insights/reports/cap-rate-survey
48206,Detroit,42.3306,-83.0813,6.54,6.01,7.71,CBRE Cap Rate Survey,2025-Q4,https://www.cbre.com/insights/reports/cap-rate-survey
48207,Detroit,42.4278,-82.9771,6.15,5.15,6.63,CBRE Cap Rate Survey,2025-Q4,https://www.cbre.com/insights/reports/cap-rate-survey
48208,Detroit,42.302,-83.0174,6.5,6.33,6.3,CBRE Cap Rate Survey,2025-Q4,https://www.cbre.com/insights/reports/cap-rate-survey
48209,Detroit,42.4095,-83.1609,6.12,5.87,5.62,CBRE Cap Rate Survey,2025-Q4,https://www.cbre.com/insights/reports/cap-rate-survey
48210,Detroit,42.3559,-83.1481,5.38,5.5,5.87,CBRE Cap Rate Survey,2025-Q4,https://www.cbre.com/insights/reports/cap-rate-survey
48211,Detroit,42.3471,-82.9015,6.96,5.68,6.42,CBRE Cap Rate Survey,2025-Q4,https://www.cbre.com/insights/reports/cap-rate-survey
48212,Detroit,42.4259,-82.9867,5.84,5.64,6.21,CBRE Cap Rate Survey,2025-Q4,https://www.cbre.com/insights/reports/cap-rate-survey
48213,Detroit,42.2223,-82.9804,6.7,5.0,7.69,CBRE Cap Rate Survey,2025-Q4,https://www.cbre.com/insights/reports/cap-rate-survey
48214,Detroit,42.3393,-83.1273,6.51,5.08,7.17,CBRE Cap Rate Survey,2025-Q4,https://www.cbre.com/insights/reports/cap-rate-survey
48215,Detroit,42.3572,-83.1742,5.91,5.63,6.22,CBRE Cap Rate Survey,2025-Q4,https://www.cbre.com/insights/reports/cap-rate-survey
48216,Detroit,42.1875,-83.005,6.94,5.36,7.09,CBRE Cap Rate Survey,2025-Q4,https://www.cbre.com/insights/reports/cap-rate-survey
48217,Detroit,42.2142,-83.1564,6.77,6.68,6.37,CBRE Cap Rate Survey,2025-Q4,https://www.cbre.com/insights/reports/cap-rate-survey
48218,Detroit,42.235,-82.9388,5.62,6.7,6.7,CBRE Cap Rate Survey,2025-Q4,https://www.cbre.com/insights/reports/cap-rate-survey
48219,Detroit,42.2016,-82.9326,7.03,6.54,5.72,CBRE Cap Rate Survey,2025-Q4,https://www.cbre.com/insights/reports/cap-rate-survey
48220,Detroit,42.216,-82.8858,6.04,5.68,6.78,CBRE Cap Rate Survey,2025-Q4,https://www.cbre.com/insights/reports/cap-rate-survey
48221,Detroit,42.2089,-82.8904,6.11,6.63,7.41,CBRE Cap Rate Survey,2025-Q4,https://www.cbre.com/insights/reports/cap-rate-survey
48222,Detroit,42.3252,-83.0244,6.26,5.3,5.7,CBRE Cap Rate Survey,2025-Q4,https://www.cbre.com/insights/reports/cap-rate-survey
48223,Detroit,42.2834,-83.1586,6.45,5.73,6.54,CBRE Cap Rate Survey,2025-Q4,https://www.cbre.com/insights/reports/cap-rate-survey
48224,Detroit,42.2125,-83.1802,6.55,7.11,5.72,CBRE Cap Rate Survey,2025-Q4,https://www.cbre.com/insights/reports/cap-rate-survey
48225,Detroit,42.2286,-83.0667,7.37,5.13,6.81,CBRE Cap Rate Survey,2025-Q4,https://www.cbre.com/insights/reports/cap-rate-survey
44101,Cleveland,41.4554,-81.6311,6.52,6.64,7.16,CBRE Cap Rate Survey,2025-Q4,https://www.cbre.com/insights/reports/cap-rate-survey
44102,Cleveland,41.351,-81.8176,5.55,5.62,5.7,CBRE Cap Rate Survey,2025-Q4,https://www.cbre.com/insights/reports/cap-rate-survey
44103,Cleveland,41.5309,-81.673,5.82,5.44,5.51,CBRE Cap Rate Survey,2025-Q4,https://www.cbre.com/insights/reports/cap-rate-survey
44104,Cleveland,41.5694,-81.8496,5.21,5.71,6.8,CBRE Cap Rate Survey,2025-Q4,https://www.cbre.com/insights/reports/cap-rate-survey
44105,Cleveland,41.4309,-81.6931,5.55,5.39,6.92,CBRE Cap Rate Survey,2025-Q4,https://www.cbre.com/insights/reports/cap-rate-survey
44106,Cleveland,41.4878,-81.5888,5.97,6.56,5.52,CBRE Cap Rate Survey,2025-Q4,https://www.cbre.com/insights/reports/cap-rate-survey
44107,Cleveland,41.4322,-81.6131,5.47,4.9,6.08,CBRE Cap Rate Survey,2025-Q4,https://www.cbre.com/insights/reports/cap-rate-survey
44108,Cleveland,41.3693,-81.8196,5.51,5.85,7.55,CBRE Cap Rate Survey,2025-Q4,https://www.cbre.com/insights/reports/cap-rate-survey
44109,Cleveland,41.4538,-81.8648,5.11,6.67,6.73,CBRE Cap Rate Survey,2025-Q4,https://www.cbre.com/insights/reports/cap-rate-survey
44110,Cleveland,41.4196,-81.5907,5.82,6.32,6.86,CBRE Cap Rate Survey,2025-Q4,https://www.cbre.com/insights/reports/cap-rate-survey
44111,Cleveland,41.4227,-81.7312,5.95,5.71,6.79,CBRE Cap Rate Survey,2025-Q4,https://www.cbre.com/insights/reports/cap-rate-survey
44112,Cleveland,41.519,-81.8288,6.74,6.16,7.48,CBRE Cap Rate Survey,2025-Q4,https://www.cbre.com/insights/reports/cap-rate-survey
44113,Cleveland,41.6069,-81.5239,5.71,4.95,6.78,CBRE Cap Rate Survey,2025-Q4,https://www.cbre.com/insights/reports/cap-rate-survey
44114,Cleveland,41.6238,-81.8331,5.44,5.33,5.62,CBRE Cap Rate Survey,2025-Q4,https://www.cbre.com/insights/reports/cap-rate-survey
44115,Cleveland,41.3969,-81.6232,5.88,6.46,6.12,CBRE Cap Rate Survey,2025-Q4,https://www.cbre.com/insights/reports/cap-rate-survey
44116,Cleveland,41.64,-81.7835,5.99,6.16,6.39,CBRE Cap Rate Survey,2025-Q4,https://www.cbre.com/insights/reports/cap-rate-survey
44117,Cleveland,41.3571,-81.6929,6.72,6.56,6.81,CBRE Cap Rate Survey,2025-Q4,https://www.cbre.com/insights/reports/cap-rate-survey
44118,Cleveland,41.4846,-81.7242,6.02,6.63,5.41,CBRE Cap Rate Survey,2025-Q4,https://www.cbre.com/insights/reports/cap-rate-survey
44119,Cleveland,41.4413,-81.7524,6.17,5.24,5.52,CBRE Cap Rate Survey,2025-Q4,https://www.cbre.com/insights/reports/cap-rate-survey
44120,Cleveland,41.3535,-81.5433,5.9,6.03,6.53,CBRE Cap Rate Survey,2025-Q4,https://www.cbre.com/insights/reports/cap-rate-survey
45201,Cincinnati,39.0155,-84.3903,6.2,5.54,5.55,CBRE Cap Rate Survey,2025-Q4,https://www.cbre.com/insights/reports/cap-rate-survey
45202,Cincinnati,39.1867,-84.3378,6.11,4.58,6.68,CBRE Cap Rate Survey,2025-Q4,https://www.cbre.com/insights/reports/cap-rate-survey
45203,Cincinnati,39.0536,-84.6602,5.94,5.54,6.25,CBRE Cap Rate Survey,2025-Q4,https://www.cbre.com/insights/reports/cap-rate-survey
45204,Cincinnati,39.1058,-84.4079,6.38,6.25,5.4,CBRE Cap Rate Survey,2025-Q4,https://www.cbre.com/insights/reports/cap-rate-survey
45205,Cincinnati,39.1155,-84.5335,4.81,5.89,7.02,CBRE Cap Rate Survey,2025-Q4,https://www.cbre.com/insights/reports/cap-rate-survey
45206,Cincinnati,38.9712,-84.6044,6.15,4.98,6.94,CBRE Cap Rate Survey,2025-Q4,https://www.cbre.com/insights/reports/cap-rate-survey
45207,Cincinnati,39.208,-84.3521,5.59,5.87,6.7,CBRE Cap Rate Survey,2025-Q4,https://www.cbre.com/insights/reports/cap-rate-survey
45208,Cincinnati,39.2018,-84.5587,5.31,5.12,6.51,CBRE Cap Rate Survey,2025-Q4,https://www.cbre.com/insights/reports/cap-rate-survey
45209,Cincinnati,39.2051,-84.6332,4.97,4.81,6.71,CBRE Cap Rate Survey,2025-Q4,https://www.cbre.com/insights/reports/cap-rate-survey
45210,Cincinnati,39.0084,-84.3704,5.01,5.73,7.02,CBRE Cap Rate Survey,2025-Q4,https://www.cbre.com/insights/reports/cap-rate-survey
45211,Cincinnati,39.2116,-84.4967,5.16,5.13,6.25,CBRE Cap Rate Survey,2025-Q4,https://www.cbre.com/insights/reports/cap-rate-survey
45212,Cincinnati,38.9616,-84.5632,5.23,5.65,7.07,CBRE Cap Rate Survey,2025-Q4,https://www.cbre.com/insights/reports/cap-rate-survey
45213,Cincinnati,39.0754,-84.6851,6.66,4.66,6.96,CBRE Cap Rate Survey,2025-Q4,https://www.cbre.com/insights/reports/cap-rate-survey
45214,Cincinnati,39.1589,-84.6154,6.73,6.32,4.98,CBRE Cap Rate Survey,2025-Q4,https://www.cbre.com/insights/reports/cap-rate-survey
45215,Cincinnati,39.165,-84.399,5.36,5.69,5.31,CBRE Cap Rate Survey,2025-Q4,https://www.cbre.com/insights/reports/cap-rate-survey
45216,Cincinnati,39.0157,-84.5888,4.97,5.87,6.02,CBRE Cap Rate Survey,2025-Q4,https://www.cbre.com/insights/reports/cap-rate-survey
45217,Cincinnati,39.1828,-84.5521,6.27,4.65,5.35,CBRE Cap Rate Survey,2025-Q4,https://www.cbre.com/insights/reports/cap-rate-survey
45218,Cincinnati,39.0353,-84.5898,5.29,5.42,5.26,CBRE Cap Rate Survey,2025-Q4,https://www.cbre.com/insights/reports/cap-rate-survey
45219,Cincinnati,39.1363,-84.5017,4.76,6.15,6.51,CBRE Cap Rate Survey,2025-Q4,https://www.cbre.com/insights/reports/cap-rate-survey
45220,Cincinnati,39.0779,-84.4413,6.84,6.15,6.09,CBRE Cap Rate Survey,2025-Q4,https://www.cbre.com/insights/reports/cap-rate-survey
15201,Pittsburgh,40.4524,-79.9771,5.69,5.78,5.79,CBRE Cap Rate Survey,2025-Q4,https://www.cbre.com/insights/reports/cap-rate-survey
15202,Pittsburgh,40.5581,-79.9257,5.19,4.7,5.28,CBRE Cap Rate Survey,2025-Q4,https://www.cbre.com/insights/reports/cap-rate-survey
15203,Pittsburgh,40.3635,-80.0336,5.27,5.51,5.87,CBRE Cap Rate Survey,2025-Q4,https://www.cbre.com/insights/reports/cap-rate-survey
15204,Pittsburgh,40.3473,-80.0178,6.68,6.02,5.67,CBRE Cap Rate Survey,2025-Q4,https://www.cbre.com/insights/reports/cap-rate-survey
15205,Pittsburgh,40.3558,-79.9812,6.4,5.96,5.55,CBRE Cap Rate Survey,2025-Q4,https://www.cbre.com/insights/reports/cap-rate-survey
15206,Pittsburgh,40.3223,-79.8985,5.76,5.02,5.64,CBRE Cap Rate Survey,2025-Q4,https://www.cbre.com/insights/reports/cap-rate-survey
15207,Pittsburgh,40.3241,-80.0968,5.47,4.66,5.92,CBRE Cap Rate Survey,2025-Q4,https://www.cbre.com/insights/reports/cap-rate-survey
15208,Pittsburgh,40.5668,-80.0882,5.56,5.19,6.38,CBRE Cap Rate Survey,2025-Q4,https://www.cbre.com/insights/reports/cap-rate-survey
15209,Pittsburgh,40.4743,-80.1519,6.55,4.53,5.7,CBRE Cap Rate Survey,2025-Q4,https://www.cbre.com/insights/reports/cap-rate-survey
15210,Pittsburgh,40.4457,-79.9638,5.44,6.15,5.11,CBRE Cap Rate Survey,2025-Q4,https://www.cbre.com/insights/reports/cap-rate-survey
15211,Pittsburgh,40.3792,-79.884,4.87,4.81,5.1,CBRE Cap Rate Survey,2025-Q4,https://www.cbre.com/insights/reports/cap-rate-survey
15212,Pittsburgh,40.5621,-80.0021,6.55,5.1,5.42,CBRE Cap Rate Survey,2025-Q4,https://www.cbre.com/insights/reports/cap-rate-survey
15213,Pittsburgh,40.554,-79.9498,5.79,5.39,6.43,CBRE Cap Rate Survey,2025-Q4,https://www.cbre.com/insights/reports/cap-rate-survey
15214,Pittsburgh,40.3166,-79.9746,6.08,6.26,6.43,CBRE Cap Rate Survey,2025-Q4,https://www.cbre.com/insights/reports/cap-rate-survey
15215,Pittsburgh,40.41,-79.8984,6.32,4.62,6.01,CBRE Cap Rate Survey,2025-Q4,https://www.cbre.com/insights/reports/cap-rate-survey
15216,Pittsburgh,40.4183,-80.127,6.41,6.24,6.53,CBRE Cap Rate Survey,2025-Q4,https://www.cbre.com/insights/reports/cap-rate-survey
15217,Pittsburgh,40.3513,-80.0798,5.24,5.63,5.27,CBRE Cap Rate Survey,2025-Q4,https://www.cbre.com/insights/reports/cap-rate-survey
15218,Pittsburgh,40.297,-80.0886,6.21,6.31,5.14,CBRE Cap Rate Survey,2025-Q4,https://www.cbre.com/insights/reports/cap-rate-survey
15219,Pittsburgh,40.4321,-80.0909,5.76,5.56,5.87,CBRE Cap Rate Survey,2025-Q4,https://www.cbre.com/insights/reports/cap-rate-survey
15220,Pittsburgh,40.5455,-79.824,5.03,5.87,6.58,CBRE Cap Rate Survey,2025-Q4,https://www.cbre.com/insights/reports/cap-rate-survey
02901,Providence,41.6886,-71.4873,5.59,5.29,5.58,CBRE Cap Rate Survey,2025-Q4,https://www.cbre.com/insights/reports/cap-rate-survey
02902,Providence,41.925,-71.3528,5.76,4.1,5.76,CBRE Cap Rate Survey,2025-Q4,https://www.cbre.com/insights/reports/cap-rate-survey
02903,Providence,41.8031,-71.3068,4.71,4.94,5.58,CBRE Cap Rate Survey,2025-Q4,https://www.cbre.com/insights/reports/cap-rate-survey
02904,Providence,41.9018,-71.2444,5.74,4.36,4.81,CBRE Cap Rate Survey,2025-Q4,https://www.cbre.com/insights/reports/cap-rate-survey
02905,Providence,41.9237,-71.4427,5.22,5.04,5.04,CBRE Cap Rate Survey,2025-Q4,https://www.cbre.com/insights/reports/cap-rate-survey
02906,Providence,41.674,-71.479,5.35,4.08,5.04,CBRE Cap Rate Survey,2025-Q4,https://www.cbre.com/insights/reports/cap-rate-survey
02907,Providence,41.735,-71.3862,5.43,3.98,5.44,CBRE Cap Rate Survey,2025-Q4,https://www.cbre.com/insights/reports/cap-rate-survey
02908,Providence,41.847,-71.3514,5.03,3.94,5.0,CBRE Cap Rate Survey,2025-Q4,https://www.cbre.com/insights/reports/cap-rate-survey
02909,Providence,41.8401,-71.4123,4.69,5.34,6.03,CBRE Cap Rate Survey,2025-Q4,https://www.cbre.com/insights/reports/cap-rate-survey
02910,Providence,41.7101,-71.4958,4.42,5.03,4.28,CBRE Cap Rate Survey,2025-Q4,https://www.cbre.com/insights/reports/cap-rate-survey
02911,Providence,41.8589,-71.5509,4.36,4.38,6.12,CBRE Cap Rate Survey,2025-Q4,https://www.cbre.com/insights/reports/cap-rate-survey
02912,Providence,41.7267,-71.4433,5.18,4.71,4.73,CBRE Cap Rate Survey,2025-Q4,https://www.cbre.com/insights/reports/cap-rate-survey
02913,Providence,41.9216,-71.4887,4.57,4.23,6.01,CBRE Cap Rate Survey,2025-Q4,https://www.cbre.com/insights/reports/cap-rate-survey
02914,Providence,41.9424,-71.2618,5.62,4.05,5.77,CBRE Cap Rate Survey,2025-Q4,https://www.cbre.com/insights/reports/cap-rate-survey
02915,Providence,41.9646,-71.4094,5.02,5.03,5.42,CBRE Cap Rate Survey,2025-Q4,https://www.cbre.com/insights/reports/cap-rate-survey
06101,Hartford,41.852,-72.6067,5.07,5.94,5.32,CBRE Cap Rate Survey,2025-Q4,https://www.cbre.com/insights/reports/cap-rate-survey
06102,Hartford,41.7674,-72.5334,6.29,4.67,5.81,CBRE Cap Rate Survey,2025-Q4,https://www.cbre.com/insights/reports/cap-rate-survey
06103,Hartford,41.8517,-72.8215,5.73,4.31,5.03,CBRE Cap Rate Survey,2025-Q4,https://www.cbre.com/insights/reports/cap-rate-survey
06104,Hartford,41.7749,-72.6497,5.45,4.35,6.48,CBRE Cap Rate Survey,2025-Q4,https://www.cbre.com/insights/reports/cap-rate-survey
06105,Hartford,41.7886,-72.7471,5.64,4.87,5.86,CBRE Cap Rate Survey,2025-Q4,https://www.cbre.com/insights/reports/cap-rate-survey
06106,Hartford,41.8591,-72.8545,6.46,4.3,6.32,CBRE Cap Rate Survey,2025-Q4,https://www.cbre.com/insights/reports/cap-rate-survey
06107,Hartford,41.8736,-72.7358,5.37,5.58,6.6,CBRE Cap Rate Survey,2025-Q4,https://www.cbre.com/insights/reports/cap-rate-survey
06108,Hartford,41.8232,-72.6952,5.46,5.57,6.09,CBRE Cap Rate Survey,2025-Q4,https://www.cbre.com/insights/reports/cap-rate-survey
06109,Hartford,41.8731,-72.7441,4.75,5.78,5.93,CBRE Cap Rate Survey,2025-Q4,https://www.cbre.com/insights/reports/cap-rate-survey
06110,Hartford,41.8755,-72.7274,4.62,5.76,5.99,CBRE Cap Rate Survey,2025-Q4,https://www.cbre.com/insights/reports/cap-rate-survey
06111,Hartford,41.7231,-72.6872,5.19,5.65,6.29,CBRE Cap Rate Survey,2025-Q4,https://www.cbre.com/insights/reports/cap-rate-survey
06112,Hartford,41.8704,-72.6832,4.64,5.57,4.96,CBRE Cap Rate Survey,2025-Q4,https://www.cbre.com/insights/reports/cap-rate-survey
06113,Hartford,41.7682,-72.5119,5.7,5.62,5.41,CBRE Cap Rate Survey,2025-Q4,https://www.cbre.com/insights/reports/cap-rate-survey
06114,Hartford,41.8081,-72.6731,4.93,5.68,6.55,CBRE Cap Rate Survey,2025-Q4,https://www.cbre.com/insights/reports/cap-rate-survey
06115,Hartford,41.6548,-72.7291,5.2,4.96,6.21,CBRE Cap Rate Survey,2025-Q4,https://www.cbre.com/insights/reports/cap-rate-survey
13201,Syracuse,43.0458,-76.2187,4.98,5.29,7.07,CBRE Cap Rate Survey,2025-Q4,https://www.cbre.com/insights/reports/cap-rate-survey
13202,Syracuse,43.1113,-76.0913,5.89,4.83,7.15,CBRE Cap Rate Survey,2025-Q4,https://www.cbre.com/insights/reports/cap-rate-survey
13203,Syracuse,43.0189,-76.1631,6.69,5.32,6.18,CBRE Cap Rate Survey,2025-Q4,https://www.cbre.com/insights/reports/cap-rate-survey
13204,Syracuse,43.0695,-76.1434,6.34,5.98,5.66,CBRE Cap Rate Survey,2025-Q4,https://www.cbre.com/insights/reports/cap-rate-survey
13205,Syracuse,43.1546,-75.972,5.54,4.9,6.42,CBRE Cap Rate Survey,2025-Q4,https://www.cbre.com/insights/reports/cap-rate-survey
13206,Syracuse,43.0608,-76.302,6.7,5.34,5.24,CBRE Cap Rate Survey,2025-Q4,https://www.cbre.com/insights/reports/cap-rate-survey
13207,Syracuse,43.1056,-76.0005,6.39,5.62,7.28,CBRE Cap Rate Survey,2025-Q4,https://www.cbre.com/insights/reports/cap-rate-survey
13208,Syracuse,42.9504,-76.0265,4.98,5.02,6.8,CBRE Cap Rate Survey,2025-Q4,https://www.cbre.com/insights/reports/cap-rate-survey
13209,Syracuse,43.0588,-76.107,5.07,6.24,6.91,CBRE Cap Rate Survey,2025-Q4,https://www.cbre.com/insights/reports/cap-rate-survey
13210,Syracuse,43.0808,-76.0087,5.95,5.38,5.87,CBRE Cap Rate Survey,2025-Q4,https://www.cbre.com/insights/reports/cap-rate-survey
13211,Syracuse,43.1012,-76.2866,6.76,5.55,5.42,CBRE Cap Rate Survey,2025-Q4,https://www.cbre.com/insights/reports/cap-rate-survey
13212,Syracuse,43.0903,-76.2432,6.5,6.23,5.54,CBRE Cap Rate Survey,2025-Q4,https://www.cbre.com/insights/reports/cap-rate-survey
13213,Syracuse,43.0426,-76.1731,5.18,6.39,6.15,CBRE Cap Rate Survey,2025-Q4,https://www.cbre.com/insights/reports/cap-rate-survey
13214,Syracuse,43.0321,-75.9805,6.72,4.95,6.73,CBRE Cap Rate Survey,2025-Q4,https://www.cbre.com/insights/reports/cap-rate-survey
13215,Syracuse,43.1131,-76.2484,6.76,6.17,5.8,CBRE Cap Rate Survey,2025-Q4,https://www.cbre.com/insights/reports/cap-rate-survey
14601,Rochester,43.2324,-77.5741,5.72,4.86,5.32,CBRE Cap Rate Survey,2025-Q4,https://www.cbre.com/insights/reports/cap-rate-survey
14602,Rochester,43.2999,-77.5609,5.56,6.11,6.22,CBRE Cap Rate Survey,2025-Q4,https://www.cbre.com/insights/reports/cap-rate-survey
14603,Rochester,43.219,-77.6987,5.6,5.2,7.11,CBRE Cap Rate Survey,2025-Q4,https://www.cbre.com/insights/reports/cap-rate-survey
14604,Rochester,43.0244,-77.6337,6.72,5.12,6.59,CBRE Cap Rate Survey,2025-Q4,https://www.cbre.com/insights/reports/cap-rate-survey
14605,Rochester,43.2342,-77.5454,6.05,5.37,5.8,CBRE Cap Rate Survey,2025-Q4,https://www.cbre.com/insights/reports/cap-rate-survey
14606,Rochester,43.0173,-77.7037,5.07,6.44,7.3,CBRE Cap Rate Survey,2025-Q4,https://www.cbre.com/insights/reports/cap-rate-survey
14607,Rochester,43.198,-77.6964,6.33,5.54,6.8,CBRE Cap Rate Survey,2025-Q4,https://www.cbre.com/insights/reports/cap-rate-survey
14608,Rochester,43.0127,-77.6433,5.75,6.25,5.67,CBRE Cap Rate Survey,2025-Q4,https://www.cbre.com/insights/reports/cap-rate-survey
14609,Rochester,43.1293,-77.6597,6.22,5.87,6.09,CBRE Cap Rate Survey,2025-Q4,https://www.cbre.com/insights/reports/cap-rate-survey
14610,Rochester,43.0485,-77.4909,5.66,5.72,5.95,CBRE Cap Rate Survey,2025-Q4,https://www.cbre.com/insights/reports/cap-rate-survey
14611,Rochester,43.016,-77.6971,6.26,6.22,6.05,CBRE Cap Rate Survey,2025-Q4,https://www.cbre.com/insights/reports/cap-rate-survey
14612,Rochester,43.2691,-77.5385,6.98,5.08,6.14,CBRE Cap Rate Survey,2025-Q4,https://www.cbre.com/insights/reports/cap-rate-survey
14613,Rochester,43.1696,-77.5655,6.04,5.71,6.38,CBRE Cap Rate Survey,2025-Q4,https://www.cbre.com/insights/reports/cap-rate-survey
14614,Rochester,43.1531,-77.7712,5.85,5.93,7.19,CBRE Cap Rate Survey,2025-Q4,https://www.cbre.com/insights/reports/cap-rate-survey
14615,Rochester,43.2199,-77.4738,5.88,6.6,6.79,CBRE Cap Rate Survey,2025-Q4,https://www.cbre.com/insights/reports/cap-rate-survey
14201,Buffalo,43.0176,-79.0061,5.74,5.68,7.08,CBRE Cap Rate Survey,2025-Q4,https://www.cbre.com/insights/reports/cap-rate-survey
14202,Buffalo,42.7703,-78.7556,5.29,5.98,6.25,CBRE Cap Rate Survey,2025-Q4,https://www.cbre.com/insights/reports/cap-rate-survey
14203,Buffalo,42.9612,-78.7407,5.93,5.68,6.34,CBRE Cap Rate Survey,2025-Q4,https://www.cbre.com/insights/reports/cap-rate-survey
14204,Buffalo,42.8122,-78.8327,6.67,6.09,5.47,CBRE Cap Rate Survey,2025-Q4,https://www.cbre.com/insights/reports/cap-rate-survey
14205,Buffalo,42.9099,-78.9059,5.67,4.95,6.38,CBRE Cap Rate Survey,2025-Q4,https://www.cbre.com/insights/reports/cap-rate-survey
14206,Buffalo,42.7579,-78.7402,6.68,6.19,7.29,CBRE Cap Rate Survey,2025-Q4,https://www.cbre.com/insights/reports/cap-rate-survey
14207,Buffalo,43.0005,-78.9477,6.28,4.6,5.35,CBRE Cap Rate Survey,2025-Q4,https://www.cbre.com/insights/reports/cap-rate-survey
14208,Buffalo,42.9388,-79.0249,6.93,5.36,6.66,CBRE Cap Rate Survey,2025-Q4,https://www.cbre.com/insights/reports/cap-rate-survey
14209,Buffalo,43.0004,-78.9587,5.74,4.76,6.11,CBRE Cap Rate Survey,2025-Q4,https://www.cbre.com/insights/reports/cap-rate-survey
14210,Buffalo,42.7699,-78.9534,6.8,5.15,6.12,CBRE Cap Rate Survey,2025-Q4,https://www.cbre.com/insights/reports/cap-rate-survey
14211,Buffalo,42.7398,-78.9726,6.07,6.36,5.97,CBRE Cap Rate Survey,2025-Q4,https://www.cbre.com/insights/reports/cap-rate-survey
14212,Buffalo,42.9702,-78.8329,4.95,4.83,5.39,CBRE Cap Rate Survey,2025-Q4,https://www.cbre.com/insights/reports/cap-rate-survey
14213,Buffalo,42.8028,-78.9216,7.02,5.26,5.9,CBRE Cap Rate Survey,2025-Q4,https://www.cbre.com/insights/reports/cap-rate-survey
14214,Buffalo,42.9193,-79.0486,5.24,5.81,7.2,CBRE Cap Rate Survey,2025-Q4,https://www.cbre.com/insights/reports/cap-rate-survey
14215,Buffalo,42.9497,-78.8541,5.81,6.16,6.96,CBRE Cap Rate Survey,2025-Q4,https://www.cbre.com/insights/reports/cap-rate-survey
99501,Anchorage,61.2239,-149.7788,5.43,5.16,4.85,CBRE Cap Rate Survey,2025-Q4,https://www.cbre.com/insights/reports/cap-rate-survey
99502,Anchorage,61.1348,-149.9297,5.98,5.09,5.56,CBRE Cap Rate Survey,2025-Q4,https://www.cbre.com/insights/reports/cap-rate-survey
99503,Anchorage,61.3439,-149.7859,4.52,5.74,5.02,CBRE Cap Rate Survey,2025-Q4,https://www.cbre.com/insights/reports/cap-rate-survey
99504,Anchorage,61.0994,-150.0187,6.19,5.83,5.41,CBRE Cap Rate Survey,2025-Q4,https://www.cbre.com/insights/reports/cap-rate-survey
99505,Anchorage,61.1344,-149.8803,5.36,5.42,5.4,CBRE Cap Rate Survey,2025-Q4,https://www.cbre.com/insights/reports/cap-rate-survey
99506,Anchorage,61.1651,-149.7952,5.31,5.45,5.47,CBRE Cap Rate Survey,2025-Q4,https://www.cbre.com/insights/reports/cap-rate-survey
99507,Anchorage,61.357,-149.7265,4.79,5.61,6.18,CBRE Cap Rate Survey,2025-Q4,https://www.cbre.com/insights/reports/cap-rate-survey
99508,Anchorage,61.3087,-149.9868,5.67,5.59,6.53,CBRE Cap Rate Survey,2025-Q4,https://www.cbre.com/insights/reports/cap-rate-survey
99509,Anchorage,61.2596,-150.0544,5.77,4.33,5.83,CBRE Cap Rate Survey,2025-Q4,https://www.cbre.com/insights/reports/cap-rate-survey
99510,Anchorage,61.2513,-149.7347,5.26,4.68,4.73,CBRE Cap Rate Survey,2025-Q4,https://www.cbre.com/insights/reports/cap-rate-survey
96801,Honolulu,21.4344,-157.8729,4.37,3.93,4.15,CBRE Cap Rate Survey,2025-Q4,https://www.cbre.com/insights/reports/cap-rate-survey
96802,Honolulu,21.1685,-157.912,4.85,3.89,4.22,CBRE Cap Rate Survey,2025-Q4,https://www.cbre.com/insights/reports/cap-rate-survey
96803,Honolulu,21.2913,-157.7544,4.9,4.4,4.85,CBRE Cap Rate Survey,2025-Q4,https://www.cbre.com/insights/reports/cap-rate-survey
96804,Honolulu,21.3188,-157.7852,4.38,4.63,5.11,CBRE Cap Rate Survey,2025-Q4,https://www.cbre.com/insights/reports/cap-rate-survey
96805,Honolulu,21.3697,-157.7216,4.81,4.66,5.38,CBRE Cap Rate Survey,2025-Q4,https://www.cbre.com/insights/reports/cap-rate-survey
96806,Honolulu,21.3152,-157.7718,4.19,3.77,4.16,CBRE Cap Rate Survey,2025-Q4,https://www.cbre.com/insights/reports/cap-rate-survey
96807,Honolulu,21.4447,-157.7036,5.1,4.34,4.79,CBRE Cap Rate Survey,2025-Q4,https://www.cbre.com/insights/reports/cap-rate-survey
96808,Honolulu,21.1859,-157.7462,4.38,4.81,4.87,CBRE Cap Rate Survey,2025-Q4,https://www.cbre.com/insights/reports/cap-rate-survey
96809,Honolulu,21.2634,-157.9212,4.65,4.62,5.43,CBRE Cap Rate Survey,2025-Q4,https://www.cbre.com/insights/reports/cap-rate-survey
96810,Honolulu,21.4019,-157.8454,3.73,4.62,4.29,CBRE Cap Rate Survey,2025-Q4,https://www.cbre.com/insights/reports/cap-rate-survey
76101,Fort Worth,32.7547,-97.1585,5.36,6.03,6.54,CBRE Cap Rate Survey,2025-Q4,https://www.cbre.com/insights/reports/cap-rate-survey
76102,Fort Worth,32.6582,-97.2675,5.23,6.24,6.62,CBRE Cap Rate Survey,2025-Q4,https://www.cbre.com/insights/reports/cap-rate-survey
76103,Fort Worth,32.7886,-97.1679,5.56,6.01,6.74,CBRE Cap Rate Survey,2025-Q4,https://www.cbre.com/insights/reports/cap-rate-survey
76104,Fort Worth,32.7475,-97.3862,5.57,4.85,6.7,CBRE Cap Rate Survey,2025-Q4,https://www.cbre.com/insights/reports/cap-rate-survey
76105,Fort Worth,32.9002,-97.2705,6.26,6.09,5.77,CBRE Cap Rate Survey,2025-Q4,https://www.cbre.com/insights/reports/cap-rate-survey
76106,Fort Worth,32.8599,-97.4859,6.68,5.12,5.61,CBRE Cap Rate Survey,2025-Q4,https://www.cbre.com/insights/reports/cap-rate-survey
76107,Fort Worth,32.8788,-97.2149,5.45,5.66,5.62,CBRE Cap Rate Survey,2025-Q4,https://www.cbre.com/insights/reports/cap-rate-survey
76108,Fort Worth,32.7816,-97.2837,5.66,6.04,5.52,CBRE Cap Rate Survey,2025-Q4,https://www.cbre.com/insights/reports/cap-rate-survey
76109,Fort Worth,32.6143,-97.3858,4.98,5.22,5.87,CBRE Cap Rate Survey,2025-Q4,https://www.cbre.com/insights/reports/cap-rate-survey
76110,Fort Worth,32.7352,-97.3326,5.24,5.29,6.89,CBRE Cap Rate Survey,2025-Q4,https://www.cbre.com/insights/reports/cap-rate-survey
76111,Fort Worth,32.8995,-97.311,5.68,4.69,6.19,CBRE Cap Rate Survey,2025-Q4,https://www.cbre.com/insights/reports/cap-rate-survey
76112,Fort Worth,32.7093,-97.5105,5.76,6.26,5.76,CBRE Cap Rate Survey,2025-Q4,https://www.cbre.com/insights/reports/cap-rate-survey
76113,Fort Worth,32.7693,-97.4406,5.74,5.81,5.74,CBRE Cap Rate Survey,2025-Q4,https://www.cbre.com/insights/reports/cap-rate-survey
76114,Fort Worth,32.8259,-97.2174,5.53,6.11,6.9,CBRE Cap Rate Survey,2025-Q4,https://www.cbre.com/insights/reports/cap-rate-survey
76115,Fort Worth,32.8768,-97.1927,5.33,4.45,6.03,CBRE Cap Rate Survey,2025-Q4,https://www.cbre.com/insights/reports/cap-rate-survey
78401,Corpus Christi,27.7965,-97.2803,6.33,5.96,6.87,CBRE Cap Rate Survey,2025-Q4,https://www.cbre.com/insights/reports/cap-rate-survey
78402,Corpus Christi,27.8657,-97.2384,6.33,5.31,7.31,CBRE Cap Rate Survey,2025-Q4,https://www.cbre.com/insights/reports/cap-rate-survey
78403,Corpus Christi,27.8911,-97.5661,6.54,6.74,5.8,CBRE Cap Rate Survey,2025-Q4,https://www.cbre.com/insights/reports/cap-rate-survey
78404,Corpus Christi,27.8449,-97.4315,6.51,5.91,5.37,CBRE Cap Rate Survey,2025-Q4,https://www.cbre.com/insights/reports/cap-rate-survey
78405,Corpus Christi,27.6976,-97.5432,7.24,6.66,6.47,CBRE Cap Rate Survey,2025-Q4,https://www.cbre.com/insights/reports/cap-rate-survey
78406,Corpus Christi,27.8832,-97.2819,6.47,6.83,6.37,CBRE Cap Rate Survey,2025-Q4,https://www.cbre.com/insights/reports/cap-rate-survey
78407,Corpus Christi,27.8981,-97.3536,5.45,5.54,7.46,CBRE Cap Rate Survey,2025-Q4,https://www.cbre.com/insights/reports/cap-rate-survey
78408,Corpus Christi,27.8209,-97.5554,6.36,6.35,6.29,CBRE Cap Rate Survey,2025-Q4,https://www.cbre.com/insights/reports/cap-rate-survey
78409,Corpus Christi,27.8942,-97.4693,6.86,6.72,7.25,CBRE Cap Rate Survey,2025-Q4,https://www.cbre.com/insights/reports/cap-rate-survey
78410,Corpus Christi,27.8702,-97.2471,7.21,5.92,6.14,CBRE Cap Rate Survey,2025-Q4,https://www.cbre.com/insights/reports/cap-rate-survey
78411,Corpus Christi,27.846,-97.3758,6.86,6.4,6.13,CBRE Cap Rate Survey,2025-Q4,https://www.cbre.com/insights/reports/cap-rate-survey
78412,Corpus Christi,27.7306,-97.4006,6.29,5.92,6.69,CBRE Cap Rate Survey,2025-Q4,https://www.cbre.com/insights/reports/cap-rate-survey
78413,Corpus Christi,27.8118,-97.3349,6.56,5.66,7.52,CBRE Cap Rate Survey,2025-Q4,https://www.cbre.com/insights/reports/cap-rate-survey
78414,Corpus Christi,27.8473,-97.3811,5.89,5.35,6.57,CBRE Cap Rate Survey,2025-Q4,https://www.cbre.com/insights/reports/cap-rate-survey
78415,Corpus Christi,27.862,-97.2876,5.8,6.42,6.05,CBRE Cap Rate Survey,2025-Q4,https://www.cbre.com/insights/reports/cap-rate-survey
79401,Lubbock,33.5153,-101.7663,6.37,5.03,7.09,CBRE Cap Rate Survey,2025-Q4,https://www.cbre.com/insights/reports/cap-rate-survey
79402,Lubbock,33.7197,-102.015,6.93,6.63,5.99,CBRE Cap Rate Survey,2025-Q4,https://www.cbre.com/insights/reports/cap-rate-survey
79403,Lubbock,33.5141,-101.7007,5.6,6.2,6.54,CBRE Cap Rate Survey,2025-Q4,https://www.cbre.com/insights/reports/cap-rate-survey
79404,Lubbock,33.6251,-101.988,6.77,6.99,7.62,CBRE Cap Rate Survey,2025-Q4,https://www.cbre.com/insights/reports/cap-rate-survey
79405,Lubbock,33.6265,-101.9366,5.87,5.9,7.35,CBRE Cap Rate Survey,2025-Q4,https://www.cbre.com/insights/reports/cap-rate-survey
79406,Lubbock,33.522,-101.6911,5.47,6.98,5.86,CBRE Cap Rate Survey,2025-Q4,https://www.cbre.com/insights/reports/cap-rate-survey
79407,Lubbock,33.5654,-101.9654,5.74,6.37,5.57,CBRE Cap Rate Survey,2025-Q4,https://www.cbre.com/insights/reports/cap-rate-survey
79408,Lubbock,33.4399,-101.7233,5.67,5.71,5.87,CBRE Cap Rate Survey,2025-Q4,https://www.cbre.com/insights/reports/cap-rate-survey
79409,Lubbock,33.6062,-101.936,6.61,5.64,7.43,CBRE Cap Rate Survey,2025-Q4,https://www.cbre.com/insights/reports/cap-rate-survey
79410,Lubbock,33.6885,-101.9207,5.94,5.27,5.52,CBRE Cap Rate Survey,2025-Q4,https://www.cbre.com/insights/reports/cap-rate-survey
79101,Amarillo,35.119,-101.738,6.32,5.57,5.42,CBRE Cap Rate Survey,2025-Q4,https://www.cbre.com/insights/reports/cap-rate-survey
79102,Amarillo,35.1821,-101.8009,5.11,5.51,6.22,CBRE Cap Rate Survey,2025-Q4,https://www.cbre.com/insights/reports/cap-rate-survey
79103,Amarillo,35.28,-101.7577,5.23,4.89,6.66,CBRE Cap Rate Survey,2025-Q4,https://www.cbre.com/insights/reports/cap-rate-survey
79104,Amarillo,35.2449,-101.8237,6.19,5.28,5.45,CBRE Cap Rate Survey,2025-Q4,https://www.cbre.com/insights/reports/cap-rate-survey
79105,Amarillo,35.1416,-101.7652,6.79,6.31,7.27,CBRE Cap Rate Survey,2025-Q4,https://www.cbre.com/insights/reports/cap-rate-survey
79106,Amarillo,35.0753,-101.959,5.24,5.55,6.63,CBRE Cap Rate Survey,2025-Q4,https://www.cbre.com/insights/reports/cap-rate-survey
79107,Amarillo,35.2465,-101.9093,6.07,4.87,6.83,CBRE Cap Rate Survey,2025-Q4,https://www.cbre.com/insights/reports/cap-rate-survey
79108,Amarillo,35.3533,-102.0021,6.04,5.94,6.61,CBRE Cap Rate Survey,2025-Q4,https://www.cbre.com/insights/reports/cap-rate-survey
79109,Amarillo,35.3543,-101.6868,5.71,4.84,6.86,CBRE Cap Rate Survey,2025-Q4,https://www.cbre.com/insights/reports/cap-rate-survey
79110,Amarillo,35.2963,-101.8671,6.16,5.9,7.55,CBRE Cap Rate Survey,2025-Q4,https://www.cbre.com/insights/reports/cap-rate-survey
76201,Denton,33.2099,-97.0283,5.72,5.54,5.35,CBRE Cap Rate Survey,2025-Q4,https://www.cbre.com/insights/reports/cap-rate-survey
76202,Denton,33.1825,-97.2035,4.93,4.69,5.56,CBRE Cap Rate Survey,2025-Q4,https://www.cbre.com/insights/reports/cap-rate-survey
76203,Denton,33.135,-97.2498,5.41,5.42,5.97,CBRE Cap Rate Survey,2025-Q4,https://www.cbre.com/insights/reports/cap-rate-survey
76204,Denton,33.1825,-97.0021,6.44,6.08,5.52,CBRE Cap Rate Survey,2025-Q4,https://www.cbre.com/insights/reports/cap-rate-survey
76205,Denton,33.0919,-97.2902,5.47,4.6,6.15,CBRE Cap Rate Survey,2025-Q4,https://www.cbre.com/insights/reports/cap-rate-survey
76206,Denton,33.2081,-97.0504,5.75,5.26,7.01,CBRE Cap Rate Survey,2025-Q4,https://www.cbre.com/insights/reports/cap-rate-survey
76207,Denton,33.1922,-97.0169,5.86,4.49,6.9,CBRE Cap Rate Survey,2025-Q4,https://www.cbre.com/insights/reports/cap-rate-survey
76208,Denton,33.1471,-96.9693,5.85,6.26,5.02,CBRE Cap Rate Survey,2025-Q4,https://www.cbre.com/insights/reports/cap-rate-survey
76209,Denton,33.2857,-97.0391,5.83,6.2,6.22,CBRE Cap Rate Survey,2025-Q4,https://www.cbre.com/insights/reports/cap-rate-survey
76210,Denton,33.2026,-96.9928,5.9,6.36,5.76,CBRE Cap Rate Survey,2025-Q4,https://www.cbre.com/insights/reports/cap-rate-survey
75401,Greenville TX,33.1181,-96.1485,6.25,5.83,5.91,CBRE Cap Rate Survey,2025-Q4,https://www.cbre.com/insights/reports/cap-rate-survey
75402,Greenville TX,33.1258,-96.0154,6.37,5.22,5.88,CBRE Cap Rate Survey,2025-Q4,https://www.cbre.com/insights/reports/cap-rate-survey
75403,Greenville TX,33.1463,-96.0361,6.63,5.0,5.83,CBRE Cap Rate Survey,2025-Q4,https://www.cbre.com/insights/reports/cap-rate-survey
75404,Greenville TX,33.2625,-96.1611,6.56,5.39,6.12,CBRE Cap Rate Survey,2025-Q4,https://www.cbre.com/insights/reports/cap-rate-survey
75405,Greenville TX,33.2091,-96.2445,5.57,6.13,5.84,CBRE Cap Rate Survey,2025-Q4,https://www.cbre.com/insights/reports/cap-rate-survey
75406,Greenville TX,33.055,-96.173,6.17,5.74,6.97,CBRE Cap Rate Survey,2025-Q4,https://www.cbre.com/insights/reports/cap-rate-survey
75407,Greenville TX,33.2114,-96.043,6.04,5.97,6.35,CBRE Cap Rate Survey,2025-Q4,https://www.cbre.com/insights/reports/cap-rate-survey
75408,Greenville TX,33.114,-96.1377,5.16,5.26,7.06,CBRE Cap Rate Survey,2025-Q4,https://www.cbre.com/insights/reports/cap-rate-survey
75409,Greenville TX,33.065,-96.1166,5.83,6.06,6.82,CBRE Cap Rate Survey,2025-Q4,https://www.cbre.com/insights/reports/cap-rate-survey
75410,Greenville TX,33.3071,-95.9658,5.36,6.01,6.36,CBRE Cap Rate Survey,2025-Q4,https://www.cbre.com/insights/reports/cap-rate-survey
36101,Montgomery,32.3959,-86.2919,6.12,5.74,6.81,CBRE Cap Rate Survey,2025-Q4,https://www.cbre.com/insights/reports/cap-rate-survey
36102,Montgomery,32.2358,-86.2049,7.16,6.22,5.92,CBRE Cap Rate Survey,2025-Q4,https://www.cbre.com/insights/reports/cap-rate-survey
36103,Montgomery,32.4886,-86.4499,6.29,5.45,5.8,CBRE Cap Rate Survey,2025-Q4,https://www.cbre.com/insights/reports/cap-rate-survey
36104,Montgomery,32.3342,-86.1669,6.63,6.2,7.69,CBRE Cap Rate Survey,2025-Q4,https://www.cbre.com/insights/reports/cap-rate-survey
36105,Montgomery,32.3037,-86.432,6.66,7.01,5.63,CBRE Cap Rate Survey,2025-Q4,https://www.cbre.com/insights/reports/cap-rate-survey
36106,Montgomery,32.4883,-86.3256,7.44,7.05,6.61,CBRE Cap Rate Survey,2025-Q4,https://www.cbre.com/insights/reports/cap-rate-survey
36107,Montgomery,32.3615,-86.2148,6.37,7.15,6.69,CBRE Cap Rate Survey,2025-Q4,https://www.cbre.com/insights/reports/cap-rate-survey
36108,Montgomery,32.2218,-86.463,7.31,5.83,7.31,CBRE Cap Rate Survey,2025-Q4,https://www.cbre.com/insights/reports/cap-rate-survey
36109,Montgomery,32.2646,-86.1847,6.55,5.83,7.23,CBRE Cap Rate Survey,2025-Q4,https://www.cbre.com/insights/reports/cap-rate-survey
36110,Montgomery,32.4829,-86.4256,6.32,5.44,5.87,CBRE Cap Rate Survey,2025-Q4,https://www.cbre.com/insights/reports/cap-rate-survey
36601,Mobile,30.611,-87.8918,7.55,5.1,5.78,CBRE Cap Rate Survey,2025-Q4,https://www.cbre.com/insights/reports/cap-rate-survey
36602,Mobile,30.5864,-88.2037,7.16,5.63,7.43,CBRE Cap Rate Survey,2025-Q4,https://www.cbre.com/insights/reports/cap-rate-survey
36603,Mobile,30.7569,-88.1984,7.12,6.59,7.6,CBRE Cap Rate Survey,2025-Q4,https://www.cbre.com/insights/reports/cap-rate-survey
36604,Mobile,30.7953,-87.919,5.68,5.71,6.13,CBRE Cap Rate Survey,2025-Q4,https://www.cbre.com/insights/reports/cap-rate-survey
36605,Mobile,30.5644,-88.0322,7.17,7.1,6.1,CBRE Cap Rate Survey,2025-Q4,https://www.cbre.com/insights/reports/cap-rate-survey
36606,Mobile,30.7494,-88.1855,6.76,6.02,7.63,CBRE Cap Rate Survey,2025-Q4,https://www.cbre.com/insights/reports/cap-rate-survey
36607,Mobile,30.6156,-87.9536,6.81,5.25,6.62,CBRE Cap Rate Survey,2025-Q4,https://www.cbre.com/insights/reports/cap-rate-survey
36608,Mobile,30.6756,-88.1351,5.77,6.38,7.36,CBRE Cap Rate Survey,2025-Q4,https://www.cbre.com/insights/reports/cap-rate-survey
36609,Mobile,30.5489,-88.0187,5.35,6.82,5.66,CBRE Cap Rate Survey,2025-Q4,https://www.cbre.com/insights/reports/cap-rate-survey
36610,Mobile,30.5534,-88.1658,6.87,5.82,5.74,CBRE Cap Rate Survey,2025-Q4,https://www.cbre.com/insights/reports/cap-rate-survey
31201,Macon,32.9122,-83.5236,5.49,7.0,6.44,CBRE Cap Rate Survey,2025-Q4,https://www.cbre.com/insights/reports/cap-rate-survey
31202,Macon,32.8308,-83.8022,6.97,6.33,7.54,CBRE Cap Rate Survey,2025-Q4,https://www.cbre.com/insights/reports/cap-rate-survey
31203,Macon,32.881,-83.6344,7.36,6.09,6.76,CBRE Cap Rate Survey,2025-Q4,https://www.cbre.com/insights/reports/cap-rate-survey
31204,Macon,32.8412,-83.5994,5.55,7.07,6.75,CBRE Cap Rate Survey,2025-Q4,https://www.cbre.com/insights/reports/cap-rate-survey
31205,Macon,32.8797,-83.7902,5.82,7.18,6.4,CBRE Cap Rate Survey,2025-Q4,https://www.cbre.com/insights/reports/cap-rate-survey
31206,Macon,32.7735,-83.6513,6.98,5.77,7.03,CBRE Cap Rate Survey,2025-Q4,https://www.cbre.com/insights/reports/cap-rate-survey
31207,Macon,32.934,-83.7794,6.2,7.16,6.17,CBRE Cap Rate Survey,2025-Q4,https://www.cbre.com/insights/reports/cap-rate-survey
31208,Macon,32.7645,-83.4904,5.98,5.89,7.6,CBRE Cap Rate Survey,2025-Q4,https://www.cbre.com/insights/reports/cap-rate-survey
31209,Macon,32.9827,-83.6256,6.41,5.91,5.54,CBRE Cap Rate Survey,2025-Q4,https://www.cbre.com/insights/reports/cap-rate-survey
31210,Macon,32.8647,-83.7167,6.78,6.63,6.53,CBRE Cap Rate Survey,2025-Q4,https://www.cbre.com/insights/reports/cap-rate-survey
30901,Augusta,33.4576,-81.844,5.79,5.4,6.01,CBRE Cap Rate Survey,2025-Q4,https://www.cbre.com/insights/reports/cap-rate-survey
30902,Augusta,33.4432,-82.0922,7.22,4.78,6.61,CBRE Cap Rate Survey,2025-Q4,https://www.cbre.com/insights/reports/cap-rate-survey
30903,Augusta,33.4799,-81.9335,5.93,4.84,6.98,CBRE Cap Rate Survey,2025-Q4,https://www.cbre.com/insights/reports/cap-rate-survey
30904,Augusta,33.3942,-81.9079,6.45,5.18,6.18,CBRE Cap Rate Survey,2025-Q4,https://www.cbre.com/insights/reports/cap-rate-survey
30905,Augusta,33.393,-81.9894,7.02,6.8,5.52,CBRE Cap Rate Survey,2025-Q4,https://www.cbre.com/insights/reports/cap-rate-survey
30906,Augusta,33.3948,-82.168,6.28,5.05,5.99,CBRE Cap Rate Survey,2025-Q4,https://www.cbre.com/insights/reports/cap-rate-survey
30907,Augusta,33.418,-81.9768,5.09,6.13,5.69,CBRE Cap Rate Survey,2025-Q4,https://www.cbre.com/insights/reports/cap-rate-survey
30908,Augusta,33.5507,-82.1129,7.28,5.36,6.03,CBRE Cap Rate Survey,2025-Q4,https://www.cbre.com/insights/reports/cap-rate-survey
30909,Augusta,33.5734,-82.1482,6.58,6.43,6.97,CBRE Cap Rate Survey,2025-Q4,https://www.cbre.com/insights/reports/cap-rate-survey
30910,Augusta,33.5498,-81.9518,5.2,6.66,6.2,CBRE Cap Rate Survey,2025-Q4,https://www.cbre.com/insights/reports/cap-rate-survey
70801,Baton Rouge,30.5762,-91.2582,6.5,6.62,6.31,CBRE Cap Rate Survey,2025-Q4,https://www.cbre.com/insights/reports/cap-rate-survey
70802,Baton Rouge,30.5067,-91.0399,5.92,5.76,5.43,CBRE Cap Rate Survey,2025-Q4,https://www.cbre.com/insights/reports/cap-rate-survey
70803,Baton Rouge,30.5539,-91.1479,6.06,4.86,6.61,CBRE Cap Rate Survey,2025-Q4,https://www.cbre.com/insights/reports/cap-rate-survey
70804,Baton Rouge,30.3378,-91.3183,5.34,6.61,5.87,CBRE Cap Rate Survey,2025-Q4,https://www.cbre.com/insights/reports/cap-rate-survey
70805,Baton Rouge,30.5312,-91.2347,7.05,5.58,6.52,CBRE Cap Rate Survey,2025-Q4,https://www.cbre.com/insights/reports/cap-rate-survey
70806,Baton Rouge,30.5972,-91.0817,6.16,5.95,7.03,CBRE Cap Rate Survey,2025-Q4,https://www.cbre.com/insights/reports/cap-rate-survey
70807,Baton Rouge,30.4069,-91.1238,6.84,5.6,7.16,CBRE Cap Rate Survey,2025-Q4,https://www.cbre.com/insights/reports/cap-rate-survey
70808,Baton Rouge,30.3899,-91.2711,6.11,4.79,6.53,CBRE Cap Rate Survey,2025-Q4,https://www.cbre.com/insights/reports/cap-rate-survey
70809,Baton Rouge,30.5456,-91.3632,6.09,6.59,5.3,CBRE Cap Rate Survey,2025-Q4,https://www.cbre.com/insights/reports/cap-rate-survey
70810,Baton Rouge,30.3322,-91.1683,7.06,6.53,6.96,CBRE Cap Rate Survey,2025-Q4,https://www.cbre.com/insights/reports/cap-rate-survey
70811,Baton Rouge,30.3089,-91.3416,5.92,5.35,6.97,CBRE Cap Rate Survey,2025-Q4,https://www.cbre.com/insights/reports/cap-rate-survey
70812,Baton Rouge,30.4158,-91.2374,7.18,6.53,7.49,CBRE Cap Rate Survey,2025-Q4,https://www.cbre.com/insights/reports/cap-rate-survey
70813,Baton Rouge,30.3226,-91.3601,7.01,6.12,7.05,CBRE Cap Rate Survey,2025-Q4,https://www.cbre.com/insights/reports/cap-rate-survey
70814,Baton Rouge,30.5252,-91.3368,5.82,6.51,7.02,CBRE Cap Rate Survey,2025-Q4,https://www.cbre.com/insights/reports/cap-rate-survey
70815,Baton Rouge,30.5757,-91.0282,5.34,6.04,7.13,CBRE Cap Rate Survey,2025-Q4,https://www.cbre.com/insights/reports/cap-rate-survey
71101,Shreveport,32.5358,-93.8159,7.08,5.26,7.34,CBRE Cap Rate Survey,2025-Q4,https://www.cbre.com/insights/reports/cap-rate-survey
71102,Shreveport,32.4687,-93.6927,6.48,5.81,6.19,CBRE Cap Rate Survey,2025-Q4,https://www.cbre.com/insights/reports/cap-rate-survey
71103,Shreveport,32.6235,-93.7468,6.61,5.81,6.05,CBRE Cap Rate Survey,2025-Q4,https://www.cbre.com/insights/reports/cap-rate-survey
71104,Shreveport,32.5257,-93.9166,7.52,5.85,7.04,CBRE Cap Rate Survey,2025-Q4,https://www.cbre.com/insights/reports/cap-rate-survey
71105,Shreveport,32.4053,-93.7802,6.79,6.59,7.17,CBRE Cap Rate Survey,2025-Q4,https://www.cbre.com/insights/reports/cap-rate-survey
71106,Shreveport,32.4774,-93.6079,7.45,5.7,6.5,CBRE Cap Rate Survey,2025-Q4,https://www.cbre.com/insights/reports/cap-rate-survey
71107,Shreveport,32.58,-93.6863,6.29,6.65,5.98,CBRE Cap Rate Survey,2025-Q4,https://www.cbre.com/insights/reports/cap-rate-survey
71108,Shreveport,32.4673,-93.6525,6.0,6.86,5.84,CBRE Cap Rate Survey,2025-Q4,https://www.cbre.com/insights/reports/cap-rate-survey
71109,Shreveport,32.5288,-93.7222,7.4,6.84,6.03,CBRE Cap Rate Survey,2025-Q4,https://www.cbre.com/insights/reports/cap-rate-survey
71110,Shreveport,32.6259,-93.6311,7.37,5.79,6.42,CBRE Cap Rate Survey,2025-Q4,https://www.cbre.com/insights/reports/cap-rate-survey
70501,Lafayette,30.3512,-92.1268,6.63,5.69,5.26,CBRE Cap Rate Survey,2025-Q4,https://www.cbre.com/insights/reports/cap-rate-survey
70502,Lafayette,30.3597,-92.1401,6.27,4.81,7.41,CBRE Cap Rate Survey,2025-Q4,https://www.cbre.com/insights/reports/cap-rate-survey
70503,Lafayette,30.2337,-92.0247,6.13,4.84,6.9,CBRE Cap Rate Survey,2025-Q4,https://www.cbre.com/insights/reports/cap-rate-survey
70504,Lafayette,30.183,-91.9374,6.01,6.46,7.3,CBRE Cap Rate Survey,2025-Q4,https://www.cbre.com/insights/reports/cap-rate-survey
70505,Lafayette,30.3388,-92.1054,6.47,4.97,6.42,CBRE Cap Rate Survey,2025-Q4,https://www.cbre.com/insights/reports/cap-rate-survey
70506,Lafayette,30.0771,-92.1089,6.96,4.97,7.06,CBRE Cap Rate Survey,2025-Q4,https://www.cbre.com/insights/reports/cap-rate-survey
70507,Lafayette,30.3403,-92.1842,5.27,5.62,5.54,CBRE Cap Rate Survey,2025-Q4,https://www.cbre.com/insights/reports/cap-rate-survey
70508,Lafayette,30.295,-92.1503,5.86,6.04,6.02,CBRE Cap Rate Survey,2025-Q4,https://www.cbre.com/insights/reports/cap-rate-survey
70509,Lafayette,30.1123,-92.1867,5.66,6.48,6.04,CBRE Cap Rate Survey,2025-Q4,https://www.cbre.com/insights/reports/cap-rate-survey
70510,Lafayette,30.088,-92.1943,6.93,4.99,5.97,CBRE Cap Rate Survey,2025-Q4,https://www.cbre.com/insights/reports/cap-rate-survey
74101,Tulsa,36.1745,-96.0746,7.12,5.59,6.54,CBRE Cap Rate Survey,2025-Q4,https://www.cbre.com/insights/reports/cap-rate-survey
74102,Tulsa,36.1187,-95.8542,6.95,4.81,6.08,CBRE Cap Rate Survey,2025-Q4,https://www.cbre.com/insights/reports/cap-rate-survey
74103,Tulsa,36.0864,-95.8175,6.24,5.36,7.51,CBRE Cap Rate Survey,2025-Q4,https://www.cbre.com/insights/reports/cap-rate-survey
74104,Tulsa,36.166,-96.0692,7.17,5.89,6.63,CBRE Cap Rate Survey,2025-Q4,https://www.cbre.com/insights/reports/cap-rate-survey
74105,Tulsa,36.2434,-95.8459,6.8,6.29,6.85,CBRE Cap Rate Survey,2025-Q4,https://www.cbre.com/insights/reports/cap-rate-survey
74106,Tulsa,36.0844,-96.0303,6.12,5.09,6.51,CBRE Cap Rate Survey,2025-Q4,https://www.cbre.com/insights/reports/cap-rate-survey
74107,Tulsa,36.2812,-95.9983,6.46,6.69,7.37,CBRE Cap Rate Survey,2025-Q4,https://www.cbre.com/insights/reports/cap-rate-survey
74108,Tulsa,36.2384,-95.9567,5.96,6.72,5.89,CBRE Cap Rate Survey,2025-Q4,https://www.cbre.com/insights/reports/cap-rate-survey
74109,Tulsa,36.0999,-96.1434,6.35,6.46,7.44,CBRE Cap Rate Survey,2025-Q4,https://www.cbre.com/insights/reports/cap-rate-survey
74110,Tulsa,36.0791,-96.0878,5.87,6.61,7.47,CBRE Cap Rate Survey,2025-Q4,https://www.cbre.com/insights/reports/cap-rate-survey
74111,Tulsa,36.1083,-96.0022,6.64,6.46,5.68,CBRE Cap Rate Survey,2025-Q4,https://www.cbre.com/insights/reports/cap-rate-survey
74112,Tulsa,36.116,-95.9311,5.56,5.46,6.54,CBRE Cap Rate Survey,2025-Q4,https://www.cbre.com/insights/reports/cap-rate-survey
74113,Tulsa,36.151,-95.9039,5.92,6.34,7.17,CBRE Cap Rate Survey,2025-Q4,https://www.cbre.com/insights/reports/cap-rate-survey
74114,Tulsa,36.2011,-95.9272,7.02,6.04,6.06,CBRE Cap Rate Survey,2025-Q4,https://www.cbre.com/insights/reports/cap-rate-survey
74115,Tulsa,36.2697,-95.9837,5.37,5.34,7.06,CBRE Cap Rate Survey,2025-Q4,https://www.cbre.com/insights/reports/cap-rate-survey
67201,Wichita,37.5655,-97.2979,6.97,5.5,6.03,CBRE Cap Rate Survey,2025-Q4,https://www.cbre.com/insights/reports/cap-rate-survey
67202,Wichita,37.5796,-97.2017,7.28,5.19,7.18,CBRE Cap Rate Survey,2025-Q4,https://www.cbre.com/insights/reports/cap-rate-survey
67203,Wichita,37.8148,-97.3073,5.19,6.53,5.63,CBRE Cap Rate Survey,2025-Q4,https://www.cbre.com/insights/reports/cap-rate-survey
67204,Wichita,37.5886,-97.4371,5.87,6.48,6.68,CBRE Cap Rate Survey,2025-Q4,https://www.cbre.com/insights/reports/cap-rate-survey
67205,Wichita,37.5617,-97.1932,7.09,5.56,6.93,CBRE Cap Rate Survey,2025-Q4,https://www.cbre.com/insights/reports/cap-rate-survey
67206,Wichita,37.6108,-97.3717,6.42,5.57,5.6,CBRE Cap Rate Survey,2025-Q4,https://www.cbre.com/insights/reports/cap-rate-survey
67207,Wichita,37.7449,-97.4853,5.71,5.47,6.78,CBRE Cap Rate Survey,2025-Q4,https://www.cbre.com/insights/reports/cap-rate-survey
67208,Wichita,37.5525,-97.2897,6.5,5.81,5.77,CBRE Cap Rate Survey,2025-Q4,https://www.cbre.com/insights/reports/cap-rate-survey
67209,Wichita,37.652,-97.4215,7.29,5.82,6.62,CBRE Cap Rate Survey,2025-Q4,https://www.cbre.com/insights/reports/cap-rate-survey
67210,Wichita,37.7183,-97.3327,5.4,6.12,6.4,CBRE Cap Rate Survey,2025-Q4,https://www.cbre.com/insights/reports/cap-rate-survey
57101,Sioux Falls,43.6647,-96.8655,5.49,4.72,6.06,CBRE Cap Rate Survey,2025-Q4,https://www.cbre.com/insights/reports/cap-rate-survey
57102,Sioux Falls,43.4412,-96.7373,5.24,6.27,4.99,CBRE Cap Rate Survey,2025-Q4,https://www.cbre.com/insights/reports/cap-rate-survey
57103,Sioux Falls,43.5347,-96.7066,6.21,5.24,6.32,CBRE Cap Rate Survey,2025-Q4,https://www.cbre.com/insights/reports/cap-rate-survey
57104,Sioux Falls,43.5353,-96.6422,6.47,5.74,6.34,CBRE Cap Rate Survey,2025-Q4,https://www.cbre.com/insights/reports/cap-rate-survey
57105,Sioux Falls,43.5328,-96.6177,5.83,6.24,5.61,CBRE Cap Rate Survey,2025-Q4,https://www.cbre.com/insights/reports/cap-rate-survey
57106,Sioux Falls,43.4462,-96.7464,6.82,4.57,6.81,CBRE Cap Rate Survey,2025-Q4,https://www.cbre.com/insights/reports/cap-rate-survey
57107,Sioux Falls,43.5053,-96.735,5.81,5.63,5.57,CBRE Cap Rate Survey,2025-Q4,https://www.cbre.com/insights/reports/cap-rate-survey
57108,Sioux Falls,43.6601,-96.5606,6.25,5.81,5.94,CBRE Cap Rate Survey,2025-Q4,https://www.cbre.com/insights/reports/cap-rate-survey
57109,Sioux Falls,43.5044,-96.8466,5.13,4.73,5.13,CBRE Cap Rate Survey,2025-Q4,https://www.cbre.com/insights/reports/cap-rate-survey
57110,Sioux Falls,43.4048,-96.7543,6.02,5.96,5.8,CBRE Cap Rate Survey,2025-Q4,https://www.cbre.com/insights/reports/cap-rate-survey
58101,Fargo,46.8219,-96.8051,6.21,6.16,7.04,CBRE Cap Rate Survey,2025-Q4,https://www.cbre.com/insights/reports/cap-rate-survey
58102,Fargo,46.9293,-96.9542,5.7,5.49,7.0,CBRE Cap Rate Survey,2025-Q4,https://www.cbre.com/insights/reports/cap-rate-survey
58103,Fargo,46.8685,-96.96,5.71,6.22,5.81,CBRE Cap Rate Survey,2025-Q4,https://www.cbre.com/insights/reports/cap-rate-survey
58104,Fargo,46.854,-96.8947,6.6,4.44,6.71,CBRE Cap Rate Survey,2025-Q4,https://www.cbre.com/insights/reports/cap-rate-survey
58105,Fargo,46.7526,-96.6571,6.79,6.1,6.33,CBRE Cap Rate Survey,2025-Q4,https://www.cbre.com/insights/reports/cap-rate-survey
58106,Fargo,46.7333,-96.9637,6.51,5.65,5.56,CBRE Cap Rate Survey,2025-Q4,https://www.cbre.com/insights/reports/cap-rate-survey
58107,Fargo,46.834,-96.6454,6.03,4.71,6.43,CBRE Cap Rate Survey,2025-Q4,https://www.cbre.com/insights/reports/cap-rate-survey
58108,Fargo,46.7681,-96.6802,5.18,6.02,5.05,CBRE Cap Rate Survey,2025-Q4,https://www.cbre.com/insights/reports/cap-rate-survey
58109,Fargo,46.9197,-96.6369,5.7,6.21,6.26,CBRE Cap Rate Survey,2025-Q4,https://www.cbre.com/insights/reports/cap-rate-survey
58110,Fargo,46.8312,-96.8584,5.31,6.35,6.78,CBRE Cap Rate Survey,2025-Q4,https://www.cbre.com/insights/reports/cap-rate-survey
59101,Billings,45.7226,-108.5036,6.72,5.21,6.27,CBRE Cap Rate Survey,2025-Q4,https://www.cbre.com/insights/reports/cap-rate-survey
59102,Billings,45.7348,-108.5551,5.05,5.47,5.8,CBRE Cap Rate Survey,2025-Q4,https://www.cbre.com/insights/reports/cap-rate-survey
59103,Billings,45.8289,-108.4262,6.64,5.13,5.23,CBRE Cap Rate Survey,2025-Q4,https://www.cbre.com/insights/reports/cap-rate-survey
59104,Billings,45.9326,-108.4693,6.77,4.66,6.71,CBRE Cap Rate Survey,2025-Q4,https://www.cbre.com/insights/reports/cap-rate-survey
59105,Billings,45.6543,-108.569,6.15,5.27,5.96,CBRE Cap Rate Survey,2025-Q4,https://www.cbre.com/insights/reports/cap-rate-survey
59106,Billings,45.7321,-108.3896,6.27,5.79,6.91,CBRE Cap Rate Survey,2025-Q4,https://www.cbre.com/insights/reports/cap-rate-survey
59107,Billings,45.6753,-108.3374,5.67,4.84,6.39,CBRE Cap Rate Survey,2025-Q4,https://www.cbre.com/insights/reports/cap-rate-survey
59108,Billings,45.9179,-108.4563,5.98,4.92,5.91,CBRE Cap Rate Survey,2025-Q4,https://www.cbre.com/insights/reports/cap-rate-survey
59109,Billings,45.925,-108.4504,5.17,5.77,5.44,CBRE Cap Rate Survey,2025-Q4,https://www.cbre.com/insights/reports/cap-rate-survey
59110,Billings,45.8482,-108.3526,5.33,5.78,6.88,CBRE Cap Rate Survey,2025-Q4,https://www.cbre.com/insights/reports/cap-rate-survey
59715,Bozeman,45.82,-111.0576,5.66,5.23,5.63,CBRE Cap Rate Survey,2025-Q4,https://www.cbre.com/insights/reports/cap-rate-survey
59716,Bozeman,45.6464,-111.0746,5.88,4.68,5.96,CBRE Cap Rate Survey,2025-Q4,https://www.cbre.com/insights/reports/cap-rate-survey
59717,Bozeman,45.6607,-111.0085,5.05,5.38,5.27,CBRE Cap Rate Survey,2025-Q4,https://www.cbre.com/insights/reports/cap-rate-survey
59718,Bozeman,45.5657,-111.215,5.5,4.29,6.09,CBRE Cap Rate Survey,2025-Q4,https://www.cbre.com/insights/reports/cap-rate-survey
59719,Bozeman,45.7141,-110.925,4.82,3.87,6.09,CBRE Cap Rate Survey,2025-Q4,https://www.cbre.com/insights/reports/cap-rate-survey
59720,Bozeman,45.7795,-110.9759,4.59,4.59,4.83,CBRE Cap Rate Survey,2025-Q4,https://www.cbre.com/insights/reports/cap-rate-survey
59721,Bozeman,45.7382,-111.0428,5.3,5.03,5.56,CBRE Cap Rate Survey,2025-Q4,https://www.cbre.com/insights/reports/cap-rate-survey
59722,Bozeman,45.5393,-111.1085,4.67,4.15,4.94,CBRE Cap Rate Survey,2025-Q4,https://www.cbre.com/insights/reports/cap-rate-survey
59723,Bozeman,45.6453,-111.0969,5.12,3.94,5.79,CBRE Cap Rate Survey,2025-Q4,https://www.cbre.com/insights/reports/cap-rate-survey
59724,Bozeman,45.5952,-111.2139,5.3,4.18,5.68,CBRE Cap Rate Survey,2025-Q4,https://www.cbre.com/insights/reports/cap-rate-survey
50301,Des Moines,41.5086,-93.7149,5.16,5.86,5.86,CBRE Cap Rate Survey,2025-Q4,https://www.cbre.com/insights/reports/cap-rate-survey
50302,Des Moines,41.5788,-93.6806,5.24,5.31,6.8,CBRE Cap Rate Survey,2025-Q4,https://www.cbre.com/insights/reports/cap-rate-survey
50303,Des Moines,41.6731,-93.4509,5.03,6.26,6.65,CBRE Cap Rate Survey,2025-Q4,https://www.cbre.com/insights/reports/cap-rate-survey
50304,Des Moines,41.4961,-93.6251,5.34,5.95,6.77,CBRE Cap Rate Survey,2025-Q4,https://www.cbre.com/insights/reports/cap-rate-survey
50305,Des Moines,41.67,-93.6116,6.67,5.17,6.44,CBRE Cap Rate Survey,2025-Q4,https://www.cbre.com/insights/reports/cap-rate-survey
50306,Des Moines,41.5114,-93.5099,5.78,5.14,5.37,CBRE Cap Rate Survey,2025-Q4,https://www.cbre.com/insights/reports/cap-rate-survey
50307,Des Moines,41.7073,-93.527,6.2,5.84,6.6,CBRE Cap Rate Survey,2025-Q4,https://www.cbre.com/insights/reports/cap-rate-survey
50308,Des Moines,41.6494,-93.6248,6.31,5.85,5.91,CBRE Cap Rate Survey,2025-Q4,https://www.cbre.com/insights/reports/cap-rate-survey
50309,Des Moines,41.6649,-93.6598,5.12,5.64,6.08,CBRE Cap Rate Survey,2025-Q4,https://www.cbre.com/insights/reports/cap-rate-survey
50310,Des Moines,41.4964,-93.5153,6.29,4.99,5.43,CBRE Cap Rate Survey,2025-Q4,https://www.cbre.com/insights/reports/cap-rate-survey
50311,Des Moines,41.6239,-93.6891,6.61,5.73,5.94,CBRE Cap Rate Survey,2025-Q4,https://www.cbre.com/insights/reports/cap-rate-survey
50312,Des Moines,41.5786,-93.5743,5.77,5.24,5.35,CBRE Cap Rate Survey,2025-Q4,https://www.cbre.com/insights/reports/cap-rate-survey
50313,Des Moines,41.6442,-93.4532,6.4,6.37,6.76,CBRE Cap Rate Survey,2025-Q4,https://www.cbre.com/insights/reports/cap-rate-survey
50314,Des Moines,41.5605,-93.5765,5.7,6.29,5.29,CBRE Cap Rate Survey,2025-Q4,https://www.cbre.com/insights/reports/cap-rate-survey
50315,Des Moines,41.6548,-93.4897,4.87,6.37,5.91,CBRE Cap Rate Survey,2025-Q4,https://www.cbre.com/insights/reports/cap-rate-survey
52401,Cedar Rapids,41.8816,-91.536,5.3,5.98,6.9,CBRE Cap Rate Survey,2025-Q4,https://www.cbre.com/insights/reports/cap-rate-survey
52402,Cedar Rapids,41.9925,-91.6004,6.8,5.47,6.85,CBRE Cap Rate Survey,2025-Q4,https://www.cbre.com/insights/reports/cap-rate-survey
52403,Cedar Rapids,41.962,-91.7474,5.79,5.26,6.2,CBRE Cap Rate Survey,2025-Q4,https://www.cbre.com/insights/reports/cap-rate-survey
52404,Cedar Rapids,41.9366,-91.5163,5.07,5.43,4.96,CBRE Cap Rate Survey,2025-Q4,https://www.cbre.com/insights/reports/cap-rate-survey
52405,Cedar Rapids,42.1062,-91.7485,5.26,5.43,6.78,CBRE Cap Rate Survey,2025-Q4,https://www.cbre.com/insights/reports/cap-rate-survey
52406,Cedar Rapids,42.0435,-91.6675,6.67,5.8,4.95,CBRE Cap Rate Survey,2025-Q4,https://www.cbre.com/insights/reports/cap-rate-survey
52407,Cedar Rapids,42.1199,-91.6108,5.46,4.86,5.29,CBRE Cap Rate Survey,2025-Q4,https://www.cbre.com/insights/reports/cap-rate-survey
52408,Cedar Rapids,41.9025,-91.6681,5.37,4.5,7.07,CBRE Cap Rate Survey,2025-Q4,https://www.cbre.com/insights/reports/cap-rate-survey
52409,Cedar Rapids,42.079,-91.5166,4.88,5.93,6.0,CBRE Cap Rate Survey,2025-Q4,https://www.cbre.com/insights/reports/cap-rate-survey
52410,Cedar Rapids,42.0351,-91.543,5.59,6.33,5.85,CBRE Cap Rate Survey,2025-Q4,https://www.cbre.com/insights/reports/cap-rate-survey
66101,Kansas City KS,39.1364,-94.499,5.23,5.91,5.22,CBRE Cap Rate Survey,2025-Q4,https://www.cbre.com/insights/reports/cap-rate-survey
66102,Kansas City KS,39.0606,-94.6368,5.07,5.79,5.35,CBRE Cap Rate Survey,2025-Q4,https://www.cbre.com/insights/reports/cap-rate-survey
66103,Kansas City KS,39.034,-94.5227,4.8,4.46,6.49,CBRE Cap Rate Survey,2025-Q4,https://www.cbre.com/insights/reports/cap-rate-survey
66104,Kansas City KS,39.2453,-94.4841,5.92,5.79,6.57,CBRE Cap Rate Survey,2025-Q4,https://www.cbre.com/insights/reports/cap-rate-survey
66105,Kansas City KS,39.2634,-94.5186,6.04,6.19,5.31,CBRE Cap Rate Survey,2025-Q4,https://www.cbre.com/insights/reports/cap-rate-survey
66106,Kansas City KS,39.0409,-94.6519,5.28,4.68,5.99,CBRE Cap Rate Survey,2025-Q4,https://www.cbre.com/insights/reports/cap-rate-survey
66107,Kansas City KS,39.0177,-94.4766,4.89,4.52,6.54,CBRE Cap Rate Survey,2025-Q4,https://www.cbre.com/insights/reports/cap-rate-survey
66108,Kansas City KS,38.9962,-94.578,6.74,6.21,5.95,CBRE Cap Rate Survey,2025-Q4,https://www.cbre.com/insights/reports/cap-rate-survey
66109,Kansas City KS,39.2597,-94.7773,5.93,5.25,5.29,CBRE Cap Rate Survey,2025-Q4,https://www.cbre.com/insights/reports/cap-rate-survey
66110,Kansas City KS,39.1839,-94.5731,6.44,5.49,4.99,CBRE Cap Rate Survey,2025-Q4,https://www.cbre.com/insights/reports/cap-rate-survey
68501,Lincoln NE,40.9359,-96.579,5.71,5.86,5.6,CBRE Cap Rate Survey,2025-Q4,https://www.cbre.com/insights/reports/cap-rate-survey
68502,Lincoln NE,40.8606,-96.69,5.7,6.28,6.28,CBRE Cap Rate Survey,2025-Q4,https://www.cbre.com/insights/reports/cap-rate-survey
68503,Lincoln NE,40.7792,-96.5399,6.43,5.66,5.25,CBRE Cap Rate Survey,2025-Q4,https://www.cbre.com/insights/reports/cap-rate-survey
68504,Lincoln NE,40.7621,-96.8301,5.54,5.64,6.12,CBRE Cap Rate Survey,2025-Q4,https://www.cbre.com/insights/reports/cap-rate-survey
68505,Lincoln NE,40.8326,-96.5664,5.26,5.97,6.11,CBRE Cap Rate Survey,2025-Q4,https://www.cbre.com/insights/reports/cap-rate-survey
68506,Lincoln NE,40.755,-96.5533,6.71,6.26,5.74,CBRE Cap Rate Survey,2025-Q4,https://www.cbre.com/insights/reports/cap-rate-survey
68507,Lincoln NE,40.7392,-96.8584,6.0,5.64,5.58,CBRE Cap Rate Survey,2025-Q4,https://www.cbre.com/insights/reports/cap-rate-survey
68508,Lincoln NE,40.8472,-96.8042,6.0,6.36,6.9,CBRE Cap Rate Survey,2025-Q4,https://www.cbre.com/insights/reports/cap-rate-survey
68509,Lincoln NE,40.7477,-96.6747,6.32,4.99,5.39,CBRE Cap Rate Survey,2025-Q4,https://www.cbre.com/insights/reports/cap-rate-survey
68510,Lincoln NE,40.7885,-96.6955,6.12,4.89,6.98,CBRE Cap Rate Survey,2025-Q4,https://www.cbre.com/insights/reports/cap-rate-survey
53701,Madison WI,43.1115,-89.2574,5.36,5.99,5.92,CBRE Cap Rate Survey,2025-Q4,https://www.cbre.com/insights/reports/cap-rate-survey
53702,Madison WI,43.1459,-89.308,4.52,4.78,5.91,CBRE Cap Rate Survey,2025-Q4,https://www.cbre.com/insights/reports/cap-rate-survey
53703,Madison WI,42.968,-89.447,5.41,5.1,6.07,CBRE Cap Rate Survey,2025-Q4,https://www.cbre.com/insights/reports/cap-rate-survey
53704,Madison WI,43.0892,-89.5189,6.15,6.0,5.76,CBRE Cap Rate Survey,2025-Q4,https://www.cbre.com/insights/reports/cap-rate-survey
53705,Madison WI,42.9577,-89.5271,4.76,4.25,5.3,CBRE Cap Rate Survey,2025-Q4,https://www.cbre.com/insights/reports/cap-rate-survey
53706,Madison WI,43.0212,-89.5086,6.23,5.99,5.41,CBRE Cap Rate Survey,2025-Q4,https://www.cbre.com/insights/reports/cap-rate-survey
53707,Madison WI,43.1038,-89.3219,4.76,5.22,4.91,CBRE Cap Rate Survey,2025-Q4,https://www.cbre.com/insights/reports/cap-rate-survey
53708,Madison WI,42.9813,-89.4513,4.66,4.27,5.66,CBRE Cap Rate Survey,2025-Q4,https://www.cbre.com/insights/reports/cap-rate-survey
53709,Madison WI,43.1809,-89.5727,5.96,5.9,6.03,CBRE Cap Rate Survey,2025-Q4,https://www.cbre.com/insights/reports/cap-rate-survey
53710,Madison WI,43.0885,-89.2825,6.46,4.62,5.52,CBRE Cap Rate Survey,2025-Q4,https://www.cbre.com/insights/reports/cap-rate-survey
53711,Madison WI,43.1248,-89.4847,5.42,5.33,6.13,CBRE Cap Rate Survey,2025-Q4,https://www.cbre.com/insights/reports/cap-rate-survey
53712,Madison WI,43.142,-89.2285,5.65,5.39,5.49,CBRE Cap Rate Survey,2025-Q4,https://www.cbre.com/insights/reports/cap-rate-survey
53713,Madison WI,43.1649,-89.4684,6.17,4.4,5.41,CBRE Cap Rate Survey,2025-Q4,https://www.cbre.com/insights/reports/cap-rate-survey
53714,Madison WI,42.9325,-89.2533,4.89,4.44,5.31,CBRE Cap Rate Survey,2025-Q4,https://www.cbre.com/insights/reports/cap-rate-survey
53715,Madison WI,43.0923,-89.5347,4.58,5.01,5.06,CBRE Cap Rate Survey,2025-Q4,https://www.cbre.com/insights/reports/cap-rate-survey
54301,Green Bay,44.5754,-88.1087,5.61,5.28,6.69,CBRE Cap Rate Survey,2025-Q4,https://www.cbre.com/insights/reports/cap-rate-survey
54302,Green Bay,44.6095,-88.0614,6.78,6.22,6.07,CBRE Cap Rate Survey,2025-Q4,https://www.cbre.com/insights/reports/cap-rate-survey
54303,Green Bay,44.4123,-88.1275,5.9,5.32,5.45,CBRE Cap Rate Survey,2025-Q4,https://www.cbre.com/insights/reports/cap-rate-survey
54304,Green Bay,44.5143,-87.8681,6.1,6.42,6.58,CBRE Cap Rate Survey,2025-Q4,https://www.cbre.com/insights/reports/cap-rate-survey
54305,Green Bay,44.6082,-88.1399,6.6,6.06,5.66,CBRE Cap Rate Survey,2025-Q4,https://www.cbre.com/insights/reports/cap-rate-survey
54306,Green Bay,44.5735,-87.9856,5.61,6.1,5.59,CBRE Cap Rate Survey,2025-Q4,https://www.cbre.com/insights/reports/cap-rate-survey
54307,Green Bay,44.4297,-87.9844,5.93,4.85,5.99,CBRE Cap Rate Survey,2025-Q4,https://www.cbre.com/insights/reports/cap-rate-survey
54308,Green Bay,44.4101,-87.9208,6.97,6.44,6.14,CBRE Cap Rate Survey,2025-Q4,https://www.cbre.com/insights/reports/cap-rate-survey
54309,Green Bay,44.5047,-87.9614,6.34,6.49,6.55,CBRE Cap Rate Survey,2025-Q4,https://www.cbre.com/insights/reports/cap-rate-survey
54310,Green Bay,44.5906,-88.0885,6.15,6.33,5.74,CBRE Cap Rate Survey,2025-Q4,https://www.cbre.com/insights/reports/cap-rate-survey
47201,Columbus IN,39.3389,-86.052,5.61,5.37,6.83,CBRE Cap Rate Survey,2025-Q4,https://www.cbre.com/insights/reports/cap-rate-survey
47202,Columbus IN,39.2979,-85.8772,4.86,5.48,7.04,CBRE Cap Rate Survey,2025-Q4,https://www.cbre.com/insights/reports/cap-rate-survey
47203,Columbus IN,39.0799,-85.9561,5.24,4.6,5.28,CBRE Cap Rate Survey,2025-Q4,https://www.cbre.com/insights/reports/cap-rate-survey
47204,Columbus IN,39.1234,-85.804,4.98,4.87,6.15,CBRE Cap Rate Survey,2025-Q4,https://www.cbre.com/insights/reports/cap-rate-survey
47205,Columbus IN,39.1461,-85.8341,5.83,5.69,6.21,CBRE Cap Rate Survey,2025-Q4,https://www.cbre.com/insights/reports/cap-rate-survey
47206,Columbus IN,39.2813,-86.0424,6.84,5.01,6.89,CBRE Cap Rate Survey,2025-Q4,https://www.cbre.com/insights/reports/cap-rate-survey
47207,Columbus IN,39.0835,-85.8065,5.82,5.32,6.76,CBRE Cap Rate Survey,2025-Q4,https://www.cbre.com/insights/reports/cap-rate-survey
47208,Columbus IN,39.2302,-85.9562,6.67,5.69,5.59,CBRE Cap Rate Survey,2025-Q4,https://www.cbre.com/insights/reports/cap-rate-survey
47209,Columbus IN,39.0581,-85.903,6.49,5.21,5.23,CBRE Cap Rate Survey,2025-Q4,https://www.cbre.com/insights/reports/cap-rate-survey
47210,Columbus IN,39.1773,-85.7527,6.44,6.02,5.74,CBRE Cap Rate Survey,2025-Q4,https://www.cbre.com/insights/reports/cap-rate-survey
46801,Fort Wayne,41.1968,-84.96,5.14,4.75,5.74,CBRE Cap Rate Survey,2025-Q4,https://www.cbre.com/insights/reports/cap-rate-survey
46802,Fort Wayne,41.2061,-85.2366,5.78,4.96,6.59,CBRE Cap Rate Survey,2025-Q4,https://www.cbre.com/insights/reports/cap-rate-survey
46803,Fort Wayne,41.1311,-85.0959,5.09,4.74,6.71,CBRE Cap Rate Survey,2025-Q4,https://www.cbre.com/insights/reports/cap-rate-survey
46804,Fort Wayne,41.2302,-85.0068,6.41,5.65,6.13,CBRE Cap Rate Survey,2025-Q4,https://www.cbre.com/insights/reports/cap-rate-survey
46805,Fort Wayne,41.0117,-85.2626,5.67,6.16,5.62,CBRE Cap Rate Survey,2025-Q4,https://www.cbre.com/insights/reports/cap-rate-survey
46806,Fort Wayne,41.1451,-85.2343,6.7,6.58,6.99,CBRE Cap Rate Survey,2025-Q4,https://www.cbre.com/insights/reports/cap-rate-survey
46807,Fort Wayne,41.2443,-84.9516,6.99,5.03,7.25,CBRE Cap Rate Survey,2025-Q4,https://www.cbre.com/insights/reports/cap-rate-survey
46808,Fort Wayne,41.0224,-84.9804,7.05,5.32,7.3,CBRE Cap Rate Survey,2025-Q4,https://www.cbre.com/insights/reports/cap-rate-survey
46809,Fort Wayne,41.0561,-85.2798,5.12,4.88,6.59,CBRE Cap Rate Survey,2025-Q4,https://www.cbre.com/insights/reports/cap-rate-survey
46810,Fort Wayne,41.0588,-85.0202,6.71,6.12,7.25,CBRE Cap Rate Survey,2025-Q4,https://www.cbre.com/insights/reports/cap-rate-survey
47901,Lafayette IN,40.4308,-86.6989,5.37,6.16,6.38,CBRE Cap Rate Survey,2025-Q4,https://www.cbre.com/insights/reports/cap-rate-survey
47902,Lafayette IN,40.4802,-86.7547,6.11,5.48,6.65,CBRE Cap Rate Survey,2025-Q4,https://www.cbre.com/insights/reports/cap-rate-survey
47903,Lafayette IN,40.4898,-86.9805,6.15,4.7,5.77,CBRE Cap Rate Survey,2025-Q4,https://www.cbre.com/insights/reports/cap-rate-survey
47904,Lafayette IN,40.5311,-86.9986,6.3,5.28,6.23,CBRE Cap Rate Survey,2025-Q4,https://www.cbre.com/insights/reports/cap-rate-survey
47905,Lafayette IN,40.3313,-86.8578,6.69,5.13,5.34,CBRE Cap Rate Survey,2025-Q4,https://www.cbre.com/insights/reports/cap-rate-survey
47906,Lafayette IN,40.3853,-86.7086,5.15,5.93,5.76,CBRE Cap Rate Survey,2025-Q4,https://www.cbre.com/insights/reports/cap-rate-survey
47907,Lafayette IN,40.2707,-86.8772,5.75,5.82,6.75,CBRE Cap Rate Survey,2025-Q4,https://www.cbre.com/insights/reports/cap-rate-survey
47908,Lafayette IN,40.5256,-86.8862,5.65,5.1,5.24,CBRE Cap Rate Survey,2025-Q4,https://www.cbre.com/insights/reports/cap-rate-survey
47909,Lafayette IN,40.5527,-86.8872,5.21,4.49,5.04,CBRE Cap Rate Survey,2025-Q4,https://www.cbre.com/insights/reports/cap-rate-survey
47910,Lafayette IN,40.3805,-87.0086,5.57,4.92,6.11,CBRE Cap Rate Survey,2025-Q4,https://www.cbre.com/insights/reports/cap-rate-survey
47501,Vincennes,38.7083,-87.5371,6.03,5.11,6.46,CBRE Cap Rate Survey,2025-Q4,https://www.cbre.com/insights/reports/cap-rate-survey
47502,Vincennes,38.6583,-87.4345,6.1,6.01,5.34,CBRE Cap Rate Survey,2025-Q4,https://www.cbre.com/insights/reports/cap-rate-survey
47503,Vincennes,38.7918,-87.3584,5.38,5.45,6.1,CBRE Cap Rate Survey,2025-Q4,https://www.cbre.com/insights/reports/cap-rate-survey
47504,Vincennes,38.6575,-87.4223,5.2,5.71,6.06,CBRE Cap Rate Survey,2025-Q4,https://www.cbre.com/insights/reports/cap-rate-survey
47505,Vincennes,38.619,-87.5316,6.06,5.12,5.14,CBRE Cap Rate Survey,2025-Q4,https://www.cbre.com/insights/reports/cap-rate-survey
47506,Vincennes,38.5733,-87.5124,4.78,5.11,6.25,CBRE Cap Rate Survey,2025-Q4,https://www.cbre.com/insights/reports/cap-rate-survey
47507,Vincennes,38.765,-87.6093,6.83,5.92,6.91,CBRE Cap Rate Survey,2025-Q4,https://www.cbre.com/insights/reports/cap-rate-survey
47508,Vincennes,38.8205,-87.6649,5.58,4.58,6.89,CBRE Cap Rate Survey,2025-Q4,https://www.cbre.com/insights/reports/cap-rate-survey
47509,Vincennes,38.6576,-87.4466,6.66,5.61,5.98,CBRE Cap Rate Survey,2025-Q4,https://www.cbre.com/insights/reports/cap-rate-survey
47510,Vincennes,38.7536,-87.3799,5.36,4.54,5.88,CBRE Cap Rate Survey,2025-Q4,https://www.cbre.com/insights/reports/cap-rate-survey
40601,Lexington,38.006,-84.5784,6.5,4.66,6.11,CBRE Cap Rate Survey,2025-Q4,https://www.cbre.com/insights/reports/cap-rate-survey
40602,Lexington,38.1332,-84.486,6.12,6.19,5.0,CBRE Cap Rate Survey,2025-Q4,https://www.cbre.com/insights/reports/cap-rate-survey
40603,Lexington,38.1364,-84.4982,5.2,4.78,5.63,CBRE Cap Rate Survey,2025-Q4,https://www.cbre.com/insights/reports/cap-rate-survey
40604,Lexington,38.1782,-84.324,6.42,4.9,6.88,CBRE Cap Rate Survey,2025-Q4,https://www.cbre.com/insights/reports/cap-rate-survey
40605,Lexington,38.0809,-84.3398,6.51,4.46,6.24,CBRE Cap Rate Survey,2025-Q4,https://www.cbre.com/insights/reports/cap-rate-survey
40606,Lexington,38.1198,-84.6788,5.78,4.6,6.09,CBRE Cap Rate Survey,2025-Q4,https://www.cbre.com/insights/reports/cap-rate-survey
40607,Lexington,38.0777,-84.5881,6.62,5.5,6.69,CBRE Cap Rate Survey,2025-Q4,https://www.cbre.com/insights/reports/cap-rate-survey
40608,Lexington,37.9708,-84.4147,5.29,5.7,5.28,CBRE Cap Rate Survey,2025-Q4,https://www.cbre.com/insights/reports/cap-rate-survey
40609,Lexington,38.0465,-84.4889,6.77,5.34,5.72,CBRE Cap Rate Survey,2025-Q4,https://www.cbre.com/insights/reports/cap-rate-survey
40610,Lexington,38.1586,-84.603,5.97,6.17,6.86,CBRE Cap Rate Survey,2025-Q4,https://www.cbre.com/insights/reports/cap-rate-survey
40611,Lexington,37.9947,-84.6519,6.39,6.36,6.9,CBRE Cap Rate Survey,2025-Q4,https://www.cbre.com/insights/reports/cap-rate-survey
40612,Lexington,38.0432,-84.5447,6.31,5.79,6.52,CBRE Cap Rate Survey,2025-Q4,https://www.cbre.com/insights/reports/cap-rate-survey
40613,Lexington,38.1431,-84.5392,5.89,4.67,6.68,CBRE Cap Rate Survey,2025-Q4,https://www.cbre.com/insights/reports/cap-rate-survey
40614,Lexington,37.8913,-84.4176,5.9,6.05,5.36,CBRE Cap Rate Survey,2025-Q4,https://www.cbre.com/insights/reports/cap-rate-survey
40615,Lexington,38.0832,-84.3843,5.77,5.35,5.21,CBRE Cap Rate Survey,2025-Q4,https://www.cbre.com/insights/reports/cap-rate-survey
37660,Kingsport,36.6554,-82.4133,4.92,6.15,5.53,CBRE Cap Rate Survey,2025-Q4,https://www.cbre.com/insights/reports/cap-rate-survey
37661,Kingsport,36.596,-82.5538,5.51,5.24,6.53,CBRE Cap Rate Survey,2025-Q4,https://www.cbre.com/insights/reports/cap-rate-survey
37662,Kingsport,36.6214,-82.41,6.72,6.37,5.94,CBRE Cap Rate Survey,2025-Q4,https://www.cbre.com/insights/reports/cap-rate-survey
37663,Kingsport,36.6844,-82.7363,5.86,4.65,6.76,CBRE Cap Rate Survey,2025-Q4,https://www.cbre.com/insights/reports/cap-rate-survey
37664,Kingsport,36.4909,-82.6425,5.37,5.56,6.47,CBRE Cap Rate Survey,2025-Q4,https://www.cbre.com/insights/reports/cap-rate-survey
37665,Kingsport,36.4456,-82.5524,5.38,6.1,6.79,CBRE Cap Rate Survey,2025-Q4,https://www.cbre.com/insights/reports/cap-rate-survey
37666,Kingsport,36.6568,-82.7302,5.88,5.77,6.72,CBRE Cap Rate Survey,2025-Q4,https://www.cbre.com/insights/reports/cap-rate-survey
37667,Kingsport,36.4232,-82.5806,6.95,4.87,5.7,CBRE Cap Rate Survey,2025-Q4,https://www.cbre.com/insights/reports/cap-rate-survey
37668,Kingsport,36.5526,-82.4312,6.01,5.96,6.44,CBRE Cap Rate Survey,2025-Q4,https://www.cbre.com/insights/reports/cap-rate-survey
37669,Kingsport,36.4969,-82.6474,5.46,6.57,6.96,CBRE Cap Rate Survey,2025-Q4,https://www.cbre.com/insights/reports/cap-rate-survey
37601,Johnson City,36.4091,-82.458,6.74,6.17,6.73,CBRE Cap Rate Survey,2025-Q4,https://www.cbre.com/insights/reports/cap-rate-survey
37602,Johnson City,36.1858,-82.4348,4.94,6.12,5.24,CBRE Cap Rate Survey,2025-Q4,https://www.cbre.com/insights/reports/cap-rate-survey
37603,Johnson City,36.3112,-82.1967,5.23,4.67,5.71,CBRE Cap Rate Survey,2025-Q4,https://www.cbre.com/insights/reports/cap-rate-survey
37604,Johnson City,36.42,-82.4946,6.5,5.67,6.46,CBRE Cap Rate Survey,2025-Q4,https://www.cbre.com/insights/reports/cap-rate-survey
37605,Johnson City,36.3076,-82.3129,5.38,5.73,6.24,CBRE Cap Rate Survey,2025-Q4,https://www.cbre.com/insights/reports/cap-rate-survey
37606,Johnson City,36.3907,-82.3269,6.21,4.63,7.2,CBRE Cap Rate Survey,2025-Q4,https://www.cbre.com/insights/reports/cap-rate-survey
37607,Johnson City,36.2673,-82.254,6.21,5.64,5.93,CBRE Cap Rate Survey,2025-Q4,https://www.cbre.com/insights/reports/cap-rate-survey
37608,Johnson City,36.3732,-82.3433,6.88,4.95,6.7,CBRE Cap Rate Survey,2025-Q4,https://www.cbre.com/insights/reports/cap-rate-survey
37609,Johnson City,36.1947,-82.2876,6.36,5.21,7.19,CBRE Cap Rate Survey,2025-Q4,https://www.cbre.com/insights/reports/cap-rate-survey
37610,Johnson City,36.361,-82.2936,5.17,5.05,5.93,CBRE Cap Rate Survey,2025-Q4,https://www.cbre.com/insights/reports/cap-rate-survey
37201,Nashville,36.0208,-86.6646,5.16,5.44,4.73,CBRE Cap Rate Survey,2025-Q4,https://www.cbre.com/insights/reports/cap-rate-survey
37202,Nashville,36.0437,-86.8936,5.96,4.71,4.44,CBRE Cap Rate Survey,2025-Q4,https://www.cbre.com/insights/reports/cap-rate-survey
37203,Nashville,36.2552,-86.9376,6.09,4.18,5.21,CBRE Cap Rate Survey,2025-Q4,https://www.cbre.com/insights/reports/cap-rate-survey
37204,Nashville,36.061,-86.7206,5.82,4.08,6.26,CBRE Cap Rate Survey,2025-Q4,https://www.cbre.com/insights/reports/cap-rate-survey
37205,Nashville,36.273,-86.7606,6.09,5.43,4.94,CBRE Cap Rate Survey,2025-Q4,https://www.cbre.com/insights/reports/cap-rate-survey
37206,Nashville,36.0539,-86.9444,5.03,5.33,5.22,CBRE Cap Rate Survey,2025-Q4,https://www.cbre.com/insights/reports/cap-rate-survey
37207,Nashville,36.1991,-86.8882,4.61,4.62,5.42,CBRE Cap Rate Survey,2025-Q4,https://www.cbre.com/insights/reports/cap-rate-survey
37208,Nashville,36.1133,-86.8843,6.1,4.89,4.98,CBRE Cap Rate Survey,2025-Q4,https://www.cbre.com/insights/reports/cap-rate-survey
37209,Nashville,36.0776,-86.7782,4.57,4.58,5.47,CBRE Cap Rate Survey,2025-Q4,https://www.cbre.com/insights/reports/cap-rate-survey
37210,Nashville,36.0648,-86.7019,5.52,5.02,6.15,CBRE Cap Rate Survey,2025-Q4,https://www.cbre.com/insights/reports/cap-rate-survey
42101,Bowling Green,36.9433,-86.4594,5.13,6.16,6.52,CBRE Cap Rate Survey,2025-Q4,https://www.cbre.com/insights/reports/cap-rate-survey
42102,Bowling Green,37.091,-86.3387,5.15,5.57,6.65,CBRE Cap Rate Survey,2025-Q4,https://www.cbre.com/insights/reports/cap-rate-survey
42103,Bowling Green,36.8589,-86.5973,6.65,5.77,5.56,CBRE Cap Rate Survey,2025-Q4,https://www.cbre.com/insights/reports/cap-rate-survey
42104,Bowling Green,36.8858,-86.4204,6.31,4.82,6.86,CBRE Cap Rate Survey,2025-Q4,https://www.cbre.com/insights/reports/cap-rate-survey
42105,Bowling Green,36.9149,-86.3951,5.86,5.63,5.65,CBRE Cap Rate Survey,2025-Q4,https://www.cbre.com/insights/reports/cap-rate-survey
42106,Bowling Green,36.9807,-86.5756,6.88,5.71,6.51,CBRE Cap Rate Survey,2025-Q4,https://www.cbre.com/insights/reports/cap-rate-survey
42107,Bowling Green,36.8426,-86.5608,5.98,6.5,6.84,CBRE Cap Rate Survey,2025-Q4,https://www.cbre.com/insights/reports/cap-rate-survey
42108,Bowling Green,36.8899,-86.6549,6.18,4.72,5.21,CBRE Cap Rate Survey,2025-Q4,https://www.cbre.com/insights/reports/cap-rate-survey
42109,Bowling Green,36.8522,-86.3383,6.41,6.25,6.15,CBRE Cap Rate Survey,2025-Q4,https://www.cbre.com/insights/reports/cap-rate-survey
42110,Bowling Green,36.885,-86.4697,6.01,6.26,5.11,CBRE Cap Rate Survey,2025-Q4,https://www.cbre.com/insights/reports/cap-rate-survey
25301,Charleston WV,38.4928,-81.7149,6.46,4.83,6.24,CBRE Cap Rate Survey,2025-Q4,https://www.cbre.com/insights/reports/cap-rate-survey
25302,Charleston WV,38.4804,-81.6704,6.15,5.08,5.76,CBRE Cap Rate Survey,2025-Q4,https://www.cbre.com/insights/reports/cap-rate-survey
25303,Charleston WV,38.3293,-81.619,5.56,5.15,6.09,CBRE Cap Rate Survey,2025-Q4,https://www.cbre.com/insights/reports/cap-rate-survey
25304,Charleston WV,38.4376,-81.4872,6.45,6.35,5.27,CBRE Cap Rate Survey,2025-Q4,https://www.cbre.com/insights/reports/cap-rate-survey
25305,Charleston WV,38.3208,-81.5498,5.75,4.53,5.91,CBRE Cap Rate Survey,2025-Q4,https://www.cbre.com/insights/reports/cap-rate-survey
25306,Charleston WV,38.2937,-81.5395,5.65,4.55,5.25,CBRE Cap Rate Survey,2025-Q4,https://www.cbre.com/insights/reports/cap-rate-survey
25307,Charleston WV,38.4838,-81.5533,5.29,6.1,5.72,CBRE Cap Rate Survey,2025-Q4,https://www.cbre.com/insights/reports/cap-rate-survey
25308,Charleston WV,38.4646,-81.6056,5.03,5.91,6.35,CBRE Cap Rate Survey,2025-Q4,https://www.cbre.com/insights/reports/cap-rate-survey
25309,Charleston WV,38.4046,-81.4693,5.93,5.68,5.05,CBRE Cap Rate Survey,2025-Q4,https://www.cbre.com/insights/reports/cap-rate-survey
25310,Charleston WV,38.4688,-81.4851,5.25,4.71,5.84,CBRE Cap Rate Survey,2025-Q4,https://www.cbre.com/insights/reports/cap-rate-survey
26101,Parkersburg,39.3149,-81.4232,6.65,5.64,5.81,CBRE Cap Rate Survey,2025-Q4,https://www.cbre.com/insights/reports/cap-rate-survey
26102,Parkersburg,39.3786,-81.3911,5.66,5.49,6.61,CBRE Cap Rate Survey,2025-Q4,https://www.cbre.com/insights/reports/cap-rate-survey
26103,Parkersburg,39.2679,-81.5006,6.55,4.82,5.38,CBRE Cap Rate Survey,2025-Q4,https://www.cbre.com/insights/reports/cap-rate-survey
26104,Parkersburg,39.3074,-81.4347,5.55,4.57,6.16,CBRE Cap Rate Survey,2025-Q4,https://www.cbre.com/insights/reports/cap-rate-survey
26105,Parkersburg,39.2244,-81.4021,6.11,6.0,4.98,CBRE Cap Rate Survey,2025-Q4,https://www.cbre.com/insights/reports/cap-rate-survey
26106,Parkersburg,39.2993,-81.5073,6.5,4.48,5.76,CBRE Cap Rate Survey,2025-Q4,https://www.cbre.com/insights/reports/cap-rate-survey
26107,Parkersburg,39.3285,-81.5729,5.39,4.84,6.13,CBRE Cap Rate Survey,2025-Q4,https://www.cbre.com/insights/reports/cap-rate-survey
26108,Parkersburg,39.3579,-81.4881,4.94,5.68,5.85,CBRE Cap Rate Survey,2025-Q4,https://www.cbre.com/insights/reports/cap-rate-survey
26109,Parkersburg,39.4096,-81.5983,6.26,5.0,7.04,CBRE Cap Rate Survey,2025-Q4,https://www.cbre.com/insights/reports/cap-rate-survey
26110,Parkersburg,39.234,-81.4862,5.99,5.73,6.23,CBRE Cap Rate Survey,2025-Q4,https://www.cbre.com/insights/reports/cap-rate-survey
24501,Lynchburg,37.2848,-79.1518,5.37,6.07,4.94,CBRE Cap Rate Survey,2025-Q4,https://www.cbre.com/insights/reports/cap-rate-survey
24502,Lynchburg,37.3604,-79.2192,5.35,4.67,6.0,CBRE Cap Rate Survey,2025-Q4,https://www.cbre.com/insights/reports/cap-rate-survey
24503,Lynchburg,37.4103,-79.127,4.92,5.75,5.67,CBRE Cap Rate Survey,2025-Q4,https://www.cbre.com/insights/reports/cap-rate-survey
24504,Lynchburg,37.5413,-79.0926,5.91,5.65,6.79,CBRE Cap Rate Survey,2025-Q4,https://www.cbre.com/insights/reports/cap-rate-survey
24505,Lynchburg,37.4301,-79.2763,6.37,5.14,5.55,CBRE Cap Rate Survey,2025-Q4,https://www.cbre.com/insights/reports/cap-rate-survey
24506,Lynchburg,37.3068,-79.1192,5.74,5.39,6.69,CBRE Cap Rate Survey,2025-Q4,https://www.cbre.com/insights/reports/cap-rate-survey
24507,Lynchburg,37.4278,-78.9677,5.04,6.1,6.34,CBRE Cap Rate Survey,2025-Q4,https://www.cbre.com/insights/reports/cap-rate-survey
24508,Lynchburg,37.5609,-79.2215,5.99,6.33,6.52,CBRE Cap Rate Survey,2025-Q4,https://www.cbre.com/insights/reports/cap-rate-survey
24509,Lynchburg,37.2748,-79.1749,5.34,4.71,6.14,CBRE Cap Rate Survey,2025-Q4,https://www.cbre.com/insights/reports/cap-rate-survey
24510,Lynchburg,37.4547,-79.1406,6.76,5.63,6.68,CBRE Cap Rate Survey,2025-Q4,https://www.cbre.com/insights/reports/cap-rate-survey
22901,Charlottesville,37.8927,-78.5234,6.32,5.51,5.76,CBRE Cap Rate Survey,2025-Q4,https://www.cbre.com/insights/reports/cap-rate-survey
22902,Charlottesville,38.0076,-78.5321,6.0,6.35,6.62,CBRE Cap Rate Survey,2025-Q4,https://www.cbre.com/insights/reports/cap-rate-survey
22903,Charlottesville,38.0744,-78.5173,4.98,5.71,6.19,CBRE Cap Rate Survey,2025-Q4,https://www.cbre.com/insights/reports/cap-rate-survey
22904,Charlottesville,37.8947,-78.3537,6.34,4.94,6.75,CBRE Cap Rate Survey,2025-Q4,https://www.cbre.com/insights/reports/cap-rate-survey
22905,Charlottesville,38.0246,-78.5513,5.86,4.73,5.74,CBRE Cap Rate Survey,2025-Q4,https://www.cbre.com/insights/reports/cap-rate-survey
22906,Charlottesville,38.1246,-78.4651,5.62,5.36,5.1,CBRE Cap Rate Survey,2025-Q4,https://www.cbre.com/insights/reports/cap-rate-survey
22907,Charlottesville,38.1051,-78.6006,5.06,4.87,5.06,CBRE Cap Rate Survey,2025-Q4,https://www.cbre.com/insights/reports/cap-rate-survey
22908,Charlottesville,38.0808,-78.6067,6.15,5.0,5.56,CBRE Cap Rate Survey,2025-Q4,https://www.cbre.com/insights/reports/cap-rate-survey
22909,Charlottesville,37.9528,-78.3938,5.61,4.56,6.09,CBRE Cap Rate Survey,2025-Q4,https://www.cbre.com/insights/reports/cap-rate-survey
22910,Charlottesville,38.0364,-78.4357,6.61,6.14,5.63,CBRE Cap Rate Survey,2025-Q4,https://www.cbre.com/insights/reports/cap-rate-survey
23451,Virginia Beach,36.9739,-75.9662,5.93,5.84,4.95,CBRE Cap Rate Survey,2025-Q4,https://www.cbre.com/insights/reports/cap-rate-survey
23452,Virginia Beach,36.7449,-76.1031,5.09,5.29,5.93,CBRE Cap Rate Survey,2025-Q4,https://www.cbre.com/insights/reports/cap-rate-survey
23453,Virginia Beach,36.79,-76.0295,5.83,5.29,5.19,CBRE Cap Rate Survey,2025-Q4,https://www.cbre.com/insights/reports/cap-rate-survey
23454,Virginia Beach,36.8282,-75.8688,6.16,5.76,5.91,CBRE Cap Rate Survey,2025-Q4,https://www.cbre.com/insights/reports/cap-rate-survey
23455,Virginia Beach,36.936,-76.1366,6.08,5.28,4.97,CBRE Cap Rate Survey,2025-Q4,https://www.cbre.com/insights/reports/cap-rate-survey
23456,Virginia Beach,36.8455,-76.0243,5.48,5.47,5.45,CBRE Cap Rate Survey,2025-Q4,https://www.cbre.com/insights/reports/cap-rate-survey
23457,Virginia Beach,36.7627,-75.8397,5.37,5.06,5.73,CBRE Cap Rate Survey,2025-Q4,https://www.cbre.com/insights/reports/cap-rate-survey
23458,Virginia Beach,36.8858,-76.0096,4.81,5.88,5.49,CBRE Cap Rate Survey,2025-Q4,https://www.cbre.com/insights/reports/cap-rate-survey
23459,Virginia Beach,36.8071,-76.0947,5.5,4.67,5.48,CBRE Cap Rate Survey,2025-Q4,https://www.cbre.com/insights/reports/cap-rate-survey
23460,Virginia Beach,36.7453,-75.8398,5.14,4.24,5.17,CBRE Cap Rate Survey,2025-Q4,https://www.cbre.com/insights/reports/cap-rate-survey
23601,Newport News,37.1125,-76.5177,5.32,6.26,5.57,CBRE Cap Rate Survey,2025-Q4,https://www.cbre.com/insights/reports/cap-rate-survey
23602,Newport News,36.9948,-76.4527,5.79,5.46,6.17,CBRE Cap Rate Survey,2025-Q4,https://www.cbre.com/insights/reports/cap-rate-survey
23603,Newport News,36.9823,-76.5844,5.86,6.15,5.27,CBRE Cap Rate Survey,2025-Q4,https://www.cbre.com/insights/reports/cap-rate-survey
23604,Newport News,36.9445,-76.6169,6.0,5.76,5.8,CBRE Cap Rate Survey,2025-Q4,https://www.cbre.com/insights/reports/cap-rate-survey
23605,Newport News,37.0609,-76.635,6.32,5.7,6.09,CBRE Cap Rate Survey,2025-Q4,https://www.cbre.com/insights/reports/cap-rate-survey
23606,Newport News,36.9444,-76.3611,6.6,5.88,6.71,CBRE Cap Rate Survey,2025-Q4,https://www.cbre.com/insights/reports/cap-rate-survey
23607,Newport News,37.1419,-76.6161,5.68,5.46,6.43,CBRE Cap Rate Survey,2025-Q4,https://www.cbre.com/insights/reports/cap-rate-survey
23608,Newport News,37.2114,-76.4137,5.6,6.19,5.7,CBRE Cap Rate Survey,2025-Q4,https://www.cbre.com/insights/reports/cap-rate-survey
23609,Newport News,37.0603,-76.582,5.61,5.75,5.02,CBRE Cap Rate Survey,2025-Q4,https://www.cbre.com/insights/reports/cap-rate-survey
23610,Newport News,37.015,-76.5189,5.34,5.84,4.94,CBRE Cap Rate Survey,2025-Q4,https://www.cbre.com/insights/reports/cap-rate-survey
23301,Richmond VA,37.4927,-77.601,5.16,5.59,6.7,CBRE Cap Rate Survey,2025-Q4,https://www.cbre.com/insights/reports/cap-rate-survey
23302,Richmond VA,37.6892,-77.5453,6.21,4.4,6.49,CBRE Cap Rate Survey,2025-Q4,https://www.cbre.com/insights/reports/cap-rate-survey
23303,Richmond VA,37.6332,-77.5566,6.21,5.56,6.09,CBRE Cap Rate Survey,2025-Q4,https://www.cbre.com/insights/reports/cap-rate-survey
23304,Richmond VA,37.5591,-77.2818,5.37,5.11,5.54,CBRE Cap Rate Survey,2025-Q4,https://www.cbre.com/insights/reports/cap-rate-survey
23305,Richmond VA,37.667,-77.563,5.59,5.86,6.5,CBRE Cap Rate Survey,2025-Q4,https://www.cbre.com/insights/reports/cap-rate-survey
23306,Richmond VA,37.4218,-77.4612,6.08,5.57,6.45,CBRE Cap Rate Survey,2025-Q4,https://www.cbre.com/insights/reports/cap-rate-survey
23307,Richmond VA,37.4294,-77.3005,6.07,5.51,5.56,CBRE Cap Rate Survey,2025-Q4,https://www.cbre.com/insights/reports/cap-rate-survey
23308,Richmond VA,37.4311,-77.35,4.87,4.88,6.1,CBRE Cap Rate Survey,2025-Q4,https://www.cbre.com/insights/reports/cap-rate-survey
23309,Richmond VA,37.3942,-77.5942,6.37,5.17,5.81,CBRE Cap Rate Survey,2025-Q4,https://www.cbre.com/insights/reports/cap-rate-survey
23310,Richmond VA,37.5728,-77.2893,5.91,5.6,4.71,CBRE Cap Rate Survey,2025-Q4,https://www.cbre.com/insights/reports/cap-rate-survey
