zip_code,metro,lat,lng,avg_entitlement_months,zoning_friendly_score_1_10,impact_fee_per_unit,data_source,as_of_date,source_url
10001,New York,40.564,-74.0031,20,4,8183,NMHC/Local Planning,2025,https://www.nmhc.org
10002,New York,40.7872,-73.9938,19,4,8387,NMHC/Local Planning,2025,https://www.nmhc.org
10003,New York,40.8358,-74.1131,20,4,8397,NMHC/Local Planning,2025,https://www.nmhc.org
10004,New York,40.5966,-73.9574,18,4,8673,NMHC/Local Planning,2025,https://www.nmhc.org
10005,New York,40.6223,-73.9097,21,4,7791,NMHC/Local Planning,2025,https://www.nmhc.org
10006,New York,40.7455,-74.1688,14,4,8598,NMHC/Local Planning,2025,https://www.nmhc.org
10007,New York,40.753,-74.0236,15,4,8390,NMHC/Local Planning,2025,https://www.nmhc.org
10008,New York,40.8409,-73.8729,20,4,8613,NMHC/Local Planning,2025,https://www.nmhc.org
10009,New York,40.6863,-73.8916,16,4,9668,NMHC/Local Planning,2025,https://www.nmhc.org
10010,New York,40.6582,-74.1744,18,4,9964,NMHC/Local Planning,2025,https://www.nmhc.org
10011,New York,40.6164,-74.0364,14,4,7087,NMHC/Local Planning,2025,https://www.nmhc.org
10012,New York,40.7651,-74.0813,15,4,9454,NMHC/Local Planning,2025,https://www.nmhc.org
10013,New York,40.5718,-73.9069,20,4,8061,NMHC/Local Planning,2025,https://www.nmhc.org
10014,New York,40.8483,-73.9022,20,4,7060,NMHC/Local Planning,2025,https://www.nmhc.org
10015,New York,40.7876,-73.9791,16,4,9458,NMHC/Local Planning,2025,https://www.nmhc.org
10016,New York,40.8492,-73.9492,16,4,8400,NMHC/Local Planning,2025,https://www.nmhc.org
10017,New York,40.7315,-74.0492,15,4,8381,NMHC/Local Planning,2025,https://www.nmhc.org
10018,New York,40.7465,-74.0062,19,4,7629,NMHC/Local Planning,2025,https://www.nmhc.org
10019,New York,40.8496,-73.9842,19,4,9467,NMHC/Local Planning,2025,https://www.nmhc.org
10020,New York,40.7937,-74.0435,15,4,8886,NMHC/Local Planning,2025,https://www.nmhc.org
10021,New York,40.8501,-73.9875,17,4,9319,NMHC/Local Planning,2025,https://www.nmhc.org
10022,New York,40.61,-74.0677,20,4,6989,NMHC/Local Planning,2025,https://www.nmhc.org
10023,New York,40.6564,-74.081,16,4,9249,NMHC/Local Planning,2025,https://www.nmhc.org
10024,New York,40.8034,-74.1215,14,4,8347,NMHC/Local Planning,2025,https://www.nmhc.org
10025,New York,40.8144,-73.9565,14,4,9671,NMHC/Local Planning,2025,https://www.nmhc.org
10026,New York,40.8152,-74.1239,17,4,7845,NMHC/Local Planning,2025,https://www.nmhc.org
10027,New York,40.7701,-73.9228,19,4,8398,NMHC/Local Planning,2025,https://www.nmhc.org
10028,New York,40.8363,-73.9296,14,4,7495,NMHC/Local Planning,2025,https://www.nmhc.org
10029,New York,40.6248,-74.0618,15,4,9105,NMHC/Local Planning,2025,https://www.nmhc.org
10030,New York,40.8296,-74.1136,20,4,7925,NMHC/Local Planning,2025,https://www.nmhc.org
10031,New York,40.7547,-73.8801,17,4,8291,NMHC/Local Planning,2025,https://www.nmhc.org
10032,New York,40.7883,-74.1199,19,4,8470,NMHC/Local Planning,2025,https://www.nmhc.org
10033,New York,40.6653,-73.844,16,4,10013,NMHC/Local Planning,2025,https://www.nmhc.org
10034,New York,40.819,-74.1257,17,4,8065,NMHC/Local Planning,2025,https://www.nmhc.org
10035,New York,40.841,-73.8655,15,4,9761,NMHC/Local Planning,2025,https://www.nmhc.org
10036,New York,40.8428,-74.1198,19,4,7095,NMHC/Local Planning,2025,https://www.nmhc.org
10037,New York,40.7695,-73.8682,20,4,8277,NMHC/Local Planning,2025,https://www.nmhc.org
10038,New York,40.6597,-74.0256,20,4,10010,NMHC/Local Planning,2025,https://www.nmhc.org
10039,New York,40.8624,-74.1386,17,4,9675,NMHC/Local Planning,2025,https://www.nmhc.org
10040,New York,40.8485,-74.0837,21,4,9247,NMHC/Local Planning,2025,https://www.nmhc.org
10041,New York,40.7061,-73.8581,15,4,8319,NMHC/Local Planning,2025,https://www.nmhc.org
10042,New York,40.592,-74.102,15,4,7449,NMHC/Local Planning,2025,https://www.nmhc.org
10043,New York,40.854,-74.0088,18,4,8391,NMHC/Local Planning,2025,https://www.nmhc.org
10044,New York,40.6682,-74.0982,19,4,8500,NMHC/Local Planning,2025,https://www.nmhc.org
10045,New York,40.8559,-74.1667,16,4,8478,NMHC/Local Planning,2025,https://www.nmhc.org
10046,New York,40.7917,-73.9853,20,4,7459,NMHC/Local Planning,2025,https://www.nmhc.org
10047,New York,40.7567,-73.9596,15,4,7383,NMHC/Local Planning,2025,https://www.nmhc.org
10048,New York,40.7048,-73.9293,20,4,9170,NMHC/Local Planning,2025,https://www.nmhc.org
10049,New York,40.8035,-74.1252,19,4,8651,NMHC/Local Planning,2025,https://www.nmhc.org
10050,New York,40.6196,-73.9172,18,4,8361,NMHC/Local Planning,2025,https://www.nmhc.org
10051,New York,40.643,-73.924,18,4,8346,NMHC/Local Planning,2025,https://www.nmhc.org
10052,New York,40.6472,-73.9063,21,4,8441,NMHC/Local Planning,2025,https://www.nmhc.org
10053,New York,40.851,-74.0213,17,4,9414,NMHC/Local Planning,2025,https://www.nmhc.org
10054,New York,40.6703,-74.059,19,4,8179,NMHC/Local Planning,2025,https://www.nmhc.org
10055,New York,40.7919,-73.9193,19,4,7871,NMHC/Local Planning,2025,https://www.nmhc.org
10056,New York,40.7687,-74.0027,16,4,9750,NMHC/Local Planning,2025,https://www.nmhc.org
10057,New York,40.7865,-73.9435,20,4,7733,NMHC/Local Planning,2025,https://www.nmhc.org
10058,New York,40.762,-74.0912,20,4,9555,NMHC/Local Planning,2025,https://www.nmhc.org
10059,New York,40.8554,-73.9114,21,4,9382,NMHC/Local Planning,2025,https://www.nmhc.org
10060,New York,40.7568,-73.9228,17,4,8386,NMHC/Local Planning,2025,https://www.nmhc.org
10061,New York,40.6937,-74.1749,16,4,7295,NMHC/Local Planning,2025,https://www.nmhc.org
10062,New York,40.6367,-73.8556,14,4,9855,NMHC/Local Planning,2025,https://www.nmhc.org
10063,New York,40.7167,-73.9992,15,4,7502,NMHC/Local Planning,2025,https://www.nmhc.org
10064,New York,40.6219,-74.1213,18,4,7594,NMHC/Local Planning,2025,https://www.nmhc.org
10065,New York,40.6587,-73.9155,17,4,7815,NMHC/Local Planning,2025,https://www.nmhc.org
10066,New York,40.8151,-73.837,18,4,7099,NMHC/Local Planning,2025,https://www.nmhc.org
10067,New York,40.8289,-73.9201,19,4,9048,NMHC/Local Planning,2025,https://www.nmhc.org
10068,New York,40.6768,-73.9826,17,4,7000,NMHC/Local Planning,2025,https://www.nmhc.org
10069,New York,40.5917,-73.9744,19,4,8283,NMHC/Local Planning,2025,https://www.nmhc.org
10070,New York,40.5835,-73.9129,18,4,8183,NMHC/Local Planning,2025,https://www.nmhc.org
10071,New York,40.5696,-73.881,16,4,9908,NMHC/Local Planning,2025,https://www.nmhc.org
10072,New York,40.6973,-73.8572,19,4,9979,NMHC/Local Planning,2025,https://www.nmhc.org
10073,New York,40.6683,-73.8412,20,4,7698,NMHC/Local Planning,2025,https://www.nmhc.org
10074,New York,40.6544,-73.9861,18,4,9573,NMHC/Local Planning,2025,https://www.nmhc.org
10075,New York,40.8282,-73.9756,19,4,7921,NMHC/Local Planning,2025,https://www.nmhc.org
10076,New York,40.5789,-73.8746,17,4,8899,NMHC/Local Planning,2025,https://www.nmhc.org
10077,New York,40.8013,-73.9942,14,4,8559,NMHC/Local Planning,2025,https://www.nmhc.org
10078,New York,40.7908,-74.0033,15,4,8201,NMHC/Local Planning,2025,https://www.nmhc.org
10079,New York,40.5863,-74.0558,20,4,9563,NMHC/Local Planning,2025,https://www.nmhc.org
10080,New York,40.6942,-74.0887,19,4,9324,NMHC/Local Planning,2025,https://www.nmhc.org
90001,Los Angeles,34.1214,-118.2314,17,4,9421,NMHC/Local Planning,2025,https://www.nmhc.org
90002,Los Angeles,34.0392,-118.3354,20,4,8067,NMHC/Local Planning,2025,https://www.nmhc.org
90003,Los Angeles,33.9029,-118.243,16,4,8011,NMHC/Local Planning,2025,https://www.nmhc.org
90004,Los Angeles,34.1509,-118.1387,21,4,9636,NMHC/Local Planning,2025,https://www.nmhc.org
90005,Los Angeles,33.9751,-118.415,17,4,8095,NMHC/Local Planning,2025,https://www.nmhc.org
90006,Los Angeles,33.999,-118.3099,18,4,9450,NMHC/Local Planning,2025,https://www.nmhc.org
90007,Los Angeles,34.0868,-118.1844,20,4,9227,NMHC/Local Planning,2025,https://www.nmhc.org
90008,Los Angeles,34.0856,-118.2297,19,4,8741,NMHC/Local Planning,2025,https://www.nmhc.org
90009,Los Angeles,34.1576,-118.2875,16,4,7548,NMHC/Local Planning,2025,https://www.nmhc.org
90010,Los Angeles,33.948,-118.2617,17,4,7998,NMHC/Local Planning,2025,https://www.nmhc.org
90011,Los Angeles,34.161,-118.072,21,4,9247,NMHC/Local Planning,2025,https://www.nmhc.org
90012,Los Angeles,34.0257,-118.3151,17,4,8452,NMHC/Local Planning,2025,https://www.nmhc.org
90013,Los Angeles,34.0993,-118.269,18,4,9085,NMHC/Local Planning,2025,https://www.nmhc.org
90014,Los Angeles,33.9242,-118.2933,17,4,7468,NMHC/Local Planning,2025,https://www.nmhc.org
90015,Los Angeles,34.1921,-118.1397,16,4,7406,NMHC/Local Planning,2025,https://www.nmhc.org
90016,Los Angeles,34.1713,-118.2349,16,4,8703,NMHC/Local Planning,2025,https://www.nmhc.org
90017,Los Angeles,34.1716,-118.1116,18,4,8103,NMHC/Local Planning,2025,https://www.nmhc.org
90018,Los Angeles,33.9229,-118.1455,18,4,8925,NMHC/Local Planning,2025,https://www.nmhc.org
90019,Los Angeles,33.9689,-118.1972,17,4,9715,NMHC/Local Planning,2025,https://www.nmhc.org
90020,Los Angeles,33.9238,-118.0834,20,4,7267,NMHC/Local Planning,2025,https://www.nmhc.org
90021,Los Angeles,34.1068,-118.1598,19,4,9182,NMHC/Local Planning,2025,https://www.nmhc.org
90022,Los Angeles,34.0847,-118.1458,17,4,9157,NMHC/Local Planning,2025,https://www.nmhc.org
90023,Los Angeles,34.1212,-118.3214,15,4,7102,NMHC/Local Planning,2025,https://www.nmhc.org
90024,Los Angeles,33.9381,-118.3817,15,4,7391,NMHC/Local Planning,2025,https://www.nmhc.org
90025,Los Angeles,34.1683,-118.421,17,4,9835,NMHC/Local Planning,2025,https://www.nmhc.org
90026,Los Angeles,34.018,-118.0865,16,4,7431,NMHC/Local Planning,2025,https://www.nmhc.org
90027,Los Angeles,34.0829,-118.2324,15,4,7979,NMHC/Local Planning,2025,https://www.nmhc.org
90028,Los Angeles,34.0628,-118.3854,20,4,9873,NMHC/Local Planning,2025,https://www.nmhc.org
90029,Los Angeles,33.9948,-118.3634,17,4,7958,NMHC/Local Planning,2025,https://www.nmhc.org
90030,Los Angeles,33.9549,-118.1002,21,4,9717,NMHC/Local Planning,2025,https://www.nmhc.org
90031,Los Angeles,34.0853,-118.1248,15,4,9516,NMHC/Local Planning,2025,https://www.nmhc.org
90032,Los Angeles,34.0964,-118.3443,20,4,7202,NMHC/Local Planning,2025,https://www.nmhc.org
90033,Los Angeles,34.0182,-118.3844,18,4,7494,NMHC/Local Planning,2025,https://www.nmhc.org
90034,Los Angeles,33.9229,-118.1975,14,4,8562,NMHC/Local Planning,2025,https://www.nmhc.org
90035,Los Angeles,34.1844,-118.1729,18,4,9594,NMHC/Local Planning,2025,https://www.nmhc.org
90036,Los Angeles,34.0083,-118.1578,15,4,8567,NMHC/Local Planning,2025,https://www.nmhc.org
90037,Los Angeles,33.9468,-118.3693,19,4,8199,NMHC/Local Planning,2025,https://www.nmhc.org
90038,Los Angeles,34.0832,-118.4076,16,4,8978,NMHC/Local Planning,2025,https://www.nmhc.org
90039,Los Angeles,33.9634,-118.0968,15,4,8717,NMHC/Local Planning,2025,https://www.nmhc.org
90040,Los Angeles,34.1224,-118.2212,15,4,8386,NMHC/Local Planning,2025,https://www.nmhc.org
90041,Los Angeles,34.1348,-118.2771,17,4,9828,NMHC/Local Planning,2025,https://www.nmhc.org
90042,Los Angeles,34.0297,-118.2394,20,4,8930,NMHC/Local Planning,2025,https://www.nmhc.org
90043,Los Angeles,34.1872,-118.1309,17,4,8000,NMHC/Local Planning,2025,https://www.nmhc.org
90044,Los Angeles,34.0132,-118.1634,19,4,8410,NMHC/Local Planning,2025,https://www.nmhc.org
90045,Los Angeles,34.1026,-118.1199,16,4,7585,NMHC/Local Planning,2025,https://www.nmhc.org
90046,Los Angeles,33.9073,-118.1468,15,4,9128,NMHC/Local Planning,2025,https://www.nmhc.org
90047,Los Angeles,34.1758,-118.0821,20,4,9003,NMHC/Local Planning,2025,https://www.nmhc.org
90048,Los Angeles,34.1469,-118.2681,16,4,7989,NMHC/Local Planning,2025,https://www.nmhc.org
90049,Los Angeles,34.0295,-118.4192,17,4,7014,NMHC/Local Planning,2025,https://www.nmhc.org
90050,Los Angeles,34.0881,-118.0957,19,4,9048,NMHC/Local Planning,2025,https://www.nmhc.org
90051,Los Angeles,34.0655,-118.4031,19,4,8295,NMHC/Local Planning,2025,https://www.nmhc.org
90052,Los Angeles,34.0743,-118.1046,20,4,9620,NMHC/Local Planning,2025,https://www.nmhc.org
90053,Los Angeles,33.9527,-118.2702,19,4,7820,NMHC/Local Planning,2025,https://www.nmhc.org
90054,Los Angeles,34.0598,-118.2157,16,4,7514,NMHC/Local Planning,2025,https://www.nmhc.org
90055,Los Angeles,34.0001,-118.2148,15,4,8901,NMHC/Local Planning,2025,https://www.nmhc.org
90056,Los Angeles,34.0884,-118.3838,16,4,7941,NMHC/Local Planning,2025,https://www.nmhc.org
90057,Los Angeles,34.1417,-118.4208,18,4,7545,NMHC/Local Planning,2025,https://www.nmhc.org
90058,Los Angeles,33.9248,-118.1827,18,4,8071,NMHC/Local Planning,2025,https://www.nmhc.org
90059,Los Angeles,34.0479,-118.173,16,4,7078,NMHC/Local Planning,2025,https://www.nmhc.org
90060,Los Angeles,34.1424,-118.228,18,4,7869,NMHC/Local Planning,2025,https://www.nmhc.org
90061,Los Angeles,34.0107,-118.2141,19,4,8233,NMHC/Local Planning,2025,https://www.nmhc.org
90062,Los Angeles,33.9245,-118.0951,19,4,8983,NMHC/Local Planning,2025,https://www.nmhc.org
90063,Los Angeles,33.9377,-118.2025,18,4,8329,NMHC/Local Planning,2025,https://www.nmhc.org
90064,Los Angeles,34.0515,-118.3478,18,4,9791,NMHC/Local Planning,2025,https://www.nmhc.org
90065,Los Angeles,34.0036,-118.3985,16,4,7761,NMHC/Local Planning,2025,https://www.nmhc.org
90066,Los Angeles,33.9078,-118.0645,14,4,9665,NMHC/Local Planning,2025,https://www.nmhc.org
90067,Los Angeles,34.0193,-118.2298,16,4,9478,NMHC/Local Planning,2025,https://www.nmhc.org
90068,Los Angeles,34.1604,-118.0666,16,4,8864,NMHC/Local Planning,2025,https://www.nmhc.org
90069,Los Angeles,34.1507,-118.2329,16,4,7102,NMHC/Local Planning,2025,https://www.nmhc.org
90070,Los Angeles,34.1998,-118.1668,19,4,8749,NMHC/Local Planning,2025,https://www.nmhc.org
90071,Los Angeles,33.9779,-118.1879,18,4,9759,NMHC/Local Planning,2025,https://www.nmhc.org
90072,Los Angeles,33.9839,-118.106,17,4,8293,NMHC/Local Planning,2025,https://www.nmhc.org
90073,Los Angeles,33.9542,-118.391,16,4,7614,NMHC/Local Planning,2025,https://www.nmhc.org
90074,Los Angeles,34.0595,-118.3353,17,4,9712,NMHC/Local Planning,2025,https://www.nmhc.org
90075,Los Angeles,34.0552,-118.1555,19,4,9267,NMHC/Local Planning,2025,https://www.nmhc.org
90076,Los Angeles,34.1445,-118.2757,15,4,7862,NMHC/Local Planning,2025,https://www.nmhc.org
90077,Los Angeles,34.1051,-118.3696,21,4,7668,NMHC/Local Planning,2025,https://www.nmhc.org
90078,Los Angeles,34.1916,-118.2034,19,4,9743,NMHC/Local Planning,2025,https://www.nmhc.org
90079,Los Angeles,33.9753,-118.3549,15,4,9552,NMHC/Local Planning,2025,https://www.nmhc.org
90080,Los Angeles,33.9908,-118.0727,17,4,8364,NMHC/Local Planning,2025,https://www.nmhc.org
60601,Chicago,41.8072,-87.7025,19,4,9359,NMHC/Local Planning,2025,https://www.nmhc.org
60602,Chicago,41.7627,-87.717,14,4,9678,NMHC/Local Planning,2025,https://www.nmhc.org
60603,Chicago,41.8959,-87.4839,17,4,9446,NMHC/Local Planning,2025,https://www.nmhc.org
60604,Chicago,41.9676,-87.6706,18,4,8410,NMHC/Local Planning,2025,https://www.nmhc.org
60605,Chicago,41.8354,-87.5089,17,4,8972,NMHC/Local Planning,2025,https://www.nmhc.org
60606,Chicago,41.9104,-87.512,17,4,9718,NMHC/Local Planning,2025,https://www.nmhc.org
60607,Chicago,41.7836,-87.7617,17,4,6987,NMHC/Local Planning,2025,https://www.nmhc.org
60608,Chicago,41.9675,-87.5971,20,4,9266,NMHC/Local Planning,2025,https://www.nmhc.org
60609,Chicago,41.9584,-87.4849,15,4,7308,NMHC/Local Planning,2025,https://www.nmhc.org
60610,Chicago,41.9527,-87.7464,16,4,9130,NMHC/Local Planning,2025,https://www.nmhc.org
60611,Chicago,41.9986,-87.533,16,4,9587,NMHC/Local Planning,2025,https://www.nmhc.org
60612,Chicago,41.8096,-87.6634,19,4,7211,NMHC/Local Planning,2025,https://www.nmhc.org
60613,Chicago,42.0224,-87.483,15,4,8852,NMHC/Local Planning,2025,https://www.nmhc.org
60614,Chicago,41.8415,-87.5368,15,4,7668,NMHC/Local Planning,2025,https://www.nmhc.org
60615,Chicago,41.8751,-87.7045,20,4,7627,NMHC/Local Planning,2025,https://www.nmhc.org
60616,Chicago,41.8192,-87.6943,18,4,8269,NMHC/Local Planning,2025,https://www.nmhc.org
60617,Chicago,41.7678,-87.4937,19,4,7024,NMHC/Local Planning,2025,https://www.nmhc.org
60618,Chicago,41.823,-87.5055,21,4,7600,NMHC/Local Planning,2025,https://www.nmhc.org
60619,Chicago,41.9999,-87.8035,21,4,8905,NMHC/Local Planning,2025,https://www.nmhc.org
60620,Chicago,41.7287,-87.5826,20,4,7893,NMHC/Local Planning,2025,https://www.nmhc.org
60621,Chicago,41.8316,-87.6411,18,4,9452,NMHC/Local Planning,2025,https://www.nmhc.org
60622,Chicago,41.8746,-87.6585,18,4,7944,NMHC/Local Planning,2025,https://www.nmhc.org
60623,Chicago,41.7497,-87.4588,15,4,7375,NMHC/Local Planning,2025,https://www.nmhc.org
60624,Chicago,41.8158,-87.6753,18,4,7159,NMHC/Local Planning,2025,https://www.nmhc.org
60625,Chicago,41.7448,-87.6703,16,4,7753,NMHC/Local Planning,2025,https://www.nmhc.org
60626,Chicago,41.893,-87.7586,21,4,8844,NMHC/Local Planning,2025,https://www.nmhc.org
60627,Chicago,41.994,-87.7613,15,4,7324,NMHC/Local Planning,2025,https://www.nmhc.org
60628,Chicago,41.9111,-87.4579,19,4,9292,NMHC/Local Planning,2025,https://www.nmhc.org
60629,Chicago,41.7587,-87.7174,21,4,8980,NMHC/Local Planning,2025,https://www.nmhc.org
60630,Chicago,41.9099,-87.7597,16,4,7527,NMHC/Local Planning,2025,https://www.nmhc.org
60631,Chicago,41.7453,-87.7891,19,4,8995,NMHC/Local Planning,2025,https://www.nmhc.org
60632,Chicago,41.7612,-87.4761,20,4,8069,NMHC/Local Planning,2025,https://www.nmhc.org
60633,Chicago,41.7567,-87.7062,20,4,9696,NMHC/Local Planning,2025,https://www.nmhc.org
60634,Chicago,41.7451,-87.692,20,4,8620,NMHC/Local Planning,2025,https://www.nmhc.org
60635,Chicago,41.7298,-87.641,18,4,8572,NMHC/Local Planning,2025,https://www.nmhc.org
60636,Chicago,41.8036,-87.5102,20,4,9716,NMHC/Local Planning,2025,https://www.nmhc.org
60637,Chicago,41.8807,-87.4958,20,4,7614,NMHC/Local Planning,2025,https://www.nmhc.org
60638,Chicago,41.9056,-87.6452,15,4,9598,NMHC/Local Planning,2025,https://www.nmhc.org
60639,Chicago,42.0167,-87.7278,16,4,7178,NMHC/Local Planning,2025,https://www.nmhc.org
60640,Chicago,41.7747,-87.5077,18,4,8033,NMHC/Local Planning,2025,https://www.nmhc.org
60641,Chicago,41.8668,-87.4603,17,4,8501,NMHC/Local Planning,2025,https://www.nmhc.org
60642,Chicago,41.8879,-87.7336,19,4,9106,NMHC/Local Planning,2025,https://www.nmhc.org
60643,Chicago,41.8464,-87.6119,18,4,7271,NMHC/Local Planning,2025,https://www.nmhc.org
60644,Chicago,42.0268,-87.5098,18,4,9052,NMHC/Local Planning,2025,https://www.nmhc.org
60645,Chicago,41.9197,-87.5425,17,4,7033,NMHC/Local Planning,2025,https://www.nmhc.org
60646,Chicago,41.8791,-87.4616,16,4,7577,NMHC/Local Planning,2025,https://www.nmhc.org
60647,Chicago,41.8829,-87.7851,18,4,7192,NMHC/Local Planning,2025,https://www.nmhc.org
60648,Chicago,41.9674,-87.5685,15,4,9438,NMHC/Local Planning,2025,https://www.nmhc.org
60649,Chicago,42.02,-87.6902,20,4,9494,NMHC/Local Planning,2025,https://www.nmhc.org
60650,Chicago,41.8255,-87.751,19,4,9706,NMHC/Local Planning,2025,https://www.nmhc.org
60651,Chicago,41.969,-87.4976,19,4,7178,NMHC/Local Planning,2025,https://www.nmhc.org
60652,Chicago,41.9804,-87.6468,16,4,7371,NMHC/Local Planning,2025,https://www.nmhc.org
60653,Chicago,41.7616,-87.5119,19,4,9044,NMHC/Local Planning,2025,https://www.nmhc.org
60654,Chicago,41.9076,-87.7347,18,4,8777,NMHC/Local Planning,2025,https://www.nmhc.org
60655,Chicago,41.9484,-87.7766,18,4,8643,NMHC/Local Planning,2025,https://www.nmhc.org
60656,Chicago,41.991,-87.714,15,4,8191,NMHC/Local Planning,2025,https://www.nmhc.org
60657,Chicago,41.868,-87.6822,20,4,9992,NMHC/Local Planning,2025,https://www.nmhc.org
60658,Chicago,41.9236,-87.6054,21,4,7622,NMHC/Local Planning,2025,https://www.nmhc.org
60659,Chicago,41.9055,-87.4745,16,4,7832,NMHC/Local Planning,2025,https://www.nmhc.org
60660,Chicago,41.8173,-87.7665,15,4,8297,NMHC/Local Planning,2025,https://www.nmhc.org
77001,Houston,29.6917,-95.326,17,6,8375,NMHC/Local Planning,2025,https://www.nmhc.org
77002,Houston,29.6157,-95.3071,17,6,7327,NMHC/Local Planning,2025,https://www.nmhc.org
77003,Houston,29.8466,-95.4814,15,6,9580,NMHC/Local Planning,2025,https://www.nmhc.org
77004,Houston,29.8623,-95.3853,19,6,9979,NMHC/Local Planning,2025,https://www.nmhc.org
77005,Houston,29.7669,-95.3295,18,6,7919,NMHC/Local Planning,2025,https://www.nmhc.org
77006,Houston,29.8467,-95.3418,19,6,8912,NMHC/Local Planning,2025,https://www.nmhc.org
77007,Houston,29.6131,-95.3485,20,6,9853,NMHC/Local Planning,2025,https://www.nmhc.org
77008,Houston,29.6244,-95.4477,20,6,7318,NMHC/Local Planning,2025,https://www.nmhc.org
77009,Houston,29.9088,-95.3015,20,6,8108,NMHC/Local Planning,2025,https://www.nmhc.org
77010,Houston,29.7477,-95.3275,16,6,7055,NMHC/Local Planning,2025,https://www.nmhc.org
77011,Houston,29.8815,-95.2784,17,6,7666,NMHC/Local Planning,2025,https://www.nmhc.org
77012,Houston,29.6888,-95.3084,14,6,8265,NMHC/Local Planning,2025,https://www.nmhc.org
77013,Houston,29.6306,-95.3437,15,6,7662,NMHC/Local Planning,2025,https://www.nmhc.org
77014,Houston,29.8647,-95.4386,18,6,8023,NMHC/Local Planning,2025,https://www.nmhc.org
77015,Houston,29.7156,-95.5347,20,6,9494,NMHC/Local Planning,2025,https://www.nmhc.org
77016,Houston,29.8395,-95.4703,17,6,8725,NMHC/Local Planning,2025,https://www.nmhc.org
77017,Houston,29.7942,-95.5358,17,6,9933,NMHC/Local Planning,2025,https://www.nmhc.org
77018,Houston,29.614,-95.3916,17,6,8255,NMHC/Local Planning,2025,https://www.nmhc.org
77019,Houston,29.7373,-95.4333,18,6,8236,NMHC/Local Planning,2025,https://www.nmhc.org
77020,Houston,29.6881,-95.2791,15,6,7199,NMHC/Local Planning,2025,https://www.nmhc.org
77021,Houston,29.8884,-95.316,18,6,8596,NMHC/Local Planning,2025,https://www.nmhc.org
77022,Houston,29.7545,-95.3964,15,6,7030,NMHC/Local Planning,2025,https://www.nmhc.org
77023,Houston,29.7969,-95.297,20,6,6978,NMHC/Local Planning,2025,https://www.nmhc.org
77024,Houston,29.8002,-95.1947,15,6,7079,NMHC/Local Planning,2025,https://www.nmhc.org
77025,Houston,29.776,-95.3977,15,6,9407,NMHC/Local Planning,2025,https://www.nmhc.org
77026,Houston,29.6192,-95.2907,18,6,7264,NMHC/Local Planning,2025,https://www.nmhc.org
77027,Houston,29.8782,-95.3682,15,6,7767,NMHC/Local Planning,2025,https://www.nmhc.org
77028,Houston,29.7631,-95.3391,16,6,8825,NMHC/Local Planning,2025,https://www.nmhc.org
77029,Houston,29.8845,-95.5273,17,6,7218,NMHC/Local Planning,2025,https://www.nmhc.org
77030,Houston,29.825,-95.4896,19,6,8677,NMHC/Local Planning,2025,https://www.nmhc.org
77031,Houston,29.6834,-95.4352,14,6,8918,NMHC/Local Planning,2025,https://www.nmhc.org
77032,Houston,29.7184,-95.1915,15,6,9967,NMHC/Local Planning,2025,https://www.nmhc.org
77033,Houston,29.6612,-95.3171,18,6,7806,NMHC/Local Planning,2025,https://www.nmhc.org
77034,Houston,29.7844,-95.394,17,6,7215,NMHC/Local Planning,2025,https://www.nmhc.org
77035,Houston,29.7679,-95.3761,20,6,7541,NMHC/Local Planning,2025,https://www.nmhc.org
77036,Houston,29.84,-95.2991,18,6,9901,NMHC/Local Planning,2025,https://www.nmhc.org
77037,Houston,29.6624,-95.2271,20,6,9614,NMHC/Local Planning,2025,https://www.nmhc.org
77038,Houston,29.7191,-95.3538,16,6,7883,NMHC/Local Planning,2025,https://www.nmhc.org
77039,Houston,29.8859,-95.3262,20,6,9632,NMHC/Local Planning,2025,https://www.nmhc.org
77040,Houston,29.8035,-95.265,18,6,9895,NMHC/Local Planning,2025,https://www.nmhc.org
77041,Houston,29.6945,-95.3577,20,6,7557,NMHC/Local Planning,2025,https://www.nmhc.org
77042,Houston,29.7941,-95.3364,17,6,8518,NMHC/Local Planning,2025,https://www.nmhc.org
77043,Houston,29.8216,-95.2114,19,6,8190,NMHC/Local Planning,2025,https://www.nmhc.org
77044,Houston,29.6706,-95.2427,20,6,8245,NMHC/Local Planning,2025,https://www.nmhc.org
77045,Houston,29.6475,-95.4786,15,6,9267,NMHC/Local Planning,2025,https://www.nmhc.org
77046,Houston,29.7142,-95.2791,15,6,8185,NMHC/Local Planning,2025,https://www.nmhc.org
77047,Houston,29.6122,-95.2381,19,6,9605,NMHC/Local Planning,2025,https://www.nmhc.org
77048,Houston,29.6742,-95.43,14,6,9521,NMHC/Local Planning,2025,https://www.nmhc.org
77049,Houston,29.7632,-95.4358,16,6,8257,NMHC/Local Planning,2025,https://www.nmhc.org
77050,Houston,29.7323,-95.3053,16,6,7232,NMHC/Local Planning,2025,https://www.nmhc.org
77051,Houston,29.6459,-95.3738,19,6,7374,NMHC/Local Planning,2025,https://www.nmhc.org
77052,Houston,29.6681,-95.342,16,6,8204,NMHC/Local Planning,2025,https://www.nmhc.org
77053,Houston,29.7597,-95.3379,17,6,9361,NMHC/Local Planning,2025,https://www.nmhc.org
77054,Houston,29.6752,-95.3449,17,6,8612,NMHC/Local Planning,2025,https://www.nmhc.org
77055,Houston,29.8998,-95.1999,20,6,9208,NMHC/Local Planning,2025,https://www.nmhc.org
85001,Phoenix,33.4865,-112.0511,18,6,9008,NMHC/Local Planning,2025,https://www.nmhc.org
85002,Phoenix,33.5169,-112.2465,17,6,8781,NMHC/Local Planning,2025,https://www.nmhc.org
85003,Phoenix,33.4488,-112.2494,19,6,8514,NMHC/Local Planning,2025,https://www.nmhc.org
85004,Phoenix,33.4699,-112.0968,17,6,9716,NMHC/Local Planning,2025,https://www.nmhc.org
85005,Phoenix,33.5034,-112.1015,18,6,7462,NMHC/Local Planning,2025,https://www.nmhc.org
85006,Phoenix,33.5588,-112.155,19,6,8390,NMHC/Local Planning,2025,https://www.nmhc.org
85007,Phoenix,33.5321,-112.1235,19,6,7027,NMHC/Local Planning,2025,https://www.nmhc.org
85008,Phoenix,33.4675,-112.1974,20,6,8149,NMHC/Local Planning,2025,https://www.nmhc.org
85009,Phoenix,33.4386,-111.9574,20,6,9618,NMHC/Local Planning,2025,https://www.nmhc.org
85010,Phoenix,33.381,-112.1999,16,6,9143,NMHC/Local Planning,2025,https://www.nmhc.org
85011,Phoenix,33.4355,-111.9244,18,6,8426,NMHC/Local Planning,2025,https://www.nmhc.org
85012,Phoenix,33.4386,-111.9931,15,6,8874,NMHC/Local Planning,2025,https://www.nmhc.org
85013,Phoenix,33.413,-111.9158,21,6,8231,NMHC/Local Planning,2025,https://www.nmhc.org
85014,Phoenix,33.5665,-111.9465,17,6,8402,NMHC/Local Planning,2025,https://www.nmhc.org
85015,Phoenix,33.4024,-112.0304,14,6,7731,NMHC/Local Planning,2025,https://www.nmhc.org
85016,Phoenix,33.5189,-112.219,21,6,7040,NMHC/Local Planning,2025,https://www.nmhc.org
85017,Phoenix,33.4008,-111.92,20,6,8086,NMHC/Local Planning,2025,https://www.nmhc.org
85018,Phoenix,33.5556,-111.9186,20,6,8861,NMHC/Local Planning,2025,https://www.nmhc.org
85019,Phoenix,33.3321,-112.1524,16,6,7314,NMHC/Local Planning,2025,https://www.nmhc.org
85020,Phoenix,33.3843,-111.9076,20,6,8813,NMHC/Local Planning,2025,https://www.nmhc.org
85021,Phoenix,33.3923,-112.1722,19,6,7123,NMHC/Local Planning,2025,https://www.nmhc.org
85022,Phoenix,33.4011,-112.0145,20,6,8798,NMHC/Local Planning,2025,https://www.nmhc.org
85023,Phoenix,33.4635,-112.1937,18,6,7846,NMHC/Local Planning,2025,https://www.nmhc.org
85024,Phoenix,33.4883,-112.0223,15,6,7251,NMHC/Local Planning,2025,https://www.nmhc.org
85025,Phoenix,33.3415,-112.0734,16,6,9501,NMHC/Local Planning,2025,https://www.nmhc.org
85026,Phoenix,33.3279,-111.9911,20,6,8997,NMHC/Local Planning,2025,https://www.nmhc.org
85027,Phoenix,33.548,-112.0338,19,6,8945,NMHC/Local Planning,2025,https://www.nmhc.org
85028,Phoenix,33.5073,-112.2141,15,6,7499,NMHC/Local Planning,2025,https://www.nmhc.org
85029,Phoenix,33.5468,-112.0347,19,6,7351,NMHC/Local Planning,2025,https://www.nmhc.org
85030,Phoenix,33.5547,-111.9059,19,6,8225,NMHC/Local Planning,2025,https://www.nmhc.org
85031,Phoenix,33.437,-112.1104,16,6,9227,NMHC/Local Planning,2025,https://www.nmhc.org
85032,Phoenix,33.3372,-112.0916,15,6,7566,NMHC/Local Planning,2025,https://www.nmhc.org
85033,Phoenix,33.5085,-112.0523,20,6,9354,NMHC/Local Planning,2025,https://www.nmhc.org
85034,Phoenix,33.301,-111.9067,17,6,9453,NMHC/Local Planning,2025,https://www.nmhc.org
85035,Phoenix,33.5032,-112.2324,19,6,8155,NMHC/Local Planning,2025,https://www.nmhc.org
85036,Phoenix,33.3428,-112.177,16,6,7035,NMHC/Local Planning,2025,https://www.nmhc.org
85037,Phoenix,33.5605,-111.8997,19,6,9372,NMHC/Local Planning,2025,https://www.nmhc.org
85038,Phoenix,33.3082,-111.9943,20,6,7582,NMHC/Local Planning,2025,https://www.nmhc.org
85039,Phoenix,33.3587,-111.969,14,6,7533,NMHC/Local Planning,2025,https://www.nmhc.org
85040,Phoenix,33.3804,-112.1907,16,6,8895,NMHC/Local Planning,2025,https://www.nmhc.org
85041,Phoenix,33.4573,-112.0658,16,6,8446,NMHC/Local Planning,2025,https://www.nmhc.org
85042,Phoenix,33.5363,-111.953,15,6,8646,NMHC/Local Planning,2025,https://www.nmhc.org
85043,Phoenix,33.5637,-112.2114,16,6,9409,NMHC/Local Planning,2025,https://www.nmhc.org
85044,Phoenix,33.4144,-112.1238,19,6,7906,NMHC/Local Planning,2025,https://www.nmhc.org
85045,Phoenix,33.4403,-112.0393,20,6,7863,NMHC/Local Planning,2025,https://www.nmhc.org
85046,Phoenix,33.4218,-111.9065,19,6,9873,NMHC/Local Planning,2025,https://www.nmhc.org
85047,Phoenix,33.4008,-112.0124,17,6,8811,NMHC/Local Planning,2025,https://www.nmhc.org
85048,Phoenix,33.5396,-112.1846,17,6,9047,NMHC/Local Planning,2025,https://www.nmhc.org
85049,Phoenix,33.4835,-112.1098,14,6,9314,NMHC/Local Planning,2025,https://www.nmhc.org
85050,Phoenix,33.4428,-112.0894,18,6,7814,NMHC/Local Planning,2025,https://www.nmhc.org
19101,Philadelphia,39.8792,-75.0913,18,4,8697,NMHC/Local Planning,2025,https://www.nmhc.org
19102,Philadelphia,39.927,-75.1616,16,4,7099,NMHC/Local Planning,2025,https://www.nmhc.org
19103,Philadelphia,39.8196,-75.153,16,4,8916,NMHC/Local Planning,2025,https://www.nmhc.org
19104,Philadelphia,39.8758,-75.243,15,4,8930,NMHC/Local Planning,2025,https://www.nmhc.org
19105,Philadelphia,39.8214,-75.0158,16,4,7069,NMHC/Local Planning,2025,https://www.nmhc.org
19106,Philadelphia,39.8061,-75.3242,16,4,7122,NMHC/Local Planning,2025,https://www.nmhc.org
19107,Philadelphia,40.0779,-75.2803,20,4,9622,NMHC/Local Planning,2025,https://www.nmhc.org
19108,Philadelphia,39.9972,-75.1212,17,4,7816,NMHC/Local Planning,2025,https://www.nmhc.org
19109,Philadelphia,39.8484,-75.134,20,4,7091,NMHC/Local Planning,2025,https://www.nmhc.org
19110,Philadelphia,39.8465,-75.0615,20,4,7182,NMHC/Local Planning,2025,https://www.nmhc.org
19111,Philadelphia,39.9695,-75.3042,16,4,9127,NMHC/Local Planning,2025,https://www.nmhc.org
19112,Philadelphia,40.0979,-75.2801,20,4,8311,NMHC/Local Planning,2025,https://www.nmhc.org
19113,Philadelphia,39.8642,-75.2511,17,4,7142,NMHC/Local Planning,2025,https://www.nmhc.org
19114,Philadelphia,39.8635,-75.1479,15,4,9630,NMHC/Local Planning,2025,https://www.nmhc.org
19115,Philadelphia,39.8048,-75.3225,16,4,7846,NMHC/Local Planning,2025,https://www.nmhc.org
19116,Philadelphia,40.0089,-75.1997,15,4,8385,NMHC/Local Planning,2025,https://www.nmhc.org
19117,Philadelphia,40.1013,-75.2389,17,4,8432,NMHC/Local Planning,2025,https://www.nmhc.org
19118,Philadelphia,39.9734,-75.09,16,4,8152,NMHC/Local Planning,2025,https://www.nmhc.org
19119,Philadelphia,40.0905,-75.1551,20,4,8074,NMHC/Local Planning,2025,https://www.nmhc.org
19120,Philadelphia,39.9656,-75.2609,15,4,7016,NMHC/Local Planning,2025,https://www.nmhc.org
19121,Philadelphia,40.0142,-75.0333,18,4,8914,NMHC/Local Planning,2025,https://www.nmhc.org
19122,Philadelphia,39.9997,-75.0995,16,4,8237,NMHC/Local Planning,2025,https://www.nmhc.org
19123,Philadelphia,39.8636,-75.1083,16,4,8041,NMHC/Local Planning,2025,https://www.nmhc.org
19124,Philadelphia,39.9235,-75.0317,19,4,8219,NMHC/Local Planning,2025,https://www.nmhc.org
19125,Philadelphia,39.8893,-75.0872,15,4,7661,NMHC/Local Planning,2025,https://www.nmhc.org
19126,Philadelphia,39.9703,-75.2612,20,4,8702,NMHC/Local Planning,2025,https://www.nmhc.org
19127,Philadelphia,39.9679,-75.2242,16,4,8227,NMHC/Local Planning,2025,https://www.nmhc.org
19128,Philadelphia,39.8531,-75.2571,20,4,9635,NMHC/Local Planning,2025,https://www.nmhc.org
19129,Philadelphia,40.0078,-75.2049,20,4,7055,NMHC/Local Planning,2025,https://www.nmhc.org
19130,Philadelphia,39.8327,-75.2063,20,4,9283,NMHC/Local Planning,2025,https://www.nmhc.org
19131,Philadelphia,40.1021,-75.3217,16,4,7310,NMHC/Local Planning,2025,https://www.nmhc.org
19132,Philadelphia,39.9518,-75.1575,17,4,8614,NMHC/Local Planning,2025,https://www.nmhc.org
19133,Philadelphia,40.0339,-75.2069,20,4,9507,NMHC/Local Planning,2025,https://www.nmhc.org
19134,Philadelphia,40.058,-75.0822,15,4,8489,NMHC/Local Planning,2025,https://www.nmhc.org
19135,Philadelphia,40.0793,-75.0038,15,4,8017,NMHC/Local Planning,2025,https://www.nmhc.org
19136,Philadelphia,39.8735,-75.1314,18,4,8235,NMHC/Local Planning,2025,https://www.nmhc.org
19137,Philadelphia,40.0784,-75.2554,20,4,7309,NMHC/Local Planning,2025,https://www.nmhc.org
19138,Philadelphia,39.8696,-74.9942,16,4,9334,NMHC/Local Planning,2025,https://www.nmhc.org
19139,Philadelphia,39.8326,-75.0222,16,4,9869,NMHC/Local Planning,2025,https://www.nmhc.org
19140,Philadelphia,40.0859,-75.1862,20,4,9507,NMHC/Local Planning,2025,https://www.nmhc.org
78201,San Antonio,29.4447,-98.5316,16,6,8764,NMHC/Local Planning,2025,https://www.nmhc.org
78202,San Antonio,29.5591,-98.3901,16,6,7362,NMHC/Local Planning,2025,https://www.nmhc.org
78203,San Antonio,29.5163,-98.4993,17,6,8791,NMHC/Local Planning,2025,https://www.nmhc.org
78204,San Antonio,29.2804,-98.3577,17,6,9458,NMHC/Local Planning,2025,https://www.nmhc.org
78205,San Antonio,29.4426,-98.6017,20,6,7053,NMHC/Local Planning,2025,https://www.nmhc.org
78206,San Antonio,29.3904,-98.3681,15,6,8385,NMHC/Local Planning,2025,https://www.nmhc.org
78207,San Antonio,29.3108,-98.6035,20,6,8119,NMHC/Local Planning,2025,https://www.nmhc.org
78208,San Antonio,29.4352,-98.3235,16,6,8968,NMHC/Local Planning,2025,https://www.nmhc.org
78209,San Antonio,29.3834,-98.5436,20,6,8581,NMHC/Local Planning,2025,https://www.nmhc.org
78210,San Antonio,29.3718,-98.4104,19,6,8262,NMHC/Local Planning,2025,https://www.nmhc.org
78211,San Antonio,29.3689,-98.3522,18,6,8655,NMHC/Local Planning,2025,https://www.nmhc.org
78212,San Antonio,29.5738,-98.6424,20,6,8362,NMHC/Local Planning,2025,https://www.nmhc.org
78213,San Antonio,29.2918,-98.6292,15,6,8355,NMHC/Local Planning,2025,https://www.nmhc.org
78214,San Antonio,29.4378,-98.6218,18,6,8293,NMHC/Local Planning,2025,https://www.nmhc.org
78215,San Antonio,29.2976,-98.5184,16,6,9197,NMHC/Local Planning,2025,https://www.nmhc.org
78216,San Antonio,29.5066,-98.6628,18,6,7137,NMHC/Local Planning,2025,https://www.nmhc.org
78217,San Antonio,29.3566,-98.3664,18,6,10016,NMHC/Local Planning,2025,https://www.nmhc.org
78218,San Antonio,29.2941,-98.5619,15,6,9454,NMHC/Local Planning,2025,https://www.nmhc.org
78219,San Antonio,29.3721,-98.5588,16,6,8391,NMHC/Local Planning,2025,https://www.nmhc.org
78220,San Antonio,29.3702,-98.454,14,6,9072,NMHC/Local Planning,2025,https://www.nmhc.org
78221,San Antonio,29.2869,-98.4564,15,6,8046,NMHC/Local Planning,2025,https://www.nmhc.org
78222,San Antonio,29.4667,-98.4389,16,6,9462,NMHC/Local Planning,2025,https://www.nmhc.org
78223,San Antonio,29.4135,-98.5022,16,6,10021,NMHC/Local Planning,2025,https://www.nmhc.org
78224,San Antonio,29.3906,-98.3178,17,6,8031,NMHC/Local Planning,2025,https://www.nmhc.org
78225,San Antonio,29.3897,-98.4844,18,6,9380,NMHC/Local Planning,2025,https://www.nmhc.org
78226,San Antonio,29.5126,-98.5438,19,6,8619,NMHC/Local Planning,2025,https://www.nmhc.org
78227,San Antonio,29.4179,-98.6684,16,6,8826,NMHC/Local Planning,2025,https://www.nmhc.org
78228,San Antonio,29.5319,-98.6123,15,6,8857,NMHC/Local Planning,2025,https://www.nmhc.org
78229,San Antonio,29.4116,-98.6139,18,6,9869,NMHC/Local Planning,2025,https://www.nmhc.org
78230,San Antonio,29.3031,-98.3137,20,6,8206,NMHC/Local Planning,2025,https://www.nmhc.org
78231,San Antonio,29.3987,-98.586,20,6,8808,NMHC/Local Planning,2025,https://www.nmhc.org
78232,San Antonio,29.392,-98.534,20,6,7792,NMHC/Local Planning,2025,https://www.nmhc.org
78233,San Antonio,29.2824,-98.4801,19,6,8644,NMHC/Local Planning,2025,https://www.nmhc.org
78234,San Antonio,29.3202,-98.3714,15,6,8975,NMHC/Local Planning,2025,https://www.nmhc.org
78235,San Antonio,29.4036,-98.3195,17,6,9473,NMHC/Local Planning,2025,https://www.nmhc.org
92101,San Diego,32.838,-117.1017,15,4,9174,NMHC/Local Planning,2025,https://www.nmhc.org
92102,San Diego,32.6727,-117.0503,20,4,7549,NMHC/Local Planning,2025,https://www.nmhc.org
92103,San Diego,32.6323,-117.2339,18,4,9676,NMHC/Local Planning,2025,https://www.nmhc.org
92104,San Diego,32.7964,-117.3284,17,4,8385,NMHC/Local Planning,2025,https://www.nmhc.org
92105,San Diego,32.6873,-117.2359,16,4,6996,NMHC/Local Planning,2025,https://www.nmhc.org
92106,San Diego,32.7967,-117.1025,17,4,9196,NMHC/Local Planning,2025,https://www.nmhc.org
92107,San Diego,32.703,-117.2576,17,4,9399,NMHC/Local Planning,2025,https://www.nmhc.org
92108,San Diego,32.6499,-117.3276,17,4,7150,NMHC/Local Planning,2025,https://www.nmhc.org
92109,San Diego,32.7874,-117.1324,15,4,8176,NMHC/Local Planning,2025,https://www.nmhc.org
92110,San Diego,32.7249,-117.156,19,4,8898,NMHC/Local Planning,2025,https://www.nmhc.org
92111,San Diego,32.8274,-117.04,16,4,9837,NMHC/Local Planning,2025,https://www.nmhc.org
92112,San Diego,32.7285,-117.2274,16,4,7354,NMHC/Local Planning,2025,https://www.nmhc.org
92113,San Diego,32.5832,-117.0971,16,4,9647,NMHC/Local Planning,2025,https://www.nmhc.org
92114,San Diego,32.8411,-117.2208,16,4,8579,NMHC/Local Planning,2025,https://www.nmhc.org
92115,San Diego,32.6924,-117.3261,16,4,9011,NMHC/Local Planning,2025,https://www.nmhc.org
92116,San Diego,32.7443,-117.0421,16,4,9657,NMHC/Local Planning,2025,https://www.nmhc.org
92117,San Diego,32.6166,-117.2652,20,4,9189,NMHC/Local Planning,2025,https://www.nmhc.org
92118,San Diego,32.6171,-117.3145,14,4,9928,NMHC/Local Planning,2025,https://www.nmhc.org
92119,San Diego,32.8424,-117.2903,15,4,7760,NMHC/Local Planning,2025,https://www.nmhc.org
92120,San Diego,32.7477,-117.2998,19,4,9471,NMHC/Local Planning,2025,https://www.nmhc.org
92121,San Diego,32.6178,-117.0959,14,4,8539,NMHC/Local Planning,2025,https://www.nmhc.org
92122,San Diego,32.6564,-117.0229,20,4,9951,NMHC/Local Planning,2025,https://www.nmhc.org
92123,San Diego,32.8428,-116.9898,20,4,9858,NMHC/Local Planning,2025,https://www.nmhc.org
92124,San Diego,32.7553,-117.2175,16,4,9964,NMHC/Local Planning,2025,https://www.nmhc.org
92125,San Diego,32.8545,-117.0553,19,4,8078,NMHC/Local Planning,2025,https://www.nmhc.org
92126,San Diego,32.827,-117.2302,19,4,9136,NMHC/Local Planning,2025,https://www.nmhc.org
92127,San Diego,32.6442,-117.3115,20,4,6989,NMHC/Local Planning,2025,https://www.nmhc.org
92128,San Diego,32.6958,-117.2376,16,4,8053,NMHC/Local Planning,2025,https://www.nmhc.org
92129,San Diego,32.7666,-117.1934,14,4,9056,NMHC/Local Planning,2025,https://www.nmhc.org
92130,San Diego,32.7361,-117.1071,20,4,9456,NMHC/Local Planning,2025,https://www.nmhc.org
92131,San Diego,32.7603,-117.2212,17,4,8127,NMHC/Local Planning,2025,https://www.nmhc.org
92132,San Diego,32.6926,-117.2,14,4,9430,NMHC/Local Planning,2025,https://www.nmhc.org
92133,San Diego,32.6658,-117.0085,18,4,8559,NMHC/Local Planning,2025,https://www.nmhc.org
92134,San Diego,32.8061,-117.1781,16,4,8660,NMHC/Local Planning,2025,https://www.nmhc.org
92135,San Diego,32.7679,-117.1386,17,4,7164,NMHC/Local Planning,2025,https://www.nmhc.org
75201,DFW,32.7342,-96.9509,17,8,7894,NMHC/Local Planning,2025,https://www.nmhc.org
75202,DFW,32.7228,-96.6538,20,8,8033,NMHC/Local Planning,2025,https://www.nmhc.org
75203,DFW,32.7113,-96.8618,18,8,7408,NMHC/Local Planning,2025,https://www.nmhc.org
75204,DFW,32.6426,-96.6474,15,8,9390,NMHC/Local Planning,2025,https://www.nmhc.org
75205,DFW,32.8517,-96.9384,20,8,7688,NMHC/Local Planning,2025,https://www.nmhc.org
75206,DFW,32.8244,-96.6387,19,8,9753,NMHC/Local Planning,2025,https://www.nmhc.org
75207,DFW,32.8319,-96.6469,15,8,7697,NMHC/Local Planning,2025,https://www.nmhc.org
75208,DFW,32.6385,-96.8405,18,8,7878,NMHC/Local Planning,2025,https://www.nmhc.org
75209,DFW,32.6556,-96.769,18,8,9808,NMHC/Local Planning,2025,https://www.nmhc.org
75210,DFW,32.8515,-96.6655,18,8,9932,NMHC/Local Planning,2025,https://www.nmhc.org
75211,DFW,32.8823,-96.9748,20,8,9623,NMHC/Local Planning,2025,https://www.nmhc.org
75212,DFW,32.878,-96.8355,19,8,7624,NMHC/Local Planning,2025,https://www.nmhc.org
75213,DFW,32.6743,-96.9401,19,8,8915,NMHC/Local Planning,2025,https://www.nmhc.org
75214,DFW,32.7418,-96.8486,16,8,9748,NMHC/Local Planning,2025,https://www.nmhc.org
75215,DFW,32.6684,-96.8536,16,8,7159,NMHC/Local Planning,2025,https://www.nmhc.org
75216,DFW,32.7749,-96.7409,18,8,9701,NMHC/Local Planning,2025,https://www.nmhc.org
75217,DFW,32.8897,-96.7461,15,8,8360,NMHC/Local Planning,2025,https://www.nmhc.org
75218,DFW,32.7841,-96.7456,19,8,9930,NMHC/Local Planning,2025,https://www.nmhc.org
75219,DFW,32.9191,-96.7928,15,8,9968,NMHC/Local Planning,2025,https://www.nmhc.org
75220,DFW,32.7431,-96.7517,20,8,9251,NMHC/Local Planning,2025,https://www.nmhc.org
75221,DFW,32.698,-96.787,16,8,9902,NMHC/Local Planning,2025,https://www.nmhc.org
75222,DFW,32.712,-96.6542,18,8,8226,NMHC/Local Planning,2025,https://www.nmhc.org
75223,DFW,32.8769,-96.7737,19,8,7536,NMHC/Local Planning,2025,https://www.nmhc.org
75224,DFW,32.8075,-96.904,19,8,9434,NMHC/Local Planning,2025,https://www.nmhc.org
75225,DFW,32.7787,-96.6348,19,8,7169,NMHC/Local Planning,2025,https://www.nmhc.org
75226,DFW,32.8696,-96.8318,18,8,7119,NMHC/Local Planning,2025,https://www.nmhc.org
75227,DFW,32.8092,-96.8088,20,8,7879,NMHC/Local Planning,2025,https://www.nmhc.org
75228,DFW,32.8704,-96.8465,18,8,7929,NMHC/Local Planning,2025,https://www.nmhc.org
75229,DFW,32.7759,-96.7458,19,8,8413,NMHC/Local Planning,2025,https://www.nmhc.org
75230,DFW,32.7575,-96.6588,15,8,8592,NMHC/Local Planning,2025,https://www.nmhc.org
75231,DFW,32.6405,-96.9338,17,8,8433,NMHC/Local Planning,2025,https://www.nmhc.org
75232,DFW,32.7193,-96.832,16,8,8974,NMHC/Local Planning,2025,https://www.nmhc.org
75233,DFW,32.7264,-96.7029,19,8,8304,NMHC/Local Planning,2025,https://www.nmhc.org
75234,DFW,32.6871,-96.6614,19,8,9332,NMHC/Local Planning,2025,https://www.nmhc.org
75235,DFW,32.9075,-96.662,15,8,7902,NMHC/Local Planning,2025,https://www.nmhc.org
75236,DFW,32.9219,-96.8311,19,8,9832,NMHC/Local Planning,2025,https://www.nmhc.org
75237,DFW,32.8763,-96.791,19,8,9545,NMHC/Local Planning,2025,https://www.nmhc.org
75238,DFW,32.7993,-96.8522,16,8,7268,NMHC/Local Planning,2025,https://www.nmhc.org
75239,DFW,32.8972,-96.8751,19,8,9905,NMHC/Local Planning,2025,https://www.nmhc.org
75240,DFW,32.7867,-96.7431,17,8,8466,NMHC/Local Planning,2025,https://www.nmhc.org
75241,DFW,32.8638,-96.6183,16,8,9287,NMHC/Local Planning,2025,https://www.nmhc.org
75242,DFW,32.7765,-96.6734,18,8,9148,NMHC/Local Planning,2025,https://www.nmhc.org
75243,DFW,32.7133,-96.9391,14,8,9614,NMHC/Local Planning,2025,https://www.nmhc.org
75244,DFW,32.8923,-96.645,14,8,8998,NMHC/Local Planning,2025,https://www.nmhc.org
75245,DFW,32.8574,-96.843,17,8,9098,NMHC/Local Planning,2025,https://www.nmhc.org
75246,DFW,32.7071,-96.6332,14,8,7787,NMHC/Local Planning,2025,https://www.nmhc.org
75247,DFW,32.7716,-96.8914,20,8,8011,NMHC/Local Planning,2025,https://www.nmhc.org
75248,DFW,32.7708,-96.9387,16,8,7857,NMHC/Local Planning,2025,https://www.nmhc.org
75249,DFW,32.9013,-96.8161,20,8,7849,NMHC/Local Planning,2025,https://www.nmhc.org
75250,DFW,32.8254,-96.7217,20,8,9478,NMHC/Local Planning,2025,https://www.nmhc.org
75251,DFW,32.6285,-96.9364,19,8,9160,NMHC/Local Planning,2025,https://www.nmhc.org
75252,DFW,32.9069,-96.7817,15,8,8374,NMHC/Local Planning,2025,https://www.nmhc.org
75253,DFW,32.9211,-96.9045,17,8,9340,NMHC/Local Planning,2025,https://www.nmhc.org
75254,DFW,32.6326,-96.6595,20,8,8698,NMHC/Local Planning,2025,https://www.nmhc.org
75255,DFW,32.6419,-96.6349,14,8,9255,NMHC/Local Planning,2025,https://www.nmhc.org
94101,Bay Area,37.7686,-122.3285,15,4,8853,NMHC/Local Planning,2025,https://www.nmhc.org
94102,Bay Area,37.7378,-122.4342,19,4,7475,NMHC/Local Planning,2025,https://www.nmhc.org
94103,Bay Area,37.7941,-122.5482,20,4,9408,NMHC/Local Planning,2025,https://www.nmhc.org
94104,Bay Area,37.6351,-122.3395,17,4,9204,NMHC/Local Planning,2025,https://www.nmhc.org
94105,Bay Area,37.7817,-122.5534,16,4,9370,NMHC/Local Planning,2025,https://www.nmhc.org
94106,Bay Area,37.8431,-122.2828,15,4,9810,NMHC/Local Planning,2025,https://www.nmhc.org
94107,Bay Area,37.6341,-122.5768,19,4,8820,NMHC/Local Planning,2025,https://www.nmhc.org
94108,Bay Area,37.6948,-122.5603,19,4,8422,NMHC/Local Planning,2025,https://www.nmhc.org
94109,Bay Area,37.7355,-122.3109,16,4,9163,NMHC/Local Planning,2025,https://www.nmhc.org
94110,Bay Area,37.6377,-122.2649,15,4,8968,NMHC/Local Planning,2025,https://www.nmhc.org
94111,Bay Area,37.7117,-122.2613,19,4,8235,NMHC/Local Planning,2025,https://www.nmhc.org
94112,Bay Area,37.8873,-122.3034,17,4,9850,NMHC/Local Planning,2025,https://www.nmhc.org
94113,Bay Area,37.8948,-122.5314,20,4,9753,NMHC/Local Planning,2025,https://www.nmhc.org
94114,Bay Area,37.7382,-122.3844,18,4,7321,NMHC/Local Planning,2025,https://www.nmhc.org
94115,Bay Area,37.6319,-122.3526,18,4,7411,NMHC/Local Planning,2025,https://www.nmhc.org
94116,Bay Area,37.7022,-122.4266,16,4,7754,NMHC/Local Planning,2025,https://www.nmhc.org
94117,Bay Area,37.645,-122.3776,18,4,7110,NMHC/Local Planning,2025,https://www.nmhc.org
94118,Bay Area,37.7614,-122.3274,18,4,8962,NMHC/Local Planning,2025,https://www.nmhc.org
94119,Bay Area,37.864,-122.4847,15,4,8958,NMHC/Local Planning,2025,https://www.nmhc.org
94120,Bay Area,37.8643,-122.4794,19,4,9920,NMHC/Local Planning,2025,https://www.nmhc.org
94121,Bay Area,37.7922,-122.4425,20,4,7773,NMHC/Local Planning,2025,https://www.nmhc.org
94122,Bay Area,37.7784,-122.5458,17,4,9611,NMHC/Local Planning,2025,https://www.nmhc.org
94123,Bay Area,37.8375,-122.478,19,4,7634,NMHC/Local Planning,2025,https://www.nmhc.org
94124,Bay Area,37.8922,-122.2964,15,4,9459,NMHC/Local Planning,2025,https://www.nmhc.org
94125,Bay Area,37.7645,-122.2409,18,4,6990,NMHC/Local Planning,2025,https://www.nmhc.org
94126,Bay Area,37.7961,-122.354,17,4,9209,NMHC/Local Planning,2025,https://www.nmhc.org
94127,Bay Area,37.902,-122.5564,15,4,8878,NMHC/Local Planning,2025,https://www.nmhc.org
94128,Bay Area,37.7055,-122.481,18,4,9415,NMHC/Local Planning,2025,https://www.nmhc.org
94129,Bay Area,37.8004,-122.5673,15,4,9418,NMHC/Local Planning,2025,https://www.nmhc.org
94130,Bay Area,37.63,-122.2554,16,4,8903,NMHC/Local Planning,2025,https://www.nmhc.org
94131,Bay Area,37.7703,-122.4485,16,4,7209,NMHC/Local Planning,2025,https://www.nmhc.org
94132,Bay Area,37.7415,-122.4854,19,4,8863,NMHC/Local Planning,2025,https://www.nmhc.org
94133,Bay Area,37.675,-122.257,19,4,7321,NMHC/Local Planning,2025,https://www.nmhc.org
94134,Bay Area,37.8135,-122.358,16,4,8655,NMHC/Local Planning,2025,https://www.nmhc.org
94135,Bay Area,37.6511,-122.5827,14,4,8758,NMHC/Local Planning,2025,https://www.nmhc.org
94136,Bay Area,37.7382,-122.2633,18,4,7649,NMHC/Local Planning,2025,https://www.nmhc.org
94137,Bay Area,37.6763,-122.4566,20,4,8157,NMHC/Local Planning,2025,https://www.nmhc.org
94138,Bay Area,37.8736,-122.5811,17,4,8266,NMHC/Local Planning,2025,https://www.nmhc.org
94139,Bay Area,37.7895,-122.586,19,4,9724,NMHC/Local Planning,2025,https://www.nmhc.org
94140,Bay Area,37.9139,-122.486,18,4,7811,NMHC/Local Planning,2025,https://www.nmhc.org
94141,Bay Area,37.8758,-122.3879,20,4,8242,NMHC/Local Planning,2025,https://www.nmhc.org
94142,Bay Area,37.6422,-122.3426,20,4,9433,NMHC/Local Planning,2025,https://www.nmhc.org
94143,Bay Area,37.8082,-122.5795,14,4,9952,NMHC/Local Planning,2025,https://www.nmhc.org
94144,Bay Area,37.8858,-122.281,18,4,8410,NMHC/Local Planning,2025,https://www.nmhc.org
94145,Bay Area,37.6432,-122.5209,17,4,8613,NMHC/Local Planning,2025,https://www.nmhc.org
78701,Austin,30.3382,-97.6172,18,8,9885,NMHC/Local Planning,2025,https://www.nmhc.org
78702,Austin,30.3313,-97.9187,18,8,8327,NMHC/Local Planning,2025,https://www.nmhc.org
78703,Austin,30.3588,-97.7992,19,8,9104,NMHC/Local Planning,2025,https://www.nmhc.org
78704,Austin,30.3485,-97.5735,19,8,9626,NMHC/Local Planning,2025,https://www.nmhc.org
78705,Austin,30.192,-97.6333,17,8,9044,NMHC/Local Planning,2025,https://www.nmhc.org
78706,Austin,30.2236,-97.5862,18,8,8858,NMHC/Local Planning,2025,https://www.nmhc.org
78707,Austin,30.1727,-97.7459,20,8,8944,NMHC/Local Planning,2025,https://www.nmhc.org
78708,Austin,30.3636,-97.907,19,8,7300,NMHC/Local Planning,2025,https://www.nmhc.org
78709,Austin,30.2667,-97.9021,15,8,7174,NMHC/Local Planning,2025,https://www.nmhc.org
78710,Austin,30.2586,-97.6572,16,8,9978,NMHC/Local Planning,2025,https://www.nmhc.org
78711,Austin,30.253,-97.78,19,8,7219,NMHC/Local Planning,2025,https://www.nmhc.org
78712,Austin,30.1884,-97.7832,18,8,9405,NMHC/Local Planning,2025,https://www.nmhc.org
78713,Austin,30.2819,-97.9136,17,8,9753,NMHC/Local Planning,2025,https://www.nmhc.org
78714,Austin,30.3681,-97.8602,17,8,8912,NMHC/Local Planning,2025,https://www.nmhc.org
78715,Austin,30.1509,-97.7203,16,8,7078,NMHC/Local Planning,2025,https://www.nmhc.org
78716,Austin,30.1242,-97.8795,15,8,9384,NMHC/Local Planning,2025,https://www.nmhc.org
78717,Austin,30.2849,-97.85,18,8,7696,NMHC/Local Planning,2025,https://www.nmhc.org
78718,Austin,30.3486,-97.9174,18,8,7467,NMHC/Local Planning,2025,https://www.nmhc.org
78719,Austin,30.1984,-97.6438,15,8,9898,NMHC/Local Planning,2025,https://www.nmhc.org
78720,Austin,30.3247,-97.909,16,8,9550,NMHC/Local Planning,2025,https://www.nmhc.org
78721,Austin,30.4068,-97.5869,18,8,9544,NMHC/Local Planning,2025,https://www.nmhc.org
78722,Austin,30.3546,-97.6028,19,8,8372,NMHC/Local Planning,2025,https://www.nmhc.org
78723,Austin,30.2531,-97.7371,18,8,9063,NMHC/Local Planning,2025,https://www.nmhc.org
78724,Austin,30.3978,-97.7357,18,8,9733,NMHC/Local Planning,2025,https://www.nmhc.org
78725,Austin,30.1486,-97.7035,19,8,8746,NMHC/Local Planning,2025,https://www.nmhc.org
78726,Austin,30.2222,-97.8281,19,8,7368,NMHC/Local Planning,2025,https://www.nmhc.org
78727,Austin,30.3423,-97.6881,15,8,8888,NMHC/Local Planning,2025,https://www.nmhc.org
78728,Austin,30.406,-97.6199,17,8,8185,NMHC/Local Planning,2025,https://www.nmhc.org
78729,Austin,30.2176,-97.822,18,8,7575,NMHC/Local Planning,2025,https://www.nmhc.org
78730,Austin,30.273,-97.8927,16,8,7230,NMHC/Local Planning,2025,https://www.nmhc.org
78731,Austin,30.3084,-97.8457,20,8,9015,NMHC/Local Planning,2025,https://www.nmhc.org
78732,Austin,30.2595,-97.8916,21,8,9284,NMHC/Local Planning,2025,https://www.nmhc.org
78733,Austin,30.2881,-97.6756,20,8,7821,NMHC/Local Planning,2025,https://www.nmhc.org
78734,Austin,30.2303,-97.7673,15,8,9635,NMHC/Local Planning,2025,https://www.nmhc.org
78735,Austin,30.254,-97.8311,16,8,10006,NMHC/Local Planning,2025,https://www.nmhc.org
78736,Austin,30.2918,-97.5715,20,8,7106,NMHC/Local Planning,2025,https://www.nmhc.org
78737,Austin,30.1935,-97.6166,18,8,8462,NMHC/Local Planning,2025,https://www.nmhc.org
78738,Austin,30.1819,-97.8828,20,8,9516,NMHC/Local Planning,2025,https://www.nmhc.org
78739,Austin,30.3529,-97.7689,18,8,8340,NMHC/Local Planning,2025,https://www.nmhc.org
78740,Austin,30.1443,-97.9126,20,8,7170,NMHC/Local Planning,2025,https://www.nmhc.org
32201,Jacksonville,30.2629,-81.7066,18,6,8399,NMHC/Local Planning,2025,https://www.nmhc.org
32202,Jacksonville,30.3536,-81.713,20,6,7922,NMHC/Local Planning,2025,https://www.nmhc.org
32203,Jacksonville,30.2064,-81.5933,18,6,9399,NMHC/Local Planning,2025,https://www.nmhc.org
32204,Jacksonville,30.4018,-81.7388,16,6,7731,NMHC/Local Planning,2025,https://www.nmhc.org
32205,Jacksonville,30.4381,-81.6621,19,6,7135,NMHC/Local Planning,2025,https://www.nmhc.org
32206,Jacksonville,30.2515,-81.6968,15,6,10007,NMHC/Local Planning,2025,https://www.nmhc.org
32207,Jacksonville,30.4142,-81.5678,19,6,9696,NMHC/Local Planning,2025,https://www.nmhc.org
32208,Jacksonville,30.3669,-81.4937,16,6,7185,NMHC/Local Planning,2025,https://www.nmhc.org
32209,Jacksonville,30.4213,-81.665,18,6,10000,NMHC/Local Planning,2025,https://www.nmhc.org
32210,Jacksonville,30.2271,-81.7224,15,6,8047,NMHC/Local Planning,2025,https://www.nmhc.org
32211,Jacksonville,30.3834,-81.7213,20,6,7649,NMHC/Local Planning,2025,https://www.nmhc.org
32212,Jacksonville,30.3236,-81.7828,18,6,7173,NMHC/Local Planning,2025,https://www.nmhc.org
32213,Jacksonville,30.3573,-81.7082,15,6,8607,NMHC/Local Planning,2025,https://www.nmhc.org
32214,Jacksonville,30.4087,-81.4792,15,6,7541,NMHC/Local Planning,2025,https://www.nmhc.org
32215,Jacksonville,30.4052,-81.681,20,6,7756,NMHC/Local Planning,2025,https://www.nmhc.org
32216,Jacksonville,30.4745,-81.8128,20,6,7176,NMHC/Local Planning,2025,https://www.nmhc.org
32217,Jacksonville,30.4096,-81.7954,15,6,8919,NMHC/Local Planning,2025,https://www.nmhc.org
32218,Jacksonville,30.382,-81.6248,16,6,8111,NMHC/Local Planning,2025,https://www.nmhc.org
32219,Jacksonville,30.4004,-81.6533,17,6,9410,NMHC/Local Planning,2025,https://www.nmhc.org
32220,Jacksonville,30.4471,-81.5603,19,6,7771,NMHC/Local Planning,2025,https://www.nmhc.org
32221,Jacksonville,30.3411,-81.5136,20,6,9265,NMHC/Local Planning,2025,https://www.nmhc.org
32222,Jacksonville,30.4014,-81.521,21,6,7403,NMHC/Local Planning,2025,https://www.nmhc.org
32223,Jacksonville,30.2715,-81.7715,20,6,8878,NMHC/Local Planning,2025,https://www.nmhc.org
32224,Jacksonville,30.2841,-81.6254,15,6,9486,NMHC/Local Planning,2025,https://www.nmhc.org
32225,Jacksonville,30.405,-81.5688,15,6,7900,NMHC/Local Planning,2025,https://www.nmhc.org
32226,Jacksonville,30.2109,-81.812,16,6,9832,NMHC/Local Planning,2025,https://www.nmhc.org
32227,Jacksonville,30.2571,-81.7746,16,6,7991,NMHC/Local Planning,2025,https://www.nmhc.org
32228,Jacksonville,30.4455,-81.6666,19,6,9155,NMHC/Local Planning,2025,https://www.nmhc.org
32229,Jacksonville,30.2369,-81.8232,20,6,8492,NMHC/Local Planning,2025,https://www.nmhc.org
32230,Jacksonville,30.1929,-81.8011,15,6,8590,NMHC/Local Planning,2025,https://www.nmhc.org
43201,Columbus,39.897,-82.8522,18,6,8109,NMHC/Local Planning,2025,https://www.nmhc.org
43202,Columbus,39.8117,-83.0635,15,6,9945,NMHC/Local Planning,2025,https://www.nmhc.org
43203,Columbus,40.0196,-82.836,16,6,7283,NMHC/Local Planning,2025,https://www.nmhc.org
43204,Columbus,40.0713,-82.9791,15,6,9235,NMHC/Local Planning,2025,https://www.nmhc.org
43205,Columbus,39.9719,-82.9473,18,6,8640,NMHC/Local Planning,2025,https://www.nmhc.org
43206,Columbus,39.9328,-82.8808,20,6,7500,NMHC/Local Planning,2025,https://www.nmhc.org
43207,Columbus,39.8396,-83.0801,19,6,7738,NMHC/Local Planning,2025,https://www.nmhc.org
43208,Columbus,39.9781,-83.1652,20,6,7276,NMHC/Local Planning,2025,https://www.nmhc.org
43209,Columbus,39.8779,-82.9828,18,6,7302,NMHC/Local Planning,2025,https://www.nmhc.org
43210,Columbus,39.8746,-83.1787,18,6,8181,NMHC/Local Planning,2025,https://www.nmhc.org
43211,Columbus,39.8289,-82.9277,17,6,9098,NMHC/Local Planning,2025,https://www.nmhc.org
43212,Columbus,40.0568,-83.028,18,6,9081,NMHC/Local Planning,2025,https://www.nmhc.org
43213,Columbus,40.071,-83.1016,19,6,8647,NMHC/Local Planning,2025,https://www.nmhc.org
43214,Columbus,39.8448,-82.9857,17,6,7012,NMHC/Local Planning,2025,https://www.nmhc.org
43215,Columbus,39.9024,-82.8522,15,6,7528,NMHC/Local Planning,2025,https://www.nmhc.org
43216,Columbus,40.0265,-82.8439,20,6,9913,NMHC/Local Planning,2025,https://www.nmhc.org
43217,Columbus,39.9135,-83.0775,17,6,9985,NMHC/Local Planning,2025,https://www.nmhc.org
43218,Columbus,40.0169,-83.0315,16,6,9471,NMHC/Local Planning,2025,https://www.nmhc.org
43219,Columbus,39.8485,-82.8873,18,6,9537,NMHC/Local Planning,2025,https://www.nmhc.org
43220,Columbus,39.8452,-83.0673,20,6,8283,NMHC/Local Planning,2025,https://www.nmhc.org
43221,Columbus,39.9889,-82.939,17,6,8169,NMHC/Local Planning,2025,https://www.nmhc.org
43222,Columbus,39.9443,-83.0074,17,6,9723,NMHC/Local Planning,2025,https://www.nmhc.org
43223,Columbus,40.0075,-82.9615,16,6,9783,NMHC/Local Planning,2025,https://www.nmhc.org
43224,Columbus,39.9804,-82.8342,15,6,8978,NMHC/Local Planning,2025,https://www.nmhc.org
43225,Columbus,39.8397,-82.8365,18,6,7601,NMHC/Local Planning,2025,https://www.nmhc.org
43226,Columbus,39.8909,-83.0486,16,6,7660,NMHC/Local Planning,2025,https://www.nmhc.org
43227,Columbus,40.0849,-83.0658,18,6,9101,NMHC/Local Planning,2025,https://www.nmhc.org
43228,Columbus,39.9456,-82.8252,21,6,7982,NMHC/Local Planning,2025,https://www.nmhc.org
43229,Columbus,39.9931,-83.1476,18,6,7093,NMHC/Local Planning,2025,https://www.nmhc.org
43230,Columbus,39.8566,-83.1024,14,6,8871,NMHC/Local Planning,2025,https://www.nmhc.org
43231,Columbus,39.926,-83.0788,16,6,10014,NMHC/Local Planning,2025,https://www.nmhc.org
43232,Columbus,39.9156,-82.9289,16,6,9111,NMHC/Local Planning,2025,https://www.nmhc.org
43233,Columbus,40.0732,-83.1598,21,6,8065,NMHC/Local Planning,2025,https://www.nmhc.org
43234,Columbus,39.9025,-83.1296,16,6,8727,NMHC/Local Planning,2025,https://www.nmhc.org
43235,Columbus,40.0553,-83.0767,16,6,8670,NMHC/Local Planning,2025,https://www.nmhc.org
28201,Charlotte,35.114,-80.9609,19,8,7019,NMHC/Local Planning,2025,https://www.nmhc.org
28202,Charlotte,35.2349,-80.7388,20,8,8881,NMHC/Local Planning,2025,https://www.nmhc.org
28203,Charlotte,35.3304,-81.0086,20,8,7640,NMHC/Local Planning,2025,https://www.nmhc.org
28204,Charlotte,35.2807,-80.8843,19,8,6976,NMHC/Local Planning,2025,https://www.nmhc.org
28205,Charlotte,35.2993,-80.8051,19,8,8675,NMHC/Local Planning,2025,https://www.nmhc.org
28206,Charlotte,35.1703,-80.9353,18,8,9086,NMHC/Local Planning,2025,https://www.nmhc.org
28207,Charlotte,35.0789,-80.9889,21,8,8205,NMHC/Local Planning,2025,https://www.nmhc.org
28208,Charlotte,35.2953,-80.8903,14,8,8295,NMHC/Local Planning,2025,https://www.nmhc.org
28209,Charlotte,35.1328,-80.8814,15,8,8881,NMHC/Local Planning,2025,https://www.nmhc.org
28210,Charlotte,35.2871,-80.8476,19,8,8487,NMHC/Local Planning,2025,https://www.nmhc.org
28211,Charlotte,35.1844,-80.7765,21,8,7951,NMHC/Local Planning,2025,https://www.nmhc.org
28212,Charlotte,35.0849,-80.767,20,8,7235,NMHC/Local Planning,2025,https://www.nmhc.org
28213,Charlotte,35.1226,-80.9349,17,8,7940,NMHC/Local Planning,2025,https://www.nmhc.org
28214,Charlotte,35.0786,-80.9486,18,8,8532,NMHC/Local Planning,2025,https://www.nmhc.org
28215,Charlotte,35.1748,-80.8935,17,8,6988,NMHC/Local Planning,2025,https://www.nmhc.org
28216,Charlotte,35.3338,-80.7734,17,8,7773,NMHC/Local Planning,2025,https://www.nmhc.org
28217,Charlotte,35.146,-80.7171,15,8,8116,NMHC/Local Planning,2025,https://www.nmhc.org
28218,Charlotte,35.3371,-80.9789,16,8,8902,NMHC/Local Planning,2025,https://www.nmhc.org
28219,Charlotte,35.2189,-80.8338,18,8,9276,NMHC/Local Planning,2025,https://www.nmhc.org
28220,Charlotte,35.3229,-81.0049,19,8,9180,NMHC/Local Planning,2025,https://www.nmhc.org
28221,Charlotte,35.1368,-80.6844,15,8,8589,NMHC/Local Planning,2025,https://www.nmhc.org
28222,Charlotte,35.3012,-80.9534,16,8,8976,NMHC/Local Planning,2025,https://www.nmhc.org
28223,Charlotte,35.1556,-80.7174,20,8,7055,NMHC/Local Planning,2025,https://www.nmhc.org
28224,Charlotte,35.1506,-80.9397,16,8,9463,NMHC/Local Planning,2025,https://www.nmhc.org
28225,Charlotte,35.0836,-80.702,15,8,8828,NMHC/Local Planning,2025,https://www.nmhc.org
28226,Charlotte,35.3561,-81.0101,17,8,9629,NMHC/Local Planning,2025,https://www.nmhc.org
28227,Charlotte,35.1523,-81.0029,19,8,7794,NMHC/Local Planning,2025,https://www.nmhc.org
28228,Charlotte,35.3138,-80.9725,16,8,9496,NMHC/Local Planning,2025,https://www.nmhc.org
28229,Charlotte,35.1326,-80.6913,18,8,8477,NMHC/Local Planning,2025,https://www.nmhc.org
28230,Charlotte,35.1131,-80.7382,17,8,7267,NMHC/Local Planning,2025,https://www.nmhc.org
28231,Charlotte,35.2488,-80.91,15,8,8049,NMHC/Local Planning,2025,https://www.nmhc.org
28232,Charlotte,35.1105,-80.9699,20,8,9951,NMHC/Local Planning,2025,https://www.nmhc.org
28233,Charlotte,35.2,-80.9636,19,8,9917,NMHC/Local Planning,2025,https://www.nmhc.org
28234,Charlotte,35.1898,-80.8272,20,8,7647,NMHC/Local Planning,2025,https://www.nmhc.org
28235,Charlotte,35.3317,-80.9685,18,8,7409,NMHC/Local Planning,2025,https://www.nmhc.org
28236,Charlotte,35.132,-80.9687,18,8,7963,NMHC/Local Planning,2025,https://www.nmhc.org
28237,Charlotte,35.0896,-80.7634,15,8,8395,NMHC/Local Planning,2025,https://www.nmhc.org
28238,Charlotte,35.0773,-80.8534,16,8,8490,NMHC/Local Planning,2025,https://www.nmhc.org
28239,Charlotte,35.2769,-80.8749,17,8,9320,NMHC/Local Planning,2025,https://www.nmhc.org
28240,Charlotte,35.2606,-81.0069,18,8,10014,NMHC/Local Planning,2025,https://www.nmhc.org
46201,Indianapolis,39.818,-86.2891,20,4,7096,NMHC/Local Planning,2025,https://www.nmhc.org
46202,Indianapolis,39.7269,-86.2056,15,4,7763,NMHC/Local Planning,2025,https://www.nmhc.org
46203,Indianapolis,39.6224,-86.0448,21,4,9412,NMHC/Local Planning,2025,https://www.nmhc.org
46204,Indianapolis,39.7655,-86.087,17,4,8660,NMHC/Local Planning,2025,https://www.nmhc.org
46205,Indianapolis,39.6699,-86.0599,15,4,7420,NMHC/Local Planning,2025,https://www.nmhc.org
46206,Indianapolis,39.9067,-86.0748,19,4,7809,NMHC/Local Planning,2025,https://www.nmhc.org
46207,Indianapolis,39.6444,-86.2115,17,4,8269,NMHC/Local Planning,2025,https://www.nmhc.org
46208,Indianapolis,39.6796,-86.0884,18,4,8362,NMHC/Local Planning,2025,https://www.nmhc.org
46209,Indianapolis,39.7959,-86.2879,15,4,9221,NMHC/Local Planning,2025,https://www.nmhc.org
46210,Indianapolis,39.7777,-86.026,15,4,7007,NMHC/Local Planning,2025,https://www.nmhc.org
46211,Indianapolis,39.7722,-86.1321,17,4,7418,NMHC/Local Planning,2025,https://www.nmhc.org
46212,Indianapolis,39.7517,-86.2824,18,4,7473,NMHC/Local Planning,2025,https://www.nmhc.org
46213,Indianapolis,39.6656,-86.1348,19,4,9820,NMHC/Local Planning,2025,https://www.nmhc.org
46214,Indianapolis,39.7742,-86.0613,20,4,7082,NMHC/Local Planning,2025,https://www.nmhc.org
46215,Indianapolis,39.8959,-86.0608,17,4,8063,NMHC/Local Planning,2025,https://www.nmhc.org
46216,Indianapolis,39.8445,-86.27,15,4,9418,NMHC/Local Planning,2025,https://www.nmhc.org
46217,Indianapolis,39.7732,-86.0725,20,4,9758,NMHC/Local Planning,2025,https://www.nmhc.org
46218,Indianapolis,39.7687,-85.9884,19,4,8317,NMHC/Local Planning,2025,https://www.nmhc.org
46219,Indianapolis,39.6651,-86.1852,15,4,8310,NMHC/Local Planning,2025,https://www.nmhc.org
46220,Indianapolis,39.7833,-86.0479,20,4,7147,NMHC/Local Planning,2025,https://www.nmhc.org
46221,Indianapolis,39.773,-85.9968,19,4,7096,NMHC/Local Planning,2025,https://www.nmhc.org
46222,Indianapolis,39.6397,-86.2797,17,4,9639,NMHC/Local Planning,2025,https://www.nmhc.org
46223,Indianapolis,39.8894,-86.2675,20,4,9027,NMHC/Local Planning,2025,https://www.nmhc.org
46224,Indianapolis,39.7344,-86.0993,19,4,9058,NMHC/Local Planning,2025,https://www.nmhc.org
46225,Indianapolis,39.8196,-86.19,15,4,7492,NMHC/Local Planning,2025,https://www.nmhc.org
46226,Indianapolis,39.7708,-86.2166,14,4,7355,NMHC/Local Planning,2025,https://www.nmhc.org
46227,Indianapolis,39.8156,-86.3179,18,4,8796,NMHC/Local Planning,2025,https://www.nmhc.org
46228,Indianapolis,39.6766,-86.1958,14,4,7282,NMHC/Local Planning,2025,https://www.nmhc.org
46229,Indianapolis,39.8318,-86.2823,18,4,7119,NMHC/Local Planning,2025,https://www.nmhc.org
46230,Indianapolis,39.9109,-86.2648,14,4,8976,NMHC/Local Planning,2025,https://www.nmhc.org
98101,Seattle,47.4979,-122.3808,18,6,7800,NMHC/Local Planning,2025,https://www.nmhc.org
98102,Seattle,47.5801,-122.2696,19,6,9039,NMHC/Local Planning,2025,https://www.nmhc.org
98103,Seattle,47.6485,-122.1809,16,6,7574,NMHC/Local Planning,2025,https://www.nmhc.org
98104,Seattle,47.7062,-122.5068,16,6,7319,NMHC/Local Planning,2025,https://www.nmhc.org
98105,Seattle,47.4843,-122.1605,19,6,7626,NMHC/Local Planning,2025,https://www.nmhc.org
98106,Seattle,47.7263,-122.1912,14,6,9835,NMHC/Local Planning,2025,https://www.nmhc.org
98107,Seattle,47.659,-122.3495,17,6,7496,NMHC/Local Planning,2025,https://www.nmhc.org
98108,Seattle,47.6168,-122.4704,17,6,7059,NMHC/Local Planning,2025,https://www.nmhc.org
98109,Seattle,47.7366,-122.4055,15,6,9977,NMHC/Local Planning,2025,https://www.nmhc.org
98110,Seattle,47.6062,-122.2585,20,6,9811,NMHC/Local Planning,2025,https://www.nmhc.org
98111,Seattle,47.4864,-122.2214,17,6,8806,NMHC/Local Planning,2025,https://www.nmhc.org
98112,Seattle,47.5813,-122.3599,20,6,7110,NMHC/Local Planning,2025,https://www.nmhc.org
98113,Seattle,47.7045,-122.3161,15,6,8217,NMHC/Local Planning,2025,https://www.nmhc.org
98114,Seattle,47.7105,-122.4683,20,6,7534,NMHC/Local Planning,2025,https://www.nmhc.org
98115,Seattle,47.4769,-122.3493,20,6,9992,NMHC/Local Planning,2025,https://www.nmhc.org
98116,Seattle,47.6752,-122.3707,18,6,9241,NMHC/Local Planning,2025,https://www.nmhc.org
98117,Seattle,47.5965,-122.2721,15,6,7710,NMHC/Local Planning,2025,https://www.nmhc.org
98118,Seattle,47.5301,-122.153,15,6,8900,NMHC/Local Planning,2025,https://www.nmhc.org
98119,Seattle,47.6787,-122.5039,19,6,7715,NMHC/Local Planning,2025,https://www.nmhc.org
98120,Seattle,47.503,-122.4108,19,6,9907,NMHC/Local Planning,2025,https://www.nmhc.org
98121,Seattle,47.6754,-122.3445,21,6,8403,NMHC/Local Planning,2025,https://www.nmhc.org
98122,Seattle,47.5799,-122.1603,19,6,8383,NMHC/Local Planning,2025,https://www.nmhc.org
98123,Seattle,47.4899,-122.3389,16,6,7546,NMHC/Local Planning,2025,https://www.nmhc.org
98124,Seattle,47.5505,-122.3795,15,6,9808,NMHC/Local Planning,2025,https://www.nmhc.org
98125,Seattle,47.6061,-122.2312,21,6,10023,NMHC/Local Planning,2025,https://www.nmhc.org
98126,Seattle,47.6999,-122.3046,16,6,7984,NMHC/Local Planning,2025,https://www.nmhc.org
98127,Seattle,47.457,-122.3199,14,6,7605,NMHC/Local Planning,2025,https://www.nmhc.org
98128,Seattle,47.4624,-122.4788,17,6,8631,NMHC/Local Planning,2025,https://www.nmhc.org
98129,Seattle,47.5938,-122.4359,20,6,7226,NMHC/Local Planning,2025,https://www.nmhc.org
98130,Seattle,47.6215,-122.4707,20,6,9960,NMHC/Local Planning,2025,https://www.nmhc.org
98131,Seattle,47.4666,-122.3512,14,6,8091,NMHC/Local Planning,2025,https://www.nmhc.org
98132,Seattle,47.6181,-122.245,15,6,8581,NMHC/Local Planning,2025,https://www.nmhc.org
98133,Seattle,47.4939,-122.4709,15,6,7897,NMHC/Local Planning,2025,https://www.nmhc.org
98134,Seattle,47.5725,-122.3074,16,6,9691,NMHC/Local Planning,2025,https://www.nmhc.org
98135,Seattle,47.7065,-122.4742,15,6,7262,NMHC/Local Planning,2025,https://www.nmhc.org
98136,Seattle,47.6082,-122.3517,18,6,9938,NMHC/Local Planning,2025,https://www.nmhc.org
98137,Seattle,47.6423,-122.509,18,6,7193,NMHC/Local Planning,2025,https://www.nmhc.org
98138,Seattle,47.5649,-122.5058,21,6,7463,NMHC/Local Planning,2025,https://www.nmhc.org
98139,Seattle,47.6434,-122.3681,21,6,9073,NMHC/Local Planning,2025,https://www.nmhc.org
98140,Seattle,47.6197,-122.3275,20,6,7276,NMHC/Local Planning,2025,https://www.nmhc.org
80201,Denver,39.6256,-104.8904,17,6,9863,NMHC/Local Planning,2025,https://www.nmhc.org
80202,Denver,39.7955,-105.1676,17,6,7623,NMHC/Local Planning,2025,https://www.nmhc.org
80203,Denver,39.6205,-104.9694,19,6,7879,NMHC/Local Planning,2025,https://www.nmhc.org
80204,Denver,39.6214,-104.8226,19,6,8155,NMHC/Local Planning,2025,https://www.nmhc.org
80205,Denver,39.8852,-104.971,16,6,7507,NMHC/Local Planning,2025,https://www.nmhc.org
80206,Denver,39.5892,-104.8225,20,6,8754,NMHC/Local Planning,2025,https://www.nmhc.org
80207,Denver,39.7636,-105.0675,21,6,8876,NMHC/Local Planning,2025,https://www.nmhc.org
80208,Denver,39.7129,-105.1077,15,6,9443,NMHC/Local Planning,2025,https://www.nmhc.org
80209,Denver,39.7826,-105.024,19,6,9168,NMHC/Local Planning,2025,https://www.nmhc.org
80210,Denver,39.7974,-104.8199,17,6,8651,NMHC/Local Planning,2025,https://www.nmhc.org
80211,Denver,39.8421,-105.1424,18,6,7212,NMHC/Local Planning,2025,https://www.nmhc.org
80212,Denver,39.7524,-105.0872,20,6,9976,NMHC/Local Planning,2025,https://www.nmhc.org
80213,Denver,39.7777,-104.9079,20,6,8808,NMHC/Local Planning,2025,https://www.nmhc.org
80214,Denver,39.6262,-105.0972,20,6,9827,NMHC/Local Planning,2025,https://www.nmhc.org
80215,Denver,39.6144,-104.9171,20,6,8920,NMHC/Local Planning,2025,https://www.nmhc.org
80216,Denver,39.8482,-105.1308,16,6,8556,NMHC/Local Planning,2025,https://www.nmhc.org
80217,Denver,39.6421,-104.9933,19,6,8478,NMHC/Local Planning,2025,https://www.nmhc.org
80218,Denver,39.87,-105.1205,20,6,7810,NMHC/Local Planning,2025,https://www.nmhc.org
80219,Denver,39.7441,-104.9701,16,6,7015,NMHC/Local Planning,2025,https://www.nmhc.org
80220,Denver,39.8626,-105.0258,15,6,7292,NMHC/Local Planning,2025,https://www.nmhc.org
80221,Denver,39.6695,-104.8716,17,6,7186,NMHC/Local Planning,2025,https://www.nmhc.org
80222,Denver,39.751,-105.0555,19,6,8664,NMHC/Local Planning,2025,https://www.nmhc.org
80223,Denver,39.7075,-104.9194,20,6,7089,NMHC/Local Planning,2025,https://www.nmhc.org
80224,Denver,39.6004,-104.9767,19,6,7609,NMHC/Local Planning,2025,https://www.nmhc.org
80225,Denver,39.7674,-105.0961,17,6,9738,NMHC/Local Planning,2025,https://www.nmhc.org
80226,Denver,39.8197,-104.8277,15,6,9101,NMHC/Local Planning,2025,https://www.nmhc.org
80227,Denver,39.7255,-105.1182,20,6,9128,NMHC/Local Planning,2025,https://www.nmhc.org
80228,Denver,39.7241,-104.8297,18,6,9384,NMHC/Local Planning,2025,https://www.nmhc.org
80229,Denver,39.8002,-104.858,15,6,8880,NMHC/Local Planning,2025,https://www.nmhc.org
80230,Denver,39.8066,-105.1441,17,6,8172,NMHC/Local Planning,2025,https://www.nmhc.org
80231,Denver,39.7183,-105.0303,17,6,9628,NMHC/Local Planning,2025,https://www.nmhc.org
80232,Denver,39.6139,-104.8504,20,6,9837,NMHC/Local Planning,2025,https://www.nmhc.org
80233,Denver,39.8433,-104.9956,17,6,8632,NMHC/Local Planning,2025,https://www.nmhc.org
80234,Denver,39.711,-104.9693,19,6,9466,NMHC/Local Planning,2025,https://www.nmhc.org
80235,Denver,39.6442,-105.056,16,6,9833,NMHC/Local Planning,2025,https://www.nmhc.org
80236,Denver,39.7299,-105.025,18,6,7396,NMHC/Local Planning,2025,https://www.nmhc.org
80237,Denver,39.747,-105.0579,18,6,8873,NMHC/Local Planning,2025,https://www.nmhc.org
80238,Denver,39.6272,-104.8347,18,6,8416,NMHC/Local Planning,2025,https://www.nmhc.org
80239,Denver,39.7318,-104.8504,17,6,8259,NMHC/Local Planning,2025,https://www.nmhc.org
80240,Denver,39.8095,-105.1393,18,6,8008,NMHC/Local Planning,2025,https://www.nmhc.org
37201,Nashville,36.0208,-86.6646,20,6,7871,NMHC/Local Planning,2025,https://www.nmhc.org
37202,Nashville,36.0437,-86.8936,17,6,8442,NMHC/Local Planning,2025,https://www.nmhc.org
37203,Nashville,36.2552,-86.9376,16,6,7101,NMHC/Local Planning,2025,https://www.nmhc.org
37204,Nashville,36.061,-86.7206,16,6,8616,NMHC/Local Planning,2025,https://www.nmhc.org
37205,Nashville,36.273,-86.7606,19,6,8592,NMHC/Local Planning,2025,https://www.nmhc.org
37206,Nashville,36.0539,-86.9444,19,6,7546,NMHC/Local Planning,2025,https://www.nmhc.org
37207,Nashville,36.1991,-86.8882,17,6,9988,NMHC/Local Planning,2025,https://www.nmhc.org
37208,Nashville,36.1133,-86.8843,14,6,8569,NMHC/Local Planning,2025,https://www.nmhc.org
37209,Nashville,36.0776,-86.7782,21,6,7478,NMHC/Local Planning,2025,https://www.nmhc.org
37210,Nashville,36.0648,-86.7019,19,6,9902,NMHC/Local Planning,2025,https://www.nmhc.org
37211,Nashville,36.1831,-86.7614,19,6,8713,NMHC/Local Planning,2025,https://www.nmhc.org
37212,Nashville,36.2249,-86.8918,18,6,7752,NMHC/Local Planning,2025,https://www.nmhc.org
37213,Nashville,36.1193,-86.6146,17,6,7901,NMHC/Local Planning,2025,https://www.nmhc.org
37214,Nashville,36.2372,-86.9343,17,6,9768,NMHC/Local Planning,2025,https://www.nmhc.org
37215,Nashville,36.1308,-86.804,18,6,7597,NMHC/Local Planning,2025,https://www.nmhc.org
37216,Nashville,36.1976,-86.8175,15,6,7671,NMHC/Local Planning,2025,https://www.nmhc.org
37217,Nashville,36.047,-86.7987,16,6,7888,NMHC/Local Planning,2025,https://www.nmhc.org
37218,Nashville,36.0669,-86.7894,20,6,9916,NMHC/Local Planning,2025,https://www.nmhc.org
37219,Nashville,36.2677,-86.8998,15,6,8124,NMHC/Local Planning,2025,https://www.nmhc.org
37220,Nashville,36.0888,-86.7075,20,6,8981,NMHC/Local Planning,2025,https://www.nmhc.org
37221,Nashville,36.0932,-86.8885,16,6,7537,NMHC/Local Planning,2025,https://www.nmhc.org
37222,Nashville,36.0957,-86.7309,16,6,7774,NMHC/Local Planning,2025,https://www.nmhc.org
37223,Nashville,36.1804,-86.9233,20,6,7062,NMHC/Local Planning,2025,https://www.nmhc.org
37224,Nashville,36.1991,-86.8106,20,6,7817,NMHC/Local Planning,2025,https://www.nmhc.org
37225,Nashville,36.0932,-86.9133,17,6,8529,NMHC/Local Planning,2025,https://www.nmhc.org
37226,Nashville,36.0599,-86.712,17,6,7964,NMHC/Local Planning,2025,https://www.nmhc.org
37227,Nashville,36.2288,-86.9448,15,6,8857,NMHC/Local Planning,2025,https://www.nmhc.org
37228,Nashville,36.032,-86.7091,15,6,9285,NMHC/Local Planning,2025,https://www.nmhc.org
37229,Nashville,36.0883,-86.6111,20,6,9846,NMHC/Local Planning,2025,https://www.nmhc.org
37230,Nashville,36.1872,-86.8513,15,6,9647,NMHC/Local Planning,2025,https://www.nmhc.org
37231,Nashville,36.2605,-86.9274,15,6,8305,NMHC/Local Planning,2025,https://www.nmhc.org
37232,Nashville,36.2478,-86.6341,17,6,9893,NMHC/Local Planning,2025,https://www.nmhc.org
37233,Nashville,36.3052,-86.6856,15,6,8324,NMHC/Local Planning,2025,https://www.nmhc.org
37234,Nashville,36.0397,-86.6274,19,6,8776,NMHC/Local Planning,2025,https://www.nmhc.org
37235,Nashville,36.1547,-86.957,20,6,9712,NMHC/Local Planning,2025,https://www.nmhc.org
73101,Oklahoma City,35.6037,-97.591,16,4,7298,NMHC/Local Planning,2025,https://www.nmhc.org
73102,Oklahoma City,35.4681,-97.3571,16,4,7345,NMHC/Local Planning,2025,https://www.nmhc.org
73103,Oklahoma City,35.4548,-97.6706,17,4,9381,NMHC/Local Planning,2025,https://www.nmhc.org
73104,Oklahoma City,35.4168,-97.4255,20,4,9065,NMHC/Local Planning,2025,https://www.nmhc.org
73105,Oklahoma City,35.4295,-97.4105,15,4,9238,NMHC/Local Planning,2025,https://www.nmhc.org
73106,Oklahoma City,35.5475,-97.6195,17,4,9274,NMHC/Local Planning,2025,https://www.nmhc.org
73107,Oklahoma City,35.5533,-97.6583,16,4,9724,NMHC/Local Planning,2025,https://www.nmhc.org
73108,Oklahoma City,35.3279,-97.5559,19,4,8459,NMHC/Local Planning,2025,https://www.nmhc.org
73109,Oklahoma City,35.4958,-97.3883,14,4,7389,NMHC/Local Planning,2025,https://www.nmhc.org
73110,Oklahoma City,35.4209,-97.4156,19,4,9807,NMHC/Local Planning,2025,https://www.nmhc.org
73111,Oklahoma City,35.5567,-97.6376,18,4,10011,NMHC/Local Planning,2025,https://www.nmhc.org
73112,Oklahoma City,35.3984,-97.5047,19,4,8585,NMHC/Local Planning,2025,https://www.nmhc.org
73113,Oklahoma City,35.5518,-97.4942,21,4,9312,NMHC/Local Planning,2025,https://www.nmhc.org
73114,Oklahoma City,35.3548,-97.4308,17,4,8950,NMHC/Local Planning,2025,https://www.nmhc.org
73115,Oklahoma City,35.5467,-97.4573,17,4,7790,NMHC/Local Planning,2025,https://www.nmhc.org
73116,Oklahoma City,35.4305,-97.5983,15,4,9074,NMHC/Local Planning,2025,https://www.nmhc.org
73117,Oklahoma City,35.5923,-97.652,15,4,6988,NMHC/Local Planning,2025,https://www.nmhc.org
73118,Oklahoma City,35.3641,-97.637,16,4,7320,NMHC/Local Planning,2025,https://www.nmhc.org
73119,Oklahoma City,35.5716,-97.4115,18,4,7228,NMHC/Local Planning,2025,https://www.nmhc.org
73120,Oklahoma City,35.4239,-97.5125,20,4,9009,NMHC/Local Planning,2025,https://www.nmhc.org
73121,Oklahoma City,35.3321,-97.6073,20,4,7953,NMHC/Local Planning,2025,https://www.nmhc.org
73122,Oklahoma City,35.3422,-97.6863,20,4,9306,NMHC/Local Planning,2025,https://www.nmhc.org
73123,Oklahoma City,35.4703,-97.5255,20,4,7940,NMHC/Local Planning,2025,https://www.nmhc.org
73124,Oklahoma City,35.4068,-97.4963,17,4,8889,NMHC/Local Planning,2025,https://www.nmhc.org
73125,Oklahoma City,35.336,-97.5992,19,4,7357,NMHC/Local Planning,2025,https://www.nmhc.org
20001,DC Metro,38.8522,-76.9887,15,4,8996,NMHC/Local Planning,2025,https://www.nmhc.org
20002,DC Metro,39.0445,-77.0157,20,4,7615,NMHC/Local Planning,2025,https://www.nmhc.org
20003,DC Metro,38.9831,-77.2136,14,4,9877,NMHC/Local Planning,2025,https://www.nmhc.org
20004,DC Metro,38.9602,-77.0049,15,4,7587,NMHC/Local Planning,2025,https://www.nmhc.org
20005,DC Metro,38.9425,-77.149,16,4,8839,NMHC/Local Planning,2025,https://www.nmhc.org
20006,DC Metro,39.0088,-77.1003,20,4,9816,NMHC/Local Planning,2025,https://www.nmhc.org
20007,DC Metro,38.872,-76.8676,18,4,8305,NMHC/Local Planning,2025,https://www.nmhc.org
20008,DC Metro,38.9171,-76.9756,15,4,8819,NMHC/Local Planning,2025,https://www.nmhc.org
20009,DC Metro,38.7857,-77.0455,17,4,8251,NMHC/Local Planning,2025,https://www.nmhc.org
20010,DC Metro,38.7584,-76.9012,15,4,7380,NMHC/Local Planning,2025,https://www.nmhc.org
20011,DC Metro,38.794,-77.2078,15,4,7509,NMHC/Local Planning,2025,https://www.nmhc.org
20012,DC Metro,38.7665,-76.9568,19,4,8597,NMHC/Local Planning,2025,https://www.nmhc.org
20013,DC Metro,38.9812,-76.995,20,4,8595,NMHC/Local Planning,2025,https://www.nmhc.org
20014,DC Metro,39.0348,-77.0962,16,4,7264,NMHC/Local Planning,2025,https://www.nmhc.org
20015,DC Metro,38.9911,-77.1869,15,4,7422,NMHC/Local Planning,2025,https://www.nmhc.org
20016,DC Metro,38.8253,-76.9366,18,4,7608,NMHC/Local Planning,2025,https://www.nmhc.org
20017,DC Metro,38.9662,-76.977,19,4,8454,NMHC/Local Planning,2025,https://www.nmhc.org
20018,DC Metro,38.8646,-77.21,17,4,9382,NMHC/Local Planning,2025,https://www.nmhc.org
20019,DC Metro,38.9553,-76.8956,16,4,8384,NMHC/Local Planning,2025,https://www.nmhc.org
20020,DC Metro,38.7979,-77.1619,16,4,7939,NMHC/Local Planning,2025,https://www.nmhc.org
20021,DC Metro,39.0079,-77.1623,20,4,7777,NMHC/Local Planning,2025,https://www.nmhc.org
20022,DC Metro,38.9866,-77.0719,15,4,9045,NMHC/Local Planning,2025,https://www.nmhc.org
20023,DC Metro,38.9536,-77.156,17,4,9758,NMHC/Local Planning,2025,https://www.nmhc.org
20024,DC Metro,38.8401,-77.1032,17,4,9762,NMHC/Local Planning,2025,https://www.nmhc.org
20025,DC Metro,38.7892,-77.0699,17,4,8694,NMHC/Local Planning,2025,https://www.nmhc.org
20026,DC Metro,38.9616,-77.1038,20,4,7571,NMHC/Local Planning,2025,https://www.nmhc.org
20027,DC Metro,38.8274,-77.1586,15,4,8785,NMHC/Local Planning,2025,https://www.nmhc.org
20028,DC Metro,39.0115,-77.1344,16,4,8862,NMHC/Local Planning,2025,https://www.nmhc.org
20029,DC Metro,38.8472,-76.9973,20,4,7802,NMHC/Local Planning,2025,https://www.nmhc.org
20030,DC Metro,38.9185,-77.1125,17,4,7527,NMHC/Local Planning,2025,https://www.nmhc.org
20031,DC Metro,38.7612,-77.1986,17,4,9219,NMHC/Local Planning,2025,https://www.nmhc.org
20032,DC Metro,38.7593,-77.1012,19,4,7343,NMHC/Local Planning,2025,https://www.nmhc.org
20033,DC Metro,38.7699,-77.1005,20,4,8261,NMHC/Local Planning,2025,https://www.nmhc.org
20034,DC Metro,38.9067,-76.9561,17,4,7243,NMHC/Local Planning,2025,https://www.nmhc.org
20035,DC Metro,38.7968,-76.9933,14,4,8001,NMHC/Local Planning,2025,https://www.nmhc.org
20036,DC Metro,38.7817,-76.9203,18,4,9530,NMHC/Local Planning,2025,https://www.nmhc.org
20037,DC Metro,38.8108,-76.8749,18,4,9618,NMHC/Local Planning,2025,https://www.nmhc.org
20038,DC Metro,38.9192,-77.2011,19,4,9012,NMHC/Local Planning,2025,https://www.nmhc.org
20039,DC Metro,38.8452,-77.1042,17,4,8712,NMHC/Local Planning,2025,https://www.nmhc.org
20040,DC Metro,38.8013,-77.0232,19,4,9858,NMHC/Local Planning,2025,https://www.nmhc.org
20041,DC Metro,38.7759,-77.015,18,4,9414,NMHC/Local Planning,2025,https://www.nmhc.org
20042,DC Metro,38.8429,-77.0214,16,4,8288,NMHC/Local Planning,2025,https://www.nmhc.org
20043,DC Metro,38.9096,-76.9566,19,4,8100,NMHC/Local Planning,2025,https://www.nmhc.org
20044,DC Metro,38.9256,-77.0429,20,4,7224,NMHC/Local Planning,2025,https://www.nmhc.org
20045,DC Metro,38.9869,-77.1316,15,4,9759,NMHC/Local Planning,2025,https://www.nmhc.org
02101,Boston,42.2888,-71.2358,18,4,8453,NMHC/Local Planning,2025,https://www.nmhc.org
02102,Boston,42.3949,-71.127,16,4,7457,NMHC/Local Planning,2025,https://www.nmhc.org
02103,Boston,42.4624,-71.2124,15,4,8797,NMHC/Local Planning,2025,https://www.nmhc.org
02104,Boston,42.3011,-70.971,20,4,9027,NMHC/Local Planning,2025,https://www.nmhc.org
02105,Boston,42.3122,-70.9078,19,4,7636,NMHC/Local Planning,2025,https://www.nmhc.org
02106,Boston,42.4218,-71.1243,15,4,7502,NMHC/Local Planning,2025,https://www.nmhc.org
02107,Boston,42.2993,-71.057,14,4,9886,NMHC/Local Planning,2025,https://www.nmhc.org
02108,Boston,42.4827,-70.9577,18,4,9010,NMHC/Local Planning,2025,https://www.nmhc.org
02109,Boston,42.3871,-71.0184,20,4,9378,NMHC/Local Planning,2025,https://www.nmhc.org
02110,Boston,42.2128,-71.1224,15,4,7239,NMHC/Local Planning,2025,https://www.nmhc.org
02111,Boston,42.2683,-71.1002,18,4,9046,NMHC/Local Planning,2025,https://www.nmhc.org
02112,Boston,42.229,-71.074,18,4,7643,NMHC/Local Planning,2025,https://www.nmhc.org
02113,Boston,42.4654,-70.9379,15,4,8106,NMHC/Local Planning,2025,https://www.nmhc.org
02114,Boston,42.2752,-71.0315,20,4,9281,NMHC/Local Planning,2025,https://www.nmhc.org
02115,Boston,42.4287,-71.09,20,4,8672,NMHC/Local Planning,2025,https://www.nmhc.org
02116,Boston,42.4749,-70.9787,18,4,8293,NMHC/Local Planning,2025,https://www.nmhc.org
02117,Boston,42.4059,-71.1689,16,4,8528,NMHC/Local Planning,2025,https://www.nmhc.org
02118,Boston,42.2179,-71.1725,21,4,9417,NMHC/Local Planning,2025,https://www.nmhc.org
02119,Boston,42.2587,-70.8882,18,4,8137,NMHC/Local Planning,2025,https://www.nmhc.org
02120,Boston,42.3015,-70.9349,15,4,8374,NMHC/Local Planning,2025,https://www.nmhc.org
02121,Boston,42.4944,-71.2319,19,4,7233,NMHC/Local Planning,2025,https://www.nmhc.org
02122,Boston,42.5039,-70.929,17,4,10008,NMHC/Local Planning,2025,https://www.nmhc.org
02123,Boston,42.4874,-70.887,16,4,8526,NMHC/Local Planning,2025,https://www.nmhc.org
02124,Boston,42.3576,-71.1333,17,4,9267,NMHC/Local Planning,2025,https://www.nmhc.org
02125,Boston,42.2331,-71.1867,17,4,7125,NMHC/Local Planning,2025,https://www.nmhc.org
02126,Boston,42.4779,-70.9171,18,4,9958,NMHC/Local Planning,2025,https://www.nmhc.org
02127,Boston,42.4419,-71.1238,16,4,8388,NMHC/Local Planning,2025,https://www.nmhc.org
02128,Boston,42.3162,-70.9911,16,4,7426,NMHC/Local Planning,2025,https://www.nmhc.org
02129,Boston,42.3318,-71.0208,20,4,7453,NMHC/Local Planning,2025,https://www.nmhc.org
02130,Boston,42.2201,-71.1511,18,4,7783,NMHC/Local Planning,2025,https://www.nmhc.org
02131,Boston,42.2459,-71.0242,20,4,7767,NMHC/Local Planning,2025,https://www.nmhc.org
02132,Boston,42.4292,-71.0688,18,4,9145,NMHC/Local Planning,2025,https://www.nmhc.org
02133,Boston,42.3126,-70.8861,15,4,7220,NMHC/Local Planning,2025,https://www.nmhc.org
02134,Boston,42.4447,-70.9739,15,4,9924,NMHC/Local Planning,2025,https://www.nmhc.org
02135,Boston,42.2554,-71.0226,17,4,7615,NMHC/Local Planning,2025,https://www.nmhc.org
02136,Boston,42.3511,-70.9958,17,4,9075,NMHC/Local Planning,2025,https://www.nmhc.org
02137,Boston,42.4714,-71.1196,16,4,9843,NMHC/Local Planning,2025,https://www.nmhc.org
02138,Boston,42.3347,-71.1223,16,4,8923,NMHC/Local Planning,2025,https://www.nmhc.org
02139,Boston,42.4636,-70.9143,20,4,8135,NMHC/Local Planning,2025,https://www.nmhc.org
02140,Boston,42.3181,-71.1547,18,4,9803,NMHC/Local Planning,2025,https://www.nmhc.org
89101,Las Vegas,36.0881,-115.066,18,6,9556,NMHC/Local Planning,2025,https://www.nmhc.org
89102,Las Vegas,36.1985,-115.2699,16,6,7198,NMHC/Local Planning,2025,https://www.nmhc.org
89103,Las Vegas,36.1595,-115.116,18,6,8301,NMHC/Local Planning,2025,https://www.nmhc.org
89104,Las Vegas,36.0799,-115.1755,19,6,9849,NMHC/Local Planning,2025,https://www.nmhc.org
89105,Las Vegas,36.0909,-115.203,21,6,7302,NMHC/Local Planning,2025,https://www.nmhc.org
89106,Las Vegas,36.2842,-115.2977,15,6,9914,NMHC/Local Planning,2025,https://www.nmhc.org
89107,Las Vegas,36.0821,-114.966,18,6,9101,NMHC/Local Planning,2025,https://www.nmhc.org
89108,Las Vegas,36.0827,-115.2645,18,6,8246,NMHC/Local Planning,2025,https://www.nmhc.org
89109,Las Vegas,36.2104,-115.2103,19,6,8673,NMHC/Local Planning,2025,https://www.nmhc.org
89110,Las Vegas,36.2844,-115.1276,15,6,10015,NMHC/Local Planning,2025,https://www.nmhc.org
89111,Las Vegas,36.3006,-115.2032,17,6,7578,NMHC/Local Planning,2025,https://www.nmhc.org
89112,Las Vegas,36.1278,-115.1449,14,6,7041,NMHC/Local Planning,2025,https://www.nmhc.org
89113,Las Vegas,36.0502,-115.2217,16,6,8798,NMHC/Local Planning,2025,https://www.nmhc.org
89114,Las Vegas,36.2666,-115.2042,18,6,8549,NMHC/Local Planning,2025,https://www.nmhc.org
89115,Las Vegas,36.1032,-114.983,15,6,7093,NMHC/Local Planning,2025,https://www.nmhc.org
89116,Las Vegas,36.1385,-114.975,16,6,6991,NMHC/Local Planning,2025,https://www.nmhc.org
89117,Las Vegas,36.301,-115.2698,18,6,9232,NMHC/Local Planning,2025,https://www.nmhc.org
89118,Las Vegas,36.2468,-115.2981,17,6,8354,NMHC/Local Planning,2025,https://www.nmhc.org
89119,Las Vegas,36.1507,-115.0383,15,6,8872,NMHC/Local Planning,2025,https://www.nmhc.org
89120,Las Vegas,36.1585,-115.102,20,6,8388,NMHC/Local Planning,2025,https://www.nmhc.org
89121,Las Vegas,36.3044,-115.2709,16,6,7627,NMHC/Local Planning,2025,https://www.nmhc.org
89122,Las Vegas,36.0702,-115.2357,15,6,9739,NMHC/Local Planning,2025,https://www.nmhc.org
89123,Las Vegas,36.222,-115.2371,18,6,8257,NMHC/Local Planning,2025,https://www.nmhc.org
89124,Las Vegas,36.0827,-115.0777,15,6,7422,NMHC/Local Planning,2025,https://www.nmhc.org
89125,Las Vegas,36.103,-114.9972,20,6,9752,NMHC/Local Planning,2025,https://www.nmhc.org
89126,Las Vegas,36.1679,-115.2606,21,6,7714,NMHC/Local Planning,2025,https://www.nmhc.org
89127,Las Vegas,36.1609,-115.3072,19,6,9971,NMHC/Local Planning,2025,https://www.nmhc.org
89128,Las Vegas,36.2017,-115.1096,20,6,8958,NMHC/Local Planning,2025,https://www.nmhc.org
89129,Las Vegas,36.2464,-115.2331,19,6,9461,NMHC/Local Planning,2025,https://www.nmhc.org
89130,Las Vegas,36.1026,-115.2511,18,6,9272,NMHC/Local Planning,2025,https://www.nmhc.org
89131,Las Vegas,36.2754,-115.027,18,6,9380,NMHC/Local Planning,2025,https://www.nmhc.org
89132,Las Vegas,36.1857,-115.0072,18,6,9766,NMHC/Local Planning,2025,https://www.nmhc.org
89133,Las Vegas,36.13,-115.0453,19,6,9858,NMHC/Local Planning,2025,https://www.nmhc.org
89134,Las Vegas,36.0332,-115.2496,18,6,8195,NMHC/Local Planning,2025,https://www.nmhc.org
89135,Las Vegas,36.0297,-115.299,19,6,9183,NMHC/Local Planning,2025,https://www.nmhc.org
38101,Memphis,35.0347,-90.0124,16,4,8097,NMHC/Local Planning,2025,https://www.nmhc.org
38102,Memphis,35.294,-90.0607,17,4,7707,NMHC/Local Planning,2025,https://www.nmhc.org
38103,Memphis,35.2591,-90.1138,19,4,8779,NMHC/Local Planning,2025,https://www.nmhc.org
38104,Memphis,35.1223,-90.0692,16,4,9286,NMHC/Local Planning,2025,https://www.nmhc.org
38105,Memphis,35.2454,-90.124,15,4,7688,NMHC/Local Planning,2025,https://www.nmhc.org
38106,Memphis,35.0063,-89.9722,18,4,7637,NMHC/Local Planning,2025,https://www.nmhc.org
38107,Memphis,35.1312,-90.0383,20,4,7239,NMHC/Local Planning,2025,https://www.nmhc.org
38108,Memphis,35.299,-90.2098,17,4,8257,NMHC/Local Planning,2025,https://www.nmhc.org
38109,Memphis,35.2124,-90.1748,20,4,7972,NMHC/Local Planning,2025,https://www.nmhc.org
38110,Memphis,35.1476,-89.9807,20,4,7498,NMHC/Local Planning,2025,https://www.nmhc.org
38111,Memphis,35.2569,-89.9095,16,4,8575,NMHC/Local Planning,2025,https://www.nmhc.org
38112,Memphis,35.2609,-90.1995,17,4,7018,NMHC/Local Planning,2025,https://www.nmhc.org
38113,Memphis,35.138,-90.0297,18,4,9449,NMHC/Local Planning,2025,https://www.nmhc.org
38114,Memphis,35.0541,-90.0841,20,4,9585,NMHC/Local Planning,2025,https://www.nmhc.org
38115,Memphis,35.2038,-90.1041,16,4,7413,NMHC/Local Planning,2025,https://www.nmhc.org
38116,Memphis,35.0455,-89.971,21,4,7552,NMHC/Local Planning,2025,https://www.nmhc.org
38117,Memphis,35.232,-90.0571,16,4,8081,NMHC/Local Planning,2025,https://www.nmhc.org
38118,Memphis,35.2229,-90.0467,18,4,7104,NMHC/Local Planning,2025,https://www.nmhc.org
38119,Memphis,35.0606,-90.0138,16,4,9508,NMHC/Local Planning,2025,https://www.nmhc.org
38120,Memphis,35.0379,-90.2229,16,4,9316,NMHC/Local Planning,2025,https://www.nmhc.org
38121,Memphis,35.2494,-90.1093,17,4,8708,NMHC/Local Planning,2025,https://www.nmhc.org
38122,Memphis,35.2792,-89.8938,20,4,8355,NMHC/Local Planning,2025,https://www.nmhc.org
38123,Memphis,35.1025,-90.0006,19,4,8713,NMHC/Local Planning,2025,https://www.nmhc.org
38124,Memphis,35.1225,-89.9388,18,4,7078,NMHC/Local Planning,2025,https://www.nmhc.org
38125,Memphis,35.0114,-90.0239,18,4,7907,NMHC/Local Planning,2025,https://www.nmhc.org
40201,Louisville,38.2239,-85.7344,15,4,9089,NMHC/Local Planning,2025,https://www.nmhc.org
40202,Louisville,38.1542,-85.7337,18,4,8550,NMHC/Local Planning,2025,https://www.nmhc.org
40203,Louisville,38.3797,-85.6344,18,4,9991,NMHC/Local Planning,2025,https://www.nmhc.org
40204,Louisville,38.1507,-85.5987,17,4,7999,NMHC/Local Planning,2025,https://www.nmhc.org
40205,Louisville,38.3187,-85.8167,19,4,7160,NMHC/Local Planning,2025,https://www.nmhc.org
40206,Louisville,38.1181,-85.7972,18,4,7772,NMHC/Local Planning,2025,https://www.nmhc.org
40207,Louisville,38.3589,-85.6096,15,4,9487,NMHC/Local Planning,2025,https://www.nmhc.org
40208,Louisville,38.238,-85.8908,15,4,7706,NMHC/Local Planning,2025,https://www.nmhc.org
40209,Louisville,38.3919,-85.6878,20,4,9963,NMHC/Local Planning,2025,https://www.nmhc.org
40210,Louisville,38.1672,-85.8342,19,4,9696,NMHC/Local Planning,2025,https://www.nmhc.org
40211,Louisville,38.2952,-85.6491,17,4,7099,NMHC/Local Planning,2025,https://www.nmhc.org
40212,Louisville,38.3548,-85.8855,15,4,9834,NMHC/Local Planning,2025,https://www.nmhc.org
40213,Louisville,38.376,-85.6054,19,4,8092,NMHC/Local Planning,2025,https://www.nmhc.org
40214,Louisville,38.2477,-85.7564,20,4,8495,NMHC/Local Planning,2025,https://www.nmhc.org
40215,Louisville,38.1695,-85.6305,20,4,8219,NMHC/Local Planning,2025,https://www.nmhc.org
40216,Louisville,38.1775,-85.8448,18,4,9760,NMHC/Local Planning,2025,https://www.nmhc.org
40217,Louisville,38.1058,-85.6206,19,4,9831,NMHC/Local Planning,2025,https://www.nmhc.org
40218,Louisville,38.2934,-85.7714,19,4,7212,NMHC/Local Planning,2025,https://www.nmhc.org
40219,Louisville,38.1829,-85.781,17,4,7849,NMHC/Local Planning,2025,https://www.nmhc.org
40220,Louisville,38.2687,-85.6054,17,4,8769,NMHC/Local Planning,2025,https://www.nmhc.org
40221,Louisville,38.3321,-85.7819,18,4,8047,NMHC/Local Planning,2025,https://www.nmhc.org
40222,Louisville,38.3324,-85.7193,18,4,9649,NMHC/Local Planning,2025,https://www.nmhc.org
40223,Louisville,38.3881,-85.8208,16,4,7935,NMHC/Local Planning,2025,https://www.nmhc.org
40224,Louisville,38.1365,-85.901,19,4,9147,NMHC/Local Planning,2025,https://www.nmhc.org
40225,Louisville,38.2037,-85.937,19,4,7245,NMHC/Local Planning,2025,https://www.nmhc.org
97201,Portland,45.5758,-122.7217,20,4,9641,NMHC/Local Planning,2025,https://www.nmhc.org
97202,Portland,45.3654,-122.7149,16,4,9904,NMHC/Local Planning,2025,https://www.nmhc.org
97203,Portland,45.4034,-122.6156,17,4,7114,NMHC/Local Planning,2025,https://www.nmhc.org
97204,Portland,45.473,-122.5729,15,4,7175,NMHC/Local Planning,2025,https://www.nmhc.org
97205,Portland,45.5416,-122.7433,20,4,7311,NMHC/Local Planning,2025,https://www.nmhc.org
97206,Portland,45.6335,-122.5799,20,4,8358,NMHC/Local Planning,2025,https://www.nmhc.org
97207,Portland,45.528,-122.6786,17,4,9055,NMHC/Local Planning,2025,https://www.nmhc.org
97208,Portland,45.5849,-122.4972,15,4,7401,NMHC/Local Planning,2025,https://www.nmhc.org
97209,Portland,45.5541,-122.8055,16,4,9757,NMHC/Local Planning,2025,https://www.nmhc.org
97210,Portland,45.4677,-122.6188,14,4,8519,NMHC/Local Planning,2025,https://www.nmhc.org
97211,Portland,45.5918,-122.6433,18,4,9813,NMHC/Local Planning,2025,https://www.nmhc.org
97212,Portland,45.616,-122.6937,14,4,9537,NMHC/Local Planning,2025,https://www.nmhc.org
97213,Portland,45.4458,-122.6381,15,4,9610,NMHC/Local Planning,2025,https://www.nmhc.org
97214,Portland,45.6394,-122.8185,15,4,8943,NMHC/Local Planning,2025,https://www.nmhc.org
97215,Portland,45.4166,-122.6499,19,4,8948,NMHC/Local Planning,2025,https://www.nmhc.org
97216,Portland,45.3858,-122.7448,20,4,7877,NMHC/Local Planning,2025,https://www.nmhc.org
97217,Portland,45.3892,-122.822,18,4,8871,NMHC/Local Planning,2025,https://www.nmhc.org
97218,Portland,45.3887,-122.7348,20,4,7274,NMHC/Local Planning,2025,https://www.nmhc.org
97219,Portland,45.5247,-122.5518,16,4,10000,NMHC/Local Planning,2025,https://www.nmhc.org
97220,Portland,45.4349,-122.6732,17,4,8672,NMHC/Local Planning,2025,https://www.nmhc.org
97221,Portland,45.6099,-122.6183,17,4,9701,NMHC/Local Planning,2025,https://www.nmhc.org
97222,Portland,45.5721,-122.6025,20,4,9343,NMHC/Local Planning,2025,https://www.nmhc.org
97223,Portland,45.6546,-122.8095,17,4,8125,NMHC/Local Planning,2025,https://www.nmhc.org
97224,Portland,45.4131,-122.658,15,4,9490,NMHC/Local Planning,2025,https://www.nmhc.org
97225,Portland,45.4825,-122.5811,20,4,9624,NMHC/Local Planning,2025,https://www.nmhc.org
97226,Portland,45.3769,-122.6534,18,4,7023,NMHC/Local Planning,2025,https://www.nmhc.org
97227,Portland,45.3755,-122.6924,18,4,8716,NMHC/Local Planning,2025,https://www.nmhc.org
97228,Portland,45.5661,-122.7239,18,4,7035,NMHC/Local Planning,2025,https://www.nmhc.org
97229,Portland,45.6222,-122.5005,20,4,7251,NMHC/Local Planning,2025,https://www.nmhc.org
97230,Portland,45.5447,-122.8046,17,4,8752,NMHC/Local Planning,2025,https://www.nmhc.org
21201,Baltimore,39.3796,-76.6571,18,4,7861,NMHC/Local Planning,2025,https://www.nmhc.org
21202,Baltimore,39.1582,-76.5462,18,4,9346,NMHC/Local Planning,2025,https://www.nmhc.org
21203,Baltimore,39.2915,-76.7551,15,4,9509,NMHC/Local Planning,2025,https://www.nmhc.org
21204,Baltimore,39.3704,-76.4717,20,4,8093,NMHC/Local Planning,2025,https://www.nmhc.org
21205,Baltimore,39.154,-76.5859,15,4,9765,NMHC/Local Planning,2025,https://www.nmhc.org
21206,Baltimore,39.2262,-76.7575,18,4,10026,NMHC/Local Planning,2025,https://www.nmhc.org
21207,Baltimore,39.3048,-76.7334,20,4,7051,NMHC/Local Planning,2025,https://www.nmhc.org
21208,Baltimore,39.2216,-76.4502,19,4,9222,NMHC/Local Planning,2025,https://www.nmhc.org
21209,Baltimore,39.3417,-76.6553,19,4,7339,NMHC/Local Planning,2025,https://www.nmhc.org
21210,Baltimore,39.1741,-76.523,20,4,9960,NMHC/Local Planning,2025,https://www.nmhc.org
21211,Baltimore,39.369,-76.6612,19,4,8167,NMHC/Local Planning,2025,https://www.nmhc.org
21212,Baltimore,39.2257,-76.5263,15,4,7231,NMHC/Local Planning,2025,https://www.nmhc.org
21213,Baltimore,39.2809,-76.5413,18,4,8667,NMHC/Local Planning,2025,https://www.nmhc.org
21214,Baltimore,39.253,-76.5165,16,4,7872,NMHC/Local Planning,2025,https://www.nmhc.org
21215,Baltimore,39.2202,-76.554,17,4,9042,NMHC/Local Planning,2025,https://www.nmhc.org
21216,Baltimore,39.3427,-76.7269,16,4,8522,NMHC/Local Planning,2025,https://www.nmhc.org
21217,Baltimore,39.2473,-76.623,17,4,9305,NMHC/Local Planning,2025,https://www.nmhc.org
21218,Baltimore,39.1862,-76.5519,19,4,7145,NMHC/Local Planning,2025,https://www.nmhc.org
21219,Baltimore,39.2884,-76.4817,19,4,8013,NMHC/Local Planning,2025,https://www.nmhc.org
21220,Baltimore,39.3772,-76.6115,19,4,8758,NMHC/Local Planning,2025,https://www.nmhc.org
21221,Baltimore,39.4223,-76.572,18,4,7348,NMHC/Local Planning,2025,https://www.nmhc.org
21222,Baltimore,39.4079,-76.7707,18,4,8768,NMHC/Local Planning,2025,https://www.nmhc.org
21223,Baltimore,39.3875,-76.5626,18,4,9478,NMHC/Local Planning,2025,https://www.nmhc.org
21224,Baltimore,39.2042,-76.5738,15,4,8780,NMHC/Local Planning,2025,https://www.nmhc.org
21225,Baltimore,39.2698,-76.4831,20,4,8918,NMHC/Local Planning,2025,https://www.nmhc.org
21226,Baltimore,39.1759,-76.5722,20,4,9915,NMHC/Local Planning,2025,https://www.nmhc.org
21227,Baltimore,39.2285,-76.645,20,4,7390,NMHC/Local Planning,2025,https://www.nmhc.org
21228,Baltimore,39.2639,-76.7443,16,4,8979,NMHC/Local Planning,2025,https://www.nmhc.org
21229,Baltimore,39.2434,-76.5752,15,4,7584,NMHC/Local Planning,2025,https://www.nmhc.org
21230,Baltimore,39.3834,-76.7883,20,4,9276,NMHC/Local Planning,2025,https://www.nmhc.org
53201,Milwaukee,43.1134,-87.9816,18,4,9004,NMHC/Local Planning,2025,https://www.nmhc.org
53202,Milwaukee,43.1113,-87.8676,16,4,8244,NMHC/Local Planning,2025,https://www.nmhc.org
53203,Milwaukee,42.9786,-87.964,19,4,7327,NMHC/Local Planning,2025,https://www.nmhc.org
53204,Milwaukee,43.1,-88.0117,17,4,8720,NMHC/Local Planning,2025,https://www.nmhc.org
53205,Milwaukee,42.9748,-88.0353,16,4,8904,NMHC/Local Planning,2025,https://www.nmhc.org
53206,Milwaukee,43.0959,-88.0676,15,4,7139,NMHC/Local Planning,2025,https://www.nmhc.org
53207,Milwaukee,43.0927,-87.9479,18,4,7225,NMHC/Local Planning,2025,https://www.nmhc.org
53208,Milwaukee,43.0382,-87.7345,18,4,9870,NMHC/Local Planning,2025,https://www.nmhc.org
53209,Milwaukee,43.0882,-87.8522,17,4,9816,NMHC/Local Planning,2025,https://www.nmhc.org
53210,Milwaukee,43.0598,-87.9298,16,4,8951,NMHC/Local Planning,2025,https://www.nmhc.org
53211,Milwaukee,43.0803,-87.7934,18,4,7893,NMHC/Local Planning,2025,https://www.nmhc.org
53212,Milwaukee,42.901,-88.0004,17,4,9180,NMHC/Local Planning,2025,https://www.nmhc.org
53213,Milwaukee,42.9736,-87.8744,21,4,9945,NMHC/Local Planning,2025,https://www.nmhc.org
53214,Milwaukee,42.9068,-87.7769,17,4,8746,NMHC/Local Planning,2025,https://www.nmhc.org
53215,Milwaukee,43.109,-87.8633,20,4,7510,NMHC/Local Planning,2025,https://www.nmhc.org
53216,Milwaukee,42.9586,-87.7873,16,4,7631,NMHC/Local Planning,2025,https://www.nmhc.org
53217,Milwaukee,43.0688,-87.8276,16,4,9922,NMHC/Local Planning,2025,https://www.nmhc.org
53218,Milwaukee,43.1754,-87.8512,14,4,7887,NMHC/Local Planning,2025,https://www.nmhc.org
53219,Milwaukee,43.0593,-87.9237,19,4,8420,NMHC/Local Planning,2025,https://www.nmhc.org
53220,Milwaukee,43.0174,-87.9144,16,4,8981,NMHC/Local Planning,2025,https://www.nmhc.org
53221,Milwaukee,43.1138,-87.9222,18,4,7381,NMHC/Local Planning,2025,https://www.nmhc.org
53222,Milwaukee,43.0871,-87.7596,18,4,9646,NMHC/Local Planning,2025,https://www.nmhc.org
53223,Milwaukee,42.9971,-87.9375,15,4,9048,NMHC/Local Planning,2025,https://www.nmhc.org
53224,Milwaukee,43.0084,-87.9231,14,4,7797,NMHC/Local Planning,2025,https://www.nmhc.org
53225,Milwaukee,43.1033,-87.7329,20,4,7188,NMHC/Local Planning,2025,https://www.nmhc.org
87101,Albuquerque,35.0513,-106.5882,15,4,7839,NMHC/Local Planning,2025,https://www.nmhc.org
87102,Albuquerque,35.178,-106.6923,20,4,9404,NMHC/Local Planning,2025,https://www.nmhc.org
87103,Albuquerque,35.0156,-106.5415,15,4,8577,NMHC/Local Planning,2025,https://www.nmhc.org
87104,Albuquerque,35.0453,-106.5942,19,4,8786,NMHC/Local Planning,2025,https://www.nmhc.org
87105,Albuquerque,35.2162,-106.5438,21,4,7799,NMHC/Local Planning,2025,https://www.nmhc.org
87106,Albuquerque,35.074,-106.6172,17,4,8892,NMHC/Local Planning,2025,https://www.nmhc.org
87107,Albuquerque,35.0949,-106.5486,15,4,7325,NMHC/Local Planning,2025,https://www.nmhc.org
87108,Albuquerque,35.1928,-106.7783,16,4,8800,NMHC/Local Planning,2025,https://www.nmhc.org
87109,Albuquerque,35.1016,-106.8155,17,4,7000,NMHC/Local Planning,2025,https://www.nmhc.org
87110,Albuquerque,34.9659,-106.695,19,4,7222,NMHC/Local Planning,2025,https://www.nmhc.org
87111,Albuquerque,35.1004,-106.5183,16,4,8698,NMHC/Local Planning,2025,https://www.nmhc.org
87112,Albuquerque,35.0832,-106.8261,21,4,6997,NMHC/Local Planning,2025,https://www.nmhc.org
87113,Albuquerque,35.1041,-106.6336,15,4,7923,NMHC/Local Planning,2025,https://www.nmhc.org
87114,Albuquerque,35.2069,-106.6469,19,4,9036,NMHC/Local Planning,2025,https://www.nmhc.org
87115,Albuquerque,35.1921,-106.8198,20,4,7853,NMHC/Local Planning,2025,https://www.nmhc.org
87116,Albuquerque,34.9509,-106.5024,16,4,7222,NMHC/Local Planning,2025,https://www.nmhc.org
87117,Albuquerque,35.1703,-106.6454,18,4,8163,NMHC/Local Planning,2025,https://www.nmhc.org
87118,Albuquerque,35.1675,-106.6662,21,4,7322,NMHC/Local Planning,2025,https://www.nmhc.org
87119,Albuquerque,34.9818,-106.4873,15,4,9371,NMHC/Local Planning,2025,https://www.nmhc.org
87120,Albuquerque,34.9893,-106.7459,15,4,10006,NMHC/Local Planning,2025,https://www.nmhc.org
85701,Tucson,32.1363,-111.1227,20,4,9230,NMHC/Local Planning,2025,https://www.nmhc.org
85702,Tucson,32.1053,-110.8087,17,4,9181,NMHC/Local Planning,2025,https://www.nmhc.org
85703,Tucson,32.0904,-110.9615,20,4,7082,NMHC/Local Planning,2025,https://www.nmhc.org
85704,Tucson,32.211,-111.1082,20,4,7815,NMHC/Local Planning,2025,https://www.nmhc.org
85705,Tucson,32.1088,-111.0119,17,4,7776,NMHC/Local Planning,2025,https://www.nmhc.org
85706,Tucson,32.1215,-110.9034,16,4,8482,NMHC/Local Planning,2025,https://www.nmhc.org
85707,Tucson,32.2916,-111.0123,16,4,8534,NMHC/Local Planning,2025,https://www.nmhc.org
85708,Tucson,32.2497,-110.8065,19,4,9380,NMHC/Local Planning,2025,https://www.nmhc.org
85709,Tucson,32.2826,-110.9478,18,4,8261,NMHC/Local Planning,2025,https://www.nmhc.org
85710,Tucson,32.2231,-111.0911,20,4,7447,NMHC/Local Planning,2025,https://www.nmhc.org
85711,Tucson,32.2585,-111.1532,18,4,8469,NMHC/Local Planning,2025,https://www.nmhc.org
85712,Tucson,32.1616,-111.1077,17,4,9511,NMHC/Local Planning,2025,https://www.nmhc.org
85713,Tucson,32.1849,-110.9392,16,4,9396,NMHC/Local Planning,2025,https://www.nmhc.org
85714,Tucson,32.0923,-111.1434,17,4,9451,NMHC/Local Planning,2025,https://www.nmhc.org
85715,Tucson,32.3179,-110.9779,17,4,9182,NMHC/Local Planning,2025,https://www.nmhc.org
85716,Tucson,32.2808,-110.991,18,4,8436,NMHC/Local Planning,2025,https://www.nmhc.org
85717,Tucson,32.2857,-110.9968,16,4,7621,NMHC/Local Planning,2025,https://www.nmhc.org
85718,Tucson,32.3553,-110.8792,18,4,8678,NMHC/Local Planning,2025,https://www.nmhc.org
85719,Tucson,32.2921,-111.0884,21,4,9760,NMHC/Local Planning,2025,https://www.nmhc.org
85720,Tucson,32.1838,-110.8789,15,4,7250,NMHC/Local Planning,2025,https://www.nmhc.org
95801,Sacramento,38.7251,-121.5944,17,4,7544,NMHC/Local Planning,2025,https://www.nmhc.org
95802,Sacramento,38.4783,-121.6476,16,4,7561,NMHC/Local Planning,2025,https://www.nmhc.org
95803,Sacramento,38.6889,-121.3186,19,4,7724,NMHC/Local Planning,2025,https://www.nmhc.org
95804,Sacramento,38.5041,-121.489,20,4,9147,NMHC/Local Planning,2025,https://www.nmhc.org
95805,Sacramento,38.7081,-121.4369,17,4,9851,NMHC/Local Planning,2025,https://www.nmhc.org
95806,Sacramento,38.6904,-121.4421,16,4,9101,NMHC/Local Planning,2025,https://www.nmhc.org
95807,Sacramento,38.447,-121.4647,21,4,9173,NMHC/Local Planning,2025,https://www.nmhc.org
95808,Sacramento,38.6032,-121.6437,20,4,8740,NMHC/Local Planning,2025,https://www.nmhc.org
95809,Sacramento,38.4769,-121.4569,14,4,8806,NMHC/Local Planning,2025,https://www.nmhc.org
95810,Sacramento,38.6255,-121.4699,17,4,8429,NMHC/Local Planning,2025,https://www.nmhc.org
95811,Sacramento,38.6928,-121.4255,18,4,7777,NMHC/Local Planning,2025,https://www.nmhc.org
95812,Sacramento,38.4455,-121.4415,16,4,8078,NMHC/Local Planning,2025,https://www.nmhc.org
95813,Sacramento,38.5012,-121.6023,20,4,7302,NMHC/Local Planning,2025,https://www.nmhc.org
95814,Sacramento,38.576,-121.4759,17,4,7811,NMHC/Local Planning,2025,https://www.nmhc.org
95815,Sacramento,38.7236,-121.6069,17,4,9540,NMHC/Local Planning,2025,https://www.nmhc.org
95816,Sacramento,38.5001,-121.3769,20,4,8168,NMHC/Local Planning,2025,https://www.nmhc.org
95817,Sacramento,38.473,-121.4989,18,4,9407,NMHC/Local Planning,2025,https://www.nmhc.org
95818,Sacramento,38.6175,-121.4987,20,4,8223,NMHC/Local Planning,2025,https://www.nmhc.org
95819,Sacramento,38.434,-121.4017,16,4,8542,NMHC/Local Planning,2025,https://www.nmhc.org
95820,Sacramento,38.602,-121.5599,19,4,8599,NMHC/Local Planning,2025,https://www.nmhc.org
95821,Sacramento,38.6919,-121.4002,15,4,8571,NMHC/Local Planning,2025,https://www.nmhc.org
95822,Sacramento,38.4626,-121.3907,18,4,8658,NMHC/Local Planning,2025,https://www.nmhc.org
95823,Sacramento,38.5487,-121.4317,18,4,8180,NMHC/Local Planning,2025,https://www.nmhc.org
95824,Sacramento,38.6269,-121.4565,18,4,9908,NMHC/Local Planning,2025,https://www.nmhc.org
95825,Sacramento,38.7213,-121.4743,20,4,7710,NMHC/Local Planning,2025,https://www.nmhc.org
95826,Sacramento,38.5565,-121.4319,20,4,8988,NMHC/Local Planning,2025,https://www.nmhc.org
95827,Sacramento,38.4517,-121.6387,20,4,7448,NMHC/Local Planning,2025,https://www.nmhc.org
95828,Sacramento,38.4366,-121.5179,15,4,9457,NMHC/Local Planning,2025,https://www.nmhc.org
95829,Sacramento,38.6534,-121.3376,15,4,6984,NMHC/Local Planning,2025,https://www.nmhc.org
95830,Sacramento,38.5922,-121.3149,15,4,9503,NMHC/Local Planning,2025,https://www.nmhc.org
64101,Kansas City,38.969,-94.4333,17,4,8643,NMHC/Local Planning,2025,https://www.nmhc.org
64102,Kansas City,39.0462,-94.4435,14,4,9593,NMHC/Local Planning,2025,https://www.nmhc.org
64103,Kansas City,39.0029,-94.7421,17,4,8408,NMHC/Local Planning,2025,https://www.nmhc.org
64104,Kansas City,39.0096,-94.4265,18,4,7041,NMHC/Local Planning,2025,https://www.nmhc.org
64105,Kansas City,39.1862,-94.4403,19,4,7355,NMHC/Local Planning,2025,https://www.nmhc.org
64106,Kansas City,39.2317,-94.7505,20,4,9179,NMHC/Local Planning,2025,https://www.nmhc.org
64107,Kansas City,39.0568,-94.6538,20,4,9300,NMHC/Local Planning,2025,https://www.nmhc.org
64108,Kansas City,38.9743,-94.7185,20,4,8075,NMHC/Local Planning,2025,https://www.nmhc.org
64109,Kansas City,39.1963,-94.4661,21,4,7768,NMHC/Local Planning,2025,https://www.nmhc.org
64110,Kansas City,39.1656,-94.5876,20,4,9746,NMHC/Local Planning,2025,https://www.nmhc.org
64111,Kansas City,39.0758,-94.6524,15,4,8278,NMHC/Local Planning,2025,https://www.nmhc.org
64112,Kansas City,39.2113,-94.4348,18,4,7776,NMHC/Local Planning,2025,https://www.nmhc.org
64113,Kansas City,39.2336,-94.6566,20,4,7997,NMHC/Local Planning,2025,https://www.nmhc.org
64114,Kansas City,39.0123,-94.4802,17,4,8937,NMHC/Local Planning,2025,https://www.nmhc.org
64115,Kansas City,39.1903,-94.5881,18,4,8524,NMHC/Local Planning,2025,https://www.nmhc.org
64116,Kansas City,39.1881,-94.5895,18,4,8210,NMHC/Local Planning,2025,https://www.nmhc.org
64117,Kansas City,39.123,-94.6753,19,4,9045,NMHC/Local Planning,2025,https://www.nmhc.org
64118,Kansas City,39.2085,-94.6533,19,4,7701,NMHC/Local Planning,2025,https://www.nmhc.org
64119,Kansas City,39.2263,-94.6758,14,4,9557,NMHC/Local Planning,2025,https://www.nmhc.org
64120,Kansas City,38.9944,-94.5759,16,4,8129,NMHC/Local Planning,2025,https://www.nmhc.org
64121,Kansas City,39.2193,-94.5736,21,4,8246,NMHC/Local Planning,2025,https://www.nmhc.org
64122,Kansas City,39.0791,-94.4067,20,4,9957,NMHC/Local Planning,2025,https://www.nmhc.org
64123,Kansas City,39.0617,-94.6968,20,4,8174,NMHC/Local Planning,2025,https://www.nmhc.org
64124,Kansas City,39.229,-94.5116,17,4,7157,NMHC/Local Planning,2025,https://www.nmhc.org
64125,Kansas City,39.1423,-94.4428,15,4,9331,NMHC/Local Planning,2025,https://www.nmhc.org
64126,Kansas City,39.1737,-94.4544,16,4,9925,NMHC/Local Planning,2025,https://www.nmhc.org
64127,Kansas City,38.9591,-94.6261,14,4,8848,NMHC/Local Planning,2025,https://www.nmhc.org
64128,Kansas City,39.1564,-94.6735,16,4,9210,NMHC/Local Planning,2025,https://www.nmhc.org
64129,Kansas City,38.9953,-94.6705,16,4,8940,NMHC/Local Planning,2025,https://www.nmhc.org
64130,Kansas City,39.2402,-94.4648,19,4,9193,NMHC/Local Planning,2025,https://www.nmhc.org
30301,Atlanta,33.6469,-84.4303,14,6,8270,NMHC/Local Planning,2025,https://www.nmhc.org
30302,Atlanta,33.7843,-84.5077,18,6,9245,NMHC/Local Planning,2025,https://www.nmhc.org
30303,Atlanta,33.8691,-84.2169,17,6,7754,NMHC/Local Planning,2025,https://www.nmhc.org
30304,Atlanta,33.6691,-84.3432,19,6,8929,NMHC/Local Planning,2025,https://www.nmhc.org
30305,Atlanta,33.6405,-84.5007,18,6,7902,NMHC/Local Planning,2025,https://www.nmhc.org
30306,Atlanta,33.6416,-84.261,17,6,8525,NMHC/Local Planning,2025,https://www.nmhc.org
30307,Atlanta,33.6855,-84.3346,15,6,9918,NMHC/Local Planning,2025,https://www.nmhc.org
30308,Atlanta,33.6175,-84.5153,20,6,7133,NMHC/Local Planning,2025,https://www.nmhc.org
30309,Atlanta,33.8503,-84.3847,17,6,9550,NMHC/Local Planning,2025,https://www.nmhc.org
30310,Atlanta,33.6767,-84.3137,16,6,9054,NMHC/Local Planning,2025,https://www.nmhc.org
30311,Atlanta,33.8121,-84.4768,17,6,9829,NMHC/Local Planning,2025,https://www.nmhc.org
30312,Atlanta,33.7825,-84.4446,20,6,8021,NMHC/Local Planning,2025,https://www.nmhc.org
30313,Atlanta,33.7139,-84.3013,21,6,9119,NMHC/Local Planning,2025,https://www.nmhc.org
30314,Atlanta,33.829,-84.2776,19,6,8941,NMHC/Local Planning,2025,https://www.nmhc.org
30315,Atlanta,33.6185,-84.2108,16,6,8443,NMHC/Local Planning,2025,https://www.nmhc.org
30316,Atlanta,33.679,-84.4161,17,6,9542,NMHC/Local Planning,2025,https://www.nmhc.org
30317,Atlanta,33.7681,-84.2439,16,6,8643,NMHC/Local Planning,2025,https://www.nmhc.org
30318,Atlanta,33.7312,-84.4282,18,6,7845,NMHC/Local Planning,2025,https://www.nmhc.org
30319,Atlanta,33.6901,-84.3939,18,6,7821,NMHC/Local Planning,2025,https://www.nmhc.org
30320,Atlanta,33.8346,-84.2937,19,6,7121,NMHC/Local Planning,2025,https://www.nmhc.org
30321,Atlanta,33.7097,-84.5555,18,6,9421,NMHC/Local Planning,2025,https://www.nmhc.org
30322,Atlanta,33.8129,-84.3516,18,6,8992,NMHC/Local Planning,2025,https://www.nmhc.org
30323,Atlanta,33.85,-84.5186,15,6,7899,NMHC/Local Planning,2025,https://www.nmhc.org
30324,Atlanta,33.8471,-84.2499,21,6,8536,NMHC/Local Planning,2025,https://www.nmhc.org
30325,Atlanta,33.7929,-84.5162,20,6,9023,NMHC/Local Planning,2025,https://www.nmhc.org
30326,Atlanta,33.7343,-84.4713,16,6,7287,NMHC/Local Planning,2025,https://www.nmhc.org
30327,Atlanta,33.8831,-84.3554,19,6,7943,NMHC/Local Planning,2025,https://www.nmhc.org
30328,Atlanta,33.6154,-84.4774,21,6,7365,NMHC/Local Planning,2025,https://www.nmhc.org
30329,Atlanta,33.8191,-84.3446,19,6,7746,NMHC/Local Planning,2025,https://www.nmhc.org
30330,Atlanta,33.812,-84.3085,15,6,9250,NMHC/Local Planning,2025,https://www.nmhc.org
30331,Atlanta,33.6354,-84.2173,18,6,8725,NMHC/Local Planning,2025,https://www.nmhc.org
30332,Atlanta,33.7829,-84.5458,19,6,7316,NMHC/Local Planning,2025,https://www.nmhc.org
30333,Atlanta,33.8461,-84.2304,16,6,7899,NMHC/Local Planning,2025,https://www.nmhc.org
30334,Atlanta,33.7964,-84.4668,17,6,8329,NMHC/Local Planning,2025,https://www.nmhc.org
30335,Atlanta,33.857,-84.2456,17,6,7992,NMHC/Local Planning,2025,https://www.nmhc.org
30336,Atlanta,33.7576,-84.2388,20,6,9270,NMHC/Local Planning,2025,https://www.nmhc.org
30337,Atlanta,33.7821,-84.5509,17,6,6996,NMHC/Local Planning,2025,https://www.nmhc.org
30338,Atlanta,33.7561,-84.4666,16,6,8614,NMHC/Local Planning,2025,https://www.nmhc.org
30339,Atlanta,33.8044,-84.301,16,6,8682,NMHC/Local Planning,2025,https://www.nmhc.org
30340,Atlanta,33.6427,-84.5585,19,6,8605,NMHC/Local Planning,2025,https://www.nmhc.org
30341,Atlanta,33.7157,-84.3463,19,6,8714,NMHC/Local Planning,2025,https://www.nmhc.org
30342,Atlanta,33.8401,-84.2498,17,6,8785,NMHC/Local Planning,2025,https://www.nmhc.org
30343,Atlanta,33.8916,-84.4861,15,6,7637,NMHC/Local Planning,2025,https://www.nmhc.org
30344,Atlanta,33.6707,-84.5146,19,6,8524,NMHC/Local Planning,2025,https://www.nmhc.org
30345,Atlanta,33.6784,-84.2327,15,6,8413,NMHC/Local Planning,2025,https://www.nmhc.org
30346,Atlanta,33.8724,-84.4921,19,6,8607,NMHC/Local Planning,2025,https://www.nmhc.org
30347,Atlanta,33.7646,-84.4745,17,6,7896,NMHC/Local Planning,2025,https://www.nmhc.org
30348,Atlanta,33.7457,-84.2163,18,6,8392,NMHC/Local Planning,2025,https://www.nmhc.org
30349,Atlanta,33.6097,-84.5652,15,6,7615,NMHC/Local Planning,2025,https://www.nmhc.org
30350,Atlanta,33.7522,-84.4205,20,6,9042,NMHC/Local Planning,2025,https://www.nmhc.org
68101,Omaha,41.2361,-96.0665,20,4,8380,NMHC/Local Planning,2025,https://www.nmhc.org
68102,Omaha,41.1386,-95.8628,17,4,9498,NMHC/Local Planning,2025,https://www.nmhc.org
68103,Omaha,41.3973,-96.0745,15,4,7176,NMHC/Local Planning,2025,https://www.nmhc.org
68104,Omaha,41.3093,-95.9123,15,4,7512,NMHC/Local Planning,2025,https://www.nmhc.org
68105,Omaha,41.2773,-95.8126,16,4,8095,NMHC/Local Planning,2025,https://www.nmhc.org
68106,Omaha,41.3644,-95.8281,16,4,9298,NMHC/Local Planning,2025,https://www.nmhc.org
68107,Omaha,41.3361,-96.0439,16,4,9930,NMHC/Local Planning,2025,https://www.nmhc.org
68108,Omaha,41.2045,-95.8951,15,4,8282,NMHC/Local Planning,2025,https://www.nmhc.org
68109,Omaha,41.1369,-95.8479,17,4,8258,NMHC/Local Planning,2025,https://www.nmhc.org
68110,Omaha,41.2698,-95.8211,20,4,7888,NMHC/Local Planning,2025,https://www.nmhc.org
68111,Omaha,41.2656,-95.993,17,4,8187,NMHC/Local Planning,2025,https://www.nmhc.org
68112,Omaha,41.2546,-95.9994,18,4,9500,NMHC/Local Planning,2025,https://www.nmhc.org
68113,Omaha,41.2894,-95.9594,17,4,7989,NMHC/Local Planning,2025,https://www.nmhc.org
68114,Omaha,41.2942,-96.0055,15,4,7023,NMHC/Local Planning,2025,https://www.nmhc.org
68115,Omaha,41.2873,-95.9191,19,4,9680,NMHC/Local Planning,2025,https://www.nmhc.org
68116,Omaha,41.3885,-95.8924,19,4,8431,NMHC/Local Planning,2025,https://www.nmhc.org
68117,Omaha,41.2679,-96.0172,15,4,7510,NMHC/Local Planning,2025,https://www.nmhc.org
68118,Omaha,41.3808,-95.8245,19,4,10014,NMHC/Local Planning,2025,https://www.nmhc.org
68119,Omaha,41.1069,-95.8789,15,4,7860,NMHC/Local Planning,2025,https://www.nmhc.org
68120,Omaha,41.3087,-95.9284,17,4,9676,NMHC/Local Planning,2025,https://www.nmhc.org
27601,Raleigh-Durham,35.8508,-78.6334,20,8,9778,NMHC/Local Planning,2025,https://www.nmhc.org
27602,Raleigh-Durham,35.7796,-78.7659,16,8,8688,NMHC/Local Planning,2025,https://www.nmhc.org
27603,Raleigh-Durham,35.802,-78.8069,21,8,8986,NMHC/Local Planning,2025,https://www.nmhc.org
27604,Raleigh-Durham,35.6392,-78.7836,19,8,7889,NMHC/Local Planning,2025,https://www.nmhc.org
27605,Raleigh-Durham,35.7972,-78.7508,15,8,7931,NMHC/Local Planning,2025,https://www.nmhc.org
27606,Raleigh-Durham,35.6972,-78.7052,15,8,9203,NMHC/Local Planning,2025,https://www.nmhc.org
27607,Raleigh-Durham,35.7707,-78.6226,17,8,10022,NMHC/Local Planning,2025,https://www.nmhc.org
27608,Raleigh-Durham,35.853,-78.5836,18,8,9486,NMHC/Local Planning,2025,https://www.nmhc.org
27609,Raleigh-Durham,35.8998,-78.7203,19,8,9146,NMHC/Local Planning,2025,https://www.nmhc.org
27610,Raleigh-Durham,35.8639,-78.5264,17,8,7969,NMHC/Local Planning,2025,https://www.nmhc.org
27611,Raleigh-Durham,35.837,-78.6657,20,8,9552,NMHC/Local Planning,2025,https://www.nmhc.org
27612,Raleigh-Durham,35.8887,-78.7934,16,8,7422,NMHC/Local Planning,2025,https://www.nmhc.org
27613,Raleigh-Durham,35.7799,-78.6616,20,8,8570,NMHC/Local Planning,2025,https://www.nmhc.org
27614,Raleigh-Durham,35.6692,-78.7297,14,8,9577,NMHC/Local Planning,2025,https://www.nmhc.org
27615,Raleigh-Durham,35.8889,-78.7542,16,8,7294,NMHC/Local Planning,2025,https://www.nmhc.org
27616,Raleigh-Durham,35.8911,-78.467,18,8,7544,NMHC/Local Planning,2025,https://www.nmhc.org
27617,Raleigh-Durham,35.717,-78.4878,15,8,7393,NMHC/Local Planning,2025,https://www.nmhc.org
27618,Raleigh-Durham,35.7076,-78.5006,19,8,8151,NMHC/Local Planning,2025,https://www.nmhc.org
27619,Raleigh-Durham,35.8838,-78.6927,19,8,7944,NMHC/Local Planning,2025,https://www.nmhc.org
27620,Raleigh-Durham,35.9064,-78.5947,16,8,9524,NMHC/Local Planning,2025,https://www.nmhc.org
27621,Raleigh-Durham,35.6376,-78.4659,19,8,7765,NMHC/Local Planning,2025,https://www.nmhc.org
27622,Raleigh-Durham,35.6989,-78.7593,18,8,8148,NMHC/Local Planning,2025,https://www.nmhc.org
27623,Raleigh-Durham,35.9188,-78.7907,18,8,8196,NMHC/Local Planning,2025,https://www.nmhc.org
27624,Raleigh-Durham,35.6915,-78.6916,15,8,8917,NMHC/Local Planning,2025,https://www.nmhc.org
27625,Raleigh-Durham,35.84,-78.7867,20,8,9287,NMHC/Local Planning,2025,https://www.nmhc.org
27626,Raleigh-Durham,35.9111,-78.6602,16,8,8253,NMHC/Local Planning,2025,https://www.nmhc.org
27627,Raleigh-Durham,35.7371,-78.5578,20,8,8822,NMHC/Local Planning,2025,https://www.nmhc.org
27628,Raleigh-Durham,35.9139,-78.4949,18,8,7718,NMHC/Local Planning,2025,https://www.nmhc.org
27629,Raleigh-Durham,35.7701,-78.6401,15,8,7718,NMHC/Local Planning,2025,https://www.nmhc.org
27630,Raleigh-Durham,35.6633,-78.5875,17,8,9100,NMHC/Local Planning,2025,https://www.nmhc.org
27631,Raleigh-Durham,35.9181,-78.5901,21,8,8464,NMHC/Local Planning,2025,https://www.nmhc.org
27632,Raleigh-Durham,35.7884,-78.5421,19,8,9704,NMHC/Local Planning,2025,https://www.nmhc.org
27633,Raleigh-Durham,35.9076,-78.4736,16,8,9615,NMHC/Local Planning,2025,https://www.nmhc.org
27634,Raleigh-Durham,35.8847,-78.7091,18,8,8932,NMHC/Local Planning,2025,https://www.nmhc.org
27635,Raleigh-Durham,35.7174,-78.4605,19,8,7324,NMHC/Local Planning,2025,https://www.nmhc.org
55401,Minneapolis,45.0901,-93.4362,20,4,7724,NMHC/Local Planning,2025,https://www.nmhc.org
55402,Minneapolis,44.9461,-93.3549,18,4,8539,NMHC/Local Planning,2025,https://www.nmhc.org
55403,Minneapolis,44.9389,-93.2056,17,4,7208,NMHC/Local Planning,2025,https://www.nmhc.org
55404,Minneapolis,44.9838,-93.1439,18,4,9039,NMHC/Local Planning,2025,https://www.nmhc.org
55405,Minneapolis,45.0293,-93.1425,15,4,8866,NMHC/Local Planning,2025,https://www.nmhc.org
55406,Minneapolis,44.8357,-93.1993,15,4,9459,NMHC/Local Planning,2025,https://www.nmhc.org
55407,Minneapolis,45.0536,-93.2202,18,4,8038,NMHC/Local Planning,2025,https://www.nmhc.org
55408,Minneapolis,44.8572,-93.3421,17,4,9592,NMHC/Local Planning,2025,https://www.nmhc.org
55409,Minneapolis,44.8772,-93.3331,18,4,8428,NMHC/Local Planning,2025,https://www.nmhc.org
55410,Minneapolis,45.1116,-93.382,15,4,8930,NMHC/Local Planning,2025,https://www.nmhc.org
55411,Minneapolis,44.9096,-93.239,21,4,9407,NMHC/Local Planning,2025,https://www.nmhc.org
55412,Minneapolis,44.8889,-93.323,15,4,7967,NMHC/Local Planning,2025,https://www.nmhc.org
55413,Minneapolis,44.8421,-93.3285,16,4,7202,NMHC/Local Planning,2025,https://www.nmhc.org
55414,Minneapolis,44.8698,-93.3194,18,4,8636,NMHC/Local Planning,2025,https://www.nmhc.org
55415,Minneapolis,44.9872,-93.3829,19,4,7123,NMHC/Local Planning,2025,https://www.nmhc.org
55416,Minneapolis,44.8801,-93.0865,18,4,9858,NMHC/Local Planning,2025,https://www.nmhc.org
55417,Minneapolis,44.9709,-93.2924,18,4,8542,NMHC/Local Planning,2025,https://www.nmhc.org
55418,Minneapolis,45.1121,-93.1039,19,4,7109,NMHC/Local Planning,2025,https://www.nmhc.org
55419,Minneapolis,44.87,-93.3642,18,4,8623,NMHC/Local Planning,2025,https://www.nmhc.org
55420,Minneapolis,44.9393,-93.1102,17,4,7957,NMHC/Local Planning,2025,https://www.nmhc.org
55421,Minneapolis,45.0844,-93.1116,17,4,9779,NMHC/Local Planning,2025,https://www.nmhc.org
55422,Minneapolis,44.912,-93.3073,19,4,9485,NMHC/Local Planning,2025,https://www.nmhc.org
55423,Minneapolis,44.9847,-93.1845,19,4,7835,NMHC/Local Planning,2025,https://www.nmhc.org
55424,Minneapolis,44.96,-93.2417,14,4,7453,NMHC/Local Planning,2025,https://www.nmhc.org
55425,Minneapolis,44.8654,-93.1232,18,4,8634,NMHC/Local Planning,2025,https://www.nmhc.org
55426,Minneapolis,45.0066,-93.4325,20,4,9104,NMHC/Local Planning,2025,https://www.nmhc.org
55427,Minneapolis,44.9101,-93.3012,15,4,7781,NMHC/Local Planning,2025,https://www.nmhc.org
55428,Minneapolis,45.0968,-93.4219,16,4,9491,NMHC/Local Planning,2025,https://www.nmhc.org
55429,Minneapolis,45.12,-93.2742,15,4,9265,NMHC/Local Planning,2025,https://www.nmhc.org
55430,Minneapolis,45.038,-93.1797,17,4,8313,NMHC/Local Planning,2025,https://www.nmhc.org
33601,Tampa Bay,27.9986,-82.5116,17,6,9872,NMHC/Local Planning,2025,https://www.nmhc.org
33602,Tampa Bay,27.9669,-82.4874,16,6,7228,NMHC/Local Planning,2025,https://www.nmhc.org
33603,Tampa Bay,27.9849,-82.3721,15,6,9686,NMHC/Local Planning,2025,https://www.nmhc.org
33604,Tampa Bay,27.8212,-82.284,20,6,7706,NMHC/Local Planning,2025,https://www.nmhc.org
33605,Tampa Bay,27.8902,-82.5817,16,6,8609,NMHC/Local Planning,2025,https://www.nmhc.org
33606,Tampa Bay,27.9975,-82.5008,16,6,8605,NMHC/Local Planning,2025,https://www.nmhc.org
33607,Tampa Bay,27.8167,-82.4116,16,6,8898,NMHC/Local Planning,2025,https://www.nmhc.org
33608,Tampa Bay,28.0567,-82.4245,15,6,9705,NMHC/Local Planning,2025,https://www.nmhc.org
33609,Tampa Bay,28.0279,-82.4925,17,6,7433,NMHC/Local Planning,2025,https://www.nmhc.org
33610,Tampa Bay,27.9879,-82.6369,19,6,7143,NMHC/Local Planning,2025,https://www.nmhc.org
33611,Tampa Bay,27.9889,-82.4287,19,6,7751,NMHC/Local Planning,2025,https://www.nmhc.org
33612,Tampa Bay,28.0964,-82.5693,20,6,8322,NMHC/Local Planning,2025,https://www.nmhc.org
33613,Tampa Bay,28.075,-82.6132,21,6,9756,NMHC/Local Planning,2025,https://www.nmhc.org
33614,Tampa Bay,28.0243,-82.5429,15,6,7909,NMHC/Local Planning,2025,https://www.nmhc.org
33615,Tampa Bay,27.8632,-82.5799,20,6,9894,NMHC/Local Planning,2025,https://www.nmhc.org
33616,Tampa Bay,27.8793,-82.5428,16,6,7646,NMHC/Local Planning,2025,https://www.nmhc.org
33617,Tampa Bay,27.8741,-82.3869,20,6,7504,NMHC/Local Planning,2025,https://www.nmhc.org
33618,Tampa Bay,27.9153,-82.3565,16,6,9177,NMHC/Local Planning,2025,https://www.nmhc.org
33619,Tampa Bay,27.8973,-82.377,19,6,7471,NMHC/Local Planning,2025,https://www.nmhc.org
33620,Tampa Bay,28.0208,-82.4247,18,6,9153,NMHC/Local Planning,2025,https://www.nmhc.org
33621,Tampa Bay,27.9501,-82.3987,17,6,9679,NMHC/Local Planning,2025,https://www.nmhc.org
33622,Tampa Bay,27.9814,-82.6047,19,6,9518,NMHC/Local Planning,2025,https://www.nmhc.org
33623,Tampa Bay,27.9174,-82.5239,15,6,7195,NMHC/Local Planning,2025,https://www.nmhc.org
33624,Tampa Bay,27.9226,-82.369,18,6,9696,NMHC/Local Planning,2025,https://www.nmhc.org
33625,Tampa Bay,27.9608,-82.6035,15,6,7662,NMHC/Local Planning,2025,https://www.nmhc.org
33626,Tampa Bay,27.8313,-82.5546,18,6,8035,NMHC/Local Planning,2025,https://www.nmhc.org
33627,Tampa Bay,27.8189,-82.5018,18,6,9515,NMHC/Local Planning,2025,https://www.nmhc.org
33628,Tampa Bay,27.9677,-82.3873,20,6,8368,NMHC/Local Planning,2025,https://www.nmhc.org
33629,Tampa Bay,27.8192,-82.4463,14,6,8492,NMHC/Local Planning,2025,https://www.nmhc.org
33630,Tampa Bay,28.0678,-82.4595,15,6,7427,NMHC/Local Planning,2025,https://www.nmhc.org
33631,Tampa Bay,27.8376,-82.6007,18,6,7110,NMHC/Local Planning,2025,https://www.nmhc.org
33632,Tampa Bay,27.8238,-82.5809,20,6,8613,NMHC/Local Planning,2025,https://www.nmhc.org
33633,Tampa Bay,27.9445,-82.5952,19,6,8955,NMHC/Local Planning,2025,https://www.nmhc.org
33634,Tampa Bay,27.8879,-82.389,15,6,7846,NMHC/Local Planning,2025,https://www.nmhc.org
33635,Tampa Bay,27.9175,-82.3407,15,6,8174,NMHC/Local Planning,2025,https://www.nmhc.org
33636,Tampa Bay,27.867,-82.5172,15,6,8928,NMHC/Local Planning,2025,https://www.nmhc.org
33637,Tampa Bay,27.8428,-82.4047,18,6,7484,NMHC/Local Planning,2025,https://www.nmhc.org
33638,Tampa Bay,27.8969,-82.5837,18,6,9084,NMHC/Local Planning,2025,https://www.nmhc.org
33639,Tampa Bay,27.8519,-82.4583,17,6,7259,NMHC/Local Planning,2025,https://www.nmhc.org
33640,Tampa Bay,27.819,-82.3059,18,6,7185,NMHC/Local Planning,2025,https://www.nmhc.org
70112,New Orleans,30.0007,-90.0178,20,4,7771,NMHC/Local Planning,2025,https://www.nmhc.org
70113,New Orleans,29.9955,-90.2026,14,4,8277,NMHC/Local Planning,2025,https://www.nmhc.org
70114,New Orleans,30.0978,-90.036,17,4,7935,NMHC/Local Planning,2025,https://www.nmhc.org
70115,New Orleans,30.0186,-89.901,19,4,7199,NMHC/Local Planning,2025,https://www.nmhc.org
70116,New Orleans,30.0939,-90.0688,17,4,9121,NMHC/Local Planning,2025,https://www.nmhc.org
70117,New Orleans,30.0938,-89.9313,14,4,9701,NMHC/Local Planning,2025,https://www.nmhc.org
70118,New Orleans,29.8235,-90.0269,18,4,7431,NMHC/Local Planning,2025,https://www.nmhc.org
70119,New Orleans,29.9,-90.1187,18,4,8712,NMHC/Local Planning,2025,https://www.nmhc.org
70120,New Orleans,30.0111,-89.9881,20,4,8989,NMHC/Local Planning,2025,https://www.nmhc.org
70121,New Orleans,29.8391,-89.9342,17,4,9699,NMHC/Local Planning,2025,https://www.nmhc.org
70122,New Orleans,29.962,-90.212,17,4,9449,NMHC/Local Planning,2025,https://www.nmhc.org
70123,New Orleans,29.8127,-90.0026,15,4,10025,NMHC/Local Planning,2025,https://www.nmhc.org
70124,New Orleans,29.9329,-90.072,20,4,9103,NMHC/Local Planning,2025,https://www.nmhc.org
70125,New Orleans,29.8626,-90.0181,19,4,7297,NMHC/Local Planning,2025,https://www.nmhc.org
70126,New Orleans,29.9915,-90.0393,15,4,7947,NMHC/Local Planning,2025,https://www.nmhc.org
70127,New Orleans,29.8438,-90.215,18,4,8519,NMHC/Local Planning,2025,https://www.nmhc.org
70128,New Orleans,29.8668,-90.1334,14,4,7806,NMHC/Local Planning,2025,https://www.nmhc.org
70129,New Orleans,29.8485,-89.896,18,4,9250,NMHC/Local Planning,2025,https://www.nmhc.org
70130,New Orleans,29.8377,-89.9451,17,4,7457,NMHC/Local Planning,2025,https://www.nmhc.org
70131,New Orleans,30.0326,-90.1951,20,4,8783,NMHC/Local Planning,2025,https://www.nmhc.org
70132,New Orleans,30.0371,-90.2343,14,4,8849,NMHC/Local Planning,2025,https://www.nmhc.org
70133,New Orleans,29.968,-89.9595,17,4,9997,NMHC/Local Planning,2025,https://www.nmhc.org
70134,New Orleans,29.8787,-89.9503,17,4,7026,NMHC/Local Planning,2025,https://www.nmhc.org
70135,New Orleans,30.016,-90.1856,16,4,7435,NMHC/Local Planning,2025,https://www.nmhc.org
70136,New Orleans,29.9351,-89.9513,20,4,8310,NMHC/Local Planning,2025,https://www.nmhc.org
23220,Richmond,37.4159,-77.5995,21,6,9029,NMHC/Local Planning,2025,https://www.nmhc.org
23221,Richmond,37.6849,-77.4639,17,6,7408,NMHC/Local Planning,2025,https://www.nmhc.org
23222,Richmond,37.4054,-77.4226,17,6,6992,NMHC/Local Planning,2025,https://www.nmhc.org
23223,Richmond,37.4967,-77.585,16,6,9117,NMHC/Local Planning,2025,https://www.nmhc.org
23224,Richmond,37.5448,-77.5774,20,6,9050,NMHC/Local Planning,2025,https://www.nmhc.org
23225,Richmond,37.4723,-77.4837,17,6,9377,NMHC/Local Planning,2025,https://www.nmhc.org
23226,Richmond,37.6595,-77.4309,15,6,8557,NMHC/Local Planning,2025,https://www.nmhc.org
23227,Richmond,37.4189,-77.5338,16,6,8646,NMHC/Local Planning,2025,https://www.nmhc.org
23228,Richmond,37.5328,-77.4454,19,6,8808,NMHC/Local Planning,2025,https://www.nmhc.org
23229,Richmond,37.526,-77.5971,17,6,8762,NMHC/Local Planning,2025,https://www.nmhc.org
23230,Richmond,37.5885,-77.5539,14,6,8514,NMHC/Local Planning,2025,https://www.nmhc.org
23231,Richmond,37.5199,-77.5093,21,6,7200,NMHC/Local Planning,2025,https://www.nmhc.org
23232,Richmond,37.4466,-77.5103,19,6,7873,NMHC/Local Planning,2025,https://www.nmhc.org
23233,Richmond,37.4853,-77.4535,17,6,9631,NMHC/Local Planning,2025,https://www.nmhc.org
23234,Richmond,37.6252,-77.5046,19,6,7265,NMHC/Local Planning,2025,https://www.nmhc.org
23235,Richmond,37.4086,-77.3644,20,6,7470,NMHC/Local Planning,2025,https://www.nmhc.org
23236,Richmond,37.4421,-77.4001,17,6,9745,NMHC/Local Planning,2025,https://www.nmhc.org
23237,Richmond,37.6444,-77.5962,18,6,9142,NMHC/Local Planning,2025,https://www.nmhc.org
23238,Richmond,37.5241,-77.3425,19,6,9913,NMHC/Local Planning,2025,https://www.nmhc.org
23239,Richmond,37.6458,-77.611,21,6,8145,NMHC/Local Planning,2025,https://www.nmhc.org
23240,Richmond,37.5877,-77.2828,17,6,8809,NMHC/Local Planning,2025,https://www.nmhc.org
23241,Richmond,37.5335,-77.3148,15,6,8581,NMHC/Local Planning,2025,https://www.nmhc.org
23242,Richmond,37.618,-77.5881,20,6,9045,NMHC/Local Planning,2025,https://www.nmhc.org
23243,Richmond,37.6746,-77.4299,15,6,9627,NMHC/Local Planning,2025,https://www.nmhc.org
23244,Richmond,37.4129,-77.5491,18,6,9609,NMHC/Local Planning,2025,https://www.nmhc.org
35201,Birmingham,33.4901,-86.7203,17,4,7074,NMHC/Local Planning,2025,https://www.nmhc.org
35202,Birmingham,33.3741,-86.8958,16,4,9806,NMHC/Local Planning,2025,https://www.nmhc.org
35203,Birmingham,33.456,-86.7176,17,4,9821,NMHC/Local Planning,2025,https://www.nmhc.org
35204,Birmingham,33.4961,-86.9773,15,4,7095,NMHC/Local Planning,2025,https://www.nmhc.org
35205,Birmingham,33.6097,-86.9059,16,4,8838,NMHC/Local Planning,2025,https://www.nmhc.org
35206,Birmingham,33.5145,-86.707,16,4,7549,NMHC/Local Planning,2025,https://www.nmhc.org
35207,Birmingham,33.6256,-86.8317,16,4,8823,NMHC/Local Planning,2025,https://www.nmhc.org
35208,Birmingham,33.5024,-86.9896,18,4,9344,NMHC/Local Planning,2025,https://www.nmhc.org
35209,Birmingham,33.5363,-86.6368,19,4,8284,NMHC/Local Planning,2025,https://www.nmhc.org
35210,Birmingham,33.5389,-86.7826,18,4,9998,NMHC/Local Planning,2025,https://www.nmhc.org
35211,Birmingham,33.3983,-86.887,20,4,9367,NMHC/Local Planning,2025,https://www.nmhc.org
35212,Birmingham,33.4121,-86.9251,19,4,7309,NMHC/Local Planning,2025,https://www.nmhc.org
35213,Birmingham,33.5525,-86.756,16,4,9115,NMHC/Local Planning,2025,https://www.nmhc.org
35214,Birmingham,33.6606,-86.8263,17,4,9776,NMHC/Local Planning,2025,https://www.nmhc.org
35215,Birmingham,33.4282,-86.7244,18,4,8637,NMHC/Local Planning,2025,https://www.nmhc.org
35216,Birmingham,33.4336,-86.7062,15,4,7373,NMHC/Local Planning,2025,https://www.nmhc.org
35217,Birmingham,33.6403,-86.6336,17,4,8287,NMHC/Local Planning,2025,https://www.nmhc.org
35218,Birmingham,33.3932,-86.7566,20,4,7077,NMHC/Local Planning,2025,https://www.nmhc.org
35219,Birmingham,33.5263,-86.9559,16,4,8676,NMHC/Local Planning,2025,https://www.nmhc.org
35220,Birmingham,33.4906,-86.97,19,4,9802,NMHC/Local Planning,2025,https://www.nmhc.org
35221,Birmingham,33.5274,-86.9599,15,4,7760,NMHC/Local Planning,2025,https://www.nmhc.org
35222,Birmingham,33.3758,-86.956,19,4,9375,NMHC/Local Planning,2025,https://www.nmhc.org
35223,Birmingham,33.5678,-86.8921,17,4,8545,NMHC/Local Planning,2025,https://www.nmhc.org
35224,Birmingham,33.6499,-86.6487,21,4,9411,NMHC/Local Planning,2025,https://www.nmhc.org
35225,Birmingham,33.4204,-86.957,15,4,7608,NMHC/Local Planning,2025,https://www.nmhc.org
39201,Jackson,32.2271,-90.2321,17,4,8459,NMHC/Local Planning,2025,https://www.nmhc.org
39202,Jackson,32.1528,-90.3527,20,4,7817,NMHC/Local Planning,2025,https://www.nmhc.org
39203,Jackson,32.1656,-90.2184,18,4,8577,NMHC/Local Planning,2025,https://www.nmhc.org
39204,Jackson,32.2514,-90.3531,14,4,7889,NMHC/Local Planning,2025,https://www.nmhc.org
39205,Jackson,32.1709,-90.3045,17,4,8141,NMHC/Local Planning,2025,https://www.nmhc.org
39206,Jackson,32.2849,-90.3222,19,4,9031,NMHC/Local Planning,2025,https://www.nmhc.org
39207,Jackson,32.2956,-90.2128,17,4,9690,NMHC/Local Planning,2025,https://www.nmhc.org
39208,Jackson,32.2655,-90.2881,18,4,8743,NMHC/Local Planning,2025,https://www.nmhc.org
39209,Jackson,32.1819,-90.1096,15,4,8143,NMHC/Local Planning,2025,https://www.nmhc.org
39210,Jackson,32.1713,-90.305,17,4,9985,NMHC/Local Planning,2025,https://www.nmhc.org
39211,Jackson,32.4482,-90.2347,15,4,7869,NMHC/Local Planning,2025,https://www.nmhc.org
39212,Jackson,32.296,-90.2763,17,4,7751,NMHC/Local Planning,2025,https://www.nmhc.org
39213,Jackson,32.1967,-90.2215,19,4,9817,NMHC/Local Planning,2025,https://www.nmhc.org
39214,Jackson,32.3854,-90.3628,15,4,7105,NMHC/Local Planning,2025,https://www.nmhc.org
39215,Jackson,32.3652,-90.304,15,4,8167,NMHC/Local Planning,2025,https://www.nmhc.org
72201,Little Rock,34.7682,-92.3894,19,4,8386,NMHC/Local Planning,2025,https://www.nmhc.org
72202,Little Rock,34.7976,-92.1628,16,4,7277,NMHC/Local Planning,2025,https://www.nmhc.org
72203,Little Rock,34.6219,-92.3923,18,4,7727,NMHC/Local Planning,2025,https://www.nmhc.org
72204,Little Rock,34.7488,-92.4652,18,4,7323,NMHC/Local Planning,2025,https://www.nmhc.org
72205,Little Rock,34.7948,-92.249,19,4,7204,NMHC/Local Planning,2025,https://www.nmhc.org
72206,Little Rock,34.6569,-92.1649,19,4,8006,NMHC/Local Planning,2025,https://www.nmhc.org
72207,Little Rock,34.7913,-92.2076,18,4,8598,NMHC/Local Planning,2025,https://www.nmhc.org
72208,Little Rock,34.7869,-92.3467,15,4,9138,NMHC/Local Planning,2025,https://www.nmhc.org
72209,Little Rock,34.8213,-92.4585,17,4,9791,NMHC/Local Planning,2025,https://www.nmhc.org
72210,Little Rock,34.8875,-92.1108,20,4,9998,NMHC/Local Planning,2025,https://www.nmhc.org
72211,Little Rock,34.6962,-92.2345,20,4,8149,NMHC/Local Planning,2025,https://www.nmhc.org
72212,Little Rock,34.6491,-92.124,15,4,7260,NMHC/Local Planning,2025,https://www.nmhc.org
72213,Little Rock,34.8331,-92.4152,19,4,7196,NMHC/Local Planning,2025,https://www.nmhc.org
72214,Little Rock,34.6539,-92.422,18,4,7316,NMHC/Local Planning,2025,https://www.nmhc.org
72215,Little Rock,34.5972,-92.1171,16,4,7877,NMHC/Local Planning,2025,https://www.nmhc.org
72216,Little Rock,34.8815,-92.2356,20,4,9609,NMHC/Local Planning,2025,https://www.nmhc.org
72217,Little Rock,34.6064,-92.3915,16,4,7899,NMHC/Local Planning,2025,https://www.nmhc.org
72218,Little Rock,34.8266,-92.1155,18,4,9064,NMHC/Local Planning,2025,https://www.nmhc.org
72219,Little Rock,34.6087,-92.1653,15,4,10003,NMHC/Local Planning,2025,https://www.nmhc.org
72220,Little Rock,34.7655,-92.4348,14,4,8279,NMHC/Local Planning,2025,https://www.nmhc.org
37401,Chattanooga,35.1461,-85.4534,17,6,8761,NMHC/Local Planning,2025,https://www.nmhc.org
37402,Chattanooga,34.9016,-85.1394,18,6,7525,NMHC/Local Planning,2025,https://www.nmhc.org
37403,Chattanooga,34.9809,-85.4578,15,6,9055,NMHC/Local Planning,2025,https://www.nmhc.org
37404,Chattanooga,34.9264,-85.3973,18,6,7381,NMHC/Local Planning,2025,https://www.nmhc.org
37405,Chattanooga,34.953,-85.1991,19,6,9957,NMHC/Local Planning,2025,https://www.nmhc.org
37406,Chattanooga,34.9671,-85.1632,16,6,8237,NMHC/Local Planning,2025,https://www.nmhc.org
37407,Chattanooga,35.0358,-85.4468,17,6,8663,NMHC/Local Planning,2025,https://www.nmhc.org
37408,Chattanooga,35.1555,-85.4106,20,6,8368,NMHC/Local Planning,2025,https://www.nmhc.org
37409,Chattanooga,34.8976,-85.3465,18,6,9445,NMHC/Local Planning,2025,https://www.nmhc.org
37410,Chattanooga,35.0951,-85.3763,16,6,7033,NMHC/Local Planning,2025,https://www.nmhc.org
37411,Chattanooga,34.9414,-85.4732,17,6,9536,NMHC/Local Planning,2025,https://www.nmhc.org
37412,Chattanooga,35.0932,-85.1884,20,6,7225,NMHC/Local Planning,2025,https://www.nmhc.org
37413,Chattanooga,35.0907,-85.371,18,6,9843,NMHC/Local Planning,2025,https://www.nmhc.org
37414,Chattanooga,35.0638,-85.1962,18,6,7085,NMHC/Local Planning,2025,https://www.nmhc.org
37415,Chattanooga,35.1133,-85.1357,18,6,9052,NMHC/Local Planning,2025,https://www.nmhc.org
37416,Chattanooga,35.1223,-85.2977,15,6,7110,NMHC/Local Planning,2025,https://www.nmhc.org
37417,Chattanooga,35.0357,-85.4008,16,6,8627,NMHC/Local Planning,2025,https://www.nmhc.org
37418,Chattanooga,35.053,-85.3714,20,6,8604,NMHC/Local Planning,2025,https://www.nmhc.org
37419,Chattanooga,35.1174,-85.1895,17,6,8802,NMHC/Local Planning,2025,https://www.nmhc.org
37420,Chattanooga,35.0582,-85.3824,15,6,7508,NMHC/Local Planning,2025,https://www.nmhc.org
37901,Knoxville,35.9806,-83.8556,19,6,7846,NMHC/Local Planning,2025,https://www.nmhc.org
37902,Knoxville,36.1059,-83.8437,17,6,9188,NMHC/Local Planning,2025,https://www.nmhc.org
37903,Knoxville,35.9361,-83.8778,16,6,8949,NMHC/Local Planning,2025,https://www.nmhc.org
37904,Knoxville,35.9969,-84.0337,16,6,9142,NMHC/Local Planning,2025,https://www.nmhc.org
37905,Knoxville,35.8953,-84.0148,16,6,9823,NMHC/Local Planning,2025,https://www.nmhc.org
37906,Knoxville,35.8615,-83.9467,20,6,8636,NMHC/Local Planning,2025,https://www.nmhc.org
37907,Knoxville,35.9189,-83.7765,15,6,9646,NMHC/Local Planning,2025,https://www.nmhc.org
37908,Knoxville,35.8884,-83.8143,19,6,7414,NMHC/Local Planning,2025,https://www.nmhc.org
37909,Knoxville,36.0959,-83.7466,18,6,8992,NMHC/Local Planning,2025,https://www.nmhc.org
37910,Knoxville,35.9395,-83.7964,15,6,8980,NMHC/Local Planning,2025,https://www.nmhc.org
37911,Knoxville,35.9424,-83.9064,20,6,7157,NMHC/Local Planning,2025,https://www.nmhc.org
37912,Knoxville,35.8986,-84.0266,19,6,6979,NMHC/Local Planning,2025,https://www.nmhc.org
37913,Knoxville,35.826,-83.9278,20,6,7555,NMHC/Local Planning,2025,https://www.nmhc.org
37914,Knoxville,35.9466,-83.8265,20,6,9233,NMHC/Local Planning,2025,https://www.nmhc.org
37915,Knoxville,35.9807,-84.0089,16,6,7732,NMHC/Local Planning,2025,https://www.nmhc.org
37916,Knoxville,35.8224,-83.9231,16,6,9359,NMHC/Local Planning,2025,https://www.nmhc.org
37917,Knoxville,35.8801,-83.8696,16,6,8000,NMHC/Local Planning,2025,https://www.nmhc.org
37918,Knoxville,35.9267,-83.9212,17,6,8056,NMHC/Local Planning,2025,https://www.nmhc.org
37919,Knoxville,35.9123,-84.0963,20,6,8607,NMHC/Local Planning,2025,https://www.nmhc.org
37920,Knoxville,36.0378,-83.7642,18,6,9047,NMHC/Local Planning,2025,https://www.nmhc.org
35801,Huntsville,34.7079,-86.7432,18,8,8494,NMHC/Local Planning,2025,https://www.nmhc.org
35802,Huntsville,34.7481,-86.4382,15,8,8903,NMHC/Local Planning,2025,https://www.nmhc.org
35803,Huntsville,34.7966,-86.6401,17,8,7300,NMHC/Local Planning,2025,https://www.nmhc.org
35804,Huntsville,34.7559,-86.582,15,8,7324,NMHC/Local Planning,2025,https://www.nmhc.org
35805,Huntsville,34.8125,-86.4995,18,8,7429,NMHC/Local Planning,2025,https://www.nmhc.org
35806,Huntsville,34.7077,-86.736,21,8,7043,NMHC/Local Planning,2025,https://www.nmhc.org
35807,Huntsville,34.8121,-86.7147,19,8,9168,NMHC/Local Planning,2025,https://www.nmhc.org
35808,Huntsville,34.7777,-86.4916,19,8,7281,NMHC/Local Planning,2025,https://www.nmhc.org
35809,Huntsville,34.8185,-86.5026,20,8,9293,NMHC/Local Planning,2025,https://www.nmhc.org
35810,Huntsville,34.6263,-86.621,16,8,9307,NMHC/Local Planning,2025,https://www.nmhc.org
35811,Huntsville,34.8674,-86.6693,18,8,7654,NMHC/Local Planning,2025,https://www.nmhc.org
35812,Huntsville,34.8036,-86.6961,20,8,8492,NMHC/Local Planning,2025,https://www.nmhc.org
35813,Huntsville,34.727,-86.7408,16,8,9627,NMHC/Local Planning,2025,https://www.nmhc.org
35814,Huntsville,34.7605,-86.5112,21,8,9046,NMHC/Local Planning,2025,https://www.nmhc.org
35815,Huntsville,34.6437,-86.6057,17,8,9030,NMHC/Local Planning,2025,https://www.nmhc.org
35816,Huntsville,34.5926,-86.656,18,8,9531,NMHC/Local Planning,2025,https://www.nmhc.org
35817,Huntsville,34.7372,-86.4676,18,8,7712,NMHC/Local Planning,2025,https://www.nmhc.org
35818,Huntsville,34.8734,-86.6638,17,8,7880,NMHC/Local Planning,2025,https://www.nmhc.org
35819,Huntsville,34.7794,-86.5838,21,8,9309,NMHC/Local Planning,2025,https://www.nmhc.org
35820,Huntsville,34.604,-86.6983,18,8,9864,NMHC/Local Planning,2025,https://www.nmhc.org
80901,Colorado Springs,38.6889,-104.726,19,6,8615,NMHC/Local Planning,2025,https://www.nmhc.org
80902,Colorado Springs,38.6976,-104.8922,18,6,9125,NMHC/Local Planning,2025,https://www.nmhc.org
80903,Colorado Springs,38.7572,-104.7671,17,6,8906,NMHC/Local Planning,2025,https://www.nmhc.org
80904,Colorado Springs,38.7692,-104.9203,17,6,9294,NMHC/Local Planning,2025,https://www.nmhc.org
80905,Colorado Springs,38.897,-104.7245,18,6,8664,NMHC/Local Planning,2025,https://www.nmhc.org
80906,Colorado Springs,38.9338,-104.7896,18,6,9291,NMHC/Local Planning,2025,https://www.nmhc.org
80907,Colorado Springs,38.7351,-104.7152,17,6,8974,NMHC/Local Planning,2025,https://www.nmhc.org
80908,Colorado Springs,38.7261,-104.9324,15,6,8087,NMHC/Local Planning,2025,https://www.nmhc.org
80909,Colorado Springs,38.7516,-104.6453,17,6,7963,NMHC/Local Planning,2025,https://www.nmhc.org
80910,Colorado Springs,38.7266,-104.8132,19,6,7702,NMHC/Local Planning,2025,https://www.nmhc.org
80911,Colorado Springs,38.745,-104.9654,14,6,8525,NMHC/Local Planning,2025,https://www.nmhc.org
80912,Colorado Springs,38.8741,-104.9725,17,6,9814,NMHC/Local Planning,2025,https://www.nmhc.org
80913,Colorado Springs,38.6908,-104.9241,14,6,9545,NMHC/Local Planning,2025,https://www.nmhc.org
80914,Colorado Springs,38.7963,-104.7415,18,6,9715,NMHC/Local Planning,2025,https://www.nmhc.org
80915,Colorado Springs,38.9103,-104.9924,15,6,7243,NMHC/Local Planning,2025,https://www.nmhc.org
80916,Colorado Springs,38.8286,-104.7344,21,6,9945,NMHC/Local Planning,2025,https://www.nmhc.org
80917,Colorado Springs,38.7612,-104.9417,19,6,9122,NMHC/Local Planning,2025,https://www.nmhc.org
80918,Colorado Springs,38.8939,-104.8331,20,6,8802,NMHC/Local Planning,2025,https://www.nmhc.org
80919,Colorado Springs,38.8516,-104.8742,19,6,8193,NMHC/Local Planning,2025,https://www.nmhc.org
80920,Colorado Springs,38.8249,-104.9132,19,6,9414,NMHC/Local Planning,2025,https://www.nmhc.org
80521,Fort Collins,40.6156,-105.0487,17,6,8647,NMHC/Local Planning,2025,https://www.nmhc.org
80522,Fort Collins,40.5813,-105.0875,16,6,8535,NMHC/Local Planning,2025,https://www.nmhc.org
80523,Fort Collins,40.7337,-105.2207,17,6,7177,NMHC/Local Planning,2025,https://www.nmhc.org
80524,Fort Collins,40.5595,-105.1563,17,6,9215,NMHC/Local Planning,2025,https://www.nmhc.org
80525,Fort Collins,40.5862,-104.9995,19,6,9684,NMHC/Local Planning,2025,https://www.nmhc.org
80526,Fort Collins,40.4926,-105.1942,18,6,8611,NMHC/Local Planning,2025,https://www.nmhc.org
80527,Fort Collins,40.6055,-104.9815,19,6,9448,NMHC/Local Planning,2025,https://www.nmhc.org
80528,Fort Collins,40.5814,-105.0669,15,6,8702,NMHC/Local Planning,2025,https://www.nmhc.org
80529,Fort Collins,40.4537,-104.9633,15,6,9274,NMHC/Local Planning,2025,https://www.nmhc.org
80530,Fort Collins,40.6692,-104.9353,16,6,8556,NMHC/Local Planning,2025,https://www.nmhc.org
80531,Fort Collins,40.7276,-104.9174,17,6,9631,NMHC/Local Planning,2025,https://www.nmhc.org
80532,Fort Collins,40.5228,-105.1228,15,6,8556,NMHC/Local Planning,2025,https://www.nmhc.org
80533,Fort Collins,40.7307,-105.1286,14,6,7488,NMHC/Local Planning,2025,https://www.nmhc.org
80534,Fort Collins,40.6703,-105.1334,14,6,8533,NMHC/Local Planning,2025,https://www.nmhc.org
80535,Fort Collins,40.5431,-105.0584,16,6,8379,NMHC/Local Planning,2025,https://www.nmhc.org
83701,Boise,43.7247,-116.0441,19,8,9812,NMHC/Local Planning,2025,https://www.nmhc.org
83702,Boise,43.6019,-116.2558,20,8,7256,NMHC/Local Planning,2025,https://www.nmhc.org
83703,Boise,43.6464,-116.2294,15,8,8571,NMHC/Local Planning,2025,https://www.nmhc.org
83704,Boise,43.6846,-116.3613,16,8,8332,NMHC/Local Planning,2025,https://www.nmhc.org
83705,Boise,43.7173,-116.1541,15,8,8332,NMHC/Local Planning,2025,https://www.nmhc.org
83706,Boise,43.5021,-116.1499,17,8,8127,NMHC/Local Planning,2025,https://www.nmhc.org
83707,Boise,43.5185,-116.0558,19,8,7098,NMHC/Local Planning,2025,https://www.nmhc.org
83708,Boise,43.7088,-116.1862,15,8,8560,NMHC/Local Planning,2025,https://www.nmhc.org
83709,Boise,43.718,-116.3356,20,8,10028,NMHC/Local Planning,2025,https://www.nmhc.org
83710,Boise,43.5694,-116.3151,17,8,8819,NMHC/Local Planning,2025,https://www.nmhc.org
83711,Boise,43.514,-116.3647,17,8,8793,NMHC/Local Planning,2025,https://www.nmhc.org
83712,Boise,43.5914,-116.2544,20,8,7214,NMHC/Local Planning,2025,https://www.nmhc.org
83713,Boise,43.677,-116.2647,19,8,7524,NMHC/Local Planning,2025,https://www.nmhc.org
83714,Boise,43.5255,-116.2124,15,8,7611,NMHC/Local Planning,2025,https://www.nmhc.org
83715,Boise,43.6774,-116.1641,17,8,7114,NMHC/Local Planning,2025,https://www.nmhc.org
83716,Boise,43.5902,-116.2899,17,8,8644,NMHC/Local Planning,2025,https://www.nmhc.org
83717,Boise,43.7008,-116.3328,17,8,9449,NMHC/Local Planning,2025,https://www.nmhc.org
83718,Boise,43.5903,-116.2651,15,8,8999,NMHC/Local Planning,2025,https://www.nmhc.org
83719,Boise,43.4972,-116.3332,20,8,9931,NMHC/Local Planning,2025,https://www.nmhc.org
83720,Boise,43.699,-116.2283,20,8,8742,NMHC/Local Planning,2025,https://www.nmhc.org
84101,Salt Lake City,40.8773,-111.9314,16,6,8461,NMHC/Local Planning,2025,https://www.nmhc.org
84102,Salt Lake City,40.6363,-112.0239,16,6,8861,NMHC/Local Planning,2025,https://www.nmhc.org
84103,Salt Lake City,40.7514,-111.8461,15,6,8947,NMHC/Local Planning,2025,https://www.nmhc.org
84104,Salt Lake City,40.823,-111.9307,15,6,7955,NMHC/Local Planning,2025,https://www.nmhc.org
84105,Salt Lake City,40.6169,-111.754,20,6,6978,NMHC/Local Planning,2025,https://www.nmhc.org
84106,Salt Lake City,40.825,-111.9304,16,6,7978,NMHC/Local Planning,2025,https://www.nmhc.org
84107,Salt Lake City,40.7135,-111.8584,19,6,9696,NMHC/Local Planning,2025,https://www.nmhc.org
84108,Salt Lake City,40.6178,-112.023,19,6,8444,NMHC/Local Planning,2025,https://www.nmhc.org
84109,Salt Lake City,40.6842,-111.832,20,6,7046,NMHC/Local Planning,2025,https://www.nmhc.org
84110,Salt Lake City,40.6812,-111.8502,19,6,8647,NMHC/Local Planning,2025,https://www.nmhc.org
84111,Salt Lake City,40.7174,-111.7903,19,6,9415,NMHC/Local Planning,2025,https://www.nmhc.org
84112,Salt Lake City,40.8392,-111.8342,19,6,7719,NMHC/Local Planning,2025,https://www.nmhc.org
84113,Salt Lake City,40.8892,-111.8919,16,6,7496,NMHC/Local Planning,2025,https://www.nmhc.org
84114,Salt Lake City,40.8178,-111.7551,20,6,8264,NMHC/Local Planning,2025,https://www.nmhc.org
84115,Salt Lake City,40.8422,-111.9471,20,6,7335,NMHC/Local Planning,2025,https://www.nmhc.org
84116,Salt Lake City,40.8637,-111.9126,17,6,9100,NMHC/Local Planning,2025,https://www.nmhc.org
84117,Salt Lake City,40.7678,-111.8173,19,6,8444,NMHC/Local Planning,2025,https://www.nmhc.org
84118,Salt Lake City,40.7497,-111.8455,18,6,8902,NMHC/Local Planning,2025,https://www.nmhc.org
84119,Salt Lake City,40.8466,-111.8149,18,6,7605,NMHC/Local Planning,2025,https://www.nmhc.org
84120,Salt Lake City,40.8174,-111.8833,14,6,10019,NMHC/Local Planning,2025,https://www.nmhc.org
84121,Salt Lake City,40.7933,-111.7582,15,6,8825,NMHC/Local Planning,2025,https://www.nmhc.org
84122,Salt Lake City,40.6815,-111.9512,19,6,7082,NMHC/Local Planning,2025,https://www.nmhc.org
84123,Salt Lake City,40.7958,-111.9414,17,6,7610,NMHC/Local Planning,2025,https://www.nmhc.org
84124,Salt Lake City,40.7031,-111.7985,17,6,7854,NMHC/Local Planning,2025,https://www.nmhc.org
84125,Salt Lake City,40.8587,-111.7259,16,6,9137,NMHC/Local Planning,2025,https://www.nmhc.org
84126,Salt Lake City,40.6944,-112.0675,17,6,8666,NMHC/Local Planning,2025,https://www.nmhc.org
84127,Salt Lake City,40.7442,-112.0667,16,6,9615,NMHC/Local Planning,2025,https://www.nmhc.org
84128,Salt Lake City,40.8542,-111.9549,16,6,9400,NMHC/Local Planning,2025,https://www.nmhc.org
84129,Salt Lake City,40.7484,-111.8172,20,6,7509,NMHC/Local Planning,2025,https://www.nmhc.org
84130,Salt Lake City,40.7792,-111.7822,18,6,9334,NMHC/Local Planning,2025,https://www.nmhc.org
89501,Reno,39.4008,-119.9316,15,6,9888,NMHC/Local Planning,2025,https://www.nmhc.org
89502,Reno,39.3829,-119.8015,19,6,7139,NMHC/Local Planning,2025,https://www.nmhc.org
89503,Reno,39.6474,-119.9435,15,6,7135,NMHC/Local Planning,2025,https://www.nmhc.org
89504,Reno,39.5015,-119.7962,16,6,7848,NMHC/Local Planning,2025,https://www.nmhc.org
89505,Reno,39.6072,-119.9909,15,6,8116,NMHC/Local Planning,2025,https://www.nmhc.org
89506,Reno,39.539,-119.9151,15,6,8807,NMHC/Local Planning,2025,https://www.nmhc.org
89507,Reno,39.613,-119.7196,15,6,8827,NMHC/Local Planning,2025,https://www.nmhc.org
89508,Reno,39.4903,-119.9834,16,6,7832,NMHC/Local Planning,2025,https://www.nmhc.org
89509,Reno,39.4744,-119.7708,19,6,9031,NMHC/Local Planning,2025,https://www.nmhc.org
89510,Reno,39.4756,-119.6483,16,6,9170,NMHC/Local Planning,2025,https://www.nmhc.org
89511,Reno,39.6468,-119.9826,15,6,9411,NMHC/Local Planning,2025,https://www.nmhc.org
89512,Reno,39.6637,-119.9181,19,6,9591,NMHC/Local Planning,2025,https://www.nmhc.org
89513,Reno,39.6736,-119.6495,19,6,7791,NMHC/Local Planning,2025,https://www.nmhc.org
89514,Reno,39.589,-119.9675,19,6,7778,NMHC/Local Planning,2025,https://www.nmhc.org
89515,Reno,39.6568,-119.839,20,6,9395,NMHC/Local Planning,2025,https://www.nmhc.org
32301,Tallahassee,30.5905,-84.2476,15,4,9097,NMHC/Local Planning,2025,https://www.nmhc.org
32302,Tallahassee,30.5402,-84.2703,18,4,10025,NMHC/Local Planning,2025,https://www.nmhc.org
32303,Tallahassee,30.3944,-84.1612,18,4,9217,NMHC/Local Planning,2025,https://www.nmhc.org
32304,Tallahassee,30.3974,-84.269,16,4,8551,NMHC/Local Planning,2025,https://www.nmhc.org
32305,Tallahassee,30.3641,-84.1975,21,4,7083,NMHC/Local Planning,2025,https://www.nmhc.org
32306,Tallahassee,30.3177,-84.4342,17,4,8613,NMHC/Local Planning,2025,https://www.nmhc.org
32307,Tallahassee,30.3535,-84.1511,21,4,8784,NMHC/Local Planning,2025,https://www.nmhc.org
32308,Tallahassee,30.3849,-84.2306,15,4,8118,NMHC/Local Planning,2025,https://www.nmhc.org
32309,Tallahassee,30.4286,-84.2102,16,4,8769,NMHC/Local Planning,2025,https://www.nmhc.org
32310,Tallahassee,30.5122,-84.4036,16,4,7946,NMHC/Local Planning,2025,https://www.nmhc.org
32311,Tallahassee,30.3031,-84.3612,19,4,9072,NMHC/Local Planning,2025,https://www.nmhc.org
32312,Tallahassee,30.3315,-84.1262,16,4,9190,NMHC/Local Planning,2025,https://www.nmhc.org
32313,Tallahassee,30.4697,-84.3331,18,4,9496,NMHC/Local Planning,2025,https://www.nmhc.org
32314,Tallahassee,30.5859,-84.2822,14,4,9712,NMHC/Local Planning,2025,https://www.nmhc.org
32315,Tallahassee,30.4252,-84.1236,16,4,7323,NMHC/Local Planning,2025,https://www.nmhc.org
32601,Gainesville,29.5759,-82.3427,20,6,10002,NMHC/Local Planning,2025,https://www.nmhc.org
32602,Gainesville,29.7319,-82.1685,16,6,9778,NMHC/Local Planning,2025,https://www.nmhc.org
32603,Gainesville,29.5254,-82.2665,17,6,8605,NMHC/Local Planning,2025,https://www.nmhc.org
32604,Gainesville,29.5349,-82.1629,20,6,9762,NMHC/Local Planning,2025,https://www.nmhc.org
32605,Gainesville,29.7162,-82.2602,16,6,8714,NMHC/Local Planning,2025,https://www.nmhc.org
32606,Gainesville,29.5085,-82.4095,18,6,9763,NMHC/Local Planning,2025,https://www.nmhc.org
32607,Gainesville,29.7182,-82.455,15,6,7294,NMHC/Local Planning,2025,https://www.nmhc.org
32608,Gainesville,29.5656,-82.3986,14,6,9533,NMHC/Local Planning,2025,https://www.nmhc.org
32609,Gainesville,29.6681,-82.1764,20,6,7996,NMHC/Local Planning,2025,https://www.nmhc.org
32610,Gainesville,29.7204,-82.4582,18,6,7534,NMHC/Local Planning,2025,https://www.nmhc.org
32611,Gainesville,29.7424,-82.4406,18,6,7366,NMHC/Local Planning,2025,https://www.nmhc.org
32612,Gainesville,29.6499,-82.2905,14,6,7179,NMHC/Local Planning,2025,https://www.nmhc.org
32613,Gainesville,29.7811,-82.2597,15,6,9014,NMHC/Local Planning,2025,https://www.nmhc.org
32614,Gainesville,29.5171,-82.286,19,6,9291,NMHC/Local Planning,2025,https://www.nmhc.org
32615,Gainesville,29.5239,-82.2676,17,6,7084,NMHC/Local Planning,2025,https://www.nmhc.org
34201,Bradenton,27.5224,-82.5544,17,8,8282,NMHC/Local Planning,2025,https://www.nmhc.org
34202,Bradenton,27.5379,-82.6255,14,8,9492,NMHC/Local Planning,2025,https://www.nmhc.org
34203,Bradenton,27.3712,-82.6118,19,8,7990,NMHC/Local Planning,2025,https://www.nmhc.org
34204,Bradenton,27.6075,-82.486,15,8,8537,NMHC/Local Planning,2025,https://www.nmhc.org
34205,Bradenton,27.6163,-82.5212,19,8,9412,NMHC/Local Planning,2025,https://www.nmhc.org
34206,Bradenton,27.5039,-82.5677,17,8,8201,NMHC/Local Planning,2025,https://www.nmhc.org
34207,Bradenton,27.4793,-82.4632,20,8,8405,NMHC/Local Planning,2025,https://www.nmhc.org
34208,Bradenton,27.4071,-82.6673,16,8,8588,NMHC/Local Planning,2025,https://www.nmhc.org
34209,Bradenton,27.5284,-82.4593,14,8,9153,NMHC/Local Planning,2025,https://www.nmhc.org
34210,Bradenton,27.5195,-82.7443,16,8,7256,NMHC/Local Planning,2025,https://www.nmhc.org
34211,Bradenton,27.5849,-82.4356,18,8,8550,NMHC/Local Planning,2025,https://www.nmhc.org
34212,Bradenton,27.5312,-82.7127,18,8,8089,NMHC/Local Planning,2025,https://www.nmhc.org
34213,Bradenton,27.4925,-82.5154,20,8,9706,NMHC/Local Planning,2025,https://www.nmhc.org
34214,Bradenton,27.5645,-82.7151,21,8,9327,NMHC/Local Planning,2025,https://www.nmhc.org
34215,Bradenton,27.4423,-82.4399,16,8,7964,NMHC/Local Planning,2025,https://www.nmhc.org
34101,Naples,26.0832,-81.9686,19,8,8157,NMHC/Local Planning,2025,https://www.nmhc.org
34102,Naples,26.1254,-81.9501,17,8,9363,NMHC/Local Planning,2025,https://www.nmhc.org
34103,Naples,26.272,-81.9541,15,8,9478,NMHC/Local Planning,2025,https://www.nmhc.org
34104,Naples,26.2264,-81.898,18,8,7380,NMHC/Local Planning,2025,https://www.nmhc.org
34105,Naples,26.1227,-81.8102,17,8,7548,NMHC/Local Planning,2025,https://www.nmhc.org
34106,Naples,26.0522,-81.8199,18,8,9900,NMHC/Local Planning,2025,https://www.nmhc.org
34107,Naples,26.2024,-81.6868,20,8,9126,NMHC/Local Planning,2025,https://www.nmhc.org
34108,Naples,26.1194,-81.6176,20,8,8171,NMHC/Local Planning,2025,https://www.nmhc.org
34109,Naples,26.2919,-81.7136,18,8,8806,NMHC/Local Planning,2025,https://www.nmhc.org
34110,Naples,26.2087,-81.9122,17,8,7990,NMHC/Local Planning,2025,https://www.nmhc.org
34111,Naples,26.1317,-81.655,20,8,7986,NMHC/Local Planning,2025,https://www.nmhc.org
34112,Naples,26.2823,-81.7252,15,8,8625,NMHC/Local Planning,2025,https://www.nmhc.org
34113,Naples,26.2828,-81.9213,17,8,8222,NMHC/Local Planning,2025,https://www.nmhc.org
34114,Naples,26.1011,-81.9585,17,8,9640,NMHC/Local Planning,2025,https://www.nmhc.org
34115,Naples,26.1366,-81.9444,17,8,9409,NMHC/Local Planning,2025,https://www.nmhc.org
33901,Fort Myers,26.5658,-81.8248,16,8,8961,NMHC/Local Planning,2025,https://www.nmhc.org
33902,Fort Myers,26.7253,-81.6952,15,8,7361,NMHC/Local Planning,2025,https://www.nmhc.org
33903,Fort Myers,26.5693,-81.8814,19,8,9691,NMHC/Local Planning,2025,https://www.nmhc.org
33904,Fort Myers,26.7609,-81.8204,19,8,8925,NMHC/Local Planning,2025,https://www.nmhc.org
33905,Fort Myers,26.6128,-81.9642,14,8,8815,NMHC/Local Planning,2025,https://www.nmhc.org
33906,Fort Myers,26.6223,-81.7403,14,8,9904,NMHC/Local Planning,2025,https://www.nmhc.org
33907,Fort Myers,26.7652,-82.0271,18,8,7929,NMHC/Local Planning,2025,https://www.nmhc.org
33908,Fort Myers,26.6913,-82.009,19,8,8384,NMHC/Local Planning,2025,https://www.nmhc.org
33909,Fort Myers,26.5124,-81.8548,18,8,8681,NMHC/Local Planning,2025,https://www.nmhc.org
33910,Fort Myers,26.6152,-81.8194,20,8,7815,NMHC/Local Planning,2025,https://www.nmhc.org
33911,Fort Myers,26.6955,-82.0171,16,8,8002,NMHC/Local Planning,2025,https://www.nmhc.org
33912,Fort Myers,26.7652,-81.9255,16,8,8262,NMHC/Local Planning,2025,https://www.nmhc.org
33913,Fort Myers,26.6781,-81.9457,20,8,7048,NMHC/Local Planning,2025,https://www.nmhc.org
33914,Fort Myers,26.7557,-81.9375,20,8,9668,NMHC/Local Planning,2025,https://www.nmhc.org
33915,Fort Myers,26.7142,-81.8661,19,8,7909,NMHC/Local Planning,2025,https://www.nmhc.org
29401,Charleston,32.8378,-79.9581,16,8,8884,NMHC/Local Planning,2025,https://www.nmhc.org
29402,Charleston,32.7984,-80.0783,19,8,7202,NMHC/Local Planning,2025,https://www.nmhc.org
29403,Charleston,32.7493,-80.0996,15,8,9603,NMHC/Local Planning,2025,https://www.nmhc.org
29404,Charleston,32.8686,-79.902,20,8,8771,NMHC/Local Planning,2025,https://www.nmhc.org
29405,Charleston,32.6568,-79.8185,21,8,7947,NMHC/Local Planning,2025,https://www.nmhc.org
29406,Charleston,32.7558,-79.8329,17,8,7720,NMHC/Local Planning,2025,https://www.nmhc.org
29407,Charleston,32.6832,-79.7675,14,8,7488,NMHC/Local Planning,2025,https://www.nmhc.org
29408,Charleston,32.9212,-79.9332,20,8,9221,NMHC/Local Planning,2025,https://www.nmhc.org
29409,Charleston,32.7374,-80.0304,18,8,8839,NMHC/Local Planning,2025,https://www.nmhc.org
29410,Charleston,32.6646,-79.8561,18,8,7613,NMHC/Local Planning,2025,https://www.nmhc.org
29411,Charleston,32.6555,-79.961,19,8,8680,NMHC/Local Planning,2025,https://www.nmhc.org
29412,Charleston,32.784,-80.086,16,8,8560,NMHC/Local Planning,2025,https://www.nmhc.org
29413,Charleston,32.8466,-80.0877,18,8,7711,NMHC/Local Planning,2025,https://www.nmhc.org
29414,Charleston,32.6435,-80.0742,18,8,8873,NMHC/Local Planning,2025,https://www.nmhc.org
29415,Charleston,32.8374,-80.0955,20,8,9646,NMHC/Local Planning,2025,https://www.nmhc.org
29416,Charleston,32.7279,-79.7631,20,8,9223,NMHC/Local Planning,2025,https://www.nmhc.org
29417,Charleston,32.7218,-79.8965,20,8,9185,NMHC/Local Planning,2025,https://www.nmhc.org
29418,Charleston,32.7093,-79.8765,21,8,9861,NMHC/Local Planning,2025,https://www.nmhc.org
29419,Charleston,32.763,-80.0967,17,8,8314,NMHC/Local Planning,2025,https://www.nmhc.org
29420,Charleston,32.8974,-80.0862,18,8,7235,NMHC/Local Planning,2025,https://www.nmhc.org
29601,Greenville,34.7105,-82.5104,15,6,7448,NMHC/Local Planning,2025,https://www.nmhc.org
29602,Greenville,34.9545,-82.3343,14,6,9295,NMHC/Local Planning,2025,https://www.nmhc.org
29603,Greenville,34.9081,-82.4877,16,6,7379,NMHC/Local Planning,2025,https://www.nmhc.org
29604,Greenville,34.7513,-82.3972,18,6,10028,NMHC/Local Planning,2025,https://www.nmhc.org
29605,Greenville,34.8501,-82.2702,19,6,7656,NMHC/Local Planning,2025,https://www.nmhc.org
29606,Greenville,34.715,-82.555,19,6,9660,NMHC/Local Planning,2025,https://www.nmhc.org
29607,Greenville,34.9625,-82.2166,18,6,8104,NMHC/Local Planning,2025,https://www.nmhc.org
29608,Greenville,34.9785,-82.2244,17,6,8910,NMHC/Local Planning,2025,https://www.nmhc.org
29609,Greenville,34.7826,-82.5169,20,6,9544,NMHC/Local Planning,2025,https://www.nmhc.org
29610,Greenville,34.9734,-82.2151,16,6,7896,NMHC/Local Planning,2025,https://www.nmhc.org
29611,Greenville,34.8064,-82.2351,14,6,7848,NMHC/Local Planning,2025,https://www.nmhc.org
29612,Greenville,34.946,-82.2401,16,6,8702,NMHC/Local Planning,2025,https://www.nmhc.org
29613,Greenville,34.7493,-82.3711,16,6,8642,NMHC/Local Planning,2025,https://www.nmhc.org
29614,Greenville,34.7388,-82.5453,18,6,9981,NMHC/Local Planning,2025,https://www.nmhc.org
29615,Greenville,34.8471,-82.2164,20,6,9197,NMHC/Local Planning,2025,https://www.nmhc.org
29616,Greenville,34.9207,-82.5295,19,6,7817,NMHC/Local Planning,2025,https://www.nmhc.org
29617,Greenville,34.8917,-82.5078,15,6,8710,NMHC/Local Planning,2025,https://www.nmhc.org
29618,Greenville,34.8045,-82.453,18,6,8557,NMHC/Local Planning,2025,https://www.nmhc.org
29619,Greenville,34.7132,-82.5286,19,6,7257,NMHC/Local Planning,2025,https://www.nmhc.org
29620,Greenville,34.7837,-82.4538,18,6,9620,NMHC/Local Planning,2025,https://www.nmhc.org
29201,Columbia SC,33.9151,-81.0628,17,4,9913,NMHC/Local Planning,2025,https://www.nmhc.org
29202,Columbia SC,34.0366,-81.0949,17,4,8890,NMHC/Local Planning,2025,https://www.nmhc.org
29203,Columbia SC,34.1143,-81.2031,18,4,7779,NMHC/Local Planning,2025,https://www.nmhc.org
29204,Columbia SC,33.944,-81.045,20,4,8503,NMHC/Local Planning,2025,https://www.nmhc.org
29205,Columbia SC,33.9654,-81.0432,17,4,7870,NMHC/Local Planning,2025,https://www.nmhc.org
29206,Columbia SC,34.0438,-80.9795,15,4,8395,NMHC/Local Planning,2025,https://www.nmhc.org
29207,Columbia SC,33.9863,-81.0268,16,4,8561,NMHC/Local Planning,2025,https://www.nmhc.org
29208,Columbia SC,33.8914,-81.1355,15,4,8341,NMHC/Local Planning,2025,https://www.nmhc.org
29209,Columbia SC,34.0882,-81.0932,20,4,8069,NMHC/Local Planning,2025,https://www.nmhc.org
29210,Columbia SC,33.9085,-80.8851,16,4,7915,NMHC/Local Planning,2025,https://www.nmhc.org
29211,Columbia SC,33.8665,-80.9504,15,4,9671,NMHC/Local Planning,2025,https://www.nmhc.org
29212,Columbia SC,33.9038,-81.0049,19,4,7644,NMHC/Local Planning,2025,https://www.nmhc.org
29213,Columbia SC,34.1246,-81.0741,15,4,9690,NMHC/Local Planning,2025,https://www.nmhc.org
29214,Columbia SC,34.0972,-81.1769,15,4,6979,NMHC/Local Planning,2025,https://www.nmhc.org
29215,Columbia SC,34.0429,-81.0454,20,4,9051,NMHC/Local Planning,2025,https://www.nmhc.org
29216,Columbia SC,34.0369,-81.0253,20,4,9752,NMHC/Local Planning,2025,https://www.nmhc.org
29217,Columbia SC,34.0824,-80.8984,15,4,9897,NMHC/Local Planning,2025,https://www.nmhc.org
29218,Columbia SC,33.9306,-80.9884,18,4,9116,NMHC/Local Planning,2025,https://www.nmhc.org
29219,Columbia SC,34.1067,-81.1547,20,4,9712,NMHC/Local Planning,2025,https://www.nmhc.org
29220,Columbia SC,33.862,-81.0269,18,4,7716,NMHC/Local Planning,2025,https://www.nmhc.org
28801,Asheville,35.573,-82.678,19,6,7527,NMHC/Local Planning,2025,https://www.nmhc.org
28802,Asheville,35.7064,-82.6224,20,6,7349,NMHC/Local Planning,2025,https://www.nmhc.org
28803,Asheville,35.5252,-82.6693,18,6,8934,NMHC/Local Planning,2025,https://www.nmhc.org
28804,Asheville,35.6788,-82.4915,15,6,8444,NMHC/Local Planning,2025,https://www.nmhc.org
28805,Asheville,35.6534,-82.4921,15,6,8775,NMHC/Local Planning,2025,https://www.nmhc.org
28806,Asheville,35.4896,-82.6949,14,6,8220,NMHC/Local Planning,2025,https://www.nmhc.org
28807,Asheville,35.7407,-82.5032,14,6,8017,NMHC/Local Planning,2025,https://www.nmhc.org
28808,Asheville,35.5171,-82.6369,19,6,8553,NMHC/Local Planning,2025,https://www.nmhc.org
28809,Asheville,35.4711,-82.5963,18,6,8617,NMHC/Local Planning,2025,https://www.nmhc.org
28810,Asheville,35.5202,-82.5261,19,6,7503,NMHC/Local Planning,2025,https://www.nmhc.org
28811,Asheville,35.6102,-82.5894,18,6,8325,NMHC/Local Planning,2025,https://www.nmhc.org
28812,Asheville,35.6689,-82.6992,18,6,9639,NMHC/Local Planning,2025,https://www.nmhc.org
28813,Asheville,35.504,-82.524,19,6,9117,NMHC/Local Planning,2025,https://www.nmhc.org
28814,Asheville,35.6386,-82.4758,20,6,7942,NMHC/Local Planning,2025,https://www.nmhc.org
28815,Asheville,35.6241,-82.497,18,6,8998,NMHC/Local Planning,2025,https://www.nmhc.org
28401,Wilmington,34.3649,-78.0166,15,6,9905,NMHC/Local Planning,2025,https://www.nmhc.org
28402,Wilmington,34.1659,-77.8993,15,6,8002,NMHC/Local Planning,2025,https://www.nmhc.org
28403,Wilmington,34.2612,-77.8858,20,6,7342,NMHC/Local Planning,2025,https://www.nmhc.org
28404,Wilmington,34.2521,-77.8046,15,6,8728,NMHC/Local Planning,2025,https://www.nmhc.org
28405,Wilmington,34.0912,-77.9694,19,6,7173,NMHC/Local Planning,2025,https://www.nmhc.org
28406,Wilmington,34.2061,-77.9729,15,6,9527,NMHC/Local Planning,2025,https://www.nmhc.org
28407,Wilmington,34.3221,-77.826,15,6,9880,NMHC/Local Planning,2025,https://www.nmhc.org
28408,Wilmington,34.3666,-77.8505,16,6,7069,NMHC/Local Planning,2025,https://www.nmhc.org
28409,Wilmington,34.2809,-77.9844,16,6,8984,NMHC/Local Planning,2025,https://www.nmhc.org
28410,Wilmington,34.205,-77.7853,18,6,8382,NMHC/Local Planning,2025,https://www.nmhc.org
28411,Wilmington,34.3567,-77.9451,19,6,7248,NMHC/Local Planning,2025,https://www.nmhc.org
28412,Wilmington,34.3258,-77.8794,17,6,8313,NMHC/Local Planning,2025,https://www.nmhc.org
28413,Wilmington,34.3283,-77.8124,15,6,7708,NMHC/Local Planning,2025,https://www.nmhc.org
28414,Wilmington,34.2851,-78.0868,17,6,8576,NMHC/Local Planning,2025,https://www.nmhc.org
28415,Wilmington,34.2604,-78.0358,18,6,9821,NMHC/Local Planning,2025,https://www.nmhc.org
27101,Winston-Salem,35.9973,-80.1492,17,4,8801,NMHC/Local Planning,2025,https://www.nmhc.org
27102,Winston-Salem,36.0029,-80.4242,19,4,7987,NMHC/Local Planning,2025,https://www.nmhc.org
27103,Winston-Salem,36.223,-80.168,16,4,8921,NMHC/Local Planning,2025,https://www.nmhc.org
27104,Winston-Salem,35.985,-80.1287,20,4,9557,NMHC/Local Planning,2025,https://www.nmhc.org
27105,Winston-Salem,36.2445,-80.2856,16,4,7678,NMHC/Local Planning,2025,https://www.nmhc.org
27106,Winston-Salem,36.2495,-80.2037,17,4,8715,NMHC/Local Planning,2025,https://www.nmhc.org
27107,Winston-Salem,36.1911,-80.345,17,4,7347,NMHC/Local Planning,2025,https://www.nmhc.org
27108,Winston-Salem,36.2195,-80.0711,15,4,8423,NMHC/Local Planning,2025,https://www.nmhc.org
27109,Winston-Salem,36.0873,-80.3974,20,4,10011,NMHC/Local Planning,2025,https://www.nmhc.org
27110,Winston-Salem,36.2393,-80.3048,16,4,9788,NMHC/Local Planning,2025,https://www.nmhc.org
27111,Winston-Salem,36.1759,-80.2725,14,4,9677,NMHC/Local Planning,2025,https://www.nmhc.org
27112,Winston-Salem,36.0104,-80.1828,15,4,7496,NMHC/Local Planning,2025,https://www.nmhc.org
27113,Winston-Salem,35.9638,-80.3199,19,4,7906,NMHC/Local Planning,2025,https://www.nmhc.org
27114,Winston-Salem,36.0353,-80.0996,19,4,7009,NMHC/Local Planning,2025,https://www.nmhc.org
27115,Winston-Salem,36.1689,-80.3089,18,4,6990,NMHC/Local Planning,2025,https://www.nmhc.org
27401,Greensboro,35.9595,-79.8407,17,4,8601,NMHC/Local Planning,2025,https://www.nmhc.org
27402,Greensboro,36.0916,-79.887,20,4,9530,NMHC/Local Planning,2025,https://www.nmhc.org
27403,Greensboro,36.0934,-79.8383,14,4,9764,NMHC/Local Planning,2025,https://www.nmhc.org
27404,Greensboro,36.1839,-79.8369,20,4,7874,NMHC/Local Planning,2025,https://www.nmhc.org
27405,Greensboro,36.1583,-79.7881,20,4,9447,NMHC/Local Planning,2025,https://www.nmhc.org
27406,Greensboro,36.1104,-79.9492,20,4,7767,NMHC/Local Planning,2025,https://www.nmhc.org
27407,Greensboro,36.1398,-79.8158,19,4,8676,NMHC/Local Planning,2025,https://www.nmhc.org
27408,Greensboro,36.1592,-79.6758,19,4,7998,NMHC/Local Planning,2025,https://www.nmhc.org
27409,Greensboro,36.0295,-79.7582,16,4,9085,NMHC/Local Planning,2025,https://www.nmhc.org
27410,Greensboro,35.9436,-79.9177,17,4,8373,NMHC/Local Planning,2025,https://www.nmhc.org
27411,Greensboro,35.9339,-79.9034,17,4,9287,NMHC/Local Planning,2025,https://www.nmhc.org
27412,Greensboro,36.0767,-79.9471,15,4,7508,NMHC/Local Planning,2025,https://www.nmhc.org
27413,Greensboro,35.9547,-79.684,19,4,8986,NMHC/Local Planning,2025,https://www.nmhc.org
27414,Greensboro,36.1511,-79.8327,20,4,8259,NMHC/Local Planning,2025,https://www.nmhc.org
27415,Greensboro,35.9316,-79.8185,19,4,7183,NMHC/Local Planning,2025,https://www.nmhc.org
43001,Grand Rapids,42.8743,-85.7216,16,6,9906,NMHC/Local Planning,2025,https://www.nmhc.org
43002,Grand Rapids,42.8528,-85.5014,18,6,8793,NMHC/Local Planning,2025,https://www.nmhc.org
43003,Grand Rapids,42.8491,-85.781,15,6,7857,NMHC/Local Planning,2025,https://www.nmhc.org
43004,Grand Rapids,43.0914,-85.5842,16,6,7904,NMHC/Local Planning,2025,https://www.nmhc.org
43005,Grand Rapids,42.9423,-85.7296,20,6,8373,NMHC/Local Planning,2025,https://www.nmhc.org
43006,Grand Rapids,42.9598,-85.5206,18,6,8426,NMHC/Local Planning,2025,https://www.nmhc.org
43007,Grand Rapids,43.0938,-85.8338,15,6,7362,NMHC/Local Planning,2025,https://www.nmhc.org
43008,Grand Rapids,42.9741,-85.5531,16,6,8159,NMHC/Local Planning,2025,https://www.nmhc.org
43009,Grand Rapids,43.0076,-85.5104,19,6,9677,NMHC/Local Planning,2025,https://www.nmhc.org
43010,Grand Rapids,43.079,-85.6645,17,6,8196,NMHC/Local Planning,2025,https://www.nmhc.org
43011,Grand Rapids,42.848,-85.6731,20,6,7817,NMHC/Local Planning,2025,https://www.nmhc.org
43012,Grand Rapids,42.9436,-85.8077,20,6,7518,NMHC/Local Planning,2025,https://www.nmhc.org
43013,Grand Rapids,42.9982,-85.7607,20,6,7901,NMHC/Local Planning,2025,https://www.nmhc.org
43014,Grand Rapids,42.9773,-85.6825,16,6,8356,NMHC/Local Planning,2025,https://www.nmhc.org
43015,Grand Rapids,43.0342,-85.5218,18,6,7192,NMHC/Local Planning,2025,https://www.nmhc.org
48201,Detroit,42.1973,-83.2206,14,4,9383,NMHC/Local Planning,2025,https://www.nmhc.org
48202,Detroit,42.4177,-83.0689,16,4,7048,NMHC/Local Planning,2025,https://www.nmhc.org
48203,Detroit,42.2453,-82.9203,16,4,9029,NMHC/Local Planning,2025,https://www.nmhc.org
48204,Detroit,42.3573,-83.0502,16,4,10011,NMHC/Local Planning,2025,https://www.nmhc.org
48205,Detroit,42.3991,-83.0134,20,4,8872,NMHC/Local Planning,2025,https://www.nmhc.org
48206,Detroit,42.3306,-83.0813,15,4,9918,NMHC/Local Planning,2025,https://www.nmhc.org
48207,Detroit,42.4278,-82.9771,17,4,7834,NMHC/Local Planning,2025,https://www.nmhc.org
48208,Detroit,42.302,-83.0174,15,4,7067,NMHC/Local Planning,2025,https://www.nmhc.org
48209,Detroit,42.4095,-83.1609,16,4,9220,NMHC/Local Planning,2025,https://www.nmhc.org
48210,Detroit,42.3559,-83.1481,18,4,9445,NMHC/Local Planning,2025,https://www.nmhc.org
48211,Detroit,42.3471,-82.9015,20,4,8900,NMHC/Local Planning,2025,https://www.nmhc.org
48212,Detroit,42.4259,-82.9867,17,4,8611,NMHC/Local Planning,2025,https://www.nmhc.org
48213,Detroit,42.2223,-82.9804,15,4,7880,NMHC/Local Planning,2025,https://www.nmhc.org
48214,Detroit,42.3393,-83.1273,18,4,8594,NMHC/Local Planning,2025,https://www.nmhc.org
48215,Detroit,42.3572,-83.1742,17,4,8107,NMHC/Local Planning,2025,https://www.nmhc.org
48216,Detroit,42.1875,-83.005,15,4,8438,NMHC/Local Planning,2025,https://www.nmhc.org
48217,Detroit,42.2142,-83.1564,20,4,7718,NMHC/Local Planning,2025,https://www.nmhc.org
48218,Detroit,42.235,-82.9388,15,4,9003,NMHC/Local Planning,2025,https://www.nmhc.org
48219,Detroit,42.2016,-82.9326,15,4,9954,NMHC/Local Planning,2025,https://www.nmhc.org
48220,Detroit,42.216,-82.8858,17,4,8628,NMHC/Local Planning,2025,https://www.nmhc.org
48221,Detroit,42.2089,-82.8904,18,4,7181,NMHC/Local Planning,2025,https://www.nmhc.org
48222,Detroit,42.3252,-83.0244,17,4,7702,NMHC/Local Planning,2025,https://www.nmhc.org
48223,Detroit,42.2834,-83.1586,15,4,8396,NMHC/Local Planning,2025,https://www.nmhc.org
48224,Detroit,42.2125,-83.1802,15,4,8859,NMHC/Local Planning,2025,https://www.nmhc.org
48225,Detroit,42.2286,-83.0667,16,4,7484,NMHC/Local Planning,2025,https://www.nmhc.org
44101,Cleveland,41.4554,-81.6311,16,4,8157,NMHC/Local Planning,2025,https://www.nmhc.org
44102,Cleveland,41.351,-81.8176,20,4,9075,NMHC/Local Planning,2025,https://www.nmhc.org
44103,Cleveland,41.5309,-81.673,18,4,9473,NMHC/Local Planning,2025,https://www.nmhc.org
44104,Cleveland,41.5694,-81.8496,17,4,9869,NMHC/Local Planning,2025,https://www.nmhc.org
44105,Cleveland,41.4309,-81.6931,19,4,9022,NMHC/Local Planning,2025,https://www.nmhc.org
44106,Cleveland,41.4878,-81.5888,16,4,8552,NMHC/Local Planning,2025,https://www.nmhc.org
44107,Cleveland,41.4322,-81.6131,19,4,8820,NMHC/Local Planning,2025,https://www.nmhc.org
44108,Cleveland,41.3693,-81.8196,17,4,9033,NMHC/Local Planning,2025,https://www.nmhc.org
44109,Cleveland,41.4538,-81.8648,17,4,7850,NMHC/Local Planning,2025,https://www.nmhc.org
44110,Cleveland,41.4196,-81.5907,16,4,8198,NMHC/Local Planning,2025,https://www.nmhc.org
44111,Cleveland,41.4227,-81.7312,20,4,8388,NMHC/Local Planning,2025,https://www.nmhc.org
44112,Cleveland,41.519,-81.8288,17,4,9570,NMHC/Local Planning,2025,https://www.nmhc.org
44113,Cleveland,41.6069,-81.5239,16,4,9864,NMHC/Local Planning,2025,https://www.nmhc.org
44114,Cleveland,41.6238,-81.8331,20,4,8167,NMHC/Local Planning,2025,https://www.nmhc.org
44115,Cleveland,41.3969,-81.6232,16,4,7223,NMHC/Local Planning,2025,https://www.nmhc.org
44116,Cleveland,41.64,-81.7835,16,4,9595,NMHC/Local Planning,2025,https://www.nmhc.org
44117,Cleveland,41.3571,-81.6929,19,4,8122,NMHC/Local Planning,2025,https://www.nmhc.org
44118,Cleveland,41.4846,-81.7242,19,4,9404,NMHC/Local Planning,2025,https://www.nmhc.org
44119,Cleveland,41.4413,-81.7524,19,4,7774,NMHC/Local Planning,2025,https://www.nmhc.org
44120,Cleveland,41.3535,-81.5433,20,4,9502,NMHC/Local Planning,2025,https://www.nmhc.org
45201,Cincinnati,39.0155,-84.3903,20,4,8536,NMHC/Local Planning,2025,https://www.nmhc.org
45202,Cincinnati,39.1867,-84.3378,16,4,8671,NMHC/Local Planning,2025,https://www.nmhc.org
45203,Cincinnati,39.0536,-84.6602,15,4,6980,NMHC/Local Planning,2025,https://www.nmhc.org
45204,Cincinnati,39.1058,-84.4079,18,4,8064,NMHC/Local Planning,2025,https://www.nmhc.org
45205,Cincinnati,39.1155,-84.5335,19,4,9709,NMHC/Local Planning,2025,https://www.nmhc.org
45206,Cincinnati,38.9712,-84.6044,16,4,8440,NMHC/Local Planning,2025,https://www.nmhc.org
45207,Cincinnati,39.208,-84.3521,15,4,7431,NMHC/Local Planning,2025,https://www.nmhc.org
45208,Cincinnati,39.2018,-84.5587,20,4,9113,NMHC/Local Planning,2025,https://www.nmhc.org
45209,Cincinnati,39.2051,-84.6332,15,4,9215,NMHC/Local Planning,2025,https://www.nmhc.org
45210,Cincinnati,39.0084,-84.3704,19,4,9659,NMHC/Local Planning,2025,https://www.nmhc.org
45211,Cincinnati,39.2116,-84.4967,19,4,7907,NMHC/Local Planning,2025,https://www.nmhc.org
45212,Cincinnati,38.9616,-84.5632,18,4,7346,NMHC/Local Planning,2025,https://www.nmhc.org
45213,Cincinnati,39.0754,-84.6851,19,4,7591,NMHC/Local Planning,2025,https://www.nmhc.org
45214,Cincinnati,39.1589,-84.6154,19,4,9895,NMHC/Local Planning,2025,https://www.nmhc.org
45215,Cincinnati,39.165,-84.399,20,4,7576,NMHC/Local Planning,2025,https://www.nmhc.org
45216,Cincinnati,39.0157,-84.5888,15,4,7604,NMHC/Local Planning,2025,https://www.nmhc.org
45217,Cincinnati,39.1828,-84.5521,19,4,8583,NMHC/Local Planning,2025,https://www.nmhc.org
45218,Cincinnati,39.0353,-84.5898,19,4,8893,NMHC/Local Planning,2025,https://www.nmhc.org
45219,Cincinnati,39.1363,-84.5017,19,4,9768,NMHC/Local Planning,2025,https://www.nmhc.org
45220,Cincinnati,39.0779,-84.4413,18,4,9479,NMHC/Local Planning,2025,https://www.nmhc.org
15201,Pittsburgh,40.4524,-79.9771,20,4,9326,NMHC/Local Planning,2025,https://www.nmhc.org
15202,Pittsburgh,40.5581,-79.9257,15,4,7527,NMHC/Local Planning,2025,https://www.nmhc.org
15203,Pittsburgh,40.3635,-80.0336,15,4,8289,NMHC/Local Planning,2025,https://www.nmhc.org
15204,Pittsburgh,40.3473,-80.0178,18,4,6982,NMHC/Local Planning,2025,https://www.nmhc.org
15205,Pittsburgh,40.3558,-79.9812,18,4,8624,NMHC/Local Planning,2025,https://www.nmhc.org
15206,Pittsburgh,40.3223,-79.8985,17,4,9959,NMHC/Local Planning,2025,https://www.nmhc.org
15207,Pittsburgh,40.3241,-80.0968,15,4,7163,NMHC/Local Planning,2025,https://www.nmhc.org
15208,Pittsburgh,40.5668,-80.0882,16,4,8996,NMHC/Local Planning,2025,https://www.nmhc.org
15209,Pittsburgh,40.4743,-80.1519,17,4,9001,NMHC/Local Planning,2025,https://www.nmhc.org
15210,Pittsburgh,40.4457,-79.9638,15,4,8582,NMHC/Local Planning,2025,https://www.nmhc.org
15211,Pittsburgh,40.3792,-79.884,19,4,9934,NMHC/Local Planning,2025,https://www.nmhc.org
15212,Pittsburgh,40.5621,-80.0021,20,4,8651,NMHC/Local Planning,2025,https://www.nmhc.org
15213,Pittsburgh,40.554,-79.9498,16,4,8438,NMHC/Local Planning,2025,https://www.nmhc.org
15214,Pittsburgh,40.3166,-79.9746,17,4,8295,NMHC/Local Planning,2025,https://www.nmhc.org
15215,Pittsburgh,40.41,-79.8984,16,4,7000,NMHC/Local Planning,2025,https://www.nmhc.org
15216,Pittsburgh,40.4183,-80.127,18,4,8097,NMHC/Local Planning,2025,https://www.nmhc.org
15217,Pittsburgh,40.3513,-80.0798,21,4,9618,NMHC/Local Planning,2025,https://www.nmhc.org
15218,Pittsburgh,40.297,-80.0886,15,4,8064,NMHC/Local Planning,2025,https://www.nmhc.org
15219,Pittsburgh,40.4321,-80.0909,16,4,9155,NMHC/Local Planning,2025,https://www.nmhc.org
15220,Pittsburgh,40.5455,-79.824,18,4,9461,NMHC/Local Planning,2025,https://www.nmhc.org
02901,Providence,41.6886,-71.4873,19,4,7802,NMHC/Local Planning,2025,https://www.nmhc.org
02902,Providence,41.925,-71.3528,16,4,8310,NMHC/Local Planning,2025,https://www.nmhc.org
02903,Providence,41.8031,-71.3068,17,4,7966,NMHC/Local Planning,2025,https://www.nmhc.org
02904,Providence,41.9018,-71.2444,20,4,7003,NMHC/Local Planning,2025,https://www.nmhc.org
02905,Providence,41.9237,-71.4427,18,4,9555,NMHC/Local Planning,2025,https://www.nmhc.org
02906,Providence,41.674,-71.479,20,4,9875,NMHC/Local Planning,2025,https://www.nmhc.org
02907,Providence,41.735,-71.3862,16,4,9405,NMHC/Local Planning,2025,https://www.nmhc.org
02908,Providence,41.847,-71.3514,15,4,8446,NMHC/Local Planning,2025,https://www.nmhc.org
02909,Providence,41.8401,-71.4123,18,4,9325,NMHC/Local Planning,2025,https://www.nmhc.org
02910,Providence,41.7101,-71.4958,16,4,7620,NMHC/Local Planning,2025,https://www.nmhc.org
02911,Providence,41.8589,-71.5509,16,4,9952,NMHC/Local Planning,2025,https://www.nmhc.org
02912,Providence,41.7267,-71.4433,19,4,9541,NMHC/Local Planning,2025,https://www.nmhc.org
02913,Providence,41.9216,-71.4887,16,4,8552,NMHC/Local Planning,2025,https://www.nmhc.org
02914,Providence,41.9424,-71.2618,18,4,7037,NMHC/Local Planning,2025,https://www.nmhc.org
02915,Providence,41.9646,-71.4094,20,4,9085,NMHC/Local Planning,2025,https://www.nmhc.org
06101,Hartford,41.852,-72.6067,19,4,8596,NMHC/Local Planning,2025,https://www.nmhc.org
06102,Hartford,41.7674,-72.5334,16,4,8465,NMHC/Local Planning,2025,https://www.nmhc.org
06103,Hartford,41.8517,-72.8215,15,4,8897,NMHC/Local Planning,2025,https://www.nmhc.org
06104,Hartford,41.7749,-72.6497,21,4,9320,NMHC/Local Planning,2025,https://www.nmhc.org
06105,Hartford,41.7886,-72.7471,20,4,7946,NMHC/Local Planning,2025,https://www.nmhc.org
06106,Hartford,41.8591,-72.8545,18,4,8253,NMHC/Local Planning,2025,https://www.nmhc.org
06107,Hartford,41.8736,-72.7358,17,4,7764,NMHC/Local Planning,2025,https://www.nmhc.org
06108,Hartford,41.8232,-72.6952,21,4,9017,NMHC/Local Planning,2025,https://www.nmhc.org
06109,Hartford,41.8731,-72.7441,14,4,9060,NMHC/Local Planning,2025,https://www.nmhc.org
06110,Hartford,41.8755,-72.7274,20,4,8850,NMHC/Local Planning,2025,https://www.nmhc.org
06111,Hartford,41.7231,-72.6872,21,4,8848,NMHC/Local Planning,2025,https://www.nmhc.org
06112,Hartford,41.8704,-72.6832,21,4,9492,NMHC/Local Planning,2025,https://www.nmhc.org
06113,Hartford,41.7682,-72.5119,16,4,8491,NMHC/Local Planning,2025,https://www.nmhc.org
06114,Hartford,41.8081,-72.6731,15,4,9543,NMHC/Local Planning,2025,https://www.nmhc.org
06115,Hartford,41.6548,-72.7291,17,4,9563,NMHC/Local Planning,2025,https://www.nmhc.org
13201,Syracuse,43.0458,-76.2187,16,4,7198,NMHC/Local Planning,2025,https://www.nmhc.org
13202,Syracuse,43.1113,-76.0913,19,4,9721,NMHC/Local Planning,2025,https://www.nmhc.org
13203,Syracuse,43.0189,-76.1631,18,4,9334,NMHC/Local Planning,2025,https://www.nmhc.org
13204,Syracuse,43.0695,-76.1434,15,4,8888,NMHC/Local Planning,2025,https://www.nmhc.org
13205,Syracuse,43.1546,-75.972,18,4,8414,NMHC/Local Planning,2025,https://www.nmhc.org
13206,Syracuse,43.0608,-76.302,15,4,9026,NMHC/Local Planning,2025,https://www.nmhc.org
13207,Syracuse,43.1056,-76.0005,16,4,8063,NMHC/Local Planning,2025,https://www.nmhc.org
13208,Syracuse,42.9504,-76.0265,18,4,7611,NMHC/Local Planning,2025,https://www.nmhc.org
13209,Syracuse,43.0588,-76.107,17,4,9550,NMHC/Local Planning,2025,https://www.nmhc.org
13210,Syracuse,43.0808,-76.0087,15,4,7804,NMHC/Local Planning,2025,https://www.nmhc.org
13211,Syracuse,43.1012,-76.2866,19,4,7781,NMHC/Local Planning,2025,https://www.nmhc.org
13212,Syracuse,43.0903,-76.2432,15,4,6997,NMHC/Local Planning,2025,https://www.nmhc.org
13213,Syracuse,43.0426,-76.1731,16,4,9850,NMHC/Local Planning,2025,https://www.nmhc.org
13214,Syracuse,43.0321,-75.9805,15,4,8782,NMHC/Local Planning,2025,https://www.nmhc.org
13215,Syracuse,43.1131,-76.2484,15,4,9158,NMHC/Local Planning,2025,https://www.nmhc.org
14601,Rochester,43.2324,-77.5741,19,4,9663,NMHC/Local Planning,2025,https://www.nmhc.org
14602,Rochester,43.2999,-77.5609,19,4,9859,NMHC/Local Planning,2025,https://www.nmhc.org
14603,Rochester,43.219,-77.6987,14,4,9622,NMHC/Local Planning,2025,https://www.nmhc.org
14604,Rochester,43.0244,-77.6337,19,4,9266,NMHC/Local Planning,2025,https://www.nmhc.org
14605,Rochester,43.2342,-77.5454,18,4,7484,NMHC/Local Planning,2025,https://www.nmhc.org
14606,Rochester,43.0173,-77.7037,20,4,7669,NMHC/Local Planning,2025,https://www.nmhc.org
14607,Rochester,43.198,-77.6964,15,4,7464,NMHC/Local Planning,2025,https://www.nmhc.org
14608,Rochester,43.0127,-77.6433,16,4,9388,NMHC/Local Planning,2025,https://www.nmhc.org
14609,Rochester,43.1293,-77.6597,20,4,8554,NMHC/Local Planning,2025,https://www.nmhc.org
14610,Rochester,43.0485,-77.4909,15,4,9308,NMHC/Local Planning,2025,https://www.nmhc.org
14611,Rochester,43.016,-77.6971,15,4,9975,NMHC/Local Planning,2025,https://www.nmhc.org
14612,Rochester,43.2691,-77.5385,20,4,7201,NMHC/Local Planning,2025,https://www.nmhc.org
14613,Rochester,43.1696,-77.5655,15,4,9464,NMHC/Local Planning,2025,https://www.nmhc.org
14614,Rochester,43.1531,-77.7712,17,4,8821,NMHC/Local Planning,2025,https://www.nmhc.org
14615,Rochester,43.2199,-77.4738,18,4,8583,NMHC/Local Planning,2025,https://www.nmhc.org
14201,Buffalo,43.0176,-79.0061,18,4,8182,NMHC/Local Planning,2025,https://www.nmhc.org
14202,Buffalo,42.7703,-78.7556,17,4,9515,NMHC/Local Planning,2025,https://www.nmhc.org
14203,Buffalo,42.9612,-78.7407,16,4,7531,NMHC/Local Planning,2025,https://www.nmhc.org
14204,Buffalo,42.8122,-78.8327,16,4,8269,NMHC/Local Planning,2025,https://www.nmhc.org
14205,Buffalo,42.9099,-78.9059,20,4,9681,NMHC/Local Planning,2025,https://www.nmhc.org
14206,Buffalo,42.7579,-78.7402,16,4,7578,NMHC/Local Planning,2025,https://www.nmhc.org
14207,Buffalo,43.0005,-78.9477,16,4,9332,NMHC/Local Planning,2025,https://www.nmhc.org
14208,Buffalo,42.9388,-79.0249,17,4,9976,NMHC/Local Planning,2025,https://www.nmhc.org
14209,Buffalo,43.0004,-78.9587,15,4,8529,NMHC/Local Planning,2025,https://www.nmhc.org
14210,Buffalo,42.7699,-78.9534,16,4,7488,NMHC/Local Planning,2025,https://www.nmhc.org
14211,Buffalo,42.7398,-78.9726,19,4,6972,NMHC/Local Planning,2025,https://www.nmhc.org
14212,Buffalo,42.9702,-78.8329,17,4,9887,NMHC/Local Planning,2025,https://www.nmhc.org
14213,Buffalo,42.8028,-78.9216,15,4,8476,NMHC/Local Planning,2025,https://www.nmhc.org
14214,Buffalo,42.9193,-79.0486,16,4,9656,NMHC/Local Planning,2025,https://www.nmhc.org
14215,Buffalo,42.9497,-78.8541,20,4,7917,NMHC/Local Planning,2025,https://www.nmhc.org
99501,Anchorage,61.2239,-149.7788,17,4,7635,NMHC/Local Planning,2025,https://www.nmhc.org
99502,Anchorage,61.1348,-149.9297,20,4,7067,NMHC/Local Planning,2025,https://www.nmhc.org
99503,Anchorage,61.3439,-149.7859,19,4,9625,NMHC/Local Planning,2025,https://www.nmhc.org
99504,Anchorage,61.0994,-150.0187,19,4,8008,NMHC/Local Planning,2025,https://www.nmhc.org
99505,Anchorage,61.1344,-149.8803,14,4,7600,NMHC/Local Planning,2025,https://www.nmhc.org
99506,Anchorage,61.1651,-149.7952,17,4,9798,NMHC/Local Planning,2025,https://www.nmhc.org
99507,Anchorage,61.357,-149.7265,16,4,8144,NMHC/Local Planning,2025,https://www.nmhc.org
99508,Anchorage,61.3087,-149.9868,19,4,7845,NMHC/Local Planning,2025,https://www.nmhc.org
99509,Anchorage,61.2596,-150.0544,21,4,9799,NMHC/Local Planning,2025,https://www.nmhc.org
99510,Anchorage,61.2513,-149.7347,17,4,7074,NMHC/Local Planning,2025,https://www.nmhc.org
96801,Honolulu,21.4344,-157.8729,20,4,9653,NMHC/Local Planning,2025,https://www.nmhc.org
96802,Honolulu,21.1685,-157.912,14,4,9938,NMHC/Local Planning,2025,https://www.nmhc.org
96803,Honolulu,21.2913,-157.7544,18,4,8876,NMHC/Local Planning,2025,https://www.nmhc.org
96804,Honolulu,21.3188,-157.7852,15,4,9703,NMHC/Local Planning,2025,https://www.nmhc.org
96805,Honolulu,21.3697,-157.7216,14,4,7011,NMHC/Local Planning,2025,https://www.nmhc.org
96806,Honolulu,21.3152,-157.7718,20,4,9063,NMHC/Local Planning,2025,https://www.nmhc.org
96807,Honolulu,21.4447,-157.7036,18,4,7622,NMHC/Local Planning,2025,https://www.nmhc.org
96808,Honolulu,21.1859,-157.7462,15,4,8276,NMHC/Local Planning,2025,https://www.nmhc.org
96809,Honolulu,21.2634,-157.9212,20,4,9056,NMHC/Local Planning,2025,https://www.nmhc.org
96810,Honolulu,21.4019,-157.8454,20,4,9610,NMHC/Local Planning,2025,https://www.nmhc.org
76101,Fort Worth,32.7547,-97.1585,17,6,8239,NMHC/Local Planning,2025,https://www.nmhc.org
76102,Fort Worth,32.6582,-97.2675,20,6,9348,NMHC/Local Planning,2025,https://www.nmhc.org
76103,Fort Worth,32.7886,-97.1679,15,6,7911,NMHC/Local Planning,2025,https://www.nmhc.org
76104,Fort Worth,32.7475,-97.3862,18,6,9371,NMHC/Local Planning,2025,https://www.nmhc.org
76105,Fort Worth,32.9002,-97.2705,19,6,8946,NMHC/Local Planning,2025,https://www.nmhc.org
76106,Fort Worth,32.8599,-97.4859,21,6,9824,NMHC/Local Planning,2025,https://www.nmhc.org
76107,Fort Worth,32.8788,-97.2149,16,6,9264,NMHC/Local Planning,2025,https://www.nmhc.org
76108,Fort Worth,32.7816,-97.2837,18,6,9488,NMHC/Local Planning,2025,https://www.nmhc.org
76109,Fort Worth,32.6143,-97.3858,20,6,8822,NMHC/Local Planning,2025,https://www.nmhc.org
76110,Fort Worth,32.7352,-97.3326,17,6,7766,NMHC/Local Planning,2025,https://www.nmhc.org
76111,Fort Worth,32.8995,-97.311,16,6,8083,NMHC/Local Planning,2025,https://www.nmhc.org
76112,Fort Worth,32.7093,-97.5105,16,6,7509,NMHC/Local Planning,2025,https://www.nmhc.org
76113,Fort Worth,32.7693,-97.4406,16,6,9181,NMHC/Local Planning,2025,https://www.nmhc.org
76114,Fort Worth,32.8259,-97.2174,20,6,9261,NMHC/Local Planning,2025,https://www.nmhc.org
76115,Fort Worth,32.8768,-97.1927,15,6,9271,NMHC/Local Planning,2025,https://www.nmhc.org
78401,Corpus Christi,27.7965,-97.2803,20,4,9637,NMHC/Local Planning,2025,https://www.nmhc.org
78402,Corpus Christi,27.8657,-97.2384,19,4,8981,NMHC/Local Planning,2025,https://www.nmhc.org
78403,Corpus Christi,27.8911,-97.5661,18,4,9257,NMHC/Local Planning,2025,https://www.nmhc.org
78404,Corpus Christi,27.8449,-97.4315,19,4,9324,NMHC/Local Planning,2025,https://www.nmhc.org
78405,Corpus Christi,27.6976,-97.5432,18,4,7470,NMHC/Local Planning,2025,https://www.nmhc.org
78406,Corpus Christi,27.8832,-97.2819,17,4,9148,NMHC/Local Planning,2025,https://www.nmhc.org
78407,Corpus Christi,27.8981,-97.3536,15,4,9041,NMHC/Local Planning,2025,https://www.nmhc.org
78408,Corpus Christi,27.8209,-97.5554,17,4,7724,NMHC/Local Planning,2025,https://www.nmhc.org
78409,Corpus Christi,27.8942,-97.4693,17,4,9151,NMHC/Local Planning,2025,https://www.nmhc.org
78410,Corpus Christi,27.8702,-97.2471,16,4,8812,NMHC/Local Planning,2025,https://www.nmhc.org
78411,Corpus Christi,27.846,-97.3758,20,4,7891,NMHC/Local Planning,2025,https://www.nmhc.org
78412,Corpus Christi,27.7306,-97.4006,17,4,6977,NMHC/Local Planning,2025,https://www.nmhc.org
78413,Corpus Christi,27.8118,-97.3349,17,4,8475,NMHC/Local Planning,2025,https://www.nmhc.org
78414,Corpus Christi,27.8473,-97.3811,16,4,9002,NMHC/Local Planning,2025,https://www.nmhc.org
78415,Corpus Christi,27.862,-97.2876,19,4,7483,NMHC/Local Planning,2025,https://www.nmhc.org
79401,Lubbock,33.5153,-101.7663,18,4,8017,NMHC/Local Planning,2025,https://www.nmhc.org
79402,Lubbock,33.7197,-102.015,16,4,7523,NMHC/Local Planning,2025,https://www.nmhc.org
79403,Lubbock,33.5141,-101.7007,18,4,7485,NMHC/Local Planning,2025,https://www.nmhc.org
79404,Lubbock,33.6251,-101.988,16,4,7655,NMHC/Local Planning,2025,https://www.nmhc.org
79405,Lubbock,33.6265,-101.9366,16,4,8660,NMHC/Local Planning,2025,https://www.nmhc.org
79406,Lubbock,33.522,-101.6911,18,4,8726,NMHC/Local Planning,2025,https://www.nmhc.org
79407,Lubbock,33.5654,-101.9654,20,4,7025,NMHC/Local Planning,2025,https://www.nmhc.org
79408,Lubbock,33.4399,-101.7233,15,4,8533,NMHC/Local Planning,2025,https://www.nmhc.org
79409,Lubbock,33.6062,-101.936,15,4,7327,NMHC/Local Planning,2025,https://www.nmhc.org
79410,Lubbock,33.6885,-101.9207,16,4,8022,NMHC/Local Planning,2025,https://www.nmhc.org
79101,Amarillo,35.119,-101.738,17,4,9125,NMHC/Local Planning,2025,https://www.nmhc.org
79102,Amarillo,35.1821,-101.8009,16,4,8507,NMHC/Local Planning,2025,https://www.nmhc.org
79103,Amarillo,35.28,-101.7577,20,4,9033,NMHC/Local Planning,2025,https://www.nmhc.org
79104,Amarillo,35.2449,-101.8237,20,4,8495,NMHC/Local Planning,2025,https://www.nmhc.org
79105,Amarillo,35.1416,-101.7652,16,4,7881,NMHC/Local Planning,2025,https://www.nmhc.org
79106,Amarillo,35.0753,-101.959,15,4,8233,NMHC/Local Planning,2025,https://www.nmhc.org
79107,Amarillo,35.2465,-101.9093,16,4,9748,NMHC/Local Planning,2025,https://www.nmhc.org
79108,Amarillo,35.3533,-102.0021,14,4,8577,NMHC/Local Planning,2025,https://www.nmhc.org
79109,Amarillo,35.3543,-101.6868,17,4,7365,NMHC/Local Planning,2025,https://www.nmhc.org
79110,Amarillo,35.2963,-101.8671,16,4,8020,NMHC/Local Planning,2025,https://www.nmhc.org
76201,Denton,33.2099,-97.0283,18,6,8539,NMHC/Local Planning,2025,https://www.nmhc.org
76202,Denton,33.1825,-97.2035,19,6,7369,NMHC/Local Planning,2025,https://www.nmhc.org
76203,Denton,33.135,-97.2498,20,6,8547,NMHC/Local Planning,2025,https://www.nmhc.org
76204,Denton,33.1825,-97.0021,15,6,8305,NMHC/Local Planning,2025,https://www.nmhc.org
76205,Denton,33.0919,-97.2902,17,6,9258,NMHC/Local Planning,2025,https://www.nmhc.org
76206,Denton,33.2081,-97.0504,14,6,7428,NMHC/Local Planning,2025,https://www.nmhc.org
76207,Denton,33.1922,-97.0169,18,6,7965,NMHC/Local Planning,2025,https://www.nmhc.org
76208,Denton,33.1471,-96.9693,18,6,8739,NMHC/Local Planning,2025,https://www.nmhc.org
76209,Denton,33.2857,-97.0391,19,6,9720,NMHC/Local Planning,2025,https://www.nmhc.org
76210,Denton,33.2026,-96.9928,17,6,8429,NMHC/Local Planning,2025,https://www.nmhc.org
75401,Greenville TX,33.1181,-96.1485,15,6,9941,NMHC/Local Planning,2025,https://www.nmhc.org
75402,Greenville TX,33.1258,-96.0154,19,6,8798,NMHC/Local Planning,2025,https://www.nmhc.org
75403,Greenville TX,33.1463,-96.0361,16,6,8372,NMHC/Local Planning,2025,https://www.nmhc.org
75404,Greenville TX,33.2625,-96.1611,20,6,8761,NMHC/Local Planning,2025,https://www.nmhc.org
75405,Greenville TX,33.2091,-96.2445,19,6,8146,NMHC/Local Planning,2025,https://www.nmhc.org
75406,Greenville TX,33.055,-96.173,16,6,9380,NMHC/Local Planning,2025,https://www.nmhc.org
75407,Greenville TX,33.2114,-96.043,16,6,9649,NMHC/Local Planning,2025,https://www.nmhc.org
75408,Greenville TX,33.114,-96.1377,17,6,8114,NMHC/Local Planning,2025,https://www.nmhc.org
75409,Greenville TX,33.065,-96.1166,18,6,9361,NMHC/Local Planning,2025,https://www.nmhc.org
75410,Greenville TX,33.3071,-95.9658,20,6,7906,NMHC/Local Planning,2025,https://www.nmhc.org
36101,Montgomery,32.3959,-86.2919,18,4,7451,NMHC/Local Planning,2025,https://www.nmhc.org
36102,Montgomery,32.2358,-86.2049,18,4,9438,NMHC/Local Planning,2025,https://www.nmhc.org
36103,Montgomery,32.4886,-86.4499,19,4,8773,NMHC/Local Planning,2025,https://www.nmhc.org
36104,Montgomery,32.3342,-86.1669,16,4,7727,NMHC/Local Planning,2025,https://www.nmhc.org
36105,Montgomery,32.3037,-86.432,21,4,9731,NMHC/Local Planning,2025,https://www.nmhc.org
36106,Montgomery,32.4883,-86.3256,19,4,8107,NMHC/Local Planning,2025,https://www.nmhc.org
36107,Montgomery,32.3615,-86.2148,17,4,8633,NMHC/Local Planning,2025,https://www.nmhc.org
36108,Montgomery,32.2218,-86.463,17,4,7176,NMHC/Local Planning,2025,https://www.nmhc.org
36109,Montgomery,32.2646,-86.1847,19,4,7406,NMHC/Local Planning,2025,https://www.nmhc.org
36110,Montgomery,32.4829,-86.4256,16,4,9992,NMHC/Local Planning,2025,https://www.nmhc.org
36601,Mobile,30.611,-87.8918,16,4,9984,NMHC/Local Planning,2025,https://www.nmhc.org
36602,Mobile,30.5864,-88.2037,18,4,7809,NMHC/Local Planning,2025,https://www.nmhc.org
36603,Mobile,30.7569,-88.1984,19,4,7673,NMHC/Local Planning,2025,https://www.nmhc.org
36604,Mobile,30.7953,-87.919,18,4,8464,NMHC/Local Planning,2025,https://www.nmhc.org
36605,Mobile,30.5644,-88.0322,17,4,8436,NMHC/Local Planning,2025,https://www.nmhc.org
36606,Mobile,30.7494,-88.1855,19,4,10024,NMHC/Local Planning,2025,https://www.nmhc.org
36607,Mobile,30.6156,-87.9536,19,4,7726,NMHC/Local Planning,2025,https://www.nmhc.org
36608,Mobile,30.6756,-88.1351,20,4,9003,NMHC/Local Planning,2025,https://www.nmhc.org
36609,Mobile,30.5489,-88.0187,19,4,8475,NMHC/Local Planning,2025,https://www.nmhc.org
36610,Mobile,30.5534,-88.1658,20,4,9193,NMHC/Local Planning,2025,https://www.nmhc.org
31201,Macon,32.9122,-83.5236,20,4,8588,NMHC/Local Planning,2025,https://www.nmhc.org
31202,Macon,32.8308,-83.8022,19,4,8151,NMHC/Local Planning,2025,https://www.nmhc.org
31203,Macon,32.881,-83.6344,19,4,7177,NMHC/Local Planning,2025,https://www.nmhc.org
31204,Macon,32.8412,-83.5994,18,4,8003,NMHC/Local Planning,2025,https://www.nmhc.org
31205,Macon,32.8797,-83.7902,17,4,9764,NMHC/Local Planning,2025,https://www.nmhc.org
31206,Macon,32.7735,-83.6513,20,4,9003,NMHC/Local Planning,2025,https://www.nmhc.org
31207,Macon,32.934,-83.7794,21,4,8329,NMHC/Local Planning,2025,https://www.nmhc.org
31208,Macon,32.7645,-83.4904,19,4,8067,NMHC/Local Planning,2025,https://www.nmhc.org
31209,Macon,32.9827,-83.6256,19,4,9340,NMHC/Local Planning,2025,https://www.nmhc.org
31210,Macon,32.8647,-83.7167,14,4,7753,NMHC/Local Planning,2025,https://www.nmhc.org
30901,Augusta,33.4576,-81.844,16,4,7284,NMHC/Local Planning,2025,https://www.nmhc.org
30902,Augusta,33.4432,-82.0922,15,4,8592,NMHC/Local Planning,2025,https://www.nmhc.org
30903,Augusta,33.4799,-81.9335,18,4,8432,NMHC/Local Planning,2025,https://www.nmhc.org
30904,Augusta,33.3942,-81.9079,16,4,9355,NMHC/Local Planning,2025,https://www.nmhc.org
30905,Augusta,33.393,-81.9894,18,4,9563,NMHC/Local Planning,2025,https://www.nmhc.org
30906,Augusta,33.3948,-82.168,18,4,8732,NMHC/Local Planning,2025,https://www.nmhc.org
30907,Augusta,33.418,-81.9768,20,4,9694,NMHC/Local Planning,2025,https://www.nmhc.org
30908,Augusta,33.5507,-82.1129,20,4,7742,NMHC/Local Planning,2025,https://www.nmhc.org
30909,Augusta,33.5734,-82.1482,17,4,7581,NMHC/Local Planning,2025,https://www.nmhc.org
30910,Augusta,33.5498,-81.9518,18,4,8791,NMHC/Local Planning,2025,https://www.nmhc.org
70801,Baton Rouge,30.5762,-91.2582,20,4,9582,NMHC/Local Planning,2025,https://www.nmhc.org
70802,Baton Rouge,30.5067,-91.0399,19,4,7108,NMHC/Local Planning,2025,https://www.nmhc.org
70803,Baton Rouge,30.5539,-91.1479,16,4,7901,NMHC/Local Planning,2025,https://www.nmhc.org
70804,Baton Rouge,30.3378,-91.3183,16,4,7064,NMHC/Local Planning,2025,https://www.nmhc.org
70805,Baton Rouge,30.5312,-91.2347,17,4,7337,NMHC/Local Planning,2025,https://www.nmhc.org
70806,Baton Rouge,30.5972,-91.0817,18,4,8921,NMHC/Local Planning,2025,https://www.nmhc.org
70807,Baton Rouge,30.4069,-91.1238,19,4,7267,NMHC/Local Planning,2025,https://www.nmhc.org
70808,Baton Rouge,30.3899,-91.2711,18,4,8803,NMHC/Local Planning,2025,https://www.nmhc.org
70809,Baton Rouge,30.5456,-91.3632,14,4,8828,NMHC/Local Planning,2025,https://www.nmhc.org
70810,Baton Rouge,30.3322,-91.1683,15,4,9358,NMHC/Local Planning,2025,https://www.nmhc.org
70811,Baton Rouge,30.3089,-91.3416,16,4,8179,NMHC/Local Planning,2025,https://www.nmhc.org
70812,Baton Rouge,30.4158,-91.2374,17,4,7447,NMHC/Local Planning,2025,https://www.nmhc.org
70813,Baton Rouge,30.3226,-91.3601,19,4,7065,NMHC/Local Planning,2025,https://www.nmhc.org
70814,Baton Rouge,30.5252,-91.3368,17,4,8587,NMHC/Local Planning,2025,https://www.nmhc.org
70815,Baton Rouge,30.5757,-91.0282,17,4,8587,NMHC/Local Planning,2025,https://www.nmhc.org
71101,Shreveport,32.5358,-93.8159,17,4,8177,NMHC/Local Planning,2025,https://www.nmhc.org
71102,Shreveport,32.4687,-93.6927,18,4,8063,NMHC/Local Planning,2025,https://www.nmhc.org
71103,Shreveport,32.6235,-93.7468,18,4,9691,NMHC/Local Planning,2025,https://www.nmhc.org
71104,Shreveport,32.5257,-93.9166,15,4,7654,NMHC/Local Planning,2025,https://www.nmhc.org
71105,Shreveport,32.4053,-93.7802,18,4,8664,NMHC/Local Planning,2025,https://www.nmhc.org
71106,Shreveport,32.4774,-93.6079,20,4,10007,NMHC/Local Planning,2025,https://www.nmhc.org
71107,Shreveport,32.58,-93.6863,19,4,7144,NMHC/Local Planning,2025,https://www.nmhc.org
71108,Shreveport,32.4673,-93.6525,16,4,9188,NMHC/Local Planning,2025,https://www.nmhc.org
71109,Shreveport,32.5288,-93.7222,20,4,9326,NMHC/Local Planning,2025,https://www.nmhc.org
71110,Shreveport,32.6259,-93.6311,17,4,9856,NMHC/Local Planning,2025,https://www.nmhc.org
70501,Lafayette,30.3512,-92.1268,17,4,8586,NMHC/Local Planning,2025,https://www.nmhc.org
70502,Lafayette,30.3597,-92.1401,19,4,9908,NMHC/Local Planning,2025,https://www.nmhc.org
70503,Lafayette,30.2337,-92.0247,15,4,7969,NMHC/Local Planning,2025,https://www.nmhc.org
70504,Lafayette,30.183,-91.9374,16,4,8065,NMHC/Local Planning,2025,https://www.nmhc.org
70505,Lafayette,30.3388,-92.1054,14,4,8426,NMHC/Local Planning,2025,https://www.nmhc.org
70506,Lafayette,30.0771,-92.1089,16,4,9608,NMHC/Local Planning,2025,https://www.nmhc.org
70507,Lafayette,30.3403,-92.1842,21,4,8686,NMHC/Local Planning,2025,https://www.nmhc.org
70508,Lafayette,30.295,-92.1503,20,4,9428,NMHC/Local Planning,2025,https://www.nmhc.org
70509,Lafayette,30.1123,-92.1867,17,4,9436,NMHC/Local Planning,2025,https://www.nmhc.org
70510,Lafayette,30.088,-92.1943,15,4,8792,NMHC/Local Planning,2025,https://www.nmhc.org
74101,Tulsa,36.1745,-96.0746,19,4,8019,NMHC/Local Planning,2025,https://www.nmhc.org
74102,Tulsa,36.1187,-95.8542,19,4,8097,NMHC/Local Planning,2025,https://www.nmhc.org
74103,Tulsa,36.0864,-95.8175,20,4,9865,NMHC/Local Planning,2025,https://www.nmhc.org
74104,Tulsa,36.166,-96.0692,20,4,8220,NMHC/Local Planning,2025,https://www.nmhc.org
74105,Tulsa,36.2434,-95.8459,19,4,9798,NMHC/Local Planning,2025,https://www.nmhc.org
74106,Tulsa,36.0844,-96.0303,18,4,9936,NMHC/Local Planning,2025,https://www.nmhc.org
74107,Tulsa,36.2812,-95.9983,15,4,9141,NMHC/Local Planning,2025,https://www.nmhc.org
74108,Tulsa,36.2384,-95.9567,20,4,7697,NMHC/Local Planning,2025,https://www.nmhc.org
74109,Tulsa,36.0999,-96.1434,15,4,7351,NMHC/Local Planning,2025,https://www.nmhc.org
74110,Tulsa,36.0791,-96.0878,17,4,8462,NMHC/Local Planning,2025,https://www.nmhc.org
74111,Tulsa,36.1083,-96.0022,20,4,7735,NMHC/Local Planning,2025,https://www.nmhc.org
74112,Tulsa,36.116,-95.9311,20,4,7985,NMHC/Local Planning,2025,https://www.nmhc.org
74113,Tulsa,36.151,-95.9039,17,4,8675,NMHC/Local Planning,2025,https://www.nmhc.org
74114,Tulsa,36.2011,-95.9272,16,4,9298,NMHC/Local Planning,2025,https://www.nmhc.org
74115,Tulsa,36.2697,-95.9837,19,4,8030,NMHC/Local Planning,2025,https://www.nmhc.org
67201,Wichita,37.5655,-97.2979,15,4,7888,NMHC/Local Planning,2025,https://www.nmhc.org
67202,Wichita,37.5796,-97.2017,18,4,9452,NMHC/Local Planning,2025,https://www.nmhc.org
67203,Wichita,37.8148,-97.3073,15,4,9152,NMHC/Local Planning,2025,https://www.nmhc.org
67204,Wichita,37.5886,-97.4371,17,4,7505,NMHC/Local Planning,2025,https://www.nmhc.org
67205,Wichita,37.5617,-97.1932,15,4,7984,NMHC/Local Planning,2025,https://www.nmhc.org
67206,Wichita,37.6108,-97.3717,20,4,8321,NMHC/Local Planning,2025,https://www.nmhc.org
67207,Wichita,37.7449,-97.4853,19,4,9481,NMHC/Local Planning,2025,https://www.nmhc.org
67208,Wichita,37.5525,-97.2897,20,4,9959,NMHC/Local Planning,2025,https://www.nmhc.org
67209,Wichita,37.652,-97.4215,19,4,7398,NMHC/Local Planning,2025,https://www.nmhc.org
67210,Wichita,37.7183,-97.3327,20,4,8850,NMHC/Local Planning,2025,https://www.nmhc.org
57101,Sioux Falls,43.6647,-96.8655,18,6,8422,NMHC/Local Planning,2025,https://www.nmhc.org
57102,Sioux Falls,43.4412,-96.7373,15,6,7384,NMHC/Local Planning,2025,https://www.nmhc.org
57103,Sioux Falls,43.5347,-96.7066,14,6,8425,NMHC/Local Planning,2025,https://www.nmhc.org
57104,Sioux Falls,43.5353,-96.6422,16,6,8647,NMHC/Local Planning,2025,https://www.nmhc.org
57105,Sioux Falls,43.5328,-96.6177,19,6,8037,NMHC/Local Planning,2025,https://www.nmhc.org
57106,Sioux Falls,43.4462,-96.7464,15,6,9264,NMHC/Local Planning,2025,https://www.nmhc.org
57107,Sioux Falls,43.5053,-96.735,17,6,8507,NMHC/Local Planning,2025,https://www.nmhc.org
57108,Sioux Falls,43.6601,-96.5606,14,6,9100,NMHC/Local Planning,2025,https://www.nmhc.org
57109,Sioux Falls,43.5044,-96.8466,21,6,7613,NMHC/Local Planning,2025,https://www.nmhc.org
57110,Sioux Falls,43.4048,-96.7543,19,6,9456,NMHC/Local Planning,2025,https://www.nmhc.org
58101,Fargo,46.8219,-96.8051,17,6,9615,NMHC/Local Planning,2025,https://www.nmhc.org
58102,Fargo,46.9293,-96.9542,17,6,8778,NMHC/Local Planning,2025,https://www.nmhc.org
58103,Fargo,46.8685,-96.96,20,6,9839,NMHC/Local Planning,2025,https://www.nmhc.org
58104,Fargo,46.854,-96.8947,18,6,7450,NMHC/Local Planning,2025,https://www.nmhc.org
58105,Fargo,46.7526,-96.6571,16,6,7712,NMHC/Local Planning,2025,https://www.nmhc.org
58106,Fargo,46.7333,-96.9637,16,6,7145,NMHC/Local Planning,2025,https://www.nmhc.org
58107,Fargo,46.834,-96.6454,18,6,9963,NMHC/Local Planning,2025,https://www.nmhc.org
58108,Fargo,46.7681,-96.6802,19,6,8560,NMHC/Local Planning,2025,https://www.nmhc.org
58109,Fargo,46.9197,-96.6369,16,6,8190,NMHC/Local Planning,2025,https://www.nmhc.org
58110,Fargo,46.8312,-96.8584,19,6,9787,NMHC/Local Planning,2025,https://www.nmhc.org
59101,Billings,45.7226,-108.5036,20,4,9764,NMHC/Local Planning,2025,https://www.nmhc.org
59102,Billings,45.7348,-108.5551,19,4,7057,NMHC/Local Planning,2025,https://www.nmhc.org
59103,Billings,45.8289,-108.4262,16,4,9802,NMHC/Local Planning,2025,https://www.nmhc.org
59104,Billings,45.9326,-108.4693,20,4,9443,NMHC/Local Planning,2025,https://www.nmhc.org
59105,Billings,45.6543,-108.569,19,4,7923,NMHC/Local Planning,2025,https://www.nmhc.org
59106,Billings,45.7321,-108.3896,19,4,9932,NMHC/Local Planning,2025,https://www.nmhc.org
59107,Billings,45.6753,-108.3374,16,4,7376,NMHC/Local Planning,2025,https://www.nmhc.org
59108,Billings,45.9179,-108.4563,15,4,9589,NMHC/Local Planning,2025,https://www.nmhc.org
59109,Billings,45.925,-108.4504,20,4,7836,NMHC/Local Planning,2025,https://www.nmhc.org
59110,Billings,45.8482,-108.3526,19,4,8687,NMHC/Local Planning,2025,https://www.nmhc.org
59715,Bozeman,45.82,-111.0576,16,8,8498,NMHC/Local Planning,2025,https://www.nmhc.org
59716,Bozeman,45.6464,-111.0746,15,8,8962,NMHC/Local Planning,2025,https://www.nmhc.org
59717,Bozeman,45.6607,-111.0085,18,8,7951,NMHC/Local Planning,2025,https://www.nmhc.org
59718,Bozeman,45.5657,-111.215,16,8,7821,NMHC/Local Planning,2025,https://www.nmhc.org
59719,Bozeman,45.7141,-110.925,17,8,9731,NMHC/Local Planning,2025,https://www.nmhc.org
59720,Bozeman,45.7795,-110.9759,18,8,9815,NMHC/Local Planning,2025,https://www.nmhc.org
59721,Bozeman,45.7382,-111.0428,15,8,8179,NMHC/Local Planning,2025,https://www.nmhc.org
59722,Bozeman,45.5393,-111.1085,17,8,9153,NMHC/Local Planning,2025,https://www.nmhc.org
59723,Bozeman,45.6453,-111.0969,21,8,7910,NMHC/Local Planning,2025,https://www.nmhc.org
59724,Bozeman,45.5952,-111.2139,16,8,9255,NMHC/Local Planning,2025,https://www.nmhc.org
50301,Des Moines,41.5086,-93.7149,17,4,9786,NMHC/Local Planning,2025,https://www.nmhc.org
50302,Des Moines,41.5788,-93.6806,16,4,9674,NMHC/Local Planning,2025,https://www.nmhc.org
50303,Des Moines,41.6731,-93.4509,15,4,8638,NMHC/Local Planning,2025,https://www.nmhc.org
50304,Des Moines,41.4961,-93.6251,19,4,9874,NMHC/Local Planning,2025,https://www.nmhc.org
50305,Des Moines,41.67,-93.6116,14,4,7178,NMHC/Local Planning,2025,https://www.nmhc.org
50306,Des Moines,41.5114,-93.5099,16,4,8694,NMHC/Local Planning,2025,https://www.nmhc.org
50307,Des Moines,41.7073,-93.527,15,4,9220,NMHC/Local Planning,2025,https://www.nmhc.org
50308,Des Moines,41.6494,-93.6248,18,4,8011,NMHC/Local Planning,2025,https://www.nmhc.org
50309,Des Moines,41.6649,-93.6598,19,4,9011,NMHC/Local Planning,2025,https://www.nmhc.org
50310,Des Moines,41.4964,-93.5153,16,4,7869,NMHC/Local Planning,2025,https://www.nmhc.org
50311,Des Moines,41.6239,-93.6891,14,4,7050,NMHC/Local Planning,2025,https://www.nmhc.org
50312,Des Moines,41.5786,-93.5743,18,4,7429,NMHC/Local Planning,2025,https://www.nmhc.org
50313,Des Moines,41.6442,-93.4532,16,4,8110,NMHC/Local Planning,2025,https://www.nmhc.org
50314,Des Moines,41.5605,-93.5765,21,4,8121,NMHC/Local Planning,2025,https://www.nmhc.org
50315,Des Moines,41.6548,-93.4897,20,4,8901,NMHC/Local Planning,2025,https://www.nmhc.org
52401,Cedar Rapids,41.8816,-91.536,16,4,9561,NMHC/Local Planning,2025,https://www.nmhc.org
52402,Cedar Rapids,41.9925,-91.6004,19,4,7981,NMHC/Local Planning,2025,https://www.nmhc.org
52403,Cedar Rapids,41.962,-91.7474,19,4,7537,NMHC/Local Planning,2025,https://www.nmhc.org
52404,Cedar Rapids,41.9366,-91.5163,18,4,9996,NMHC/Local Planning,2025,https://www.nmhc.org
52405,Cedar Rapids,42.1062,-91.7485,18,4,7908,NMHC/Local Planning,2025,https://www.nmhc.org
52406,Cedar Rapids,42.0435,-91.6675,18,4,8147,NMHC/Local Planning,2025,https://www.nmhc.org
52407,Cedar Rapids,42.1199,-91.6108,20,4,8124,NMHC/Local Planning,2025,https://www.nmhc.org
52408,Cedar Rapids,41.9025,-91.6681,19,4,9117,NMHC/Local Planning,2025,https://www.nmhc.org
52409,Cedar Rapids,42.079,-91.5166,17,4,9705,NMHC/Local Planning,2025,https://www.nmhc.org
52410,Cedar Rapids,42.0351,-91.543,20,4,9947,NMHC/Local Planning,2025,https://www.nmhc.org
66101,Kansas City KS,39.1364,-94.499,17,6,8564,NMHC/Local Planning,2025,https://www.nmhc.org
66102,Kansas City KS,39.0606,-94.6368,20,6,7223,NMHC/Local Planning,2025,https://www.nmhc.org
66103,Kansas City KS,39.034,-94.5227,20,6,8950,NMHC/Local Planning,2025,https://www.nmhc.org
66104,Kansas City KS,39.2453,-94.4841,16,6,8513,NMHC/Local Planning,2025,https://www.nmhc.org
66105,Kansas City KS,39.2634,-94.5186,16,6,7225,NMHC/Local Planning,2025,https://www.nmhc.org
66106,Kansas City KS,39.0409,-94.6519,20,6,8585,NMHC/Local Planning,2025,https://www.nmhc.org
66107,Kansas City KS,39.0177,-94.4766,19,6,9714,NMHC/Local Planning,2025,https://www.nmhc.org
66108,Kansas City KS,38.9962,-94.578,17,6,8731,NMHC/Local Planning,2025,https://www.nmhc.org
66109,Kansas City KS,39.2597,-94.7773,16,6,9623,NMHC/Local Planning,2025,https://www.nmhc.org
66110,Kansas City KS,39.1839,-94.5731,19,6,8330,NMHC/Local Planning,2025,https://www.nmhc.org
68501,Lincoln NE,40.9359,-96.579,15,6,10001,NMHC/Local Planning,2025,https://www.nmhc.org
68502,Lincoln NE,40.8606,-96.69,16,6,9725,NMHC/Local Planning,2025,https://www.nmhc.org
68503,Lincoln NE,40.7792,-96.5399,15,6,8254,NMHC/Local Planning,2025,https://www.nmhc.org
68504,Lincoln NE,40.7621,-96.8301,18,6,8011,NMHC/Local Planning,2025,https://www.nmhc.org
68505,Lincoln NE,40.8326,-96.5664,17,6,7730,NMHC/Local Planning,2025,https://www.nmhc.org
68506,Lincoln NE,40.755,-96.5533,20,6,9732,NMHC/Local Planning,2025,https://www.nmhc.org
68507,Lincoln NE,40.7392,-96.8584,18,6,9210,NMHC/Local Planning,2025,https://www.nmhc.org
68508,Lincoln NE,40.8472,-96.8042,19,6,8132,NMHC/Local Planning,2025,https://www.nmhc.org
68509,Lincoln NE,40.7477,-96.6747,18,6,8320,NMHC/Local Planning,2025,https://www.nmhc.org
68510,Lincoln NE,40.7885,-96.6955,18,6,9020,NMHC/Local Planning,2025,https://www.nmhc.org
53701,Madison WI,43.1115,-89.2574,16,4,9529,NMHC/Local Planning,2025,https://www.nmhc.org
53702,Madison WI,43.1459,-89.308,20,4,9882,NMHC/Local Planning,2025,https://www.nmhc.org
53703,Madison WI,42.968,-89.447,14,4,8329,NMHC/Local Planning,2025,https://www.nmhc.org
53704,Madison WI,43.0892,-89.5189,19,4,9361,NMHC/Local Planning,2025,https://www.nmhc.org
53705,Madison WI,42.9577,-89.5271,16,4,7649,NMHC/Local Planning,2025,https://www.nmhc.org
53706,Madison WI,43.0212,-89.5086,20,4,8179,NMHC/Local Planning,2025,https://www.nmhc.org
53707,Madison WI,43.1038,-89.3219,19,4,9036,NMHC/Local Planning,2025,https://www.nmhc.org
53708,Madison WI,42.9813,-89.4513,20,4,9559,NMHC/Local Planning,2025,https://www.nmhc.org
53709,Madison WI,43.1809,-89.5727,17,4,8435,NMHC/Local Planning,2025,https://www.nmhc.org
53710,Madison WI,43.0885,-89.2825,18,4,7540,NMHC/Local Planning,2025,https://www.nmhc.org
53711,Madison WI,43.1248,-89.4847,18,4,7060,NMHC/Local Planning,2025,https://www.nmhc.org
53712,Madison WI,43.142,-89.2285,15,4,7354,NMHC/Local Planning,2025,https://www.nmhc.org
53713,Madison WI,43.1649,-89.4684,15,4,9073,NMHC/Local Planning,2025,https://www.nmhc.org
53714,Madison WI,42.9325,-89.2533,20,4,9356,NMHC/Local Planning,2025,https://www.nmhc.org
53715,Madison WI,43.0923,-89.5347,20,4,9194,NMHC/Local Planning,2025,https://www.nmhc.org
54301,Green Bay,44.5754,-88.1087,21,4,8385,NMHC/Local Planning,2025,https://www.nmhc.org
54302,Green Bay,44.6095,-88.0614,18,4,7016,NMHC/Local Planning,2025,https://www.nmhc.org
54303,Green Bay,44.4123,-88.1275,19,4,9574,NMHC/Local Planning,2025,https://www.nmhc.org
54304,Green Bay,44.5143,-87.8681,17,4,8140,NMHC/Local Planning,2025,https://www.nmhc.org
54305,Green Bay,44.6082,-88.1399,15,4,7784,NMHC/Local Planning,2025,https://www.nmhc.org
54306,Green Bay,44.5735,-87.9856,20,4,8938,NMHC/Local Planning,2025,https://www.nmhc.org
54307,Green Bay,44.4297,-87.9844,14,4,7673,NMHC/Local Planning,2025,https://www.nmhc.org
54308,Green Bay,44.4101,-87.9208,15,4,9106,NMHC/Local Planning,2025,https://www.nmhc.org
54309,Green Bay,44.5047,-87.9614,19,4,9579,NMHC/Local Planning,2025,https://www.nmhc.org
54310,Green Bay,44.5906,-88.0885,19,4,8980,NMHC/Local Planning,2025,https://www.nmhc.org
47201,Columbus IN,39.3389,-86.052,16,6,9795,NMHC/Local Planning,2025,https://www.nmhc.org
47202,Columbus IN,39.2979,-85.8772,18,6,9876,NMHC/Local Planning,2025,https://www.nmhc.org
47203,Columbus IN,39.0799,-85.9561,17,6,9051,NMHC/Local Planning,2025,https://www.nmhc.org
47204,Columbus IN,39.1234,-85.804,20,6,7638,NMHC/Local Planning,2025,https://www.nmhc.org
47205,Columbus IN,39.1461,-85.8341,15,6,8608,NMHC/Local Planning,2025,https://www.nmhc.org
47206,Columbus IN,39.2813,-86.0424,17,6,7909,NMHC/Local Planning,2025,https://www.nmhc.org
47207,Columbus IN,39.0835,-85.8065,15,6,7208,NMHC/Local Planning,2025,https://www.nmhc.org
47208,Columbus IN,39.2302,-85.9562,15,6,8209,NMHC/Local Planning,2025,https://www.nmhc.org
47209,Columbus IN,39.0581,-85.903,20,6,7589,NMHC/Local Planning,2025,https://www.nmhc.org
47210,Columbus IN,39.1773,-85.7527,19,6,8018,NMHC/Local Planning,2025,https://www.nmhc.org
46801,Fort Wayne,41.1968,-84.96,19,4,8382,NMHC/Local Planning,2025,https://www.nmhc.org
46802,Fort Wayne,41.2061,-85.2366,21,4,7953,NMHC/Local Planning,2025,https://www.nmhc.org
46803,Fort Wayne,41.1311,-85.0959,18,4,7731,NMHC/Local Planning,2025,https://www.nmhc.org
46804,Fort Wayne,41.2302,-85.0068,16,4,7559,NMHC/Local Planning,2025,https://www.nmhc.org
46805,Fort Wayne,41.0117,-85.2626,19,4,8464,NMHC/Local Planning,2025,https://www.nmhc.org
46806,Fort Wayne,41.1451,-85.2343,18,4,8291,NMHC/Local Planning,2025,https://www.nmhc.org
46807,Fort Wayne,41.2443,-84.9516,17,4,7298,NMHC/Local Planning,2025,https://www.nmhc.org
46808,Fort Wayne,41.0224,-84.9804,15,4,9264,NMHC/Local Planning,2025,https://www.nmhc.org
46809,Fort Wayne,41.0561,-85.2798,15,4,8774,NMHC/Local Planning,2025,https://www.nmhc.org
46810,Fort Wayne,41.0588,-85.0202,15,4,8613,NMHC/Local Planning,2025,https://www.nmhc.org
47901,Lafayette IN,40.4308,-86.6989,16,6,8489,NMHC/Local Planning,2025,https://www.nmhc.org
47902,Lafayette IN,40.4802,-86.7547,16,6,7986,NMHC/Local Planning,2025,https://www.nmhc.org
47903,Lafayette IN,40.4898,-86.9805,21,6,9518,NMHC/Local Planning,2025,https://www.nmhc.org
47904,Lafayette IN,40.5311,-86.9986,15,6,9565,NMHC/Local Planning,2025,https://www.nmhc.org
47905,Lafayette IN,40.3313,-86.8578,16,6,7752,NMHC/Local Planning,2025,https://www.nmhc.org
47906,Lafayette IN,40.3853,-86.7086,19,6,9233,NMHC/Local Planning,2025,https://www.nmhc.org
47907,Lafayette IN,40.2707,-86.8772,16,6,7755,NMHC/Local Planning,2025,https://www.nmhc.org
47908,Lafayette IN,40.5256,-86.8862,19,6,8072,NMHC/Local Planning,2025,https://www.nmhc.org
47909,Lafayette IN,40.5527,-86.8872,16,6,8411,NMHC/Local Planning,2025,https://www.nmhc.org
47910,Lafayette IN,40.3805,-87.0086,19,6,7130,NMHC/Local Planning,2025,https://www.nmhc.org
47501,Vincennes,38.7083,-87.5371,16,6,8419,NMHC/Local Planning,2025,https://www.nmhc.org
47502,Vincennes,38.6583,-87.4345,17,6,9588,NMHC/Local Planning,2025,https://www.nmhc.org
47503,Vincennes,38.7918,-87.3584,20,6,9823,NMHC/Local Planning,2025,https://www.nmhc.org
47504,Vincennes,38.6575,-87.4223,20,6,8554,NMHC/Local Planning,2025,https://www.nmhc.org
47505,Vincennes,38.619,-87.5316,16,6,9101,NMHC/Local Planning,2025,https://www.nmhc.org
47506,Vincennes,38.5733,-87.5124,16,6,7820,NMHC/Local Planning,2025,https://www.nmhc.org
47507,Vincennes,38.765,-87.6093,16,6,8848,NMHC/Local Planning,2025,https://www.nmhc.org
47508,Vincennes,38.8205,-87.6649,17,6,7958,NMHC/Local Planning,2025,https://www.nmhc.org
47509,Vincennes,38.6576,-87.4466,18,6,8991,NMHC/Local Planning,2025,https://www.nmhc.org
47510,Vincennes,38.7536,-87.3799,18,6,9920,NMHC/Local Planning,2025,https://www.nmhc.org
40601,Lexington,38.006,-84.5784,19,4,8358,NMHC/Local Planning,2025,https://www.nmhc.org
40602,Lexington,38.1332,-84.486,19,4,7170,NMHC/Local Planning,2025,https://www.nmhc.org
40603,Lexington,38.1364,-84.4982,16,4,7723,NMHC/Local Planning,2025,https://www.nmhc.org
40604,Lexington,38.1782,-84.324,15,4,8057,NMHC/Local Planning,2025,https://www.nmhc.org
40605,Lexington,38.0809,-84.3398,17,4,8653,NMHC/Local Planning,2025,https://www.nmhc.org
40606,Lexington,38.1198,-84.6788,18,4,7601,NMHC/Local Planning,2025,https://www.nmhc.org
40607,Lexington,38.0777,-84.5881,15,4,7428,NMHC/Local Planning,2025,https://www.nmhc.org
40608,Lexington,37.9708,-84.4147,18,4,9619,NMHC/Local Planning,2025,https://www.nmhc.org
40609,Lexington,38.0465,-84.4889,16,4,8588,NMHC/Local Planning,2025,https://www.nmhc.org
40610,Lexington,38.1586,-84.603,20,4,7379,NMHC/Local Planning,2025,https://www.nmhc.org
40611,Lexington,37.9947,-84.6519,15,4,7778,NMHC/Local Planning,2025,https://www.nmhc.org
40612,Lexington,38.0432,-84.5447,18,4,7755,NMHC/Local Planning,2025,https://www.nmhc.org
40613,Lexington,38.1431,-84.5392,21,4,7262,NMHC/Local Planning,2025,https://www.nmhc.org
40614,Lexington,37.8913,-84.4176,17,4,8014,NMHC/Local Planning,2025,https://www.nmhc.org
40615,Lexington,38.0832,-84.3843,20,4,8235,NMHC/Local Planning,2025,https://www.nmhc.org
37660,Kingsport,36.6554,-82.4133,20,4,9705,NMHC/Local Planning,2025,https://www.nmhc.org
37661,Kingsport,36.596,-82.5538,19,4,8820,NMHC/Local Planning,2025,https://www.nmhc.org
37662,Kingsport,36.6214,-82.41,20,4,8991,NMHC/Local Planning,2025,https://www.nmhc.org
37663,Kingsport,36.6844,-82.7363,18,4,9792,NMHC/Local Planning,2025,https://www.nmhc.org
37664,Kingsport,36.4909,-82.6425,19,4,9949,NMHC/Local Planning,2025,https://www.nmhc.org
37665,Kingsport,36.4456,-82.5524,17,4,9800,NMHC/Local Planning,2025,https://www.nmhc.org
37666,Kingsport,36.6568,-82.7302,17,4,7989,NMHC/Local Planning,2025,https://www.nmhc.org
37667,Kingsport,36.4232,-82.5806,19,4,8668,NMHC/Local Planning,2025,https://www.nmhc.org
37668,Kingsport,36.5526,-82.4312,17,4,7159,NMHC/Local Planning,2025,https://www.nmhc.org
37669,Kingsport,36.4969,-82.6474,19,4,7444,NMHC/Local Planning,2025,https://www.nmhc.org
37601,Johnson City,36.4091,-82.458,16,4,8918,NMHC/Local Planning,2025,https://www.nmhc.org
37602,Johnson City,36.1858,-82.4348,14,4,9761,NMHC/Local Planning,2025,https://www.nmhc.org
37603,Johnson City,36.3112,-82.1967,17,4,9022,NMHC/Local Planning,2025,https://www.nmhc.org
37604,Johnson City,36.42,-82.4946,19,4,6986,NMHC/Local Planning,2025,https://www.nmhc.org
37605,Johnson City,36.3076,-82.3129,15,4,8589,NMHC/Local Planning,2025,https://www.nmhc.org
37606,Johnson City,36.3907,-82.3269,17,4,8573,NMHC/Local Planning,2025,https://www.nmhc.org
37607,Johnson City,36.2673,-82.254,16,4,8713,NMHC/Local Planning,2025,https://www.nmhc.org
37608,Johnson City,36.3732,-82.3433,14,4,8296,NMHC/Local Planning,2025,https://www.nmhc.org
37609,Johnson City,36.1947,-82.2876,17,4,8545,NMHC/Local Planning,2025,https://www.nmhc.org
37610,Johnson City,36.361,-82.2936,18,4,8227,NMHC/Local Planning,2025,https://www.nmhc.org
37201,Nashville,36.0208,-86.6646,20,6,7871,NMHC/Local Planning,2025,https://www.nmhc.org
37202,Nashville,36.0437,-86.8936,17,6,8442,NMHC/Local Planning,2025,https://www.nmhc.org
37203,Nashville,36.2552,-86.9376,16,6,7101,NMHC/Local Planning,2025,https://www.nmhc.org
37204,Nashville,36.061,-86.7206,16,6,8616,NMHC/Local Planning,2025,https://www.nmhc.org
37205,Nashville,36.273,-86.7606,19,6,8592,NMHC/Local Planning,2025,https://www.nmhc.org
37206,Nashville,36.0539,-86.9444,19,6,7546,NMHC/Local Planning,2025,https://www.nmhc.org
37207,Nashville,36.1991,-86.8882,17,6,9988,NMHC/Local Planning,2025,https://www.nmhc.org
37208,Nashville,36.1133,-86.8843,14,6,8569,NMHC/Local Planning,2025,https://www.nmhc.org
37209,Nashville,36.0776,-86.7782,21,6,7478,NMHC/Local Planning,2025,https://www.nmhc.org
37210,Nashville,36.0648,-86.7019,19,6,9902,NMHC/Local Planning,2025,https://www.nmhc.org
42101,Bowling Green,36.9433,-86.4594,17,6,8306,NMHC/Local Planning,2025,https://www.nmhc.org
42102,Bowling Green,37.091,-86.3387,16,6,7350,NMHC/Local Planning,2025,https://www.nmhc.org
42103,Bowling Green,36.8589,-86.5973,20,6,7716,NMHC/Local Planning,2025,https://www.nmhc.org
42104,Bowling Green,36.8858,-86.4204,16,6,8623,NMHC/Local Planning,2025,https://www.nmhc.org
42105,Bowling Green,36.9149,-86.3951,20,6,9681,NMHC/Local Planning,2025,https://www.nmhc.org
42106,Bowling Green,36.9807,-86.5756,18,6,7362,NMHC/Local Planning,2025,https://www.nmhc.org
42107,Bowling Green,36.8426,-86.5608,16,6,7168,NMHC/Local Planning,2025,https://www.nmhc.org
42108,Bowling Green,36.8899,-86.6549,19,6,7928,NMHC/Local Planning,2025,https://www.nmhc.org
42109,Bowling Green,36.8522,-86.3383,21,6,9171,NMHC/Local Planning,2025,https://www.nmhc.org
42110,Bowling Green,36.885,-86.4697,16,6,9278,NMHC/Local Planning,2025,https://www.nmhc.org
25301,Charleston WV,38.4928,-81.7149,16,6,9471,NMHC/Local Planning,2025,https://www.nmhc.org
25302,Charleston WV,38.4804,-81.6704,17,6,9272,NMHC/Local Planning,2025,https://www.nmhc.org
25303,Charleston WV,38.3293,-81.619,16,6,8228,NMHC/Local Planning,2025,https://www.nmhc.org
25304,Charleston WV,38.4376,-81.4872,16,6,9374,NMHC/Local Planning,2025,https://www.nmhc.org
25305,Charleston WV,38.3208,-81.5498,20,6,8118,NMHC/Local Planning,2025,https://www.nmhc.org
25306,Charleston WV,38.2937,-81.5395,18,6,9555,NMHC/Local Planning,2025,https://www.nmhc.org
25307,Charleston WV,38.4838,-81.5533,20,6,9182,NMHC/Local Planning,2025,https://www.nmhc.org
25308,Charleston WV,38.4646,-81.6056,15,6,8690,NMHC/Local Planning,2025,https://www.nmhc.org
25309,Charleston WV,38.4046,-81.4693,19,6,9538,NMHC/Local Planning,2025,https://www.nmhc.org
25310,Charleston WV,38.4688,-81.4851,20,6,8795,NMHC/Local Planning,2025,https://www.nmhc.org
26101,Parkersburg,39.3149,-81.4232,20,6,7529,NMHC/Local Planning,2025,https://www.nmhc.org
26102,Parkersburg,39.3786,-81.3911,16,6,10016,NMHC/Local Planning,2025,https://www.nmhc.org
26103,Parkersburg,39.2679,-81.5006,17,6,8381,NMHC/Local Planning,2025,https://www.nmhc.org
26104,Parkersburg,39.3074,-81.4347,19,6,8333,NMHC/Local Planning,2025,https://www.nmhc.org
26105,Parkersburg,39.2244,-81.4021,19,6,9458,NMHC/Local Planning,2025,https://www.nmhc.org
26106,Parkersburg,39.2993,-81.5073,17,6,7422,NMHC/Local Planning,2025,https://www.nmhc.org
26107,Parkersburg,39.3285,-81.5729,18,6,8814,NMHC/Local Planning,2025,https://www.nmhc.org
26108,Parkersburg,39.3579,-81.4881,18,6,9936,NMHC/Local Planning,2025,https://www.nmhc.org
26109,Parkersburg,39.4096,-81.5983,15,6,7287,NMHC/Local Planning,2025,https://www.nmhc.org
26110,Parkersburg,39.234,-81.4862,17,6,7964,NMHC/Local Planning,2025,https://www.nmhc.org
24501,Lynchburg,37.2848,-79.1518,16,6,8874,NMHC/Local Planning,2025,https://www.nmhc.org
24502,Lynchburg,37.3604,-79.2192,18,6,9228,NMHC/Local Planning,2025,https://www.nmhc.org
24503,Lynchburg,37.4103,-79.127,17,6,7103,NMHC/Local Planning,2025,https://www.nmhc.org
24504,Lynchburg,37.5413,-79.0926,17,6,9266,NMHC/Local Planning,2025,https://www.nmhc.org
24505,Lynchburg,37.4301,-79.2763,16,6,7077,NMHC/Local Planning,2025,https://www.nmhc.org
24506,Lynchburg,37.3068,-79.1192,18,6,9872,NMHC/Local Planning,2025,https://www.nmhc.org
24507,Lynchburg,37.4278,-78.9677,20,6,7155,NMHC/Local Planning,2025,https://www.nmhc.org
24508,Lynchburg,37.5609,-79.2215,16,6,6972,NMHC/Local Planning,2025,https://www.nmhc.org
24509,Lynchburg,37.2748,-79.1749,18,6,7844,NMHC/Local Planning,2025,https://www.nmhc.org
24510,Lynchburg,37.4547,-79.1406,17,6,9520,NMHC/Local Planning,2025,https://www.nmhc.org
22901,Charlottesville,37.8927,-78.5234,15,6,8761,NMHC/Local Planning,2025,https://www.nmhc.org
22902,Charlottesville,38.0076,-78.5321,14,6,8708,NMHC/Local Planning,2025,https://www.nmhc.org
22903,Charlottesville,38.0744,-78.5173,18,6,8297,NMHC/Local Planning,2025,https://www.nmhc.org
22904,Charlottesville,37.8947,-78.3537,17,6,7416,NMHC/Local Planning,2025,https://www.nmhc.org
22905,Charlottesville,38.0246,-78.5513,20,6,7366,NMHC/Local Planning,2025,https://www.nmhc.org
22906,Charlottesville,38.1246,-78.4651,19,6,9039,NMHC/Local Planning,2025,https://www.nmhc.org
22907,Charlottesville,38.1051,-78.6006,14,6,8093,NMHC/Local Planning,2025,https://www.nmhc.org
22908,Charlottesville,38.0808,-78.6067,17,6,8686,NMHC/Local Planning,2025,https://www.nmhc.org
22909,Charlottesville,37.9528,-78.3938,20,6,9931,NMHC/Local Planning,2025,https://www.nmhc.org
22910,Charlottesville,38.0364,-78.4357,19,6,7993,NMHC/Local Planning,2025,https://www.nmhc.org
23451,Virginia Beach,36.9739,-75.9662,16,4,7211,NMHC/Local Planning,2025,https://www.nmhc.org
23452,Virginia Beach,36.7449,-76.1031,15,4,7782,NMHC/Local Planning,2025,https://www.nmhc.org
23453,Virginia Beach,36.79,-76.0295,16,4,9253,NMHC/Local Planning,2025,https://www.nmhc.org
23454,Virginia Beach,36.8282,-75.8688,16,4,7145,NMHC/Local Planning,2025,https://www.nmhc.org
23455,Virginia Beach,36.936,-76.1366,16,4,7135,NMHC/Local Planning,2025,https://www.nmhc.org
23456,Virginia Beach,36.8455,-76.0243,14,4,6973,NMHC/Local Planning,2025,https://www.nmhc.org
23457,Virginia Beach,36.7627,-75.8397,16,4,9319,NMHC/Local Planning,2025,https://www.nmhc.org
23458,Virginia Beach,36.8858,-76.0096,15,4,7035,NMHC/Local Planning,2025,https://www.nmhc.org
23459,Virginia Beach,36.8071,-76.0947,17,4,8937,NMHC/Local Planning,2025,https://www.nmhc.org
23460,Virginia Beach,36.7453,-75.8398,17,4,9884,NMHC/Local Planning,2025,https://www.nmhc.org
23601,Newport News,37.1125,-76.5177,17,4,9317,NMHC/Local Planning,2025,https://www.nmhc.org
23602,Newport News,36.9948,-76.4527,21,4,9206,NMHC/Local Planning,2025,https://www.nmhc.org
23603,Newport News,36.9823,-76.5844,14,4,7287,NMHC/Local Planning,2025,https://www.nmhc.org
23604,Newport News,36.9445,-76.6169,14,4,7742,NMHC/Local Planning,2025,https://www.nmhc.org
23605,Newport News,37.0609,-76.635,20,4,8874,NMHC/Local Planning,2025,https://www.nmhc.org
23606,Newport News,36.9444,-76.3611,17,4,8592,NMHC/Local Planning,2025,https://www.nmhc.org
23607,Newport News,37.1419,-76.6161,17,4,8184,NMHC/Local Planning,2025,https://www.nmhc.org
23608,Newport News,37.2114,-76.4137,18,4,8506,NMHC/Local Planning,2025,https://www.nmhc.org
23609,Newport News,37.0603,-76.582,18,4,9003,NMHC/Local Planning,2025,https://www.nmhc.org
23610,Newport News,37.015,-76.5189,18,4,8609,NMHC/Local Planning,2025,https://www.nmhc.org
23301,Richmond VA,37.4927,-77.601,17,6,8614,NMHC/Local Planning,2025,https://www.nmhc.org
23302,Richmond VA,37.6892,-77.5453,18,6,9897,NMHC/Local Planning,2025,https://www.nmhc.org
23303,Richmond VA,37.6332,-77.5566,18,6,9044,NMHC/Local Planning,2025,https://www.nmhc.org
23304,Richmond VA,37.5591,-77.2818,18,6,8913,NMHC/Local Planning,2025,https://www.nmhc.org
23305,Richmond VA,37.667,-77.563,18,6,9322,NMHC/Local Planning,2025,https://www.nmhc.org
23306,Richmond VA,37.4218,-77.4612,18,6,7041,NMHC/Local Planning,2025,https://www.nmhc.org
23307,Richmond VA,37.4294,-77.3005,17,6,8619,NMHC/Local Planning,2025,https://www.nmhc.org
23308,Richmond VA,37.4311,-77.35,20,6,9068,NMHC/Local Planning,2025,https://www.nmhc.org
23309,Richmond VA,37.3942,-77.5942,16,6,7518,NMHC/Local Planning,2025,https://www.nmhc.org
23310,Richmond VA,37.5728,-77.2893,19,6,7054,NMHC/Local Planning,2025,https://www.nmhc.org
